site_no,timestamp,value,parameter,site_name
11152500,2023-03-08 00:00,3150.0,discharge_cfs,Salinas River near Spreckels
11152500,2023-03-08 00:15,3150.0,discharge_cfs,Salinas River near Spreckels
11152500,2023-03-08 00:30,3160.0,discharge_cfs,Salinas River near Spreckels
11152500,2023-03-08 00:45,3160.0,discharge_cfs,Salinas River near Spreckels
11152500,2023-03-08 01:00,3160.0,discharge_cfs,Salinas River near Spreckels
11152500,2023-03-08 01:15,3170.0,discharge_cfs,Salinas River near Spreckels
11152500,2023-03-08 01:30,3170.0,discharge_cfs,Salinas River near Spreckels
11152500,2023-03-08 01:45,3170.0,discharge_cfs,Salinas River near Spreckels
11152500,2023-03-08 02:00,3170.0,discharge_cfs,Salinas River near Spreckels
11152500,2023-03-08 02:15,3170.0,discharge_cfs,Salinas River near Spreckels
11152500,2023-03-08 02:30,3180.0,discharge_cfs,Salinas River near Spreckels
11152500,2023-03-08 02:45,3180.0,discharge_cfs,Salinas River near Spreckels
11152500,2023-03-08 03:00,3190.0,discharge_cfs,Salinas River near Spreckels
11152500,2023-03-08 03:15,3190.0,discharge_cfs,Salinas River near Spreckels
11152500,2023-03-08 03:30,3180.0,discharge_cfs,Salinas River near Spreckels
11152500,2023-03-08 03:45,3190.0,discharge_cfs,Salinas River near Spreckels
11152500,2023-03-08 04:00,3190.0,discharge_cfs,Salinas River near Spreckels
11152500,2023-03-08 04:15,3190.0,discharge_cfs,Salinas River near Spreckels
11152500,2023-03-08 04:30,3180.0,discharge_cfs,Salinas River near Spreckels
11152500,2023-03-08 04:45,3180.0,discharge_cfs,Salinas River near Spreckels
11152500,2023-03-08 05:00,3190.0,discharge_cfs,Salinas River near Spreckels
11152500,2023-03-08 05:15,3190.0,discharge_cfs,Salinas River near Spreckels
11152500,2023-03-08 05:30,3190.0,discharge_cfs,Salinas River near Spreckels
11152500,2023-03-08 05:45,3180.0,discharge_cfs,Salinas River near Spreckels
11152500,2023-03-08 06:00,3180.0,discharge_cfs,Salinas River near Spreckels
11152500,2023-03-08 06:15,3180.0,discharge_cfs,Salinas River near Spreckels
11152500,2023-03-08 06:30,3180.0,discharge_cfs,Salinas River near Spreckels
11152500,2023-03-08 06:45,3170.0,discharge_cfs,Salinas River near Spreckels
11152500,2023-03-08 07:00,3160.0,discharge_cfs,Salinas River near Spreckels
11152500,2023-03-08 07:15,3160.0,discharge_cfs,Salinas River near Spreckels
11152500,2023-03-08 07:30,3150.0,discharge_cfs,Salinas River near Spreckels
11152500,2023-03-08 07:45,3140.0,discharge_cfs,Salinas River near Spreckels
11152500,2023-03-08 08:00,3130.0,discharge_cfs,Salinas River near Spreckels
11152500,2023-03-08 08:15,3120.0,discharge_cfs,Salinas River near Spreckels
11152500,2023-03-08 08:30,3120.0,discharge_cfs,Salinas River near Spreckels
11152500,2023-03-08 08:45,3110.0,discharge_cfs,Salinas River near Spreckels
11152500,2023-03-08 09:00,3100.0,discharge_cfs,Salinas River near Spreckels
11152500,2023-03-08 09:15,3100.0,discharge_cfs,Salinas River near Spreckels
11152500,2023-03-08 09:30,3080.0,discharge_cfs,Salinas River near Spreckels
11152500,2023-03-08 09:45,3070.0,discharge_cfs,Salinas River near Spreckels
11152500,2023-03-08 10:00,3050.0,discharge_cfs,Salinas River near Spreckels
11152500,2023-03-08 10:15,3040.0,discharge_cfs,Salinas River near Spreckels
11152500,2023-03-08 10:30,3030.0,discharge_cfs,Salinas River near Spreckels
11152500,2023-03-08 10:45,3010.0,discharge_cfs,Salinas River near Spreckels
11152500,2023-03-08 11:00,3000.0,discharge_cfs,Salinas River near Spreckels
11152500,2023-03-08 11:15,2980.0,discharge_cfs,Salinas River near Spreckels
11152500,2023-03-08 11:30,2960.0,discharge_cfs,Salinas River near Spreckels
11152500,2023-03-08 11:45,2950.0,discharge_cfs,Salinas River near Spreckels
11152500,2023-03-08 12:00,2940.0,discharge_cfs,Salinas River near Spreckels
11152500,2023-03-08 12:15,2920.0,discharge_cfs,Salinas River near Spreckels
11152500,2023-03-08 12:30,2900.0,discharge_cfs,Salinas River near Spreckels
11152500,2023-03-08 12:45,2880.0,discharge_cfs,Salinas River near Spreckels
11152500,2023-03-08 13:00,2860.0,discharge_cfs,Salinas River near Spreckels
11152500,2023-03-08 13:15,2850.0,discharge_cfs,Salinas River near Spreckels
11152500,2023-03-08 13:30,2830.0,discharge_cfs,Salinas River near Spreckels
11152500,2023-03-08 13:45,2810.0,discharge_cfs,Salinas River near Spreckels
11152500,2023-03-08 14:00,2800.0,discharge_cfs,Salinas River near Spreckels
11152500,2023-03-08 14:15,2780.0,discharge_cfs,Salinas River near Spreckels
11152500,2023-03-08 14:30,2750.0,discharge_cfs,Salinas River near Spreckels
11152500,2023-03-08 14:45,2740.0,discharge_cfs,Salinas River near Spreckels
11152500,2023-03-08 15:00,2720.0,discharge_cfs,Salinas River near Spreckels
11152500,2023-03-08 15:15,2690.0,discharge_cfs,Salinas River near Spreckels
11152500,2023-03-08 15:30,2670.0,discharge_cfs,Salinas River near Spreckels
11152500,2023-03-08 15:45,2660.0,discharge_cfs,Salinas River near Spreckels
11152500,2023-03-08 16:00,2640.0,discharge_cfs,Salinas River near Spreckels
11152500,2023-03-08 16:15,2620.0,discharge_cfs,Salinas River near Spreckels
11152500,2023-03-08 16:30,2600.0,discharge_cfs,Salinas River near Spreckels
11152500,2023-03-08 16:45,2580.0,discharge_cfs,Salinas River near Spreckels
11152500,2023-03-08 17:00,2560.0,discharge_cfs,Salinas River near Spreckels
11152500,2023-03-08 17:15,2550.0,discharge_cfs,Salinas River near Spreckels
11152500,2023-03-08 17:30,2530.0,discharge_cfs,Salinas River near Spreckels
11152500,2023-03-08 17:45,2510.0,discharge_cfs,Salinas River near Spreckels
11152500,2023-03-08 18:00,2490.0,discharge_cfs,Salinas River near Spreckels
11152500,2023-03-08 18:15,2470.0,discharge_cfs,Salinas River near Spreckels
11152500,2023-03-08 18:30,2450.0,discharge_cfs,Salinas River near Spreckels
11152500,2023-03-08 18:45,2440.0,discharge_cfs,Salinas River near Spreckels
11152500,2023-03-08 19:00,2420.0,discharge_cfs,Salinas River near Spreckels
11152500,2023-03-08 19:15,2410.0,discharge_cfs,Salinas River near Spreckels
11152500,2023-03-08 19:30,2390.0,discharge_cfs,Salinas River near Spreckels
11152500,2023-03-08 19:45,2370.0,discharge_cfs,Salinas River near Spreckels
11152500,2023-03-08 20:00,2350.0,discharge_cfs,Salinas River near Spreckels
11152500,2023-03-08 20:15,2340.0,discharge_cfs,Salinas River near Spreckels
11152500,2023-03-08 20:30,2330.0,discharge_cfs,Salinas River near Spreckels
11152500,2023-03-08 20:45,2310.0,discharge_cfs,Salinas River near Spreckels
11152500,2023-03-08 21:00,2290.0,discharge_cfs,Salinas River near Spreckels
11152500,2023-03-08 21:15,2280.0,discharge_cfs,Salinas River near Spreckels
11152500,2023-03-08 21:30,2260.0,discharge_cfs,Salinas River near Spreckels
11152500,2023-03-08 21:45,2250.0,discharge_cfs,Salinas River near Spreckels
11152500,2023-03-08 22:00,2240.0,discharge_cfs,Salinas River near Spreckels
11152500,2023-03-08 22:15,2220.0,discharge_cfs,Salinas River near Spreckels
11152500,2023-03-08 22:30,2210.0,discharge_cfs,Salinas River near Spreckels
11152500,2023-03-08 22:45,2200.0,discharge_cfs,Salinas River near Spreckels
11152500,2023-03-08 23:00,2190.0,discharge_cfs,Salinas River near Spreckels
11152500,2023-03-08 23:15,2180.0,discharge_cfs,Salinas River near Spreckels
11152500,2023-03-08 23:30,2160.0,discharge_cfs,Salinas River near Spreckels
11152500,2023-03-08 23:45,2150.0,discharge_cfs,Salinas River near Spreckels
11152500,2023-03-09 00:00,2140.0,discharge_cfs,Salinas River near Spreckels
11152500,2023-03-09 00:15,2130.0,discharge_cfs,Salinas River near Spreckels
11152500,2023-03-09 00:30,2120.0,discharge_cfs,Salinas River near Spreckels
11152500,2023-03-09 00:45,2110.0,discharge_cfs,Salinas River near Spreckels
11152500,2023-03-09 01:00,2100.0,discharge_cfs,Salinas River near Spreckels
11152500,2023-03-09 01:15,2090.0,discharge_cfs,Salinas River near Spreckels
11152500,2023-03-09 01:30,2080.0,discharge_cfs,Salinas River near Spreckels
11152500,2023-03-09 01:45,2070.0,discharge_cfs,Salinas River near Spreckels
11152500,2023-03-09 02:00,2050.0,discharge_cfs,Salinas River near Spreckels
11152500,2023-03-09 02:15,2050.0,discharge_cfs,Salinas River near Spreckels
11152500,2023-03-09 02:30,2040.0,discharge_cfs,Salinas River near Spreckels
11152500,2023-03-09 02:45,2030.0,discharge_cfs,Salinas River near Spreckels
11152500,2023-03-09 03:00,2020.0,discharge_cfs,Salinas River near Spreckels
11152500,2023-03-09 03:15,2010.0,discharge_cfs,Salinas River near Spreckels
11152500,2023-03-09 03:30,2010.0,discharge_cfs,Salinas River near Spreckels
11152500,2023-03-09 03:45,1990.0,discharge_cfs,Salinas River near Spreckels
11152500,2023-03-09 04:00,1990.0,discharge_cfs,Salinas River near Spreckels
11152500,2023-03-09 04:15,1980.0,discharge_cfs,Salinas River near Spreckels
11152500,2023-03-09 04:30,1970.0,discharge_cfs,Salinas River near Spreckels
11152500,2023-03-09 04:45,1970.0,discharge_cfs,Salinas River near Spreckels
11152500,2023-03-09 05:00,1960.0,discharge_cfs,Salinas River near Spreckels
11152500,2023-03-09 05:15,1960.0,discharge_cfs,Salinas River near Spreckels
11152500,2023-03-09 05:30,1950.0,discharge_cfs,Salinas River near Spreckels
11152500,2023-03-09 05:45,1940.0,discharge_cfs,Salinas River near Spreckels
11152500,2023-03-09 06:00,1940.0,discharge_cfs,Salinas River near Spreckels
11152500,2023-03-09 06:15,1930.0,discharge_cfs,Salinas River near Spreckels
11152500,2023-03-09 06:30,1930.0,discharge_cfs,Salinas River near Spreckels
11152500,2023-03-09 06:45,1920.0,discharge_cfs,Salinas River near Spreckels
11152500,2023-03-09 07:00,1920.0,discharge_cfs,Salinas River near Spreckels
11152500,2023-03-09 07:15,1910.0,discharge_cfs,Salinas River near Spreckels
11152500,2023-03-09 07:30,1910.0,discharge_cfs,Salinas River near Spreckels
11152500,2023-03-09 07:45,1910.0,discharge_cfs,Salinas River near Spreckels
11152500,2023-03-09 08:00,1900.0,discharge_cfs,Salinas River near Spreckels
11152500,2023-03-09 08:15,1900.0,discharge_cfs,Salinas River near Spreckels
11152500,2023-03-09 08:30,1900.0,discharge_cfs,Salinas River near Spreckels
11152500,2023-03-09 08:45,1890.0,discharge_cfs,Salinas River near Spreckels
11152500,2023-03-09 09:00,1890.0,discharge_cfs,Salinas River near Spreckels
11152500,2023-03-09 09:15,1880.0,discharge_cfs,Salinas River near Spreckels
11152500,2023-03-09 09:30,1880.0,discharge_cfs,Salinas River near Spreckels
11152500,2023-03-09 09:45,1880.0,discharge_cfs,Salinas River near Spreckels
11152500,2023-03-09 10:00,1880.0,discharge_cfs,Salinas River near Spreckels
11152500,2023-03-09 10:15,1880.0,discharge_cfs,Salinas River near Spreckels
11152500,2023-03-09 10:30,1870.0,discharge_cfs,Salinas River near Spreckels
11152500,2023-03-09 10:45,1870.0,discharge_cfs,Salinas River near Spreckels
11152500,2023-03-09 11:00,1870.0,discharge_cfs,Salinas River near Spreckels
11152500,2023-03-09 11:15,1870.0,discharge_cfs,Salinas River near Spreckels
11152500,2023-03-09 11:30,1870.0,discharge_cfs,Salinas River near Spreckels
11152500,2023-03-09 11:45,1870.0,discharge_cfs,Salinas River near Spreckels
11152500,2023-03-09 12:00,1870.0,discharge_cfs,Salinas River near Spreckels
11152500,2023-03-09 12:15,1870.0,discharge_cfs,Salinas River near Spreckels
11152500,2023-03-09 12:30,1870.0,discharge_cfs,Salinas River near Spreckels
11152500,2023-03-09 12:45,1870.0,discharge_cfs,Salinas River near Spreckels
11152500,2023-03-09 13:00,1880.0,discharge_cfs,Salinas River near Spreckels
11152500,2023-03-09 13:15,1880.0,discharge_cfs,Salinas River near Spreckels
11152500,2023-03-09 13:30,1880.0,discharge_cfs,Salinas River near Spreckels
11152500,2023-03-09 13:45,1880.0,discharge_cfs,Salinas River near Spreckels
11152500,2023-03-09 14:00,1880.0,discharge_cfs,Salinas River near Spreckels
11152500,2023-03-09 14:15,1890.0,discharge_cfs,Salinas River near Spreckels
11152500,2023-03-09 14:30,1890.0,discharge_cfs,Salinas River near Spreckels
11152500,2023-03-09 14:45,1900.0,discharge_cfs,Salinas River near Spreckels
11152500,2023-03-09 15:00,1900.0,discharge_cfs,Salinas River near Spreckels
11152500,2023-03-09 15:15,1900.0,discharge_cfs,Salinas River near Spreckels
11152500,2023-03-09 15:30,1910.0,discharge_cfs,Salinas River near Spreckels
11152500,2023-03-09 15:45,1910.0,discharge_cfs,Salinas River near Spreckels
11152500,2023-03-09 16:00,1920.0,discharge_cfs,Salinas River near Spreckels
11152500,2023-03-09 16:15,1920.0,discharge_cfs,Salinas River near Spreckels
11152500,2023-03-09 16:30,1920.0,discharge_cfs,Salinas River near Spreckels
11152500,2023-03-09 16:45,1930.0,discharge_cfs,Salinas River near Spreckels
11152500,2023-03-09 17:00,1940.0,discharge_cfs,Salinas River near Spreckels
11152500,2023-03-09 17:15,1940.0,discharge_cfs,Salinas River near Spreckels
11152500,2023-03-09 17:30,1940.0,discharge_cfs,Salinas River near Spreckels
11152500,2023-03-09 17:45,1950.0,discharge_cfs,Salinas River near Spreckels
11152500,2023-03-09 18:00,1960.0,discharge_cfs,Salinas River near Spreckels
11152500,2023-03-09 18:15,1960.0,discharge_cfs,Salinas River near Spreckels
11152500,2023-03-09 18:30,1960.0,discharge_cfs,Salinas River near Spreckels
11152500,2023-03-09 18:45,1960.0,discharge_cfs,Salinas River near Spreckels
11152500,2023-03-09 19:00,1970.0,discharge_cfs,Salinas River near Spreckels
11152500,2023-03-09 19:15,1970.0,discharge_cfs,Salinas River near Spreckels
11152500,2023-03-09 19:30,1970.0,discharge_cfs,Salinas River near Spreckels
11152500,2023-03-09 19:45,1980.0,discharge_cfs,Salinas River near Spreckels
11152500,2023-03-09 20:00,1990.0,discharge_cfs,Salinas River near Spreckels
11152500,2023-03-09 20:15,1990.0,discharge_cfs,Salinas River near Spreckels
11152500,2023-03-09 20:30,2000.0,discharge_cfs,Salinas River near Spreckels
11152500,2023-03-09 20:45,2000.0,discharge_cfs,Salinas River near Spreckels
11152500,2023-03-09 21:00,2010.0,discharge_cfs,Salinas River near Spreckels
11152500,2023-03-09 21:15,2010.0,discharge_cfs,Salinas River near Spreckels
11152500,2023-03-09 21:30,2020.0,discharge_cfs,Salinas River near Spreckels
11152500,2023-03-09 21:45,2020.0,discharge_cfs,Salinas River near Spreckels
11152500,2023-03-09 22:00,2030.0,discharge_cfs,Salinas River near Spreckels
11152500,2023-03-09 22:15,2030.0,discharge_cfs,Salinas River near Spreckels
11152500,2023-03-09 22:30,2040.0,discharge_cfs,Salinas River near Spreckels
11152500,2023-03-09 22:45,2050.0,discharge_cfs,Salinas River near Spreckels
11152500,2023-03-09 23:00,2050.0,discharge_cfs,Salinas River near Spreckels
11152500,2023-03-09 23:15,2060.0,discharge_cfs,Salinas River near Spreckels
11152500,2023-03-09 23:30,2070.0,discharge_cfs,Salinas River near Spreckels
11152500,2023-03-09 23:45,2070.0,discharge_cfs,Salinas River near Spreckels
11152500,2023-03-10 00:00,2080.0,discharge_cfs,Salinas River near Spreckels
11152500,2023-03-10 00:15,2090.0,discharge_cfs,Salinas River near Spreckels
11152500,2023-03-10 00:30,2100.0,discharge_cfs,Salinas River near Spreckels
11152500,2023-03-10 00:45,2110.0,discharge_cfs,Salinas River near Spreckels
11152500,2023-03-10 01:00,2120.0,discharge_cfs,Salinas River near Spreckels
11152500,2023-03-10 01:15,2130.0,discharge_cfs,Salinas River near Spreckels
11152500,2023-03-10 01:30,2140.0,discharge_cfs,Salinas River near Spreckels
11152500,2023-03-10 01:45,2150.0,discharge_cfs,Salinas River near Spreckels
11152500,2023-03-10 02:00,2160.0,discharge_cfs,Salinas River near Spreckels
11152500,2023-03-10 02:15,2180.0,discharge_cfs,Salinas River near Spreckels
11152500,2023-03-10 02:30,2180.0,discharge_cfs,Salinas River near Spreckels
11152500,2023-03-10 02:45,2190.0,discharge_cfs,Salinas River near Spreckels
11152500,2023-03-10 03:00,2210.0,discharge_cfs,Salinas River near Spreckels
11152500,2023-03-10 03:15,2220.0,discharge_cfs,Salinas River near Spreckels
11152500,2023-03-10 03:30,2230.0,discharge_cfs,Salinas River near Spreckels
11152500,2023-03-10 03:45,2250.0,discharge_cfs,Salinas River near Spreckels
11152500,2023-03-10 04:00,2270.0,discharge_cfs,Salinas River near Spreckels
11152500,2023-03-10 04:15,2280.0,discharge_cfs,Salinas River near Spreckels
11152500,2023-03-10 04:30,2290.0,discharge_cfs,Salinas River near Spreckels
11152500,2023-03-10 04:45,2310.0,discharge_cfs,Salinas River near Spreckels
11152500,2023-03-10 05:00,2330.0,discharge_cfs,Salinas River near Spreckels
11152500,2023-03-10 05:15,2340.0,discharge_cfs,Salinas River near Spreckels
11152500,2023-03-10 05:30,2360.0,discharge_cfs,Salinas River near Spreckels
11152500,2023-03-10 05:45,2390.0,discharge_cfs,Salinas River near Spreckels
11152500,2023-03-10 06:00,2400.0,discharge_cfs,Salinas River near Spreckels
11152500,2023-03-10 06:15,2430.0,discharge_cfs,Salinas River near Spreckels
11152500,2023-03-10 06:30,2450.0,discharge_cfs,Salinas River near Spreckels
11152500,2023-03-10 06:45,2470.0,discharge_cfs,Salinas River near Spreckels
11152500,2023-03-10 07:00,2500.0,discharge_cfs,Salinas River near Spreckels
11152500,2023-03-10 07:15,2520.0,discharge_cfs,Salinas River near Spreckels
11152500,2023-03-10 07:30,2550.0,discharge_cfs,Salinas River near Spreckels
11152500,2023-03-10 07:45,2570.0,discharge_cfs,Salinas River near Spreckels
11152500,2023-03-10 08:00,2600.0,discharge_cfs,Salinas River near Spreckels
11152500,2023-03-10 08:15,2630.0,discharge_cfs,Salinas River near Spreckels
11152500,2023-03-10 08:30,2660.0,discharge_cfs,Salinas River near Spreckels
11152500,2023-03-10 08:45,2690.0,discharge_cfs,Salinas River near Spreckels
11152500,2023-03-10 09:00,2710.0,discharge_cfs,Salinas River near Spreckels
11152500,2023-03-10 09:15,2740.0,discharge_cfs,Salinas River near Spreckels
11152500,2023-03-10 09:30,2760.0,discharge_cfs,Salinas River near Spreckels
11152500,2023-03-10 09:45,2790.0,discharge_cfs,Salinas River near Spreckels
11152500,2023-03-10 10:00,2820.0,discharge_cfs,Salinas River near Spreckels
11152500,2023-03-10 10:15,2850.0,discharge_cfs,Salinas River near Spreckels
11152500,2023-03-10 10:30,2880.0,discharge_cfs,Salinas River near Spreckels
11152500,2023-03-10 10:45,2900.0,discharge_cfs,Salinas River near Spreckels
11152500,2023-03-10 11:00,2940.0,discharge_cfs,Salinas River near Spreckels
11152500,2023-03-10 11:15,2960.0,discharge_cfs,Salinas River near Spreckels
11152500,2023-03-10 11:30,2990.0,discharge_cfs,Salinas River near Spreckels
11152500,2023-03-10 11:45,3020.0,discharge_cfs,Salinas River near Spreckels
11152500,2023-03-10 12:00,3050.0,discharge_cfs,Salinas River near Spreckels
11152500,2023-03-10 12:15,3090.0,discharge_cfs,Salinas River near Spreckels
11152500,2023-03-10 12:30,3120.0,discharge_cfs,Salinas River near Spreckels
11152500,2023-03-10 12:45,3140.0,discharge_cfs,Salinas River near Spreckels
11152500,2023-03-10 13:00,3180.0,discharge_cfs,Salinas River near Spreckels
11152500,2023-03-10 13:15,3210.0,discharge_cfs,Salinas River near Spreckels
11152500,2023-03-10 13:30,3230.0,discharge_cfs,Salinas River near Spreckels
11152500,2023-03-10 13:45,3270.0,discharge_cfs,Salinas River near Spreckels
11152500,2023-03-10 14:00,3300.0,discharge_cfs,Salinas River near Spreckels
11152500,2023-03-10 14:15,3320.0,discharge_cfs,Salinas River near Spreckels
11152500,2023-03-10 14:30,3350.0,discharge_cfs,Salinas River near Spreckels
11152500,2023-03-10 14:45,3380.0,discharge_cfs,Salinas River near Spreckels
11152500,2023-03-10 15:00,3410.0,discharge_cfs,Salinas River near Spreckels
11152500,2023-03-10 15:15,3430.0,discharge_cfs,Salinas River near Spreckels
11152500,2023-03-10 15:30,3460.0,discharge_cfs,Salinas River near Spreckels
11152500,2023-03-10 15:45,3480.0,discharge_cfs,Salinas River near Spreckels
11152500,2023-03-10 16:00,3500.0,discharge_cfs,Salinas River near Spreckels
11152500,2023-03-10 16:15,3530.0,discharge_cfs,Salinas River near Spreckels
11152500,2023-03-10 16:30,3560.0,discharge_cfs,Salinas River near Spreckels
11152500,2023-03-10 16:45,3570.0,discharge_cfs,Salinas River near Spreckels
11152500,2023-03-10 17:00,3590.0,discharge_cfs,Salinas River near Spreckels
11152500,2023-03-10 17:15,3610.0,discharge_cfs,Salinas River near Spreckels
11152500,2023-03-10 17:30,3620.0,discharge_cfs,Salinas River near Spreckels
11152500,2023-03-10 17:45,3640.0,discharge_cfs,Salinas River near Spreckels
11152500,2023-03-10 18:00,3650.0,discharge_cfs,Salinas River near Spreckels
11152500,2023-03-10 18:15,3670.0,discharge_cfs,Salinas River near Spreckels
11152500,2023-03-10 18:30,3690.0,discharge_cfs,Salinas River near Spreckels
11152500,2023-03-10 18:45,3700.0,discharge_cfs,Salinas River near Spreckels
11152500,2023-03-10 19:00,3720.0,discharge_cfs,Salinas River near Spreckels
11152500,2023-03-10 19:15,3730.0,discharge_cfs,Salinas River near Spreckels
11152500,2023-03-10 19:30,3750.0,discharge_cfs,Salinas River near Spreckels
11152500,2023-03-10 19:45,3760.0,discharge_cfs,Salinas River near Spreckels
11152500,2023-03-10 20:00,3770.0,discharge_cfs,Salinas River near Spreckels
11152500,2023-03-10 20:15,3770.0,discharge_cfs,Salinas River near Spreckels
11152500,2023-03-10 20:30,3790.0,discharge_cfs,Salinas River near Spreckels
11152500,2023-03-10 20:45,3800.0,discharge_cfs,Salinas River near Spreckels
11152500,2023-03-10 21:00,3810.0,discharge_cfs,Salinas River near Spreckels
11152500,2023-03-10 21:15,3830.0,discharge_cfs,Salinas River near Spreckels
11152500,2023-03-10 21:30,3830.0,discharge_cfs,Salinas River near Spreckels
11152500,2023-03-10 21:45,3840.0,discharge_cfs,Salinas River near Spreckels
11152500,2023-03-10 22:00,3850.0,discharge_cfs,Salinas River near Spreckels
11152500,2023-03-10 22:15,3860.0,discharge_cfs,Salinas River near Spreckels
11152500,2023-03-10 22:30,3870.0,discharge_cfs,Salinas River near Spreckels
11152500,2023-03-10 22:45,3870.0,discharge_cfs,Salinas River near Spreckels
11152500,2023-03-10 23:00,3880.0,discharge_cfs,Salinas River near Spreckels
11152500,2023-03-10 23:15,3890.0,discharge_cfs,Salinas River near Spreckels
11152500,2023-03-10 23:30,3890.0,discharge_cfs,Salinas River near Spreckels
11152500,2023-03-10 23:45,3890.0,discharge_cfs,Salinas River near Spreckels
11152500,2023-03-11 00:00,3900.0,discharge_cfs,Salinas River near Spreckels
11152500,2023-03-11 00:15,3920.0,discharge_cfs,Salinas River near Spreckels
11152500,2023-03-11 00:30,3920.0,discharge_cfs,Salinas River near Spreckels
11152500,2023-03-11 00:45,3920.0,discharge_cfs,Salinas River near Spreckels
11152500,2023-03-11 01:00,3930.0,discharge_cfs,Salinas River near Spreckels
11152500,2023-03-11 01:15,3930.0,discharge_cfs,Salinas River near Spreckels
11152500,2023-03-11 01:30,3950.0,discharge_cfs,Salinas River near Spreckels
11152500,2023-03-11 01:45,3950.0,discharge_cfs,Salinas River near Spreckels
11152500,2023-03-11 02:00,3960.0,discharge_cfs,Salinas River near Spreckels
11152500,2023-03-11 02:15,3970.0,discharge_cfs,Salinas River near Spreckels
11152500,2023-03-11 02:30,3980.0,discharge_cfs,Salinas River near Spreckels
11152500,2023-03-11 02:45,3980.0,discharge_cfs,Salinas River near Spreckels
11152500,2023-03-11 03:00,4000.0,discharge_cfs,Salinas River near Spreckels
11152500,2023-03-11 03:15,4010.0,discharge_cfs,Salinas River near Spreckels
11152500,2023-03-11 03:30,4030.0,discharge_cfs,Salinas River near Spreckels
11152500,2023-03-11 03:45,4050.0,discharge_cfs,Salinas River near Spreckels
11152500,2023-03-11 04:00,4050.0,discharge_cfs,Salinas River near Spreckels
11152500,2023-03-11 04:15,4070.0,discharge_cfs,Salinas River near Spreckels
11152500,2023-03-11 04:30,4080.0,discharge_cfs,Salinas River near Spreckels
11152500,2023-03-11 04:45,4110.0,discharge_cfs,Salinas River near Spreckels
11152500,2023-03-11 05:00,4130.0,discharge_cfs,Salinas River near Spreckels
11152500,2023-03-11 05:15,4150.0,discharge_cfs,Salinas River near Spreckels
11152500,2023-03-11 05:30,4170.0,discharge_cfs,Salinas River near Spreckels
11152500,2023-03-11 05:45,4200.0,discharge_cfs,Salinas River near Spreckels
11152500,2023-03-11 06:00,4220.0,discharge_cfs,Salinas River near Spreckels
11152500,2023-03-11 06:15,4250.0,discharge_cfs,Salinas River near Spreckels
11152500,2023-03-11 06:30,4280.0,discharge_cfs,Salinas River near Spreckels
11152500,2023-03-11 06:45,4320.0,discharge_cfs,Salinas River near Spreckels
11152500,2023-03-11 07:00,4350.0,discharge_cfs,Salinas River near Spreckels
11152500,2023-03-11 07:15,4380.0,discharge_cfs,Salinas River near Spreckels
11152500,2023-03-11 07:30,4420.0,discharge_cfs,Salinas River near Spreckels
11152500,2023-03-11 07:45,4470.0,discharge_cfs,Salinas River near Spreckels
11152500,2023-03-11 08:00,4490.0,discharge_cfs,Salinas River near Spreckels
11152500,2023-03-11 08:15,4540.0,discharge_cfs,Salinas River near Spreckels
11152500,2023-03-11 08:30,4580.0,discharge_cfs,Salinas River near Spreckels
11152500,2023-03-11 08:45,4610.0,discharge_cfs,Salinas River near Spreckels
11152500,2023-03-11 09:00,4650.0,discharge_cfs,Salinas River near Spreckels
11152500,2023-03-11 09:15,4690.0,discharge_cfs,Salinas River near Spreckels
11152500,2023-03-11 09:30,4730.0,discharge_cfs,Salinas River near Spreckels
11152500,2023-03-11 09:45,4770.0,discharge_cfs,Salinas River near Spreckels
11152500,2023-03-11 10:00,4800.0,discharge_cfs,Salinas River near Spreckels
11152500,2023-03-11 10:15,4830.0,discharge_cfs,Salinas River near Spreckels
11152500,2023-03-11 10:30,4880.0,discharge_cfs,Salinas River near Spreckels
11152500,2023-03-11 10:45,4920.0,discharge_cfs,Salinas River near Spreckels
11152500,2023-03-11 11:00,4910.0,discharge_cfs,Salinas River near Spreckels
11152500,2023-03-11 11:15,4980.0,discharge_cfs,Salinas River near Spreckels
11152500,2023-03-11 11:30,5010.0,discharge_cfs,Salinas River near Spreckels
11152500,2023-03-11 11:45,5040.0,discharge_cfs,Salinas River near Spreckels
11152500,2023-03-11 12:00,5070.0,discharge_cfs,Salinas River near Spreckels
11152500,2023-03-11 12:15,5110.0,discharge_cfs,Salinas River near Spreckels
11152500,2023-03-11 12:30,5140.0,discharge_cfs,Salinas River near Spreckels
11152500,2023-03-11 12:45,5180.0,discharge_cfs,Salinas River near Spreckels
11152500,2023-03-11 13:00,5230.0,discharge_cfs,Salinas River near Spreckels
11152500,2023-03-11 13:15,5290.0,discharge_cfs,Salinas River near Spreckels
11152500,2023-03-11 13:30,5360.0,discharge_cfs,Salinas River near Spreckels
11152500,2023-03-11 13:45,5430.0,discharge_cfs,Salinas River near Spreckels
11152500,2023-03-11 14:00,5510.0,discharge_cfs,Salinas River near Spreckels
11152500,2023-03-11 14:15,5590.0,discharge_cfs,Salinas River near Spreckels
11152500,2023-03-11 14:30,5680.0,discharge_cfs,Salinas River near Spreckels
11152500,2023-03-11 14:45,5740.0,discharge_cfs,Salinas River near Spreckels
11152500,2023-03-11 15:00,5850.0,discharge_cfs,Salinas River near Spreckels
11152500,2023-03-11 15:15,5940.0,discharge_cfs,Salinas River near Spreckels
11152500,2023-03-11 15:30,6000.0,discharge_cfs,Salinas River near Spreckels
11152500,2023-03-11 15:45,6100.0,discharge_cfs,Salinas River near Spreckels
11152500,2023-03-11 16:00,6160.0,discharge_cfs,Salinas River near Spreckels
11152500,2023-03-11 16:15,6260.0,discharge_cfs,Salinas River near Spreckels
11152500,2023-03-11 16:30,6360.0,discharge_cfs,Salinas River near Spreckels
11152500,2023-03-11 16:45,6450.0,discharge_cfs,Salinas River near Spreckels
11152500,2023-03-11 17:00,6540.0,discharge_cfs,Salinas River near Spreckels
11152500,2023-03-11 17:15,6620.0,discharge_cfs,Salinas River near Spreckels
11152500,2023-03-11 17:30,6660.0,discharge_cfs,Salinas River near Spreckels
11152500,2023-03-11 17:45,6770.0,discharge_cfs,Salinas River near Spreckels
11152500,2023-03-11 18:00,6780.0,discharge_cfs,Salinas River near Spreckels
11152500,2023-03-11 18:15,6960.0,discharge_cfs,Salinas River near Spreckels
11152500,2023-03-11 18:30,7030.0,discharge_cfs,Salinas River near Spreckels
11152500,2023-03-11 18:45,7120.0,discharge_cfs,Salinas River near Spreckels
11152500,2023-03-11 19:00,7190.0,discharge_cfs,Salinas River near Spreckels
11152500,2023-03-11 19:15,7260.0,discharge_cfs,Salinas River near Spreckels
11152500,2023-03-11 19:30,7380.0,discharge_cfs,Salinas River near Spreckels
11152500,2023-03-11 19:45,7400.0,discharge_cfs,Salinas River near Spreckels
11152500,2023-03-11 20:00,7540.0,discharge_cfs,Salinas River near Spreckels
11152500,2023-03-11 20:15,7580.0,discharge_cfs,Salinas River near Spreckels
11152500,2023-03-11 20:30,7630.0,discharge_cfs,Salinas River near Spreckels
11152500,2023-03-11 20:45,7720.0,discharge_cfs,Salinas River near Spreckels
11152500,2023-03-11 21:00,7780.0,discharge_cfs,Salinas River near Spreckels
11152500,2023-03-11 21:15,7850.0,discharge_cfs,Salinas River near Spreckels
11152500,2023-03-11 21:30,7870.0,discharge_cfs,Salinas River near Spreckels
11152500,2023-03-11 21:45,7960.0,discharge_cfs,Salinas River near Spreckels
11152500,2023-03-11 22:00,8010.0,discharge_cfs,Salinas River near Spreckels
11152500,2023-03-11 22:15,8040.0,discharge_cfs,Salinas River near Spreckels
11152500,2023-03-11 22:30,8120.0,discharge_cfs,Salinas River near Spreckels
11152500,2023-03-11 22:45,8130.0,discharge_cfs,Salinas River near Spreckels
11152500,2023-03-11 23:00,8200.0,discharge_cfs,Salinas River near Spreckels
11152500,2023-03-11 23:15,8250.0,discharge_cfs,Salinas River near Spreckels
11152500,2023-03-11 23:30,8310.0,discharge_cfs,Salinas River near Spreckels
11152500,2023-03-11 23:45,8390.0,discharge_cfs,Salinas River near Spreckels
11152500,2023-03-12 00:00,8410.0,discharge_cfs,Salinas River near Spreckels
11152500,2023-03-12 00:15,8440.0,discharge_cfs,Salinas River near Spreckels
11152500,2023-03-12 00:30,8500.0,discharge_cfs,Salinas River near Spreckels
11152500,2023-03-12 00:45,8520.0,discharge_cfs,Salinas River near Spreckels
11152500,2023-03-12 01:00,8600.0,discharge_cfs,Salinas River near Spreckels
11152500,2023-03-12 01:15,8590.0,discharge_cfs,Salinas River near Spreckels
11152500,2023-03-12 01:30,8690.0,discharge_cfs,Salinas River near Spreckels
11152500,2023-03-12 01:45,8670.0,discharge_cfs,Salinas River near Spreckels
11152500,2023-03-12 03:00,8720.0,discharge_cfs,Salinas River near Spreckels
11152500,2023-03-12 03:15,8750.0,discharge_cfs,Salinas River near Spreckels
11152500,2023-03-12 03:30,8790.0,discharge_cfs,Salinas River near Spreckels
11152500,2023-03-12 03:45,8840.0,discharge_cfs,Salinas River near Spreckels
11152500,2023-03-12 04:00,8800.0,discharge_cfs,Salinas River near Spreckels
11152500,2023-03-12 04:15,8870.0,discharge_cfs,Salinas River near Spreckels
11152500,2023-03-12 04:30,8900.0,discharge_cfs,Salinas River near Spreckels
11152500,2023-03-12 04:45,8920.0,discharge_cfs,Salinas River near Spreckels
11152500,2023-03-12 05:00,8940.0,discharge_cfs,Salinas River near Spreckels
11152500,2023-03-12 05:15,8970.0,discharge_cfs,Salinas River near Spreckels
11152500,2023-03-12 05:30,8970.0,discharge_cfs,Salinas River near Spreckels
11152500,2023-03-12 05:45,9010.0,discharge_cfs,Salinas River near Spreckels
11152500,2023-03-12 06:00,9090.0,discharge_cfs,Salinas River near Spreckels
11152500,2023-03-12 06:15,9110.0,discharge_cfs,Salinas River near Spreckels
11152500,2023-03-12 06:30,9090.0,discharge_cfs,Salinas River near Spreckels
11152500,2023-03-12 06:45,9110.0,discharge_cfs,Salinas River near Spreckels
11152500,2023-03-12 07:00,9160.0,discharge_cfs,Salinas River near Spreckels
11152500,2023-03-12 07:15,9160.0,discharge_cfs,Salinas River near Spreckels
11152500,2023-03-12 07:30,9230.0,discharge_cfs,Salinas River near Spreckels
11152500,2023-03-12 07:45,9200.0,discharge_cfs,Salinas River near Spreckels
11152500,2023-03-12 08:00,9220.0,discharge_cfs,Salinas River near Spreckels
11152500,2023-03-12 08:15,9300.0,discharge_cfs,Salinas River near Spreckels
11152500,2023-03-12 08:30,9270.0,discharge_cfs,Salinas River near Spreckels
11152500,2023-03-12 08:45,9290.0,discharge_cfs,Salinas River near Spreckels
11152500,2023-03-12 09:00,9300.0,discharge_cfs,Salinas River near Spreckels
11152500,2023-03-12 09:15,9360.0,discharge_cfs,Salinas River near Spreckels
11152500,2023-03-12 09:30,9300.0,discharge_cfs,Salinas River near Spreckels
11152500,2023-03-12 09:45,9370.0,discharge_cfs,Salinas River near Spreckels
11152500,2023-03-12 10:00,9370.0,discharge_cfs,Salinas River near Spreckels
11152500,2023-03-12 10:15,9390.0,discharge_cfs,Salinas River near Spreckels
11152500,2023-03-12 10:30,9430.0,discharge_cfs,Salinas River near Spreckels
11152500,2023-03-12 10:45,9440.0,discharge_cfs,Salinas River near Spreckels
11152500,2023-03-12 11:00,9440.0,discharge_cfs,Salinas River near Spreckels
11152500,2023-03-12 11:15,9440.0,discharge_cfs,Salinas River near Spreckels
11152500,2023-03-12 11:30,9500.0,discharge_cfs,Salinas River near Spreckels
11152500,2023-03-12 11:45,9480.0,discharge_cfs,Salinas River near Spreckels
11152500,2023-03-12 12:00,9520.0,discharge_cfs,Salinas River near Spreckels
11152500,2023-03-12 12:15,9530.0,discharge_cfs,Salinas River near Spreckels
11152500,2023-03-12 12:30,9530.0,discharge_cfs,Salinas River near Spreckels
11152500,2023-03-12 12:45,9530.0,discharge_cfs,Salinas River near Spreckels
11152500,2023-03-12 13:00,9590.0,discharge_cfs,Salinas River near Spreckels
11152500,2023-03-12 13:15,9640.0,discharge_cfs,Salinas River near Spreckels
11152500,2023-03-12 13:30,9660.0,discharge_cfs,Salinas River near Spreckels
11152500,2023-03-12 13:45,9660.0,discharge_cfs,Salinas River near Spreckels
11152500,2023-03-12 14:00,9680.0,discharge_cfs,Salinas River near Spreckels
11152500,2023-03-12 14:15,9730.0,discharge_cfs,Salinas River near Spreckels
11152500,2023-03-12 14:30,9730.0,discharge_cfs,Salinas River near Spreckels
11152500,2023-03-12 14:45,9810.0,discharge_cfs,Salinas River near Spreckels
11152500,2023-03-12 15:00,9770.0,discharge_cfs,Salinas River near Spreckels
11152500,2023-03-12 15:15,9810.0,discharge_cfs,Salinas River near Spreckels
11152500,2023-03-12 15:30,9880.0,discharge_cfs,Salinas River near Spreckels
11152500,2023-03-12 15:45,9920.0,discharge_cfs,Salinas River near Spreckels
11152500,2023-03-12 16:00,9970.0,discharge_cfs,Salinas River near Spreckels
11152500,2023-03-12 16:15,10000.0,discharge_cfs,Salinas River near Spreckels
11152500,2023-03-12 16:30,10000.0,discharge_cfs,Salinas River near Spreckels
11152500,2023-03-12 16:45,10100.0,discharge_cfs,Salinas River near Spreckels
11152500,2023-03-12 17:00,10100.0,discharge_cfs,Salinas River near Spreckels
11152500,2023-03-12 17:15,10200.0,discharge_cfs,Salinas River near Spreckels
11152500,2023-03-12 17:30,10200.0,discharge_cfs,Salinas River near Spreckels
11152500,2023-03-12 17:45,10300.0,discharge_cfs,Salinas River near Spreckels
11152500,2023-03-12 18:00,10300.0,discharge_cfs,Salinas River near Spreckels
11152500,2023-03-12 18:15,10400.0,discharge_cfs,Salinas River near Spreckels
11152500,2023-03-12 18:30,10500.0,discharge_cfs,Salinas River near Spreckels
11152500,2023-03-12 18:45,10600.0,discharge_cfs,Salinas River near Spreckels
11152500,2023-03-12 19:00,10600.0,discharge_cfs,Salinas River near Spreckels
11152500,2023-03-12 19:15,10700.0,discharge_cfs,Salinas River near Spreckels
11152500,2023-03-12 19:30,10800.0,discharge_cfs,Salinas River near Spreckels
11152500,2023-03-12 19:45,10900.0,discharge_cfs,Salinas River near Spreckels
11152500,2023-03-12 20:00,11100.0,discharge_cfs,Salinas River near Spreckels
11152500,2023-03-12 20:15,11200.0,discharge_cfs,Salinas River near Spreckels
11152500,2023-03-12 20:30,11300.0,discharge_cfs,Salinas River near Spreckels
11152500,2023-03-12 20:45,11500.0,discharge_cfs,Salinas River near Spreckels
11152500,2023-03-12 21:00,11700.0,discharge_cfs,Salinas River near Spreckels
11152500,2023-03-12 21:15,11900.0,discharge_cfs,Salinas River near Spreckels
11152500,2023-03-12 21:30,12200.0,discharge_cfs,Salinas River near Spreckels
11152500,2023-03-12 21:45,12400.0,discharge_cfs,Salinas River near Spreckels
11152500,2023-03-12 22:00,12700.0,discharge_cfs,Salinas River near Spreckels
11152500,2023-03-12 22:15,13400.0,discharge_cfs,Salinas River near Spreckels
11152500,2023-03-12 22:30,14100.0,discharge_cfs,Salinas River near Spreckels
11152500,2023-03-12 22:45,14900.0,discharge_cfs,Salinas River near Spreckels
11152500,2023-03-12 23:00,15500.0,discharge_cfs,Salinas River near Spreckels
11152500,2023-03-12 23:15,16600.0,discharge_cfs,Salinas River near Spreckels
11152500,2023-03-12 23:30,17400.0,discharge_cfs,Salinas River near Spreckels
11152500,2023-03-12 23:45,17900.0,discharge_cfs,Salinas River near Spreckels
11152500,2023-03-13 00:00,18200.0,discharge_cfs,Salinas River near Spreckels
11152500,2023-03-13 00:15,18300.0,discharge_cfs,Salinas River near Spreckels
11152500,2023-03-13 00:30,18000.0,discharge_cfs,Salinas River near Spreckels
11152500,2023-03-13 00:45,17300.0,discharge_cfs,Salinas River near Spreckels
11152500,2023-03-13 01:00,16700.0,discharge_cfs,Salinas River near Spreckels
11152500,2023-03-13 01:15,16600.0,discharge_cfs,Salinas River near Spreckels
11152500,2023-03-13 01:30,17400.0,discharge_cfs,Salinas River near Spreckels
11152500,2023-03-13 01:45,18100.0,discharge_cfs,Salinas River near Spreckels
11152500,2023-03-13 02:00,19200.0,discharge_cfs,Salinas River near Spreckels
11152500,2023-03-13 02:15,20000.0,discharge_cfs,Salinas River near Spreckels
11152500,2023-03-13 02:30,20800.0,discharge_cfs,Salinas River near Spreckels
11152500,2023-03-13 02:45,22100.0,discharge_cfs,Salinas River near Spreckels
11152500,2023-03-13 03:00,22500.0,discharge_cfs,Salinas River near Spreckels
11152500,2023-03-13 03:15,22600.0,discharge_cfs,Salinas River near Spreckels
11152500,2023-03-13 03:30,23000.0,discharge_cfs,Salinas River near Spreckels
11152500,2023-03-13 03:45,23300.0,discharge_cfs,Salinas River near Spreckels
11152500,2023-03-13 04:00,23100.0,discharge_cfs,Salinas River near Spreckels
11152500,2023-03-13 04:15,23100.0,discharge_cfs,Salinas River near Spreckels
11152500,2023-03-13 04:30,22900.0,discharge_cfs,Salinas River near Spreckels
11152500,2023-03-13 04:45,22900.0,discharge_cfs,Salinas River near Spreckels
11152500,2023-03-13 05:00,23100.0,discharge_cfs,Salinas River near Spreckels
11152500,2023-03-13 05:15,22900.0,discharge_cfs,Salinas River near Spreckels
11152500,2023-03-13 05:30,22800.0,discharge_cfs,Salinas River near Spreckels
11152500,2023-03-13 05:45,22800.0,discharge_cfs,Salinas River near Spreckels
11152500,2023-03-13 06:00,22700.0,discharge_cfs,Salinas River near Spreckels
11152500,2023-03-13 06:15,22500.0,discharge_cfs,Salinas River near Spreckels
11152500,2023-03-13 06:30,22500.0,discharge_cfs,Salinas River near Spreckels
11152500,2023-03-13 06:45,22600.0,discharge_cfs,Salinas River near Spreckels
11152500,2023-03-13 07:00,22500.0,discharge_cfs,Salinas River near Spreckels
11152500,2023-03-13 07:15,22300.0,discharge_cfs,Salinas River near Spreckels
11152500,2023-03-13 07:30,22300.0,discharge_cfs,Salinas River near Spreckels
11152500,2023-03-13 07:45,22200.0,discharge_cfs,Salinas River near Spreckels
11152500,2023-03-13 08:00,22200.0,discharge_cfs,Salinas River near Spreckels
11152500,2023-03-13 08:15,22100.0,discharge_cfs,Salinas River near Spreckels
11152500,2023-03-13 08:30,22000.0,discharge_cfs,Salinas River near Spreckels
11152500,2023-03-13 08:45,21900.0,discharge_cfs,Salinas River near Spreckels
11152500,2023-03-13 09:00,21900.0,discharge_cfs,Salinas River near Spreckels
11152500,2023-03-13 09:15,22000.0,discharge_cfs,Salinas River near Spreckels
11152500,2023-03-13 09:30,21900.0,discharge_cfs,Salinas River near Spreckels
11152500,2023-03-13 09:45,21800.0,discharge_cfs,Salinas River near Spreckels
11152500,2023-03-13 10:00,21500.0,discharge_cfs,Salinas River near Spreckels
11152500,2023-03-13 10:15,21400.0,discharge_cfs,Salinas River near Spreckels
11152500,2023-03-13 10:30,21200.0,discharge_cfs,Salinas River near Spreckels
11152500,2023-03-13 10:45,21300.0,discharge_cfs,Salinas River near Spreckels
11152500,2023-03-13 11:00,21200.0,discharge_cfs,Salinas River near Spreckels
11152500,2023-03-13 11:15,21300.0,discharge_cfs,Salinas River near Spreckels
11152500,2023-03-13 11:30,21300.0,discharge_cfs,Salinas River near Spreckels
11152500,2023-03-13 11:45,21300.0,discharge_cfs,Salinas River near Spreckels
11152500,2023-03-13 12:00,21200.0,discharge_cfs,Salinas River near Spreckels
11152500,2023-03-13 12:15,21100.0,discharge_cfs,Salinas River near Spreckels
11152500,2023-03-13 12:30,20800.0,discharge_cfs,Salinas River near Spreckels
11152500,2023-03-13 12:45,20700.0,discharge_cfs,Salinas River near Spreckels
11152500,2023-03-13 13:00,20700.0,discharge_cfs,Salinas River near Spreckels
11152500,2023-03-13 13:15,20400.0,discharge_cfs,Salinas River near Spreckels
11152500,2023-03-13 13:30,20400.0,discharge_cfs,Salinas River near Spreckels
11152500,2023-03-13 13:45,20400.0,discharge_cfs,Salinas River near Spreckels
11152500,2023-03-13 14:00,20500.0,discharge_cfs,Salinas River near Spreckels
11152500,2023-03-13 14:15,20400.0,discharge_cfs,Salinas River near Spreckels
11152500,2023-03-13 14:30,20400.0,discharge_cfs,Salinas River near Spreckels
11152500,2023-03-13 14:45,20300.0,discharge_cfs,Salinas River near Spreckels
11152500,2023-03-13 15:00,20200.0,discharge_cfs,Salinas River near Spreckels
11152500,2023-03-13 15:15,20200.0,discharge_cfs,Salinas River near Spreckels
11152500,2023-03-13 15:30,20000.0,discharge_cfs,Salinas River near Spreckels
11152500,2023-03-13 15:45,20000.0,discharge_cfs,Salinas River near Spreckels
11152500,2023-03-13 16:00,19800.0,discharge_cfs,Salinas River near Spreckels
11152500,2023-03-13 16:15,19800.0,discharge_cfs,Salinas River near Spreckels
11152500,2023-03-13 16:30,19700.0,discharge_cfs,Salinas River near Spreckels
11152500,2023-03-13 16:45,19600.0,discharge_cfs,Salinas River near Spreckels
11152500,2023-03-13 17:00,19600.0,discharge_cfs,Salinas River near Spreckels
11152500,2023-03-13 17:15,19500.0,discharge_cfs,Salinas River near Spreckels
11152500,2023-03-13 17:30,19500.0,discharge_cfs,Salinas River near Spreckels
11152500,2023-03-13 17:45,19400.0,discharge_cfs,Salinas River near Spreckels
11152500,2023-03-13 18:00,19300.0,discharge_cfs,Salinas River near Spreckels
11152500,2023-03-13 18:15,19200.0,discharge_cfs,Salinas River near Spreckels
11152500,2023-03-13 18:30,19200.0,discharge_cfs,Salinas River near Spreckels
11152500,2023-03-13 18:45,19200.0,discharge_cfs,Salinas River near Spreckels
11152500,2023-03-13 19:00,19100.0,discharge_cfs,Salinas River near Spreckels
11152500,2023-03-13 19:15,19000.0,discharge_cfs,Salinas River near Spreckels
11152500,2023-03-13 19:30,18900.0,discharge_cfs,Salinas River near Spreckels
11152500,2023-03-13 19:45,18800.0,discharge_cfs,Salinas River near Spreckels
11152500,2023-03-13 20:00,18800.0,discharge_cfs,Salinas River near Spreckels
11152500,2023-03-13 20:15,18500.0,discharge_cfs,Salinas River near Spreckels
11152500,2023-03-13 20:30,18600.0,discharge_cfs,Salinas River near Spreckels
11152500,2023-03-13 20:45,18500.0,discharge_cfs,Salinas River near Spreckels
11152500,2023-03-13 21:00,18400.0,discharge_cfs,Salinas River near Spreckels
11152500,2023-03-13 21:15,18200.0,discharge_cfs,Salinas River near Spreckels
11152500,2023-03-13 21:30,18300.0,discharge_cfs,Salinas River near Spreckels
11152500,2023-03-13 21:45,18300.0,discharge_cfs,Salinas River near Spreckels
11152500,2023-03-13 22:00,18200.0,discharge_cfs,Salinas River near Spreckels
11152500,2023-03-13 22:15,18100.0,discharge_cfs,Salinas River near Spreckels
11152500,2023-03-13 22:30,18000.0,discharge_cfs,Salinas River near Spreckels
11152500,2023-03-13 22:45,18000.0,discharge_cfs,Salinas River near Spreckels
11152500,2023-03-13 23:00,17900.0,discharge_cfs,Salinas River near Spreckels
11152500,2023-03-13 23:15,17800.0,discharge_cfs,Salinas River near Spreckels
11152500,2023-03-13 23:30,17900.0,discharge_cfs,Salinas River near Spreckels
11152500,2023-03-13 23:45,17700.0,discharge_cfs,Salinas River near Spreckels
11152500,2023-03-14 00:00,17700.0,discharge_cfs,Salinas River near Spreckels
11152500,2023-03-14 00:15,17600.0,discharge_cfs,Salinas River near Spreckels
11152500,2023-03-14 00:30,17500.0,discharge_cfs,Salinas River near Spreckels
11152500,2023-03-14 00:45,17500.0,discharge_cfs,Salinas River near Spreckels
11152500,2023-03-14 01:00,17400.0,discharge_cfs,Salinas River near Spreckels
11152500,2023-03-14 01:15,17400.0,discharge_cfs,Salinas River near Spreckels
11152500,2023-03-14 01:30,17300.0,discharge_cfs,Salinas River near Spreckels
11152500,2023-03-14 01:45,17200.0,discharge_cfs,Salinas River near Spreckels
11152500,2023-03-14 02:00,17100.0,discharge_cfs,Salinas River near Spreckels
11152500,2023-03-14 02:15,17300.0,discharge_cfs,Salinas River near Spreckels
11152500,2023-03-14 02:30,17000.0,discharge_cfs,Salinas River near Spreckels
11152500,2023-03-14 02:45,17100.0,discharge_cfs,Salinas River near Spreckels
11152500,2023-03-14 03:00,17100.0,discharge_cfs,Salinas River near Spreckels
11152500,2023-03-14 03:15,17100.0,discharge_cfs,Salinas River near Spreckels
11152500,2023-03-14 03:30,17200.0,discharge_cfs,Salinas River near Spreckels
11152500,2023-03-14 03:45,16900.0,discharge_cfs,Salinas River near Spreckels
11152500,2023-03-14 04:00,17000.0,discharge_cfs,Salinas River near Spreckels
11152500,2023-03-14 04:15,16900.0,discharge_cfs,Salinas River near Spreckels
11152500,2023-03-14 04:30,17000.0,discharge_cfs,Salinas River near Spreckels
11152500,2023-03-14 04:45,17000.0,discharge_cfs,Salinas River near Spreckels
11152500,2023-03-14 05:00,16800.0,discharge_cfs,Salinas River near Spreckels
11152500,2023-03-14 05:15,16800.0,discharge_cfs,Salinas River near Spreckels
11152500,2023-03-14 05:30,16900.0,discharge_cfs,Salinas River near Spreckels
11152500,2023-03-14 05:45,16800.0,discharge_cfs,Salinas River near Spreckels
11152500,2023-03-14 06:00,16800.0,discharge_cfs,Salinas River near Spreckels
11152500,2023-03-14 06:15,16800.0,discharge_cfs,Salinas River near Spreckels
11152500,2023-03-14 06:30,16800.0,discharge_cfs,Salinas River near Spreckels
11152500,2023-03-14 06:45,16900.0,discharge_cfs,Salinas River near Spreckels
11152500,2023-03-14 07:00,16800.0,discharge_cfs,Salinas River near Spreckels
11152500,2023-03-14 07:15,16800.0,discharge_cfs,Salinas River near Spreckels
11152500,2023-03-14 07:30,16800.0,discharge_cfs,Salinas River near Spreckels
11152500,2023-03-14 07:45,16700.0,discharge_cfs,Salinas River near Spreckels
11152500,2023-03-14 08:00,16500.0,discharge_cfs,Salinas River near Spreckels
11152500,2023-03-14 08:15,16500.0,discharge_cfs,Salinas River near Spreckels
11152500,2023-03-14 08:30,16300.0,discharge_cfs,Salinas River near Spreckels
11152500,2023-03-14 08:45,16300.0,discharge_cfs,Salinas River near Spreckels
11152500,2023-03-14 09:00,16300.0,discharge_cfs,Salinas River near Spreckels
11152500,2023-03-14 09:15,16200.0,discharge_cfs,Salinas River near Spreckels
11152500,2023-03-14 09:30,16100.0,discharge_cfs,Salinas River near Spreckels
11152500,2023-03-14 09:45,15900.0,discharge_cfs,Salinas River near Spreckels
11152500,2023-03-14 10:00,15900.0,discharge_cfs,Salinas River near Spreckels
11152500,2023-03-14 10:15,15800.0,discharge_cfs,Salinas River near Spreckels
11152500,2023-03-14 10:30,15800.0,discharge_cfs,Salinas River near Spreckels
11152500,2023-03-14 10:45,15700.0,discharge_cfs,Salinas River near Spreckels
11152500,2023-03-14 11:00,15600.0,discharge_cfs,Salinas River near Spreckels
11152500,2023-03-14 11:15,15700.0,discharge_cfs,Salinas River near Spreckels
11152500,2023-03-14 11:30,15600.0,discharge_cfs,Salinas River near Spreckels
11152500,2023-03-14 11:45,15600.0,discharge_cfs,Salinas River near Spreckels
11152500,2023-03-14 12:00,15600.0,discharge_cfs,Salinas River near Spreckels
11152500,2023-03-14 12:15,15500.0,discharge_cfs,Salinas River near Spreckels
11152500,2023-03-14 12:30,15400.0,discharge_cfs,Salinas River near Spreckels
11152500,2023-03-14 12:45,15500.0,discharge_cfs,Salinas River near Spreckels
11152500,2023-03-14 13:00,15400.0,discharge_cfs,Salinas River near Spreckels
11152500,2023-03-14 13:15,15500.0,discharge_cfs,Salinas River near Spreckels
11152500,2023-03-14 13:30,15500.0,discharge_cfs,Salinas River near Spreckels
11152500,2023-03-14 13:45,15400.0,discharge_cfs,Salinas River near Spreckels
11152500,2023-03-14 14:00,15300.0,discharge_cfs,Salinas River near Spreckels
11152500,2023-03-14 14:15,15300.0,discharge_cfs,Salinas River near Spreckels
11152500,2023-03-14 14:30,15200.0,discharge_cfs,Salinas River near Spreckels
11152500,2023-03-14 14:45,15200.0,discharge_cfs,Salinas River near Spreckels
11152500,2023-03-14 15:00,15200.0,discharge_cfs,Salinas River near Spreckels
11152500,2023-03-14 15:15,15200.0,discharge_cfs,Salinas River near Spreckels
11152500,2023-03-14 15:30,15200.0,discharge_cfs,Salinas River near Spreckels
11152500,2023-03-14 15:45,15300.0,discharge_cfs,Salinas River near Spreckels
11152500,2023-03-14 16:00,15300.0,discharge_cfs,Salinas River near Spreckels
11152500,2023-03-14 16:15,15200.0,discharge_cfs,Salinas River near Spreckels
11152500,2023-03-14 16:30,15200.0,discharge_cfs,Salinas River near Spreckels
11152500,2023-03-14 16:45,15200.0,discharge_cfs,Salinas River near Spreckels
11152500,2023-03-14 17:00,15200.0,discharge_cfs,Salinas River near Spreckels
11152500,2023-03-14 17:15,15100.0,discharge_cfs,Salinas River near Spreckels
11152500,2023-03-14 17:30,15100.0,discharge_cfs,Salinas River near Spreckels
11152500,2023-03-14 17:45,15000.0,discharge_cfs,Salinas River near Spreckels
11152500,2023-03-14 18:00,15000.0,discharge_cfs,Salinas River near Spreckels
11152500,2023-03-14 18:15,15000.0,discharge_cfs,Salinas River near Spreckels
11152500,2023-03-14 18:30,14900.0,discharge_cfs,Salinas River near Spreckels
11152500,2023-03-14 18:45,14700.0,discharge_cfs,Salinas River near Spreckels
11152500,2023-03-14 19:00,14600.0,discharge_cfs,Salinas River near Spreckels
11152500,2023-03-14 19:15,14400.0,discharge_cfs,Salinas River near Spreckels
11152500,2023-03-14 19:30,14400.0,discharge_cfs,Salinas River near Spreckels
11152500,2023-03-14 19:45,14500.0,discharge_cfs,Salinas River near Spreckels
11152500,2023-03-14 20:00,14500.0,discharge_cfs,Salinas River near Spreckels
11152500,2023-03-14 20:15,14500.0,discharge_cfs,Salinas River near Spreckels
11152500,2023-03-14 20:30,14400.0,discharge_cfs,Salinas River near Spreckels
11152500,2023-03-14 20:45,14200.0,discharge_cfs,Salinas River near Spreckels
11152500,2023-03-14 21:00,14200.0,discharge_cfs,Salinas River near Spreckels
11152500,2023-03-14 21:15,14200.0,discharge_cfs,Salinas River near Spreckels
11152500,2023-03-14 21:30,14100.0,discharge_cfs,Salinas River near Spreckels
11152500,2023-03-14 21:45,14000.0,discharge_cfs,Salinas River near Spreckels
11152500,2023-03-14 22:00,14000.0,discharge_cfs,Salinas River near Spreckels
11152500,2023-03-14 22:15,14000.0,discharge_cfs,Salinas River near Spreckels
11152500,2023-03-14 22:30,14100.0,discharge_cfs,Salinas River near Spreckels
11152500,2023-03-14 22:45,14100.0,discharge_cfs,Salinas River near Spreckels
11152500,2023-03-14 23:00,13900.0,discharge_cfs,Salinas River near Spreckels
11152500,2023-03-14 23:15,14000.0,discharge_cfs,Salinas River near Spreckels
11152500,2023-03-14 23:30,14000.0,discharge_cfs,Salinas River near Spreckels
11152500,2023-03-14 23:45,13800.0,discharge_cfs,Salinas River near Spreckels
11152500,2023-03-15 00:00,13800.0,discharge_cfs,Salinas River near Spreckels
11152500,2023-03-15 00:15,13600.0,discharge_cfs,Salinas River near Spreckels
11152500,2023-03-15 00:30,13600.0,discharge_cfs,Salinas River near Spreckels
11152500,2023-03-15 00:45,13700.0,discharge_cfs,Salinas River near Spreckels
11152500,2023-03-15 01:00,13600.0,discharge_cfs,Salinas River near Spreckels
11152500,2023-03-15 01:15,13700.0,discharge_cfs,Salinas River near Spreckels
11152500,2023-03-15 01:30,13700.0,discharge_cfs,Salinas River near Spreckels
11152500,2023-03-15 01:45,13800.0,discharge_cfs,Salinas River near Spreckels
11152500,2023-03-15 02:00,13800.0,discharge_cfs,Salinas River near Spreckels
11152500,2023-03-15 02:15,13900.0,discharge_cfs,Salinas River near Spreckels
11152500,2023-03-15 02:30,13800.0,discharge_cfs,Salinas River near Spreckels
11152500,2023-03-15 02:45,13800.0,discharge_cfs,Salinas River near Spreckels
11152500,2023-03-15 03:00,13800.0,discharge_cfs,Salinas River near Spreckels
11152500,2023-03-15 03:15,13800.0,discharge_cfs,Salinas River near Spreckels
11152500,2023-03-15 03:30,13600.0,discharge_cfs,Salinas River near Spreckels
11152500,2023-03-15 03:45,13600.0,discharge_cfs,Salinas River near Spreckels
11152500,2023-03-15 04:00,13700.0,discharge_cfs,Salinas River near Spreckels
11152500,2023-03-15 04:15,13600.0,discharge_cfs,Salinas River near Spreckels
11152500,2023-03-15 04:30,13600.0,discharge_cfs,Salinas River near Spreckels
11152500,2023-03-15 04:45,13500.0,discharge_cfs,Salinas River near Spreckels
11152500,2023-03-15 05:00,13500.0,discharge_cfs,Salinas River near Spreckels
11152500,2023-03-15 05:15,13600.0,discharge_cfs,Salinas River near Spreckels
11152500,2023-03-15 05:30,13500.0,discharge_cfs,Salinas River near Spreckels
11152500,2023-03-15 05:45,13500.0,discharge_cfs,Salinas River near Spreckels
11152500,2023-03-15 06:00,13500.0,discharge_cfs,Salinas River near Spreckels
11152500,2023-03-15 06:15,13500.0,discharge_cfs,Salinas River near Spreckels
11152500,2023-03-15 06:30,13500.0,discharge_cfs,Salinas River near Spreckels
11152500,2023-03-15 06:45,13400.0,discharge_cfs,Salinas River near Spreckels
11152500,2023-03-15 07:00,13400.0,discharge_cfs,Salinas River near Spreckels
11152500,2023-03-15 07:15,13400.0,discharge_cfs,Salinas River near Spreckels
11152500,2023-03-15 07:30,13500.0,discharge_cfs,Salinas River near Spreckels
11152500,2023-03-15 07:45,13500.0,discharge_cfs,Salinas River near Spreckels
11152500,2023-03-15 08:00,13400.0,discharge_cfs,Salinas River near Spreckels
11152500,2023-03-15 08:15,13500.0,discharge_cfs,Salinas River near Spreckels
11152500,2023-03-15 08:30,13500.0,discharge_cfs,Salinas River near Spreckels
11152500,2023-03-15 08:45,13400.0,discharge_cfs,Salinas River near Spreckels
11152500,2023-03-15 09:00,13400.0,discharge_cfs,Salinas River near Spreckels
11152500,2023-03-15 09:15,13400.0,discharge_cfs,Salinas River near Spreckels
11152500,2023-03-15 09:30,13400.0,discharge_cfs,Salinas River near Spreckels
11152500,2023-03-15 09:45,13500.0,discharge_cfs,Salinas River near Spreckels
11152500,2023-03-15 10:00,13500.0,discharge_cfs,Salinas River near Spreckels
11152500,2023-03-15 10:15,13500.0,discharge_cfs,Salinas River near Spreckels
11152500,2023-03-15 10:30,13500.0,discharge_cfs,Salinas River near Spreckels
11152500,2023-03-15 10:45,13500.0,discharge_cfs,Salinas River near Spreckels
11152500,2023-03-15 11:00,13600.0,discharge_cfs,Salinas River near Spreckels
11152500,2023-03-15 11:15,13600.0,discharge_cfs,Salinas River near Spreckels
11152500,2023-03-15 11:30,13600.0,discharge_cfs,Salinas River near Spreckels
11152500,2023-03-15 11:45,13700.0,discharge_cfs,Salinas River near Spreckels
11152500,2023-03-15 12:00,13700.0,discharge_cfs,Salinas River near Spreckels
11152500,2023-03-15 12:15,13700.0,discharge_cfs,Salinas River near Spreckels
11152500,2023-03-15 12:30,13800.0,discharge_cfs,Salinas River near Spreckels
11152500,2023-03-15 12:45,13800.0,discharge_cfs,Salinas River near Spreckels
11152500,2023-03-15 13:00,13800.0,discharge_cfs,Salinas River near Spreckels
11152500,2023-03-15 13:15,13800.0,discharge_cfs,Salinas River near Spreckels
11152500,2023-03-15 13:30,13700.0,discharge_cfs,Salinas River near Spreckels
11152500,2023-03-15 13:45,13800.0,discharge_cfs,Salinas River near Spreckels
11152500,2023-03-15 14:00,13800.0,discharge_cfs,Salinas River near Spreckels
11152500,2023-03-15 14:15,13800.0,discharge_cfs,Salinas River near Spreckels
11152500,2023-03-15 14:30,13800.0,discharge_cfs,Salinas River near Spreckels
11152500,2023-03-15 14:45,13800.0,discharge_cfs,Salinas River near Spreckels
11152500,2023-03-15 15:00,13800.0,discharge_cfs,Salinas River near Spreckels
11152500,2023-03-15 15:15,13800.0,discharge_cfs,Salinas River near Spreckels
11152500,2023-03-15 15:30,13800.0,discharge_cfs,Salinas River near Spreckels
11152500,2023-03-15 15:45,13800.0,discharge_cfs,Salinas River near Spreckels
11152500,2023-03-15 16:00,13800.0,discharge_cfs,Salinas River near Spreckels
11152500,2023-03-15 16:15,13800.0,discharge_cfs,Salinas River near Spreckels
11152500,2023-03-15 16:30,13700.0,discharge_cfs,Salinas River near Spreckels
11152500,2023-03-15 16:45,13700.0,discharge_cfs,Salinas River near Spreckels
11152500,2023-03-15 17:00,13600.0,discharge_cfs,Salinas River near Spreckels
11152500,2023-03-15 17:15,13600.0,discharge_cfs,Salinas River near Spreckels
11152500,2023-03-15 17:30,13600.0,discharge_cfs,Salinas River near Spreckels
11152500,2023-03-15 17:45,13600.0,discharge_cfs,Salinas River near Spreckels
11152500,2023-03-15 18:00,13600.0,discharge_cfs,Salinas River near Spreckels
11152500,2023-03-15 18:15,13500.0,discharge_cfs,Salinas River near Spreckels
11152500,2023-03-15 18:30,13500.0,discharge_cfs,Salinas River near Spreckels
11152500,2023-03-15 18:45,13400.0,discharge_cfs,Salinas River near Spreckels
11152500,2023-03-15 19:00,13400.0,discharge_cfs,Salinas River near Spreckels
11152500,2023-03-15 19:15,13400.0,discharge_cfs,Salinas River near Spreckels
11152500,2023-03-15 19:30,13400.0,discharge_cfs,Salinas River near Spreckels
11152500,2023-03-15 19:45,13300.0,discharge_cfs,Salinas River near Spreckels
11152500,2023-03-15 20:00,13300.0,discharge_cfs,Salinas River near Spreckels
11152500,2023-03-15 20:15,13200.0,discharge_cfs,Salinas River near Spreckels
11152500,2023-03-15 20:30,13100.0,discharge_cfs,Salinas River near Spreckels
11152500,2023-03-15 20:45,13100.0,discharge_cfs,Salinas River near Spreckels
11152500,2023-03-15 21:00,13100.0,discharge_cfs,Salinas River near Spreckels
11152500,2023-03-15 21:15,13000.0,discharge_cfs,Salinas River near Spreckels
11152500,2023-03-15 21:30,13000.0,discharge_cfs,Salinas River near Spreckels
11152500,2023-03-15 21:45,13000.0,discharge_cfs,Salinas River near Spreckels
11152500,2023-03-15 22:00,12900.0,discharge_cfs,Salinas River near Spreckels
11152500,2023-03-15 22:15,12900.0,discharge_cfs,Salinas River near Spreckels
11152500,2023-03-15 22:30,12900.0,discharge_cfs,Salinas River near Spreckels
11152500,2023-03-15 22:45,12800.0,discharge_cfs,Salinas River near Spreckels
11152500,2023-03-15 23:00,12800.0,discharge_cfs,Salinas River near Spreckels
11152500,2023-03-15 23:15,12800.0,discharge_cfs,Salinas River near Spreckels
11152500,2023-03-15 23:30,12700.0,discharge_cfs,Salinas River near Spreckels
11152500,2023-03-15 23:45,12600.0,discharge_cfs,Salinas River near Spreckels
11152500,2023-03-16 00:00,12600.0,discharge_cfs,Salinas River near Spreckels
11152500,2023-03-16 00:15,12500.0,discharge_cfs,Salinas River near Spreckels
11152500,2023-03-16 00:30,12500.0,discharge_cfs,Salinas River near Spreckels
11152500,2023-03-16 00:45,12500.0,discharge_cfs,Salinas River near Spreckels
11152500,2023-03-16 01:00,12500.0,discharge_cfs,Salinas River near Spreckels
11152500,2023-03-16 01:15,12500.0,discharge_cfs,Salinas River near Spreckels
11152500,2023-03-16 01:30,12400.0,discharge_cfs,Salinas River near Spreckels
11152500,2023-03-16 01:45,12400.0,discharge_cfs,Salinas River near Spreckels
11152500,2023-03-16 02:00,12400.0,discharge_cfs,Salinas River near Spreckels
11152500,2023-03-16 02:15,12400.0,discharge_cfs,Salinas River near Spreckels
11152500,2023-03-16 02:30,12400.0,discharge_cfs,Salinas River near Spreckels
11152500,2023-03-16 02:45,12400.0,discharge_cfs,Salinas River near Spreckels
11152500,2023-03-16 03:00,12400.0,discharge_cfs,Salinas River near Spreckels
11152500,2023-03-16 03:15,12300.0,discharge_cfs,Salinas River near Spreckels
11152500,2023-03-16 03:30,12300.0,discharge_cfs,Salinas River near Spreckels
11152500,2023-03-16 03:45,12300.0,discharge_cfs,Salinas River near Spreckels
11152500,2023-03-16 04:00,12200.0,discharge_cfs,Salinas River near Spreckels
11152500,2023-03-16 04:15,12200.0,discharge_cfs,Salinas River near Spreckels
11152500,2023-03-16 04:30,12300.0,discharge_cfs,Salinas River near Spreckels
11152500,2023-03-16 04:45,12200.0,discharge_cfs,Salinas River near Spreckels
11152500,2023-03-16 05:00,12200.0,discharge_cfs,Salinas River near Spreckels
11152500,2023-03-16 05:15,12200.0,discharge_cfs,Salinas River near Spreckels
11152500,2023-03-16 05:30,12200.0,discharge_cfs,Salinas River near Spreckels
11152500,2023-03-16 05:45,12200.0,discharge_cfs,Salinas River near Spreckels
11152500,2023-03-16 06:00,12200.0,discharge_cfs,Salinas River near Spreckels
11152500,2023-03-16 06:15,12300.0,discharge_cfs,Salinas River near Spreckels
11152500,2023-03-16 06:30,12200.0,discharge_cfs,Salinas River near Spreckels
11152500,2023-03-16 06:45,12300.0,discharge_cfs,Salinas River near Spreckels
11152500,2023-03-16 07:00,12300.0,discharge_cfs,Salinas River near Spreckels
11152500,2023-03-16 07:15,12300.0,discharge_cfs,Salinas River near Spreckels
11152500,2023-03-16 07:30,12300.0,discharge_cfs,Salinas River near Spreckels
11152500,2023-03-16 07:45,12300.0,discharge_cfs,Salinas River near Spreckels
11152500,2023-03-16 08:00,12300.0,discharge_cfs,Salinas River near Spreckels
11152500,2023-03-16 08:15,12400.0,discharge_cfs,Salinas River near Spreckels
11152500,2023-03-16 08:30,12400.0,discharge_cfs,Salinas River near Spreckels
11152500,2023-03-16 08:45,12400.0,discharge_cfs,Salinas River near Spreckels
11152500,2023-03-16 09:00,12400.0,discharge_cfs,Salinas River near Spreckels
11152500,2023-03-16 09:15,12300.0,discharge_cfs,Salinas River near Spreckels
11152500,2023-03-16 09:30,12400.0,discharge_cfs,Salinas River near Spreckels
11152500,2023-03-16 09:45,12400.0,discharge_cfs,Salinas River near Spreckels
11152500,2023-03-16 10:00,12300.0,discharge_cfs,Salinas River near Spreckels
11152500,2023-03-16 10:15,12300.0,discharge_cfs,Salinas River near Spreckels
11152500,2023-03-16 10:30,12300.0,discharge_cfs,Salinas River near Spreckels
11152500,2023-03-16 10:45,12300.0,discharge_cfs,Salinas River near Spreckels
11152500,2023-03-16 11:00,12300.0,discharge_cfs,Salinas River near Spreckels
11152500,2023-03-16 11:15,12300.0,discharge_cfs,Salinas River near Spreckels
11152500,2023-03-16 11:30,12300.0,discharge_cfs,Salinas River near Spreckels
11152500,2023-03-16 11:45,12400.0,discharge_cfs,Salinas River near Spreckels
11152500,2023-03-16 12:00,12300.0,discharge_cfs,Salinas River near Spreckels
11152500,2023-03-16 12:15,12300.0,discharge_cfs,Salinas River near Spreckels
11152500,2023-03-16 12:30,12300.0,discharge_cfs,Salinas River near Spreckels
11152500,2023-03-16 12:45,12300.0,discharge_cfs,Salinas River near Spreckels
11152500,2023-03-16 13:00,12200.0,discharge_cfs,Salinas River near Spreckels
11152500,2023-03-16 13:15,12300.0,discharge_cfs,Salinas River near Spreckels
11152500,2023-03-16 13:30,12400.0,discharge_cfs,Salinas River near Spreckels
11152500,2023-03-16 13:45,12300.0,discharge_cfs,Salinas River near Spreckels
11152500,2023-03-16 14:00,12300.0,discharge_cfs,Salinas River near Spreckels
11152500,2023-03-16 14:15,12300.0,discharge_cfs,Salinas River near Spreckels
11152500,2023-03-16 14:30,12300.0,discharge_cfs,Salinas River near Spreckels
11152500,2023-03-16 14:45,12200.0,discharge_cfs,Salinas River near Spreckels
11152500,2023-03-16 15:00,12200.0,discharge_cfs,Salinas River near Spreckels
11152500,2023-03-16 15:15,12300.0,discharge_cfs,Salinas River near Spreckels
11152500,2023-03-16 15:30,12300.0,discharge_cfs,Salinas River near Spreckels
11152500,2023-03-16 15:45,12200.0,discharge_cfs,Salinas River near Spreckels
11152500,2023-03-16 16:00,12200.0,discharge_cfs,Salinas River near Spreckels
11152500,2023-03-16 16:15,12200.0,discharge_cfs,Salinas River near Spreckels
11152500,2023-03-16 16:30,12300.0,discharge_cfs,Salinas River near Spreckels
11152500,2023-03-16 16:45,12300.0,discharge_cfs,Salinas River near Spreckels
11152500,2023-03-16 17:00,12300.0,discharge_cfs,Salinas River near Spreckels
11152500,2023-03-16 17:15,12300.0,discharge_cfs,Salinas River near Spreckels
11152500,2023-03-16 17:30,12300.0,discharge_cfs,Salinas River near Spreckels
11152500,2023-03-16 17:45,12300.0,discharge_cfs,Salinas River near Spreckels
11152500,2023-03-16 18:00,12400.0,discharge_cfs,Salinas River near Spreckels
11152500,2023-03-16 18:15,12400.0,discharge_cfs,Salinas River near Spreckels
11152500,2023-03-16 18:30,12300.0,discharge_cfs,Salinas River near Spreckels
11152500,2023-03-16 18:45,12300.0,discharge_cfs,Salinas River near Spreckels
11152500,2023-03-16 19:00,12400.0,discharge_cfs,Salinas River near Spreckels
11152500,2023-03-16 19:15,12400.0,discharge_cfs,Salinas River near Spreckels
11152500,2023-03-16 19:30,12400.0,discharge_cfs,Salinas River near Spreckels
11152500,2023-03-16 19:45,12400.0,discharge_cfs,Salinas River near Spreckels
11152500,2023-03-16 20:00,12500.0,discharge_cfs,Salinas River near Spreckels
11152500,2023-03-16 20:15,12500.0,discharge_cfs,Salinas River near Spreckels
11152500,2023-03-16 20:30,12500.0,discharge_cfs,Salinas River near Spreckels
11152500,2023-03-16 20:45,12500.0,discharge_cfs,Salinas River near Spreckels
11152500,2023-03-16 21:00,12600.0,discharge_cfs,Salinas River near Spreckels
11152500,2023-03-16 21:15,12600.0,discharge_cfs,Salinas River near Spreckels
11152500,2023-03-16 21:30,12700.0,discharge_cfs,Salinas River near Spreckels
11152500,2023-03-16 21:45,12700.0,discharge_cfs,Salinas River near Spreckels
11152500,2023-03-16 22:00,12800.0,discharge_cfs,Salinas River near Spreckels
11152500,2023-03-16 22:15,12800.0,discharge_cfs,Salinas River near Spreckels
11152500,2023-03-16 22:30,13000.0,discharge_cfs,Salinas River near Spreckels
11152500,2023-03-16 22:45,13000.0,discharge_cfs,Salinas River near Spreckels
11152500,2023-03-16 23:00,13100.0,discharge_cfs,Salinas River near Spreckels
11152500,2023-03-16 23:15,13200.0,discharge_cfs,Salinas River near Spreckels
11152500,2023-03-16 23:30,13400.0,discharge_cfs,Salinas River near Spreckels
11152500,2023-03-16 23:45,13500.0,discharge_cfs,Salinas River near Spreckels
11152500,2023-03-17 00:00,13500.0,discharge_cfs,Salinas River near Spreckels
11152500,2023-03-17 00:15,13700.0,discharge_cfs,Salinas River near Spreckels
11152500,2023-03-17 00:30,13800.0,discharge_cfs,Salinas River near Spreckels
11152500,2023-03-17 00:45,13900.0,discharge_cfs,Salinas River near Spreckels
11152500,2023-03-17 01:00,14100.0,discharge_cfs,Salinas River near Spreckels
11152500,2023-03-17 01:15,14300.0,discharge_cfs,Salinas River near Spreckels
11152500,2023-03-17 01:30,14500.0,discharge_cfs,Salinas River near Spreckels
11152500,2023-03-17 01:45,14700.0,discharge_cfs,Salinas River near Spreckels
11152500,2023-03-17 02:00,14900.0,discharge_cfs,Salinas River near Spreckels
11152500,2023-03-17 02:15,15100.0,discharge_cfs,Salinas River near Spreckels
11152500,2023-03-17 02:30,15200.0,discharge_cfs,Salinas River near Spreckels
11152500,2023-03-17 02:45,15300.0,discharge_cfs,Salinas River near Spreckels
11152500,2023-03-17 03:00,15600.0,discharge_cfs,Salinas River near Spreckels
11152500,2023-03-17 03:15,15800.0,discharge_cfs,Salinas River near Spreckels
11152500,2023-03-17 03:30,15900.0,discharge_cfs,Salinas River near Spreckels
11152500,2023-03-17 03:45,15900.0,discharge_cfs,Salinas River near Spreckels
11152500,2023-03-17 04:00,16000.0,discharge_cfs,Salinas River near Spreckels
11152500,2023-03-17 04:15,16300.0,discharge_cfs,Salinas River near Spreckels
11152500,2023-03-17 04:30,16600.0,discharge_cfs,Salinas River near Spreckels
11152500,2023-03-17 04:45,16800.0,discharge_cfs,Salinas River near Spreckels
11152500,2023-03-17 05:00,17000.0,discharge_cfs,Salinas River near Spreckels
11152500,2023-03-17 05:15,17100.0,discharge_cfs,Salinas River near Spreckels
11152500,2023-03-17 05:30,17200.0,discharge_cfs,Salinas River near Spreckels
11152500,2023-03-17 05:45,17300.0,discharge_cfs,Salinas River near Spreckels
11152500,2023-03-17 06:00,17600.0,discharge_cfs,Salinas River near Spreckels
11152500,2023-03-17 06:15,17700.0,discharge_cfs,Salinas River near Spreckels
11152500,2023-03-17 06:30,17900.0,discharge_cfs,Salinas River near Spreckels
11152500,2023-03-17 06:45,18200.0,discharge_cfs,Salinas River near Spreckels
11152500,2023-03-17 07:00,18400.0,discharge_cfs,Salinas River near Spreckels
11152500,2023-03-17 07:15,18500.0,discharge_cfs,Salinas River near Spreckels
11152500,2023-03-17 07:30,18600.0,discharge_cfs,Salinas River near Spreckels
11152500,2023-03-17 07:45,18600.0,discharge_cfs,Salinas River near Spreckels
11152500,2023-03-17 08:00,18600.0,discharge_cfs,Salinas River near Spreckels
11152500,2023-03-17 08:15,18400.0,discharge_cfs,Salinas River near Spreckels
11152500,2023-03-17 08:30,18500.0,discharge_cfs,Salinas River near Spreckels
11152500,2023-03-17 08:45,18700.0,discharge_cfs,Salinas River near Spreckels
11152500,2023-03-17 09:00,18700.0,discharge_cfs,Salinas River near Spreckels
11152500,2023-03-17 09:15,18600.0,discharge_cfs,Salinas River near Spreckels
11152500,2023-03-17 09:30,18600.0,discharge_cfs,Salinas River near Spreckels
11152500,2023-03-17 09:45,18600.0,discharge_cfs,Salinas River near Spreckels
11152500,2023-03-17 10:00,18800.0,discharge_cfs,Salinas River near Spreckels
11152500,2023-03-17 10:15,18800.0,discharge_cfs,Salinas River near Spreckels
11152500,2023-03-17 10:30,19000.0,discharge_cfs,Salinas River near Spreckels
11152500,2023-03-17 10:45,19200.0,discharge_cfs,Salinas River near Spreckels
11152500,2023-03-17 11:00,19300.0,discharge_cfs,Salinas River near Spreckels
11152500,2023-03-17 11:15,19200.0,discharge_cfs,Salinas River near Spreckels
11152500,2023-03-17 11:30,19300.0,discharge_cfs,Salinas River near Spreckels
11152500,2023-03-17 11:45,19300.0,discharge_cfs,Salinas River near Spreckels
11152500,2023-03-17 12:00,19400.0,discharge_cfs,Salinas River near Spreckels
11152500,2023-03-17 12:15,19300.0,discharge_cfs,Salinas River near Spreckels
11152500,2023-03-17 12:30,19400.0,discharge_cfs,Salinas River near Spreckels
11152500,2023-03-17 12:45,19600.0,discharge_cfs,Salinas River near Spreckels
11152500,2023-03-17 13:00,19500.0,discharge_cfs,Salinas River near Spreckels
11152500,2023-03-17 13:15,19500.0,discharge_cfs,Salinas River near Spreckels
11152500,2023-03-17 13:30,19700.0,discharge_cfs,Salinas River near Spreckels
11152500,2023-03-17 13:45,19700.0,discharge_cfs,Salinas River near Spreckels
11152500,2023-03-17 14:00,19700.0,discharge_cfs,Salinas River near Spreckels
11152500,2023-03-17 14:15,19700.0,discharge_cfs,Salinas River near Spreckels
11152500,2023-03-17 14:30,19800.0,discharge_cfs,Salinas River near Spreckels
11152500,2023-03-17 14:45,19800.0,discharge_cfs,Salinas River near Spreckels
11152500,2023-03-17 15:00,19800.0,discharge_cfs,Salinas River near Spreckels
11152500,2023-03-17 15:15,19800.0,discharge_cfs,Salinas River near Spreckels
11152500,2023-03-17 15:30,19700.0,discharge_cfs,Salinas River near Spreckels
11152500,2023-03-17 15:45,19500.0,discharge_cfs,Salinas River near Spreckels
11152500,2023-03-17 16:00,19600.0,discharge_cfs,Salinas River near Spreckels
11152500,2023-03-17 16:15,19500.0,discharge_cfs,Salinas River near Spreckels
11152500,2023-03-17 16:30,19400.0,discharge_cfs,Salinas River near Spreckels
11152500,2023-03-17 16:45,19400.0,discharge_cfs,Salinas River near Spreckels
11152500,2023-03-17 17:00,19200.0,discharge_cfs,Salinas River near Spreckels
11152500,2023-03-17 17:15,19000.0,discharge_cfs,Salinas River near Spreckels
11152500,2023-03-17 17:30,19000.0,discharge_cfs,Salinas River near Spreckels
11152500,2023-03-17 17:45,18900.0,discharge_cfs,Salinas River near Spreckels
11152500,2023-03-17 18:00,18800.0,discharge_cfs,Salinas River near Spreckels
11152500,2023-03-17 18:15,18700.0,discharge_cfs,Salinas River near Spreckels
11152500,2023-03-17 18:30,18500.0,discharge_cfs,Salinas River near Spreckels
11152500,2023-03-17 18:45,18500.0,discharge_cfs,Salinas River near Spreckels
11152500,2023-03-17 19:00,18400.0,discharge_cfs,Salinas River near Spreckels
11152500,2023-03-17 19:15,18300.0,discharge_cfs,Salinas River near Spreckels
11152500,2023-03-17 19:30,18100.0,discharge_cfs,Salinas River near Spreckels
11152500,2023-03-17 19:45,18100.0,discharge_cfs,Salinas River near Spreckels
11152500,2023-03-17 20:00,18000.0,discharge_cfs,Salinas River near Spreckels
11152500,2023-03-17 20:15,17900.0,discharge_cfs,Salinas River near Spreckels
11152500,2023-03-17 20:30,17900.0,discharge_cfs,Salinas River near Spreckels
11152500,2023-03-17 20:45,17700.0,discharge_cfs,Salinas River near Spreckels
11152500,2023-03-17 21:00,17600.0,discharge_cfs,Salinas River near Spreckels
11152500,2023-03-17 21:15,17600.0,discharge_cfs,Salinas River near Spreckels
11152500,2023-03-17 21:30,17500.0,discharge_cfs,Salinas River near Spreckels
11152500,2023-03-17 21:45,17400.0,discharge_cfs,Salinas River near Spreckels
11152500,2023-03-17 22:00,17400.0,discharge_cfs,Salinas River near Spreckels
11152500,2023-03-17 22:15,17300.0,discharge_cfs,Salinas River near Spreckels
11152500,2023-03-17 22:30,17200.0,discharge_cfs,Salinas River near Spreckels
11152500,2023-03-17 22:45,17100.0,discharge_cfs,Salinas River near Spreckels
11152500,2023-03-17 23:00,17000.0,discharge_cfs,Salinas River near Spreckels
11152500,2023-03-17 23:15,17000.0,discharge_cfs,Salinas River near Spreckels
11152500,2023-03-17 23:30,16800.0,discharge_cfs,Salinas River near Spreckels
11152500,2023-03-17 23:45,16800.0,discharge_cfs,Salinas River near Spreckels
11152500,2023-03-18 00:00,16700.0,discharge_cfs,Salinas River near Spreckels
11152500,2023-03-18 00:15,16600.0,discharge_cfs,Salinas River near Spreckels
11152500,2023-03-18 00:30,16500.0,discharge_cfs,Salinas River near Spreckels
11152500,2023-03-18 00:45,16400.0,discharge_cfs,Salinas River near Spreckels
11152500,2023-03-18 01:00,16300.0,discharge_cfs,Salinas River near Spreckels
11152500,2023-03-18 01:15,16300.0,discharge_cfs,Salinas River near Spreckels
11152500,2023-03-18 01:30,16100.0,discharge_cfs,Salinas River near Spreckels
11152500,2023-03-18 01:45,16000.0,discharge_cfs,Salinas River near Spreckels
11152500,2023-03-18 02:00,16000.0,discharge_cfs,Salinas River near Spreckels
11152500,2023-03-18 02:15,15800.0,discharge_cfs,Salinas River near Spreckels
11152500,2023-03-18 02:30,15700.0,discharge_cfs,Salinas River near Spreckels
11152500,2023-03-18 02:45,15600.0,discharge_cfs,Salinas River near Spreckels
11152500,2023-03-18 03:00,15500.0,discharge_cfs,Salinas River near Spreckels
11152500,2023-03-18 03:15,15400.0,discharge_cfs,Salinas River near Spreckels
11152500,2023-03-18 03:30,15400.0,discharge_cfs,Salinas River near Spreckels
11152500,2023-03-18 03:45,15200.0,discharge_cfs,Salinas River near Spreckels
11152500,2023-03-18 04:00,15000.0,discharge_cfs,Salinas River near Spreckels
11152500,2023-03-18 04:15,15000.0,discharge_cfs,Salinas River near Spreckels
11152500,2023-03-18 04:30,14900.0,discharge_cfs,Salinas River near Spreckels
11152500,2023-03-18 04:45,14800.0,discharge_cfs,Salinas River near Spreckels
11152500,2023-03-18 05:00,14700.0,discharge_cfs,Salinas River near Spreckels
11152500,2023-03-18 05:15,14600.0,discharge_cfs,Salinas River near Spreckels
11152500,2023-03-18 05:30,14600.0,discharge_cfs,Salinas River near Spreckels
11152500,2023-03-18 05:45,14500.0,discharge_cfs,Salinas River near Spreckels
11152500,2023-03-18 06:00,14400.0,discharge_cfs,Salinas River near Spreckels
11152500,2023-03-18 06:15,14400.0,discharge_cfs,Salinas River near Spreckels
11152500,2023-03-18 06:30,14300.0,discharge_cfs,Salinas River near Spreckels
11152500,2023-03-18 06:45,14200.0,discharge_cfs,Salinas River near Spreckels
11152500,2023-03-18 07:00,14200.0,discharge_cfs,Salinas River near Spreckels
11152500,2023-03-18 07:15,14000.0,discharge_cfs,Salinas River near Spreckels
11152500,2023-03-18 07:30,13900.0,discharge_cfs,Salinas River near Spreckels
11152500,2023-03-18 07:45,13800.0,discharge_cfs,Salinas River near Spreckels
11152500,2023-03-18 08:00,13800.0,discharge_cfs,Salinas River near Spreckels
11152500,2023-03-18 08:15,13700.0,discharge_cfs,Salinas River near Spreckels
11152500,2023-03-18 08:30,13500.0,discharge_cfs,Salinas River near Spreckels
11152500,2023-03-18 08:45,13500.0,discharge_cfs,Salinas River near Spreckels
11152500,2023-03-18 09:00,13400.0,discharge_cfs,Salinas River near Spreckels
11152500,2023-03-18 09:15,13300.0,discharge_cfs,Salinas River near Spreckels
11152500,2023-03-18 09:30,13300.0,discharge_cfs,Salinas River near Spreckels
11152500,2023-03-18 09:45,13100.0,discharge_cfs,Salinas River near Spreckels
11152500,2023-03-18 10:00,13100.0,discharge_cfs,Salinas River near Spreckels
11152500,2023-03-18 10:15,13000.0,discharge_cfs,Salinas River near Spreckels
11152500,2023-03-18 10:30,13000.0,discharge_cfs,Salinas River near Spreckels
11152500,2023-03-18 10:45,12900.0,discharge_cfs,Salinas River near Spreckels
11152500,2023-03-18 11:00,12800.0,discharge_cfs,Salinas River near Spreckels
11152500,2023-03-18 11:15,12700.0,discharge_cfs,Salinas River near Spreckels
11152500,2023-03-18 11:30,12700.0,discharge_cfs,Salinas River near Spreckels
11152500,2023-03-18 11:45,12600.0,discharge_cfs,Salinas River near Spreckels
11152500,2023-03-18 12:00,12500.0,discharge_cfs,Salinas River near Spreckels
11152500,2023-03-18 12:15,12400.0,discharge_cfs,Salinas River near Spreckels
11152500,2023-03-18 12:30,12400.0,discharge_cfs,Salinas River near Spreckels
11152500,2023-03-18 12:45,12300.0,discharge_cfs,Salinas River near Spreckels
11152500,2023-03-18 13:00,12200.0,discharge_cfs,Salinas River near Spreckels
11152500,2023-03-18 13:15,12200.0,discharge_cfs,Salinas River near Spreckels
11152500,2023-03-18 13:30,12100.0,discharge_cfs,Salinas River near Spreckels
11152500,2023-03-18 13:45,12000.0,discharge_cfs,Salinas River near Spreckels
11152500,2023-03-18 14:00,12000.0,discharge_cfs,Salinas River near Spreckels
11152500,2023-03-18 14:15,11900.0,discharge_cfs,Salinas River near Spreckels
11152500,2023-03-18 14:30,11800.0,discharge_cfs,Salinas River near Spreckels
11152500,2023-03-18 15:15,11700.0,discharge_cfs,Salinas River near Spreckels
11152500,2023-03-18 15:45,11600.0,discharge_cfs,Salinas River near Spreckels
11152500,2023-03-18 16:00,11600.0,discharge_cfs,Salinas River near Spreckels
11152500,2023-03-18 16:15,11500.0,discharge_cfs,Salinas River near Spreckels
11152500,2023-03-18 16:30,11500.0,discharge_cfs,Salinas River near Spreckels
11152500,2023-03-18 16:45,11400.0,discharge_cfs,Salinas River near Spreckels
11152500,2023-03-18 17:15,11300.0,discharge_cfs,Salinas River near Spreckels
11152500,2023-03-18 18:45,11000.0,discharge_cfs,Salinas River near Spreckels
11152500,2023-03-18 19:30,10900.0,discharge_cfs,Salinas River near Spreckels
11152500,2023-03-18 19:45,10900.0,discharge_cfs,Salinas River near Spreckels
11152500,2023-03-18 21:00,10600.0,discharge_cfs,Salinas River near Spreckels
11152500,2023-03-18 21:15,10600.0,discharge_cfs,Salinas River near Spreckels
11152500,2023-03-18 23:00,10400.0,discharge_cfs,Salinas River near Spreckels
11152500,2023-03-18 23:45,10300.0,discharge_cfs,Salinas River near Spreckels
11152500,2023-03-19 00:30,10100.0,discharge_cfs,Salinas River near Spreckels
11152500,2023-03-19 00:45,10100.0,discharge_cfs,Salinas River near Spreckels
11152500,2023-03-19 01:00,10100.0,discharge_cfs,Salinas River near Spreckels
11152500,2023-03-19 01:15,10000.0,discharge_cfs,Salinas River near Spreckels
11152500,2023-03-19 01:45,10000.0,discharge_cfs,Salinas River near Spreckels
11152500,2023-03-19 02:00,9960.0,discharge_cfs,Salinas River near Spreckels
11152500,2023-03-19 02:15,9910.0,discharge_cfs,Salinas River near Spreckels
11152500,2023-03-19 02:30,9850.0,discharge_cfs,Salinas River near Spreckels
11152500,2023-03-19 02:45,9850.0,discharge_cfs,Salinas River near Spreckels
11152500,2023-03-19 03:15,9810.0,discharge_cfs,Salinas River near Spreckels
11152500,2023-03-19 03:30,9790.0,discharge_cfs,Salinas River near Spreckels
11152500,2023-03-19 04:00,9710.0,discharge_cfs,Salinas River near Spreckels
11152500,2023-03-19 04:30,9690.0,discharge_cfs,Salinas River near Spreckels
11152500,2023-03-19 04:45,9660.0,discharge_cfs,Salinas River near Spreckels
11152500,2023-03-19 05:00,9640.0,discharge_cfs,Salinas River near Spreckels
11152500,2023-03-19 05:15,9600.0,discharge_cfs,Salinas River near Spreckels
11152500,2023-03-19 05:30,9600.0,discharge_cfs,Salinas River near Spreckels
11152500,2023-03-19 05:45,9600.0,discharge_cfs,Salinas River near Spreckels
11152500,2023-03-19 06:00,9540.0,discharge_cfs,Salinas River near Spreckels
11152500,2023-03-19 06:15,9540.0,discharge_cfs,Salinas River near Spreckels
11152500,2023-03-19 06:30,9500.0,discharge_cfs,Salinas River near Spreckels
11152500,2023-03-19 06:45,9520.0,discharge_cfs,Salinas River near Spreckels
11152500,2023-03-19 07:00,9480.0,discharge_cfs,Salinas River near Spreckels
11152500,2023-03-19 07:15,9440.0,discharge_cfs,Salinas River near Spreckels
11152500,2023-03-19 07:30,9400.0,discharge_cfs,Salinas River near Spreckels
11152500,2023-03-19 07:45,9380.0,discharge_cfs,Salinas River near Spreckels
11152500,2023-03-19 08:00,9380.0,discharge_cfs,Salinas River near Spreckels
11152500,2023-03-19 08:15,9340.0,discharge_cfs,Salinas River near Spreckels
11152500,2023-03-19 08:30,9320.0,discharge_cfs,Salinas River near Spreckels
11152500,2023-03-19 08:45,9310.0,discharge_cfs,Salinas River near Spreckels
11152500,2023-03-19 09:00,9270.0,discharge_cfs,Salinas River near Spreckels
11152500,2023-03-19 09:15,9250.0,discharge_cfs,Salinas River near Spreckels
11152500,2023-03-19 09:30,9250.0,discharge_cfs,Salinas River near Spreckels
11152500,2023-03-19 09:45,9230.0,discharge_cfs,Salinas River near Spreckels
11152500,2023-03-19 10:00,9210.0,discharge_cfs,Salinas River near Spreckels
11152500,2023-03-19 10:15,9210.0,discharge_cfs,Salinas River near Spreckels
11152500,2023-03-19 10:30,9210.0,discharge_cfs,Salinas River near Spreckels
11152500,2023-03-19 10:45,9170.0,discharge_cfs,Salinas River near Spreckels
11152500,2023-03-19 11:00,9170.0,discharge_cfs,Salinas River near Spreckels
11152500,2023-03-19 11:15,9150.0,discharge_cfs,Salinas River near Spreckels
11152500,2023-03-19 11:30,9130.0,discharge_cfs,Salinas River near Spreckels
11152500,2023-03-19 11:45,9150.0,discharge_cfs,Salinas River near Spreckels
11152500,2023-03-19 12:00,9150.0,discharge_cfs,Salinas River near Spreckels
11152500,2023-03-19 12:15,9120.0,discharge_cfs,Salinas River near Spreckels
11152500,2023-03-19 12:30,9120.0,discharge_cfs,Salinas River near Spreckels
11152500,2023-03-19 12:45,9120.0,discharge_cfs,Salinas River near Spreckels
11152500,2023-03-19 13:00,9080.0,discharge_cfs,Salinas River near Spreckels
11152500,2023-03-19 13:15,9060.0,discharge_cfs,Salinas River near Spreckels
11152500,2023-03-19 13:30,9060.0,discharge_cfs,Salinas River near Spreckels
11152500,2023-03-19 13:45,9040.0,discharge_cfs,Salinas River near Spreckels
11152500,2023-03-19 14:00,9040.0,discharge_cfs,Salinas River near Spreckels
11152500,2023-03-19 14:15,9020.0,discharge_cfs,Salinas River near Spreckels
11152500,2023-03-19 14:30,9000.0,discharge_cfs,Salinas River near Spreckels
11152500,2023-03-19 15:00,8980.0,discharge_cfs,Salinas River near Spreckels
11152500,2023-03-19 15:15,8980.0,discharge_cfs,Salinas River near Spreckels
11152500,2023-03-19 15:30,8950.0,discharge_cfs,Salinas River near Spreckels
11152500,2023-03-19 15:45,8910.0,discharge_cfs,Salinas River near Spreckels
11152500,2023-03-19 16:00,8910.0,discharge_cfs,Salinas River near Spreckels
11152500,2023-03-19 16:15,8850.0,discharge_cfs,Salinas River near Spreckels
11152500,2023-03-19 16:30,8800.0,discharge_cfs,Salinas River near Spreckels
11152500,2023-03-19 17:00,8780.0,discharge_cfs,Salinas River near Spreckels
11152500,2023-03-19 17:15,8740.0,discharge_cfs,Salinas River near Spreckels
11152500,2023-03-19 17:45,8760.0,discharge_cfs,Salinas River near Spreckels
11152500,2023-03-19 18:30,8740.0,discharge_cfs,Salinas River near Spreckels
11152500,2023-03-19 19:00,8710.0,discharge_cfs,Salinas River near Spreckels
11152500,2023-03-19 19:30,8690.0,discharge_cfs,Salinas River near Spreckels
11152500,2023-03-19 19:45,8670.0,discharge_cfs,Salinas River near Spreckels
11152500,2023-03-19 20:30,8620.0,discharge_cfs,Salinas River near Spreckels
11152500,2023-03-19 20:45,8600.0,discharge_cfs,Salinas River near Spreckels
11152500,2023-03-19 21:15,8580.0,discharge_cfs,Salinas River near Spreckels
11152500,2023-03-19 21:30,8550.0,discharge_cfs,Salinas River near Spreckels
11152500,2023-03-19 22:00,8530.0,discharge_cfs,Salinas River near Spreckels
11152500,2023-03-19 22:15,8530.0,discharge_cfs,Salinas River near Spreckels
11152500,2023-03-19 22:30,8530.0,discharge_cfs,Salinas River near Spreckels
11152500,2023-03-19 22:45,8530.0,discharge_cfs,Salinas River near Spreckels
11152500,2023-03-19 23:00,8510.0,discharge_cfs,Salinas River near Spreckels
11152500,2023-03-19 23:15,8510.0,discharge_cfs,Salinas River near Spreckels
11152500,2023-03-19 23:45,8460.0,discharge_cfs,Salinas River near Spreckels
11152500,2023-03-20 00:00,8470.0,discharge_cfs,Salinas River near Spreckels
11152500,2023-03-20 00:15,8470.0,discharge_cfs,Salinas River near Spreckels
11152500,2023-03-20 00:30,8460.0,discharge_cfs,Salinas River near Spreckels
11152500,2023-03-20 00:45,8460.0,discharge_cfs,Salinas River near Spreckels
11152500,2023-03-20 02:00,8400.0,discharge_cfs,Salinas River near Spreckels
11152500,2023-03-20 02:15,8420.0,discharge_cfs,Salinas River near Spreckels
11152500,2023-03-20 02:30,8400.0,discharge_cfs,Salinas River near Spreckels
11152500,2023-03-20 02:45,8390.0,discharge_cfs,Salinas River near Spreckels
11152500,2023-03-20 03:00,8400.0,discharge_cfs,Salinas River near Spreckels
11152500,2023-03-20 03:30,8390.0,discharge_cfs,Salinas River near Spreckels
11152500,2023-03-20 03:45,8400.0,discharge_cfs,Salinas River near Spreckels
11152500,2023-03-20 04:00,8400.0,discharge_cfs,Salinas River near Spreckels
11152500,2023-03-20 04:15,8400.0,discharge_cfs,Salinas River near Spreckels
11152500,2023-03-20 04:30,8400.0,discharge_cfs,Salinas River near Spreckels
11152500,2023-03-20 04:45,8390.0,discharge_cfs,Salinas River near Spreckels
11152500,2023-03-20 06:15,8370.0,discharge_cfs,Salinas River near Spreckels
11152500,2023-03-20 07:15,8350.0,discharge_cfs,Salinas River near Spreckels
11152500,2023-03-20 08:15,8340.0,discharge_cfs,Salinas River near Spreckels
11152500,2023-03-20 08:30,8330.0,discharge_cfs,Salinas River near Spreckels
11152500,2023-03-20 09:00,8320.0,discharge_cfs,Salinas River near Spreckels
11152500,2023-03-20 09:15,8320.0,discharge_cfs,Salinas River near Spreckels
11152500,2023-03-20 10:00,8280.0,discharge_cfs,Salinas River near Spreckels
11152500,2023-03-20 10:15,8260.0,discharge_cfs,Salinas River near Spreckels
11152500,2023-03-20 10:45,8230.0,discharge_cfs,Salinas River near Spreckels
11152500,2023-03-20 11:00,8230.0,discharge_cfs,Salinas River near Spreckels
11152500,2023-03-20 11:15,8210.0,discharge_cfs,Salinas River near Spreckels
11152500,2023-03-20 11:30,8210.0,discharge_cfs,Salinas River near Spreckels
11152500,2023-03-20 12:30,8160.0,discharge_cfs,Salinas River near Spreckels
11152500,2023-03-20 12:45,8140.0,discharge_cfs,Salinas River near Spreckels
11152500,2023-03-20 13:00,8130.0,discharge_cfs,Salinas River near Spreckels
11152500,2023-03-20 13:15,8090.0,discharge_cfs,Salinas River near Spreckels
11152500,2023-03-20 13:30,8090.0,discharge_cfs,Salinas River near Spreckels
11152500,2023-03-20 13:45,8090.0,discharge_cfs,Salinas River near Spreckels
11152500,2023-03-20 14:00,8060.0,discharge_cfs,Salinas River near Spreckels
11152500,2023-03-20 14:15,8060.0,discharge_cfs,Salinas River near Spreckels
11152500,2023-03-20 14:30,8060.0,discharge_cfs,Salinas River near Spreckels
11152500,2023-03-20 14:45,8020.0,discharge_cfs,Salinas River near Spreckels
11152500,2023-03-20 15:00,8010.0,discharge_cfs,Salinas River near Spreckels
11152500,2023-03-20 15:15,8010.0,discharge_cfs,Salinas River near Spreckels
11152500,2023-03-20 15:30,7990.0,discharge_cfs,Salinas River near Spreckels
11152500,2023-03-20 15:45,7960.0,discharge_cfs,Salinas River near Spreckels
11152500,2023-03-20 16:00,7960.0,discharge_cfs,Salinas River near Spreckels
11152500,2023-03-20 16:15,7920.0,discharge_cfs,Salinas River near Spreckels
11152500,2023-03-20 16:30,7920.0,discharge_cfs,Salinas River near Spreckels
11152500,2023-03-20 16:45,7920.0,discharge_cfs,Salinas River near Spreckels
11152500,2023-03-20 17:00,7920.0,discharge_cfs,Salinas River near Spreckels
11152500,2023-03-20 17:15,7890.0,discharge_cfs,Salinas River near Spreckels
11152500,2023-03-20 17:30,7890.0,discharge_cfs,Salinas River near Spreckels
11152500,2023-03-20 17:45,7850.0,discharge_cfs,Salinas River near Spreckels
11152500,2023-03-20 18:00,7850.0,discharge_cfs,Salinas River near Spreckels
11152500,2023-03-20 18:15,7840.0,discharge_cfs,Salinas River near Spreckels
11152500,2023-03-20 18:30,7820.0,discharge_cfs,Salinas River near Spreckels
11152500,2023-03-20 18:45,7800.0,discharge_cfs,Salinas River near Spreckels
11152500,2023-03-20 19:00,7800.0,discharge_cfs,Salinas River near Spreckels
11152500,2023-03-20 19:15,7790.0,discharge_cfs,Salinas River near Spreckels
11152500,2023-03-20 19:30,7770.0,discharge_cfs,Salinas River near Spreckels
11152500,2023-03-20 19:45,7770.0,discharge_cfs,Salinas River near Spreckels
11152500,2023-03-20 20:00,7740.0,discharge_cfs,Salinas River near Spreckels
11152500,2023-03-20 20:15,7720.0,discharge_cfs,Salinas River near Spreckels
11152500,2023-03-20 20:30,7710.0,discharge_cfs,Salinas River near Spreckels
11152500,2023-03-20 20:45,7690.0,discharge_cfs,Salinas River near Spreckels
11152500,2023-03-20 21:00,7670.0,discharge_cfs,Salinas River near Spreckels
11152500,2023-03-20 21:15,7660.0,discharge_cfs,Salinas River near Spreckels
11152500,2023-03-20 21:30,7660.0,discharge_cfs,Salinas River near Spreckels
11152500,2023-03-20 21:45,7620.0,discharge_cfs,Salinas River near Spreckels
11152500,2023-03-20 22:00,7620.0,discharge_cfs,Salinas River near Spreckels
11152500,2023-03-20 22:15,7610.0,discharge_cfs,Salinas River near Spreckels
11152500,2023-03-20 22:30,7610.0,discharge_cfs,Salinas River near Spreckels
11152500,2023-03-20 22:45,7610.0,discharge_cfs,Salinas River near Spreckels
11152500,2023-03-20 23:00,7580.0,discharge_cfs,Salinas River near Spreckels
11152500,2023-03-20 23:15,7540.0,discharge_cfs,Salinas River near Spreckels
11152500,2023-03-20 23:30,7560.0,discharge_cfs,Salinas River near Spreckels
11152500,2023-03-20 23:45,7560.0,discharge_cfs,Salinas River near Spreckels
11152500,2023-03-21 00:00,7530.0,discharge_cfs,Salinas River near Spreckels
11152500,2023-03-21 00:15,7490.0,discharge_cfs,Salinas River near Spreckels
11152500,2023-03-21 00:30,7490.0,discharge_cfs,Salinas River near Spreckels
11152500,2023-03-21 00:45,7510.0,discharge_cfs,Salinas River near Spreckels
11152500,2023-03-21 01:00,7510.0,discharge_cfs,Salinas River near Spreckels
11152500,2023-03-21 01:15,7480.0,discharge_cfs,Salinas River near Spreckels
11152500,2023-03-21 01:30,7490.0,discharge_cfs,Salinas River near Spreckels
11152500,2023-03-21 01:45,7510.0,discharge_cfs,Salinas River near Spreckels
11152500,2023-03-21 02:00,7460.0,discharge_cfs,Salinas River near Spreckels
11152500,2023-03-21 02:15,7460.0,discharge_cfs,Salinas River near Spreckels
11152500,2023-03-21 02:30,7450.0,discharge_cfs,Salinas River near Spreckels
11152500,2023-03-21 02:45,7430.0,discharge_cfs,Salinas River near Spreckels
11152500,2023-03-21 03:00,7430.0,discharge_cfs,Salinas River near Spreckels
11152500,2023-03-21 03:15,7430.0,discharge_cfs,Salinas River near Spreckels
11152500,2023-03-21 03:30,7430.0,discharge_cfs,Salinas River near Spreckels
11152500,2023-03-21 03:45,7380.0,discharge_cfs,Salinas River near Spreckels
11152500,2023-03-21 04:00,7380.0,discharge_cfs,Salinas River near Spreckels
11152500,2023-03-21 04:15,7370.0,discharge_cfs,Salinas River near Spreckels
11152500,2023-03-21 04:30,7350.0,discharge_cfs,Salinas River near Spreckels
11152500,2023-03-21 04:45,7370.0,discharge_cfs,Salinas River near Spreckels
11152500,2023-03-21 05:00,7350.0,discharge_cfs,Salinas River near Spreckels
11152500,2023-03-21 05:15,7350.0,discharge_cfs,Salinas River near Spreckels
11152500,2023-03-21 05:30,7350.0,discharge_cfs,Salinas River near Spreckels
11152500,2023-03-21 05:45,7350.0,discharge_cfs,Salinas River near Spreckels
11152500,2023-03-21 06:00,7320.0,discharge_cfs,Salinas River near Spreckels
11152500,2023-03-21 06:15,7300.0,discharge_cfs,Salinas River near Spreckels
11152500,2023-03-21 06:30,7300.0,discharge_cfs,Salinas River near Spreckels
11152500,2023-03-21 06:45,7300.0,discharge_cfs,Salinas River near Spreckels
11152500,2023-03-21 07:00,7290.0,discharge_cfs,Salinas River near Spreckels
11152500,2023-03-21 07:15,7300.0,discharge_cfs,Salinas River near Spreckels
11152500,2023-03-21 07:30,7290.0,discharge_cfs,Salinas River near Spreckels
11152500,2023-03-21 07:45,7290.0,discharge_cfs,Salinas River near Spreckels
11152500,2023-03-21 08:00,7290.0,discharge_cfs,Salinas River near Spreckels
11152500,2023-03-21 08:15,7290.0,discharge_cfs,Salinas River near Spreckels
11152500,2023-03-21 08:30,7290.0,discharge_cfs,Salinas River near Spreckels
11152500,2023-03-21 08:45,7290.0,discharge_cfs,Salinas River near Spreckels
11152500,2023-03-21 09:00,7290.0,discharge_cfs,Salinas River near Spreckels
11152500,2023-03-21 09:15,7270.0,discharge_cfs,Salinas River near Spreckels
11152500,2023-03-21 09:30,7270.0,discharge_cfs,Salinas River near Spreckels
11152500,2023-03-21 09:45,7270.0,discharge_cfs,Salinas River near Spreckels
11152500,2023-03-21 10:00,7300.0,discharge_cfs,Salinas River near Spreckels
11152500,2023-03-21 10:15,7290.0,discharge_cfs,Salinas River near Spreckels
11152500,2023-03-21 10:30,7270.0,discharge_cfs,Salinas River near Spreckels
11152500,2023-03-21 10:45,7240.0,discharge_cfs,Salinas River near Spreckels
11152500,2023-03-21 11:00,7240.0,discharge_cfs,Salinas River near Spreckels
11152500,2023-03-21 11:15,7230.0,discharge_cfs,Salinas River near Spreckels
11152500,2023-03-21 11:30,7230.0,discharge_cfs,Salinas River near Spreckels
11152500,2023-03-21 11:45,7240.0,discharge_cfs,Salinas River near Spreckels
11152500,2023-03-21 12:00,7230.0,discharge_cfs,Salinas River near Spreckels
11152500,2023-03-21 12:15,7230.0,discharge_cfs,Salinas River near Spreckels
11152500,2023-03-21 12:30,7210.0,discharge_cfs,Salinas River near Spreckels
11152500,2023-03-21 12:45,7200.0,discharge_cfs,Salinas River near Spreckels
11152500,2023-03-21 13:15,7210.0,discharge_cfs,Salinas River near Spreckels
11152500,2023-03-21 13:30,7200.0,discharge_cfs,Salinas River near Spreckels
11152500,2023-03-21 13:45,7210.0,discharge_cfs,Salinas River near Spreckels
11152500,2023-03-21 14:00,7180.0,discharge_cfs,Salinas River near Spreckels
11152500,2023-03-21 14:15,7170.0,discharge_cfs,Salinas River near Spreckels
11152500,2023-03-21 14:30,7170.0,discharge_cfs,Salinas River near Spreckels
11152500,2023-03-21 14:45,7170.0,discharge_cfs,Salinas River near Spreckels
11152500,2023-03-21 15:00,7150.0,discharge_cfs,Salinas River near Spreckels
11152500,2023-03-21 15:15,7150.0,discharge_cfs,Salinas River near Spreckels
11152500,2023-03-21 15:30,7170.0,discharge_cfs,Salinas River near Spreckels
11152500,2023-03-21 15:45,7140.0,discharge_cfs,Salinas River near Spreckels
11152500,2023-03-21 16:00,7130.0,discharge_cfs,Salinas River near Spreckels
11152500,2023-03-21 16:15,7110.0,discharge_cfs,Salinas River near Spreckels
11152500,2023-03-21 16:30,7140.0,discharge_cfs,Salinas River near Spreckels
11152500,2023-03-21 16:45,7110.0,discharge_cfs,Salinas River near Spreckels
11152500,2023-03-21 17:00,7140.0,discharge_cfs,Salinas River near Spreckels
11152500,2023-03-21 17:15,7100.0,discharge_cfs,Salinas River near Spreckels
11152500,2023-03-21 17:30,7140.0,discharge_cfs,Salinas River near Spreckels
11152500,2023-03-21 17:45,7110.0,discharge_cfs,Salinas River near Spreckels
11152500,2023-03-21 18:00,7130.0,discharge_cfs,Salinas River near Spreckels
11152500,2023-03-21 18:15,7110.0,discharge_cfs,Salinas River near Spreckels
11152500,2023-03-21 18:30,7130.0,discharge_cfs,Salinas River near Spreckels
11152500,2023-03-21 18:45,7110.0,discharge_cfs,Salinas River near Spreckels
11152500,2023-03-21 19:00,7110.0,discharge_cfs,Salinas River near Spreckels
11152500,2023-03-21 19:15,7130.0,discharge_cfs,Salinas River near Spreckels
11152500,2023-03-21 19:30,7110.0,discharge_cfs,Salinas River near Spreckels
11152500,2023-03-21 19:45,7100.0,discharge_cfs,Salinas River near Spreckels
11152500,2023-03-21 20:00,7140.0,discharge_cfs,Salinas River near Spreckels
11152500,2023-03-21 20:15,7110.0,discharge_cfs,Salinas River near Spreckels
11152500,2023-03-21 20:30,7110.0,discharge_cfs,Salinas River near Spreckels
11152500,2023-03-21 20:45,7110.0,discharge_cfs,Salinas River near Spreckels
11152500,2023-03-21 21:00,7110.0,discharge_cfs,Salinas River near Spreckels
11152500,2023-03-21 21:15,7110.0,discharge_cfs,Salinas River near Spreckels
11152500,2023-03-21 21:30,7100.0,discharge_cfs,Salinas River near Spreckels
11152500,2023-03-21 21:45,7100.0,discharge_cfs,Salinas River near Spreckels
11152500,2023-03-21 22:00,7100.0,discharge_cfs,Salinas River near Spreckels
11152500,2023-03-21 22:15,7100.0,discharge_cfs,Salinas River near Spreckels
11152500,2023-03-21 22:30,7080.0,discharge_cfs,Salinas River near Spreckels
11152500,2023-03-21 22:45,7080.0,discharge_cfs,Salinas River near Spreckels
11152500,2023-03-21 23:00,7080.0,discharge_cfs,Salinas River near Spreckels
11152500,2023-03-21 23:15,7080.0,discharge_cfs,Salinas River near Spreckels
11152500,2023-03-21 23:30,7050.0,discharge_cfs,Salinas River near Spreckels
11152500,2023-03-21 23:45,7050.0,discharge_cfs,Salinas River near Spreckels
11152500,2023-03-22 00:00,7040.0,discharge_cfs,Salinas River near Spreckels
11152500,2023-03-22 00:15,7030.0,discharge_cfs,Salinas River near Spreckels
11152500,2023-03-22 00:30,7030.0,discharge_cfs,Salinas River near Spreckels
11152500,2023-03-22 00:45,7000.0,discharge_cfs,Salinas River near Spreckels
11152500,2023-03-22 01:00,7000.0,discharge_cfs,Salinas River near Spreckels
11152500,2023-03-22 01:15,6980.0,discharge_cfs,Salinas River near Spreckels
11152500,2023-03-22 01:30,6950.0,discharge_cfs,Salinas River near Spreckels
11152500,2023-03-22 01:45,6950.0,discharge_cfs,Salinas River near Spreckels
11152500,2023-03-22 02:00,6950.0,discharge_cfs,Salinas River near Spreckels
11152500,2023-03-22 02:15,6910.0,discharge_cfs,Salinas River near Spreckels
11152500,2023-03-22 02:30,6910.0,discharge_cfs,Salinas River near Spreckels
11152500,2023-03-22 02:45,6900.0,discharge_cfs,Salinas River near Spreckels
11152500,2023-03-22 03:00,6870.0,discharge_cfs,Salinas River near Spreckels
11152500,2023-03-22 03:15,6860.0,discharge_cfs,Salinas River near Spreckels
11152500,2023-03-22 03:30,6830.0,discharge_cfs,Salinas River near Spreckels
11152500,2023-03-22 03:45,6820.0,discharge_cfs,Salinas River near Spreckels
11152500,2023-03-22 04:00,6790.0,discharge_cfs,Salinas River near Spreckels
11152500,2023-03-22 04:15,6770.0,discharge_cfs,Salinas River near Spreckels
11152500,2023-03-22 04:30,6760.0,discharge_cfs,Salinas River near Spreckels
11152500,2023-03-22 04:45,6720.0,discharge_cfs,Salinas River near Spreckels
11152500,2023-03-22 05:00,6700.0,discharge_cfs,Salinas River near Spreckels
11152500,2023-03-22 05:15,6690.0,discharge_cfs,Salinas River near Spreckels
11152500,2023-03-22 05:30,6660.0,discharge_cfs,Salinas River near Spreckels
11152500,2023-03-22 05:45,6650.0,discharge_cfs,Salinas River near Spreckels
11152500,2023-03-22 06:00,6620.0,discharge_cfs,Salinas River near Spreckels
11152500,2023-03-22 06:15,6600.0,discharge_cfs,Salinas River near Spreckels
11152500,2023-03-22 06:30,6560.0,discharge_cfs,Salinas River near Spreckels
11152500,2023-03-22 06:45,6530.0,discharge_cfs,Salinas River near Spreckels
11152500,2023-03-22 07:00,6500.0,discharge_cfs,Salinas River near Spreckels
11152500,2023-03-22 07:15,6480.0,discharge_cfs,Salinas River near Spreckels
11152500,2023-03-22 07:30,6450.0,discharge_cfs,Salinas River near Spreckels
11152500,2023-03-22 07:45,6410.0,discharge_cfs,Salinas River near Spreckels
11152500,2023-03-22 08:00,6380.0,discharge_cfs,Salinas River near Spreckels
11152500,2023-03-22 08:15,6360.0,discharge_cfs,Salinas River near Spreckels
11152500,2023-03-22 08:30,6330.0,discharge_cfs,Salinas River near Spreckels
11152500,2023-03-22 08:45,6300.0,discharge_cfs,Salinas River near Spreckels
11152500,2023-03-22 09:00,6270.0,discharge_cfs,Salinas River near Spreckels
11152500,2023-03-22 09:15,6250.0,discharge_cfs,Salinas River near Spreckels
11152500,2023-03-22 09:30,6240.0,discharge_cfs,Salinas River near Spreckels
11152500,2023-03-22 09:45,6230.0,discharge_cfs,Salinas River near Spreckels
11152500,2023-03-22 10:00,6220.0,discharge_cfs,Salinas River near Spreckels
11152500,2023-03-22 10:15,6210.0,discharge_cfs,Salinas River near Spreckels
11152500,2023-03-22 10:30,6190.0,discharge_cfs,Salinas River near Spreckels
11152500,2023-03-22 10:45,6180.0,discharge_cfs,Salinas River near Spreckels
11152500,2023-03-22 11:00,6170.0,discharge_cfs,Salinas River near Spreckels
11152500,2023-03-22 11:15,6150.0,discharge_cfs,Salinas River near Spreckels
11152500,2023-03-22 11:30,6130.0,discharge_cfs,Salinas River near Spreckels
11152500,2023-03-22 11:45,6120.0,discharge_cfs,Salinas River near Spreckels
11152500,2023-03-22 12:00,6120.0,discharge_cfs,Salinas River near Spreckels
11152500,2023-03-22 12:15,6110.0,discharge_cfs,Salinas River near Spreckels
11152500,2023-03-22 12:30,6110.0,discharge_cfs,Salinas River near Spreckels
11152500,2023-03-22 12:45,6100.0,discharge_cfs,Salinas River near Spreckels
11152500,2023-03-22 13:00,6100.0,discharge_cfs,Salinas River near Spreckels
11152500,2023-03-22 13:15,6090.0,discharge_cfs,Salinas River near Spreckels
11152500,2023-03-22 13:30,6080.0,discharge_cfs,Salinas River near Spreckels
11152500,2023-03-22 13:45,6090.0,discharge_cfs,Salinas River near Spreckels
11152500,2023-03-22 14:00,6090.0,discharge_cfs,Salinas River near Spreckels
11152500,2023-03-22 14:15,6090.0,discharge_cfs,Salinas River near Spreckels
11152500,2023-03-22 14:30,6090.0,discharge_cfs,Salinas River near Spreckels
11152500,2023-03-22 14:45,6090.0,discharge_cfs,Salinas River near Spreckels
11152500,2023-03-22 15:00,6090.0,discharge_cfs,Salinas River near Spreckels
11152500,2023-03-22 15:15,6090.0,discharge_cfs,Salinas River near Spreckels
11152500,2023-03-22 15:30,6090.0,discharge_cfs,Salinas River near Spreckels
11152500,2023-03-22 15:45,6090.0,discharge_cfs,Salinas River near Spreckels
11152500,2023-03-22 16:00,6090.0,discharge_cfs,Salinas River near Spreckels
11152500,2023-03-22 16:15,6090.0,discharge_cfs,Salinas River near Spreckels
11152500,2023-03-22 16:30,6090.0,discharge_cfs,Salinas River near Spreckels
11152500,2023-03-22 16:45,6090.0,discharge_cfs,Salinas River near Spreckels
11152500,2023-03-22 17:00,6090.0,discharge_cfs,Salinas River near Spreckels
11152500,2023-03-22 17:15,6090.0,discharge_cfs,Salinas River near Spreckels
11152500,2023-03-22 17:30,6100.0,discharge_cfs,Salinas River near Spreckels
11152500,2023-03-22 18:00,6090.0,discharge_cfs,Salinas River near Spreckels
11152500,2023-03-22 18:15,6090.0,discharge_cfs,Salinas River near Spreckels
11152500,2023-03-22 18:30,6100.0,discharge_cfs,Salinas River near Spreckels
11152500,2023-03-22 18:45,6110.0,discharge_cfs,Salinas River near Spreckels
11152500,2023-03-22 19:15,6120.0,discharge_cfs,Salinas River near Spreckels
11152500,2023-03-22 19:30,6120.0,discharge_cfs,Salinas River near Spreckels
11152500,2023-03-22 19:45,6130.0,discharge_cfs,Salinas River near Spreckels
11152500,2023-03-22 20:00,6130.0,discharge_cfs,Salinas River near Spreckels
11152500,2023-03-22 20:30,6140.0,discharge_cfs,Salinas River near Spreckels
11152500,2023-03-22 21:15,6140.0,discharge_cfs,Salinas River near Spreckels
11152500,2023-03-22 23:00,6150.0,discharge_cfs,Salinas River near Spreckels
11152500,2023-03-08 00:00,16.5,gage_height_ft,Salinas River near Spreckels
11152500,2023-03-08 00:15,16.5,gage_height_ft,Salinas River near Spreckels
11152500,2023-03-08 00:30,16.51,gage_height_ft,Salinas River near Spreckels
11152500,2023-03-08 00:45,16.51,gage_height_ft,Salinas River near Spreckels
11152500,2023-03-08 01:00,16.52,gage_height_ft,Salinas River near Spreckels
11152500,2023-03-08 01:15,16.54,gage_height_ft,Salinas River near Spreckels
11152500,2023-03-08 01:30,16.53,gage_height_ft,Salinas River near Spreckels
11152500,2023-03-08 01:45,16.54,gage_height_ft,Salinas River near Spreckels
11152500,2023-03-08 02:00,16.54,gage_height_ft,Salinas River near Spreckels
11152500,2023-03-08 02:15,16.54,gage_height_ft,Salinas River near Spreckels
11152500,2023-03-08 02:30,16.55,gage_height_ft,Salinas River near Spreckels
11152500,2023-03-08 02:45,16.56,gage_height_ft,Salinas River near Spreckels
11152500,2023-03-08 03:00,16.57,gage_height_ft,Salinas River near Spreckels
11152500,2023-03-08 03:15,16.57,gage_height_ft,Salinas River near Spreckels
11152500,2023-03-08 03:30,16.56,gage_height_ft,Salinas River near Spreckels
11152500,2023-03-08 03:45,16.57,gage_height_ft,Salinas River near Spreckels
11152500,2023-03-08 04:00,16.57,gage_height_ft,Salinas River near Spreckels
11152500,2023-03-08 04:15,16.57,gage_height_ft,Salinas River near Spreckels
11152500,2023-03-08 04:30,16.56,gage_height_ft,Salinas River near Spreckels
11152500,2023-03-08 04:45,16.56,gage_height_ft,Salinas River near Spreckels
11152500,2023-03-08 05:00,16.57,gage_height_ft,Salinas River near Spreckels
11152500,2023-03-08 05:15,16.58,gage_height_ft,Salinas River near Spreckels
11152500,2023-03-08 05:30,16.57,gage_height_ft,Salinas River near Spreckels
11152500,2023-03-08 05:45,16.56,gage_height_ft,Salinas River near Spreckels
11152500,2023-03-08 06:00,16.56,gage_height_ft,Salinas River near Spreckels
11152500,2023-03-08 06:15,16.55,gage_height_ft,Salinas River near Spreckels
11152500,2023-03-08 06:30,16.55,gage_height_ft,Salinas River near Spreckels
11152500,2023-03-08 06:45,16.53,gage_height_ft,Salinas River near Spreckels
11152500,2023-03-08 07:00,16.51,gage_height_ft,Salinas River near Spreckels
11152500,2023-03-08 07:15,16.51,gage_height_ft,Salinas River near Spreckels
11152500,2023-03-08 07:30,16.5,gage_height_ft,Salinas River near Spreckels
11152500,2023-03-08 07:45,16.47,gage_height_ft,Salinas River near Spreckels
11152500,2023-03-08 08:00,16.45,gage_height_ft,Salinas River near Spreckels
11152500,2023-03-08 08:15,16.44,gage_height_ft,Salinas River near Spreckels
11152500,2023-03-08 08:30,16.43,gage_height_ft,Salinas River near Spreckels
11152500,2023-03-08 08:45,16.42,gage_height_ft,Salinas River near Spreckels
11152500,2023-03-08 09:00,16.39,gage_height_ft,Salinas River near Spreckels
11152500,2023-03-08 09:15,16.38,gage_height_ft,Salinas River near Spreckels
11152500,2023-03-08 09:30,16.35,gage_height_ft,Salinas River near Spreckels
11152500,2023-03-08 09:45,16.32,gage_height_ft,Salinas River near Spreckels
11152500,2023-03-08 10:00,16.29,gage_height_ft,Salinas River near Spreckels
11152500,2023-03-08 10:15,16.27,gage_height_ft,Salinas River near Spreckels
11152500,2023-03-08 10:30,16.23,gage_height_ft,Salinas River near Spreckels
11152500,2023-03-08 10:45,16.2,gage_height_ft,Salinas River near Spreckels
11152500,2023-03-08 11:00,16.17,gage_height_ft,Salinas River near Spreckels
11152500,2023-03-08 11:15,16.13,gage_height_ft,Salinas River near Spreckels
11152500,2023-03-08 11:30,16.09,gage_height_ft,Salinas River near Spreckels
11152500,2023-03-08 11:45,16.06,gage_height_ft,Salinas River near Spreckels
11152500,2023-03-08 12:00,16.03,gage_height_ft,Salinas River near Spreckels
11152500,2023-03-08 12:15,15.98,gage_height_ft,Salinas River near Spreckels
11152500,2023-03-08 12:30,15.93,gage_height_ft,Salinas River near Spreckels
11152500,2023-03-08 12:45,15.89,gage_height_ft,Salinas River near Spreckels
11152500,2023-03-08 13:00,15.84,gage_height_ft,Salinas River near Spreckels
11152500,2023-03-08 13:15,15.8,gage_height_ft,Salinas River near Spreckels
11152500,2023-03-08 13:30,15.77,gage_height_ft,Salinas River near Spreckels
11152500,2023-03-08 13:45,15.71,gage_height_ft,Salinas River near Spreckels
11152500,2023-03-08 14:00,15.67,gage_height_ft,Salinas River near Spreckels
11152500,2023-03-08 14:15,15.62,gage_height_ft,Salinas River near Spreckels
11152500,2023-03-08 14:30,15.56,gage_height_ft,Salinas River near Spreckels
11152500,2023-03-08 14:45,15.52,gage_height_ft,Salinas River near Spreckels
11152500,2023-03-08 15:00,15.47,gage_height_ft,Salinas River near Spreckels
11152500,2023-03-08 15:15,15.4,gage_height_ft,Salinas River near Spreckels
11152500,2023-03-08 15:30,15.36,gage_height_ft,Salinas River near Spreckels
11152500,2023-03-08 15:45,15.32,gage_height_ft,Salinas River near Spreckels
11152500,2023-03-08 16:00,15.26,gage_height_ft,Salinas River near Spreckels
11152500,2023-03-08 16:15,15.22,gage_height_ft,Salinas River near Spreckels
11152500,2023-03-08 16:30,15.17,gage_height_ft,Salinas River near Spreckels
11152500,2023-03-08 16:45,15.12,gage_height_ft,Salinas River near Spreckels
11152500,2023-03-08 17:00,15.07,gage_height_ft,Salinas River near Spreckels
11152500,2023-03-08 17:15,15.02,gage_height_ft,Salinas River near Spreckels
11152500,2023-03-08 17:30,14.97,gage_height_ft,Salinas River near Spreckels
11152500,2023-03-08 17:45,14.91,gage_height_ft,Salinas River near Spreckels
11152500,2023-03-08 18:00,14.87,gage_height_ft,Salinas River near Spreckels
11152500,2023-03-08 18:15,14.82,gage_height_ft,Salinas River near Spreckels
11152500,2023-03-08 18:30,14.77,gage_height_ft,Salinas River near Spreckels
11152500,2023-03-08 18:45,14.73,gage_height_ft,Salinas River near Spreckels
11152500,2023-03-08 19:00,14.67,gage_height_ft,Salinas River near Spreckels
11152500,2023-03-08 19:15,14.64,gage_height_ft,Salinas River near Spreckels
11152500,2023-03-08 19:30,14.59,gage_height_ft,Salinas River near Spreckels
11152500,2023-03-08 19:45,14.54,gage_height_ft,Salinas River near Spreckels
11152500,2023-03-08 20:00,14.49,gage_height_ft,Salinas River near Spreckels
11152500,2023-03-08 20:15,14.45,gage_height_ft,Salinas River near Spreckels
11152500,2023-03-08 20:30,14.41,gage_height_ft,Salinas River near Spreckels
11152500,2023-03-08 20:45,14.37,gage_height_ft,Salinas River near Spreckels
11152500,2023-03-08 21:00,14.32,gage_height_ft,Salinas River near Spreckels
11152500,2023-03-08 21:15,14.28,gage_height_ft,Salinas River near Spreckels
11152500,2023-03-08 21:30,14.23,gage_height_ft,Salinas River near Spreckels
11152500,2023-03-08 21:45,14.19,gage_height_ft,Salinas River near Spreckels
11152500,2023-03-08 22:00,14.15,gage_height_ft,Salinas River near Spreckels
11152500,2023-03-08 22:15,14.11,gage_height_ft,Salinas River near Spreckels
11152500,2023-03-08 22:30,14.07,gage_height_ft,Salinas River near Spreckels
11152500,2023-03-08 22:45,14.03,gage_height_ft,Salinas River near Spreckels
11152500,2023-03-08 23:00,14.0,gage_height_ft,Salinas River near Spreckels
11152500,2023-03-08 23:15,13.97,gage_height_ft,Salinas River near Spreckels
11152500,2023-03-08 23:30,13.93,gage_height_ft,Salinas River near Spreckels
11152500,2023-03-08 23:45,13.9,gage_height_ft,Salinas River near Spreckels
11152500,2023-03-09 00:00,13.86,gage_height_ft,Salinas River near Spreckels
11152500,2023-03-09 00:15,13.83,gage_height_ft,Salinas River near Spreckels
11152500,2023-03-09 00:30,13.8,gage_height_ft,Salinas River near Spreckels
11152500,2023-03-09 00:45,13.76,gage_height_ft,Salinas River near Spreckels
11152500,2023-03-09 01:00,13.73,gage_height_ft,Salinas River near Spreckels
11152500,2023-03-09 01:15,13.7,gage_height_ft,Salinas River near Spreckels
11152500,2023-03-09 01:30,13.67,gage_height_ft,Salinas River near Spreckels
11152500,2023-03-09 01:45,13.64,gage_height_ft,Salinas River near Spreckels
11152500,2023-03-09 02:00,13.6,gage_height_ft,Salinas River near Spreckels
11152500,2023-03-09 02:15,13.58,gage_height_ft,Salinas River near Spreckels
11152500,2023-03-09 02:30,13.55,gage_height_ft,Salinas River near Spreckels
11152500,2023-03-09 02:45,13.52,gage_height_ft,Salinas River near Spreckels
11152500,2023-03-09 03:00,13.49,gage_height_ft,Salinas River near Spreckels
11152500,2023-03-09 03:15,13.47,gage_height_ft,Salinas River near Spreckels
11152500,2023-03-09 03:30,13.45,gage_height_ft,Salinas River near Spreckels
11152500,2023-03-09 03:45,13.41,gage_height_ft,Salinas River near Spreckels
11152500,2023-03-09 04:00,13.4,gage_height_ft,Salinas River near Spreckels
11152500,2023-03-09 04:15,13.37,gage_height_ft,Salinas River near Spreckels
11152500,2023-03-09 04:30,13.35,gage_height_ft,Salinas River near Spreckels
11152500,2023-03-09 04:45,13.33,gage_height_ft,Salinas River near Spreckels
11152500,2023-03-09 05:00,13.31,gage_height_ft,Salinas River near Spreckels
11152500,2023-03-09 05:15,13.3,gage_height_ft,Salinas River near Spreckels
11152500,2023-03-09 05:30,13.27,gage_height_ft,Salinas River near Spreckels
11152500,2023-03-09 05:45,13.25,gage_height_ft,Salinas River near Spreckels
11152500,2023-03-09 06:00,13.23,gage_height_ft,Salinas River near Spreckels
11152500,2023-03-09 06:15,13.21,gage_height_ft,Salinas River near Spreckels
11152500,2023-03-09 06:30,13.2,gage_height_ft,Salinas River near Spreckels
11152500,2023-03-09 06:45,13.18,gage_height_ft,Salinas River near Spreckels
11152500,2023-03-09 07:00,13.17,gage_height_ft,Salinas River near Spreckels
11152500,2023-03-09 07:15,13.15,gage_height_ft,Salinas River near Spreckels
11152500,2023-03-09 07:30,13.14,gage_height_ft,Salinas River near Spreckels
11152500,2023-03-09 07:45,13.13,gage_height_ft,Salinas River near Spreckels
11152500,2023-03-09 08:00,13.12,gage_height_ft,Salinas River near Spreckels
11152500,2023-03-09 08:15,13.11,gage_height_ft,Salinas River near Spreckels
11152500,2023-03-09 08:30,13.1,gage_height_ft,Salinas River near Spreckels
11152500,2023-03-09 08:45,13.08,gage_height_ft,Salinas River near Spreckels
11152500,2023-03-09 09:00,13.07,gage_height_ft,Salinas River near Spreckels
11152500,2023-03-09 09:15,13.06,gage_height_ft,Salinas River near Spreckels
11152500,2023-03-09 09:30,13.06,gage_height_ft,Salinas River near Spreckels
11152500,2023-03-09 09:45,13.05,gage_height_ft,Salinas River near Spreckels
11152500,2023-03-09 10:00,13.04,gage_height_ft,Salinas River near Spreckels
11152500,2023-03-09 10:15,13.03,gage_height_ft,Salinas River near Spreckels
11152500,2023-03-09 10:30,13.02,gage_height_ft,Salinas River near Spreckels
11152500,2023-03-09 10:45,13.02,gage_height_ft,Salinas River near Spreckels
11152500,2023-03-09 11:00,13.02,gage_height_ft,Salinas River near Spreckels
11152500,2023-03-09 11:15,13.01,gage_height_ft,Salinas River near Spreckels
11152500,2023-03-09 11:30,13.01,gage_height_ft,Salinas River near Spreckels
11152500,2023-03-09 11:45,13.01,gage_height_ft,Salinas River near Spreckels
11152500,2023-03-09 12:00,13.01,gage_height_ft,Salinas River near Spreckels
11152500,2023-03-09 12:15,13.01,gage_height_ft,Salinas River near Spreckels
11152500,2023-03-09 12:30,13.02,gage_height_ft,Salinas River near Spreckels
11152500,2023-03-09 12:45,13.02,gage_height_ft,Salinas River near Spreckels
11152500,2023-03-09 13:00,13.03,gage_height_ft,Salinas River near Spreckels
11152500,2023-03-09 13:15,13.03,gage_height_ft,Salinas River near Spreckels
11152500,2023-03-09 13:30,13.04,gage_height_ft,Salinas River near Spreckels
11152500,2023-03-09 13:45,13.05,gage_height_ft,Salinas River near Spreckels
11152500,2023-03-09 14:00,13.06,gage_height_ft,Salinas River near Spreckels
11152500,2023-03-09 14:15,13.07,gage_height_ft,Salinas River near Spreckels
11152500,2023-03-09 14:30,13.09,gage_height_ft,Salinas River near Spreckels
11152500,2023-03-09 14:45,13.1,gage_height_ft,Salinas River near Spreckels
11152500,2023-03-09 15:00,13.12,gage_height_ft,Salinas River near Spreckels
11152500,2023-03-09 15:15,13.12,gage_height_ft,Salinas River near Spreckels
11152500,2023-03-09 15:30,13.14,gage_height_ft,Salinas River near Spreckels
11152500,2023-03-09 15:45,13.15,gage_height_ft,Salinas River near Spreckels
11152500,2023-03-09 16:00,13.16,gage_height_ft,Salinas River near Spreckels
11152500,2023-03-09 16:15,13.18,gage_height_ft,Salinas River near Spreckels
11152500,2023-03-09 16:30,13.19,gage_height_ft,Salinas River near Spreckels
11152500,2023-03-09 16:45,13.2,gage_height_ft,Salinas River near Spreckels
11152500,2023-03-09 17:00,13.23,gage_height_ft,Salinas River near Spreckels
11152500,2023-03-09 17:15,13.25,gage_height_ft,Salinas River near Spreckels
11152500,2023-03-09 17:30,13.25,gage_height_ft,Salinas River near Spreckels
11152500,2023-03-09 17:45,13.27,gage_height_ft,Salinas River near Spreckels
11152500,2023-03-09 18:00,13.29,gage_height_ft,Salinas River near Spreckels
11152500,2023-03-09 18:15,13.29,gage_height_ft,Salinas River near Spreckels
11152500,2023-03-09 18:30,13.31,gage_height_ft,Salinas River near Spreckels
11152500,2023-03-09 18:45,13.32,gage_height_ft,Salinas River near Spreckels
11152500,2023-03-09 19:00,13.33,gage_height_ft,Salinas River near Spreckels
11152500,2023-03-09 19:15,13.35,gage_height_ft,Salinas River near Spreckels
11152500,2023-03-09 19:30,13.35,gage_height_ft,Salinas River near Spreckels
11152500,2023-03-09 19:45,13.38,gage_height_ft,Salinas River near Spreckels
11152500,2023-03-09 20:00,13.39,gage_height_ft,Salinas River near Spreckels
11152500,2023-03-09 20:15,13.41,gage_height_ft,Salinas River near Spreckels
11152500,2023-03-09 20:30,13.44,gage_height_ft,Salinas River near Spreckels
11152500,2023-03-09 20:45,13.44,gage_height_ft,Salinas River near Spreckels
11152500,2023-03-09 21:00,13.46,gage_height_ft,Salinas River near Spreckels
11152500,2023-03-09 21:15,13.47,gage_height_ft,Salinas River near Spreckels
11152500,2023-03-09 21:30,13.49,gage_height_ft,Salinas River near Spreckels
11152500,2023-03-09 21:45,13.5,gage_height_ft,Salinas River near Spreckels
11152500,2023-03-09 22:00,13.52,gage_height_ft,Salinas River near Spreckels
11152500,2023-03-09 22:15,13.54,gage_height_ft,Salinas River near Spreckels
11152500,2023-03-09 22:30,13.56,gage_height_ft,Salinas River near Spreckels
11152500,2023-03-09 22:45,13.58,gage_height_ft,Salinas River near Spreckels
11152500,2023-03-09 23:00,13.59,gage_height_ft,Salinas River near Spreckels
11152500,2023-03-09 23:15,13.62,gage_height_ft,Salinas River near Spreckels
11152500,2023-03-09 23:30,13.64,gage_height_ft,Salinas River near Spreckels
11152500,2023-03-09 23:45,13.66,gage_height_ft,Salinas River near Spreckels
11152500,2023-03-10 00:00,13.68,gage_height_ft,Salinas River near Spreckels
11152500,2023-03-10 00:15,13.71,gage_height_ft,Salinas River near Spreckels
11152500,2023-03-10 00:30,13.74,gage_height_ft,Salinas River near Spreckels
11152500,2023-03-10 00:45,13.78,gage_height_ft,Salinas River near Spreckels
11152500,2023-03-10 01:00,13.8,gage_height_ft,Salinas River near Spreckels
11152500,2023-03-10 01:15,13.82,gage_height_ft,Salinas River near Spreckels
11152500,2023-03-10 01:30,13.86,gage_height_ft,Salinas River near Spreckels
11152500,2023-03-10 01:45,13.89,gage_height_ft,Salinas River near Spreckels
11152500,2023-03-10 02:00,13.92,gage_height_ft,Salinas River near Spreckels
11152500,2023-03-10 02:15,13.97,gage_height_ft,Salinas River near Spreckels
11152500,2023-03-10 02:30,13.99,gage_height_ft,Salinas River near Spreckels
11152500,2023-03-10 02:45,14.02,gage_height_ft,Salinas River near Spreckels
11152500,2023-03-10 03:00,14.07,gage_height_ft,Salinas River near Spreckels
11152500,2023-03-10 03:15,14.11,gage_height_ft,Salinas River near Spreckels
11152500,2023-03-10 03:30,14.14,gage_height_ft,Salinas River near Spreckels
11152500,2023-03-10 03:45,14.19,gage_height_ft,Salinas River near Spreckels
11152500,2023-03-10 04:00,14.24,gage_height_ft,Salinas River near Spreckels
11152500,2023-03-10 04:15,14.28,gage_height_ft,Salinas River near Spreckels
11152500,2023-03-10 04:30,14.32,gage_height_ft,Salinas River near Spreckels
11152500,2023-03-10 04:45,14.37,gage_height_ft,Salinas River near Spreckels
11152500,2023-03-10 05:00,14.41,gage_height_ft,Salinas River near Spreckels
11152500,2023-03-10 05:15,14.46,gage_height_ft,Salinas River near Spreckels
11152500,2023-03-10 05:30,14.5,gage_height_ft,Salinas River near Spreckels
11152500,2023-03-10 05:45,14.58,gage_height_ft,Salinas River near Spreckels
11152500,2023-03-10 06:00,14.63,gage_height_ft,Salinas River near Spreckels
11152500,2023-03-10 06:15,14.69,gage_height_ft,Salinas River near Spreckels
11152500,2023-03-10 06:30,14.76,gage_height_ft,Salinas River near Spreckels
11152500,2023-03-10 06:45,14.82,gage_height_ft,Salinas River near Spreckels
11152500,2023-03-10 07:00,14.89,gage_height_ft,Salinas River near Spreckels
11152500,2023-03-10 07:15,14.96,gage_height_ft,Salinas River near Spreckels
11152500,2023-03-10 07:30,15.02,gage_height_ft,Salinas River near Spreckels
11152500,2023-03-10 07:45,15.09,gage_height_ft,Salinas River near Spreckels
11152500,2023-03-10 08:00,15.16,gage_height_ft,Salinas River near Spreckels
11152500,2023-03-10 08:15,15.24,gage_height_ft,Salinas River near Spreckels
11152500,2023-03-10 08:30,15.32,gage_height_ft,Salinas River near Spreckels
11152500,2023-03-10 08:45,15.39,gage_height_ft,Salinas River near Spreckels
11152500,2023-03-10 09:00,15.46,gage_height_ft,Salinas River near Spreckels
11152500,2023-03-10 09:15,15.53,gage_height_ft,Salinas River near Spreckels
11152500,2023-03-10 09:30,15.59,gage_height_ft,Salinas River near Spreckels
11152500,2023-03-10 09:45,15.66,gage_height_ft,Salinas River near Spreckels
11152500,2023-03-10 10:00,15.73,gage_height_ft,Salinas River near Spreckels
11152500,2023-03-10 10:15,15.8,gage_height_ft,Salinas River near Spreckels
11152500,2023-03-10 10:30,15.88,gage_height_ft,Salinas River near Spreckels
11152500,2023-03-10 10:45,15.94,gage_height_ft,Salinas River near Spreckels
11152500,2023-03-10 11:00,16.02,gage_height_ft,Salinas River near Spreckels
11152500,2023-03-10 11:15,16.08,gage_height_ft,Salinas River near Spreckels
11152500,2023-03-10 11:30,16.15,gage_height_ft,Salinas River near Spreckels
11152500,2023-03-10 11:45,16.22,gage_height_ft,Salinas River near Spreckels
11152500,2023-03-10 12:00,16.29,gage_height_ft,Salinas River near Spreckels
11152500,2023-03-10 12:15,16.37,gage_height_ft,Salinas River near Spreckels
11152500,2023-03-10 12:30,16.43,gage_height_ft,Salinas River near Spreckels
11152500,2023-03-10 12:45,16.48,gage_height_ft,Salinas River near Spreckels
11152500,2023-03-10 13:00,16.55,gage_height_ft,Salinas River near Spreckels
11152500,2023-03-10 13:15,16.61,gage_height_ft,Salinas River near Spreckels
11152500,2023-03-10 13:30,16.67,gage_height_ft,Salinas River near Spreckels
11152500,2023-03-10 13:45,16.74,gage_height_ft,Salinas River near Spreckels
11152500,2023-03-10 14:00,16.8,gage_height_ft,Salinas River near Spreckels
11152500,2023-03-10 14:15,16.85,gage_height_ft,Salinas River near Spreckels
11152500,2023-03-10 14:30,16.91,gage_height_ft,Salinas River near Spreckels
11152500,2023-03-10 14:45,16.96,gage_height_ft,Salinas River near Spreckels
11152500,2023-03-10 15:00,17.02,gage_height_ft,Salinas River near Spreckels
11152500,2023-03-10 15:15,17.06,gage_height_ft,Salinas River near Spreckels
11152500,2023-03-10 15:30,17.12,gage_height_ft,Salinas River near Spreckels
11152500,2023-03-10 15:45,17.16,gage_height_ft,Salinas River near Spreckels
11152500,2023-03-10 16:00,17.2,gage_height_ft,Salinas River near Spreckels
11152500,2023-03-10 16:15,17.26,gage_height_ft,Salinas River near Spreckels
11152500,2023-03-10 16:30,17.31,gage_height_ft,Salinas River near Spreckels
11152500,2023-03-10 16:45,17.34,gage_height_ft,Salinas River near Spreckels
11152500,2023-03-10 17:00,17.37,gage_height_ft,Salinas River near Spreckels
11152500,2023-03-10 17:15,17.4,gage_height_ft,Salinas River near Spreckels
11152500,2023-03-10 17:30,17.43,gage_height_ft,Salinas River near Spreckels
11152500,2023-03-10 17:45,17.46,gage_height_ft,Salinas River near Spreckels
11152500,2023-03-10 18:00,17.48,gage_height_ft,Salinas River near Spreckels
11152500,2023-03-10 18:15,17.52,gage_height_ft,Salinas River near Spreckels
11152500,2023-03-10 18:30,17.54,gage_height_ft,Salinas River near Spreckels
11152500,2023-03-10 18:45,17.56,gage_height_ft,Salinas River near Spreckels
11152500,2023-03-10 19:00,17.59,gage_height_ft,Salinas River near Spreckels
11152500,2023-03-10 19:15,17.62,gage_height_ft,Salinas River near Spreckels
11152500,2023-03-10 19:30,17.65,gage_height_ft,Salinas River near Spreckels
11152500,2023-03-10 19:45,17.66,gage_height_ft,Salinas River near Spreckels
11152500,2023-03-10 20:00,17.68,gage_height_ft,Salinas River near Spreckels
11152500,2023-03-10 20:15,17.69,gage_height_ft,Salinas River near Spreckels
11152500,2023-03-10 20:30,17.72,gage_height_ft,Salinas River near Spreckels
11152500,2023-03-10 20:45,17.73,gage_height_ft,Salinas River near Spreckels
11152500,2023-03-10 21:00,17.75,gage_height_ft,Salinas River near Spreckels
11152500,2023-03-10 21:15,17.78,gage_height_ft,Salinas River near Spreckels
11152500,2023-03-10 21:30,17.79,gage_height_ft,Salinas River near Spreckels
11152500,2023-03-10 21:45,17.81,gage_height_ft,Salinas River near Spreckels
11152500,2023-03-10 22:00,17.82,gage_height_ft,Salinas River near Spreckels
11152500,2023-03-10 22:15,17.83,gage_height_ft,Salinas River near Spreckels
11152500,2023-03-10 22:30,17.85,gage_height_ft,Salinas River near Spreckels
11152500,2023-03-10 22:45,17.86,gage_height_ft,Salinas River near Spreckels
11152500,2023-03-10 23:00,17.87,gage_height_ft,Salinas River near Spreckels
11152500,2023-03-10 23:15,17.88,gage_height_ft,Salinas River near Spreckels
11152500,2023-03-10 23:30,17.88,gage_height_ft,Salinas River near Spreckels
11152500,2023-03-10 23:45,17.89,gage_height_ft,Salinas River near Spreckels
11152500,2023-03-11 00:00,17.91,gage_height_ft,Salinas River near Spreckels
11152500,2023-03-11 00:15,17.93,gage_height_ft,Salinas River near Spreckels
11152500,2023-03-11 00:30,17.93,gage_height_ft,Salinas River near Spreckels
11152500,2023-03-11 00:45,17.93,gage_height_ft,Salinas River near Spreckels
11152500,2023-03-11 01:00,17.96,gage_height_ft,Salinas River near Spreckels
11152500,2023-03-11 01:15,17.96,gage_height_ft,Salinas River near Spreckels
11152500,2023-03-11 01:30,17.98,gage_height_ft,Salinas River near Spreckels
11152500,2023-03-11 01:45,17.99,gage_height_ft,Salinas River near Spreckels
11152500,2023-03-11 02:00,18.0,gage_height_ft,Salinas River near Spreckels
11152500,2023-03-11 02:15,18.01,gage_height_ft,Salinas River near Spreckels
11152500,2023-03-11 02:30,18.03,gage_height_ft,Salinas River near Spreckels
11152500,2023-03-11 02:45,18.04,gage_height_ft,Salinas River near Spreckels
11152500,2023-03-11 03:00,18.07,gage_height_ft,Salinas River near Spreckels
11152500,2023-03-11 03:15,18.09,gage_height_ft,Salinas River near Spreckels
11152500,2023-03-11 03:30,18.11,gage_height_ft,Salinas River near Spreckels
11152500,2023-03-11 03:45,18.14,gage_height_ft,Salinas River near Spreckels
11152500,2023-03-11 04:00,18.14,gage_height_ft,Salinas River near Spreckels
11152500,2023-03-11 04:15,18.18,gage_height_ft,Salinas River near Spreckels
11152500,2023-03-11 04:30,18.2,gage_height_ft,Salinas River near Spreckels
11152500,2023-03-11 04:45,18.24,gage_height_ft,Salinas River near Spreckels
11152500,2023-03-11 05:00,18.27,gage_height_ft,Salinas River near Spreckels
11152500,2023-03-11 05:15,18.31,gage_height_ft,Salinas River near Spreckels
11152500,2023-03-11 05:30,18.34,gage_height_ft,Salinas River near Spreckels
11152500,2023-03-11 05:45,18.38,gage_height_ft,Salinas River near Spreckels
11152500,2023-03-11 06:00,18.42,gage_height_ft,Salinas River near Spreckels
11152500,2023-03-11 06:15,18.47,gage_height_ft,Salinas River near Spreckels
11152500,2023-03-11 06:30,18.51,gage_height_ft,Salinas River near Spreckels
11152500,2023-03-11 06:45,18.57,gage_height_ft,Salinas River near Spreckels
11152500,2023-03-11 07:00,18.61,gage_height_ft,Salinas River near Spreckels
11152500,2023-03-11 07:15,18.66,gage_height_ft,Salinas River near Spreckels
11152500,2023-03-11 07:30,18.71,gage_height_ft,Salinas River near Spreckels
11152500,2023-03-11 07:45,18.78,gage_height_ft,Salinas River near Spreckels
11152500,2023-03-11 08:00,18.82,gage_height_ft,Salinas River near Spreckels
11152500,2023-03-11 08:15,18.89,gage_height_ft,Salinas River near Spreckels
11152500,2023-03-11 08:30,18.94,gage_height_ft,Salinas River near Spreckels
11152500,2023-03-11 08:45,18.99,gage_height_ft,Salinas River near Spreckels
11152500,2023-03-11 09:00,19.04,gage_height_ft,Salinas River near Spreckels
11152500,2023-03-11 09:15,19.1,gage_height_ft,Salinas River near Spreckels
11152500,2023-03-11 09:30,19.15,gage_height_ft,Salinas River near Spreckels
11152500,2023-03-11 09:45,19.2,gage_height_ft,Salinas River near Spreckels
11152500,2023-03-11 10:00,19.24,gage_height_ft,Salinas River near Spreckels
11152500,2023-03-11 10:15,19.29,gage_height_ft,Salinas River near Spreckels
11152500,2023-03-11 10:30,19.35,gage_height_ft,Salinas River near Spreckels
11152500,2023-03-11 10:45,19.4,gage_height_ft,Salinas River near Spreckels
11152500,2023-03-11 11:00,19.39,gage_height_ft,Salinas River near Spreckels
11152500,2023-03-11 11:15,19.48,gage_height_ft,Salinas River near Spreckels
11152500,2023-03-11 11:30,19.52,gage_height_ft,Salinas River near Spreckels
11152500,2023-03-11 11:45,19.57,gage_height_ft,Salinas River near Spreckels
11152500,2023-03-11 12:00,19.6,gage_height_ft,Salinas River near Spreckels
11152500,2023-03-11 12:15,19.66,gage_height_ft,Salinas River near Spreckels
11152500,2023-03-11 12:30,19.69,gage_height_ft,Salinas River near Spreckels
11152500,2023-03-11 12:45,19.74,gage_height_ft,Salinas River near Spreckels
11152500,2023-03-11 13:00,19.8,gage_height_ft,Salinas River near Spreckels
11152500,2023-03-11 13:15,19.86,gage_height_ft,Salinas River near Spreckels
11152500,2023-03-11 13:30,19.94,gage_height_ft,Salinas River near Spreckels
11152500,2023-03-11 13:45,20.01,gage_height_ft,Salinas River near Spreckels
11152500,2023-03-11 14:00,20.1,gage_height_ft,Salinas River near Spreckels
11152500,2023-03-11 14:15,20.18,gage_height_ft,Salinas River near Spreckels
11152500,2023-03-11 14:30,20.27,gage_height_ft,Salinas River near Spreckels
11152500,2023-03-11 14:45,20.34,gage_height_ft,Salinas River near Spreckels
11152500,2023-03-11 15:00,20.45,gage_height_ft,Salinas River near Spreckels
11152500,2023-03-11 15:15,20.54,gage_height_ft,Salinas River near Spreckels
11152500,2023-03-11 15:30,20.6,gage_height_ft,Salinas River near Spreckels
11152500,2023-03-11 15:45,20.69,gage_height_ft,Salinas River near Spreckels
11152500,2023-03-11 16:00,20.75,gage_height_ft,Salinas River near Spreckels
11152500,2023-03-11 16:15,20.85,gage_height_ft,Salinas River near Spreckels
11152500,2023-03-11 16:30,20.93,gage_height_ft,Salinas River near Spreckels
11152500,2023-03-11 16:45,21.0,gage_height_ft,Salinas River near Spreckels
11152500,2023-03-11 17:00,21.07,gage_height_ft,Salinas River near Spreckels
11152500,2023-03-11 17:15,21.13,gage_height_ft,Salinas River near Spreckels
11152500,2023-03-11 17:30,21.16,gage_height_ft,Salinas River near Spreckels
11152500,2023-03-11 17:45,21.24,gage_height_ft,Salinas River near Spreckels
11152500,2023-03-11 18:00,21.25,gage_height_ft,Salinas River near Spreckels
11152500,2023-03-11 18:15,21.38,gage_height_ft,Salinas River near Spreckels
11152500,2023-03-11 18:30,21.43,gage_height_ft,Salinas River near Spreckels
11152500,2023-03-11 18:45,21.49,gage_height_ft,Salinas River near Spreckels
11152500,2023-03-11 19:00,21.54,gage_height_ft,Salinas River near Spreckels
11152500,2023-03-11 19:15,21.59,gage_height_ft,Salinas River near Spreckels
11152500,2023-03-11 19:30,21.67,gage_height_ft,Salinas River near Spreckels
11152500,2023-03-11 19:45,21.69,gage_height_ft,Salinas River near Spreckels
11152500,2023-03-11 20:00,21.78,gage_height_ft,Salinas River near Spreckels
11152500,2023-03-11 20:15,21.81,gage_height_ft,Salinas River near Spreckels
11152500,2023-03-11 20:30,21.84,gage_height_ft,Salinas River near Spreckels
11152500,2023-03-11 20:45,21.9,gage_height_ft,Salinas River near Spreckels
11152500,2023-03-11 21:00,21.94,gage_height_ft,Salinas River near Spreckels
11152500,2023-03-11 21:15,21.99,gage_height_ft,Salinas River near Spreckels
11152500,2023-03-11 21:30,22.0,gage_height_ft,Salinas River near Spreckels
11152500,2023-03-11 21:45,22.06,gage_height_ft,Salinas River near Spreckels
11152500,2023-03-11 22:00,22.09,gage_height_ft,Salinas River near Spreckels
11152500,2023-03-11 22:15,22.11,gage_height_ft,Salinas River near Spreckels
11152500,2023-03-11 22:30,22.16,gage_height_ft,Salinas River near Spreckels
11152500,2023-03-11 22:45,22.17,gage_height_ft,Salinas River near Spreckels
11152500,2023-03-11 23:00,22.21,gage_height_ft,Salinas River near Spreckels
11152500,2023-03-11 23:15,22.24,gage_height_ft,Salinas River near Spreckels
11152500,2023-03-11 23:30,22.28,gage_height_ft,Salinas River near Spreckels
11152500,2023-03-11 23:45,22.33,gage_height_ft,Salinas River near Spreckels
11152500,2023-03-12 00:00,22.34,gage_height_ft,Salinas River near Spreckels
11152500,2023-03-12 00:15,22.36,gage_height_ft,Salinas River near Spreckels
11152500,2023-03-12 00:30,22.4,gage_height_ft,Salinas River near Spreckels
11152500,2023-03-12 00:45,22.41,gage_height_ft,Salinas River near Spreckels
11152500,2023-03-12 01:00,22.46,gage_height_ft,Salinas River near Spreckels
11152500,2023-03-12 01:15,22.45,gage_height_ft,Salinas River near Spreckels
11152500,2023-03-12 01:30,22.51,gage_height_ft,Salinas River near Spreckels
11152500,2023-03-12 01:45,22.5,gage_height_ft,Salinas River near Spreckels
11152500,2023-03-12 03:00,22.53,gage_height_ft,Salinas River near Spreckels
11152500,2023-03-12 03:15,22.55,gage_height_ft,Salinas River near Spreckels
11152500,2023-03-12 03:30,22.57,gage_height_ft,Salinas River near Spreckels
11152500,2023-03-12 03:45,22.6,gage_height_ft,Salinas River near Spreckels
11152500,2023-03-12 04:00,22.58,gage_height_ft,Salinas River near Spreckels
11152500,2023-03-12 04:15,22.62,gage_height_ft,Salinas River near Spreckels
11152500,2023-03-12 04:30,22.64,gage_height_ft,Salinas River near Spreckels
11152500,2023-03-12 04:45,22.65,gage_height_ft,Salinas River near Spreckels
11152500,2023-03-12 05:00,22.66,gage_height_ft,Salinas River near Spreckels
11152500,2023-03-12 05:15,22.68,gage_height_ft,Salinas River near Spreckels
11152500,2023-03-12 05:30,22.68,gage_height_ft,Salinas River near Spreckels
11152500,2023-03-12 05:45,22.7,gage_height_ft,Salinas River near Spreckels
11152500,2023-03-12 06:00,22.75,gage_height_ft,Salinas River near Spreckels
11152500,2023-03-12 06:15,22.76,gage_height_ft,Salinas River near Spreckels
11152500,2023-03-12 06:30,22.75,gage_height_ft,Salinas River near Spreckels
11152500,2023-03-12 06:45,22.76,gage_height_ft,Salinas River near Spreckels
11152500,2023-03-12 07:00,22.79,gage_height_ft,Salinas River near Spreckels
11152500,2023-03-12 07:15,22.79,gage_height_ft,Salinas River near Spreckels
11152500,2023-03-12 07:30,22.83,gage_height_ft,Salinas River near Spreckels
11152500,2023-03-12 07:45,22.81,gage_height_ft,Salinas River near Spreckels
11152500,2023-03-12 08:00,22.82,gage_height_ft,Salinas River near Spreckels
11152500,2023-03-12 08:15,22.87,gage_height_ft,Salinas River near Spreckels
11152500,2023-03-12 08:30,22.85,gage_height_ft,Salinas River near Spreckels
11152500,2023-03-12 08:45,22.86,gage_height_ft,Salinas River near Spreckels
11152500,2023-03-12 09:00,22.87,gage_height_ft,Salinas River near Spreckels
11152500,2023-03-12 09:15,22.9,gage_height_ft,Salinas River near Spreckels
11152500,2023-03-12 09:30,22.87,gage_height_ft,Salinas River near Spreckels
11152500,2023-03-12 09:45,22.91,gage_height_ft,Salinas River near Spreckels
11152500,2023-03-12 10:00,22.91,gage_height_ft,Salinas River near Spreckels
11152500,2023-03-12 10:15,22.92,gage_height_ft,Salinas River near Spreckels
11152500,2023-03-12 10:30,22.94,gage_height_ft,Salinas River near Spreckels
11152500,2023-03-12 10:45,22.95,gage_height_ft,Salinas River near Spreckels
11152500,2023-03-12 11:00,22.95,gage_height_ft,Salinas River near Spreckels
11152500,2023-03-12 11:15,22.95,gage_height_ft,Salinas River near Spreckels
11152500,2023-03-12 11:30,22.98,gage_height_ft,Salinas River near Spreckels
11152500,2023-03-12 11:45,22.97,gage_height_ft,Salinas River near Spreckels
11152500,2023-03-12 12:00,22.99,gage_height_ft,Salinas River near Spreckels
11152500,2023-03-12 12:15,23.0,gage_height_ft,Salinas River near Spreckels
11152500,2023-03-12 12:30,23.0,gage_height_ft,Salinas River near Spreckels
11152500,2023-03-12 12:45,23.0,gage_height_ft,Salinas River near Spreckels
11152500,2023-03-12 13:00,23.03,gage_height_ft,Salinas River near Spreckels
11152500,2023-03-12 13:15,23.06,gage_height_ft,Salinas River near Spreckels
11152500,2023-03-12 13:30,23.07,gage_height_ft,Salinas River near Spreckels
11152500,2023-03-12 13:45,23.07,gage_height_ft,Salinas River near Spreckels
11152500,2023-03-12 14:00,23.08,gage_height_ft,Salinas River near Spreckels
11152500,2023-03-12 14:15,23.11,gage_height_ft,Salinas River near Spreckels
11152500,2023-03-12 14:30,23.11,gage_height_ft,Salinas River near Spreckels
11152500,2023-03-12 14:45,23.15,gage_height_ft,Salinas River near Spreckels
11152500,2023-03-12 15:00,23.13,gage_height_ft,Salinas River near Spreckels
11152500,2023-03-12 15:15,23.15,gage_height_ft,Salinas River near Spreckels
11152500,2023-03-12 15:30,23.19,gage_height_ft,Salinas River near Spreckels
11152500,2023-03-12 15:45,23.21,gage_height_ft,Salinas River near Spreckels
11152500,2023-03-12 16:00,23.24,gage_height_ft,Salinas River near Spreckels
11152500,2023-03-12 16:15,23.26,gage_height_ft,Salinas River near Spreckels
11152500,2023-03-12 16:30,23.28,gage_height_ft,Salinas River near Spreckels
11152500,2023-03-12 16:45,23.3,gage_height_ft,Salinas River near Spreckels
11152500,2023-03-12 17:00,23.33,gage_height_ft,Salinas River near Spreckels
11152500,2023-03-12 17:15,23.36,gage_height_ft,Salinas River near Spreckels
11152500,2023-03-12 17:30,23.37,gage_height_ft,Salinas River near Spreckels
11152500,2023-03-12 17:45,23.39,gage_height_ft,Salinas River near Spreckels
11152500,2023-03-12 18:00,23.42,gage_height_ft,Salinas River near Spreckels
11152500,2023-03-12 18:15,23.46,gage_height_ft,Salinas River near Spreckels
11152500,2023-03-12 18:30,23.51,gage_height_ft,Salinas River near Spreckels
11152500,2023-03-12 18:45,23.56,gage_height_ft,Salinas River near Spreckels
11152500,2023-03-12 19:00,23.56,gage_height_ft,Salinas River near Spreckels
11152500,2023-03-12 19:15,23.63,gage_height_ft,Salinas River near Spreckels
11152500,2023-03-12 19:30,23.69,gage_height_ft,Salinas River near Spreckels
11152500,2023-03-12 19:45,23.73,gage_height_ft,Salinas River near Spreckels
11152500,2023-03-12 20:00,23.81,gage_height_ft,Salinas River near Spreckels
11152500,2023-03-12 20:15,23.88,gage_height_ft,Salinas River near Spreckels
11152500,2023-03-12 20:30,23.93,gage_height_ft,Salinas River near Spreckels
11152500,2023-03-12 20:45,24.01,gage_height_ft,Salinas River near Spreckels
11152500,2023-03-12 21:00,24.09,gage_height_ft,Salinas River near Spreckels
11152500,2023-03-12 21:15,24.19,gage_height_ft,Salinas River near Spreckels
11152500,2023-03-12 21:30,24.33,gage_height_ft,Salinas River near Spreckels
11152500,2023-03-12 21:45,24.43,gage_height_ft,Salinas River near Spreckels
11152500,2023-03-12 22:00,24.58,gage_height_ft,Salinas River near Spreckels
11152500,2023-03-12 22:15,24.76,gage_height_ft,Salinas River near Spreckels
11152500,2023-03-12 22:30,24.93,gage_height_ft,Salinas River near Spreckels
11152500,2023-03-12 22:45,25.12,gage_height_ft,Salinas River near Spreckels
11152500,2023-03-12 23:00,25.27,gage_height_ft,Salinas River near Spreckels
11152500,2023-03-12 23:15,25.5,gage_height_ft,Salinas River near Spreckels
11152500,2023-03-12 23:30,25.66,gage_height_ft,Salinas River near Spreckels
11152500,2023-03-12 23:45,25.77,gage_height_ft,Salinas River near Spreckels
11152500,2023-03-13 00:00,25.82,gage_height_ft,Salinas River near Spreckels
11152500,2023-03-13 00:15,25.84,gage_height_ft,Salinas River near Spreckels
11152500,2023-03-13 00:30,25.79,gage_height_ft,Salinas River near Spreckels
11152500,2023-03-13 00:45,25.65,gage_height_ft,Salinas River near Spreckels
11152500,2023-03-13 01:00,25.53,gage_height_ft,Salinas River near Spreckels
11152500,2023-03-13 01:15,25.51,gage_height_ft,Salinas River near Spreckels
11152500,2023-03-13 01:30,25.66,gage_height_ft,Salinas River near Spreckels
11152500,2023-03-13 01:45,25.8,gage_height_ft,Salinas River near Spreckels
11152500,2023-03-13 02:00,26.02,gage_height_ft,Salinas River near Spreckels
11152500,2023-03-13 02:15,26.16,gage_height_ft,Salinas River near Spreckels
11152500,2023-03-13 02:30,26.32,gage_height_ft,Salinas River near Spreckels
11152500,2023-03-13 02:45,26.56,gage_height_ft,Salinas River near Spreckels
11152500,2023-03-13 03:00,26.67,gage_height_ft,Salinas River near Spreckels
11152500,2023-03-13 03:15,26.7,gage_height_ft,Salinas River near Spreckels
11152500,2023-03-13 03:30,26.8,gage_height_ft,Salinas River near Spreckels
11152500,2023-03-13 03:45,26.89,gage_height_ft,Salinas River near Spreckels
11152500,2023-03-13 04:00,26.84,gage_height_ft,Salinas River near Spreckels
11152500,2023-03-13 04:15,26.83,gage_height_ft,Salinas River near Spreckels
11152500,2023-03-13 04:30,26.78,gage_height_ft,Salinas River near Spreckels
11152500,2023-03-13 04:45,26.77,gage_height_ft,Salinas River near Spreckels
11152500,2023-03-13 05:00,26.82,gage_height_ft,Salinas River near Spreckels
11152500,2023-03-13 05:15,26.79,gage_height_ft,Salinas River near Spreckels
11152500,2023-03-13 05:30,26.76,gage_height_ft,Salinas River near Spreckels
11152500,2023-03-13 05:45,26.74,gage_height_ft,Salinas River near Spreckels
11152500,2023-03-13 06:00,26.72,gage_height_ft,Salinas River near Spreckels
11152500,2023-03-13 06:15,26.66,gage_height_ft,Salinas River near Spreckels
11152500,2023-03-13 06:30,26.66,gage_height_ft,Salinas River near Spreckels
11152500,2023-03-13 06:45,26.71,gage_height_ft,Salinas River near Spreckels
11152500,2023-03-13 07:00,26.67,gage_height_ft,Salinas River near Spreckels
11152500,2023-03-13 07:15,26.63,gage_height_ft,Salinas River near Spreckels
11152500,2023-03-13 07:30,26.61,gage_height_ft,Salinas River near Spreckels
11152500,2023-03-13 07:45,26.58,gage_height_ft,Salinas River near Spreckels
11152500,2023-03-13 08:00,26.59,gage_height_ft,Salinas River near Spreckels
11152500,2023-03-13 08:15,26.56,gage_height_ft,Salinas River near Spreckels
11152500,2023-03-13 08:30,26.53,gage_height_ft,Salinas River near Spreckels
11152500,2023-03-13 08:45,26.51,gage_height_ft,Salinas River near Spreckels
11152500,2023-03-13 09:00,26.52,gage_height_ft,Salinas River near Spreckels
11152500,2023-03-13 09:15,26.53,gage_height_ft,Salinas River near Spreckels
11152500,2023-03-13 09:30,26.5,gage_height_ft,Salinas River near Spreckels
11152500,2023-03-13 09:45,26.47,gage_height_ft,Salinas River near Spreckels
11152500,2023-03-13 10:00,26.41,gage_height_ft,Salinas River near Spreckels
11152500,2023-03-13 10:15,26.36,gage_height_ft,Salinas River near Spreckels
11152500,2023-03-13 10:30,26.32,gage_height_ft,Salinas River near Spreckels
11152500,2023-03-13 10:45,26.35,gage_height_ft,Salinas River near Spreckels
11152500,2023-03-13 11:00,26.33,gage_height_ft,Salinas River near Spreckels
11152500,2023-03-13 11:15,26.34,gage_height_ft,Salinas River near Spreckels
11152500,2023-03-13 11:30,26.35,gage_height_ft,Salinas River near Spreckels
11152500,2023-03-13 11:45,26.34,gage_height_ft,Salinas River near Spreckels
11152500,2023-03-13 12:00,26.31,gage_height_ft,Salinas River near Spreckels
11152500,2023-03-13 12:15,26.28,gage_height_ft,Salinas River near Spreckels
11152500,2023-03-13 12:30,26.21,gage_height_ft,Salinas River near Spreckels
11152500,2023-03-13 12:45,26.18,gage_height_ft,Salinas River near Spreckels
11152500,2023-03-13 13:00,26.18,gage_height_ft,Salinas River near Spreckels
11152500,2023-03-13 13:15,26.1,gage_height_ft,Salinas River near Spreckels
11152500,2023-03-13 13:30,26.1,gage_height_ft,Salinas River near Spreckels
11152500,2023-03-13 13:45,26.1,gage_height_ft,Salinas River near Spreckels
11152500,2023-03-13 14:00,26.12,gage_height_ft,Salinas River near Spreckels
11152500,2023-03-13 14:15,26.1,gage_height_ft,Salinas River near Spreckels
11152500,2023-03-13 14:30,26.11,gage_height_ft,Salinas River near Spreckels
11152500,2023-03-13 14:45,26.06,gage_height_ft,Salinas River near Spreckels
11152500,2023-03-13 15:00,26.05,gage_height_ft,Salinas River near Spreckels
11152500,2023-03-13 15:15,26.03,gage_height_ft,Salinas River near Spreckels
11152500,2023-03-13 15:30,25.99,gage_height_ft,Salinas River near Spreckels
11152500,2023-03-13 15:45,25.98,gage_height_ft,Salinas River near Spreckels
11152500,2023-03-13 16:00,25.94,gage_height_ft,Salinas River near Spreckels
11152500,2023-03-13 16:15,25.93,gage_height_ft,Salinas River near Spreckels
11152500,2023-03-13 16:30,25.9,gage_height_ft,Salinas River near Spreckels
11152500,2023-03-13 16:45,25.88,gage_height_ft,Salinas River near Spreckels
11152500,2023-03-13 17:00,25.88,gage_height_ft,Salinas River near Spreckels
11152500,2023-03-13 17:15,25.83,gage_height_ft,Salinas River near Spreckels
11152500,2023-03-13 17:30,25.85,gage_height_ft,Salinas River near Spreckels
11152500,2023-03-13 17:45,25.81,gage_height_ft,Salinas River near Spreckels
11152500,2023-03-13 18:00,25.79,gage_height_ft,Salinas River near Spreckels
11152500,2023-03-13 18:15,25.76,gage_height_ft,Salinas River near Spreckels
11152500,2023-03-13 18:30,25.74,gage_height_ft,Salinas River near Spreckels
11152500,2023-03-13 18:45,25.75,gage_height_ft,Salinas River near Spreckels
11152500,2023-03-13 19:00,25.72,gage_height_ft,Salinas River near Spreckels
11152500,2023-03-13 19:15,25.71,gage_height_ft,Salinas River near Spreckels
11152500,2023-03-13 19:30,25.67,gage_height_ft,Salinas River near Spreckels
11152500,2023-03-13 19:45,25.63,gage_height_ft,Salinas River near Spreckels
11152500,2023-03-13 20:00,25.63,gage_height_ft,Salinas River near Spreckels
11152500,2023-03-13 20:15,25.56,gage_height_ft,Salinas River near Spreckels
11152500,2023-03-13 20:30,25.58,gage_height_ft,Salinas River near Spreckels
11152500,2023-03-13 20:45,25.55,gage_height_ft,Salinas River near Spreckels
11152500,2023-03-13 21:00,25.52,gage_height_ft,Salinas River near Spreckels
11152500,2023-03-13 21:15,25.46,gage_height_ft,Salinas River near Spreckels
11152500,2023-03-13 21:30,25.48,gage_height_ft,Salinas River near Spreckels
11152500,2023-03-13 21:45,25.47,gage_height_ft,Salinas River near Spreckels
11152500,2023-03-13 22:00,25.46,gage_height_ft,Salinas River near Spreckels
11152500,2023-03-13 22:15,25.41,gage_height_ft,Salinas River near Spreckels
11152500,2023-03-13 22:30,25.39,gage_height_ft,Salinas River near Spreckels
11152500,2023-03-13 22:45,25.38,gage_height_ft,Salinas River near Spreckels
11152500,2023-03-13 23:00,25.37,gage_height_ft,Salinas River near Spreckels
11152500,2023-03-13 23:15,25.34,gage_height_ft,Salinas River near Spreckels
11152500,2023-03-13 23:30,25.35,gage_height_ft,Salinas River near Spreckels
11152500,2023-03-13 23:45,25.31,gage_height_ft,Salinas River near Spreckels
11152500,2023-03-14 00:00,25.31,gage_height_ft,Salinas River near Spreckels
11152500,2023-03-14 00:15,25.26,gage_height_ft,Salinas River near Spreckels
11152500,2023-03-14 00:30,25.25,gage_height_ft,Salinas River near Spreckels
11152500,2023-03-14 00:45,25.23,gage_height_ft,Salinas River near Spreckels
11152500,2023-03-14 01:00,25.22,gage_height_ft,Salinas River near Spreckels
11152500,2023-03-14 01:15,25.22,gage_height_ft,Salinas River near Spreckels
11152500,2023-03-14 01:30,25.18,gage_height_ft,Salinas River near Spreckels
11152500,2023-03-14 01:45,25.15,gage_height_ft,Salinas River near Spreckels
11152500,2023-03-14 02:00,25.11,gage_height_ft,Salinas River near Spreckels
11152500,2023-03-14 02:15,25.16,gage_height_ft,Salinas River near Spreckels
11152500,2023-03-14 02:30,25.09,gage_height_ft,Salinas River near Spreckels
11152500,2023-03-14 02:45,25.1,gage_height_ft,Salinas River near Spreckels
11152500,2023-03-14 03:00,25.11,gage_height_ft,Salinas River near Spreckels
11152500,2023-03-14 03:15,25.11,gage_height_ft,Salinas River near Spreckels
11152500,2023-03-14 03:30,25.13,gage_height_ft,Salinas River near Spreckels
11152500,2023-03-14 03:45,25.06,gage_height_ft,Salinas River near Spreckels
11152500,2023-03-14 04:00,25.08,gage_height_ft,Salinas River near Spreckels
11152500,2023-03-14 04:15,25.06,gage_height_ft,Salinas River near Spreckels
11152500,2023-03-14 04:30,25.08,gage_height_ft,Salinas River near Spreckels
11152500,2023-03-14 04:45,25.08,gage_height_ft,Salinas River near Spreckels
11152500,2023-03-14 05:00,25.01,gage_height_ft,Salinas River near Spreckels
11152500,2023-03-14 05:15,25.01,gage_height_ft,Salinas River near Spreckels
11152500,2023-03-14 05:30,25.05,gage_height_ft,Salinas River near Spreckels
11152500,2023-03-14 05:45,25.01,gage_height_ft,Salinas River near Spreckels
11152500,2023-03-14 06:00,25.0,gage_height_ft,Salinas River near Spreckels
11152500,2023-03-14 06:15,25.03,gage_height_ft,Salinas River near Spreckels
11152500,2023-03-14 06:30,25.01,gage_height_ft,Salinas River near Spreckels
11152500,2023-03-14 06:45,25.04,gage_height_ft,Salinas River near Spreckels
11152500,2023-03-14 07:00,25.01,gage_height_ft,Salinas River near Spreckels
11152500,2023-03-14 07:15,25.0,gage_height_ft,Salinas River near Spreckels
11152500,2023-03-14 07:30,25.0,gage_height_ft,Salinas River near Spreckels
11152500,2023-03-14 07:45,24.97,gage_height_ft,Salinas River near Spreckels
11152500,2023-03-14 08:00,24.92,gage_height_ft,Salinas River near Spreckels
11152500,2023-03-14 08:15,24.91,gage_height_ft,Salinas River near Spreckels
11152500,2023-03-14 08:30,24.86,gage_height_ft,Salinas River near Spreckels
11152500,2023-03-14 08:45,24.86,gage_height_ft,Salinas River near Spreckels
11152500,2023-03-14 09:00,24.85,gage_height_ft,Salinas River near Spreckels
11152500,2023-03-14 09:15,24.81,gage_height_ft,Salinas River near Spreckels
11152500,2023-03-14 09:30,24.77,gage_height_ft,Salinas River near Spreckels
11152500,2023-03-14 09:45,24.72,gage_height_ft,Salinas River near Spreckels
11152500,2023-03-14 10:00,24.72,gage_height_ft,Salinas River near Spreckels
11152500,2023-03-14 10:15,24.7,gage_height_ft,Salinas River near Spreckels
11152500,2023-03-14 10:30,24.67,gage_height_ft,Salinas River near Spreckels
11152500,2023-03-14 10:45,24.64,gage_height_ft,Salinas River near Spreckels
11152500,2023-03-14 11:00,24.63,gage_height_ft,Salinas River near Spreckels
11152500,2023-03-14 11:15,24.64,gage_height_ft,Salinas River near Spreckels
11152500,2023-03-14 11:30,24.6,gage_height_ft,Salinas River near Spreckels
11152500,2023-03-14 11:45,24.61,gage_height_ft,Salinas River near Spreckels
11152500,2023-03-14 12:00,24.6,gage_height_ft,Salinas River near Spreckels
11152500,2023-03-14 12:15,24.58,gage_height_ft,Salinas River near Spreckels
11152500,2023-03-14 12:30,24.56,gage_height_ft,Salinas River near Spreckels
11152500,2023-03-14 12:45,24.57,gage_height_ft,Salinas River near Spreckels
11152500,2023-03-14 13:00,24.56,gage_height_ft,Salinas River near Spreckels
11152500,2023-03-14 13:15,24.59,gage_height_ft,Salinas River near Spreckels
11152500,2023-03-14 13:30,24.58,gage_height_ft,Salinas River near Spreckels
11152500,2023-03-14 13:45,24.55,gage_height_ft,Salinas River near Spreckels
11152500,2023-03-14 14:00,24.51,gage_height_ft,Salinas River near Spreckels
11152500,2023-03-14 14:15,24.51,gage_height_ft,Salinas River near Spreckels
11152500,2023-03-14 14:30,24.49,gage_height_ft,Salinas River near Spreckels
11152500,2023-03-14 14:45,24.46,gage_height_ft,Salinas River near Spreckels
11152500,2023-03-14 15:00,24.49,gage_height_ft,Salinas River near Spreckels
11152500,2023-03-14 15:15,24.46,gage_height_ft,Salinas River near Spreckels
11152500,2023-03-14 15:30,24.48,gage_height_ft,Salinas River near Spreckels
11152500,2023-03-14 15:45,24.5,gage_height_ft,Salinas River near Spreckels
11152500,2023-03-14 16:00,24.5,gage_height_ft,Salinas River near Spreckels
11152500,2023-03-14 16:15,24.48,gage_height_ft,Salinas River near Spreckels
11152500,2023-03-14 16:30,24.48,gage_height_ft,Salinas River near Spreckels
11152500,2023-03-14 16:45,24.48,gage_height_ft,Salinas River near Spreckels
11152500,2023-03-14 17:00,24.46,gage_height_ft,Salinas River near Spreckels
11152500,2023-03-14 17:15,24.44,gage_height_ft,Salinas River near Spreckels
11152500,2023-03-14 17:30,24.44,gage_height_ft,Salinas River near Spreckels
11152500,2023-03-14 17:45,24.41,gage_height_ft,Salinas River near Spreckels
11152500,2023-03-14 18:00,24.42,gage_height_ft,Salinas River near Spreckels
11152500,2023-03-14 18:15,24.41,gage_height_ft,Salinas River near Spreckels
11152500,2023-03-14 18:30,24.37,gage_height_ft,Salinas River near Spreckels
11152500,2023-03-14 18:45,24.31,gage_height_ft,Salinas River near Spreckels
11152500,2023-03-14 19:00,24.26,gage_height_ft,Salinas River near Spreckels
11152500,2023-03-14 19:15,24.2,gage_height_ft,Salinas River near Spreckels
11152500,2023-03-14 19:30,24.19,gage_height_ft,Salinas River near Spreckels
11152500,2023-03-14 19:45,24.22,gage_height_ft,Salinas River near Spreckels
11152500,2023-03-14 20:00,24.24,gage_height_ft,Salinas River near Spreckels
11152500,2023-03-14 20:15,24.22,gage_height_ft,Salinas River near Spreckels
11152500,2023-03-14 20:30,24.19,gage_height_ft,Salinas River near Spreckels
11152500,2023-03-14 20:45,24.13,gage_height_ft,Salinas River near Spreckels
11152500,2023-03-14 21:00,24.12,gage_height_ft,Salinas River near Spreckels
11152500,2023-03-14 21:15,24.11,gage_height_ft,Salinas River near Spreckels
11152500,2023-03-14 21:30,24.07,gage_height_ft,Salinas River near Spreckels
11152500,2023-03-14 21:45,24.05,gage_height_ft,Salinas River near Spreckels
11152500,2023-03-14 22:00,24.06,gage_height_ft,Salinas River near Spreckels
11152500,2023-03-14 22:15,24.04,gage_height_ft,Salinas River near Spreckels
11152500,2023-03-14 22:30,24.07,gage_height_ft,Salinas River near Spreckels
11152500,2023-03-14 22:45,24.07,gage_height_ft,Salinas River near Spreckels
11152500,2023-03-14 23:00,24.01,gage_height_ft,Salinas River near Spreckels
11152500,2023-03-14 23:15,24.04,gage_height_ft,Salinas River near Spreckels
11152500,2023-03-14 23:30,24.04,gage_height_ft,Salinas River near Spreckels
11152500,2023-03-14 23:45,23.98,gage_height_ft,Salinas River near Spreckels
11152500,2023-03-15 00:00,23.97,gage_height_ft,Salinas River near Spreckels
11152500,2023-03-15 00:15,23.89,gage_height_ft,Salinas River near Spreckels
11152500,2023-03-15 00:30,23.91,gage_height_ft,Salinas River near Spreckels
11152500,2023-03-15 00:45,23.93,gage_height_ft,Salinas River near Spreckels
11152500,2023-03-15 01:00,23.9,gage_height_ft,Salinas River near Spreckels
11152500,2023-03-15 01:15,23.92,gage_height_ft,Salinas River near Spreckels
11152500,2023-03-15 01:30,23.94,gage_height_ft,Salinas River near Spreckels
11152500,2023-03-15 01:45,23.96,gage_height_ft,Salinas River near Spreckels
11152500,2023-03-15 02:00,23.97,gage_height_ft,Salinas River near Spreckels
11152500,2023-03-15 02:15,23.99,gage_height_ft,Salinas River near Spreckels
11152500,2023-03-15 02:30,23.97,gage_height_ft,Salinas River near Spreckels
11152500,2023-03-15 02:45,23.96,gage_height_ft,Salinas River near Spreckels
11152500,2023-03-15 03:00,23.95,gage_height_ft,Salinas River near Spreckels
11152500,2023-03-15 03:15,23.95,gage_height_ft,Salinas River near Spreckels
11152500,2023-03-15 03:30,23.91,gage_height_ft,Salinas River near Spreckels
11152500,2023-03-15 03:45,23.91,gage_height_ft,Salinas River near Spreckels
11152500,2023-03-15 04:00,23.92,gage_height_ft,Salinas River near Spreckels
11152500,2023-03-15 04:15,23.89,gage_height_ft,Salinas River near Spreckels
11152500,2023-03-15 04:30,23.9,gage_height_ft,Salinas River near Spreckels
11152500,2023-03-15 04:45,23.86,gage_height_ft,Salinas River near Spreckels
11152500,2023-03-15 05:00,23.86,gage_height_ft,Salinas River near Spreckels
11152500,2023-03-15 05:15,23.88,gage_height_ft,Salinas River near Spreckels
11152500,2023-03-15 05:30,23.87,gage_height_ft,Salinas River near Spreckels
11152500,2023-03-15 05:45,23.86,gage_height_ft,Salinas River near Spreckels
11152500,2023-03-15 06:00,23.87,gage_height_ft,Salinas River near Spreckels
11152500,2023-03-15 06:15,23.84,gage_height_ft,Salinas River near Spreckels
11152500,2023-03-15 06:30,23.84,gage_height_ft,Salinas River near Spreckels
11152500,2023-03-15 06:45,23.83,gage_height_ft,Salinas River near Spreckels
11152500,2023-03-15 07:00,23.81,gage_height_ft,Salinas River near Spreckels
11152500,2023-03-15 07:15,23.82,gage_height_ft,Salinas River near Spreckels
11152500,2023-03-15 07:30,23.85,gage_height_ft,Salinas River near Spreckels
11152500,2023-03-15 07:45,23.84,gage_height_ft,Salinas River near Spreckels
11152500,2023-03-15 08:00,23.83,gage_height_ft,Salinas River near Spreckels
11152500,2023-03-15 08:15,23.84,gage_height_ft,Salinas River near Spreckels
11152500,2023-03-15 08:30,23.84,gage_height_ft,Salinas River near Spreckels
11152500,2023-03-15 08:45,23.82,gage_height_ft,Salinas River near Spreckels
11152500,2023-03-15 09:00,23.81,gage_height_ft,Salinas River near Spreckels
11152500,2023-03-15 09:15,23.82,gage_height_ft,Salinas River near Spreckels
11152500,2023-03-15 09:30,23.82,gage_height_ft,Salinas River near Spreckels
11152500,2023-03-15 09:45,23.84,gage_height_ft,Salinas River near Spreckels
11152500,2023-03-15 10:00,23.87,gage_height_ft,Salinas River near Spreckels
11152500,2023-03-15 10:15,23.84,gage_height_ft,Salinas River near Spreckels
11152500,2023-03-15 10:30,23.85,gage_height_ft,Salinas River near Spreckels
11152500,2023-03-15 10:45,23.87,gage_height_ft,Salinas River near Spreckels
11152500,2023-03-15 11:00,23.88,gage_height_ft,Salinas River near Spreckels
11152500,2023-03-15 11:15,23.88,gage_height_ft,Salinas River near Spreckels
11152500,2023-03-15 11:30,23.9,gage_height_ft,Salinas River near Spreckels
11152500,2023-03-15 11:45,23.93,gage_height_ft,Salinas River near Spreckels
11152500,2023-03-15 12:00,23.94,gage_height_ft,Salinas River near Spreckels
11152500,2023-03-15 12:15,23.93,gage_height_ft,Salinas River near Spreckels
11152500,2023-03-15 12:30,23.95,gage_height_ft,Salinas River near Spreckels
11152500,2023-03-15 12:45,23.95,gage_height_ft,Salinas River near Spreckels
11152500,2023-03-15 13:00,23.97,gage_height_ft,Salinas River near Spreckels
11152500,2023-03-15 13:15,23.96,gage_height_ft,Salinas River near Spreckels
11152500,2023-03-15 13:30,23.94,gage_height_ft,Salinas River near Spreckels
11152500,2023-03-15 13:45,23.96,gage_height_ft,Salinas River near Spreckels
11152500,2023-03-15 14:00,23.96,gage_height_ft,Salinas River near Spreckels
11152500,2023-03-15 14:15,23.96,gage_height_ft,Salinas River near Spreckels
11152500,2023-03-15 14:30,23.98,gage_height_ft,Salinas River near Spreckels
11152500,2023-03-15 14:45,23.97,gage_height_ft,Salinas River near Spreckels
11152500,2023-03-15 15:00,23.97,gage_height_ft,Salinas River near Spreckels
11152500,2023-03-15 15:15,23.96,gage_height_ft,Salinas River near Spreckels
11152500,2023-03-15 15:30,23.95,gage_height_ft,Salinas River near Spreckels
11152500,2023-03-15 15:45,23.96,gage_height_ft,Salinas River near Spreckels
11152500,2023-03-15 16:00,23.95,gage_height_ft,Salinas River near Spreckels
11152500,2023-03-15 16:15,23.96,gage_height_ft,Salinas River near Spreckels
11152500,2023-03-15 16:30,23.93,gage_height_ft,Salinas River near Spreckels
11152500,2023-03-15 16:45,23.93,gage_height_ft,Salinas River near Spreckels
11152500,2023-03-15 17:00,23.91,gage_height_ft,Salinas River near Spreckels
11152500,2023-03-15 17:15,23.9,gage_height_ft,Salinas River near Spreckels
11152500,2023-03-15 17:30,23.89,gage_height_ft,Salinas River near Spreckels
11152500,2023-03-15 17:45,23.9,gage_height_ft,Salinas River near Spreckels
11152500,2023-03-15 18:00,23.88,gage_height_ft,Salinas River near Spreckels
11152500,2023-03-15 18:15,23.86,gage_height_ft,Salinas River near Spreckels
11152500,2023-03-15 18:30,23.85,gage_height_ft,Salinas River near Spreckels
11152500,2023-03-15 18:45,23.83,gage_height_ft,Salinas River near Spreckels
11152500,2023-03-15 19:00,23.83,gage_height_ft,Salinas River near Spreckels
11152500,2023-03-15 19:15,23.83,gage_height_ft,Salinas River near Spreckels
11152500,2023-03-15 19:30,23.81,gage_height_ft,Salinas River near Spreckels
11152500,2023-03-15 19:45,23.77,gage_height_ft,Salinas River near Spreckels
11152500,2023-03-15 20:00,23.78,gage_height_ft,Salinas River near Spreckels
11152500,2023-03-15 20:15,23.75,gage_height_ft,Salinas River near Spreckels
11152500,2023-03-15 20:30,23.71,gage_height_ft,Salinas River near Spreckels
11152500,2023-03-15 20:45,23.71,gage_height_ft,Salinas River near Spreckels
11152500,2023-03-15 21:00,23.7,gage_height_ft,Salinas River near Spreckels
11152500,2023-03-15 21:15,23.67,gage_height_ft,Salinas River near Spreckels
11152500,2023-03-15 21:30,23.65,gage_height_ft,Salinas River near Spreckels
11152500,2023-03-15 21:45,23.65,gage_height_ft,Salinas River near Spreckels
11152500,2023-03-15 22:00,23.63,gage_height_ft,Salinas River near Spreckels
11152500,2023-03-15 22:15,23.62,gage_height_ft,Salinas River near Spreckels
11152500,2023-03-15 22:30,23.6,gage_height_ft,Salinas River near Spreckels
11152500,2023-03-15 22:45,23.58,gage_height_ft,Salinas River near Spreckels
11152500,2023-03-15 23:00,23.58,gage_height_ft,Salinas River near Spreckels
11152500,2023-03-15 23:15,23.56,gage_height_ft,Salinas River near Spreckels
11152500,2023-03-15 23:30,23.55,gage_height_ft,Salinas River near Spreckels
11152500,2023-03-15 23:45,23.51,gage_height_ft,Salinas River near Spreckels
11152500,2023-03-16 00:00,23.48,gage_height_ft,Salinas River near Spreckels
11152500,2023-03-16 00:15,23.47,gage_height_ft,Salinas River near Spreckels
11152500,2023-03-16 00:30,23.47,gage_height_ft,Salinas River near Spreckels
11152500,2023-03-16 00:45,23.45,gage_height_ft,Salinas River near Spreckels
11152500,2023-03-16 01:00,23.45,gage_height_ft,Salinas River near Spreckels
11152500,2023-03-16 01:15,23.45,gage_height_ft,Salinas River near Spreckels
11152500,2023-03-16 01:30,23.42,gage_height_ft,Salinas River near Spreckels
11152500,2023-03-16 01:45,23.42,gage_height_ft,Salinas River near Spreckels
11152500,2023-03-16 02:00,23.43,gage_height_ft,Salinas River near Spreckels
11152500,2023-03-16 02:15,23.42,gage_height_ft,Salinas River near Spreckels
11152500,2023-03-16 02:30,23.41,gage_height_ft,Salinas River near Spreckels
11152500,2023-03-16 02:45,23.4,gage_height_ft,Salinas River near Spreckels
11152500,2023-03-16 03:00,23.4,gage_height_ft,Salinas River near Spreckels
11152500,2023-03-16 03:15,23.39,gage_height_ft,Salinas River near Spreckels
11152500,2023-03-16 03:30,23.38,gage_height_ft,Salinas River near Spreckels
11152500,2023-03-16 03:45,23.37,gage_height_ft,Salinas River near Spreckels
11152500,2023-03-16 04:00,23.35,gage_height_ft,Salinas River near Spreckels
11152500,2023-03-16 04:15,23.35,gage_height_ft,Salinas River near Spreckels
11152500,2023-03-16 04:30,23.36,gage_height_ft,Salinas River near Spreckels
11152500,2023-03-16 04:45,23.34,gage_height_ft,Salinas River near Spreckels
11152500,2023-03-16 05:00,23.35,gage_height_ft,Salinas River near Spreckels
11152500,2023-03-16 05:15,23.35,gage_height_ft,Salinas River near Spreckels
11152500,2023-03-16 05:30,23.34,gage_height_ft,Salinas River near Spreckels
11152500,2023-03-16 05:45,23.35,gage_height_ft,Salinas River near Spreckels
11152500,2023-03-16 06:00,23.34,gage_height_ft,Salinas River near Spreckels
11152500,2023-03-16 06:15,23.36,gage_height_ft,Salinas River near Spreckels
11152500,2023-03-16 06:30,23.35,gage_height_ft,Salinas River near Spreckels
11152500,2023-03-16 06:45,23.37,gage_height_ft,Salinas River near Spreckels
11152500,2023-03-16 07:00,23.36,gage_height_ft,Salinas River near Spreckels
11152500,2023-03-16 07:15,23.37,gage_height_ft,Salinas River near Spreckels
11152500,2023-03-16 07:30,23.38,gage_height_ft,Salinas River near Spreckels
11152500,2023-03-16 07:45,23.37,gage_height_ft,Salinas River near Spreckels
11152500,2023-03-16 08:00,23.39,gage_height_ft,Salinas River near Spreckels
11152500,2023-03-16 08:15,23.4,gage_height_ft,Salinas River near Spreckels
11152500,2023-03-16 08:30,23.4,gage_height_ft,Salinas River near Spreckels
11152500,2023-03-16 08:45,23.41,gage_height_ft,Salinas River near Spreckels
11152500,2023-03-16 09:00,23.42,gage_height_ft,Salinas River near Spreckels
11152500,2023-03-16 09:15,23.39,gage_height_ft,Salinas River near Spreckels
11152500,2023-03-16 09:30,23.41,gage_height_ft,Salinas River near Spreckels
11152500,2023-03-16 09:45,23.4,gage_height_ft,Salinas River near Spreckels
11152500,2023-03-16 10:00,23.39,gage_height_ft,Salinas River near Spreckels
11152500,2023-03-16 10:15,23.36,gage_height_ft,Salinas River near Spreckels
11152500,2023-03-16 10:30,23.37,gage_height_ft,Salinas River near Spreckels
11152500,2023-03-16 10:45,23.38,gage_height_ft,Salinas River near Spreckels
11152500,2023-03-16 11:00,23.37,gage_height_ft,Salinas River near Spreckels
11152500,2023-03-16 11:15,23.38,gage_height_ft,Salinas River near Spreckels
11152500,2023-03-16 11:30,23.38,gage_height_ft,Salinas River near Spreckels
11152500,2023-03-16 11:45,23.4,gage_height_ft,Salinas River near Spreckels
11152500,2023-03-16 12:00,23.39,gage_height_ft,Salinas River near Spreckels
11152500,2023-03-16 12:15,23.39,gage_height_ft,Salinas River near Spreckels
11152500,2023-03-16 12:30,23.39,gage_height_ft,Salinas River near Spreckels
11152500,2023-03-16 12:45,23.38,gage_height_ft,Salinas River near Spreckels
11152500,2023-03-16 13:00,23.35,gage_height_ft,Salinas River near Spreckels
11152500,2023-03-16 13:15,23.38,gage_height_ft,Salinas River near Spreckels
11152500,2023-03-16 13:30,23.4,gage_height_ft,Salinas River near Spreckels
11152500,2023-03-16 13:45,23.39,gage_height_ft,Salinas River near Spreckels
11152500,2023-03-16 14:00,23.38,gage_height_ft,Salinas River near Spreckels
11152500,2023-03-16 14:15,23.38,gage_height_ft,Salinas River near Spreckels
11152500,2023-03-16 14:30,23.36,gage_height_ft,Salinas River near Spreckels
11152500,2023-03-16 14:45,23.34,gage_height_ft,Salinas River near Spreckels
11152500,2023-03-16 15:00,23.34,gage_height_ft,Salinas River near Spreckels
11152500,2023-03-16 15:15,23.38,gage_height_ft,Salinas River near Spreckels
11152500,2023-03-16 15:30,23.37,gage_height_ft,Salinas River near Spreckels
11152500,2023-03-16 15:45,23.35,gage_height_ft,Salinas River near Spreckels
11152500,2023-03-16 16:00,23.35,gage_height_ft,Salinas River near Spreckels
11152500,2023-03-16 16:15,23.35,gage_height_ft,Salinas River near Spreckels
11152500,2023-03-16 16:30,23.37,gage_height_ft,Salinas River near Spreckels
11152500,2023-03-16 16:45,23.38,gage_height_ft,Salinas River near Spreckels
11152500,2023-03-16 17:00,23.37,gage_height_ft,Salinas River near Spreckels
11152500,2023-03-16 17:15,23.38,gage_height_ft,Salinas River near Spreckels
11152500,2023-03-16 17:30,23.37,gage_height_ft,Salinas River near Spreckels
11152500,2023-03-16 17:45,23.39,gage_height_ft,Salinas River near Spreckels
11152500,2023-03-16 18:00,23.41,gage_height_ft,Salinas River near Spreckels
11152500,2023-03-16 18:15,23.4,gage_height_ft,Salinas River near Spreckels
11152500,2023-03-16 18:30,23.39,gage_height_ft,Salinas River near Spreckels
11152500,2023-03-16 18:45,23.39,gage_height_ft,Salinas River near Spreckels
11152500,2023-03-16 19:00,23.4,gage_height_ft,Salinas River near Spreckels
11152500,2023-03-16 19:15,23.42,gage_height_ft,Salinas River near Spreckels
11152500,2023-03-16 19:30,23.42,gage_height_ft,Salinas River near Spreckels
11152500,2023-03-16 19:45,23.43,gage_height_ft,Salinas River near Spreckels
11152500,2023-03-16 20:00,23.44,gage_height_ft,Salinas River near Spreckels
11152500,2023-03-16 20:15,23.46,gage_height_ft,Salinas River near Spreckels
11152500,2023-03-16 20:30,23.46,gage_height_ft,Salinas River near Spreckels
11152500,2023-03-16 20:45,23.47,gage_height_ft,Salinas River near Spreckels
11152500,2023-03-16 21:00,23.5,gage_height_ft,Salinas River near Spreckels
11152500,2023-03-16 21:15,23.51,gage_height_ft,Salinas River near Spreckels
11152500,2023-03-16 21:30,23.53,gage_height_ft,Salinas River near Spreckels
11152500,2023-03-16 21:45,23.54,gage_height_ft,Salinas River near Spreckels
11152500,2023-03-16 22:00,23.58,gage_height_ft,Salinas River near Spreckels
11152500,2023-03-16 22:15,23.59,gage_height_ft,Salinas River near Spreckels
11152500,2023-03-16 22:30,23.65,gage_height_ft,Salinas River near Spreckels
11152500,2023-03-16 22:45,23.67,gage_height_ft,Salinas River near Spreckels
11152500,2023-03-16 23:00,23.69,gage_height_ft,Salinas River near Spreckels
11152500,2023-03-16 23:15,23.74,gage_height_ft,Salinas River near Spreckels
11152500,2023-03-16 23:30,23.8,gage_height_ft,Salinas River near Spreckels
11152500,2023-03-16 23:45,23.84,gage_height_ft,Salinas River near Spreckels
11152500,2023-03-17 00:00,23.87,gage_height_ft,Salinas River near Spreckels
11152500,2023-03-17 00:15,23.94,gage_height_ft,Salinas River near Spreckels
11152500,2023-03-17 00:30,23.97,gage_height_ft,Salinas River near Spreckels
11152500,2023-03-17 00:45,24.01,gage_height_ft,Salinas River near Spreckels
11152500,2023-03-17 01:00,24.09,gage_height_ft,Salinas River near Spreckels
11152500,2023-03-17 01:15,24.16,gage_height_ft,Salinas River near Spreckels
11152500,2023-03-17 01:30,24.22,gage_height_ft,Salinas River near Spreckels
11152500,2023-03-17 01:45,24.29,gage_height_ft,Salinas River near Spreckels
11152500,2023-03-17 02:00,24.37,gage_height_ft,Salinas River near Spreckels
11152500,2023-03-17 02:15,24.44,gage_height_ft,Salinas River near Spreckels
11152500,2023-03-17 02:30,24.49,gage_height_ft,Salinas River near Spreckels
11152500,2023-03-17 02:45,24.51,gage_height_ft,Salinas River near Spreckels
11152500,2023-03-17 03:00,24.6,gage_height_ft,Salinas River near Spreckels
11152500,2023-03-17 03:15,24.68,gage_height_ft,Salinas River near Spreckels
11152500,2023-03-17 03:30,24.71,gage_height_ft,Salinas River near Spreckels
11152500,2023-03-17 03:45,24.73,gage_height_ft,Salinas River near Spreckels
11152500,2023-03-17 04:00,24.76,gage_height_ft,Salinas River near Spreckels
11152500,2023-03-17 04:15,24.84,gage_height_ft,Salinas River near Spreckels
11152500,2023-03-17 04:30,24.96,gage_height_ft,Salinas River near Spreckels
11152500,2023-03-17 04:45,25.03,gage_height_ft,Salinas River near Spreckels
11152500,2023-03-17 05:00,25.07,gage_height_ft,Salinas River near Spreckels
11152500,2023-03-17 05:15,25.1,gage_height_ft,Salinas River near Spreckels
11152500,2023-03-17 05:30,25.14,gage_height_ft,Salinas River near Spreckels
11152500,2023-03-17 05:45,25.19,gage_height_ft,Salinas River near Spreckels
11152500,2023-03-17 06:00,25.26,gage_height_ft,Salinas River near Spreckels
11152500,2023-03-17 06:15,25.29,gage_height_ft,Salinas River near Spreckels
11152500,2023-03-17 06:30,25.37,gage_height_ft,Salinas River near Spreckels
11152500,2023-03-17 06:45,25.44,gage_height_ft,Salinas River near Spreckels
11152500,2023-03-17 07:00,25.51,gage_height_ft,Salinas River near Spreckels
11152500,2023-03-17 07:15,25.56,gage_height_ft,Salinas River near Spreckels
11152500,2023-03-17 07:30,25.57,gage_height_ft,Salinas River near Spreckels
11152500,2023-03-17 07:45,25.58,gage_height_ft,Salinas River near Spreckels
11152500,2023-03-17 08:00,25.57,gage_height_ft,Salinas River near Spreckels
11152500,2023-03-17 08:15,25.53,gage_height_ft,Salinas River near Spreckels
11152500,2023-03-17 08:30,25.56,gage_height_ft,Salinas River near Spreckels
11152500,2023-03-17 08:45,25.6,gage_height_ft,Salinas River near Spreckels
11152500,2023-03-17 09:00,25.62,gage_height_ft,Salinas River near Spreckels
11152500,2023-03-17 09:15,25.58,gage_height_ft,Salinas River near Spreckels
11152500,2023-03-17 09:30,25.59,gage_height_ft,Salinas River near Spreckels
11152500,2023-03-17 09:45,25.59,gage_height_ft,Salinas River near Spreckels
11152500,2023-03-17 10:00,25.65,gage_height_ft,Salinas River near Spreckels
11152500,2023-03-17 10:15,25.64,gage_height_ft,Salinas River near Spreckels
11152500,2023-03-17 10:30,25.71,gage_height_ft,Salinas River near Spreckels
11152500,2023-03-17 10:45,25.76,gage_height_ft,Salinas River near Spreckels
11152500,2023-03-17 11:00,25.78,gage_height_ft,Salinas River near Spreckels
11152500,2023-03-17 11:15,25.76,gage_height_ft,Salinas River near Spreckels
11152500,2023-03-17 11:30,25.79,gage_height_ft,Salinas River near Spreckels
11152500,2023-03-17 11:45,25.77,gage_height_ft,Salinas River near Spreckels
11152500,2023-03-17 12:00,25.8,gage_height_ft,Salinas River near Spreckels
11152500,2023-03-17 12:15,25.79,gage_height_ft,Salinas River near Spreckels
11152500,2023-03-17 12:30,25.81,gage_height_ft,Salinas River near Spreckels
11152500,2023-03-17 12:45,25.86,gage_height_ft,Salinas River near Spreckels
11152500,2023-03-17 13:00,25.85,gage_height_ft,Salinas River near Spreckels
11152500,2023-03-17 13:15,25.84,gage_height_ft,Salinas River near Spreckels
11152500,2023-03-17 13:30,25.9,gage_height_ft,Salinas River near Spreckels
11152500,2023-03-17 13:45,25.89,gage_height_ft,Salinas River near Spreckels
11152500,2023-03-17 14:00,25.9,gage_height_ft,Salinas River near Spreckels
11152500,2023-03-17 14:15,25.91,gage_height_ft,Salinas River near Spreckels
11152500,2023-03-17 14:30,25.92,gage_height_ft,Salinas River near Spreckels
11152500,2023-03-17 14:45,25.94,gage_height_ft,Salinas River near Spreckels
11152500,2023-03-17 15:00,25.93,gage_height_ft,Salinas River near Spreckels
11152500,2023-03-17 15:15,25.92,gage_height_ft,Salinas River near Spreckels
11152500,2023-03-17 15:30,25.9,gage_height_ft,Salinas River near Spreckels
11152500,2023-03-17 15:45,25.85,gage_height_ft,Salinas River near Spreckels
11152500,2023-03-17 16:00,25.88,gage_height_ft,Salinas River near Spreckels
11152500,2023-03-17 16:15,25.85,gage_height_ft,Salinas River near Spreckels
11152500,2023-03-17 16:30,25.82,gage_height_ft,Salinas River near Spreckels
11152500,2023-03-17 16:45,25.8,gage_height_ft,Salinas River near Spreckels
11152500,2023-03-17 17:00,25.75,gage_height_ft,Salinas River near Spreckels
11152500,2023-03-17 17:15,25.71,gage_height_ft,Salinas River near Spreckels
11152500,2023-03-17 17:30,25.69,gage_height_ft,Salinas River near Spreckels
11152500,2023-03-17 17:45,25.66,gage_height_ft,Salinas River near Spreckels
11152500,2023-03-17 18:00,25.65,gage_height_ft,Salinas River near Spreckels
11152500,2023-03-17 18:15,25.62,gage_height_ft,Salinas River near Spreckels
11152500,2023-03-17 18:30,25.56,gage_height_ft,Salinas River near Spreckels
11152500,2023-03-17 18:45,25.56,gage_height_ft,Salinas River near Spreckels
11152500,2023-03-17 19:00,25.53,gage_height_ft,Salinas River near Spreckels
11152500,2023-03-17 19:15,25.47,gage_height_ft,Salinas River near Spreckels
11152500,2023-03-17 19:30,25.43,gage_height_ft,Salinas River near Spreckels
11152500,2023-03-17 19:45,25.41,gage_height_ft,Salinas River near Spreckels
11152500,2023-03-17 20:00,25.38,gage_height_ft,Salinas River near Spreckels
11152500,2023-03-17 20:15,25.37,gage_height_ft,Salinas River near Spreckels
11152500,2023-03-17 20:30,25.35,gage_height_ft,Salinas River near Spreckels
11152500,2023-03-17 20:45,25.31,gage_height_ft,Salinas River near Spreckels
11152500,2023-03-17 21:00,25.28,gage_height_ft,Salinas River near Spreckels
11152500,2023-03-17 21:15,25.26,gage_height_ft,Salinas River near Spreckels
11152500,2023-03-17 21:30,25.23,gage_height_ft,Salinas River near Spreckels
11152500,2023-03-17 21:45,25.22,gage_height_ft,Salinas River near Spreckels
11152500,2023-03-17 22:00,25.21,gage_height_ft,Salinas River near Spreckels
11152500,2023-03-17 22:15,25.18,gage_height_ft,Salinas River near Spreckels
11152500,2023-03-17 22:30,25.13,gage_height_ft,Salinas River near Spreckels
11152500,2023-03-17 22:45,25.11,gage_height_ft,Salinas River near Spreckels
11152500,2023-03-17 23:00,25.09,gage_height_ft,Salinas River near Spreckels
11152500,2023-03-17 23:15,25.07,gage_height_ft,Salinas River near Spreckels
11152500,2023-03-17 23:30,25.02,gage_height_ft,Salinas River near Spreckels
11152500,2023-03-17 23:45,25.02,gage_height_ft,Salinas River near Spreckels
11152500,2023-03-18 00:00,24.98,gage_height_ft,Salinas River near Spreckels
11152500,2023-03-18 00:15,24.96,gage_height_ft,Salinas River near Spreckels
11152500,2023-03-18 00:30,24.91,gage_height_ft,Salinas River near Spreckels
11152500,2023-03-18 00:45,24.88,gage_height_ft,Salinas River near Spreckels
11152500,2023-03-18 01:00,24.85,gage_height_ft,Salinas River near Spreckels
11152500,2023-03-18 01:15,24.84,gage_height_ft,Salinas River near Spreckels
11152500,2023-03-18 01:30,24.79,gage_height_ft,Salinas River near Spreckels
11152500,2023-03-18 01:45,24.76,gage_height_ft,Salinas River near Spreckels
11152500,2023-03-18 02:00,24.74,gage_height_ft,Salinas River near Spreckels
11152500,2023-03-18 02:15,24.68,gage_height_ft,Salinas River near Spreckels
11152500,2023-03-18 02:30,24.66,gage_height_ft,Salinas River near Spreckels
11152500,2023-03-18 02:45,24.6,gage_height_ft,Salinas River near Spreckels
11152500,2023-03-18 03:00,24.59,gage_height_ft,Salinas River near Spreckels
11152500,2023-03-18 03:15,24.54,gage_height_ft,Salinas River near Spreckels
11152500,2023-03-18 03:30,24.53,gage_height_ft,Salinas River near Spreckels
11152500,2023-03-18 03:45,24.48,gage_height_ft,Salinas River near Spreckels
11152500,2023-03-18 04:00,24.42,gage_height_ft,Salinas River near Spreckels
11152500,2023-03-18 04:15,24.41,gage_height_ft,Salinas River near Spreckels
11152500,2023-03-18 04:30,24.37,gage_height_ft,Salinas River near Spreckels
11152500,2023-03-18 04:45,24.34,gage_height_ft,Salinas River near Spreckels
11152500,2023-03-18 05:00,24.3,gage_height_ft,Salinas River near Spreckels
11152500,2023-03-18 05:15,24.26,gage_height_ft,Salinas River near Spreckels
11152500,2023-03-18 05:30,24.25,gage_height_ft,Salinas River near Spreckels
11152500,2023-03-18 05:45,24.21,gage_height_ft,Salinas River near Spreckels
11152500,2023-03-18 06:00,24.2,gage_height_ft,Salinas River near Spreckels
11152500,2023-03-18 06:15,24.18,gage_height_ft,Salinas River near Spreckels
11152500,2023-03-18 06:30,24.15,gage_height_ft,Salinas River near Spreckels
11152500,2023-03-18 06:45,24.13,gage_height_ft,Salinas River near Spreckels
11152500,2023-03-18 07:00,24.1,gage_height_ft,Salinas River near Spreckels
11152500,2023-03-18 07:15,24.06,gage_height_ft,Salinas River near Spreckels
11152500,2023-03-18 07:30,24.02,gage_height_ft,Salinas River near Spreckels
11152500,2023-03-18 07:45,23.98,gage_height_ft,Salinas River near Spreckels
11152500,2023-03-18 08:00,23.97,gage_height_ft,Salinas River near Spreckels
11152500,2023-03-18 08:15,23.92,gage_height_ft,Salinas River near Spreckels
11152500,2023-03-18 08:30,23.87,gage_height_ft,Salinas River near Spreckels
11152500,2023-03-18 08:45,23.86,gage_height_ft,Salinas River near Spreckels
11152500,2023-03-18 09:00,23.82,gage_height_ft,Salinas River near Spreckels
11152500,2023-03-18 09:15,23.79,gage_height_ft,Salinas River near Spreckels
11152500,2023-03-18 09:30,23.76,gage_height_ft,Salinas River near Spreckels
11152500,2023-03-18 09:45,23.71,gage_height_ft,Salinas River near Spreckels
11152500,2023-03-18 10:00,23.69,gage_height_ft,Salinas River near Spreckels
11152500,2023-03-18 10:15,23.66,gage_height_ft,Salinas River near Spreckels
11152500,2023-03-18 10:30,23.64,gage_height_ft,Salinas River near Spreckels
11152500,2023-03-18 10:45,23.61,gage_height_ft,Salinas River near Spreckels
11152500,2023-03-18 11:00,23.58,gage_height_ft,Salinas River near Spreckels
11152500,2023-03-18 11:15,23.55,gage_height_ft,Salinas River near Spreckels
11152500,2023-03-18 11:30,23.52,gage_height_ft,Salinas River near Spreckels
11152500,2023-03-18 11:45,23.49,gage_height_ft,Salinas River near Spreckels
11152500,2023-03-18 12:00,23.45,gage_height_ft,Salinas River near Spreckels
11152500,2023-03-18 12:15,23.42,gage_height_ft,Salinas River near Spreckels
11152500,2023-03-18 12:30,23.4,gage_height_ft,Salinas River near Spreckels
11152500,2023-03-18 12:45,23.36,gage_height_ft,Salinas River near Spreckels
11152500,2023-03-18 13:00,23.33,gage_height_ft,Salinas River near Spreckels
11152500,2023-03-18 13:15,23.31,gage_height_ft,Salinas River near Spreckels
11152500,2023-03-18 13:30,23.29,gage_height_ft,Salinas River near Spreckels
11152500,2023-03-18 13:45,23.24,gage_height_ft,Salinas River near Spreckels
11152500,2023-03-18 14:00,23.25,gage_height_ft,Salinas River near Spreckels
11152500,2023-03-18 14:15,23.21,gage_height_ft,Salinas River near Spreckels
11152500,2023-03-18 14:30,23.18,gage_height_ft,Salinas River near Spreckels
11152500,2023-03-18 15:15,23.13,gage_height_ft,Salinas River near Spreckels
11152500,2023-03-18 15:45,23.09,gage_height_ft,Salinas River near Spreckels
11152500,2023-03-18 16:00,23.08,gage_height_ft,Salinas River near Spreckels
11152500,2023-03-18 16:15,23.05,gage_height_ft,Salinas River near Spreckels
11152500,2023-03-18 16:30,23.02,gage_height_ft,Salinas River near Spreckels
11152500,2023-03-18 16:45,23.0,gage_height_ft,Salinas River near Spreckels
11152500,2023-03-18 17:15,22.94,gage_height_ft,Salinas River near Spreckels
11152500,2023-03-18 18:45,22.81,gage_height_ft,Salinas River near Spreckels
11152500,2023-03-18 19:30,22.77,gage_height_ft,Salinas River near Spreckels
11152500,2023-03-18 19:45,22.75,gage_height_ft,Salinas River near Spreckels
11152500,2023-03-18 21:00,22.64,gage_height_ft,Salinas River near Spreckels
11152500,2023-03-18 21:15,22.62,gage_height_ft,Salinas River near Spreckels
11152500,2023-03-18 23:00,22.51,gage_height_ft,Salinas River near Spreckels
11152500,2023-03-18 23:45,22.46,gage_height_ft,Salinas River near Spreckels
11152500,2023-03-19 00:30,22.4,gage_height_ft,Salinas River near Spreckels
11152500,2023-03-19 00:45,22.39,gage_height_ft,Salinas River near Spreckels
11152500,2023-03-19 01:00,22.37,gage_height_ft,Salinas River near Spreckels
11152500,2023-03-19 01:15,22.35,gage_height_ft,Salinas River near Spreckels
11152500,2023-03-19 01:45,22.33,gage_height_ft,Salinas River near Spreckels
11152500,2023-03-19 02:00,22.31,gage_height_ft,Salinas River near Spreckels
11152500,2023-03-19 02:15,22.29,gage_height_ft,Salinas River near Spreckels
11152500,2023-03-19 02:30,22.26,gage_height_ft,Salinas River near Spreckels
11152500,2023-03-19 02:45,22.26,gage_height_ft,Salinas River near Spreckels
11152500,2023-03-19 03:15,22.24,gage_height_ft,Salinas River near Spreckels
11152500,2023-03-19 03:30,22.23,gage_height_ft,Salinas River near Spreckels
11152500,2023-03-19 04:00,22.19,gage_height_ft,Salinas River near Spreckels
11152500,2023-03-19 04:30,22.18,gage_height_ft,Salinas River near Spreckels
11152500,2023-03-19 04:45,22.16,gage_height_ft,Salinas River near Spreckels
11152500,2023-03-19 05:00,22.15,gage_height_ft,Salinas River near Spreckels
11152500,2023-03-19 05:15,22.13,gage_height_ft,Salinas River near Spreckels
11152500,2023-03-19 05:30,22.13,gage_height_ft,Salinas River near Spreckels
11152500,2023-03-19 05:45,22.13,gage_height_ft,Salinas River near Spreckels
11152500,2023-03-19 06:00,22.1,gage_height_ft,Salinas River near Spreckels
11152500,2023-03-19 06:15,22.1,gage_height_ft,Salinas River near Spreckels
11152500,2023-03-19 06:30,22.08,gage_height_ft,Salinas River near Spreckels
11152500,2023-03-19 06:45,22.09,gage_height_ft,Salinas River near Spreckels
11152500,2023-03-19 07:00,22.07,gage_height_ft,Salinas River near Spreckels
11152500,2023-03-19 07:15,22.05,gage_height_ft,Salinas River near Spreckels
11152500,2023-03-19 07:30,22.03,gage_height_ft,Salinas River near Spreckels
11152500,2023-03-19 07:45,22.02,gage_height_ft,Salinas River near Spreckels
11152500,2023-03-19 08:00,22.02,gage_height_ft,Salinas River near Spreckels
11152500,2023-03-19 08:15,22.0,gage_height_ft,Salinas River near Spreckels
11152500,2023-03-19 08:30,21.99,gage_height_ft,Salinas River near Spreckels
11152500,2023-03-19 08:45,21.98,gage_height_ft,Salinas River near Spreckels
11152500,2023-03-19 09:00,21.96,gage_height_ft,Salinas River near Spreckels
11152500,2023-03-19 09:15,21.95,gage_height_ft,Salinas River near Spreckels
11152500,2023-03-19 09:30,21.95,gage_height_ft,Salinas River near Spreckels
11152500,2023-03-19 09:45,21.94,gage_height_ft,Salinas River near Spreckels
11152500,2023-03-19 10:00,21.93,gage_height_ft,Salinas River near Spreckels
11152500,2023-03-19 10:15,21.93,gage_height_ft,Salinas River near Spreckels
11152500,2023-03-19 10:30,21.93,gage_height_ft,Salinas River near Spreckels
11152500,2023-03-19 10:45,21.91,gage_height_ft,Salinas River near Spreckels
11152500,2023-03-19 11:00,21.91,gage_height_ft,Salinas River near Spreckels
11152500,2023-03-19 11:15,21.9,gage_height_ft,Salinas River near Spreckels
11152500,2023-03-19 11:30,21.89,gage_height_ft,Salinas River near Spreckels
11152500,2023-03-19 11:45,21.9,gage_height_ft,Salinas River near Spreckels
11152500,2023-03-19 12:00,21.9,gage_height_ft,Salinas River near Spreckels
11152500,2023-03-19 12:15,21.88,gage_height_ft,Salinas River near Spreckels
11152500,2023-03-19 12:30,21.88,gage_height_ft,Salinas River near Spreckels
11152500,2023-03-19 12:45,21.88,gage_height_ft,Salinas River near Spreckels
11152500,2023-03-19 13:00,21.86,gage_height_ft,Salinas River near Spreckels
11152500,2023-03-19 13:15,21.85,gage_height_ft,Salinas River near Spreckels
11152500,2023-03-19 13:30,21.85,gage_height_ft,Salinas River near Spreckels
11152500,2023-03-19 13:45,21.84,gage_height_ft,Salinas River near Spreckels
11152500,2023-03-19 14:00,21.84,gage_height_ft,Salinas River near Spreckels
11152500,2023-03-19 14:15,21.83,gage_height_ft,Salinas River near Spreckels
11152500,2023-03-19 14:30,21.82,gage_height_ft,Salinas River near Spreckels
11152500,2023-03-19 15:00,21.81,gage_height_ft,Salinas River near Spreckels
11152500,2023-03-19 15:15,21.81,gage_height_ft,Salinas River near Spreckels
11152500,2023-03-19 15:30,21.79,gage_height_ft,Salinas River near Spreckels
11152500,2023-03-19 15:45,21.77,gage_height_ft,Salinas River near Spreckels
11152500,2023-03-19 16:00,21.77,gage_height_ft,Salinas River near Spreckels
11152500,2023-03-19 16:15,21.74,gage_height_ft,Salinas River near Spreckels
11152500,2023-03-19 16:30,21.71,gage_height_ft,Salinas River near Spreckels
11152500,2023-03-19 17:00,21.7,gage_height_ft,Salinas River near Spreckels
11152500,2023-03-19 17:15,21.68,gage_height_ft,Salinas River near Spreckels
11152500,2023-03-19 17:45,21.69,gage_height_ft,Salinas River near Spreckels
11152500,2023-03-19 18:30,21.68,gage_height_ft,Salinas River near Spreckels
11152500,2023-03-19 19:00,21.66,gage_height_ft,Salinas River near Spreckels
11152500,2023-03-19 19:30,21.65,gage_height_ft,Salinas River near Spreckels
11152500,2023-03-19 19:45,21.64,gage_height_ft,Salinas River near Spreckels
11152500,2023-03-19 20:30,21.61,gage_height_ft,Salinas River near Spreckels
11152500,2023-03-19 20:45,21.6,gage_height_ft,Salinas River near Spreckels
11152500,2023-03-19 21:15,21.59,gage_height_ft,Salinas River near Spreckels
11152500,2023-03-19 21:30,21.57,gage_height_ft,Salinas River near Spreckels
11152500,2023-03-19 22:00,21.56,gage_height_ft,Salinas River near Spreckels
11152500,2023-03-19 22:15,21.56,gage_height_ft,Salinas River near Spreckels
11152500,2023-03-19 22:30,21.56,gage_height_ft,Salinas River near Spreckels
11152500,2023-03-19 22:45,21.56,gage_height_ft,Salinas River near Spreckels
11152500,2023-03-19 23:00,21.55,gage_height_ft,Salinas River near Spreckels
11152500,2023-03-19 23:15,21.55,gage_height_ft,Salinas River near Spreckels
11152500,2023-03-19 23:45,21.52,gage_height_ft,Salinas River near Spreckels
11152500,2023-03-20 00:00,21.53,gage_height_ft,Salinas River near Spreckels
11152500,2023-03-20 00:15,21.53,gage_height_ft,Salinas River near Spreckels
11152500,2023-03-20 00:30,21.52,gage_height_ft,Salinas River near Spreckels
11152500,2023-03-20 00:45,21.52,gage_height_ft,Salinas River near Spreckels
11152500,2023-03-20 02:00,21.49,gage_height_ft,Salinas River near Spreckels
11152500,2023-03-20 02:15,21.5,gage_height_ft,Salinas River near Spreckels
11152500,2023-03-20 02:30,21.49,gage_height_ft,Salinas River near Spreckels
11152500,2023-03-20 02:45,21.48,gage_height_ft,Salinas River near Spreckels
11152500,2023-03-20 03:00,21.49,gage_height_ft,Salinas River near Spreckels
11152500,2023-03-20 03:30,21.48,gage_height_ft,Salinas River near Spreckels
11152500,2023-03-20 03:45,21.49,gage_height_ft,Salinas River near Spreckels
11152500,2023-03-20 04:00,21.49,gage_height_ft,Salinas River near Spreckels
11152500,2023-03-20 04:15,21.49,gage_height_ft,Salinas River near Spreckels
11152500,2023-03-20 04:30,21.49,gage_height_ft,Salinas River near Spreckels
11152500,2023-03-20 04:45,21.48,gage_height_ft,Salinas River near Spreckels
11152500,2023-03-20 06:15,21.47,gage_height_ft,Salinas River near Spreckels
11152500,2023-03-20 08:30,21.45,gage_height_ft,Salinas River near Spreckels
11152500,2023-03-20 09:00,21.44,gage_height_ft,Salinas River near Spreckels
11152500,2023-03-20 09:15,21.44,gage_height_ft,Salinas River near Spreckels
11152500,2023-03-20 10:00,21.42,gage_height_ft,Salinas River near Spreckels
11152500,2023-03-20 10:15,21.41,gage_height_ft,Salinas River near Spreckels
11152500,2023-03-20 10:45,21.39,gage_height_ft,Salinas River near Spreckels
11152500,2023-03-20 11:00,21.39,gage_height_ft,Salinas River near Spreckels
11152500,2023-03-20 11:15,21.38,gage_height_ft,Salinas River near Spreckels
11152500,2023-03-20 11:30,21.38,gage_height_ft,Salinas River near Spreckels
11152500,2023-03-20 12:30,21.35,gage_height_ft,Salinas River near Spreckels
11152500,2023-03-20 12:45,21.34,gage_height_ft,Salinas River near Spreckels
11152500,2023-03-20 13:00,21.33,gage_height_ft,Salinas River near Spreckels
11152500,2023-03-20 13:15,21.31,gage_height_ft,Salinas River near Spreckels
11152500,2023-03-20 13:30,21.31,gage_height_ft,Salinas River near Spreckels
11152500,2023-03-20 13:45,21.31,gage_height_ft,Salinas River near Spreckels
11152500,2023-03-20 14:00,21.29,gage_height_ft,Salinas River near Spreckels
11152500,2023-03-20 14:15,21.29,gage_height_ft,Salinas River near Spreckels
11152500,2023-03-20 14:30,21.29,gage_height_ft,Salinas River near Spreckels
11152500,2023-03-20 14:45,21.27,gage_height_ft,Salinas River near Spreckels
11152500,2023-03-20 15:00,21.26,gage_height_ft,Salinas River near Spreckels
11152500,2023-03-20 15:15,21.26,gage_height_ft,Salinas River near Spreckels
11152500,2023-03-20 15:30,21.25,gage_height_ft,Salinas River near Spreckels
11152500,2023-03-20 15:45,21.23,gage_height_ft,Salinas River near Spreckels
11152500,2023-03-20 16:00,21.23,gage_height_ft,Salinas River near Spreckels
11152500,2023-03-20 16:15,21.21,gage_height_ft,Salinas River near Spreckels
11152500,2023-03-20 16:30,21.21,gage_height_ft,Salinas River near Spreckels
11152500,2023-03-20 16:45,21.21,gage_height_ft,Salinas River near Spreckels
11152500,2023-03-20 17:00,21.21,gage_height_ft,Salinas River near Spreckels
11152500,2023-03-20 17:15,21.19,gage_height_ft,Salinas River near Spreckels
11152500,2023-03-20 17:30,21.19,gage_height_ft,Salinas River near Spreckels
11152500,2023-03-20 17:45,21.17,gage_height_ft,Salinas River near Spreckels
11152500,2023-03-20 18:00,21.17,gage_height_ft,Salinas River near Spreckels
11152500,2023-03-20 18:15,21.16,gage_height_ft,Salinas River near Spreckels
11152500,2023-03-20 18:30,21.15,gage_height_ft,Salinas River near Spreckels
11152500,2023-03-20 18:45,21.14,gage_height_ft,Salinas River near Spreckels
11152500,2023-03-20 19:00,21.14,gage_height_ft,Salinas River near Spreckels
11152500,2023-03-20 19:15,21.13,gage_height_ft,Salinas River near Spreckels
11152500,2023-03-20 19:30,21.12,gage_height_ft,Salinas River near Spreckels
11152500,2023-03-20 19:45,21.12,gage_height_ft,Salinas River near Spreckels
11152500,2023-03-20 20:00,21.1,gage_height_ft,Salinas River near Spreckels
11152500,2023-03-20 20:15,21.09,gage_height_ft,Salinas River near Spreckels
11152500,2023-03-20 20:30,21.08,gage_height_ft,Salinas River near Spreckels
11152500,2023-03-20 20:45,21.07,gage_height_ft,Salinas River near Spreckels
11152500,2023-03-20 21:00,21.06,gage_height_ft,Salinas River near Spreckels
11152500,2023-03-20 21:15,21.05,gage_height_ft,Salinas River near Spreckels
11152500,2023-03-20 21:30,21.05,gage_height_ft,Salinas River near Spreckels
11152500,2023-03-20 21:45,21.03,gage_height_ft,Salinas River near Spreckels
11152500,2023-03-20 22:00,21.03,gage_height_ft,Salinas River near Spreckels
11152500,2023-03-20 22:15,21.02,gage_height_ft,Salinas River near Spreckels
11152500,2023-03-20 22:30,21.02,gage_height_ft,Salinas River near Spreckels
11152500,2023-03-20 22:45,21.02,gage_height_ft,Salinas River near Spreckels
11152500,2023-03-20 23:00,21.0,gage_height_ft,Salinas River near Spreckels
11152500,2023-03-20 23:15,20.98,gage_height_ft,Salinas River near Spreckels
11152500,2023-03-20 23:30,20.99,gage_height_ft,Salinas River near Spreckels
11152500,2023-03-20 23:45,20.99,gage_height_ft,Salinas River near Spreckels
11152500,2023-03-21 00:00,20.97,gage_height_ft,Salinas River near Spreckels
11152500,2023-03-21 00:15,20.95,gage_height_ft,Salinas River near Spreckels
11152500,2023-03-21 00:30,20.95,gage_height_ft,Salinas River near Spreckels
11152500,2023-03-21 00:45,20.96,gage_height_ft,Salinas River near Spreckels
11152500,2023-03-21 01:00,20.96,gage_height_ft,Salinas River near Spreckels
11152500,2023-03-21 01:15,20.94,gage_height_ft,Salinas River near Spreckels
11152500,2023-03-21 01:30,20.95,gage_height_ft,Salinas River near Spreckels
11152500,2023-03-21 01:45,20.96,gage_height_ft,Salinas River near Spreckels
11152500,2023-03-21 02:00,20.93,gage_height_ft,Salinas River near Spreckels
11152500,2023-03-21 02:15,20.93,gage_height_ft,Salinas River near Spreckels
11152500,2023-03-21 02:30,20.92,gage_height_ft,Salinas River near Spreckels
11152500,2023-03-21 02:45,20.91,gage_height_ft,Salinas River near Spreckels
11152500,2023-03-21 03:00,20.91,gage_height_ft,Salinas River near Spreckels
11152500,2023-03-21 03:15,20.91,gage_height_ft,Salinas River near Spreckels
11152500,2023-03-21 03:30,20.91,gage_height_ft,Salinas River near Spreckels
11152500,2023-03-21 03:45,20.88,gage_height_ft,Salinas River near Spreckels
11152500,2023-03-21 04:00,20.88,gage_height_ft,Salinas River near Spreckels
11152500,2023-03-21 04:15,20.87,gage_height_ft,Salinas River near Spreckels
11152500,2023-03-21 04:30,20.86,gage_height_ft,Salinas River near Spreckels
11152500,2023-03-21 04:45,20.87,gage_height_ft,Salinas River near Spreckels
11152500,2023-03-21 05:00,20.86,gage_height_ft,Salinas River near Spreckels
11152500,2023-03-21 05:15,20.86,gage_height_ft,Salinas River near Spreckels
11152500,2023-03-21 05:30,20.86,gage_height_ft,Salinas River near Spreckels
11152500,2023-03-21 05:45,20.86,gage_height_ft,Salinas River near Spreckels
11152500,2023-03-21 06:00,20.84,gage_height_ft,Salinas River near Spreckels
11152500,2023-03-21 06:15,20.83,gage_height_ft,Salinas River near Spreckels
11152500,2023-03-21 06:30,20.83,gage_height_ft,Salinas River near Spreckels
11152500,2023-03-21 06:45,20.83,gage_height_ft,Salinas River near Spreckels
11152500,2023-03-21 07:00,20.82,gage_height_ft,Salinas River near Spreckels
11152500,2023-03-21 07:15,20.83,gage_height_ft,Salinas River near Spreckels
11152500,2023-03-21 07:30,20.82,gage_height_ft,Salinas River near Spreckels
11152500,2023-03-21 07:45,20.82,gage_height_ft,Salinas River near Spreckels
11152500,2023-03-21 08:00,20.82,gage_height_ft,Salinas River near Spreckels
11152500,2023-03-21 08:15,20.82,gage_height_ft,Salinas River near Spreckels
11152500,2023-03-21 08:30,20.82,gage_height_ft,Salinas River near Spreckels
11152500,2023-03-21 08:45,20.82,gage_height_ft,Salinas River near Spreckels
11152500,2023-03-21 09:00,20.82,gage_height_ft,Salinas River near Spreckels
11152500,2023-03-21 09:15,20.81,gage_height_ft,Salinas River near Spreckels
11152500,2023-03-21 09:30,20.81,gage_height_ft,Salinas River near Spreckels
11152500,2023-03-21 09:45,20.81,gage_height_ft,Salinas River near Spreckels
11152500,2023-03-21 10:00,20.83,gage_height_ft,Salinas River near Spreckels
11152500,2023-03-21 10:15,20.82,gage_height_ft,Salinas River near Spreckels
11152500,2023-03-21 10:30,20.81,gage_height_ft,Salinas River near Spreckels
11152500,2023-03-21 10:45,20.79,gage_height_ft,Salinas River near Spreckels
11152500,2023-03-21 11:00,20.79,gage_height_ft,Salinas River near Spreckels
11152500,2023-03-21 11:15,20.78,gage_height_ft,Salinas River near Spreckels
11152500,2023-03-21 11:30,20.78,gage_height_ft,Salinas River near Spreckels
11152500,2023-03-21 11:45,20.79,gage_height_ft,Salinas River near Spreckels
11152500,2023-03-21 12:00,20.78,gage_height_ft,Salinas River near Spreckels
11152500,2023-03-21 12:15,20.78,gage_height_ft,Salinas River near Spreckels
11152500,2023-03-21 12:30,20.77,gage_height_ft,Salinas River near Spreckels
11152500,2023-03-21 12:45,20.76,gage_height_ft,Salinas River near Spreckels
11152500,2023-03-21 13:15,20.77,gage_height_ft,Salinas River near Spreckels
11152500,2023-03-21 13:30,20.76,gage_height_ft,Salinas River near Spreckels
11152500,2023-03-21 13:45,20.77,gage_height_ft,Salinas River near Spreckels
11152500,2023-03-21 14:00,20.75,gage_height_ft,Salinas River near Spreckels
11152500,2023-03-21 14:15,20.74,gage_height_ft,Salinas River near Spreckels
11152500,2023-03-21 14:30,20.74,gage_height_ft,Salinas River near Spreckels
11152500,2023-03-21 14:45,20.74,gage_height_ft,Salinas River near Spreckels
11152500,2023-03-21 15:00,20.73,gage_height_ft,Salinas River near Spreckels
11152500,2023-03-21 15:15,20.73,gage_height_ft,Salinas River near Spreckels
11152500,2023-03-21 15:30,20.74,gage_height_ft,Salinas River near Spreckels
11152500,2023-03-21 15:45,20.72,gage_height_ft,Salinas River near Spreckels
11152500,2023-03-21 16:00,20.71,gage_height_ft,Salinas River near Spreckels
11152500,2023-03-21 16:15,20.7,gage_height_ft,Salinas River near Spreckels
11152500,2023-03-21 16:30,20.72,gage_height_ft,Salinas River near Spreckels
11152500,2023-03-21 16:45,20.7,gage_height_ft,Salinas River near Spreckels
11152500,2023-03-21 17:00,20.72,gage_height_ft,Salinas River near Spreckels
11152500,2023-03-21 17:15,20.69,gage_height_ft,Salinas River near Spreckels
11152500,2023-03-21 17:30,20.72,gage_height_ft,Salinas River near Spreckels
11152500,2023-03-21 17:45,20.7,gage_height_ft,Salinas River near Spreckels
11152500,2023-03-21 18:00,20.71,gage_height_ft,Salinas River near Spreckels
11152500,2023-03-21 18:15,20.7,gage_height_ft,Salinas River near Spreckels
11152500,2023-03-21 18:30,20.71,gage_height_ft,Salinas River near Spreckels
11152500,2023-03-21 18:45,20.7,gage_height_ft,Salinas River near Spreckels
11152500,2023-03-21 19:00,20.7,gage_height_ft,Salinas River near Spreckels
11152500,2023-03-21 19:15,20.71,gage_height_ft,Salinas River near Spreckels
11152500,2023-03-21 19:30,20.7,gage_height_ft,Salinas River near Spreckels
11152500,2023-03-21 19:45,20.69,gage_height_ft,Salinas River near Spreckels
11152500,2023-03-21 20:00,20.72,gage_height_ft,Salinas River near Spreckels
11152500,2023-03-21 20:15,20.7,gage_height_ft,Salinas River near Spreckels
11152500,2023-03-21 20:30,20.7,gage_height_ft,Salinas River near Spreckels
11152500,2023-03-21 20:45,20.7,gage_height_ft,Salinas River near Spreckels
11152500,2023-03-21 21:00,20.7,gage_height_ft,Salinas River near Spreckels
11152500,2023-03-21 21:15,20.7,gage_height_ft,Salinas River near Spreckels
11152500,2023-03-21 21:30,20.69,gage_height_ft,Salinas River near Spreckels
11152500,2023-03-21 21:45,20.69,gage_height_ft,Salinas River near Spreckels
11152500,2023-03-21 22:00,20.69,gage_height_ft,Salinas River near Spreckels
11152500,2023-03-21 22:15,20.69,gage_height_ft,Salinas River near Spreckels
11152500,2023-03-21 22:30,20.68,gage_height_ft,Salinas River near Spreckels
11152500,2023-03-21 22:45,20.68,gage_height_ft,Salinas River near Spreckels
11152500,2023-03-21 23:00,20.68,gage_height_ft,Salinas River near Spreckels
11152500,2023-03-21 23:15,20.68,gage_height_ft,Salinas River near Spreckels
11152500,2023-03-21 23:30,20.66,gage_height_ft,Salinas River near Spreckels
11152500,2023-03-21 23:45,20.66,gage_height_ft,Salinas River near Spreckels
11152500,2023-03-22 00:00,20.65,gage_height_ft,Salinas River near Spreckels
11152500,2023-03-22 00:15,20.64,gage_height_ft,Salinas River near Spreckels
11152500,2023-03-22 00:30,20.64,gage_height_ft,Salinas River near Spreckels
11152500,2023-03-22 00:45,20.62,gage_height_ft,Salinas River near Spreckels
11152500,2023-03-22 01:00,20.62,gage_height_ft,Salinas River near Spreckels
11152500,2023-03-22 01:15,20.61,gage_height_ft,Salinas River near Spreckels
11152500,2023-03-22 01:30,20.59,gage_height_ft,Salinas River near Spreckels
11152500,2023-03-22 01:45,20.59,gage_height_ft,Salinas River near Spreckels
11152500,2023-03-22 02:00,20.59,gage_height_ft,Salinas River near Spreckels
11152500,2023-03-22 02:15,20.56,gage_height_ft,Salinas River near Spreckels
11152500,2023-03-22 02:30,20.56,gage_height_ft,Salinas River near Spreckels
11152500,2023-03-22 02:45,20.55,gage_height_ft,Salinas River near Spreckels
11152500,2023-03-22 03:00,20.53,gage_height_ft,Salinas River near Spreckels
11152500,2023-03-22 03:15,20.52,gage_height_ft,Salinas River near Spreckels
11152500,2023-03-22 03:30,20.5,gage_height_ft,Salinas River near Spreckels
11152500,2023-03-22 03:45,20.49,gage_height_ft,Salinas River near Spreckels
11152500,2023-03-22 04:00,20.47,gage_height_ft,Salinas River near Spreckels
11152500,2023-03-22 04:15,20.46,gage_height_ft,Salinas River near Spreckels
11152500,2023-03-22 04:30,20.45,gage_height_ft,Salinas River near Spreckels
11152500,2023-03-22 04:45,20.42,gage_height_ft,Salinas River near Spreckels
11152500,2023-03-22 05:00,20.41,gage_height_ft,Salinas River near Spreckels
11152500,2023-03-22 05:15,20.4,gage_height_ft,Salinas River near Spreckels
11152500,2023-03-22 05:30,20.38,gage_height_ft,Salinas River near Spreckels
11152500,2023-03-22 05:45,20.37,gage_height_ft,Salinas River near Spreckels
11152500,2023-03-22 06:00,20.35,gage_height_ft,Salinas River near Spreckels
11152500,2023-03-22 06:15,20.33,gage_height_ft,Salinas River near Spreckels
11152500,2023-03-22 06:30,20.3,gage_height_ft,Salinas River near Spreckels
11152500,2023-03-22 06:45,20.28,gage_height_ft,Salinas River near Spreckels
11152500,2023-03-22 07:00,20.26,gage_height_ft,Salinas River near Spreckels
11152500,2023-03-22 07:15,20.24,gage_height_ft,Salinas River near Spreckels
11152500,2023-03-22 07:30,20.22,gage_height_ft,Salinas River near Spreckels
11152500,2023-03-22 07:45,20.19,gage_height_ft,Salinas River near Spreckels
11152500,2023-03-22 08:00,20.17,gage_height_ft,Salinas River near Spreckels
11152500,2023-03-22 08:15,20.15,gage_height_ft,Salinas River near Spreckels
11152500,2023-03-22 08:30,20.13,gage_height_ft,Salinas River near Spreckels
11152500,2023-03-22 08:45,20.11,gage_height_ft,Salinas River near Spreckels
11152500,2023-03-22 09:00,20.08,gage_height_ft,Salinas River near Spreckels
11152500,2023-03-22 09:15,20.06,gage_height_ft,Salinas River near Spreckels
11152500,2023-03-22 09:30,20.05,gage_height_ft,Salinas River near Spreckels
11152500,2023-03-22 09:45,20.04,gage_height_ft,Salinas River near Spreckels
11152500,2023-03-22 10:00,20.03,gage_height_ft,Salinas River near Spreckels
11152500,2023-03-22 10:15,20.02,gage_height_ft,Salinas River near Spreckels
11152500,2023-03-22 10:30,20.0,gage_height_ft,Salinas River near Spreckels
11152500,2023-03-22 10:45,19.99,gage_height_ft,Salinas River near Spreckels
11152500,2023-03-22 11:00,19.98,gage_height_ft,Salinas River near Spreckels
11152500,2023-03-22 11:15,19.97,gage_height_ft,Salinas River near Spreckels
11152500,2023-03-22 11:30,19.95,gage_height_ft,Salinas River near Spreckels
11152500,2023-03-22 11:45,19.94,gage_height_ft,Salinas River near Spreckels
11152500,2023-03-22 12:00,19.94,gage_height_ft,Salinas River near Spreckels
11152500,2023-03-22 12:15,19.93,gage_height_ft,Salinas River near Spreckels
11152500,2023-03-22 12:30,19.93,gage_height_ft,Salinas River near Spreckels
11152500,2023-03-22 12:45,19.92,gage_height_ft,Salinas River near Spreckels
11152500,2023-03-22 13:00,19.92,gage_height_ft,Salinas River near Spreckels
11152500,2023-03-22 13:15,19.91,gage_height_ft,Salinas River near Spreckels
11152500,2023-03-22 13:30,19.9,gage_height_ft,Salinas River near Spreckels
11152500,2023-03-22 13:45,19.91,gage_height_ft,Salinas River near Spreckels
11152500,2023-03-22 14:00,19.91,gage_height_ft,Salinas River near Spreckels
11152500,2023-03-22 14:15,19.91,gage_height_ft,Salinas River near Spreckels
11152500,2023-03-22 14:30,19.91,gage_height_ft,Salinas River near Spreckels
11152500,2023-03-22 14:45,19.91,gage_height_ft,Salinas River near Spreckels
11152500,2023-03-22 15:00,19.91,gage_height_ft,Salinas River near Spreckels
11152500,2023-03-22 15:15,19.91,gage_height_ft,Salinas River near Spreckels
11152500,2023-03-22 15:30,19.91,gage_height_ft,Salinas River near Spreckels
11152500,2023-03-22 15:45,19.91,gage_height_ft,Salinas River near Spreckels
11152500,2023-03-22 16:00,19.91,gage_height_ft,Salinas River near Spreckels
11152500,2023-03-22 16:15,19.91,gage_height_ft,Salinas River near Spreckels
11152500,2023-03-22 16:30,19.91,gage_height_ft,Salinas River near Spreckels
11152500,2023-03-22 16:45,19.91,gage_height_ft,Salinas River near Spreckels
11152500,2023-03-22 17:00,19.91,gage_height_ft,Salinas River near Spreckels
11152500,2023-03-22 17:15,19.91,gage_height_ft,Salinas River near Spreckels
11152500,2023-03-22 17:30,19.92,gage_height_ft,Salinas River near Spreckels
11152500,2023-03-22 18:00,19.91,gage_height_ft,Salinas River near Spreckels
11152500,2023-03-22 18:15,19.91,gage_height_ft,Salinas River near Spreckels
11152500,2023-03-22 18:30,19.92,gage_height_ft,Salinas River near Spreckels
11152500,2023-03-22 18:45,19.93,gage_height_ft,Salinas River near Spreckels
11152500,2023-03-22 19:15,19.94,gage_height_ft,Salinas River near Spreckels
11152500,2023-03-22 19:30,19.94,gage_height_ft,Salinas River near Spreckels
11152500,2023-03-22 19:45,19.95,gage_height_ft,Salinas River near Spreckels
11152500,2023-03-22 20:00,19.95,gage_height_ft,Salinas River near Spreckels
11152500,2023-03-22 20:30,19.96,gage_height_ft,Salinas River near Spreckels
11152500,2023-03-22 21:15,19.96,gage_height_ft,Salinas River near Spreckels
11152500,2023-03-22 23:00,19.97,gage_height_ft,Salinas River near Spreckels
11159000,2023-03-08 00:00,880.0,discharge_cfs,Pajaro River at Chittenden
11159000,2023-03-08 00:15,880.0,discharge_cfs,Pajaro River at Chittenden
11159000,2023-03-08 00:30,876.0,discharge_cfs,Pajaro River at Chittenden
11159000,2023-03-08 00:45,871.0,discharge_cfs,Pajaro River at Chittenden
11159000,2023-03-08 01:00,871.0,discharge_cfs,Pajaro River at Chittenden
11159000,2023-03-08 01:15,867.0,discharge_cfs,Pajaro River at Chittenden
11159000,2023-03-08 01:30,867.0,discharge_cfs,Pajaro River at Chittenden
11159000,2023-03-08 01:45,865.0,discharge_cfs,Pajaro River at Chittenden
11159000,2023-03-08 02:00,863.0,discharge_cfs,Pajaro River at Chittenden
11159000,2023-03-08 02:15,863.0,discharge_cfs,Pajaro River at Chittenden
11159000,2023-03-08 02:30,861.0,discharge_cfs,Pajaro River at Chittenden
11159000,2023-03-08 02:45,857.0,discharge_cfs,Pajaro River at Chittenden
11159000,2023-03-08 03:00,861.0,discharge_cfs,Pajaro River at Chittenden
11159000,2023-03-08 03:15,857.0,discharge_cfs,Pajaro River at Chittenden
11159000,2023-03-08 03:30,856.0,discharge_cfs,Pajaro River at Chittenden
11159000,2023-03-08 03:45,854.0,discharge_cfs,Pajaro River at Chittenden
11159000,2023-03-08 04:00,852.0,discharge_cfs,Pajaro River at Chittenden
11159000,2023-03-08 04:15,852.0,discharge_cfs,Pajaro River at Chittenden
11159000,2023-03-08 04:30,850.0,discharge_cfs,Pajaro River at Chittenden
11159000,2023-03-08 04:45,848.0,discharge_cfs,Pajaro River at Chittenden
11159000,2023-03-08 05:00,842.0,discharge_cfs,Pajaro River at Chittenden
11159000,2023-03-08 05:15,842.0,discharge_cfs,Pajaro River at Chittenden
11159000,2023-03-08 05:30,842.0,discharge_cfs,Pajaro River at Chittenden
11159000,2023-03-08 05:45,840.0,discharge_cfs,Pajaro River at Chittenden
11159000,2023-03-08 06:00,840.0,discharge_cfs,Pajaro River at Chittenden
11159000,2023-03-08 06:15,837.0,discharge_cfs,Pajaro River at Chittenden
11159000,2023-03-08 06:30,835.0,discharge_cfs,Pajaro River at Chittenden
11159000,2023-03-08 06:45,833.0,discharge_cfs,Pajaro River at Chittenden
11159000,2023-03-08 07:00,831.0,discharge_cfs,Pajaro River at Chittenden
11159000,2023-03-08 07:15,829.0,discharge_cfs,Pajaro River at Chittenden
11159000,2023-03-08 07:30,829.0,discharge_cfs,Pajaro River at Chittenden
11159000,2023-03-08 07:45,824.0,discharge_cfs,Pajaro River at Chittenden
11159000,2023-03-08 08:00,824.0,discharge_cfs,Pajaro River at Chittenden
11159000,2023-03-08 08:15,826.0,discharge_cfs,Pajaro River at Chittenden
11159000,2023-03-08 08:30,822.0,discharge_cfs,Pajaro River at Chittenden
11159000,2023-03-08 08:45,822.0,discharge_cfs,Pajaro River at Chittenden
11159000,2023-03-08 09:00,820.0,discharge_cfs,Pajaro River at Chittenden
11159000,2023-03-08 09:15,818.0,discharge_cfs,Pajaro River at Chittenden
11159000,2023-03-08 09:30,814.0,discharge_cfs,Pajaro River at Chittenden
11159000,2023-03-08 09:45,812.0,discharge_cfs,Pajaro River at Chittenden
11159000,2023-03-08 10:00,812.0,discharge_cfs,Pajaro River at Chittenden
11159000,2023-03-08 10:15,809.0,discharge_cfs,Pajaro River at Chittenden
11159000,2023-03-08 10:30,812.0,discharge_cfs,Pajaro River at Chittenden
11159000,2023-03-08 10:45,811.0,discharge_cfs,Pajaro River at Chittenden
11159000,2023-03-08 11:00,809.0,discharge_cfs,Pajaro River at Chittenden
11159000,2023-03-08 11:15,812.0,discharge_cfs,Pajaro River at Chittenden
11159000,2023-03-08 11:30,812.0,discharge_cfs,Pajaro River at Chittenden
11159000,2023-03-08 11:45,811.0,discharge_cfs,Pajaro River at Chittenden
11159000,2023-03-08 12:00,807.0,discharge_cfs,Pajaro River at Chittenden
11159000,2023-03-08 12:15,809.0,discharge_cfs,Pajaro River at Chittenden
11159000,2023-03-08 12:30,807.0,discharge_cfs,Pajaro River at Chittenden
11159000,2023-03-08 12:45,807.0,discharge_cfs,Pajaro River at Chittenden
11159000,2023-03-08 13:00,805.0,discharge_cfs,Pajaro River at Chittenden
11159000,2023-03-08 13:15,805.0,discharge_cfs,Pajaro River at Chittenden
11159000,2023-03-08 13:30,803.0,discharge_cfs,Pajaro River at Chittenden
11159000,2023-03-08 13:45,803.0,discharge_cfs,Pajaro River at Chittenden
11159000,2023-03-08 14:00,803.0,discharge_cfs,Pajaro River at Chittenden
11159000,2023-03-08 14:15,800.0,discharge_cfs,Pajaro River at Chittenden
11159000,2023-03-08 14:30,800.0,discharge_cfs,Pajaro River at Chittenden
11159000,2023-03-08 14:45,800.0,discharge_cfs,Pajaro River at Chittenden
11159000,2023-03-08 15:00,798.0,discharge_cfs,Pajaro River at Chittenden
11159000,2023-03-08 15:15,798.0,discharge_cfs,Pajaro River at Chittenden
11159000,2023-03-08 15:30,796.0,discharge_cfs,Pajaro River at Chittenden
11159000,2023-03-08 15:45,796.0,discharge_cfs,Pajaro River at Chittenden
11159000,2023-03-08 16:00,794.0,discharge_cfs,Pajaro River at Chittenden
11159000,2023-03-08 16:15,792.0,discharge_cfs,Pajaro River at Chittenden
11159000,2023-03-08 16:30,792.0,discharge_cfs,Pajaro River at Chittenden
11159000,2023-03-08 16:45,792.0,discharge_cfs,Pajaro River at Chittenden
11159000,2023-03-08 17:00,790.0,discharge_cfs,Pajaro River at Chittenden
11159000,2023-03-08 17:15,790.0,discharge_cfs,Pajaro River at Chittenden
11159000,2023-03-08 17:30,789.0,discharge_cfs,Pajaro River at Chittenden
11159000,2023-03-08 17:45,787.0,discharge_cfs,Pajaro River at Chittenden
11159000,2023-03-08 18:00,787.0,discharge_cfs,Pajaro River at Chittenden
11159000,2023-03-08 18:15,785.0,discharge_cfs,Pajaro River at Chittenden
11159000,2023-03-08 18:30,785.0,discharge_cfs,Pajaro River at Chittenden
11159000,2023-03-08 18:45,785.0,discharge_cfs,Pajaro River at Chittenden
11159000,2023-03-08 19:00,783.0,discharge_cfs,Pajaro River at Chittenden
11159000,2023-03-08 19:15,783.0,discharge_cfs,Pajaro River at Chittenden
11159000,2023-03-08 19:30,781.0,discharge_cfs,Pajaro River at Chittenden
11159000,2023-03-08 19:45,779.0,discharge_cfs,Pajaro River at Chittenden
11159000,2023-03-08 20:00,779.0,discharge_cfs,Pajaro River at Chittenden
11159000,2023-03-08 20:15,778.0,discharge_cfs,Pajaro River at Chittenden
11159000,2023-03-08 20:30,776.0,discharge_cfs,Pajaro River at Chittenden
11159000,2023-03-08 20:45,776.0,discharge_cfs,Pajaro River at Chittenden
11159000,2023-03-08 21:00,776.0,discharge_cfs,Pajaro River at Chittenden
11159000,2023-03-08 21:15,776.0,discharge_cfs,Pajaro River at Chittenden
11159000,2023-03-08 21:30,774.0,discharge_cfs,Pajaro River at Chittenden
11159000,2023-03-08 21:45,772.0,discharge_cfs,Pajaro River at Chittenden
11159000,2023-03-08 22:00,772.0,discharge_cfs,Pajaro River at Chittenden
11159000,2023-03-08 22:15,770.0,discharge_cfs,Pajaro River at Chittenden
11159000,2023-03-08 22:30,770.0,discharge_cfs,Pajaro River at Chittenden
11159000,2023-03-08 22:45,768.0,discharge_cfs,Pajaro River at Chittenden
11159000,2023-03-08 23:00,768.0,discharge_cfs,Pajaro River at Chittenden
11159000,2023-03-08 23:15,767.0,discharge_cfs,Pajaro River at Chittenden
11159000,2023-03-08 23:30,767.0,discharge_cfs,Pajaro River at Chittenden
11159000,2023-03-08 23:45,765.0,discharge_cfs,Pajaro River at Chittenden
11159000,2023-03-09 00:00,765.0,discharge_cfs,Pajaro River at Chittenden
11159000,2023-03-09 00:15,763.0,discharge_cfs,Pajaro River at Chittenden
11159000,2023-03-09 00:30,763.0,discharge_cfs,Pajaro River at Chittenden
11159000,2023-03-09 00:45,763.0,discharge_cfs,Pajaro River at Chittenden
11159000,2023-03-09 01:00,761.0,discharge_cfs,Pajaro River at Chittenden
11159000,2023-03-09 01:15,759.0,discharge_cfs,Pajaro River at Chittenden
11159000,2023-03-09 01:30,759.0,discharge_cfs,Pajaro River at Chittenden
11159000,2023-03-09 01:45,759.0,discharge_cfs,Pajaro River at Chittenden
11159000,2023-03-09 02:00,759.0,discharge_cfs,Pajaro River at Chittenden
11159000,2023-03-09 02:15,758.0,discharge_cfs,Pajaro River at Chittenden
11159000,2023-03-09 02:30,756.0,discharge_cfs,Pajaro River at Chittenden
11159000,2023-03-09 02:45,756.0,discharge_cfs,Pajaro River at Chittenden
11159000,2023-03-09 03:00,756.0,discharge_cfs,Pajaro River at Chittenden
11159000,2023-03-09 03:15,756.0,discharge_cfs,Pajaro River at Chittenden
11159000,2023-03-09 03:30,756.0,discharge_cfs,Pajaro River at Chittenden
11159000,2023-03-09 03:45,756.0,discharge_cfs,Pajaro River at Chittenden
11159000,2023-03-09 04:00,752.0,discharge_cfs,Pajaro River at Chittenden
11159000,2023-03-09 04:15,749.0,discharge_cfs,Pajaro River at Chittenden
11159000,2023-03-09 04:30,749.0,discharge_cfs,Pajaro River at Chittenden
11159000,2023-03-09 04:45,747.0,discharge_cfs,Pajaro River at Chittenden
11159000,2023-03-09 05:00,747.0,discharge_cfs,Pajaro River at Chittenden
11159000,2023-03-09 05:15,745.0,discharge_cfs,Pajaro River at Chittenden
11159000,2023-03-09 05:30,743.0,discharge_cfs,Pajaro River at Chittenden
11159000,2023-03-09 05:45,743.0,discharge_cfs,Pajaro River at Chittenden
11159000,2023-03-09 06:00,745.0,discharge_cfs,Pajaro River at Chittenden
11159000,2023-03-09 06:15,742.0,discharge_cfs,Pajaro River at Chittenden
11159000,2023-03-09 06:30,740.0,discharge_cfs,Pajaro River at Chittenden
11159000,2023-03-09 06:45,738.0,discharge_cfs,Pajaro River at Chittenden
11159000,2023-03-09 07:00,736.0,discharge_cfs,Pajaro River at Chittenden
11159000,2023-03-09 07:15,738.0,discharge_cfs,Pajaro River at Chittenden
11159000,2023-03-09 07:30,736.0,discharge_cfs,Pajaro River at Chittenden
11159000,2023-03-09 07:45,738.0,discharge_cfs,Pajaro River at Chittenden
11159000,2023-03-09 08:00,734.0,discharge_cfs,Pajaro River at Chittenden
11159000,2023-03-09 08:15,734.0,discharge_cfs,Pajaro River at Chittenden
11159000,2023-03-09 08:30,734.0,discharge_cfs,Pajaro River at Chittenden
11159000,2023-03-09 08:45,733.0,discharge_cfs,Pajaro River at Chittenden
11159000,2023-03-09 09:00,731.0,discharge_cfs,Pajaro River at Chittenden
11159000,2023-03-09 09:15,731.0,discharge_cfs,Pajaro River at Chittenden
11159000,2023-03-09 09:30,731.0,discharge_cfs,Pajaro River at Chittenden
11159000,2023-03-09 09:45,729.0,discharge_cfs,Pajaro River at Chittenden
11159000,2023-03-09 10:00,727.0,discharge_cfs,Pajaro River at Chittenden
11159000,2023-03-09 10:15,726.0,discharge_cfs,Pajaro River at Chittenden
11159000,2023-03-09 10:30,726.0,discharge_cfs,Pajaro River at Chittenden
11159000,2023-03-09 10:45,726.0,discharge_cfs,Pajaro River at Chittenden
11159000,2023-03-09 11:00,724.0,discharge_cfs,Pajaro River at Chittenden
11159000,2023-03-09 11:15,724.0,discharge_cfs,Pajaro River at Chittenden
11159000,2023-03-09 11:30,722.0,discharge_cfs,Pajaro River at Chittenden
11159000,2023-03-09 11:45,722.0,discharge_cfs,Pajaro River at Chittenden
11159000,2023-03-09 12:00,722.0,discharge_cfs,Pajaro River at Chittenden
11159000,2023-03-09 12:15,722.0,discharge_cfs,Pajaro River at Chittenden
11159000,2023-03-09 12:30,720.0,discharge_cfs,Pajaro River at Chittenden
11159000,2023-03-09 12:45,720.0,discharge_cfs,Pajaro River at Chittenden
11159000,2023-03-09 13:00,720.0,discharge_cfs,Pajaro River at Chittenden
11159000,2023-03-09 13:15,720.0,discharge_cfs,Pajaro River at Chittenden
11159000,2023-03-09 13:30,718.0,discharge_cfs,Pajaro River at Chittenden
11159000,2023-03-09 13:45,718.0,discharge_cfs,Pajaro River at Chittenden
11159000,2023-03-09 14:00,717.0,discharge_cfs,Pajaro River at Chittenden
11159000,2023-03-09 14:15,718.0,discharge_cfs,Pajaro River at Chittenden
11159000,2023-03-09 14:30,718.0,discharge_cfs,Pajaro River at Chittenden
11159000,2023-03-09 14:45,718.0,discharge_cfs,Pajaro River at Chittenden
11159000,2023-03-09 15:00,718.0,discharge_cfs,Pajaro River at Chittenden
11159000,2023-03-09 15:15,718.0,discharge_cfs,Pajaro River at Chittenden
11159000,2023-03-09 15:30,718.0,discharge_cfs,Pajaro River at Chittenden
11159000,2023-03-09 15:45,720.0,discharge_cfs,Pajaro River at Chittenden
11159000,2023-03-09 16:00,720.0,discharge_cfs,Pajaro River at Chittenden
11159000,2023-03-09 16:15,722.0,discharge_cfs,Pajaro River at Chittenden
11159000,2023-03-09 16:30,722.0,discharge_cfs,Pajaro River at Chittenden
11159000,2023-03-09 16:45,724.0,discharge_cfs,Pajaro River at Chittenden
11159000,2023-03-09 17:00,726.0,discharge_cfs,Pajaro River at Chittenden
11159000,2023-03-09 17:15,727.0,discharge_cfs,Pajaro River at Chittenden
11159000,2023-03-09 17:30,731.0,discharge_cfs,Pajaro River at Chittenden
11159000,2023-03-09 17:45,734.0,discharge_cfs,Pajaro River at Chittenden
11159000,2023-03-09 18:00,740.0,discharge_cfs,Pajaro River at Chittenden
11159000,2023-03-09 18:15,745.0,discharge_cfs,Pajaro River at Chittenden
11159000,2023-03-09 18:30,750.0,discharge_cfs,Pajaro River at Chittenden
11159000,2023-03-09 18:45,758.0,discharge_cfs,Pajaro River at Chittenden
11159000,2023-03-09 19:00,765.0,discharge_cfs,Pajaro River at Chittenden
11159000,2023-03-09 19:15,774.0,discharge_cfs,Pajaro River at Chittenden
11159000,2023-03-09 19:30,783.0,discharge_cfs,Pajaro River at Chittenden
11159000,2023-03-09 19:45,794.0,discharge_cfs,Pajaro River at Chittenden
11159000,2023-03-09 20:00,807.0,discharge_cfs,Pajaro River at Chittenden
11159000,2023-03-09 20:15,820.0,discharge_cfs,Pajaro River at Chittenden
11159000,2023-03-09 20:30,837.0,discharge_cfs,Pajaro River at Chittenden
11159000,2023-03-09 20:45,861.0,discharge_cfs,Pajaro River at Chittenden
11159000,2023-03-09 21:00,894.0,discharge_cfs,Pajaro River at Chittenden
11159000,2023-03-09 21:15,933.0,discharge_cfs,Pajaro River at Chittenden
11159000,2023-03-09 21:30,978.0,discharge_cfs,Pajaro River at Chittenden
11159000,2023-03-09 21:45,1030.0,discharge_cfs,Pajaro River at Chittenden
11159000,2023-03-09 22:00,1080.0,discharge_cfs,Pajaro River at Chittenden
11159000,2023-03-09 22:15,1120.0,discharge_cfs,Pajaro River at Chittenden
11159000,2023-03-09 22:30,1170.0,discharge_cfs,Pajaro River at Chittenden
11159000,2023-03-09 22:45,1220.0,discharge_cfs,Pajaro River at Chittenden
11159000,2023-03-09 23:00,1270.0,discharge_cfs,Pajaro River at Chittenden
11159000,2023-03-09 23:15,1320.0,discharge_cfs,Pajaro River at Chittenden
11159000,2023-03-09 23:30,1390.0,discharge_cfs,Pajaro River at Chittenden
11159000,2023-03-09 23:45,1450.0,discharge_cfs,Pajaro River at Chittenden
11159000,2023-03-10 00:00,1520.0,discharge_cfs,Pajaro River at Chittenden
11159000,2023-03-10 00:15,1580.0,discharge_cfs,Pajaro River at Chittenden
11159000,2023-03-10 00:30,1630.0,discharge_cfs,Pajaro River at Chittenden
11159000,2023-03-10 00:45,1680.0,discharge_cfs,Pajaro River at Chittenden
11159000,2023-03-10 01:00,1740.0,discharge_cfs,Pajaro River at Chittenden
11159000,2023-03-10 01:15,1790.0,discharge_cfs,Pajaro River at Chittenden
11159000,2023-03-10 01:30,1860.0,discharge_cfs,Pajaro River at Chittenden
11159000,2023-03-10 01:45,1930.0,discharge_cfs,Pajaro River at Chittenden
11159000,2023-03-10 02:00,2020.0,discharge_cfs,Pajaro River at Chittenden
11159000,2023-03-10 02:15,2100.0,discharge_cfs,Pajaro River at Chittenden
11159000,2023-03-10 02:30,2180.0,discharge_cfs,Pajaro River at Chittenden
11159000,2023-03-10 02:45,2280.0,discharge_cfs,Pajaro River at Chittenden
11159000,2023-03-10 03:00,2410.0,discharge_cfs,Pajaro River at Chittenden
11159000,2023-03-10 03:15,2560.0,discharge_cfs,Pajaro River at Chittenden
11159000,2023-03-10 03:30,2750.0,discharge_cfs,Pajaro River at Chittenden
11159000,2023-03-10 03:45,2960.0,discharge_cfs,Pajaro River at Chittenden
11159000,2023-03-10 04:00,3210.0,discharge_cfs,Pajaro River at Chittenden
11159000,2023-03-10 04:15,3470.0,discharge_cfs,Pajaro River at Chittenden
11159000,2023-03-10 04:30,3710.0,discharge_cfs,Pajaro River at Chittenden
11159000,2023-03-10 05:00,4200.0,discharge_cfs,Pajaro River at Chittenden
11159000,2023-03-10 05:30,4670.0,discharge_cfs,Pajaro River at Chittenden
11159000,2023-03-10 06:00,5140.0,discharge_cfs,Pajaro River at Chittenden
11159000,2023-03-10 06:15,5220.0,discharge_cfs,Pajaro River at Chittenden
11159000,2023-03-10 06:30,5520.0,discharge_cfs,Pajaro River at Chittenden
11159000,2023-03-10 06:45,5690.0,discharge_cfs,Pajaro River at Chittenden
11159000,2023-03-10 07:15,6000.0,discharge_cfs,Pajaro River at Chittenden
11159000,2023-03-10 07:30,6000.0,discharge_cfs,Pajaro River at Chittenden
11159000,2023-03-10 07:45,6300.0,discharge_cfs,Pajaro River at Chittenden
11159000,2023-03-10 08:00,6430.0,discharge_cfs,Pajaro River at Chittenden
11159000,2023-03-10 08:15,6570.0,discharge_cfs,Pajaro River at Chittenden
11159000,2023-03-10 08:30,6670.0,discharge_cfs,Pajaro River at Chittenden
11159000,2023-03-10 08:45,6820.0,discharge_cfs,Pajaro River at Chittenden
11159000,2023-03-10 09:00,6960.0,discharge_cfs,Pajaro River at Chittenden
11159000,2023-03-10 09:15,7120.0,discharge_cfs,Pajaro River at Chittenden
11159000,2023-03-10 09:30,7260.0,discharge_cfs,Pajaro River at Chittenden
11159000,2023-03-10 09:45,7310.0,discharge_cfs,Pajaro River at Chittenden
11159000,2023-03-10 10:00,7560.0,discharge_cfs,Pajaro River at Chittenden
11159000,2023-03-10 10:15,7730.0,discharge_cfs,Pajaro River at Chittenden
11159000,2023-03-10 10:30,7870.0,discharge_cfs,Pajaro River at Chittenden
11159000,2023-03-10 10:45,8020.0,discharge_cfs,Pajaro River at Chittenden
11159000,2023-03-10 11:00,8020.0,discharge_cfs,Pajaro River at Chittenden
11159000,2023-03-10 11:15,8270.0,discharge_cfs,Pajaro River at Chittenden
11159000,2023-03-10 11:30,8420.0,discharge_cfs,Pajaro River at Chittenden
11159000,2023-03-10 12:00,8660.0,discharge_cfs,Pajaro River at Chittenden
11159000,2023-03-10 12:15,8850.0,discharge_cfs,Pajaro River at Chittenden
11159000,2023-03-10 12:30,8970.0,discharge_cfs,Pajaro River at Chittenden
11159000,2023-03-10 12:45,9080.0,discharge_cfs,Pajaro River at Chittenden
11159000,2023-03-10 13:15,9230.0,discharge_cfs,Pajaro River at Chittenden
11159000,2023-03-10 13:30,9350.0,discharge_cfs,Pajaro River at Chittenden
11159000,2023-03-10 13:45,9430.0,discharge_cfs,Pajaro River at Chittenden
11159000,2023-03-10 14:00,9430.0,discharge_cfs,Pajaro River at Chittenden
11159000,2023-03-10 14:15,9580.0,discharge_cfs,Pajaro River at Chittenden
11159000,2023-03-10 14:30,9610.0,discharge_cfs,Pajaro River at Chittenden
11159000,2023-03-10 14:45,9750.0,discharge_cfs,Pajaro River at Chittenden
11159000,2023-03-10 15:00,9740.0,discharge_cfs,Pajaro River at Chittenden
11159000,2023-03-10 15:15,9860.0,discharge_cfs,Pajaro River at Chittenden
11159000,2023-03-10 15:30,9930.0,discharge_cfs,Pajaro River at Chittenden
11159000,2023-03-10 15:45,9960.0,discharge_cfs,Pajaro River at Chittenden
11159000,2023-03-10 16:00,10000.0,discharge_cfs,Pajaro River at Chittenden
11159000,2023-03-10 16:15,10100.0,discharge_cfs,Pajaro River at Chittenden
11159000,2023-03-10 16:30,10200.0,discharge_cfs,Pajaro River at Chittenden
11159000,2023-03-10 16:45,10300.0,discharge_cfs,Pajaro River at Chittenden
11159000,2023-03-10 17:00,10300.0,discharge_cfs,Pajaro River at Chittenden
11159000,2023-03-10 17:15,10400.0,discharge_cfs,Pajaro River at Chittenden
11159000,2023-03-10 17:30,10500.0,discharge_cfs,Pajaro River at Chittenden
11159000,2023-03-10 17:45,10600.0,discharge_cfs,Pajaro River at Chittenden
11159000,2023-03-10 18:00,10700.0,discharge_cfs,Pajaro River at Chittenden
11159000,2023-03-10 18:15,10800.0,discharge_cfs,Pajaro River at Chittenden
11159000,2023-03-10 18:30,10900.0,discharge_cfs,Pajaro River at Chittenden
11159000,2023-03-10 19:00,11100.0,discharge_cfs,Pajaro River at Chittenden
11159000,2023-03-10 19:30,11500.0,discharge_cfs,Pajaro River at Chittenden
11159000,2023-03-10 19:45,11700.0,discharge_cfs,Pajaro River at Chittenden
11159000,2023-03-10 20:00,11800.0,discharge_cfs,Pajaro River at Chittenden
11159000,2023-03-10 20:15,12000.0,discharge_cfs,Pajaro River at Chittenden
11159000,2023-03-10 20:30,12100.0,discharge_cfs,Pajaro River at Chittenden
11159000,2023-03-10 20:45,12300.0,discharge_cfs,Pajaro River at Chittenden
11159000,2023-03-10 21:15,12600.0,discharge_cfs,Pajaro River at Chittenden
11159000,2023-03-10 21:30,12700.0,discharge_cfs,Pajaro River at Chittenden
11159000,2023-03-10 21:45,12900.0,discharge_cfs,Pajaro River at Chittenden
11159000,2023-03-10 22:00,12900.0,discharge_cfs,Pajaro River at Chittenden
11159000,2023-03-10 22:15,12900.0,discharge_cfs,Pajaro River at Chittenden
11159000,2023-03-10 22:30,13000.0,discharge_cfs,Pajaro River at Chittenden
11159000,2023-03-10 22:45,13000.0,discharge_cfs,Pajaro River at Chittenden
11159000,2023-03-10 23:00,13100.0,discharge_cfs,Pajaro River at Chittenden
11159000,2023-03-10 23:15,13100.0,discharge_cfs,Pajaro River at Chittenden
11159000,2023-03-10 23:30,13200.0,discharge_cfs,Pajaro River at Chittenden
11159000,2023-03-10 23:45,13100.0,discharge_cfs,Pajaro River at Chittenden
11159000,2023-03-11 00:00,13200.0,discharge_cfs,Pajaro River at Chittenden
11159000,2023-03-11 00:15,13200.0,discharge_cfs,Pajaro River at Chittenden
11159000,2023-03-11 00:30,13200.0,discharge_cfs,Pajaro River at Chittenden
11159000,2023-03-11 00:45,13200.0,discharge_cfs,Pajaro River at Chittenden
11159000,2023-03-11 01:00,13200.0,discharge_cfs,Pajaro River at Chittenden
11159000,2023-03-11 01:15,13200.0,discharge_cfs,Pajaro River at Chittenden
11159000,2023-03-11 01:30,13200.0,discharge_cfs,Pajaro River at Chittenden
11159000,2023-03-11 01:45,13200.0,discharge_cfs,Pajaro River at Chittenden
11159000,2023-03-11 02:00,13200.0,discharge_cfs,Pajaro River at Chittenden
11159000,2023-03-11 02:15,13200.0,discharge_cfs,Pajaro River at Chittenden
11159000,2023-03-11 02:30,13200.0,discharge_cfs,Pajaro River at Chittenden
11159000,2023-03-11 02:45,13200.0,discharge_cfs,Pajaro River at Chittenden
11159000,2023-03-11 03:00,13200.0,discharge_cfs,Pajaro River at Chittenden
11159000,2023-03-11 03:15,13200.0,discharge_cfs,Pajaro River at Chittenden
11159000,2023-03-11 03:30,13200.0,discharge_cfs,Pajaro River at Chittenden
11159000,2023-03-11 03:45,13200.0,discharge_cfs,Pajaro River at Chittenden
11159000,2023-03-11 04:00,13200.0,discharge_cfs,Pajaro River at Chittenden
11159000,2023-03-11 04:15,13200.0,discharge_cfs,Pajaro River at Chittenden
11159000,2023-03-11 04:30,13200.0,discharge_cfs,Pajaro River at Chittenden
11159000,2023-03-11 04:45,13200.0,discharge_cfs,Pajaro River at Chittenden
11159000,2023-03-11 05:00,13200.0,discharge_cfs,Pajaro River at Chittenden
11159000,2023-03-11 05:15,13200.0,discharge_cfs,Pajaro River at Chittenden
11159000,2023-03-11 05:30,13200.0,discharge_cfs,Pajaro River at Chittenden
11159000,2023-03-11 05:45,13200.0,discharge_cfs,Pajaro River at Chittenden
11159000,2023-03-11 06:00,13200.0,discharge_cfs,Pajaro River at Chittenden
11159000,2023-03-11 07:00,13200.0,discharge_cfs,Pajaro River at Chittenden
11159000,2023-03-11 07:45,13200.0,discharge_cfs,Pajaro River at Chittenden
11159000,2023-03-11 08:15,13200.0,discharge_cfs,Pajaro River at Chittenden
11159000,2023-03-11 08:30,13200.0,discharge_cfs,Pajaro River at Chittenden
11159000,2023-03-11 08:45,13200.0,discharge_cfs,Pajaro River at Chittenden
11159000,2023-03-11 09:15,13100.0,discharge_cfs,Pajaro River at Chittenden
11159000,2023-03-11 10:00,13100.0,discharge_cfs,Pajaro River at Chittenden
11159000,2023-03-11 10:45,13000.0,discharge_cfs,Pajaro River at Chittenden
11159000,2023-03-11 11:00,13000.0,discharge_cfs,Pajaro River at Chittenden
11159000,2023-03-11 11:15,12900.0,discharge_cfs,Pajaro River at Chittenden
11159000,2023-03-11 11:45,12900.0,discharge_cfs,Pajaro River at Chittenden
11159000,2023-03-11 12:00,12800.0,discharge_cfs,Pajaro River at Chittenden
11159000,2023-03-11 12:30,12800.0,discharge_cfs,Pajaro River at Chittenden
11159000,2023-03-11 13:45,12700.0,discharge_cfs,Pajaro River at Chittenden
11159000,2023-03-11 14:00,12600.0,discharge_cfs,Pajaro River at Chittenden
11159000,2023-03-11 14:15,12600.0,discharge_cfs,Pajaro River at Chittenden
11159000,2023-03-11 14:30,12600.0,discharge_cfs,Pajaro River at Chittenden
11159000,2023-03-11 16:15,12500.0,discharge_cfs,Pajaro River at Chittenden
11159000,2023-03-11 16:30,12500.0,discharge_cfs,Pajaro River at Chittenden
11159000,2023-03-11 16:45,12400.0,discharge_cfs,Pajaro River at Chittenden
11159000,2023-03-11 17:00,12400.0,discharge_cfs,Pajaro River at Chittenden
11159000,2023-03-11 17:15,12400.0,discharge_cfs,Pajaro River at Chittenden
11159000,2023-03-11 17:30,12300.0,discharge_cfs,Pajaro River at Chittenden
11159000,2023-03-11 17:45,12400.0,discharge_cfs,Pajaro River at Chittenden
11159000,2023-03-11 18:00,12400.0,discharge_cfs,Pajaro River at Chittenden
11159000,2023-03-11 18:30,12200.0,discharge_cfs,Pajaro River at Chittenden
11159000,2023-03-11 18:45,12200.0,discharge_cfs,Pajaro River at Chittenden
11159000,2023-03-11 19:00,12100.0,discharge_cfs,Pajaro River at Chittenden
11159000,2023-03-11 19:15,12000.0,discharge_cfs,Pajaro River at Chittenden
11159000,2023-03-11 19:30,12000.0,discharge_cfs,Pajaro River at Chittenden
11159000,2023-03-11 19:45,12100.0,discharge_cfs,Pajaro River at Chittenden
11159000,2023-03-11 20:00,11900.0,discharge_cfs,Pajaro River at Chittenden
11159000,2023-03-11 20:15,11900.0,discharge_cfs,Pajaro River at Chittenden
11159000,2023-03-11 20:30,12000.0,discharge_cfs,Pajaro River at Chittenden
11159000,2023-03-11 20:45,11900.0,discharge_cfs,Pajaro River at Chittenden
11159000,2023-03-11 21:15,11800.0,discharge_cfs,Pajaro River at Chittenden
11159000,2023-03-11 21:45,11800.0,discharge_cfs,Pajaro River at Chittenden
11159000,2023-03-11 22:00,11800.0,discharge_cfs,Pajaro River at Chittenden
11159000,2023-03-11 23:30,11500.0,discharge_cfs,Pajaro River at Chittenden
11159000,2023-03-12 00:30,11400.0,discharge_cfs,Pajaro River at Chittenden
11159000,2023-03-12 00:45,11400.0,discharge_cfs,Pajaro River at Chittenden
11159000,2023-03-12 03:00,11200.0,discharge_cfs,Pajaro River at Chittenden
11159000,2023-03-12 03:15,11200.0,discharge_cfs,Pajaro River at Chittenden
11159000,2023-03-12 04:00,11000.0,discharge_cfs,Pajaro River at Chittenden
11159000,2023-03-12 04:15,11000.0,discharge_cfs,Pajaro River at Chittenden
11159000,2023-03-12 04:30,11000.0,discharge_cfs,Pajaro River at Chittenden
11159000,2023-03-12 04:45,10900.0,discharge_cfs,Pajaro River at Chittenden
11159000,2023-03-12 05:00,10900.0,discharge_cfs,Pajaro River at Chittenden
11159000,2023-03-12 05:30,10800.0,discharge_cfs,Pajaro River at Chittenden
11159000,2023-03-12 05:45,10700.0,discharge_cfs,Pajaro River at Chittenden
11159000,2023-03-12 06:00,10700.0,discharge_cfs,Pajaro River at Chittenden
11159000,2023-03-12 06:15,10600.0,discharge_cfs,Pajaro River at Chittenden
11159000,2023-03-12 06:30,10600.0,discharge_cfs,Pajaro River at Chittenden
11159000,2023-03-12 06:45,10500.0,discharge_cfs,Pajaro River at Chittenden
11159000,2023-03-12 07:00,10500.0,discharge_cfs,Pajaro River at Chittenden
11159000,2023-03-12 07:15,10400.0,discharge_cfs,Pajaro River at Chittenden
11159000,2023-03-12 07:45,10400.0,discharge_cfs,Pajaro River at Chittenden
11159000,2023-03-12 08:00,10400.0,discharge_cfs,Pajaro River at Chittenden
11159000,2023-03-12 08:15,10200.0,discharge_cfs,Pajaro River at Chittenden
11159000,2023-03-12 08:30,10200.0,discharge_cfs,Pajaro River at Chittenden
11159000,2023-03-12 08:45,10200.0,discharge_cfs,Pajaro River at Chittenden
11159000,2023-03-12 09:00,10100.0,discharge_cfs,Pajaro River at Chittenden
11159000,2023-03-12 09:15,10100.0,discharge_cfs,Pajaro River at Chittenden
11159000,2023-03-12 09:30,10000.0,discharge_cfs,Pajaro River at Chittenden
11159000,2023-03-12 09:45,10000.0,discharge_cfs,Pajaro River at Chittenden
11159000,2023-03-12 10:00,9990.0,discharge_cfs,Pajaro River at Chittenden
11159000,2023-03-12 10:15,9890.0,discharge_cfs,Pajaro River at Chittenden
11159000,2023-03-12 10:30,9830.0,discharge_cfs,Pajaro River at Chittenden
11159000,2023-03-12 10:45,9780.0,discharge_cfs,Pajaro River at Chittenden
11159000,2023-03-12 11:00,9750.0,discharge_cfs,Pajaro River at Chittenden
11159000,2023-03-12 11:30,9680.0,discharge_cfs,Pajaro River at Chittenden
11159000,2023-03-12 11:45,9590.0,discharge_cfs,Pajaro River at Chittenden
11159000,2023-03-12 12:00,9600.0,discharge_cfs,Pajaro River at Chittenden
11159000,2023-03-12 12:15,9520.0,discharge_cfs,Pajaro River at Chittenden
11159000,2023-03-12 12:30,9480.0,discharge_cfs,Pajaro River at Chittenden
11159000,2023-03-12 12:45,9440.0,discharge_cfs,Pajaro River at Chittenden
11159000,2023-03-12 13:00,9400.0,discharge_cfs,Pajaro River at Chittenden
11159000,2023-03-12 13:15,9340.0,discharge_cfs,Pajaro River at Chittenden
11159000,2023-03-12 13:30,9300.0,discharge_cfs,Pajaro River at Chittenden
11159000,2023-03-12 13:45,9240.0,discharge_cfs,Pajaro River at Chittenden
11159000,2023-03-12 14:00,9220.0,discharge_cfs,Pajaro River at Chittenden
11159000,2023-03-12 14:15,9170.0,discharge_cfs,Pajaro River at Chittenden
11159000,2023-03-12 14:30,9130.0,discharge_cfs,Pajaro River at Chittenden
11159000,2023-03-12 14:45,9070.0,discharge_cfs,Pajaro River at Chittenden
11159000,2023-03-12 15:00,9050.0,discharge_cfs,Pajaro River at Chittenden
11159000,2023-03-12 15:15,8990.0,discharge_cfs,Pajaro River at Chittenden
11159000,2023-03-12 15:30,8960.0,discharge_cfs,Pajaro River at Chittenden
11159000,2023-03-12 15:45,8900.0,discharge_cfs,Pajaro River at Chittenden
11159000,2023-03-12 16:00,8890.0,discharge_cfs,Pajaro River at Chittenden
11159000,2023-03-12 16:15,8820.0,discharge_cfs,Pajaro River at Chittenden
11159000,2023-03-12 16:30,8760.0,discharge_cfs,Pajaro River at Chittenden
11159000,2023-03-12 16:45,8760.0,discharge_cfs,Pajaro River at Chittenden
11159000,2023-03-12 17:00,8650.0,discharge_cfs,Pajaro River at Chittenden
11159000,2023-03-12 17:15,8600.0,discharge_cfs,Pajaro River at Chittenden
11159000,2023-03-12 17:30,8560.0,discharge_cfs,Pajaro River at Chittenden
11159000,2023-03-12 17:45,8520.0,discharge_cfs,Pajaro River at Chittenden
11159000,2023-03-12 18:00,8480.0,discharge_cfs,Pajaro River at Chittenden
11159000,2023-03-12 18:15,8520.0,discharge_cfs,Pajaro River at Chittenden
11159000,2023-03-12 18:30,8370.0,discharge_cfs,Pajaro River at Chittenden
11159000,2023-03-12 18:45,8390.0,discharge_cfs,Pajaro River at Chittenden
11159000,2023-03-12 19:00,8320.0,discharge_cfs,Pajaro River at Chittenden
11159000,2023-03-12 19:15,8320.0,discharge_cfs,Pajaro River at Chittenden
11159000,2023-03-12 19:30,8200.0,discharge_cfs,Pajaro River at Chittenden
11159000,2023-03-12 19:45,8170.0,discharge_cfs,Pajaro River at Chittenden
11159000,2023-03-12 20:00,8190.0,discharge_cfs,Pajaro River at Chittenden
11159000,2023-03-12 20:15,8140.0,discharge_cfs,Pajaro River at Chittenden
11159000,2023-03-12 20:30,8050.0,discharge_cfs,Pajaro River at Chittenden
11159000,2023-03-12 20:45,8010.0,discharge_cfs,Pajaro River at Chittenden
11159000,2023-03-12 21:00,8010.0,discharge_cfs,Pajaro River at Chittenden
11159000,2023-03-12 21:15,7920.0,discharge_cfs,Pajaro River at Chittenden
11159000,2023-03-12 21:30,7880.0,discharge_cfs,Pajaro River at Chittenden
11159000,2023-03-12 21:45,7830.0,discharge_cfs,Pajaro River at Chittenden
11159000,2023-03-12 22:00,7810.0,discharge_cfs,Pajaro River at Chittenden
11159000,2023-03-12 22:15,7750.0,discharge_cfs,Pajaro River at Chittenden
11159000,2023-03-12 22:30,7710.0,discharge_cfs,Pajaro River at Chittenden
11159000,2023-03-12 22:45,7670.0,discharge_cfs,Pajaro River at Chittenden
11159000,2023-03-12 23:00,7710.0,discharge_cfs,Pajaro River at Chittenden
11159000,2023-03-12 23:15,7630.0,discharge_cfs,Pajaro River at Chittenden
11159000,2023-03-12 23:30,7610.0,discharge_cfs,Pajaro River at Chittenden
11159000,2023-03-12 23:45,7560.0,discharge_cfs,Pajaro River at Chittenden
11159000,2023-03-13 00:00,7500.0,discharge_cfs,Pajaro River at Chittenden
11159000,2023-03-13 00:15,7470.0,discharge_cfs,Pajaro River at Chittenden
11159000,2023-03-13 00:30,7420.0,discharge_cfs,Pajaro River at Chittenden
11159000,2023-03-13 00:45,7380.0,discharge_cfs,Pajaro River at Chittenden
11159000,2023-03-13 01:00,7360.0,discharge_cfs,Pajaro River at Chittenden
11159000,2023-03-13 01:15,7280.0,discharge_cfs,Pajaro River at Chittenden
11159000,2023-03-13 01:30,7280.0,discharge_cfs,Pajaro River at Chittenden
11159000,2023-03-13 01:45,7240.0,discharge_cfs,Pajaro River at Chittenden
11159000,2023-03-13 02:00,7200.0,discharge_cfs,Pajaro River at Chittenden
11159000,2023-03-13 02:30,7100.0,discharge_cfs,Pajaro River at Chittenden
11159000,2023-03-13 02:45,7070.0,discharge_cfs,Pajaro River at Chittenden
11159000,2023-03-13 03:15,7000.0,discharge_cfs,Pajaro River at Chittenden
11159000,2023-03-13 03:30,6950.0,discharge_cfs,Pajaro River at Chittenden
11159000,2023-03-13 03:45,6910.0,discharge_cfs,Pajaro River at Chittenden
11159000,2023-03-13 04:00,6910.0,discharge_cfs,Pajaro River at Chittenden
11159000,2023-03-13 04:15,6840.0,discharge_cfs,Pajaro River at Chittenden
11159000,2023-03-13 04:30,6810.0,discharge_cfs,Pajaro River at Chittenden
11159000,2023-03-13 04:45,6760.0,discharge_cfs,Pajaro River at Chittenden
11159000,2023-03-13 05:00,6720.0,discharge_cfs,Pajaro River at Chittenden
11159000,2023-03-13 05:30,6690.0,discharge_cfs,Pajaro River at Chittenden
11159000,2023-03-13 06:00,6630.0,discharge_cfs,Pajaro River at Chittenden
11159000,2023-03-13 06:15,6590.0,discharge_cfs,Pajaro River at Chittenden
11159000,2023-03-13 06:45,6540.0,discharge_cfs,Pajaro River at Chittenden
11159000,2023-03-13 07:00,6480.0,discharge_cfs,Pajaro River at Chittenden
11159000,2023-03-13 07:15,6450.0,discharge_cfs,Pajaro River at Chittenden
11159000,2023-03-13 07:30,6410.0,discharge_cfs,Pajaro River at Chittenden
11159000,2023-03-13 07:45,6380.0,discharge_cfs,Pajaro River at Chittenden
11159000,2023-03-13 08:00,6360.0,discharge_cfs,Pajaro River at Chittenden
11159000,2023-03-13 08:15,6290.0,discharge_cfs,Pajaro River at Chittenden
11159000,2023-03-13 08:30,6280.0,discharge_cfs,Pajaro River at Chittenden
11159000,2023-03-13 08:45,6230.0,discharge_cfs,Pajaro River at Chittenden
11159000,2023-03-13 09:00,6200.0,discharge_cfs,Pajaro River at Chittenden
11159000,2023-03-13 09:30,6120.0,discharge_cfs,Pajaro River at Chittenden
11159000,2023-03-13 09:45,6090.0,discharge_cfs,Pajaro River at Chittenden
11159000,2023-03-13 10:15,6030.0,discharge_cfs,Pajaro River at Chittenden
11159000,2023-03-13 10:45,5960.0,discharge_cfs,Pajaro River at Chittenden
11159000,2023-03-13 11:00,5930.0,discharge_cfs,Pajaro River at Chittenden
11159000,2023-03-13 11:30,5860.0,discharge_cfs,Pajaro River at Chittenden
11159000,2023-03-13 11:45,5820.0,discharge_cfs,Pajaro River at Chittenden
11159000,2023-03-13 12:00,5760.0,discharge_cfs,Pajaro River at Chittenden
11159000,2023-03-13 12:15,5740.0,discharge_cfs,Pajaro River at Chittenden
11159000,2023-03-13 12:45,5690.0,discharge_cfs,Pajaro River at Chittenden
11159000,2023-03-13 13:00,5640.0,discharge_cfs,Pajaro River at Chittenden
11159000,2023-03-13 13:15,5620.0,discharge_cfs,Pajaro River at Chittenden
11159000,2023-03-13 13:30,5590.0,discharge_cfs,Pajaro River at Chittenden
11159000,2023-03-13 13:45,5550.0,discharge_cfs,Pajaro River at Chittenden
11159000,2023-03-13 14:00,5540.0,discharge_cfs,Pajaro River at Chittenden
11159000,2023-03-13 14:15,5490.0,discharge_cfs,Pajaro River at Chittenden
11159000,2023-03-13 14:30,5470.0,discharge_cfs,Pajaro River at Chittenden
11159000,2023-03-13 14:45,5440.0,discharge_cfs,Pajaro River at Chittenden
11159000,2023-03-13 15:00,5400.0,discharge_cfs,Pajaro River at Chittenden
11159000,2023-03-13 15:30,5340.0,discharge_cfs,Pajaro River at Chittenden
11159000,2023-03-13 15:45,5330.0,discharge_cfs,Pajaro River at Chittenden
11159000,2023-03-13 16:00,5280.0,discharge_cfs,Pajaro River at Chittenden
11159000,2023-03-13 16:15,5260.0,discharge_cfs,Pajaro River at Chittenden
11159000,2023-03-13 16:30,5210.0,discharge_cfs,Pajaro River at Chittenden
11159000,2023-03-13 16:45,5190.0,discharge_cfs,Pajaro River at Chittenden
11159000,2023-03-13 17:00,5150.0,discharge_cfs,Pajaro River at Chittenden
11159000,2023-03-13 17:15,5110.0,discharge_cfs,Pajaro River at Chittenden
11159000,2023-03-13 17:30,5090.0,discharge_cfs,Pajaro River at Chittenden
11159000,2023-03-13 17:45,5070.0,discharge_cfs,Pajaro River at Chittenden
11159000,2023-03-13 18:00,5030.0,discharge_cfs,Pajaro River at Chittenden
11159000,2023-03-13 18:30,4980.0,discharge_cfs,Pajaro River at Chittenden
11159000,2023-03-13 19:00,4910.0,discharge_cfs,Pajaro River at Chittenden
11159000,2023-03-13 19:15,4880.0,discharge_cfs,Pajaro River at Chittenden
11159000,2023-03-13 19:30,4850.0,discharge_cfs,Pajaro River at Chittenden
11159000,2023-03-13 19:45,4820.0,discharge_cfs,Pajaro River at Chittenden
11159000,2023-03-13 20:00,4800.0,discharge_cfs,Pajaro River at Chittenden
11159000,2023-03-13 20:15,4760.0,discharge_cfs,Pajaro River at Chittenden
11159000,2023-03-13 20:30,4760.0,discharge_cfs,Pajaro River at Chittenden
11159000,2023-03-13 20:45,4700.0,discharge_cfs,Pajaro River at Chittenden
11159000,2023-03-13 21:00,4680.0,discharge_cfs,Pajaro River at Chittenden
11159000,2023-03-13 21:15,4650.0,discharge_cfs,Pajaro River at Chittenden
11159000,2023-03-13 21:30,4620.0,discharge_cfs,Pajaro River at Chittenden
11159000,2023-03-13 21:45,4630.0,discharge_cfs,Pajaro River at Chittenden
11159000,2023-03-13 22:00,4560.0,discharge_cfs,Pajaro River at Chittenden
11159000,2023-03-13 22:15,4560.0,discharge_cfs,Pajaro River at Chittenden
11159000,2023-03-13 22:30,4490.0,discharge_cfs,Pajaro River at Chittenden
11159000,2023-03-13 22:45,4470.0,discharge_cfs,Pajaro River at Chittenden
11159000,2023-03-13 23:00,4440.0,discharge_cfs,Pajaro River at Chittenden
11159000,2023-03-13 23:15,4420.0,discharge_cfs,Pajaro River at Chittenden
11159000,2023-03-13 23:30,4380.0,discharge_cfs,Pajaro River at Chittenden
11159000,2023-03-13 23:45,4380.0,discharge_cfs,Pajaro River at Chittenden
11159000,2023-03-14 00:00,4380.0,discharge_cfs,Pajaro River at Chittenden
11159000,2023-03-14 00:15,4300.0,discharge_cfs,Pajaro River at Chittenden
11159000,2023-03-14 00:30,4280.0,discharge_cfs,Pajaro River at Chittenden
11159000,2023-03-14 00:45,4260.0,discharge_cfs,Pajaro River at Chittenden
11159000,2023-03-14 01:00,4240.0,discharge_cfs,Pajaro River at Chittenden
11159000,2023-03-14 01:15,4210.0,discharge_cfs,Pajaro River at Chittenden
11159000,2023-03-14 01:30,4170.0,discharge_cfs,Pajaro River at Chittenden
11159000,2023-03-14 02:00,4130.0,discharge_cfs,Pajaro River at Chittenden
11159000,2023-03-14 02:30,4080.0,discharge_cfs,Pajaro River at Chittenden
11159000,2023-03-14 02:45,4050.0,discharge_cfs,Pajaro River at Chittenden
11159000,2023-03-14 03:15,4010.0,discharge_cfs,Pajaro River at Chittenden
11159000,2023-03-14 03:30,3980.0,discharge_cfs,Pajaro River at Chittenden
11159000,2023-03-14 03:45,3960.0,discharge_cfs,Pajaro River at Chittenden
11159000,2023-03-14 04:00,3950.0,discharge_cfs,Pajaro River at Chittenden
11159000,2023-03-14 04:15,3910.0,discharge_cfs,Pajaro River at Chittenden
11159000,2023-03-14 04:30,3890.0,discharge_cfs,Pajaro River at Chittenden
11159000,2023-03-14 05:00,3840.0,discharge_cfs,Pajaro River at Chittenden
11159000,2023-03-14 05:15,3820.0,discharge_cfs,Pajaro River at Chittenden
11159000,2023-03-14 05:45,3770.0,discharge_cfs,Pajaro River at Chittenden
11159000,2023-03-14 06:00,3750.0,discharge_cfs,Pajaro River at Chittenden
11159000,2023-03-14 06:15,3730.0,discharge_cfs,Pajaro River at Chittenden
11159000,2023-03-14 06:30,3710.0,discharge_cfs,Pajaro River at Chittenden
11159000,2023-03-14 06:45,3700.0,discharge_cfs,Pajaro River at Chittenden
11159000,2023-03-14 07:00,3690.0,discharge_cfs,Pajaro River at Chittenden
11159000,2023-03-14 07:15,3660.0,discharge_cfs,Pajaro River at Chittenden
11159000,2023-03-14 07:30,3640.0,discharge_cfs,Pajaro River at Chittenden
11159000,2023-03-14 08:00,3610.0,discharge_cfs,Pajaro River at Chittenden
11159000,2023-03-14 08:30,3590.0,discharge_cfs,Pajaro River at Chittenden
11159000,2023-03-14 08:45,3570.0,discharge_cfs,Pajaro River at Chittenden
11159000,2023-03-14 09:00,3570.0,discharge_cfs,Pajaro River at Chittenden
11159000,2023-03-14 09:15,3560.0,discharge_cfs,Pajaro River at Chittenden
11159000,2023-03-14 09:30,3550.0,discharge_cfs,Pajaro River at Chittenden
11159000,2023-03-14 09:45,3540.0,discharge_cfs,Pajaro River at Chittenden
11159000,2023-03-14 10:15,3520.0,discharge_cfs,Pajaro River at Chittenden
11159000,2023-03-14 10:30,3520.0,discharge_cfs,Pajaro River at Chittenden
11159000,2023-03-14 10:45,3520.0,discharge_cfs,Pajaro River at Chittenden
11159000,2023-03-14 11:00,3510.0,discharge_cfs,Pajaro River at Chittenden
11159000,2023-03-14 11:15,3510.0,discharge_cfs,Pajaro River at Chittenden
11159000,2023-03-14 11:30,3510.0,discharge_cfs,Pajaro River at Chittenden
11159000,2023-03-14 11:45,3500.0,discharge_cfs,Pajaro River at Chittenden
11159000,2023-03-14 12:00,3500.0,discharge_cfs,Pajaro River at Chittenden
11159000,2023-03-14 12:15,3500.0,discharge_cfs,Pajaro River at Chittenden
11159000,2023-03-14 12:30,3490.0,discharge_cfs,Pajaro River at Chittenden
11159000,2023-03-14 12:45,3480.0,discharge_cfs,Pajaro River at Chittenden
11159000,2023-03-14 13:00,3470.0,discharge_cfs,Pajaro River at Chittenden
11159000,2023-03-14 13:15,3460.0,discharge_cfs,Pajaro River at Chittenden
11159000,2023-03-14 13:45,3440.0,discharge_cfs,Pajaro River at Chittenden
11159000,2023-03-14 14:00,3430.0,discharge_cfs,Pajaro River at Chittenden
11159000,2023-03-14 14:15,3400.0,discharge_cfs,Pajaro River at Chittenden
11159000,2023-03-14 14:30,3390.0,discharge_cfs,Pajaro River at Chittenden
11159000,2023-03-14 14:45,3380.0,discharge_cfs,Pajaro River at Chittenden
11159000,2023-03-14 15:15,3360.0,discharge_cfs,Pajaro River at Chittenden
11159000,2023-03-14 15:30,3350.0,discharge_cfs,Pajaro River at Chittenden
11159000,2023-03-14 15:45,3340.0,discharge_cfs,Pajaro River at Chittenden
11159000,2023-03-14 16:15,3320.0,discharge_cfs,Pajaro River at Chittenden
11159000,2023-03-14 16:30,3320.0,discharge_cfs,Pajaro River at Chittenden
11159000,2023-03-14 16:45,3310.0,discharge_cfs,Pajaro River at Chittenden
11159000,2023-03-14 17:00,3310.0,discharge_cfs,Pajaro River at Chittenden
11159000,2023-03-14 17:15,3300.0,discharge_cfs,Pajaro River at Chittenden
11159000,2023-03-14 17:30,3300.0,discharge_cfs,Pajaro River at Chittenden
11159000,2023-03-14 17:45,3300.0,discharge_cfs,Pajaro River at Chittenden
11159000,2023-03-14 18:00,3300.0,discharge_cfs,Pajaro River at Chittenden
11159000,2023-03-14 18:15,3300.0,discharge_cfs,Pajaro River at Chittenden
11159000,2023-03-14 18:30,3310.0,discharge_cfs,Pajaro River at Chittenden
11159000,2023-03-14 19:00,3320.0,discharge_cfs,Pajaro River at Chittenden
11159000,2023-03-14 19:15,3330.0,discharge_cfs,Pajaro River at Chittenden
11159000,2023-03-14 19:30,3340.0,discharge_cfs,Pajaro River at Chittenden
11159000,2023-03-14 19:45,3340.0,discharge_cfs,Pajaro River at Chittenden
11159000,2023-03-14 20:00,3350.0,discharge_cfs,Pajaro River at Chittenden
11159000,2023-03-14 20:15,3360.0,discharge_cfs,Pajaro River at Chittenden
11159000,2023-03-14 20:30,3370.0,discharge_cfs,Pajaro River at Chittenden
11159000,2023-03-14 20:45,3380.0,discharge_cfs,Pajaro River at Chittenden
11159000,2023-03-14 21:00,3380.0,discharge_cfs,Pajaro River at Chittenden
11159000,2023-03-14 21:15,3410.0,discharge_cfs,Pajaro River at Chittenden
11159000,2023-03-14 21:30,3430.0,discharge_cfs,Pajaro River at Chittenden
11159000,2023-03-14 21:45,3440.0,discharge_cfs,Pajaro River at Chittenden
11159000,2023-03-14 22:15,3480.0,discharge_cfs,Pajaro River at Chittenden
11159000,2023-03-14 22:30,3500.0,discharge_cfs,Pajaro River at Chittenden
11159000,2023-03-14 22:45,3510.0,discharge_cfs,Pajaro River at Chittenden
11159000,2023-03-14 23:00,3520.0,discharge_cfs,Pajaro River at Chittenden
11159000,2023-03-14 23:15,3540.0,discharge_cfs,Pajaro River at Chittenden
11159000,2023-03-14 23:30,3540.0,discharge_cfs,Pajaro River at Chittenden
11159000,2023-03-14 23:45,3560.0,discharge_cfs,Pajaro River at Chittenden
11159000,2023-03-15 00:00,3570.0,discharge_cfs,Pajaro River at Chittenden
11159000,2023-03-15 00:30,3590.0,discharge_cfs,Pajaro River at Chittenden
11159000,2023-03-15 00:45,3600.0,discharge_cfs,Pajaro River at Chittenden
11159000,2023-03-15 01:15,3620.0,discharge_cfs,Pajaro River at Chittenden
11159000,2023-03-15 01:45,3640.0,discharge_cfs,Pajaro River at Chittenden
11159000,2023-03-15 02:15,3670.0,discharge_cfs,Pajaro River at Chittenden
11159000,2023-03-15 02:30,3680.0,discharge_cfs,Pajaro River at Chittenden
11159000,2023-03-15 02:45,3690.0,discharge_cfs,Pajaro River at Chittenden
11159000,2023-03-15 03:00,3700.0,discharge_cfs,Pajaro River at Chittenden
11159000,2023-03-15 03:15,3720.0,discharge_cfs,Pajaro River at Chittenden
11159000,2023-03-15 03:30,3730.0,discharge_cfs,Pajaro River at Chittenden
11159000,2023-03-15 03:45,3730.0,discharge_cfs,Pajaro River at Chittenden
11159000,2023-03-15 04:00,3750.0,discharge_cfs,Pajaro River at Chittenden
11159000,2023-03-15 04:15,3750.0,discharge_cfs,Pajaro River at Chittenden
11159000,2023-03-15 04:30,3760.0,discharge_cfs,Pajaro River at Chittenden
11159000,2023-03-15 04:45,3780.0,discharge_cfs,Pajaro River at Chittenden
11159000,2023-03-15 05:00,3770.0,discharge_cfs,Pajaro River at Chittenden
11159000,2023-03-15 05:15,3790.0,discharge_cfs,Pajaro River at Chittenden
11159000,2023-03-15 05:30,3790.0,discharge_cfs,Pajaro River at Chittenden
11159000,2023-03-15 05:45,3800.0,discharge_cfs,Pajaro River at Chittenden
11159000,2023-03-15 06:00,3800.0,discharge_cfs,Pajaro River at Chittenden
11159000,2023-03-15 06:15,3810.0,discharge_cfs,Pajaro River at Chittenden
11159000,2023-03-15 06:30,3820.0,discharge_cfs,Pajaro River at Chittenden
11159000,2023-03-15 06:45,3830.0,discharge_cfs,Pajaro River at Chittenden
11159000,2023-03-15 07:00,3830.0,discharge_cfs,Pajaro River at Chittenden
11159000,2023-03-15 07:15,3830.0,discharge_cfs,Pajaro River at Chittenden
11159000,2023-03-15 07:30,3850.0,discharge_cfs,Pajaro River at Chittenden
11159000,2023-03-15 07:45,3870.0,discharge_cfs,Pajaro River at Chittenden
11159000,2023-03-15 08:00,3880.0,discharge_cfs,Pajaro River at Chittenden
11159000,2023-03-15 08:15,3900.0,discharge_cfs,Pajaro River at Chittenden
11159000,2023-03-15 08:45,3920.0,discharge_cfs,Pajaro River at Chittenden
11159000,2023-03-15 09:00,3930.0,discharge_cfs,Pajaro River at Chittenden
11159000,2023-03-15 09:15,3940.0,discharge_cfs,Pajaro River at Chittenden
11159000,2023-03-15 09:30,3950.0,discharge_cfs,Pajaro River at Chittenden
11159000,2023-03-15 09:45,3960.0,discharge_cfs,Pajaro River at Chittenden
11159000,2023-03-15 10:00,3960.0,discharge_cfs,Pajaro River at Chittenden
11159000,2023-03-15 10:30,3970.0,discharge_cfs,Pajaro River at Chittenden
11159000,2023-03-15 10:45,3960.0,discharge_cfs,Pajaro River at Chittenden
11159000,2023-03-15 11:00,3960.0,discharge_cfs,Pajaro River at Chittenden
11159000,2023-03-15 11:15,3960.0,discharge_cfs,Pajaro River at Chittenden
11159000,2023-03-15 11:30,3960.0,discharge_cfs,Pajaro River at Chittenden
11159000,2023-03-15 11:45,3960.0,discharge_cfs,Pajaro River at Chittenden
11159000,2023-03-15 12:00,3940.0,discharge_cfs,Pajaro River at Chittenden
11159000,2023-03-15 12:15,3940.0,discharge_cfs,Pajaro River at Chittenden
11159000,2023-03-15 12:45,3920.0,discharge_cfs,Pajaro River at Chittenden
11159000,2023-03-15 13:00,3910.0,discharge_cfs,Pajaro River at Chittenden
11159000,2023-03-15 13:15,3900.0,discharge_cfs,Pajaro River at Chittenden
11159000,2023-03-15 13:30,3890.0,discharge_cfs,Pajaro River at Chittenden
11159000,2023-03-15 13:45,3880.0,discharge_cfs,Pajaro River at Chittenden
11159000,2023-03-15 14:00,3860.0,discharge_cfs,Pajaro River at Chittenden
11159000,2023-03-15 14:30,3840.0,discharge_cfs,Pajaro River at Chittenden
11159000,2023-03-15 14:45,3830.0,discharge_cfs,Pajaro River at Chittenden
11159000,2023-03-15 15:00,3820.0,discharge_cfs,Pajaro River at Chittenden
11159000,2023-03-15 15:15,3800.0,discharge_cfs,Pajaro River at Chittenden
11159000,2023-03-15 15:30,3790.0,discharge_cfs,Pajaro River at Chittenden
11159000,2023-03-15 15:45,3780.0,discharge_cfs,Pajaro River at Chittenden
11159000,2023-03-15 16:15,3760.0,discharge_cfs,Pajaro River at Chittenden
11159000,2023-03-15 16:30,3750.0,discharge_cfs,Pajaro River at Chittenden
11159000,2023-03-15 16:45,3740.0,discharge_cfs,Pajaro River at Chittenden
11159000,2023-03-15 17:00,3730.0,discharge_cfs,Pajaro River at Chittenden
11159000,2023-03-15 17:15,3710.0,discharge_cfs,Pajaro River at Chittenden
11159000,2023-03-15 17:30,3700.0,discharge_cfs,Pajaro River at Chittenden
11159000,2023-03-15 17:45,3700.0,discharge_cfs,Pajaro River at Chittenden
11159000,2023-03-15 18:00,3690.0,discharge_cfs,Pajaro River at Chittenden
11159000,2023-03-15 18:15,3690.0,discharge_cfs,Pajaro River at Chittenden
11159000,2023-03-15 18:30,3670.0,discharge_cfs,Pajaro River at Chittenden
11159000,2023-03-15 18:45,3660.0,discharge_cfs,Pajaro River at Chittenden
11159000,2023-03-15 19:00,3650.0,discharge_cfs,Pajaro River at Chittenden
11159000,2023-03-15 19:15,3640.0,discharge_cfs,Pajaro River at Chittenden
11159000,2023-03-15 19:30,3640.0,discharge_cfs,Pajaro River at Chittenden
11159000,2023-03-15 19:45,3630.0,discharge_cfs,Pajaro River at Chittenden
11159000,2023-03-15 20:00,3620.0,discharge_cfs,Pajaro River at Chittenden
11159000,2023-03-15 20:15,3620.0,discharge_cfs,Pajaro River at Chittenden
11159000,2023-03-15 20:30,3620.0,discharge_cfs,Pajaro River at Chittenden
11159000,2023-03-15 20:45,3600.0,discharge_cfs,Pajaro River at Chittenden
11159000,2023-03-15 21:00,3600.0,discharge_cfs,Pajaro River at Chittenden
11159000,2023-03-15 21:15,3590.0,discharge_cfs,Pajaro River at Chittenden
11159000,2023-03-15 21:30,3580.0,discharge_cfs,Pajaro River at Chittenden
11159000,2023-03-15 21:45,3580.0,discharge_cfs,Pajaro River at Chittenden
11159000,2023-03-15 22:00,3570.0,discharge_cfs,Pajaro River at Chittenden
11159000,2023-03-15 22:15,3560.0,discharge_cfs,Pajaro River at Chittenden
11159000,2023-03-15 22:30,3560.0,discharge_cfs,Pajaro River at Chittenden
11159000,2023-03-15 22:45,3550.0,discharge_cfs,Pajaro River at Chittenden
11159000,2023-03-15 23:00,3550.0,discharge_cfs,Pajaro River at Chittenden
11159000,2023-03-15 23:15,3540.0,discharge_cfs,Pajaro River at Chittenden
11159000,2023-03-15 23:30,3540.0,discharge_cfs,Pajaro River at Chittenden
11159000,2023-03-15 23:45,3530.0,discharge_cfs,Pajaro River at Chittenden
11159000,2023-03-16 00:00,3530.0,discharge_cfs,Pajaro River at Chittenden
11159000,2023-03-16 00:15,3520.0,discharge_cfs,Pajaro River at Chittenden
11159000,2023-03-16 00:30,3510.0,discharge_cfs,Pajaro River at Chittenden
11159000,2023-03-16 00:45,3510.0,discharge_cfs,Pajaro River at Chittenden
11159000,2023-03-16 01:00,3500.0,discharge_cfs,Pajaro River at Chittenden
11159000,2023-03-16 01:15,3500.0,discharge_cfs,Pajaro River at Chittenden
11159000,2023-03-16 01:30,3490.0,discharge_cfs,Pajaro River at Chittenden
11159000,2023-03-16 01:45,3490.0,discharge_cfs,Pajaro River at Chittenden
11159000,2023-03-16 02:15,3480.0,discharge_cfs,Pajaro River at Chittenden
11159000,2023-03-16 02:30,3470.0,discharge_cfs,Pajaro River at Chittenden
11159000,2023-03-16 02:45,3470.0,discharge_cfs,Pajaro River at Chittenden
11159000,2023-03-16 03:00,3460.0,discharge_cfs,Pajaro River at Chittenden
11159000,2023-03-16 03:15,3450.0,discharge_cfs,Pajaro River at Chittenden
11159000,2023-03-16 03:30,3440.0,discharge_cfs,Pajaro River at Chittenden
11159000,2023-03-16 03:45,3440.0,discharge_cfs,Pajaro River at Chittenden
11159000,2023-03-16 04:00,3430.0,discharge_cfs,Pajaro River at Chittenden
11159000,2023-03-16 04:30,3410.0,discharge_cfs,Pajaro River at Chittenden
11159000,2023-03-16 04:45,3400.0,discharge_cfs,Pajaro River at Chittenden
11159000,2023-03-16 05:00,3400.0,discharge_cfs,Pajaro River at Chittenden
11159000,2023-03-16 05:15,3390.0,discharge_cfs,Pajaro River at Chittenden
11159000,2023-03-16 05:30,3380.0,discharge_cfs,Pajaro River at Chittenden
11159000,2023-03-16 05:45,3370.0,discharge_cfs,Pajaro River at Chittenden
11159000,2023-03-16 06:00,3360.0,discharge_cfs,Pajaro River at Chittenden
11159000,2023-03-16 06:15,3350.0,discharge_cfs,Pajaro River at Chittenden
11159000,2023-03-16 06:30,3340.0,discharge_cfs,Pajaro River at Chittenden
11159000,2023-03-16 06:45,3340.0,discharge_cfs,Pajaro River at Chittenden
11159000,2023-03-16 07:00,3330.0,discharge_cfs,Pajaro River at Chittenden
11159000,2023-03-16 07:15,3320.0,discharge_cfs,Pajaro River at Chittenden
11159000,2023-03-16 07:30,3310.0,discharge_cfs,Pajaro River at Chittenden
11159000,2023-03-16 07:45,3310.0,discharge_cfs,Pajaro River at Chittenden
11159000,2023-03-16 08:00,3290.0,discharge_cfs,Pajaro River at Chittenden
11159000,2023-03-16 08:15,3280.0,discharge_cfs,Pajaro River at Chittenden
11159000,2023-03-16 08:30,3260.0,discharge_cfs,Pajaro River at Chittenden
11159000,2023-03-16 08:45,3260.0,discharge_cfs,Pajaro River at Chittenden
11159000,2023-03-16 09:15,3240.0,discharge_cfs,Pajaro River at Chittenden
11159000,2023-03-16 09:30,3220.0,discharge_cfs,Pajaro River at Chittenden
11159000,2023-03-16 09:45,3220.0,discharge_cfs,Pajaro River at Chittenden
11159000,2023-03-16 10:00,3210.0,discharge_cfs,Pajaro River at Chittenden
11159000,2023-03-16 10:30,3190.0,discharge_cfs,Pajaro River at Chittenden
11159000,2023-03-16 11:00,3160.0,discharge_cfs,Pajaro River at Chittenden
11159000,2023-03-16 11:30,3140.0,discharge_cfs,Pajaro River at Chittenden
11159000,2023-03-16 11:45,3130.0,discharge_cfs,Pajaro River at Chittenden
11159000,2023-03-16 12:00,3120.0,discharge_cfs,Pajaro River at Chittenden
11159000,2023-03-16 12:15,3110.0,discharge_cfs,Pajaro River at Chittenden
11159000,2023-03-16 12:30,3090.0,discharge_cfs,Pajaro River at Chittenden
11159000,2023-03-16 12:45,3090.0,discharge_cfs,Pajaro River at Chittenden
11159000,2023-03-16 13:00,3070.0,discharge_cfs,Pajaro River at Chittenden
11159000,2023-03-16 13:15,3060.0,discharge_cfs,Pajaro River at Chittenden
11159000,2023-03-16 13:30,3050.0,discharge_cfs,Pajaro River at Chittenden
11159000,2023-03-16 14:00,3030.0,discharge_cfs,Pajaro River at Chittenden
11159000,2023-03-16 14:15,3020.0,discharge_cfs,Pajaro River at Chittenden
11159000,2023-03-16 14:30,3010.0,discharge_cfs,Pajaro River at Chittenden
11159000,2023-03-16 14:45,3010.0,discharge_cfs,Pajaro River at Chittenden
11159000,2023-03-16 15:00,2980.0,discharge_cfs,Pajaro River at Chittenden
11159000,2023-03-16 15:15,2980.0,discharge_cfs,Pajaro River at Chittenden
11159000,2023-03-16 15:45,2950.0,discharge_cfs,Pajaro River at Chittenden
11159000,2023-03-16 16:00,2940.0,discharge_cfs,Pajaro River at Chittenden
11159000,2023-03-16 16:15,2930.0,discharge_cfs,Pajaro River at Chittenden
11159000,2023-03-16 16:30,2920.0,discharge_cfs,Pajaro River at Chittenden
11159000,2023-03-16 16:45,2910.0,discharge_cfs,Pajaro River at Chittenden
11159000,2023-03-16 17:00,2900.0,discharge_cfs,Pajaro River at Chittenden
11159000,2023-03-16 17:15,2890.0,discharge_cfs,Pajaro River at Chittenden
11159000,2023-03-16 17:30,2880.0,discharge_cfs,Pajaro River at Chittenden
11159000,2023-03-16 17:45,2870.0,discharge_cfs,Pajaro River at Chittenden
11159000,2023-03-16 18:00,2860.0,discharge_cfs,Pajaro River at Chittenden
11159000,2023-03-16 18:15,2850.0,discharge_cfs,Pajaro River at Chittenden
11159000,2023-03-16 18:30,2830.0,discharge_cfs,Pajaro River at Chittenden
11159000,2023-03-16 18:45,2820.0,discharge_cfs,Pajaro River at Chittenden
11159000,2023-03-16 19:00,2810.0,discharge_cfs,Pajaro River at Chittenden
11159000,2023-03-16 19:15,2800.0,discharge_cfs,Pajaro River at Chittenden
11159000,2023-03-16 19:30,2790.0,discharge_cfs,Pajaro River at Chittenden
11159000,2023-03-16 19:45,2780.0,discharge_cfs,Pajaro River at Chittenden
11159000,2023-03-16 20:00,2770.0,discharge_cfs,Pajaro River at Chittenden
11159000,2023-03-16 20:15,2770.0,discharge_cfs,Pajaro River at Chittenden
11159000,2023-03-16 20:30,2750.0,discharge_cfs,Pajaro River at Chittenden
11159000,2023-03-16 20:45,2740.0,discharge_cfs,Pajaro River at Chittenden
11159000,2023-03-16 21:00,2730.0,discharge_cfs,Pajaro River at Chittenden
11159000,2023-03-16 21:15,2720.0,discharge_cfs,Pajaro River at Chittenden
11159000,2023-03-16 21:30,2710.0,discharge_cfs,Pajaro River at Chittenden
11159000,2023-03-16 21:45,2700.0,discharge_cfs,Pajaro River at Chittenden
11159000,2023-03-16 22:00,2690.0,discharge_cfs,Pajaro River at Chittenden
11159000,2023-03-16 22:15,2680.0,discharge_cfs,Pajaro River at Chittenden
11159000,2023-03-16 22:30,2670.0,discharge_cfs,Pajaro River at Chittenden
11159000,2023-03-16 22:45,2660.0,discharge_cfs,Pajaro River at Chittenden
11159000,2023-03-16 23:00,2650.0,discharge_cfs,Pajaro River at Chittenden
11159000,2023-03-16 23:15,2650.0,discharge_cfs,Pajaro River at Chittenden
11159000,2023-03-16 23:30,2640.0,discharge_cfs,Pajaro River at Chittenden
11159000,2023-03-16 23:45,2630.0,discharge_cfs,Pajaro River at Chittenden
11159000,2023-03-17 00:00,2620.0,discharge_cfs,Pajaro River at Chittenden
11159000,2023-03-17 00:15,2610.0,discharge_cfs,Pajaro River at Chittenden
11159000,2023-03-17 00:30,2600.0,discharge_cfs,Pajaro River at Chittenden
11159000,2023-03-17 00:45,2590.0,discharge_cfs,Pajaro River at Chittenden
11159000,2023-03-17 01:00,2580.0,discharge_cfs,Pajaro River at Chittenden
11159000,2023-03-17 01:15,2570.0,discharge_cfs,Pajaro River at Chittenden
11159000,2023-03-17 01:30,2560.0,discharge_cfs,Pajaro River at Chittenden
11159000,2023-03-17 01:45,2560.0,discharge_cfs,Pajaro River at Chittenden
11159000,2023-03-17 02:00,2540.0,discharge_cfs,Pajaro River at Chittenden
11159000,2023-03-17 02:15,2540.0,discharge_cfs,Pajaro River at Chittenden
11159000,2023-03-17 02:30,2530.0,discharge_cfs,Pajaro River at Chittenden
11159000,2023-03-17 02:45,2530.0,discharge_cfs,Pajaro River at Chittenden
11159000,2023-03-17 03:00,2510.0,discharge_cfs,Pajaro River at Chittenden
11159000,2023-03-17 03:15,2510.0,discharge_cfs,Pajaro River at Chittenden
11159000,2023-03-17 03:30,2510.0,discharge_cfs,Pajaro River at Chittenden
11159000,2023-03-17 03:45,2490.0,discharge_cfs,Pajaro River at Chittenden
11159000,2023-03-17 04:00,2500.0,discharge_cfs,Pajaro River at Chittenden
11159000,2023-03-17 04:15,2490.0,discharge_cfs,Pajaro River at Chittenden
11159000,2023-03-17 04:30,2480.0,discharge_cfs,Pajaro River at Chittenden
11159000,2023-03-17 04:45,2470.0,discharge_cfs,Pajaro River at Chittenden
11159000,2023-03-17 05:00,2460.0,discharge_cfs,Pajaro River at Chittenden
11159000,2023-03-17 05:15,2450.0,discharge_cfs,Pajaro River at Chittenden
11159000,2023-03-17 05:30,2450.0,discharge_cfs,Pajaro River at Chittenden
11159000,2023-03-17 05:45,2440.0,discharge_cfs,Pajaro River at Chittenden
11159000,2023-03-17 06:00,2430.0,discharge_cfs,Pajaro River at Chittenden
11159000,2023-03-17 06:15,2430.0,discharge_cfs,Pajaro River at Chittenden
11159000,2023-03-17 06:30,2420.0,discharge_cfs,Pajaro River at Chittenden
11159000,2023-03-17 06:45,2410.0,discharge_cfs,Pajaro River at Chittenden
11159000,2023-03-17 07:00,2400.0,discharge_cfs,Pajaro River at Chittenden
11159000,2023-03-17 07:15,2400.0,discharge_cfs,Pajaro River at Chittenden
11159000,2023-03-17 07:30,2390.0,discharge_cfs,Pajaro River at Chittenden
11159000,2023-03-17 07:45,2380.0,discharge_cfs,Pajaro River at Chittenden
11159000,2023-03-17 08:00,2370.0,discharge_cfs,Pajaro River at Chittenden
11159000,2023-03-17 08:15,2360.0,discharge_cfs,Pajaro River at Chittenden
11159000,2023-03-17 08:30,2360.0,discharge_cfs,Pajaro River at Chittenden
11159000,2023-03-17 08:45,2350.0,discharge_cfs,Pajaro River at Chittenden
11159000,2023-03-17 09:00,2340.0,discharge_cfs,Pajaro River at Chittenden
11159000,2023-03-17 09:15,2340.0,discharge_cfs,Pajaro River at Chittenden
11159000,2023-03-17 09:30,2330.0,discharge_cfs,Pajaro River at Chittenden
11159000,2023-03-17 09:45,2320.0,discharge_cfs,Pajaro River at Chittenden
11159000,2023-03-17 10:00,2320.0,discharge_cfs,Pajaro River at Chittenden
11159000,2023-03-17 10:15,2310.0,discharge_cfs,Pajaro River at Chittenden
11159000,2023-03-17 10:30,2300.0,discharge_cfs,Pajaro River at Chittenden
11159000,2023-03-17 10:45,2290.0,discharge_cfs,Pajaro River at Chittenden
11159000,2023-03-17 11:00,2280.0,discharge_cfs,Pajaro River at Chittenden
11159000,2023-03-17 11:15,2280.0,discharge_cfs,Pajaro River at Chittenden
11159000,2023-03-17 11:30,2270.0,discharge_cfs,Pajaro River at Chittenden
11159000,2023-03-17 11:45,2260.0,discharge_cfs,Pajaro River at Chittenden
11159000,2023-03-17 12:00,2260.0,discharge_cfs,Pajaro River at Chittenden
11159000,2023-03-17 12:15,2250.0,discharge_cfs,Pajaro River at Chittenden
11159000,2023-03-17 12:30,2240.0,discharge_cfs,Pajaro River at Chittenden
11159000,2023-03-17 12:45,2240.0,discharge_cfs,Pajaro River at Chittenden
11159000,2023-03-17 13:00,2230.0,discharge_cfs,Pajaro River at Chittenden
11159000,2023-03-17 13:15,2220.0,discharge_cfs,Pajaro River at Chittenden
11159000,2023-03-17 13:30,2210.0,discharge_cfs,Pajaro River at Chittenden
11159000,2023-03-17 13:45,2210.0,discharge_cfs,Pajaro River at Chittenden
11159000,2023-03-17 14:00,2200.0,discharge_cfs,Pajaro River at Chittenden
11159000,2023-03-17 14:15,2200.0,discharge_cfs,Pajaro River at Chittenden
11159000,2023-03-17 14:30,2190.0,discharge_cfs,Pajaro River at Chittenden
11159000,2023-03-17 14:45,2180.0,discharge_cfs,Pajaro River at Chittenden
11159000,2023-03-17 15:00,2180.0,discharge_cfs,Pajaro River at Chittenden
11159000,2023-03-17 15:15,2170.0,discharge_cfs,Pajaro River at Chittenden
11159000,2023-03-17 15:30,2160.0,discharge_cfs,Pajaro River at Chittenden
11159000,2023-03-17 15:45,2160.0,discharge_cfs,Pajaro River at Chittenden
11159000,2023-03-17 16:00,2150.0,discharge_cfs,Pajaro River at Chittenden
11159000,2023-03-17 16:15,2150.0,discharge_cfs,Pajaro River at Chittenden
11159000,2023-03-17 16:30,2140.0,discharge_cfs,Pajaro River at Chittenden
11159000,2023-03-17 16:45,2130.0,discharge_cfs,Pajaro River at Chittenden
11159000,2023-03-17 17:00,2130.0,discharge_cfs,Pajaro River at Chittenden
11159000,2023-03-17 17:15,2120.0,discharge_cfs,Pajaro River at Chittenden
11159000,2023-03-17 17:30,2120.0,discharge_cfs,Pajaro River at Chittenden
11159000,2023-03-17 17:45,2120.0,discharge_cfs,Pajaro River at Chittenden
11159000,2023-03-17 18:00,2110.0,discharge_cfs,Pajaro River at Chittenden
11159000,2023-03-17 18:15,2100.0,discharge_cfs,Pajaro River at Chittenden
11159000,2023-03-17 18:30,2100.0,discharge_cfs,Pajaro River at Chittenden
11159000,2023-03-17 18:45,2090.0,discharge_cfs,Pajaro River at Chittenden
11159000,2023-03-17 19:00,2090.0,discharge_cfs,Pajaro River at Chittenden
11159000,2023-03-17 19:15,2080.0,discharge_cfs,Pajaro River at Chittenden
11159000,2023-03-17 19:30,2070.0,discharge_cfs,Pajaro River at Chittenden
11159000,2023-03-17 19:45,2070.0,discharge_cfs,Pajaro River at Chittenden
11159000,2023-03-17 20:00,2060.0,discharge_cfs,Pajaro River at Chittenden
11159000,2023-03-17 20:15,2060.0,discharge_cfs,Pajaro River at Chittenden
11159000,2023-03-17 20:30,2050.0,discharge_cfs,Pajaro River at Chittenden
11159000,2023-03-17 20:45,2040.0,discharge_cfs,Pajaro River at Chittenden
11159000,2023-03-17 21:00,2040.0,discharge_cfs,Pajaro River at Chittenden
11159000,2023-03-17 21:15,2030.0,discharge_cfs,Pajaro River at Chittenden
11159000,2023-03-17 21:30,2030.0,discharge_cfs,Pajaro River at Chittenden
11159000,2023-03-17 21:45,2020.0,discharge_cfs,Pajaro River at Chittenden
11159000,2023-03-17 22:00,2020.0,discharge_cfs,Pajaro River at Chittenden
11159000,2023-03-17 22:15,2010.0,discharge_cfs,Pajaro River at Chittenden
11159000,2023-03-17 22:30,2010.0,discharge_cfs,Pajaro River at Chittenden
11159000,2023-03-17 22:45,2000.0,discharge_cfs,Pajaro River at Chittenden
11159000,2023-03-17 23:00,2000.0,discharge_cfs,Pajaro River at Chittenden
11159000,2023-03-17 23:15,1990.0,discharge_cfs,Pajaro River at Chittenden
11159000,2023-03-17 23:30,1990.0,discharge_cfs,Pajaro River at Chittenden
11159000,2023-03-17 23:45,1980.0,discharge_cfs,Pajaro River at Chittenden
11159000,2023-03-18 00:00,1980.0,discharge_cfs,Pajaro River at Chittenden
11159000,2023-03-18 00:15,1970.0,discharge_cfs,Pajaro River at Chittenden
11159000,2023-03-18 00:30,1970.0,discharge_cfs,Pajaro River at Chittenden
11159000,2023-03-18 00:45,1960.0,discharge_cfs,Pajaro River at Chittenden
11159000,2023-03-18 01:00,1960.0,discharge_cfs,Pajaro River at Chittenden
11159000,2023-03-18 01:15,1950.0,discharge_cfs,Pajaro River at Chittenden
11159000,2023-03-18 01:30,1950.0,discharge_cfs,Pajaro River at Chittenden
11159000,2023-03-18 01:45,1950.0,discharge_cfs,Pajaro River at Chittenden
11159000,2023-03-18 02:00,1940.0,discharge_cfs,Pajaro River at Chittenden
11159000,2023-03-18 02:15,1940.0,discharge_cfs,Pajaro River at Chittenden
11159000,2023-03-18 02:30,1930.0,discharge_cfs,Pajaro River at Chittenden
11159000,2023-03-18 02:45,1930.0,discharge_cfs,Pajaro River at Chittenden
11159000,2023-03-18 03:00,1920.0,discharge_cfs,Pajaro River at Chittenden
11159000,2023-03-18 03:15,1910.0,discharge_cfs,Pajaro River at Chittenden
11159000,2023-03-18 03:30,1910.0,discharge_cfs,Pajaro River at Chittenden
11159000,2023-03-18 03:45,1900.0,discharge_cfs,Pajaro River at Chittenden
11159000,2023-03-18 04:00,1900.0,discharge_cfs,Pajaro River at Chittenden
11159000,2023-03-18 04:15,1890.0,discharge_cfs,Pajaro River at Chittenden
11159000,2023-03-18 04:30,1890.0,discharge_cfs,Pajaro River at Chittenden
11159000,2023-03-18 04:45,1890.0,discharge_cfs,Pajaro River at Chittenden
11159000,2023-03-18 05:00,1880.0,discharge_cfs,Pajaro River at Chittenden
11159000,2023-03-18 05:15,1880.0,discharge_cfs,Pajaro River at Chittenden
11159000,2023-03-18 05:30,1870.0,discharge_cfs,Pajaro River at Chittenden
11159000,2023-03-18 05:45,1870.0,discharge_cfs,Pajaro River at Chittenden
11159000,2023-03-18 06:00,1870.0,discharge_cfs,Pajaro River at Chittenden
11159000,2023-03-18 06:15,1860.0,discharge_cfs,Pajaro River at Chittenden
11159000,2023-03-18 06:30,1850.0,discharge_cfs,Pajaro River at Chittenden
11159000,2023-03-18 06:45,1850.0,discharge_cfs,Pajaro River at Chittenden
11159000,2023-03-18 07:00,1840.0,discharge_cfs,Pajaro River at Chittenden
11159000,2023-03-18 07:15,1840.0,discharge_cfs,Pajaro River at Chittenden
11159000,2023-03-18 07:30,1840.0,discharge_cfs,Pajaro River at Chittenden
11159000,2023-03-18 07:45,1830.0,discharge_cfs,Pajaro River at Chittenden
11159000,2023-03-18 08:00,1830.0,discharge_cfs,Pajaro River at Chittenden
11159000,2023-03-18 08:15,1830.0,discharge_cfs,Pajaro River at Chittenden
11159000,2023-03-18 08:30,1820.0,discharge_cfs,Pajaro River at Chittenden
11159000,2023-03-18 08:45,1820.0,discharge_cfs,Pajaro River at Chittenden
11159000,2023-03-18 09:00,1810.0,discharge_cfs,Pajaro River at Chittenden
11159000,2023-03-18 09:15,1810.0,discharge_cfs,Pajaro River at Chittenden
11159000,2023-03-18 09:30,1800.0,discharge_cfs,Pajaro River at Chittenden
11159000,2023-03-18 09:45,1800.0,discharge_cfs,Pajaro River at Chittenden
11159000,2023-03-18 10:00,1800.0,discharge_cfs,Pajaro River at Chittenden
11159000,2023-03-18 10:15,1790.0,discharge_cfs,Pajaro River at Chittenden
11159000,2023-03-18 10:30,1790.0,discharge_cfs,Pajaro River at Chittenden
11159000,2023-03-18 10:45,1780.0,discharge_cfs,Pajaro River at Chittenden
11159000,2023-03-18 11:00,1780.0,discharge_cfs,Pajaro River at Chittenden
11159000,2023-03-18 11:15,1770.0,discharge_cfs,Pajaro River at Chittenden
11159000,2023-03-18 11:30,1770.0,discharge_cfs,Pajaro River at Chittenden
11159000,2023-03-18 11:45,1770.0,discharge_cfs,Pajaro River at Chittenden
11159000,2023-03-18 12:00,1760.0,discharge_cfs,Pajaro River at Chittenden
11159000,2023-03-18 12:15,1760.0,discharge_cfs,Pajaro River at Chittenden
11159000,2023-03-18 12:30,1750.0,discharge_cfs,Pajaro River at Chittenden
11159000,2023-03-18 12:45,1750.0,discharge_cfs,Pajaro River at Chittenden
11159000,2023-03-18 13:00,1750.0,discharge_cfs,Pajaro River at Chittenden
11159000,2023-03-18 13:15,1740.0,discharge_cfs,Pajaro River at Chittenden
11159000,2023-03-18 13:30,1740.0,discharge_cfs,Pajaro River at Chittenden
11159000,2023-03-18 13:45,1740.0,discharge_cfs,Pajaro River at Chittenden
11159000,2023-03-18 14:00,1730.0,discharge_cfs,Pajaro River at Chittenden
11159000,2023-03-18 14:15,1730.0,discharge_cfs,Pajaro River at Chittenden
11159000,2023-03-18 14:30,1720.0,discharge_cfs,Pajaro River at Chittenden
11159000,2023-03-18 14:45,1720.0,discharge_cfs,Pajaro River at Chittenden
11159000,2023-03-18 15:00,1720.0,discharge_cfs,Pajaro River at Chittenden
11159000,2023-03-18 15:15,1710.0,discharge_cfs,Pajaro River at Chittenden
11159000,2023-03-18 15:30,1710.0,discharge_cfs,Pajaro River at Chittenden
11159000,2023-03-18 15:45,1710.0,discharge_cfs,Pajaro River at Chittenden
11159000,2023-03-18 16:00,1700.0,discharge_cfs,Pajaro River at Chittenden
11159000,2023-03-18 16:15,1700.0,discharge_cfs,Pajaro River at Chittenden
11159000,2023-03-18 16:30,1700.0,discharge_cfs,Pajaro River at Chittenden
11159000,2023-03-18 16:45,1690.0,discharge_cfs,Pajaro River at Chittenden
11159000,2023-03-18 17:00,1690.0,discharge_cfs,Pajaro River at Chittenden
11159000,2023-03-18 17:15,1690.0,discharge_cfs,Pajaro River at Chittenden
11159000,2023-03-18 17:30,1680.0,discharge_cfs,Pajaro River at Chittenden
11159000,2023-03-18 17:45,1680.0,discharge_cfs,Pajaro River at Chittenden
11159000,2023-03-18 18:00,1680.0,discharge_cfs,Pajaro River at Chittenden
11159000,2023-03-18 18:15,1670.0,discharge_cfs,Pajaro River at Chittenden
11159000,2023-03-18 18:30,1670.0,discharge_cfs,Pajaro River at Chittenden
11159000,2023-03-18 18:45,1670.0,discharge_cfs,Pajaro River at Chittenden
11159000,2023-03-18 19:00,1660.0,discharge_cfs,Pajaro River at Chittenden
11159000,2023-03-18 19:15,1660.0,discharge_cfs,Pajaro River at Chittenden
11159000,2023-03-18 19:30,1660.0,discharge_cfs,Pajaro River at Chittenden
11159000,2023-03-18 19:45,1650.0,discharge_cfs,Pajaro River at Chittenden
11159000,2023-03-18 20:00,1650.0,discharge_cfs,Pajaro River at Chittenden
11159000,2023-03-18 20:15,1640.0,discharge_cfs,Pajaro River at Chittenden
11159000,2023-03-18 20:30,1640.0,discharge_cfs,Pajaro River at Chittenden
11159000,2023-03-18 20:45,1640.0,discharge_cfs,Pajaro River at Chittenden
11159000,2023-03-18 21:00,1630.0,discharge_cfs,Pajaro River at Chittenden
11159000,2023-03-18 21:15,1630.0,discharge_cfs,Pajaro River at Chittenden
11159000,2023-03-18 21:30,1630.0,discharge_cfs,Pajaro River at Chittenden
11159000,2023-03-18 21:45,1620.0,discharge_cfs,Pajaro River at Chittenden
11159000,2023-03-18 22:00,1620.0,discharge_cfs,Pajaro River at Chittenden
11159000,2023-03-18 22:15,1620.0,discharge_cfs,Pajaro River at Chittenden
11159000,2023-03-18 22:30,1620.0,discharge_cfs,Pajaro River at Chittenden
11159000,2023-03-18 22:45,1610.0,discharge_cfs,Pajaro River at Chittenden
11159000,2023-03-18 23:00,1610.0,discharge_cfs,Pajaro River at Chittenden
11159000,2023-03-18 23:15,1610.0,discharge_cfs,Pajaro River at Chittenden
11159000,2023-03-18 23:30,1600.0,discharge_cfs,Pajaro River at Chittenden
11159000,2023-03-18 23:45,1600.0,discharge_cfs,Pajaro River at Chittenden
11159000,2023-03-19 00:00,1600.0,discharge_cfs,Pajaro River at Chittenden
11159000,2023-03-19 00:15,1590.0,discharge_cfs,Pajaro River at Chittenden
11159000,2023-03-19 00:30,1590.0,discharge_cfs,Pajaro River at Chittenden
11159000,2023-03-19 00:45,1580.0,discharge_cfs,Pajaro River at Chittenden
11159000,2023-03-19 01:00,1580.0,discharge_cfs,Pajaro River at Chittenden
11159000,2023-03-19 01:15,1580.0,discharge_cfs,Pajaro River at Chittenden
11159000,2023-03-19 01:30,1580.0,discharge_cfs,Pajaro River at Chittenden
11159000,2023-03-19 01:45,1570.0,discharge_cfs,Pajaro River at Chittenden
11159000,2023-03-19 02:00,1570.0,discharge_cfs,Pajaro River at Chittenden
11159000,2023-03-19 02:15,1570.0,discharge_cfs,Pajaro River at Chittenden
11159000,2023-03-19 02:30,1570.0,discharge_cfs,Pajaro River at Chittenden
11159000,2023-03-19 02:45,1560.0,discharge_cfs,Pajaro River at Chittenden
11159000,2023-03-19 03:00,1560.0,discharge_cfs,Pajaro River at Chittenden
11159000,2023-03-19 03:15,1560.0,discharge_cfs,Pajaro River at Chittenden
11159000,2023-03-19 03:30,1550.0,discharge_cfs,Pajaro River at Chittenden
11159000,2023-03-19 03:45,1550.0,discharge_cfs,Pajaro River at Chittenden
11159000,2023-03-19 04:00,1540.0,discharge_cfs,Pajaro River at Chittenden
11159000,2023-03-19 04:15,1540.0,discharge_cfs,Pajaro River at Chittenden
11159000,2023-03-19 04:30,1540.0,discharge_cfs,Pajaro River at Chittenden
11159000,2023-03-19 04:45,1530.0,discharge_cfs,Pajaro River at Chittenden
11159000,2023-03-19 05:00,1530.0,discharge_cfs,Pajaro River at Chittenden
11159000,2023-03-19 05:15,1530.0,discharge_cfs,Pajaro River at Chittenden
11159000,2023-03-19 05:30,1530.0,discharge_cfs,Pajaro River at Chittenden
11159000,2023-03-19 05:45,1530.0,discharge_cfs,Pajaro River at Chittenden
11159000,2023-03-19 06:00,1520.0,discharge_cfs,Pajaro River at Chittenden
11159000,2023-03-19 06:15,1520.0,discharge_cfs,Pajaro River at Chittenden
11159000,2023-03-19 06:30,1520.0,discharge_cfs,Pajaro River at Chittenden
11159000,2023-03-19 06:45,1520.0,discharge_cfs,Pajaro River at Chittenden
11159000,2023-03-19 07:00,1510.0,discharge_cfs,Pajaro River at Chittenden
11159000,2023-03-19 07:15,1510.0,discharge_cfs,Pajaro River at Chittenden
11159000,2023-03-19 07:45,1510.0,discharge_cfs,Pajaro River at Chittenden
11159000,2023-03-19 08:00,1510.0,discharge_cfs,Pajaro River at Chittenden
11159000,2023-03-19 08:15,1500.0,discharge_cfs,Pajaro River at Chittenden
11159000,2023-03-19 08:30,1500.0,discharge_cfs,Pajaro River at Chittenden
11159000,2023-03-19 09:00,1500.0,discharge_cfs,Pajaro River at Chittenden
11159000,2023-03-19 09:15,1500.0,discharge_cfs,Pajaro River at Chittenden
11159000,2023-03-19 09:30,1500.0,discharge_cfs,Pajaro River at Chittenden
11159000,2023-03-19 09:45,1500.0,discharge_cfs,Pajaro River at Chittenden
11159000,2023-03-19 10:00,1490.0,discharge_cfs,Pajaro River at Chittenden
11159000,2023-03-19 10:15,1490.0,discharge_cfs,Pajaro River at Chittenden
11159000,2023-03-19 10:30,1490.0,discharge_cfs,Pajaro River at Chittenden
11159000,2023-03-19 10:45,1490.0,discharge_cfs,Pajaro River at Chittenden
11159000,2023-03-19 11:00,1490.0,discharge_cfs,Pajaro River at Chittenden
11159000,2023-03-19 11:15,1490.0,discharge_cfs,Pajaro River at Chittenden
11159000,2023-03-19 11:30,1490.0,discharge_cfs,Pajaro River at Chittenden
11159000,2023-03-19 11:45,1490.0,discharge_cfs,Pajaro River at Chittenden
11159000,2023-03-19 12:00,1490.0,discharge_cfs,Pajaro River at Chittenden
11159000,2023-03-19 12:15,1480.0,discharge_cfs,Pajaro River at Chittenden
11159000,2023-03-19 12:30,1480.0,discharge_cfs,Pajaro River at Chittenden
11159000,2023-03-19 12:45,1480.0,discharge_cfs,Pajaro River at Chittenden
11159000,2023-03-19 13:00,1480.0,discharge_cfs,Pajaro River at Chittenden
11159000,2023-03-19 13:15,1480.0,discharge_cfs,Pajaro River at Chittenden
11159000,2023-03-19 13:30,1480.0,discharge_cfs,Pajaro River at Chittenden
11159000,2023-03-19 13:45,1470.0,discharge_cfs,Pajaro River at Chittenden
11159000,2023-03-19 14:00,1470.0,discharge_cfs,Pajaro River at Chittenden
11159000,2023-03-19 14:15,1470.0,discharge_cfs,Pajaro River at Chittenden
11159000,2023-03-19 14:30,1470.0,discharge_cfs,Pajaro River at Chittenden
11159000,2023-03-19 14:45,1470.0,discharge_cfs,Pajaro River at Chittenden
11159000,2023-03-19 15:00,1470.0,discharge_cfs,Pajaro River at Chittenden
11159000,2023-03-19 15:15,1470.0,discharge_cfs,Pajaro River at Chittenden
11159000,2023-03-19 15:30,1470.0,discharge_cfs,Pajaro River at Chittenden
11159000,2023-03-19 15:45,1460.0,discharge_cfs,Pajaro River at Chittenden
11159000,2023-03-19 16:00,1460.0,discharge_cfs,Pajaro River at Chittenden
11159000,2023-03-19 16:15,1460.0,discharge_cfs,Pajaro River at Chittenden
11159000,2023-03-19 16:30,1460.0,discharge_cfs,Pajaro River at Chittenden
11159000,2023-03-19 16:45,1460.0,discharge_cfs,Pajaro River at Chittenden
11159000,2023-03-19 17:00,1460.0,discharge_cfs,Pajaro River at Chittenden
11159000,2023-03-19 17:15,1460.0,discharge_cfs,Pajaro River at Chittenden
11159000,2023-03-19 17:30,1450.0,discharge_cfs,Pajaro River at Chittenden
11159000,2023-03-19 17:45,1460.0,discharge_cfs,Pajaro River at Chittenden
11159000,2023-03-19 18:00,1450.0,discharge_cfs,Pajaro River at Chittenden
11159000,2023-03-19 18:15,1450.0,discharge_cfs,Pajaro River at Chittenden
11159000,2023-03-19 18:30,1450.0,discharge_cfs,Pajaro River at Chittenden
11159000,2023-03-19 18:45,1450.0,discharge_cfs,Pajaro River at Chittenden
11159000,2023-03-19 19:00,1450.0,discharge_cfs,Pajaro River at Chittenden
11159000,2023-03-19 19:15,1450.0,discharge_cfs,Pajaro River at Chittenden
11159000,2023-03-19 19:30,1450.0,discharge_cfs,Pajaro River at Chittenden
11159000,2023-03-19 19:45,1450.0,discharge_cfs,Pajaro River at Chittenden
11159000,2023-03-19 20:00,1450.0,discharge_cfs,Pajaro River at Chittenden
11159000,2023-03-19 20:15,1450.0,discharge_cfs,Pajaro River at Chittenden
11159000,2023-03-19 20:30,1450.0,discharge_cfs,Pajaro River at Chittenden
11159000,2023-03-19 20:45,1440.0,discharge_cfs,Pajaro River at Chittenden
11159000,2023-03-19 21:00,1440.0,discharge_cfs,Pajaro River at Chittenden
11159000,2023-03-19 21:15,1440.0,discharge_cfs,Pajaro River at Chittenden
11159000,2023-03-19 21:30,1440.0,discharge_cfs,Pajaro River at Chittenden
11159000,2023-03-19 21:45,1440.0,discharge_cfs,Pajaro River at Chittenden
11159000,2023-03-19 22:00,1440.0,discharge_cfs,Pajaro River at Chittenden
11159000,2023-03-19 22:15,1440.0,discharge_cfs,Pajaro River at Chittenden
11159000,2023-03-19 22:30,1440.0,discharge_cfs,Pajaro River at Chittenden
11159000,2023-03-19 22:45,1440.0,discharge_cfs,Pajaro River at Chittenden
11159000,2023-03-19 23:00,1440.0,discharge_cfs,Pajaro River at Chittenden
11159000,2023-03-19 23:15,1440.0,discharge_cfs,Pajaro River at Chittenden
11159000,2023-03-19 23:30,1440.0,discharge_cfs,Pajaro River at Chittenden
11159000,2023-03-19 23:45,1440.0,discharge_cfs,Pajaro River at Chittenden
11159000,2023-03-20 00:00,1440.0,discharge_cfs,Pajaro River at Chittenden
11159000,2023-03-20 00:15,1440.0,discharge_cfs,Pajaro River at Chittenden
11159000,2023-03-20 00:30,1430.0,discharge_cfs,Pajaro River at Chittenden
11159000,2023-03-20 01:15,1430.0,discharge_cfs,Pajaro River at Chittenden
11159000,2023-03-20 01:30,1430.0,discharge_cfs,Pajaro River at Chittenden
11159000,2023-03-20 01:45,1430.0,discharge_cfs,Pajaro River at Chittenden
11159000,2023-03-20 02:00,1430.0,discharge_cfs,Pajaro River at Chittenden
11159000,2023-03-20 02:15,1430.0,discharge_cfs,Pajaro River at Chittenden
11159000,2023-03-20 02:30,1430.0,discharge_cfs,Pajaro River at Chittenden
11159000,2023-03-20 02:45,1430.0,discharge_cfs,Pajaro River at Chittenden
11159000,2023-03-20 03:00,1430.0,discharge_cfs,Pajaro River at Chittenden
11159000,2023-03-20 03:15,1430.0,discharge_cfs,Pajaro River at Chittenden
11159000,2023-03-20 03:30,1430.0,discharge_cfs,Pajaro River at Chittenden
11159000,2023-03-20 03:45,1430.0,discharge_cfs,Pajaro River at Chittenden
11159000,2023-03-20 04:00,1420.0,discharge_cfs,Pajaro River at Chittenden
11159000,2023-03-20 04:15,1430.0,discharge_cfs,Pajaro River at Chittenden
11159000,2023-03-20 04:30,1420.0,discharge_cfs,Pajaro River at Chittenden
11159000,2023-03-20 04:45,1420.0,discharge_cfs,Pajaro River at Chittenden
11159000,2023-03-20 05:00,1420.0,discharge_cfs,Pajaro River at Chittenden
11159000,2023-03-20 05:15,1420.0,discharge_cfs,Pajaro River at Chittenden
11159000,2023-03-20 05:30,1420.0,discharge_cfs,Pajaro River at Chittenden
11159000,2023-03-20 05:45,1420.0,discharge_cfs,Pajaro River at Chittenden
11159000,2023-03-20 06:00,1420.0,discharge_cfs,Pajaro River at Chittenden
11159000,2023-03-20 06:15,1410.0,discharge_cfs,Pajaro River at Chittenden
11159000,2023-03-20 06:30,1410.0,discharge_cfs,Pajaro River at Chittenden
11159000,2023-03-20 06:45,1410.0,discharge_cfs,Pajaro River at Chittenden
11159000,2023-03-20 07:00,1410.0,discharge_cfs,Pajaro River at Chittenden
11159000,2023-03-20 07:15,1410.0,discharge_cfs,Pajaro River at Chittenden
11159000,2023-03-20 07:30,1410.0,discharge_cfs,Pajaro River at Chittenden
11159000,2023-03-20 07:45,1400.0,discharge_cfs,Pajaro River at Chittenden
11159000,2023-03-20 08:00,1400.0,discharge_cfs,Pajaro River at Chittenden
11159000,2023-03-20 08:15,1400.0,discharge_cfs,Pajaro River at Chittenden
11159000,2023-03-20 08:30,1400.0,discharge_cfs,Pajaro River at Chittenden
11159000,2023-03-20 08:45,1390.0,discharge_cfs,Pajaro River at Chittenden
11159000,2023-03-20 09:00,1390.0,discharge_cfs,Pajaro River at Chittenden
11159000,2023-03-20 09:15,1390.0,discharge_cfs,Pajaro River at Chittenden
11159000,2023-03-20 09:30,1390.0,discharge_cfs,Pajaro River at Chittenden
11159000,2023-03-20 09:45,1390.0,discharge_cfs,Pajaro River at Chittenden
11159000,2023-03-20 10:00,1390.0,discharge_cfs,Pajaro River at Chittenden
11159000,2023-03-20 10:15,1390.0,discharge_cfs,Pajaro River at Chittenden
11159000,2023-03-20 10:30,1380.0,discharge_cfs,Pajaro River at Chittenden
11159000,2023-03-20 10:45,1380.0,discharge_cfs,Pajaro River at Chittenden
11159000,2023-03-20 11:00,1380.0,discharge_cfs,Pajaro River at Chittenden
11159000,2023-03-20 11:15,1380.0,discharge_cfs,Pajaro River at Chittenden
11159000,2023-03-20 11:30,1380.0,discharge_cfs,Pajaro River at Chittenden
11159000,2023-03-20 11:45,1380.0,discharge_cfs,Pajaro River at Chittenden
11159000,2023-03-20 12:00,1370.0,discharge_cfs,Pajaro River at Chittenden
11159000,2023-03-20 12:15,1370.0,discharge_cfs,Pajaro River at Chittenden
11159000,2023-03-20 12:30,1370.0,discharge_cfs,Pajaro River at Chittenden
11159000,2023-03-20 12:45,1370.0,discharge_cfs,Pajaro River at Chittenden
11159000,2023-03-20 13:00,1370.0,discharge_cfs,Pajaro River at Chittenden
11159000,2023-03-20 13:15,1360.0,discharge_cfs,Pajaro River at Chittenden
11159000,2023-03-20 13:30,1360.0,discharge_cfs,Pajaro River at Chittenden
11159000,2023-03-20 13:45,1360.0,discharge_cfs,Pajaro River at Chittenden
11159000,2023-03-20 14:00,1360.0,discharge_cfs,Pajaro River at Chittenden
11159000,2023-03-20 14:15,1360.0,discharge_cfs,Pajaro River at Chittenden
11159000,2023-03-20 15:00,1360.0,discharge_cfs,Pajaro River at Chittenden
11159000,2023-03-20 15:15,1350.0,discharge_cfs,Pajaro River at Chittenden
11159000,2023-03-20 15:30,1350.0,discharge_cfs,Pajaro River at Chittenden
11159000,2023-03-20 15:45,1350.0,discharge_cfs,Pajaro River at Chittenden
11159000,2023-03-20 16:15,1350.0,discharge_cfs,Pajaro River at Chittenden
11159000,2023-03-20 16:30,1340.0,discharge_cfs,Pajaro River at Chittenden
11159000,2023-03-20 16:45,1340.0,discharge_cfs,Pajaro River at Chittenden
11159000,2023-03-20 17:00,1340.0,discharge_cfs,Pajaro River at Chittenden
11159000,2023-03-20 17:15,1340.0,discharge_cfs,Pajaro River at Chittenden
11159000,2023-03-20 17:30,1340.0,discharge_cfs,Pajaro River at Chittenden
11159000,2023-03-20 17:45,1340.0,discharge_cfs,Pajaro River at Chittenden
11159000,2023-03-20 18:00,1330.0,discharge_cfs,Pajaro River at Chittenden
11159000,2023-03-20 18:15,1330.0,discharge_cfs,Pajaro River at Chittenden
11159000,2023-03-20 18:30,1330.0,discharge_cfs,Pajaro River at Chittenden
11159000,2023-03-20 18:45,1330.0,discharge_cfs,Pajaro River at Chittenden
11159000,2023-03-20 19:00,1330.0,discharge_cfs,Pajaro River at Chittenden
11159000,2023-03-20 19:15,1330.0,discharge_cfs,Pajaro River at Chittenden
11159000,2023-03-20 19:30,1330.0,discharge_cfs,Pajaro River at Chittenden
11159000,2023-03-20 19:45,1320.0,discharge_cfs,Pajaro River at Chittenden
11159000,2023-03-20 20:00,1320.0,discharge_cfs,Pajaro River at Chittenden
11159000,2023-03-20 20:15,1320.0,discharge_cfs,Pajaro River at Chittenden
11159000,2023-03-20 20:30,1320.0,discharge_cfs,Pajaro River at Chittenden
11159000,2023-03-20 20:45,1310.0,discharge_cfs,Pajaro River at Chittenden
11159000,2023-03-20 21:00,1310.0,discharge_cfs,Pajaro River at Chittenden
11159000,2023-03-20 21:15,1310.0,discharge_cfs,Pajaro River at Chittenden
11159000,2023-03-20 21:30,1310.0,discharge_cfs,Pajaro River at Chittenden
11159000,2023-03-20 21:45,1310.0,discharge_cfs,Pajaro River at Chittenden
11159000,2023-03-20 22:00,1300.0,discharge_cfs,Pajaro River at Chittenden
11159000,2023-03-20 22:15,1300.0,discharge_cfs,Pajaro River at Chittenden
11159000,2023-03-20 22:30,1300.0,discharge_cfs,Pajaro River at Chittenden
11159000,2023-03-20 22:45,1300.0,discharge_cfs,Pajaro River at Chittenden
11159000,2023-03-20 23:00,1300.0,discharge_cfs,Pajaro River at Chittenden
11159000,2023-03-20 23:15,1300.0,discharge_cfs,Pajaro River at Chittenden
11159000,2023-03-20 23:30,1290.0,discharge_cfs,Pajaro River at Chittenden
11159000,2023-03-20 23:45,1290.0,discharge_cfs,Pajaro River at Chittenden
11159000,2023-03-21 00:00,1290.0,discharge_cfs,Pajaro River at Chittenden
11159000,2023-03-21 00:15,1280.0,discharge_cfs,Pajaro River at Chittenden
11159000,2023-03-21 00:30,1280.0,discharge_cfs,Pajaro River at Chittenden
11159000,2023-03-21 00:45,1280.0,discharge_cfs,Pajaro River at Chittenden
11159000,2023-03-21 01:00,1280.0,discharge_cfs,Pajaro River at Chittenden
11159000,2023-03-21 01:15,1280.0,discharge_cfs,Pajaro River at Chittenden
11159000,2023-03-21 01:30,1280.0,discharge_cfs,Pajaro River at Chittenden
11159000,2023-03-21 01:45,1280.0,discharge_cfs,Pajaro River at Chittenden
11159000,2023-03-21 02:00,1280.0,discharge_cfs,Pajaro River at Chittenden
11159000,2023-03-21 02:15,1270.0,discharge_cfs,Pajaro River at Chittenden
11159000,2023-03-21 02:30,1270.0,discharge_cfs,Pajaro River at Chittenden
11159000,2023-03-21 02:45,1270.0,discharge_cfs,Pajaro River at Chittenden
11159000,2023-03-21 03:00,1260.0,discharge_cfs,Pajaro River at Chittenden
11159000,2023-03-21 03:15,1270.0,discharge_cfs,Pajaro River at Chittenden
11159000,2023-03-21 03:30,1270.0,discharge_cfs,Pajaro River at Chittenden
11159000,2023-03-21 03:45,1260.0,discharge_cfs,Pajaro River at Chittenden
11159000,2023-03-21 04:00,1260.0,discharge_cfs,Pajaro River at Chittenden
11159000,2023-03-21 04:15,1260.0,discharge_cfs,Pajaro River at Chittenden
11159000,2023-03-21 04:30,1250.0,discharge_cfs,Pajaro River at Chittenden
11159000,2023-03-21 04:45,1250.0,discharge_cfs,Pajaro River at Chittenden
11159000,2023-03-21 05:00,1250.0,discharge_cfs,Pajaro River at Chittenden
11159000,2023-03-21 05:15,1250.0,discharge_cfs,Pajaro River at Chittenden
11159000,2023-03-21 05:30,1250.0,discharge_cfs,Pajaro River at Chittenden
11159000,2023-03-21 05:45,1250.0,discharge_cfs,Pajaro River at Chittenden
11159000,2023-03-21 06:00,1250.0,discharge_cfs,Pajaro River at Chittenden
11159000,2023-03-21 06:15,1250.0,discharge_cfs,Pajaro River at Chittenden
11159000,2023-03-21 06:30,1250.0,discharge_cfs,Pajaro River at Chittenden
11159000,2023-03-21 06:45,1250.0,discharge_cfs,Pajaro River at Chittenden
11159000,2023-03-21 07:00,1250.0,discharge_cfs,Pajaro River at Chittenden
11159000,2023-03-21 07:15,1250.0,discharge_cfs,Pajaro River at Chittenden
11159000,2023-03-21 07:30,1240.0,discharge_cfs,Pajaro River at Chittenden
11159000,2023-03-21 07:45,1250.0,discharge_cfs,Pajaro River at Chittenden
11159000,2023-03-21 08:00,1250.0,discharge_cfs,Pajaro River at Chittenden
11159000,2023-03-21 08:15,1250.0,discharge_cfs,Pajaro River at Chittenden
11159000,2023-03-21 08:30,1250.0,discharge_cfs,Pajaro River at Chittenden
11159000,2023-03-21 08:45,1250.0,discharge_cfs,Pajaro River at Chittenden
11159000,2023-03-21 09:00,1250.0,discharge_cfs,Pajaro River at Chittenden
11159000,2023-03-21 09:15,1250.0,discharge_cfs,Pajaro River at Chittenden
11159000,2023-03-21 09:30,1250.0,discharge_cfs,Pajaro River at Chittenden
11159000,2023-03-21 09:45,1250.0,discharge_cfs,Pajaro River at Chittenden
11159000,2023-03-21 10:00,1260.0,discharge_cfs,Pajaro River at Chittenden
11159000,2023-03-21 10:15,1260.0,discharge_cfs,Pajaro River at Chittenden
11159000,2023-03-21 10:30,1260.0,discharge_cfs,Pajaro River at Chittenden
11159000,2023-03-21 10:45,1270.0,discharge_cfs,Pajaro River at Chittenden
11159000,2023-03-21 11:00,1270.0,discharge_cfs,Pajaro River at Chittenden
11159000,2023-03-21 11:15,1280.0,discharge_cfs,Pajaro River at Chittenden
11159000,2023-03-21 11:30,1280.0,discharge_cfs,Pajaro River at Chittenden
11159000,2023-03-21 11:45,1280.0,discharge_cfs,Pajaro River at Chittenden
11159000,2023-03-21 12:00,1290.0,discharge_cfs,Pajaro River at Chittenden
11159000,2023-03-21 12:15,1290.0,discharge_cfs,Pajaro River at Chittenden
11159000,2023-03-21 12:30,1290.0,discharge_cfs,Pajaro River at Chittenden
11159000,2023-03-21 12:45,1290.0,discharge_cfs,Pajaro River at Chittenden
11159000,2023-03-21 13:00,1300.0,discharge_cfs,Pajaro River at Chittenden
11159000,2023-03-21 13:15,1300.0,discharge_cfs,Pajaro River at Chittenden
11159000,2023-03-21 13:30,1310.0,discharge_cfs,Pajaro River at Chittenden
11159000,2023-03-21 13:45,1320.0,discharge_cfs,Pajaro River at Chittenden
11159000,2023-03-21 14:00,1320.0,discharge_cfs,Pajaro River at Chittenden
11159000,2023-03-21 14:15,1320.0,discharge_cfs,Pajaro River at Chittenden
11159000,2023-03-21 14:30,1330.0,discharge_cfs,Pajaro River at Chittenden
11159000,2023-03-21 14:45,1330.0,discharge_cfs,Pajaro River at Chittenden
11159000,2023-03-21 15:00,1340.0,discharge_cfs,Pajaro River at Chittenden
11159000,2023-03-21 15:15,1340.0,discharge_cfs,Pajaro River at Chittenden
11159000,2023-03-21 15:30,1340.0,discharge_cfs,Pajaro River at Chittenden
11159000,2023-03-21 15:45,1350.0,discharge_cfs,Pajaro River at Chittenden
11159000,2023-03-21 16:00,1350.0,discharge_cfs,Pajaro River at Chittenden
11159000,2023-03-21 16:15,1350.0,discharge_cfs,Pajaro River at Chittenden
11159000,2023-03-21 16:30,1350.0,discharge_cfs,Pajaro River at Chittenden
11159000,2023-03-21 16:45,1350.0,discharge_cfs,Pajaro River at Chittenden
11159000,2023-03-21 17:00,1350.0,discharge_cfs,Pajaro River at Chittenden
11159000,2023-03-21 17:15,1360.0,discharge_cfs,Pajaro River at Chittenden
11159000,2023-03-21 17:30,1360.0,discharge_cfs,Pajaro River at Chittenden
11159000,2023-03-21 17:45,1360.0,discharge_cfs,Pajaro River at Chittenden
11159000,2023-03-21 18:00,1370.0,discharge_cfs,Pajaro River at Chittenden
11159000,2023-03-21 18:15,1370.0,discharge_cfs,Pajaro River at Chittenden
11159000,2023-03-21 18:30,1380.0,discharge_cfs,Pajaro River at Chittenden
11159000,2023-03-21 18:45,1380.0,discharge_cfs,Pajaro River at Chittenden
11159000,2023-03-21 19:00,1390.0,discharge_cfs,Pajaro River at Chittenden
11159000,2023-03-21 19:15,1390.0,discharge_cfs,Pajaro River at Chittenden
11159000,2023-03-21 19:30,1400.0,discharge_cfs,Pajaro River at Chittenden
11159000,2023-03-21 19:45,1410.0,discharge_cfs,Pajaro River at Chittenden
11159000,2023-03-21 20:00,1420.0,discharge_cfs,Pajaro River at Chittenden
11159000,2023-03-21 20:15,1430.0,discharge_cfs,Pajaro River at Chittenden
11159000,2023-03-21 20:30,1440.0,discharge_cfs,Pajaro River at Chittenden
11159000,2023-03-21 20:45,1440.0,discharge_cfs,Pajaro River at Chittenden
11159000,2023-03-21 21:00,1450.0,discharge_cfs,Pajaro River at Chittenden
11159000,2023-03-21 21:15,1470.0,discharge_cfs,Pajaro River at Chittenden
11159000,2023-03-21 21:30,1470.0,discharge_cfs,Pajaro River at Chittenden
11159000,2023-03-21 21:45,1490.0,discharge_cfs,Pajaro River at Chittenden
11159000,2023-03-21 22:00,1510.0,discharge_cfs,Pajaro River at Chittenden
11159000,2023-03-21 22:15,1520.0,discharge_cfs,Pajaro River at Chittenden
11159000,2023-03-21 22:30,1530.0,discharge_cfs,Pajaro River at Chittenden
11159000,2023-03-21 22:45,1530.0,discharge_cfs,Pajaro River at Chittenden
11159000,2023-03-21 23:00,1540.0,discharge_cfs,Pajaro River at Chittenden
11159000,2023-03-21 23:15,1550.0,discharge_cfs,Pajaro River at Chittenden
11159000,2023-03-21 23:30,1560.0,discharge_cfs,Pajaro River at Chittenden
11159000,2023-03-21 23:45,1560.0,discharge_cfs,Pajaro River at Chittenden
11159000,2023-03-22 00:00,1570.0,discharge_cfs,Pajaro River at Chittenden
11159000,2023-03-22 00:15,1580.0,discharge_cfs,Pajaro River at Chittenden
11159000,2023-03-22 00:30,1580.0,discharge_cfs,Pajaro River at Chittenden
11159000,2023-03-22 00:45,1600.0,discharge_cfs,Pajaro River at Chittenden
11159000,2023-03-22 01:00,1610.0,discharge_cfs,Pajaro River at Chittenden
11159000,2023-03-22 01:15,1620.0,discharge_cfs,Pajaro River at Chittenden
11159000,2023-03-22 01:30,1640.0,discharge_cfs,Pajaro River at Chittenden
11159000,2023-03-22 01:45,1660.0,discharge_cfs,Pajaro River at Chittenden
11159000,2023-03-22 02:00,1670.0,discharge_cfs,Pajaro River at Chittenden
11159000,2023-03-22 02:15,1690.0,discharge_cfs,Pajaro River at Chittenden
11159000,2023-03-22 02:30,1720.0,discharge_cfs,Pajaro River at Chittenden
11159000,2023-03-22 02:45,1740.0,discharge_cfs,Pajaro River at Chittenden
11159000,2023-03-22 03:00,1760.0,discharge_cfs,Pajaro River at Chittenden
11159000,2023-03-22 03:15,1790.0,discharge_cfs,Pajaro River at Chittenden
11159000,2023-03-22 03:30,1820.0,discharge_cfs,Pajaro River at Chittenden
11159000,2023-03-22 03:45,1840.0,discharge_cfs,Pajaro River at Chittenden
11159000,2023-03-22 04:00,1870.0,discharge_cfs,Pajaro River at Chittenden
11159000,2023-03-22 04:15,1900.0,discharge_cfs,Pajaro River at Chittenden
11159000,2023-03-22 04:30,1920.0,discharge_cfs,Pajaro River at Chittenden
11159000,2023-03-22 04:45,1950.0,discharge_cfs,Pajaro River at Chittenden
11159000,2023-03-22 05:00,1970.0,discharge_cfs,Pajaro River at Chittenden
11159000,2023-03-22 05:15,2000.0,discharge_cfs,Pajaro River at Chittenden
11159000,2023-03-22 05:30,2020.0,discharge_cfs,Pajaro River at Chittenden
11159000,2023-03-22 05:45,2050.0,discharge_cfs,Pajaro River at Chittenden
11159000,2023-03-22 06:00,2070.0,discharge_cfs,Pajaro River at Chittenden
11159000,2023-03-22 06:15,2100.0,discharge_cfs,Pajaro River at Chittenden
11159000,2023-03-22 06:30,2130.0,discharge_cfs,Pajaro River at Chittenden
11159000,2023-03-22 06:45,2150.0,discharge_cfs,Pajaro River at Chittenden
11159000,2023-03-22 07:00,2180.0,discharge_cfs,Pajaro River at Chittenden
11159000,2023-03-22 07:15,2200.0,discharge_cfs,Pajaro River at Chittenden
11159000,2023-03-22 07:30,2230.0,discharge_cfs,Pajaro River at Chittenden
11159000,2023-03-22 07:45,2260.0,discharge_cfs,Pajaro River at Chittenden
11159000,2023-03-22 08:00,2280.0,discharge_cfs,Pajaro River at Chittenden
11159000,2023-03-22 08:15,2310.0,discharge_cfs,Pajaro River at Chittenden
11159000,2023-03-22 08:30,2350.0,discharge_cfs,Pajaro River at Chittenden
11159000,2023-03-22 08:45,2380.0,discharge_cfs,Pajaro River at Chittenden
11159000,2023-03-22 09:00,2410.0,discharge_cfs,Pajaro River at Chittenden
11159000,2023-03-22 09:15,2440.0,discharge_cfs,Pajaro River at Chittenden
11159000,2023-03-22 09:30,2470.0,discharge_cfs,Pajaro River at Chittenden
11159000,2023-03-22 09:45,2500.0,discharge_cfs,Pajaro River at Chittenden
11159000,2023-03-22 10:00,2520.0,discharge_cfs,Pajaro River at Chittenden
11159000,2023-03-22 10:15,2570.0,discharge_cfs,Pajaro River at Chittenden
11159000,2023-03-22 10:30,2600.0,discharge_cfs,Pajaro River at Chittenden
11159000,2023-03-22 10:45,2640.0,discharge_cfs,Pajaro River at Chittenden
11159000,2023-03-22 11:00,2660.0,discharge_cfs,Pajaro River at Chittenden
11159000,2023-03-22 11:15,2700.0,discharge_cfs,Pajaro River at Chittenden
11159000,2023-03-22 11:30,2730.0,discharge_cfs,Pajaro River at Chittenden
11159000,2023-03-22 11:45,2760.0,discharge_cfs,Pajaro River at Chittenden
11159000,2023-03-22 12:00,2790.0,discharge_cfs,Pajaro River at Chittenden
11159000,2023-03-22 12:15,2830.0,discharge_cfs,Pajaro River at Chittenden
11159000,2023-03-22 12:30,2850.0,discharge_cfs,Pajaro River at Chittenden
11159000,2023-03-22 13:30,3020.0,discharge_cfs,Pajaro River at Chittenden
11159000,2023-03-22 13:45,3090.0,discharge_cfs,Pajaro River at Chittenden
11159000,2023-03-22 14:00,3120.0,discharge_cfs,Pajaro River at Chittenden
11159000,2023-03-22 14:15,3170.0,discharge_cfs,Pajaro River at Chittenden
11159000,2023-03-22 14:45,3250.0,discharge_cfs,Pajaro River at Chittenden
11159000,2023-03-22 15:15,3340.0,discharge_cfs,Pajaro River at Chittenden
11159000,2023-03-22 15:30,3390.0,discharge_cfs,Pajaro River at Chittenden
11159000,2023-03-22 15:45,3430.0,discharge_cfs,Pajaro River at Chittenden
11159000,2023-03-22 16:00,3440.0,discharge_cfs,Pajaro River at Chittenden
11159000,2023-03-22 16:15,3510.0,discharge_cfs,Pajaro River at Chittenden
11159000,2023-03-22 16:30,3540.0,discharge_cfs,Pajaro River at Chittenden
11159000,2023-03-22 16:45,3590.0,discharge_cfs,Pajaro River at Chittenden
11159000,2023-03-22 17:00,3630.0,discharge_cfs,Pajaro River at Chittenden
11159000,2023-03-22 17:15,3660.0,discharge_cfs,Pajaro River at Chittenden
11159000,2023-03-22 17:30,3700.0,discharge_cfs,Pajaro River at Chittenden
11159000,2023-03-22 17:45,3730.0,discharge_cfs,Pajaro River at Chittenden
11159000,2023-03-22 18:00,3790.0,discharge_cfs,Pajaro River at Chittenden
11159000,2023-03-22 18:15,3800.0,discharge_cfs,Pajaro River at Chittenden
11159000,2023-03-22 18:30,3820.0,discharge_cfs,Pajaro River at Chittenden
11159000,2023-03-22 18:45,3860.0,discharge_cfs,Pajaro River at Chittenden
11159000,2023-03-22 19:00,3880.0,discharge_cfs,Pajaro River at Chittenden
11159000,2023-03-22 19:30,3930.0,discharge_cfs,Pajaro River at Chittenden
11159000,2023-03-22 19:45,3950.0,discharge_cfs,Pajaro River at Chittenden
11159000,2023-03-22 20:00,3970.0,discharge_cfs,Pajaro River at Chittenden
11159000,2023-03-22 20:15,3970.0,discharge_cfs,Pajaro River at Chittenden
11159000,2023-03-22 20:30,4010.0,discharge_cfs,Pajaro River at Chittenden
11159000,2023-03-22 20:45,4030.0,discharge_cfs,Pajaro River at Chittenden
11159000,2023-03-22 21:00,4020.0,discharge_cfs,Pajaro River at Chittenden
11159000,2023-03-22 21:15,4060.0,discharge_cfs,Pajaro River at Chittenden
11159000,2023-03-22 21:30,4060.0,discharge_cfs,Pajaro River at Chittenden
11159000,2023-03-22 21:45,4080.0,discharge_cfs,Pajaro River at Chittenden
11159000,2023-03-22 22:00,4090.0,discharge_cfs,Pajaro River at Chittenden
11159000,2023-03-22 22:15,4110.0,discharge_cfs,Pajaro River at Chittenden
11159000,2023-03-22 22:30,4110.0,discharge_cfs,Pajaro River at Chittenden
11159000,2023-03-22 22:45,4130.0,discharge_cfs,Pajaro River at Chittenden
11159000,2023-03-22 23:00,4130.0,discharge_cfs,Pajaro River at Chittenden
11159000,2023-03-22 23:15,4130.0,discharge_cfs,Pajaro River at Chittenden
11159000,2023-03-22 23:30,4130.0,discharge_cfs,Pajaro River at Chittenden
11159000,2023-03-22 23:45,4150.0,discharge_cfs,Pajaro River at Chittenden
11159000,2023-03-08 00:00,9.12,gage_height_ft,Pajaro River at Chittenden
11159000,2023-03-08 00:15,9.12,gage_height_ft,Pajaro River at Chittenden
11159000,2023-03-08 00:30,9.1,gage_height_ft,Pajaro River at Chittenden
11159000,2023-03-08 00:45,9.07,gage_height_ft,Pajaro River at Chittenden
11159000,2023-03-08 01:00,9.07,gage_height_ft,Pajaro River at Chittenden
11159000,2023-03-08 01:15,9.05,gage_height_ft,Pajaro River at Chittenden
11159000,2023-03-08 01:30,9.05,gage_height_ft,Pajaro River at Chittenden
11159000,2023-03-08 01:45,9.04,gage_height_ft,Pajaro River at Chittenden
11159000,2023-03-08 02:00,9.03,gage_height_ft,Pajaro River at Chittenden
11159000,2023-03-08 02:15,9.03,gage_height_ft,Pajaro River at Chittenden
11159000,2023-03-08 02:30,9.02,gage_height_ft,Pajaro River at Chittenden
11159000,2023-03-08 02:45,9.0,gage_height_ft,Pajaro River at Chittenden
11159000,2023-03-08 03:00,9.02,gage_height_ft,Pajaro River at Chittenden
11159000,2023-03-08 03:15,9.0,gage_height_ft,Pajaro River at Chittenden
11159000,2023-03-08 03:30,8.99,gage_height_ft,Pajaro River at Chittenden
11159000,2023-03-08 03:45,8.98,gage_height_ft,Pajaro River at Chittenden
11159000,2023-03-08 04:00,8.97,gage_height_ft,Pajaro River at Chittenden
11159000,2023-03-08 04:15,8.97,gage_height_ft,Pajaro River at Chittenden
11159000,2023-03-08 04:30,8.96,gage_height_ft,Pajaro River at Chittenden
11159000,2023-03-08 04:45,8.95,gage_height_ft,Pajaro River at Chittenden
11159000,2023-03-08 05:00,8.92,gage_height_ft,Pajaro River at Chittenden
11159000,2023-03-08 05:15,8.92,gage_height_ft,Pajaro River at Chittenden
11159000,2023-03-08 05:30,8.92,gage_height_ft,Pajaro River at Chittenden
11159000,2023-03-08 05:45,8.91,gage_height_ft,Pajaro River at Chittenden
11159000,2023-03-08 06:00,8.91,gage_height_ft,Pajaro River at Chittenden
11159000,2023-03-08 06:15,8.89,gage_height_ft,Pajaro River at Chittenden
11159000,2023-03-08 06:30,8.88,gage_height_ft,Pajaro River at Chittenden
11159000,2023-03-08 06:45,8.87,gage_height_ft,Pajaro River at Chittenden
11159000,2023-03-08 07:00,8.86,gage_height_ft,Pajaro River at Chittenden
11159000,2023-03-08 07:15,8.85,gage_height_ft,Pajaro River at Chittenden
11159000,2023-03-08 07:30,8.85,gage_height_ft,Pajaro River at Chittenden
11159000,2023-03-08 07:45,8.82,gage_height_ft,Pajaro River at Chittenden
11159000,2023-03-08 08:00,8.82,gage_height_ft,Pajaro River at Chittenden
11159000,2023-03-08 08:15,8.83,gage_height_ft,Pajaro River at Chittenden
11159000,2023-03-08 08:30,8.81,gage_height_ft,Pajaro River at Chittenden
11159000,2023-03-08 08:45,8.81,gage_height_ft,Pajaro River at Chittenden
11159000,2023-03-08 09:00,8.8,gage_height_ft,Pajaro River at Chittenden
11159000,2023-03-08 09:15,8.79,gage_height_ft,Pajaro River at Chittenden
11159000,2023-03-08 09:30,8.77,gage_height_ft,Pajaro River at Chittenden
11159000,2023-03-08 09:45,8.76,gage_height_ft,Pajaro River at Chittenden
11159000,2023-03-08 10:00,8.76,gage_height_ft,Pajaro River at Chittenden
11159000,2023-03-08 10:15,8.74,gage_height_ft,Pajaro River at Chittenden
11159000,2023-03-08 10:30,8.76,gage_height_ft,Pajaro River at Chittenden
11159000,2023-03-08 10:45,8.75,gage_height_ft,Pajaro River at Chittenden
11159000,2023-03-08 11:00,8.74,gage_height_ft,Pajaro River at Chittenden
11159000,2023-03-08 11:15,8.76,gage_height_ft,Pajaro River at Chittenden
11159000,2023-03-08 11:30,8.76,gage_height_ft,Pajaro River at Chittenden
11159000,2023-03-08 11:45,8.75,gage_height_ft,Pajaro River at Chittenden
11159000,2023-03-08 12:00,8.73,gage_height_ft,Pajaro River at Chittenden
11159000,2023-03-08 12:15,8.74,gage_height_ft,Pajaro River at Chittenden
11159000,2023-03-08 12:30,8.73,gage_height_ft,Pajaro River at Chittenden
11159000,2023-03-08 12:45,8.73,gage_height_ft,Pajaro River at Chittenden
11159000,2023-03-08 13:00,8.72,gage_height_ft,Pajaro River at Chittenden
11159000,2023-03-08 13:15,8.72,gage_height_ft,Pajaro River at Chittenden
11159000,2023-03-08 13:30,8.71,gage_height_ft,Pajaro River at Chittenden
11159000,2023-03-08 13:45,8.71,gage_height_ft,Pajaro River at Chittenden
11159000,2023-03-08 14:00,8.71,gage_height_ft,Pajaro River at Chittenden
11159000,2023-03-08 14:15,8.69,gage_height_ft,Pajaro River at Chittenden
11159000,2023-03-08 14:30,8.69,gage_height_ft,Pajaro River at Chittenden
11159000,2023-03-08 14:45,8.69,gage_height_ft,Pajaro River at Chittenden
11159000,2023-03-08 15:00,8.68,gage_height_ft,Pajaro River at Chittenden
11159000,2023-03-08 15:15,8.68,gage_height_ft,Pajaro River at Chittenden
11159000,2023-03-08 15:30,8.67,gage_height_ft,Pajaro River at Chittenden
11159000,2023-03-08 15:45,8.67,gage_height_ft,Pajaro River at Chittenden
11159000,2023-03-08 16:00,8.66,gage_height_ft,Pajaro River at Chittenden
11159000,2023-03-08 16:15,8.65,gage_height_ft,Pajaro River at Chittenden
11159000,2023-03-08 16:30,8.65,gage_height_ft,Pajaro River at Chittenden
11159000,2023-03-08 16:45,8.65,gage_height_ft,Pajaro River at Chittenden
11159000,2023-03-08 17:00,8.64,gage_height_ft,Pajaro River at Chittenden
11159000,2023-03-08 17:15,8.64,gage_height_ft,Pajaro River at Chittenden
11159000,2023-03-08 17:30,8.63,gage_height_ft,Pajaro River at Chittenden
11159000,2023-03-08 17:45,8.62,gage_height_ft,Pajaro River at Chittenden
11159000,2023-03-08 18:00,8.62,gage_height_ft,Pajaro River at Chittenden
11159000,2023-03-08 18:15,8.61,gage_height_ft,Pajaro River at Chittenden
11159000,2023-03-08 18:30,8.61,gage_height_ft,Pajaro River at Chittenden
11159000,2023-03-08 18:45,8.61,gage_height_ft,Pajaro River at Chittenden
11159000,2023-03-08 19:00,8.6,gage_height_ft,Pajaro River at Chittenden
11159000,2023-03-08 19:15,8.6,gage_height_ft,Pajaro River at Chittenden
11159000,2023-03-08 19:30,8.59,gage_height_ft,Pajaro River at Chittenden
11159000,2023-03-08 19:45,8.58,gage_height_ft,Pajaro River at Chittenden
11159000,2023-03-08 20:00,8.58,gage_height_ft,Pajaro River at Chittenden
11159000,2023-03-08 20:15,8.57,gage_height_ft,Pajaro River at Chittenden
11159000,2023-03-08 20:30,8.56,gage_height_ft,Pajaro River at Chittenden
11159000,2023-03-08 20:45,8.56,gage_height_ft,Pajaro River at Chittenden
11159000,2023-03-08 21:00,8.56,gage_height_ft,Pajaro River at Chittenden
11159000,2023-03-08 21:15,8.56,gage_height_ft,Pajaro River at Chittenden
11159000,2023-03-08 21:30,8.55,gage_height_ft,Pajaro River at Chittenden
11159000,2023-03-08 21:45,8.54,gage_height_ft,Pajaro River at Chittenden
11159000,2023-03-08 22:00,8.54,gage_height_ft,Pajaro River at Chittenden
11159000,2023-03-08 22:15,8.53,gage_height_ft,Pajaro River at Chittenden
11159000,2023-03-08 22:30,8.53,gage_height_ft,Pajaro River at Chittenden
11159000,2023-03-08 22:45,8.52,gage_height_ft,Pajaro River at Chittenden
11159000,2023-03-08 23:00,8.52,gage_height_ft,Pajaro River at Chittenden
11159000,2023-03-08 23:15,8.51,gage_height_ft,Pajaro River at Chittenden
11159000,2023-03-08 23:30,8.51,gage_height_ft,Pajaro River at Chittenden
11159000,2023-03-08 23:45,8.5,gage_height_ft,Pajaro River at Chittenden
11159000,2023-03-09 00:00,8.5,gage_height_ft,Pajaro River at Chittenden
11159000,2023-03-09 00:15,8.49,gage_height_ft,Pajaro River at Chittenden
11159000,2023-03-09 00:30,8.49,gage_height_ft,Pajaro River at Chittenden
11159000,2023-03-09 00:45,8.49,gage_height_ft,Pajaro River at Chittenden
11159000,2023-03-09 01:00,8.48,gage_height_ft,Pajaro River at Chittenden
11159000,2023-03-09 01:15,8.47,gage_height_ft,Pajaro River at Chittenden
11159000,2023-03-09 01:30,8.47,gage_height_ft,Pajaro River at Chittenden
11159000,2023-03-09 01:45,8.47,gage_height_ft,Pajaro River at Chittenden
11159000,2023-03-09 02:00,8.47,gage_height_ft,Pajaro River at Chittenden
11159000,2023-03-09 02:15,8.46,gage_height_ft,Pajaro River at Chittenden
11159000,2023-03-09 02:30,8.45,gage_height_ft,Pajaro River at Chittenden
11159000,2023-03-09 02:45,8.45,gage_height_ft,Pajaro River at Chittenden
11159000,2023-03-09 03:00,8.45,gage_height_ft,Pajaro River at Chittenden
11159000,2023-03-09 03:15,8.45,gage_height_ft,Pajaro River at Chittenden
11159000,2023-03-09 03:30,8.45,gage_height_ft,Pajaro River at Chittenden
11159000,2023-03-09 03:45,8.45,gage_height_ft,Pajaro River at Chittenden
11159000,2023-03-09 04:00,8.43,gage_height_ft,Pajaro River at Chittenden
11159000,2023-03-09 04:15,8.41,gage_height_ft,Pajaro River at Chittenden
11159000,2023-03-09 04:30,8.41,gage_height_ft,Pajaro River at Chittenden
11159000,2023-03-09 04:45,8.4,gage_height_ft,Pajaro River at Chittenden
11159000,2023-03-09 05:00,8.4,gage_height_ft,Pajaro River at Chittenden
11159000,2023-03-09 05:15,8.39,gage_height_ft,Pajaro River at Chittenden
11159000,2023-03-09 05:30,8.38,gage_height_ft,Pajaro River at Chittenden
11159000,2023-03-09 05:45,8.38,gage_height_ft,Pajaro River at Chittenden
11159000,2023-03-09 06:00,8.39,gage_height_ft,Pajaro River at Chittenden
11159000,2023-03-09 06:15,8.37,gage_height_ft,Pajaro River at Chittenden
11159000,2023-03-09 06:30,8.36,gage_height_ft,Pajaro River at Chittenden
11159000,2023-03-09 06:45,8.35,gage_height_ft,Pajaro River at Chittenden
11159000,2023-03-09 07:00,8.34,gage_height_ft,Pajaro River at Chittenden
11159000,2023-03-09 07:15,8.35,gage_height_ft,Pajaro River at Chittenden
11159000,2023-03-09 07:30,8.34,gage_height_ft,Pajaro River at Chittenden
11159000,2023-03-09 07:45,8.35,gage_height_ft,Pajaro River at Chittenden
11159000,2023-03-09 08:00,8.33,gage_height_ft,Pajaro River at Chittenden
11159000,2023-03-09 08:15,8.33,gage_height_ft,Pajaro River at Chittenden
11159000,2023-03-09 08:30,8.33,gage_height_ft,Pajaro River at Chittenden
11159000,2023-03-09 08:45,8.32,gage_height_ft,Pajaro River at Chittenden
11159000,2023-03-09 09:00,8.31,gage_height_ft,Pajaro River at Chittenden
11159000,2023-03-09 09:15,8.31,gage_height_ft,Pajaro River at Chittenden
11159000,2023-03-09 09:30,8.31,gage_height_ft,Pajaro River at Chittenden
11159000,2023-03-09 09:45,8.3,gage_height_ft,Pajaro River at Chittenden
11159000,2023-03-09 10:00,8.29,gage_height_ft,Pajaro River at Chittenden
11159000,2023-03-09 10:15,8.28,gage_height_ft,Pajaro River at Chittenden
11159000,2023-03-09 10:30,8.28,gage_height_ft,Pajaro River at Chittenden
11159000,2023-03-09 10:45,8.28,gage_height_ft,Pajaro River at Chittenden
11159000,2023-03-09 11:00,8.27,gage_height_ft,Pajaro River at Chittenden
11159000,2023-03-09 11:15,8.27,gage_height_ft,Pajaro River at Chittenden
11159000,2023-03-09 11:30,8.26,gage_height_ft,Pajaro River at Chittenden
11159000,2023-03-09 11:45,8.26,gage_height_ft,Pajaro River at Chittenden
11159000,2023-03-09 12:00,8.26,gage_height_ft,Pajaro River at Chittenden
11159000,2023-03-09 12:15,8.26,gage_height_ft,Pajaro River at Chittenden
11159000,2023-03-09 12:30,8.25,gage_height_ft,Pajaro River at Chittenden
11159000,2023-03-09 12:45,8.25,gage_height_ft,Pajaro River at Chittenden
11159000,2023-03-09 13:00,8.25,gage_height_ft,Pajaro River at Chittenden
11159000,2023-03-09 13:15,8.25,gage_height_ft,Pajaro River at Chittenden
11159000,2023-03-09 13:30,8.24,gage_height_ft,Pajaro River at Chittenden
11159000,2023-03-09 13:45,8.24,gage_height_ft,Pajaro River at Chittenden
11159000,2023-03-09 14:00,8.23,gage_height_ft,Pajaro River at Chittenden
11159000,2023-03-09 14:15,8.24,gage_height_ft,Pajaro River at Chittenden
11159000,2023-03-09 14:30,8.24,gage_height_ft,Pajaro River at Chittenden
11159000,2023-03-09 14:45,8.24,gage_height_ft,Pajaro River at Chittenden
11159000,2023-03-09 15:00,8.24,gage_height_ft,Pajaro River at Chittenden
11159000,2023-03-09 15:15,8.24,gage_height_ft,Pajaro River at Chittenden
11159000,2023-03-09 15:30,8.24,gage_height_ft,Pajaro River at Chittenden
11159000,2023-03-09 15:45,8.25,gage_height_ft,Pajaro River at Chittenden
11159000,2023-03-09 16:00,8.25,gage_height_ft,Pajaro River at Chittenden
11159000,2023-03-09 16:15,8.26,gage_height_ft,Pajaro River at Chittenden
11159000,2023-03-09 16:30,8.26,gage_height_ft,Pajaro River at Chittenden
11159000,2023-03-09 16:45,8.27,gage_height_ft,Pajaro River at Chittenden
11159000,2023-03-09 17:00,8.28,gage_height_ft,Pajaro River at Chittenden
11159000,2023-03-09 17:15,8.29,gage_height_ft,Pajaro River at Chittenden
11159000,2023-03-09 17:30,8.31,gage_height_ft,Pajaro River at Chittenden
11159000,2023-03-09 17:45,8.33,gage_height_ft,Pajaro River at Chittenden
11159000,2023-03-09 18:00,8.36,gage_height_ft,Pajaro River at Chittenden
11159000,2023-03-09 18:15,8.39,gage_height_ft,Pajaro River at Chittenden
11159000,2023-03-09 18:30,8.42,gage_height_ft,Pajaro River at Chittenden
11159000,2023-03-09 18:45,8.46,gage_height_ft,Pajaro River at Chittenden
11159000,2023-03-09 19:00,8.5,gage_height_ft,Pajaro River at Chittenden
11159000,2023-03-09 19:15,8.55,gage_height_ft,Pajaro River at Chittenden
11159000,2023-03-09 19:30,8.6,gage_height_ft,Pajaro River at Chittenden
11159000,2023-03-09 19:45,8.66,gage_height_ft,Pajaro River at Chittenden
11159000,2023-03-09 20:00,8.73,gage_height_ft,Pajaro River at Chittenden
11159000,2023-03-09 20:15,8.8,gage_height_ft,Pajaro River at Chittenden
11159000,2023-03-09 20:30,8.89,gage_height_ft,Pajaro River at Chittenden
11159000,2023-03-09 20:45,9.02,gage_height_ft,Pajaro River at Chittenden
11159000,2023-03-09 21:00,9.19,gage_height_ft,Pajaro River at Chittenden
11159000,2023-03-09 21:15,9.39,gage_height_ft,Pajaro River at Chittenden
11159000,2023-03-09 21:30,9.62,gage_height_ft,Pajaro River at Chittenden
11159000,2023-03-09 21:45,9.86,gage_height_ft,Pajaro River at Chittenden
11159000,2023-03-09 22:00,10.1,gage_height_ft,Pajaro River at Chittenden
11159000,2023-03-09 22:15,10.32,gage_height_ft,Pajaro River at Chittenden
11159000,2023-03-09 22:30,10.55,gage_height_ft,Pajaro River at Chittenden
11159000,2023-03-09 22:45,10.76,gage_height_ft,Pajaro River at Chittenden
11159000,2023-03-09 23:00,10.99,gage_height_ft,Pajaro River at Chittenden
11159000,2023-03-09 23:15,11.23,gage_height_ft,Pajaro River at Chittenden
11159000,2023-03-09 23:30,11.52,gage_height_ft,Pajaro River at Chittenden
11159000,2023-03-09 23:45,11.81,gage_height_ft,Pajaro River at Chittenden
11159000,2023-03-10 00:00,12.09,gage_height_ft,Pajaro River at Chittenden
11159000,2023-03-10 00:15,12.32,gage_height_ft,Pajaro River at Chittenden
11159000,2023-03-10 00:30,12.54,gage_height_ft,Pajaro River at Chittenden
11159000,2023-03-10 00:45,12.75,gage_height_ft,Pajaro River at Chittenden
11159000,2023-03-10 01:00,12.97,gage_height_ft,Pajaro River at Chittenden
11159000,2023-03-10 01:15,13.2,gage_height_ft,Pajaro River at Chittenden
11159000,2023-03-10 01:30,13.46,gage_height_ft,Pajaro River at Chittenden
11159000,2023-03-10 01:45,13.73,gage_height_ft,Pajaro River at Chittenden
11159000,2023-03-10 02:00,14.05,gage_height_ft,Pajaro River at Chittenden
11159000,2023-03-10 02:15,14.36,gage_height_ft,Pajaro River at Chittenden
11159000,2023-03-10 02:30,14.66,gage_height_ft,Pajaro River at Chittenden
11159000,2023-03-10 02:45,15.02,gage_height_ft,Pajaro River at Chittenden
11159000,2023-03-10 03:00,15.47,gage_height_ft,Pajaro River at Chittenden
11159000,2023-03-10 03:15,15.97,gage_height_ft,Pajaro River at Chittenden
11159000,2023-03-10 03:30,16.53,gage_height_ft,Pajaro River at Chittenden
11159000,2023-03-10 03:45,17.15,gage_height_ft,Pajaro River at Chittenden
11159000,2023-03-10 04:00,17.79,gage_height_ft,Pajaro River at Chittenden
11159000,2023-03-10 04:15,18.44,gage_height_ft,Pajaro River at Chittenden
11159000,2023-03-10 04:30,19.01,gage_height_ft,Pajaro River at Chittenden
11159000,2023-03-10 05:00,20.0,gage_height_ft,Pajaro River at Chittenden
11159000,2023-03-10 05:30,20.86,gage_height_ft,Pajaro River at Chittenden
11159000,2023-03-10 06:00,21.63,gage_height_ft,Pajaro River at Chittenden
11159000,2023-03-10 06:15,21.75,gage_height_ft,Pajaro River at Chittenden
11159000,2023-03-10 06:30,22.2,gage_height_ft,Pajaro River at Chittenden
11159000,2023-03-10 06:45,22.45,gage_height_ft,Pajaro River at Chittenden
11159000,2023-03-10 07:15,22.86,gage_height_ft,Pajaro River at Chittenden
11159000,2023-03-10 07:30,22.86,gage_height_ft,Pajaro River at Chittenden
11159000,2023-03-10 07:45,23.24,gage_height_ft,Pajaro River at Chittenden
11159000,2023-03-10 08:00,23.41,gage_height_ft,Pajaro River at Chittenden
11159000,2023-03-10 08:15,23.58,gage_height_ft,Pajaro River at Chittenden
11159000,2023-03-10 08:30,23.69,gage_height_ft,Pajaro River at Chittenden
11159000,2023-03-10 08:45,23.88,gage_height_ft,Pajaro River at Chittenden
11159000,2023-03-10 09:00,24.04,gage_height_ft,Pajaro River at Chittenden
11159000,2023-03-10 09:15,24.21,gage_height_ft,Pajaro River at Chittenden
11159000,2023-03-10 09:30,24.37,gage_height_ft,Pajaro River at Chittenden
11159000,2023-03-10 09:45,24.43,gage_height_ft,Pajaro River at Chittenden
11159000,2023-03-10 10:00,24.69,gage_height_ft,Pajaro River at Chittenden
11159000,2023-03-10 10:15,24.87,gage_height_ft,Pajaro River at Chittenden
11159000,2023-03-10 10:30,25.02,gage_height_ft,Pajaro River at Chittenden
11159000,2023-03-10 10:45,25.16,gage_height_ft,Pajaro River at Chittenden
11159000,2023-03-10 11:00,25.16,gage_height_ft,Pajaro River at Chittenden
11159000,2023-03-10 11:15,25.41,gage_height_ft,Pajaro River at Chittenden
11159000,2023-03-10 11:30,25.55,gage_height_ft,Pajaro River at Chittenden
11159000,2023-03-10 12:00,25.77,gage_height_ft,Pajaro River at Chittenden
11159000,2023-03-10 12:15,25.95,gage_height_ft,Pajaro River at Chittenden
11159000,2023-03-10 12:30,26.06,gage_height_ft,Pajaro River at Chittenden
11159000,2023-03-10 12:45,26.15,gage_height_ft,Pajaro River at Chittenden
11159000,2023-03-10 13:15,26.28,gage_height_ft,Pajaro River at Chittenden
11159000,2023-03-10 13:30,26.39,gage_height_ft,Pajaro River at Chittenden
11159000,2023-03-10 13:45,26.46,gage_height_ft,Pajaro River at Chittenden
11159000,2023-03-10 14:00,26.46,gage_height_ft,Pajaro River at Chittenden
11159000,2023-03-10 14:15,26.59,gage_height_ft,Pajaro River at Chittenden
11159000,2023-03-10 14:30,26.6,gage_height_ft,Pajaro River at Chittenden
11159000,2023-03-10 14:45,26.72,gage_height_ft,Pajaro River at Chittenden
11159000,2023-03-10 15:00,26.71,gage_height_ft,Pajaro River at Chittenden
11159000,2023-03-10 15:15,26.81,gage_height_ft,Pajaro River at Chittenden
11159000,2023-03-10 15:30,26.87,gage_height_ft,Pajaro River at Chittenden
11159000,2023-03-10 15:45,26.9,gage_height_ft,Pajaro River at Chittenden
11159000,2023-03-10 16:00,26.93,gage_height_ft,Pajaro River at Chittenden
11159000,2023-03-10 16:15,27.03,gage_height_ft,Pajaro River at Chittenden
11159000,2023-03-10 16:30,27.07,gage_height_ft,Pajaro River at Chittenden
11159000,2023-03-10 16:45,27.14,gage_height_ft,Pajaro River at Chittenden
11159000,2023-03-10 17:00,27.19,gage_height_ft,Pajaro River at Chittenden
11159000,2023-03-10 17:15,27.27,gage_height_ft,Pajaro River at Chittenden
11159000,2023-03-10 17:30,27.35,gage_height_ft,Pajaro River at Chittenden
11159000,2023-03-10 17:45,27.4,gage_height_ft,Pajaro River at Chittenden
11159000,2023-03-10 18:00,27.45,gage_height_ft,Pajaro River at Chittenden
11159000,2023-03-10 18:15,27.55,gage_height_ft,Pajaro River at Chittenden
11159000,2023-03-10 18:30,27.63,gage_height_ft,Pajaro River at Chittenden
11159000,2023-03-10 19:00,27.8,gage_height_ft,Pajaro River at Chittenden
11159000,2023-03-10 19:30,28.01,gage_height_ft,Pajaro River at Chittenden
11159000,2023-03-10 19:45,28.14,gage_height_ft,Pajaro River at Chittenden
11159000,2023-03-10 20:00,28.21,gage_height_ft,Pajaro River at Chittenden
11159000,2023-03-10 20:15,28.33,gage_height_ft,Pajaro River at Chittenden
11159000,2023-03-10 20:30,28.45,gage_height_ft,Pajaro River at Chittenden
11159000,2023-03-10 20:45,28.53,gage_height_ft,Pajaro River at Chittenden
11159000,2023-03-10 21:15,28.74,gage_height_ft,Pajaro River at Chittenden
11159000,2023-03-10 21:30,28.79,gage_height_ft,Pajaro River at Chittenden
11159000,2023-03-10 21:45,28.88,gage_height_ft,Pajaro River at Chittenden
11159000,2023-03-10 22:00,28.91,gage_height_ft,Pajaro River at Chittenden
11159000,2023-03-10 22:15,28.91,gage_height_ft,Pajaro River at Chittenden
11159000,2023-03-10 22:30,28.98,gage_height_ft,Pajaro River at Chittenden
11159000,2023-03-10 22:45,28.98,gage_height_ft,Pajaro River at Chittenden
11159000,2023-03-10 23:00,29.02,gage_height_ft,Pajaro River at Chittenden
11159000,2023-03-10 23:15,29.03,gage_height_ft,Pajaro River at Chittenden
11159000,2023-03-10 23:30,29.06,gage_height_ft,Pajaro River at Chittenden
11159000,2023-03-10 23:45,29.04,gage_height_ft,Pajaro River at Chittenden
11159000,2023-03-11 00:00,29.06,gage_height_ft,Pajaro River at Chittenden
11159000,2023-03-11 00:15,29.09,gage_height_ft,Pajaro River at Chittenden
11159000,2023-03-11 00:30,29.1,gage_height_ft,Pajaro River at Chittenden
11159000,2023-03-11 00:45,29.08,gage_height_ft,Pajaro River at Chittenden
11159000,2023-03-11 01:00,29.08,gage_height_ft,Pajaro River at Chittenden
11159000,2023-03-11 01:15,29.07,gage_height_ft,Pajaro River at Chittenden
11159000,2023-03-11 01:30,29.06,gage_height_ft,Pajaro River at Chittenden
11159000,2023-03-11 01:45,29.09,gage_height_ft,Pajaro River at Chittenden
11159000,2023-03-11 02:00,29.1,gage_height_ft,Pajaro River at Chittenden
11159000,2023-03-11 02:15,29.1,gage_height_ft,Pajaro River at Chittenden
11159000,2023-03-11 02:30,29.09,gage_height_ft,Pajaro River at Chittenden
11159000,2023-03-11 02:45,29.08,gage_height_ft,Pajaro River at Chittenden
11159000,2023-03-11 03:00,29.1,gage_height_ft,Pajaro River at Chittenden
11159000,2023-03-11 03:15,29.08,gage_height_ft,Pajaro River at Chittenden
11159000,2023-03-11 03:30,29.1,gage_height_ft,Pajaro River at Chittenden
11159000,2023-03-11 03:45,29.1,gage_height_ft,Pajaro River at Chittenden
11159000,2023-03-11 04:00,29.11,gage_height_ft,Pajaro River at Chittenden
11159000,2023-03-11 04:15,29.09,gage_height_ft,Pajaro River at Chittenden
11159000,2023-03-11 04:30,29.09,gage_height_ft,Pajaro River at Chittenden
11159000,2023-03-11 04:45,29.09,gage_height_ft,Pajaro River at Chittenden
11159000,2023-03-11 05:00,29.09,gage_height_ft,Pajaro River at Chittenden
11159000,2023-03-11 05:15,29.07,gage_height_ft,Pajaro River at Chittenden
11159000,2023-03-11 05:30,29.09,gage_height_ft,Pajaro River at Chittenden
11159000,2023-03-11 05:45,29.09,gage_height_ft,Pajaro River at Chittenden
11159000,2023-03-11 06:00,29.09,gage_height_ft,Pajaro River at Chittenden
11159000,2023-03-11 07:00,29.07,gage_height_ft,Pajaro River at Chittenden
11159000,2023-03-11 07:45,29.09,gage_height_ft,Pajaro River at Chittenden
11159000,2023-03-11 08:15,29.07,gage_height_ft,Pajaro River at Chittenden
11159000,2023-03-11 08:30,29.08,gage_height_ft,Pajaro River at Chittenden
11159000,2023-03-11 08:45,29.08,gage_height_ft,Pajaro River at Chittenden
11159000,2023-03-11 09:15,29.04,gage_height_ft,Pajaro River at Chittenden
11159000,2023-03-11 10:00,29.0,gage_height_ft,Pajaro River at Chittenden
11159000,2023-03-11 10:45,28.95,gage_height_ft,Pajaro River at Chittenden
11159000,2023-03-11 11:00,28.94,gage_height_ft,Pajaro River at Chittenden
11159000,2023-03-11 11:15,28.91,gage_height_ft,Pajaro River at Chittenden
11159000,2023-03-11 11:45,28.9,gage_height_ft,Pajaro River at Chittenden
11159000,2023-03-11 12:00,28.87,gage_height_ft,Pajaro River at Chittenden
11159000,2023-03-11 12:30,28.85,gage_height_ft,Pajaro River at Chittenden
11159000,2023-03-11 13:45,28.76,gage_height_ft,Pajaro River at Chittenden
11159000,2023-03-11 14:00,28.75,gage_height_ft,Pajaro River at Chittenden
11159000,2023-03-11 14:15,28.75,gage_height_ft,Pajaro River at Chittenden
11159000,2023-03-11 14:30,28.74,gage_height_ft,Pajaro River at Chittenden
11159000,2023-03-11 16:15,28.66,gage_height_ft,Pajaro River at Chittenden
11159000,2023-03-11 16:30,28.64,gage_height_ft,Pajaro River at Chittenden
11159000,2023-03-11 16:45,28.62,gage_height_ft,Pajaro River at Chittenden
11159000,2023-03-11 17:00,28.62,gage_height_ft,Pajaro River at Chittenden
11159000,2023-03-11 17:15,28.61,gage_height_ft,Pajaro River at Chittenden
11159000,2023-03-11 17:30,28.57,gage_height_ft,Pajaro River at Chittenden
11159000,2023-03-11 17:45,28.59,gage_height_ft,Pajaro River at Chittenden
11159000,2023-03-11 18:00,28.58,gage_height_ft,Pajaro River at Chittenden
11159000,2023-03-11 18:30,28.5,gage_height_ft,Pajaro River at Chittenden
11159000,2023-03-11 18:45,28.5,gage_height_ft,Pajaro River at Chittenden
11159000,2023-03-11 19:00,28.44,gage_height_ft,Pajaro River at Chittenden
11159000,2023-03-11 19:15,28.38,gage_height_ft,Pajaro River at Chittenden
11159000,2023-03-11 19:30,28.38,gage_height_ft,Pajaro River at Chittenden
11159000,2023-03-11 19:45,28.41,gage_height_ft,Pajaro River at Chittenden
11159000,2023-03-11 20:00,28.32,gage_height_ft,Pajaro River at Chittenden
11159000,2023-03-11 20:15,28.32,gage_height_ft,Pajaro River at Chittenden
11159000,2023-03-11 20:30,28.34,gage_height_ft,Pajaro River at Chittenden
11159000,2023-03-11 20:45,28.32,gage_height_ft,Pajaro River at Chittenden
11159000,2023-03-11 21:15,28.25,gage_height_ft,Pajaro River at Chittenden
11159000,2023-03-11 21:45,28.22,gage_height_ft,Pajaro River at Chittenden
11159000,2023-03-11 22:00,28.23,gage_height_ft,Pajaro River at Chittenden
11159000,2023-03-11 23:30,28.05,gage_height_ft,Pajaro River at Chittenden
11159000,2023-03-12 00:30,27.98,gage_height_ft,Pajaro River at Chittenden
11159000,2023-03-12 00:45,27.96,gage_height_ft,Pajaro River at Chittenden
11159000,2023-03-12 03:00,27.86,gage_height_ft,Pajaro River at Chittenden
11159000,2023-03-12 03:15,27.81,gage_height_ft,Pajaro River at Chittenden
11159000,2023-03-12 04:00,27.73,gage_height_ft,Pajaro River at Chittenden
11159000,2023-03-12 04:15,27.67,gage_height_ft,Pajaro River at Chittenden
11159000,2023-03-12 04:30,27.67,gage_height_ft,Pajaro River at Chittenden
11159000,2023-03-12 04:45,27.64,gage_height_ft,Pajaro River at Chittenden
11159000,2023-03-12 05:00,27.63,gage_height_ft,Pajaro River at Chittenden
11159000,2023-03-12 05:30,27.52,gage_height_ft,Pajaro River at Chittenden
11159000,2023-03-12 05:45,27.45,gage_height_ft,Pajaro River at Chittenden
11159000,2023-03-12 06:00,27.45,gage_height_ft,Pajaro River at Chittenden
11159000,2023-03-12 06:15,27.43,gage_height_ft,Pajaro River at Chittenden
11159000,2023-03-12 06:30,27.41,gage_height_ft,Pajaro River at Chittenden
11159000,2023-03-12 06:45,27.35,gage_height_ft,Pajaro River at Chittenden
11159000,2023-03-12 07:00,27.35,gage_height_ft,Pajaro River at Chittenden
11159000,2023-03-12 07:15,27.26,gage_height_ft,Pajaro River at Chittenden
11159000,2023-03-12 07:45,27.21,gage_height_ft,Pajaro River at Chittenden
11159000,2023-03-12 08:00,27.21,gage_height_ft,Pajaro River at Chittenden
11159000,2023-03-12 08:15,27.12,gage_height_ft,Pajaro River at Chittenden
11159000,2023-03-12 08:30,27.07,gage_height_ft,Pajaro River at Chittenden
11159000,2023-03-12 08:45,27.11,gage_height_ft,Pajaro River at Chittenden
11159000,2023-03-12 09:00,27.04,gage_height_ft,Pajaro River at Chittenden
11159000,2023-03-12 09:15,27.04,gage_height_ft,Pajaro River at Chittenden
11159000,2023-03-12 09:30,26.96,gage_height_ft,Pajaro River at Chittenden
11159000,2023-03-12 09:45,26.93,gage_height_ft,Pajaro River at Chittenden
11159000,2023-03-12 10:00,26.92,gage_height_ft,Pajaro River at Chittenden
11159000,2023-03-12 10:15,26.84,gage_height_ft,Pajaro River at Chittenden
11159000,2023-03-12 10:30,26.79,gage_height_ft,Pajaro River at Chittenden
11159000,2023-03-12 10:45,26.75,gage_height_ft,Pajaro River at Chittenden
11159000,2023-03-12 11:00,26.72,gage_height_ft,Pajaro River at Chittenden
11159000,2023-03-12 11:30,26.66,gage_height_ft,Pajaro River at Chittenden
11159000,2023-03-12 11:45,26.59,gage_height_ft,Pajaro River at Chittenden
11159000,2023-03-12 12:00,26.6,gage_height_ft,Pajaro River at Chittenden
11159000,2023-03-12 12:15,26.54,gage_height_ft,Pajaro River at Chittenden
11159000,2023-03-12 12:30,26.5,gage_height_ft,Pajaro River at Chittenden
11159000,2023-03-12 12:45,26.47,gage_height_ft,Pajaro River at Chittenden
11159000,2023-03-12 13:00,26.43,gage_height_ft,Pajaro River at Chittenden
11159000,2023-03-12 13:15,26.38,gage_height_ft,Pajaro River at Chittenden
11159000,2023-03-12 13:30,26.35,gage_height_ft,Pajaro River at Chittenden
11159000,2023-03-12 13:45,26.29,gage_height_ft,Pajaro River at Chittenden
11159000,2023-03-12 14:00,26.28,gage_height_ft,Pajaro River at Chittenden
11159000,2023-03-12 14:15,26.23,gage_height_ft,Pajaro River at Chittenden
11159000,2023-03-12 14:30,26.2,gage_height_ft,Pajaro River at Chittenden
11159000,2023-03-12 14:45,26.14,gage_height_ft,Pajaro River at Chittenden
11159000,2023-03-12 15:00,26.12,gage_height_ft,Pajaro River at Chittenden
11159000,2023-03-12 15:15,26.07,gage_height_ft,Pajaro River at Chittenden
11159000,2023-03-12 15:30,26.05,gage_height_ft,Pajaro River at Chittenden
11159000,2023-03-12 15:45,26.0,gage_height_ft,Pajaro River at Chittenden
11159000,2023-03-12 16:00,25.99,gage_height_ft,Pajaro River at Chittenden
11159000,2023-03-12 16:15,25.92,gage_height_ft,Pajaro River at Chittenden
11159000,2023-03-12 16:30,25.87,gage_height_ft,Pajaro River at Chittenden
11159000,2023-03-12 16:45,25.87,gage_height_ft,Pajaro River at Chittenden
11159000,2023-03-12 17:00,25.77,gage_height_ft,Pajaro River at Chittenden
11159000,2023-03-12 17:15,25.72,gage_height_ft,Pajaro River at Chittenden
11159000,2023-03-12 17:30,25.68,gage_height_ft,Pajaro River at Chittenden
11159000,2023-03-12 17:45,25.64,gage_height_ft,Pajaro River at Chittenden
11159000,2023-03-12 18:00,25.6,gage_height_ft,Pajaro River at Chittenden
11159000,2023-03-12 18:15,25.64,gage_height_ft,Pajaro River at Chittenden
11159000,2023-03-12 18:30,25.51,gage_height_ft,Pajaro River at Chittenden
11159000,2023-03-12 18:45,25.53,gage_height_ft,Pajaro River at Chittenden
11159000,2023-03-12 19:00,25.46,gage_height_ft,Pajaro River at Chittenden
11159000,2023-03-12 19:15,25.46,gage_height_ft,Pajaro River at Chittenden
11159000,2023-03-12 19:30,25.34,gage_height_ft,Pajaro River at Chittenden
11159000,2023-03-12 19:45,25.31,gage_height_ft,Pajaro River at Chittenden
11159000,2023-03-12 20:00,25.33,gage_height_ft,Pajaro River at Chittenden
11159000,2023-03-12 20:15,25.28,gage_height_ft,Pajaro River at Chittenden
11159000,2023-03-12 20:30,25.19,gage_height_ft,Pajaro River at Chittenden
11159000,2023-03-12 20:45,25.15,gage_height_ft,Pajaro River at Chittenden
11159000,2023-03-12 21:00,25.15,gage_height_ft,Pajaro River at Chittenden
11159000,2023-03-12 21:15,25.06,gage_height_ft,Pajaro River at Chittenden
11159000,2023-03-12 21:30,25.03,gage_height_ft,Pajaro River at Chittenden
11159000,2023-03-12 21:45,24.98,gage_height_ft,Pajaro River at Chittenden
11159000,2023-03-12 22:00,24.95,gage_height_ft,Pajaro River at Chittenden
11159000,2023-03-12 22:15,24.89,gage_height_ft,Pajaro River at Chittenden
11159000,2023-03-12 22:30,24.85,gage_height_ft,Pajaro River at Chittenden
11159000,2023-03-12 22:45,24.81,gage_height_ft,Pajaro River at Chittenden
11159000,2023-03-12 23:00,24.85,gage_height_ft,Pajaro River at Chittenden
11159000,2023-03-12 23:15,24.77,gage_height_ft,Pajaro River at Chittenden
11159000,2023-03-12 23:30,24.74,gage_height_ft,Pajaro River at Chittenden
11159000,2023-03-12 23:45,24.69,gage_height_ft,Pajaro River at Chittenden
11159000,2023-03-13 00:00,24.63,gage_height_ft,Pajaro River at Chittenden
11159000,2023-03-13 00:15,24.59,gage_height_ft,Pajaro River at Chittenden
11159000,2023-03-13 00:30,24.55,gage_height_ft,Pajaro River at Chittenden
11159000,2023-03-13 00:45,24.5,gage_height_ft,Pajaro River at Chittenden
11159000,2023-03-13 01:00,24.48,gage_height_ft,Pajaro River at Chittenden
11159000,2023-03-13 01:15,24.4,gage_height_ft,Pajaro River at Chittenden
11159000,2023-03-13 01:30,24.39,gage_height_ft,Pajaro River at Chittenden
11159000,2023-03-13 01:45,24.35,gage_height_ft,Pajaro River at Chittenden
11159000,2023-03-13 02:00,24.31,gage_height_ft,Pajaro River at Chittenden
11159000,2023-03-13 02:30,24.19,gage_height_ft,Pajaro River at Chittenden
11159000,2023-03-13 02:45,24.16,gage_height_ft,Pajaro River at Chittenden
11159000,2023-03-13 03:15,24.08,gage_height_ft,Pajaro River at Chittenden
11159000,2023-03-13 03:30,24.03,gage_height_ft,Pajaro River at Chittenden
11159000,2023-03-13 03:45,23.98,gage_height_ft,Pajaro River at Chittenden
11159000,2023-03-13 04:00,23.98,gage_height_ft,Pajaro River at Chittenden
11159000,2023-03-13 04:15,23.9,gage_height_ft,Pajaro River at Chittenden
11159000,2023-03-13 04:30,23.86,gage_height_ft,Pajaro River at Chittenden
11159000,2023-03-13 04:45,23.8,gage_height_ft,Pajaro River at Chittenden
11159000,2023-03-13 05:00,23.76,gage_height_ft,Pajaro River at Chittenden
11159000,2023-03-13 05:30,23.73,gage_height_ft,Pajaro River at Chittenden
11159000,2023-03-13 06:00,23.65,gage_height_ft,Pajaro River at Chittenden
11159000,2023-03-13 06:15,23.61,gage_height_ft,Pajaro River at Chittenden
11159000,2023-03-13 06:45,23.54,gage_height_ft,Pajaro River at Chittenden
11159000,2023-03-13 07:00,23.47,gage_height_ft,Pajaro River at Chittenden
11159000,2023-03-13 07:15,23.43,gage_height_ft,Pajaro River at Chittenden
11159000,2023-03-13 07:30,23.39,gage_height_ft,Pajaro River at Chittenden
11159000,2023-03-13 07:45,23.35,gage_height_ft,Pajaro River at Chittenden
11159000,2023-03-13 08:00,23.32,gage_height_ft,Pajaro River at Chittenden
11159000,2023-03-13 08:15,23.24,gage_height_ft,Pajaro River at Chittenden
11159000,2023-03-13 08:30,23.22,gage_height_ft,Pajaro River at Chittenden
11159000,2023-03-13 08:45,23.16,gage_height_ft,Pajaro River at Chittenden
11159000,2023-03-13 09:00,23.12,gage_height_ft,Pajaro River at Chittenden
11159000,2023-03-13 09:30,23.02,gage_height_ft,Pajaro River at Chittenden
11159000,2023-03-13 09:45,22.98,gage_height_ft,Pajaro River at Chittenden
11159000,2023-03-13 10:15,22.9,gage_height_ft,Pajaro River at Chittenden
11159000,2023-03-13 10:45,22.81,gage_height_ft,Pajaro River at Chittenden
11159000,2023-03-13 11:00,22.77,gage_height_ft,Pajaro River at Chittenden
11159000,2023-03-13 11:30,22.68,gage_height_ft,Pajaro River at Chittenden
11159000,2023-03-13 11:45,22.62,gage_height_ft,Pajaro River at Chittenden
11159000,2023-03-13 12:00,22.55,gage_height_ft,Pajaro River at Chittenden
11159000,2023-03-13 12:15,22.52,gage_height_ft,Pajaro River at Chittenden
11159000,2023-03-13 12:45,22.45,gage_height_ft,Pajaro River at Chittenden
11159000,2023-03-13 13:00,22.38,gage_height_ft,Pajaro River at Chittenden
11159000,2023-03-13 13:15,22.34,gage_height_ft,Pajaro River at Chittenden
11159000,2023-03-13 13:30,22.3,gage_height_ft,Pajaro River at Chittenden
11159000,2023-03-13 13:45,22.24,gage_height_ft,Pajaro River at Chittenden
11159000,2023-03-13 14:00,22.23,gage_height_ft,Pajaro River at Chittenden
11159000,2023-03-13 14:15,22.16,gage_height_ft,Pajaro River at Chittenden
11159000,2023-03-13 14:30,22.13,gage_height_ft,Pajaro River at Chittenden
11159000,2023-03-13 14:45,22.08,gage_height_ft,Pajaro River at Chittenden
11159000,2023-03-13 15:00,22.02,gage_height_ft,Pajaro River at Chittenden
11159000,2023-03-13 15:30,21.93,gage_height_ft,Pajaro River at Chittenden
11159000,2023-03-13 15:45,21.92,gage_height_ft,Pajaro River at Chittenden
11159000,2023-03-13 16:00,21.84,gage_height_ft,Pajaro River at Chittenden
11159000,2023-03-13 16:15,21.81,gage_height_ft,Pajaro River at Chittenden
11159000,2023-03-13 16:30,21.74,gage_height_ft,Pajaro River at Chittenden
11159000,2023-03-13 16:45,21.71,gage_height_ft,Pajaro River at Chittenden
11159000,2023-03-13 17:00,21.65,gage_height_ft,Pajaro River at Chittenden
11159000,2023-03-13 17:15,21.58,gage_height_ft,Pajaro River at Chittenden
11159000,2023-03-13 17:30,21.55,gage_height_ft,Pajaro River at Chittenden
11159000,2023-03-13 17:45,21.51,gage_height_ft,Pajaro River at Chittenden
11159000,2023-03-13 18:00,21.46,gage_height_ft,Pajaro River at Chittenden
11159000,2023-03-13 18:30,21.37,gage_height_ft,Pajaro River at Chittenden
11159000,2023-03-13 19:00,21.26,gage_height_ft,Pajaro River at Chittenden
11159000,2023-03-13 19:15,21.21,gage_height_ft,Pajaro River at Chittenden
11159000,2023-03-13 19:30,21.16,gage_height_ft,Pajaro River at Chittenden
11159000,2023-03-13 19:45,21.11,gage_height_ft,Pajaro River at Chittenden
11159000,2023-03-13 20:00,21.07,gage_height_ft,Pajaro River at Chittenden
11159000,2023-03-13 20:15,21.01,gage_height_ft,Pajaro River at Chittenden
11159000,2023-03-13 20:30,21.01,gage_height_ft,Pajaro River at Chittenden
11159000,2023-03-13 20:45,20.9,gage_height_ft,Pajaro River at Chittenden
11159000,2023-03-13 21:00,20.87,gage_height_ft,Pajaro River at Chittenden
11159000,2023-03-13 21:15,20.82,gage_height_ft,Pajaro River at Chittenden
11159000,2023-03-13 21:30,20.77,gage_height_ft,Pajaro River at Chittenden
11159000,2023-03-13 21:45,20.78,gage_height_ft,Pajaro River at Chittenden
11159000,2023-03-13 22:00,20.66,gage_height_ft,Pajaro River at Chittenden
11159000,2023-03-13 22:15,20.66,gage_height_ft,Pajaro River at Chittenden
11159000,2023-03-13 22:30,20.55,gage_height_ft,Pajaro River at Chittenden
11159000,2023-03-13 22:45,20.5,gage_height_ft,Pajaro River at Chittenden
11159000,2023-03-13 23:00,20.45,gage_height_ft,Pajaro River at Chittenden
11159000,2023-03-13 23:15,20.42,gage_height_ft,Pajaro River at Chittenden
11159000,2023-03-13 23:30,20.35,gage_height_ft,Pajaro River at Chittenden
11159000,2023-03-13 23:45,20.35,gage_height_ft,Pajaro River at Chittenden
11159000,2023-03-14 00:00,20.35,gage_height_ft,Pajaro River at Chittenden
11159000,2023-03-14 00:15,20.2,gage_height_ft,Pajaro River at Chittenden
11159000,2023-03-14 00:30,20.16,gage_height_ft,Pajaro River at Chittenden
11159000,2023-03-14 00:45,20.12,gage_height_ft,Pajaro River at Chittenden
11159000,2023-03-14 01:00,20.09,gage_height_ft,Pajaro River at Chittenden
11159000,2023-03-14 01:15,20.02,gage_height_ft,Pajaro River at Chittenden
11159000,2023-03-14 01:30,19.96,gage_height_ft,Pajaro River at Chittenden
11159000,2023-03-14 02:00,19.88,gage_height_ft,Pajaro River at Chittenden
11159000,2023-03-14 02:30,19.77,gage_height_ft,Pajaro River at Chittenden
11159000,2023-03-14 02:45,19.72,gage_height_ft,Pajaro River at Chittenden
11159000,2023-03-14 03:15,19.63,gage_height_ft,Pajaro River at Chittenden
11159000,2023-03-14 03:30,19.57,gage_height_ft,Pajaro River at Chittenden
11159000,2023-03-14 03:45,19.53,gage_height_ft,Pajaro River at Chittenden
11159000,2023-03-14 04:00,19.51,gage_height_ft,Pajaro River at Chittenden
11159000,2023-03-14 04:15,19.43,gage_height_ft,Pajaro River at Chittenden
11159000,2023-03-14 04:30,19.39,gage_height_ft,Pajaro River at Chittenden
11159000,2023-03-14 05:00,19.29,gage_height_ft,Pajaro River at Chittenden
11159000,2023-03-14 05:15,19.25,gage_height_ft,Pajaro River at Chittenden
11159000,2023-03-14 05:45,19.15,gage_height_ft,Pajaro River at Chittenden
11159000,2023-03-14 06:00,19.1,gage_height_ft,Pajaro River at Chittenden
11159000,2023-03-14 06:15,19.05,gage_height_ft,Pajaro River at Chittenden
11159000,2023-03-14 06:30,19.01,gage_height_ft,Pajaro River at Chittenden
11159000,2023-03-14 06:45,18.98,gage_height_ft,Pajaro River at Chittenden
11159000,2023-03-14 07:00,18.96,gage_height_ft,Pajaro River at Chittenden
11159000,2023-03-14 07:15,18.89,gage_height_ft,Pajaro River at Chittenden
11159000,2023-03-14 07:30,18.85,gage_height_ft,Pajaro River at Chittenden
11159000,2023-03-14 08:00,18.78,gage_height_ft,Pajaro River at Chittenden
11159000,2023-03-14 08:30,18.72,gage_height_ft,Pajaro River at Chittenden
11159000,2023-03-14 08:45,18.69,gage_height_ft,Pajaro River at Chittenden
11159000,2023-03-14 09:00,18.67,gage_height_ft,Pajaro River at Chittenden
11159000,2023-03-14 09:15,18.66,gage_height_ft,Pajaro River at Chittenden
11159000,2023-03-14 09:30,18.63,gage_height_ft,Pajaro River at Chittenden
11159000,2023-03-14 09:45,18.61,gage_height_ft,Pajaro River at Chittenden
11159000,2023-03-14 10:15,18.57,gage_height_ft,Pajaro River at Chittenden
11159000,2023-03-14 10:30,18.56,gage_height_ft,Pajaro River at Chittenden
11159000,2023-03-14 10:45,18.55,gage_height_ft,Pajaro River at Chittenden
11159000,2023-03-14 11:00,18.53,gage_height_ft,Pajaro River at Chittenden
11159000,2023-03-14 11:15,18.53,gage_height_ft,Pajaro River at Chittenden
11159000,2023-03-14 11:30,18.53,gage_height_ft,Pajaro River at Chittenden
11159000,2023-03-14 11:45,18.52,gage_height_ft,Pajaro River at Chittenden
11159000,2023-03-14 12:00,18.51,gage_height_ft,Pajaro River at Chittenden
11159000,2023-03-14 12:15,18.51,gage_height_ft,Pajaro River at Chittenden
11159000,2023-03-14 12:30,18.48,gage_height_ft,Pajaro River at Chittenden
11159000,2023-03-14 12:45,18.47,gage_height_ft,Pajaro River at Chittenden
11159000,2023-03-14 13:00,18.44,gage_height_ft,Pajaro River at Chittenden
11159000,2023-03-14 13:15,18.42,gage_height_ft,Pajaro River at Chittenden
11159000,2023-03-14 13:45,18.36,gage_height_ft,Pajaro River at Chittenden
11159000,2023-03-14 14:00,18.34,gage_height_ft,Pajaro River at Chittenden
11159000,2023-03-14 14:15,18.27,gage_height_ft,Pajaro River at Chittenden
11159000,2023-03-14 14:30,18.24,gage_height_ft,Pajaro River at Chittenden
11159000,2023-03-14 14:45,18.22,gage_height_ft,Pajaro River at Chittenden
11159000,2023-03-14 15:15,18.17,gage_height_ft,Pajaro River at Chittenden
11159000,2023-03-14 15:30,18.15,gage_height_ft,Pajaro River at Chittenden
11159000,2023-03-14 15:45,18.13,gage_height_ft,Pajaro River at Chittenden
11159000,2023-03-14 16:15,18.08,gage_height_ft,Pajaro River at Chittenden
11159000,2023-03-14 16:30,18.06,gage_height_ft,Pajaro River at Chittenden
11159000,2023-03-14 16:45,18.05,gage_height_ft,Pajaro River at Chittenden
11159000,2023-03-14 17:00,18.04,gage_height_ft,Pajaro River at Chittenden
11159000,2023-03-14 17:15,18.02,gage_height_ft,Pajaro River at Chittenden
11159000,2023-03-14 17:30,18.02,gage_height_ft,Pajaro River at Chittenden
11159000,2023-03-14 17:45,18.02,gage_height_ft,Pajaro River at Chittenden
11159000,2023-03-14 18:00,18.02,gage_height_ft,Pajaro River at Chittenden
11159000,2023-03-14 18:15,18.03,gage_height_ft,Pajaro River at Chittenden
11159000,2023-03-14 18:30,18.04,gage_height_ft,Pajaro River at Chittenden
11159000,2023-03-14 19:00,18.08,gage_height_ft,Pajaro River at Chittenden
11159000,2023-03-14 19:15,18.09,gage_height_ft,Pajaro River at Chittenden
11159000,2023-03-14 19:30,18.11,gage_height_ft,Pajaro River at Chittenden
11159000,2023-03-14 19:45,18.12,gage_height_ft,Pajaro River at Chittenden
11159000,2023-03-14 20:00,18.14,gage_height_ft,Pajaro River at Chittenden
11159000,2023-03-14 20:15,18.17,gage_height_ft,Pajaro River at Chittenden
11159000,2023-03-14 20:30,18.19,gage_height_ft,Pajaro River at Chittenden
11159000,2023-03-14 20:45,18.21,gage_height_ft,Pajaro River at Chittenden
11159000,2023-03-14 21:00,18.23,gage_height_ft,Pajaro River at Chittenden
11159000,2023-03-14 21:15,18.29,gage_height_ft,Pajaro River at Chittenden
11159000,2023-03-14 21:30,18.34,gage_height_ft,Pajaro River at Chittenden
11159000,2023-03-14 21:45,18.37,gage_height_ft,Pajaro River at Chittenden
11159000,2023-03-14 22:15,18.47,gage_height_ft,Pajaro River at Chittenden
11159000,2023-03-14 22:30,18.51,gage_height_ft,Pajaro River at Chittenden
11159000,2023-03-14 22:45,18.54,gage_height_ft,Pajaro River at Chittenden
11159000,2023-03-14 23:00,18.57,gage_height_ft,Pajaro River at Chittenden
11159000,2023-03-14 23:15,18.6,gage_height_ft,Pajaro River at Chittenden
11159000,2023-03-14 23:30,18.62,gage_height_ft,Pajaro River at Chittenden
11159000,2023-03-14 23:45,18.65,gage_height_ft,Pajaro River at Chittenden
11159000,2023-03-15 00:00,18.68,gage_height_ft,Pajaro River at Chittenden
11159000,2023-03-15 00:30,18.73,gage_height_ft,Pajaro River at Chittenden
11159000,2023-03-15 00:45,18.76,gage_height_ft,Pajaro River at Chittenden
11159000,2023-03-15 01:15,18.81,gage_height_ft,Pajaro River at Chittenden
11159000,2023-03-15 01:45,18.86,gage_height_ft,Pajaro River at Chittenden
11159000,2023-03-15 02:15,18.93,gage_height_ft,Pajaro River at Chittenden
11159000,2023-03-15 02:30,18.95,gage_height_ft,Pajaro River at Chittenden
11159000,2023-03-15 02:45,18.97,gage_height_ft,Pajaro River at Chittenden
11159000,2023-03-15 03:00,18.99,gage_height_ft,Pajaro River at Chittenden
11159000,2023-03-15 03:15,19.03,gage_height_ft,Pajaro River at Chittenden
11159000,2023-03-15 03:30,19.05,gage_height_ft,Pajaro River at Chittenden
11159000,2023-03-15 03:45,19.07,gage_height_ft,Pajaro River at Chittenden
11159000,2023-03-15 04:00,19.1,gage_height_ft,Pajaro River at Chittenden
11159000,2023-03-15 04:15,19.1,gage_height_ft,Pajaro River at Chittenden
11159000,2023-03-15 04:30,19.13,gage_height_ft,Pajaro River at Chittenden
11159000,2023-03-15 04:45,19.16,gage_height_ft,Pajaro River at Chittenden
11159000,2023-03-15 05:00,19.15,gage_height_ft,Pajaro River at Chittenden
11159000,2023-03-15 05:15,19.18,gage_height_ft,Pajaro River at Chittenden
11159000,2023-03-15 05:30,19.18,gage_height_ft,Pajaro River at Chittenden
11159000,2023-03-15 05:45,19.22,gage_height_ft,Pajaro River at Chittenden
11159000,2023-03-15 06:00,19.22,gage_height_ft,Pajaro River at Chittenden
11159000,2023-03-15 06:15,19.24,gage_height_ft,Pajaro River at Chittenden
11159000,2023-03-15 06:30,19.25,gage_height_ft,Pajaro River at Chittenden
11159000,2023-03-15 06:45,19.27,gage_height_ft,Pajaro River at Chittenden
11159000,2023-03-15 07:00,19.28,gage_height_ft,Pajaro River at Chittenden
11159000,2023-03-15 07:15,19.28,gage_height_ft,Pajaro River at Chittenden
11159000,2023-03-15 07:30,19.32,gage_height_ft,Pajaro River at Chittenden
11159000,2023-03-15 07:45,19.35,gage_height_ft,Pajaro River at Chittenden
11159000,2023-03-15 08:00,19.38,gage_height_ft,Pajaro River at Chittenden
11159000,2023-03-15 08:15,19.41,gage_height_ft,Pajaro River at Chittenden
11159000,2023-03-15 08:45,19.45,gage_height_ft,Pajaro River at Chittenden
11159000,2023-03-15 09:00,19.47,gage_height_ft,Pajaro River at Chittenden
11159000,2023-03-15 09:15,19.49,gage_height_ft,Pajaro River at Chittenden
11159000,2023-03-15 09:30,19.51,gage_height_ft,Pajaro River at Chittenden
11159000,2023-03-15 09:45,19.53,gage_height_ft,Pajaro River at Chittenden
11159000,2023-03-15 10:00,19.54,gage_height_ft,Pajaro River at Chittenden
11159000,2023-03-15 10:30,19.56,gage_height_ft,Pajaro River at Chittenden
11159000,2023-03-15 10:45,19.55,gage_height_ft,Pajaro River at Chittenden
11159000,2023-03-15 11:00,19.55,gage_height_ft,Pajaro River at Chittenden
11159000,2023-03-15 11:15,19.54,gage_height_ft,Pajaro River at Chittenden
11159000,2023-03-15 11:30,19.54,gage_height_ft,Pajaro River at Chittenden
11159000,2023-03-15 11:45,19.53,gage_height_ft,Pajaro River at Chittenden
11159000,2023-03-15 12:00,19.5,gage_height_ft,Pajaro River at Chittenden
11159000,2023-03-15 12:15,19.49,gage_height_ft,Pajaro River at Chittenden
11159000,2023-03-15 12:45,19.46,gage_height_ft,Pajaro River at Chittenden
11159000,2023-03-15 13:00,19.44,gage_height_ft,Pajaro River at Chittenden
11159000,2023-03-15 13:15,19.41,gage_height_ft,Pajaro River at Chittenden
11159000,2023-03-15 13:30,19.39,gage_height_ft,Pajaro River at Chittenden
11159000,2023-03-15 13:45,19.37,gage_height_ft,Pajaro River at Chittenden
11159000,2023-03-15 14:00,19.34,gage_height_ft,Pajaro River at Chittenden
11159000,2023-03-15 14:30,19.3,gage_height_ft,Pajaro River at Chittenden
11159000,2023-03-15 14:45,19.27,gage_height_ft,Pajaro River at Chittenden
11159000,2023-03-15 15:00,19.25,gage_height_ft,Pajaro River at Chittenden
11159000,2023-03-15 15:15,19.22,gage_height_ft,Pajaro River at Chittenden
11159000,2023-03-15 15:30,19.19,gage_height_ft,Pajaro River at Chittenden
11159000,2023-03-15 15:45,19.18,gage_height_ft,Pajaro River at Chittenden
11159000,2023-03-15 16:15,19.12,gage_height_ft,Pajaro River at Chittenden
11159000,2023-03-15 16:30,19.1,gage_height_ft,Pajaro River at Chittenden
11159000,2023-03-15 16:45,19.08,gage_height_ft,Pajaro River at Chittenden
11159000,2023-03-15 17:00,19.07,gage_height_ft,Pajaro River at Chittenden
11159000,2023-03-15 17:15,19.02,gage_height_ft,Pajaro River at Chittenden
11159000,2023-03-15 17:30,19.0,gage_height_ft,Pajaro River at Chittenden
11159000,2023-03-15 17:45,18.98,gage_height_ft,Pajaro River at Chittenden
11159000,2023-03-15 18:00,18.96,gage_height_ft,Pajaro River at Chittenden
11159000,2023-03-15 18:15,18.96,gage_height_ft,Pajaro River at Chittenden
11159000,2023-03-15 18:30,18.93,gage_height_ft,Pajaro River at Chittenden
11159000,2023-03-15 18:45,18.9,gage_height_ft,Pajaro River at Chittenden
11159000,2023-03-15 19:00,18.87,gage_height_ft,Pajaro River at Chittenden
11159000,2023-03-15 19:15,18.86,gage_height_ft,Pajaro River at Chittenden
11159000,2023-03-15 19:30,18.85,gage_height_ft,Pajaro River at Chittenden
11159000,2023-03-15 19:45,18.82,gage_height_ft,Pajaro River at Chittenden
11159000,2023-03-15 20:00,18.81,gage_height_ft,Pajaro River at Chittenden
11159000,2023-03-15 20:15,18.79,gage_height_ft,Pajaro River at Chittenden
11159000,2023-03-15 20:30,18.79,gage_height_ft,Pajaro River at Chittenden
11159000,2023-03-15 20:45,18.75,gage_height_ft,Pajaro River at Chittenden
11159000,2023-03-15 21:00,18.75,gage_height_ft,Pajaro River at Chittenden
11159000,2023-03-15 21:15,18.73,gage_height_ft,Pajaro River at Chittenden
11159000,2023-03-15 21:30,18.7,gage_height_ft,Pajaro River at Chittenden
11159000,2023-03-15 21:45,18.7,gage_height_ft,Pajaro River at Chittenden
11159000,2023-03-15 22:00,18.68,gage_height_ft,Pajaro River at Chittenden
11159000,2023-03-15 22:15,18.67,gage_height_ft,Pajaro River at Chittenden
11159000,2023-03-15 22:30,18.65,gage_height_ft,Pajaro River at Chittenden
11159000,2023-03-15 22:45,18.64,gage_height_ft,Pajaro River at Chittenden
11159000,2023-03-15 23:00,18.64,gage_height_ft,Pajaro River at Chittenden
11159000,2023-03-15 23:15,18.62,gage_height_ft,Pajaro River at Chittenden
11159000,2023-03-15 23:30,18.62,gage_height_ft,Pajaro River at Chittenden
11159000,2023-03-15 23:45,18.59,gage_height_ft,Pajaro River at Chittenden
11159000,2023-03-16 00:00,18.58,gage_height_ft,Pajaro River at Chittenden
11159000,2023-03-16 00:15,18.57,gage_height_ft,Pajaro River at Chittenden
11159000,2023-03-16 00:30,18.55,gage_height_ft,Pajaro River at Chittenden
11159000,2023-03-16 00:45,18.54,gage_height_ft,Pajaro River at Chittenden
11159000,2023-03-16 01:00,18.52,gage_height_ft,Pajaro River at Chittenden
11159000,2023-03-16 01:15,18.52,gage_height_ft,Pajaro River at Chittenden
11159000,2023-03-16 01:30,18.5,gage_height_ft,Pajaro River at Chittenden
11159000,2023-03-16 01:45,18.49,gage_height_ft,Pajaro River at Chittenden
11159000,2023-03-16 02:15,18.46,gage_height_ft,Pajaro River at Chittenden
11159000,2023-03-16 02:30,18.45,gage_height_ft,Pajaro River at Chittenden
11159000,2023-03-16 02:45,18.43,gage_height_ft,Pajaro River at Chittenden
11159000,2023-03-16 03:00,18.41,gage_height_ft,Pajaro River at Chittenden
11159000,2023-03-16 03:15,18.39,gage_height_ft,Pajaro River at Chittenden
11159000,2023-03-16 03:30,18.38,gage_height_ft,Pajaro River at Chittenden
11159000,2023-03-16 03:45,18.36,gage_height_ft,Pajaro River at Chittenden
11159000,2023-03-16 04:00,18.35,gage_height_ft,Pajaro River at Chittenden
11159000,2023-03-16 04:30,18.3,gage_height_ft,Pajaro River at Chittenden
11159000,2023-03-16 04:45,18.28,gage_height_ft,Pajaro River at Chittenden
11159000,2023-03-16 05:00,18.26,gage_height_ft,Pajaro River at Chittenden
11159000,2023-03-16 05:15,18.24,gage_height_ft,Pajaro River at Chittenden
11159000,2023-03-16 05:30,18.22,gage_height_ft,Pajaro River at Chittenden
11159000,2023-03-16 05:45,18.2,gage_height_ft,Pajaro River at Chittenden
11159000,2023-03-16 06:00,18.18,gage_height_ft,Pajaro River at Chittenden
11159000,2023-03-16 06:15,18.15,gage_height_ft,Pajaro River at Chittenden
11159000,2023-03-16 06:30,18.13,gage_height_ft,Pajaro River at Chittenden
11159000,2023-03-16 06:45,18.11,gage_height_ft,Pajaro River at Chittenden
11159000,2023-03-16 07:00,18.09,gage_height_ft,Pajaro River at Chittenden
11159000,2023-03-16 07:15,18.06,gage_height_ft,Pajaro River at Chittenden
11159000,2023-03-16 07:30,18.04,gage_height_ft,Pajaro River at Chittenden
11159000,2023-03-16 07:45,18.04,gage_height_ft,Pajaro River at Chittenden
11159000,2023-03-16 08:00,18.0,gage_height_ft,Pajaro River at Chittenden
11159000,2023-03-16 08:15,17.98,gage_height_ft,Pajaro River at Chittenden
11159000,2023-03-16 08:30,17.93,gage_height_ft,Pajaro River at Chittenden
11159000,2023-03-16 08:45,17.92,gage_height_ft,Pajaro River at Chittenden
11159000,2023-03-16 09:15,17.86,gage_height_ft,Pajaro River at Chittenden
11159000,2023-03-16 09:30,17.83,gage_height_ft,Pajaro River at Chittenden
11159000,2023-03-16 09:45,17.81,gage_height_ft,Pajaro River at Chittenden
11159000,2023-03-16 10:00,17.79,gage_height_ft,Pajaro River at Chittenden
11159000,2023-03-16 10:30,17.74,gage_height_ft,Pajaro River at Chittenden
11159000,2023-03-16 11:00,17.67,gage_height_ft,Pajaro River at Chittenden
11159000,2023-03-16 11:30,17.61,gage_height_ft,Pajaro River at Chittenden
11159000,2023-03-16 11:45,17.59,gage_height_ft,Pajaro River at Chittenden
11159000,2023-03-16 12:00,17.56,gage_height_ft,Pajaro River at Chittenden
11159000,2023-03-16 12:15,17.54,gage_height_ft,Pajaro River at Chittenden
11159000,2023-03-16 12:30,17.5,gage_height_ft,Pajaro River at Chittenden
11159000,2023-03-16 12:45,17.48,gage_height_ft,Pajaro River at Chittenden
11159000,2023-03-16 13:00,17.43,gage_height_ft,Pajaro River at Chittenden
11159000,2023-03-16 13:15,17.41,gage_height_ft,Pajaro River at Chittenden
11159000,2023-03-16 13:30,17.38,gage_height_ft,Pajaro River at Chittenden
11159000,2023-03-16 14:00,17.33,gage_height_ft,Pajaro River at Chittenden
11159000,2023-03-16 14:15,17.29,gage_height_ft,Pajaro River at Chittenden
11159000,2023-03-16 14:30,17.26,gage_height_ft,Pajaro River at Chittenden
11159000,2023-03-16 14:45,17.26,gage_height_ft,Pajaro River at Chittenden
11159000,2023-03-16 15:00,17.2,gage_height_ft,Pajaro River at Chittenden
11159000,2023-03-16 15:15,17.19,gage_height_ft,Pajaro River at Chittenden
11159000,2023-03-16 15:45,17.12,gage_height_ft,Pajaro River at Chittenden
11159000,2023-03-16 16:00,17.09,gage_height_ft,Pajaro River at Chittenden
11159000,2023-03-16 16:15,17.06,gage_height_ft,Pajaro River at Chittenden
11159000,2023-03-16 16:30,17.04,gage_height_ft,Pajaro River at Chittenden
11159000,2023-03-16 16:45,17.0,gage_height_ft,Pajaro River at Chittenden
11159000,2023-03-16 17:00,16.98,gage_height_ft,Pajaro River at Chittenden
11159000,2023-03-16 17:15,16.94,gage_height_ft,Pajaro River at Chittenden
11159000,2023-03-16 17:30,16.9,gage_height_ft,Pajaro River at Chittenden
11159000,2023-03-16 17:45,16.88,gage_height_ft,Pajaro River at Chittenden
11159000,2023-03-16 18:00,16.85,gage_height_ft,Pajaro River at Chittenden
11159000,2023-03-16 18:15,16.82,gage_height_ft,Pajaro River at Chittenden
11159000,2023-03-16 18:30,16.78,gage_height_ft,Pajaro River at Chittenden
11159000,2023-03-16 18:45,16.75,gage_height_ft,Pajaro River at Chittenden
11159000,2023-03-16 19:00,16.72,gage_height_ft,Pajaro River at Chittenden
11159000,2023-03-16 19:15,16.69,gage_height_ft,Pajaro River at Chittenden
11159000,2023-03-16 19:30,16.66,gage_height_ft,Pajaro River at Chittenden
11159000,2023-03-16 19:45,16.63,gage_height_ft,Pajaro River at Chittenden
11159000,2023-03-16 20:00,16.6,gage_height_ft,Pajaro River at Chittenden
11159000,2023-03-16 20:15,16.58,gage_height_ft,Pajaro River at Chittenden
11159000,2023-03-16 20:30,16.54,gage_height_ft,Pajaro River at Chittenden
11159000,2023-03-16 20:45,16.51,gage_height_ft,Pajaro River at Chittenden
11159000,2023-03-16 21:00,16.49,gage_height_ft,Pajaro River at Chittenden
11159000,2023-03-16 21:15,16.45,gage_height_ft,Pajaro River at Chittenden
11159000,2023-03-16 21:30,16.42,gage_height_ft,Pajaro River at Chittenden
11159000,2023-03-16 21:45,16.4,gage_height_ft,Pajaro River at Chittenden
11159000,2023-03-16 22:00,16.37,gage_height_ft,Pajaro River at Chittenden
11159000,2023-03-16 22:15,16.34,gage_height_ft,Pajaro River at Chittenden
11159000,2023-03-16 22:30,16.31,gage_height_ft,Pajaro River at Chittenden
11159000,2023-03-16 22:45,16.28,gage_height_ft,Pajaro River at Chittenden
11159000,2023-03-16 23:00,16.25,gage_height_ft,Pajaro River at Chittenden
11159000,2023-03-16 23:15,16.23,gage_height_ft,Pajaro River at Chittenden
11159000,2023-03-16 23:30,16.2,gage_height_ft,Pajaro River at Chittenden
11159000,2023-03-16 23:45,16.18,gage_height_ft,Pajaro River at Chittenden
11159000,2023-03-17 00:00,16.16,gage_height_ft,Pajaro River at Chittenden
11159000,2023-03-17 00:15,16.11,gage_height_ft,Pajaro River at Chittenden
11159000,2023-03-17 00:30,16.09,gage_height_ft,Pajaro River at Chittenden
11159000,2023-03-17 00:45,16.06,gage_height_ft,Pajaro River at Chittenden
11159000,2023-03-17 01:00,16.03,gage_height_ft,Pajaro River at Chittenden
11159000,2023-03-17 01:15,16.0,gage_height_ft,Pajaro River at Chittenden
11159000,2023-03-17 01:30,15.98,gage_height_ft,Pajaro River at Chittenden
11159000,2023-03-17 01:45,15.96,gage_height_ft,Pajaro River at Chittenden
11159000,2023-03-17 02:00,15.92,gage_height_ft,Pajaro River at Chittenden
11159000,2023-03-17 02:15,15.9,gage_height_ft,Pajaro River at Chittenden
11159000,2023-03-17 02:30,15.88,gage_height_ft,Pajaro River at Chittenden
11159000,2023-03-17 02:45,15.86,gage_height_ft,Pajaro River at Chittenden
11159000,2023-03-17 03:00,15.82,gage_height_ft,Pajaro River at Chittenden
11159000,2023-03-17 03:15,15.79,gage_height_ft,Pajaro River at Chittenden
11159000,2023-03-17 03:30,15.81,gage_height_ft,Pajaro River at Chittenden
11159000,2023-03-17 03:45,15.75,gage_height_ft,Pajaro River at Chittenden
11159000,2023-03-17 04:00,15.77,gage_height_ft,Pajaro River at Chittenden
11159000,2023-03-17 04:15,15.72,gage_height_ft,Pajaro River at Chittenden
11159000,2023-03-17 04:30,15.69,gage_height_ft,Pajaro River at Chittenden
11159000,2023-03-17 04:45,15.66,gage_height_ft,Pajaro River at Chittenden
11159000,2023-03-17 05:00,15.64,gage_height_ft,Pajaro River at Chittenden
11159000,2023-03-17 05:15,15.61,gage_height_ft,Pajaro River at Chittenden
11159000,2023-03-17 05:30,15.59,gage_height_ft,Pajaro River at Chittenden
11159000,2023-03-17 05:45,15.56,gage_height_ft,Pajaro River at Chittenden
11159000,2023-03-17 06:00,15.54,gage_height_ft,Pajaro River at Chittenden
11159000,2023-03-17 06:15,15.52,gage_height_ft,Pajaro River at Chittenden
11159000,2023-03-17 06:30,15.48,gage_height_ft,Pajaro River at Chittenden
11159000,2023-03-17 06:45,15.46,gage_height_ft,Pajaro River at Chittenden
11159000,2023-03-17 07:00,15.43,gage_height_ft,Pajaro River at Chittenden
11159000,2023-03-17 07:15,15.41,gage_height_ft,Pajaro River at Chittenden
11159000,2023-03-17 07:30,15.38,gage_height_ft,Pajaro River at Chittenden
11159000,2023-03-17 07:45,15.35,gage_height_ft,Pajaro River at Chittenden
11159000,2023-03-17 08:00,15.33,gage_height_ft,Pajaro River at Chittenden
11159000,2023-03-17 08:15,15.3,gage_height_ft,Pajaro River at Chittenden
11159000,2023-03-17 08:30,15.29,gage_height_ft,Pajaro River at Chittenden
11159000,2023-03-17 08:45,15.26,gage_height_ft,Pajaro River at Chittenden
11159000,2023-03-17 09:00,15.22,gage_height_ft,Pajaro River at Chittenden
11159000,2023-03-17 09:15,15.2,gage_height_ft,Pajaro River at Chittenden
11159000,2023-03-17 09:30,15.18,gage_height_ft,Pajaro River at Chittenden
11159000,2023-03-17 09:45,15.15,gage_height_ft,Pajaro River at Chittenden
11159000,2023-03-17 10:00,15.13,gage_height_ft,Pajaro River at Chittenden
11159000,2023-03-17 10:15,15.1,gage_height_ft,Pajaro River at Chittenden
11159000,2023-03-17 10:30,15.08,gage_height_ft,Pajaro River at Chittenden
11159000,2023-03-17 10:45,15.05,gage_height_ft,Pajaro River at Chittenden
11159000,2023-03-17 11:00,15.02,gage_height_ft,Pajaro River at Chittenden
11159000,2023-03-17 11:15,15.0,gage_height_ft,Pajaro River at Chittenden
11159000,2023-03-17 11:30,14.98,gage_height_ft,Pajaro River at Chittenden
11159000,2023-03-17 11:45,14.95,gage_height_ft,Pajaro River at Chittenden
11159000,2023-03-17 12:00,14.93,gage_height_ft,Pajaro River at Chittenden
11159000,2023-03-17 12:15,14.9,gage_height_ft,Pajaro River at Chittenden
11159000,2023-03-17 12:30,14.86,gage_height_ft,Pajaro River at Chittenden
11159000,2023-03-17 12:45,14.86,gage_height_ft,Pajaro River at Chittenden
11159000,2023-03-17 13:00,14.81,gage_height_ft,Pajaro River at Chittenden
11159000,2023-03-17 13:15,14.79,gage_height_ft,Pajaro River at Chittenden
11159000,2023-03-17 13:30,14.77,gage_height_ft,Pajaro River at Chittenden
11159000,2023-03-17 13:45,14.74,gage_height_ft,Pajaro River at Chittenden
11159000,2023-03-17 14:00,14.72,gage_height_ft,Pajaro River at Chittenden
11159000,2023-03-17 14:15,14.7,gage_height_ft,Pajaro River at Chittenden
11159000,2023-03-17 14:30,14.69,gage_height_ft,Pajaro River at Chittenden
11159000,2023-03-17 14:45,14.65,gage_height_ft,Pajaro River at Chittenden
11159000,2023-03-17 15:00,14.63,gage_height_ft,Pajaro River at Chittenden
11159000,2023-03-17 15:15,14.62,gage_height_ft,Pajaro River at Chittenden
11159000,2023-03-17 15:30,14.59,gage_height_ft,Pajaro River at Chittenden
11159000,2023-03-17 15:45,14.57,gage_height_ft,Pajaro River at Chittenden
11159000,2023-03-17 16:00,14.55,gage_height_ft,Pajaro River at Chittenden
11159000,2023-03-17 16:15,14.53,gage_height_ft,Pajaro River at Chittenden
11159000,2023-03-17 16:30,14.5,gage_height_ft,Pajaro River at Chittenden
11159000,2023-03-17 16:45,14.48,gage_height_ft,Pajaro River at Chittenden
11159000,2023-03-17 17:00,14.46,gage_height_ft,Pajaro River at Chittenden
11159000,2023-03-17 17:15,14.44,gage_height_ft,Pajaro River at Chittenden
11159000,2023-03-17 17:30,14.42,gage_height_ft,Pajaro River at Chittenden
11159000,2023-03-17 17:45,14.41,gage_height_ft,Pajaro River at Chittenden
11159000,2023-03-17 18:00,14.39,gage_height_ft,Pajaro River at Chittenden
11159000,2023-03-17 18:15,14.37,gage_height_ft,Pajaro River at Chittenden
11159000,2023-03-17 18:30,14.35,gage_height_ft,Pajaro River at Chittenden
11159000,2023-03-17 18:45,14.33,gage_height_ft,Pajaro River at Chittenden
11159000,2023-03-17 19:00,14.31,gage_height_ft,Pajaro River at Chittenden
11159000,2023-03-17 19:15,14.27,gage_height_ft,Pajaro River at Chittenden
11159000,2023-03-17 19:30,14.25,gage_height_ft,Pajaro River at Chittenden
11159000,2023-03-17 19:45,14.23,gage_height_ft,Pajaro River at Chittenden
11159000,2023-03-17 20:00,14.22,gage_height_ft,Pajaro River at Chittenden
11159000,2023-03-17 20:15,14.2,gage_height_ft,Pajaro River at Chittenden
11159000,2023-03-17 20:30,14.18,gage_height_ft,Pajaro River at Chittenden
11159000,2023-03-17 20:45,14.15,gage_height_ft,Pajaro River at Chittenden
11159000,2023-03-17 21:00,14.13,gage_height_ft,Pajaro River at Chittenden
11159000,2023-03-17 21:15,14.11,gage_height_ft,Pajaro River at Chittenden
11159000,2023-03-17 21:30,14.09,gage_height_ft,Pajaro River at Chittenden
11159000,2023-03-17 21:45,14.07,gage_height_ft,Pajaro River at Chittenden
11159000,2023-03-17 22:00,14.05,gage_height_ft,Pajaro River at Chittenden
11159000,2023-03-17 22:15,14.03,gage_height_ft,Pajaro River at Chittenden
11159000,2023-03-17 22:30,14.01,gage_height_ft,Pajaro River at Chittenden
11159000,2023-03-17 22:45,13.99,gage_height_ft,Pajaro River at Chittenden
11159000,2023-03-17 23:00,13.97,gage_height_ft,Pajaro River at Chittenden
11159000,2023-03-17 23:15,13.96,gage_height_ft,Pajaro River at Chittenden
11159000,2023-03-17 23:30,13.94,gage_height_ft,Pajaro River at Chittenden
11159000,2023-03-17 23:45,13.91,gage_height_ft,Pajaro River at Chittenden
11159000,2023-03-18 00:00,13.89,gage_height_ft,Pajaro River at Chittenden
11159000,2023-03-18 00:15,13.88,gage_height_ft,Pajaro River at Chittenden
11159000,2023-03-18 00:30,13.86,gage_height_ft,Pajaro River at Chittenden
11159000,2023-03-18 00:45,13.85,gage_height_ft,Pajaro River at Chittenden
11159000,2023-03-18 01:00,13.83,gage_height_ft,Pajaro River at Chittenden
11159000,2023-03-18 01:15,13.8,gage_height_ft,Pajaro River at Chittenden
11159000,2023-03-18 01:30,13.79,gage_height_ft,Pajaro River at Chittenden
11159000,2023-03-18 01:45,13.78,gage_height_ft,Pajaro River at Chittenden
11159000,2023-03-18 02:00,13.76,gage_height_ft,Pajaro River at Chittenden
11159000,2023-03-18 02:15,13.74,gage_height_ft,Pajaro River at Chittenden
11159000,2023-03-18 02:30,13.72,gage_height_ft,Pajaro River at Chittenden
11159000,2023-03-18 02:45,13.7,gage_height_ft,Pajaro River at Chittenden
11159000,2023-03-18 03:00,13.69,gage_height_ft,Pajaro River at Chittenden
11159000,2023-03-18 03:15,13.66,gage_height_ft,Pajaro River at Chittenden
11159000,2023-03-18 03:30,13.64,gage_height_ft,Pajaro River at Chittenden
11159000,2023-03-18 03:45,13.62,gage_height_ft,Pajaro River at Chittenden
11159000,2023-03-18 04:00,13.61,gage_height_ft,Pajaro River at Chittenden
11159000,2023-03-18 04:15,13.58,gage_height_ft,Pajaro River at Chittenden
11159000,2023-03-18 04:30,13.57,gage_height_ft,Pajaro River at Chittenden
11159000,2023-03-18 04:45,13.55,gage_height_ft,Pajaro River at Chittenden
11159000,2023-03-18 05:00,13.54,gage_height_ft,Pajaro River at Chittenden
11159000,2023-03-18 05:15,13.52,gage_height_ft,Pajaro River at Chittenden
11159000,2023-03-18 05:30,13.5,gage_height_ft,Pajaro River at Chittenden
11159000,2023-03-18 05:45,13.48,gage_height_ft,Pajaro River at Chittenden
11159000,2023-03-18 06:00,13.47,gage_height_ft,Pajaro River at Chittenden
11159000,2023-03-18 06:15,13.45,gage_height_ft,Pajaro River at Chittenden
11159000,2023-03-18 06:30,13.43,gage_height_ft,Pajaro River at Chittenden
11159000,2023-03-18 06:45,13.41,gage_height_ft,Pajaro River at Chittenden
11159000,2023-03-18 07:00,13.39,gage_height_ft,Pajaro River at Chittenden
11159000,2023-03-18 07:15,13.37,gage_height_ft,Pajaro River at Chittenden
11159000,2023-03-18 07:30,13.36,gage_height_ft,Pajaro River at Chittenden
11159000,2023-03-18 07:45,13.34,gage_height_ft,Pajaro River at Chittenden
11159000,2023-03-18 08:00,13.33,gage_height_ft,Pajaro River at Chittenden
11159000,2023-03-18 08:15,13.32,gage_height_ft,Pajaro River at Chittenden
11159000,2023-03-18 08:30,13.29,gage_height_ft,Pajaro River at Chittenden
11159000,2023-03-18 08:45,13.28,gage_height_ft,Pajaro River at Chittenden
11159000,2023-03-18 09:00,13.26,gage_height_ft,Pajaro River at Chittenden
11159000,2023-03-18 09:15,13.24,gage_height_ft,Pajaro River at Chittenden
11159000,2023-03-18 09:30,13.22,gage_height_ft,Pajaro River at Chittenden
11159000,2023-03-18 09:45,13.21,gage_height_ft,Pajaro River at Chittenden
11159000,2023-03-18 10:00,13.2,gage_height_ft,Pajaro River at Chittenden
11159000,2023-03-18 10:15,13.18,gage_height_ft,Pajaro River at Chittenden
11159000,2023-03-18 10:30,13.16,gage_height_ft,Pajaro River at Chittenden
11159000,2023-03-18 10:45,13.15,gage_height_ft,Pajaro River at Chittenden
11159000,2023-03-18 11:00,13.12,gage_height_ft,Pajaro River at Chittenden
11159000,2023-03-18 11:15,13.11,gage_height_ft,Pajaro River at Chittenden
11159000,2023-03-18 11:30,13.1,gage_height_ft,Pajaro River at Chittenden
11159000,2023-03-18 11:45,13.09,gage_height_ft,Pajaro River at Chittenden
11159000,2023-03-18 12:00,13.07,gage_height_ft,Pajaro River at Chittenden
11159000,2023-03-18 12:15,13.06,gage_height_ft,Pajaro River at Chittenden
11159000,2023-03-18 12:30,13.04,gage_height_ft,Pajaro River at Chittenden
11159000,2023-03-18 12:45,13.03,gage_height_ft,Pajaro River at Chittenden
11159000,2023-03-18 13:00,13.01,gage_height_ft,Pajaro River at Chittenden
11159000,2023-03-18 13:15,13.0,gage_height_ft,Pajaro River at Chittenden
11159000,2023-03-18 13:30,12.98,gage_height_ft,Pajaro River at Chittenden
11159000,2023-03-18 13:45,12.97,gage_height_ft,Pajaro River at Chittenden
11159000,2023-03-18 14:00,12.95,gage_height_ft,Pajaro River at Chittenden
11159000,2023-03-18 14:15,12.94,gage_height_ft,Pajaro River at Chittenden
11159000,2023-03-18 14:30,12.92,gage_height_ft,Pajaro River at Chittenden
11159000,2023-03-18 14:45,12.92,gage_height_ft,Pajaro River at Chittenden
11159000,2023-03-18 15:00,12.89,gage_height_ft,Pajaro River at Chittenden
11159000,2023-03-18 15:15,12.88,gage_height_ft,Pajaro River at Chittenden
11159000,2023-03-18 15:30,12.87,gage_height_ft,Pajaro River at Chittenden
11159000,2023-03-18 15:45,12.85,gage_height_ft,Pajaro River at Chittenden
11159000,2023-03-18 16:00,12.84,gage_height_ft,Pajaro River at Chittenden
11159000,2023-03-18 16:15,12.83,gage_height_ft,Pajaro River at Chittenden
11159000,2023-03-18 16:30,12.81,gage_height_ft,Pajaro River at Chittenden
11159000,2023-03-18 16:45,12.79,gage_height_ft,Pajaro River at Chittenden
11159000,2023-03-18 17:00,12.78,gage_height_ft,Pajaro River at Chittenden
11159000,2023-03-18 17:15,12.77,gage_height_ft,Pajaro River at Chittenden
11159000,2023-03-18 17:30,12.75,gage_height_ft,Pajaro River at Chittenden
11159000,2023-03-18 17:45,12.73,gage_height_ft,Pajaro River at Chittenden
11159000,2023-03-18 18:00,12.73,gage_height_ft,Pajaro River at Chittenden
11159000,2023-03-18 18:15,12.71,gage_height_ft,Pajaro River at Chittenden
11159000,2023-03-18 18:30,12.7,gage_height_ft,Pajaro River at Chittenden
11159000,2023-03-18 18:45,12.69,gage_height_ft,Pajaro River at Chittenden
11159000,2023-03-18 19:00,12.67,gage_height_ft,Pajaro River at Chittenden
11159000,2023-03-18 19:15,12.66,gage_height_ft,Pajaro River at Chittenden
11159000,2023-03-18 19:30,12.65,gage_height_ft,Pajaro River at Chittenden
11159000,2023-03-18 19:45,12.64,gage_height_ft,Pajaro River at Chittenden
11159000,2023-03-18 20:00,12.62,gage_height_ft,Pajaro River at Chittenden
11159000,2023-03-18 20:15,12.6,gage_height_ft,Pajaro River at Chittenden
11159000,2023-03-18 20:30,12.59,gage_height_ft,Pajaro River at Chittenden
11159000,2023-03-18 20:45,12.58,gage_height_ft,Pajaro River at Chittenden
11159000,2023-03-18 21:00,12.56,gage_height_ft,Pajaro River at Chittenden
11159000,2023-03-18 21:15,12.54,gage_height_ft,Pajaro River at Chittenden
11159000,2023-03-18 21:30,12.53,gage_height_ft,Pajaro River at Chittenden
11159000,2023-03-18 21:45,12.51,gage_height_ft,Pajaro River at Chittenden
11159000,2023-03-18 22:00,12.5,gage_height_ft,Pajaro River at Chittenden
11159000,2023-03-18 22:15,12.49,gage_height_ft,Pajaro River at Chittenden
11159000,2023-03-18 22:30,12.48,gage_height_ft,Pajaro River at Chittenden
11159000,2023-03-18 22:45,12.46,gage_height_ft,Pajaro River at Chittenden
11159000,2023-03-18 23:00,12.45,gage_height_ft,Pajaro River at Chittenden
11159000,2023-03-18 23:15,12.44,gage_height_ft,Pajaro River at Chittenden
11159000,2023-03-18 23:30,12.43,gage_height_ft,Pajaro River at Chittenden
11159000,2023-03-18 23:45,12.41,gage_height_ft,Pajaro River at Chittenden
11159000,2023-03-19 00:00,12.4,gage_height_ft,Pajaro River at Chittenden
11159000,2023-03-19 00:15,12.38,gage_height_ft,Pajaro River at Chittenden
11159000,2023-03-19 00:30,12.36,gage_height_ft,Pajaro River at Chittenden
11159000,2023-03-19 00:45,12.35,gage_height_ft,Pajaro River at Chittenden
11159000,2023-03-19 01:00,12.34,gage_height_ft,Pajaro River at Chittenden
11159000,2023-03-19 01:15,12.33,gage_height_ft,Pajaro River at Chittenden
11159000,2023-03-19 01:30,12.33,gage_height_ft,Pajaro River at Chittenden
11159000,2023-03-19 01:45,12.31,gage_height_ft,Pajaro River at Chittenden
11159000,2023-03-19 02:00,12.3,gage_height_ft,Pajaro River at Chittenden
11159000,2023-03-19 02:15,12.28,gage_height_ft,Pajaro River at Chittenden
11159000,2023-03-19 02:30,12.29,gage_height_ft,Pajaro River at Chittenden
11159000,2023-03-19 02:45,12.25,gage_height_ft,Pajaro River at Chittenden
11159000,2023-03-19 03:00,12.26,gage_height_ft,Pajaro River at Chittenden
11159000,2023-03-19 03:15,12.24,gage_height_ft,Pajaro River at Chittenden
11159000,2023-03-19 03:30,12.23,gage_height_ft,Pajaro River at Chittenden
11159000,2023-03-19 03:45,12.2,gage_height_ft,Pajaro River at Chittenden
11159000,2023-03-19 04:00,12.17,gage_height_ft,Pajaro River at Chittenden
11159000,2023-03-19 04:15,12.16,gage_height_ft,Pajaro River at Chittenden
11159000,2023-03-19 04:30,12.15,gage_height_ft,Pajaro River at Chittenden
11159000,2023-03-19 04:45,12.14,gage_height_ft,Pajaro River at Chittenden
11159000,2023-03-19 05:00,12.13,gage_height_ft,Pajaro River at Chittenden
11159000,2023-03-19 05:15,12.12,gage_height_ft,Pajaro River at Chittenden
11159000,2023-03-19 05:30,12.11,gage_height_ft,Pajaro River at Chittenden
11159000,2023-03-19 05:45,12.11,gage_height_ft,Pajaro River at Chittenden
11159000,2023-03-19 06:00,12.09,gage_height_ft,Pajaro River at Chittenden
11159000,2023-03-19 06:15,12.09,gage_height_ft,Pajaro River at Chittenden
11159000,2023-03-19 06:30,12.08,gage_height_ft,Pajaro River at Chittenden
11159000,2023-03-19 06:45,12.07,gage_height_ft,Pajaro River at Chittenden
11159000,2023-03-19 07:00,12.06,gage_height_ft,Pajaro River at Chittenden
11159000,2023-03-19 07:15,12.05,gage_height_ft,Pajaro River at Chittenden
11159000,2023-03-19 07:45,12.03,gage_height_ft,Pajaro River at Chittenden
11159000,2023-03-19 08:00,12.03,gage_height_ft,Pajaro River at Chittenden
11159000,2023-03-19 08:15,12.02,gage_height_ft,Pajaro River at Chittenden
11159000,2023-03-19 08:30,12.01,gage_height_ft,Pajaro River at Chittenden
11159000,2023-03-19 09:00,12.01,gage_height_ft,Pajaro River at Chittenden
11159000,2023-03-19 09:15,12.01,gage_height_ft,Pajaro River at Chittenden
11159000,2023-03-19 09:30,12.0,gage_height_ft,Pajaro River at Chittenden
11159000,2023-03-19 09:45,12.0,gage_height_ft,Pajaro River at Chittenden
11159000,2023-03-19 10:00,11.98,gage_height_ft,Pajaro River at Chittenden
11159000,2023-03-19 10:15,11.97,gage_height_ft,Pajaro River at Chittenden
11159000,2023-03-19 10:30,11.97,gage_height_ft,Pajaro River at Chittenden
11159000,2023-03-19 10:45,11.96,gage_height_ft,Pajaro River at Chittenden
11159000,2023-03-19 11:00,11.96,gage_height_ft,Pajaro River at Chittenden
11159000,2023-03-19 11:15,11.96,gage_height_ft,Pajaro River at Chittenden
11159000,2023-03-19 11:30,11.95,gage_height_ft,Pajaro River at Chittenden
11159000,2023-03-19 11:45,11.94,gage_height_ft,Pajaro River at Chittenden
11159000,2023-03-19 12:00,11.94,gage_height_ft,Pajaro River at Chittenden
11159000,2023-03-19 12:15,11.93,gage_height_ft,Pajaro River at Chittenden
11159000,2023-03-19 12:30,11.93,gage_height_ft,Pajaro River at Chittenden
11159000,2023-03-19 12:45,11.92,gage_height_ft,Pajaro River at Chittenden
11159000,2023-03-19 13:00,11.91,gage_height_ft,Pajaro River at Chittenden
11159000,2023-03-19 13:15,11.9,gage_height_ft,Pajaro River at Chittenden
11159000,2023-03-19 13:30,11.9,gage_height_ft,Pajaro River at Chittenden
11159000,2023-03-19 13:45,11.89,gage_height_ft,Pajaro River at Chittenden
11159000,2023-03-19 14:00,11.89,gage_height_ft,Pajaro River at Chittenden
11159000,2023-03-19 14:15,11.89,gage_height_ft,Pajaro River at Chittenden
11159000,2023-03-19 14:30,11.88,gage_height_ft,Pajaro River at Chittenden
11159000,2023-03-19 14:45,11.88,gage_height_ft,Pajaro River at Chittenden
11159000,2023-03-19 15:00,11.86,gage_height_ft,Pajaro River at Chittenden
11159000,2023-03-19 15:15,11.86,gage_height_ft,Pajaro River at Chittenden
11159000,2023-03-19 15:30,11.86,gage_height_ft,Pajaro River at Chittenden
11159000,2023-03-19 15:45,11.85,gage_height_ft,Pajaro River at Chittenden
11159000,2023-03-19 16:00,11.85,gage_height_ft,Pajaro River at Chittenden
11159000,2023-03-19 16:15,11.84,gage_height_ft,Pajaro River at Chittenden
11159000,2023-03-19 16:30,11.83,gage_height_ft,Pajaro River at Chittenden
11159000,2023-03-19 16:45,11.84,gage_height_ft,Pajaro River at Chittenden
11159000,2023-03-19 17:00,11.83,gage_height_ft,Pajaro River at Chittenden
11159000,2023-03-19 17:15,11.82,gage_height_ft,Pajaro River at Chittenden
11159000,2023-03-19 17:30,11.81,gage_height_ft,Pajaro River at Chittenden
11159000,2023-03-19 17:45,11.82,gage_height_ft,Pajaro River at Chittenden
11159000,2023-03-19 18:00,11.81,gage_height_ft,Pajaro River at Chittenden
11159000,2023-03-19 18:15,11.8,gage_height_ft,Pajaro River at Chittenden
11159000,2023-03-19 18:30,11.8,gage_height_ft,Pajaro River at Chittenden
11159000,2023-03-19 18:45,11.8,gage_height_ft,Pajaro River at Chittenden
11159000,2023-03-19 19:00,11.8,gage_height_ft,Pajaro River at Chittenden
11159000,2023-03-19 19:15,11.79,gage_height_ft,Pajaro River at Chittenden
11159000,2023-03-19 19:30,11.79,gage_height_ft,Pajaro River at Chittenden
11159000,2023-03-19 19:45,11.79,gage_height_ft,Pajaro River at Chittenden
11159000,2023-03-19 20:00,11.78,gage_height_ft,Pajaro River at Chittenden
11159000,2023-03-19 20:15,11.78,gage_height_ft,Pajaro River at Chittenden
11159000,2023-03-19 20:30,11.77,gage_height_ft,Pajaro River at Chittenden
11159000,2023-03-19 20:45,11.76,gage_height_ft,Pajaro River at Chittenden
11159000,2023-03-19 21:00,11.76,gage_height_ft,Pajaro River at Chittenden
11159000,2023-03-19 21:15,11.76,gage_height_ft,Pajaro River at Chittenden
11159000,2023-03-19 21:30,11.75,gage_height_ft,Pajaro River at Chittenden
11159000,2023-03-19 21:45,11.75,gage_height_ft,Pajaro River at Chittenden
11159000,2023-03-19 22:00,11.74,gage_height_ft,Pajaro River at Chittenden
11159000,2023-03-19 22:15,11.74,gage_height_ft,Pajaro River at Chittenden
11159000,2023-03-19 22:30,11.73,gage_height_ft,Pajaro River at Chittenden
11159000,2023-03-19 22:45,11.74,gage_height_ft,Pajaro River at Chittenden
11159000,2023-03-19 23:00,11.73,gage_height_ft,Pajaro River at Chittenden
11159000,2023-03-19 23:15,11.74,gage_height_ft,Pajaro River at Chittenden
11159000,2023-03-19 23:30,11.73,gage_height_ft,Pajaro River at Chittenden
11159000,2023-03-19 23:45,11.73,gage_height_ft,Pajaro River at Chittenden
11159000,2023-03-20 00:00,11.73,gage_height_ft,Pajaro River at Chittenden
11159000,2023-03-20 00:15,11.73,gage_height_ft,Pajaro River at Chittenden
11159000,2023-03-20 00:30,11.72,gage_height_ft,Pajaro River at Chittenden
11159000,2023-03-20 01:15,11.72,gage_height_ft,Pajaro River at Chittenden
11159000,2023-03-20 01:30,11.72,gage_height_ft,Pajaro River at Chittenden
11159000,2023-03-20 01:45,11.72,gage_height_ft,Pajaro River at Chittenden
11159000,2023-03-20 02:00,11.72,gage_height_ft,Pajaro River at Chittenden
11159000,2023-03-20 02:15,11.72,gage_height_ft,Pajaro River at Chittenden
11159000,2023-03-20 02:30,11.72,gage_height_ft,Pajaro River at Chittenden
11159000,2023-03-20 02:45,11.71,gage_height_ft,Pajaro River at Chittenden
11159000,2023-03-20 03:00,11.7,gage_height_ft,Pajaro River at Chittenden
11159000,2023-03-20 03:15,11.7,gage_height_ft,Pajaro River at Chittenden
11159000,2023-03-20 03:30,11.7,gage_height_ft,Pajaro River at Chittenden
11159000,2023-03-20 03:45,11.7,gage_height_ft,Pajaro River at Chittenden
11159000,2023-03-20 04:00,11.68,gage_height_ft,Pajaro River at Chittenden
11159000,2023-03-20 04:15,11.69,gage_height_ft,Pajaro River at Chittenden
11159000,2023-03-20 04:30,11.68,gage_height_ft,Pajaro River at Chittenden
11159000,2023-03-20 04:45,11.67,gage_height_ft,Pajaro River at Chittenden
11159000,2023-03-20 05:00,11.67,gage_height_ft,Pajaro River at Chittenden
11159000,2023-03-20 05:15,11.67,gage_height_ft,Pajaro River at Chittenden
11159000,2023-03-20 05:30,11.66,gage_height_ft,Pajaro River at Chittenden
11159000,2023-03-20 05:45,11.65,gage_height_ft,Pajaro River at Chittenden
11159000,2023-03-20 06:00,11.65,gage_height_ft,Pajaro River at Chittenden
11159000,2023-03-20 06:15,11.64,gage_height_ft,Pajaro River at Chittenden
11159000,2023-03-20 06:30,11.63,gage_height_ft,Pajaro River at Chittenden
11159000,2023-03-20 06:45,11.62,gage_height_ft,Pajaro River at Chittenden
11159000,2023-03-20 07:00,11.61,gage_height_ft,Pajaro River at Chittenden
11159000,2023-03-20 07:15,11.61,gage_height_ft,Pajaro River at Chittenden
11159000,2023-03-20 07:30,11.6,gage_height_ft,Pajaro River at Chittenden
11159000,2023-03-20 07:45,11.59,gage_height_ft,Pajaro River at Chittenden
11159000,2023-03-20 08:00,11.59,gage_height_ft,Pajaro River at Chittenden
11159000,2023-03-20 08:15,11.58,gage_height_ft,Pajaro River at Chittenden
11159000,2023-03-20 08:30,11.57,gage_height_ft,Pajaro River at Chittenden
11159000,2023-03-20 08:45,11.55,gage_height_ft,Pajaro River at Chittenden
11159000,2023-03-20 09:00,11.55,gage_height_ft,Pajaro River at Chittenden
11159000,2023-03-20 09:15,11.55,gage_height_ft,Pajaro River at Chittenden
11159000,2023-03-20 09:30,11.54,gage_height_ft,Pajaro River at Chittenden
11159000,2023-03-20 09:45,11.53,gage_height_ft,Pajaro River at Chittenden
11159000,2023-03-20 10:00,11.52,gage_height_ft,Pajaro River at Chittenden
11159000,2023-03-20 10:15,11.52,gage_height_ft,Pajaro River at Chittenden
11159000,2023-03-20 10:30,11.5,gage_height_ft,Pajaro River at Chittenden
11159000,2023-03-20 10:45,11.51,gage_height_ft,Pajaro River at Chittenden
11159000,2023-03-20 11:00,11.5,gage_height_ft,Pajaro River at Chittenden
11159000,2023-03-20 11:15,11.49,gage_height_ft,Pajaro River at Chittenden
11159000,2023-03-20 11:30,11.48,gage_height_ft,Pajaro River at Chittenden
11159000,2023-03-20 11:45,11.47,gage_height_ft,Pajaro River at Chittenden
11159000,2023-03-20 12:00,11.46,gage_height_ft,Pajaro River at Chittenden
11159000,2023-03-20 12:15,11.44,gage_height_ft,Pajaro River at Chittenden
11159000,2023-03-20 12:30,11.45,gage_height_ft,Pajaro River at Chittenden
11159000,2023-03-20 12:45,11.44,gage_height_ft,Pajaro River at Chittenden
11159000,2023-03-20 13:00,11.43,gage_height_ft,Pajaro River at Chittenden
11159000,2023-03-20 13:15,11.42,gage_height_ft,Pajaro River at Chittenden
11159000,2023-03-20 13:30,11.41,gage_height_ft,Pajaro River at Chittenden
11159000,2023-03-20 13:45,11.41,gage_height_ft,Pajaro River at Chittenden
11159000,2023-03-20 14:00,11.4,gage_height_ft,Pajaro River at Chittenden
11159000,2023-03-20 14:15,11.39,gage_height_ft,Pajaro River at Chittenden
11159000,2023-03-20 15:00,11.39,gage_height_ft,Pajaro River at Chittenden
11159000,2023-03-20 15:15,11.38,gage_height_ft,Pajaro River at Chittenden
11159000,2023-03-20 15:30,11.37,gage_height_ft,Pajaro River at Chittenden
11159000,2023-03-20 15:45,11.36,gage_height_ft,Pajaro River at Chittenden
11159000,2023-03-20 16:15,11.34,gage_height_ft,Pajaro River at Chittenden
11159000,2023-03-20 16:30,11.33,gage_height_ft,Pajaro River at Chittenden
11159000,2023-03-20 16:45,11.32,gage_height_ft,Pajaro River at Chittenden
11159000,2023-03-20 17:00,11.32,gage_height_ft,Pajaro River at Chittenden
11159000,2023-03-20 17:15,11.31,gage_height_ft,Pajaro River at Chittenden
11159000,2023-03-20 17:30,11.31,gage_height_ft,Pajaro River at Chittenden
11159000,2023-03-20 17:45,11.3,gage_height_ft,Pajaro River at Chittenden
11159000,2023-03-20 18:00,11.29,gage_height_ft,Pajaro River at Chittenden
11159000,2023-03-20 18:15,11.28,gage_height_ft,Pajaro River at Chittenden
11159000,2023-03-20 18:30,11.28,gage_height_ft,Pajaro River at Chittenden
11159000,2023-03-20 18:45,11.27,gage_height_ft,Pajaro River at Chittenden
11159000,2023-03-20 19:00,11.26,gage_height_ft,Pajaro River at Chittenden
11159000,2023-03-20 19:15,11.25,gage_height_ft,Pajaro River at Chittenden
11159000,2023-03-20 19:30,11.25,gage_height_ft,Pajaro River at Chittenden
11159000,2023-03-20 19:45,11.24,gage_height_ft,Pajaro River at Chittenden
11159000,2023-03-20 20:00,11.22,gage_height_ft,Pajaro River at Chittenden
11159000,2023-03-20 20:15,11.22,gage_height_ft,Pajaro River at Chittenden
11159000,2023-03-20 20:30,11.21,gage_height_ft,Pajaro River at Chittenden
11159000,2023-03-20 20:45,11.2,gage_height_ft,Pajaro River at Chittenden
11159000,2023-03-20 21:00,11.2,gage_height_ft,Pajaro River at Chittenden
11159000,2023-03-20 21:15,11.19,gage_height_ft,Pajaro River at Chittenden
11159000,2023-03-20 21:30,11.18,gage_height_ft,Pajaro River at Chittenden
11159000,2023-03-20 21:45,11.17,gage_height_ft,Pajaro River at Chittenden
11159000,2023-03-20 22:00,11.15,gage_height_ft,Pajaro River at Chittenden
11159000,2023-03-20 22:15,11.14,gage_height_ft,Pajaro River at Chittenden
11159000,2023-03-20 22:30,11.14,gage_height_ft,Pajaro River at Chittenden
11159000,2023-03-20 22:45,11.13,gage_height_ft,Pajaro River at Chittenden
11159000,2023-03-20 23:00,11.13,gage_height_ft,Pajaro River at Chittenden
11159000,2023-03-20 23:15,11.12,gage_height_ft,Pajaro River at Chittenden
11159000,2023-03-20 23:30,11.1,gage_height_ft,Pajaro River at Chittenden
11159000,2023-03-20 23:45,11.09,gage_height_ft,Pajaro River at Chittenden
11159000,2023-03-21 00:00,11.08,gage_height_ft,Pajaro River at Chittenden
11159000,2023-03-21 00:15,11.07,gage_height_ft,Pajaro River at Chittenden
11159000,2023-03-21 00:30,11.07,gage_height_ft,Pajaro River at Chittenden
11159000,2023-03-21 00:45,11.06,gage_height_ft,Pajaro River at Chittenden
11159000,2023-03-21 01:00,11.05,gage_height_ft,Pajaro River at Chittenden
11159000,2023-03-21 01:15,11.04,gage_height_ft,Pajaro River at Chittenden
11159000,2023-03-21 01:30,11.03,gage_height_ft,Pajaro River at Chittenden
11159000,2023-03-21 01:45,11.03,gage_height_ft,Pajaro River at Chittenden
11159000,2023-03-21 02:00,11.03,gage_height_ft,Pajaro River at Chittenden
11159000,2023-03-21 02:15,11.02,gage_height_ft,Pajaro River at Chittenden
11159000,2023-03-21 02:30,11.01,gage_height_ft,Pajaro River at Chittenden
11159000,2023-03-21 02:45,11.0,gage_height_ft,Pajaro River at Chittenden
11159000,2023-03-21 03:00,10.98,gage_height_ft,Pajaro River at Chittenden
11159000,2023-03-21 03:15,10.99,gage_height_ft,Pajaro River at Chittenden
11159000,2023-03-21 03:30,10.99,gage_height_ft,Pajaro River at Chittenden
11159000,2023-03-21 03:45,10.97,gage_height_ft,Pajaro River at Chittenden
11159000,2023-03-21 04:00,10.95,gage_height_ft,Pajaro River at Chittenden
11159000,2023-03-21 04:15,10.94,gage_height_ft,Pajaro River at Chittenden
11159000,2023-03-21 04:30,10.93,gage_height_ft,Pajaro River at Chittenden
11159000,2023-03-21 04:45,10.92,gage_height_ft,Pajaro River at Chittenden
11159000,2023-03-21 05:00,10.92,gage_height_ft,Pajaro River at Chittenden
11159000,2023-03-21 05:15,10.91,gage_height_ft,Pajaro River at Chittenden
11159000,2023-03-21 05:30,10.91,gage_height_ft,Pajaro River at Chittenden
11159000,2023-03-21 05:45,10.92,gage_height_ft,Pajaro River at Chittenden
11159000,2023-03-21 06:00,10.91,gage_height_ft,Pajaro River at Chittenden
11159000,2023-03-21 06:15,10.92,gage_height_ft,Pajaro River at Chittenden
11159000,2023-03-21 06:30,10.91,gage_height_ft,Pajaro River at Chittenden
11159000,2023-03-21 06:45,10.91,gage_height_ft,Pajaro River at Chittenden
11159000,2023-03-21 07:00,10.9,gage_height_ft,Pajaro River at Chittenden
11159000,2023-03-21 07:15,10.91,gage_height_ft,Pajaro River at Chittenden
11159000,2023-03-21 07:30,10.89,gage_height_ft,Pajaro River at Chittenden
11159000,2023-03-21 07:45,10.9,gage_height_ft,Pajaro River at Chittenden
11159000,2023-03-21 08:00,10.9,gage_height_ft,Pajaro River at Chittenden
11159000,2023-03-21 08:15,10.91,gage_height_ft,Pajaro River at Chittenden
11159000,2023-03-21 08:30,10.9,gage_height_ft,Pajaro River at Chittenden
11159000,2023-03-21 08:45,10.91,gage_height_ft,Pajaro River at Chittenden
11159000,2023-03-21 09:00,10.91,gage_height_ft,Pajaro River at Chittenden
11159000,2023-03-21 09:15,10.92,gage_height_ft,Pajaro River at Chittenden
11159000,2023-03-21 09:30,10.92,gage_height_ft,Pajaro River at Chittenden
11159000,2023-03-21 09:45,10.93,gage_height_ft,Pajaro River at Chittenden
11159000,2023-03-21 10:00,10.95,gage_height_ft,Pajaro River at Chittenden
11159000,2023-03-21 10:15,10.96,gage_height_ft,Pajaro River at Chittenden
11159000,2023-03-21 10:30,10.97,gage_height_ft,Pajaro River at Chittenden
11159000,2023-03-21 10:45,11.0,gage_height_ft,Pajaro River at Chittenden
11159000,2023-03-21 11:00,11.02,gage_height_ft,Pajaro River at Chittenden
11159000,2023-03-21 11:15,11.05,gage_height_ft,Pajaro River at Chittenden
11159000,2023-03-21 11:30,11.06,gage_height_ft,Pajaro River at Chittenden
11159000,2023-03-21 11:45,11.07,gage_height_ft,Pajaro River at Chittenden
11159000,2023-03-21 12:00,11.08,gage_height_ft,Pajaro River at Chittenden
11159000,2023-03-21 12:15,11.09,gage_height_ft,Pajaro River at Chittenden
11159000,2023-03-21 12:30,11.09,gage_height_ft,Pajaro River at Chittenden
11159000,2023-03-21 12:45,11.11,gage_height_ft,Pajaro River at Chittenden
11159000,2023-03-21 13:00,11.13,gage_height_ft,Pajaro River at Chittenden
11159000,2023-03-21 13:15,11.15,gage_height_ft,Pajaro River at Chittenden
11159000,2023-03-21 13:30,11.19,gage_height_ft,Pajaro River at Chittenden
11159000,2023-03-21 13:45,11.21,gage_height_ft,Pajaro River at Chittenden
11159000,2023-03-21 14:00,11.24,gage_height_ft,Pajaro River at Chittenden
11159000,2023-03-21 14:15,11.24,gage_height_ft,Pajaro River at Chittenden
11159000,2023-03-21 14:30,11.25,gage_height_ft,Pajaro River at Chittenden
11159000,2023-03-21 14:45,11.28,gage_height_ft,Pajaro River at Chittenden
11159000,2023-03-21 15:00,11.31,gage_height_ft,Pajaro River at Chittenden
11159000,2023-03-21 15:15,11.3,gage_height_ft,Pajaro River at Chittenden
11159000,2023-03-21 15:30,11.32,gage_height_ft,Pajaro River at Chittenden
11159000,2023-03-21 15:45,11.35,gage_height_ft,Pajaro River at Chittenden
11159000,2023-03-21 16:00,11.34,gage_height_ft,Pajaro River at Chittenden
11159000,2023-03-21 16:15,11.36,gage_height_ft,Pajaro River at Chittenden
11159000,2023-03-21 16:30,11.35,gage_height_ft,Pajaro River at Chittenden
11159000,2023-03-21 16:45,11.37,gage_height_ft,Pajaro River at Chittenden
11159000,2023-03-21 17:00,11.36,gage_height_ft,Pajaro River at Chittenden
11159000,2023-03-21 17:15,11.39,gage_height_ft,Pajaro River at Chittenden
11159000,2023-03-21 17:30,11.4,gage_height_ft,Pajaro River at Chittenden
11159000,2023-03-21 17:45,11.41,gage_height_ft,Pajaro River at Chittenden
11159000,2023-03-21 18:00,11.44,gage_height_ft,Pajaro River at Chittenden
11159000,2023-03-21 18:15,11.46,gage_height_ft,Pajaro River at Chittenden
11159000,2023-03-21 18:30,11.48,gage_height_ft,Pajaro River at Chittenden
11159000,2023-03-21 18:45,11.5,gage_height_ft,Pajaro River at Chittenden
11159000,2023-03-21 19:00,11.52,gage_height_ft,Pajaro River at Chittenden
11159000,2023-03-21 19:15,11.54,gage_height_ft,Pajaro River at Chittenden
11159000,2023-03-21 19:30,11.58,gage_height_ft,Pajaro River at Chittenden
11159000,2023-03-21 19:45,11.62,gage_height_ft,Pajaro River at Chittenden
11159000,2023-03-21 20:00,11.66,gage_height_ft,Pajaro River at Chittenden
11159000,2023-03-21 20:15,11.69,gage_height_ft,Pajaro River at Chittenden
11159000,2023-03-21 20:30,11.73,gage_height_ft,Pajaro River at Chittenden
11159000,2023-03-21 20:45,11.76,gage_height_ft,Pajaro River at Chittenden
11159000,2023-03-21 21:00,11.79,gage_height_ft,Pajaro River at Chittenden
11159000,2023-03-21 21:15,11.86,gage_height_ft,Pajaro River at Chittenden
11159000,2023-03-21 21:30,11.89,gage_height_ft,Pajaro River at Chittenden
11159000,2023-03-21 21:45,11.96,gage_height_ft,Pajaro River at Chittenden
11159000,2023-03-21 22:00,12.03,gage_height_ft,Pajaro River at Chittenden
11159000,2023-03-21 22:15,12.07,gage_height_ft,Pajaro River at Chittenden
11159000,2023-03-21 22:30,12.12,gage_height_ft,Pajaro River at Chittenden
11159000,2023-03-21 22:45,12.15,gage_height_ft,Pajaro River at Chittenden
11159000,2023-03-21 23:00,12.19,gage_height_ft,Pajaro River at Chittenden
11159000,2023-03-21 23:15,12.21,gage_height_ft,Pajaro River at Chittenden
11159000,2023-03-21 23:30,12.24,gage_height_ft,Pajaro River at Chittenden
11159000,2023-03-21 23:45,12.25,gage_height_ft,Pajaro River at Chittenden
11159000,2023-03-22 00:00,12.3,gage_height_ft,Pajaro River at Chittenden
11159000,2023-03-22 00:15,12.34,gage_height_ft,Pajaro River at Chittenden
11159000,2023-03-22 00:30,12.35,gage_height_ft,Pajaro River at Chittenden
11159000,2023-03-22 00:45,12.41,gage_height_ft,Pajaro River at Chittenden
11159000,2023-03-22 01:00,12.45,gage_height_ft,Pajaro River at Chittenden
11159000,2023-03-22 01:15,12.51,gage_height_ft,Pajaro River at Chittenden
11159000,2023-03-22 01:30,12.58,gage_height_ft,Pajaro River at Chittenden
11159000,2023-03-22 01:45,12.65,gage_height_ft,Pajaro River at Chittenden
11159000,2023-03-22 02:00,12.72,gage_height_ft,Pajaro River at Chittenden
11159000,2023-03-22 02:15,12.8,gage_height_ft,Pajaro River at Chittenden
11159000,2023-03-22 02:30,12.89,gage_height_ft,Pajaro River at Chittenden
11159000,2023-03-22 02:45,12.98,gage_height_ft,Pajaro River at Chittenden
11159000,2023-03-22 03:00,13.08,gage_height_ft,Pajaro River at Chittenden
11159000,2023-03-22 03:15,13.18,gage_height_ft,Pajaro River at Chittenden
11159000,2023-03-22 03:30,13.28,gage_height_ft,Pajaro River at Chittenden
11159000,2023-03-22 03:45,13.38,gage_height_ft,Pajaro River at Chittenden
11159000,2023-03-22 04:00,13.48,gage_height_ft,Pajaro River at Chittenden
11159000,2023-03-22 04:15,13.59,gage_height_ft,Pajaro River at Chittenden
11159000,2023-03-22 04:30,13.68,gage_height_ft,Pajaro River at Chittenden
11159000,2023-03-22 04:45,13.78,gage_height_ft,Pajaro River at Chittenden
11159000,2023-03-22 05:00,13.88,gage_height_ft,Pajaro River at Chittenden
11159000,2023-03-22 05:15,13.97,gage_height_ft,Pajaro River at Chittenden
11159000,2023-03-22 05:30,14.08,gage_height_ft,Pajaro River at Chittenden
11159000,2023-03-22 05:45,14.17,gage_height_ft,Pajaro River at Chittenden
11159000,2023-03-22 06:00,14.26,gage_height_ft,Pajaro River at Chittenden
11159000,2023-03-22 06:15,14.35,gage_height_ft,Pajaro River at Chittenden
11159000,2023-03-22 06:30,14.45,gage_height_ft,Pajaro River at Chittenden
11159000,2023-03-22 06:45,14.54,gage_height_ft,Pajaro River at Chittenden
11159000,2023-03-22 07:00,14.64,gage_height_ft,Pajaro River at Chittenden
11159000,2023-03-22 07:15,14.73,gage_height_ft,Pajaro River at Chittenden
11159000,2023-03-22 07:30,14.83,gage_height_ft,Pajaro River at Chittenden
11159000,2023-03-22 07:45,14.92,gage_height_ft,Pajaro River at Chittenden
11159000,2023-03-22 08:00,15.02,gage_height_ft,Pajaro River at Chittenden
11159000,2023-03-22 08:15,15.13,gage_height_ft,Pajaro River at Chittenden
11159000,2023-03-22 08:30,15.24,gage_height_ft,Pajaro River at Chittenden
11159000,2023-03-22 08:45,15.36,gage_height_ft,Pajaro River at Chittenden
11159000,2023-03-22 09:00,15.47,gage_height_ft,Pajaro River at Chittenden
11159000,2023-03-22 09:15,15.58,gage_height_ft,Pajaro River at Chittenden
11159000,2023-03-22 09:30,15.67,gage_height_ft,Pajaro River at Chittenden
11159000,2023-03-22 09:45,15.79,gage_height_ft,Pajaro River at Chittenden
11159000,2023-03-22 10:00,15.86,gage_height_ft,Pajaro River at Chittenden
11159000,2023-03-22 10:15,15.99,gage_height_ft,Pajaro River at Chittenden
11159000,2023-03-22 10:30,16.09,gage_height_ft,Pajaro River at Chittenden
11159000,2023-03-22 10:45,16.21,gage_height_ft,Pajaro River at Chittenden
11159000,2023-03-22 11:00,16.28,gage_height_ft,Pajaro River at Chittenden
11159000,2023-03-22 11:15,16.38,gage_height_ft,Pajaro River at Chittenden
11159000,2023-03-22 11:30,16.47,gage_height_ft,Pajaro River at Chittenden
11159000,2023-03-22 11:45,16.56,gage_height_ft,Pajaro River at Chittenden
11159000,2023-03-22 12:00,16.67,gage_height_ft,Pajaro River at Chittenden
11159000,2023-03-22 12:15,16.77,gage_height_ft,Pajaro River at Chittenden
11159000,2023-03-22 12:30,16.83,gage_height_ft,Pajaro River at Chittenden
11159000,2023-03-22 13:30,17.3,gage_height_ft,Pajaro River at Chittenden
11159000,2023-03-22 13:45,17.49,gage_height_ft,Pajaro River at Chittenden
11159000,2023-03-22 14:00,17.57,gage_height_ft,Pajaro River at Chittenden
11159000,2023-03-22 14:15,17.68,gage_height_ft,Pajaro River at Chittenden
11159000,2023-03-22 14:45,17.9,gage_height_ft,Pajaro River at Chittenden
11159000,2023-03-22 15:15,18.13,gage_height_ft,Pajaro River at Chittenden
11159000,2023-03-22 15:30,18.24,gage_height_ft,Pajaro River at Chittenden
11159000,2023-03-22 15:45,18.35,gage_height_ft,Pajaro River at Chittenden
11159000,2023-03-22 16:00,18.37,gage_height_ft,Pajaro River at Chittenden
11159000,2023-03-22 16:15,18.54,gage_height_ft,Pajaro River at Chittenden
11159000,2023-03-22 16:30,18.61,gage_height_ft,Pajaro River at Chittenden
11159000,2023-03-22 16:45,18.72,gage_height_ft,Pajaro River at Chittenden
11159000,2023-03-22 17:00,18.82,gage_height_ft,Pajaro River at Chittenden
11159000,2023-03-22 17:15,18.9,gage_height_ft,Pajaro River at Chittenden
11159000,2023-03-22 17:30,18.98,gage_height_ft,Pajaro River at Chittenden
11159000,2023-03-22 17:45,19.07,gage_height_ft,Pajaro River at Chittenden
11159000,2023-03-22 18:00,19.18,gage_height_ft,Pajaro River at Chittenden
11159000,2023-03-22 18:15,19.21,gage_height_ft,Pajaro River at Chittenden
11159000,2023-03-22 18:30,19.26,gage_height_ft,Pajaro River at Chittenden
11159000,2023-03-22 18:45,19.33,gage_height_ft,Pajaro River at Chittenden
11159000,2023-03-22 19:00,19.37,gage_height_ft,Pajaro River at Chittenden
11159000,2023-03-22 19:30,19.48,gage_height_ft,Pajaro River at Chittenden
11159000,2023-03-22 19:45,19.51,gage_height_ft,Pajaro River at Chittenden
11159000,2023-03-22 20:00,19.56,gage_height_ft,Pajaro River at Chittenden
11159000,2023-03-22 20:15,19.55,gage_height_ft,Pajaro River at Chittenden
11159000,2023-03-22 20:30,19.64,gage_height_ft,Pajaro River at Chittenden
11159000,2023-03-22 20:45,19.67,gage_height_ft,Pajaro River at Chittenden
11159000,2023-03-22 21:00,19.66,gage_height_ft,Pajaro River at Chittenden
11159000,2023-03-22 21:15,19.73,gage_height_ft,Pajaro River at Chittenden
11159000,2023-03-22 21:30,19.73,gage_height_ft,Pajaro River at Chittenden
11159000,2023-03-22 21:45,19.78,gage_height_ft,Pajaro River at Chittenden
11159000,2023-03-22 22:00,19.8,gage_height_ft,Pajaro River at Chittenden
11159000,2023-03-22 22:15,19.83,gage_height_ft,Pajaro River at Chittenden
11159000,2023-03-22 22:30,19.84,gage_height_ft,Pajaro River at Chittenden
11159000,2023-03-22 22:45,19.88,gage_height_ft,Pajaro River at Chittenden
11159000,2023-03-22 23:00,19.88,gage_height_ft,Pajaro River at Chittenden
11159000,2023-03-22 23:15,19.88,gage_height_ft,Pajaro River at Chittenden
11159000,2023-03-22 23:30,19.88,gage_height_ft,Pajaro River at Chittenden
11159000,2023-03-22 23:45,19.91,gage_height_ft,Pajaro River at Chittenden
11159500,2023-03-08 00:00,1110.0,discharge_cfs,Pajaro River at Watsonville
11159500,2023-03-08 00:15,1100.0,discharge_cfs,Pajaro River at Watsonville
11159500,2023-03-08 00:30,1100.0,discharge_cfs,Pajaro River at Watsonville
11159500,2023-03-08 00:45,1100.0,discharge_cfs,Pajaro River at Watsonville
11159500,2023-03-08 01:00,1100.0,discharge_cfs,Pajaro River at Watsonville
11159500,2023-03-08 01:15,1090.0,discharge_cfs,Pajaro River at Watsonville
11159500,2023-03-08 01:30,1090.0,discharge_cfs,Pajaro River at Watsonville
11159500,2023-03-08 01:45,1090.0,discharge_cfs,Pajaro River at Watsonville
11159500,2023-03-08 02:00,1090.0,discharge_cfs,Pajaro River at Watsonville
11159500,2023-03-08 02:15,1090.0,discharge_cfs,Pajaro River at Watsonville
11159500,2023-03-08 02:30,1080.0,discharge_cfs,Pajaro River at Watsonville
11159500,2023-03-08 02:45,1080.0,discharge_cfs,Pajaro River at Watsonville
11159500,2023-03-08 03:00,1080.0,discharge_cfs,Pajaro River at Watsonville
11159500,2023-03-08 03:15,1070.0,discharge_cfs,Pajaro River at Watsonville
11159500,2023-03-08 03:30,1070.0,discharge_cfs,Pajaro River at Watsonville
11159500,2023-03-08 03:45,1070.0,discharge_cfs,Pajaro River at Watsonville
11159500,2023-03-08 04:00,1070.0,discharge_cfs,Pajaro River at Watsonville
11159500,2023-03-08 04:15,1070.0,discharge_cfs,Pajaro River at Watsonville
11159500,2023-03-08 04:30,1060.0,discharge_cfs,Pajaro River at Watsonville
11159500,2023-03-08 04:45,1060.0,discharge_cfs,Pajaro River at Watsonville
11159500,2023-03-08 05:00,1060.0,discharge_cfs,Pajaro River at Watsonville
11159500,2023-03-08 05:15,1060.0,discharge_cfs,Pajaro River at Watsonville
11159500,2023-03-08 05:30,1050.0,discharge_cfs,Pajaro River at Watsonville
11159500,2023-03-08 05:45,1050.0,discharge_cfs,Pajaro River at Watsonville
11159500,2023-03-08 06:00,1050.0,discharge_cfs,Pajaro River at Watsonville
11159500,2023-03-08 06:15,1050.0,discharge_cfs,Pajaro River at Watsonville
11159500,2023-03-08 06:30,1050.0,discharge_cfs,Pajaro River at Watsonville
11159500,2023-03-08 06:45,1050.0,discharge_cfs,Pajaro River at Watsonville
11159500,2023-03-08 07:00,1050.0,discharge_cfs,Pajaro River at Watsonville
11159500,2023-03-08 07:15,1050.0,discharge_cfs,Pajaro River at Watsonville
11159500,2023-03-08 07:30,1050.0,discharge_cfs,Pajaro River at Watsonville
11159500,2023-03-08 07:45,1050.0,discharge_cfs,Pajaro River at Watsonville
11159500,2023-03-08 08:00,1050.0,discharge_cfs,Pajaro River at Watsonville
11159500,2023-03-08 08:15,1050.0,discharge_cfs,Pajaro River at Watsonville
11159500,2023-03-08 08:30,1040.0,discharge_cfs,Pajaro River at Watsonville
11159500,2023-03-08 08:45,1040.0,discharge_cfs,Pajaro River at Watsonville
11159500,2023-03-08 09:00,1040.0,discharge_cfs,Pajaro River at Watsonville
11159500,2023-03-08 09:15,1040.0,discharge_cfs,Pajaro River at Watsonville
11159500,2023-03-08 09:30,1030.0,discharge_cfs,Pajaro River at Watsonville
11159500,2023-03-08 09:45,1030.0,discharge_cfs,Pajaro River at Watsonville
11159500,2023-03-08 10:00,1030.0,discharge_cfs,Pajaro River at Watsonville
11159500,2023-03-08 10:15,1040.0,discharge_cfs,Pajaro River at Watsonville
11159500,2023-03-08 10:30,1040.0,discharge_cfs,Pajaro River at Watsonville
11159500,2023-03-08 10:45,1040.0,discharge_cfs,Pajaro River at Watsonville
11159500,2023-03-08 11:00,1040.0,discharge_cfs,Pajaro River at Watsonville
11159500,2023-03-08 11:15,1030.0,discharge_cfs,Pajaro River at Watsonville
11159500,2023-03-08 11:30,1030.0,discharge_cfs,Pajaro River at Watsonville
11159500,2023-03-08 11:45,1030.0,discharge_cfs,Pajaro River at Watsonville
11159500,2023-03-08 12:00,1030.0,discharge_cfs,Pajaro River at Watsonville
11159500,2023-03-08 12:15,1030.0,discharge_cfs,Pajaro River at Watsonville
11159500,2023-03-08 12:30,1030.0,discharge_cfs,Pajaro River at Watsonville
11159500,2023-03-08 12:45,1030.0,discharge_cfs,Pajaro River at Watsonville
11159500,2023-03-08 13:00,1030.0,discharge_cfs,Pajaro River at Watsonville
11159500,2023-03-08 13:15,1030.0,discharge_cfs,Pajaro River at Watsonville
11159500,2023-03-08 13:30,1030.0,discharge_cfs,Pajaro River at Watsonville
11159500,2023-03-08 13:45,1030.0,discharge_cfs,Pajaro River at Watsonville
11159500,2023-03-08 14:00,1020.0,discharge_cfs,Pajaro River at Watsonville
11159500,2023-03-08 14:15,1020.0,discharge_cfs,Pajaro River at Watsonville
11159500,2023-03-08 14:30,1020.0,discharge_cfs,Pajaro River at Watsonville
11159500,2023-03-08 14:45,1020.0,discharge_cfs,Pajaro River at Watsonville
11159500,2023-03-08 15:00,1020.0,discharge_cfs,Pajaro River at Watsonville
11159500,2023-03-08 15:15,1010.0,discharge_cfs,Pajaro River at Watsonville
11159500,2023-03-08 15:30,1010.0,discharge_cfs,Pajaro River at Watsonville
11159500,2023-03-08 15:45,1010.0,discharge_cfs,Pajaro River at Watsonville
11159500,2023-03-08 16:00,1010.0,discharge_cfs,Pajaro River at Watsonville
11159500,2023-03-08 16:15,1000.0,discharge_cfs,Pajaro River at Watsonville
11159500,2023-03-08 16:30,1000.0,discharge_cfs,Pajaro River at Watsonville
11159500,2023-03-08 16:45,997.0,discharge_cfs,Pajaro River at Watsonville
11159500,2023-03-08 17:00,994.0,discharge_cfs,Pajaro River at Watsonville
11159500,2023-03-08 17:15,991.0,discharge_cfs,Pajaro River at Watsonville
11159500,2023-03-08 17:30,991.0,discharge_cfs,Pajaro River at Watsonville
11159500,2023-03-08 17:45,988.0,discharge_cfs,Pajaro River at Watsonville
11159500,2023-03-08 18:00,988.0,discharge_cfs,Pajaro River at Watsonville
11159500,2023-03-08 18:15,985.0,discharge_cfs,Pajaro River at Watsonville
11159500,2023-03-08 18:30,985.0,discharge_cfs,Pajaro River at Watsonville
11159500,2023-03-08 18:45,978.0,discharge_cfs,Pajaro River at Watsonville
11159500,2023-03-08 19:00,978.0,discharge_cfs,Pajaro River at Watsonville
11159500,2023-03-08 19:15,975.0,discharge_cfs,Pajaro River at Watsonville
11159500,2023-03-08 19:30,972.0,discharge_cfs,Pajaro River at Watsonville
11159500,2023-03-08 19:45,975.0,discharge_cfs,Pajaro River at Watsonville
11159500,2023-03-08 20:00,972.0,discharge_cfs,Pajaro River at Watsonville
11159500,2023-03-08 20:15,972.0,discharge_cfs,Pajaro River at Watsonville
11159500,2023-03-08 20:30,969.0,discharge_cfs,Pajaro River at Watsonville
11159500,2023-03-08 20:45,969.0,discharge_cfs,Pajaro River at Watsonville
11159500,2023-03-08 21:00,966.0,discharge_cfs,Pajaro River at Watsonville
11159500,2023-03-08 21:15,963.0,discharge_cfs,Pajaro River at Watsonville
11159500,2023-03-08 21:30,963.0,discharge_cfs,Pajaro River at Watsonville
11159500,2023-03-08 21:45,963.0,discharge_cfs,Pajaro River at Watsonville
11159500,2023-03-08 22:00,959.0,discharge_cfs,Pajaro River at Watsonville
11159500,2023-03-08 22:15,959.0,discharge_cfs,Pajaro River at Watsonville
11159500,2023-03-08 22:30,959.0,discharge_cfs,Pajaro River at Watsonville
11159500,2023-03-08 22:45,959.0,discharge_cfs,Pajaro River at Watsonville
11159500,2023-03-08 23:00,956.0,discharge_cfs,Pajaro River at Watsonville
11159500,2023-03-08 23:15,956.0,discharge_cfs,Pajaro River at Watsonville
11159500,2023-03-08 23:30,956.0,discharge_cfs,Pajaro River at Watsonville
11159500,2023-03-08 23:45,953.0,discharge_cfs,Pajaro River at Watsonville
11159500,2023-03-09 00:00,953.0,discharge_cfs,Pajaro River at Watsonville
11159500,2023-03-09 00:15,950.0,discharge_cfs,Pajaro River at Watsonville
11159500,2023-03-09 00:30,950.0,discharge_cfs,Pajaro River at Watsonville
11159500,2023-03-09 00:45,947.0,discharge_cfs,Pajaro River at Watsonville
11159500,2023-03-09 01:00,947.0,discharge_cfs,Pajaro River at Watsonville
11159500,2023-03-09 01:15,944.0,discharge_cfs,Pajaro River at Watsonville
11159500,2023-03-09 01:30,944.0,discharge_cfs,Pajaro River at Watsonville
11159500,2023-03-09 01:45,941.0,discharge_cfs,Pajaro River at Watsonville
11159500,2023-03-09 02:00,944.0,discharge_cfs,Pajaro River at Watsonville
11159500,2023-03-09 02:15,941.0,discharge_cfs,Pajaro River at Watsonville
11159500,2023-03-09 02:30,938.0,discharge_cfs,Pajaro River at Watsonville
11159500,2023-03-09 02:45,938.0,discharge_cfs,Pajaro River at Watsonville
11159500,2023-03-09 03:00,935.0,discharge_cfs,Pajaro River at Watsonville
11159500,2023-03-09 03:15,932.0,discharge_cfs,Pajaro River at Watsonville
11159500,2023-03-09 03:30,929.0,discharge_cfs,Pajaro River at Watsonville
11159500,2023-03-09 03:45,929.0,discharge_cfs,Pajaro River at Watsonville
11159500,2023-03-09 04:00,929.0,discharge_cfs,Pajaro River at Watsonville
11159500,2023-03-09 04:15,925.0,discharge_cfs,Pajaro River at Watsonville
11159500,2023-03-09 04:30,925.0,discharge_cfs,Pajaro River at Watsonville
11159500,2023-03-09 04:45,925.0,discharge_cfs,Pajaro River at Watsonville
11159500,2023-03-09 05:00,919.0,discharge_cfs,Pajaro River at Watsonville
11159500,2023-03-09 05:15,919.0,discharge_cfs,Pajaro River at Watsonville
11159500,2023-03-09 05:30,919.0,discharge_cfs,Pajaro River at Watsonville
11159500,2023-03-09 05:45,919.0,discharge_cfs,Pajaro River at Watsonville
11159500,2023-03-09 06:00,919.0,discharge_cfs,Pajaro River at Watsonville
11159500,2023-03-09 06:15,916.0,discharge_cfs,Pajaro River at Watsonville
11159500,2023-03-09 06:30,916.0,discharge_cfs,Pajaro River at Watsonville
11159500,2023-03-09 06:45,913.0,discharge_cfs,Pajaro River at Watsonville
11159500,2023-03-09 07:00,916.0,discharge_cfs,Pajaro River at Watsonville
11159500,2023-03-09 07:15,913.0,discharge_cfs,Pajaro River at Watsonville
11159500,2023-03-09 07:30,913.0,discharge_cfs,Pajaro River at Watsonville
11159500,2023-03-09 07:45,910.0,discharge_cfs,Pajaro River at Watsonville
11159500,2023-03-09 08:00,910.0,discharge_cfs,Pajaro River at Watsonville
11159500,2023-03-09 08:15,910.0,discharge_cfs,Pajaro River at Watsonville
11159500,2023-03-09 08:30,907.0,discharge_cfs,Pajaro River at Watsonville
11159500,2023-03-09 08:45,904.0,discharge_cfs,Pajaro River at Watsonville
11159500,2023-03-09 09:00,904.0,discharge_cfs,Pajaro River at Watsonville
11159500,2023-03-09 09:15,907.0,discharge_cfs,Pajaro River at Watsonville
11159500,2023-03-09 09:30,901.0,discharge_cfs,Pajaro River at Watsonville
11159500,2023-03-09 09:45,901.0,discharge_cfs,Pajaro River at Watsonville
11159500,2023-03-09 10:00,901.0,discharge_cfs,Pajaro River at Watsonville
11159500,2023-03-09 10:15,898.0,discharge_cfs,Pajaro River at Watsonville
11159500,2023-03-09 10:30,901.0,discharge_cfs,Pajaro River at Watsonville
11159500,2023-03-09 10:45,898.0,discharge_cfs,Pajaro River at Watsonville
11159500,2023-03-09 11:00,898.0,discharge_cfs,Pajaro River at Watsonville
11159500,2023-03-09 11:15,898.0,discharge_cfs,Pajaro River at Watsonville
11159500,2023-03-09 11:30,895.0,discharge_cfs,Pajaro River at Watsonville
11159500,2023-03-09 11:45,895.0,discharge_cfs,Pajaro River at Watsonville
11159500,2023-03-09 12:00,895.0,discharge_cfs,Pajaro River at Watsonville
11159500,2023-03-09 12:15,895.0,discharge_cfs,Pajaro River at Watsonville
11159500,2023-03-09 12:30,895.0,discharge_cfs,Pajaro River at Watsonville
11159500,2023-03-09 12:45,898.0,discharge_cfs,Pajaro River at Watsonville
11159500,2023-03-09 13:00,901.0,discharge_cfs,Pajaro River at Watsonville
11159500,2023-03-09 13:15,904.0,discharge_cfs,Pajaro River at Watsonville
11159500,2023-03-09 13:30,904.0,discharge_cfs,Pajaro River at Watsonville
11159500,2023-03-09 13:45,910.0,discharge_cfs,Pajaro River at Watsonville
11159500,2023-03-09 14:00,922.0,discharge_cfs,Pajaro River at Watsonville
11159500,2023-03-09 14:15,929.0,discharge_cfs,Pajaro River at Watsonville
11159500,2023-03-09 14:30,938.0,discharge_cfs,Pajaro River at Watsonville
11159500,2023-03-09 14:45,941.0,discharge_cfs,Pajaro River at Watsonville
11159500,2023-03-09 15:00,944.0,discharge_cfs,Pajaro River at Watsonville
11159500,2023-03-09 15:15,947.0,discharge_cfs,Pajaro River at Watsonville
11159500,2023-03-09 15:30,959.0,discharge_cfs,Pajaro River at Watsonville
11159500,2023-03-09 15:45,978.0,discharge_cfs,Pajaro River at Watsonville
11159500,2023-03-09 16:00,994.0,discharge_cfs,Pajaro River at Watsonville
11159500,2023-03-09 16:15,1000.0,discharge_cfs,Pajaro River at Watsonville
11159500,2023-03-09 16:30,997.0,discharge_cfs,Pajaro River at Watsonville
11159500,2023-03-09 16:45,997.0,discharge_cfs,Pajaro River at Watsonville
11159500,2023-03-09 17:00,1000.0,discharge_cfs,Pajaro River at Watsonville
11159500,2023-03-09 17:15,1010.0,discharge_cfs,Pajaro River at Watsonville
11159500,2023-03-09 17:30,1030.0,discharge_cfs,Pajaro River at Watsonville
11159500,2023-03-09 17:45,1040.0,discharge_cfs,Pajaro River at Watsonville
11159500,2023-03-09 18:00,1050.0,discharge_cfs,Pajaro River at Watsonville
11159500,2023-03-09 18:15,1050.0,discharge_cfs,Pajaro River at Watsonville
11159500,2023-03-09 18:30,1060.0,discharge_cfs,Pajaro River at Watsonville
11159500,2023-03-09 18:45,1070.0,discharge_cfs,Pajaro River at Watsonville
11159500,2023-03-09 19:00,1080.0,discharge_cfs,Pajaro River at Watsonville
11159500,2023-03-09 19:15,1090.0,discharge_cfs,Pajaro River at Watsonville
11159500,2023-03-09 19:30,1090.0,discharge_cfs,Pajaro River at Watsonville
11159500,2023-03-09 19:45,1090.0,discharge_cfs,Pajaro River at Watsonville
11159500,2023-03-09 20:00,1100.0,discharge_cfs,Pajaro River at Watsonville
11159500,2023-03-09 20:15,1110.0,discharge_cfs,Pajaro River at Watsonville
11159500,2023-03-09 20:30,1130.0,discharge_cfs,Pajaro River at Watsonville
11159500,2023-03-09 20:45,1140.0,discharge_cfs,Pajaro River at Watsonville
11159500,2023-03-09 21:00,1170.0,discharge_cfs,Pajaro River at Watsonville
11159500,2023-03-09 21:15,1200.0,discharge_cfs,Pajaro River at Watsonville
11159500,2023-03-09 21:30,1240.0,discharge_cfs,Pajaro River at Watsonville
11159500,2023-03-09 21:45,1260.0,discharge_cfs,Pajaro River at Watsonville
11159500,2023-03-09 22:00,1280.0,discharge_cfs,Pajaro River at Watsonville
11159500,2023-03-09 22:15,1310.0,discharge_cfs,Pajaro River at Watsonville
11159500,2023-03-09 22:30,1340.0,discharge_cfs,Pajaro River at Watsonville
11159500,2023-03-09 22:45,1390.0,discharge_cfs,Pajaro River at Watsonville
11159500,2023-03-09 23:00,1440.0,discharge_cfs,Pajaro River at Watsonville
11159500,2023-03-09 23:15,1480.0,discharge_cfs,Pajaro River at Watsonville
11159500,2023-03-09 23:30,1560.0,discharge_cfs,Pajaro River at Watsonville
11159500,2023-03-09 23:45,1610.0,discharge_cfs,Pajaro River at Watsonville
11159500,2023-03-10 00:00,1680.0,discharge_cfs,Pajaro River at Watsonville
11159500,2023-03-10 00:15,1770.0,discharge_cfs,Pajaro River at Watsonville
11159500,2023-03-10 00:30,1890.0,discharge_cfs,Pajaro River at Watsonville
11159500,2023-03-10 00:45,2010.0,discharge_cfs,Pajaro River at Watsonville
11159500,2023-03-10 01:00,2090.0,discharge_cfs,Pajaro River at Watsonville
11159500,2023-03-10 01:15,2160.0,discharge_cfs,Pajaro River at Watsonville
11159500,2023-03-10 01:30,2230.0,discharge_cfs,Pajaro River at Watsonville
11159500,2023-03-10 01:45,2320.0,discharge_cfs,Pajaro River at Watsonville
11159500,2023-03-10 02:00,2430.0,discharge_cfs,Pajaro River at Watsonville
11159500,2023-03-10 02:15,2520.0,discharge_cfs,Pajaro River at Watsonville
11159500,2023-03-10 02:30,2600.0,discharge_cfs,Pajaro River at Watsonville
11159500,2023-03-10 02:45,2680.0,discharge_cfs,Pajaro River at Watsonville
11159500,2023-03-10 03:00,2750.0,discharge_cfs,Pajaro River at Watsonville
11159500,2023-03-10 03:15,2840.0,discharge_cfs,Pajaro River at Watsonville
11159500,2023-03-10 03:30,2910.0,discharge_cfs,Pajaro River at Watsonville
11159500,2023-03-10 03:45,2990.0,discharge_cfs,Pajaro River at Watsonville
11159500,2023-03-10 04:00,3070.0,discharge_cfs,Pajaro River at Watsonville
11159500,2023-03-10 04:15,3160.0,discharge_cfs,Pajaro River at Watsonville
11159500,2023-03-10 04:30,3260.0,discharge_cfs,Pajaro River at Watsonville
11159500,2023-03-10 04:45,3340.0,discharge_cfs,Pajaro River at Watsonville
11159500,2023-03-10 05:00,3450.0,discharge_cfs,Pajaro River at Watsonville
11159500,2023-03-10 05:15,3540.0,discharge_cfs,Pajaro River at Watsonville
11159500,2023-03-10 05:30,3640.0,discharge_cfs,Pajaro River at Watsonville
11159500,2023-03-10 05:45,3750.0,discharge_cfs,Pajaro River at Watsonville
11159500,2023-03-10 06:00,3870.0,discharge_cfs,Pajaro River at Watsonville
11159500,2023-03-10 06:15,3990.0,discharge_cfs,Pajaro River at Watsonville
11159500,2023-03-10 06:30,4100.0,discharge_cfs,Pajaro River at Watsonville
11159500,2023-03-10 06:45,4220.0,discharge_cfs,Pajaro River at Watsonville
11159500,2023-03-10 07:00,4330.0,discharge_cfs,Pajaro River at Watsonville
11159500,2023-03-10 07:15,4450.0,discharge_cfs,Pajaro River at Watsonville
11159500,2023-03-10 07:30,4580.0,discharge_cfs,Pajaro River at Watsonville
11159500,2023-03-10 07:45,4740.0,discharge_cfs,Pajaro River at Watsonville
11159500,2023-03-10 08:00,4880.0,discharge_cfs,Pajaro River at Watsonville
11159500,2023-03-10 08:15,5030.0,discharge_cfs,Pajaro River at Watsonville
11159500,2023-03-10 08:30,5180.0,discharge_cfs,Pajaro River at Watsonville
11159500,2023-03-10 08:45,5350.0,discharge_cfs,Pajaro River at Watsonville
11159500,2023-03-10 09:00,5520.0,discharge_cfs,Pajaro River at Watsonville
11159500,2023-03-10 09:15,5710.0,discharge_cfs,Pajaro River at Watsonville
11159500,2023-03-10 09:30,5880.0,discharge_cfs,Pajaro River at Watsonville
11159500,2023-03-10 09:45,6090.0,discharge_cfs,Pajaro River at Watsonville
11159500,2023-03-10 10:00,6280.0,discharge_cfs,Pajaro River at Watsonville
11159500,2023-03-10 10:15,6480.0,discharge_cfs,Pajaro River at Watsonville
11159500,2023-03-10 10:30,6660.0,discharge_cfs,Pajaro River at Watsonville
11159500,2023-03-10 10:45,6840.0,discharge_cfs,Pajaro River at Watsonville
11159500,2023-03-10 11:00,7020.0,discharge_cfs,Pajaro River at Watsonville
11159500,2023-03-10 11:15,7170.0,discharge_cfs,Pajaro River at Watsonville
11159500,2023-03-10 11:30,7340.0,discharge_cfs,Pajaro River at Watsonville
11159500,2023-03-10 11:45,7500.0,discharge_cfs,Pajaro River at Watsonville
11159500,2023-03-10 12:00,7650.0,discharge_cfs,Pajaro River at Watsonville
11159500,2023-03-10 12:15,7810.0,discharge_cfs,Pajaro River at Watsonville
11159500,2023-03-10 12:30,7950.0,discharge_cfs,Pajaro River at Watsonville
11159500,2023-03-10 12:45,8090.0,discharge_cfs,Pajaro River at Watsonville
11159500,2023-03-10 13:00,8230.0,discharge_cfs,Pajaro River at Watsonville
11159500,2023-03-10 13:15,8380.0,discharge_cfs,Pajaro River at Watsonville
11159500,2023-03-10 13:30,8520.0,discharge_cfs,Pajaro River at Watsonville
11159500,2023-03-10 13:45,8660.0,discharge_cfs,Pajaro River at Watsonville
11159500,2023-03-10 14:00,8790.0,discharge_cfs,Pajaro River at Watsonville
11159500,2023-03-10 14:15,8930.0,discharge_cfs,Pajaro River at Watsonville
11159500,2023-03-10 14:30,9050.0,discharge_cfs,Pajaro River at Watsonville
11159500,2023-03-10 14:45,9170.0,discharge_cfs,Pajaro River at Watsonville
11159500,2023-03-10 15:00,9280.0,discharge_cfs,Pajaro River at Watsonville
11159500,2023-03-10 15:15,9400.0,discharge_cfs,Pajaro River at Watsonville
11159500,2023-03-10 15:30,9520.0,discharge_cfs,Pajaro River at Watsonville
11159500,2023-03-10 15:45,9630.0,discharge_cfs,Pajaro River at Watsonville
11159500,2023-03-10 16:00,9750.0,discharge_cfs,Pajaro River at Watsonville
11159500,2023-03-10 16:15,9860.0,discharge_cfs,Pajaro River at Watsonville
11159500,2023-03-10 16:30,9950.0,discharge_cfs,Pajaro River at Watsonville
11159500,2023-03-10 16:45,10000.0,discharge_cfs,Pajaro River at Watsonville
11159500,2023-03-10 17:00,10200.0,discharge_cfs,Pajaro River at Watsonville
11159500,2023-03-10 17:15,10300.0,discharge_cfs,Pajaro River at Watsonville
11159500,2023-03-10 17:30,10400.0,discharge_cfs,Pajaro River at Watsonville
11159500,2023-03-10 17:45,10500.0,discharge_cfs,Pajaro River at Watsonville
11159500,2023-03-10 18:00,10600.0,discharge_cfs,Pajaro River at Watsonville
11159500,2023-03-10 18:15,10700.0,discharge_cfs,Pajaro River at Watsonville
11159500,2023-03-10 18:30,10800.0,discharge_cfs,Pajaro River at Watsonville
11159500,2023-03-10 18:45,10900.0,discharge_cfs,Pajaro River at Watsonville
11159500,2023-03-10 19:00,11000.0,discharge_cfs,Pajaro River at Watsonville
11159500,2023-03-10 19:15,11100.0,discharge_cfs,Pajaro River at Watsonville
11159500,2023-03-10 19:30,11100.0,discharge_cfs,Pajaro River at Watsonville
11159500,2023-03-10 19:45,11200.0,discharge_cfs,Pajaro River at Watsonville
11159500,2023-03-10 20:00,11300.0,discharge_cfs,Pajaro River at Watsonville
11159500,2023-03-10 20:15,11400.0,discharge_cfs,Pajaro River at Watsonville
11159500,2023-03-10 20:30,11500.0,discharge_cfs,Pajaro River at Watsonville
11159500,2023-03-10 20:45,11500.0,discharge_cfs,Pajaro River at Watsonville
11159500,2023-03-10 21:00,11600.0,discharge_cfs,Pajaro River at Watsonville
11159500,2023-03-10 21:15,11700.0,discharge_cfs,Pajaro River at Watsonville
11159500,2023-03-10 21:30,11800.0,discharge_cfs,Pajaro River at Watsonville
11159500,2023-03-10 21:45,11900.0,discharge_cfs,Pajaro River at Watsonville
11159500,2023-03-10 22:00,11900.0,discharge_cfs,Pajaro River at Watsonville
11159500,2023-03-10 22:15,12000.0,discharge_cfs,Pajaro River at Watsonville
11159500,2023-03-10 22:30,12100.0,discharge_cfs,Pajaro River at Watsonville
11159500,2023-03-10 22:45,12200.0,discharge_cfs,Pajaro River at Watsonville
11159500,2023-03-10 23:00,12300.0,discharge_cfs,Pajaro River at Watsonville
11159500,2023-03-10 23:15,12400.0,discharge_cfs,Pajaro River at Watsonville
11159500,2023-03-10 23:30,12400.0,discharge_cfs,Pajaro River at Watsonville
11159500,2023-03-10 23:45,12500.0,discharge_cfs,Pajaro River at Watsonville
11159500,2023-03-11 00:00,12600.0,discharge_cfs,Pajaro River at Watsonville
11159500,2023-03-11 00:15,12700.0,discharge_cfs,Pajaro River at Watsonville
11159500,2023-03-11 00:30,12800.0,discharge_cfs,Pajaro River at Watsonville
11159500,2023-03-11 00:45,12800.0,discharge_cfs,Pajaro River at Watsonville
11159500,2023-03-11 01:00,12800.0,discharge_cfs,Pajaro River at Watsonville
11159500,2023-03-11 01:15,12800.0,discharge_cfs,Pajaro River at Watsonville
11159500,2023-03-11 01:30,12700.0,discharge_cfs,Pajaro River at Watsonville
11159500,2023-03-11 01:45,12600.0,discharge_cfs,Pajaro River at Watsonville
11159500,2023-03-11 02:00,12500.0,discharge_cfs,Pajaro River at Watsonville
11159500,2023-03-11 02:15,12400.0,discharge_cfs,Pajaro River at Watsonville
11159500,2023-03-11 02:30,12400.0,discharge_cfs,Pajaro River at Watsonville
11159500,2023-03-11 02:45,12300.0,discharge_cfs,Pajaro River at Watsonville
11159500,2023-03-11 03:00,12200.0,discharge_cfs,Pajaro River at Watsonville
11159500,2023-03-11 03:15,12100.0,discharge_cfs,Pajaro River at Watsonville
11159500,2023-03-11 03:30,12000.0,discharge_cfs,Pajaro River at Watsonville
11159500,2023-03-11 03:45,11900.0,discharge_cfs,Pajaro River at Watsonville
11159500,2023-03-11 04:00,11800.0,discharge_cfs,Pajaro River at Watsonville
11159500,2023-03-11 04:15,11700.0,discharge_cfs,Pajaro River at Watsonville
11159500,2023-03-11 04:30,11600.0,discharge_cfs,Pajaro River at Watsonville
11159500,2023-03-11 04:45,11500.0,discharge_cfs,Pajaro River at Watsonville
11159500,2023-03-11 05:00,11400.0,discharge_cfs,Pajaro River at Watsonville
11159500,2023-03-11 05:15,11300.0,discharge_cfs,Pajaro River at Watsonville
11159500,2023-03-11 05:30,11200.0,discharge_cfs,Pajaro River at Watsonville
11159500,2023-03-11 05:45,11100.0,discharge_cfs,Pajaro River at Watsonville
11159500,2023-03-11 06:00,11100.0,discharge_cfs,Pajaro River at Watsonville
11159500,2023-03-11 06:15,11000.0,discharge_cfs,Pajaro River at Watsonville
11159500,2023-03-11 06:30,10900.0,discharge_cfs,Pajaro River at Watsonville
11159500,2023-03-11 06:45,10800.0,discharge_cfs,Pajaro River at Watsonville
11159500,2023-03-11 07:00,10800.0,discharge_cfs,Pajaro River at Watsonville
11159500,2023-03-11 07:15,10700.0,discharge_cfs,Pajaro River at Watsonville
11159500,2023-03-11 07:30,10700.0,discharge_cfs,Pajaro River at Watsonville
11159500,2023-03-11 07:45,10600.0,discharge_cfs,Pajaro River at Watsonville
11159500,2023-03-11 08:00,10600.0,discharge_cfs,Pajaro River at Watsonville
11159500,2023-03-11 08:15,10500.0,discharge_cfs,Pajaro River at Watsonville
11159500,2023-03-11 08:30,10500.0,discharge_cfs,Pajaro River at Watsonville
11159500,2023-03-11 08:45,10500.0,discharge_cfs,Pajaro River at Watsonville
11159500,2023-03-11 09:00,10400.0,discharge_cfs,Pajaro River at Watsonville
11159500,2023-03-11 09:15,10400.0,discharge_cfs,Pajaro River at Watsonville
11159500,2023-03-11 09:30,10300.0,discharge_cfs,Pajaro River at Watsonville
11159500,2023-03-11 09:45,10300.0,discharge_cfs,Pajaro River at Watsonville
11159500,2023-03-11 10:00,10300.0,discharge_cfs,Pajaro River at Watsonville
11159500,2023-03-11 10:15,10200.0,discharge_cfs,Pajaro River at Watsonville
11159500,2023-03-11 10:30,10200.0,discharge_cfs,Pajaro River at Watsonville
11159500,2023-03-11 10:45,10100.0,discharge_cfs,Pajaro River at Watsonville
11159500,2023-03-11 11:00,10100.0,discharge_cfs,Pajaro River at Watsonville
11159500,2023-03-11 11:15,10100.0,discharge_cfs,Pajaro River at Watsonville
11159500,2023-03-11 11:30,10100.0,discharge_cfs,Pajaro River at Watsonville
11159500,2023-03-11 11:45,10000.0,discharge_cfs,Pajaro River at Watsonville
11159500,2023-03-11 12:00,9990.0,discharge_cfs,Pajaro River at Watsonville
11159500,2023-03-11 12:15,9970.0,discharge_cfs,Pajaro River at Watsonville
11159500,2023-03-11 12:30,9950.0,discharge_cfs,Pajaro River at Watsonville
11159500,2023-03-11 12:45,9910.0,discharge_cfs,Pajaro River at Watsonville
11159500,2023-03-11 13:00,9890.0,discharge_cfs,Pajaro River at Watsonville
11159500,2023-03-11 13:15,9860.0,discharge_cfs,Pajaro River at Watsonville
11159500,2023-03-11 13:30,9850.0,discharge_cfs,Pajaro River at Watsonville
11159500,2023-03-11 13:45,9830.0,discharge_cfs,Pajaro River at Watsonville
11159500,2023-03-11 14:00,9800.0,discharge_cfs,Pajaro River at Watsonville
11159500,2023-03-11 14:15,9800.0,discharge_cfs,Pajaro River at Watsonville
11159500,2023-03-11 14:30,9790.0,discharge_cfs,Pajaro River at Watsonville
11159500,2023-03-11 14:45,9770.0,discharge_cfs,Pajaro River at Watsonville
11159500,2023-03-11 15:00,9750.0,discharge_cfs,Pajaro River at Watsonville
11159500,2023-03-11 15:15,9730.0,discharge_cfs,Pajaro River at Watsonville
11159500,2023-03-11 15:30,9720.0,discharge_cfs,Pajaro River at Watsonville
11159500,2023-03-11 15:45,9690.0,discharge_cfs,Pajaro River at Watsonville
11159500,2023-03-11 16:00,9680.0,discharge_cfs,Pajaro River at Watsonville
11159500,2023-03-11 16:15,9670.0,discharge_cfs,Pajaro River at Watsonville
11159500,2023-03-11 16:30,9650.0,discharge_cfs,Pajaro River at Watsonville
11159500,2023-03-11 16:45,9630.0,discharge_cfs,Pajaro River at Watsonville
11159500,2023-03-11 17:00,9620.0,discharge_cfs,Pajaro River at Watsonville
11159500,2023-03-11 17:15,9600.0,discharge_cfs,Pajaro River at Watsonville
11159500,2023-03-11 17:30,9600.0,discharge_cfs,Pajaro River at Watsonville
11159500,2023-03-11 17:45,9550.0,discharge_cfs,Pajaro River at Watsonville
11159500,2023-03-11 18:00,9550.0,discharge_cfs,Pajaro River at Watsonville
11159500,2023-03-11 18:15,9530.0,discharge_cfs,Pajaro River at Watsonville
11159500,2023-03-11 18:30,9540.0,discharge_cfs,Pajaro River at Watsonville
11159500,2023-03-11 18:45,9490.0,discharge_cfs,Pajaro River at Watsonville
11159500,2023-03-11 19:00,9480.0,discharge_cfs,Pajaro River at Watsonville
11159500,2023-03-11 19:15,9470.0,discharge_cfs,Pajaro River at Watsonville
11159500,2023-03-11 19:30,9450.0,discharge_cfs,Pajaro River at Watsonville
11159500,2023-03-11 19:45,9430.0,discharge_cfs,Pajaro River at Watsonville
11159500,2023-03-11 20:00,9400.0,discharge_cfs,Pajaro River at Watsonville
11159500,2023-03-11 20:15,9390.0,discharge_cfs,Pajaro River at Watsonville
11159500,2023-03-11 20:30,9350.0,discharge_cfs,Pajaro River at Watsonville
11159500,2023-03-11 20:45,9350.0,discharge_cfs,Pajaro River at Watsonville
11159500,2023-03-11 21:00,9330.0,discharge_cfs,Pajaro River at Watsonville
11159500,2023-03-11 21:15,9290.0,discharge_cfs,Pajaro River at Watsonville
11159500,2023-03-11 21:30,9290.0,discharge_cfs,Pajaro River at Watsonville
11159500,2023-03-11 21:45,9250.0,discharge_cfs,Pajaro River at Watsonville
11159500,2023-03-11 22:00,9220.0,discharge_cfs,Pajaro River at Watsonville
11159500,2023-03-11 22:15,9190.0,discharge_cfs,Pajaro River at Watsonville
11159500,2023-03-11 22:30,9170.0,discharge_cfs,Pajaro River at Watsonville
11159500,2023-03-11 22:45,9100.0,discharge_cfs,Pajaro River at Watsonville
11159500,2023-03-11 23:00,9030.0,discharge_cfs,Pajaro River at Watsonville
11159500,2023-03-11 23:15,8980.0,discharge_cfs,Pajaro River at Watsonville
11159500,2023-03-11 23:30,8890.0,discharge_cfs,Pajaro River at Watsonville
11159500,2023-03-11 23:45,8830.0,discharge_cfs,Pajaro River at Watsonville
11159500,2023-03-12 00:00,8750.0,discharge_cfs,Pajaro River at Watsonville
11159500,2023-03-12 00:15,8700.0,discharge_cfs,Pajaro River at Watsonville
11159500,2023-03-12 00:30,8700.0,discharge_cfs,Pajaro River at Watsonville
11159500,2023-03-12 00:45,8540.0,discharge_cfs,Pajaro River at Watsonville
11159500,2023-03-12 01:00,8490.0,discharge_cfs,Pajaro River at Watsonville
11159500,2023-03-12 01:15,8450.0,discharge_cfs,Pajaro River at Watsonville
11159500,2023-03-12 01:30,8400.0,discharge_cfs,Pajaro River at Watsonville
11159500,2023-03-12 01:45,8350.0,discharge_cfs,Pajaro River at Watsonville
11159500,2023-03-12 03:00,8320.0,discharge_cfs,Pajaro River at Watsonville
11159500,2023-03-12 03:15,8270.0,discharge_cfs,Pajaro River at Watsonville
11159500,2023-03-12 03:30,8240.0,discharge_cfs,Pajaro River at Watsonville
11159500,2023-03-12 03:45,8200.0,discharge_cfs,Pajaro River at Watsonville
11159500,2023-03-12 04:00,8190.0,discharge_cfs,Pajaro River at Watsonville
11159500,2023-03-12 04:15,8150.0,discharge_cfs,Pajaro River at Watsonville
11159500,2023-03-12 04:30,8110.0,discharge_cfs,Pajaro River at Watsonville
11159500,2023-03-12 04:45,8100.0,discharge_cfs,Pajaro River at Watsonville
11159500,2023-03-12 05:00,8060.0,discharge_cfs,Pajaro River at Watsonville
11159500,2023-03-12 05:15,8030.0,discharge_cfs,Pajaro River at Watsonville
11159500,2023-03-12 05:30,8010.0,discharge_cfs,Pajaro River at Watsonville
11159500,2023-03-12 05:45,7980.0,discharge_cfs,Pajaro River at Watsonville
11159500,2023-03-12 06:00,7960.0,discharge_cfs,Pajaro River at Watsonville
11159500,2023-03-12 06:15,7940.0,discharge_cfs,Pajaro River at Watsonville
11159500,2023-03-12 06:30,7900.0,discharge_cfs,Pajaro River at Watsonville
11159500,2023-03-12 06:45,7860.0,discharge_cfs,Pajaro River at Watsonville
11159500,2023-03-12 07:00,7830.0,discharge_cfs,Pajaro River at Watsonville
11159500,2023-03-12 07:15,7800.0,discharge_cfs,Pajaro River at Watsonville
11159500,2023-03-12 07:30,7770.0,discharge_cfs,Pajaro River at Watsonville
11159500,2023-03-12 07:45,7740.0,discharge_cfs,Pajaro River at Watsonville
11159500,2023-03-12 08:00,7710.0,discharge_cfs,Pajaro River at Watsonville
11159500,2023-03-12 08:15,7670.0,discharge_cfs,Pajaro River at Watsonville
11159500,2023-03-12 08:30,7640.0,discharge_cfs,Pajaro River at Watsonville
11159500,2023-03-12 08:45,7610.0,discharge_cfs,Pajaro River at Watsonville
11159500,2023-03-12 09:00,7570.0,discharge_cfs,Pajaro River at Watsonville
11159500,2023-03-12 09:15,7540.0,discharge_cfs,Pajaro River at Watsonville
11159500,2023-03-12 09:30,7510.0,discharge_cfs,Pajaro River at Watsonville
11159500,2023-03-12 09:45,7470.0,discharge_cfs,Pajaro River at Watsonville
11159500,2023-03-12 10:00,7440.0,discharge_cfs,Pajaro River at Watsonville
11159500,2023-03-12 10:15,7410.0,discharge_cfs,Pajaro River at Watsonville
11159500,2023-03-12 10:30,7390.0,discharge_cfs,Pajaro River at Watsonville
11159500,2023-03-12 10:45,7360.0,discharge_cfs,Pajaro River at Watsonville
11159500,2023-03-12 11:00,7340.0,discharge_cfs,Pajaro River at Watsonville
11159500,2023-03-12 11:15,7340.0,discharge_cfs,Pajaro River at Watsonville
11159500,2023-03-12 11:30,7290.0,discharge_cfs,Pajaro River at Watsonville
11159500,2023-03-12 11:45,7270.0,discharge_cfs,Pajaro River at Watsonville
11159500,2023-03-12 12:00,7250.0,discharge_cfs,Pajaro River at Watsonville
11159500,2023-03-12 12:15,7230.0,discharge_cfs,Pajaro River at Watsonville
11159500,2023-03-12 12:30,7200.0,discharge_cfs,Pajaro River at Watsonville
11159500,2023-03-12 12:45,7180.0,discharge_cfs,Pajaro River at Watsonville
11159500,2023-03-12 13:00,7160.0,discharge_cfs,Pajaro River at Watsonville
11159500,2023-03-12 13:15,7140.0,discharge_cfs,Pajaro River at Watsonville
11159500,2023-03-12 13:30,7120.0,discharge_cfs,Pajaro River at Watsonville
11159500,2023-03-12 13:45,7110.0,discharge_cfs,Pajaro River at Watsonville
11159500,2023-03-12 14:00,7090.0,discharge_cfs,Pajaro River at Watsonville
11159500,2023-03-12 14:15,7070.0,discharge_cfs,Pajaro River at Watsonville
11159500,2023-03-12 14:30,7050.0,discharge_cfs,Pajaro River at Watsonville
11159500,2023-03-12 14:45,7030.0,discharge_cfs,Pajaro River at Watsonville
11159500,2023-03-12 15:00,7020.0,discharge_cfs,Pajaro River at Watsonville
11159500,2023-03-12 15:15,7000.0,discharge_cfs,Pajaro River at Watsonville
11159500,2023-03-12 15:30,6980.0,discharge_cfs,Pajaro River at Watsonville
11159500,2023-03-12 15:45,6960.0,discharge_cfs,Pajaro River at Watsonville
11159500,2023-03-12 16:00,6940.0,discharge_cfs,Pajaro River at Watsonville
11159500,2023-03-12 16:15,6920.0,discharge_cfs,Pajaro River at Watsonville
11159500,2023-03-12 16:30,6900.0,discharge_cfs,Pajaro River at Watsonville
11159500,2023-03-12 16:45,6880.0,discharge_cfs,Pajaro River at Watsonville
11159500,2023-03-12 17:00,6870.0,discharge_cfs,Pajaro River at Watsonville
11159500,2023-03-12 17:15,6850.0,discharge_cfs,Pajaro River at Watsonville
11159500,2023-03-12 17:30,6830.0,discharge_cfs,Pajaro River at Watsonville
11159500,2023-03-12 17:45,6810.0,discharge_cfs,Pajaro River at Watsonville
11159500,2023-03-12 18:00,6790.0,discharge_cfs,Pajaro River at Watsonville
11159500,2023-03-12 18:15,6770.0,discharge_cfs,Pajaro River at Watsonville
11159500,2023-03-12 18:30,6770.0,discharge_cfs,Pajaro River at Watsonville
11159500,2023-03-12 18:45,6750.0,discharge_cfs,Pajaro River at Watsonville
11159500,2023-03-12 19:00,6730.0,discharge_cfs,Pajaro River at Watsonville
11159500,2023-03-12 19:15,6720.0,discharge_cfs,Pajaro River at Watsonville
11159500,2023-03-12 19:30,6700.0,discharge_cfs,Pajaro River at Watsonville
11159500,2023-03-12 19:45,6700.0,discharge_cfs,Pajaro River at Watsonville
11159500,2023-03-12 20:00,6670.0,discharge_cfs,Pajaro River at Watsonville
11159500,2023-03-12 20:15,6650.0,discharge_cfs,Pajaro River at Watsonville
11159500,2023-03-12 20:30,6620.0,discharge_cfs,Pajaro River at Watsonville
11159500,2023-03-12 20:45,6610.0,discharge_cfs,Pajaro River at Watsonville
11159500,2023-03-12 21:00,6600.0,discharge_cfs,Pajaro River at Watsonville
11159500,2023-03-12 21:15,6580.0,discharge_cfs,Pajaro River at Watsonville
11159500,2023-03-12 21:30,6560.0,discharge_cfs,Pajaro River at Watsonville
11159500,2023-03-12 21:45,6540.0,discharge_cfs,Pajaro River at Watsonville
11159500,2023-03-12 22:00,6520.0,discharge_cfs,Pajaro River at Watsonville
11159500,2023-03-12 22:15,6510.0,discharge_cfs,Pajaro River at Watsonville
11159500,2023-03-12 22:30,6500.0,discharge_cfs,Pajaro River at Watsonville
11159500,2023-03-12 22:45,6490.0,discharge_cfs,Pajaro River at Watsonville
11159500,2023-03-12 23:00,6460.0,discharge_cfs,Pajaro River at Watsonville
11159500,2023-03-12 23:15,6440.0,discharge_cfs,Pajaro River at Watsonville
11159500,2023-03-12 23:30,6430.0,discharge_cfs,Pajaro River at Watsonville
11159500,2023-03-12 23:45,6410.0,discharge_cfs,Pajaro River at Watsonville
11159500,2023-03-13 00:00,6400.0,discharge_cfs,Pajaro River at Watsonville
11159500,2023-03-13 00:15,6380.0,discharge_cfs,Pajaro River at Watsonville
11159500,2023-03-13 00:30,6370.0,discharge_cfs,Pajaro River at Watsonville
11159500,2023-03-13 00:45,6350.0,discharge_cfs,Pajaro River at Watsonville
11159500,2023-03-13 01:00,6340.0,discharge_cfs,Pajaro River at Watsonville
11159500,2023-03-13 01:15,6320.0,discharge_cfs,Pajaro River at Watsonville
11159500,2023-03-13 01:30,6310.0,discharge_cfs,Pajaro River at Watsonville
11159500,2023-03-13 01:45,6290.0,discharge_cfs,Pajaro River at Watsonville
11159500,2023-03-13 02:00,6270.0,discharge_cfs,Pajaro River at Watsonville
11159500,2023-03-13 02:15,6260.0,discharge_cfs,Pajaro River at Watsonville
11159500,2023-03-13 02:30,6250.0,discharge_cfs,Pajaro River at Watsonville
11159500,2023-03-13 02:45,6240.0,discharge_cfs,Pajaro River at Watsonville
11159500,2023-03-13 03:00,6210.0,discharge_cfs,Pajaro River at Watsonville
11159500,2023-03-13 03:15,6190.0,discharge_cfs,Pajaro River at Watsonville
11159500,2023-03-13 03:30,6170.0,discharge_cfs,Pajaro River at Watsonville
11159500,2023-03-13 03:45,6160.0,discharge_cfs,Pajaro River at Watsonville
11159500,2023-03-13 04:00,6140.0,discharge_cfs,Pajaro River at Watsonville
11159500,2023-03-13 04:15,6120.0,discharge_cfs,Pajaro River at Watsonville
11159500,2023-03-13 04:30,6110.0,discharge_cfs,Pajaro River at Watsonville
11159500,2023-03-13 04:45,6090.0,discharge_cfs,Pajaro River at Watsonville
11159500,2023-03-13 05:00,6070.0,discharge_cfs,Pajaro River at Watsonville
11159500,2023-03-13 05:15,6050.0,discharge_cfs,Pajaro River at Watsonville
11159500,2023-03-13 05:30,6040.0,discharge_cfs,Pajaro River at Watsonville
11159500,2023-03-13 05:45,6030.0,discharge_cfs,Pajaro River at Watsonville
11159500,2023-03-13 06:00,6010.0,discharge_cfs,Pajaro River at Watsonville
11159500,2023-03-13 06:15,5990.0,discharge_cfs,Pajaro River at Watsonville
11159500,2023-03-13 06:30,5970.0,discharge_cfs,Pajaro River at Watsonville
11159500,2023-03-13 06:45,5970.0,discharge_cfs,Pajaro River at Watsonville
11159500,2023-03-13 07:00,5950.0,discharge_cfs,Pajaro River at Watsonville
11159500,2023-03-13 07:15,5940.0,discharge_cfs,Pajaro River at Watsonville
11159500,2023-03-13 07:30,5930.0,discharge_cfs,Pajaro River at Watsonville
11159500,2023-03-13 07:45,5910.0,discharge_cfs,Pajaro River at Watsonville
11159500,2023-03-13 08:00,5890.0,discharge_cfs,Pajaro River at Watsonville
11159500,2023-03-13 08:15,5880.0,discharge_cfs,Pajaro River at Watsonville
11159500,2023-03-13 08:30,5850.0,discharge_cfs,Pajaro River at Watsonville
11159500,2023-03-13 08:45,5850.0,discharge_cfs,Pajaro River at Watsonville
11159500,2023-03-13 09:00,5840.0,discharge_cfs,Pajaro River at Watsonville
11159500,2023-03-13 09:15,5820.0,discharge_cfs,Pajaro River at Watsonville
11159500,2023-03-13 09:30,5800.0,discharge_cfs,Pajaro River at Watsonville
11159500,2023-03-13 09:45,5790.0,discharge_cfs,Pajaro River at Watsonville
11159500,2023-03-13 10:00,5770.0,discharge_cfs,Pajaro River at Watsonville
11159500,2023-03-13 10:15,5760.0,discharge_cfs,Pajaro River at Watsonville
11159500,2023-03-13 10:30,5740.0,discharge_cfs,Pajaro River at Watsonville
11159500,2023-03-13 10:45,5720.0,discharge_cfs,Pajaro River at Watsonville
11159500,2023-03-13 11:00,5710.0,discharge_cfs,Pajaro River at Watsonville
11159500,2023-03-13 11:30,5680.0,discharge_cfs,Pajaro River at Watsonville
11159500,2023-03-13 11:45,5660.0,discharge_cfs,Pajaro River at Watsonville
11159500,2023-03-13 12:00,5650.0,discharge_cfs,Pajaro River at Watsonville
11159500,2023-03-13 12:15,5640.0,discharge_cfs,Pajaro River at Watsonville
11159500,2023-03-13 12:30,5610.0,discharge_cfs,Pajaro River at Watsonville
11159500,2023-03-13 12:45,5600.0,discharge_cfs,Pajaro River at Watsonville
11159500,2023-03-13 13:00,5590.0,discharge_cfs,Pajaro River at Watsonville
11159500,2023-03-13 13:15,5570.0,discharge_cfs,Pajaro River at Watsonville
11159500,2023-03-13 13:30,5550.0,discharge_cfs,Pajaro River at Watsonville
11159500,2023-03-13 13:45,5530.0,discharge_cfs,Pajaro River at Watsonville
11159500,2023-03-13 14:00,5510.0,discharge_cfs,Pajaro River at Watsonville
11159500,2023-03-13 14:15,5490.0,discharge_cfs,Pajaro River at Watsonville
11159500,2023-03-13 14:30,5460.0,discharge_cfs,Pajaro River at Watsonville
11159500,2023-03-13 14:45,5450.0,discharge_cfs,Pajaro River at Watsonville
11159500,2023-03-13 15:00,5430.0,discharge_cfs,Pajaro River at Watsonville
11159500,2023-03-13 15:15,5410.0,discharge_cfs,Pajaro River at Watsonville
11159500,2023-03-13 15:30,5400.0,discharge_cfs,Pajaro River at Watsonville
11159500,2023-03-13 15:45,5370.0,discharge_cfs,Pajaro River at Watsonville
11159500,2023-03-13 16:00,5360.0,discharge_cfs,Pajaro River at Watsonville
11159500,2023-03-13 16:15,5340.0,discharge_cfs,Pajaro River at Watsonville
11159500,2023-03-13 16:30,5330.0,discharge_cfs,Pajaro River at Watsonville
11159500,2023-03-13 16:45,5310.0,discharge_cfs,Pajaro River at Watsonville
11159500,2023-03-13 17:00,5300.0,discharge_cfs,Pajaro River at Watsonville
11159500,2023-03-13 17:15,5290.0,discharge_cfs,Pajaro River at Watsonville
11159500,2023-03-13 17:30,5260.0,discharge_cfs,Pajaro River at Watsonville
11159500,2023-03-13 17:45,5260.0,discharge_cfs,Pajaro River at Watsonville
11159500,2023-03-13 18:00,5240.0,discharge_cfs,Pajaro River at Watsonville
11159500,2023-03-13 18:15,5210.0,discharge_cfs,Pajaro River at Watsonville
11159500,2023-03-13 18:30,5200.0,discharge_cfs,Pajaro River at Watsonville
11159500,2023-03-13 18:45,5200.0,discharge_cfs,Pajaro River at Watsonville
11159500,2023-03-13 19:00,5170.0,discharge_cfs,Pajaro River at Watsonville
11159500,2023-03-13 19:15,5170.0,discharge_cfs,Pajaro River at Watsonville
11159500,2023-03-13 19:30,5150.0,discharge_cfs,Pajaro River at Watsonville
11159500,2023-03-13 19:45,5130.0,discharge_cfs,Pajaro River at Watsonville
11159500,2023-03-13 20:00,5120.0,discharge_cfs,Pajaro River at Watsonville
11159500,2023-03-13 20:15,5110.0,discharge_cfs,Pajaro River at Watsonville
11159500,2023-03-13 20:30,5100.0,discharge_cfs,Pajaro River at Watsonville
11159500,2023-03-13 20:45,5080.0,discharge_cfs,Pajaro River at Watsonville
11159500,2023-03-13 21:00,5070.0,discharge_cfs,Pajaro River at Watsonville
11159500,2023-03-13 21:15,5060.0,discharge_cfs,Pajaro River at Watsonville
11159500,2023-03-13 21:30,5050.0,discharge_cfs,Pajaro River at Watsonville
11159500,2023-03-13 21:45,5030.0,discharge_cfs,Pajaro River at Watsonville
11159500,2023-03-13 22:00,5010.0,discharge_cfs,Pajaro River at Watsonville
11159500,2023-03-13 22:15,5000.0,discharge_cfs,Pajaro River at Watsonville
11159500,2023-03-13 22:30,4990.0,discharge_cfs,Pajaro River at Watsonville
11159500,2023-03-13 22:45,4970.0,discharge_cfs,Pajaro River at Watsonville
11159500,2023-03-13 23:00,4970.0,discharge_cfs,Pajaro River at Watsonville
11159500,2023-03-13 23:15,4940.0,discharge_cfs,Pajaro River at Watsonville
11159500,2023-03-13 23:30,4930.0,discharge_cfs,Pajaro River at Watsonville
11159500,2023-03-13 23:45,4930.0,discharge_cfs,Pajaro River at Watsonville
11159500,2023-03-14 00:00,4910.0,discharge_cfs,Pajaro River at Watsonville
11159500,2023-03-14 00:15,4890.0,discharge_cfs,Pajaro River at Watsonville
11159500,2023-03-14 00:30,4890.0,discharge_cfs,Pajaro River at Watsonville
11159500,2023-03-14 00:45,4870.0,discharge_cfs,Pajaro River at Watsonville
11159500,2023-03-14 01:00,4860.0,discharge_cfs,Pajaro River at Watsonville
11159500,2023-03-14 01:15,4850.0,discharge_cfs,Pajaro River at Watsonville
11159500,2023-03-14 01:30,4850.0,discharge_cfs,Pajaro River at Watsonville
11159500,2023-03-14 01:45,4830.0,discharge_cfs,Pajaro River at Watsonville
11159500,2023-03-14 02:00,4810.0,discharge_cfs,Pajaro River at Watsonville
11159500,2023-03-14 02:15,4800.0,discharge_cfs,Pajaro River at Watsonville
11159500,2023-03-14 02:30,4790.0,discharge_cfs,Pajaro River at Watsonville
11159500,2023-03-14 02:45,4770.0,discharge_cfs,Pajaro River at Watsonville
11159500,2023-03-14 03:00,4770.0,discharge_cfs,Pajaro River at Watsonville
11159500,2023-03-14 03:15,4760.0,discharge_cfs,Pajaro River at Watsonville
11159500,2023-03-14 03:30,4740.0,discharge_cfs,Pajaro River at Watsonville
11159500,2023-03-14 03:45,4730.0,discharge_cfs,Pajaro River at Watsonville
11159500,2023-03-14 04:00,4730.0,discharge_cfs,Pajaro River at Watsonville
11159500,2023-03-14 04:15,4720.0,discharge_cfs,Pajaro River at Watsonville
11159500,2023-03-14 04:30,4700.0,discharge_cfs,Pajaro River at Watsonville
11159500,2023-03-14 04:45,4710.0,discharge_cfs,Pajaro River at Watsonville
11159500,2023-03-14 05:00,4700.0,discharge_cfs,Pajaro River at Watsonville
11159500,2023-03-14 05:15,4690.0,discharge_cfs,Pajaro River at Watsonville
11159500,2023-03-14 05:30,4670.0,discharge_cfs,Pajaro River at Watsonville
11159500,2023-03-14 05:45,4660.0,discharge_cfs,Pajaro River at Watsonville
11159500,2023-03-14 06:00,4650.0,discharge_cfs,Pajaro River at Watsonville
11159500,2023-03-14 06:15,4640.0,discharge_cfs,Pajaro River at Watsonville
11159500,2023-03-14 06:30,4640.0,discharge_cfs,Pajaro River at Watsonville
11159500,2023-03-14 06:45,4650.0,discharge_cfs,Pajaro River at Watsonville
11159500,2023-03-14 07:00,4660.0,discharge_cfs,Pajaro River at Watsonville
11159500,2023-03-14 07:15,4680.0,discharge_cfs,Pajaro River at Watsonville
11159500,2023-03-14 07:30,4680.0,discharge_cfs,Pajaro River at Watsonville
11159500,2023-03-14 07:45,4700.0,discharge_cfs,Pajaro River at Watsonville
11159500,2023-03-14 08:00,4720.0,discharge_cfs,Pajaro River at Watsonville
11159500,2023-03-14 08:15,4740.0,discharge_cfs,Pajaro River at Watsonville
11159500,2023-03-14 08:30,4760.0,discharge_cfs,Pajaro River at Watsonville
11159500,2023-03-14 08:45,4770.0,discharge_cfs,Pajaro River at Watsonville
11159500,2023-03-14 09:00,4800.0,discharge_cfs,Pajaro River at Watsonville
11159500,2023-03-14 09:15,4810.0,discharge_cfs,Pajaro River at Watsonville
11159500,2023-03-14 09:30,4810.0,discharge_cfs,Pajaro River at Watsonville
11159500,2023-03-14 09:45,4820.0,discharge_cfs,Pajaro River at Watsonville
11159500,2023-03-14 10:00,4830.0,discharge_cfs,Pajaro River at Watsonville
11159500,2023-03-14 10:15,4850.0,discharge_cfs,Pajaro River at Watsonville
11159500,2023-03-14 10:30,4860.0,discharge_cfs,Pajaro River at Watsonville
11159500,2023-03-14 10:45,4890.0,discharge_cfs,Pajaro River at Watsonville
11159500,2023-03-14 11:00,4910.0,discharge_cfs,Pajaro River at Watsonville
11159500,2023-03-14 11:15,4930.0,discharge_cfs,Pajaro River at Watsonville
11159500,2023-03-14 11:30,4930.0,discharge_cfs,Pajaro River at Watsonville
11159500,2023-03-14 11:45,4960.0,discharge_cfs,Pajaro River at Watsonville
11159500,2023-03-14 12:00,4970.0,discharge_cfs,Pajaro River at Watsonville
11159500,2023-03-14 12:15,4980.0,discharge_cfs,Pajaro River at Watsonville
11159500,2023-03-14 12:30,5000.0,discharge_cfs,Pajaro River at Watsonville
11159500,2023-03-14 12:45,5000.0,discharge_cfs,Pajaro River at Watsonville
11159500,2023-03-14 13:00,5010.0,discharge_cfs,Pajaro River at Watsonville
11159500,2023-03-14 13:15,5000.0,discharge_cfs,Pajaro River at Watsonville
11159500,2023-03-14 13:30,5000.0,discharge_cfs,Pajaro River at Watsonville
11159500,2023-03-14 13:45,4990.0,discharge_cfs,Pajaro River at Watsonville
11159500,2023-03-14 14:00,4970.0,discharge_cfs,Pajaro River at Watsonville
11159500,2023-03-14 14:15,4970.0,discharge_cfs,Pajaro River at Watsonville
11159500,2023-03-14 14:30,4930.0,discharge_cfs,Pajaro River at Watsonville
11159500,2023-03-14 14:45,4930.0,discharge_cfs,Pajaro River at Watsonville
11159500,2023-03-14 15:00,4910.0,discharge_cfs,Pajaro River at Watsonville
11159500,2023-03-14 15:15,4880.0,discharge_cfs,Pajaro River at Watsonville
11159500,2023-03-14 15:30,4870.0,discharge_cfs,Pajaro River at Watsonville
11159500,2023-03-14 15:45,4850.0,discharge_cfs,Pajaro River at Watsonville
11159500,2023-03-14 16:00,4820.0,discharge_cfs,Pajaro River at Watsonville
11159500,2023-03-14 16:15,4800.0,discharge_cfs,Pajaro River at Watsonville
11159500,2023-03-14 16:30,4770.0,discharge_cfs,Pajaro River at Watsonville
11159500,2023-03-14 16:45,4750.0,discharge_cfs,Pajaro River at Watsonville
11159500,2023-03-14 17:00,4740.0,discharge_cfs,Pajaro River at Watsonville
11159500,2023-03-14 17:15,4720.0,discharge_cfs,Pajaro River at Watsonville
11159500,2023-03-14 17:30,4710.0,discharge_cfs,Pajaro River at Watsonville
11159500,2023-03-14 17:45,4710.0,discharge_cfs,Pajaro River at Watsonville
11159500,2023-03-14 18:00,4710.0,discharge_cfs,Pajaro River at Watsonville
11159500,2023-03-14 18:15,4700.0,discharge_cfs,Pajaro River at Watsonville
11159500,2023-03-14 18:30,4710.0,discharge_cfs,Pajaro River at Watsonville
11159500,2023-03-14 18:45,4730.0,discharge_cfs,Pajaro River at Watsonville
11159500,2023-03-14 19:00,4740.0,discharge_cfs,Pajaro River at Watsonville
11159500,2023-03-14 19:15,4770.0,discharge_cfs,Pajaro River at Watsonville
11159500,2023-03-14 19:30,4800.0,discharge_cfs,Pajaro River at Watsonville
11159500,2023-03-14 19:45,4830.0,discharge_cfs,Pajaro River at Watsonville
11159500,2023-03-14 20:00,4860.0,discharge_cfs,Pajaro River at Watsonville
11159500,2023-03-14 20:15,4890.0,discharge_cfs,Pajaro River at Watsonville
11159500,2023-03-14 20:30,4920.0,discharge_cfs,Pajaro River at Watsonville
11159500,2023-03-14 20:45,4930.0,discharge_cfs,Pajaro River at Watsonville
11159500,2023-03-14 21:00,4930.0,discharge_cfs,Pajaro River at Watsonville
11159500,2023-03-14 21:15,4930.0,discharge_cfs,Pajaro River at Watsonville
11159500,2023-03-14 21:30,4930.0,discharge_cfs,Pajaro River at Watsonville
11159500,2023-03-14 21:45,4930.0,discharge_cfs,Pajaro River at Watsonville
11159500,2023-03-14 22:00,4930.0,discharge_cfs,Pajaro River at Watsonville
11159500,2023-03-14 22:15,4920.0,discharge_cfs,Pajaro River at Watsonville
11159500,2023-03-14 22:30,4910.0,discharge_cfs,Pajaro River at Watsonville
11159500,2023-03-14 22:45,4890.0,discharge_cfs,Pajaro River at Watsonville
11159500,2023-03-14 23:00,4890.0,discharge_cfs,Pajaro River at Watsonville
11159500,2023-03-14 23:15,4890.0,discharge_cfs,Pajaro River at Watsonville
11159500,2023-03-14 23:30,4870.0,discharge_cfs,Pajaro River at Watsonville
11159500,2023-03-14 23:45,4850.0,discharge_cfs,Pajaro River at Watsonville
11159500,2023-03-15 00:00,4840.0,discharge_cfs,Pajaro River at Watsonville
11159500,2023-03-15 00:15,4830.0,discharge_cfs,Pajaro River at Watsonville
11159500,2023-03-15 00:30,4820.0,discharge_cfs,Pajaro River at Watsonville
11159500,2023-03-15 00:45,4810.0,discharge_cfs,Pajaro River at Watsonville
11159500,2023-03-15 01:00,4810.0,discharge_cfs,Pajaro River at Watsonville
11159500,2023-03-15 01:15,4800.0,discharge_cfs,Pajaro River at Watsonville
11159500,2023-03-15 01:30,4790.0,discharge_cfs,Pajaro River at Watsonville
11159500,2023-03-15 01:45,4780.0,discharge_cfs,Pajaro River at Watsonville
11159500,2023-03-15 02:00,4770.0,discharge_cfs,Pajaro River at Watsonville
11159500,2023-03-15 02:15,4770.0,discharge_cfs,Pajaro River at Watsonville
11159500,2023-03-15 02:30,4770.0,discharge_cfs,Pajaro River at Watsonville
11159500,2023-03-15 02:45,4770.0,discharge_cfs,Pajaro River at Watsonville
11159500,2023-03-15 03:00,4760.0,discharge_cfs,Pajaro River at Watsonville
11159500,2023-03-15 03:15,4760.0,discharge_cfs,Pajaro River at Watsonville
11159500,2023-03-15 03:30,4750.0,discharge_cfs,Pajaro River at Watsonville
11159500,2023-03-15 03:45,4750.0,discharge_cfs,Pajaro River at Watsonville
11159500,2023-03-15 04:00,4750.0,discharge_cfs,Pajaro River at Watsonville
11159500,2023-03-15 04:15,4750.0,discharge_cfs,Pajaro River at Watsonville
11159500,2023-03-15 04:30,4750.0,discharge_cfs,Pajaro River at Watsonville
11159500,2023-03-15 04:45,4750.0,discharge_cfs,Pajaro River at Watsonville
11159500,2023-03-15 05:00,4750.0,discharge_cfs,Pajaro River at Watsonville
11159500,2023-03-15 05:15,4750.0,discharge_cfs,Pajaro River at Watsonville
11159500,2023-03-15 05:30,4760.0,discharge_cfs,Pajaro River at Watsonville
11159500,2023-03-15 05:45,4750.0,discharge_cfs,Pajaro River at Watsonville
11159500,2023-03-15 06:00,4760.0,discharge_cfs,Pajaro River at Watsonville
11159500,2023-03-15 06:15,4760.0,discharge_cfs,Pajaro River at Watsonville
11159500,2023-03-15 06:30,4770.0,discharge_cfs,Pajaro River at Watsonville
11159500,2023-03-15 06:45,4770.0,discharge_cfs,Pajaro River at Watsonville
11159500,2023-03-15 07:00,4770.0,discharge_cfs,Pajaro River at Watsonville
11159500,2023-03-15 07:15,4780.0,discharge_cfs,Pajaro River at Watsonville
11159500,2023-03-15 07:30,4790.0,discharge_cfs,Pajaro River at Watsonville
11159500,2023-03-15 07:45,4800.0,discharge_cfs,Pajaro River at Watsonville
11159500,2023-03-15 08:00,4810.0,discharge_cfs,Pajaro River at Watsonville
11159500,2023-03-15 08:15,4810.0,discharge_cfs,Pajaro River at Watsonville
11159500,2023-03-15 08:30,4810.0,discharge_cfs,Pajaro River at Watsonville
11159500,2023-03-15 08:45,4820.0,discharge_cfs,Pajaro River at Watsonville
11159500,2023-03-15 09:00,4820.0,discharge_cfs,Pajaro River at Watsonville
11159500,2023-03-15 09:15,4840.0,discharge_cfs,Pajaro River at Watsonville
11159500,2023-03-15 09:30,4850.0,discharge_cfs,Pajaro River at Watsonville
11159500,2023-03-15 09:45,4840.0,discharge_cfs,Pajaro River at Watsonville
11159500,2023-03-15 10:00,4850.0,discharge_cfs,Pajaro River at Watsonville
11159500,2023-03-15 10:15,4860.0,discharge_cfs,Pajaro River at Watsonville
11159500,2023-03-15 10:30,4860.0,discharge_cfs,Pajaro River at Watsonville
11159500,2023-03-15 10:45,4870.0,discharge_cfs,Pajaro River at Watsonville
11159500,2023-03-15 11:00,4880.0,discharge_cfs,Pajaro River at Watsonville
11159500,2023-03-15 11:15,4880.0,discharge_cfs,Pajaro River at Watsonville
11159500,2023-03-15 11:30,4880.0,discharge_cfs,Pajaro River at Watsonville
11159500,2023-03-15 11:45,4890.0,discharge_cfs,Pajaro River at Watsonville
11159500,2023-03-15 12:00,4890.0,discharge_cfs,Pajaro River at Watsonville
11159500,2023-03-15 12:15,4900.0,discharge_cfs,Pajaro River at Watsonville
11159500,2023-03-15 12:30,4900.0,discharge_cfs,Pajaro River at Watsonville
11159500,2023-03-15 12:45,4920.0,discharge_cfs,Pajaro River at Watsonville
11159500,2023-03-15 13:00,4930.0,discharge_cfs,Pajaro River at Watsonville
11159500,2023-03-15 13:15,4930.0,discharge_cfs,Pajaro River at Watsonville
11159500,2023-03-15 13:30,4930.0,discharge_cfs,Pajaro River at Watsonville
11159500,2023-03-15 13:45,4940.0,discharge_cfs,Pajaro River at Watsonville
11159500,2023-03-15 14:00,4930.0,discharge_cfs,Pajaro River at Watsonville
11159500,2023-03-15 14:15,4950.0,discharge_cfs,Pajaro River at Watsonville
11159500,2023-03-15 14:30,4960.0,discharge_cfs,Pajaro River at Watsonville
11159500,2023-03-15 14:45,4960.0,discharge_cfs,Pajaro River at Watsonville
11159500,2023-03-15 15:00,4960.0,discharge_cfs,Pajaro River at Watsonville
11159500,2023-03-15 15:15,4960.0,discharge_cfs,Pajaro River at Watsonville
11159500,2023-03-15 15:30,4970.0,discharge_cfs,Pajaro River at Watsonville
11159500,2023-03-15 15:45,4970.0,discharge_cfs,Pajaro River at Watsonville
11159500,2023-03-15 16:00,4970.0,discharge_cfs,Pajaro River at Watsonville
11159500,2023-03-15 16:15,4960.0,discharge_cfs,Pajaro River at Watsonville
11159500,2023-03-15 16:30,4960.0,discharge_cfs,Pajaro River at Watsonville
11159500,2023-03-15 16:45,4960.0,discharge_cfs,Pajaro River at Watsonville
11159500,2023-03-15 17:00,4940.0,discharge_cfs,Pajaro River at Watsonville
11159500,2023-03-15 17:15,4940.0,discharge_cfs,Pajaro River at Watsonville
11159500,2023-03-15 17:30,4940.0,discharge_cfs,Pajaro River at Watsonville
11159500,2023-03-15 17:45,4930.0,discharge_cfs,Pajaro River at Watsonville
11159500,2023-03-15 18:00,4930.0,discharge_cfs,Pajaro River at Watsonville
11159500,2023-03-15 18:15,4920.0,discharge_cfs,Pajaro River at Watsonville
11159500,2023-03-15 18:30,4920.0,discharge_cfs,Pajaro River at Watsonville
11159500,2023-03-15 18:45,4910.0,discharge_cfs,Pajaro River at Watsonville
11159500,2023-03-15 19:00,4900.0,discharge_cfs,Pajaro River at Watsonville
11159500,2023-03-15 19:15,4880.0,discharge_cfs,Pajaro River at Watsonville
11159500,2023-03-15 19:30,4870.0,discharge_cfs,Pajaro River at Watsonville
11159500,2023-03-15 19:45,4860.0,discharge_cfs,Pajaro River at Watsonville
11159500,2023-03-15 20:00,4850.0,discharge_cfs,Pajaro River at Watsonville
11159500,2023-03-15 20:15,4840.0,discharge_cfs,Pajaro River at Watsonville
11159500,2023-03-15 20:30,4830.0,discharge_cfs,Pajaro River at Watsonville
11159500,2023-03-15 20:45,4810.0,discharge_cfs,Pajaro River at Watsonville
11159500,2023-03-15 21:00,4810.0,discharge_cfs,Pajaro River at Watsonville
11159500,2023-03-15 21:15,4790.0,discharge_cfs,Pajaro River at Watsonville
11159500,2023-03-15 21:30,4780.0,discharge_cfs,Pajaro River at Watsonville
11159500,2023-03-15 21:45,4770.0,discharge_cfs,Pajaro River at Watsonville
11159500,2023-03-15 22:00,4750.0,discharge_cfs,Pajaro River at Watsonville
11159500,2023-03-15 22:15,4740.0,discharge_cfs,Pajaro River at Watsonville
11159500,2023-03-15 22:30,4730.0,discharge_cfs,Pajaro River at Watsonville
11159500,2023-03-15 22:45,4720.0,discharge_cfs,Pajaro River at Watsonville
11159500,2023-03-15 23:00,4710.0,discharge_cfs,Pajaro River at Watsonville
11159500,2023-03-15 23:15,4700.0,discharge_cfs,Pajaro River at Watsonville
11159500,2023-03-15 23:30,4680.0,discharge_cfs,Pajaro River at Watsonville
11159500,2023-03-15 23:45,4670.0,discharge_cfs,Pajaro River at Watsonville
11159500,2023-03-16 00:00,4670.0,discharge_cfs,Pajaro River at Watsonville
11159500,2023-03-16 00:15,4650.0,discharge_cfs,Pajaro River at Watsonville
11159500,2023-03-16 00:30,4640.0,discharge_cfs,Pajaro River at Watsonville
11159500,2023-03-16 00:45,4630.0,discharge_cfs,Pajaro River at Watsonville
11159500,2023-03-16 01:00,4610.0,discharge_cfs,Pajaro River at Watsonville
11159500,2023-03-16 01:15,4600.0,discharge_cfs,Pajaro River at Watsonville
11159500,2023-03-16 01:30,4600.0,discharge_cfs,Pajaro River at Watsonville
11159500,2023-03-16 01:45,4580.0,discharge_cfs,Pajaro River at Watsonville
11159500,2023-03-16 02:00,4570.0,discharge_cfs,Pajaro River at Watsonville
11159500,2023-03-16 02:15,4560.0,discharge_cfs,Pajaro River at Watsonville
11159500,2023-03-16 02:30,4550.0,discharge_cfs,Pajaro River at Watsonville
11159500,2023-03-16 02:45,4540.0,discharge_cfs,Pajaro River at Watsonville
11159500,2023-03-16 03:00,4530.0,discharge_cfs,Pajaro River at Watsonville
11159500,2023-03-16 03:15,4520.0,discharge_cfs,Pajaro River at Watsonville
11159500,2023-03-16 03:30,4500.0,discharge_cfs,Pajaro River at Watsonville
11159500,2023-03-16 03:45,4500.0,discharge_cfs,Pajaro River at Watsonville
11159500,2023-03-16 04:00,4480.0,discharge_cfs,Pajaro River at Watsonville
11159500,2023-03-16 04:15,4480.0,discharge_cfs,Pajaro River at Watsonville
11159500,2023-03-16 04:30,4470.0,discharge_cfs,Pajaro River at Watsonville
11159500,2023-03-16 04:45,4470.0,discharge_cfs,Pajaro River at Watsonville
11159500,2023-03-16 05:00,4450.0,discharge_cfs,Pajaro River at Watsonville
11159500,2023-03-16 05:15,4440.0,discharge_cfs,Pajaro River at Watsonville
11159500,2023-03-16 05:30,4440.0,discharge_cfs,Pajaro River at Watsonville
11159500,2023-03-16 05:45,4430.0,discharge_cfs,Pajaro River at Watsonville
11159500,2023-03-16 06:00,4420.0,discharge_cfs,Pajaro River at Watsonville
11159500,2023-03-16 06:15,4400.0,discharge_cfs,Pajaro River at Watsonville
11159500,2023-03-16 06:30,4400.0,discharge_cfs,Pajaro River at Watsonville
11159500,2023-03-16 06:45,4390.0,discharge_cfs,Pajaro River at Watsonville
11159500,2023-03-16 07:00,4380.0,discharge_cfs,Pajaro River at Watsonville
11159500,2023-03-16 07:15,4370.0,discharge_cfs,Pajaro River at Watsonville
11159500,2023-03-16 07:30,4360.0,discharge_cfs,Pajaro River at Watsonville
11159500,2023-03-16 07:45,4360.0,discharge_cfs,Pajaro River at Watsonville
11159500,2023-03-16 08:00,4340.0,discharge_cfs,Pajaro River at Watsonville
11159500,2023-03-16 08:15,4340.0,discharge_cfs,Pajaro River at Watsonville
11159500,2023-03-16 08:30,4330.0,discharge_cfs,Pajaro River at Watsonville
11159500,2023-03-16 08:45,4310.0,discharge_cfs,Pajaro River at Watsonville
11159500,2023-03-16 09:00,4310.0,discharge_cfs,Pajaro River at Watsonville
11159500,2023-03-16 09:15,4300.0,discharge_cfs,Pajaro River at Watsonville
11159500,2023-03-16 09:30,4290.0,discharge_cfs,Pajaro River at Watsonville
11159500,2023-03-16 09:45,4280.0,discharge_cfs,Pajaro River at Watsonville
11159500,2023-03-16 10:00,4270.0,discharge_cfs,Pajaro River at Watsonville
11159500,2023-03-16 10:15,4260.0,discharge_cfs,Pajaro River at Watsonville
11159500,2023-03-16 10:30,4260.0,discharge_cfs,Pajaro River at Watsonville
11159500,2023-03-16 10:45,4250.0,discharge_cfs,Pajaro River at Watsonville
11159500,2023-03-16 11:00,4230.0,discharge_cfs,Pajaro River at Watsonville
11159500,2023-03-16 11:15,4230.0,discharge_cfs,Pajaro River at Watsonville
11159500,2023-03-16 11:30,4210.0,discharge_cfs,Pajaro River at Watsonville
11159500,2023-03-16 11:45,4210.0,discharge_cfs,Pajaro River at Watsonville
11159500,2023-03-16 12:00,4200.0,discharge_cfs,Pajaro River at Watsonville
11159500,2023-03-16 12:15,4180.0,discharge_cfs,Pajaro River at Watsonville
11159500,2023-03-16 12:30,4170.0,discharge_cfs,Pajaro River at Watsonville
11159500,2023-03-16 12:45,4160.0,discharge_cfs,Pajaro River at Watsonville
11159500,2023-03-16 13:00,4150.0,discharge_cfs,Pajaro River at Watsonville
11159500,2023-03-16 13:15,4130.0,discharge_cfs,Pajaro River at Watsonville
11159500,2023-03-16 13:30,4120.0,discharge_cfs,Pajaro River at Watsonville
11159500,2023-03-16 13:45,4110.0,discharge_cfs,Pajaro River at Watsonville
11159500,2023-03-16 14:00,4090.0,discharge_cfs,Pajaro River at Watsonville
11159500,2023-03-16 14:15,4080.0,discharge_cfs,Pajaro River at Watsonville
11159500,2023-03-16 14:30,4070.0,discharge_cfs,Pajaro River at Watsonville
11159500,2023-03-16 14:45,4060.0,discharge_cfs,Pajaro River at Watsonville
11159500,2023-03-16 15:00,4040.0,discharge_cfs,Pajaro River at Watsonville
11159500,2023-03-16 15:15,4040.0,discharge_cfs,Pajaro River at Watsonville
11159500,2023-03-16 15:30,4020.0,discharge_cfs,Pajaro River at Watsonville
11159500,2023-03-16 15:45,4010.0,discharge_cfs,Pajaro River at Watsonville
11159500,2023-03-16 16:00,4000.0,discharge_cfs,Pajaro River at Watsonville
11159500,2023-03-16 16:15,3990.0,discharge_cfs,Pajaro River at Watsonville
11159500,2023-03-16 16:30,3970.0,discharge_cfs,Pajaro River at Watsonville
11159500,2023-03-16 16:45,3970.0,discharge_cfs,Pajaro River at Watsonville
11159500,2023-03-16 17:00,3940.0,discharge_cfs,Pajaro River at Watsonville
11159500,2023-03-16 17:15,3930.0,discharge_cfs,Pajaro River at Watsonville
11159500,2023-03-16 17:30,3920.0,discharge_cfs,Pajaro River at Watsonville
11159500,2023-03-16 17:45,3910.0,discharge_cfs,Pajaro River at Watsonville
11159500,2023-03-16 18:00,3900.0,discharge_cfs,Pajaro River at Watsonville
11159500,2023-03-16 18:15,3880.0,discharge_cfs,Pajaro River at Watsonville
11159500,2023-03-16 18:30,3870.0,discharge_cfs,Pajaro River at Watsonville
11159500,2023-03-16 18:45,3860.0,discharge_cfs,Pajaro River at Watsonville
11159500,2023-03-16 19:00,3840.0,discharge_cfs,Pajaro River at Watsonville
11159500,2023-03-16 19:15,3830.0,discharge_cfs,Pajaro River at Watsonville
11159500,2023-03-16 19:30,3820.0,discharge_cfs,Pajaro River at Watsonville
11159500,2023-03-16 19:45,3800.0,discharge_cfs,Pajaro River at Watsonville
11159500,2023-03-16 20:00,3790.0,discharge_cfs,Pajaro River at Watsonville
11159500,2023-03-16 20:15,3780.0,discharge_cfs,Pajaro River at Watsonville
11159500,2023-03-16 20:30,3770.0,discharge_cfs,Pajaro River at Watsonville
11159500,2023-03-16 20:45,3760.0,discharge_cfs,Pajaro River at Watsonville
11159500,2023-03-16 21:00,3740.0,discharge_cfs,Pajaro River at Watsonville
11159500,2023-03-16 21:15,3740.0,discharge_cfs,Pajaro River at Watsonville
11159500,2023-03-16 21:30,3720.0,discharge_cfs,Pajaro River at Watsonville
11159500,2023-03-16 21:45,3710.0,discharge_cfs,Pajaro River at Watsonville
11159500,2023-03-16 22:00,3700.0,discharge_cfs,Pajaro River at Watsonville
11159500,2023-03-16 22:15,3680.0,discharge_cfs,Pajaro River at Watsonville
11159500,2023-03-16 22:30,3660.0,discharge_cfs,Pajaro River at Watsonville
11159500,2023-03-16 22:45,3650.0,discharge_cfs,Pajaro River at Watsonville
11159500,2023-03-16 23:00,3640.0,discharge_cfs,Pajaro River at Watsonville
11159500,2023-03-16 23:15,3630.0,discharge_cfs,Pajaro River at Watsonville
11159500,2023-03-16 23:30,3620.0,discharge_cfs,Pajaro River at Watsonville
11159500,2023-03-16 23:45,3610.0,discharge_cfs,Pajaro River at Watsonville
11159500,2023-03-17 00:00,3590.0,discharge_cfs,Pajaro River at Watsonville
11159500,2023-03-17 00:15,3580.0,discharge_cfs,Pajaro River at Watsonville
11159500,2023-03-17 00:30,3570.0,discharge_cfs,Pajaro River at Watsonville
11159500,2023-03-17 00:45,3560.0,discharge_cfs,Pajaro River at Watsonville
11159500,2023-03-17 01:00,3550.0,discharge_cfs,Pajaro River at Watsonville
11159500,2023-03-17 01:15,3530.0,discharge_cfs,Pajaro River at Watsonville
11159500,2023-03-17 01:30,3530.0,discharge_cfs,Pajaro River at Watsonville
11159500,2023-03-17 01:45,3510.0,discharge_cfs,Pajaro River at Watsonville
11159500,2023-03-17 02:00,3510.0,discharge_cfs,Pajaro River at Watsonville
11159500,2023-03-17 02:15,3490.0,discharge_cfs,Pajaro River at Watsonville
11159500,2023-03-17 02:30,3480.0,discharge_cfs,Pajaro River at Watsonville
11159500,2023-03-17 02:45,3470.0,discharge_cfs,Pajaro River at Watsonville
11159500,2023-03-17 03:00,3450.0,discharge_cfs,Pajaro River at Watsonville
11159500,2023-03-17 03:15,3450.0,discharge_cfs,Pajaro River at Watsonville
11159500,2023-03-17 03:30,3440.0,discharge_cfs,Pajaro River at Watsonville
11159500,2023-03-17 03:45,3430.0,discharge_cfs,Pajaro River at Watsonville
11159500,2023-03-17 04:00,3420.0,discharge_cfs,Pajaro River at Watsonville
11159500,2023-03-17 04:15,3410.0,discharge_cfs,Pajaro River at Watsonville
11159500,2023-03-17 04:30,3390.0,discharge_cfs,Pajaro River at Watsonville
11159500,2023-03-17 04:45,3380.0,discharge_cfs,Pajaro River at Watsonville
11159500,2023-03-17 05:00,3370.0,discharge_cfs,Pajaro River at Watsonville
11159500,2023-03-17 05:15,3360.0,discharge_cfs,Pajaro River at Watsonville
11159500,2023-03-17 05:30,3350.0,discharge_cfs,Pajaro River at Watsonville
11159500,2023-03-17 05:45,3340.0,discharge_cfs,Pajaro River at Watsonville
11159500,2023-03-17 06:00,3330.0,discharge_cfs,Pajaro River at Watsonville
11159500,2023-03-17 06:15,3320.0,discharge_cfs,Pajaro River at Watsonville
11159500,2023-03-17 06:30,3310.0,discharge_cfs,Pajaro River at Watsonville
11159500,2023-03-17 06:45,3300.0,discharge_cfs,Pajaro River at Watsonville
11159500,2023-03-17 07:00,3290.0,discharge_cfs,Pajaro River at Watsonville
11159500,2023-03-17 07:15,3290.0,discharge_cfs,Pajaro River at Watsonville
11159500,2023-03-17 07:30,3270.0,discharge_cfs,Pajaro River at Watsonville
11159500,2023-03-17 07:45,3260.0,discharge_cfs,Pajaro River at Watsonville
11159500,2023-03-17 08:00,3240.0,discharge_cfs,Pajaro River at Watsonville
11159500,2023-03-17 08:15,3240.0,discharge_cfs,Pajaro River at Watsonville
11159500,2023-03-17 08:30,3220.0,discharge_cfs,Pajaro River at Watsonville
11159500,2023-03-17 08:45,3220.0,discharge_cfs,Pajaro River at Watsonville
11159500,2023-03-17 09:00,3200.0,discharge_cfs,Pajaro River at Watsonville
11159500,2023-03-17 09:15,3190.0,discharge_cfs,Pajaro River at Watsonville
11159500,2023-03-17 09:30,3180.0,discharge_cfs,Pajaro River at Watsonville
11159500,2023-03-17 09:45,3170.0,discharge_cfs,Pajaro River at Watsonville
11159500,2023-03-17 10:00,3170.0,discharge_cfs,Pajaro River at Watsonville
11159500,2023-03-17 10:15,3150.0,discharge_cfs,Pajaro River at Watsonville
11159500,2023-03-17 10:30,3150.0,discharge_cfs,Pajaro River at Watsonville
11159500,2023-03-17 10:45,3140.0,discharge_cfs,Pajaro River at Watsonville
11159500,2023-03-17 11:00,3130.0,discharge_cfs,Pajaro River at Watsonville
11159500,2023-03-17 11:15,3120.0,discharge_cfs,Pajaro River at Watsonville
11159500,2023-03-17 11:30,3110.0,discharge_cfs,Pajaro River at Watsonville
11159500,2023-03-17 11:45,3110.0,discharge_cfs,Pajaro River at Watsonville
11159500,2023-03-17 12:00,3100.0,discharge_cfs,Pajaro River at Watsonville
11159500,2023-03-17 12:15,3090.0,discharge_cfs,Pajaro River at Watsonville
11159500,2023-03-17 12:30,3080.0,discharge_cfs,Pajaro River at Watsonville
11159500,2023-03-17 12:45,3070.0,discharge_cfs,Pajaro River at Watsonville
11159500,2023-03-17 13:00,3060.0,discharge_cfs,Pajaro River at Watsonville
11159500,2023-03-17 13:15,3050.0,discharge_cfs,Pajaro River at Watsonville
11159500,2023-03-17 13:30,3040.0,discharge_cfs,Pajaro River at Watsonville
11159500,2023-03-17 13:45,3040.0,discharge_cfs,Pajaro River at Watsonville
11159500,2023-03-17 14:00,3030.0,discharge_cfs,Pajaro River at Watsonville
11159500,2023-03-17 14:15,3010.0,discharge_cfs,Pajaro River at Watsonville
11159500,2023-03-17 14:30,3010.0,discharge_cfs,Pajaro River at Watsonville
11159500,2023-03-17 14:45,3000.0,discharge_cfs,Pajaro River at Watsonville
11159500,2023-03-17 15:00,3000.0,discharge_cfs,Pajaro River at Watsonville
11159500,2023-03-17 15:15,2990.0,discharge_cfs,Pajaro River at Watsonville
11159500,2023-03-17 15:30,2980.0,discharge_cfs,Pajaro River at Watsonville
11159500,2023-03-17 15:45,2970.0,discharge_cfs,Pajaro River at Watsonville
11159500,2023-03-17 16:00,2970.0,discharge_cfs,Pajaro River at Watsonville
11159500,2023-03-17 16:15,2950.0,discharge_cfs,Pajaro River at Watsonville
11159500,2023-03-17 16:30,2950.0,discharge_cfs,Pajaro River at Watsonville
11159500,2023-03-17 16:45,2940.0,discharge_cfs,Pajaro River at Watsonville
11159500,2023-03-17 17:00,2920.0,discharge_cfs,Pajaro River at Watsonville
11159500,2023-03-17 17:15,2910.0,discharge_cfs,Pajaro River at Watsonville
11159500,2023-03-17 17:30,2900.0,discharge_cfs,Pajaro River at Watsonville
11159500,2023-03-17 17:45,2900.0,discharge_cfs,Pajaro River at Watsonville
11159500,2023-03-17 18:00,2890.0,discharge_cfs,Pajaro River at Watsonville
11159500,2023-03-17 18:15,2870.0,discharge_cfs,Pajaro River at Watsonville
11159500,2023-03-17 18:30,2860.0,discharge_cfs,Pajaro River at Watsonville
11159500,2023-03-17 18:45,2860.0,discharge_cfs,Pajaro River at Watsonville
11159500,2023-03-17 19:00,2850.0,discharge_cfs,Pajaro River at Watsonville
11159500,2023-03-17 19:15,2840.0,discharge_cfs,Pajaro River at Watsonville
11159500,2023-03-17 19:30,2840.0,discharge_cfs,Pajaro River at Watsonville
11159500,2023-03-17 19:45,2820.0,discharge_cfs,Pajaro River at Watsonville
11159500,2023-03-17 20:00,2820.0,discharge_cfs,Pajaro River at Watsonville
11159500,2023-03-17 20:15,2820.0,discharge_cfs,Pajaro River at Watsonville
11159500,2023-03-17 20:30,2800.0,discharge_cfs,Pajaro River at Watsonville
11159500,2023-03-17 20:45,2790.0,discharge_cfs,Pajaro River at Watsonville
11159500,2023-03-17 21:00,2790.0,discharge_cfs,Pajaro River at Watsonville
11159500,2023-03-17 21:15,2780.0,discharge_cfs,Pajaro River at Watsonville
11159500,2023-03-17 21:30,2770.0,discharge_cfs,Pajaro River at Watsonville
11159500,2023-03-17 21:45,2770.0,discharge_cfs,Pajaro River at Watsonville
11159500,2023-03-17 22:00,2760.0,discharge_cfs,Pajaro River at Watsonville
11159500,2023-03-17 22:15,2760.0,discharge_cfs,Pajaro River at Watsonville
11159500,2023-03-17 22:30,2750.0,discharge_cfs,Pajaro River at Watsonville
11159500,2023-03-17 22:45,2740.0,discharge_cfs,Pajaro River at Watsonville
11159500,2023-03-17 23:00,2730.0,discharge_cfs,Pajaro River at Watsonville
11159500,2023-03-17 23:15,2730.0,discharge_cfs,Pajaro River at Watsonville
11159500,2023-03-17 23:30,2720.0,discharge_cfs,Pajaro River at Watsonville
11159500,2023-03-17 23:45,2710.0,discharge_cfs,Pajaro River at Watsonville
11159500,2023-03-18 00:00,2700.0,discharge_cfs,Pajaro River at Watsonville
11159500,2023-03-18 00:15,2700.0,discharge_cfs,Pajaro River at Watsonville
11159500,2023-03-18 00:30,2690.0,discharge_cfs,Pajaro River at Watsonville
11159500,2023-03-18 00:45,2690.0,discharge_cfs,Pajaro River at Watsonville
11159500,2023-03-18 01:00,2680.0,discharge_cfs,Pajaro River at Watsonville
11159500,2023-03-18 01:15,2670.0,discharge_cfs,Pajaro River at Watsonville
11159500,2023-03-18 01:30,2660.0,discharge_cfs,Pajaro River at Watsonville
11159500,2023-03-18 01:45,2660.0,discharge_cfs,Pajaro River at Watsonville
11159500,2023-03-18 02:00,2650.0,discharge_cfs,Pajaro River at Watsonville
11159500,2023-03-18 02:15,2640.0,discharge_cfs,Pajaro River at Watsonville
11159500,2023-03-18 02:30,2640.0,discharge_cfs,Pajaro River at Watsonville
11159500,2023-03-18 02:45,2630.0,discharge_cfs,Pajaro River at Watsonville
11159500,2023-03-18 03:00,2630.0,discharge_cfs,Pajaro River at Watsonville
11159500,2023-03-18 03:15,2620.0,discharge_cfs,Pajaro River at Watsonville
11159500,2023-03-18 03:30,2610.0,discharge_cfs,Pajaro River at Watsonville
11159500,2023-03-18 03:45,2610.0,discharge_cfs,Pajaro River at Watsonville
11159500,2023-03-18 04:00,2600.0,discharge_cfs,Pajaro River at Watsonville
11159500,2023-03-18 04:15,2600.0,discharge_cfs,Pajaro River at Watsonville
11159500,2023-03-18 04:30,2590.0,discharge_cfs,Pajaro River at Watsonville
11159500,2023-03-18 04:45,2580.0,discharge_cfs,Pajaro River at Watsonville
11159500,2023-03-18 05:00,2570.0,discharge_cfs,Pajaro River at Watsonville
11159500,2023-03-18 05:15,2570.0,discharge_cfs,Pajaro River at Watsonville
11159500,2023-03-18 05:30,2570.0,discharge_cfs,Pajaro River at Watsonville
11159500,2023-03-18 05:45,2560.0,discharge_cfs,Pajaro River at Watsonville
11159500,2023-03-18 06:00,2550.0,discharge_cfs,Pajaro River at Watsonville
11159500,2023-03-18 06:15,2550.0,discharge_cfs,Pajaro River at Watsonville
11159500,2023-03-18 06:30,2550.0,discharge_cfs,Pajaro River at Watsonville
11159500,2023-03-18 06:45,2540.0,discharge_cfs,Pajaro River at Watsonville
11159500,2023-03-18 07:00,2520.0,discharge_cfs,Pajaro River at Watsonville
11159500,2023-03-18 07:15,2520.0,discharge_cfs,Pajaro River at Watsonville
11159500,2023-03-18 07:30,2510.0,discharge_cfs,Pajaro River at Watsonville
11159500,2023-03-18 07:45,2510.0,discharge_cfs,Pajaro River at Watsonville
11159500,2023-03-18 08:00,2510.0,discharge_cfs,Pajaro River at Watsonville
11159500,2023-03-18 08:15,2500.0,discharge_cfs,Pajaro River at Watsonville
11159500,2023-03-18 08:30,2500.0,discharge_cfs,Pajaro River at Watsonville
11159500,2023-03-18 08:45,2490.0,discharge_cfs,Pajaro River at Watsonville
11159500,2023-03-18 09:00,2480.0,discharge_cfs,Pajaro River at Watsonville
11159500,2023-03-18 09:15,2480.0,discharge_cfs,Pajaro River at Watsonville
11159500,2023-03-18 09:30,2480.0,discharge_cfs,Pajaro River at Watsonville
11159500,2023-03-18 09:45,2470.0,discharge_cfs,Pajaro River at Watsonville
11159500,2023-03-18 10:00,2470.0,discharge_cfs,Pajaro River at Watsonville
11159500,2023-03-18 10:15,2460.0,discharge_cfs,Pajaro River at Watsonville
11159500,2023-03-18 10:30,2450.0,discharge_cfs,Pajaro River at Watsonville
11159500,2023-03-18 10:45,2450.0,discharge_cfs,Pajaro River at Watsonville
11159500,2023-03-18 11:00,2440.0,discharge_cfs,Pajaro River at Watsonville
11159500,2023-03-18 11:15,2440.0,discharge_cfs,Pajaro River at Watsonville
11159500,2023-03-18 11:30,2440.0,discharge_cfs,Pajaro River at Watsonville
11159500,2023-03-18 11:45,2430.0,discharge_cfs,Pajaro River at Watsonville
11159500,2023-03-18 12:00,2420.0,discharge_cfs,Pajaro River at Watsonville
11159500,2023-03-18 12:15,2420.0,discharge_cfs,Pajaro River at Watsonville
11159500,2023-03-18 12:30,2410.0,discharge_cfs,Pajaro River at Watsonville
11159500,2023-03-18 12:45,2410.0,discharge_cfs,Pajaro River at Watsonville
11159500,2023-03-18 13:00,2410.0,discharge_cfs,Pajaro River at Watsonville
11159500,2023-03-18 13:15,2400.0,discharge_cfs,Pajaro River at Watsonville
11159500,2023-03-18 13:30,2390.0,discharge_cfs,Pajaro River at Watsonville
11159500,2023-03-18 13:45,2380.0,discharge_cfs,Pajaro River at Watsonville
11159500,2023-03-18 14:00,2380.0,discharge_cfs,Pajaro River at Watsonville
11159500,2023-03-18 14:15,2370.0,discharge_cfs,Pajaro River at Watsonville
11159500,2023-03-18 14:30,2370.0,discharge_cfs,Pajaro River at Watsonville
11159500,2023-03-18 14:45,2370.0,discharge_cfs,Pajaro River at Watsonville
11159500,2023-03-18 15:00,2360.0,discharge_cfs,Pajaro River at Watsonville
11159500,2023-03-18 15:15,2350.0,discharge_cfs,Pajaro River at Watsonville
11159500,2023-03-18 15:30,2340.0,discharge_cfs,Pajaro River at Watsonville
11159500,2023-03-18 15:45,2340.0,discharge_cfs,Pajaro River at Watsonville
11159500,2023-03-18 16:00,2330.0,discharge_cfs,Pajaro River at Watsonville
11159500,2023-03-18 16:15,2320.0,discharge_cfs,Pajaro River at Watsonville
11159500,2023-03-18 16:30,2320.0,discharge_cfs,Pajaro River at Watsonville
11159500,2023-03-18 16:45,2320.0,discharge_cfs,Pajaro River at Watsonville
11159500,2023-03-18 17:00,2320.0,discharge_cfs,Pajaro River at Watsonville
11159500,2023-03-18 17:15,2320.0,discharge_cfs,Pajaro River at Watsonville
11159500,2023-03-18 17:30,2310.0,discharge_cfs,Pajaro River at Watsonville
11159500,2023-03-18 17:45,2300.0,discharge_cfs,Pajaro River at Watsonville
11159500,2023-03-18 18:00,2300.0,discharge_cfs,Pajaro River at Watsonville
11159500,2023-03-18 18:15,2290.0,discharge_cfs,Pajaro River at Watsonville
11159500,2023-03-18 18:30,2280.0,discharge_cfs,Pajaro River at Watsonville
11159500,2023-03-18 18:45,2280.0,discharge_cfs,Pajaro River at Watsonville
11159500,2023-03-18 19:00,2270.0,discharge_cfs,Pajaro River at Watsonville
11159500,2023-03-18 19:15,2270.0,discharge_cfs,Pajaro River at Watsonville
11159500,2023-03-18 19:30,2250.0,discharge_cfs,Pajaro River at Watsonville
11159500,2023-03-18 19:45,2250.0,discharge_cfs,Pajaro River at Watsonville
11159500,2023-03-18 20:00,2250.0,discharge_cfs,Pajaro River at Watsonville
11159500,2023-03-18 20:15,2250.0,discharge_cfs,Pajaro River at Watsonville
11159500,2023-03-18 20:30,2250.0,discharge_cfs,Pajaro River at Watsonville
11159500,2023-03-18 20:45,2250.0,discharge_cfs,Pajaro River at Watsonville
11159500,2023-03-18 21:00,2250.0,discharge_cfs,Pajaro River at Watsonville
11159500,2023-03-18 21:15,2240.0,discharge_cfs,Pajaro River at Watsonville
11159500,2023-03-18 21:30,2230.0,discharge_cfs,Pajaro River at Watsonville
11159500,2023-03-18 21:45,2230.0,discharge_cfs,Pajaro River at Watsonville
11159500,2023-03-18 22:00,2230.0,discharge_cfs,Pajaro River at Watsonville
11159500,2023-03-18 22:15,2220.0,discharge_cfs,Pajaro River at Watsonville
11159500,2023-03-18 22:30,2220.0,discharge_cfs,Pajaro River at Watsonville
11159500,2023-03-18 22:45,2210.0,discharge_cfs,Pajaro River at Watsonville
11159500,2023-03-18 23:00,2210.0,discharge_cfs,Pajaro River at Watsonville
11159500,2023-03-18 23:15,2200.0,discharge_cfs,Pajaro River at Watsonville
11159500,2023-03-18 23:30,2200.0,discharge_cfs,Pajaro River at Watsonville
11159500,2023-03-18 23:45,2200.0,discharge_cfs,Pajaro River at Watsonville
11159500,2023-03-19 00:00,2190.0,discharge_cfs,Pajaro River at Watsonville
11159500,2023-03-19 00:15,2180.0,discharge_cfs,Pajaro River at Watsonville
11159500,2023-03-19 00:30,2180.0,discharge_cfs,Pajaro River at Watsonville
11159500,2023-03-19 00:45,2170.0,discharge_cfs,Pajaro River at Watsonville
11159500,2023-03-19 01:00,2170.0,discharge_cfs,Pajaro River at Watsonville
11159500,2023-03-19 01:15,2170.0,discharge_cfs,Pajaro River at Watsonville
11159500,2023-03-19 01:30,2160.0,discharge_cfs,Pajaro River at Watsonville
11159500,2023-03-19 01:45,2160.0,discharge_cfs,Pajaro River at Watsonville
11159500,2023-03-19 02:00,2160.0,discharge_cfs,Pajaro River at Watsonville
11159500,2023-03-19 02:15,2170.0,discharge_cfs,Pajaro River at Watsonville
11159500,2023-03-19 02:30,2160.0,discharge_cfs,Pajaro River at Watsonville
11159500,2023-03-19 02:45,2160.0,discharge_cfs,Pajaro River at Watsonville
11159500,2023-03-19 03:00,2160.0,discharge_cfs,Pajaro River at Watsonville
11159500,2023-03-19 03:15,2150.0,discharge_cfs,Pajaro River at Watsonville
11159500,2023-03-19 03:30,2150.0,discharge_cfs,Pajaro River at Watsonville
11159500,2023-03-19 03:45,2140.0,discharge_cfs,Pajaro River at Watsonville
11159500,2023-03-19 04:00,2130.0,discharge_cfs,Pajaro River at Watsonville
11159500,2023-03-19 04:15,2120.0,discharge_cfs,Pajaro River at Watsonville
11159500,2023-03-19 04:30,2120.0,discharge_cfs,Pajaro River at Watsonville
11159500,2023-03-19 04:45,2120.0,discharge_cfs,Pajaro River at Watsonville
11159500,2023-03-19 05:00,2120.0,discharge_cfs,Pajaro River at Watsonville
11159500,2023-03-19 05:15,2130.0,discharge_cfs,Pajaro River at Watsonville
11159500,2023-03-19 05:30,2130.0,discharge_cfs,Pajaro River at Watsonville
11159500,2023-03-19 05:45,2130.0,discharge_cfs,Pajaro River at Watsonville
11159500,2023-03-19 06:00,2130.0,discharge_cfs,Pajaro River at Watsonville
11159500,2023-03-19 06:15,2150.0,discharge_cfs,Pajaro River at Watsonville
11159500,2023-03-19 06:30,2140.0,discharge_cfs,Pajaro River at Watsonville
11159500,2023-03-19 06:45,2140.0,discharge_cfs,Pajaro River at Watsonville
11159500,2023-03-19 07:00,2120.0,discharge_cfs,Pajaro River at Watsonville
11159500,2023-03-19 07:15,2120.0,discharge_cfs,Pajaro River at Watsonville
11159500,2023-03-19 07:30,2120.0,discharge_cfs,Pajaro River at Watsonville
11159500,2023-03-19 07:45,2110.0,discharge_cfs,Pajaro River at Watsonville
11159500,2023-03-19 08:00,2110.0,discharge_cfs,Pajaro River at Watsonville
11159500,2023-03-19 08:15,2120.0,discharge_cfs,Pajaro River at Watsonville
11159500,2023-03-19 08:30,2120.0,discharge_cfs,Pajaro River at Watsonville
11159500,2023-03-19 08:45,2120.0,discharge_cfs,Pajaro River at Watsonville
11159500,2023-03-19 09:00,2110.0,discharge_cfs,Pajaro River at Watsonville
11159500,2023-03-19 09:15,2110.0,discharge_cfs,Pajaro River at Watsonville
11159500,2023-03-19 09:30,2110.0,discharge_cfs,Pajaro River at Watsonville
11159500,2023-03-19 09:45,2110.0,discharge_cfs,Pajaro River at Watsonville
11159500,2023-03-19 10:00,2100.0,discharge_cfs,Pajaro River at Watsonville
11159500,2023-03-19 10:15,2100.0,discharge_cfs,Pajaro River at Watsonville
11159500,2023-03-19 10:30,2100.0,discharge_cfs,Pajaro River at Watsonville
11159500,2023-03-19 10:45,2090.0,discharge_cfs,Pajaro River at Watsonville
11159500,2023-03-19 11:00,2090.0,discharge_cfs,Pajaro River at Watsonville
11159500,2023-03-19 11:15,2080.0,discharge_cfs,Pajaro River at Watsonville
11159500,2023-03-19 11:30,2080.0,discharge_cfs,Pajaro River at Watsonville
11159500,2023-03-19 11:45,2070.0,discharge_cfs,Pajaro River at Watsonville
11159500,2023-03-19 12:00,2070.0,discharge_cfs,Pajaro River at Watsonville
11159500,2023-03-19 12:15,2070.0,discharge_cfs,Pajaro River at Watsonville
11159500,2023-03-19 12:30,2070.0,discharge_cfs,Pajaro River at Watsonville
11159500,2023-03-19 12:45,2070.0,discharge_cfs,Pajaro River at Watsonville
11159500,2023-03-19 13:00,2070.0,discharge_cfs,Pajaro River at Watsonville
11159500,2023-03-19 13:15,2060.0,discharge_cfs,Pajaro River at Watsonville
11159500,2023-03-19 13:30,2070.0,discharge_cfs,Pajaro River at Watsonville
11159500,2023-03-19 13:45,2060.0,discharge_cfs,Pajaro River at Watsonville
11159500,2023-03-19 14:00,2050.0,discharge_cfs,Pajaro River at Watsonville
11159500,2023-03-19 14:15,2050.0,discharge_cfs,Pajaro River at Watsonville
11159500,2023-03-19 14:30,2040.0,discharge_cfs,Pajaro River at Watsonville
11159500,2023-03-19 14:45,2030.0,discharge_cfs,Pajaro River at Watsonville
11159500,2023-03-19 15:00,2030.0,discharge_cfs,Pajaro River at Watsonville
11159500,2023-03-19 15:15,2030.0,discharge_cfs,Pajaro River at Watsonville
11159500,2023-03-19 15:30,2020.0,discharge_cfs,Pajaro River at Watsonville
11159500,2023-03-19 15:45,2020.0,discharge_cfs,Pajaro River at Watsonville
11159500,2023-03-19 16:00,2030.0,discharge_cfs,Pajaro River at Watsonville
11159500,2023-03-19 16:15,2020.0,discharge_cfs,Pajaro River at Watsonville
11159500,2023-03-19 16:30,2020.0,discharge_cfs,Pajaro River at Watsonville
11159500,2023-03-19 16:45,2020.0,discharge_cfs,Pajaro River at Watsonville
11159500,2023-03-19 17:00,2010.0,discharge_cfs,Pajaro River at Watsonville
11159500,2023-03-19 17:15,2020.0,discharge_cfs,Pajaro River at Watsonville
11159500,2023-03-19 17:30,2010.0,discharge_cfs,Pajaro River at Watsonville
11159500,2023-03-19 17:45,2000.0,discharge_cfs,Pajaro River at Watsonville
11159500,2023-03-19 18:00,2000.0,discharge_cfs,Pajaro River at Watsonville
11159500,2023-03-19 18:15,2000.0,discharge_cfs,Pajaro River at Watsonville
11159500,2023-03-19 18:30,1990.0,discharge_cfs,Pajaro River at Watsonville
11159500,2023-03-19 18:45,1990.0,discharge_cfs,Pajaro River at Watsonville
11159500,2023-03-19 19:00,2000.0,discharge_cfs,Pajaro River at Watsonville
11159500,2023-03-19 19:15,1990.0,discharge_cfs,Pajaro River at Watsonville
11159500,2023-03-19 19:30,2000.0,discharge_cfs,Pajaro River at Watsonville
11159500,2023-03-19 19:45,1990.0,discharge_cfs,Pajaro River at Watsonville
11159500,2023-03-19 20:00,1990.0,discharge_cfs,Pajaro River at Watsonville
11159500,2023-03-19 20:15,1990.0,discharge_cfs,Pajaro River at Watsonville
11159500,2023-03-19 20:30,1990.0,discharge_cfs,Pajaro River at Watsonville
11159500,2023-03-19 20:45,1990.0,discharge_cfs,Pajaro River at Watsonville
11159500,2023-03-19 21:00,1990.0,discharge_cfs,Pajaro River at Watsonville
11159500,2023-03-19 21:15,1980.0,discharge_cfs,Pajaro River at Watsonville
11159500,2023-03-19 21:30,1980.0,discharge_cfs,Pajaro River at Watsonville
11159500,2023-03-19 21:45,1980.0,discharge_cfs,Pajaro River at Watsonville
11159500,2023-03-19 22:00,1980.0,discharge_cfs,Pajaro River at Watsonville
11159500,2023-03-19 22:15,1980.0,discharge_cfs,Pajaro River at Watsonville
11159500,2023-03-19 22:30,1980.0,discharge_cfs,Pajaro River at Watsonville
11159500,2023-03-19 22:45,1970.0,discharge_cfs,Pajaro River at Watsonville
11159500,2023-03-19 23:00,1970.0,discharge_cfs,Pajaro River at Watsonville
11159500,2023-03-19 23:15,1960.0,discharge_cfs,Pajaro River at Watsonville
11159500,2023-03-19 23:30,1960.0,discharge_cfs,Pajaro River at Watsonville
11159500,2023-03-19 23:45,1960.0,discharge_cfs,Pajaro River at Watsonville
11159500,2023-03-20 00:00,1960.0,discharge_cfs,Pajaro River at Watsonville
11159500,2023-03-20 00:15,1960.0,discharge_cfs,Pajaro River at Watsonville
11159500,2023-03-20 00:30,1950.0,discharge_cfs,Pajaro River at Watsonville
11159500,2023-03-20 00:45,1950.0,discharge_cfs,Pajaro River at Watsonville
11159500,2023-03-20 01:00,1950.0,discharge_cfs,Pajaro River at Watsonville
11159500,2023-03-20 01:15,1950.0,discharge_cfs,Pajaro River at Watsonville
11159500,2023-03-20 01:30,1950.0,discharge_cfs,Pajaro River at Watsonville
11159500,2023-03-20 01:45,1940.0,discharge_cfs,Pajaro River at Watsonville
11159500,2023-03-20 02:00,1940.0,discharge_cfs,Pajaro River at Watsonville
11159500,2023-03-20 02:15,1940.0,discharge_cfs,Pajaro River at Watsonville
11159500,2023-03-20 02:30,1950.0,discharge_cfs,Pajaro River at Watsonville
11159500,2023-03-20 02:45,1950.0,discharge_cfs,Pajaro River at Watsonville
11159500,2023-03-20 03:00,1950.0,discharge_cfs,Pajaro River at Watsonville
11159500,2023-03-20 03:15,1950.0,discharge_cfs,Pajaro River at Watsonville
11159500,2023-03-20 03:30,1940.0,discharge_cfs,Pajaro River at Watsonville
11159500,2023-03-20 03:45,1950.0,discharge_cfs,Pajaro River at Watsonville
11159500,2023-03-20 04:00,1930.0,discharge_cfs,Pajaro River at Watsonville
11159500,2023-03-20 04:15,1940.0,discharge_cfs,Pajaro River at Watsonville
11159500,2023-03-20 04:30,1930.0,discharge_cfs,Pajaro River at Watsonville
11159500,2023-03-20 04:45,1930.0,discharge_cfs,Pajaro River at Watsonville
11159500,2023-03-20 05:00,1930.0,discharge_cfs,Pajaro River at Watsonville
11159500,2023-03-20 05:15,1930.0,discharge_cfs,Pajaro River at Watsonville
11159500,2023-03-20 05:30,1930.0,discharge_cfs,Pajaro River at Watsonville
11159500,2023-03-20 05:45,1930.0,discharge_cfs,Pajaro River at Watsonville
11159500,2023-03-20 06:00,1930.0,discharge_cfs,Pajaro River at Watsonville
11159500,2023-03-20 06:15,1930.0,discharge_cfs,Pajaro River at Watsonville
11159500,2023-03-20 06:30,1930.0,discharge_cfs,Pajaro River at Watsonville
11159500,2023-03-20 06:45,1930.0,discharge_cfs,Pajaro River at Watsonville
11159500,2023-03-20 07:00,1930.0,discharge_cfs,Pajaro River at Watsonville
11159500,2023-03-20 07:15,1920.0,discharge_cfs,Pajaro River at Watsonville
11159500,2023-03-20 07:30,1920.0,discharge_cfs,Pajaro River at Watsonville
11159500,2023-03-20 07:45,1920.0,discharge_cfs,Pajaro River at Watsonville
11159500,2023-03-20 08:00,1920.0,discharge_cfs,Pajaro River at Watsonville
11159500,2023-03-20 08:15,1920.0,discharge_cfs,Pajaro River at Watsonville
11159500,2023-03-20 08:30,1910.0,discharge_cfs,Pajaro River at Watsonville
11159500,2023-03-20 08:45,1910.0,discharge_cfs,Pajaro River at Watsonville
11159500,2023-03-20 09:00,1910.0,discharge_cfs,Pajaro River at Watsonville
11159500,2023-03-20 09:15,1910.0,discharge_cfs,Pajaro River at Watsonville
11159500,2023-03-20 09:30,1910.0,discharge_cfs,Pajaro River at Watsonville
11159500,2023-03-20 09:45,1910.0,discharge_cfs,Pajaro River at Watsonville
11159500,2023-03-20 10:00,1910.0,discharge_cfs,Pajaro River at Watsonville
11159500,2023-03-20 10:15,1900.0,discharge_cfs,Pajaro River at Watsonville
11159500,2023-03-20 10:30,1900.0,discharge_cfs,Pajaro River at Watsonville
11159500,2023-03-20 10:45,1900.0,discharge_cfs,Pajaro River at Watsonville
11159500,2023-03-20 11:00,1900.0,discharge_cfs,Pajaro River at Watsonville
11159500,2023-03-20 11:15,1890.0,discharge_cfs,Pajaro River at Watsonville
11159500,2023-03-20 11:30,1890.0,discharge_cfs,Pajaro River at Watsonville
11159500,2023-03-20 11:45,1890.0,discharge_cfs,Pajaro River at Watsonville
11159500,2023-03-20 12:00,1890.0,discharge_cfs,Pajaro River at Watsonville
11159500,2023-03-20 12:15,1890.0,discharge_cfs,Pajaro River at Watsonville
11159500,2023-03-20 12:30,1890.0,discharge_cfs,Pajaro River at Watsonville
11159500,2023-03-20 12:45,1890.0,discharge_cfs,Pajaro River at Watsonville
11159500,2023-03-20 13:00,1890.0,discharge_cfs,Pajaro River at Watsonville
11159500,2023-03-20 13:15,1890.0,discharge_cfs,Pajaro River at Watsonville
11159500,2023-03-20 13:30,1880.0,discharge_cfs,Pajaro River at Watsonville
11159500,2023-03-20 13:45,1880.0,discharge_cfs,Pajaro River at Watsonville
11159500,2023-03-20 14:00,1870.0,discharge_cfs,Pajaro River at Watsonville
11159500,2023-03-20 14:15,1870.0,discharge_cfs,Pajaro River at Watsonville
11159500,2023-03-20 14:30,1870.0,discharge_cfs,Pajaro River at Watsonville
11159500,2023-03-20 14:45,1870.0,discharge_cfs,Pajaro River at Watsonville
11159500,2023-03-20 15:00,1870.0,discharge_cfs,Pajaro River at Watsonville
11159500,2023-03-20 15:15,1870.0,discharge_cfs,Pajaro River at Watsonville
11159500,2023-03-20 15:30,1870.0,discharge_cfs,Pajaro River at Watsonville
11159500,2023-03-20 15:45,1870.0,discharge_cfs,Pajaro River at Watsonville
11159500,2023-03-20 16:00,1860.0,discharge_cfs,Pajaro River at Watsonville
11159500,2023-03-20 16:15,1860.0,discharge_cfs,Pajaro River at Watsonville
11159500,2023-03-20 16:30,1860.0,discharge_cfs,Pajaro River at Watsonville
11159500,2023-03-20 16:45,1850.0,discharge_cfs,Pajaro River at Watsonville
11159500,2023-03-20 17:00,1860.0,discharge_cfs,Pajaro River at Watsonville
11159500,2023-03-20 17:15,1850.0,discharge_cfs,Pajaro River at Watsonville
11159500,2023-03-20 17:30,1850.0,discharge_cfs,Pajaro River at Watsonville
11159500,2023-03-20 17:45,1840.0,discharge_cfs,Pajaro River at Watsonville
11159500,2023-03-20 18:00,1840.0,discharge_cfs,Pajaro River at Watsonville
11159500,2023-03-20 18:15,1830.0,discharge_cfs,Pajaro River at Watsonville
11159500,2023-03-20 18:30,1830.0,discharge_cfs,Pajaro River at Watsonville
11159500,2023-03-20 18:45,1830.0,discharge_cfs,Pajaro River at Watsonville
11159500,2023-03-20 19:00,1830.0,discharge_cfs,Pajaro River at Watsonville
11159500,2023-03-20 19:15,1830.0,discharge_cfs,Pajaro River at Watsonville
11159500,2023-03-20 19:30,1820.0,discharge_cfs,Pajaro River at Watsonville
11159500,2023-03-20 19:45,1820.0,discharge_cfs,Pajaro River at Watsonville
11159500,2023-03-20 20:00,1820.0,discharge_cfs,Pajaro River at Watsonville
11159500,2023-03-20 20:15,1820.0,discharge_cfs,Pajaro River at Watsonville
11159500,2023-03-20 20:30,1820.0,discharge_cfs,Pajaro River at Watsonville
11159500,2023-03-20 20:45,1820.0,discharge_cfs,Pajaro River at Watsonville
11159500,2023-03-20 21:00,1820.0,discharge_cfs,Pajaro River at Watsonville
11159500,2023-03-20 21:15,1820.0,discharge_cfs,Pajaro River at Watsonville
11159500,2023-03-20 21:30,1810.0,discharge_cfs,Pajaro River at Watsonville
11159500,2023-03-20 21:45,1810.0,discharge_cfs,Pajaro River at Watsonville
11159500,2023-03-20 22:00,1810.0,discharge_cfs,Pajaro River at Watsonville
11159500,2023-03-20 22:15,1800.0,discharge_cfs,Pajaro River at Watsonville
11159500,2023-03-20 22:30,1800.0,discharge_cfs,Pajaro River at Watsonville
11159500,2023-03-20 22:45,1790.0,discharge_cfs,Pajaro River at Watsonville
11159500,2023-03-20 23:00,1790.0,discharge_cfs,Pajaro River at Watsonville
11159500,2023-03-20 23:15,1790.0,discharge_cfs,Pajaro River at Watsonville
11159500,2023-03-20 23:30,1790.0,discharge_cfs,Pajaro River at Watsonville
11159500,2023-03-20 23:45,1790.0,discharge_cfs,Pajaro River at Watsonville
11159500,2023-03-21 00:00,1780.0,discharge_cfs,Pajaro River at Watsonville
11159500,2023-03-21 00:15,1780.0,discharge_cfs,Pajaro River at Watsonville
11159500,2023-03-21 00:30,1770.0,discharge_cfs,Pajaro River at Watsonville
11159500,2023-03-21 00:45,1770.0,discharge_cfs,Pajaro River at Watsonville
11159500,2023-03-21 01:00,1760.0,discharge_cfs,Pajaro River at Watsonville
11159500,2023-03-21 01:15,1760.0,discharge_cfs,Pajaro River at Watsonville
11159500,2023-03-21 01:30,1760.0,discharge_cfs,Pajaro River at Watsonville
11159500,2023-03-21 01:45,1760.0,discharge_cfs,Pajaro River at Watsonville
11159500,2023-03-21 02:00,1760.0,discharge_cfs,Pajaro River at Watsonville
11159500,2023-03-21 02:15,1770.0,discharge_cfs,Pajaro River at Watsonville
11159500,2023-03-21 02:30,1760.0,discharge_cfs,Pajaro River at Watsonville
11159500,2023-03-21 02:45,1760.0,discharge_cfs,Pajaro River at Watsonville
11159500,2023-03-21 03:00,1760.0,discharge_cfs,Pajaro River at Watsonville
11159500,2023-03-21 03:15,1760.0,discharge_cfs,Pajaro River at Watsonville
11159500,2023-03-21 03:30,1750.0,discharge_cfs,Pajaro River at Watsonville
11159500,2023-03-21 03:45,1750.0,discharge_cfs,Pajaro River at Watsonville
11159500,2023-03-21 04:00,1750.0,discharge_cfs,Pajaro River at Watsonville
11159500,2023-03-21 04:15,1750.0,discharge_cfs,Pajaro River at Watsonville
11159500,2023-03-21 04:30,1750.0,discharge_cfs,Pajaro River at Watsonville
11159500,2023-03-21 04:45,1760.0,discharge_cfs,Pajaro River at Watsonville
11159500,2023-03-21 05:00,1750.0,discharge_cfs,Pajaro River at Watsonville
11159500,2023-03-21 05:15,1750.0,discharge_cfs,Pajaro River at Watsonville
11159500,2023-03-21 05:30,1750.0,discharge_cfs,Pajaro River at Watsonville
11159500,2023-03-21 05:45,1750.0,discharge_cfs,Pajaro River at Watsonville
11159500,2023-03-21 06:00,1750.0,discharge_cfs,Pajaro River at Watsonville
11159500,2023-03-21 06:15,1760.0,discharge_cfs,Pajaro River at Watsonville
11159500,2023-03-21 06:30,1770.0,discharge_cfs,Pajaro River at Watsonville
11159500,2023-03-21 06:45,1790.0,discharge_cfs,Pajaro River at Watsonville
11159500,2023-03-21 07:00,1790.0,discharge_cfs,Pajaro River at Watsonville
11159500,2023-03-21 07:15,1800.0,discharge_cfs,Pajaro River at Watsonville
11159500,2023-03-21 07:30,1810.0,discharge_cfs,Pajaro River at Watsonville
11159500,2023-03-21 07:45,1830.0,discharge_cfs,Pajaro River at Watsonville
11159500,2023-03-21 08:00,1840.0,discharge_cfs,Pajaro River at Watsonville
11159500,2023-03-21 08:15,1840.0,discharge_cfs,Pajaro River at Watsonville
11159500,2023-03-21 08:30,1840.0,discharge_cfs,Pajaro River at Watsonville
11159500,2023-03-21 08:45,1840.0,discharge_cfs,Pajaro River at Watsonville
11159500,2023-03-21 09:00,1840.0,discharge_cfs,Pajaro River at Watsonville
11159500,2023-03-21 09:15,1850.0,discharge_cfs,Pajaro River at Watsonville
11159500,2023-03-21 09:30,1850.0,discharge_cfs,Pajaro River at Watsonville
11159500,2023-03-21 09:45,1860.0,discharge_cfs,Pajaro River at Watsonville
11159500,2023-03-21 10:00,1860.0,discharge_cfs,Pajaro River at Watsonville
11159500,2023-03-21 10:15,1850.0,discharge_cfs,Pajaro River at Watsonville
11159500,2023-03-21 10:30,1850.0,discharge_cfs,Pajaro River at Watsonville
11159500,2023-03-21 10:45,1850.0,discharge_cfs,Pajaro River at Watsonville
11159500,2023-03-21 11:00,1860.0,discharge_cfs,Pajaro River at Watsonville
11159500,2023-03-21 11:15,1860.0,discharge_cfs,Pajaro River at Watsonville
11159500,2023-03-21 11:30,1870.0,discharge_cfs,Pajaro River at Watsonville
11159500,2023-03-21 11:45,1870.0,discharge_cfs,Pajaro River at Watsonville
11159500,2023-03-21 12:00,1870.0,discharge_cfs,Pajaro River at Watsonville
11159500,2023-03-21 12:15,1870.0,discharge_cfs,Pajaro River at Watsonville
11159500,2023-03-21 12:30,1850.0,discharge_cfs,Pajaro River at Watsonville
11159500,2023-03-21 12:45,1840.0,discharge_cfs,Pajaro River at Watsonville
11159500,2023-03-21 13:00,1830.0,discharge_cfs,Pajaro River at Watsonville
11159500,2023-03-21 13:15,1840.0,discharge_cfs,Pajaro River at Watsonville
11159500,2023-03-21 13:30,1830.0,discharge_cfs,Pajaro River at Watsonville
11159500,2023-03-21 13:45,1830.0,discharge_cfs,Pajaro River at Watsonville
11159500,2023-03-21 14:00,1830.0,discharge_cfs,Pajaro River at Watsonville
11159500,2023-03-21 14:15,1830.0,discharge_cfs,Pajaro River at Watsonville
11159500,2023-03-21 14:30,1830.0,discharge_cfs,Pajaro River at Watsonville
11159500,2023-03-21 14:45,1840.0,discharge_cfs,Pajaro River at Watsonville
11159500,2023-03-21 15:00,1830.0,discharge_cfs,Pajaro River at Watsonville
11159500,2023-03-21 15:15,1830.0,discharge_cfs,Pajaro River at Watsonville
11159500,2023-03-21 15:30,1840.0,discharge_cfs,Pajaro River at Watsonville
11159500,2023-03-21 15:45,1840.0,discharge_cfs,Pajaro River at Watsonville
11159500,2023-03-21 16:00,1850.0,discharge_cfs,Pajaro River at Watsonville
11159500,2023-03-21 16:15,1840.0,discharge_cfs,Pajaro River at Watsonville
11159500,2023-03-21 16:30,1860.0,discharge_cfs,Pajaro River at Watsonville
11159500,2023-03-21 16:45,1860.0,discharge_cfs,Pajaro River at Watsonville
11159500,2023-03-21 17:00,1860.0,discharge_cfs,Pajaro River at Watsonville
11159500,2023-03-21 17:15,1860.0,discharge_cfs,Pajaro River at Watsonville
11159500,2023-03-21 17:30,1870.0,discharge_cfs,Pajaro River at Watsonville
11159500,2023-03-21 17:45,1870.0,discharge_cfs,Pajaro River at Watsonville
11159500,2023-03-21 18:00,1890.0,discharge_cfs,Pajaro River at Watsonville
11159500,2023-03-21 18:15,1900.0,discharge_cfs,Pajaro River at Watsonville
11159500,2023-03-21 18:30,1910.0,discharge_cfs,Pajaro River at Watsonville
11159500,2023-03-21 18:45,1920.0,discharge_cfs,Pajaro River at Watsonville
11159500,2023-03-21 19:00,1920.0,discharge_cfs,Pajaro River at Watsonville
11159500,2023-03-21 19:15,1930.0,discharge_cfs,Pajaro River at Watsonville
11159500,2023-03-21 19:30,1940.0,discharge_cfs,Pajaro River at Watsonville
11159500,2023-03-21 19:45,1940.0,discharge_cfs,Pajaro River at Watsonville
11159500,2023-03-21 20:00,1940.0,discharge_cfs,Pajaro River at Watsonville
11159500,2023-03-21 20:15,1950.0,discharge_cfs,Pajaro River at Watsonville
11159500,2023-03-21 20:30,1960.0,discharge_cfs,Pajaro River at Watsonville
11159500,2023-03-21 20:45,1970.0,discharge_cfs,Pajaro River at Watsonville
11159500,2023-03-21 21:00,1980.0,discharge_cfs,Pajaro River at Watsonville
11159500,2023-03-21 21:15,1990.0,discharge_cfs,Pajaro River at Watsonville
11159500,2023-03-21 21:30,1990.0,discharge_cfs,Pajaro River at Watsonville
11159500,2023-03-21 21:45,2000.0,discharge_cfs,Pajaro River at Watsonville
11159500,2023-03-21 22:00,2020.0,discharge_cfs,Pajaro River at Watsonville
11159500,2023-03-21 22:15,2030.0,discharge_cfs,Pajaro River at Watsonville
11159500,2023-03-21 22:30,2040.0,discharge_cfs,Pajaro River at Watsonville
11159500,2023-03-21 22:45,2050.0,discharge_cfs,Pajaro River at Watsonville
11159500,2023-03-21 23:00,2060.0,discharge_cfs,Pajaro River at Watsonville
11159500,2023-03-21 23:15,2070.0,discharge_cfs,Pajaro River at Watsonville
11159500,2023-03-21 23:30,2070.0,discharge_cfs,Pajaro River at Watsonville
11159500,2023-03-21 23:45,2080.0,discharge_cfs,Pajaro River at Watsonville
11159500,2023-03-22 00:00,2090.0,discharge_cfs,Pajaro River at Watsonville
11159500,2023-03-22 00:15,2100.0,discharge_cfs,Pajaro River at Watsonville
11159500,2023-03-22 00:30,2130.0,discharge_cfs,Pajaro River at Watsonville
11159500,2023-03-22 00:45,2170.0,discharge_cfs,Pajaro River at Watsonville
11159500,2023-03-22 01:00,2200.0,discharge_cfs,Pajaro River at Watsonville
11159500,2023-03-22 01:15,2210.0,discharge_cfs,Pajaro River at Watsonville
11159500,2023-03-22 01:30,2230.0,discharge_cfs,Pajaro River at Watsonville
11159500,2023-03-22 01:45,2240.0,discharge_cfs,Pajaro River at Watsonville
11159500,2023-03-22 02:00,2270.0,discharge_cfs,Pajaro River at Watsonville
11159500,2023-03-22 02:15,2290.0,discharge_cfs,Pajaro River at Watsonville
11159500,2023-03-22 02:30,2300.0,discharge_cfs,Pajaro River at Watsonville
11159500,2023-03-22 02:45,2310.0,discharge_cfs,Pajaro River at Watsonville
11159500,2023-03-22 03:00,2320.0,discharge_cfs,Pajaro River at Watsonville
11159500,2023-03-22 03:15,2340.0,discharge_cfs,Pajaro River at Watsonville
11159500,2023-03-22 03:30,2360.0,discharge_cfs,Pajaro River at Watsonville
11159500,2023-03-22 03:45,2370.0,discharge_cfs,Pajaro River at Watsonville
11159500,2023-03-22 04:00,2380.0,discharge_cfs,Pajaro River at Watsonville
11159500,2023-03-22 04:15,2400.0,discharge_cfs,Pajaro River at Watsonville
11159500,2023-03-22 04:30,2420.0,discharge_cfs,Pajaro River at Watsonville
11159500,2023-03-22 04:45,2460.0,discharge_cfs,Pajaro River at Watsonville
11159500,2023-03-22 05:00,2500.0,discharge_cfs,Pajaro River at Watsonville
11159500,2023-03-22 05:15,2520.0,discharge_cfs,Pajaro River at Watsonville
11159500,2023-03-22 05:30,2550.0,discharge_cfs,Pajaro River at Watsonville
11159500,2023-03-22 05:45,2590.0,discharge_cfs,Pajaro River at Watsonville
11159500,2023-03-22 06:00,2630.0,discharge_cfs,Pajaro River at Watsonville
11159500,2023-03-22 06:15,2680.0,discharge_cfs,Pajaro River at Watsonville
11159500,2023-03-22 06:30,2720.0,discharge_cfs,Pajaro River at Watsonville
11159500,2023-03-22 06:45,2750.0,discharge_cfs,Pajaro River at Watsonville
11159500,2023-03-22 07:00,2790.0,discharge_cfs,Pajaro River at Watsonville
11159500,2023-03-22 07:15,2860.0,discharge_cfs,Pajaro River at Watsonville
11159500,2023-03-22 07:30,2910.0,discharge_cfs,Pajaro River at Watsonville
11159500,2023-03-22 07:45,2960.0,discharge_cfs,Pajaro River at Watsonville
11159500,2023-03-22 08:00,3000.0,discharge_cfs,Pajaro River at Watsonville
11159500,2023-03-22 08:15,3030.0,discharge_cfs,Pajaro River at Watsonville
11159500,2023-03-22 08:45,3110.0,discharge_cfs,Pajaro River at Watsonville
11159500,2023-03-22 10:45,3400.0,discharge_cfs,Pajaro River at Watsonville
11159500,2023-03-22 11:00,3440.0,discharge_cfs,Pajaro River at Watsonville
11159500,2023-03-22 11:15,3470.0,discharge_cfs,Pajaro River at Watsonville
11159500,2023-03-22 12:00,3610.0,discharge_cfs,Pajaro River at Watsonville
11159500,2023-03-22 12:15,3630.0,discharge_cfs,Pajaro River at Watsonville
11159500,2023-03-22 12:30,3670.0,discharge_cfs,Pajaro River at Watsonville
11159500,2023-03-22 12:45,3700.0,discharge_cfs,Pajaro River at Watsonville
11159500,2023-03-22 13:00,3720.0,discharge_cfs,Pajaro River at Watsonville
11159500,2023-03-22 13:15,3730.0,discharge_cfs,Pajaro River at Watsonville
11159500,2023-03-22 13:30,3740.0,discharge_cfs,Pajaro River at Watsonville
11159500,2023-03-22 13:45,3760.0,discharge_cfs,Pajaro River at Watsonville
11159500,2023-03-22 14:00,3770.0,discharge_cfs,Pajaro River at Watsonville
11159500,2023-03-22 14:15,3780.0,discharge_cfs,Pajaro River at Watsonville
11159500,2023-03-22 14:30,3800.0,discharge_cfs,Pajaro River at Watsonville
11159500,2023-03-22 14:45,3810.0,discharge_cfs,Pajaro River at Watsonville
11159500,2023-03-22 15:00,3830.0,discharge_cfs,Pajaro River at Watsonville
11159500,2023-03-22 15:15,3850.0,discharge_cfs,Pajaro River at Watsonville
11159500,2023-03-22 15:30,3860.0,discharge_cfs,Pajaro River at Watsonville
11159500,2023-03-22 15:45,3870.0,discharge_cfs,Pajaro River at Watsonville
11159500,2023-03-22 16:00,3870.0,discharge_cfs,Pajaro River at Watsonville
11159500,2023-03-22 16:15,3890.0,discharge_cfs,Pajaro River at Watsonville
11159500,2023-03-22 16:30,3900.0,discharge_cfs,Pajaro River at Watsonville
11159500,2023-03-22 16:45,3910.0,discharge_cfs,Pajaro River at Watsonville
11159500,2023-03-22 17:00,3920.0,discharge_cfs,Pajaro River at Watsonville
11159500,2023-03-22 17:15,3940.0,discharge_cfs,Pajaro River at Watsonville
11159500,2023-03-22 17:30,3960.0,discharge_cfs,Pajaro River at Watsonville
11159500,2023-03-22 17:45,3990.0,discharge_cfs,Pajaro River at Watsonville
11159500,2023-03-22 18:00,4010.0,discharge_cfs,Pajaro River at Watsonville
11159500,2023-03-22 18:15,4030.0,discharge_cfs,Pajaro River at Watsonville
11159500,2023-03-22 18:30,4070.0,discharge_cfs,Pajaro River at Watsonville
11159500,2023-03-22 18:45,4090.0,discharge_cfs,Pajaro River at Watsonville
11159500,2023-03-22 19:00,4120.0,discharge_cfs,Pajaro River at Watsonville
11159500,2023-03-22 19:15,4150.0,discharge_cfs,Pajaro River at Watsonville
11159500,2023-03-22 19:30,4190.0,discharge_cfs,Pajaro River at Watsonville
11159500,2023-03-22 19:45,4220.0,discharge_cfs,Pajaro River at Watsonville
11159500,2023-03-22 20:00,4250.0,discharge_cfs,Pajaro River at Watsonville
11159500,2023-03-22 20:15,4290.0,discharge_cfs,Pajaro River at Watsonville
11159500,2023-03-22 20:30,4310.0,discharge_cfs,Pajaro River at Watsonville
11159500,2023-03-22 20:45,4340.0,discharge_cfs,Pajaro River at Watsonville
11159500,2023-03-22 21:00,4370.0,discharge_cfs,Pajaro River at Watsonville
11159500,2023-03-22 21:15,4410.0,discharge_cfs,Pajaro River at Watsonville
11159500,2023-03-22 21:30,4450.0,discharge_cfs,Pajaro River at Watsonville
11159500,2023-03-22 21:45,4480.0,discharge_cfs,Pajaro River at Watsonville
11159500,2023-03-22 22:00,4530.0,discharge_cfs,Pajaro River at Watsonville
11159500,2023-03-22 22:15,4560.0,discharge_cfs,Pajaro River at Watsonville
11159500,2023-03-22 22:30,4600.0,discharge_cfs,Pajaro River at Watsonville
11159500,2023-03-22 22:45,4630.0,discharge_cfs,Pajaro River at Watsonville
11159500,2023-03-22 23:00,4670.0,discharge_cfs,Pajaro River at Watsonville
11159500,2023-03-22 23:15,4700.0,discharge_cfs,Pajaro River at Watsonville
11159500,2023-03-22 23:30,4740.0,discharge_cfs,Pajaro River at Watsonville
11159500,2023-03-22 23:45,4760.0,discharge_cfs,Pajaro River at Watsonville
11159500,2023-03-08 00:00,18.11,gage_height_ft,Pajaro River at Watsonville
11159500,2023-03-08 00:15,18.1,gage_height_ft,Pajaro River at Watsonville
11159500,2023-03-08 00:30,18.1,gage_height_ft,Pajaro River at Watsonville
11159500,2023-03-08 00:45,18.08,gage_height_ft,Pajaro River at Watsonville
11159500,2023-03-08 01:00,18.08,gage_height_ft,Pajaro River at Watsonville
11159500,2023-03-08 01:15,18.07,gage_height_ft,Pajaro River at Watsonville
11159500,2023-03-08 01:30,18.07,gage_height_ft,Pajaro River at Watsonville
11159500,2023-03-08 01:45,18.06,gage_height_ft,Pajaro River at Watsonville
11159500,2023-03-08 02:00,18.05,gage_height_ft,Pajaro River at Watsonville
11159500,2023-03-08 02:15,18.05,gage_height_ft,Pajaro River at Watsonville
11159500,2023-03-08 02:30,18.04,gage_height_ft,Pajaro River at Watsonville
11159500,2023-03-08 02:45,18.04,gage_height_ft,Pajaro River at Watsonville
11159500,2023-03-08 03:00,18.03,gage_height_ft,Pajaro River at Watsonville
11159500,2023-03-08 03:15,18.01,gage_height_ft,Pajaro River at Watsonville
11159500,2023-03-08 03:30,18.01,gage_height_ft,Pajaro River at Watsonville
11159500,2023-03-08 03:45,18.0,gage_height_ft,Pajaro River at Watsonville
11159500,2023-03-08 04:00,17.99,gage_height_ft,Pajaro River at Watsonville
11159500,2023-03-08 04:15,17.99,gage_height_ft,Pajaro River at Watsonville
11159500,2023-03-08 04:30,17.98,gage_height_ft,Pajaro River at Watsonville
11159500,2023-03-08 04:45,17.97,gage_height_ft,Pajaro River at Watsonville
11159500,2023-03-08 05:00,17.96,gage_height_ft,Pajaro River at Watsonville
11159500,2023-03-08 05:15,17.96,gage_height_ft,Pajaro River at Watsonville
11159500,2023-03-08 05:30,17.95,gage_height_ft,Pajaro River at Watsonville
11159500,2023-03-08 05:45,17.94,gage_height_ft,Pajaro River at Watsonville
11159500,2023-03-08 06:00,17.94,gage_height_ft,Pajaro River at Watsonville
11159500,2023-03-08 06:15,17.94,gage_height_ft,Pajaro River at Watsonville
11159500,2023-03-08 06:30,17.94,gage_height_ft,Pajaro River at Watsonville
11159500,2023-03-08 06:45,17.93,gage_height_ft,Pajaro River at Watsonville
11159500,2023-03-08 07:00,17.93,gage_height_ft,Pajaro River at Watsonville
11159500,2023-03-08 07:15,17.94,gage_height_ft,Pajaro River at Watsonville
11159500,2023-03-08 07:30,17.95,gage_height_ft,Pajaro River at Watsonville
11159500,2023-03-08 07:45,17.95,gage_height_ft,Pajaro River at Watsonville
11159500,2023-03-08 08:00,17.94,gage_height_ft,Pajaro River at Watsonville
11159500,2023-03-08 08:15,17.93,gage_height_ft,Pajaro River at Watsonville
11159500,2023-03-08 08:30,17.92,gage_height_ft,Pajaro River at Watsonville
11159500,2023-03-08 08:45,17.91,gage_height_ft,Pajaro River at Watsonville
11159500,2023-03-08 09:00,17.9,gage_height_ft,Pajaro River at Watsonville
11159500,2023-03-08 09:15,17.9,gage_height_ft,Pajaro River at Watsonville
11159500,2023-03-08 09:30,17.89,gage_height_ft,Pajaro River at Watsonville
11159500,2023-03-08 09:45,17.89,gage_height_ft,Pajaro River at Watsonville
11159500,2023-03-08 10:00,17.89,gage_height_ft,Pajaro River at Watsonville
11159500,2023-03-08 10:15,17.9,gage_height_ft,Pajaro River at Watsonville
11159500,2023-03-08 10:30,17.91,gage_height_ft,Pajaro River at Watsonville
11159500,2023-03-08 10:45,17.9,gage_height_ft,Pajaro River at Watsonville
11159500,2023-03-08 11:00,17.9,gage_height_ft,Pajaro River at Watsonville
11159500,2023-03-08 11:15,17.89,gage_height_ft,Pajaro River at Watsonville
11159500,2023-03-08 11:30,17.88,gage_height_ft,Pajaro River at Watsonville
11159500,2023-03-08 11:45,17.87,gage_height_ft,Pajaro River at Watsonville
11159500,2023-03-08 12:00,17.88,gage_height_ft,Pajaro River at Watsonville
11159500,2023-03-08 12:15,17.87,gage_height_ft,Pajaro River at Watsonville
11159500,2023-03-08 12:30,17.87,gage_height_ft,Pajaro River at Watsonville
11159500,2023-03-08 12:45,17.88,gage_height_ft,Pajaro River at Watsonville
11159500,2023-03-08 13:00,17.87,gage_height_ft,Pajaro River at Watsonville
11159500,2023-03-08 13:15,17.88,gage_height_ft,Pajaro River at Watsonville
11159500,2023-03-08 13:30,17.88,gage_height_ft,Pajaro River at Watsonville
11159500,2023-03-08 13:45,17.87,gage_height_ft,Pajaro River at Watsonville
11159500,2023-03-08 14:00,17.86,gage_height_ft,Pajaro River at Watsonville
11159500,2023-03-08 14:15,17.86,gage_height_ft,Pajaro River at Watsonville
11159500,2023-03-08 14:30,17.84,gage_height_ft,Pajaro River at Watsonville
11159500,2023-03-08 14:45,17.84,gage_height_ft,Pajaro River at Watsonville
11159500,2023-03-08 15:00,17.84,gage_height_ft,Pajaro River at Watsonville
11159500,2023-03-08 15:15,17.82,gage_height_ft,Pajaro River at Watsonville
11159500,2023-03-08 15:30,17.81,gage_height_ft,Pajaro River at Watsonville
11159500,2023-03-08 15:45,17.81,gage_height_ft,Pajaro River at Watsonville
11159500,2023-03-08 16:00,17.81,gage_height_ft,Pajaro River at Watsonville
11159500,2023-03-08 16:15,17.8,gage_height_ft,Pajaro River at Watsonville
11159500,2023-03-08 16:30,17.79,gage_height_ft,Pajaro River at Watsonville
11159500,2023-03-08 16:45,17.78,gage_height_ft,Pajaro River at Watsonville
11159500,2023-03-08 17:00,17.77,gage_height_ft,Pajaro River at Watsonville
11159500,2023-03-08 17:15,17.76,gage_height_ft,Pajaro River at Watsonville
11159500,2023-03-08 17:30,17.76,gage_height_ft,Pajaro River at Watsonville
11159500,2023-03-08 17:45,17.75,gage_height_ft,Pajaro River at Watsonville
11159500,2023-03-08 18:00,17.75,gage_height_ft,Pajaro River at Watsonville
11159500,2023-03-08 18:15,17.74,gage_height_ft,Pajaro River at Watsonville
11159500,2023-03-08 18:30,17.74,gage_height_ft,Pajaro River at Watsonville
11159500,2023-03-08 18:45,17.72,gage_height_ft,Pajaro River at Watsonville
11159500,2023-03-08 19:00,17.72,gage_height_ft,Pajaro River at Watsonville
11159500,2023-03-08 19:15,17.71,gage_height_ft,Pajaro River at Watsonville
11159500,2023-03-08 19:30,17.7,gage_height_ft,Pajaro River at Watsonville
11159500,2023-03-08 19:45,17.71,gage_height_ft,Pajaro River at Watsonville
11159500,2023-03-08 20:00,17.7,gage_height_ft,Pajaro River at Watsonville
11159500,2023-03-08 20:15,17.7,gage_height_ft,Pajaro River at Watsonville
11159500,2023-03-08 20:30,17.69,gage_height_ft,Pajaro River at Watsonville
11159500,2023-03-08 20:45,17.69,gage_height_ft,Pajaro River at Watsonville
11159500,2023-03-08 21:00,17.68,gage_height_ft,Pajaro River at Watsonville
11159500,2023-03-08 21:15,17.67,gage_height_ft,Pajaro River at Watsonville
11159500,2023-03-08 21:30,17.67,gage_height_ft,Pajaro River at Watsonville
11159500,2023-03-08 21:45,17.67,gage_height_ft,Pajaro River at Watsonville
11159500,2023-03-08 22:00,17.66,gage_height_ft,Pajaro River at Watsonville
11159500,2023-03-08 22:15,17.66,gage_height_ft,Pajaro River at Watsonville
11159500,2023-03-08 22:30,17.66,gage_height_ft,Pajaro River at Watsonville
11159500,2023-03-08 22:45,17.66,gage_height_ft,Pajaro River at Watsonville
11159500,2023-03-08 23:00,17.65,gage_height_ft,Pajaro River at Watsonville
11159500,2023-03-08 23:15,17.65,gage_height_ft,Pajaro River at Watsonville
11159500,2023-03-08 23:30,17.65,gage_height_ft,Pajaro River at Watsonville
11159500,2023-03-08 23:45,17.64,gage_height_ft,Pajaro River at Watsonville
11159500,2023-03-09 00:00,17.64,gage_height_ft,Pajaro River at Watsonville
11159500,2023-03-09 00:15,17.63,gage_height_ft,Pajaro River at Watsonville
11159500,2023-03-09 00:30,17.63,gage_height_ft,Pajaro River at Watsonville
11159500,2023-03-09 00:45,17.62,gage_height_ft,Pajaro River at Watsonville
11159500,2023-03-09 01:00,17.62,gage_height_ft,Pajaro River at Watsonville
11159500,2023-03-09 01:15,17.61,gage_height_ft,Pajaro River at Watsonville
11159500,2023-03-09 01:30,17.61,gage_height_ft,Pajaro River at Watsonville
11159500,2023-03-09 01:45,17.6,gage_height_ft,Pajaro River at Watsonville
11159500,2023-03-09 02:00,17.61,gage_height_ft,Pajaro River at Watsonville
11159500,2023-03-09 02:15,17.6,gage_height_ft,Pajaro River at Watsonville
11159500,2023-03-09 02:30,17.59,gage_height_ft,Pajaro River at Watsonville
11159500,2023-03-09 02:45,17.59,gage_height_ft,Pajaro River at Watsonville
11159500,2023-03-09 03:00,17.58,gage_height_ft,Pajaro River at Watsonville
11159500,2023-03-09 03:15,17.57,gage_height_ft,Pajaro River at Watsonville
11159500,2023-03-09 03:30,17.56,gage_height_ft,Pajaro River at Watsonville
11159500,2023-03-09 03:45,17.56,gage_height_ft,Pajaro River at Watsonville
11159500,2023-03-09 04:00,17.56,gage_height_ft,Pajaro River at Watsonville
11159500,2023-03-09 04:15,17.55,gage_height_ft,Pajaro River at Watsonville
11159500,2023-03-09 04:30,17.55,gage_height_ft,Pajaro River at Watsonville
11159500,2023-03-09 04:45,17.55,gage_height_ft,Pajaro River at Watsonville
11159500,2023-03-09 05:00,17.53,gage_height_ft,Pajaro River at Watsonville
11159500,2023-03-09 05:15,17.53,gage_height_ft,Pajaro River at Watsonville
11159500,2023-03-09 05:30,17.53,gage_height_ft,Pajaro River at Watsonville
11159500,2023-03-09 05:45,17.53,gage_height_ft,Pajaro River at Watsonville
11159500,2023-03-09 06:00,17.53,gage_height_ft,Pajaro River at Watsonville
11159500,2023-03-09 06:15,17.52,gage_height_ft,Pajaro River at Watsonville
11159500,2023-03-09 06:30,17.52,gage_height_ft,Pajaro River at Watsonville
11159500,2023-03-09 06:45,17.51,gage_height_ft,Pajaro River at Watsonville
11159500,2023-03-09 07:00,17.52,gage_height_ft,Pajaro River at Watsonville
11159500,2023-03-09 07:15,17.51,gage_height_ft,Pajaro River at Watsonville
11159500,2023-03-09 07:30,17.51,gage_height_ft,Pajaro River at Watsonville
11159500,2023-03-09 07:45,17.5,gage_height_ft,Pajaro River at Watsonville
11159500,2023-03-09 08:00,17.5,gage_height_ft,Pajaro River at Watsonville
11159500,2023-03-09 08:15,17.5,gage_height_ft,Pajaro River at Watsonville
11159500,2023-03-09 08:30,17.49,gage_height_ft,Pajaro River at Watsonville
11159500,2023-03-09 08:45,17.48,gage_height_ft,Pajaro River at Watsonville
11159500,2023-03-09 09:00,17.48,gage_height_ft,Pajaro River at Watsonville
11159500,2023-03-09 09:15,17.49,gage_height_ft,Pajaro River at Watsonville
11159500,2023-03-09 09:30,17.47,gage_height_ft,Pajaro River at Watsonville
11159500,2023-03-09 09:45,17.47,gage_height_ft,Pajaro River at Watsonville
11159500,2023-03-09 10:00,17.47,gage_height_ft,Pajaro River at Watsonville
11159500,2023-03-09 10:15,17.46,gage_height_ft,Pajaro River at Watsonville
11159500,2023-03-09 10:30,17.47,gage_height_ft,Pajaro River at Watsonville
11159500,2023-03-09 10:45,17.46,gage_height_ft,Pajaro River at Watsonville
11159500,2023-03-09 11:00,17.46,gage_height_ft,Pajaro River at Watsonville
11159500,2023-03-09 11:15,17.46,gage_height_ft,Pajaro River at Watsonville
11159500,2023-03-09 11:30,17.45,gage_height_ft,Pajaro River at Watsonville
11159500,2023-03-09 11:45,17.45,gage_height_ft,Pajaro River at Watsonville
11159500,2023-03-09 12:00,17.45,gage_height_ft,Pajaro River at Watsonville
11159500,2023-03-09 12:15,17.45,gage_height_ft,Pajaro River at Watsonville
11159500,2023-03-09 12:30,17.45,gage_height_ft,Pajaro River at Watsonville
11159500,2023-03-09 12:45,17.46,gage_height_ft,Pajaro River at Watsonville
11159500,2023-03-09 13:00,17.47,gage_height_ft,Pajaro River at Watsonville
11159500,2023-03-09 13:15,17.48,gage_height_ft,Pajaro River at Watsonville
11159500,2023-03-09 13:30,17.48,gage_height_ft,Pajaro River at Watsonville
11159500,2023-03-09 13:45,17.5,gage_height_ft,Pajaro River at Watsonville
11159500,2023-03-09 14:00,17.54,gage_height_ft,Pajaro River at Watsonville
11159500,2023-03-09 14:15,17.56,gage_height_ft,Pajaro River at Watsonville
11159500,2023-03-09 14:30,17.59,gage_height_ft,Pajaro River at Watsonville
11159500,2023-03-09 14:45,17.6,gage_height_ft,Pajaro River at Watsonville
11159500,2023-03-09 15:00,17.61,gage_height_ft,Pajaro River at Watsonville
11159500,2023-03-09 15:15,17.62,gage_height_ft,Pajaro River at Watsonville
11159500,2023-03-09 15:30,17.66,gage_height_ft,Pajaro River at Watsonville
11159500,2023-03-09 15:45,17.72,gage_height_ft,Pajaro River at Watsonville
11159500,2023-03-09 16:00,17.77,gage_height_ft,Pajaro River at Watsonville
11159500,2023-03-09 16:15,17.79,gage_height_ft,Pajaro River at Watsonville
11159500,2023-03-09 16:30,17.78,gage_height_ft,Pajaro River at Watsonville
11159500,2023-03-09 16:45,17.78,gage_height_ft,Pajaro River at Watsonville
11159500,2023-03-09 17:00,17.8,gage_height_ft,Pajaro River at Watsonville
11159500,2023-03-09 17:15,17.83,gage_height_ft,Pajaro River at Watsonville
11159500,2023-03-09 17:30,17.88,gage_height_ft,Pajaro River at Watsonville
11159500,2023-03-09 17:45,17.91,gage_height_ft,Pajaro River at Watsonville
11159500,2023-03-09 18:00,17.94,gage_height_ft,Pajaro River at Watsonville
11159500,2023-03-09 18:15,17.95,gage_height_ft,Pajaro River at Watsonville
11159500,2023-03-09 18:30,17.97,gage_height_ft,Pajaro River at Watsonville
11159500,2023-03-09 18:45,18.0,gage_height_ft,Pajaro River at Watsonville
11159500,2023-03-09 19:00,18.03,gage_height_ft,Pajaro River at Watsonville
11159500,2023-03-09 19:15,18.06,gage_height_ft,Pajaro River at Watsonville
11159500,2023-03-09 19:30,18.05,gage_height_ft,Pajaro River at Watsonville
11159500,2023-03-09 19:45,18.06,gage_height_ft,Pajaro River at Watsonville
11159500,2023-03-09 20:00,18.09,gage_height_ft,Pajaro River at Watsonville
11159500,2023-03-09 20:15,18.13,gage_height_ft,Pajaro River at Watsonville
11159500,2023-03-09 20:30,18.17,gage_height_ft,Pajaro River at Watsonville
11159500,2023-03-09 20:45,18.22,gage_height_ft,Pajaro River at Watsonville
11159500,2023-03-09 21:00,18.29,gage_height_ft,Pajaro River at Watsonville
11159500,2023-03-09 21:15,18.38,gage_height_ft,Pajaro River at Watsonville
11159500,2023-03-09 21:30,18.48,gage_height_ft,Pajaro River at Watsonville
11159500,2023-03-09 21:45,18.55,gage_height_ft,Pajaro River at Watsonville
11159500,2023-03-09 22:00,18.6,gage_height_ft,Pajaro River at Watsonville
11159500,2023-03-09 22:15,18.68,gage_height_ft,Pajaro River at Watsonville
11159500,2023-03-09 22:30,18.76,gage_height_ft,Pajaro River at Watsonville
11159500,2023-03-09 22:45,18.88,gage_height_ft,Pajaro River at Watsonville
11159500,2023-03-09 23:00,19.02,gage_height_ft,Pajaro River at Watsonville
11159500,2023-03-09 23:15,19.12,gage_height_ft,Pajaro River at Watsonville
11159500,2023-03-09 23:30,19.31,gage_height_ft,Pajaro River at Watsonville
11159500,2023-03-09 23:45,19.44,gage_height_ft,Pajaro River at Watsonville
11159500,2023-03-10 00:00,19.61,gage_height_ft,Pajaro River at Watsonville
11159500,2023-03-10 00:15,19.81,gage_height_ft,Pajaro River at Watsonville
11159500,2023-03-10 00:30,20.07,gage_height_ft,Pajaro River at Watsonville
11159500,2023-03-10 00:45,20.32,gage_height_ft,Pajaro River at Watsonville
11159500,2023-03-10 01:00,20.49,gage_height_ft,Pajaro River at Watsonville
11159500,2023-03-10 01:15,20.63,gage_height_ft,Pajaro River at Watsonville
11159500,2023-03-10 01:30,20.77,gage_height_ft,Pajaro River at Watsonville
11159500,2023-03-10 01:45,20.95,gage_height_ft,Pajaro River at Watsonville
11159500,2023-03-10 02:00,21.15,gage_height_ft,Pajaro River at Watsonville
11159500,2023-03-10 02:15,21.32,gage_height_ft,Pajaro River at Watsonville
11159500,2023-03-10 02:30,21.46,gage_height_ft,Pajaro River at Watsonville
11159500,2023-03-10 02:45,21.61,gage_height_ft,Pajaro River at Watsonville
11159500,2023-03-10 03:00,21.74,gage_height_ft,Pajaro River at Watsonville
11159500,2023-03-10 03:15,21.88,gage_height_ft,Pajaro River at Watsonville
11159500,2023-03-10 03:30,22.0,gage_height_ft,Pajaro River at Watsonville
11159500,2023-03-10 03:45,22.13,gage_height_ft,Pajaro River at Watsonville
11159500,2023-03-10 04:00,22.27,gage_height_ft,Pajaro River at Watsonville
11159500,2023-03-10 04:15,22.41,gage_height_ft,Pajaro River at Watsonville
11159500,2023-03-10 04:30,22.57,gage_height_ft,Pajaro River at Watsonville
11159500,2023-03-10 04:45,22.7,gage_height_ft,Pajaro River at Watsonville
11159500,2023-03-10 05:00,22.86,gage_height_ft,Pajaro River at Watsonville
11159500,2023-03-10 05:15,23.0,gage_height_ft,Pajaro River at Watsonville
11159500,2023-03-10 05:30,23.15,gage_height_ft,Pajaro River at Watsonville
11159500,2023-03-10 05:45,23.31,gage_height_ft,Pajaro River at Watsonville
11159500,2023-03-10 06:00,23.49,gage_height_ft,Pajaro River at Watsonville
11159500,2023-03-10 06:15,23.65,gage_height_ft,Pajaro River at Watsonville
11159500,2023-03-10 06:30,23.81,gage_height_ft,Pajaro River at Watsonville
11159500,2023-03-10 06:45,23.97,gage_height_ft,Pajaro River at Watsonville
11159500,2023-03-10 07:00,24.12,gage_height_ft,Pajaro River at Watsonville
11159500,2023-03-10 07:15,24.28,gage_height_ft,Pajaro River at Watsonville
11159500,2023-03-10 07:30,24.45,gage_height_ft,Pajaro River at Watsonville
11159500,2023-03-10 07:45,24.65,gage_height_ft,Pajaro River at Watsonville
11159500,2023-03-10 08:00,24.83,gage_height_ft,Pajaro River at Watsonville
11159500,2023-03-10 08:15,25.02,gage_height_ft,Pajaro River at Watsonville
11159500,2023-03-10 08:30,25.2,gage_height_ft,Pajaro River at Watsonville
11159500,2023-03-10 08:45,25.4,gage_height_ft,Pajaro River at Watsonville
11159500,2023-03-10 09:00,25.6,gage_height_ft,Pajaro River at Watsonville
11159500,2023-03-10 09:15,25.82,gage_height_ft,Pajaro River at Watsonville
11159500,2023-03-10 09:30,26.02,gage_height_ft,Pajaro River at Watsonville
11159500,2023-03-10 09:45,26.25,gage_height_ft,Pajaro River at Watsonville
11159500,2023-03-10 10:00,26.46,gage_height_ft,Pajaro River at Watsonville
11159500,2023-03-10 10:15,26.67,gage_height_ft,Pajaro River at Watsonville
11159500,2023-03-10 10:30,26.86,gage_height_ft,Pajaro River at Watsonville
11159500,2023-03-10 10:45,27.05,gage_height_ft,Pajaro River at Watsonville
11159500,2023-03-10 11:00,27.23,gage_height_ft,Pajaro River at Watsonville
11159500,2023-03-10 11:15,27.38,gage_height_ft,Pajaro River at Watsonville
11159500,2023-03-10 11:30,27.55,gage_height_ft,Pajaro River at Watsonville
11159500,2023-03-10 11:45,27.71,gage_height_ft,Pajaro River at Watsonville
11159500,2023-03-10 12:00,27.85,gage_height_ft,Pajaro River at Watsonville
11159500,2023-03-10 12:15,28.01,gage_height_ft,Pajaro River at Watsonville
11159500,2023-03-10 12:30,28.14,gage_height_ft,Pajaro River at Watsonville
11159500,2023-03-10 12:45,28.27,gage_height_ft,Pajaro River at Watsonville
11159500,2023-03-10 13:00,28.4,gage_height_ft,Pajaro River at Watsonville
11159500,2023-03-10 13:15,28.54,gage_height_ft,Pajaro River at Watsonville
11159500,2023-03-10 13:30,28.67,gage_height_ft,Pajaro River at Watsonville
11159500,2023-03-10 13:45,28.79,gage_height_ft,Pajaro River at Watsonville
11159500,2023-03-10 14:00,28.91,gage_height_ft,Pajaro River at Watsonville
11159500,2023-03-10 14:15,29.03,gage_height_ft,Pajaro River at Watsonville
11159500,2023-03-10 14:30,29.14,gage_height_ft,Pajaro River at Watsonville
11159500,2023-03-10 14:45,29.24,gage_height_ft,Pajaro River at Watsonville
11159500,2023-03-10 15:00,29.34,gage_height_ft,Pajaro River at Watsonville
11159500,2023-03-10 15:15,29.44,gage_height_ft,Pajaro River at Watsonville
11159500,2023-03-10 15:30,29.54,gage_height_ft,Pajaro River at Watsonville
11159500,2023-03-10 15:45,29.64,gage_height_ft,Pajaro River at Watsonville
11159500,2023-03-10 16:00,29.74,gage_height_ft,Pajaro River at Watsonville
11159500,2023-03-10 16:15,29.83,gage_height_ft,Pajaro River at Watsonville
11159500,2023-03-10 16:30,29.9,gage_height_ft,Pajaro River at Watsonville
11159500,2023-03-10 16:45,29.98,gage_height_ft,Pajaro River at Watsonville
11159500,2023-03-10 17:00,30.07,gage_height_ft,Pajaro River at Watsonville
11159500,2023-03-10 17:15,30.17,gage_height_ft,Pajaro River at Watsonville
11159500,2023-03-10 17:30,30.24,gage_height_ft,Pajaro River at Watsonville
11159500,2023-03-10 17:45,30.32,gage_height_ft,Pajaro River at Watsonville
11159500,2023-03-10 18:00,30.41,gage_height_ft,Pajaro River at Watsonville
11159500,2023-03-10 18:15,30.49,gage_height_ft,Pajaro River at Watsonville
11159500,2023-03-10 18:30,30.58,gage_height_ft,Pajaro River at Watsonville
11159500,2023-03-10 18:45,30.65,gage_height_ft,Pajaro River at Watsonville
11159500,2023-03-10 19:00,30.73,gage_height_ft,Pajaro River at Watsonville
11159500,2023-03-10 19:15,30.79,gage_height_ft,Pajaro River at Watsonville
11159500,2023-03-10 19:30,30.86,gage_height_ft,Pajaro River at Watsonville
11159500,2023-03-10 19:45,30.93,gage_height_ft,Pajaro River at Watsonville
11159500,2023-03-10 20:00,31.0,gage_height_ft,Pajaro River at Watsonville
11159500,2023-03-10 20:15,31.06,gage_height_ft,Pajaro River at Watsonville
11159500,2023-03-10 20:30,31.1,gage_height_ft,Pajaro River at Watsonville
11159500,2023-03-10 20:45,31.17,gage_height_ft,Pajaro River at Watsonville
11159500,2023-03-10 21:00,31.23,gage_height_ft,Pajaro River at Watsonville
11159500,2023-03-10 21:15,31.28,gage_height_ft,Pajaro River at Watsonville
11159500,2023-03-10 21:30,31.34,gage_height_ft,Pajaro River at Watsonville
11159500,2023-03-10 21:45,31.4,gage_height_ft,Pajaro River at Watsonville
11159500,2023-03-10 22:00,31.45,gage_height_ft,Pajaro River at Watsonville
11159500,2023-03-10 22:15,31.52,gage_height_ft,Pajaro River at Watsonville
11159500,2023-03-10 22:30,31.58,gage_height_ft,Pajaro River at Watsonville
11159500,2023-03-10 22:45,31.63,gage_height_ft,Pajaro River at Watsonville
11159500,2023-03-10 23:00,31.7,gage_height_ft,Pajaro River at Watsonville
11159500,2023-03-10 23:15,31.77,gage_height_ft,Pajaro River at Watsonville
11159500,2023-03-10 23:30,31.82,gage_height_ft,Pajaro River at Watsonville
11159500,2023-03-10 23:45,31.9,gage_height_ft,Pajaro River at Watsonville
11159500,2023-03-11 00:00,31.97,gage_height_ft,Pajaro River at Watsonville
11159500,2023-03-11 00:15,32.04,gage_height_ft,Pajaro River at Watsonville
11159500,2023-03-11 00:30,32.09,gage_height_ft,Pajaro River at Watsonville
11159500,2023-03-11 00:45,32.1,gage_height_ft,Pajaro River at Watsonville
11159500,2023-03-11 01:00,32.09,gage_height_ft,Pajaro River at Watsonville
11159500,2023-03-11 01:15,32.06,gage_height_ft,Pajaro River at Watsonville
11159500,2023-03-11 01:30,32.05,gage_height_ft,Pajaro River at Watsonville
11159500,2023-03-11 01:45,31.95,gage_height_ft,Pajaro River at Watsonville
11159500,2023-03-11 02:00,31.89,gage_height_ft,Pajaro River at Watsonville
11159500,2023-03-11 02:15,31.83,gage_height_ft,Pajaro River at Watsonville
11159500,2023-03-11 02:30,31.77,gage_height_ft,Pajaro River at Watsonville
11159500,2023-03-11 02:45,31.71,gage_height_ft,Pajaro River at Watsonville
11159500,2023-03-11 03:00,31.64,gage_height_ft,Pajaro River at Watsonville
11159500,2023-03-11 03:15,31.58,gage_height_ft,Pajaro River at Watsonville
11159500,2023-03-11 03:30,31.5,gage_height_ft,Pajaro River at Watsonville
11159500,2023-03-11 03:45,31.43,gage_height_ft,Pajaro River at Watsonville
11159500,2023-03-11 04:00,31.35,gage_height_ft,Pajaro River at Watsonville
11159500,2023-03-11 04:15,31.27,gage_height_ft,Pajaro River at Watsonville
11159500,2023-03-11 04:30,31.19,gage_height_ft,Pajaro River at Watsonville
11159500,2023-03-11 04:45,31.1,gage_height_ft,Pajaro River at Watsonville
11159500,2023-03-11 05:00,31.04,gage_height_ft,Pajaro River at Watsonville
11159500,2023-03-11 05:15,30.97,gage_height_ft,Pajaro River at Watsonville
11159500,2023-03-11 05:30,30.9,gage_height_ft,Pajaro River at Watsonville
11159500,2023-03-11 05:45,30.84,gage_height_ft,Pajaro River at Watsonville
11159500,2023-03-11 06:00,30.79,gage_height_ft,Pajaro River at Watsonville
11159500,2023-03-11 06:15,30.73,gage_height_ft,Pajaro River at Watsonville
11159500,2023-03-11 06:30,30.68,gage_height_ft,Pajaro River at Watsonville
11159500,2023-03-11 06:45,30.63,gage_height_ft,Pajaro River at Watsonville
11159500,2023-03-11 07:00,30.58,gage_height_ft,Pajaro River at Watsonville
11159500,2023-03-11 07:15,30.53,gage_height_ft,Pajaro River at Watsonville
11159500,2023-03-11 07:30,30.51,gage_height_ft,Pajaro River at Watsonville
11159500,2023-03-11 07:45,30.47,gage_height_ft,Pajaro River at Watsonville
11159500,2023-03-11 08:00,30.42,gage_height_ft,Pajaro River at Watsonville
11159500,2023-03-11 08:15,30.39,gage_height_ft,Pajaro River at Watsonville
11159500,2023-03-11 08:30,30.35,gage_height_ft,Pajaro River at Watsonville
11159500,2023-03-11 08:45,30.32,gage_height_ft,Pajaro River at Watsonville
11159500,2023-03-11 09:00,30.27,gage_height_ft,Pajaro River at Watsonville
11159500,2023-03-11 09:15,30.24,gage_height_ft,Pajaro River at Watsonville
11159500,2023-03-11 09:30,30.2,gage_height_ft,Pajaro River at Watsonville
11159500,2023-03-11 09:45,30.18,gage_height_ft,Pajaro River at Watsonville
11159500,2023-03-11 10:00,30.15,gage_height_ft,Pajaro River at Watsonville
11159500,2023-03-11 10:15,30.12,gage_height_ft,Pajaro River at Watsonville
11159500,2023-03-11 10:30,30.1,gage_height_ft,Pajaro River at Watsonville
11159500,2023-03-11 10:45,30.06,gage_height_ft,Pajaro River at Watsonville
11159500,2023-03-11 11:00,30.05,gage_height_ft,Pajaro River at Watsonville
11159500,2023-03-11 11:15,30.01,gage_height_ft,Pajaro River at Watsonville
11159500,2023-03-11 11:30,29.99,gage_height_ft,Pajaro River at Watsonville
11159500,2023-03-11 11:45,29.96,gage_height_ft,Pajaro River at Watsonville
11159500,2023-03-11 12:00,29.94,gage_height_ft,Pajaro River at Watsonville
11159500,2023-03-11 12:15,29.92,gage_height_ft,Pajaro River at Watsonville
11159500,2023-03-11 12:30,29.9,gage_height_ft,Pajaro River at Watsonville
11159500,2023-03-11 12:45,29.87,gage_height_ft,Pajaro River at Watsonville
11159500,2023-03-11 13:00,29.85,gage_height_ft,Pajaro River at Watsonville
11159500,2023-03-11 13:15,29.83,gage_height_ft,Pajaro River at Watsonville
11159500,2023-03-11 13:30,29.82,gage_height_ft,Pajaro River at Watsonville
11159500,2023-03-11 13:45,29.8,gage_height_ft,Pajaro River at Watsonville
11159500,2023-03-11 14:00,29.78,gage_height_ft,Pajaro River at Watsonville
11159500,2023-03-11 14:15,29.78,gage_height_ft,Pajaro River at Watsonville
11159500,2023-03-11 14:30,29.77,gage_height_ft,Pajaro River at Watsonville
11159500,2023-03-11 14:45,29.75,gage_height_ft,Pajaro River at Watsonville
11159500,2023-03-11 15:00,29.74,gage_height_ft,Pajaro River at Watsonville
11159500,2023-03-11 15:15,29.72,gage_height_ft,Pajaro River at Watsonville
11159500,2023-03-11 15:30,29.71,gage_height_ft,Pajaro River at Watsonville
11159500,2023-03-11 15:45,29.69,gage_height_ft,Pajaro River at Watsonville
11159500,2023-03-11 16:00,29.68,gage_height_ft,Pajaro River at Watsonville
11159500,2023-03-11 16:15,29.67,gage_height_ft,Pajaro River at Watsonville
11159500,2023-03-11 16:30,29.65,gage_height_ft,Pajaro River at Watsonville
11159500,2023-03-11 16:45,29.64,gage_height_ft,Pajaro River at Watsonville
11159500,2023-03-11 17:00,29.63,gage_height_ft,Pajaro River at Watsonville
11159500,2023-03-11 17:15,29.61,gage_height_ft,Pajaro River at Watsonville
11159500,2023-03-11 17:30,29.61,gage_height_ft,Pajaro River at Watsonville
11159500,2023-03-11 17:45,29.57,gage_height_ft,Pajaro River at Watsonville
11159500,2023-03-11 18:00,29.57,gage_height_ft,Pajaro River at Watsonville
11159500,2023-03-11 18:15,29.55,gage_height_ft,Pajaro River at Watsonville
11159500,2023-03-11 18:30,29.56,gage_height_ft,Pajaro River at Watsonville
11159500,2023-03-11 18:45,29.52,gage_height_ft,Pajaro River at Watsonville
11159500,2023-03-11 19:00,29.51,gage_height_ft,Pajaro River at Watsonville
11159500,2023-03-11 19:15,29.5,gage_height_ft,Pajaro River at Watsonville
11159500,2023-03-11 19:30,29.48,gage_height_ft,Pajaro River at Watsonville
11159500,2023-03-11 19:45,29.47,gage_height_ft,Pajaro River at Watsonville
11159500,2023-03-11 20:00,29.44,gage_height_ft,Pajaro River at Watsonville
11159500,2023-03-11 20:15,29.43,gage_height_ft,Pajaro River at Watsonville
11159500,2023-03-11 20:30,29.4,gage_height_ft,Pajaro River at Watsonville
11159500,2023-03-11 20:45,29.4,gage_height_ft,Pajaro River at Watsonville
11159500,2023-03-11 21:00,29.38,gage_height_ft,Pajaro River at Watsonville
11159500,2023-03-11 21:15,29.35,gage_height_ft,Pajaro River at Watsonville
11159500,2023-03-11 21:30,29.35,gage_height_ft,Pajaro River at Watsonville
11159500,2023-03-11 21:45,29.31,gage_height_ft,Pajaro River at Watsonville
11159500,2023-03-11 22:00,29.29,gage_height_ft,Pajaro River at Watsonville
11159500,2023-03-11 22:15,29.26,gage_height_ft,Pajaro River at Watsonville
11159500,2023-03-11 22:30,29.24,gage_height_ft,Pajaro River at Watsonville
11159500,2023-03-11 22:45,29.18,gage_height_ft,Pajaro River at Watsonville
11159500,2023-03-11 23:00,29.12,gage_height_ft,Pajaro River at Watsonville
11159500,2023-03-11 23:15,29.08,gage_height_ft,Pajaro River at Watsonville
11159500,2023-03-11 23:30,29.0,gage_height_ft,Pajaro River at Watsonville
11159500,2023-03-11 23:45,28.94,gage_height_ft,Pajaro River at Watsonville
11159500,2023-03-12 00:00,28.87,gage_height_ft,Pajaro River at Watsonville
11159500,2023-03-12 00:15,28.83,gage_height_ft,Pajaro River at Watsonville
11159500,2023-03-12 00:30,28.83,gage_height_ft,Pajaro River at Watsonville
11159500,2023-03-12 00:45,28.68,gage_height_ft,Pajaro River at Watsonville
11159500,2023-03-12 01:00,28.64,gage_height_ft,Pajaro River at Watsonville
11159500,2023-03-12 01:15,28.6,gage_height_ft,Pajaro River at Watsonville
11159500,2023-03-12 01:30,28.56,gage_height_ft,Pajaro River at Watsonville
11159500,2023-03-12 01:45,28.51,gage_height_ft,Pajaro River at Watsonville
11159500,2023-03-12 03:00,28.48,gage_height_ft,Pajaro River at Watsonville
11159500,2023-03-12 03:15,28.44,gage_height_ft,Pajaro River at Watsonville
11159500,2023-03-12 03:30,28.41,gage_height_ft,Pajaro River at Watsonville
11159500,2023-03-12 03:45,28.37,gage_height_ft,Pajaro River at Watsonville
11159500,2023-03-12 04:00,28.36,gage_height_ft,Pajaro River at Watsonville
11159500,2023-03-12 04:15,28.33,gage_height_ft,Pajaro River at Watsonville
11159500,2023-03-12 04:30,28.29,gage_height_ft,Pajaro River at Watsonville
11159500,2023-03-12 04:45,28.28,gage_height_ft,Pajaro River at Watsonville
11159500,2023-03-12 05:00,28.24,gage_height_ft,Pajaro River at Watsonville
11159500,2023-03-12 05:15,28.21,gage_height_ft,Pajaro River at Watsonville
11159500,2023-03-12 05:30,28.2,gage_height_ft,Pajaro River at Watsonville
11159500,2023-03-12 05:45,28.17,gage_height_ft,Pajaro River at Watsonville
11159500,2023-03-12 06:00,28.15,gage_height_ft,Pajaro River at Watsonville
11159500,2023-03-12 06:15,28.13,gage_height_ft,Pajaro River at Watsonville
11159500,2023-03-12 06:30,28.09,gage_height_ft,Pajaro River at Watsonville
11159500,2023-03-12 06:45,28.05,gage_height_ft,Pajaro River at Watsonville
11159500,2023-03-12 07:00,28.03,gage_height_ft,Pajaro River at Watsonville
11159500,2023-03-12 07:15,28.0,gage_height_ft,Pajaro River at Watsonville
11159500,2023-03-12 07:30,27.97,gage_height_ft,Pajaro River at Watsonville
11159500,2023-03-12 07:45,27.94,gage_height_ft,Pajaro River at Watsonville
11159500,2023-03-12 08:00,27.91,gage_height_ft,Pajaro River at Watsonville
11159500,2023-03-12 08:15,27.87,gage_height_ft,Pajaro River at Watsonville
11159500,2023-03-12 08:30,27.84,gage_height_ft,Pajaro River at Watsonville
11159500,2023-03-12 08:45,27.81,gage_height_ft,Pajaro River at Watsonville
11159500,2023-03-12 09:00,27.78,gage_height_ft,Pajaro River at Watsonville
11159500,2023-03-12 09:15,27.75,gage_height_ft,Pajaro River at Watsonville
11159500,2023-03-12 09:30,27.72,gage_height_ft,Pajaro River at Watsonville
11159500,2023-03-12 09:45,27.68,gage_height_ft,Pajaro River at Watsonville
11159500,2023-03-12 10:00,27.65,gage_height_ft,Pajaro River at Watsonville
11159500,2023-03-12 10:15,27.62,gage_height_ft,Pajaro River at Watsonville
11159500,2023-03-12 10:30,27.6,gage_height_ft,Pajaro River at Watsonville
11159500,2023-03-12 10:45,27.57,gage_height_ft,Pajaro River at Watsonville
11159500,2023-03-12 11:00,27.55,gage_height_ft,Pajaro River at Watsonville
11159500,2023-03-12 11:15,27.55,gage_height_ft,Pajaro River at Watsonville
11159500,2023-03-12 11:30,27.5,gage_height_ft,Pajaro River at Watsonville
11159500,2023-03-12 11:45,27.48,gage_height_ft,Pajaro River at Watsonville
11159500,2023-03-12 12:00,27.46,gage_height_ft,Pajaro River at Watsonville
11159500,2023-03-12 12:15,27.44,gage_height_ft,Pajaro River at Watsonville
11159500,2023-03-12 12:30,27.41,gage_height_ft,Pajaro River at Watsonville
11159500,2023-03-12 12:45,27.39,gage_height_ft,Pajaro River at Watsonville
11159500,2023-03-12 13:00,27.37,gage_height_ft,Pajaro River at Watsonville
11159500,2023-03-12 13:15,27.35,gage_height_ft,Pajaro River at Watsonville
11159500,2023-03-12 13:30,27.33,gage_height_ft,Pajaro River at Watsonville
11159500,2023-03-12 13:45,27.32,gage_height_ft,Pajaro River at Watsonville
11159500,2023-03-12 14:00,27.3,gage_height_ft,Pajaro River at Watsonville
11159500,2023-03-12 14:15,27.28,gage_height_ft,Pajaro River at Watsonville
11159500,2023-03-12 14:30,27.26,gage_height_ft,Pajaro River at Watsonville
11159500,2023-03-12 14:45,27.24,gage_height_ft,Pajaro River at Watsonville
11159500,2023-03-12 15:00,27.23,gage_height_ft,Pajaro River at Watsonville
11159500,2023-03-12 15:15,27.21,gage_height_ft,Pajaro River at Watsonville
11159500,2023-03-12 15:30,27.19,gage_height_ft,Pajaro River at Watsonville
11159500,2023-03-12 15:45,27.17,gage_height_ft,Pajaro River at Watsonville
11159500,2023-03-12 16:00,27.15,gage_height_ft,Pajaro River at Watsonville
11159500,2023-03-12 16:15,27.13,gage_height_ft,Pajaro River at Watsonville
11159500,2023-03-12 16:30,27.11,gage_height_ft,Pajaro River at Watsonville
11159500,2023-03-12 16:45,27.09,gage_height_ft,Pajaro River at Watsonville
11159500,2023-03-12 17:00,27.08,gage_height_ft,Pajaro River at Watsonville
11159500,2023-03-12 17:15,27.06,gage_height_ft,Pajaro River at Watsonville
11159500,2023-03-12 17:30,27.04,gage_height_ft,Pajaro River at Watsonville
11159500,2023-03-12 17:45,27.02,gage_height_ft,Pajaro River at Watsonville
11159500,2023-03-12 18:00,27.0,gage_height_ft,Pajaro River at Watsonville
11159500,2023-03-12 18:15,26.98,gage_height_ft,Pajaro River at Watsonville
11159500,2023-03-12 18:30,26.97,gage_height_ft,Pajaro River at Watsonville
11159500,2023-03-12 18:45,26.95,gage_height_ft,Pajaro River at Watsonville
11159500,2023-03-12 19:00,26.93,gage_height_ft,Pajaro River at Watsonville
11159500,2023-03-12 19:15,26.92,gage_height_ft,Pajaro River at Watsonville
11159500,2023-03-12 19:30,26.9,gage_height_ft,Pajaro River at Watsonville
11159500,2023-03-12 19:45,26.9,gage_height_ft,Pajaro River at Watsonville
11159500,2023-03-12 20:00,26.87,gage_height_ft,Pajaro River at Watsonville
11159500,2023-03-12 20:15,26.85,gage_height_ft,Pajaro River at Watsonville
11159500,2023-03-12 20:30,26.82,gage_height_ft,Pajaro River at Watsonville
11159500,2023-03-12 20:45,26.81,gage_height_ft,Pajaro River at Watsonville
11159500,2023-03-12 21:00,26.8,gage_height_ft,Pajaro River at Watsonville
11159500,2023-03-12 21:15,26.78,gage_height_ft,Pajaro River at Watsonville
11159500,2023-03-12 21:30,26.76,gage_height_ft,Pajaro River at Watsonville
11159500,2023-03-12 21:45,26.74,gage_height_ft,Pajaro River at Watsonville
11159500,2023-03-12 22:00,26.71,gage_height_ft,Pajaro River at Watsonville
11159500,2023-03-12 22:15,26.7,gage_height_ft,Pajaro River at Watsonville
11159500,2023-03-12 22:30,26.69,gage_height_ft,Pajaro River at Watsonville
11159500,2023-03-12 22:45,26.68,gage_height_ft,Pajaro River at Watsonville
11159500,2023-03-12 23:00,26.65,gage_height_ft,Pajaro River at Watsonville
11159500,2023-03-12 23:15,26.63,gage_height_ft,Pajaro River at Watsonville
11159500,2023-03-12 23:30,26.62,gage_height_ft,Pajaro River at Watsonville
11159500,2023-03-12 23:45,26.6,gage_height_ft,Pajaro River at Watsonville
11159500,2023-03-13 00:00,26.59,gage_height_ft,Pajaro River at Watsonville
11159500,2023-03-13 00:15,26.57,gage_height_ft,Pajaro River at Watsonville
11159500,2023-03-13 00:30,26.55,gage_height_ft,Pajaro River at Watsonville
11159500,2023-03-13 00:45,26.53,gage_height_ft,Pajaro River at Watsonville
11159500,2023-03-13 01:00,26.52,gage_height_ft,Pajaro River at Watsonville
11159500,2023-03-13 01:15,26.5,gage_height_ft,Pajaro River at Watsonville
11159500,2023-03-13 01:30,26.49,gage_height_ft,Pajaro River at Watsonville
11159500,2023-03-13 01:45,26.47,gage_height_ft,Pajaro River at Watsonville
11159500,2023-03-13 02:00,26.45,gage_height_ft,Pajaro River at Watsonville
11159500,2023-03-13 02:15,26.44,gage_height_ft,Pajaro River at Watsonville
11159500,2023-03-13 02:30,26.43,gage_height_ft,Pajaro River at Watsonville
11159500,2023-03-13 02:45,26.41,gage_height_ft,Pajaro River at Watsonville
11159500,2023-03-13 03:00,26.38,gage_height_ft,Pajaro River at Watsonville
11159500,2023-03-13 03:15,26.36,gage_height_ft,Pajaro River at Watsonville
11159500,2023-03-13 03:30,26.34,gage_height_ft,Pajaro River at Watsonville
11159500,2023-03-13 03:45,26.33,gage_height_ft,Pajaro River at Watsonville
11159500,2023-03-13 04:00,26.31,gage_height_ft,Pajaro River at Watsonville
11159500,2023-03-13 04:15,26.28,gage_height_ft,Pajaro River at Watsonville
11159500,2023-03-13 04:30,26.27,gage_height_ft,Pajaro River at Watsonville
11159500,2023-03-13 04:45,26.25,gage_height_ft,Pajaro River at Watsonville
11159500,2023-03-13 05:00,26.23,gage_height_ft,Pajaro River at Watsonville
11159500,2023-03-13 05:15,26.21,gage_height_ft,Pajaro River at Watsonville
11159500,2023-03-13 05:30,26.19,gage_height_ft,Pajaro River at Watsonville
11159500,2023-03-13 05:45,26.18,gage_height_ft,Pajaro River at Watsonville
11159500,2023-03-13 06:00,26.16,gage_height_ft,Pajaro River at Watsonville
11159500,2023-03-13 06:15,26.14,gage_height_ft,Pajaro River at Watsonville
11159500,2023-03-13 06:30,26.12,gage_height_ft,Pajaro River at Watsonville
11159500,2023-03-13 06:45,26.12,gage_height_ft,Pajaro River at Watsonville
11159500,2023-03-13 07:00,26.1,gage_height_ft,Pajaro River at Watsonville
11159500,2023-03-13 07:15,26.08,gage_height_ft,Pajaro River at Watsonville
11159500,2023-03-13 07:30,26.07,gage_height_ft,Pajaro River at Watsonville
11159500,2023-03-13 07:45,26.05,gage_height_ft,Pajaro River at Watsonville
11159500,2023-03-13 08:00,26.03,gage_height_ft,Pajaro River at Watsonville
11159500,2023-03-13 08:15,26.02,gage_height_ft,Pajaro River at Watsonville
11159500,2023-03-13 08:30,25.98,gage_height_ft,Pajaro River at Watsonville
11159500,2023-03-13 08:45,25.98,gage_height_ft,Pajaro River at Watsonville
11159500,2023-03-13 09:00,25.97,gage_height_ft,Pajaro River at Watsonville
11159500,2023-03-13 09:15,25.95,gage_height_ft,Pajaro River at Watsonville
11159500,2023-03-13 09:30,25.93,gage_height_ft,Pajaro River at Watsonville
11159500,2023-03-13 09:45,25.91,gage_height_ft,Pajaro River at Watsonville
11159500,2023-03-13 10:00,25.89,gage_height_ft,Pajaro River at Watsonville
11159500,2023-03-13 10:15,25.88,gage_height_ft,Pajaro River at Watsonville
11159500,2023-03-13 10:30,25.86,gage_height_ft,Pajaro River at Watsonville
11159500,2023-03-13 10:45,25.84,gage_height_ft,Pajaro River at Watsonville
11159500,2023-03-13 11:00,25.82,gage_height_ft,Pajaro River at Watsonville
11159500,2023-03-13 11:30,25.79,gage_height_ft,Pajaro River at Watsonville
11159500,2023-03-13 11:45,25.77,gage_height_ft,Pajaro River at Watsonville
11159500,2023-03-13 12:00,25.76,gage_height_ft,Pajaro River at Watsonville
11159500,2023-03-13 12:15,25.74,gage_height_ft,Pajaro River at Watsonville
11159500,2023-03-13 12:30,25.71,gage_height_ft,Pajaro River at Watsonville
11159500,2023-03-13 12:45,25.7,gage_height_ft,Pajaro River at Watsonville
11159500,2023-03-13 13:00,25.69,gage_height_ft,Pajaro River at Watsonville
11159500,2023-03-13 13:15,25.66,gage_height_ft,Pajaro River at Watsonville
11159500,2023-03-13 13:30,25.64,gage_height_ft,Pajaro River at Watsonville
11159500,2023-03-13 13:45,25.62,gage_height_ft,Pajaro River at Watsonville
11159500,2023-03-13 14:00,25.59,gage_height_ft,Pajaro River at Watsonville
11159500,2023-03-13 14:15,25.57,gage_height_ft,Pajaro River at Watsonville
11159500,2023-03-13 14:30,25.54,gage_height_ft,Pajaro River at Watsonville
11159500,2023-03-13 14:45,25.52,gage_height_ft,Pajaro River at Watsonville
11159500,2023-03-13 15:00,25.5,gage_height_ft,Pajaro River at Watsonville
11159500,2023-03-13 15:15,25.48,gage_height_ft,Pajaro River at Watsonville
11159500,2023-03-13 15:30,25.46,gage_height_ft,Pajaro River at Watsonville
11159500,2023-03-13 15:45,25.43,gage_height_ft,Pajaro River at Watsonville
11159500,2023-03-13 16:00,25.42,gage_height_ft,Pajaro River at Watsonville
11159500,2023-03-13 16:15,25.39,gage_height_ft,Pajaro River at Watsonville
11159500,2023-03-13 16:30,25.38,gage_height_ft,Pajaro River at Watsonville
11159500,2023-03-13 16:45,25.36,gage_height_ft,Pajaro River at Watsonville
11159500,2023-03-13 17:00,25.34,gage_height_ft,Pajaro River at Watsonville
11159500,2023-03-13 17:15,25.33,gage_height_ft,Pajaro River at Watsonville
11159500,2023-03-13 17:30,25.3,gage_height_ft,Pajaro River at Watsonville
11159500,2023-03-13 17:45,25.3,gage_height_ft,Pajaro River at Watsonville
11159500,2023-03-13 18:00,25.27,gage_height_ft,Pajaro River at Watsonville
11159500,2023-03-13 18:15,25.24,gage_height_ft,Pajaro River at Watsonville
11159500,2023-03-13 18:30,25.23,gage_height_ft,Pajaro River at Watsonville
11159500,2023-03-13 18:45,25.23,gage_height_ft,Pajaro River at Watsonville
11159500,2023-03-13 19:00,25.19,gage_height_ft,Pajaro River at Watsonville
11159500,2023-03-13 19:15,25.19,gage_height_ft,Pajaro River at Watsonville
11159500,2023-03-13 19:30,25.16,gage_height_ft,Pajaro River at Watsonville
11159500,2023-03-13 19:45,25.14,gage_height_ft,Pajaro River at Watsonville
11159500,2023-03-13 20:00,25.13,gage_height_ft,Pajaro River at Watsonville
11159500,2023-03-13 20:15,25.12,gage_height_ft,Pajaro River at Watsonville
11159500,2023-03-13 20:30,25.1,gage_height_ft,Pajaro River at Watsonville
11159500,2023-03-13 20:45,25.08,gage_height_ft,Pajaro River at Watsonville
11159500,2023-03-13 21:00,25.07,gage_height_ft,Pajaro River at Watsonville
11159500,2023-03-13 21:15,25.05,gage_height_ft,Pajaro River at Watsonville
11159500,2023-03-13 21:30,25.04,gage_height_ft,Pajaro River at Watsonville
11159500,2023-03-13 21:45,25.02,gage_height_ft,Pajaro River at Watsonville
11159500,2023-03-13 22:00,24.99,gage_height_ft,Pajaro River at Watsonville
11159500,2023-03-13 22:15,24.98,gage_height_ft,Pajaro River at Watsonville
11159500,2023-03-13 22:30,24.97,gage_height_ft,Pajaro River at Watsonville
11159500,2023-03-13 22:45,24.95,gage_height_ft,Pajaro River at Watsonville
11159500,2023-03-13 23:00,24.94,gage_height_ft,Pajaro River at Watsonville
11159500,2023-03-13 23:15,24.91,gage_height_ft,Pajaro River at Watsonville
11159500,2023-03-13 23:30,24.9,gage_height_ft,Pajaro River at Watsonville
11159500,2023-03-13 23:45,24.89,gage_height_ft,Pajaro River at Watsonville
11159500,2023-03-14 00:00,24.87,gage_height_ft,Pajaro River at Watsonville
11159500,2023-03-14 00:15,24.85,gage_height_ft,Pajaro River at Watsonville
11159500,2023-03-14 00:30,24.84,gage_height_ft,Pajaro River at Watsonville
11159500,2023-03-14 00:45,24.82,gage_height_ft,Pajaro River at Watsonville
11159500,2023-03-14 01:00,24.81,gage_height_ft,Pajaro River at Watsonville
11159500,2023-03-14 01:15,24.8,gage_height_ft,Pajaro River at Watsonville
11159500,2023-03-14 01:30,24.79,gage_height_ft,Pajaro River at Watsonville
11159500,2023-03-14 01:45,24.77,gage_height_ft,Pajaro River at Watsonville
11159500,2023-03-14 02:00,24.75,gage_height_ft,Pajaro River at Watsonville
11159500,2023-03-14 02:15,24.73,gage_height_ft,Pajaro River at Watsonville
11159500,2023-03-14 02:30,24.72,gage_height_ft,Pajaro River at Watsonville
11159500,2023-03-14 02:45,24.7,gage_height_ft,Pajaro River at Watsonville
11159500,2023-03-14 03:00,24.69,gage_height_ft,Pajaro River at Watsonville
11159500,2023-03-14 03:15,24.68,gage_height_ft,Pajaro River at Watsonville
11159500,2023-03-14 03:30,24.66,gage_height_ft,Pajaro River at Watsonville
11159500,2023-03-14 03:45,24.64,gage_height_ft,Pajaro River at Watsonville
11159500,2023-03-14 04:00,24.64,gage_height_ft,Pajaro River at Watsonville
11159500,2023-03-14 04:15,24.63,gage_height_ft,Pajaro River at Watsonville
11159500,2023-03-14 04:30,24.61,gage_height_ft,Pajaro River at Watsonville
11159500,2023-03-14 04:45,24.62,gage_height_ft,Pajaro River at Watsonville
11159500,2023-03-14 05:00,24.6,gage_height_ft,Pajaro River at Watsonville
11159500,2023-03-14 05:15,24.59,gage_height_ft,Pajaro River at Watsonville
11159500,2023-03-14 05:30,24.57,gage_height_ft,Pajaro River at Watsonville
11159500,2023-03-14 05:45,24.55,gage_height_ft,Pajaro River at Watsonville
11159500,2023-03-14 06:00,24.54,gage_height_ft,Pajaro River at Watsonville
11159500,2023-03-14 06:15,24.53,gage_height_ft,Pajaro River at Watsonville
11159500,2023-03-14 06:30,24.53,gage_height_ft,Pajaro River at Watsonville
11159500,2023-03-14 06:45,24.54,gage_height_ft,Pajaro River at Watsonville
11159500,2023-03-14 07:00,24.55,gage_height_ft,Pajaro River at Watsonville
11159500,2023-03-14 07:15,24.58,gage_height_ft,Pajaro River at Watsonville
11159500,2023-03-14 07:30,24.58,gage_height_ft,Pajaro River at Watsonville
11159500,2023-03-14 07:45,24.61,gage_height_ft,Pajaro River at Watsonville
11159500,2023-03-14 08:00,24.63,gage_height_ft,Pajaro River at Watsonville
11159500,2023-03-14 08:15,24.65,gage_height_ft,Pajaro River at Watsonville
11159500,2023-03-14 08:30,24.68,gage_height_ft,Pajaro River at Watsonville
11159500,2023-03-14 08:45,24.7,gage_height_ft,Pajaro River at Watsonville
11159500,2023-03-14 09:00,24.73,gage_height_ft,Pajaro River at Watsonville
11159500,2023-03-14 09:15,24.74,gage_height_ft,Pajaro River at Watsonville
11159500,2023-03-14 09:30,24.74,gage_height_ft,Pajaro River at Watsonville
11159500,2023-03-14 09:45,24.76,gage_height_ft,Pajaro River at Watsonville
11159500,2023-03-14 10:00,24.77,gage_height_ft,Pajaro River at Watsonville
11159500,2023-03-14 10:15,24.79,gage_height_ft,Pajaro River at Watsonville
11159500,2023-03-14 10:30,24.81,gage_height_ft,Pajaro River at Watsonville
11159500,2023-03-14 10:45,24.84,gage_height_ft,Pajaro River at Watsonville
11159500,2023-03-14 11:00,24.87,gage_height_ft,Pajaro River at Watsonville
11159500,2023-03-14 11:15,24.89,gage_height_ft,Pajaro River at Watsonville
11159500,2023-03-14 11:30,24.9,gage_height_ft,Pajaro River at Watsonville
11159500,2023-03-14 11:45,24.93,gage_height_ft,Pajaro River at Watsonville
11159500,2023-03-14 12:00,24.95,gage_height_ft,Pajaro River at Watsonville
11159500,2023-03-14 12:15,24.96,gage_height_ft,Pajaro River at Watsonville
11159500,2023-03-14 12:30,24.98,gage_height_ft,Pajaro River at Watsonville
11159500,2023-03-14 12:45,24.98,gage_height_ft,Pajaro River at Watsonville
11159500,2023-03-14 13:00,24.99,gage_height_ft,Pajaro River at Watsonville
11159500,2023-03-14 13:15,24.98,gage_height_ft,Pajaro River at Watsonville
11159500,2023-03-14 13:30,24.98,gage_height_ft,Pajaro River at Watsonville
11159500,2023-03-14 13:45,24.97,gage_height_ft,Pajaro River at Watsonville
11159500,2023-03-14 14:00,24.95,gage_height_ft,Pajaro River at Watsonville
11159500,2023-03-14 14:15,24.94,gage_height_ft,Pajaro River at Watsonville
11159500,2023-03-14 14:30,24.9,gage_height_ft,Pajaro River at Watsonville
11159500,2023-03-14 14:45,24.89,gage_height_ft,Pajaro River at Watsonville
11159500,2023-03-14 15:00,24.87,gage_height_ft,Pajaro River at Watsonville
11159500,2023-03-14 15:15,24.83,gage_height_ft,Pajaro River at Watsonville
11159500,2023-03-14 15:30,24.82,gage_height_ft,Pajaro River at Watsonville
11159500,2023-03-14 15:45,24.79,gage_height_ft,Pajaro River at Watsonville
11159500,2023-03-14 16:00,24.76,gage_height_ft,Pajaro River at Watsonville
11159500,2023-03-14 16:15,24.73,gage_height_ft,Pajaro River at Watsonville
11159500,2023-03-14 16:30,24.7,gage_height_ft,Pajaro River at Watsonville
11159500,2023-03-14 16:45,24.67,gage_height_ft,Pajaro River at Watsonville
11159500,2023-03-14 17:00,24.65,gage_height_ft,Pajaro River at Watsonville
11159500,2023-03-14 17:15,24.63,gage_height_ft,Pajaro River at Watsonville
11159500,2023-03-14 17:30,24.62,gage_height_ft,Pajaro River at Watsonville
11159500,2023-03-14 17:45,24.62,gage_height_ft,Pajaro River at Watsonville
11159500,2023-03-14 18:00,24.62,gage_height_ft,Pajaro River at Watsonville
11159500,2023-03-14 18:15,24.61,gage_height_ft,Pajaro River at Watsonville
11159500,2023-03-14 18:30,24.62,gage_height_ft,Pajaro River at Watsonville
11159500,2023-03-14 18:45,24.64,gage_height_ft,Pajaro River at Watsonville
11159500,2023-03-14 19:00,24.66,gage_height_ft,Pajaro River at Watsonville
11159500,2023-03-14 19:15,24.7,gage_height_ft,Pajaro River at Watsonville
11159500,2023-03-14 19:30,24.73,gage_height_ft,Pajaro River at Watsonville
11159500,2023-03-14 19:45,24.77,gage_height_ft,Pajaro River at Watsonville
11159500,2023-03-14 20:00,24.81,gage_height_ft,Pajaro River at Watsonville
11159500,2023-03-14 20:15,24.85,gage_height_ft,Pajaro River at Watsonville
11159500,2023-03-14 20:30,24.88,gage_height_ft,Pajaro River at Watsonville
11159500,2023-03-14 20:45,24.89,gage_height_ft,Pajaro River at Watsonville
11159500,2023-03-14 21:00,24.9,gage_height_ft,Pajaro River at Watsonville
11159500,2023-03-14 21:15,24.9,gage_height_ft,Pajaro River at Watsonville
11159500,2023-03-14 21:30,24.9,gage_height_ft,Pajaro River at Watsonville
11159500,2023-03-14 21:45,24.9,gage_height_ft,Pajaro River at Watsonville
11159500,2023-03-14 22:00,24.89,gage_height_ft,Pajaro River at Watsonville
11159500,2023-03-14 22:15,24.88,gage_height_ft,Pajaro River at Watsonville
11159500,2023-03-14 22:30,24.87,gage_height_ft,Pajaro River at Watsonville
11159500,2023-03-14 22:45,24.85,gage_height_ft,Pajaro River at Watsonville
11159500,2023-03-14 23:00,24.85,gage_height_ft,Pajaro River at Watsonville
11159500,2023-03-14 23:15,24.84,gage_height_ft,Pajaro River at Watsonville
11159500,2023-03-14 23:30,24.82,gage_height_ft,Pajaro River at Watsonville
11159500,2023-03-14 23:45,24.8,gage_height_ft,Pajaro River at Watsonville
11159500,2023-03-15 00:00,24.78,gage_height_ft,Pajaro River at Watsonville
11159500,2023-03-15 00:15,24.77,gage_height_ft,Pajaro River at Watsonville
11159500,2023-03-15 00:30,24.76,gage_height_ft,Pajaro River at Watsonville
11159500,2023-03-15 00:45,24.74,gage_height_ft,Pajaro River at Watsonville
11159500,2023-03-15 01:00,24.74,gage_height_ft,Pajaro River at Watsonville
11159500,2023-03-15 01:15,24.73,gage_height_ft,Pajaro River at Watsonville
11159500,2023-03-15 01:30,24.72,gage_height_ft,Pajaro River at Watsonville
11159500,2023-03-15 01:45,24.71,gage_height_ft,Pajaro River at Watsonville
11159500,2023-03-15 02:00,24.7,gage_height_ft,Pajaro River at Watsonville
11159500,2023-03-15 02:15,24.7,gage_height_ft,Pajaro River at Watsonville
11159500,2023-03-15 02:30,24.69,gage_height_ft,Pajaro River at Watsonville
11159500,2023-03-15 02:45,24.69,gage_height_ft,Pajaro River at Watsonville
11159500,2023-03-15 03:00,24.68,gage_height_ft,Pajaro River at Watsonville
11159500,2023-03-15 03:15,24.68,gage_height_ft,Pajaro River at Watsonville
11159500,2023-03-15 03:30,24.67,gage_height_ft,Pajaro River at Watsonville
11159500,2023-03-15 03:45,24.67,gage_height_ft,Pajaro River at Watsonville
11159500,2023-03-15 04:00,24.67,gage_height_ft,Pajaro River at Watsonville
11159500,2023-03-15 04:15,24.67,gage_height_ft,Pajaro River at Watsonville
11159500,2023-03-15 04:30,24.67,gage_height_ft,Pajaro River at Watsonville
11159500,2023-03-15 04:45,24.67,gage_height_ft,Pajaro River at Watsonville
11159500,2023-03-15 05:00,24.67,gage_height_ft,Pajaro River at Watsonville
11159500,2023-03-15 05:15,24.67,gage_height_ft,Pajaro River at Watsonville
11159500,2023-03-15 05:30,24.68,gage_height_ft,Pajaro River at Watsonville
11159500,2023-03-15 05:45,24.67,gage_height_ft,Pajaro River at Watsonville
11159500,2023-03-15 06:00,24.68,gage_height_ft,Pajaro River at Watsonville
11159500,2023-03-15 06:15,24.68,gage_height_ft,Pajaro River at Watsonville
11159500,2023-03-15 06:30,24.69,gage_height_ft,Pajaro River at Watsonville
11159500,2023-03-15 06:45,24.7,gage_height_ft,Pajaro River at Watsonville
11159500,2023-03-15 07:00,24.7,gage_height_ft,Pajaro River at Watsonville
11159500,2023-03-15 07:15,24.71,gage_height_ft,Pajaro River at Watsonville
11159500,2023-03-15 07:30,24.72,gage_height_ft,Pajaro River at Watsonville
11159500,2023-03-15 07:45,24.73,gage_height_ft,Pajaro River at Watsonville
11159500,2023-03-15 08:00,24.74,gage_height_ft,Pajaro River at Watsonville
11159500,2023-03-15 08:15,24.74,gage_height_ft,Pajaro River at Watsonville
11159500,2023-03-15 08:30,24.74,gage_height_ft,Pajaro River at Watsonville
11159500,2023-03-15 08:45,24.76,gage_height_ft,Pajaro River at Watsonville
11159500,2023-03-15 09:00,24.76,gage_height_ft,Pajaro River at Watsonville
11159500,2023-03-15 09:15,24.78,gage_height_ft,Pajaro River at Watsonville
11159500,2023-03-15 09:30,24.79,gage_height_ft,Pajaro River at Watsonville
11159500,2023-03-15 09:45,24.78,gage_height_ft,Pajaro River at Watsonville
11159500,2023-03-15 10:00,24.79,gage_height_ft,Pajaro River at Watsonville
11159500,2023-03-15 10:15,24.81,gage_height_ft,Pajaro River at Watsonville
11159500,2023-03-15 10:30,24.81,gage_height_ft,Pajaro River at Watsonville
11159500,2023-03-15 10:45,24.82,gage_height_ft,Pajaro River at Watsonville
11159500,2023-03-15 11:00,24.83,gage_height_ft,Pajaro River at Watsonville
11159500,2023-03-15 11:15,24.83,gage_height_ft,Pajaro River at Watsonville
11159500,2023-03-15 11:30,24.83,gage_height_ft,Pajaro River at Watsonville
11159500,2023-03-15 11:45,24.84,gage_height_ft,Pajaro River at Watsonville
11159500,2023-03-15 12:00,24.85,gage_height_ft,Pajaro River at Watsonville
11159500,2023-03-15 12:15,24.86,gage_height_ft,Pajaro River at Watsonville
11159500,2023-03-15 12:30,24.86,gage_height_ft,Pajaro River at Watsonville
11159500,2023-03-15 12:45,24.88,gage_height_ft,Pajaro River at Watsonville
11159500,2023-03-15 13:00,24.89,gage_height_ft,Pajaro River at Watsonville
11159500,2023-03-15 13:15,24.9,gage_height_ft,Pajaro River at Watsonville
11159500,2023-03-15 13:30,24.9,gage_height_ft,Pajaro River at Watsonville
11159500,2023-03-15 13:45,24.91,gage_height_ft,Pajaro River at Watsonville
11159500,2023-03-15 14:00,24.9,gage_height_ft,Pajaro River at Watsonville
11159500,2023-03-15 14:15,24.92,gage_height_ft,Pajaro River at Watsonville
11159500,2023-03-15 14:30,24.93,gage_height_ft,Pajaro River at Watsonville
11159500,2023-03-15 14:45,24.93,gage_height_ft,Pajaro River at Watsonville
11159500,2023-03-15 15:00,24.93,gage_height_ft,Pajaro River at Watsonville
11159500,2023-03-15 15:15,24.93,gage_height_ft,Pajaro River at Watsonville
11159500,2023-03-15 15:30,24.94,gage_height_ft,Pajaro River at Watsonville
11159500,2023-03-15 15:45,24.94,gage_height_ft,Pajaro River at Watsonville
11159500,2023-03-15 16:00,24.94,gage_height_ft,Pajaro River at Watsonville
11159500,2023-03-15 16:15,24.93,gage_height_ft,Pajaro River at Watsonville
11159500,2023-03-15 16:30,24.93,gage_height_ft,Pajaro River at Watsonville
11159500,2023-03-15 16:45,24.93,gage_height_ft,Pajaro River at Watsonville
11159500,2023-03-15 17:00,24.91,gage_height_ft,Pajaro River at Watsonville
11159500,2023-03-15 17:15,24.91,gage_height_ft,Pajaro River at Watsonville
11159500,2023-03-15 17:30,24.91,gage_height_ft,Pajaro River at Watsonville
11159500,2023-03-15 17:45,24.9,gage_height_ft,Pajaro River at Watsonville
11159500,2023-03-15 18:00,24.9,gage_height_ft,Pajaro River at Watsonville
11159500,2023-03-15 18:15,24.88,gage_height_ft,Pajaro River at Watsonville
11159500,2023-03-15 18:30,24.88,gage_height_ft,Pajaro River at Watsonville
11159500,2023-03-15 18:45,24.87,gage_height_ft,Pajaro River at Watsonville
11159500,2023-03-15 19:00,24.86,gage_height_ft,Pajaro River at Watsonville
11159500,2023-03-15 19:15,24.83,gage_height_ft,Pajaro River at Watsonville
11159500,2023-03-15 19:30,24.82,gage_height_ft,Pajaro River at Watsonville
11159500,2023-03-15 19:45,24.81,gage_height_ft,Pajaro River at Watsonville
11159500,2023-03-15 20:00,24.8,gage_height_ft,Pajaro River at Watsonville
11159500,2023-03-15 20:15,24.78,gage_height_ft,Pajaro River at Watsonville
11159500,2023-03-15 20:30,24.77,gage_height_ft,Pajaro River at Watsonville
11159500,2023-03-15 20:45,24.75,gage_height_ft,Pajaro River at Watsonville
11159500,2023-03-15 21:00,24.74,gage_height_ft,Pajaro River at Watsonville
11159500,2023-03-15 21:15,24.72,gage_height_ft,Pajaro River at Watsonville
11159500,2023-03-15 21:30,24.71,gage_height_ft,Pajaro River at Watsonville
11159500,2023-03-15 21:45,24.69,gage_height_ft,Pajaro River at Watsonville
11159500,2023-03-15 22:00,24.67,gage_height_ft,Pajaro River at Watsonville
11159500,2023-03-15 22:15,24.66,gage_height_ft,Pajaro River at Watsonville
11159500,2023-03-15 22:30,24.64,gage_height_ft,Pajaro River at Watsonville
11159500,2023-03-15 22:45,24.63,gage_height_ft,Pajaro River at Watsonville
11159500,2023-03-15 23:00,24.62,gage_height_ft,Pajaro River at Watsonville
11159500,2023-03-15 23:15,24.61,gage_height_ft,Pajaro River at Watsonville
11159500,2023-03-15 23:30,24.58,gage_height_ft,Pajaro River at Watsonville
11159500,2023-03-15 23:45,24.57,gage_height_ft,Pajaro River at Watsonville
11159500,2023-03-16 00:00,24.56,gage_height_ft,Pajaro River at Watsonville
11159500,2023-03-16 00:15,24.54,gage_height_ft,Pajaro River at Watsonville
11159500,2023-03-16 00:30,24.53,gage_height_ft,Pajaro River at Watsonville
11159500,2023-03-16 00:45,24.51,gage_height_ft,Pajaro River at Watsonville
11159500,2023-03-16 01:00,24.49,gage_height_ft,Pajaro River at Watsonville
11159500,2023-03-16 01:15,24.48,gage_height_ft,Pajaro River at Watsonville
11159500,2023-03-16 01:30,24.47,gage_height_ft,Pajaro River at Watsonville
11159500,2023-03-16 01:45,24.45,gage_height_ft,Pajaro River at Watsonville
11159500,2023-03-16 02:00,24.44,gage_height_ft,Pajaro River at Watsonville
11159500,2023-03-16 02:15,24.42,gage_height_ft,Pajaro River at Watsonville
11159500,2023-03-16 02:30,24.41,gage_height_ft,Pajaro River at Watsonville
11159500,2023-03-16 02:45,24.4,gage_height_ft,Pajaro River at Watsonville
11159500,2023-03-16 03:00,24.39,gage_height_ft,Pajaro River at Watsonville
11159500,2023-03-16 03:15,24.37,gage_height_ft,Pajaro River at Watsonville
11159500,2023-03-16 03:30,24.35,gage_height_ft,Pajaro River at Watsonville
11159500,2023-03-16 03:45,24.34,gage_height_ft,Pajaro River at Watsonville
11159500,2023-03-16 04:00,24.32,gage_height_ft,Pajaro River at Watsonville
11159500,2023-03-16 04:15,24.32,gage_height_ft,Pajaro River at Watsonville
11159500,2023-03-16 04:30,24.31,gage_height_ft,Pajaro River at Watsonville
11159500,2023-03-16 04:45,24.31,gage_height_ft,Pajaro River at Watsonville
11159500,2023-03-16 05:00,24.28,gage_height_ft,Pajaro River at Watsonville
11159500,2023-03-16 05:15,24.27,gage_height_ft,Pajaro River at Watsonville
11159500,2023-03-16 05:30,24.27,gage_height_ft,Pajaro River at Watsonville
11159500,2023-03-16 05:45,24.25,gage_height_ft,Pajaro River at Watsonville
11159500,2023-03-16 06:00,24.24,gage_height_ft,Pajaro River at Watsonville
11159500,2023-03-16 06:15,24.22,gage_height_ft,Pajaro River at Watsonville
11159500,2023-03-16 06:30,24.22,gage_height_ft,Pajaro River at Watsonville
11159500,2023-03-16 06:45,24.2,gage_height_ft,Pajaro River at Watsonville
11159500,2023-03-16 07:00,24.19,gage_height_ft,Pajaro River at Watsonville
11159500,2023-03-16 07:15,24.17,gage_height_ft,Pajaro River at Watsonville
11159500,2023-03-16 07:30,24.16,gage_height_ft,Pajaro River at Watsonville
11159500,2023-03-16 07:45,24.16,gage_height_ft,Pajaro River at Watsonville
11159500,2023-03-16 08:00,24.14,gage_height_ft,Pajaro River at Watsonville
11159500,2023-03-16 08:15,24.13,gage_height_ft,Pajaro River at Watsonville
11159500,2023-03-16 08:30,24.12,gage_height_ft,Pajaro River at Watsonville
11159500,2023-03-16 08:45,24.1,gage_height_ft,Pajaro River at Watsonville
11159500,2023-03-16 09:00,24.1,gage_height_ft,Pajaro River at Watsonville
11159500,2023-03-16 09:15,24.08,gage_height_ft,Pajaro River at Watsonville
11159500,2023-03-16 09:30,24.06,gage_height_ft,Pajaro River at Watsonville
11159500,2023-03-16 09:45,24.05,gage_height_ft,Pajaro River at Watsonville
11159500,2023-03-16 10:00,24.04,gage_height_ft,Pajaro River at Watsonville
11159500,2023-03-16 10:15,24.02,gage_height_ft,Pajaro River at Watsonville
11159500,2023-03-16 10:30,24.02,gage_height_ft,Pajaro River at Watsonville
11159500,2023-03-16 10:45,24.01,gage_height_ft,Pajaro River at Watsonville
11159500,2023-03-16 11:00,23.99,gage_height_ft,Pajaro River at Watsonville
11159500,2023-03-16 11:15,23.98,gage_height_ft,Pajaro River at Watsonville
11159500,2023-03-16 11:30,23.96,gage_height_ft,Pajaro River at Watsonville
11159500,2023-03-16 11:45,23.96,gage_height_ft,Pajaro River at Watsonville
11159500,2023-03-16 12:00,23.94,gage_height_ft,Pajaro River at Watsonville
11159500,2023-03-16 12:15,23.92,gage_height_ft,Pajaro River at Watsonville
11159500,2023-03-16 12:30,23.91,gage_height_ft,Pajaro River at Watsonville
11159500,2023-03-16 12:45,23.89,gage_height_ft,Pajaro River at Watsonville
11159500,2023-03-16 13:00,23.88,gage_height_ft,Pajaro River at Watsonville
11159500,2023-03-16 13:15,23.85,gage_height_ft,Pajaro River at Watsonville
11159500,2023-03-16 13:30,23.84,gage_height_ft,Pajaro River at Watsonville
11159500,2023-03-16 13:45,23.82,gage_height_ft,Pajaro River at Watsonville
11159500,2023-03-16 14:00,23.8,gage_height_ft,Pajaro River at Watsonville
11159500,2023-03-16 14:15,23.78,gage_height_ft,Pajaro River at Watsonville
11159500,2023-03-16 14:30,23.76,gage_height_ft,Pajaro River at Watsonville
11159500,2023-03-16 14:45,23.75,gage_height_ft,Pajaro River at Watsonville
11159500,2023-03-16 15:00,23.73,gage_height_ft,Pajaro River at Watsonville
11159500,2023-03-16 15:15,23.72,gage_height_ft,Pajaro River at Watsonville
11159500,2023-03-16 15:30,23.7,gage_height_ft,Pajaro River at Watsonville
11159500,2023-03-16 15:45,23.68,gage_height_ft,Pajaro River at Watsonville
11159500,2023-03-16 16:00,23.67,gage_height_ft,Pajaro River at Watsonville
11159500,2023-03-16 16:15,23.65,gage_height_ft,Pajaro River at Watsonville
11159500,2023-03-16 16:30,23.63,gage_height_ft,Pajaro River at Watsonville
11159500,2023-03-16 16:45,23.62,gage_height_ft,Pajaro River at Watsonville
11159500,2023-03-16 17:00,23.59,gage_height_ft,Pajaro River at Watsonville
11159500,2023-03-16 17:15,23.57,gage_height_ft,Pajaro River at Watsonville
11159500,2023-03-16 17:30,23.56,gage_height_ft,Pajaro River at Watsonville
11159500,2023-03-16 17:45,23.54,gage_height_ft,Pajaro River at Watsonville
11159500,2023-03-16 18:00,23.52,gage_height_ft,Pajaro River at Watsonville
11159500,2023-03-16 18:15,23.5,gage_height_ft,Pajaro River at Watsonville
11159500,2023-03-16 18:30,23.49,gage_height_ft,Pajaro River at Watsonville
11159500,2023-03-16 18:45,23.47,gage_height_ft,Pajaro River at Watsonville
11159500,2023-03-16 19:00,23.44,gage_height_ft,Pajaro River at Watsonville
11159500,2023-03-16 19:15,23.43,gage_height_ft,Pajaro River at Watsonville
11159500,2023-03-16 19:30,23.41,gage_height_ft,Pajaro River at Watsonville
11159500,2023-03-16 19:45,23.39,gage_height_ft,Pajaro River at Watsonville
11159500,2023-03-16 20:00,23.37,gage_height_ft,Pajaro River at Watsonville
11159500,2023-03-16 20:15,23.36,gage_height_ft,Pajaro River at Watsonville
11159500,2023-03-16 20:30,23.34,gage_height_ft,Pajaro River at Watsonville
11159500,2023-03-16 20:45,23.32,gage_height_ft,Pajaro River at Watsonville
11159500,2023-03-16 21:00,23.3,gage_height_ft,Pajaro River at Watsonville
11159500,2023-03-16 21:15,23.29,gage_height_ft,Pajaro River at Watsonville
11159500,2023-03-16 21:30,23.26,gage_height_ft,Pajaro River at Watsonville
11159500,2023-03-16 21:45,23.25,gage_height_ft,Pajaro River at Watsonville
11159500,2023-03-16 22:00,23.23,gage_height_ft,Pajaro River at Watsonville
11159500,2023-03-16 22:15,23.21,gage_height_ft,Pajaro River at Watsonville
11159500,2023-03-16 22:30,23.18,gage_height_ft,Pajaro River at Watsonville
11159500,2023-03-16 22:45,23.17,gage_height_ft,Pajaro River at Watsonville
11159500,2023-03-16 23:00,23.15,gage_height_ft,Pajaro River at Watsonville
11159500,2023-03-16 23:15,23.14,gage_height_ft,Pajaro River at Watsonville
11159500,2023-03-16 23:30,23.12,gage_height_ft,Pajaro River at Watsonville
11159500,2023-03-16 23:45,23.1,gage_height_ft,Pajaro River at Watsonville
11159500,2023-03-17 00:00,23.08,gage_height_ft,Pajaro River at Watsonville
11159500,2023-03-17 00:15,23.06,gage_height_ft,Pajaro River at Watsonville
11159500,2023-03-17 00:30,23.05,gage_height_ft,Pajaro River at Watsonville
11159500,2023-03-17 00:45,23.03,gage_height_ft,Pajaro River at Watsonville
11159500,2023-03-17 01:00,23.02,gage_height_ft,Pajaro River at Watsonville
11159500,2023-03-17 01:15,22.99,gage_height_ft,Pajaro River at Watsonville
11159500,2023-03-17 01:30,22.98,gage_height_ft,Pajaro River at Watsonville
11159500,2023-03-17 01:45,22.96,gage_height_ft,Pajaro River at Watsonville
11159500,2023-03-17 02:00,22.95,gage_height_ft,Pajaro River at Watsonville
11159500,2023-03-17 02:15,22.93,gage_height_ft,Pajaro River at Watsonville
11159500,2023-03-17 02:30,22.91,gage_height_ft,Pajaro River at Watsonville
11159500,2023-03-17 02:45,22.9,gage_height_ft,Pajaro River at Watsonville
11159500,2023-03-17 03:00,22.87,gage_height_ft,Pajaro River at Watsonville
11159500,2023-03-17 03:15,22.86,gage_height_ft,Pajaro River at Watsonville
11159500,2023-03-17 03:30,22.84,gage_height_ft,Pajaro River at Watsonville
11159500,2023-03-17 03:45,22.83,gage_height_ft,Pajaro River at Watsonville
11159500,2023-03-17 04:00,22.81,gage_height_ft,Pajaro River at Watsonville
11159500,2023-03-17 04:15,22.8,gage_height_ft,Pajaro River at Watsonville
11159500,2023-03-17 04:30,22.77,gage_height_ft,Pajaro River at Watsonville
11159500,2023-03-17 04:45,22.76,gage_height_ft,Pajaro River at Watsonville
11159500,2023-03-17 05:00,22.74,gage_height_ft,Pajaro River at Watsonville
11159500,2023-03-17 05:15,22.73,gage_height_ft,Pajaro River at Watsonville
11159500,2023-03-17 05:30,22.71,gage_height_ft,Pajaro River at Watsonville
11159500,2023-03-17 05:45,22.7,gage_height_ft,Pajaro River at Watsonville
11159500,2023-03-17 06:00,22.68,gage_height_ft,Pajaro River at Watsonville
11159500,2023-03-17 06:15,22.66,gage_height_ft,Pajaro River at Watsonville
11159500,2023-03-17 06:30,22.65,gage_height_ft,Pajaro River at Watsonville
11159500,2023-03-17 06:45,22.63,gage_height_ft,Pajaro River at Watsonville
11159500,2023-03-17 07:00,22.62,gage_height_ft,Pajaro River at Watsonville
11159500,2023-03-17 07:15,22.61,gage_height_ft,Pajaro River at Watsonville
11159500,2023-03-17 07:30,22.59,gage_height_ft,Pajaro River at Watsonville
11159500,2023-03-17 07:45,22.57,gage_height_ft,Pajaro River at Watsonville
11159500,2023-03-17 08:00,22.54,gage_height_ft,Pajaro River at Watsonville
11159500,2023-03-17 08:15,22.53,gage_height_ft,Pajaro River at Watsonville
11159500,2023-03-17 08:30,22.51,gage_height_ft,Pajaro River at Watsonville
11159500,2023-03-17 08:45,22.5,gage_height_ft,Pajaro River at Watsonville
11159500,2023-03-17 09:00,22.48,gage_height_ft,Pajaro River at Watsonville
11159500,2023-03-17 09:15,22.46,gage_height_ft,Pajaro River at Watsonville
11159500,2023-03-17 09:30,22.44,gage_height_ft,Pajaro River at Watsonville
11159500,2023-03-17 09:45,22.43,gage_height_ft,Pajaro River at Watsonville
11159500,2023-03-17 10:00,22.42,gage_height_ft,Pajaro River at Watsonville
11159500,2023-03-17 10:15,22.4,gage_height_ft,Pajaro River at Watsonville
11159500,2023-03-17 10:30,22.39,gage_height_ft,Pajaro River at Watsonville
11159500,2023-03-17 10:45,22.37,gage_height_ft,Pajaro River at Watsonville
11159500,2023-03-17 11:00,22.36,gage_height_ft,Pajaro River at Watsonville
11159500,2023-03-17 11:15,22.35,gage_height_ft,Pajaro River at Watsonville
11159500,2023-03-17 11:30,22.33,gage_height_ft,Pajaro River at Watsonville
11159500,2023-03-17 11:45,22.32,gage_height_ft,Pajaro River at Watsonville
11159500,2023-03-17 12:00,22.31,gage_height_ft,Pajaro River at Watsonville
11159500,2023-03-17 12:15,22.3,gage_height_ft,Pajaro River at Watsonville
11159500,2023-03-17 12:30,22.28,gage_height_ft,Pajaro River at Watsonville
11159500,2023-03-17 12:45,22.26,gage_height_ft,Pajaro River at Watsonville
11159500,2023-03-17 13:00,22.25,gage_height_ft,Pajaro River at Watsonville
11159500,2023-03-17 13:15,22.23,gage_height_ft,Pajaro River at Watsonville
11159500,2023-03-17 13:30,22.22,gage_height_ft,Pajaro River at Watsonville
11159500,2023-03-17 13:45,22.21,gage_height_ft,Pajaro River at Watsonville
11159500,2023-03-17 14:00,22.19,gage_height_ft,Pajaro River at Watsonville
11159500,2023-03-17 14:15,22.17,gage_height_ft,Pajaro River at Watsonville
11159500,2023-03-17 14:30,22.16,gage_height_ft,Pajaro River at Watsonville
11159500,2023-03-17 14:45,22.15,gage_height_ft,Pajaro River at Watsonville
11159500,2023-03-17 15:00,22.15,gage_height_ft,Pajaro River at Watsonville
11159500,2023-03-17 15:15,22.13,gage_height_ft,Pajaro River at Watsonville
11159500,2023-03-17 15:30,22.12,gage_height_ft,Pajaro River at Watsonville
11159500,2023-03-17 15:45,22.09,gage_height_ft,Pajaro River at Watsonville
11159500,2023-03-17 16:00,22.09,gage_height_ft,Pajaro River at Watsonville
11159500,2023-03-17 16:15,22.06,gage_height_ft,Pajaro River at Watsonville
11159500,2023-03-17 16:30,22.06,gage_height_ft,Pajaro River at Watsonville
11159500,2023-03-17 16:45,22.04,gage_height_ft,Pajaro River at Watsonville
11159500,2023-03-17 17:00,22.02,gage_height_ft,Pajaro River at Watsonville
11159500,2023-03-17 17:15,22.0,gage_height_ft,Pajaro River at Watsonville
11159500,2023-03-17 17:30,21.99,gage_height_ft,Pajaro River at Watsonville
11159500,2023-03-17 17:45,21.99,gage_height_ft,Pajaro River at Watsonville
11159500,2023-03-17 18:00,21.97,gage_height_ft,Pajaro River at Watsonville
11159500,2023-03-17 18:15,21.94,gage_height_ft,Pajaro River at Watsonville
11159500,2023-03-17 18:30,21.93,gage_height_ft,Pajaro River at Watsonville
11159500,2023-03-17 18:45,21.92,gage_height_ft,Pajaro River at Watsonville
11159500,2023-03-17 19:00,21.9,gage_height_ft,Pajaro River at Watsonville
11159500,2023-03-17 19:15,21.89,gage_height_ft,Pajaro River at Watsonville
11159500,2023-03-17 19:30,21.89,gage_height_ft,Pajaro River at Watsonville
11159500,2023-03-17 19:45,21.86,gage_height_ft,Pajaro River at Watsonville
11159500,2023-03-17 20:00,21.85,gage_height_ft,Pajaro River at Watsonville
11159500,2023-03-17 20:15,21.85,gage_height_ft,Pajaro River at Watsonville
11159500,2023-03-17 20:30,21.82,gage_height_ft,Pajaro River at Watsonville
11159500,2023-03-17 20:45,21.81,gage_height_ft,Pajaro River at Watsonville
11159500,2023-03-17 21:00,21.8,gage_height_ft,Pajaro River at Watsonville
11159500,2023-03-17 21:15,21.79,gage_height_ft,Pajaro River at Watsonville
11159500,2023-03-17 21:30,21.77,gage_height_ft,Pajaro River at Watsonville
11159500,2023-03-17 21:45,21.76,gage_height_ft,Pajaro River at Watsonville
11159500,2023-03-17 22:00,21.75,gage_height_ft,Pajaro River at Watsonville
11159500,2023-03-17 22:15,21.75,gage_height_ft,Pajaro River at Watsonville
11159500,2023-03-17 22:30,21.73,gage_height_ft,Pajaro River at Watsonville
11159500,2023-03-17 22:45,21.72,gage_height_ft,Pajaro River at Watsonville
11159500,2023-03-17 23:00,21.7,gage_height_ft,Pajaro River at Watsonville
11159500,2023-03-17 23:15,21.69,gage_height_ft,Pajaro River at Watsonville
11159500,2023-03-17 23:30,21.68,gage_height_ft,Pajaro River at Watsonville
11159500,2023-03-17 23:45,21.66,gage_height_ft,Pajaro River at Watsonville
11159500,2023-03-18 00:00,21.64,gage_height_ft,Pajaro River at Watsonville
11159500,2023-03-18 00:15,21.64,gage_height_ft,Pajaro River at Watsonville
11159500,2023-03-18 00:30,21.62,gage_height_ft,Pajaro River at Watsonville
11159500,2023-03-18 00:45,21.62,gage_height_ft,Pajaro River at Watsonville
11159500,2023-03-18 01:00,21.61,gage_height_ft,Pajaro River at Watsonville
11159500,2023-03-18 01:15,21.59,gage_height_ft,Pajaro River at Watsonville
11159500,2023-03-18 01:30,21.57,gage_height_ft,Pajaro River at Watsonville
11159500,2023-03-18 01:45,21.57,gage_height_ft,Pajaro River at Watsonville
11159500,2023-03-18 02:00,21.56,gage_height_ft,Pajaro River at Watsonville
11159500,2023-03-18 02:15,21.54,gage_height_ft,Pajaro River at Watsonville
11159500,2023-03-18 02:30,21.53,gage_height_ft,Pajaro River at Watsonville
11159500,2023-03-18 02:45,21.52,gage_height_ft,Pajaro River at Watsonville
11159500,2023-03-18 03:00,21.52,gage_height_ft,Pajaro River at Watsonville
11159500,2023-03-18 03:15,21.5,gage_height_ft,Pajaro River at Watsonville
11159500,2023-03-18 03:30,21.48,gage_height_ft,Pajaro River at Watsonville
11159500,2023-03-18 03:45,21.48,gage_height_ft,Pajaro River at Watsonville
11159500,2023-03-18 04:00,21.47,gage_height_ft,Pajaro River at Watsonville
11159500,2023-03-18 04:15,21.46,gage_height_ft,Pajaro River at Watsonville
11159500,2023-03-18 04:30,21.45,gage_height_ft,Pajaro River at Watsonville
11159500,2023-03-18 04:45,21.43,gage_height_ft,Pajaro River at Watsonville
11159500,2023-03-18 05:00,21.42,gage_height_ft,Pajaro River at Watsonville
11159500,2023-03-18 05:15,21.41,gage_height_ft,Pajaro River at Watsonville
11159500,2023-03-18 05:30,21.41,gage_height_ft,Pajaro River at Watsonville
11159500,2023-03-18 05:45,21.4,gage_height_ft,Pajaro River at Watsonville
11159500,2023-03-18 06:00,21.38,gage_height_ft,Pajaro River at Watsonville
11159500,2023-03-18 06:15,21.37,gage_height_ft,Pajaro River at Watsonville
11159500,2023-03-18 06:30,21.37,gage_height_ft,Pajaro River at Watsonville
11159500,2023-03-18 06:45,21.35,gage_height_ft,Pajaro River at Watsonville
11159500,2023-03-18 07:00,21.33,gage_height_ft,Pajaro River at Watsonville
11159500,2023-03-18 07:15,21.32,gage_height_ft,Pajaro River at Watsonville
11159500,2023-03-18 07:30,21.31,gage_height_ft,Pajaro River at Watsonville
11159500,2023-03-18 07:45,21.31,gage_height_ft,Pajaro River at Watsonville
11159500,2023-03-18 08:00,21.3,gage_height_ft,Pajaro River at Watsonville
11159500,2023-03-18 08:15,21.28,gage_height_ft,Pajaro River at Watsonville
11159500,2023-03-18 08:30,21.28,gage_height_ft,Pajaro River at Watsonville
11159500,2023-03-18 08:45,21.26,gage_height_ft,Pajaro River at Watsonville
11159500,2023-03-18 09:00,21.25,gage_height_ft,Pajaro River at Watsonville
11159500,2023-03-18 09:15,21.24,gage_height_ft,Pajaro River at Watsonville
11159500,2023-03-18 09:30,21.24,gage_height_ft,Pajaro River at Watsonville
11159500,2023-03-18 09:45,21.23,gage_height_ft,Pajaro River at Watsonville
11159500,2023-03-18 10:00,21.23,gage_height_ft,Pajaro River at Watsonville
11159500,2023-03-18 10:15,21.21,gage_height_ft,Pajaro River at Watsonville
11159500,2023-03-18 10:30,21.2,gage_height_ft,Pajaro River at Watsonville
11159500,2023-03-18 10:45,21.19,gage_height_ft,Pajaro River at Watsonville
11159500,2023-03-18 11:00,21.18,gage_height_ft,Pajaro River at Watsonville
11159500,2023-03-18 11:15,21.17,gage_height_ft,Pajaro River at Watsonville
11159500,2023-03-18 11:30,21.17,gage_height_ft,Pajaro River at Watsonville
11159500,2023-03-18 11:45,21.15,gage_height_ft,Pajaro River at Watsonville
11159500,2023-03-18 12:00,21.14,gage_height_ft,Pajaro River at Watsonville
11159500,2023-03-18 12:15,21.13,gage_height_ft,Pajaro River at Watsonville
11159500,2023-03-18 12:30,21.12,gage_height_ft,Pajaro River at Watsonville
11159500,2023-03-18 12:45,21.12,gage_height_ft,Pajaro River at Watsonville
11159500,2023-03-18 13:00,21.11,gage_height_ft,Pajaro River at Watsonville
11159500,2023-03-18 13:15,21.09,gage_height_ft,Pajaro River at Watsonville
11159500,2023-03-18 13:30,21.08,gage_height_ft,Pajaro River at Watsonville
11159500,2023-03-18 13:45,21.07,gage_height_ft,Pajaro River at Watsonville
11159500,2023-03-18 14:00,21.06,gage_height_ft,Pajaro River at Watsonville
11159500,2023-03-18 14:15,21.05,gage_height_ft,Pajaro River at Watsonville
11159500,2023-03-18 14:30,21.05,gage_height_ft,Pajaro River at Watsonville
11159500,2023-03-18 14:45,21.04,gage_height_ft,Pajaro River at Watsonville
11159500,2023-03-18 15:00,21.03,gage_height_ft,Pajaro River at Watsonville
11159500,2023-03-18 15:15,21.01,gage_height_ft,Pajaro River at Watsonville
11159500,2023-03-18 15:30,20.99,gage_height_ft,Pajaro River at Watsonville
11159500,2023-03-18 15:45,20.98,gage_height_ft,Pajaro River at Watsonville
11159500,2023-03-18 16:00,20.97,gage_height_ft,Pajaro River at Watsonville
11159500,2023-03-18 16:15,20.95,gage_height_ft,Pajaro River at Watsonville
11159500,2023-03-18 16:30,20.95,gage_height_ft,Pajaro River at Watsonville
11159500,2023-03-18 16:45,20.94,gage_height_ft,Pajaro River at Watsonville
11159500,2023-03-18 17:00,20.95,gage_height_ft,Pajaro River at Watsonville
11159500,2023-03-18 17:15,20.94,gage_height_ft,Pajaro River at Watsonville
11159500,2023-03-18 17:30,20.93,gage_height_ft,Pajaro River at Watsonville
11159500,2023-03-18 17:45,20.91,gage_height_ft,Pajaro River at Watsonville
11159500,2023-03-18 18:00,20.9,gage_height_ft,Pajaro River at Watsonville
11159500,2023-03-18 18:15,20.89,gage_height_ft,Pajaro River at Watsonville
11159500,2023-03-18 18:30,20.87,gage_height_ft,Pajaro River at Watsonville
11159500,2023-03-18 18:45,20.86,gage_height_ft,Pajaro River at Watsonville
11159500,2023-03-18 19:00,20.84,gage_height_ft,Pajaro River at Watsonville
11159500,2023-03-18 19:15,20.84,gage_height_ft,Pajaro River at Watsonville
11159500,2023-03-18 19:30,20.82,gage_height_ft,Pajaro River at Watsonville
11159500,2023-03-18 19:45,20.81,gage_height_ft,Pajaro River at Watsonville
11159500,2023-03-18 20:00,20.81,gage_height_ft,Pajaro River at Watsonville
11159500,2023-03-18 20:15,20.81,gage_height_ft,Pajaro River at Watsonville
11159500,2023-03-18 20:30,20.81,gage_height_ft,Pajaro River at Watsonville
11159500,2023-03-18 20:45,20.81,gage_height_ft,Pajaro River at Watsonville
11159500,2023-03-18 21:00,20.81,gage_height_ft,Pajaro River at Watsonville
11159500,2023-03-18 21:15,20.8,gage_height_ft,Pajaro River at Watsonville
11159500,2023-03-18 21:30,20.77,gage_height_ft,Pajaro River at Watsonville
11159500,2023-03-18 21:45,20.77,gage_height_ft,Pajaro River at Watsonville
11159500,2023-03-18 22:00,20.77,gage_height_ft,Pajaro River at Watsonville
11159500,2023-03-18 22:15,20.76,gage_height_ft,Pajaro River at Watsonville
11159500,2023-03-18 22:30,20.75,gage_height_ft,Pajaro River at Watsonville
11159500,2023-03-18 22:45,20.74,gage_height_ft,Pajaro River at Watsonville
11159500,2023-03-18 23:00,20.73,gage_height_ft,Pajaro River at Watsonville
11159500,2023-03-18 23:15,20.72,gage_height_ft,Pajaro River at Watsonville
11159500,2023-03-18 23:30,20.72,gage_height_ft,Pajaro River at Watsonville
11159500,2023-03-18 23:45,20.71,gage_height_ft,Pajaro River at Watsonville
11159500,2023-03-19 00:00,20.7,gage_height_ft,Pajaro River at Watsonville
11159500,2023-03-19 00:15,20.68,gage_height_ft,Pajaro River at Watsonville
11159500,2023-03-19 00:30,20.67,gage_height_ft,Pajaro River at Watsonville
11159500,2023-03-19 00:45,20.66,gage_height_ft,Pajaro River at Watsonville
11159500,2023-03-19 01:00,20.65,gage_height_ft,Pajaro River at Watsonville
11159500,2023-03-19 01:15,20.65,gage_height_ft,Pajaro River at Watsonville
11159500,2023-03-19 01:30,20.64,gage_height_ft,Pajaro River at Watsonville
11159500,2023-03-19 01:45,20.63,gage_height_ft,Pajaro River at Watsonville
11159500,2023-03-19 02:00,20.63,gage_height_ft,Pajaro River at Watsonville
11159500,2023-03-19 02:15,20.65,gage_height_ft,Pajaro River at Watsonville
11159500,2023-03-19 02:30,20.64,gage_height_ft,Pajaro River at Watsonville
11159500,2023-03-19 02:45,20.64,gage_height_ft,Pajaro River at Watsonville
11159500,2023-03-19 03:00,20.63,gage_height_ft,Pajaro River at Watsonville
11159500,2023-03-19 03:15,20.62,gage_height_ft,Pajaro River at Watsonville
11159500,2023-03-19 03:30,20.61,gage_height_ft,Pajaro River at Watsonville
11159500,2023-03-19 03:45,20.6,gage_height_ft,Pajaro River at Watsonville
11159500,2023-03-19 04:00,20.58,gage_height_ft,Pajaro River at Watsonville
11159500,2023-03-19 04:15,20.56,gage_height_ft,Pajaro River at Watsonville
11159500,2023-03-19 04:30,20.55,gage_height_ft,Pajaro River at Watsonville
11159500,2023-03-19 04:45,20.55,gage_height_ft,Pajaro River at Watsonville
11159500,2023-03-19 05:00,20.56,gage_height_ft,Pajaro River at Watsonville
11159500,2023-03-19 05:15,20.58,gage_height_ft,Pajaro River at Watsonville
11159500,2023-03-19 05:30,20.58,gage_height_ft,Pajaro River at Watsonville
11159500,2023-03-19 05:45,20.58,gage_height_ft,Pajaro River at Watsonville
11159500,2023-03-19 06:00,20.58,gage_height_ft,Pajaro River at Watsonville
11159500,2023-03-19 06:15,20.61,gage_height_ft,Pajaro River at Watsonville
11159500,2023-03-19 06:30,20.6,gage_height_ft,Pajaro River at Watsonville
11159500,2023-03-19 06:45,20.59,gage_height_ft,Pajaro River at Watsonville
11159500,2023-03-19 07:00,20.56,gage_height_ft,Pajaro River at Watsonville
11159500,2023-03-19 07:15,20.55,gage_height_ft,Pajaro River at Watsonville
11159500,2023-03-19 07:30,20.55,gage_height_ft,Pajaro River at Watsonville
11159500,2023-03-19 07:45,20.54,gage_height_ft,Pajaro River at Watsonville
11159500,2023-03-19 08:00,20.54,gage_height_ft,Pajaro River at Watsonville
11159500,2023-03-19 08:15,20.56,gage_height_ft,Pajaro River at Watsonville
11159500,2023-03-19 08:30,20.56,gage_height_ft,Pajaro River at Watsonville
11159500,2023-03-19 08:45,20.55,gage_height_ft,Pajaro River at Watsonville
11159500,2023-03-19 09:00,20.53,gage_height_ft,Pajaro River at Watsonville
11159500,2023-03-19 09:15,20.53,gage_height_ft,Pajaro River at Watsonville
11159500,2023-03-19 09:30,20.54,gage_height_ft,Pajaro River at Watsonville
11159500,2023-03-19 09:45,20.53,gage_height_ft,Pajaro River at Watsonville
11159500,2023-03-19 10:00,20.52,gage_height_ft,Pajaro River at Watsonville
11159500,2023-03-19 10:15,20.51,gage_height_ft,Pajaro River at Watsonville
11159500,2023-03-19 10:30,20.51,gage_height_ft,Pajaro River at Watsonville
11159500,2023-03-19 10:45,20.49,gage_height_ft,Pajaro River at Watsonville
11159500,2023-03-19 11:00,20.49,gage_height_ft,Pajaro River at Watsonville
11159500,2023-03-19 11:15,20.47,gage_height_ft,Pajaro River at Watsonville
11159500,2023-03-19 11:30,20.47,gage_height_ft,Pajaro River at Watsonville
11159500,2023-03-19 11:45,20.46,gage_height_ft,Pajaro River at Watsonville
11159500,2023-03-19 12:00,20.45,gage_height_ft,Pajaro River at Watsonville
11159500,2023-03-19 12:15,20.44,gage_height_ft,Pajaro River at Watsonville
11159500,2023-03-19 12:30,20.45,gage_height_ft,Pajaro River at Watsonville
11159500,2023-03-19 12:45,20.45,gage_height_ft,Pajaro River at Watsonville
11159500,2023-03-19 13:00,20.44,gage_height_ft,Pajaro River at Watsonville
11159500,2023-03-19 13:15,20.43,gage_height_ft,Pajaro River at Watsonville
11159500,2023-03-19 13:30,20.44,gage_height_ft,Pajaro River at Watsonville
11159500,2023-03-19 13:45,20.42,gage_height_ft,Pajaro River at Watsonville
11159500,2023-03-19 14:00,20.41,gage_height_ft,Pajaro River at Watsonville
11159500,2023-03-19 14:15,20.4,gage_height_ft,Pajaro River at Watsonville
11159500,2023-03-19 14:30,20.38,gage_height_ft,Pajaro River at Watsonville
11159500,2023-03-19 14:45,20.37,gage_height_ft,Pajaro River at Watsonville
11159500,2023-03-19 15:00,20.37,gage_height_ft,Pajaro River at Watsonville
11159500,2023-03-19 15:15,20.36,gage_height_ft,Pajaro River at Watsonville
11159500,2023-03-19 15:30,20.35,gage_height_ft,Pajaro River at Watsonville
11159500,2023-03-19 15:45,20.35,gage_height_ft,Pajaro River at Watsonville
11159500,2023-03-19 16:00,20.36,gage_height_ft,Pajaro River at Watsonville
11159500,2023-03-19 16:15,20.34,gage_height_ft,Pajaro River at Watsonville
11159500,2023-03-19 16:30,20.34,gage_height_ft,Pajaro River at Watsonville
11159500,2023-03-19 16:45,20.35,gage_height_ft,Pajaro River at Watsonville
11159500,2023-03-19 17:00,20.33,gage_height_ft,Pajaro River at Watsonville
11159500,2023-03-19 17:15,20.34,gage_height_ft,Pajaro River at Watsonville
11159500,2023-03-19 17:30,20.32,gage_height_ft,Pajaro River at Watsonville
11159500,2023-03-19 17:45,20.31,gage_height_ft,Pajaro River at Watsonville
11159500,2023-03-19 18:00,20.31,gage_height_ft,Pajaro River at Watsonville
11159500,2023-03-19 18:15,20.3,gage_height_ft,Pajaro River at Watsonville
11159500,2023-03-19 18:30,20.29,gage_height_ft,Pajaro River at Watsonville
11159500,2023-03-19 18:45,20.29,gage_height_ft,Pajaro River at Watsonville
11159500,2023-03-19 19:00,20.3,gage_height_ft,Pajaro River at Watsonville
11159500,2023-03-19 19:15,20.29,gage_height_ft,Pajaro River at Watsonville
11159500,2023-03-19 19:30,20.3,gage_height_ft,Pajaro River at Watsonville
11159500,2023-03-19 19:45,20.28,gage_height_ft,Pajaro River at Watsonville
11159500,2023-03-19 20:00,20.28,gage_height_ft,Pajaro River at Watsonville
11159500,2023-03-19 20:15,20.28,gage_height_ft,Pajaro River at Watsonville
11159500,2023-03-19 20:30,20.28,gage_height_ft,Pajaro River at Watsonville
11159500,2023-03-19 20:45,20.28,gage_height_ft,Pajaro River at Watsonville
11159500,2023-03-19 21:00,20.28,gage_height_ft,Pajaro River at Watsonville
11159500,2023-03-19 21:15,20.27,gage_height_ft,Pajaro River at Watsonville
11159500,2023-03-19 21:30,20.26,gage_height_ft,Pajaro River at Watsonville
11159500,2023-03-19 21:45,20.26,gage_height_ft,Pajaro River at Watsonville
11159500,2023-03-19 22:00,20.26,gage_height_ft,Pajaro River at Watsonville
11159500,2023-03-19 22:15,20.26,gage_height_ft,Pajaro River at Watsonville
11159500,2023-03-19 22:30,20.26,gage_height_ft,Pajaro River at Watsonville
11159500,2023-03-19 22:45,20.25,gage_height_ft,Pajaro River at Watsonville
11159500,2023-03-19 23:00,20.25,gage_height_ft,Pajaro River at Watsonville
11159500,2023-03-19 23:15,20.23,gage_height_ft,Pajaro River at Watsonville
11159500,2023-03-19 23:30,20.23,gage_height_ft,Pajaro River at Watsonville
11159500,2023-03-19 23:45,20.22,gage_height_ft,Pajaro River at Watsonville
11159500,2023-03-20 00:00,20.22,gage_height_ft,Pajaro River at Watsonville
11159500,2023-03-20 00:15,20.21,gage_height_ft,Pajaro River at Watsonville
11159500,2023-03-20 00:30,20.2,gage_height_ft,Pajaro River at Watsonville
11159500,2023-03-20 00:45,20.2,gage_height_ft,Pajaro River at Watsonville
11159500,2023-03-20 01:00,20.19,gage_height_ft,Pajaro River at Watsonville
11159500,2023-03-20 01:15,20.19,gage_height_ft,Pajaro River at Watsonville
11159500,2023-03-20 01:30,20.19,gage_height_ft,Pajaro River at Watsonville
11159500,2023-03-20 01:45,20.18,gage_height_ft,Pajaro River at Watsonville
11159500,2023-03-20 02:00,20.18,gage_height_ft,Pajaro River at Watsonville
11159500,2023-03-20 02:15,20.18,gage_height_ft,Pajaro River at Watsonville
11159500,2023-03-20 02:30,20.2,gage_height_ft,Pajaro River at Watsonville
11159500,2023-03-20 02:45,20.19,gage_height_ft,Pajaro River at Watsonville
11159500,2023-03-20 03:00,20.19,gage_height_ft,Pajaro River at Watsonville
11159500,2023-03-20 03:15,20.19,gage_height_ft,Pajaro River at Watsonville
11159500,2023-03-20 03:30,20.18,gage_height_ft,Pajaro River at Watsonville
11159500,2023-03-20 03:45,20.19,gage_height_ft,Pajaro River at Watsonville
11159500,2023-03-20 04:00,20.16,gage_height_ft,Pajaro River at Watsonville
11159500,2023-03-20 04:15,20.17,gage_height_ft,Pajaro River at Watsonville
11159500,2023-03-20 04:30,20.16,gage_height_ft,Pajaro River at Watsonville
11159500,2023-03-20 04:45,20.15,gage_height_ft,Pajaro River at Watsonville
11159500,2023-03-20 05:00,20.16,gage_height_ft,Pajaro River at Watsonville
11159500,2023-03-20 05:15,20.15,gage_height_ft,Pajaro River at Watsonville
11159500,2023-03-20 05:30,20.16,gage_height_ft,Pajaro River at Watsonville
11159500,2023-03-20 05:45,20.15,gage_height_ft,Pajaro River at Watsonville
11159500,2023-03-20 06:00,20.15,gage_height_ft,Pajaro River at Watsonville
11159500,2023-03-20 06:15,20.16,gage_height_ft,Pajaro River at Watsonville
11159500,2023-03-20 06:30,20.15,gage_height_ft,Pajaro River at Watsonville
11159500,2023-03-20 06:45,20.15,gage_height_ft,Pajaro River at Watsonville
11159500,2023-03-20 07:00,20.15,gage_height_ft,Pajaro River at Watsonville
11159500,2023-03-20 07:15,20.14,gage_height_ft,Pajaro River at Watsonville
11159500,2023-03-20 07:30,20.14,gage_height_ft,Pajaro River at Watsonville
11159500,2023-03-20 07:45,20.13,gage_height_ft,Pajaro River at Watsonville
11159500,2023-03-20 08:00,20.13,gage_height_ft,Pajaro River at Watsonville
11159500,2023-03-20 08:15,20.13,gage_height_ft,Pajaro River at Watsonville
11159500,2023-03-20 08:30,20.11,gage_height_ft,Pajaro River at Watsonville
11159500,2023-03-20 08:45,20.12,gage_height_ft,Pajaro River at Watsonville
11159500,2023-03-20 09:00,20.12,gage_height_ft,Pajaro River at Watsonville
11159500,2023-03-20 09:15,20.12,gage_height_ft,Pajaro River at Watsonville
11159500,2023-03-20 09:30,20.12,gage_height_ft,Pajaro River at Watsonville
11159500,2023-03-20 09:45,20.12,gage_height_ft,Pajaro River at Watsonville
11159500,2023-03-20 10:00,20.11,gage_height_ft,Pajaro River at Watsonville
11159500,2023-03-20 10:15,20.09,gage_height_ft,Pajaro River at Watsonville
11159500,2023-03-20 10:30,20.09,gage_height_ft,Pajaro River at Watsonville
11159500,2023-03-20 10:45,20.1,gage_height_ft,Pajaro River at Watsonville
11159500,2023-03-20 11:00,20.09,gage_height_ft,Pajaro River at Watsonville
11159500,2023-03-20 11:15,20.08,gage_height_ft,Pajaro River at Watsonville
11159500,2023-03-20 11:30,20.07,gage_height_ft,Pajaro River at Watsonville
11159500,2023-03-20 11:45,20.06,gage_height_ft,Pajaro River at Watsonville
11159500,2023-03-20 12:00,20.07,gage_height_ft,Pajaro River at Watsonville
11159500,2023-03-20 12:15,20.08,gage_height_ft,Pajaro River at Watsonville
11159500,2023-03-20 12:30,20.08,gage_height_ft,Pajaro River at Watsonville
11159500,2023-03-20 12:45,20.08,gage_height_ft,Pajaro River at Watsonville
11159500,2023-03-20 13:00,20.07,gage_height_ft,Pajaro River at Watsonville
11159500,2023-03-20 13:15,20.07,gage_height_ft,Pajaro River at Watsonville
11159500,2023-03-20 13:30,20.05,gage_height_ft,Pajaro River at Watsonville
11159500,2023-03-20 13:45,20.04,gage_height_ft,Pajaro River at Watsonville
11159500,2023-03-20 14:00,20.03,gage_height_ft,Pajaro River at Watsonville
11159500,2023-03-20 14:15,20.03,gage_height_ft,Pajaro River at Watsonville
11159500,2023-03-20 14:30,20.02,gage_height_ft,Pajaro River at Watsonville
11159500,2023-03-20 14:45,20.02,gage_height_ft,Pajaro River at Watsonville
11159500,2023-03-20 15:00,20.02,gage_height_ft,Pajaro River at Watsonville
11159500,2023-03-20 15:15,20.02,gage_height_ft,Pajaro River at Watsonville
11159500,2023-03-20 15:30,20.02,gage_height_ft,Pajaro River at Watsonville
11159500,2023-03-20 15:45,20.03,gage_height_ft,Pajaro River at Watsonville
11159500,2023-03-20 16:00,20.01,gage_height_ft,Pajaro River at Watsonville
11159500,2023-03-20 16:15,20.01,gage_height_ft,Pajaro River at Watsonville
11159500,2023-03-20 16:30,20.01,gage_height_ft,Pajaro River at Watsonville
11159500,2023-03-20 16:45,19.98,gage_height_ft,Pajaro River at Watsonville
11159500,2023-03-20 17:00,20.0,gage_height_ft,Pajaro River at Watsonville
11159500,2023-03-20 17:15,19.98,gage_height_ft,Pajaro River at Watsonville
11159500,2023-03-20 17:30,19.98,gage_height_ft,Pajaro River at Watsonville
11159500,2023-03-20 17:45,19.97,gage_height_ft,Pajaro River at Watsonville
11159500,2023-03-20 18:00,19.97,gage_height_ft,Pajaro River at Watsonville
11159500,2023-03-20 18:15,19.95,gage_height_ft,Pajaro River at Watsonville
11159500,2023-03-20 18:30,19.94,gage_height_ft,Pajaro River at Watsonville
11159500,2023-03-20 18:45,19.94,gage_height_ft,Pajaro River at Watsonville
11159500,2023-03-20 19:00,19.93,gage_height_ft,Pajaro River at Watsonville
11159500,2023-03-20 19:15,19.93,gage_height_ft,Pajaro River at Watsonville
11159500,2023-03-20 19:30,19.92,gage_height_ft,Pajaro River at Watsonville
11159500,2023-03-20 19:45,19.92,gage_height_ft,Pajaro River at Watsonville
11159500,2023-03-20 20:00,19.92,gage_height_ft,Pajaro River at Watsonville
11159500,2023-03-20 20:15,19.92,gage_height_ft,Pajaro River at Watsonville
11159500,2023-03-20 20:30,19.92,gage_height_ft,Pajaro River at Watsonville
11159500,2023-03-20 20:45,19.92,gage_height_ft,Pajaro River at Watsonville
11159500,2023-03-20 21:00,19.91,gage_height_ft,Pajaro River at Watsonville
11159500,2023-03-20 21:15,19.91,gage_height_ft,Pajaro River at Watsonville
11159500,2023-03-20 21:30,19.9,gage_height_ft,Pajaro River at Watsonville
11159500,2023-03-20 21:45,19.9,gage_height_ft,Pajaro River at Watsonville
11159500,2023-03-20 22:00,19.9,gage_height_ft,Pajaro River at Watsonville
11159500,2023-03-20 22:15,19.88,gage_height_ft,Pajaro River at Watsonville
11159500,2023-03-20 22:30,19.87,gage_height_ft,Pajaro River at Watsonville
11159500,2023-03-20 22:45,19.86,gage_height_ft,Pajaro River at Watsonville
11159500,2023-03-20 23:00,19.84,gage_height_ft,Pajaro River at Watsonville
11159500,2023-03-20 23:15,19.84,gage_height_ft,Pajaro River at Watsonville
11159500,2023-03-20 23:30,19.84,gage_height_ft,Pajaro River at Watsonville
11159500,2023-03-20 23:45,19.84,gage_height_ft,Pajaro River at Watsonville
11159500,2023-03-21 00:00,19.83,gage_height_ft,Pajaro River at Watsonville
11159500,2023-03-21 00:15,19.82,gage_height_ft,Pajaro River at Watsonville
11159500,2023-03-21 00:30,19.81,gage_height_ft,Pajaro River at Watsonville
11159500,2023-03-21 00:45,19.8,gage_height_ft,Pajaro River at Watsonville
11159500,2023-03-21 01:00,19.79,gage_height_ft,Pajaro River at Watsonville
11159500,2023-03-21 01:15,19.78,gage_height_ft,Pajaro River at Watsonville
11159500,2023-03-21 01:30,19.79,gage_height_ft,Pajaro River at Watsonville
11159500,2023-03-21 01:45,19.79,gage_height_ft,Pajaro River at Watsonville
11159500,2023-03-21 02:00,19.79,gage_height_ft,Pajaro River at Watsonville
11159500,2023-03-21 02:15,19.8,gage_height_ft,Pajaro River at Watsonville
11159500,2023-03-21 02:30,19.79,gage_height_ft,Pajaro River at Watsonville
11159500,2023-03-21 02:45,19.78,gage_height_ft,Pajaro River at Watsonville
11159500,2023-03-21 03:00,19.78,gage_height_ft,Pajaro River at Watsonville
11159500,2023-03-21 03:15,19.78,gage_height_ft,Pajaro River at Watsonville
11159500,2023-03-21 03:30,19.76,gage_height_ft,Pajaro River at Watsonville
11159500,2023-03-21 03:45,19.76,gage_height_ft,Pajaro River at Watsonville
11159500,2023-03-21 04:00,19.76,gage_height_ft,Pajaro River at Watsonville
11159500,2023-03-21 04:15,19.75,gage_height_ft,Pajaro River at Watsonville
11159500,2023-03-21 04:30,19.76,gage_height_ft,Pajaro River at Watsonville
11159500,2023-03-21 04:45,19.78,gage_height_ft,Pajaro River at Watsonville
11159500,2023-03-21 05:00,19.76,gage_height_ft,Pajaro River at Watsonville
11159500,2023-03-21 05:15,19.76,gage_height_ft,Pajaro River at Watsonville
11159500,2023-03-21 05:30,19.76,gage_height_ft,Pajaro River at Watsonville
11159500,2023-03-21 05:45,19.76,gage_height_ft,Pajaro River at Watsonville
11159500,2023-03-21 06:00,19.77,gage_height_ft,Pajaro River at Watsonville
11159500,2023-03-21 06:15,19.79,gage_height_ft,Pajaro River at Watsonville
11159500,2023-03-21 06:30,19.81,gage_height_ft,Pajaro River at Watsonville
11159500,2023-03-21 06:45,19.85,gage_height_ft,Pajaro River at Watsonville
11159500,2023-03-21 07:00,19.86,gage_height_ft,Pajaro River at Watsonville
11159500,2023-03-21 07:15,19.88,gage_height_ft,Pajaro River at Watsonville
11159500,2023-03-21 07:30,19.9,gage_height_ft,Pajaro River at Watsonville
11159500,2023-03-21 07:45,19.94,gage_height_ft,Pajaro River at Watsonville
11159500,2023-03-21 08:00,19.96,gage_height_ft,Pajaro River at Watsonville
11159500,2023-03-21 08:15,19.97,gage_height_ft,Pajaro River at Watsonville
11159500,2023-03-21 08:30,19.97,gage_height_ft,Pajaro River at Watsonville
11159500,2023-03-21 08:45,19.97,gage_height_ft,Pajaro River at Watsonville
11159500,2023-03-21 09:00,19.97,gage_height_ft,Pajaro River at Watsonville
11159500,2023-03-21 09:15,19.98,gage_height_ft,Pajaro River at Watsonville
11159500,2023-03-21 09:30,19.99,gage_height_ft,Pajaro River at Watsonville
11159500,2023-03-21 09:45,20.01,gage_height_ft,Pajaro River at Watsonville
11159500,2023-03-21 10:00,20.0,gage_height_ft,Pajaro River at Watsonville
11159500,2023-03-21 10:15,19.99,gage_height_ft,Pajaro River at Watsonville
11159500,2023-03-21 10:30,19.99,gage_height_ft,Pajaro River at Watsonville
11159500,2023-03-21 10:45,19.99,gage_height_ft,Pajaro River at Watsonville
11159500,2023-03-21 11:00,20.0,gage_height_ft,Pajaro River at Watsonville
11159500,2023-03-21 11:15,20.01,gage_height_ft,Pajaro River at Watsonville
11159500,2023-03-21 11:30,20.02,gage_height_ft,Pajaro River at Watsonville
11159500,2023-03-21 11:45,20.03,gage_height_ft,Pajaro River at Watsonville
11159500,2023-03-21 12:00,20.02,gage_height_ft,Pajaro River at Watsonville
11159500,2023-03-21 12:15,20.02,gage_height_ft,Pajaro River at Watsonville
11159500,2023-03-21 12:30,19.99,gage_height_ft,Pajaro River at Watsonville
11159500,2023-03-21 12:45,19.96,gage_height_ft,Pajaro River at Watsonville
11159500,2023-03-21 13:00,19.95,gage_height_ft,Pajaro River at Watsonville
11159500,2023-03-21 13:15,19.96,gage_height_ft,Pajaro River at Watsonville
11159500,2023-03-21 13:30,19.93,gage_height_ft,Pajaro River at Watsonville
11159500,2023-03-21 13:45,19.95,gage_height_ft,Pajaro River at Watsonville
11159500,2023-03-21 14:00,19.93,gage_height_ft,Pajaro River at Watsonville
11159500,2023-03-21 14:15,19.94,gage_height_ft,Pajaro River at Watsonville
11159500,2023-03-21 14:30,19.95,gage_height_ft,Pajaro River at Watsonville
11159500,2023-03-21 14:45,19.96,gage_height_ft,Pajaro River at Watsonville
11159500,2023-03-21 15:00,19.94,gage_height_ft,Pajaro River at Watsonville
11159500,2023-03-21 15:15,19.95,gage_height_ft,Pajaro River at Watsonville
11159500,2023-03-21 15:30,19.96,gage_height_ft,Pajaro River at Watsonville
11159500,2023-03-21 15:45,19.97,gage_height_ft,Pajaro River at Watsonville
11159500,2023-03-21 16:00,19.98,gage_height_ft,Pajaro River at Watsonville
11159500,2023-03-21 16:15,19.97,gage_height_ft,Pajaro River at Watsonville
11159500,2023-03-21 16:30,20.0,gage_height_ft,Pajaro River at Watsonville
11159500,2023-03-21 16:45,20.0,gage_height_ft,Pajaro River at Watsonville
11159500,2023-03-21 17:00,20.01,gage_height_ft,Pajaro River at Watsonville
11159500,2023-03-21 17:15,20.01,gage_height_ft,Pajaro River at Watsonville
11159500,2023-03-21 17:30,20.02,gage_height_ft,Pajaro River at Watsonville
11159500,2023-03-21 17:45,20.03,gage_height_ft,Pajaro River at Watsonville
11159500,2023-03-21 18:00,20.06,gage_height_ft,Pajaro River at Watsonville
11159500,2023-03-21 18:15,20.09,gage_height_ft,Pajaro River at Watsonville
11159500,2023-03-21 18:30,20.12,gage_height_ft,Pajaro River at Watsonville
11159500,2023-03-21 18:45,20.13,gage_height_ft,Pajaro River at Watsonville
11159500,2023-03-21 19:00,20.14,gage_height_ft,Pajaro River at Watsonville
11159500,2023-03-21 19:15,20.16,gage_height_ft,Pajaro River at Watsonville
11159500,2023-03-21 19:30,20.17,gage_height_ft,Pajaro River at Watsonville
11159500,2023-03-21 19:45,20.18,gage_height_ft,Pajaro River at Watsonville
11159500,2023-03-21 20:00,20.18,gage_height_ft,Pajaro River at Watsonville
11159500,2023-03-21 20:15,20.2,gage_height_ft,Pajaro River at Watsonville
11159500,2023-03-21 20:30,20.21,gage_height_ft,Pajaro River at Watsonville
11159500,2023-03-21 20:45,20.24,gage_height_ft,Pajaro River at Watsonville
11159500,2023-03-21 21:00,20.26,gage_height_ft,Pajaro River at Watsonville
11159500,2023-03-21 21:15,20.28,gage_height_ft,Pajaro River at Watsonville
11159500,2023-03-21 21:30,20.29,gage_height_ft,Pajaro River at Watsonville
11159500,2023-03-21 21:45,20.31,gage_height_ft,Pajaro River at Watsonville
11159500,2023-03-21 22:00,20.35,gage_height_ft,Pajaro River at Watsonville
11159500,2023-03-21 22:15,20.36,gage_height_ft,Pajaro River at Watsonville
11159500,2023-03-21 22:30,20.39,gage_height_ft,Pajaro River at Watsonville
11159500,2023-03-21 22:45,20.4,gage_height_ft,Pajaro River at Watsonville
11159500,2023-03-21 23:00,20.43,gage_height_ft,Pajaro River at Watsonville
11159500,2023-03-21 23:15,20.45,gage_height_ft,Pajaro River at Watsonville
11159500,2023-03-21 23:30,20.46,gage_height_ft,Pajaro River at Watsonville
11159500,2023-03-21 23:45,20.48,gage_height_ft,Pajaro River at Watsonville
11159500,2023-03-22 00:00,20.49,gage_height_ft,Pajaro River at Watsonville
11159500,2023-03-22 00:15,20.51,gage_height_ft,Pajaro River at Watsonville
11159500,2023-03-22 00:30,20.58,gage_height_ft,Pajaro River at Watsonville
11159500,2023-03-22 00:45,20.65,gage_height_ft,Pajaro River at Watsonville
11159500,2023-03-22 01:00,20.71,gage_height_ft,Pajaro River at Watsonville
11159500,2023-03-22 01:15,20.73,gage_height_ft,Pajaro River at Watsonville
11159500,2023-03-22 01:30,20.77,gage_height_ft,Pajaro River at Watsonville
11159500,2023-03-22 01:45,20.8,gage_height_ft,Pajaro River at Watsonville
11159500,2023-03-22 02:00,20.84,gage_height_ft,Pajaro River at Watsonville
11159500,2023-03-22 02:15,20.88,gage_height_ft,Pajaro River at Watsonville
11159500,2023-03-22 02:30,20.9,gage_height_ft,Pajaro River at Watsonville
11159500,2023-03-22 02:45,20.92,gage_height_ft,Pajaro River at Watsonville
11159500,2023-03-22 03:00,20.95,gage_height_ft,Pajaro River at Watsonville
11159500,2023-03-22 03:15,20.98,gage_height_ft,Pajaro River at Watsonville
11159500,2023-03-22 03:30,21.03,gage_height_ft,Pajaro River at Watsonville
11159500,2023-03-22 03:45,21.05,gage_height_ft,Pajaro River at Watsonville
11159500,2023-03-22 04:00,21.07,gage_height_ft,Pajaro River at Watsonville
11159500,2023-03-22 04:15,21.09,gage_height_ft,Pajaro River at Watsonville
11159500,2023-03-22 04:30,21.14,gage_height_ft,Pajaro River at Watsonville
11159500,2023-03-22 04:45,21.21,gage_height_ft,Pajaro River at Watsonville
11159500,2023-03-22 05:00,21.28,gage_height_ft,Pajaro River at Watsonville
11159500,2023-03-22 05:15,21.33,gage_height_ft,Pajaro River at Watsonville
11159500,2023-03-22 05:30,21.37,gage_height_ft,Pajaro River at Watsonville
11159500,2023-03-22 05:45,21.44,gage_height_ft,Pajaro River at Watsonville
11159500,2023-03-22 06:00,21.52,gage_height_ft,Pajaro River at Watsonville
11159500,2023-03-22 06:15,21.61,gage_height_ft,Pajaro River at Watsonville
11159500,2023-03-22 06:30,21.68,gage_height_ft,Pajaro River at Watsonville
11159500,2023-03-22 06:45,21.74,gage_height_ft,Pajaro River at Watsonville
11159500,2023-03-22 07:00,21.81,gage_height_ft,Pajaro River at Watsonville
11159500,2023-03-22 07:15,21.92,gage_height_ft,Pajaro River at Watsonville
11159500,2023-03-22 07:30,22.0,gage_height_ft,Pajaro River at Watsonville
11159500,2023-03-22 07:45,22.08,gage_height_ft,Pajaro River at Watsonville
11159500,2023-03-22 08:00,22.14,gage_height_ft,Pajaro River at Watsonville
11159500,2023-03-22 08:15,22.19,gage_height_ft,Pajaro River at Watsonville
11159500,2023-03-22 08:45,22.32,gage_height_ft,Pajaro River at Watsonville
11159500,2023-03-22 11:00,22.84,gage_height_ft,Pajaro River at Watsonville
11159500,2023-03-22 11:15,22.9,gage_height_ft,Pajaro River at Watsonville
11159500,2023-03-22 12:00,23.1,gage_height_ft,Pajaro River at Watsonville
11159500,2023-03-22 12:15,23.14,gage_height_ft,Pajaro River at Watsonville
11159500,2023-03-22 12:30,23.2,gage_height_ft,Pajaro River at Watsonville
11159500,2023-03-22 12:45,23.24,gage_height_ft,Pajaro River at Watsonville
11159500,2023-03-22 13:00,23.26,gage_height_ft,Pajaro River at Watsonville
11159500,2023-03-22 13:15,23.28,gage_height_ft,Pajaro River at Watsonville
11159500,2023-03-22 13:30,23.3,gage_height_ft,Pajaro River at Watsonville
11159500,2023-03-22 13:45,23.32,gage_height_ft,Pajaro River at Watsonville
11159500,2023-03-22 14:00,23.34,gage_height_ft,Pajaro River at Watsonville
11159500,2023-03-22 14:15,23.35,gage_height_ft,Pajaro River at Watsonville
11159500,2023-03-22 14:30,23.38,gage_height_ft,Pajaro River at Watsonville
11159500,2023-03-22 14:45,23.4,gage_height_ft,Pajaro River at Watsonville
11159500,2023-03-22 15:00,23.42,gage_height_ft,Pajaro River at Watsonville
11159500,2023-03-22 15:15,23.45,gage_height_ft,Pajaro River at Watsonville
11159500,2023-03-22 15:30,23.47,gage_height_ft,Pajaro River at Watsonville
11159500,2023-03-22 15:45,23.48,gage_height_ft,Pajaro River at Watsonville
11159500,2023-03-22 16:00,23.49,gage_height_ft,Pajaro River at Watsonville
11159500,2023-03-22 16:15,23.51,gage_height_ft,Pajaro River at Watsonville
11159500,2023-03-22 16:30,23.52,gage_height_ft,Pajaro River at Watsonville
11159500,2023-03-22 16:45,23.54,gage_height_ft,Pajaro River at Watsonville
11159500,2023-03-22 17:00,23.56,gage_height_ft,Pajaro River at Watsonville
11159500,2023-03-22 17:15,23.58,gage_height_ft,Pajaro River at Watsonville
11159500,2023-03-22 17:30,23.61,gage_height_ft,Pajaro River at Watsonville
11159500,2023-03-22 17:45,23.65,gage_height_ft,Pajaro River at Watsonville
11159500,2023-03-22 18:00,23.68,gage_height_ft,Pajaro River at Watsonville
11159500,2023-03-22 18:15,23.71,gage_height_ft,Pajaro River at Watsonville
11159500,2023-03-22 18:30,23.76,gage_height_ft,Pajaro River at Watsonville
11159500,2023-03-22 18:45,23.79,gage_height_ft,Pajaro River at Watsonville
11159500,2023-03-22 19:00,23.84,gage_height_ft,Pajaro River at Watsonville
11159500,2023-03-22 19:15,23.88,gage_height_ft,Pajaro River at Watsonville
11159500,2023-03-22 19:30,23.93,gage_height_ft,Pajaro River at Watsonville
11159500,2023-03-22 19:45,23.97,gage_height_ft,Pajaro River at Watsonville
11159500,2023-03-22 20:00,24.01,gage_height_ft,Pajaro River at Watsonville
11159500,2023-03-22 20:15,24.06,gage_height_ft,Pajaro River at Watsonville
11159500,2023-03-22 20:30,24.1,gage_height_ft,Pajaro River at Watsonville
11159500,2023-03-22 20:45,24.14,gage_height_ft,Pajaro River at Watsonville
11159500,2023-03-22 21:00,24.18,gage_height_ft,Pajaro River at Watsonville
11159500,2023-03-22 21:15,24.23,gage_height_ft,Pajaro River at Watsonville
11159500,2023-03-22 21:30,24.28,gage_height_ft,Pajaro River at Watsonville
11159500,2023-03-22 21:45,24.32,gage_height_ft,Pajaro River at Watsonville
11159500,2023-03-22 22:00,24.38,gage_height_ft,Pajaro River at Watsonville
11159500,2023-03-22 22:15,24.43,gage_height_ft,Pajaro River at Watsonville
11159500,2023-03-22 22:30,24.47,gage_height_ft,Pajaro River at Watsonville
11159500,2023-03-22 22:45,24.52,gage_height_ft,Pajaro River at Watsonville
11159500,2023-03-22 23:00,24.56,gage_height_ft,Pajaro River at Watsonville
11159500,2023-03-22 23:15,24.61,gage_height_ft,Pajaro River at Watsonville
11159500,2023-03-22 23:30,24.65,gage_height_ft,Pajaro River at Watsonville
11159500,2023-03-22 23:45,24.68,gage_height_ft,Pajaro River at Watsonville
