{
"type": "FeatureCollection",
"name": "01_candidate_cells_ge40",
"crs": { "type": "name", "properties": { "name": "urn:ogc:def:crs:OGC:1.3:CRS84" } },
"features": [
{ "type": "Feature", "properties": { "unit_id": "c-665_r469", "col": -665, "row": 469, "frac_2022": 0.084195416022030914, "frac_2023": 0.61335677173435221, "perm_water": 0, "x_3310": -166125.0, "y_3310": -117375.0, "county_geoid": "06087", "county": "Santa Cruz", "lon": -121.868077, "lat": 36.945757 }, "geometry": { "type": "Polygon", "coordinates": [ [ [ -121.866644279345721, 36.944654761175904 ], [ -121.866699622562138, 36.946903491751577 ], [ -121.869510189033136, 36.946859177111904 ], [ -121.869454762533252, 36.944610447821823 ], [ -121.866644279345721, 36.944654761175904 ] ] ] } },
{ "type": "Feature", "properties": { "unit_id": "c-664_r469", "col": -664, "row": 469, "frac_2022": 0.021435682659897346, "frac_2023": 0.58998561601865418, "perm_water": 0, "x_3310": -165875.0, "y_3310": -117375.0, "county_geoid": "06087", "county": "Santa Cruz", "lon": -121.865267, "lat": 36.945801 }, "geometry": { "type": "Polygon", "coordinates": [ [ [ -121.863833792877116, 36.944699007868508 ], [ -121.863889052809782, 36.946947739727861 ], [ -121.866699622562138, 36.946903491751577 ], [ -121.866644279345721, 36.944654761175904 ], [ -121.863833792877116, 36.944699007868508 ] ] ] } },
{ "type": "Feature", "properties": { "unit_id": "c-666_r470", "col": -666, "row": 470, "frac_2022": 0.039589544962429259, "frac_2023": 0.55778965871442454, "perm_water": 0, "x_3310": -166375.0, "y_3310": -117625.0, "county_geoid": "06087", "county": "Santa Cruz", "lon": -121.870832, "lat": 36.943464 }, "geometry": { "type": "Polygon", "coordinates": [ [ [ -121.869399339319372, 36.942361717080182 ], [ -121.869454762533252, 36.944610447821823 ], [ -121.872265242434807, 36.944566067806399 ], [ -121.872209735942675, 36.942317338352105 ], [ -121.869399339319372, 36.942361717080182 ] ] ] } },
{ "type": "Feature", "properties": { "unit_id": "c-665_r470", "col": -665, "row": 470, "frac_2022": 0.070614565535009124, "frac_2023": 0.77005276888105634, "perm_water": 0, "x_3310": -166125.0, "y_3310": -117625.0, "county_geoid": "06087", "county": "Santa Cruz", "lon": -121.868022, "lat": 36.943508 }, "geometry": { "type": "Polygon", "coordinates": [ [ [ -121.866588939410363, 36.942406029148778 ], [ -121.866644279345721, 36.944654761175904 ], [ -121.869454762533252, 36.944610447821823 ], [ -121.869399339319372, 36.942361717080182 ], [ -121.866588939410363, 36.942406029148778 ] ] ] } },
{ "type": "Feature", "properties": { "unit_id": "c-664_r470", "col": -664, "row": 470, "frac_2022": 0.021764317341835909, "frac_2023": 0.49312275983469689, "perm_water": 0, "x_3310": -165875.0, "y_3310": -117625.0, "county_geoid": "06087", "county": "Santa Cruz", "lon": -121.865211, "lat": 36.943553 }, "geometry": { "type": "Polygon", "coordinates": [ [ [ -121.863778536220565, 36.942450274557842 ], [ -121.863833792877116, 36.944699007868508 ], [ -121.866644279345721, 36.944654761175904 ], [ -121.866588939410363, 36.942406029148778 ], [ -121.863778536220565, 36.942450274557842 ] ] ] } },
{ "type": "Feature", "properties": { "unit_id": "c-664_r472", "col": -664, "row": 472, "frac_2022": 0.0, "frac_2023": 0.41134921208121183, "perm_water": 0, "x_3310": -165875.0, "y_3310": -118125.0, "county_geoid": "06087", "county": "Santa Cruz", "lon": -121.865101, "lat": 36.939055 }, "geometry": { "type": "Polygon", "coordinates": [ [ [ -121.863668032734708, 36.93795280356921 ], [ -121.863723282839842, 36.940201539792547 ], [ -121.866533602755752, 36.94015729566685 ], [ -121.866478269381659, 36.93790856072679 ], [ -121.863668032734708, 36.93795280356921 ] ] ] } },
{ "type": "Feature", "properties": { "unit_id": "c-660_r472", "col": -660, "row": 472, "frac_2022": 0.028799999999992994, "frac_2023": 0.40848085235207304, "perm_water": 0, "x_3310": -164875.0, "y_3310": -118125.0, "county_geoid": "06087", "county": "Santa Cruz", "lon": -121.85386, "lat": 36.939231 }, "geometry": { "type": "Polygon", "coordinates": [ [ [ -121.852427053443577, 36.938129108379805 ], [ -121.852481970470023, 36.940377849716747 ], [ -121.85529230345854, 36.94033387222273 ], [ -121.855237303161999, 36.93808513216127 ], [ -121.852427053443577, 36.938129108379805 ] ] ] } },
{ "type": "Feature", "properties": { "unit_id": "c-659_r472", "col": -659, "row": 472, "frac_2022": 0.014399999998728846, "frac_2023": 0.46754213085262791, "perm_water": 0, "x_3310": -164625.0, "y_3310": -118125.0, "county_geoid": "06087", "county": "Santa Cruz", "lon": -121.851049, "lat": 36.939275 }, "geometry": { "type": "Polygon", "coordinates": [ [ [ -121.849616800469647, 36.938173017942056 ], [ -121.849671634225658, 36.940421760552617 ], [ -121.852481970470023, 36.940377849716747 ], [ -121.852427053443577, 36.938129108379805 ], [ -121.849616800469647, 36.938173017942056 ] ] ] } },
{ "type": "Feature", "properties": { "unit_id": "c-661_r473", "col": -661, "row": 473, "frac_2022": 0.13807441422945305, "frac_2023": 0.71130945848534777, "perm_water": 0, "x_3310": -165125.0, "y_3310": -118375.0, "county_geoid": "06087", "county": "Santa Cruz", "lon": -121.856615, "lat": 36.936939 }, "geometry": { "type": "Polygon", "coordinates": [ [ [ -121.855182306125911, 36.935836390638791 ], [ -121.855237303161999, 36.93808513216127 ], [ -121.85804754961994, 36.938041089286592 ], [ -121.857992469318958, 36.935792349041435 ], [ -121.855182306125911, 36.935836390638791 ] ] ] } },
{ "type": "Feature", "properties": { "unit_id": "c-660_r473", "col": -660, "row": 473, "frac_2022": 0.057444534994636566, "frac_2023": 0.61860588853912757, "perm_water": 0, "x_3310": -164875.0, "y_3310": -118375.0, "county_geoid": "06087", "county": "Santa Cruz", "lon": -121.853805, "lat": 36.936983 }, "geometry": { "type": "Polygon", "coordinates": [ [ [ -121.852372139672681, 36.935880365581973 ], [ -121.852427053443577, 36.938129108379805 ], [ -121.855237303161999, 36.93808513216127 ], [ -121.855182306125911, 36.935836390638791 ], [ -121.852372139672681, 36.935880365581973 ] ] ] } },
{ "type": "Feature", "properties": { "unit_id": "c-659_r473", "col": -659, "row": 473, "frac_2022": 0.063677635588566359, "frac_2023": 0.68317939909501346, "perm_water": 0, "x_3310": -164625.0, "y_3310": -118375.0, "county_geoid": "06087", "county": "Santa Cruz", "lon": -121.850994, "lat": 36.937027 }, "geometry": { "type": "Polygon", "coordinates": [ [ [ -121.849561969964213, 36.935924273870825 ], [ -121.849616800469647, 36.938173017942056 ], [ -121.852427053443577, 36.938129108379805 ], [ -121.852372139672681, 36.935880365581973 ], [ -121.849561969964213, 36.935924273870825 ] ] ] } },
{ "type": "Feature", "properties": { "unit_id": "c-658_r473", "col": -658, "row": 473, "frac_2022": 0.0, "frac_2023": 0.54579269515234508, "perm_water": 0, "x_3310": -164375.0, "y_3310": -118375.0, "county_geoid": "06087", "county": "Santa Cruz", "lon": -121.848184, "lat": 36.937071 }, "geometry": { "type": "Polygon", "coordinates": [ [ [ -121.846751797005439, 36.935968115505212 ], [ -121.846806544245084, 36.938216860847959 ], [ -121.849616800469647, 36.938173017942056 ], [ -121.849561969964213, 36.935924273870825 ], [ -121.846751797005439, 36.935968115505212 ] ] ] } },
{ "type": "Feature", "properties": { "unit_id": "c-662_r474", "col": -662, "row": 474, "frac_2022": 0.040821713174925674, "frac_2023": 0.48206925794035604, "perm_water": 0, "x_3310": -165375.0, "y_3310": -118625.0, "county_geoid": "06087", "county": "Santa Cruz", "lon": -121.85937, "lat": 36.934646 }, "geometry": { "type": "Polygon", "coordinates": [ [ [ -121.857937392283091, 36.933543607331799 ], [ -121.857992469318958, 36.935792349041435 ], [ -121.860802629246905, 36.935748240789962 ], [ -121.860747468951374, 36.933499500359403 ], [ -121.857937392283091, 36.933543607331799 ] ] ] } },
{ "type": "Feature", "properties": { "unit_id": "c-661_r474", "col": -661, "row": 474, "frac_2022": 0.25624801768558048, "frac_2023": 1.0, "perm_water": 0, "x_3310": -165125.0, "y_3310": -118625.0, "county_geoid": "06087", "county": "Santa Cruz", "lon": -121.85656, "lat": 36.93469 }, "geometry": { "type": "Polygon", "coordinates": [ [ [ -121.855127312350007, 36.933587647652004 ], [ -121.855182306125911, 36.935836390638791 ], [ -121.857992469318958, 36.935792349041435 ], [ -121.857937392283091, 36.933543607331799 ], [ -121.855127312350007, 36.933587647652004 ] ] ] } },
{ "type": "Feature", "properties": { "unit_id": "c-660_r474", "col": -660, "row": 474, "frac_2022": 0.60992234100560949, "frac_2023": 0.98559999999881409, "perm_water": 0, "x_3310": -164875.0, "y_3310": -118625.0, "county_geoid": "06087", "county": "Santa Cruz", "lon": -121.85375, "lat": 36.934734 }, "geometry": { "type": "Polygon", "coordinates": [ [ [ -121.852317229157009, 36.933631621319918 ], [ -121.852372139672681, 36.935880365581973 ], [ -121.855182306125911, 36.935836390638791 ], [ -121.855127312350007, 36.933587647652004 ], [ -121.852317229157009, 36.933631621319918 ] ] ] } },
{ "type": "Feature", "properties": { "unit_id": "c-659_r474", "col": -659, "row": 474, "frac_2022": 0.44502778526098907, "frac_2023": 0.81678215315734293, "perm_water": 0, "x_3310": -164625.0, "y_3310": -118625.0, "county_geoid": "06087", "county": "Santa Cruz", "lon": -121.85094, "lat": 36.934778 }, "geometry": { "type": "Polygon", "coordinates": [ [ [ -121.849507142709086, 36.933675528335435 ], [ -121.849561969964213, 36.935924273870825 ], [ -121.852372139672681, 36.935880365581973 ], [ -121.852317229157009, 36.933631621319918 ], [ -121.849507142709086, 36.933675528335435 ] ] ] } },
{ "type": "Feature", "properties": { "unit_id": "c-658_r474", "col": -658, "row": 474, "frac_2022": 0.01439999999951585, "frac_2023": 0.68008918424917786, "perm_water": 0, "x_3310": -164375.0, "y_3310": -118625.0, "county_geoid": "06087", "county": "Santa Cruz", "lon": -121.848129, "lat": 36.934822 }, "geometry": { "type": "Polygon", "coordinates": [ [ [ -121.846697053011141, 36.933719368698455 ], [ -121.846751797005439, 36.935968115505212 ], [ -121.849561969964213, 36.935924273870825 ], [ -121.849507142709086, 36.933675528335435 ], [ -121.846697053011141, 36.933719368698455 ] ] ] } },
{ "type": "Feature", "properties": { "unit_id": "c-662_r475", "col": -662, "row": 475, "frac_2022": 0.0, "frac_2023": 0.42720188393279906, "perm_water": 0, "x_3310": -165375.0, "y_3310": -118875.0, "county_geoid": "06087", "county": "Santa Cruz", "lon": -121.859315, "lat": 36.932397 }, "geometry": { "type": "Polygon", "coordinates": [ [ [ -121.85788231851204, 36.93129486415426 ], [ -121.857937392283091, 36.933543607331799 ], [ -121.860747468951374, 36.933499500359403 ], [ -121.86069231192559, 36.931250758460827 ], [ -121.85788231851204, 36.93129486415426 ] ] ] } },
{ "type": "Feature", "properties": { "unit_id": "c-661_r475", "col": -661, "row": 475, "frac_2022": 0.15620298621321971, "frac_2023": 0.90292431055424205, "perm_water": 0, "x_3310": -165125.0, "y_3310": -118875.0, "county_geoid": "06087", "county": "Santa Cruz", "lon": -121.856505, "lat": 36.932441 }, "geometry": { "type": "Polygon", "coordinates": [ [ [ -121.855072321833973, 36.931338903197464 ], [ -121.855127312350007, 36.933587647652004 ], [ -121.857937392283091, 36.933543607331799 ], [ -121.85788231851204, 36.93129486415426 ], [ -121.855072321833973, 36.931338903197464 ] ] ] } },
{ "type": "Feature", "properties": { "unit_id": "c-660_r475", "col": -660, "row": 475, "frac_2022": 0.39081349037088026, "frac_2023": 0.9425779610894286, "perm_water": 0, "x_3310": -164875.0, "y_3310": -118875.0, "county_geoid": "06087", "county": "Santa Cruz", "lon": -121.853695, "lat": 36.932485 }, "geometry": { "type": "Polygon", "coordinates": [ [ [ -121.852262321896291, 36.931382875590309 ], [ -121.852317229157009, 36.933631621319918 ], [ -121.855127312350007, 36.933587647652004 ], [ -121.855072321833973, 36.931338903197464 ], [ -121.852262321896291, 36.931382875590309 ] ] ] } },
{ "type": "Feature", "properties": { "unit_id": "c-659_r475", "col": -659, "row": 475, "frac_2022": 0.2072017003861881, "frac_2023": 0.75628882546964638, "perm_water": 0, "x_3310": -164625.0, "y_3310": -118875.0, "county_geoid": "06087", "county": "Santa Cruz", "lon": -121.850885, "lat": 36.932529 }, "geometry": { "type": "Polygon", "coordinates": [ [ [ -121.849452318703996, 36.931426781332654 ], [ -121.849507142709086, 36.933675528335435 ], [ -121.852317229157009, 36.933631621319918 ], [ -121.852262321896291, 36.931382875590309 ], [ -121.849452318703996, 36.931426781332654 ] ] ] } },
{ "type": "Feature", "properties": { "unit_id": "c-658_r475", "col": -658, "row": 475, "frac_2022": 0.028799999999774839, "frac_2023": 0.63500020118956235, "perm_water": 0, "x_3310": -164375.0, "y_3310": -118875.0, "county_geoid": "06087", "county": "Santa Cruz", "lon": -121.848075, "lat": 36.932573 }, "geometry": { "type": "Polygon", "coordinates": [ [ [ -121.846642312261935, 36.931470620424442 ], [ -121.846697053011141, 36.933719368698455 ], [ -121.849507142709086, 36.933675528335435 ], [ -121.849452318703996, 36.931426781332654 ], [ -121.846642312261935, 36.931470620424442 ] ] ] } },
{ "type": "Feature", "properties": { "unit_id": "c-657_r475", "col": -657, "row": 475, "frac_2022": 0.007692734159346612, "frac_2023": 0.5290538127241674, "perm_water": 0, "x_3310": -164125.0, "y_3310": -118875.0, "county_geoid": "06087", "county": "Santa Cruz", "lon": -121.845265, "lat": 36.932617 }, "geometry": { "type": "Polygon", "coordinates": [ [ [ -121.843832302575066, 36.931514392865502 ], [ -121.84388696006809, 36.933763142408864 ], [ -121.846697053011141, 36.933719368698455 ], [ -121.846642312261935, 36.931470620424442 ], [ -121.843832302575066, 36.931514392865502 ] ] ] } },
{ "type": "Feature", "properties": { "unit_id": "c-660_r476", "col": -660, "row": 476, "frac_2022": 0.014399999999134888, "frac_2023": 0.80260415677421315, "perm_water": 0, "x_3310": -164875.0, "y_3310": -119125.0, "county_geoid": "06087", "county": "Santa Cruz", "lon": -121.85364, "lat": 36.930237 }, "geometry": { "type": "Polygon", "coordinates": [ [ [ -121.852207417890256, 36.929134128389684 ], [ -121.852262321896291, 36.931382875590309 ], [ -121.855072321833973, 36.931338903197464 ], [ -121.855017334577525, 36.929090157271759 ], [ -121.852207417890256, 36.929134128389684 ] ] ] } },
{ "type": "Feature", "properties": { "unit_id": "c-659_r476", "col": -659, "row": 476, "frac_2022": 0.10163651434781927, "frac_2023": 0.85404002676721247, "perm_water": 0, "x_3310": -164625.0, "y_3310": -119125.0, "county_geoid": "06087", "county": "Santa Cruz", "lon": -121.85083, "lat": 36.93028 }, "geometry": { "type": "Polygon", "coordinates": [ [ [ -121.849397497948615, 36.929178032859035 ], [ -121.849452318703996, 36.931426781332654 ], [ -121.852262321896291, 36.931382875590309 ], [ -121.852207417890256, 36.929134128389684 ], [ -121.849397497948615, 36.929178032859035 ] ] ] } },
{ "type": "Feature", "properties": { "unit_id": "c-658_r476", "col": -658, "row": 476, "frac_2022": 0.042363485655006652, "frac_2023": 0.48522795303992794, "perm_water": 0, "x_3310": -164375.0, "y_3310": -119125.0, "county_geoid": "06087", "county": "Santa Cruz", "lon": -121.84802, "lat": 36.930324 }, "geometry": { "type": "Polygon", "coordinates": [ [ [ -121.846587574757521, 36.929221870679768 ], [ -121.846642312261935, 36.931470620424442 ], [ -121.849452318703996, 36.931426781332654 ], [ -121.849397497948615, 36.929178032859035 ], [ -121.846587574757521, 36.929221870679768 ] ] ] } },
{ "type": "Feature", "properties": { "unit_id": "c-659_r478", "col": -659, "row": 478, "frac_2022": 0.0090559871365543266, "frac_2023": 0.49931642065475074, "perm_water": 0, "x_3310": -164625.0, "y_3310": -119625.0, "county_geoid": "06087", "county": "Santa Cruz", "lon": -121.85072, "lat": 36.925783 }, "geometry": { "type": "Polygon", "coordinates": [ [ [ -121.849287866185904, 36.92468053148577 ], [ -121.849342680442703, 36.926929282911182 ], [ -121.852152517138592, 36.926885379714733 ], [ -121.852097619641, 36.924636629562045 ], [ -121.849287866185904, 36.92468053148577 ] ] ] } },
{ "type": "Feature", "properties": { "unit_id": "c-652_r483", "col": -652, "row": 483, "frac_2022": 0.028799999995997253, "frac_2023": 0.5305715264314339, "perm_water": 0, "x_3310": -162875.0, "y_3310": -120875.0, "county_geoid": "06087", "county": "Santa Cruz", "lon": -121.83078, "lat": 36.914845 }, "geometry": { "type": "Polygon", "coordinates": [ [ [ -121.829348391702709, 36.913742155221335 ], [ -121.829402607196798, 36.915990922935542 ], [ -121.832212050368412, 36.915947492563319 ], [ -121.83215775165614, 36.91369872610759 ], [ -121.829348391702709, 36.913742155221335 ] ] ] } },
{ "type": "Feature", "properties": { "unit_id": "c-651_r484", "col": -651, "row": 484, "frac_2022": 0.055283402820436749, "frac_2023": 0.60938097373487499, "perm_water": 0, "x_3310": -162625.0, "y_3310": -121125.0, "county_geoid": "06087", "county": "Santa Cruz", "lon": -121.827917, "lat": 36.912639 }, "geometry": { "type": "Polygon", "coordinates": [ [ [ -121.826484899468753, 36.911536747231644 ], [ -121.826539028536374, 36.913785517699154 ], [ -121.829348391702709, 36.913742155221335 ], [ -121.829294179421566, 36.911493386010328 ], [ -121.826484899468753, 36.911536747231644 ] ] ] } },
{ "type": "Feature", "properties": { "unit_id": "c-650_r484", "col": -650, "row": 484, "frac_2022": 0.029959762845696396, "frac_2023": 0.41793240605724508, "perm_water": 0, "x_3310": -162375.0, "y_3310": -121125.0, "county_geoid": "06087", "county": "Santa Cruz", "lon": -121.825107, "lat": 36.912683 }, "geometry": { "type": "Polygon", "coordinates": [ [ [ -121.823675616308222, 36.911580041818851 ], [ -121.823729662162009, 36.913828813540917 ], [ -121.826539028536374, 36.913785517699154 ], [ -121.826484899468753, 36.911536747231644 ], [ -121.823675616308222, 36.911580041818851 ] ] ] } },
{ "type": "Feature", "properties": { "unit_id": "c-618_r484", "col": -618, "row": 484, "frac_2022": 0.0, "frac_2023": 0.41943097790507244, "perm_water": 0, "x_3310": -154375.0, "y_3310": -121125.0, "county_geoid": "06087", "county": "Santa Cruz", "lon": -121.735207, "lat": 36.914034 }, "geometry": { "type": "Polygon", "coordinates": [ [ [ -121.733776890987343, 36.912930285132248 ], [ -121.733828273850875, 36.915179095981216 ], [ -121.736637740278951, 36.915137932551126 ], [ -121.736586274192717, 36.912889122894995 ], [ -121.733776890987343, 36.912930285132248 ] ] ] } },
{ "type": "Feature", "properties": { "unit_id": "c-651_r485", "col": -651, "row": 485, "frac_2022": 0.072000000004727865, "frac_2023": 0.70714996632103178, "perm_water": 0, "x_3310": -162625.0, "y_3310": -121375.0, "county_geoid": "06087", "county": "Santa Cruz", "lon": -121.827862, "lat": 36.910391 }, "geometry": { "type": "Polygon", "coordinates": [ [ [ -121.82643077360882, 36.909287975264 ], [ -121.826484899468753, 36.911536747231644 ], [ -121.829294179421566, 36.911493386010328 ], [ -121.829239970353029, 36.909244615299009 ], [ -121.82643077360882, 36.909287975264 ] ] ] } },
{ "type": "Feature", "properties": { "unit_id": "c-650_r485", "col": -650, "row": 485, "frac_2022": 0.17104509193011713, "frac_2023": 0.67973277952187805, "perm_water": 0, "x_3310": -162375.0, "y_3310": -121375.0, "county_geoid": "06087", "county": "Santa Cruz", "lon": -121.825053, "lat": 36.910434 }, "geometry": { "type": "Polygon", "coordinates": [ [ [ -121.823621573657206, 36.909331268596887 ], [ -121.823675616308222, 36.911580041818851 ], [ -121.826484899468753, 36.911536747231644 ], [ -121.82643077360882, 36.909287975264 ], [ -121.823621573657206, 36.909331268596887 ] ] ] } },
{ "type": "Feature", "properties": { "unit_id": "c-649_r485", "col": -649, "row": 485, "frac_2022": 0.4122402508208195, "frac_2023": 0.5779115780530022, "perm_water": 0, "x_3310": -162125.0, "y_3310": -121375.0, "county_geoid": "06087", "county": "Santa Cruz", "lon": -121.822244, "lat": 36.910477 }, "geometry": { "type": "Polygon", "coordinates": [ [ [ -121.820812370503077, 36.909374495297357 ], [ -121.820866329944906, 36.911623269771809 ], [ -121.823675616308222, 36.911580041818851 ], [ -121.823621573657206, 36.909331268596887 ], [ -121.820812370503077, 36.909374495297357 ] ] ] } },
{ "type": "Feature", "properties": { "unit_id": "c-654_r486", "col": -654, "row": 486, "frac_2022": 0.14309851131711296, "frac_2023": 0.46677744640240676, "perm_water": 0, "x_3310": -163375.0, "y_3310": -121625.0, "county_geoid": "06087", "county": "Santa Cruz", "lon": -121.836236, "lat": 36.908012 }, "geometry": { "type": "Polygon", "coordinates": [ [ [ -121.834803981936759, 36.906908925776115 ], [ -121.83485835419944, 36.909157695472807 ], [ -121.837667541291793, 36.909114135611865 ], [ -121.837613085826305, 36.906865367177112 ], [ -121.834803981936759, 36.906908925776115 ] ] ] } },
{ "type": "Feature", "properties": { "unit_id": "c-651_r486", "col": -651, "row": 486, "frac_2022": 0.012213509734421904, "frac_2023": 0.41920489169693859, "perm_water": 0, "x_3310": -162625.0, "y_3310": -121625.0, "county_geoid": "06087", "county": "Santa Cruz", "lon": -121.827808, "lat": 36.908142 }, "geometry": { "type": "Polygon", "coordinates": [ [ [ -121.826376650956334, 36.90703920179299 ], [ -121.82643077360882, 36.909287975264 ], [ -121.829239970353029, 36.909244615299009 ], [ -121.82918576449687, 36.90699584308414 ], [ -121.826376650956334, 36.90703920179299 ] ] ] } },
{ "type": "Feature", "properties": { "unit_id": "c-650_r486", "col": -650, "row": 486, "frac_2022": 0.0, "frac_2023": 0.67537353102866715, "perm_water": 0, "x_3310": -162375.0, "y_3310": -121625.0, "county_geoid": "06087", "county": "Santa Cruz", "lon": -121.824999, "lat": 36.908185 }, "geometry": { "type": "Polygon", "coordinates": [ [ [ -121.823567534208678, 36.907082493871535 ], [ -121.823621573657206, 36.909331268596887 ], [ -121.82643077360882, 36.909287975264 ], [ -121.826376650956334, 36.90703920179299 ], [ -121.823567534208678, 36.907082493871535 ] ] ] } },
{ "type": "Feature", "properties": { "unit_id": "c-649_r486", "col": -649, "row": 486, "frac_2022": 0.012654086536222547, "frac_2023": 0.73642387293319744, "perm_water": 0, "x_3310": -162125.0, "y_3310": -121625.0, "county_geoid": "06087", "county": "Santa Cruz", "lon": -121.82219, "lat": 36.908229 }, "geometry": { "type": "Polygon", "coordinates": [ [ [ -121.820758414258805, 36.90712571931973 ], [ -121.820812370503077, 36.909374495297357 ], [ -121.823621573657206, 36.909331268596887 ], [ -121.823567534208678, 36.907082493871535 ], [ -121.820758414258805, 36.90712571931973 ] ] ] } },
{ "type": "Feature", "properties": { "unit_id": "c-648_r486", "col": -648, "row": 486, "frac_2022": 0.2695592363863617, "frac_2023": 0.45407851112733966, "perm_water": 0, "x_3310": -161875.0, "y_3310": -121625.0, "county_geoid": "06087", "county": "Santa Cruz", "lon": -121.819381, "lat": 36.908272 }, "geometry": { "type": "Polygon", "coordinates": [ [ [ -121.81794929111166, 36.907168878137433 ], [ -121.818003164151378, 36.909417655365445 ], [ -121.820812370503077, 36.909374495297357 ], [ -121.820758414258805, 36.90712571931973 ], [ -121.81794929111166, 36.907168878137433 ] ] ] } },
{ "type": "Feature", "properties": { "unit_id": "c-654_r487", "col": -654, "row": 487, "frac_2022": 0.094907261658473047, "frac_2023": 0.43029319530302346, "perm_water": 0, "x_3310": -163375.0, "y_3310": -121875.0, "county_geoid": "06087", "county": "Santa Cruz", "lon": -121.836181, "lat": 36.905763 }, "geometry": { "type": "Polygon", "coordinates": [ [ [ -121.834749612896019, 36.904660154572085 ], [ -121.834803981936759, 36.906908925776115 ], [ -121.837613085826305, 36.906865367177112 ], [ -121.837558633587648, 36.904616597234934 ], [ -121.834749612896019, 36.904660154572085 ] ] ] } },
{ "type": "Feature", "properties": { "unit_id": "c-653_r487", "col": -653, "row": 487, "frac_2022": 0.17613622445842936, "frac_2023": 0.63302125849620516, "perm_water": 0, "x_3310": -163125.0, "y_3310": -121875.0, "county_geoid": "06087", "county": "Santa Cruz", "lon": -121.833372, "lat": 36.905806 }, "geometry": { "type": "Polygon", "coordinates": [ [ [ -121.831940588982746, 36.904703645281266 ], [ -121.831994874825313, 36.906952417745131 ], [ -121.834803981936759, 36.906908925776115 ], [ -121.834749612896019, 36.904660154572085 ], [ -121.831940588982746, 36.904703645281266 ] ] ] } },
{ "type": "Feature", "properties": { "unit_id": "c-652_r487", "col": -652, "row": 487, "frac_2022": 0.30273663433069553, "frac_2023": 0.83373508437493482, "perm_water": 0, "x_3310": -162875.0, "y_3310": -121875.0, "county_geoid": "06087", "county": "Santa Cruz", "lon": -121.830563, "lat": 36.90585 }, "geometry": { "type": "Polygon", "coordinates": [ [ [ -121.829131561852776, 36.904747069362251 ], [ -121.82918576449687, 36.90699584308414 ], [ -121.831994874825313, 36.906952417745131 ], [ -121.831940588982746, 36.904703645281266 ], [ -121.829131561852776, 36.904747069362251 ] ] ] } },
{ "type": "Feature", "properties": { "unit_id": "c-651_r487", "col": -651, "row": 487, "frac_2022": 0.053433663733581077, "frac_2023": 0.44041104331918368, "perm_water": 0, "x_3310": -162625.0, "y_3310": -121875.0, "county_geoid": "06087", "county": "Santa Cruz", "lon": -121.827754, "lat": 36.905893 }, "geometry": { "type": "Polygon", "coordinates": [ [ [ -121.826322531511011, 36.904790426815026 ], [ -121.826376650956334, 36.90703920179299 ], [ -121.82918576449687, 36.90699584308414 ], [ -121.829131561852776, 36.904747069362251 ], [ -121.826322531511011, 36.904790426815026 ] ] ] } },
{ "type": "Feature", "properties": { "unit_id": "c-655_r488", "col": -655, "row": 488, "frac_2022": 0.46810494530507701, "frac_2023": 0.57890229582798802, "perm_water": 0, "x_3310": -163625.0, "y_3310": -122125.0, "county_geoid": "06087", "county": "Santa Cruz", "lon": -121.838936, "lat": 36.90347 }, "geometry": { "type": "Polygon", "coordinates": [ [ [ -121.837504184575565, 36.90236782578198 ], [ -121.837558633587648, 36.904616597234934 ], [ -121.840367651052702, 36.904572973269886 ], [ -121.840313118847931, 36.902324203080582 ], [ -121.837504184575565, 36.90236782578198 ] ] ] } },
{ "type": "Feature", "properties": { "unit_id": "c-654_r488", "col": -654, "row": 488, "frac_2022": 0.45013401684675552, "frac_2023": 0.87100043666599636, "perm_water": 0, "x_3310": -163375.0, "y_3310": -122125.0, "county_geoid": "06087", "county": "Santa Cruz", "lon": -121.836127, "lat": 36.903514 }, "geometry": { "type": "Polygon", "coordinates": [ [ [ -121.834695247076908, 36.902411381857448 ], [ -121.834749612896019, 36.904660154572085 ], [ -121.837558633587648, 36.904616597234934 ], [ -121.837504184575565, 36.90236782578198 ], [ -121.834695247076908, 36.902411381857448 ] ] ] } },
{ "type": "Feature", "properties": { "unit_id": "c-653_r488", "col": -653, "row": 488, "frac_2022": 0.38702745048531939, "frac_2023": 0.95431599370619047, "perm_water": 0, "x_3310": -163125.0, "y_3310": -122125.0, "county_geoid": "06087", "county": "Santa Cruz", "lon": -121.833318, "lat": 36.903558 }, "geometry": { "type": "Polygon", "coordinates": [ [ [ -121.831886306356893, 36.90245487130683 ], [ -121.831940588982746, 36.904703645281266 ], [ -121.834749612896019, 36.904660154572085 ], [ -121.834695247076908, 36.902411381857448 ], [ -121.831886306356893, 36.90245487130683 ] ] ] } },
{ "type": "Feature", "properties": { "unit_id": "c-652_r488", "col": -652, "row": 488, "frac_2022": 0.42673325404312018, "frac_2023": 0.88640996526591176, "perm_water": 0, "x_3310": -162875.0, "y_3310": -122125.0, "county_geoid": "06087", "county": "Santa Cruz", "lon": -121.830509, "lat": 36.903601 }, "geometry": { "type": "Polygon", "coordinates": [ [ [ -121.829077362420463, 36.902498294130034 ], [ -121.829131561852776, 36.904747069362251 ], [ -121.831940588982746, 36.904703645281266 ], [ -121.831886306356893, 36.90245487130683 ], [ -121.829077362420463, 36.902498294130034 ] ] ] } },
{ "type": "Feature", "properties": { "unit_id": "c-651_r488", "col": -651, "row": 488, "frac_2022": 0.38217513682914339, "frac_2023": 0.75168809833597505, "perm_water": 0, "x_3310": -162625.0, "y_3310": -122125.0, "county_geoid": "06087", "county": "Santa Cruz", "lon": -121.8277, "lat": 36.903644 }, "geometry": { "type": "Polygon", "coordinates": [ [ [ -121.826268415272509, 36.902541650326931 ], [ -121.826322531511011, 36.904790426815026 ], [ -121.829131561852776, 36.904747069362251 ], [ -121.829077362420463, 36.902498294130034 ], [ -121.826268415272509, 36.902541650326931 ] ] ] } },
{ "type": "Feature", "properties": { "unit_id": "c-650_r488", "col": -650, "row": 488, "frac_2022": 0.028799999999081619, "frac_2023": 0.4195245203240423, "perm_water": 0, "x_3310": -162375.0, "y_3310": -122125.0, "county_geoid": "06087", "county": "Santa Cruz", "lon": -121.824891, "lat": 36.903688 }, "geometry": { "type": "Polygon", "coordinates": [ [ [ -121.823459464918031, 36.902584939897423 ], [ -121.823513497962381, 36.904833717639519 ], [ -121.826322531511011, 36.904790426815026 ], [ -121.826268415272509, 36.902541650326931 ], [ -121.823459464918031, 36.902584939897423 ] ] ] } },
{ "type": "Feature", "properties": { "unit_id": "c-649_r488", "col": -649, "row": 488, "frac_2022": 0.014353695432377118, "frac_2023": 0.56360414916719059, "perm_water": 0, "x_3310": -162125.0, "y_3310": -122125.0, "county_geoid": "06087", "county": "Santa Cruz", "lon": -121.822082, "lat": 36.903731 }, "geometry": { "type": "Polygon", "coordinates": [ [ [ -121.820650511361876, 36.902628162841367 ], [ -121.820704461211847, 36.904876941835475 ], [ -121.823513497962381, 36.904833717639519 ], [ -121.823459464918031, 36.902584939897423 ], [ -121.820650511361876, 36.902628162841367 ] ] ] } },
{ "type": "Feature", "properties": { "unit_id": "c-601_r488", "col": -601, "row": 488, "frac_2022": 0.42425230247225892, "frac_2023": 0.42425230247225892, "perm_water": 0, "x_3310": -150125.0, "y_3310": -122125.0, "county_geoid": "06053", "county": "Monterey", "lon": -121.687247, "lat": 36.905729 }, "geometry": { "type": "Polygon", "coordinates": [ [ [ -121.6858170720852, 36.904624509214521 ], [ -121.685867028277912, 36.906873346040186 ], [ -121.688676212927163, 36.906833320137679 ], [ -121.688626173526913, 36.904584484471521 ], [ -121.6858170720852, 36.904624509214521 ] ] ] } },
{ "type": "Feature", "properties": { "unit_id": "c-655_r489", "col": -655, "row": 489, "frac_2022": 0.66304692864781956, "frac_2023": 0.94563013095260096, "perm_water": 0, "x_3310": -163625.0, "y_3310": -122375.0, "county_geoid": "06087", "county": "Santa Cruz", "lon": -121.838881, "lat": 36.901222 }, "geometry": { "type": "Polygon", "coordinates": [ [ [ -121.837449738789743, 36.900119052814915 ], [ -121.837504184575565, 36.90236782578198 ], [ -121.840313118847931, 36.902324203080582 ], [ -121.840258589874352, 36.900075431376948 ], [ -121.837449738789743, 36.900119052814915 ] ] ] } },
{ "type": "Feature", "properties": { "unit_id": "c-654_r489", "col": -654, "row": 489, "frac_2022": 0.65619459237883693, "frac_2023": 0.90926132766750023, "perm_water": 0, "x_3310": -163375.0, "y_3310": -122375.0, "county_geoid": "06087", "county": "Santa Cruz", "lon": -121.836073, "lat": 36.901265 }, "geometry": { "type": "Polygon", "coordinates": [ [ [ -121.834640884479128, 36.90016260762885 ], [ -121.834695247076908, 36.902411381857448 ], [ -121.837504184575565, 36.90236782578198 ], [ -121.837449738789743, 36.900119052814915 ], [ -121.834640884479128, 36.90016260762885 ] ] ] } },
{ "type": "Feature", "properties": { "unit_id": "c-653_r489", "col": -653, "row": 489, "frac_2022": 0.44109645107469647, "frac_2023": 0.84675585277982757, "perm_water": 0, "x_3310": -163125.0, "y_3310": -122375.0, "county_geoid": "06087", "county": "Santa Cruz", "lon": -121.833264, "lat": 36.901309 }, "geometry": { "type": "Polygon", "coordinates": [ [ [ -121.831832026947467, 36.900206095818611 ], [ -121.831886306356893, 36.90245487130683 ], [ -121.834695247076908, 36.902411381857448 ], [ -121.834640884479128, 36.90016260762885 ], [ -121.831832026947467, 36.900206095818611 ] ] ] } },
{ "type": "Feature", "properties": { "unit_id": "c-652_r489", "col": -652, "row": 489, "frac_2022": 0.37717013024656931, "frac_2023": 0.86714924036565288, "perm_water": 0, "x_3310": -162875.0, "y_3310": -122375.0, "county_geoid": "06087", "county": "Santa Cruz", "lon": -121.830455, "lat": 36.901352 }, "geometry": { "type": "Polygon", "coordinates": [ [ [ -121.829023166199633, 36.900249517384147 ], [ -121.829077362420463, 36.902498294130034 ], [ -121.831886306356893, 36.90245487130683 ], [ -121.831832026947467, 36.900206095818611 ], [ -121.829023166199633, 36.900249517384147 ] ] ] } },
{ "type": "Feature", "properties": { "unit_id": "c-651_r489", "col": -651, "row": 489, "frac_2022": 0.27592538544755979, "frac_2023": 0.61125166565630851, "perm_water": 0, "x_3310": -162625.0, "y_3310": -122375.0, "county_geoid": "06087", "county": "Santa Cruz", "lon": -121.827646, "lat": 36.901396 }, "geometry": { "type": "Polygon", "coordinates": [ [ [ -121.826214302240601, 36.900292872325259 ], [ -121.826268415272509, 36.902541650326931 ], [ -121.829077362420463, 36.902498294130034 ], [ -121.829023166199633, 36.900249517384147 ], [ -121.826214302240601, 36.900292872325259 ] ] ] } },
{ "type": "Feature", "properties": { "unit_id": "c-649_r489", "col": -649, "row": 489, "frac_2022": 0.014399999997967847, "frac_2023": 0.75166900663373482, "perm_water": 0, "x_3310": -162125.0, "y_3310": -122375.0, "county_geoid": "06087", "county": "Santa Cruz", "lon": -121.822028, "lat": 36.901482 }, "geometry": { "type": "Polygon", "coordinates": [ [ [ -121.820596564708623, 36.900379382333938 ], [ -121.820650511361876, 36.902628162841367 ], [ -121.823459464918031, 36.902584939897423 ], [ -121.823405435075315, 36.900336160641864 ], [ -121.820596564708623, 36.900379382333938 ] ] ] } },
{ "type": "Feature", "properties": { "unit_id": "c-648_r489", "col": -648, "row": 489, "frac_2022": 0.081681717688525543, "frac_2023": 0.91339540708907596, "perm_water": 0, "x_3310": -161875.0, "y_3310": -122375.0, "county_geoid": "06087", "county": "Santa Cruz", "lon": -121.819219, "lat": 36.901525 }, "geometry": { "type": "Polygon", "coordinates": [ [ [ -121.817787691145512, 36.900422537401276 ], [ -121.817841554608989, 36.902671319158685 ], [ -121.820650511361876, 36.902628162841367 ], [ -121.820596564708623, 36.900379382333938 ], [ -121.817787691145512, 36.900422537401276 ] ] ] } },
{ "type": "Feature", "properties": { "unit_id": "c-647_r489", "col": -647, "row": 489, "frac_2022": 0.33137318866953641, "frac_2023": 0.67231445667507395, "perm_water": 0, "x_3310": -161625.0, "y_3310": -122375.0, "county_geoid": "06087", "county": "Santa Cruz", "lon": -121.81641, "lat": 36.901568 }, "geometry": { "type": "Polygon", "coordinates": [ [ [ -121.814978814390869, 36.900465625843779 ], [ -121.815032594664316, 36.902714408849249 ], [ -121.817841554608989, 36.902671319158685 ], [ -121.817787691145512, 36.900422537401276 ], [ -121.814978814390869, 36.900465625843779 ] ] ] } },
{ "type": "Feature", "properties": { "unit_id": "c-645_r489", "col": -645, "row": 489, "frac_2022": 0.37172546154821806, "frac_2023": 0.45363647201711516, "perm_water": 0, "x_3310": -161125.0, "y_3310": -122375.0, "county_geoid": "06087", "county": "Santa Cruz", "lon": -121.810792, "lat": 36.901655 }, "geometry": { "type": "Polygon", "coordinates": [ [ [ -121.809361051326803, 36.900551602853838 ], [ -121.809414665219307, 36.902800388349675 ], [ -121.812223631532788, 36.902757431912931 ], [ -121.81216993444967, 36.900508647661297 ], [ -121.809361051326803, 36.900551602853838 ] ] ] } },
{ "type": "Feature", "properties": { "unit_id": "c-655_r490", "col": -655, "row": 490, "frac_2022": 0.60470791910420729, "frac_2023": 0.65020570030659575, "perm_water": 0, "x_3310": -163625.0, "y_3310": -122625.0, "county_geoid": "06087", "county": "Santa Cruz", "lon": -121.838827, "lat": 36.898973 }, "geometry": { "type": "Polygon", "coordinates": [ [ [ -121.837395296229928, 36.897870278330309 ], [ -121.837449738789743, 36.900119052814915 ], [ -121.840258589874352, 36.900075431376948 ], [ -121.840204064131711, 36.897826658155687 ], [ -121.837395296229928, 36.897870278330309 ] ] ] } },
{ "type": "Feature", "properties": { "unit_id": "c-654_r490", "col": -654, "row": 490, "frac_2022": 0.75306321340381344, "frac_2023": 0.85797999091093535, "perm_water": 0, "x_3310": -163375.0, "y_3310": -122625.0, "county_geoid": "06087", "county": "Santa Cruz", "lon": -121.836018, "lat": 36.899016 }, "geometry": { "type": "Polygon", "coordinates": [ [ [ -121.834586525102424, 36.897913831882846 ], [ -121.834640884479128, 36.90016260762885 ], [ -121.837449738789743, 36.900119052814915 ], [ -121.837395296229928, 36.897870278330309 ], [ -121.834586525102424, 36.897913831882846 ] ] ] } },
{ "type": "Feature", "properties": { "unit_id": "c-653_r490", "col": -653, "row": 490, "frac_2022": 0.55241281057480196, "frac_2023": 0.6620827981256262, "perm_water": 0, "x_3310": -163125.0, "y_3310": -122625.0, "county_geoid": "06087", "county": "Santa Cruz", "lon": -121.833209, "lat": 36.89906 }, "geometry": { "type": "Polygon", "coordinates": [ [ [ -121.831777750754171, 36.897957318813141 ], [ -121.831832026947467, 36.900206095818611 ], [ -121.834640884479128, 36.90016260762885 ], [ -121.834586525102424, 36.897913831882846 ], [ -121.831777750754171, 36.897957318813141 ] ] ] } },
{ "type": "Feature", "properties": { "unit_id": "c-652_r490", "col": -652, "row": 490, "frac_2022": 0.13139784497643911, "frac_2023": 0.40410669956058215, "perm_water": 0, "x_3310": -162875.0, "y_3310": -122625.0, "county_geoid": "06087", "county": "Santa Cruz", "lon": -121.8304, "lat": 36.899103 }, "geometry": { "type": "Polygon", "coordinates": [ [ [ -121.82896897319003, 36.898000739121073 ], [ -121.829023166199633, 36.900249517384147 ], [ -121.831832026947467, 36.900206095818611 ], [ -121.831777750754171, 36.897957318813141 ], [ -121.82896897319003, 36.898000739121073 ] ] ] } },
{ "type": "Feature", "properties": { "unit_id": "c-648_r490", "col": -648, "row": 490, "frac_2022": 0.75666924327175966, "frac_2023": 0.86891255848611071, "perm_water": 0, "x_3310": -161875.0, "y_3310": -122625.0, "county_geoid": "06087", "county": "Santa Cruz", "lon": -121.819165, "lat": 36.899277 }, "geometry": { "type": "Polygon", "coordinates": [ [ [ -121.817733830873522, 36.898173754127278 ], [ -121.817787691145512, 36.900422537401276 ], [ -121.820596564708623, 36.900379382333938 ], [ -121.820542621251803, 36.898130600309806 ], [ -121.817733830873522, 36.898173754127278 ] ] ] } },
{ "type": "Feature", "properties": { "unit_id": "c-647_r490", "col": -647, "row": 490, "frac_2022": 0.5161384009818436, "frac_2023": 0.63988738568009895, "perm_water": 0, "x_3310": -161625.0, "y_3310": -122625.0, "county_geoid": "06087", "county": "Santa Cruz", "lon": -121.816356, "lat": 36.89932 }, "geometry": { "type": "Polygon", "coordinates": [ [ [ -121.814925037304022, 36.89821684132184 ], [ -121.814978814390869, 36.900465625843779 ], [ -121.817787691145512, 36.900422537401276 ], [ -121.817733830873522, 36.898173754127278 ], [ -121.814925037304022, 36.89821684132184 ] ] ] } },
{ "type": "Feature", "properties": { "unit_id": "c-645_r490", "col": -645, "row": 490, "frac_2022": 0.31768659575197566, "frac_2023": 0.62873740731972538, "perm_water": 0, "x_3310": -161125.0, "y_3310": -122625.0, "county_geoid": "06087", "county": "Santa Cruz", "lon": -121.810739, "lat": 36.899406 }, "geometry": { "type": "Polygon", "coordinates": [ [ [ -121.809307440611008, 36.898302815841902 ], [ -121.809361051326803, 36.900551602853838 ], [ -121.81216993444967, 36.900508647661297 ], [ -121.812116240548207, 36.898259861893429 ], [ -121.809307440611008, 36.898302815841902 ] ] ] } },
{ "type": "Feature", "properties": { "unit_id": "c-640_r490", "col": -640, "row": 490, "frac_2022": 0.37184031021899272, "frac_2023": 0.4363786387669768, "perm_water": 0, "x_3310": -159875.0, "y_3310": -122625.0, "county_geoid": "06087", "county": "Santa Cruz", "lon": -121.796694, "lat": 36.89962 }, "geometry": { "type": "Polygon", "coordinates": [ [ [ -121.795263393376786, 36.898516586233654 ], [ -121.795316588159906, 36.900765379436969 ], [ -121.798125487117218, 36.900722757371355 ], [ -121.79807220914698, 36.898473965402452 ], [ -121.795263393376786, 36.898516586233654 ] ] ] } },
{ "type": "Feature", "properties": { "unit_id": "c-628_r490", "col": -628, "row": 490, "frac_2022": 0.012914330798798305, "frac_2023": 0.42141124236587152, "perm_water": 0, "x_3310": -156875.0, "y_3310": -122625.0, "county_geoid": "06087", "county": "Santa Cruz", "lon": -121.762988, "lat": 36.900126 }, "geometry": { "type": "Polygon", "coordinates": [ [ [ -121.761557359700589, 36.899022839522566 ], [ -121.761609556216939, 36.901271647388754 ], [ -121.764418492674409, 36.901229824838772 ], [ -121.764366212967644, 36.898981018183882 ], [ -121.761557359700589, 36.899022839522566 ] ] ] } },
{ "type": "Feature", "properties": { "unit_id": "c-652_r491", "col": -652, "row": 491, "frac_2022": 0.014400000055605775, "frac_2023": 0.51527693418428533, "perm_water": 0, "x_3310": -162875.0, "y_3310": -122875.0, "county_geoid": "06087", "county": "Santa Cruz", "lon": -121.830346, "lat": 36.896855 }, "geometry": { "type": "Polygon", "coordinates": [ [ [ -121.828914783391369, 36.895751959337559 ], [ -121.82896897319003, 36.898000739121073 ], [ -121.831777750754171, 36.897957318813141 ], [ -121.83172347777672, 36.895708540287075 ], [ -121.828914783391369, 36.895751959337559 ] ] ] } },
{ "type": "Feature", "properties": { "unit_id": "c-649_r491", "col": -649, "row": 491, "frac_2022": 0.18719999999339373, "frac_2023": 0.57054179815107187, "perm_water": 0, "x_3310": -162125.0, "y_3310": -122875.0, "county_geoid": "06087", "county": "Santa Cruz", "lon": -121.82192, "lat": 36.896985 }, "geometry": { "type": "Polygon", "coordinates": [ [ [ -121.820488680991161, 36.89588181676563 ], [ -121.820542621251803, 36.898130600309806 ], [ -121.823351408433936, 36.898087379869558 ], [ -121.823297384993666, 36.895838597576962 ], [ -121.820488680991161, 36.89588181676563 ] ] ] } },
{ "type": "Feature", "properties": { "unit_id": "c-631_r491", "col": -631, "row": 491, "frac_2022": 0.056012019834986305, "frac_2023": 0.46860178105067829, "perm_water": 0, "x_3310": -157625.0, "y_3310": -122875.0, "county_geoid": "06087", "county": "Santa Cruz", "lon": -121.771362, "lat": 36.897752 }, "geometry": { "type": "Polygon", "coordinates": [ [ [ -121.769931467224538, 36.896648369887551 ], [ -121.769983910203834, 36.898897175631674 ], [ -121.772792754163163, 36.898855154418357 ], [ -121.772740227999208, 36.896606349891201 ], [ -121.769931467224538, 36.896648369887551 ] ] ] } },
{ "type": "Feature", "properties": { "unit_id": "c-629_r491", "col": -629, "row": 491, "frac_2022": 0.084597180579090075, "frac_2023": 0.49683718281795081, "perm_water": 0, "x_3310": -157125.0, "y_3310": -122875.0, "county_geoid": "06087", "county": "Santa Cruz", "lon": -121.765744, "lat": 36.897836 }, "geometry": { "type": "Polygon", "coordinates": [ [ [ -121.764313936358519, 36.896732210011706 ], [ -121.764366212967644, 36.898981018183882 ], [ -121.767175063137017, 36.898939130220228 ], [ -121.767122703342679, 36.896690323261119 ], [ -121.764313936358519, 36.896732210011706 ] ] ] } },
{ "type": "Feature", "properties": { "unit_id": "c-628_r491", "col": -628, "row": 491, "frac_2022": 0.015885669201612058, "frac_2023": 0.49805169615572037, "perm_water": 0, "x_3310": -156875.0, "y_3310": -122875.0, "county_geoid": "06087", "county": "Santa Cruz", "lon": -121.762936, "lat": 36.897878 }, "geometry": { "type": "Polygon", "coordinates": [ [ [ -121.761505166276962, 36.896774030139227 ], [ -121.761557359700589, 36.899022839522566 ], [ -121.764366212967644, 36.898981018183882 ], [ -121.764313936358519, 36.896732210011706 ], [ -121.761505166276962, 36.896774030139227 ] ] ] } },
{ "type": "Feature", "properties": { "unit_id": "c-645_r492", "col": -645, "row": 492, "frac_2022": 0.38130973075514046, "frac_2023": 0.45415593591255887, "perm_water": 0, "x_3310": -161125.0, "y_3310": -123125.0, "county_geoid": "06087", "county": "Santa Cruz", "lon": -121.810631, "lat": 36.894908 }, "geometry": { "type": "Polygon", "coordinates": [ [ [ -121.809200228708548, 36.893805237256153 ], [ -121.809253833071693, 36.896054027310477 ], [ -121.812062549828127, 36.89601107460593 ], [ -121.812008862289147, 36.893762285795404 ], [ -121.809200228708548, 36.893805237256153 ] ] ] } },
{ "type": "Feature", "properties": { "unit_id": "c-651_r493", "col": -651, "row": 493, "frac_2022": 0.043199999998190103, "frac_2023": 0.51884841011079808, "perm_water": 0, "x_3310": -162625.0, "y_3310": -123375.0, "county_geoid": "06087", "county": "Santa Cruz", "lon": -121.827429, "lat": 36.8924 }, "geometry": { "type": "Polygon", "coordinates": [ [ [ -121.825997882172999, 36.89129774511516 ], [ -121.826051982381472, 36.893546529204912 ], [ -121.828860596803324, 36.89350317803023 ], [ -121.828806413425667, 36.891254395195666 ], [ -121.825997882172999, 36.89129774511516 ] ] ] } },
{ "type": "Feature", "properties": { "unit_id": "c-598_r493", "col": -598, "row": 493, "frac_2022": 0.28913230629606296, "frac_2023": 0.42960939822150002, "perm_water": 0, "x_3310": -149375.0, "y_3310": -123375.0, "county_geoid": "06053", "county": "Monterey", "lon": -121.67857, "lat": 36.894604 }, "geometry": { "type": "Polygon", "coordinates": [ [ [ -121.677141261352389, 36.893499959524078 ], [ -121.677190953196231, 36.895748807382965 ], [ -121.679999730719828, 36.895708987149277 ], [ -121.679949955692294, 36.893460140443466 ], [ -121.677141261352389, 36.893499959524078 ] ] ] } },
{ "type": "Feature", "properties": { "unit_id": "c-638_r494", "col": -638, "row": 494, "frac_2022": 0.0, "frac_2023": 0.56801548886531261, "perm_water": 0, "x_3310": -159375.0, "y_3310": -123625.0, "county_geoid": "06087", "county": "Santa Cruz", "lon": -121.790864, "lat": 36.89071 }, "geometry": { "type": "Polygon", "coordinates": [ [ [ -121.789433670170283, 36.889606430139892 ], [ -121.789486686012197, 36.891855231900699 ], [ -121.792295258547725, 36.891812748008043 ], [ -121.792242159537864, 36.889563947477249 ], [ -121.789433670170283, 36.889606430139892 ] ] ] } },
{ "type": "Feature", "properties": { "unit_id": "c-598_r494", "col": -598, "row": 494, "frac_2022": 0.40914233282861534, "frac_2023": 0.42706524090663517, "perm_water": 0, "x_3310": -149375.0, "y_3310": -123625.0, "county_geoid": "06053", "county": "Monterey", "lon": -121.678521, "lat": 36.892356 }, "geometry": { "type": "Polygon", "coordinates": [ [ [ -121.67709157245271, 36.891251110141823 ], [ -121.677141261352389, 36.893499959524078 ], [ -121.679949955692294, 36.893460140443466 ], [ -121.679900183613825, 36.891211292214201 ], [ -121.67709157245271, 36.891251110141823 ] ] ] } },
{ "type": "Feature", "properties": { "unit_id": "c-646_r495", "col": -646, "row": 495, "frac_2022": 0.099630428877068467, "frac_2023": 0.54149449711855357, "perm_water": 0, "x_3310": -161375.0, "y_3310": -123875.0, "county_geoid": "06087", "county": "Santa Cruz", "lon": -121.813279, "lat": 36.888119 }, "geometry": { "type": "Polygon", "coordinates": [ [ [ -121.811847818755922, 36.887015910192112 ], [ -121.811901496753322, 36.88926470359187 ], [ -121.814709960816771, 36.889221688002849 ], [ -121.8146561996586, 36.886972895848395 ], [ -121.811847818755922, 36.887015910192112 ] ] ] } },
{ "type": "Feature", "properties": { "unit_id": "c-645_r495", "col": -645, "row": 495, "frac_2022": 0.20181090765805071, "frac_2023": 0.57393757637160181, "perm_water": 0, "x_3310": -161125.0, "y_3310": -123875.0, "county_geoid": "06087", "county": "Santa Cruz", "lon": -121.81047, "lat": 36.888162 }, "geometry": { "type": "Polygon", "coordinates": [ [ [ -121.809039434673281, 36.887058857922327 ], [ -121.809093029509597, 36.889307652565471 ], [ -121.811901496753322, 36.88926470359187 ], [ -121.811847818755922, 36.887015910192112 ], [ -121.809039434673281, 36.887058857922327 ] ] ] } },
{ "type": "Feature", "properties": { "unit_id": "c-633_r495", "col": -633, "row": 495, "frac_2022": 0.028800000398861814, "frac_2023": 0.88196621851384005, "perm_water": 0, "x_3310": -158125.0, "y_3310": -123875.0, "county_geoid": "06087", "county": "Santa Cruz", "lon": -121.776769, "lat": 36.888672 }, "geometry": { "type": "Polygon", "coordinates": [ [ [ -121.775338579436252, 36.88756903479316 ], [ -121.775391176317967, 36.88981784420654 ], [ -121.778199681340595, 36.889775694626465 ], [ -121.778147001294471, 36.887526886433314 ], [ -121.775338579436252, 36.88756903479316 ] ] ] } },
{ "type": "Feature", "properties": { "unit_id": "c-646_r496", "col": -646, "row": 496, "frac_2022": 0.27324343599789697, "frac_2023": 0.72263526108658638, "perm_water": 0, "x_3310": -161375.0, "y_3310": -124125.0, "county_geoid": "06087", "county": "Santa Cruz", "lon": -121.813225, "lat": 36.88587 }, "geometry": { "type": "Polygon", "coordinates": [ [ [ -121.811794143938471, 36.884767115255826 ], [ -121.811847818755922, 36.887015910192112 ], [ -121.8146561996586, 36.886972895848395 ], [ -121.814602441685324, 36.884724102157307 ], [ -121.811794143938471, 36.884767115255826 ] ] ] } },
{ "type": "Feature", "properties": { "unit_id": "c-645_r496", "col": -645, "row": 496, "frac_2022": 0.15707591351003555, "frac_2023": 0.43931056988190298, "perm_water": 0, "x_3310": -161125.0, "y_3310": -124125.0, "county_geoid": "06087", "county": "Santa Cruz", "lon": -121.810417, "lat": 36.885913 }, "geometry": { "type": "Polygon", "coordinates": [ [ [ -121.808985843011953, 36.884810061742797 ], [ -121.809039434673281, 36.887058857922327 ], [ -121.811847818755922, 36.887015910192112 ], [ -121.811794143938471, 36.884767115255826 ], [ -121.808985843011953, 36.884810061742797 ] ] ] } },
{ "type": "Feature", "properties": { "unit_id": "c-640_r496", "col": -640, "row": 496, "frac_2022": 0.046229174933956931, "frac_2023": 0.46776812774233045, "perm_water": 0, "x_3310": -159875.0, "y_3310": -124125.0, "county_geoid": "06087", "county": "Santa Cruz", "lon": -121.796375, "lat": 36.886127 }, "geometry": { "type": "Polygon", "coordinates": [ [ [ -121.794944290856478, 36.885023795000542 ], [ -121.794997466732852, 36.887272597367307 ], [ -121.797805866641482, 36.887229982706181 ], [ -121.797752607607535, 36.884981181572975 ], [ -121.794944290856478, 36.885023795000542 ] ] ] } },
{ "type": "Feature", "properties": { "unit_id": "c-633_r496", "col": -633, "row": 496, "frac_2022": 0.014400000001714503, "frac_2023": 0.41465532010879452, "perm_water": 0, "x_3310": -158125.0, "y_3310": -124125.0, "county_geoid": "06087", "county": "Santa Cruz", "lon": -121.776716, "lat": 36.886424 }, "geometry": { "type": "Polygon", "coordinates": [ [ [ -121.775285985670479, 36.885320223845049 ], [ -121.775338579436252, 36.88756903479316 ], [ -121.778147001294471, 36.887526886433314 ], [ -121.778094324369206, 36.885278076705355 ], [ -121.775285985670479, 36.885320223845049 ] ] ] } },
{ "type": "Feature", "properties": { "unit_id": "c-628_r496", "col": -628, "row": 496, "frac_2022": 0.0038550209753075572, "frac_2023": 0.53694722373452419, "perm_water": 0, "x_3310": -156875.0, "y_3310": -124125.0, "county_geoid": "06053", "county": "Monterey", "lon": -121.762675, "lat": 36.886633 }, "geometry": { "type": "Polygon", "coordinates": [ [ [ -121.761244245540013, 36.885529960346723 ], [ -121.761296423504163, 36.887778777366599 ], [ -121.764104860892957, 36.887736962082336 ], [ -121.764052599767936, 36.885488146272962 ], [ -121.761244245540013, 36.885529960346723 ] ] ] } },
{ "type": "Feature", "properties": { "unit_id": "c-650_r497", "col": -650, "row": 497, "frac_2022": 0.14806770951724088, "frac_2023": 0.60875373252115339, "perm_water": 0, "x_3310": -162375.0, "y_3310": -124375.0, "county_geoid": "06087", "county": "Santa Cruz", "lon": -121.824404, "lat": 36.883449 }, "geometry": { "type": "Polygon", "coordinates": [ [ [ -121.822973311558698, 36.882345871708907 ], [ -121.823027315798484, 36.884594663193369 ], [ -121.825835600777367, 36.884551383649715 ], [ -121.825781513387767, 36.88230259341794 ], [ -121.822973311558698, 36.882345871708907 ] ] ] } },
{ "type": "Feature", "properties": { "unit_id": "c-649_r497", "col": -649, "row": 497, "frac_2022": 0.067451206130875338, "frac_2023": 0.54161994344361541, "perm_water": 0, "x_3310": -162125.0, "y_3310": -124375.0, "county_geoid": "06087", "county": "Santa Cruz", "lon": -121.821596, "lat": 36.883492 }, "geometry": { "type": "Polygon", "coordinates": [ [ [ -121.820165106530538, 36.882389083390684 ], [ -121.820219027620226, 36.884637876125957 ], [ -121.823027315798484, 36.884594663193369 ], [ -121.822973311558698, 36.882345871708907 ], [ -121.820165106530538, 36.882389083390684 ] ] ] } },
{ "type": "Feature", "properties": { "unit_id": "c-647_r497", "col": -647, "row": 497, "frac_2022": 0.056082150398440236, "frac_2023": 0.45153923893463122, "perm_water": 0, "x_3310": -161625.0, "y_3310": -124375.0, "county_geoid": "06087", "county": "Santa Cruz", "lon": -121.81598, "lat": 36.883578 }, "geometry": { "type": "Polygon", "coordinates": [ [ [ -121.814548686896629, 36.882475306926217 ], [ -121.814602441685324, 36.884724102157307 ], [ -121.817410736247538, 36.884681022447296 ], [ -121.817356898308191, 36.882432228463109 ], [ -121.814548686896629, 36.882475306926217 ] ] ] } },
{ "type": "Feature", "properties": { "unit_id": "c-650_r498", "col": -650, "row": 498, "frac_2022": 0.65578729093506749, "frac_2023": 0.7942708198449101, "perm_water": 0, "x_3310": -162375.0, "y_3310": -124625.0, "county_geoid": "06087", "county": "Santa Cruz", "lon": -121.82435, "lat": 36.8812 }, "geometry": { "type": "Polygon", "coordinates": [ [ [ -121.822919310518003, 36.88009707868062 ], [ -121.822973311558698, 36.882345871708907 ], [ -121.825781513387767, 36.88230259341794 ], [ -121.825727429202189, 36.880053801642305 ], [ -121.822919310518003, 36.88009707868062 ] ] ] } },
{ "type": "Feature", "properties": { "unit_id": "c-649_r498", "col": -649, "row": 498, "frac_2022": 0.56226371699038913, "frac_2023": 0.64894361709493964, "perm_water": 0, "x_3310": -162125.0, "y_3310": -124625.0, "county_geoid": "06087", "county": "Santa Cruz", "lon": -121.821542, "lat": 36.881243 }, "geometry": { "type": "Polygon", "coordinates": [ [ [ -121.820111188634996, 36.880140289111736 ], [ -121.820165106530538, 36.882389083390684 ], [ -121.822973311558698, 36.882345871708907 ], [ -121.822919310518003, 36.88009707868062 ], [ -121.820111188634996, 36.880140289111736 ] ] ] } },
{ "type": "Feature", "properties": { "unit_id": "c-647_r498", "col": -647, "row": 498, "frac_2022": 0.22814954150195635, "frac_2023": 0.47097202644651315, "perm_water": 0, "x_3310": -161625.0, "y_3310": -124625.0, "county_geoid": "06087", "county": "Santa Cruz", "lon": -121.815926, "lat": 36.881329 }, "geometry": { "type": "Polygon", "coordinates": [ [ [ -121.814494935292274, 36.880226510151694 ], [ -121.814548686896629, 36.882475306926217 ], [ -121.817356898308191, 36.882432228463109 ], [ -121.817303063558114, 36.880183432935482 ], [ -121.814494935292274, 36.880226510151694 ] ] ] } },
{ "type": "Feature", "properties": { "unit_id": "c-640_r498", "col": -640, "row": 498, "frac_2022": 0.010414723316445574, "frac_2023": 0.50109135136260585, "perm_water": 0, "x_3310": -159875.0, "y_3310": -124625.0, "county_geoid": "06087", "county": "Santa Cruz", "lon": -121.796269, "lat": 36.881629 }, "geometry": { "type": "Polygon", "coordinates": [ [ [ -121.794837948553848, 36.880526185646467 ], [ -121.794891118130238, 36.882774991094706 ], [ -121.797699351728681, 36.882732378900641 ], [ -121.797646099004623, 36.880483574685726 ], [ -121.794837948553848, 36.880526185646467 ] ] ] } },
{ "type": "Feature", "properties": { "unit_id": "c-649_r499", "col": -649, "row": 499, "frac_2022": 0.52864733032363476, "frac_2023": 0.61115913974133074, "perm_water": 0, "x_3310": -162125.0, "y_3310": -124875.0, "county_geoid": "06087", "county": "Santa Cruz", "lon": -121.821488, "lat": 36.878994 }, "geometry": { "type": "Polygon", "coordinates": [ [ [ -121.820057273933344, 36.87789149328583 ], [ -121.820111188634996, 36.880140289111736 ], [ -121.822919310518003, 36.88009707868062 ], [ -121.822865312676115, 36.877848284105184 ], [ -121.820057273933344, 36.87789149328583 ] ] ] } },
{ "type": "Feature", "properties": { "unit_id": "c-648_r499", "col": -648, "row": 499, "frac_2022": 0.048058172403974503, "frac_2023": 0.66651719649380814, "perm_water": 0, "x_3310": -161875.0, "y_3310": -124875.0, "county_geoid": "06087", "county": "Santa Cruz", "lon": -121.81868, "lat": 36.879037 }, "geometry": { "type": "Polygon", "coordinates": [ [ [ -121.817249231996982, 36.877934635860917 ], [ -121.817303063558114, 36.880183432935482 ], [ -121.820111188634996, 36.880140289111736 ], [ -121.820057273933344, 36.87789149328583 ], [ -121.817249231996982, 36.877934635860917 ] ] ] } },
{ "type": "Feature", "properties": { "unit_id": "c-635_r503", "col": -635, "row": 503, "frac_2022": 0.25873471613183285, "frac_2023": 0.44675049647801218, "perm_water": 0, "x_3310": -158625.0, "y_3310": -125875.0, "county_geoid": "06053", "county": "Monterey", "lon": -121.781964, "lat": 36.870597 }, "geometry": { "type": "Polygon", "coordinates": [ [ [ -121.780533426855328, 36.869494160148548 ], [ -121.780586165066907, 36.87174297949376 ], [ -121.783393998669226, 36.871700706469447 ], [ -121.783341177333156, 36.869451888347221 ], [ -121.780533426855328, 36.869494160148548 ] ] ] } },
{ "type": "Feature", "properties": { "unit_id": "c-634_r503", "col": -634, "row": 503, "frac_2022": 0.092081542173295269, "frac_2023": 0.67822179388161496, "perm_water": 0, "x_3310": -158375.0, "y_3310": -125875.0, "county_geoid": "06053", "county": "Monterey", "lon": -121.779156, "lat": 36.87064 }, "geometry": { "type": "Polygon", "coordinates": [ [ [ -121.777725673253912, 36.869536365350612 ], [ -121.777778328340716, 36.871785185916877 ], [ -121.780586165066907, 36.87174297949376 ], [ -121.780533426855328, 36.869494160148548 ], [ -121.777725673253912, 36.869536365350612 ] ] ] } },
{ "type": "Feature", "properties": { "unit_id": "c-633_r503", "col": -633, "row": 503, "frac_2022": 0.071044464009467151, "frac_2023": 0.4082918661383832, "perm_water": 0, "x_3310": -158125.0, "y_3310": -125875.0, "county_geoid": "06053", "county": "Monterey", "lon": -121.776348, "lat": 36.870682 }, "geometry": { "type": "Polygon", "coordinates": [ [ [ -121.774917916533809, 36.869578503953221 ], [ -121.774970488495583, 36.871827325738643 ], [ -121.777778328340716, 36.871785185916877 ], [ -121.777725673253912, 36.869536365350612 ], [ -121.774917916533809, 36.869578503953221 ] ] ] } },
{ "type": "Feature", "properties": { "unit_id": "c-632_r503", "col": -632, "row": 503, "frac_2022": 0.14090991006684964, "frac_2023": 0.59506370055852098, "perm_water": 0, "x_3310": -157875.0, "y_3310": -125875.0, "county_geoid": "06053", "county": "Monterey", "lon": -121.77354, "lat": 36.870724 }, "geometry": { "type": "Polygon", "coordinates": [ [ [ -121.772110156699981, 36.869620575956311 ], [ -121.772162645536426, 36.871869398959021 ], [ -121.774970488495583, 36.871827325738643 ], [ -121.774917916533809, 36.869578503953221 ], [ -121.772110156699981, 36.869620575956311 ] ] ] } },
{ "type": "Feature", "properties": { "unit_id": "c-608_r504", "col": -608, "row": 504, "frac_2022": 0.58961559452319134, "frac_2023": 0.58961559452319134, "perm_water": 0, "x_3310": -151875.0, "y_3310": -126125.0, "county_geoid": "06053", "county": "Monterey", "lon": -121.706102, "lat": 36.869466 }, "geometry": { "type": "Polygon", "coordinates": [ [ [ -121.704672508599231, 36.868361470702702 ], [ -121.704722999355425, 36.870610323900479 ], [ -121.707530832443211, 36.870569850317615 ], [ -121.707480258560082, 36.868320998290699 ], [ -121.704672508599231, 36.868361470702702 ] ] ] } },
{ "type": "Feature", "properties": { "unit_id": "c-607_r504", "col": -607, "row": 504, "frac_2022": 0.58542237759291094, "frac_2023": 0.58542237759291094, "perm_water": 0, "x_3310": -151625.0, "y_3310": -126125.0, "county_geoid": "06053", "county": "Monterey", "lon": -121.703294, "lat": 36.869506 }, "geometry": { "type": "Polygon", "coordinates": [ [ [ -121.70186475564789, 36.868401876514419 ], [ -121.701915163276936, 36.870650730881287 ], [ -121.704722999355425, 36.870610323900479 ], [ -121.704672508599231, 36.868361470702702 ], [ -121.70186475564789, 36.868401876514419 ] ] ] } },
{ "type": "Feature", "properties": { "unit_id": "c-634_r505", "col": -634, "row": 505, "frac_2022": 0.17513382048557921, "frac_2023": 0.4921520105190289, "perm_water": 0, "x_3310": -158375.0, "y_3310": -126375.0, "county_geoid": "06053", "county": "Monterey", "lon": -121.779051, "lat": 36.866142 }, "geometry": { "type": "Polygon", "coordinates": [ [ [ -121.77762037243599, 36.865038719529167 ], [ -121.777673021285764, 36.867287543222453 ], [ -121.780480691767337, 36.867245339241371 ], [ -121.780427959802637, 36.86499651676894 ], [ -121.77762037243599, 36.865038719529167 ] ] ] } },
{ "type": "Feature", "properties": { "unit_id": "c-645_r506", "col": -645, "row": 506, "frac_2022": 0.43787651541004274, "frac_2023": 0.50074890443369113, "perm_water": 0, "x_3310": -161125.0, "y_3310": -126625.0, "county_geoid": "06087", "county": "Santa Cruz", "lon": -121.809881, "lat": 36.863425 }, "geometry": { "type": "Polygon", "coordinates": [ [ [ -121.808450100964251, 36.862322014706955 ], [ -121.808503660890622, 36.864570826435298 ], [ -121.811311213633374, 36.864527891131232 ], [ -121.811257570600048, 36.862279080644676 ], [ -121.808450100964251, 36.862322014706955 ] ] ] } },
{ "type": "Feature", "properties": { "unit_id": "c-634_r506", "col": -634, "row": 506, "frac_2022": 0.15539953409678597, "frac_2023": 0.45371971588110521, "perm_water": 0, "x_3310": -158375.0, "y_3310": -126625.0, "county_geoid": "06053", "county": "Monterey", "lon": -121.778998, "lat": 36.863893 }, "geometry": { "type": "Polygon", "coordinates": [ [ [ -121.777567726704362, 36.86278989426733 ], [ -121.77762037243599, 36.865038719529167 ], [ -121.780427959802637, 36.86499651676894 ], [ -121.780375230960999, 36.86274769272778 ], [ -121.777567726704362, 36.86278989426733 ] ] ] } },
{ "type": "Feature", "properties": { "unit_id": "c-632_r507", "col": -632, "row": 507, "frac_2022": 0.38526165821719605, "frac_2023": 0.45530245853104329, "perm_water": 0, "x_3310": -157875.0, "y_3310": -126875.0, "county_geoid": "06053", "county": "Monterey", "lon": -121.77333, "lat": 36.861729 }, "geometry": { "type": "Polygon", "coordinates": [ [ [ -121.771900232439677, 36.860625268296303 ], [ -121.771952708842477, 36.862874097565381 ], [ -121.774760219329877, 36.862832029213251 ], [ -121.774707659821431, 36.86058320116085 ], [ -121.771900232439677, 36.860625268296303 ] ] ] } },
{ "type": "Feature", "properties": { "unit_id": "c-631_r507", "col": -631, "row": 507, "frac_2022": 0.10530447209169902, "frac_2023": 0.43423779746534508, "perm_water": 0, "x_3310": -157625.0, "y_3310": -126875.0, "county_geoid": "06053", "county": "Monterey", "lon": -121.770523, "lat": 36.861771 }, "geometry": { "type": "Polygon", "coordinates": [ [ [ -121.769092801950208, 36.860667268839812 ], [ -121.769145195247091, 36.862916099323719 ], [ -121.771952708842477, 36.862874097565381 ], [ -121.771900232439677, 36.860625268296303 ], [ -121.769092801950208, 36.860667268839812 ] ] ] } },
{ "type": "Feature", "properties": { "unit_id": "c-630_r507", "col": -630, "row": 507, "frac_2022": 0.45788095606487084, "frac_2023": 0.65404470996634656, "perm_water": 0, "x_3310": -157375.0, "y_3310": -126875.0, "county_geoid": "06053", "county": "Monterey", "lon": -121.767715, "lat": 36.861813 }, "geometry": { "type": "Polygon", "coordinates": [ [ [ -121.766285368357927, 36.86070920279132 ], [ -121.766337678548595, 36.862958034488081 ], [ -121.769145195247091, 36.862916099323719 ], [ -121.769092801950208, 36.860667268839812 ], [ -121.766285368357927, 36.86070920279132 ] ] ] } },
{ "type": "Feature", "properties": { "unit_id": "c-638_r508", "col": -638, "row": 508, "frac_2022": 0.10782481527537138, "frac_2023": 0.45664554496196275, "perm_water": 0, "x_3310": -159375.0, "y_3310": -127125.0, "county_geoid": "06053", "county": "Monterey", "lon": -121.790122, "lat": 36.859226 }, "geometry": { "type": "Polygon", "coordinates": [ [ [ -121.788691778046953, 36.858123043092746 ], [ -121.788744749942197, 36.860371866608531 ], [ -121.791552158574348, 36.860329399923835 ], [ -121.791499103580037, 36.858080577636187 ], [ -121.788691778046953, 36.858123043092746 ] ] ] } },
{ "type": "Feature", "properties": { "unit_id": "c-630_r508", "col": -630, "row": 508, "frac_2022": 0.29110670096775221, "frac_2023": 0.44038367760311359, "perm_water": 0, "x_3310": -157375.0, "y_3310": -127125.0, "county_geoid": "06053", "county": "Monterey", "lon": -121.767663, "lat": 36.859564 }, "geometry": { "type": "Polygon", "coordinates": [ [ [ -121.766233061265112, 36.858460369519825 ], [ -121.766285368357927, 36.86070920279132 ], [ -121.769092801950208, 36.860667268839812 ], [ -121.769040411756137, 36.858418436781044 ], [ -121.766233061265112, 36.858460369519825 ] ] ] } },
{ "type": "Feature", "properties": { "unit_id": "c-629_r508", "col": -629, "row": 508, "frac_2022": 0.22414756722921905, "frac_2023": 0.42097835584870918, "perm_water": 0, "x_3310": -157125.0, "y_3310": -127125.0, "county_geoid": "06053", "county": "Monterey", "lon": -121.764856, "lat": 36.859606 }, "geometry": { "type": "Polygon", "coordinates": [ [ [ -121.76342570767649, 36.858502235668404 ], [ -121.763477931667737, 36.860751070150748 ], [ -121.766285368357927, 36.86070920279132 ], [ -121.766233061265112, 36.858460369519825 ], [ -121.76342570767649, 36.858502235668404 ] ] ] } },
{ "type": "Feature", "properties": { "unit_id": "c-637_r509", "col": -637, "row": 509, "frac_2022": 0.14748773719732547, "frac_2023": 0.47709895830202553, "perm_water": 0, "x_3310": -159125.0, "y_3310": -127375.0, "county_geoid": "06053", "county": "Monterey", "lon": -121.787262, "lat": 36.85702 }, "geometry": { "type": "Polygon", "coordinates": [ [ [ -121.785831563713046, 36.855916615638932 ], [ -121.785884449376923, 36.858165441959983 ], [ -121.788691778046953, 36.858123043092746 ], [ -121.788638809288642, 36.855874217997723 ], [ -121.785831563713046, 36.855916615638932 ] ] ] } },
{ "type": "Feature", "properties": { "unit_id": "c-629_r509", "col": -629, "row": 509, "frac_2022": 0.3992711401375722, "frac_2023": 0.46126301656575902, "perm_water": 0, "x_3310": -157125.0, "y_3310": -127375.0, "county_geoid": "06053", "county": "Monterey", "lon": -121.764803, "lat": 36.857357 }, "geometry": { "type": "Polygon", "coordinates": [ [ [ -121.763373486777951, 36.856253399608129 ], [ -121.76342570767649, 36.858502235668404 ], [ -121.766233061265112, 36.858460369519825 ], [ -121.766180757269936, 36.856211534670223 ], [ -121.763373486777951, 36.856253399608129 ] ] ] } },
{ "type": "Feature", "properties": { "unit_id": "c-630_r510", "col": -630, "row": 510, "frac_2022": 0.46869903641928085, "frac_2023": 0.72626174165718715, "perm_water": 0, "x_3310": -157375.0, "y_3310": -127625.0, "county_geoid": "06053", "county": "Monterey", "lon": -121.767558, "lat": 36.855066 }, "geometry": { "type": "Polygon", "coordinates": [ [ [ -121.766128456372087, 36.853962698239187 ], [ -121.766180757269936, 36.856211534670223 ], [ -121.768988024664594, 36.856169603144046 ], [ -121.768935640675309, 36.853920767925416 ], [ -121.766128456372087, 36.853962698239187 ] ] ] } },
{ "type": "Feature", "properties": { "unit_id": "c-638_r511", "col": -638, "row": 511, "frac_2022": 0.53411794792135892, "frac_2023": 0.63811899736016042, "perm_water": 0, "x_3310": -159375.0, "y_3310": -127875.0, "county_geoid": "06053", "county": "Monterey", "lon": -121.789963, "lat": 36.85248 }, "geometry": { "type": "Polygon", "coordinates": [ [ [ -121.788532881181794, 36.851376563056732 ], [ -121.788585843667022, 36.853625391320222 ], [ -121.791393003016736, 36.853582928319462 ], [ -121.791339957447192, 36.851334101283655 ], [ -121.788532881181794, 36.851376563056732 ] ] ] } },
{ "type": "Feature", "properties": { "unit_id": "c-634_r511", "col": -634, "row": 511, "frac_2022": 0.014399999998723963, "frac_2023": 0.40585476655135305, "perm_water": 0, "x_3310": -158375.0, "y_3310": -127875.0, "county_geoid": "06053", "county": "Monterey", "lon": -121.778734, "lat": 36.852649 }, "geometry": { "type": "Polygon", "coordinates": [ [ [ -121.777304544808189, 36.85154574431207 ], [ -121.777357174953394, 36.853794577467141 ], [ -121.780164346819205, 36.853752380809048 ], [ -121.780111633588561, 36.851503548873964 ], [ -121.777304544808189, 36.85154574431207 ] ] ] } },
{ "type": "Feature", "properties": { "unit_id": "c-633_r511", "col": -633, "row": 511, "frac_2022": 0.014399999999463137, "frac_2023": 0.79018974504879969, "perm_water": 0, "x_3310": -158125.0, "y_3310": -127875.0, "county_geoid": "06053", "county": "Monterey", "lon": -121.775927, "lat": 36.852691 }, "geometry": { "type": "Polygon", "coordinates": [ [ [ -121.774497452911348, 36.851587873166125 ], [ -121.774549999970873, 36.853836707539323 ], [ -121.777357174953394, 36.853794577467141 ], [ -121.777304544808189, 36.85154574431207 ], [ -121.774497452911348, 36.851587873166125 ] ] ] } },
{ "type": "Feature", "properties": { "unit_id": "c-632_r511", "col": -632, "row": 511, "frac_2022": 0.0, "frac_2023": 0.79146291831534832, "perm_water": 0, "x_3310": -157875.0, "y_3310": -127875.0, "county_geoid": "06053", "county": "Monterey", "lon": -121.77312, "lat": 36.852733 }, "geometry": { "type": "Polygon", "coordinates": [ [ [ -121.771690357902983, 36.851629935436108 ], [ -121.771742821876558, 36.85387877102545 ], [ -121.774549999970873, 36.853836707539323 ], [ -121.774497452911348, 36.851587873166125 ], [ -121.771690357902983, 36.851629935436108 ] ] ] } },
{ "type": "Feature", "properties": { "unit_id": "c-631_r511", "col": -631, "row": 511, "frac_2022": 0.11367359388765245, "frac_2023": 0.44388615410901833, "perm_water": 0, "x_3310": -157625.0, "y_3310": -127875.0, "county_geoid": "06053", "county": "Monterey", "lon": -121.770313, "lat": 36.852775 }, "geometry": { "type": "Polygon", "coordinates": [ [ [ -121.768883259788012, 36.851671931121814 ], [ -121.768935640675309, 36.853920767925416 ], [ -121.771742821876558, 36.85387877102545 ], [ -121.771690357902983, 36.851629935436108 ], [ -121.768883259788012, 36.851671931121814 ] ] ] } },
{ "type": "Feature", "properties": { "unit_id": "c-630_r511", "col": -630, "row": 511, "frac_2022": 0.37026731680584901, "frac_2023": 0.80644036493752513, "perm_water": 0, "x_3310": -157375.0, "y_3310": -127875.0, "county_geoid": "06053", "county": "Monterey", "lon": -121.767506, "lat": 36.852817 }, "geometry": { "type": "Polygon", "coordinates": [ [ [ -121.766076158571295, 36.851713860223207 ], [ -121.766128456372087, 36.853962698239187 ], [ -121.768935640675309, 36.853920767925416 ], [ -121.768883259788012, 36.851671931121814 ], [ -121.766076158571295, 36.851713860223207 ] ] ] } },
{ "type": "Feature", "properties": { "unit_id": "c-641_r512", "col": -641, "row": 512, "frac_2022": 0.41360819073835026, "frac_2023": 0.55205651146674284, "perm_water": 0, "x_3310": -160125.0, "y_3310": -128125.0, "county_geoid": "06053", "county": "Monterey", "lon": -121.798331, "lat": 36.850103 }, "geometry": { "type": "Polygon", "coordinates": [ [ [ -121.796900891963517, 36.849000151822942 ], [ -121.796954100549954, 36.851248977987247 ], [ -121.799761167377511, 36.851206316464157 ], [ -121.7997078757125, 36.848957491533191 ], [ -121.796900891963517, 36.849000151822942 ] ] ] } },
{ "type": "Feature", "properties": { "unit_id": "c-634_r512", "col": -634, "row": 512, "frac_2022": 0.54567021229102475, "frac_2023": 0.79834411116891102, "perm_water": 0, "x_3310": -158375.0, "y_3310": -128125.0, "county_geoid": "06053", "county": "Monterey", "lon": -121.778682, "lat": 36.8504 }, "geometry": { "type": "Polygon", "coordinates": [ [ [ -121.777251917779409, 36.849296909568231 ], [ -121.777304544808189, 36.85154574431207 ], [ -121.780111633588561, 36.851503548873964 ], [ -121.780058923479274, 36.84925471535 ], [ -121.777251917779409, 36.849296909568231 ] ] ] } },
{ "type": "Feature", "properties": { "unit_id": "c-633_r512", "col": -633, "row": 512, "frac_2022": 0.32055504979616328, "frac_2023": 0.69621708782784231, "perm_water": 0, "x_3310": -158125.0, "y_3310": -128125.0, "county_geoid": "06053", "county": "Monterey", "lon": -121.775875, "lat": 36.850442 }, "geometry": { "type": "Polygon", "coordinates": [ [ [ -121.77444490896336, 36.849339037204317 ], [ -121.774497452911348, 36.851587873166125 ], [ -121.777304544808189, 36.85154574431207 ], [ -121.777251917779409, 36.849296909568231 ], [ -121.77444490896336, 36.849339037204317 ] ] ] } },
{ "type": "Feature", "properties": { "unit_id": "c-632_r512", "col": -632, "row": 512, "frac_2022": 0.10608323094604277, "frac_2023": 0.66174101750107162, "perm_water": 0, "x_3310": -157875.0, "y_3310": -128125.0, "county_geoid": "06053", "county": "Monterey", "lon": -121.773068, "lat": 36.850484 }, "geometry": { "type": "Polygon", "coordinates": [ [ [ -121.771637897036058, 36.849381098258235 ], [ -121.771690357902983, 36.851629935436108 ], [ -121.774497452911348, 36.851587873166125 ], [ -121.77444490896336, 36.849339037204317 ], [ -121.771637897036058, 36.849381098258235 ] ] ] } },
{ "type": "Feature", "properties": { "unit_id": "c-631_r512", "col": -631, "row": 512, "frac_2022": 0.17519099704513094, "frac_2023": 0.49725579063108905, "perm_water": 0, "x_3310": -157625.0, "y_3310": -128125.0, "county_geoid": "06053", "county": "Monterey", "lon": -121.770261, "lat": 36.850527 }, "geometry": { "type": "Polygon", "coordinates": [ [ [ -121.768830882002405, 36.849423092729857 ], [ -121.768883259788012, 36.851671931121814 ], [ -121.771690357902983, 36.851629935436108 ], [ -121.771637897036058, 36.849381098258235 ], [ -121.768830882002405, 36.849423092729857 ] ] ] } },
{ "type": "Feature", "properties": { "unit_id": "c-630_r512", "col": -630, "row": 512, "frac_2022": 0.2508562044845577, "frac_2023": 0.66898959722084728, "perm_water": 0, "x_3310": -157375.0, "y_3310": -128125.0, "county_geoid": "06053", "county": "Monterey", "lon": -121.767454, "lat": 36.850568 }, "geometry": { "type": "Polygon", "coordinates": [ [ [ -121.766023863867304, 36.849465020619057 ], [ -121.766076158571295, 36.851713860223207 ], [ -121.768883259788012, 36.851671931121814 ], [ -121.768830882002405, 36.849423092729857 ], [ -121.766023863867304, 36.849465020619057 ] ] ] } },
{ "type": "Feature", "properties": { "unit_id": "c-641_r513", "col": -641, "row": 513, "frac_2022": 0.91718690444729511, "frac_2023": 0.91858460219210669, "perm_water": 0, "x_3310": -160125.0, "y_3310": -128375.0, "county_geoid": "06053", "county": "Monterey", "lon": -121.798278, "lat": 36.847854 }, "geometry": { "type": "Polygon", "coordinates": [ [ [ -121.796847686527641, 36.8467513240656 ], [ -121.796900891963517, 36.849000151822942 ], [ -121.7997078757125, 36.848957491533191 ], [ -121.799654587202994, 36.846708665009004 ], [ -121.796847686527641, 36.8467513240656 ] ] ] } },
{ "type": "Feature", "properties": { "unit_id": "c-640_r513", "col": -640, "row": 513, "frac_2022": 0.60804818987711196, "frac_2023": 0.59241940732602072, "perm_water": 0, "x_3310": -159875.0, "y_3310": -128375.0, "county_geoid": "06053", "county": "Monterey", "lon": -121.795471, "lat": 36.847897 }, "geometry": { "type": "Polygon", "coordinates": [ [ [ -121.794040782701984, 36.846793916542794 ], [ -121.794093905063946, 36.849042745531449 ], [ -121.796900891963517, 36.849000151822942 ], [ -121.796847686527641, 36.8467513240656 ], [ -121.794040782701984, 36.846793916542794 ] ] ] } },
{ "type": "Feature", "properties": { "unit_id": "c-634_r513", "col": -634, "row": 513, "frac_2022": 0.26155597864373364, "frac_2023": 0.75196191221648168, "perm_water": 0, "x_3310": -158375.0, "y_3310": -128375.0, "county_geoid": "06053", "county": "Monterey", "lon": -121.778629, "lat": 36.848151 }, "geometry": { "type": "Polygon", "coordinates": [ [ [ -121.777199293866815, 36.847048073232273 ], [ -121.777251917779409, 36.849296909568231 ], [ -121.780058923479274, 36.84925471535 ], [ -121.780006216491103, 36.847005880233809 ], [ -121.777199293866815, 36.847048073232273 ] ] ] } },
{ "type": "Feature", "properties": { "unit_id": "c-633_r513", "col": -633, "row": 513, "frac_2022": 0.52078519193707673, "frac_2023": 0.76157622360010235, "perm_water": 0, "x_3310": -158125.0, "y_3310": -128375.0, "county_geoid": "06053", "county": "Monterey", "lon": -121.775822, "lat": 36.848194 }, "geometry": { "type": "Polygon", "coordinates": [ [ [ -121.774392368126627, 36.847090199650545 ], [ -121.77444490896336, 36.849339037204317 ], [ -121.777251917779409, 36.849296909568231 ], [ -121.777199293866815, 36.847048073232273 ], [ -121.774392368126627, 36.847090199650545 ] ] ] } },
{ "type": "Feature", "properties": { "unit_id": "c-632_r513", "col": -632, "row": 513, "frac_2022": 0.61605744740250845, "frac_2023": 0.81353421843290941, "perm_water": 0, "x_3310": -157875.0, "y_3310": -128375.0, "county_geoid": "06053", "county": "Monterey", "lon": -121.773015, "lat": 36.848236 }, "geometry": { "type": "Polygon", "coordinates": [ [ [ -121.771585439275455, 36.847132259488546 ], [ -121.771637897036058, 36.849381098258235 ], [ -121.77444490896336, 36.849339037204317 ], [ -121.774392368126627, 36.847090199650545 ], [ -121.771585439275455, 36.847132259488546 ] ] ] } },
{ "type": "Feature", "properties": { "unit_id": "c-630_r513", "col": -630, "row": 513, "frac_2022": 0.31285852917126022, "frac_2023": 0.40135797658326877, "perm_water": 0, "x_3310": -157375.0, "y_3310": -128375.0, "county_geoid": "06053", "county": "Monterey", "lon": -121.767401, "lat": 36.84832 }, "geometry": { "type": "Polygon", "coordinates": [ [ [ -121.765971572259829, 36.847216179423306 ], [ -121.766023863867304, 36.849465020619057 ], [ -121.768830882002405, 36.849423092729857 ], [ -121.768778507318231, 36.847174252746193 ], [ -121.765971572259829, 36.847216179423306 ] ] ] } },
{ "type": "Feature", "properties": { "unit_id": "c-641_r514", "col": -641, "row": 514, "frac_2022": 0.3948313071181096, "frac_2023": 0.48588541208283814, "perm_water": 0, "x_3310": -160125.0, "y_3310": -128625.0, "county_geoid": "06053", "county": "Monterey", "lon": -121.798225, "lat": 36.845606 }, "geometry": { "type": "Polygon", "coordinates": [ [ [ -121.796794484242099, 36.844502494711818 ], [ -121.796847686527641, 36.8467513240656 ], [ -121.799654587202994, 36.846708665009004 ], [ -121.799601301848739, 36.844459836888291 ], [ -121.796794484242099, 36.844502494711818 ] ] ] } },
{ "type": "Feature", "properties": { "unit_id": "c-637_r514", "col": -637, "row": 514, "frac_2022": 0.45656785109309794, "frac_2023": 0.60920694131990372, "perm_water": 0, "x_3310": -159125.0, "y_3310": -128625.0, "county_geoid": "06053", "county": "Monterey", "lon": -121.786997, "lat": 36.845776 }, "geometry": { "type": "Polygon", "coordinates": [ [ [ -121.785567182364446, 36.84467246022998 ], [ -121.785620052372323, 36.846921294496823 ], [ -121.788426965619422, 36.846878901758487 ], [ -121.788374012541709, 36.844630068717045 ], [ -121.785567182364446, 36.84467246022998 ] ] ] } },
{ "type": "Feature", "properties": { "unit_id": "c-636_r514", "col": -636, "row": 514, "frac_2022": 0.4104107053651343, "frac_2023": 0.66797189342322039, "perm_water": 0, "x_3310": -158875.0, "y_3310": -128625.0, "county_geoid": "06053", "county": "Monterey", "lon": -121.78419, "lat": 36.845818 }, "geometry": { "type": "Polygon", "coordinates": [ [ [ -121.782760349056829, 36.84471478516496 ], [ -121.782813135994573, 36.846963620655259 ], [ -121.785620052372323, 36.846921294496823 ], [ -121.785567182364446, 36.84467246022998 ], [ -121.782760349056829, 36.84471478516496 ] ] ] } },
{ "type": "Feature", "properties": { "unit_id": "c-633_r514", "col": -633, "row": 514, "frac_2022": 0.36108495990685935, "frac_2023": 0.53770603393125727, "perm_water": 0, "x_3310": -158125.0, "y_3310": -128625.0, "county_geoid": "06053", "county": "Monterey", "lon": -121.77577, "lat": 36.845945 }, "geometry": { "type": "Polygon", "coordinates": [ [ [ -121.774339830400905, 36.844841360501405 ], [ -121.774392368126627, 36.847090199650545 ], [ -121.777199293866815, 36.847048073232273 ], [ -121.777146673070149, 36.844799235300833 ], [ -121.774339830400905, 36.844841360501405 ] ] ] } },
{ "type": "Feature", "properties": { "unit_id": "c-632_r514", "col": -632, "row": 514, "frac_2022": 0.34255009188067459, "frac_2023": 0.599893432752577, "perm_water": 0, "x_3310": -157875.0, "y_3310": -128625.0, "county_geoid": "06053", "county": "Monterey", "lon": -121.772963, "lat": 36.845987 }, "geometry": { "type": "Polygon", "coordinates": [ [ [ -121.771532984620933, 36.844883419123654 ], [ -121.771585439275455, 36.847132259488546 ], [ -121.774392368126627, 36.847090199650545 ], [ -121.774339830400905, 36.844841360501405 ], [ -121.771532984620933, 36.844883419123654 ] ] ] } },
{ "type": "Feature", "properties": { "unit_id": "c-631_r514", "col": -631, "row": 514, "frac_2022": 0.42400443134521959, "frac_2023": 0.54302760404558581, "perm_water": 0, "x_3310": -157625.0, "y_3310": -128625.0, "county_geoid": "06053", "county": "Monterey", "lon": -121.770156, "lat": 36.846029 }, "geometry": { "type": "Polygon", "coordinates": [ [ [ -121.768726135735221, 36.844925411167488 ], [ -121.768778507318231, 36.847174252746193 ], [ -121.771585439275455, 36.847132259488546 ], [ -121.771532984620933, 36.844883419123654 ], [ -121.768726135735221, 36.844925411167488 ] ] ] } },
{ "type": "Feature", "properties": { "unit_id": "c-630_r514", "col": -630, "row": 514, "frac_2022": 0.64117765757564882, "frac_2023": 0.78262003022939708, "perm_water": 0, "x_3310": -157375.0, "y_3310": -128625.0, "county_geoid": "06053", "county": "Monterey", "lon": -121.767349, "lat": 36.846071 }, "geometry": { "type": "Polygon", "coordinates": [ [ [ -121.765919283748588, 36.844967336632649 ], [ -121.765971572259829, 36.847216179423306 ], [ -121.768778507318231, 36.847174252746193 ], [ -121.768726135735221, 36.844925411167488 ], [ -121.765919283748588, 36.844967336632649 ] ] ] } },
{ "type": "Feature", "properties": { "unit_id": "c-638_r515", "col": -638, "row": 515, "frac_2022": 0.23105984907000618, "frac_2023": 0.43044982944792415, "perm_water": 0, "x_3310": -159375.0, "y_3310": -128875.0, "county_geoid": "06053", "county": "Monterey", "lon": -121.789751, "lat": 36.843484 }, "geometry": { "type": "Polygon", "coordinates": [ [ [ -121.78832106259928, 36.842381234076157 ], [ -121.788374012541709, 36.844630068717045 ], [ -121.791180839583674, 36.844587610626284 ], [ -121.791127806576611, 36.842338777212582 ], [ -121.78832106259928, 36.842381234076157 ] ] ] } },
{ "type": "Feature", "properties": { "unit_id": "c-637_r515", "col": -637, "row": 515, "frac_2022": 0.62603529771215116, "frac_2023": 0.66837100834739926, "perm_water": 0, "x_3310": -159125.0, "y_3310": -128875.0, "county_geoid": "06053", "county": "Monterey", "lon": -121.786944, "lat": 36.843527 }, "geometry": { "type": "Polygon", "coordinates": [ [ [ -121.785514315486964, 36.842423624363882 ], [ -121.785567182364446, 36.84467246022998 ], [ -121.788374012541709, 36.844630068717045 ], [ -121.78832106259928, 36.842381234076157 ], [ -121.785514315486964, 36.842423624363882 ] ] ] } },
{ "type": "Feature", "properties": { "unit_id": "c-636_r515", "col": -636, "row": 515, "frac_2022": 0.51748081417667025, "frac_2023": 0.56066126559120699, "perm_water": 0, "x_3310": -158875.0, "y_3310": -128875.0, "county_geoid": "06053", "county": "Monterey", "lon": -121.784137, "lat": 36.843569 }, "geometry": { "type": "Polygon", "coordinates": [ [ [ -121.782707565244536, 36.842465948075535 ], [ -121.782760349056829, 36.84471478516496 ], [ -121.785567182364446, 36.84467246022998 ], [ -121.785514315486964, 36.842423624363882 ], [ -121.782707565244536, 36.842465948075535 ] ] ] } },
{ "type": "Feature", "properties": { "unit_id": "c-631_r515", "col": -631, "row": 515, "frac_2022": 0.46418708317320467, "frac_2023": 0.52697117636358792, "perm_water": 0, "x_3310": -157625.0, "y_3310": -128875.0, "county_geoid": "06053", "county": "Monterey", "lon": -121.770103, "lat": 36.84378 }, "geometry": { "type": "Polygon", "coordinates": [ [ [ -121.768673767253077, 36.842676567990281 ], [ -121.768726135735221, 36.844925411167488 ], [ -121.771532984620933, 36.844883419123654 ], [ -121.771480533072221, 36.842634577160155 ], [ -121.768673767253077, 36.842676567990281 ] ] ] } },
{ "type": "Feature", "properties": { "unit_id": "c-630_r515", "col": -630, "row": 515, "frac_2022": 0.29131529638939663, "frac_2023": 0.44480780504174167, "perm_water": 0, "x_3310": -157375.0, "y_3310": -128875.0, "county_geoid": "06053", "county": "Monterey", "lon": -121.767297, "lat": 36.843822 }, "geometry": { "type": "Polygon", "coordinates": [ [ [ -121.765866998333308, 36.842718492243719 ], [ -121.765919283748588, 36.844967336632649 ], [ -121.768726135735221, 36.844925411167488 ], [ -121.768673767253077, 36.842676567990281 ], [ -121.765866998333308, 36.842718492243719 ] ] ] } },
{ "type": "Feature", "properties": { "unit_id": "c-629_r515", "col": -629, "row": 515, "frac_2022": 0.46312825046842371, "frac_2023": 0.58067357467632297, "perm_water": 0, "x_3310": -157125.0, "y_3310": -128875.0, "county_geoid": "06053", "county": "Monterey", "lon": -121.76449, "lat": 36.843864 }, "geometry": { "type": "Polygon", "coordinates": [ [ [ -121.763060226317862, 36.84276034992039 ], [ -121.763112428666005, 36.845009195519239 ], [ -121.765919283748588, 36.844967336632649 ], [ -121.765866998333308, 36.842718492243719 ], [ -121.763060226317862, 36.84276034992039 ] ] ] } },
{ "type": "Feature", "properties": { "unit_id": "c-635_r516", "col": -635, "row": 516, "frac_2022": 0.31282683201304418, "frac_2023": 0.69189684497514381, "perm_water": 0, "x_3310": -158625.0, "y_3310": -129125.0, "county_geoid": "06053", "county": "Monterey", "lon": -121.781278, "lat": 36.841363 }, "geometry": { "type": "Polygon", "coordinates": [ [ [ -121.77984811425037, 36.840259365297953 ], [ -121.779900811876928, 36.842508205211175 ], [ -121.782707565244536, 36.842465948075535 ], [ -121.782654784557394, 36.84021710938363 ], [ -121.77984811425037, 36.840259365297953 ] ] ] } },
{ "type": "Feature", "properties": { "unit_id": "c-631_r516", "col": -631, "row": 516, "frac_2022": 0.39991362216788262, "frac_2023": 0.50963488784321465, "perm_water": 0, "x_3310": -157625.0, "y_3310": -129125.0, "county_geoid": "06053", "county": "Monterey", "lon": -121.770051, "lat": 36.841531 }, "geometry": { "type": "Polygon", "coordinates": [ [ [ -121.768621401871528, 36.840427723211256 ], [ -121.768673767253077, 36.842676567990281 ], [ -121.771480533072221, 36.842634577160155 ], [ -121.771428084629022, 36.840385733594744 ], [ -121.768621401871528, 36.840427723211256 ] ] ] } },
{ "type": "Feature", "properties": { "unit_id": "c-630_r516", "col": -630, "row": 516, "frac_2022": 0.49434632747403284, "frac_2023": 0.59261209077438537, "perm_water": 0, "x_3310": -157375.0, "y_3310": -129125.0, "county_geoid": "06053", "county": "Monterey", "lon": -121.767244, "lat": 36.841573 }, "geometry": { "type": "Polygon", "coordinates": [ [ [ -121.765814716013722, 36.840469646253027 ], [ -121.765866998333308, 36.842718492243719 ], [ -121.768673767253077, 36.842676567990281 ], [ -121.768621401871528, 36.840427723211256 ], [ -121.765814716013722, 36.840469646253027 ] ] ] } },
{ "type": "Feature", "properties": { "unit_id": "c-629_r516", "col": -629, "row": 516, "frac_2022": 0.20076101744945207, "frac_2023": 0.64665556588747541, "perm_water": 0, "x_3310": -157125.0, "y_3310": -129125.0, "county_geoid": "06053", "county": "Monterey", "lon": -121.764437, "lat": 36.841615 }, "geometry": { "type": "Polygon", "coordinates": [ [ [ -121.763008027060479, 36.840511502719941 ], [ -121.763060226317862, 36.84276034992039 ], [ -121.765866998333308, 36.842718492243719 ], [ -121.765814716013722, 36.840469646253027 ], [ -121.763008027060479, 36.840511502719941 ] ] ] } },
{ "type": "Feature", "properties": { "unit_id": "c-630_r517", "col": -630, "row": 517, "frac_2022": 0.37235443135806778, "frac_2023": 0.8308941671333776, "perm_water": 0, "x_3310": -157375.0, "y_3310": -129375.0, "county_geoid": "06053", "county": "Monterey", "lon": -121.767192, "lat": 36.839324 }, "geometry": { "type": "Polygon", "coordinates": [ [ [ -121.765762436789544, 36.838220798657325 ], [ -121.765814716013722, 36.840469646253027 ], [ -121.768621401871528, 36.840427723211256 ], [ -121.768569039590318, 36.838178876827094 ], [ -121.765762436789544, 36.838220798657325 ] ] ] } },
{ "type": "Feature", "properties": { "unit_id": "c-629_r517", "col": -629, "row": 517, "frac_2022": 0.49091725813233617, "frac_2023": 0.74711039735542384, "perm_water": 0, "x_3310": -157125.0, "y_3310": -129375.0, "county_geoid": "06053", "county": "Monterey", "lon": -121.764385, "lat": 36.839366 }, "geometry": { "type": "Polygon", "coordinates": [ [ [ -121.762955830893617, 36.838262653914683 ], [ -121.763008027060479, 36.840511502719941 ], [ -121.765814716013722, 36.840469646253027 ], [ -121.765762436789544, 36.838220798657325 ], [ -121.762955830893617, 36.838262653914683 ] ] ] } },
{ "type": "Feature", "properties": { "unit_id": "c-633_r518", "col": -633, "row": 518, "frac_2022": 0.38463216706186948, "frac_2023": 0.47017687975568428, "perm_water": 0, "x_3310": -158125.0, "y_3310": -129625.0, "county_geoid": "06053", "county": "Monterey", "lon": -121.775559, "lat": 36.836949 }, "geometry": { "type": "Polygon", "coordinates": [ [ [ -121.774129710602253, 36.835845987884099 ], [ -121.774182235886812, 36.838094833448245 ], [ -121.776988829372698, 36.838052711899905 ], [ -121.776936221036848, 36.83580386755289 ], [ -121.774129710602253, 36.835845987884099 ] ] ] } },
{ "type": "Feature", "properties": { "unit_id": "c-629_r518", "col": -629, "row": 518, "frac_2022": 0.36108736093635463, "frac_2023": 0.48303239248301771, "perm_water": 0, "x_3310": -157125.0, "y_3310": -129625.0, "county_geoid": "06053", "county": "Monterey", "lon": -121.764333, "lat": 36.837117 }, "geometry": { "type": "Polygon", "coordinates": [ [ [ -121.762903637816976, 36.836013803501103 ], [ -121.762955830893617, 36.838262653914683 ], [ -121.765762436789544, 36.838220798657325 ], [ -121.76571016066049, 36.835971949453246 ], [ -121.762903637816976, 36.836013803501103 ] ] ] } },
{ "type": "Feature", "properties": { "unit_id": "c-629_r519", "col": -629, "row": 519, "frac_2022": 0.40449302473896237, "frac_2023": 0.40449302473896237, "perm_water": 0, "x_3310": -157125.0, "y_3310": -129875.0, "county_geoid": "06053", "county": "Monterey", "lon": -121.764281, "lat": 36.834868 }, "geometry": { "type": "Polygon", "coordinates": [ [ [ -121.762851447830272, 36.833764951475892 ], [ -121.762903637816976, 36.836013803501103 ], [ -121.76571016066049, 36.835971949453246 ], [ -121.765657887626304, 36.833723098637385 ], [ -121.762851447830272, 36.833764951475892 ] ] ] } },
{ "type": "Feature", "properties": { "unit_id": "c-634_r521", "col": -634, "row": 521, "frac_2022": 0.38808379645920565, "frac_2023": 0.43471701085028497, "perm_water": 0, "x_3310": -158375.0, "y_3310": -130375.0, "county_geoid": "06053", "county": "Monterey", "lon": -121.778208, "lat": 36.830161 }, "geometry": { "type": "Polygon", "coordinates": [ [ [ -121.776778414715295, 36.82905732482444 ], [ -121.776831013708417, 36.831306174018486 ], [ -121.779637354941201, 36.831263989554472 ], [ -121.779584672911795, 36.829015141579092 ], [ -121.776778414715295, 36.82905732482444 ] ] ] } },
{ "type": "Feature", "properties": { "unit_id": "c-639_r523", "col": -639, "row": 523, "frac_2022": 0.34694302044317915, "frac_2023": 0.44079160658194899, "perm_water": 0, "x_3310": -159625.0, "y_3310": -130875.0, "county_geoid": "06053", "county": "Monterey", "lon": -121.792133, "lat": 36.825451 }, "geometry": { "type": "Polygon", "coordinates": [ [ [ -121.790703655533733, 36.824348051916168 ], [ -121.790756663429249, 36.82659689824721 ], [ -121.793562822953689, 36.826554383407647 ], [ -121.793509732033101, 36.8243055383046 ], [ -121.790703655533733, 36.824348051916168 ] ] ] } },
{ "type": "Feature", "properties": { "unit_id": "c-638_r523", "col": -638, "row": 523, "frac_2022": 0.45470895169161724, "frac_2023": 0.46975699820194361, "perm_water": 0, "x_3310": -159375.0, "y_3310": -130875.0, "county_geoid": "06053", "county": "Monterey", "lon": -121.789327, "lat": 36.825494 }, "geometry": { "type": "Polygon", "coordinates": [ [ [ -121.787897575896693, 36.824390498967375 ], [ -121.787950500766854, 36.826639346524487 ], [ -121.790756663429249, 36.82659689824721 ], [ -121.790703655533733, 36.824348051916168 ], [ -121.787897575896693, 36.824390498967375 ] ] ] } },
{ "type": "Feature", "properties": { "unit_id": "c-637_r523", "col": -637, "row": 523, "frac_2022": 0.43028821636899067, "frac_2023": 0.47967296022560652, "perm_water": 0, "x_3310": -159125.0, "y_3310": -130875.0, "county_geoid": "06053", "county": "Monterey", "lon": -121.786521, "lat": 36.825536 }, "geometry": { "type": "Polygon", "coordinates": [ [ [ -121.785091493126842, 36.824432879458044 ], [ -121.785144334971406, 36.826681728239315 ], [ -121.787950500766854, 36.826639346524487 ], [ -121.787897575896693, 36.824390498967375 ], [ -121.785091493126842, 36.824432879458044 ] ] ] } },
{ "type": "Feature", "properties": { "unit_id": "c-636_r523", "col": -636, "row": 523, "frac_2022": 0.20382094783521951, "frac_2023": 0.48346716664977191, "perm_water": 0, "x_3310": -158875.0, "y_3310": -130875.0, "county_geoid": "06053", "county": "Monterey", "lon": -121.783715, "lat": 36.825578 }, "geometry": { "type": "Polygon", "coordinates": [ [ [ -121.782285407229153, 36.824475193388075 ], [ -121.782338166047822, 36.826724043391586 ], [ -121.785144334971406, 36.826681728239315 ], [ -121.785091493126842, 36.824432879458044 ], [ -121.782285407229153, 36.824475193388075 ] ] ] } },
{ "type": "Feature", "properties": { "unit_id": "c-635_r523", "col": -635, "row": 523, "frac_2022": 0.46629772037531309, "frac_2023": 0.58694904178610541, "perm_water": 0, "x_3310": -158625.0, "y_3310": -130875.0, "county_geoid": "06053", "county": "Monterey", "lon": -121.780909, "lat": 36.825621 }, "geometry": { "type": "Polygon", "coordinates": [ [ [ -121.779479318208502, 36.824517440757326 ], [ -121.779531994000976, 36.826766291981187 ], [ -121.782338166047822, 36.826724043391586 ], [ -121.782285407229153, 36.824475193388075 ], [ -121.779479318208502, 36.824517440757326 ] ] ] } },
{ "type": "Feature", "properties": { "unit_id": "c-638_r524", "col": -638, "row": 524, "frac_2022": 0.047164413752784656, "frac_2023": 0.41741653889971636, "perm_water": 0, "x_3310": -159375.0, "y_3310": -131125.0, "county_geoid": "06053", "county": "Monterey", "lon": -121.789274, "lat": 36.823245 }, "geometry": { "type": "Polygon", "coordinates": [ [ [ -121.787844654159287, 36.822141649780612 ], [ -121.787897575896693, 36.824390498967375 ], [ -121.790703655533733, 36.824348051916168 ], [ -121.790650650775916, 36.822099203955318 ], [ -121.787844654159287, 36.822141649780612 ] ] ] } },
{ "type": "Feature", "properties": { "unit_id": "c-615_r527", "col": -615, "row": 527, "frac_2022": 0.39002914247443082, "frac_2023": 0.50686490801918149, "perm_water": 0, "x_3310": -153625.0, "y_3310": -131875.0, "county_geoid": "06053", "county": "Monterey", "lon": -121.724581, "lat": 36.817457 }, "geometry": { "type": "Polygon", "coordinates": [ [ [ -121.723152858887445, 36.81635289301483 ], [ -121.723203862021236, 36.818601774768283 ], [ -121.726009763404249, 36.818560862181286 ], [ -121.725958677258461, 36.816311981609211 ], [ -121.723152858887445, 36.81635289301483 ] ] ] } },
{ "type": "Feature", "properties": { "unit_id": "c-625_r537", "col": -625, "row": 537, "frac_2022": 0.0, "frac_2023": 0.48436434336647349, "perm_water": 0, "x_3310": -156125.0, "y_3310": -134375.0, "county_geoid": "06053", "county": "Monterey", "lon": -121.752121, "lat": 36.794556 }, "geometry": { "type": "Polygon", "coordinates": [ [ [ -121.750692742215534, 36.793451994625002 ], [ -121.750744544790848, 36.795700881043253 ], [ -121.753549585841753, 36.795659314889591 ], [ -121.753497700306227, 36.793410429670629 ], [ -121.750692742215534, 36.793451994625002 ] ] ] } },
{ "type": "Feature", "properties": { "unit_id": "c-623_r537", "col": -623, "row": 537, "frac_2022": 0.037649158006080687, "frac_2023": 0.40838936913457258, "perm_water": 0, "x_3310": -155625.0, "y_3310": -134375.0, "county_geoid": "06053", "county": "Monterey", "lon": -121.746511, "lat": 36.794639 }, "geometry": { "type": "Polygon", "coordinates": [ [ [ -121.745082816843691, 36.79353492492843 ], [ -121.745134453497798, 36.795783813739398 ], [ -121.747939500674576, 36.795742380659846 ], [ -121.747887781059731, 36.793493493044288 ], [ -121.745082816843691, 36.79353492492843 ] ] ] } },
{ "type": "Feature", "properties": { "unit_id": "c-625_r538", "col": -625, "row": 538, "frac_2022": 0.014399999999944544, "frac_2023": 0.71901424176026829, "perm_water": 0, "x_3310": -156125.0, "y_3310": -134625.0, "county_geoid": "06053", "county": "Monterey", "lon": -121.752069, "lat": 36.792307 }, "geometry": { "type": "Polygon", "coordinates": [ [ [ -121.75064094270536, 36.791203106531825 ], [ -121.750692742215534, 36.793451994625002 ], [ -121.753497700306227, 36.793410429670629 ], [ -121.753445817840756, 36.791161542776557 ], [ -121.75064094270536, 36.791203106531825 ] ] ] } },
{ "type": "Feature", "properties": { "unit_id": "c-624_r538", "col": -624, "row": 538, "frac_2022": 0.0038926852541190959, "frac_2023": 0.7555553342254514, "perm_water": 0, "x_3310": -155875.0, "y_3310": -134625.0, "county_geoid": "06053", "county": "Monterey", "lon": -121.749264, "lat": 36.792348 }, "geometry": { "type": "Polygon", "coordinates": [ [ [ -121.747836064505108, 36.791244603753938 ], [ -121.747887781059731, 36.793493493044288 ], [ -121.750692742215534, 36.793451994625002 ], [ -121.75064094270536, 36.791203106531825 ], [ -121.747836064505108, 36.791244603753938 ] ] ] } },
{ "type": "Feature", "properties": { "unit_id": "c-623_r538", "col": -623, "row": 538, "frac_2022": 0.0143999999968814, "frac_2023": 0.65279545790871363, "perm_water": 0, "x_3310": -155625.0, "y_3310": -134625.0, "county_geoid": "06053", "county": "Monterey", "lon": -121.746459, "lat": 36.79239 }, "geometry": { "type": "Polygon", "coordinates": [ [ [ -121.745031183244919, 36.791286034442805 ], [ -121.745082816843691, 36.79353492492843 ], [ -121.747887781059731, 36.793493493044288 ], [ -121.747836064505108, 36.791244603753938 ], [ -121.745031183244919, 36.791286034442805 ] ] ] } },
{ "type": "Feature", "properties": { "unit_id": "c-624_r539", "col": -624, "row": 539, "frac_2022": 0.036161349377733104, "frac_2023": 0.61696140211270167, "perm_water": 0, "x_3310": -155875.0, "y_3310": -134875.0, "county_geoid": "06053", "county": "Monterey", "lon": -121.749213, "lat": 36.790099 }, "geometry": { "type": "Polygon", "coordinates": [ [ [ -121.747784351010438, 36.788995712785329 ], [ -121.747836064505108, 36.791244603753938 ], [ -121.75064094270536, 36.791203106531825 ], [ -121.750589146260012, 36.788954216760267 ], [ -121.747784351010438, 36.788995712785329 ] ] ] } },
{ "type": "Feature", "properties": { "unit_id": "c-623_r539", "col": -623, "row": 539, "frac_2022": 0.0031459653657145053, "frac_2023": 0.54462704241778581, "perm_water": 0, "x_3310": -155625.0, "y_3310": -134875.0, "county_geoid": "06053", "county": "Monterey", "lon": -121.746408, "lat": 36.790141 }, "geometry": { "type": "Polygon", "coordinates": [ [ [ -121.744979552701196, 36.789037142279042 ], [ -121.745031183244919, 36.791286034442805 ], [ -121.747836064505108, 36.791244603753938 ], [ -121.747784351010438, 36.788995712785329 ], [ -121.744979552701196, 36.789037142279042 ] ] ] } },
{ "type": "Feature", "properties": { "unit_id": "c-617_r539", "col": -617, "row": 539, "frac_2022": 0.33740684875139065, "frac_2023": 0.53206837306601473, "perm_water": 0, "x_3310": -154125.0, "y_3310": -134875.0, "county_geoid": "06053", "county": "Monterey", "lon": -121.729579, "lat": 36.790388 }, "geometry": { "type": "Polygon", "coordinates": [ [ [ -121.728150698867196, 36.789284322077343 ], [ -121.72820183169965, 36.791533221371701 ], [ -121.731006731216482, 36.791492189884551 ], [ -121.730955515431503, 36.78924329177385 ], [ -121.728150698867196, 36.789284322077343 ] ] ] } },
{ "type": "Feature", "properties": { "unit_id": "c-624_r540", "col": -624, "row": 540, "frac_2022": 0.014399999999162695, "frac_2023": 0.48682877598955776, "perm_water": 0, "x_3310": -155875.0, "y_3310": -135125.0, "county_geoid": "06053", "county": "Monterey", "lon": -121.749161, "lat": 36.787851 }, "geometry": { "type": "Polygon", "coordinates": [ [ [ -121.747732640575435, 36.786746820135171 ], [ -121.747784351010438, 36.788995712785329 ], [ -121.750589146260012, 36.788954216760267 ], [ -121.750537352879249, 36.786705325307075 ], [ -121.747732640575435, 36.786746820135171 ] ] ] } },
{ "type": "Feature", "properties": { "unit_id": "c-618_r540", "col": -618, "row": 540, "frac_2022": 0.33276120419044142, "frac_2023": 0.70865788997060208, "perm_water": 0, "x_3310": -154375.0, "y_3310": -135125.0, "county_geoid": "06053", "county": "Monterey", "lon": -121.732332, "lat": 36.788098 }, "geometry": { "type": "Polygon", "coordinates": [ [ [ -121.730904302676748, 36.786994391982368 ], [ -121.730955515431503, 36.78924329177385 ], [ -121.733760328965559, 36.789202194938383 ], [ -121.733709033263409, 36.786953296332335 ], [ -121.730904302676748, 36.786994391982368 ] ] ] } },
{ "type": "Feature", "properties": { "unit_id": "c-621_r541", "col": -621, "row": 541, "frac_2022": 0.006445563007924095, "frac_2023": 0.55961137284667661, "perm_water": 0, "x_3310": -155125.0, "y_3310": -135375.0, "county_geoid": "06053", "county": "Monterey", "lon": -121.740695, "lat": 36.785726 }, "geometry": { "type": "Polygon", "coordinates": [ [ [ -121.739267026775778, 36.784622007528576 ], [ -121.739318485327189, 36.786870905442598 ], [ -121.742123206794503, 36.786829610203007 ], [ -121.742071665301438, 36.784580713480103 ], [ -121.739267026775778, 36.784622007528576 ] ] ] } },
{ "type": "Feature", "properties": { "unit_id": "c-620_r542", "col": -620, "row": 542, "frac_2022": 0.015883717045636108, "frac_2023": 0.40374764487142856, "perm_water": 0, "x_3310": -154875.0, "y_3310": -135625.0, "county_geoid": "06053", "county": "Monterey", "lon": -121.737839, "lat": 36.783518 }, "geometry": { "type": "Polygon", "coordinates": [ [ [ -121.73641101263577, 36.782414334258377 ], [ -121.736462385205726, 36.784663235049273 ], [ -121.739267026775778, 36.784622007528576 ], [ -121.739215571268801, 36.782373107926688 ], [ -121.73641101263577, 36.782414334258377 ] ] ] } },
{ "type": "Feature", "properties": { "unit_id": "c-630_r543", "col": -630, "row": 543, "frac_2022": 0.0, "frac_2023": 0.48252663748492219, "perm_water": 0, "x_3310": -157375.0, "y_3310": -135875.0, "county_geoid": "06053", "county": "Monterey", "lon": -121.765833, "lat": 36.780854 }, "geometry": { "type": "Polygon", "coordinates": [ [ [ -121.764404262551125, 36.77975018678174 ], [ -121.764456461390949, 36.781999077288802 ], [ -121.76726098936183, 36.781957185702886 ], [ -121.767208707592616, 36.779708296403925 ], [ -121.764404262551125, 36.77975018678174 ] ] ] } },
{ "type": "Feature", "properties": { "unit_id": "c-620_r543", "col": -620, "row": 543, "frac_2022": 0.028800000000823715, "frac_2023": 0.47642199858837914, "perm_water": 0, "x_3310": -154875.0, "y_3310": -135875.0, "county_geoid": "06053", "county": "Monterey", "lon": -121.737788, "lat": 36.781269 }, "geometry": { "type": "Polygon", "coordinates": [ [ [ -121.736359643105061, 36.780165431776432 ], [ -121.73641101263577, 36.782414334258377 ], [ -121.739215571268801, 36.782373107926688 ], [ -121.739164118805974, 36.78012420663363 ], [ -121.736359643105061, 36.780165431776432 ] ] ] } },
{ "type": "Feature", "properties": { "unit_id": "c-612_r546", "col": -612, "row": 546, "frac_2022": 0.41901700687369348, "frac_2023": 0.50610896845866016, "perm_water": 0, "x_3310": -152875.0, "y_3310": -136625.0, "county_geoid": "06053", "county": "Monterey", "lon": -121.715199, "lat": 36.77485 }, "geometry": { "type": "Polygon", "coordinates": [ [ [ -121.713771628312145, 36.773746092096857 ], [ -121.713822325377677, 36.775995009111142 ], [ -121.716626659399239, 36.775954318510713 ], [ -121.716575879414137, 36.773705402669599 ], [ -121.713771628312145, 36.773746092096857 ] ] ] } },
{ "type": "Feature", "properties": { "unit_id": "c-568_r546", "col": -568, "row": 546, "frac_2022": 0.0, "frac_2023": 0.54296411743568751, "perm_water": 0, "x_3310": -141875.0, "y_3310": -136625.0, "county_geoid": "06053", "county": "Monterey", "lon": -121.591807, "lat": 36.776576 }, "geometry": { "type": "Polygon", "coordinates": [ [ [ -121.590381680422453, 36.775470571456978 ], [ -121.59042872876968, 36.77771953819331 ], [ -121.593233190118909, 36.777681774617321 ], [ -121.593186058840814, 36.775432808969768 ], [ -121.590381680422453, 36.775470571456978 ] ] ] } },
{ "type": "Feature", "properties": { "unit_id": "c-611_r547", "col": -611, "row": 547, "frac_2022": 0.33232186118159857, "frac_2023": 0.43638548191992477, "perm_water": 0, "x_3310": -152625.0, "y_3310": -136875.0, "county_geoid": "06053", "county": "Monterey", "lon": -121.712344, "lat": 36.772642 }, "geometry": { "type": "Polygon", "coordinates": [ [ [ -121.710916763059544, 36.771537795116068 ], [ -121.71096737421118, 36.773786715004974 ], [ -121.713771628312145, 36.773746092096857 ], [ -121.713720934245558, 36.771497173379089 ], [ -121.710916763059544, 36.771537795116068 ] ] ] } },
{ "type": "Feature", "properties": { "unit_id": "c-598_r547", "col": -598, "row": 547, "frac_2022": 0.0, "frac_2023": 0.44311927978166005, "perm_water": 0, "x_3310": -149375.0, "y_3310": -136875.0, "county_geoid": "06053", "county": "Monterey", "lon": -121.675889, "lat": 36.773164 }, "geometry": { "type": "Polygon", "coordinates": [ [ [ -121.674462266990901, 36.772059824578541 ], [ -121.674511800224394, 36.77430875951751 ], [ -121.677316092865667, 36.774269001368161 ], [ -121.677266476713811, 36.772020067575404 ], [ -121.674462266990901, 36.772059824578541 ] ] ] } },
{ "type": "Feature", "properties": { "unit_id": "c-580_r548", "col": -580, "row": 548, "frac_2022": 0.01440000000090319, "frac_2023": 0.56804739759873901, "perm_water": 0, "x_3310": -144875.0, "y_3310": -137125.0, "county_geoid": "06053", "county": "Monterey", "lon": -121.625364, "lat": 36.77162 }, "geometry": { "type": "Polygon", "coordinates": [ [ [ -121.623937957870211, 36.77051511889227 ], [ -121.623985995687505, 36.77276407583814 ], [ -121.626790257401552, 36.77272551618718 ], [ -121.626742136666209, 36.770476560352868 ], [ -121.623937957870211, 36.77051511889227 ] ] ] } },
{ "type": "Feature", "properties": { "unit_id": "c-576_r548", "col": -576, "row": 548, "frac_2022": 0.0, "frac_2023": 0.44675923033525222, "perm_water": 0, "x_3310": -143875.0, "y_3310": -137125.0, "county_geoid": "06053", "county": "Monterey", "lon": -121.614147, "lat": 36.771774 }, "geometry": { "type": "Polygon", "coordinates": [ [ [ -121.612721214319507, 36.770668687863001 ], [ -121.612768920462017, 36.772917649236156 ], [ -121.615573193513967, 36.772879355667726 ], [ -121.615525404452399, 36.770630395398591 ], [ -121.612721214319507, 36.770668687863001 ] ] ] } },
{ "type": "Feature", "properties": { "unit_id": "c-575_r548", "col": -575, "row": 548, "frac_2022": 0.0, "frac_2023": 0.44733699273770255, "perm_water": 0, "x_3310": -143625.0, "y_3310": -137125.0, "county_geoid": "06053", "county": "Monterey", "lon": -121.611343, "lat": 36.771812 }, "geometry": { "type": "Polygon", "coordinates": [ [ [ -121.609917021364666, 36.770706913808489 ], [ -121.609964644587862, 36.77295587628366 ], [ -121.612768920462017, 36.772917649236156 ], [ -121.612721214319507, 36.770668687863001 ], [ -121.609917021364666, 36.770706913808489 ] ] ] } },
{ "type": "Feature", "properties": { "unit_id": "c-618_r549", "col": -618, "row": 549, "frac_2022": 0.25927139056829568, "frac_2023": 0.52468513696181962, "perm_water": 0, "x_3310": -154375.0, "y_3310": -137375.0, "county_geoid": "06053", "county": "Monterey", "lon": -121.731871, "lat": 36.767858 }, "geometry": { "type": "Polygon", "coordinates": [ [ [ -121.730443524200609, 36.766754217670027 ], [ -121.730494709695265, 36.769003132739599 ], [ -121.73329877687938, 36.768962046568362 ], [ -121.733247508481483, 36.766713132683059 ], [ -121.730443524200609, 36.766754217670027 ] ] ] } },
{ "type": "Feature", "properties": { "unit_id": "c-611_r549", "col": -611, "row": 549, "frac_2022": 0.49915297332328545, "frac_2023": 0.51965700561503314, "perm_water": 0, "x_3310": -152625.0, "y_3310": -137375.0, "county_geoid": "06053", "county": "Monterey", "lon": -121.712243, "lat": 36.768144 }, "geometry": { "type": "Polygon", "coordinates": [ [ [ -121.710815549737376, 36.76703995021478 ], [ -121.710866154901694, 36.769288873520431 ], [ -121.713670243177702, 36.769248252954441 ], [ -121.713619555108238, 36.766999330819594 ], [ -121.710815549737376, 36.76703995021478 ] ] ] } },
{ "type": "Feature", "properties": { "unit_id": "c-605_r549", "col": -605, "row": 549, "frac_2022": 0.55941316461353463, "frac_2023": 0.55941316461353463, "perm_water": 0, "x_3310": -151125.0, "y_3310": -137375.0, "county_geoid": "06053", "county": "Monterey", "lon": -121.695419, "lat": 36.768387 }, "geometry": { "type": "Polygon", "coordinates": [ [ [ -121.693991454825365, 36.767282269797818 ], [ -121.694041562553366, 36.769531200088345 ], [ -121.696845668716946, 36.769490978616624 ], [ -121.696795478082265, 36.767242049485446 ], [ -121.693991454825365, 36.767282269797818 ] ] ] } },
{ "type": "Feature", "properties": { "unit_id": "c-576_r549", "col": -576, "row": 549, "frac_2022": 0.0, "frac_2023": 0.54854910182621452, "perm_water": 0, "x_3310": -143875.0, "y_3310": -137375.0, "county_geoid": "06053", "county": "Monterey", "lon": -121.614099, "lat": 36.769525 }, "geometry": { "type": "Polygon", "coordinates": [ [ [ -121.61267351099896, 36.768419724784238 ], [ -121.612721214319507, 36.770668687863001 ], [ -121.615525404452399, 36.770630395398591 ], [ -121.615477618217668, 36.768381433423635 ], [ -121.61267351099896, 36.768419724784238 ] ] ] } },
{ "type": "Feature", "properties": { "unit_id": "c-574_r549", "col": -574, "row": 549, "frac_2022": 0.0, "frac_2023": 0.51428219720151125, "perm_water": 0, "x_3310": -143375.0, "y_3310": -137375.0, "county_geoid": "06053", "county": "Monterey", "lon": -121.608491, "lat": 36.769602 }, "geometry": { "type": "Polygon", "coordinates": [ [ [ -121.607065288101296, 36.768496107954192 ], [ -121.607112825592765, 36.770745073234892 ], [ -121.609917021364666, 36.770706913808489 ], [ -121.609869400958544, 36.768457949627809 ], [ -121.607065288101296, 36.768496107954192 ] ] ] } },
{ "type": "Feature", "properties": { "unit_id": "c-621_r550", "col": -621, "row": 550, "frac_2022": 0.012353185666655317, "frac_2023": 0.50805293476462032, "perm_water": 0, "x_3310": -155125.0, "y_3310": -137625.0, "county_geoid": "06053", "county": "Monterey", "lon": -121.740232, "lat": 36.765486 }, "geometry": { "type": "Polygon", "coordinates": [ [ [ -121.738804036779598, 36.764381849945153 ], [ -121.738855467940951, 36.76663076317088 ], [ -121.741659443109711, 36.766589478646118 ], [ -121.741607929050815, 36.764340566610166 ], [ -121.738804036779598, 36.764381849945153 ] ] ] } },
{ "type": "Feature", "properties": { "unit_id": "c-620_r550", "col": -620, "row": 550, "frac_2022": 0.0099703188939881983, "frac_2023": 0.4723883123149662, "perm_water": 0, "x_3310": -154875.0, "y_3310": -137625.0, "county_geoid": "06053", "county": "Monterey", "lon": -121.737428, "lat": 36.765527 }, "geometry": { "type": "Polygon", "coordinates": [ [ [ -121.736000141466363, 36.764423066769538 ], [ -121.736051489729888, 36.766671981183265 ], [ -121.738855467940951, 36.76663076317088 ], [ -121.738804036779598, 36.764381849945153 ], [ -121.736000141466363, 36.764423066769538 ] ] ] } },
{ "type": "Feature", "properties": { "unit_id": "c-618_r550", "col": -618, "row": 550, "frac_2022": 0.18050237519746376, "frac_2023": 0.80371521205528085, "perm_water": 0, "x_3310": -154375.0, "y_3310": -137625.0, "county_geoid": "06053", "county": "Monterey", "lon": -121.73182, "lat": 36.765609 }, "geometry": { "type": "Polygon", "coordinates": [ [ [ -121.730392341733534, 36.764505300886199 ], [ -121.730443524200609, 36.766754217670027 ], [ -121.733247508481483, 36.766713132683059 ], [ -121.733196243116026, 36.764464217083237 ], [ -121.730392341733534, 36.764505300886199 ] ] ] } },
{ "type": "Feature", "properties": { "unit_id": "c-617_r550", "col": -617, "row": 550, "frac_2022": 0.17436700204246272, "frac_2023": 0.47072501565766461, "perm_water": 0, "x_3310": -154125.0, "y_3310": -137625.0, "county_geoid": "06053", "county": "Monterey", "lon": -121.729016, "lat": 36.76565 }, "geometry": { "type": "Polygon", "coordinates": [ [ [ -121.727588437323746, 36.764546318178176 ], [ -121.727639536892198, 36.766795236144304 ], [ -121.730443524200609, 36.766754217670027 ], [ -121.730392341733534, 36.764505300886199 ], [ -121.727588437323746, 36.764546318178176 ] ] ] } },
{ "type": "Feature", "properties": { "unit_id": "c-606_r550", "col": -606, "row": 550, "frac_2022": 0.26400613840618564, "frac_2023": 0.49990684014707065, "perm_water": 0, "x_3310": -151375.0, "y_3310": -137625.0, "county_geoid": "06053", "county": "Monterey", "lon": -121.698172, "lat": 36.766097 }, "geometry": { "type": "Polygon", "coordinates": [ [ [ -121.696745290416317, 36.764993118641435 ], [ -121.696795478082265, 36.767242049485446 ], [ -121.699599498370375, 36.767201762658999 ], [ -121.699549227802891, 36.764952832976178 ], [ -121.696745290416317, 36.764993118641435 ] ] ] } },
{ "type": "Feature", "properties": { "unit_id": "c-599_r550", "col": -599, "row": 550, "frac_2022": 0.0, "frac_2023": 0.45487821892850772, "perm_water": 0, "x_3310": -149625.0, "y_3310": -137625.0, "county_geoid": "06053", "county": "Monterey", "lon": -121.678544, "lat": 36.766378 }, "geometry": { "type": "Polygon", "coordinates": [ [ [ -121.677117645867028, 36.765273255952678 ], [ -121.677167253214776, 36.767522194871034 ], [ -121.679971294181229, 36.767482373645173 ], [ -121.679921603930111, 36.765233435874585 ], [ -121.677117645867028, 36.765273255952678 ] ] ] } },
{ "type": "Feature", "properties": { "unit_id": "c-632_r551", "col": -632, "row": 551, "frac_2022": 0.052403804283426891, "frac_2023": 0.4874543343020582, "perm_water": 0, "x_3310": -157875.0, "y_3310": -137875.0, "county_geoid": "06053", "county": "Monterey", "lon": -121.771022, "lat": 36.762779 }, "geometry": { "type": "Polygon", "coordinates": [ [ [ -121.769594343452283, 36.761675173450101 ], [ -121.769646683375868, 36.763924075201693 ], [ -121.772450541861843, 36.763882060257323 ], [ -121.772398119048589, 36.76163315971651 ], [ -121.769594343452283, 36.761675173450101 ] ] ] } },
{ "type": "Feature", "properties": { "unit_id": "c-621_r551", "col": -621, "row": 551, "frac_2022": 0.33956375829822544, "frac_2023": 0.48180835563216878, "perm_water": 0, "x_3310": -155125.0, "y_3310": -137875.0, "county_geoid": "06053", "county": "Monterey", "lon": -121.74018, "lat": 36.763237 }, "geometry": { "type": "Polygon", "coordinates": [ [ [ -121.738752608660221, 36.762132935001233 ], [ -121.738804036779598, 36.764381849945153 ], [ -121.741607929050815, 36.764340566610166 ], [ -121.741556418038812, 36.762091652855979 ], [ -121.738752608660221, 36.762132935001233 ] ] ] } },
{ "type": "Feature", "properties": { "unit_id": "c-620_r551", "col": -620, "row": 551, "frac_2022": 0.33237782460708332, "frac_2023": 0.55126854663447977, "perm_water": 0, "x_3310": -154875.0, "y_3310": -137875.0, "county_geoid": "06053", "county": "Monterey", "lon": -121.737376, "lat": 36.763278 }, "geometry": { "type": "Polygon", "coordinates": [ [ [ -121.735948796239896, 36.762174150637833 ], [ -121.736000141466363, 36.764423066769538 ], [ -121.738804036779598, 36.764381849945153 ], [ -121.738752608660221, 36.762132935001233 ], [ -121.735948796239896, 36.762174150637833 ] ] ] } },
{ "type": "Feature", "properties": { "unit_id": "c-615_r551", "col": -615, "row": 551, "frac_2022": 0.35392893416224769, "frac_2023": 0.60102847255129643, "perm_water": 0, "x_3310": -153625.0, "y_3310": -137875.0, "county_geoid": "06053", "county": "Monterey", "lon": -121.723357, "lat": 36.763483 }, "geometry": { "type": "Polygon", "coordinates": [ [ [ -121.721929688684057, 36.76237923118704 ], [ -121.721980619441879, 36.764628153229111 ], [ -121.724784529891551, 36.764587268959218 ], [ -121.724733516239496, 36.76233834809539 ], [ -121.721929688684057, 36.76237923118704 ] ] ] } },
{ "type": "Feature", "properties": { "unit_id": "c-579_r551", "col": -579, "row": 551, "frac_2022": 0.0, "frac_2023": 0.77670577131056118, "perm_water": 0, "x_3310": -144625.0, "y_3310": -137875.0, "county_geoid": "06053", "county": "Monterey", "lon": -121.622416, "lat": 36.764912 }, "geometry": { "type": "Polygon", "coordinates": [ [ [ -121.620989928554749, 36.763806726496817 ], [ -121.621037874944463, 36.766055689680528 ], [ -121.623841890760104, 36.766017199878732 ], [ -121.623793861466794, 36.763768237804292 ], [ -121.620989928554749, 36.763806726496817 ] ] ] } },
{ "type": "Feature", "properties": { "unit_id": "c-637_r552", "col": -637, "row": 552, "frac_2022": 0.093885480641876892, "frac_2023": 0.45856069760820012, "perm_water": 0, "x_3310": -159125.0, "y_3310": -138125.0, "county_geoid": "06053", "county": "Monterey", "lon": -121.784989, "lat": 36.760319 }, "geometry": { "type": "Polygon", "coordinates": [ [ [ -121.783560439130824, 36.759215542307246 ], [ -121.783613190379825, 36.7614644397094 ], [ -121.786416950424609, 36.761422093439961 ], [ -121.786364116292233, 36.75917319725805 ], [ -121.783560439130824, 36.759215542307246 ] ] ] } },
{ "type": "Feature", "properties": { "unit_id": "c-634_r552", "col": -634, "row": 552, "frac_2022": 0.25839201407418344, "frac_2023": 0.63082403765156991, "perm_water": 0, "x_3310": -158375.0, "y_3310": -138125.0, "county_geoid": "06053", "county": "Monterey", "lon": -121.776578, "lat": 36.760446 }, "geometry": { "type": "Polygon", "coordinates": [ [ [ -121.775149388947199, 36.759342178424248 ], [ -121.775201891544427, 36.761591079475544 ], [ -121.778005660934809, 36.761548932727273 ], [ -121.777953075453397, 36.759300032890465 ], [ -121.775149388947199, 36.759342178424248 ] ] ] } },
{ "type": "Feature", "properties": { "unit_id": "c-633_r552", "col": -633, "row": 552, "frac_2022": 0.15542294174053217, "frac_2023": 0.78183918008072129, "perm_water": 0, "x_3310": -158125.0, "y_3310": -138125.0, "county_geoid": "06053", "county": "Monterey", "lon": -121.773774, "lat": 36.760488 }, "geometry": { "type": "Polygon", "coordinates": [ [ [ -121.772345699335872, 36.759384257452659 ], [ -121.772398119048589, 36.76163315971651 ], [ -121.775201891544427, 36.761591079475544 ], [ -121.775149388947199, 36.759342178424248 ], [ -121.772345699335872, 36.759384257452659 ] ] ] } },
{ "type": "Feature", "properties": { "unit_id": "c-615_r552", "col": -615, "row": 552, "frac_2022": 0.26842078047342516, "frac_2023": 0.41614481078213011, "perm_water": 0, "x_3310": -153625.0, "y_3310": -138125.0, "county_geoid": "06053", "county": "Monterey", "lon": -121.723306, "lat": 36.761234 }, "geometry": { "type": "Polygon", "coordinates": [ [ [ -121.72187876093858, 36.760130307424312 ], [ -121.721929688684057, 36.76237923118704 ], [ -121.724733516239496, 36.76233834809539 ], [ -121.724682505604633, 36.760089425510806 ], [ -121.72187876093858, 36.760130307424312 ] ] ] } },
{ "type": "Feature", "properties": { "unit_id": "c-635_r553", "col": -635, "row": 553, "frac_2022": 0.25719509436514859, "frac_2023": 0.47486406571995232, "perm_water": 0, "x_3310": -158625.0, "y_3310": -138375.0, "county_geoid": "06053", "county": "Monterey", "lon": -121.779329, "lat": 36.758154 }, "geometry": { "type": "Polygon", "coordinates": [ [ [ -121.777900493082001, 36.75705113132701 ], [ -121.777953075453397, 36.759300032890465 ], [ -121.780756758849577, 36.759257820851431 ], [ -121.780704093599155, 36.757008920504255 ], [ -121.777900493082001, 36.75705113132701 ] ] ] } },
{ "type": "Feature", "properties": { "unit_id": "c-615_r553", "col": -615, "row": 553, "frac_2022": 0.09554178777928031, "frac_2023": 0.45778476683613112, "perm_water": 0, "x_3310": -153625.0, "y_3310": -138375.0, "county_geoid": "06053", "county": "Monterey", "lon": -121.723255, "lat": 36.758985 }, "geometry": { "type": "Polygon", "coordinates": [ [ [ -121.721827836205165, 36.757881381937594 ], [ -121.72187876093858, 36.760130307424312 ], [ -121.724682505604633, 36.760089425510806 ], [ -121.724631497986721, 36.757840501202011 ], [ -121.721827836205165, 36.757881381937594 ] ] ] } },
{ "type": "Feature", "properties": { "unit_id": "c-601_r553", "col": -601, "row": 553, "frac_2022": 0.32570781529795101, "frac_2023": 0.42192996617826078, "perm_water": 0, "x_3310": -150125.0, "y_3310": -138375.0, "county_geoid": "06053", "county": "Monterey", "lon": -121.684003, "lat": 36.759551 }, "geometry": { "type": "Polygon", "coordinates": [ [ [ -121.682576257254283, 36.758446729114411 ], [ -121.682626021577335, 36.760695670891906 ], [ -121.685429807966315, 36.760655720091108 ], [ -121.685379960755071, 36.758406779464764 ], [ -121.682576257254283, 36.758446729114411 ] ] ] } },
{ "type": "Feature", "properties": { "unit_id": "c-596_r553", "col": -596, "row": 553, "frac_2022": 0.0, "frac_2023": 0.6876857592902258, "perm_water": 0, "x_3310": -148875.0, "y_3310": -138375.0, "county_geoid": "06053", "county": "Monterey", "lon": -121.669984, "lat": 36.75975 }, "geometry": { "type": "Polygon", "coordinates": [ [ [ -121.668557695700144, 36.758645479756659 ], [ -121.668607045578469, 36.760894427261427 ], [ -121.67141084663578, 36.760854809005764 ], [ -121.67136141386797, 36.758605862642646 ], [ -121.668557695700144, 36.758645479756659 ] ] ] } },
{ "type": "Feature", "properties": { "unit_id": "c-627_r554", "col": -627, "row": 554, "frac_2022": 0.45994639605703441, "frac_2023": 0.63235348957680027, "perm_water": 0, "x_3310": -156625.0, "y_3310": -138625.0, "county_geoid": "06053", "county": "Monterey", "lon": -121.756847, "lat": 36.756241 }, "geometry": { "type": "Polygon", "coordinates": [ [ [ -121.755419661146448, 36.755137510826117 ], [ -121.755471577405132, 36.757386423779714 ], [ -121.758275202663171, 36.757344744986696 ], [ -121.758223203528146, 36.755095833233938 ], [ -121.755419661146448, 36.755137510826117 ] ] ] } },
{ "type": "Feature", "properties": { "unit_id": "c-626_r554", "col": -626, "row": 554, "frac_2022": 0.018035839378823391, "frac_2023": 0.45971027232205597, "perm_water": 0, "x_3310": -156375.0, "y_3310": -138625.0, "county_geoid": "06053", "county": "Monterey", "lon": -121.754044, "lat": 36.756283 }, "geometry": { "type": "Polygon", "coordinates": [ [ [ -121.752616115694423, 36.755179121916022 ], [ -121.752667949076525, 36.757428036068539 ], [ -121.755471577405132, 36.757386423779714 ], [ -121.755419661146448, 36.755137510826117 ], [ -121.752616115694423, 36.755179121916022 ] ] ] } },
{ "type": "Feature", "properties": { "unit_id": "c-611_r554", "col": -611, "row": 554, "frac_2022": 0.0, "frac_2023": 0.40447096069676508, "perm_water": 0, "x_3310": -152625.0, "y_3310": -138625.0, "county_geoid": "06053", "county": "Monterey", "lon": -121.71199, "lat": 36.756899 }, "geometry": { "type": "Polygon", "coordinates": [ [ [ -121.710562568809223, 36.755795307917793 ], [ -121.710613159009938, 36.75804423982418 ], [ -121.713416832809273, 36.758003625111115 ], [ -121.713366159727926, 36.755754694374929 ], [ -121.710562568809223, 36.755795307917793 ] ] ] } },
{ "type": "Feature", "properties": { "unit_id": "c-601_r554", "col": -601, "row": 554, "frac_2022": 0.061641895032179893, "frac_2023": 0.45157436257544054, "perm_water": 0, "x_3310": -150125.0, "y_3310": -138625.0, "county_geoid": "06053", "county": "Monterey", "lon": -121.683953, "lat": 36.757302 }, "geometry": { "type": "Polygon", "coordinates": [ [ [ -121.682526495874399, 36.756197785611278 ], [ -121.682576257254283, 36.758446729114411 ], [ -121.685379960755071, 36.758406779464764 ], [ -121.685330116491954, 36.75615783711276 ], [ -121.682526495874399, 36.756197785611278 ] ] ] } },
{ "type": "Feature", "properties": { "unit_id": "c-597_r554", "col": -597, "row": 554, "frac_2022": 3.1036348824292692e-05, "frac_2023": 0.65669605577947654, "perm_water": 0, "x_3310": -149125.0, "y_3310": -138625.0, "county_geoid": "06053", "county": "Monterey", "lon": -121.672739, "lat": 36.757462 }, "geometry": { "type": "Polygon", "coordinates": [ [ [ -121.671311984023802, 36.756356914554473 ], [ -121.67136141386797, 36.758605862642646 ], [ -121.674165129112225, 36.758566179021358 ], [ -121.674115616383716, 36.756317232076533 ], [ -121.671311984023802, 36.756356914554473 ] ] ] } },
{ "type": "Feature", "properties": { "unit_id": "c-596_r554", "col": -596, "row": 554, "frac_2022": 0.0, "frac_2023": 0.52064056963779926, "perm_water": 0, "x_3310": -148875.0, "y_3310": -138625.0, "county_geoid": "06053", "county": "Monterey", "lon": -121.669935, "lat": 36.757501 }, "geometry": { "type": "Polygon", "coordinates": [ [ [ -121.668508348740531, 36.756396530527013 ], [ -121.668557695700144, 36.758645479756659 ], [ -121.67136141386797, 36.758605862642646 ], [ -121.671311984023802, 36.756356914554473 ], [ -121.668508348740531, 36.756396530527013 ] ] ] } },
{ "type": "Feature", "properties": { "unit_id": "c-595_r554", "col": -595, "row": 554, "frac_2022": 0.0, "frac_2023": 0.40875559837120085, "perm_water": 0, "x_3310": -148625.0, "y_3310": -138625.0, "county_geoid": "06053", "county": "Monterey", "lon": -121.667131, "lat": 36.757541 }, "geometry": { "type": "Polygon", "coordinates": [ [ [ -121.665704710538819, 36.756436079994053 ], [ -121.665753974613622, 36.758685030363296 ], [ -121.668557695700144, 36.758645479756659 ], [ -121.668508348740531, 36.756396530527013 ], [ -121.665704710538819, 36.756436079994053 ] ] ] } },
{ "type": "Feature", "properties": { "unit_id": "c-631_r555", "col": -631, "row": 555, "frac_2022": 0.075626543577748298, "frac_2023": 0.49600805762817707, "perm_water": 0, "x_3310": -157625.0, "y_3310": -138875.0, "county_geoid": "06053", "county": "Monterey", "lon": -121.768009, "lat": 36.753825 }, "geometry": { "type": "Polygon", "coordinates": [ [ [ -121.766581567530068, 36.752721491572949 ], [ -121.766633812202528, 36.754970401444723 ], [ -121.769437342254065, 36.754928457844436 ], [ -121.769385014711276, 36.752679549181082 ], [ -121.766581567530068, 36.752721491572949 ] ] ] } },
{ "type": "Feature", "properties": { "unit_id": "c-627_r555", "col": -627, "row": 555, "frac_2022": 0.51608336075503292, "frac_2023": 0.52562124087581219, "perm_water": 0, "x_3310": -156625.0, "y_3310": -138875.0, "county_geoid": "06053", "county": "Monterey", "lon": -121.756795, "lat": 36.753992 }, "geometry": { "type": "Polygon", "coordinates": [ [ [ -121.755367747958047, 36.752888596140188 ], [ -121.755419661146448, 36.755137510826117 ], [ -121.758223203528146, 36.755095833233938 ], [ -121.758171207468351, 36.752846919748691 ], [ -121.755367747958047, 36.752888596140188 ] ] ] } },
{ "type": "Feature", "properties": { "unit_id": "c-624_r555", "col": -624, "row": 555, "frac_2022": 0.046516350256419474, "frac_2023": 0.54972693294158248, "perm_water": 0, "x_3310": -155875.0, "y_3310": -138875.0, "county_geoid": "06053", "county": "Monterey", "lon": -121.748385, "lat": 36.754117 }, "geometry": { "type": "Polygon", "coordinates": [ [ [ -121.746957351026637, 36.753013226312028 ], [ -121.747009015599104, 36.755262144588485 ], [ -121.749812567177017, 36.755220666503526 ], [ -121.74976081973233, 36.752971749421931 ], [ -121.746957351026637, 36.753013226312028 ] ] ] } },
{ "type": "Feature", "properties": { "unit_id": "c-597_r555", "col": -597, "row": 555, "frac_2022": 0.0, "frac_2023": 0.61539143569434707, "perm_water": 0, "x_3310": -149125.0, "y_3310": -138875.0, "county_geoid": "06053", "county": "Monterey", "lon": -121.672689, "lat": 36.755213 }, "geometry": { "type": "Polygon", "coordinates": [ [ [ -121.671262557102949, 36.754107964737848 ], [ -121.671311984023802, 36.756356914554473 ], [ -121.674115616383716, 36.756317232076533 ], [ -121.674066106583453, 36.754068283403228 ], [ -121.671262557102949, 36.754107964737848 ] ] ] } },
{ "type": "Feature", "properties": { "unit_id": "c-596_r555", "col": -596, "row": 555, "frac_2022": 0.0, "frac_2023": 0.73707335450589517, "perm_water": 0, "x_3310": -148875.0, "y_3310": -138875.0, "county_geoid": "06053", "county": "Monterey", "lon": -121.669885, "lat": 36.755252 }, "geometry": { "type": "Polygon", "coordinates": [ [ [ -121.668459004699358, 36.754147579569057 ], [ -121.668508348740531, 36.756396530527013 ], [ -121.671311984023802, 36.756356914554473 ], [ -121.671262557102949, 36.754107964737848 ], [ -121.668459004699358, 36.754147579569057 ] ] ] } },
{ "type": "Feature", "properties": { "unit_id": "c-626_r556", "col": -626, "row": 556, "frac_2022": 0.064318602253588444, "frac_2023": 0.56601330926334203, "perm_water": 0, "x_3310": -156375.0, "y_3310": -139125.0, "county_geoid": "06053", "county": "Monterey", "lon": -121.75394, "lat": 36.751785 }, "geometry": { "type": "Polygon", "coordinates": [ [ [ -121.752512458126205, 36.750681288411059 ], [ -121.752564285377758, 36.752930206031316 ], [ -121.755367747958047, 36.752888596140188 ], [ -121.755315837839689, 36.750639679718617 ], [ -121.752512458126205, 36.750681288411059 ] ] ] } },
{ "type": "Feature", "properties": { "unit_id": "c-605_r556", "col": -605, "row": 556, "frac_2022": 0.40515399551174225, "frac_2023": 0.40870791857367694, "perm_water": 0, "x_3310": -151125.0, "y_3310": -139125.0, "county_geoid": "06053", "county": "Monterey", "lon": -121.695068, "lat": 36.752644 }, "geometry": { "type": "Polygon", "coordinates": [ [ [ -121.693640783702577, 36.751539709621724 ], [ -121.693690870689139, 36.753788651971341 ], [ -121.6964943966086, 36.753748438612419 ], [ -121.696444226749634, 36.751499497421264 ], [ -121.693640783702577, 36.751539709621724 ] ] ] } },
{ "type": "Feature", "properties": { "unit_id": "c-596_r556", "col": -596, "row": 556, "frac_2022": 0.0, "frac_2023": 0.68273011573437659, "perm_water": 0, "x_3310": -148875.0, "y_3310": -139125.0, "county_geoid": "06053", "county": "Monterey", "lon": -121.669836, "lat": 36.753003 }, "geometry": { "type": "Polygon", "coordinates": [ [ [ -121.668409663576355, 36.751898626879481 ], [ -121.668459004699358, 36.754147579569057 ], [ -121.671262557102949, 36.754107964737848 ], [ -121.671213133105198, 36.751859013189545 ], [ -121.668409663576355, 36.751898626879481 ] ] ] } },
{ "type": "Feature", "properties": { "unit_id": "c-595_r556", "col": -595, "row": 556, "frac_2022": 0.0, "frac_2023": 0.6295599739305473, "perm_water": 0, "x_3310": -148625.0, "y_3310": -139125.0, "county_geoid": "06053", "county": "Monterey", "lon": -121.667033, "lat": 36.753043 }, "geometry": { "type": "Polygon", "coordinates": [ [ [ -121.665606191129598, 36.751938174067703 ], [ -121.665655449377581, 36.754187127896635 ], [ -121.668459004699358, 36.754147579569057 ], [ -121.668409663576355, 36.751898626879481 ], [ -121.665606191129598, 36.751938174067703 ] ] ] } },
{ "type": "Feature", "properties": { "unit_id": "c-575_r556", "col": -575, "row": 556, "frac_2022": 0.0, "frac_2023": 0.41813778902252147, "perm_water": 0, "x_3310": -143625.0, "y_3310": -139125.0, "county_geoid": "06053", "county": "Monterey", "lon": -121.610962, "lat": 36.753821 }, "geometry": { "type": "Polygon", "coordinates": [ [ [ -121.609536136972409, 36.752715152325976 ], [ -121.6095837376661, 36.754964128539356 ], [ -121.612387350322919, 36.75492591030465 ], [ -121.612339666749122, 36.752676935192262 ], [ -121.609536136972409, 36.752715152325976 ] ] ] } },
{ "type": "Feature", "properties": { "unit_id": "c-628_r557", "col": -628, "row": 557, "frac_2022": 0.014400000002560974, "frac_2023": 0.42860205511993144, "perm_water": 0, "x_3310": -156875.0, "y_3310": -139375.0, "county_geoid": "06053", "county": "Monterey", "lon": -121.759495, "lat": 36.749453 }, "geometry": { "type": "Polygon", "coordinates": [ [ [ -121.75806722457321, 36.748349087567483 ], [ -121.758119214483457, 36.750598004527667 ], [ -121.760922588052537, 36.75055626283833 ], [ -121.760870515280942, 36.748307347080491 ], [ -121.75806722457321, 36.748349087567483 ] ] ] } },
{ "type": "Feature", "properties": { "unit_id": "c-626_r557", "col": -626, "row": 557, "frac_2022": 0.042655487204754414, "frac_2023": 0.42892031453298718, "perm_water": 0, "x_3310": -156375.0, "y_3310": -139375.0, "county_geoid": "06053", "county": "Monterey", "lon": -121.753888, "lat": 36.749536 }, "geometry": { "type": "Polygon", "coordinates": [ [ [ -121.752460633939492, 36.748432369051947 ], [ -121.752512458126205, 36.750681288411059 ], [ -121.755315837839689, 36.750639679718617 ], [ -121.755263930791088, 36.748390761557992 ], [ -121.752460633939492, 36.748432369051947 ] ] ] } },
{ "type": "Feature", "properties": { "unit_id": "c-599_r557", "col": -599, "row": 557, "frac_2022": 0.028800000000588563, "frac_2023": 0.52264535861174777, "perm_water": 0, "x_3310": -149625.0, "y_3310": -139375.0, "county_geoid": "06053", "county": "Monterey", "lon": -121.678197, "lat": 36.750635 }, "geometry": { "type": "Polygon", "coordinates": [ [ [ -121.67677047657557, 36.749530635309462 ], [ -121.676820063389457, 36.75177958630502 ], [ -121.67962352413511, 36.751739773110643 ], [ -121.67957385445213, 36.749490823261915 ], [ -121.67677047657557, 36.749530635309462 ] ] ] } },
{ "type": "Feature", "properties": { "unit_id": "c-598_r557", "col": -598, "row": 557, "frac_2022": 0.0, "frac_2023": 0.61932495669258103, "perm_water": 0, "x_3310": -149375.0, "y_3310": -139375.0, "county_geoid": "06053", "county": "Monterey", "lon": -121.675394, "lat": 36.750675 }, "geometry": { "type": "Polygon", "coordinates": [ [ [ -121.673967095766656, 36.749570380857548 ], [ -121.67401659971118, 36.751819332997982 ], [ -121.676820063389457, 36.75177958630502 ], [ -121.67677047657557, 36.749530635309462 ], [ -121.673967095766656, 36.749570380857548 ] ] ] } },
{ "type": "Feature", "properties": { "unit_id": "c-597_r557", "col": -597, "row": 557, "frac_2022": 0.0, "frac_2023": 0.47394279415257656, "perm_water": 0, "x_3310": -149125.0, "y_3310": -139375.0, "county_geoid": "06053", "county": "Monterey", "lon": -121.67259, "lat": 36.750715 }, "geometry": { "type": "Polygon", "coordinates": [ [ [ -121.671163712030278, 36.749610059906068 ], [ -121.671213133105198, 36.751859013189545 ], [ -121.67401659971118, 36.751819332997982 ], [ -121.673967095766656, 36.749570380857548 ], [ -121.671163712030278, 36.749610059906068 ] ] ] } },
{ "type": "Feature", "properties": { "unit_id": "c-594_r557", "col": -594, "row": 557, "frac_2022": 0.0, "frac_2023": 0.42166203804198932, "perm_water": 0, "x_3310": -148375.0, "y_3310": -139375.0, "county_geoid": "06053", "county": "Monterey", "lon": -121.66418, "lat": 36.750833 }, "geometry": { "type": "Polygon", "coordinates": [ [ [ -121.662753543305286, 36.749728698053147 ], [ -121.662802715769814, 36.751977654754228 ], [ -121.665606191129598, 36.751938174067703 ], [ -121.665556935794683, 36.749689218503931 ], [ -121.662753543305286, 36.749728698053147 ] ] ] } },
{ "type": "Feature", "properties": { "unit_id": "c-592_r557", "col": -592, "row": 557, "frac_2022": 0.014399999998281008, "frac_2023": 0.71003946987758459, "perm_water": 0, "x_3310": -147875.0, "y_3310": -139375.0, "county_geoid": "06053", "county": "Monterey", "lon": -121.658573, "lat": 36.750912 }, "geometry": { "type": "Polygon", "coordinates": [ [ [ -121.657146749607762, 36.749807457651556 ], [ -121.657195756330736, 36.752056416621443 ], [ -121.659999237501907, 36.752017068938834 ], [ -121.659950147908006, 36.749768111102362 ], [ -121.657146749607762, 36.749807457651556 ] ] ] } },
{ "type": "Feature", "properties": { "unit_id": "c-577_r557", "col": -577, "row": 557, "frac_2022": 0.0, "frac_2023": 0.61484012435240543, "perm_water": 0, "x_3310": -144125.0, "y_3310": -139375.0, "county_geoid": "06053", "county": "Monterey", "lon": -121.616521, "lat": 36.751495 }, "geometry": { "type": "Polygon", "coordinates": [ [ [ -121.615095430077091, 36.750389675812833 ], [ -121.615143193705876, 36.752638651554925 ], [ -121.617946717837796, 36.752600301413985 ], [ -121.617898871334276, 36.750351326776666 ], [ -121.615095430077091, 36.750389675812833 ] ] ] } },
{ "type": "Feature", "properties": { "unit_id": "c-639_r558", "col": -639, "row": 558, "frac_2022": 0.057600000001986569, "frac_2023": 0.41739208848602144, "perm_water": 0, "x_3310": -159625.0, "y_3310": -139625.0, "county_geoid": "06053", "county": "Monterey", "lon": -121.790278, "lat": 36.746741 }, "geometry": { "type": "Polygon", "coordinates": [ [ [ -121.788850353948476, 36.745637379556442 ], [ -121.788903252190352, 36.747886284929827 ], [ -121.791706508756775, 36.747843812989068 ], [ -121.791653527661452, 36.745594908838925 ], [ -121.788850353948476, 36.745637379556442 ] ] ] } },
{ "type": "Feature", "properties": { "unit_id": "c-616_r558", "col": -616, "row": 558, "frac_2022": 0.0072475449420685628, "frac_2023": 0.4649041920800589, "perm_water": 0, "x_3310": -153875.0, "y_3310": -139625.0, "county_geoid": "06053", "county": "Monterey", "lon": -121.725804, "lat": 36.7477 }, "geometry": { "type": "Polygon", "coordinates": [ [ [ -121.724376505142189, 36.746595853678485 ], [ -121.724427497679343, 36.748844786658317 ], [ -121.727230824956422, 36.748803844135637 ], [ -121.727179749559568, 36.746554912335036 ], [ -121.724376505142189, 36.746595853678485 ] ] ] } },
{ "type": "Feature", "properties": { "unit_id": "c-601_r558", "col": -601, "row": 558, "frac_2022": 0.0, "frac_2023": 0.46245417366507235, "perm_water": 0, "x_3310": -150125.0, "y_3310": -139625.0, "county_geoid": "06053", "county": "Monterey", "lon": -121.683754, "lat": 36.748307 }, "geometry": { "type": "Polygon", "coordinates": [ [ [ -121.682327479781762, 36.747201994276196 ], [ -121.68237722939142, 36.749450944715086 ], [ -121.685180601388552, 36.749410999668967 ], [ -121.685130768915215, 36.747162050380581 ], [ -121.682327479781762, 36.747201994276196 ] ] ] } },
{ "type": "Feature", "properties": { "unit_id": "c-599_r558", "col": -599, "row": 558, "frac_2022": 0.028799999998328517, "frac_2023": 0.42971273942998267, "perm_water": 0, "x_3310": -149625.0, "y_3310": -139625.0, "county_geoid": "06053", "county": "Monterey", "lon": -121.678147, "lat": 36.748386 }, "geometry": { "type": "Polygon", "coordinates": [ [ [ -121.676720892694036, 36.74728168257522 ], [ -121.67677047657557, 36.749530635309462 ], [ -121.67957385445213, 36.749490823261915 ], [ -121.679524187706406, 36.747241871674397 ], [ -121.676720892694036, 36.74728168257522 ] ] ] } },
{ "type": "Feature", "properties": { "unit_id": "c-598_r558", "col": -598, "row": 558, "frac_2022": 0.014399999999954604, "frac_2023": 0.79629970462190691, "perm_water": 0, "x_3310": -149375.0, "y_3310": -139625.0, "county_geoid": "06053", "county": "Monterey", "lon": -121.675344, "lat": 36.748426 }, "geometry": { "type": "Polygon", "coordinates": [ [ [ -121.673917594749582, 36.747321426978473 ], [ -121.673967095766656, 36.749570380857548 ], [ -121.67677047657557, 36.749530635309462 ], [ -121.676720892694036, 36.74728168257522 ], [ -121.673917594749582, 36.747321426978473 ] ] ] } },
{ "type": "Feature", "properties": { "unit_id": "c-597_r558", "col": -597, "row": 558, "frac_2022": 0.0, "frac_2023": 0.76983018052553043, "perm_water": 0, "x_3310": -149125.0, "y_3310": -139625.0, "county_geoid": "06053", "county": "Monterey", "lon": -121.672541, "lat": 36.748466 }, "geometry": { "type": "Polygon", "coordinates": [ [ [ -121.671114293877906, 36.747361104884092 ], [ -121.671163712030278, 36.749610059906068 ], [ -121.673967095766656, 36.749570380857548 ], [ -121.673917594749582, 36.747321426978473 ], [ -121.671114293877906, 36.747361104884092 ] ] ] } },
{ "type": "Feature", "properties": { "unit_id": "c-594_r558", "col": -594, "row": 558, "frac_2022": 0.0, "frac_2023": 0.65466593245817573, "perm_water": 0, "x_3310": -148375.0, "y_3310": -139625.0, "county_geoid": "06053", "county": "Monterey", "lon": -121.664131, "lat": 36.748584 }, "geometry": { "type": "Polygon", "coordinates": [ [ [ -121.662704373748625, 36.747479739614008 ], [ -121.662753543305286, 36.749728698053147 ], [ -121.665556935794683, 36.749689218503931 ], [ -121.665507683372539, 36.747440261201945 ], [ -121.662704373748625, 36.747479739614008 ] ] ] } },
{ "type": "Feature", "properties": { "unit_id": "c-577_r558", "col": -577, "row": 558, "frac_2022": 0.0, "frac_2023": 0.57700785527943788, "perm_water": 0, "x_3310": -144125.0, "y_3310": -139625.0, "county_geoid": "06053", "county": "Monterey", "lon": -121.616473, "lat": 36.749246 }, "geometry": { "type": "Polygon", "coordinates": [ [ [ -121.615047669272897, 36.748140698334829 ], [ -121.615095430077091, 36.750389675812833 ], [ -121.617898871334276, 36.750351326776666 ], [ -121.617851027660265, 36.748102350403251 ], [ -121.615047669272897, 36.748140698334829 ] ] ] } },
{ "type": "Feature", "properties": { "unit_id": "c-626_r559", "col": -626, "row": 559, "frac_2022": 0.022337771166882847, "frac_2023": 0.41365326348196657, "perm_water": 0, "x_3310": -156375.0, "y_3310": -139875.0, "county_geoid": "06053", "county": "Monterey", "lon": -121.753784, "lat": 36.745038 }, "geometry": { "type": "Polygon", "coordinates": [ [ [ -121.75235699475958, 36.74393452510369 ], [ -121.752408812817379, 36.7461834479506 ], [ -121.755212026811961, 36.746141841655003 ], [ -121.755160125902037, 36.743892920006324 ], [ -121.75235699475958, 36.74393452510369 ] ] ] } },
{ "type": "Feature", "properties": { "unit_id": "c-600_r559", "col": -600, "row": 559, "frac_2022": 0.0013238795050834252, "frac_2023": 0.40354116747915647, "perm_water": 0, "x_3310": -149875.0, "y_3310": -139875.0, "county_geoid": "06053", "county": "Monterey", "lon": -121.680901, "lat": 36.746097 }, "geometry": { "type": "Polygon", "coordinates": [ [ [ -121.679474523897682, 36.744992918344693 ], [ -121.679524187706406, 36.747241871674397 ], [ -121.682327479781762, 36.747201994276196 ], [ -121.682277733113992, 36.74495304209492 ], [ -121.679474523897682, 36.744992918344693 ] ] ] } },
{ "type": "Feature", "properties": { "unit_id": "c-599_r559", "col": -599, "row": 559, "frac_2022": 0.0, "frac_2023": 0.68163808620338395, "perm_water": 0, "x_3310": -149625.0, "y_3310": -139875.0, "county_geoid": "06053", "county": "Monterey", "lon": -121.678098, "lat": 36.746137 }, "geometry": { "type": "Polygon", "coordinates": [ [ [ -121.676671311744613, 36.745032728098884 ], [ -121.676720892694036, 36.74728168257522 ], [ -121.679524187706406, 36.747241871674397 ], [ -121.679474523897682, 36.744992918344693 ], [ -121.676671311744613, 36.745032728098884 ] ] ] } },
{ "type": "Feature", "properties": { "unit_id": "c-598_r559", "col": -598, "row": 559, "frac_2022": 0.0, "frac_2023": 0.50513980501695532, "perm_water": 0, "x_3310": -149375.0, "y_3310": -139875.0, "county_geoid": "06053", "county": "Monterey", "lon": -121.675294, "lat": 36.746177 }, "geometry": { "type": "Polygon", "coordinates": [ [ [ -121.673868096659689, 36.745072471357453 ], [ -121.673917594749582, 36.747321426978473 ], [ -121.676720892694036, 36.74728168257522 ], [ -121.676671311744613, 36.745032728098884 ], [ -121.673868096659689, 36.745072471357453 ] ] ] } },
{ "type": "Feature", "properties": { "unit_id": "c-597_r559", "col": -597, "row": 559, "frac_2022": 0.0, "frac_2023": 0.7360462888417626, "perm_water": 0, "x_3310": -149125.0, "y_3310": -139875.0, "county_geoid": "06053", "county": "Monterey", "lon": -121.672491, "lat": 36.746217 }, "geometry": { "type": "Polygon", "coordinates": [ [ [ -121.67106487864784, 36.745112148120263 ], [ -121.671114293877906, 36.747361104884092 ], [ -121.673917594749582, 36.747321426978473 ], [ -121.673868096659689, 36.745072471357453 ], [ -121.67106487864784, 36.745112148120263 ] ] ] } },
{ "type": "Feature", "properties": { "unit_id": "c-596_r559", "col": -596, "row": 559, "frac_2022": 0.0, "frac_2023": 0.44922097923013804, "perm_water": 0, "x_3310": -148875.0, "y_3310": -139875.0, "county_geoid": "06053", "county": "Monterey", "lon": -121.669688, "lat": 36.746256 }, "geometry": { "type": "Polygon", "coordinates": [ [ [ -121.668261657713956, 36.745151758387287 ], [ -121.668310990083924, 36.747400716291978 ], [ -121.671114293877906, 36.747361104884092 ], [ -121.67106487864784, 36.745112148120263 ], [ -121.668261657713956, 36.745151758387287 ] ] ] } },
{ "type": "Feature", "properties": { "unit_id": "c-595_r559", "col": -595, "row": 559, "frac_2022": 0.0, "frac_2023": 0.49280766309596047, "perm_water": 0, "x_3310": -148625.0, "y_3310": -139875.0, "county_geoid": "06053", "county": "Monterey", "lon": -121.666885, "lat": 36.746296 }, "geometry": { "type": "Polygon", "coordinates": [ [ [ -121.665458433862895, 36.745191302158311 ], [ -121.665507683372539, 36.747440261201945 ], [ -121.668310990083924, 36.747400716291978 ], [ -121.668261657713956, 36.745151758387287 ], [ -121.665458433862895, 36.745191302158311 ] ] ] } },
{ "type": "Feature", "properties": { "unit_id": "c-594_r559", "col": -594, "row": 559, "frac_2022": 0.0, "frac_2023": 0.66738516265564618, "perm_water": 0, "x_3310": -148375.0, "y_3310": -139875.0, "county_geoid": "06053", "county": "Monterey", "lon": -121.664081, "lat": 36.746336 }, "geometry": { "type": "Polygon", "coordinates": [ [ [ -121.66265520709959, 36.745230779433378 ], [ -121.662704373748625, 36.747479739614008 ], [ -121.665507683372539, 36.747440261201945 ], [ -121.665458433862895, 36.745191302158311 ], [ -121.66265520709959, 36.745230779433378 ] ] ] } },
{ "type": "Feature", "properties": { "unit_id": "c-585_r559", "col": -585, "row": 559, "frac_2022": 0.0, "frac_2023": 0.40931319827758378, "perm_water": 0, "x_3310": -146125.0, "y_3310": -139875.0, "county_geoid": "06053", "county": "Monterey", "lon": -121.638852, "lat": 36.746688 }, "geometry": { "type": "Polygon", "coordinates": [ [ [ -121.637426035986209, 36.745583082570136 ], [ -121.637474456878337, 36.747832052897898 ], [ -121.640277792494501, 36.747793172971953 ], [ -121.640229288739462, 36.745544203763956 ], [ -121.637426035986209, 36.745583082570136 ] ] ] } },
{ "type": "Feature", "properties": { "unit_id": "c-638_r560", "col": -638, "row": 560, "frac_2022": 0.025243324061151165, "frac_2023": 0.40453046852596392, "perm_water": 0, "x_3310": -159375.0, "y_3310": -140125.0, "county_geoid": "06053", "county": "Monterey", "lon": -121.787369, "lat": 36.742285 }, "geometry": { "type": "Polygon", "coordinates": [ [ [ -121.785941555700091, 36.741181965346343 ], [ -121.785994364842409, 36.743430875438804 ], [ -121.788797458834537, 36.743388472435804 ], [ -121.788744566848308, 36.741139563564396 ], [ -121.785941555700091, 36.741181965346343 ] ] ] } },
{ "type": "Feature", "properties": { "unit_id": "c-635_r560", "col": -635, "row": 560, "frac_2022": 0.090669889663511888, "frac_2023": 0.55083181723273511, "perm_water": 0, "x_3310": -158625.0, "y_3310": -140125.0, "county_geoid": "06053", "county": "Monterey", "lon": -121.77896, "lat": 36.742412 }, "geometry": { "type": "Polygon", "coordinates": [ [ [ -121.777532503539987, 36.741308771754007 ], [ -121.777585064148894, 36.743557685498146 ], [ -121.780388167494692, 36.7435154819701 ], [ -121.78033552404105, 36.741266569441294 ], [ -121.777532503539987, 36.741308771754007 ] ] ] } },
{ "type": "Feature", "properties": { "unit_id": "c-634_r560", "col": -634, "row": 560, "frac_2022": 0.1057395871235941, "frac_2023": 0.49310371504495221, "perm_water": 0, "x_3310": -158375.0, "y_3310": -140125.0, "county_geoid": "06053", "county": "Monterey", "lon": -121.776157, "lat": 36.742454 }, "geometry": { "type": "Polygon", "coordinates": [ [ [ -121.774729479931125, 36.741350907576781 ], [ -121.774781957694998, 36.743599822534321 ], [ -121.777585064148894, 36.743557685498146 ], [ -121.777532503539987, 36.741308771754007 ], [ -121.774729479931125, 36.741350907576781 ] ] ] } },
{ "type": "Feature", "properties": { "unit_id": "c-599_r560", "col": -599, "row": 560, "frac_2022": 0.013819660135490644, "frac_2023": 0.58725351874516307, "perm_water": 0, "x_3310": -149625.0, "y_3310": -140125.0, "county_geoid": "06053", "county": "Monterey", "lon": -121.678048, "lat": 36.743888 }, "geometry": { "type": "Polygon", "coordinates": [ [ [ -121.676621733727032, 36.742783771877093 ], [ -121.676671311744613, 36.745032728098884 ], [ -121.679474523897682, 36.744992918344693 ], [ -121.679424863025673, 36.742743963269362 ], [ -121.676621733727032, 36.742783771877093 ] ] ] } },
{ "type": "Feature", "properties": { "unit_id": "c-597_r560", "col": -597, "row": 560, "frac_2022": 0.014400000000393848, "frac_2023": 0.65861468726253669, "perm_water": 0, "x_3310": -149125.0, "y_3310": -140125.0, "county_geoid": "06053", "county": "Monterey", "lon": -121.672442, "lat": 36.743968 }, "geometry": { "type": "Polygon", "coordinates": [ [ [ -121.671015466339853, 36.742863189611313 ], [ -121.67106487864784, 36.745112148120263 ], [ -121.673868096659689, 36.745072471357453 ], [ -121.673818601496777, 36.742823513991127 ], [ -121.671015466339853, 36.742863189611313 ] ] ] } },
{ "type": "Feature", "properties": { "unit_id": "c-590_r560", "col": -590, "row": 560, "frac_2022": 0.0, "frac_2023": 0.43824046895020868, "perm_water": 0, "x_3310": -147375.0, "y_3310": -140125.0, "county_geoid": "06053", "county": "Monterey", "lon": -121.652819, "lat": 36.744244 }, "geometry": { "type": "Polygon", "coordinates": [ [ [ -121.651393438705384, 36.743139057117126 ], [ -121.651442271021693, 36.745388023570989 ], [ -121.654245509385078, 36.745348812281151 ], [ -121.654196594212024, 36.74309984695649 ], [ -121.651393438705384, 36.743139057117126 ] ] ] } },
{ "type": "Feature", "properties": { "unit_id": "c-589_r560", "col": -589, "row": 560, "frac_2022": 0.0, "frac_2023": 0.62710087579854001, "perm_water": 0, "x_3310": -147125.0, "y_3310": -140125.0, "county_geoid": "06053", "county": "Monterey", "lon": -121.650016, "lat": 36.744283 }, "geometry": { "type": "Polygon", "coordinates": [ [ [ -121.648590280311225, 36.743178200783085 ], [ -121.64863902977055, 36.745427168364287 ], [ -121.651442271021693, 36.745388023570989 ], [ -121.651393438705384, 36.743139057117126 ], [ -121.648590280311225, 36.743178200783085 ] ] ] } },
{ "type": "Feature", "properties": { "unit_id": "c-627_r561", "col": -627, "row": 561, "frac_2022": 0.18996749305817925, "frac_2023": 0.42913237317448866, "perm_water": 0, "x_3310": -156625.0, "y_3310": -140375.0, "county_geoid": "06053", "county": "Monterey", "lon": -121.756484, "lat": 36.740499 }, "geometry": { "type": "Polygon", "coordinates": [ [ [ -121.755056333288749, 36.739395071458318 ], [ -121.755108228061061, 36.741643996608531 ], [ -121.757911273287647, 36.741602326218462 ], [ -121.757859295673285, 36.739353402268101 ], [ -121.755056333288749, 36.739395071458318 ] ] ] } },
{ "type": "Feature", "properties": { "unit_id": "c-623_r561", "col": -623, "row": 561, "frac_2022": 0.40761007251239878, "frac_2023": 0.43641007251211061, "perm_water": 0, "x_3310": -155625.0, "y_3310": -140375.0, "county_geoid": "06053", "county": "Monterey", "lon": -121.745272, "lat": 36.740665 }, "geometry": { "type": "Polygon", "coordinates": [ [ [ -121.743844453115599, 36.7395610833291 ], [ -121.743896016516999, 36.741810013259709 ], [ -121.746699073988879, 36.741768608833482 ], [ -121.746647427744364, 36.739519680095121 ], [ -121.743844453115599, 36.7395610833291 ] ] ] } },
{ "type": "Feature", "properties": { "unit_id": "c-622_r561", "col": -622, "row": 561, "frac_2022": 0.18577995668186442, "frac_2023": 0.53973326958638901, "perm_water": 0, "x_3310": -155375.0, "y_3310": -140375.0, "county_geoid": "06053", "county": "Monterey", "lon": -121.742469, "lat": 36.740706 }, "geometry": { "type": "Polygon", "coordinates": [ [ [ -121.741041475438038, 36.739602420073716 ], [ -121.741092955996038, 36.741851351194661 ], [ -121.743896016516999, 36.741810013259709 ], [ -121.743844453115599, 36.7395610833291 ], [ -121.741041475438038, 36.739602420073716 ] ] ] } },
{ "type": "Feature", "properties": { "unit_id": "c-603_r561", "col": -603, "row": 561, "frac_2022": 0.035314816512051608, "frac_2023": 0.44334304144683806, "perm_water": 0, "x_3310": -150625.0, "y_3310": -140375.0, "county_geoid": "06053", "county": "Monterey", "lon": -121.689211, "lat": 36.74148 }, "geometry": { "type": "Polygon", "coordinates": [ [ [ -121.687784326800724, 36.74037518511107 ], [ -121.687834233283198, 36.7426241384848 ], [ -121.690637350806568, 36.742584063903195 ], [ -121.690587361475636, 36.740335111683443 ], [ -121.687784326800724, 36.74037518511107 ] ] ] } },
{ "type": "Feature", "properties": { "unit_id": "c-599_r561", "col": -599, "row": 561, "frac_2022": 0.054277744115352432, "frac_2023": 0.49213425066011962, "perm_water": 0, "x_3310": -149625.0, "y_3310": -140375.0, "county_geoid": "06053", "county": "Monterey", "lon": -121.677998, "lat": 36.741639 }, "geometry": { "type": "Polygon", "coordinates": [ [ [ -121.676572158641022, 36.740534813906514 ], [ -121.676621733727032, 36.742783771877093 ], [ -121.679424863025673, 36.742743963269362 ], [ -121.679375205090167, 36.74049500644513 ], [ -121.676572158641022, 36.740534813906514 ] ] ] } },
{ "type": "Feature", "properties": { "unit_id": "c-598_r561", "col": -598, "row": 561, "frac_2022": 0.016810411723352056, "frac_2023": 0.71172002857662309, "perm_water": 0, "x_3310": -149375.0, "y_3310": -140375.0, "county_geoid": "06053", "county": "Monterey", "lon": -121.675195, "lat": 36.741679 }, "geometry": { "type": "Polygon", "coordinates": [ [ [ -121.673769109260533, 36.740574554876126 ], [ -121.673818601496777, 36.742823513991127 ], [ -121.676621733727032, 36.742783771877093 ], [ -121.676572158641022, 36.740534813906514 ], [ -121.673769109260533, 36.740574554876126 ] ] ] } },
{ "type": "Feature", "properties": { "unit_id": "c-596_r561", "col": -596, "row": 561, "frac_2022": 0.0, "frac_2023": 0.48547235971358527, "perm_water": 0, "x_3310": -148875.0, "y_3310": -140375.0, "county_geoid": "06053", "county": "Monterey", "lon": -121.669589, "lat": 36.741759 }, "geometry": { "type": "Polygon", "coordinates": [ [ [ -121.668163001725205, 36.74065383733948 ], [ -121.66821232826112, 36.742902798737553 ], [ -121.671015466339853, 36.742863189611313 ], [ -121.670966056953645, 36.740614229353767 ], [ -121.668163001725205, 36.74065383733948 ] ] ] } },
{ "type": "Feature", "properties": { "unit_id": "c-590_r561", "col": -590, "row": 561, "frac_2022": 0.0, "frac_2023": 0.51903673971798725, "perm_water": 0, "x_3310": -147375.0, "y_3310": -140375.0, "county_geoid": "06053", "county": "Monterey", "lon": -121.652771, "lat": 36.741995 }, "geometry": { "type": "Polygon", "coordinates": [ [ [ -121.651344609276578, 36.740890088915549 ], [ -121.651393438705384, 36.743139057117126 ], [ -121.654196594212024, 36.74309984695649 ], [ -121.654147681931406, 36.740850879884107 ], [ -121.651344609276578, 36.740890088915549 ] ] ] } },
{ "type": "Feature", "properties": { "unit_id": "c-588_r561", "col": -588, "row": 561, "frac_2022": 0.0, "frac_2023": 0.56841311619344681, "perm_water": 0, "x_3310": -146875.0, "y_3310": -140375.0, "county_geoid": "06053", "county": "Monterey", "lon": -121.647164, "lat": 36.742073 }, "geometry": { "type": "Polygon", "coordinates": [ [ [ -121.645738455310081, 36.740968307500211 ], [ -121.645787119034452, 36.743217277954294 ], [ -121.648590280311225, 36.743178200783085 ], [ -121.64854153373453, 36.740929231454324 ], [ -121.645738455310081, 36.740968307500211 ] ] ] } },
{ "type": "Feature", "properties": { "unit_id": "c-637_r562", "col": -637, "row": 562, "frac_2022": 0.10004883576729794, "frac_2023": 0.51699955272440945, "perm_water": 0, "x_3310": -159125.0, "y_3310": -140625.0, "county_geoid": "06053", "county": "Monterey", "lon": -121.784461, "lat": 36.73783 }, "geometry": { "type": "Polygon", "coordinates": [ [ [ -121.783033098185726, 36.736726472750902 ], [ -121.783085818248878, 36.738975387573333 ], [ -121.785888749680282, 36.738933053500034 ], [ -121.785835946782711, 36.736684139896418 ], [ -121.783033098185726, 36.736726472750902 ] ] ] } },
{ "type": "Feature", "properties": { "unit_id": "c-596_r562", "col": -596, "row": 562, "frac_2022": 0.0, "frac_2023": 0.41788580806897824, "perm_water": 0, "x_3310": -148875.0, "y_3310": -140625.0, "county_geoid": "06053", "county": "Monterey", "lon": -121.66954, "lat": 36.73951 }, "geometry": { "type": "Polygon", "coordinates": [ [ [ -121.668113678105925, 36.738404874189591 ], [ -121.668163001725205, 36.74065383733948 ], [ -121.670966056953645, 36.740614229353767 ], [ -121.670916650488948, 36.738365267344385 ], [ -121.668113678105925, 36.738404874189591 ] ] ] } },
{ "type": "Feature", "properties": { "unit_id": "c-590_r562", "col": -590, "row": 562, "frac_2022": 0.0, "frac_2023": 0.46739157224006006, "perm_water": 0, "x_3310": -147375.0, "y_3310": -140625.0, "county_geoid": "06053", "county": "Monterey", "lon": -121.652722, "lat": 36.739746 }, "geometry": { "type": "Polygon", "coordinates": [ [ [ -121.651295782735062, 36.738641118963002 ], [ -121.651344609276578, 36.740890088915549 ], [ -121.654147681931406, 36.740850879884107 ], [ -121.654098772542923, 36.738601911060535 ], [ -121.651295782735062, 36.738641118963002 ] ] ] } },
{ "type": "Feature", "properties": { "unit_id": "c-588_r562", "col": -588, "row": 562, "frac_2022": 0.0, "frac_2023": 0.47313424392917425, "perm_water": 0, "x_3310": -146875.0, "y_3310": -140625.0, "county_geoid": "06053", "county": "Monterey", "lon": -121.647116, "lat": 36.739824 }, "geometry": { "type": "Polygon", "coordinates": [ [ [ -121.645689794463195, 36.73871933529545 ], [ -121.645738455310081, 36.740968307500211 ], [ -121.64854153373453, 36.740929231454324 ], [ -121.648492790040166, 36.73868026037465 ], [ -121.645689794463195, 36.73871933529545 ] ] ] } },
{ "type": "Feature", "properties": { "unit_id": "c-587_r562", "col": -587, "row": 562, "frac_2022": 0.0, "frac_2023": 0.64379788828963225, "perm_water": 0, "x_3310": -146625.0, "y_3310": -140625.0, "county_geoid": "06053", "county": "Monterey", "lon": -121.644313, "lat": 36.739863 }, "geometry": { "type": "Polygon", "coordinates": [ [ [ -121.64288679600898, 36.738758343725202 ], [ -121.642935374008161, 36.741007317053239 ], [ -121.645738455310081, 36.740968307500211 ], [ -121.645689794463195, 36.73871933529545 ], [ -121.64288679600898, 36.738758343725202 ] ] ] } },
{ "type": "Feature", "properties": { "unit_id": "c-581_r562", "col": -581, "row": 562, "frac_2022": 0.028800000001208848, "frac_2023": 0.45795838450458209, "perm_water": 0, "x_3310": -145125.0, "y_3310": -140625.0, "county_geoid": "06053", "county": "Monterey", "lon": -121.627494, "lat": 36.740096 }, "geometry": { "type": "Polygon", "coordinates": [ [ [ -121.626068745136422, 36.738990997987031 ], [ -121.626116826044068, 36.741239978014548 ], [ -121.628919924507983, 36.741201367421105 ], [ -121.62887176075111, 36.738952388505425 ], [ -121.626068745136422, 36.738990997987031 ] ] ] } },
{ "type": "Feature", "properties": { "unit_id": "c-578_r562", "col": -578, "row": 562, "frac_2022": 0.0, "frac_2023": 0.70515243782041748, "perm_water": 0, "x_3310": -144375.0, "y_3310": -140625.0, "county_geoid": "06053", "county": "Monterey", "lon": -121.619085, "lat": 36.740212 }, "geometry": { "type": "Polygon", "coordinates": [ [ [ -121.617659681254324, 36.739106427481403 ], [ -121.6177075136128, 36.74135541083276 ], [ -121.620510620591588, 36.741316999720468 ], [ -121.620462705383147, 36.739068017475162 ], [ -121.617659681254324, 36.739106427481403 ] ] ] } },
{ "type": "Feature", "properties": { "unit_id": "c-577_r562", "col": -577, "row": 562, "frac_2022": 0.0, "frac_2023": 0.40103981120953797, "perm_water": 0, "x_3310": -144125.0, "y_3310": -140625.0, "county_geoid": "06053", "county": "Monterey", "lon": -121.616282, "lat": 36.74025 }, "geometry": { "type": "Polygon", "coordinates": [ [ [ -121.614856654297256, 36.739144770995665 ], [ -121.614904403805511, 36.741393755451142 ], [ -121.6177075136128, 36.74135541083276 ], [ -121.617659681254324, 36.739106427481403 ], [ -121.614856654297256, 36.739144770995665 ] ] ] } },
{ "type": "Feature", "properties": { "unit_id": "c-632_r563", "col": -632, "row": 563, "frac_2022": 0.60114954768441942, "frac_2023": 0.6155495476874665, "perm_water": 0, "x_3310": -157875.0, "y_3310": -140875.0, "county_geoid": "06053", "county": "Monterey", "lon": -121.770394, "lat": 36.735792 }, "geometry": { "type": "Polygon", "coordinates": [ [ [ -121.768966505748281, 36.734688217084376 ], [ -121.769018808542668, 36.736937139732298 ], [ -121.771821672676026, 36.736895139308494 ], [ -121.771769287050759, 36.734646217869717 ], [ -121.768966505748281, 36.734688217084376 ] ] ] } },
{ "type": "Feature", "properties": { "unit_id": "c-596_r563", "col": -596, "row": 563, "frac_2022": 0.014399999999404127, "frac_2023": 0.48290738975794478, "perm_water": 0, "x_3310": -148875.0, "y_3310": -140875.0, "county_geoid": "06053", "county": "Monterey", "lon": -121.66949, "lat": 36.737261 }, "geometry": { "type": "Polygon", "coordinates": [ [ [ -121.668064357402997, 36.736155909284619 ], [ -121.668113678105925, 36.738404874189591 ], [ -121.670916650488948, 36.738365267344385 ], [ -121.670867246945548, 36.736116303579742 ], [ -121.668064357402997, 36.736155909284619 ] ] ] } },
{ "type": "Feature", "properties": { "unit_id": "c-595_r563", "col": -595, "row": 563, "frac_2022": 0.0, "frac_2023": 0.46601293422386431, "perm_water": 0, "x_3310": -148625.0, "y_3310": -140875.0, "county_geoid": "06053", "county": "Monterey", "lon": -121.666688, "lat": 36.7373 }, "geometry": { "type": "Polygon", "coordinates": [ [ [ -121.665261464944322, 36.736195448501121 ], [ -121.665310702806494, 36.738444414544574 ], [ -121.668113678105925, 36.738404874189591 ], [ -121.668064357402997, 36.736155909284619 ], [ -121.665261464944322, 36.736195448501121 ] ] ] } },
{ "type": "Feature", "properties": { "unit_id": "c-590_r563", "col": -590, "row": 563, "frac_2022": 0.0, "frac_2023": 0.75969743233757758, "perm_water": 0, "x_3310": -147375.0, "y_3310": -140875.0, "county_geoid": "06053", "county": "Monterey", "lon": -121.652673, "lat": 36.737497 }, "geometry": { "type": "Polygon", "coordinates": [ [ [ -121.651246959080524, 36.736392147256041 ], [ -121.651295782735062, 36.738641118963002 ], [ -121.654098772542923, 36.738601911060535 ], [ -121.654049866046364, 36.736352940482462 ], [ -121.651246959080524, 36.736392147256041 ] ] ] } },
{ "type": "Feature", "properties": { "unit_id": "c-583_r563", "col": -583, "row": 563, "frac_2022": 0.0, "frac_2023": 0.61494690736527047, "perm_water": 0, "x_3310": -145625.0, "y_3310": -140875.0, "county_geoid": "06053", "county": "Monterey", "lon": -121.633052, "lat": 36.73777 }, "geometry": { "type": "Polygon", "coordinates": [ [ [ -121.63162652976483, 36.736664732976607 ], [ -121.631674773517943, 36.738913712532167 ], [ -121.634477783432018, 36.738874970067393 ], [ -121.634429456835107, 36.73662599162742 ], [ -121.63162652976483, 36.736664732976607 ] ] ] } },
{ "type": "Feature", "properties": { "unit_id": "c-582_r563", "col": -582, "row": 563, "frac_2022": 0.0, "frac_2023": 0.66523900656045887, "perm_water": 0, "x_3310": -145375.0, "y_3310": -140875.0, "county_geoid": "06053", "county": "Monterey", "lon": -121.630249, "lat": 36.737809 }, "geometry": { "type": "Polygon", "coordinates": [ [ [ -121.62882359984205, 36.736703407836274 ], [ -121.62887176075111, 36.738952388505425 ], [ -121.631674773517943, 36.738913712532167 ], [ -121.63162652976483, 36.736664732976607 ], [ -121.62882359984205, 36.736703407836274 ] ] ] } },
{ "type": "Feature", "properties": { "unit_id": "c-581_r563", "col": -581, "row": 563, "frac_2022": 0.0, "frac_2023": 0.75060560003789201, "perm_water": 0, "x_3310": -145125.0, "y_3310": -140875.0, "county_geoid": "06053", "county": "Monterey", "lon": -121.627446, "lat": 36.737847 }, "geometry": { "type": "Polygon", "coordinates": [ [ [ -121.626020667071714, 36.73674201620625 ], [ -121.626068745136422, 36.738990997987031 ], [ -121.62887176075111, 36.738952388505425 ], [ -121.62882359984205, 36.736703407836274 ], [ -121.626020667071714, 36.73674201620625 ] ] ] } },
{ "type": "Feature", "properties": { "unit_id": "c-580_r563", "col": -580, "row": 563, "frac_2022": 0.0, "frac_2023": 0.48431148286213971, "perm_water": 0, "x_3310": -144875.0, "y_3310": -140875.0, "county_geoid": "06053", "county": "Monterey", "lon": -121.624643, "lat": 36.737886 }, "geometry": { "type": "Polygon", "coordinates": [ [ [ -121.623217731458666, 36.736780558086465 ], [ -121.62326572667881, 36.739029540976986 ], [ -121.626068745136422, 36.738990997987031 ], [ -121.626020667071714, 36.73674201620625 ], [ -121.623217731458666, 36.736780558086465 ] ] ] } },
{ "type": "Feature", "properties": { "unit_id": "c-631_r564", "col": -631, "row": 564, "frac_2022": 0.52661015274738643, "frac_2023": 0.58370473163037573, "perm_water": 0, "x_3310": -157625.0, "y_3310": -141125.0, "county_geoid": "06053", "county": "Monterey", "lon": -121.767539, "lat": 36.733585 }, "geometry": { "type": "Polygon", "coordinates": [ [ [ -121.766111504477706, 36.732481224196214 ], [ -121.766163721353493, 36.734730149814389 ], [ -121.768966505748281, 36.734688217084376 ], [ -121.768914206046219, 36.73243929267327 ], [ -121.766111504477706, 36.732481224196214 ] ] ] } },
{ "type": "Feature", "properties": { "unit_id": "c-630_r564", "col": -630, "row": 564, "frac_2022": 0.041941687126683107, "frac_2023": 0.41288392921777284, "perm_water": 0, "x_3310": -157375.0, "y_3310": -141125.0, "county_geoid": "06053", "county": "Monterey", "lon": -121.764736, "lat": 36.733627 }, "geometry": { "type": "Polygon", "coordinates": [ [ [ -121.763308799822028, 36.732523089236402 ], [ -121.763360933871269, 36.734772016059821 ], [ -121.766163721353493, 36.734730149814389 ], [ -121.766111504477706, 36.732481224196214 ], [ -121.763308799822028, 36.732523089236402 ] ] ] } },
{ "type": "Feature", "properties": { "unit_id": "c-625_r564", "col": -625, "row": 564, "frac_2022": 0.0, "frac_2023": 0.43547007684836725, "perm_water": 0, "x_3310": -156125.0, "y_3310": -141125.0, "county_geoid": "06053", "county": "Monterey", "lon": -121.750722, "lat": 36.733835 }, "geometry": { "type": "Polygon", "coordinates": [ [ [ -121.749295230407725, 36.732731417192632 ], [ -121.749346950320117, 36.734980350013515 ], [ -121.752149753166037, 36.734938816192965 ], [ -121.752097950425721, 36.732689884567733 ], [ -121.749295230407725, 36.732731417192632 ] ] ] } },
{ "type": "Feature", "properties": { "unit_id": "c-622_r564", "col": -622, "row": 564, "frac_2022": 0.1095366210784718, "frac_2023": 0.42954107547342024, "perm_water": 0, "x_3310": -155375.0, "y_3310": -141125.0, "county_geoid": "06053", "county": "Monterey", "lon": -121.742314, "lat": 36.733959 }, "geometry": { "type": "Polygon", "coordinates": [ [ [ -121.740887052026508, 36.732855616166738 ], [ -121.740938523453551, 36.735104552563108 ], [ -121.743741335458978, 36.735063218198697 ], [ -121.743689781203202, 36.732814282992265 ], [ -121.740887052026508, 36.732855616166738 ] ] ] } },
{ "type": "Feature", "properties": { "unit_id": "c-620_r564", "col": -620, "row": 564, "frac_2022": 0.50271702568212417, "frac_2023": 0.53712027180456234, "perm_water": 0, "x_3310": -154875.0, "y_3310": -141125.0, "county_geoid": "06053", "county": "Monterey", "lon": -121.736709, "lat": 36.734042 }, "geometry": { "type": "Polygon", "coordinates": [ [ [ -121.735281584548673, 36.732938083064489 ], [ -121.735332890317451, 36.735187021834982 ], [ -121.738135708404755, 36.735145820441872 ], [ -121.738084319806703, 36.732896882857503 ], [ -121.735281584548673, 36.732938083064489 ] ] ] } },
{ "type": "Feature", "properties": { "unit_id": "c-619_r564", "col": -619, "row": 564, "frac_2022": 0.37034409468842822, "frac_2023": 0.43583573109945906, "perm_water": 0, "x_3310": -154625.0, "y_3310": -141125.0, "county_geoid": "06053", "county": "Monterey", "lon": -121.733906, "lat": 36.734083 }, "geometry": { "type": "Polygon", "coordinates": [ [ [ -121.732478846257322, 36.732979216787555 ], [ -121.732530069196599, 36.735228156742252 ], [ -121.735332890317451, 36.735187021834982 ], [ -121.735281584548673, 36.732938083064489 ], [ -121.732478846257322, 36.732979216787555 ] ] ] } },
{ "type": "Feature", "properties": { "unit_id": "c-609_r564", "col": -609, "row": 564, "frac_2022": 0.40696728144023342, "frac_2023": 0.31281256761119069, "perm_water": 0, "x_3310": -152125.0, "y_3310": -141125.0, "county_geoid": "06053", "county": "Monterey", "lon": -121.705878, "lat": 36.734491 }, "geometry": { "type": "Polygon", "coordinates": [ [ [ -121.704451297587937, 36.733386897380463 ], [ -121.704501692217192, 36.735635849071905 ], [ -121.707304543404774, 36.735595379028602 ], [ -121.707254065943317, 36.733346428502202 ], [ -121.704451297587937, 36.733386897380463 ] ] ] } },
{ "type": "Feature", "properties": { "unit_id": "c-608_r564", "col": -608, "row": 564, "frac_2022": 0.73051938831587082, "frac_2023": 0.77582698232983027, "perm_water": 0, "x_3310": -151875.0, "y_3310": -141125.0, "county_geoid": "06053", "county": "Monterey", "lon": -121.703075, "lat": 36.734532 }, "geometry": { "type": "Polygon", "coordinates": [ [ [ -121.701648526253067, 36.733427299773709 ], [ -121.701698838049865, 36.735676252628323 ], [ -121.704501692217192, 36.735635849071905 ], [ -121.704451297587937, 36.733386897380463 ], [ -121.701648526253067, 36.733427299773709 ] ] ] } },
{ "type": "Feature", "properties": { "unit_id": "c-596_r564", "col": -596, "row": 564, "frac_2022": 0.0, "frac_2023": 0.54171295265949015, "perm_water": 0, "x_3310": -148875.0, "y_3310": -141125.0, "county_geoid": "06053", "county": "Monterey", "lon": -121.669441, "lat": 36.735012 }, "geometry": { "type": "Polygon", "coordinates": [ [ [ -121.668015039616208, 36.733906942621083 ], [ -121.668064357402997, 36.736155909284619 ], [ -121.670867246945548, 36.736116303579742 ], [ -121.670817846323175, 36.733867338056498 ], [ -121.668015039616208, 36.733906942621083 ] ] ] } },
{ "type": "Feature", "properties": { "unit_id": "c-595_r564", "col": -595, "row": 564, "frac_2022": 0.0, "frac_2023": 0.80610886337029231, "perm_water": 0, "x_3310": -148625.0, "y_3310": -141125.0, "county_geoid": "06053", "county": "Monterey", "lon": -121.666638, "lat": 36.735051 }, "geometry": { "type": "Polygon", "coordinates": [ [ [ -121.665212229993401, 36.73394648069938 ], [ -121.665261464944322, 36.736195448501121 ], [ -121.668064357402997, 36.736155909284619 ], [ -121.668015039616208, 36.733906942621083 ], [ -121.665212229993401, 36.73394648069938 ] ] ] } },
{ "type": "Feature", "properties": { "unit_id": "c-594_r564", "col": -594, "row": 564, "frac_2022": 0.0, "frac_2023": 0.77029972721356421, "perm_water": 0, "x_3310": -148375.0, "y_3310": -141125.0, "county_geoid": "06053", "county": "Monterey", "lon": -121.663835, "lat": 36.735091 }, "geometry": { "type": "Polygon", "coordinates": [ [ [ -121.6624094174596, 36.733985952291121 ], [ -121.66245856957444, 36.736234921229318 ], [ -121.665261464944322, 36.736195448501121 ], [ -121.665212229993401, 36.73394648069938 ], [ -121.6624094174596, 36.733985952291121 ] ] ] } },
{ "type": "Feature", "properties": { "unit_id": "c-590_r564", "col": -590, "row": 564, "frac_2022": 0.0, "frac_2023": 0.7320820321256849, "perm_water": 0, "x_3310": -147375.0, "y_3310": -141125.0, "county_geoid": "06053", "county": "Monterey", "lon": -121.652624, "lat": 36.735248 }, "geometry": { "type": "Polygon", "coordinates": [ [ [ -121.651198138312722, 36.734143173791388 ], [ -121.651246959080524, 36.736392147256041 ], [ -121.654049866046364, 36.736352940482462 ], [ -121.65400096244143, 36.734103968146563 ], [ -121.651198138312722, 36.734143173791388 ] ] ] } },
{ "type": "Feature", "properties": { "unit_id": "c-582_r564", "col": -582, "row": 564, "frac_2022": 0.0, "frac_2023": 0.57233635468131072, "perm_water": 0, "x_3310": -145375.0, "y_3310": -141125.0, "county_geoid": "06053", "county": "Monterey", "lon": -121.630201, "lat": 36.73556 }, "geometry": { "type": "Polygon", "coordinates": [ [ [ -121.628775441780604, 36.734454425410497 ], [ -121.62882359984205, 36.736703407836274 ], [ -121.63162652976483, 36.736664732976607 ], [ -121.631578288864176, 36.734415751664265 ], [ -121.628775441780604, 36.734454425410497 ] ] ] } },
{ "type": "Feature", "properties": { "unit_id": "c-581_r564", "col": -581, "row": 564, "frac_2022": 0.0, "frac_2023": 0.87617023042448694, "perm_water": 0, "x_3310": -145125.0, "y_3310": -141125.0, "county_geoid": "06053", "county": "Monterey", "lon": -121.627398, "lat": 36.735598 }, "geometry": { "type": "Polygon", "coordinates": [ [ [ -121.625972591849688, 36.734493032668915 ], [ -121.626020667071714, 36.73674201620625 ], [ -121.62882359984205, 36.736703407836274 ], [ -121.628775441780604, 36.734454425410497 ], [ -121.625972591849688, 36.734493032668915 ] ] ] } },
{ "type": "Feature", "properties": { "unit_id": "c-580_r564", "col": -580, "row": 564, "frac_2022": 0.0, "frac_2023": 0.75938767194241685, "perm_water": 0, "x_3310": -144875.0, "y_3310": -141125.0, "county_geoid": "06053", "county": "Monterey", "lon": -121.624595, "lat": 36.735637 }, "geometry": { "type": "Polygon", "coordinates": [ [ [ -121.623169739076332, 36.734531573439469 ], [ -121.623217731458666, 36.736780558086465 ], [ -121.626020667071714, 36.73674201620625 ], [ -121.625972591849688, 36.734493032668915 ], [ -121.623169739076332, 36.734531573439469 ] ] ] } },
{ "type": "Feature", "properties": { "unit_id": "c-579_r564", "col": -579, "row": 564, "frac_2022": 0.0, "frac_2023": 0.40385104699797481, "perm_water": 0, "x_3310": -144625.0, "y_3310": -141125.0, "county_geoid": "06053", "county": "Monterey", "lon": -121.621792, "lat": 36.735675 }, "geometry": { "type": "Polygon", "coordinates": [ [ [ -121.620366883465437, 36.734570047722059 ], [ -121.620414793007825, 36.73681903347677 ], [ -121.623217731458666, 36.736780558086465 ], [ -121.623169739076332, 36.734531573439469 ], [ -121.620366883465437, 36.734570047722059 ] ] ] } },
{ "type": "Feature", "properties": { "unit_id": "c-574_r564", "col": -574, "row": 564, "frac_2022": 0.0, "frac_2023": 0.6850041881295813, "perm_water": 0, "x_3310": -143375.0, "y_3310": -141125.0, "county_geoid": "06053", "county": "Monterey", "lon": -121.607778, "lat": 36.735867 }, "geometry": { "type": "Polygon", "coordinates": [ [ [ -121.606352563019115, 36.73476142181201 ], [ -121.606400058358076, 36.737010413076597 ], [ -121.60920301092446, 36.736972270137187 ], [ -121.609155432744302, 36.734723279970744 ], [ -121.606352563019115, 36.73476142181201 ] ] ] } },
{ "type": "Feature", "properties": { "unit_id": "c-609_r565", "col": -609, "row": 565, "frac_2022": 0.34511286623284987, "frac_2023": 0.40479842226034535, "perm_water": 0, "x_3310": -152125.0, "y_3310": -141375.0, "county_geoid": "06053", "county": "Monterey", "lon": -121.705827, "lat": 36.732242 }, "geometry": { "type": "Polygon", "coordinates": [ [ [ -121.704400905938186, 36.731137943925539 ], [ -121.704451297587937, 36.733386897380463 ], [ -121.707254065943317, 36.733346428502202 ], [ -121.707203591466254, 36.731097476212206 ], [ -121.704400905938186, 36.731137943925539 ] ] ] } },
{ "type": "Feature", "properties": { "unit_id": "c-608_r565", "col": -608, "row": 565, "frac_2022": 0.67934830774276111, "frac_2023": 0.61741940976607657, "perm_water": 0, "x_3310": -151875.0, "y_3310": -141375.0, "county_geoid": "06053", "county": "Monterey", "lon": -121.703025, "lat": 36.732283 }, "geometry": { "type": "Polygon", "coordinates": [ [ [ -121.701598217430885, 36.73117834515574 ], [ -121.701648526253067, 36.733427299773709 ], [ -121.704451297587937, 36.733386897380463 ], [ -121.704400905938186, 36.731137943925539 ], [ -121.701598217430885, 36.73117834515574 ] ] ] } },
{ "type": "Feature", "properties": { "unit_id": "c-607_r565", "col": -607, "row": 565, "frac_2022": 0.64287764288811056, "frac_2023": 0.45673390210755871, "perm_water": 0, "x_3310": -151625.0, "y_3310": -141375.0, "county_geoid": "06053", "county": "Monterey", "lon": -121.700222, "lat": 36.732323 }, "geometry": { "type": "Polygon", "coordinates": [ [ [ -121.698795525949251, 36.731218679902682 ], [ -121.698845751943608, 36.733467635681805 ], [ -121.701648526253067, 36.733427299773709 ], [ -121.701598217430885, 36.73117834515574 ], [ -121.698795525949251, 36.731218679902682 ] ] ] } },
{ "type": "Feature", "properties": { "unit_id": "c-606_r565", "col": -606, "row": 565, "frac_2022": 0.31416134876225849, "frac_2023": 0.4159131419591367, "perm_water": 0, "x_3310": -151375.0, "y_3310": -141375.0, "county_geoid": "06053", "county": "Monterey", "lon": -121.697419, "lat": 36.732363 }, "geometry": { "type": "Polygon", "coordinates": [ [ [ -121.695992831498174, 36.731258948166307 ], [ -121.696042974664451, 36.733507905104624 ], [ -121.698845751943608, 36.733467635681805 ], [ -121.698795525949251, 36.731218679902682 ], [ -121.695992831498174, 36.731258948166307 ] ] ] } },
{ "type": "Feature", "properties": { "unit_id": "c-596_r565", "col": -596, "row": 565, "frac_2022": 0.0, "frac_2023": 0.44383910946949068, "perm_water": 0, "x_3310": -148875.0, "y_3310": -141375.0, "county_geoid": "06053", "county": "Monterey", "lon": -121.669392, "lat": 36.732763 }, "geometry": { "type": "Polygon", "coordinates": [ [ [ -121.667965724745272, 36.731657974195819 ], [ -121.668015039616208, 36.733906942621083 ], [ -121.670817846323175, 36.733867338056498 ], [ -121.67076844862153, 36.731618370771272 ], [ -121.667965724745272, 36.731657974195819 ] ] ] } },
{ "type": "Feature", "properties": { "unit_id": "c-594_r565", "col": -594, "row": 565, "frac_2022": 0.049146389120442883, "frac_2023": 0.42601160154067319, "perm_water": 0, "x_3310": -148375.0, "y_3310": -141375.0, "county_geoid": "06053", "county": "Monterey", "lon": -121.663786, "lat": 36.732842 }, "geometry": { "type": "Polygon", "coordinates": [ [ [ -121.662360268250865, 36.731736981591375 ], [ -121.6624094174596, 36.733985952291121 ], [ -121.665212229993401, 36.73394648069938 ], [ -121.665162997953431, 36.731697511135906 ], [ -121.662360268250865, 36.731736981591375 ] ] ] } },
{ "type": "Feature", "properties": { "unit_id": "c-580_r565", "col": -580, "row": 565, "frac_2022": 0.0, "frac_2023": 0.82805817557219097, "perm_water": 0, "x_3310": -144875.0, "y_3310": -141375.0, "county_geoid": "06053", "county": "Monterey", "lon": -121.624547, "lat": 36.733388 }, "geometry": { "type": "Polygon", "coordinates": [ [ [ -121.623121749531549, 36.732282587032692 ], [ -121.623169739076332, 36.734531573439469 ], [ -121.625972591849688, 36.734493032668915 ], [ -121.625924519470104, 36.732244047371623 ], [ -121.623121749531549, 36.732282587032692 ] ] ] } },
{ "type": "Feature", "properties": { "unit_id": "c-632_r566", "col": -632, "row": 566, "frac_2022": 0.26002524752161887, "frac_2023": 0.41327678674355534, "perm_water": 0, "x_3310": -157875.0, "y_3310": -141625.0, "county_geoid": "06053", "county": "Monterey", "lon": -121.770237, "lat": 36.729045 }, "geometry": { "type": "Polygon", "coordinates": [ [ [ -121.768809615917959, 36.727941438548207 ], [ -121.768861909436211, 36.730190366495627 ], [ -121.771664525091566, 36.730148369698981 ], [ -121.771612148757114, 36.727899442960272 ], [ -121.768809615917959, 36.727941438548207 ] ] ] } },
{ "type": "Feature", "properties": { "unit_id": "c-624_r566", "col": -624, "row": 566, "frac_2022": 0.39689614548414848, "frac_2023": 0.52631390643114839, "perm_water": 0, "x_3310": -155875.0, "y_3310": -141625.0, "county_geoid": "06053", "county": "Monterey", "lon": -121.747816, "lat": 36.729379 }, "geometry": { "type": "Polygon", "coordinates": [ [ [ -121.746389242321868, 36.728275010005312 ], [ -121.746440873300571, 36.730523947554133 ], [ -121.749243513553083, 36.730482482606234 ], [ -121.749191799755991, 36.728233546250884 ], [ -121.746389242321868, 36.728275010005312 ] ] ] } },
{ "type": "Feature", "properties": { "unit_id": "c-623_r566", "col": -623, "row": 566, "frac_2022": 0.70766047651974995, "frac_2023": 0.61815203909532934, "perm_water": 0, "x_3310": -155625.0, "y_3310": -141625.0, "county_geoid": "06053", "county": "Monterey", "lon": -121.745014, "lat": 36.72942 }, "geometry": { "type": "Polygon", "coordinates": [ [ [ -121.743586681835396, 36.72831640728009 ], [ -121.74363822999544, 36.730565346020512 ], [ -121.746440873300571, 36.730523947554133 ], [ -121.746389242321868, 36.728275010005312 ], [ -121.743586681835396, 36.72831640728009 ] ] ] } },
{ "type": "Feature", "properties": { "unit_id": "c-609_r566", "col": -609, "row": 566, "frac_2022": 0.40592467713648861, "frac_2023": 0.53160990020788079, "perm_water": 0, "x_3310": -152125.0, "y_3310": -141625.0, "county_geoid": "06053", "county": "Monterey", "lon": -121.705777, "lat": 36.729993 }, "geometry": { "type": "Polygon", "coordinates": [ [ [ -121.704350517267642, 36.728888988703773 ], [ -121.704400905938186, 36.731137943925539 ], [ -121.707203591466254, 36.731097476212206 ], [ -121.707153119973299, 36.728848522155232 ], [ -121.704350517267642, 36.728888988703773 ] ] ] } },
{ "type": "Feature", "properties": { "unit_id": "c-608_r566", "col": -608, "row": 566, "frac_2022": 0.41600699904599614, "frac_2023": 0.45270236330846647, "perm_water": 0, "x_3310": -151875.0, "y_3310": -141625.0, "county_geoid": "06053", "county": "Monterey", "lon": -121.702974, "lat": 36.730034 }, "geometry": { "type": "Polygon", "coordinates": [ [ [ -121.70154791158302, 36.728929388771043 ], [ -121.701598217430885, 36.73117834515574 ], [ -121.704400905938186, 36.731137943925539 ], [ -121.704350517267642, 36.728888988703773 ], [ -121.70154791158302, 36.728929388771043 ] ] ] } },
{ "type": "Feature", "properties": { "unit_id": "c-607_r566", "col": -607, "row": 566, "frac_2022": 0.40347897480584743, "frac_2023": 0.44593537087602636, "perm_water": 0, "x_3310": -151625.0, "y_3310": -141625.0, "county_geoid": "06053", "county": "Monterey", "lon": -121.700172, "lat": 36.730074 }, "geometry": { "type": "Polygon", "coordinates": [ [ [ -121.698745302924337, 36.728969722357014 ], [ -121.698795525949251, 36.731218679902682 ], [ -121.701598217430885, 36.73117834515574 ], [ -121.70154791158302, 36.728929388771043 ], [ -121.698745302924337, 36.728969722357014 ] ] ] } },
{ "type": "Feature", "properties": { "unit_id": "c-603_r566", "col": -603, "row": 566, "frac_2022": 0.0, "frac_2023": 0.41523081020659386, "perm_water": 0, "x_3310": -150625.0, "y_3310": -141625.0, "county_geoid": "06053", "county": "Monterey", "lon": -121.688961, "lat": 36.730235 }, "geometry": { "type": "Polygon", "coordinates": [ [ [ -121.687534838646783, 36.729130391885469 ], [ -121.687584730377338, 36.731379354056003 ], [ -121.690387433707329, 36.73133928524306 ], [ -121.690337459152786, 36.729090324225844 ], [ -121.687534838646783, 36.729130391885469 ] ] ] } },
{ "type": "Feature", "properties": { "unit_id": "c-602_r566", "col": -602, "row": 566, "frac_2022": 0.019936642913391197, "frac_2023": 0.45863563249943812, "perm_water": 0, "x_3310": -150375.0, "y_3310": -141625.0, "county_geoid": "06053", "county": "Monterey", "lon": -121.686158, "lat": 36.730275 }, "geometry": { "type": "Polygon", "coordinates": [ [ [ -121.684732215191161, 36.729170393063207 ], [ -121.684782024097444, 36.73141935638521 ], [ -121.687584730377338, 36.731379354056003 ], [ -121.687534838646783, 36.729130391885469 ], [ -121.684732215191161, 36.729170393063207 ] ] ] } },
{ "type": "Feature", "properties": { "unit_id": "c-595_r566", "col": -595, "row": 566, "frac_2022": 0.0, "frac_2023": 0.43409341704989218, "perm_water": 0, "x_3310": -148625.0, "y_3310": -141625.0, "county_geoid": "06053", "county": "Monterey", "lon": -121.66654, "lat": 36.730553 }, "geometry": { "type": "Polygon", "coordinates": [ [ [ -121.66511376882417, 36.729448539807372 ], [ -121.665162997953431, 36.731697511135906 ], [ -121.667965724745272, 36.731657974195819 ], [ -121.667916412789936, 36.729409004005376 ], [ -121.66511376882417, 36.729448539807372 ] ] ] } },
{ "type": "Feature", "properties": { "unit_id": "c-594_r566", "col": -594, "row": 566, "frac_2022": 0.0084536108796490986, "frac_2023": 0.59589780609203402, "perm_water": 0, "x_3310": -148375.0, "y_3310": -141625.0, "county_geoid": "06053", "county": "Monterey", "lon": -121.663737, "lat": 36.730593 }, "geometry": { "type": "Polygon", "coordinates": [ [ [ -121.662311121947923, 36.729488009126705 ], [ -121.662360268250865, 36.731736981591375 ], [ -121.665162997953431, 36.731697511135906 ], [ -121.66511376882417, 36.729448539807372 ], [ -121.662311121947923, 36.729488009126705 ] ] ] } },
{ "type": "Feature", "properties": { "unit_id": "c-593_r566", "col": -593, "row": 566, "frac_2022": 0.001666913353814774, "frac_2023": 0.54509656774191406, "perm_water": 0, "x_3310": -148125.0, "y_3310": -141625.0, "county_geoid": "06053", "county": "Monterey", "lon": -121.660934, "lat": 36.730632 }, "geometry": { "type": "Polygon", "coordinates": [ [ [ -121.659508472166138, 36.729527411963325 ], [ -121.659557535642506, 36.731776385562185 ], [ -121.662360268250865, 36.731736981591375 ], [ -121.662311121947923, 36.729488009126705 ], [ -121.659508472166138, 36.729527411963325 ] ] ] } },
{ "type": "Feature", "properties": { "unit_id": "c-624_r567", "col": -624, "row": 567, "frac_2022": 0.55725987032748026, "frac_2023": 0.55725987032748026, "perm_water": 0, "x_3310": -155875.0, "y_3310": -141875.0, "county_geoid": "06053", "county": "Monterey", "lon": -121.747765, "lat": 36.72713 }, "geometry": { "type": "Polygon", "coordinates": [ [ [ -121.746337614395514, 36.726026070684313 ], [ -121.746389242321868, 36.728275010005312 ], [ -121.749191799755991, 36.728233546250884 ], [ -121.749140089016137, 36.725984608123198 ], [ -121.746337614395514, 36.726026070684313 ] ] ] } },
{ "type": "Feature", "properties": { "unit_id": "c-606_r567", "col": -606, "row": 567, "frac_2022": 0.0, "frac_2023": 0.44571506384320858, "perm_water": 0, "x_3310": -151375.0, "y_3310": -141875.0, "county_geoid": "06053", "county": "Monterey", "lon": -121.697319, "lat": 36.727865 }, "geometry": { "type": "Polygon", "coordinates": [ [ [ -121.695892554059014, 36.726761028986957 ], [ -121.695942691296452, 36.729009989461531 ], [ -121.698745302924337, 36.728969722357014 ], [ -121.698695082868554, 36.726720763041406 ], [ -121.695892554059014, 36.726761028986957 ] ] ] } },
{ "type": "Feature", "properties": { "unit_id": "c-605_r567", "col": -605, "row": 567, "frac_2022": 0.0, "frac_2023": 0.584179772612336, "perm_water": 0, "x_3310": -151125.0, "y_3310": -141875.0, "county_geoid": "06053", "county": "Monterey", "lon": -121.694516, "lat": 36.727906 }, "geometry": { "type": "Polygon", "coordinates": [ [ [ -121.693090022285446, 36.726801228452864 ], [ -121.693140076704324, 36.729050190084529 ], [ -121.695942691296452, 36.729009989461531 ], [ -121.695892554059014, 36.726761028986957 ], [ -121.693090022285446, 36.726801228452864 ] ] ] } },
{ "type": "Feature", "properties": { "unit_id": "c-604_r567", "col": -604, "row": 567, "frac_2022": 0.014399999997619921, "frac_2023": 0.47363400745211331, "perm_water": 0, "x_3310": -150875.0, "y_3310": -141875.0, "county_geoid": "06053", "county": "Monterey", "lon": -121.691714, "lat": 36.727946 }, "geometry": { "type": "Polygon", "coordinates": [ [ [ -121.690287487552752, 36.726841361439099 ], [ -121.690337459152786, 36.729090324225844 ], [ -121.693140076704324, 36.729050190084529 ], [ -121.693090022285446, 36.726801228452864 ], [ -121.690287487552752, 36.726841361439099 ] ] ] } },
{ "type": "Feature", "properties": { "unit_id": "c-593_r567", "col": -593, "row": 567, "frac_2022": 0.0, "frac_2023": 0.63202698436241211, "perm_water": 0, "x_3310": -148125.0, "y_3310": -141875.0, "county_geoid": "06053", "county": "Monterey", "lon": -121.660885, "lat": 36.728383 }, "geometry": { "type": "Polygon", "coordinates": [ [ [ -121.659459411590461, 36.727278436596286 ], [ -121.659508472166138, 36.729527411963325 ], [ -121.662311121947923, 36.729488009126705 ], [ -121.662261978550546, 36.727239034893778 ], [ -121.659459411590461, 36.727278436596286 ] ] ] } },
{ "type": "Feature", "properties": { "unit_id": "c-578_r567", "col": -578, "row": 567, "frac_2022": 0.0, "frac_2023": 0.50095679532876614, "perm_water": 0, "x_3310": -144375.0, "y_3310": -141875.0, "county_geoid": "06053", "county": "Monterey", "lon": -121.618846, "lat": 36.728967 }, "geometry": { "type": "Polygon", "coordinates": [ [ [ -121.617420561880749, 36.727861484364169 ], [ -121.617468380100462, 36.730110476513509 ], [ -121.62027107287831, 36.730072070930177 ], [ -121.620223171833118, 36.727823079886335 ], [ -121.617420561880749, 36.727861484364169 ] ] ] } },
{ "type": "Feature", "properties": { "unit_id": "c-575_r567", "col": -575, "row": 567, "frac_2022": 0.0, "frac_2023": 0.55290863431090231, "perm_water": 0, "x_3310": -143625.0, "y_3310": -141875.0, "county_geoid": "06053", "county": "Monterey", "lon": -121.610438, "lat": 36.729082 }, "geometry": { "type": "Polygon", "coordinates": [ [ [ -121.609012715081263, 36.727976298902689 ], [ -121.609060284822959, 36.730225294356828 ], [ -121.611862986067877, 36.730187088226899 ], [ -121.611815333499933, 36.727938093872467 ], [ -121.609012715081263, 36.727976298902689 ] ] ] } },
{ "type": "Feature", "properties": { "unit_id": "c-574_r567", "col": -574, "row": 567, "frac_2022": 0.0, "frac_2023": 0.55029728758966212, "perm_water": 0, "x_3310": -143375.0, "y_3310": -141875.0, "county_geoid": "06053", "county": "Monterey", "lon": -121.607635, "lat": 36.72912 }, "geometry": { "type": "Polygon", "coordinates": [ [ [ -121.606210093850251, 36.728014437450213 ], [ -121.606257580765444, 36.730263434002168 ], [ -121.609060284822959, 36.730225294356828 ], [ -121.609012715081263, 36.727976298902689 ], [ -121.606210093850251, 36.728014437450213 ] ] ] } },
{ "type": "Feature", "properties": { "unit_id": "c-642_r568", "col": -642, "row": 568, "frac_2022": 0.0, "frac_2023": 0.40735524005885188, "perm_water": 0, "x_3310": -160375.0, "y_3310": -142125.0, "county_geoid": "06053", "county": "Monterey", "lon": -121.798156, "lat": 36.724124 }, "geometry": { "type": "Polygon", "coordinates": [ [ [ -121.796728570469952, 36.72302065426593 ], [ -121.796781685857383, 36.725269573592165 ], [ -121.799584104703953, 36.725226914449841 ], [ -121.799530906512842, 36.722977996351212 ], [ -121.796728570469952, 36.72302065426593 ] ] ] } },
{ "type": "Feature", "properties": { "unit_id": "c-597_r568", "col": -597, "row": 568, "frac_2022": 0.0, "frac_2023": 0.41646863539300688, "perm_water": 0, "x_3310": -149125.0, "y_3310": -142125.0, "county_geoid": "06053", "county": "Monterey", "lon": -121.672046, "lat": 36.725976 }, "geometry": { "type": "Polygon", "coordinates": [ [ [ -121.670620273038551, 36.724871458310524 ], [ -121.670669661979488, 36.727120430901664 ], [ -121.673472217289032, 36.727080763276362 ], [ -121.673422745532335, 36.724831791826873 ], [ -121.670620273038551, 36.724871458310524 ] ] ] } },
{ "type": "Feature", "properties": { "unit_id": "c-595_r568", "col": -595, "row": 568, "frac_2022": 0.033164933665503368, "frac_2023": 0.4783826638423293, "perm_water": 0, "x_3310": -148625.0, "y_3310": -142125.0, "county_geoid": "06053", "county": "Monterey", "lon": -121.666441, "lat": 36.726055 }, "geometry": { "type": "Polygon", "coordinates": [ [ [ -121.665015319296728, 36.72495059184179 ], [ -121.665064542605364, 36.727199566710453 ], [ -121.667867103749956, 36.727160032046406 ], [ -121.667817797625062, 36.724911058315506 ], [ -121.665015319296728, 36.72495059184179 ] ] ] } },
{ "type": "Feature", "properties": { "unit_id": "c-594_r568", "col": -594, "row": 568, "frac_2022": 0.034800846975862533, "frac_2023": 0.45715556764129256, "perm_water": 0, "x_3310": -148375.0, "y_3310": -142125.0, "county_geoid": "06053", "county": "Monterey", "lon": -121.663639, "lat": 36.726095 }, "geometry": { "type": "Polygon", "coordinates": [ [ [ -121.66221283805848, 36.724990058889212 ], [ -121.662261978550546, 36.727239034893778 ], [ -121.665064542605364, 36.727199566710453 ], [ -121.665015319296728, 36.72495059184179 ], [ -121.66221283805848, 36.724990058889212 ] ] ] } },
{ "type": "Feature", "properties": { "unit_id": "c-582_r568", "col": -582, "row": 568, "frac_2022": 0.0, "frac_2023": 0.58795865542619263, "perm_water": 0, "x_3310": -145375.0, "y_3310": -142125.0, "county_geoid": "06053", "county": "Monterey", "lon": -121.630008, "lat": 36.726564 }, "geometry": { "type": "Polygon", "coordinates": [ [ [ -121.628582838005585, 36.725458478072973 ], [ -121.628630984679219, 36.727707467559213 ], [ -121.631433583274628, 36.727668797152596 ], [ -121.631385353781383, 36.72541980877935 ], [ -121.628582838005585, 36.725458478072973 ] ] ] } },
{ "type": "Feature", "properties": { "unit_id": "c-635_r569", "col": -635, "row": 569, "frac_2022": 0.038785886006392004, "frac_2023": 0.43102608378411988, "perm_water": 0, "x_3310": -158625.0, "y_3310": -142375.0, "county_geoid": "06053", "county": "Monterey", "lon": -121.778487, "lat": 36.722172 }, "geometry": { "type": "Polygon", "coordinates": [ [ [ -121.777059597879074, 36.72106846874717 ], [ -121.777112130527456, 36.723317398393469 ], [ -121.779914488446664, 36.723275205798352 ], [ -121.779861872997571, 36.721026277366171 ], [ -121.777059597879074, 36.72106846874717 ] ] ] } },
{ "type": "Feature", "properties": { "unit_id": "c-601_r569", "col": -601, "row": 569, "frac_2022": 0.0, "frac_2023": 0.43776029191054555, "perm_water": 0, "x_3310": -150125.0, "y_3310": -142375.0, "county_geoid": "06053", "county": "Monterey", "lon": -121.683206, "lat": 36.723568 }, "geometry": { "type": "Polygon", "coordinates": [ [ [ -121.681780428183302, 36.722463423716157 ], [ -121.681830145446426, 36.724712393505207 ], [ -121.684632606212404, 36.724672461108042 ], [ -121.68458280613946, 36.722423492468131 ], [ -121.681780428183302, 36.722463423716157 ] ] ] } },
{ "type": "Feature", "properties": { "unit_id": "c-597_r569", "col": -597, "row": 569, "frac_2022": 0.0, "frac_2023": 0.74791497396281748, "perm_water": 0, "x_3310": -149125.0, "y_3310": -142375.0, "county_geoid": "06053", "county": "Monterey", "lon": -121.671997, "lat": 36.723727 }, "geometry": { "type": "Polygon", "coordinates": [ [ [ -121.670570887017348, 36.722622483944001 ], [ -121.670620273038551, 36.724871458310524 ], [ -121.673422745532335, 36.724831791826873 ], [ -121.673373276700261, 36.7225828186019 ], [ -121.670570887017348, 36.722622483944001 ] ] ] } },
{ "type": "Feature", "properties": { "unit_id": "c-596_r569", "col": -596, "row": 569, "frac_2022": 0.0, "frac_2023": 0.62694979204877543, "perm_water": 0, "x_3310": -148875.0, "y_3310": -142375.0, "county_geoid": "06053", "county": "Monterey", "lon": -121.669194, "lat": 36.723767 }, "geometry": { "type": "Polygon", "coordinates": [ [ [ -121.667768494414986, 36.722662082809428 ], [ -121.667817797625062, 36.724911058315506 ], [ -121.670620273038551, 36.724871458310524 ], [ -121.670570887017348, 36.722622483944001 ], [ -121.667768494414986, 36.722662082809428 ] ] ] } },
{ "type": "Feature", "properties": { "unit_id": "c-595_r569", "col": -595, "row": 569, "frac_2022": 0.0, "frac_2023": 0.67202054523879762, "perm_water": 0, "x_3310": -148625.0, "y_3310": -142375.0, "county_geoid": "06053", "county": "Monterey", "lon": -121.666392, "lat": 36.723806 }, "geometry": { "type": "Polygon", "coordinates": [ [ [ -121.664966098898034, 36.722701615198005 ], [ -121.665015319296728, 36.72495059184179 ], [ -121.667817797625062, 36.724911058315506 ], [ -121.667768494414986, 36.722662082809428 ], [ -121.664966098898034, 36.722701615198005 ] ] ] } },
{ "type": "Feature", "properties": { "unit_id": "c-587_r569", "col": -587, "row": 569, "frac_2022": 0.0, "frac_2023": 0.53299231343041553, "perm_water": 0, "x_3310": -146625.0, "y_3310": -142375.0, "county_geoid": "06053", "county": "Monterey", "lon": -121.643972, "lat": 36.72412 }, "geometry": { "type": "Polygon", "coordinates": [ [ [ -121.642546830425204, 36.723015481129089 ], [ -121.642595388323542, 36.725264466805541 ], [ -121.645397889794324, 36.725225465112715 ], [ -121.645349249082543, 36.722976480558685 ], [ -121.642546830425204, 36.723015481129089 ] ] ] } },
{ "type": "Feature", "properties": { "unit_id": "c-584_r569", "col": -584, "row": 569, "frac_2022": 0.0, "frac_2023": 0.44578894043031969, "perm_water": 0, "x_3310": -145875.0, "y_3310": -142375.0, "county_geoid": "06053", "county": "Monterey", "lon": -121.635565, "lat": 36.724237 }, "geometry": { "type": "Polygon", "coordinates": [ [ [ -121.634139557249512, 36.723132083973546 ], [ -121.634187866706, 36.725381073005693 ], [ -121.636990376774463, 36.725342270752115 ], [ -121.636941984503792, 36.723093282836629 ], [ -121.634139557249512, 36.723132083973546 ] ] ] } },
{ "type": "Feature", "properties": { "unit_id": "c-583_r569", "col": -583, "row": 569, "frac_2022": 0.0, "frac_2023": 0.42617974185819041, "perm_water": 0, "x_3310": -145625.0, "y_3310": -142375.0, "county_geoid": "06053", "county": "Monterey", "lon": -121.632762, "lat": 36.724276 }, "geometry": { "type": "Polygon", "coordinates": [ [ [ -121.631337127139375, 36.723170818632511 ], [ -121.631385353781383, 36.72541980877935 ], [ -121.634187866706, 36.725381073005693 ], [ -121.634139557249512, 36.723132083973546 ], [ -121.631337127139375, 36.723170818632511 ] ] ] } },
{ "type": "Feature", "properties": { "unit_id": "c-582_r569", "col": -582, "row": 569, "frac_2022": 0.0, "frac_2023": 0.47002086289973621, "perm_water": 0, "x_3310": -145375.0, "y_3310": -142375.0, "county_geoid": "06053", "county": "Monterey", "lon": -121.62996, "lat": 36.724315 }, "geometry": { "type": "Polygon", "coordinates": [ [ [ -121.628534694178271, 36.723209486813268 ], [ -121.628582838005585, 36.725458478072973 ], [ -121.631385353781383, 36.72541980877935 ], [ -121.631337127139375, 36.723170818632511 ], [ -121.628534694178271, 36.723209486813268 ] ] ] } },
{ "type": "Feature", "properties": { "unit_id": "c-580_r569", "col": -580, "row": 569, "frac_2022": 0.0, "frac_2023": 0.46500878106681215, "perm_water": 0, "x_3310": -144875.0, "y_3310": -142375.0, "county_geoid": "06053", "county": "Monterey", "lon": -121.624355, "lat": 36.724392 }, "geometry": { "type": "Polygon", "coordinates": [ [ [ -121.622929819722756, 36.72328662374008 ], [ -121.622977797919887, 36.725535617219734 ], [ -121.625780319383466, 36.725497080886505 ], [ -121.625732258371102, 36.723248088515852 ], [ -121.622929819722756, 36.72328662374008 ] ] ] } },
{ "type": "Feature", "properties": { "unit_id": "c-635_r570", "col": -635, "row": 570, "frac_2022": 0.064624149641329301, "frac_2023": 0.48951383007281724, "perm_water": 0, "x_3310": -158625.0, "y_3310": -142625.0, "county_geoid": "06053", "county": "Monterey", "lon": -121.778434, "lat": 36.719923 }, "geometry": { "type": "Polygon", "coordinates": [ [ [ -121.777007068336047, 36.718819537317202 ], [ -121.777059597879074, 36.72106846874717 ], [ -121.779861872997571, 36.721026277366171 ], [ -121.779809260658737, 36.718777347150208 ], [ -121.777007068336047, 36.718819537317202 ] ] ] } },
{ "type": "Feature", "properties": { "unit_id": "c-628_r570", "col": -628, "row": 570, "frac_2022": 0.030974668487828087, "frac_2023": 0.61445897863481658, "perm_water": 0, "x_3310": -156875.0, "y_3310": -142625.0, "county_geoid": "06053", "county": "Monterey", "lon": -121.758819, "lat": 36.720217 }, "geometry": { "type": "Polygon", "coordinates": [ [ [ -121.757391635409206, 36.719113007296599 ], [ -121.757443585373792, 36.721361947170863 ], [ -121.760245882127009, 36.721320221101422 ], [ -121.760193849364668, 36.719071282427741 ], [ -121.757391635409206, 36.719113007296599 ] ] ] } },
{ "type": "Feature", "properties": { "unit_id": "c-584_r570", "col": -584, "row": 570, "frac_2022": 0.0, "frac_2023": 0.70767920149019292, "perm_water": 0, "x_3310": -145875.0, "y_3310": -142625.0, "county_geoid": "06053", "county": "Monterey", "lon": -121.635517, "lat": 36.721988 }, "geometry": { "type": "Polygon", "coordinates": [ [ [ -121.634091250648893, 36.720883093164417 ], [ -121.634139557249512, 36.723132083973546 ], [ -121.636941984503792, 36.723093282836629 ], [ -121.636893595093866, 36.720844293143962 ], [ -121.634091250648893, 36.720883093164417 ] ] ] } },
{ "type": "Feature", "properties": { "unit_id": "c-578_r570", "col": -578, "row": 570, "frac_2022": 0.0, "frac_2023": 0.44057313770847983, "perm_water": 0, "x_3310": -144375.0, "y_3310": -142625.0, "county_geoid": "06053", "county": "Monterey", "lon": -121.618702, "lat": 36.72222 }, "geometry": { "type": "Polygon", "coordinates": [ [ [ -121.617277124182635, 36.721114497285001 ], [ -121.617324933922092, 36.723363494753301 ], [ -121.620127378238109, 36.723325092485986 ], [ -121.620079485687853, 36.721076096122793 ], [ -121.617277124182635, 36.721114497285001 ] ] ] } },
{ "type": "Feature", "properties": { "unit_id": "c-573_r570", "col": -573, "row": 570, "frac_2022": 0.013440959909205031, "frac_2023": 0.52691588766442388, "perm_water": 0, "x_3310": -143125.0, "y_3310": -142625.0, "county_geoid": "06053", "county": "Monterey", "lon": -121.60469, "lat": 36.722411 }, "geometry": { "type": "Polygon", "coordinates": [ [ [ -121.603265274360709, 36.721305505943896 ], [ -121.6033126700423, 36.723554508908833 ], [ -121.606115128441886, 36.723516439035578 ], [ -121.606067649948244, 36.721267437166098 ], [ -121.603265274360709, 36.721305505943896 ] ] ] } },
{ "type": "Feature", "properties": { "unit_id": "c-572_r570", "col": -572, "row": 570, "frac_2022": 0.0, "frac_2023": 0.55635001606219237, "perm_water": 0, "x_3310": -142875.0, "y_3310": -142625.0, "county_geoid": "06053", "county": "Monterey", "lon": -121.601888, "lat": 36.722449 }, "geometry": { "type": "Polygon", "coordinates": [ [ [ -121.600462895971404, 36.721343508244502 ], [ -121.60051020884066, 36.723592512303057 ], [ -121.6033126700423, 36.723554508908833 ], [ -121.603265274360709, 36.721305505943896 ], [ -121.600462895971404, 36.721343508244502 ] ] ] } },
{ "type": "Feature", "properties": { "unit_id": "c-605_r571", "col": -605, "row": 571, "frac_2022": 0.0, "frac_2023": 0.44085589521534224, "perm_water": 0, "x_3310": -151125.0, "y_3310": -142875.0, "county_geoid": "06053", "county": "Monterey", "lon": -121.694316, "lat": 36.71891 }, "geometry": { "type": "Polygon", "coordinates": [ [ [ -121.692889834198539, 36.717805364162736 ], [ -121.692939876782503, 36.720054332906543 ], [ -121.695742160129697, 36.720014136910997 ], [ -121.695692034746742, 36.717765169323734 ], [ -121.692889834198539, 36.717805364162736 ] ] ] } },
{ "type": "Feature", "properties": { "unit_id": "c-584_r571", "col": -584, "row": 571, "frac_2022": 0.0, "frac_2023": 0.41809501520147324, "perm_water": 0, "x_3310": -145875.0, "y_3310": -142875.0, "county_geoid": "06053", "county": "Monterey", "lon": -121.635468, "lat": 36.719739 }, "geometry": { "type": "Polygon", "coordinates": [ [ [ -121.634042946903875, 36.718634100574789 ], [ -121.634091250648893, 36.720883093164417 ], [ -121.636893595093866, 36.720844293143962 ], [ -121.636845208544429, 36.71859530167076 ], [ -121.634042946903875, 36.718634100574789 ] ] ] } },
{ "type": "Feature", "properties": { "unit_id": "c-583_r571", "col": -583, "row": 571, "frac_2022": 0.0, "frac_2023": 0.42744590507368285, "perm_water": 0, "x_3310": -145625.0, "y_3310": -142875.0, "county_geoid": "06053", "county": "Monterey", "lon": -121.632666, "lat": 36.719778 }, "geometry": { "type": "Polygon", "coordinates": [ [ [ -121.631240682407963, 36.718672833004561 ], [ -121.631288903348306, 36.720921826708661 ], [ -121.634091250648893, 36.720883093164417 ], [ -121.634042946903875, 36.718634100574789 ], [ -121.631240682407963, 36.718672833004561 ] ] ] } },
{ "type": "Feature", "properties": { "unit_id": "c-582_r571", "col": -582, "row": 571, "frac_2022": 0.0, "frac_2023": 0.51942189795925053, "perm_water": 0, "x_3310": -145375.0, "y_3310": -142875.0, "county_geoid": "06053", "county": "Monterey", "lon": -121.629864, "lat": 36.719817 }, "geometry": { "type": "Polygon", "coordinates": [ [ [ -121.628438415061623, 36.718711498960033 ], [ -121.628486553197035, 36.720960493776758 ], [ -121.631288903348306, 36.720921826708661 ], [ -121.631240682407963, 36.718672833004561 ], [ -121.628438415061623, 36.718711498960033 ] ] ] } },
{ "type": "Feature", "properties": { "unit_id": "c-580_r571", "col": -580, "row": 571, "frac_2022": 0.0, "frac_2023": 0.54784603885438132, "perm_water": 0, "x_3310": -144875.0, "y_3310": -142875.0, "county_geoid": "06053", "county": "Monterey", "lon": -121.624259, "lat": 36.719894 }, "geometry": { "type": "Polygon", "coordinates": [ [ [ -121.622833871837088, 36.718788631447779 ], [ -121.622881844361913, 36.721037628483884 ], [ -121.625684200199942, 36.72099909436853 ], [ -121.625636144869674, 36.718750098441141 ], [ -121.622833871837088, 36.718788631447779 ] ] ] } },
{ "type": "Feature", "properties": { "unit_id": "c-572_r571", "col": -572, "row": 571, "frac_2022": 0.0, "frac_2023": 0.47093980999956758, "perm_water": 0, "x_3310": -142875.0, "y_3310": -142875.0, "county_geoid": "06053", "county": "Monterey", "lon": -121.60184, "lat": 36.7202 }, "geometry": { "type": "Polygon", "coordinates": [ [ [ -121.600415585899015, 36.719094502406946 ], [ -121.600462895971404, 36.721343508244502 ], [ -121.603265274360709, 36.721305505943896 ], [ -121.603217881480901, 36.719056501199837 ], [ -121.600415585899015, 36.719094502406946 ] ] ] } },
{ "type": "Feature", "properties": { "unit_id": "c-625_r572", "col": -625, "row": 572, "frac_2022": 0.088365141048830004, "frac_2023": 0.47096670687708042, "perm_water": 0, "x_3310": -156125.0, "y_3310": -143125.0, "county_geoid": "06053", "county": "Monterey", "lon": -121.750308, "lat": 36.715844 }, "geometry": { "type": "Polygon", "coordinates": [ [ [ -121.748881581166074, 36.714739890783562 ], [ -121.748933276623774, 36.716988837822846 ], [ -121.751735416983422, 36.71694731356385 ], [ -121.751683638736949, 36.714698367719159 ], [ -121.748881581166074, 36.714739890783562 ] ] ] } },
{ "type": "Feature", "properties": { "unit_id": "c-583_r572", "col": -583, "row": 572, "frac_2022": 0.0, "frac_2023": 0.62573067129216942, "perm_water": 0, "x_3310": -145625.0, "y_3310": -143125.0, "county_geoid": "06053", "county": "Monterey", "lon": -121.632618, "lat": 36.717529 }, "geometry": { "type": "Polygon", "coordinates": [ [ [ -121.631192464318076, 36.71642383751675 ], [ -121.631240682407963, 36.718672833004561 ], [ -121.634042946903875, 36.718634100574789 ], [ -121.633994646014202, 36.716385106201344 ], [ -121.631192464318076, 36.71642383751675 ] ] ] } },
{ "type": "Feature", "properties": { "unit_id": "c-582_r572", "col": -582, "row": 572, "frac_2022": 0.0, "frac_2023": 0.77260633760222774, "perm_water": 0, "x_3310": -145375.0, "y_3310": -143125.0, "county_geoid": "06053", "county": "Monterey", "lon": -121.629815, "lat": 36.717568 }, "geometry": { "type": "Polygon", "coordinates": [ [ [ -121.62839027977175, 36.716462502359811 ], [ -121.628438415061623, 36.718711498960033 ], [ -121.631240682407963, 36.718672833004561 ], [ -121.631192464318076, 36.71642383751675 ], [ -121.62839027977175, 36.716462502359811 ] ] ] } },
{ "type": "Feature", "properties": { "unit_id": "c-581_r572", "col": -581, "row": 572, "frac_2022": 0.0, "frac_2023": 0.45446321274778195, "perm_water": 0, "x_3310": -145125.0, "y_3310": -143125.0, "county_geoid": "06053", "county": "Monterey", "lon": -121.627013, "lat": 36.717606 }, "geometry": { "type": "Polygon", "coordinates": [ [ [ -121.625588092380099, 36.716501100730355 ], [ -121.625636144869674, 36.718750098441141 ], [ -121.628438415061623, 36.718711498960033 ], [ -121.62839027977175, 36.716462502359811 ], [ -121.625588092380099, 36.716501100730355 ] ] ] } },
{ "type": "Feature", "properties": { "unit_id": "c-580_r572", "col": -580, "row": 572, "frac_2022": 0.0, "frac_2023": 0.50996395906061798, "perm_water": 0, "x_3310": -144875.0, "y_3310": -143125.0, "county_geoid": "06053", "county": "Monterey", "lon": -121.624211, "lat": 36.717645 }, "geometry": { "type": "Polygon", "coordinates": [ [ [ -121.622785902148038, 36.71653963262829 ], [ -121.622833871837088, 36.718788631447779 ], [ -121.625636144869674, 36.718750098441141 ], [ -121.625588092380099, 36.716501100730355 ], [ -121.622785902148038, 36.71653963262829 ] ] ] } },
{ "type": "Feature", "properties": { "unit_id": "c-579_r572", "col": -579, "row": 572, "frac_2022": 0.0, "frac_2023": 0.4373011242840642, "perm_water": 0, "x_3310": -144625.0, "y_3310": -143125.0, "county_geoid": "06053", "county": "Monterey", "lon": -121.621409, "lat": 36.717683 }, "geometry": { "type": "Polygon", "coordinates": [ [ [ -121.619983709080444, 36.71657809805356 ], [ -121.620031595968712, 36.718827097979755 ], [ -121.622833871837088, 36.718788631447779 ], [ -121.622785902148038, 36.71653963262829 ], [ -121.619983709080444, 36.71657809805356 ] ] ] } },
{ "type": "Feature", "properties": { "unit_id": "c-574_r572", "col": -574, "row": 572, "frac_2022": 0.0, "frac_2023": 0.44150252220445096, "perm_water": 0, "x_3310": -143375.0, "y_3310": -143125.0, "county_geoid": "06053", "county": "Monterey", "lon": -121.607398, "lat": 36.717875 }, "geometry": { "type": "Polygon", "coordinates": [ [ [ -121.605972701380693, 36.716769428086259 ], [ -121.606020174261246, 36.719018433517469 ], [ -121.608822464235175, 36.718980299359878 ], [ -121.608774908552576, 36.716731295025866 ], [ -121.605972701380693, 36.716769428086259 ] ] ] } },
{ "type": "Feature", "properties": { "unit_id": "c-573_r572", "col": -573, "row": 572, "frac_2022": 0.026849132112509493, "frac_2023": 0.5216414350847568, "perm_water": 0, "x_3310": -143125.0, "y_3310": -143125.0, "county_geoid": "06053", "county": "Monterey", "lon": -121.604595, "lat": 36.717913 }, "geometry": { "type": "Polygon", "coordinates": [ [ [ -121.603170491402651, 36.716807494673397 ], [ -121.603217881480901, 36.719056501199837 ], [ -121.606020174261246, 36.719018433517469 ], [ -121.605972701380693, 36.716769428086259 ], [ -121.603170491402651, 36.716807494673397 ] ] ] } },
{ "type": "Feature", "properties": { "unit_id": "c-572_r572", "col": -572, "row": 572, "frac_2022": 0.016350867887600658, "frac_2023": 0.53640265742542481, "perm_water": 0, "x_3310": -142875.0, "y_3310": -143125.0, "county_geoid": "06053", "county": "Monterey", "lon": -121.601793, "lat": 36.717951 }, "geometry": { "type": "Polygon", "coordinates": [ [ [ -121.600368278623279, 36.716845494787151 ], [ -121.600415585899015, 36.719094502406946 ], [ -121.603217881480901, 36.719056501199837 ], [ -121.603170491402651, 36.716807494673397 ], [ -121.600368278623279, 36.716845494787151 ] ] ] } },
{ "type": "Feature", "properties": { "unit_id": "c-595_r573", "col": -595, "row": 573, "frac_2022": 0.0, "frac_2023": 0.43365445353796833, "perm_water": 0, "x_3310": -148625.0, "y_3310": -143375.0, "county_geoid": "06053", "county": "Monterey", "lon": -121.666195, "lat": 36.71481 }, "geometry": { "type": "Polygon", "coordinates": [ [ [ -121.664769246397455, 36.713705690804915 ], [ -121.664818455159008, 36.715954674582598 ], [ -121.667620602271128, 36.715915145606296 ], [ -121.667571310717747, 36.713666162965758 ], [ -121.664769246397455, 36.713705690804915 ] ] ] } },
{ "type": "Feature", "properties": { "unit_id": "c-575_r573", "col": -575, "row": 573, "frac_2022": 0.0, "frac_2023": 0.49729780010632524, "perm_water": 0, "x_3310": -143625.0, "y_3310": -143375.0, "county_geoid": "06053", "county": "Monterey", "lon": -121.610152, "lat": 36.715588 }, "geometry": { "type": "Polygon", "coordinates": [ [ [ -121.608727355681069, 36.714482288905835 ], [ -121.608774908552576, 36.716731295025866 ], [ -121.611577112913395, 36.716693095492339 ], [ -121.611529477244986, 36.714444090471254 ], [ -121.608727355681069, 36.714482288905835 ] ] ] } },
{ "type": "Feature", "properties": { "unit_id": "c-574_r573", "col": -574, "row": 573, "frac_2022": 0.0, "frac_2023": 0.51546471784159809, "perm_water": 0, "x_3310": -143375.0, "y_3310": -143375.0, "county_geoid": "06053", "county": "Monterey", "lon": -121.60735, "lat": 36.715626 }, "geometry": { "type": "Polygon", "coordinates": [ [ [ -121.60592523130633, 36.714520420869157 ], [ -121.605972701380693, 36.716769428086259 ], [ -121.608774908552576, 36.716731295025866 ], [ -121.608727355681069, 36.714482288905835 ], [ -121.60592523130633, 36.714520420869157 ] ] ] } },
{ "type": "Feature", "properties": { "unit_id": "c-573_r573", "col": -573, "row": 573, "frac_2022": 0.0, "frac_2023": 0.47352527779318382, "perm_water": 0, "x_3310": -143125.0, "y_3310": -143375.0, "county_geoid": "06053", "county": "Monterey", "lon": -121.604548, "lat": 36.715664 }, "geometry": { "type": "Polygon", "coordinates": [ [ [ -121.603123104125658, 36.714558486361135 ], [ -121.603170491402651, 36.716807494673397 ], [ -121.605972701380693, 36.716769428086259 ], [ -121.60592523130633, 36.714520420869157 ], [ -121.603123104125658, 36.714558486361135 ] ] ] } },
{ "type": "Feature", "properties": { "unit_id": "c-571_r573", "col": -571, "row": 573, "frac_2022": 0.014400542265195082, "frac_2023": 0.47339690789238997, "perm_water": 0, "x_3310": -142625.0, "y_3310": -143375.0, "county_geoid": "06053", "county": "Monterey", "lon": -121.598944, "lat": 36.71574 }, "geometry": { "type": "Polygon", "coordinates": [ [ [ -121.597518841366096, 36.71463441793059 ], [ -121.597566063047537, 36.716883428427472 ], [ -121.600368278623279, 36.716845494787151 ], [ -121.600320974143969, 36.714596485381691 ], [ -121.597518841366096, 36.71463441793059 ] ] ] } },
{ "type": "Feature", "properties": { "unit_id": "c-570_r573", "col": -570, "row": 573, "frac_2022": 0.014399457736030288, "frac_2023": 0.58736341358249988, "perm_water": 0, "x_3310": -142375.0, "y_3310": -143375.0, "county_geoid": "06053", "county": "Monterey", "lon": -121.596141, "lat": 36.715778 }, "geometry": { "type": "Polygon", "coordinates": [ [ [ -121.594716705796984, 36.714672284007939 ], [ -121.594763844680287, 36.716921295594183 ], [ -121.597566063047537, 36.716883428427472 ], [ -121.597518841366096, 36.71463441793059 ], [ -121.594716705796984, 36.714672284007939 ] ] ] } },
{ "type": "Feature", "properties": { "unit_id": "c-625_r574", "col": -625, "row": 574, "frac_2022": 0.52269375924009109, "frac_2023": 0.5279673569337141, "perm_water": 0, "x_3310": -156125.0, "y_3310": -143625.0, "county_geoid": "06053", "county": "Monterey", "lon": -121.750205, "lat": 36.711346 }, "geometry": { "type": "Polygon", "coordinates": [ [ [ -121.748778199417302, 36.710241991324509 ], [ -121.748829888764035, 36.712490941951906 ], [ -121.751631863550998, 36.712449420081967 ], [ -121.751580091425296, 36.7102004706489 ], [ -121.748778199417302, 36.710241991324509 ] ] ] } },
{ "type": "Feature", "properties": { "unit_id": "c-601_r574", "col": -601, "row": 574, "frac_2022": 0.0, "frac_2023": 0.65532110838958579, "perm_water": 0, "x_3310": -150125.0, "y_3310": -143625.0, "county_geoid": "06053", "county": "Monterey", "lon": -121.682958, "lat": 36.712323 }, "geometry": { "type": "Polygon", "coordinates": [ [ [ -121.681531885947848, 36.711218548015779 ], [ -121.681581588518441, 36.713467526734419 ], [ -121.684383635284192, 36.713427600081687 ], [ -121.684333849928194, 36.711178622511582 ], [ -121.681531885947848, 36.711218548015779 ] ] ] } },
{ "type": "Feature", "properties": { "unit_id": "c-600_r574", "col": -600, "row": 574, "frac_2022": 0.0, "frac_2023": 0.4348973717314939, "perm_water": 0, "x_3310": -149875.0, "y_3310": -143625.0, "county_geoid": "06053", "county": "Monterey", "lon": -121.680156, "lat": 36.712363 }, "geometry": { "type": "Polygon", "coordinates": [ [ [ -121.678729919029749, 36.711258407053251 ], [ -121.678779538814709, 36.713507386918394 ], [ -121.681581588518441, 36.713467526734419 ], [ -121.681531885947848, 36.711218548015779 ], [ -121.678729919029749, 36.711258407053251 ] ] ] } },
{ "type": "Feature", "properties": { "unit_id": "c-595_r574", "col": -595, "row": 574, "frac_2022": 0.0, "frac_2023": 0.58923368930681919, "perm_water": 0, "x_3310": -148625.0, "y_3310": -143625.0, "county_geoid": "06053", "county": "Monterey", "lon": -121.666146, "lat": 36.712561 }, "geometry": { "type": "Polygon", "coordinates": [ [ [ -121.664720040544566, 36.711456705235378 ], [ -121.664769246397455, 36.713705690804915 ], [ -121.667571310717747, 36.713666162965758 ], [ -121.667522022077947, 36.711417178533281 ], [ -121.664720040544566, 36.711456705235378 ] ] ] } },
{ "type": "Feature", "properties": { "unit_id": "c-574_r574", "col": -574, "row": 574, "frac_2022": 0.0, "frac_2023": 0.59477403313915544, "perm_water": 0, "x_3310": -143375.0, "y_3310": -143625.0, "county_geoid": "06053", "county": "Monterey", "lon": -121.607303, "lat": 36.713377 }, "geometry": { "type": "Polygon", "coordinates": [ [ [ -121.605877764037913, 36.712271411862787 ], [ -121.60592523130633, 36.714520420869157 ], [ -121.608727355681069, 36.714482288905835 ], [ -121.608679805620369, 36.712233280996422 ], [ -121.605877764037913, 36.712271411862787 ] ] ] } },
{ "type": "Feature", "properties": { "unit_id": "c-573_r574", "col": -573, "row": 574, "frac_2022": 0.0, "frac_2023": 0.53118204770506583, "perm_water": 0, "x_3310": -143125.0, "y_3310": -143625.0, "county_geoid": "06053", "county": "Monterey", "lon": -121.6045, "lat": 36.713415 }, "geometry": { "type": "Polygon", "coordinates": [ [ [ -121.603075719649752, 36.712309476259726 ], [ -121.603123104125658, 36.714558486361135 ], [ -121.60592523130633, 36.714520420869157 ], [ -121.605877764037913, 36.712271411862787 ], [ -121.603075719649752, 36.712309476259726 ] ] ] } },
{ "type": "Feature", "properties": { "unit_id": "c-572_r574", "col": -572, "row": 574, "frac_2022": 0.027500997510117003, "frac_2023": 0.68382397256239402, "perm_water": 0, "x_3310": -142875.0, "y_3310": -143625.0, "county_geoid": "06053", "county": "Monterey", "lon": -121.601698, "lat": 36.713453 }, "geometry": { "type": "Polygon", "coordinates": [ [ [ -121.600273672460787, 36.712347474187155 ], [ -121.600320974143969, 36.714596485381691 ], [ -121.603123104125658, 36.714558486361135 ], [ -121.603075719649752, 36.712309476259726 ], [ -121.600273672460787, 36.712347474187155 ] ] ] } },
{ "type": "Feature", "properties": { "unit_id": "c-573_r575", "col": -573, "row": 575, "frac_2022": 0.0, "frac_2023": 0.63563954053802707, "perm_water": 0, "x_3310": -143125.0, "y_3310": -143875.0, "county_geoid": "06053", "county": "Monterey", "lon": -121.604453, "lat": 36.711166 }, "geometry": { "type": "Polygon", "coordinates": [ [ [ -121.603028337974607, 36.710060464365888 ], [ -121.603075719649752, 36.712309476259726 ], [ -121.605877764037913, 36.712271411862787 ], [ -121.605830299575146, 36.710022401063831 ], [ -121.603028337974607, 36.710060464365888 ] ] ] } },
{ "type": "Feature", "properties": { "unit_id": "c-572_r575", "col": -572, "row": 575, "frac_2022": 0.01569900248925115, "frac_2023": 0.42344753597252127, "perm_water": 0, "x_3310": -142875.0, "y_3310": -143875.0, "county_geoid": "06053", "county": "Monterey", "lon": -121.601651, "lat": 36.711204 }, "geometry": { "type": "Polygon", "coordinates": [ [ [ -121.600226373573491, 36.710098461200282 ], [ -121.600273672460787, 36.712347474187155 ], [ -121.603075719649752, 36.712309476259726 ], [ -121.603028337974607, 36.710060464365888 ], [ -121.600226373573491, 36.710098461200282 ] ] ] } },
{ "type": "Feature", "properties": { "unit_id": "c-570_r575", "col": -570, "row": 575, "frac_2022": 0.0, "frac_2023": 0.58811185192581239, "perm_water": 0, "x_3310": -142375.0, "y_3310": -143875.0, "county_geoid": "06053", "county": "Monterey", "lon": -121.596047, "lat": 36.71128 }, "geometry": { "type": "Polygon", "coordinates": [ [ [ -121.59462243638923, 36.710174255465802 ], [ -121.594669569700045, 36.712423270632883 ], [ -121.597471622475922, 36.712385405644937 ], [ -121.59742440637676, 36.710136391566984 ], [ -121.59462243638923, 36.710174255465802 ] ] ] } },
{ "type": "Feature", "properties": { "unit_id": "c-634_r577", "col": -634, "row": 577, "frac_2022": 0.44718452681782972, "frac_2023": 0.47655636466006385, "perm_water": 0, "x_3310": -158375.0, "y_3310": -144375.0, "county_geoid": "06053", "county": "Monterey", "lon": -121.775265, "lat": 36.704223 }, "geometry": { "type": "Polygon", "coordinates": [ [ [ -121.773837832469411, 36.703119082299011 ], [ -121.773890257520861, 36.705368027519512 ], [ -121.776691956274703, 36.705325911092899 ], [ -121.776639448461395, 36.703076967083511 ], [ -121.773837832469411, 36.703119082299011 ] ] ] } },
{ "type": "Feature", "properties": { "unit_id": "c-633_r579", "col": -633, "row": 579, "frac_2022": 0.14320876344227246, "frac_2023": 0.45633121983235014, "perm_water": 0, "x_3310": -158125.0, "y_3310": -144875.0, "county_geoid": "06053", "county": "Monterey", "lon": -121.772358, "lat": 36.699767 }, "geometry": { "type": "Polygon", "coordinates": [ [ [ -121.770931538080418, 36.698663232763607 ], [ -121.770983874183244, 36.700912182817078 ], [ -121.77378541051624, 36.700870135268218 ], [ -121.773732991661035, 36.698621186423686 ], [ -121.770931538080418, 36.698663232763607 ] ] ] } },
{ "type": "Feature", "properties": { "unit_id": "c-571_r579", "col": -571, "row": 579, "frac_2022": 0.028766766399582536, "frac_2023": 0.52035865280821192, "perm_water": 0, "x_3310": -142625.0, "y_3310": -144875.0, "county_geoid": "06053", "county": "Monterey", "lon": -121.59866, "lat": 36.702246 }, "geometry": { "type": "Polygon", "coordinates": [ [ [ -121.597235569885257, 36.701140317265782 ], [ -121.597282774822844, 36.703389338546167 ], [ -121.600084493684605, 36.703351411452026 ], [ -121.600037205978452, 36.701102391262232 ], [ -121.597235569885257, 36.701140317265782 ] ] ] } },
{ "type": "Feature", "properties": { "unit_id": "c-571_r580", "col": -571, "row": 580, "frac_2022": 0.014399949222471925, "frac_2023": 0.43700013853169084, "perm_water": 0, "x_3310": -142625.0, "y_3310": -145125.0, "county_geoid": "06053", "county": "Monterey", "lon": -121.598613, "lat": 36.699997 }, "geometry": { "type": "Polygon", "coordinates": [ [ [ -121.597188367737402, 36.698891294176413 ], [ -121.597235569885257, 36.701140317265782 ], [ -121.600037205978452, 36.701102391262232 ], [ -121.599989921066964, 36.698853369263368 ], [ -121.597188367737402, 36.698891294176413 ] ] ] } },
{ "type": "Feature", "properties": { "unit_id": "c-565_r585", "col": -565, "row": 585, "frac_2022": 0.0, "frac_2023": 0.50007416443526298, "perm_water": 0, "x_3310": -141125.0, "y_3310": -146375.0, "county_geoid": "06053", "county": "Monterey", "lon": -121.581569, "lat": 36.688978 }, "geometry": { "type": "Polygon", "coordinates": [ [ [ -121.580145502945783, 36.687872272825246 ], [ -121.580192194707919, 36.690121311508996 ], [ -121.582993433689651, 36.690083789662005 ], [ -121.582946659186817, 36.687834752056681 ], [ -121.580145502945783, 36.687872272825246 ] ] ] } },
{ "type": "Feature", "properties": { "unit_id": "c-563_r585", "col": -563, "row": 585, "frac_2022": 0.0, "frac_2023": 0.40961768120418907, "perm_water": 0, "x_3310": -140625.0, "y_3310": -146375.0, "county_geoid": "06053", "county": "Monterey", "lon": -121.575967, "lat": 36.689053 }, "geometry": { "type": "Polygon", "coordinates": [ [ [ -121.574543182191704, 36.687947115014289 ], [ -121.574589708471734, 36.690196155849137 ], [ -121.577390952966979, 36.690158766904737 ], [ -121.577344343945796, 36.687909727144444 ], [ -121.574543182191704, 36.687947115014289 ] ] ] } },
{ "type": "Feature", "properties": { "unit_id": "c-625_r586", "col": -625, "row": 586, "frac_2022": 0.0, "frac_2023": 0.43085933985185598, "perm_water": 0, "x_3310": -156125.0, "y_3310": -146625.0, "county_geoid": "06053", "county": "Monterey", "lon": -121.749584, "lat": 36.684358 }, "geometry": { "type": "Polygon", "coordinates": [ [ [ -121.748158165475431, 36.683254442510304 ], [ -121.748209818179063, 36.685503414947554 ], [ -121.751010799940701, 36.685461907400899 ], [ -121.750959064516721, 36.683212936156359 ], [ -121.748158165475431, 36.683254442510304 ] ] ] } },
{ "type": "Feature", "properties": { "unit_id": "c-613_r602", "col": -613, "row": 602, "frac_2022": 0.0, "frac_2023": 0.40790049579607968, "perm_water": 0, "x_3310": -153125.0, "y_3310": -150625.0, "county_geoid": "06053", "county": "Monterey", "lon": -121.715162, "lat": 36.648867 }, "geometry": { "type": "Polygon", "coordinates": [ [ [ -121.713736986616411, 36.64776329847809 ], [ -121.713787598795136, 36.650012314883661 ], [ -121.716587293868415, 36.649971623365616 ], [ -121.71653659904419, 36.647722608127872 ], [ -121.713736986616411, 36.64776329847809 ] ] ] } },
{ "type": "Feature", "properties": { "unit_id": "c-549_r640", "col": -549, "row": 640, "frac_2022": 0.0, "frac_2023": 0.5693014626327314, "perm_water": 0, "x_3310": -137125.0, "y_3310": -160125.0, "county_geoid": "06053", "county": "Monterey", "lon": -121.534256, "lat": 36.565869 }, "geometry": { "type": "Polygon", "coordinates": [ [ [ -121.532835519741454, 36.564762600175349 ], [ -121.532880740528157, 36.567011761272532 ], [ -121.535677479365674, 36.566975360119038 ], [ -121.535632176102538, 36.564726200063404 ], [ -121.532835519741454, 36.564762600175349 ] ] ] } },
{ "type": "Feature", "properties": { "unit_id": "c-527_r665", "col": -527, "row": 665, "frac_2022": 0.001351001708843733, "frac_2023": 0.49086335106417367, "perm_water": 0, "x_3310": -131625.0, "y_3310": -166375.0, "county_geoid": "06053", "county": "Monterey", "lon": -121.471643, "lat": 36.510424 }, "geometry": { "type": "Polygon", "coordinates": [ [ [ -121.470224088969303, 36.509316367470589 ], [ -121.470267431264347, 36.511565602191403 ], [ -121.473062167094383, 36.511530685679084 ], [ -121.473018742439265, 36.509281451955331 ], [ -121.470224088969303, 36.509316367470589 ] ] ] } },
{ "type": "Feature", "properties": { "unit_id": "c-526_r666", "col": -526, "row": 666, "frac_2022": 0.02879999999854118, "frac_2023": 0.57644541028009588, "perm_water": 0, "x_3310": -131375.0, "y_3310": -166625.0, "county_geoid": "06053", "county": "Monterey", "lon": -121.468805, "lat": 36.508209 }, "geometry": { "type": "Polygon", "coordinates": [ [ [ -121.467386175559739, 36.507101978878246 ], [ -121.467429432944215, 36.509351216684983 ], [ -121.470224088969303, 36.509316367470589 ], [ -121.470180749229371, 36.507067130658868 ], [ -121.467386175559739, 36.507101978878246 ] ] ] } },
{ "type": "Feature", "properties": { "unit_id": "c-524_r668", "col": -524, "row": 668, "frac_2022": 0.0, "frac_2023": 0.45476743523993968, "perm_water": 0, "x_3310": -130875.0, "y_3310": -167125.0, "county_geoid": "06053", "county": "Monterey", "lon": -121.46313, "lat": 36.50378 }, "geometry": { "type": "Polygon", "coordinates": [ [ [ -121.461710842850039, 36.502672990552732 ], [ -121.461753930442555, 36.504922234534867 ], [ -121.464548426856382, 36.504887519904806 ], [ -121.464505256917704, 36.502638276913736 ], [ -121.461710842850039, 36.502672990552732 ] ] ] } },
{ "type": "Feature", "properties": { "unit_id": "c-522_r668", "col": -522, "row": 668, "frac_2022": 0.45964387588992606, "frac_2023": 0.029948829980937623, "perm_water": 0, "x_3310": -130375.0, "y_3310": -167125.0, "county_geoid": "06053", "county": "Monterey", "lon": -121.457541, "lat": 36.50385 }, "geometry": { "type": "Polygon", "coordinates": [ [ [ -121.45612200709995, 36.502742218944448 ], [ -121.45616492999946, 36.504991464902986 ], [ -121.458959431488637, 36.504956882867589 ], [ -121.45891642624251, 36.502707637896336 ], [ -121.45612200709995, 36.502742218944448 ] ] ] } },
{ "type": "Feature", "properties": { "unit_id": "c-521_r671", "col": -521, "row": 671, "frac_2022": 0.0, "frac_2023": 0.41761756187950766, "perm_water": 0, "x_3310": -130125.0, "y_3310": -167875.0, "county_geoid": "06053", "county": "Monterey", "lon": -121.454618, "lat": 36.497136 }, "geometry": { "type": "Polygon", "coordinates": [ [ [ -121.453199078920335, 36.496028980250962 ], [ -121.453241911897692, 36.498278233505324 ], [ -121.456036168891274, 36.498243720723231 ], [ -121.455993253581639, 36.495994468453887 ], [ -121.453199078920335, 36.496028980250962 ] ] ] } }
]
}
