unit_id,is_unit,sequence,COUNTY,ACRES,geom_acres,MULTIUSE,MAIN_CROP,crop_sequence,t20_slot,t20_peak_date,crop_before,crop_after,crop_after_peak_date,touches_perm_water,lon,lat,x_3310,y_3310
4400056,True,A,Santa Cruz,1.1747717001291642,1.1747763993852993,S,T20,T20,2,,,,,False,-121.825596,36.882558,-162482.9,-124472.0
4400044,False,B,Santa Cruz,2.709339461780984,2.7093503023430725,D,G6,T20 > G6,1,2022-10-27,,G6,2023-03-26,False,-121.819046,36.909184,-161843.2,-121524.1
4400039,True,A,Santa Cruz,1.9784949112048003,1.9785028231313795,S,T20,T20,2,,,,,False,-121.70246,36.950744,-151388.6,-117098.1
4400035,True,A,Santa Cruz,0.8260566718763551,0.8260599756115344,S,T20,T20,2,,,,,False,-121.789214,37.007027,-158984.1,-110701.1
4400034,False,B,Santa Cruz,2.6219317394980197,2.62194222589204,S,T20,T20 > X,2,2023-02-23,,X,,False,-121.75989,36.978506,-156437.7,-113919.6
4400031,True,A,Santa Cruz,2.096335212996828,2.0963435969997475,S,T20,T20,2,,,,,False,-121.813282,36.886611,-161378.4,-124042.6
4400011,True,A,Santa Cruz,2.0745258346942586,2.0745341326601427,S,T20,T20,2,,,,,False,-121.810757,36.884994,-161157.2,-124226.6
4400006,True,A,Santa Cruz,3.733910958486627,3.7339258873225383,S,T20,T20,2,,,,,False,-121.808163,36.953073,-160782.1,-116665.2
4400005,True,A,Santa Cruz,2.4051222358338857,2.4051318533601944,S,T20,T20,2,,,,,False,-121.810058,36.887064,-161090.6,-123997.7
4400004,True,A,Santa Cruz,2.2136065403895615,2.2136153885064815,S,T20,T20,2,,,,,False,-121.817612,36.880117,-161777.7,-124756.9
4404583,False,B,Santa Cruz,5.365063792687872,5.365085251619899,D,G6,T20 > G6,1,2022-10-19,,G6,2023-03-20,False,-121.81658,36.908992,-161624.3,-121549.8
4404078,True,A,Santa Cruz,1.143365312959088,1.1433698872634,S,T20,T20,2,,,,,False,-121.803784,36.890408,-160525.2,-123636.7
4404056,False,B,Santa Cruz,0.9439343763757223,0.9439381547985518,D,G6,T20 > G6,1,2022-10-26,,G6,2023-03-26,False,-121.817448,36.909305,-161700.9,-121513.4
4404045,True,A,Santa Cruz,1.8058301089394413,1.8058373323148977,S,T20,T20,2,,,,,False,-121.81142,36.886309,-161213.4,-124079.3
4405090,False,B,Santa Cruz,7.247370836678657,7.247398156979775,S,T20,T20 > X,2,2022-10-19,,X,,False,-121.781338,36.886436,-158536.2,-124115.9
4405091,True,A,Santa Cruz,6.045885519061699,6.045909693639733,S,T20,T20,2,,,,,False,-121.818781,36.922842,-161790.5,-120006.9
4405093,False,B,Santa Cruz,28.306909023465963,28.30702229199079,S,T20,T20 > X,2,2022-11-03,,X,,False,-121.825588,36.897488,-162450.2,-122812.8
4403743,True,A,Santa Cruz,8.604928773349535,8.604963207871599,S,T20,T20,2,,,,,False,-121.797137,36.919001,-159873.5,-120470.4
4403738,True,A,Santa Cruz,1.065323431843525,1.065327692559614,S,T20,T20,2,,,,,False,-121.821895,36.883378,-162151.9,-124387.2
4403731,True,A,Santa Cruz,0.841192333768267,0.8411956989504035,S,T20,T20,2,,,,,False,-121.826998,36.914312,-162539.7,-120940.7
4403728,True,A,Santa Cruz,1.0258012467241107,1.0258054671115489,S,T20,T20,2,,,,,False,-121.82917,36.916867,-162727.4,-120653.1
4403726,True,A,Santa Cruz,0.8082009305459148,0.8082041627312505,S,T20,T20,2,,,,,False,-121.701971,36.951819,-151343.0,-116979.4
4403725,True,A,Santa Cruz,4.45275772278153,4.452775533172744,S,T20,T20,2,,,,,False,-121.684327,36.925496,-149826.2,-119932.8
4403724,False,B,Santa Cruz,6.453554185767045,6.453579948117355,D,G6,T20 > G6,1,2022-10-25,,G6,2023-04-13,False,-121.820402,36.906387,-161969.8,-121832.7
4404030,True,A,Santa Cruz,10.332055546948308,10.332096868613156,S,T20,T20,2,,,,,False,-121.852279,36.930425,-164753.6,-119106.4
4405096,True,A,Santa Cruz,1.6257873710425554,1.6257938772619625,S,T20,T20,2,,,,,False,-121.826923,36.90692,-162548.9,-121762.3
4403991,True,A,Santa Cruz,1.4359245503271898,1.4359302966143723,S,T20,T20,2,,,,,False,-121.812029,36.889392,-161261.1,-123735.6
4403956,True,A,Santa Cruz,2.8003072492588,2.800318444051105,S,T20,T20,2,,,,,False,-121.824164,36.880757,-162359.3,-124674.6
4403933,True,A,Santa Cruz,1.3861742328281037,1.3861797690246758,S,T20,T20,2,,,,,False,-121.815846,36.925862,-161523.1,-119676.2
4405099,False,B,Santa Cruz,29.493454290510144,29.49357231638727,D,T30,T20 > T30,1,2022-10-19,,T30,2023-07-26,False,-121.785687,36.889489,-158916.8,-123769.3
4403904,True,A,Santa Cruz,1.410063610428233,1.410069249815519,S,T20,T20,2,,,,,False,-121.818033,36.88056,-161814.2,-124706.9
4403896,True,A,Santa Cruz,1.897697305439742,1.8977048934853866,S,T20,T20,2,,,,,False,-121.822784,36.878298,-162241.8,-124950.2
4403892,True,A,Santa Cruz,2.4777365070234416,2.4777464142085206,S,T20,T20,2,,,,,False,-121.821795,36.879693,-162150.8,-124796.8
4403887,True,A,Santa Cruz,1.747129976571347,1.747136966411795,S,T20,T20,2,,,,,False,-121.820387,36.877822,-162029.5,-125007.1
4403881,True,A,Santa Cruz,1.3448818716762896,1.3448872514923642,S,T20,T20,2,,,,,False,-121.822857,36.883659,-162236.9,-124354.3
4404594,True,A,Santa Cruz,13.292854499047692,13.292907642267792,S,T20,T20,2,,,,,False,-121.820907,36.894608,-162039.9,-123140.9
4403875,False,B,Santa Cruz,0.8122591925043945,0.8122624401156423,S,T20,T20 > X,2,2022-11-04,,X,,False,-121.816721,36.892831,-161671.2,-123345.5
4404595,True,A,Santa Cruz,3.980121662745784,3.98013747419647,S,T20,T20,2,,,,,False,-121.845378,36.935135,-164129.6,-118595.0
4403864,True,A,Santa Cruz,0.9462928866129623,0.9462966703920626,S,T20,T20,2,,,,,False,-121.824874,36.882878,-162418.0,-124437.6
4403853,True,A,Santa Cruz,1.5763704911080176,1.5763768009861556,S,T20,T20,2,,,,,False,-121.647339,36.906441,-146573.2,-122108.3
4403852,True,A,Santa Cruz,1.0178563214580614,1.017860391917239,S,T20,T20,2,,,,,False,-121.816386,36.925571,-161571.7,-119707.6
4403848,True,A,Santa Cruz,2.671325406970798,2.6713360972001414,S,T20,T20,2,,,,,False,-121.819352,36.87665,-161939.9,-125139.2
4403840,True,A,Santa Cruz,1.1510541969604722,1.1510587996386772,S,T20,T20,2,,,,,False,-121.811889,36.888385,-161250.7,-123847.8
4403838,True,A,Santa Cruz,1.285922836429835,1.285927982974047,S,T20,T20,2,,,,,False,-121.821959,36.88294,-162158.4,-124435.8
4403837,True,A,Santa Cruz,1.6837984120050418,1.6838051473957514,S,T20,T20,2,,,,,False,-121.810588,36.882941,-161146.6,-124455.0
4403812,True,A,Santa Cruz,2.311280146770014,2.3112893939869905,S,T20,T20,2,,,,,False,-121.82485,36.881725,-162418.3,-124565.8
4404222,True,A,Santa Cruz,6.479674483069837,6.4797003870534535,S,T20,T20,2,,,,,False,-121.814891,36.886017,-161522.9,-124105.8
4403806,True,A,Santa Cruz,1.0065655145087038,1.0065695403106267,S,T20,T20,2,,,,,False,-121.825185,36.884355,-162442.5,-124272.9
4403769,True,A,Santa Cruz,3.241280571872397,3.24129353572102,S,T20,T20,2,,,,,False,-121.711084,36.936912,-152183.2,-118621.5
4403720,False,B,Santa Cruz,1.2944574452620035,1.2944626221198061,D,T18,T20 > T18,1,2022-11-02,,T18,2023-07-01,False,-121.787741,36.985458,-158898.5,-113100.6
4405386,False,B,Santa Cruz,15.19401228531815,15.194073076451776,S,T20,T20 > X,2,2022-11-11,,X,,False,-121.757357,36.946751,-156278.0,-117452.8
4403708,True,A,Santa Cruz,1.1326447355472629,1.1326492650029205,S,T20,T20,2,,,,,False,-121.812975,36.888747,-161346.6,-123805.7
4403688,True,A,Santa Cruz,1.56087666210703,1.5608829034112817,S,T20,T20,2,,,,,False,-121.828629,36.898041,-162719.7,-122746.1
4403677,True,A,Santa Cruz,1.818149337405408,1.8181566097137873,S,T20,T20,2,,,,,False,-121.820519,36.881393,-162033.6,-124610.1
4403659,True,A,Santa Cruz,0.3714478710729144,0.3714493554875124,S,T20,T20,2,,,,,False,-121.826939,36.910284,-162543.1,-121388.4
4403658,True,A,Santa Cruz,1.3609875585206885,1.3609930000573391,S,T20,T20,2,,,,,False,-121.809288,36.88589,-161024.6,-124129.5
4403654,False,B,Santa Cruz,14.06778780983011,14.067844083984124,S,T20,T20 > X,2,2022-11-18,,X,,False,-121.823165,36.911364,-162205.0,-121274.8
4403643,True,A,Santa Cruz,0.5958893423041488,0.5958917251172808,S,T20,T20,2,,,,,False,-121.825661,36.883605,-162486.5,-124355.4
4403635,True,A,Santa Cruz,11.232482152539427,11.232527100507617,S,T20,T20,2,,,,,False,-121.754823,36.937287,-156072.1,-118508.7
4403617,True,A,Santa Cruz,0.6788358407477599,0.6788385553662023,S,T20,T20,2,,,,,False,-121.827799,36.914219,-162611.1,-120949.7
4403599,True,A,Santa Cruz,3.8935299598729576,3.893545529302365,S,T20,T20,2,,,,,False,-121.818563,36.878156,-161866.4,-124973.1
4405110,True,A,Santa Cruz,3.0196428508822915,3.0196549267531383,S,T20,T20,2,,,,,False,-121.825896,36.908123,-162454.9,-121630.4
4403572,True,A,Santa Cruz,1.2308739131965556,1.2308788359822633,S,T20,T20,2,,,,,False,-121.824141,36.883732,-162351.0,-124343.9
4403554,False,B,Santa Cruz,1.1189112285747385,1.1189157097738716,D,G6,T20 > G6,1,2022-10-26,,G6,2023-04-28,False,-121.677599,36.915144,-149248.2,-121093.9
4404294,False,B,Santa Cruz,10.461702440779163,10.461744329370417,D,G6,T20 > G6,1,2022-10-26,,G6,2023-04-20,False,-121.678458,36.917328,-149320.3,-120849.8
4403543,False,B,Santa Cruz,2.5293446149454644,2.5293547316626532,D,G6,T20 > G6,1,2022-10-27,,G6,2023-03-26,False,-121.819557,36.908939,-161889.2,-121550.5
4405111,True,A,Santa Cruz,13.440922778363854,13.440976505232944,S,T20,T20,2,,,,,False,-121.753892,36.962834,-155936.8,-115671.2
4403523,True,A,Santa Cruz,0.7432244695713895,0.7432274413800442,S,T20,T20,2,,,,,False,-121.831403,36.916999,-162925.8,-120634.5
4403518,True,A,Santa Cruz,3.0507415658010117,3.050753767442318,S,T20,T20,2,,,,,False,-121.757674,36.934627,-156331.1,-118799.7
4403506,True,A,Santa Cruz,1.3493903807407774,1.3493957808444321,S,T20,T20,2,,,,,False,-121.811542,36.900912,-161193.3,-122456.3
4405114,False,B,Santa Cruz,12.461153553158487,12.461203406896075,S,T20,T20 > X,2,2022-10-19,,X,,False,-121.74459,36.972797,-155089.5,-114579.2
4403504,False,B,Santa Cruz,8.0114781526562,8.011510147274095,S,T20,T20 > X,2,2023-01-07,,X,,False,-121.79136,36.909714,-159379.2,-121512.2
4403500,True,A,Santa Cruz,26.376894288535514,26.377000175014484,S,T20,T20,2,,,,,False,-121.738156,36.91584,-154633.6,-120919.5
4404225,False,B,Santa Cruz,18.311701109541165,18.31177437101796,D,G6,T20 > G6,1,2022-10-27,,G6,2023-04-20,False,-121.810263,36.927119,-161023.8,-119546.0
4403485,True,A,Santa Cruz,3.677692054857796,3.677706762990877,S,T20,T20,2,,,,,False,-121.829715,36.915104,-162779.7,-120848.0
4404600,False,B,Santa Cruz,16.69110033833476,16.691167082635097,D,G6,T20 > G6,1,2022-10-27,,G6,2023-04-20,False,-121.816346,36.897823,-161627.3,-122791.4
4403476,True,A,Santa Cruz,1.799234535686774,1.7992417342501144,S,T20,T20,2,,,,,False,-121.804342,36.889496,-160576.9,-123737.1
4403474,False,B,Santa Cruz,11.624814302488456,11.624860837864166,D,G6,T20 > G6,1,2022-10-27,,G6,2023-02-08,False,-121.824385,36.894404,-162349.8,-123157.6
4403465,True,A,Santa Cruz,1.3648328009668087,1.364838364755959,S,T20,T20,2,,,,,False,-121.820855,36.910169,-162002.1,-121411.6
4403459,True,A,Santa Cruz,2.300313863246748,2.3003230676168065,S,T20,T20,2,,,,,False,-121.822496,36.919603,-162127.9,-120360.4
4403454,True,A,Santa Cruz,0.9987655915767889,0.9987695727928997,S,T20,T20,2,,,,,False,-121.810414,36.887753,-161120.9,-123920.5
4405116,False,B,Santa Cruz,50.972528916293285,50.97273281659083,D,T30,T20 > T30,1,2022-11-20,,T30,2023-08-11,False,-121.7989,36.886519,-160098.8,-124077.2
4403435,True,A,Santa Cruz,1.048334391523445,1.0483385855377312,S,T20,T20,2,,,,,False,-121.82374,36.882978,-162316.8,-124428.5
4404601,False,B,Santa Cruz,20.482674990037097,20.48275691702534,T,T30,T20 > T30 > T30,1,2022-10-17,,T30,2023-05-31,False,-121.786644,36.893743,-158993.1,-123295.0
4404226,True,A,Santa Cruz,8.44005928920985,8.440093112427205,S,T20,T20,2,,,,,False,-121.810839,36.929495,-161070.1,-119281.0
4405118,False,B,Santa Cruz,2.043921603855011,2.043929785055606,S,T20,T20 > X,2,2022-12-21,,X,,False,-121.757576,36.975595,-156238.0,-114246.9
4403380,False,B,Santa Cruz,39.67041977422429,39.67057841228645,T,T30,T20 > T30 > T30,1,2022-10-27,,T30,2023-06-07,False,-121.690941,36.917523,-150430.3,-120808.4
4403375,True,A,Santa Cruz,2.2638900525443044,2.2638991083253024,S,T20,T20,2,,,,,False,-121.816948,36.877706,-161723.7,-125026.0
4403364,True,A,Santa Cruz,1.001825381435059,1.0018293892014032,S,T20,T20,2,,,,,False,-121.823602,36.884321,-162301.8,-124279.4
4403363,True,A,Santa Cruz,0.7622791117644698,0.762282165409495,S,T20,T20,2,,,,,False,-121.810631,36.888214,-161139.2,-123868.9
4403362,True,A,Santa Cruz,1.0810172682298984,1.0810215927383577,S,T20,T20,2,,,,,False,-121.814921,36.926221,-161440.1,-119637.9
4403359,True,A,Santa Cruz,3.6983208273485593,3.698335612543583,S,T20,T20,2,,,,,False,-121.82712,36.908834,-162562.3,-121549.3
4403340,True,A,Santa Cruz,0.7587795191718646,0.7587825564620171,S,T20,T20,2,,,,,False,-121.813214,36.888116,-161369.2,-123875.4
4403328,True,A,Santa Cruz,1.2403422836819011,1.2403472443780545,S,T20,T20,2,,,,,False,-121.822238,36.877441,-162195.1,-125046.4
4404602,False,B,Santa Cruz,7.267838198927413,7.26786728026309,D,T30,T20 > T30,1,2022-10-27,,T30,2023-05-31,False,-121.816608,36.88684,-161674.0,-124011.5
4403308,True,A,Santa Cruz,0.7176369864406582,0.7176398620155875,S,T20,T20,2,,,,,False,-121.818684,36.881758,-161869.5,-124572.7
4404603,True,A,Santa Cruz,8.633057445756137,8.633091961016792,S,T20,T20,2,,,,,False,-121.730097,36.957123,-153833.0,-116344.7
4403299,True,A,Santa Cruz,1.3899807420075247,1.3899863021346506,S,T20,T20,2,,,,,False,-121.831058,36.915757,-162897.7,-120773.1
4400069,True,A,Santa Cruz,6.712496476962307,6.712523320522949,S,T20,T20,2,,,,,False,-121.752544,36.948388,-155846.6,-117278.8
4404604,False,B,Santa Cruz,24.100453778339855,24.100550185883446,S,T20,T20 > X,2,2022-11-20,,X,,False,-121.84718,36.930637,-164299.6,-119091.7
4400093,True,A,Santa Cruz,2.168564553297572,2.168573224886847,S,T20,T20,2,,,,,False,-121.823455,36.884884,-162287.5,-124217.1
4405124,True,A,Santa Cruz,7.410775804211669,7.410805441591043,S,T20,T20,2,,,,,False,-121.815023,36.923484,-161455.0,-119941.9
4400140,True,A,Santa Cruz,3.4367676155069753,3.436781360254564,S,T20,T20,2,,,,,False,-121.845296,36.933205,-164126.5,-118809.6
4400153,True,A,Santa Cruz,2.1126414692553195,2.1126499285758933,S,T20,T20,2,,,,,False,-121.811224,36.883952,-161201.0,-124341.6
4400234,True,A,Santa Cruz,0.7006732189515611,0.7006760195149755,S,T20,T20,2,,,,,False,-121.813285,36.889516,-161372.5,-123719.7
4400235,True,A,Santa Cruz,2.321457786872349,2.3214670689122565,S,T20,T20,2,,,,,False,-121.826716,36.908416,-162527.3,-121596.4
4404235,True,A,Santa Cruz,23.429488538764627,23.42958227316427,S,T20,T20,2,,,,,False,-121.725741,36.919839,-153521.2,-120495.3
4400280,True,A,Santa Cruz,15.62876578359617,15.628828279645724,S,T20,T20,2,,,,,False,-121.833226,36.897733,-163129.3,-122772.4
4400290,True,A,Santa Cruz,1.394006697557764,1.3940122754665356,S,T20,T20,2,,,,,False,-121.817388,36.878008,-161762.2,-124991.6
4400301,True,A,Santa Cruz,4.813957954523472,4.8139772038838835,S,T20,T20,2,,,,,False,-121.828674,36.912935,-162691.8,-121090.9
4400302,True,A,Santa Cruz,1.45415020244702,1.4541560201679624,S,T20,T20,2,,,,,False,-121.812564,36.889093,-161309.3,-123768.0
4400325,False,B,Santa Cruz,3.238986339804209,3.238999291027909,S,T20,T20 > X,2,2023-01-07,,X,,False,-121.799791,36.913154,-160122.0,-121115.7
4400334,True,A,Santa Cruz,1.0066055095787823,1.006609532076422,S,T20,T20,2,,,,,False,-121.825459,36.884046,-162467.5,-124306.9
4400344,True,A,Santa Cruz,3.231226507736898,3.231239426597974,S,T20,T20,2,,,,,False,-121.806045,36.890386,-160726.5,-123635.3
4400345,True,A,Santa Cruz,2.494855400505596,2.4948653799271865,S,T20,T20,2,,,,,False,-122.221138,37.03234,-197291.4,-107076.6
4405129,True,A,Santa Cruz,5.45057058280318,5.450592382994649,S,T20,T20,2,,,,,False,-121.75789,36.931118,-156357.6,-119189.3
4400365,True,A,Santa Cruz,0.9940127118662889,0.9940166869116774,S,T20,T20,2,,,,,False,-121.810933,36.889047,-161164.3,-123775.9
4400366,False,B,Santa Cruz,1.2915456981786668,1.2915508628234376,D,G6,T20 > G6,1,2022-10-27,,G6,2023-03-26,False,-121.818457,36.90927,-161790.6,-121515.7
4404105,True,A,Santa Cruz,3.899389017897336,3.8994045887956124,S,T20,T20,2,,,,,False,-121.844358,36.933529,-164042.4,-118775.2
4404610,False,B,Santa Cruz,39.51824673492744,39.51840492781161,T,T30,T20 > G6 > T30,1,2022-10-19,,G6,2023-03-10,False,-121.812255,36.867414,-161327.9,-126177.7
4400385,True,A,Santa Cruz,0.9481436342485425,0.9481474259770444,S,T20,T20,2,,,,,False,-121.827312,36.913343,-162569.7,-121047.8
4400387,True,A,Santa Cruz,3.4655269642617292,3.4655408266327603,S,T20,T20,2,,,,,False,-121.818334,36.907824,-161782.8,-121676.6
4400392,True,A,Santa Cruz,10.745099221224114,10.745142213146066,S,T20,T20,2,,,,,False,-121.811055,36.901867,-161147.9,-122350.9
4400396,True,A,Santa Cruz,10.971899471365555,10.971943360973539,S,T20,T20,2,,,,,False,-121.815008,36.908203,-161486.1,-121640.1
4400414,True,A,Santa Cruz,5.688987718799765,5.689010475545107,S,T20,T20,2,,,,,False,-121.644735,36.895826,-146362.0,-123292.0
4404238,False,B,Santa Cruz,31.965684503363835,31.965812363173544,T,T30,T20 > T30 > T30,1,2022-10-25,,T30,2023-05-31,False,-121.800552,36.874459,-160271.3,-125414.6
4400426,True,A,Santa Cruz,1.9358870484573518,1.9358947815383918,S,T20,T20,2,,,,,False,-121.824641,36.885168,-162392.4,-124183.5
4404612,False,B,Santa Cruz,21.368436802630193,21.368522466511166,S,T20,T20 > X,2,2022-11-04,,X,,False,-121.755937,36.941287,-156162.9,-118062.4
4400462,True,A,Santa Cruz,3.337588123148163,3.33760147578858,S,T20,T20,2,,,,,False,-121.821971,36.88129,-162163.1,-124619.0
4400469,True,A,Santa Cruz,1.9242272208803792,1.9242349123528395,S,T20,T20,2,,,,,False,-121.71983,36.94264,-152949.4,-117970.9
4400475,True,A,Santa Cruz,3.160736955040021,3.160749600278457,S,T20,T20,2,,,,,False,-121.843355,36.933713,-163952.8,-118756.5
4400484,True,A,Santa Cruz,1.9117175644625364,1.9117252032076,S,T20,T20,2,,,,,False,-121.828882,36.898402,-162741.4,-122705.6
4400496,True,A,Santa Cruz,1.4221665880218664,1.4221722774914998,S,T20,T20,2,,,,,False,-121.821648,36.878626,-162140.0,-124915.6
4400497,True,A,Santa Cruz,17.868091473883382,17.868162146090587,S,T20,T20,2,,,,,False,-121.704434,36.91988,-151625.8,-120525.0
4400548,True,A,Santa Cruz,2.740258310160893,2.740269270460165,S,T20,T20,2,,,,,False,-121.818093,36.878779,-161823.3,-124904.7
4400549,True,A,Santa Cruz,2.8364892732614253,2.8365006137269204,S,T20,T20,2,,,,,False,-121.814575,36.924273,-161413.4,-119854.9
4404613,False,B,Santa Cruz,7.845086735008644,7.845118115542409,D,T30,T20 > T30,1,2022-10-11,,T30,2023-07-08,False,-121.801918,36.880669,-160379.8,-124722.1
4400557,True,A,Santa Cruz,1.555683957416875,1.5556901799571867,S,T20,T20,2,,,,,False,-121.820899,36.878643,-162073.3,-124915.0
4400564,True,A,Santa Cruz,1.475149587562957,1.4751554913346079,S,T20,T20,2,,,,,False,-121.809678,36.885457,-161060.3,-124176.9
4400570,False,B,Santa Cruz,3.7846196873623215,3.78463482802552,T,T30,T20 > G6 > T30,1,2022-10-18,,G6,2023-03-20,False,-121.731204,36.928477,-153989.6,-119526.4
4400579,True,A,Santa Cruz,0.8150608519474478,0.8150641110271688,S,T20,T20,2,,,,,False,-121.850195,36.93465,-164559.0,-118640.5
4400581,True,A,Santa Cruz,12.66246438966601,12.662515048410778,S,T20,T20,2,,,,,False,-121.754191,36.937991,-156014.4,-118431.5
4404616,True,A,Santa Cruz,3.0788563952704564,3.0788687083523305,S,T20,T20,2,,,,,False,-121.850196,36.925718,-164578.5,-119633.1
4400601,False,B,Santa Cruz,1.0366377437106182,1.036641878759884,S,T20,T20 > X,2,2023-01-07,,X,,False,-121.825745,36.900917,-162456.9,-122431.4
4400603,True,A,Santa Cruz,1.0316387945570955,1.0316429215003062,S,T20,T20,2,,,,,False,-121.823751,36.882126,-162319.7,-124523.1
4400604,False,B,Santa Cruz,23.887233397435928,23.887328963439078,S,T20,T20 > X,2,2022-10-26,,X,,False,-121.721475,36.917431,-153146.6,-120769.8
4400607,True,A,Santa Cruz,0.8815815224866284,0.8815850502704428,S,T20,T20,2,,,,,False,-121.815379,36.926054,-161481.1,-119655.6
4400617,True,A,Santa Cruz,2.6537830929378448,2.653793714284643,S,T20,T20,2,,,,,False,-121.85029,36.935268,-164566.2,-118571.7
4404617,False,B,Santa Cruz,19.579127222685138,19.579205547871833,D,G6,T20 > G6,1,2022-11-02,,G6,2023-04-20,False,-121.811976,36.896254,-161241.8,-122973.1
4400642,True,A,Santa Cruz,25.39363398647975,25.393735593189533,S,T20,T20,2,,,,,False,-121.79569,36.881647,-159823.5,-124624.0
4400644,True,A,Santa Cruz,5.941775522987922,5.941799279175085,S,T20,T20,2,,,,,False,-121.729542,36.962114,-153773.5,-115790.9
4405302,True,A,Santa Cruz,9.785825577643307,9.785864757897661,S,T20,T20,2,,,,,False,-121.866361,36.944278,-165975.6,-117542.4
4405406,True,A,Santa Cruz,22.935984661021735,22.936076421701266,S,T20,T20,2,,,,,False,-121.797738,36.914461,-159936.6,-120973.9
4400664,False,B,Santa Cruz,4.489861313060637,4.489879270380456,S,T20,T20 > X,2,2023-02-06,,X,,False,-121.785204,36.948481,-158750.4,-117214.2
4400668,True,A,Santa Cruz,1.4933403787584676,1.4933463515856356,S,T20,T20,2,,,,,False,-121.742931,36.961192,-154965.7,-115871.6
4400683,False,B,Santa Cruz,5.699159377951274,5.699182166033192,S,T20,T20 > X,2,2022-10-27,,X,,False,-121.807278,36.926843,-160758.9,-119581.8
4400685,True,A,Santa Cruz,2.3303595538807,2.3303688735471355,S,T20,T20,2,,,,,False,-121.821022,36.880007,-162081.3,-124763.2
4400688,False,B,Santa Cruz,3.1399817318092786,3.1399943000547146,D,G6,T20 > G6,1,2022-10-26,,G6,2023-04-20,False,-121.675466,36.919423,-149050.0,-120621.8
4400692,True,A,Santa Cruz,1.567302269239325,1.5673085390372021,S,T20,T20,2,,,,,False,-121.644304,36.898265,-146318.9,-123021.6
4400698,True,A,Santa Cruz,0.7418783796614773,0.741881347049016,S,T20,T20,2,,,,,False,-121.830035,36.91663,-162804.9,-120677.9
4400699,True,A,Santa Cruz,1.142811966045548,1.14281654124881,S,T20,T20,2,,,,,False,-121.810985,36.887418,-161172.3,-123956.7
4400713,True,A,Santa Cruz,1.2955242800685849,1.2955294623282558,S,T20,T20,2,,,,,False,-121.81927,36.879446,-161926.6,-124828.6
4404622,False,B,Santa Cruz,6.049771846639097,6.049796049215416,S,T20,T20 > X,2,2023-01-06,,X,,False,-121.761059,36.932495,-156636.6,-119031.0
4400719,True,A,Santa Cruz,1.1043711168045698,1.1043755334435932,S,T20,T20,2,,,,,False,-121.812237,36.886803,-161285.1,-124023.0
4400738,True,A,Santa Cruz,5.3758265569448636,5.375848052084055,S,T20,T20,2,,,,,False,-121.870654,36.943939,-166358.1,-117572.6
4400746,False,B,Santa Cruz,4.454642912509787,4.454660718271869,S,T20,T20 > X,2,2023-01-22,,X,,False,-121.762024,36.97742,-156629.5,-114036.7
4405137,True,A,Santa Cruz,25.418799450434882,25.41890112627691,S,T20,T20,2,,,,,False,-121.686244,36.927548,-149992.7,-119701.7
4400759,True,A,Santa Cruz,10.290124372270547,10.290165521727388,S,T20,T20,2,,,,,False,-121.776719,36.896165,-158104.9,-123042.4
4400762,True,A,Santa Cruz,1.4526421932010742,1.4526479996708879,S,T20,T20,2,,,,,False,-121.821532,36.882411,-162121.6,-124495.3
4400773,True,A,Santa Cruz,4.68539577849929,4.6854145229806035,S,T20,T20,2,,,,,False,-121.757066,36.936082,-156274.1,-118638.9
4400774,True,A,Santa Cruz,1.6071931643726476,1.607199593515463,S,T20,T20,2,,,,,False,-121.820984,36.877564,-162083.2,-125034.8
4400785,False,B,Santa Cruz,8.417185461745689,8.417219122047984,T,T30,T20 > T30 > T30,1,2022-10-19,,T30,2023-06-08,False,-121.781594,36.896329,-158538.3,-123016.1
4400793,True,A,Santa Cruz,1.0548364482097798,1.0548406669686141,S,T20,T20,2,,,,,False,-121.820272,36.882983,-162008.2,-124433.8
4404623,False,B,Santa Cruz,6.8316010250818175,6.831628362213524,D,G6,T20 > G6,1,2022-11-02,,G6,2023-04-19,False,-121.816302,36.896624,-161625.9,-122924.6
4404240,True,A,Santa Cruz,37.529668224397874,37.529818294852504,S,T20,T20,2,,,,,False,-121.733504,36.911828,-154228.0,-121372.9
4400796,True,A,Santa Cruz,1.8720697962347428,1.8720772817170288,S,T20,T20,2,,,,,False,-121.849317,36.934836,-164480.6,-118621.3
4400820,True,A,Santa Cruz,3.2152420008311595,3.2152548587093577,S,T20,T20,2,,,,,False,-121.830674,36.898728,-162900.2,-122666.2
4400821,True,A,Santa Cruz,0.9393606664494653,0.9393643144085104,S,T20,T20,2,,,,,False,-121.822254,36.878672,-162193.8,-124909.5
4400825,True,A,Santa Cruz,0.7684373761010191,0.7684404472700386,S,T20,T20,2,,,,,False,-121.829384,36.91563,-162749.2,-120790.1
4400838,True,A,Santa Cruz,0.5237659633051445,0.5237681444813224,S,T20,T20,2,,,,,False,-121.827474,36.915985,-162578.5,-120753.9
4400843,True,A,Santa Cruz,0.8121013395708824,0.8121045882380465,S,T20,T20,2,,,,,False,-121.818651,36.881332,-161867.5,-124620.1
4400844,False,B,Santa Cruz,1.7048632875974612,1.7048701099342387,D,G6,T20 > G6,1,2022-11-04,,G6,2023-04-20,False,-121.815787,36.892325,-161589.2,-123403.3
4400856,True,A,Santa Cruz,1.2807766358239816,1.2807817603540228,S,T20,T20,2,,,,,False,-121.820339,36.880233,-162020.1,-124739.3
4404131,True,A,Santa Cruz,3.1369929239854013,3.1370054713320767,S,T20,T20,2,,,,,False,-121.814555,36.887891,-161489.0,-123898.1
4400862,True,A,Santa Cruz,1.1371155936477937,1.1371201433052014,S,T20,T20,2,,,,,False,-121.743493,36.961225,-155015.6,-115867.0
4400865,True,A,Santa Cruz,2.2704417475730096,2.270450827914737,S,T20,T20,2,,,,,False,-121.818661,36.876272,-161879.2,-125182.3
4400880,True,A,Santa Cruz,1.6950301918248836,1.6950369744978786,S,T20,T20,2,,,,,False,-121.804566,36.890422,-160594.8,-123633.8
4405407,True,A,Santa Cruz,14.346041959017642,14.346099268149581,S,T20,T20,2,,,,,False,-121.725497,36.931484,-153475.9,-119201.5
4400892,False,B,Santa Cruz,1.8982930678444838,1.8983006616691247,D,G6,T20 > G6,1,2022-10-27,,G6,2023-03-19,False,-121.82196,36.921472,-162076.2,-120153.7
4400894,True,A,Santa Cruz,3.64672332872667,3.6467379226803365,S,T20,T20,2,,,,,False,-121.827538,36.909411,-162598.2,-121484.4
4400917,True,A,Santa Cruz,2.008416703318698,2.008424737519378,S,T20,T20,2,,,,,False,-121.812549,36.886004,-161314.6,-124111.2
4405143,True,A,Santa Cruz,5.902426139133166,5.902449753509582,S,T20,T20,2,,,,,False,-121.813319,36.882308,-161390.9,-124520.7
4400934,True,A,Santa Cruz,1.1524815311159675,1.1524861431504925,S,T20,T20,2,,,,,False,-121.827471,36.914779,-162580.8,-120888.0
4400967,True,A,Santa Cruz,0.33310600946088376,0.33310734147302223,S,T20,T20,2,,,,,False,-121.829541,36.916379,-162761.4,-120706.7
4400977,True,A,Santa Cruz,1.6251476209469937,1.6251541168317702,S,T20,T20,2,,,,,False,-121.828454,36.897689,-162704.8,-122785.5
4400996,False,B,Santa Cruz,2.0712328012933288,2.07124108677422,D,G6,T20 > G6,1,2022-10-25,,G6,2023-02-16,False,-121.806353,36.886845,-160761.4,-124028.3
4401004,False,B,Santa Cruz,21.433566111308675,21.43365176296871,T,T4,T20 > T30 > T4,1,2022-10-17,,T30,2023-06-22,False,-121.774351,36.886568,-157914.2,-124112.9
4404463,True,A,Santa Cruz,1.0173679163470672,1.0173719662142002,S,T20,T20,2,,,,,False,-121.759011,36.977315,-156362.0,-114053.4
4404313,True,A,Santa Cruz,14.92737526539832,14.927434969833916,S,T20,T20,2,,,,,False,-121.759517,36.930081,-156504.4,-119301.8
4401013,True,A,Santa Cruz,1.9512490428192826,1.951256846866395,S,T20,T20,2,,,,,False,-121.824452,36.884363,-162377.2,-124273.3
4401027,True,A,Santa Cruz,23.9600406082283,23.96013657116437,S,T20,T20,2,,,,,False,-121.728361,36.961058,-153670.7,-115910.2
4401034,True,A,Santa Cruz,3.287351204876996,3.2873643488056437,S,T20,T20,2,,,,,False,-121.683646,36.926177,-149764.3,-119858.2
4401046,True,A,Santa Cruz,1.9646792157749262,1.9646869071354018,S,T20,T20,2,,,,,False,-121.848708,36.934173,-164427.8,-118696.1
4401049,True,A,Santa Cruz,1.4080152315261918,1.4080208779983232,S,T20,T20,2,,,,,False,-121.819591,36.881693,-161950.4,-124578.3
4401053,True,A,Santa Cruz,0.922942478203584,0.9229461715828653,S,T20,T20,2,,,,,False,-121.820234,36.878762,-162013.8,-124902.9
4401074,True,A,Santa Cruz,1.3902410060203738,1.3902465695737902,S,T20,T20,2,,,,,False,-121.830512,36.915995,-162848.7,-120747.6
4401107,True,A,Santa Cruz,2.1056296911255905,2.1056381346920805,S,T20,T20,2,,,,,False,-121.829207,36.899314,-162768.4,-122603.6
4405149,False,B,Santa Cruz,10.442437655796299,10.442479467034705,T,T30,T20 > G6 > T30,1,2022-10-18,,G6,2023-03-20,False,-121.731686,36.930928,-154027.5,-119253.2
4401123,True,A,Santa Cruz,41.12472450917273,41.12488938593621,S,T20,T20,2,,,,,False,-121.819502,36.901892,-161899.4,-122333.7
4401139,False,B,Santa Cruz,14.002235502690167,14.002291488857978,T,T30,T20 > T30 > T30,1,2022-10-17,,T30,2023-06-22,False,-121.808334,36.872674,-160967.7,-125599.8
4401154,True,A,Santa Cruz,3.056176903818478,3.056189123650287,S,T20,T20,2,,,,,False,-121.818667,36.88083,-161870.0,-124675.8
4401201,True,A,Santa Cruz,2.435387088435565,2.435396828893322,S,T20,T20,2,,,,,False,-121.811731,36.885489,-161242.9,-124169.9
4401203,True,A,Santa Cruz,6.28264893599416,6.282674050242848,S,T20,T20,2,,,,,False,-121.753429,36.947962,-155926.2,-117324.7
4401213,False,B,Santa Cruz,3.8557191271130784,3.855734553968232,D,G6,T20 > G6,1,2022-10-25,,G6,2023-03-19,False,-121.807173,36.88723,-160833.5,-123984.2
4401228,True,A,Santa Cruz,0.5326837267342522,0.5326858550047711,S,T20,T20,2,,,,,False,-121.811447,36.887937,-161212.3,-123898.3
4401249,False,B,Santa Cruz,3.995473996053931,3.995489971538117,T,T30,T20 > G6 > T30,1,2022-10-17,,G6,2023-03-04,False,-121.822139,36.89192,-162155.3,-123437.5
4405152,True,A,Santa Cruz,12.538948070888022,12.538998221271275,S,T20,T20,2,,,,,False,-121.832415,36.912331,-163025.8,-121151.5
4401269,True,A,Santa Cruz,1.1453136996093527,1.1453182904271568,S,T20,T20,2,,,,,False,-121.824758,36.885775,-162401.5,-124115.9
4404634,False,B,Santa Cruz,7.922919626571019,7.922951285771052,D,G6,T20 > G6,1,2022-10-19,,G6,2023-03-19,False,-121.815803,36.90688,-161559.7,-121785.8
4405153,True,A,Santa Cruz,2.693713397150378,2.6937241689057116,S,T20,T20,2,,,,,False,-121.811762,36.887432,-161241.5,-123953.9
4401286,True,A,Santa Cruz,1.300559830971015,1.300565025225857,S,T20,T20,2,,,,,False,-121.816618,36.880127,-161689.2,-124757.4
4401304,True,A,Santa Cruz,0.6467809112580003,0.6467834973335064,S,T20,T20,2,,,,,False,-121.810613,36.888571,-161136.8,-123829.3
4401306,True,A,Santa Cruz,3.836667010427874,3.8366823593438983,S,T20,T20,2,,,,,False,-121.778639,36.978671,-158103.8,-113870.2
4401313,True,A,Santa Cruz,2.586698266047749,2.586708616277748,S,T20,T20,2,,,,,False,-121.805261,36.889074,-160659.5,-123782.4
4401325,True,A,Santa Cruz,0.6091627232746106,0.6091651552306905,S,T20,T20,2,,,,,False,-121.759577,36.949859,-156468.9,-117103.7
4401331,False,B,Santa Cruz,6.381909864116548,6.381935395205838,T,T30,T20 > G6 > T30,1,2022-10-27,,G6,2023-02-23,False,-121.826866,36.89464,-162570.1,-123127.1
4401334,True,A,Santa Cruz,0.6065465140819777,0.6065489405920739,S,T20,T20,2,,,,,False,-121.827146,36.915945,-162549.3,-120758.9
4401363,True,A,Santa Cruz,1.5259609984988873,1.525967116597037,S,T20,T20,2,,,,,False,-121.744863,36.960096,-155139.7,-115990.2
4401369,True,A,Santa Cruz,2.469510956276219,2.469520831814176,S,T20,T20,2,,,,,False,-121.819849,36.882314,-161972.0,-124508.9
4401370,True,A,Santa Cruz,1.2075701485166717,1.2075749766228017,S,T20,T20,2,,,,,False,-121.820878,36.883211,-162061.7,-124407.4
4401378,True,A,Santa Cruz,3.1885267269674613,3.188539480251478,S,T20,T20,2,,,,,False,-121.756315,36.977107,-156122.8,-114080.9
4401385,True,A,Santa Cruz,2.3390798751675286,2.3390892296849874,S,T20,T20,2,,,,,False,-121.823282,36.880742,-162280.9,-124677.7
4401387,True,A,Santa Cruz,2.050684256722676,2.050692476844362,S,T20,T20,2,,,,,False,-121.801185,36.945711,-160177.2,-117495.2
4401388,True,A,Santa Cruz,1.610709319332422,1.6107157613819107,S,T20,T20,2,,,,,False,-121.819936,36.879831,-161985.0,-124784.6
4405154,True,A,Santa Cruz,2.017736413323321,2.017744483443051,S,T20,T20,2,,,,,False,-121.814245,36.924973,-161382.6,-119777.7
4401405,True,A,Santa Cruz,13.37179802851817,13.371851678574025,S,T20,T20,2,,,,,False,-121.72651,36.959219,-153509.8,-116117.6
4405155,True,A,Santa Cruz,9.522273509247807,9.522311599813797,S,T20,T20,2,,,,,False,-121.821651,36.918717,-162054.7,-120460.4
4405156,True,A,Santa Cruz,3.1759329727554295,3.175945677949652,S,T20,T20,2,,,,,False,-121.760444,36.949358,-156547.0,-117157.9
4404637,True,A,Santa Cruz,21.06130926340225,21.061393539190547,S,T20,T20,2,,,,,False,-121.821646,36.907313,-162078.5,-121727.6
4401419,False,B,Santa Cruz,0.8385767983536423,0.8385801534292232,D,G6,T20 > G6,1,2022-10-09,,G6,2023-03-26,False,-121.81813,36.909503,-161761.1,-121490.3
4405422,False,B,Santa Cruz,30.11537694572552,30.11549743864514,T,T30,T20 > T30 > T30,1,2022-10-19,,T30,2023-06-15,False,-121.803508,36.876397,-160530.3,-125194.2
4404639,True,A,Santa Cruz,22.280767299687724,22.280856413961104,S,T20,T20,2,,,,,False,-121.827557,36.911714,-162595.0,-121228.5
4404317,False,B,Santa Cruz,3.972939158108128,3.9729550379089593,D,G6,T20 > G6,1,2022-11-04,,G6,2023-04-11,False,-121.81793,36.890658,-161783.5,-123584.8
4401459,False,B,Santa Cruz,13.143427198135894,13.143479775915557,D,T30,T20 > T30,1,2022-10-11,,T30,2023-07-08,False,-121.774708,36.891178,-157936.4,-123600.0
4401460,True,A,Santa Cruz,0.8157843823903395,0.8157876464976407,S,T20,T20,2,,,,,False,-121.812688,36.887493,-161323.7,-123945.5
4401473,True,A,Santa Cruz,2.2867667020567786,2.286775848744743,S,T20,T20,2,,,,,False,-121.754523,36.965092,-155988.2,-115419.1
4401475,True,A,Santa Cruz,0.4150728717423172,0.41507453055731414,S,T20,T20,2,,,,,False,-121.778953,36.978077,-158132.9,-113935.6
4401478,True,A,Santa Cruz,9.199754449558561,9.199791236350503,S,T20,T20,2,,,,,False,-121.756785,36.932363,-156256.8,-119052.7
4401490,True,A,Santa Cruz,3.1605094580491766,3.1605221001451698,S,T20,T20,2,,,,,False,-121.8227,36.88103,-162228.5,-124646.7
4401494,True,A,Santa Cruz,1.925393333884219,1.9254010324857143,S,T20,T20,2,,,,,False,-121.82152,36.877442,-162131.1,-125047.5
4401498,False,B,Santa Cruz,0.991924402009842,0.991928367517178,D,G6,T20 > G6,1,2022-11-04,,G6,2023-04-20,False,-121.815446,36.892811,-161557.9,-123349.8
4401501,True,A,Santa Cruz,3.550969246127514,3.550983453351333,S,T20,T20,2,,,,,False,-121.806548,36.891048,-160769.9,-123560.9
4401540,True,A,Santa Cruz,2.3566910945575748,2.356700516207965,S,T20,T20,2,,,,,False,-121.82152,36.920538,-162039.1,-120258.2
4401548,True,A,Santa Cruz,4.110305843221832,4.110322295686272,S,T20,T20,2,,,,,False,-121.846429,36.922977,-164249.4,-119944.2
4404642,True,A,Santa Cruz,7.1276201023729495,7.127648699969988,S,T20,T20,2,,,,,False,-121.825818,36.906329,-162451.8,-121829.9
4405162,False,B,Santa Cruz,8.789355269694985,8.789390425906687,S,T20,T20 > X,2,2023-02-06,,X,,False,-121.785784,36.947116,-158804.8,-117365.0
4401564,True,A,Santa Cruz,0.831398426757793,0.8314017502472619,S,T20,T20,2,,,,,False,-121.818962,36.879857,-161898.3,-124783.5
4405163,False,B,Santa Cruz,10.707802717520101,10.70784407897225,D,T30,T20 > T30,1,2022-11-11,,T30,2023-06-14,False,-121.808586,36.893974,-160944.9,-123232.3
4405165,True,A,Santa Cruz,14.399610710018242,14.399668303015885,S,T20,T20,2,,,,,False,-121.851913,36.926038,-164730.5,-119594.6
4401582,True,A,Santa Cruz,1.3198019257629998,1.3198072086839785,S,T20,T20,2,,,,,False,-121.824745,36.881138,-162410.3,-124631.1
4401592,True,A,Santa Cruz,1.9402510420112977,1.9402588018906528,S,T20,T20,2,,,,,False,-121.822679,36.879497,-162229.9,-124817.1
4404645,False,B,Santa Cruz,18.920944691646227,18.921020381452774,D,G6,T20 > G6,1,2022-10-27,,G6,2023-04-13,False,-121.812033,36.903061,-161232.4,-122216.6
4404646,True,A,Santa Cruz,48.710694779522385,48.71088963856354,S,T20,T20,2,,,,,False,-121.791145,36.891276,-159398.7,-123561.6
4401617,True,A,Santa Cruz,3.4727211247691536,3.472735019303233,S,T20,T20,2,,,,,False,-121.829228,36.914046,-162738.7,-120966.4
4401618,True,A,Santa Cruz,10.730434788304088,10.730477695667311,S,T20,T20,2,,,,,False,-121.802176,36.884935,-160393.8,-124247.6
4401622,False,B,Santa Cruz,1.167092229345388,1.1670968996666333,S,T20,T20 > X,2,2023-02-16,,X,,False,-121.757724,36.977221,-156247.8,-114066.0
4405166,False,B,Santa Cruz,8.739009844368855,8.739044798548601,T,T30,T20 > G6 > T30,1,2022-10-11,,G6,2023-03-20,False,-121.730207,36.930311,-153897.2,-119324.2
4401639,True,A,Santa Cruz,6.435918901544119,6.435944642225845,S,T20,T20,2,,,,,False,-121.823167,36.904487,-162219.9,-122039.1
4401642,True,A,Santa Cruz,1.3585495333358202,1.3585549886622361,S,T20,T20,2,,,,,False,-121.81703,36.879448,-161727.3,-124832.2
4401652,True,A,Santa Cruz,3.012014634896332,3.012026664710893,S,T20,T20,2,,,,,False,-121.810304,36.900077,-161084.9,-122551.1
4401656,True,A,Santa Cruz,1.7189209959037666,1.7189278719213954,S,T20,T20,2,,,,,False,-121.828426,36.91549,-162664.2,-120807.4
4401659,True,A,Santa Cruz,4.476324275725187,4.476342148241055,S,T20,T20,2,,,,,False,-121.74419,36.958642,-155082.9,-116152.9
4401672,True,A,Santa Cruz,15.37565480068167,15.375716305999557,S,T20,T20,2,,,,,False,-121.770883,36.886372,-157606.0,-124140.4
4401674,True,A,Santa Cruz,6.729979362541832,6.730006288285658,S,T20,T20,2,,,,,False,-121.726861,36.941896,-153576.1,-118042.2
4401684,True,A,Santa Cruz,0.19108716055340869,0.19108792646393866,S,T20,T20,2,,,,,False,-121.849982,36.934283,-164540.9,-118681.7
4401692,True,A,Santa Cruz,1.2634136282048007,1.2634186828264544,S,T20,T20,2,,,,,False,-121.822662,36.882604,-162221.8,-124471.9
4401698,True,A,Santa Cruz,15.663914689099798,15.663977660125086,S,T20,T20,2,,,,,False,-121.72602,36.944442,-153496.2,-117760.6
4401713,True,A,Santa Cruz,25.54561327843415,25.545715426141893,S,T20,T20,2,,,,,False,-121.798337,36.876854,-160069.1,-125152.1
4401727,True,A,Santa Cruz,2.0529329898219024,2.0529411628771306,S,T20,T20,2,,,,,False,-121.821339,36.909685,-162046.2,-121464.6
4401734,True,A,Santa Cruz,1.5408404212402926,1.5408465864843026,S,T20,T20,2,,,,,False,-121.783284,36.955233,-158565.6,-116467.2
4401740,True,A,Santa Cruz,21.435131429177044,21.435217118740923,S,T20,T20,2,,,,,False,-121.800621,36.878942,-160268.0,-124916.3
4404250,True,A,Santa Cruz,8.637985310268077,8.638019862055973,S,T20,T20,2,,,,,False,-121.714803,36.911067,-152565.9,-121487.8
4401784,True,A,Santa Cruz,0.6736083504828787,0.6736110416962696,S,T20,T20,2,,,,,False,-121.831068,36.916548,-162897.0,-120685.2
4401802,True,A,Santa Cruz,3.870432220606752,3.870447698237689,S,T20,T20,2,,,,,False,-121.808424,36.900159,-160917.4,-122545.3
4404251,True,A,Santa Cruz,16.924228128897976,16.92429580771005,S,T20,T20,2,,,,,False,-121.779079,36.891634,-158324.4,-123542.0
4404650,True,A,Santa Cruz,15.019738345214195,15.019798442062326,S,T20,T20,2,,,,,False,-121.823211,36.908602,-162215.0,-121581.7
4401828,False,B,Santa Cruz,2.4173526361777142,2.4173623077825024,D,G6,T20 > G6,1,2022-10-27,,G6,2023-04-13,False,-121.819825,36.920679,-161888.0,-120245.4
4404326,False,B,Santa Cruz,14.299220990510312,14.299278161895026,T,T30,T20 > G6 > T30,1,2022-10-18,,G6,2023-03-20,False,-121.726427,36.927588,-153566.5,-119632.9
4401843,False,B,Santa Cruz,1.445647004957918,1.445652792140883,D,G6,T20 > G6,1,2022-11-04,,G6,2023-04-20,False,-121.814212,36.89363,-161446.3,-123260.9
4401844,True,A,Santa Cruz,1.2588341719551372,1.2588392093129508,S,T20,T20,2,,,,,False,-121.818762,36.877199,-161886.2,-125079.1
4404651,False,C,Santa Cruz,4.825250232261245,4.82526950789482,D,T20,T30 > T20,2,2023-08-10,T30,,,False,-121.74206,36.930825,-154950.3,-119247.8
4401855,True,A,Santa Cruz,4.15596206473015,4.155978685821416,S,T20,T20,2,,,,,False,-121.85251,36.940951,-164751.3,-117936.2
4404252,False,B,Santa Cruz,31.779487058890844,31.779614248760723,D,T30,T20 > T30,1,2022-10-26,,T30,2023-07-26,False,-121.717579,36.914467,-152806.0,-121105.4
4401861,True,A,Santa Cruz,1.5777848876924725,1.5777911934264806,S,T20,T20,2,,,,,False,-121.821514,36.883868,-162116.9,-124333.3
4401875,True,A,Santa Cruz,1.3973233487837444,1.3973289327683573,S,T20,T20,2,,,,,False,-121.826635,36.913798,-162508.5,-120998.4
4401878,True,A,Santa Cruz,1.7344939662555483,1.7345009044565094,S,T20,T20,2,,,,,False,-121.823441,36.885494,-162284.9,-124149.3
4404253,True,A,Santa Cruz,28.928191950785006,28.92830771341005,S,T20,T20,2,,,,,False,-121.734635,36.914466,-154323.2,-121077.9
4401898,True,A,Santa Cruz,2.689409943221712,2.689420697538342,S,T20,T20,2,,,,,False,-121.82017,36.910495,-161940.5,-121376.6
4401905,True,A,Santa Cruz,1.2260295706480693,1.2260344765033013,S,T20,T20,2,,,,,False,-121.82132,36.881846,-162104.0,-124558.4
4401909,True,A,Santa Cruz,4.598457231228968,4.598475588404225,S,T20,T20,2,,,,,False,-121.842345,36.921894,-163888.5,-120071.7
4405432,False,B,Santa Cruz,55.011035080640134,55.011255056612754,T,T4,T20 > G6 > T4,1,2022-10-18,,G6,2023-03-20,False,-121.763496,36.937858,-156842.2,-118431.0
4401950,True,A,Santa Cruz,10.829018989127857,10.829062298779336,S,T20,T20,2,,,,,False,-121.804951,36.883856,-160642.9,-124362.8
4401952,True,A,Santa Cruz,3.468613932920055,3.468627827661108,S,T20,T20,2,,,,,False,-121.81773,36.906489,-161732.0,-121825.9
4401954,True,A,Santa Cruz,5.336490007018698,5.336511357383072,S,T20,T20,2,,,,,False,-121.643386,36.897462,-146238.8,-123112.3
4405170,True,A,Santa Cruz,9.979960708555506,9.980000635779,S,T20,T20,2,,,,,False,-121.83525,36.913602,-163275.3,-121005.5
4401961,False,B,Santa Cruz,1.7288996475810186,1.7289065609979617,D,G6,T20 > G6,1,2022-10-25,,G6,2023-03-10,False,-121.819294,36.91275,-161857.7,-121127.4
4404214,True,A,Santa Cruz,5.907429088726388,5.907452707706658,S,T20,T20,2,,,,,False,-121.808454,36.928707,-160859.6,-119372.6
4401966,True,A,Santa Cruz,3.061662734818513,3.061674982331218,S,T20,T20,2,,,,,False,-121.818448,36.87576,-161861.3,-125239.6
4401981,True,A,Santa Cruz,26.111515857431726,26.11162030021851,S,T20,T20,2,,,,,False,-121.695288,36.929449,-150793.2,-119476.1
4401983,True,A,Santa Cruz,0.8780255640567569,0.8780290759501441,S,T20,T20,2,,,,,False,-121.754823,36.935792,-156075.1,-118674.9
4401991,True,A,Santa Cruz,1.4458362375368332,1.4458420185365686,S,T20,T20,2,,,,,False,-121.851208,36.942447,-164632.3,-117772.3
4402014,True,A,Santa Cruz,3.6843343575150964,3.684349093224111,S,T20,T20,2,,,,,False,-121.850905,36.935964,-164619.3,-118493.2
4404652,True,A,Santa Cruz,3.8735901104298276,3.8736056228399702,S,T20,T20,2,,,,,False,-121.847483,36.936315,-164314.3,-118460.2
4402038,False,B,Santa Cruz,9.732069287738453,9.732108221229725,S,T20,T20 > X,2,2023-01-06,,X,,False,-121.759629,36.932991,-156508.4,-118978.3
4402041,False,B,Santa Cruz,1.8294877125987237,1.8294950304009803,S,T20,T20 > X,2,2022-11-04,,X,,False,-121.816039,36.89338,-161609.4,-123285.6
4402056,True,A,Santa Cruz,0.7546971031524898,0.754700124135342,S,T20,T20,2,,,,,False,-121.811487,36.888739,-161214.2,-123809.1
4402077,True,A,Santa Cruz,1.6401374558812618,1.6401440182101106,S,T20,T20,2,,,,,False,-121.756111,36.975789,-156107.4,-114227.7
4402103,True,A,Santa Cruz,0.9817636149201858,0.9817675379945447,S,T20,T20,2,,,,,False,-121.819762,36.877272,-161975.0,-125069.3
4402138,True,A,Santa Cruz,1.964111795582637,1.9641196526324116,S,T20,T20,2,,,,,False,-121.756123,36.976326,-156107.3,-114168.0
4405174,True,A,Santa Cruz,15.01792815659109,15.017988245544613,S,T20,T20,2,,,,,False,-121.757481,36.962951,-156255.6,-115652.2
4402146,True,A,Santa Cruz,0.9445081992291565,0.9445119789687578,S,T20,T20,2,,,,,False,-121.830593,36.917011,-162853.7,-120634.6
4402151,True,A,Santa Cruz,1.7562364724212163,1.756243499750017,S,T20,T20,2,,,,,False,-121.781455,36.95365,-158406.3,-116646.0
4402160,True,A,Santa Cruz,13.938813759859295,13.938869499424017,S,T20,T20,2,,,,,False,-121.701947,36.922794,-151398.8,-120205.1
4402161,True,A,Santa Cruz,1.7464029599603543,1.7464100428048102,S,T20,T20,2,,,,,False,-121.81142,36.882058,-161222.5,-124551.7
4402163,True,A,Santa Cruz,1.3423268991927464,1.3423322665658322,S,T20,T20,2,,,,,False,-121.812384,36.890136,-161291.1,-123652.3
4402191,True,A,Santa Cruz,0.7526630153868654,0.7526660253108548,S,T20,T20,2,,,,,False,-121.79047,37.006521,-159096.8,-110755.3
4404659,False,B,Santa Cruz,15.458388143376908,15.458449966123913,D,G6,T20 > G6,1,2022-10-27,,G6,2023-04-19,False,-121.854025,36.926799,-164916.7,-119506.3
4402210,False,B,Santa Cruz,22.808330815728223,22.80842217947872,T,T4,T20 > G6 > T4,1,2022-10-18,,G6,2023-04-19,False,-121.809868,36.859743,-161131.7,-127034.2
4402215,False,B,Santa Cruz,5.1668065100992395,5.166827179157635,S,T20,T20 > X,2,2022-10-19,,X,,False,-121.827392,36.90027,-162604.8,-122500.5
4402216,True,A,Santa Cruz,23.593499350915593,23.59359371174921,S,T20,T20,2,,,,,False,-121.857441,36.935844,-165200.8,-118495.3
4402221,False,B,Santa Cruz,1.5614785925020984,1.5614848365582736,D,G6,T20 > G6,1,2022-11-04,,G6,2023-04-20,False,-121.818114,36.891695,-161797.6,-123469.4
4402234,True,A,Santa Cruz,7.772483954719818,7.77251502726334,S,T20,T20,2,,,,,False,-121.796861,36.920311,-159846.2,-120325.3
4402242,False,B,Santa Cruz,1.7068678019449082,1.7068746291071704,D,G6,T20 > G6,1,2022-11-04,,G6,2023-04-05,False,-121.818972,36.890973,-161875.5,-123548.1
4402243,True,A,Santa Cruz,2.429876307468653,2.4298860165026777,S,T20,T20,2,,,,,False,-121.829886,36.899047,-162829.3,-122632.2
4402256,True,A,Santa Cruz,0.40215962930015947,0.4021612381383699,S,T20,T20,2,,,,,False,-121.849596,36.934157,-164506.9,-118696.4
4402282,True,A,Santa Cruz,5.217263350413397,5.2172842162508815,S,T20,T20,2,,,,,False,-121.744798,36.959192,-155135.8,-116090.8
4402285,True,A,Santa Cruz,0.8842582573353153,0.8842617906385686,S,T20,T20,2,,,,,False,-121.811701,36.889756,-161231.1,-123695.7
4402286,True,A,Santa Cruz,0.9887217922983536,0.9887259630038894,S,T20,T20,2,,,,,False,-121.82425,36.882727,-162362.8,-124455.4
4402289,True,A,Santa Cruz,22.1006467894441,22.100735154319413,S,T20,T20,2,,,,,False,-121.808597,36.866484,-161004.3,-126287.3
4402296,True,A,Santa Cruz,1.183639670674294,1.1836444059813216,S,T20,T20,2,,,,,False,-121.816156,36.924846,-161552.8,-119788.6
4405440,True,A,Santa Cruz,28.052851426931515,28.05296365542721,S,T20,T20,2,,,,,False,-121.776812,36.88887,-158128.4,-123853.0
4402320,True,A,Santa Cruz,6.178788732443238,6.178813441876428,S,T20,T20,2,,,,,False,-121.724349,36.930197,-153376.4,-119346.4
4402323,True,A,Santa Cruz,2.0812303116071678,2.081238638125966,S,T20,T20,2,,,,,False,-121.808608,36.886299,-160963.2,-124085.2
4402327,True,A,Santa Cruz,6.0998383019302285,6.099862756787642,S,T20,T20,2,,,,,False,-121.757004,36.935219,-156270.3,-118735.0
4402329,False,B,Santa Cruz,1.7325244801178301,1.7325314119271884,D,G6,T20 > G6,1,2022-11-10,,G6,2023-04-20,False,-121.813655,36.894099,-161395.8,-123209.8
4402336,True,A,Santa Cruz,7.548689713418106,7.548719884344768,S,T20,T20,2,,,,,False,-121.814301,36.92042,-161397.3,-120283.6
4402340,True,A,Santa Cruz,0.7953241065275259,0.7953272864036056,S,T20,T20,2,,,,,False,-121.823198,36.882356,-162269.9,-124498.5
4402341,True,A,Santa Cruz,0.8389026452269122,0.8389059996221488,S,T20,T20,2,,,,,False,-121.80966,36.886561,-161056.3,-124054.3
4405441,False,B,Santa Cruz,7.535860019086139,7.535890179163977,D,T30,T20 > T30,1,2022-10-27,,T30,2023-06-07,False,-121.768615,36.887784,-157401.2,-123987.3
4402376,True,A,Santa Cruz,1.3967910347024262,1.3967966207585698,S,T20,T20,2,,,,,False,-121.823934,36.879975,-162340.5,-124761.9
4405442,False,B,Santa Cruz,24.810448619462015,24.81054785207543,S,T20,T20 > X,2,2022-10-18,,X,,False,-121.78823,36.89623,-159129.0,-123015.9
4402430,True,A,Santa Cruz,1.9584189292296852,1.958426764835684,S,T20,T20,2,,,,,False,-121.801697,36.94615,-160221.8,-117445.6
4402435,True,A,Santa Cruz,3.296065258889177,3.296078437872132,S,T20,T20,2,,,,,False,-121.63679,36.904367,-145638.6,-122355.1
4404663,False,B,Santa Cruz,4.8986180297457045,4.898637625555246,D,G6,T20 > G6,1,2022-10-19,,G6,2023-04-13,False,-121.81362,36.906621,-161366.0,-121818.3
4402467,True,A,Santa Cruz,0.8568518879359314,0.8568553157115143,S,T20,T20,2,,,,,False,-121.760351,36.950657,-156536.1,-117013.8
4402481,True,A,Santa Cruz,3.2290093251144905,3.229022250081392,S,T20,T20,2,,,,,False,-121.829099,36.913449,-162728.5,-121033.0
4405181,False,B,Santa Cruz,8.336137272205127,8.33617061350223,T,T30,T20 > G6 > T30,1,2022-10-18,,G6,2023-03-20,False,-121.732579,36.928427,-154112.0,-119529.7
4402485,True,A,Santa Cruz,1.107069528699904,1.1070739555045797,S,T20,T20,2,,,,,False,-121.821108,36.881239,-162086.4,-124626.2
4402488,True,A,Santa Cruz,0.697916413306769,0.6979192044437249,S,T20,T20,2,,,,,False,-121.847376,36.933272,-164311.4,-118798.5
4402522,True,A,Santa Cruz,7.694210807538454,7.694241589786994,S,T20,T20,2,,,,,False,-121.833489,36.914597,-163116.5,-120897.9
4402531,True,A,Santa Cruz,10.356147560240105,10.356189037257229,S,T20,T20,2,,,,,False,-121.800968,36.883681,-160288.9,-124389.0
4402533,True,A,Santa Cruz,1.181226088433051,1.1812308143709487,S,T20,T20,2,,,,,False,-121.819729,36.879045,-161968.4,-124872.3
4402540,False,B,Santa Cruz,22.87933122937211,22.87942266918469,T,T4,T20 > T30 > T4,1,2022-10-19,,T30,2023-06-15,False,-121.776715,36.885153,-158127.5,-124266.2
4402547,True,A,Santa Cruz,4.009051043590183,4.009067080862582,S,T20,T20,2,,,,,False,-121.642543,36.899024,-146160.7,-122940.0
4405444,True,A,Santa Cruz,13.780172023564589,13.780227118823964,S,T20,T20,2,,,,,False,-121.774128,36.965183,-157730.9,-115376.6
4402556,False,B,Santa Cruz,1.2645357260084829,1.2645407842814393,D,G6,T20 > G6,1,2022-11-10,,G6,2023-04-20,False,-121.817324,36.892336,-161725.9,-123399.4
4402560,True,A,Santa Cruz,1.0341867450385847,1.034190882856427,S,T20,T20,2,,,,,False,-121.790098,37.006996,-159062.8,-110703.1
4402570,True,A,Santa Cruz,1.5657761258982437,1.5657824090699135,S,T20,T20,2,,,,,False,-121.80063,36.946808,-160125.5,-117374.3
4402571,True,A,Santa Cruz,1.463848947306607,1.4638548016804318,S,T20,T20,2,,,,,False,-121.819842,36.881059,-161974.0,-124648.4
4402576,True,A,Santa Cruz,9.142222235687253,9.142258793271031,S,T20,T20,2,,,,,False,-121.728753,36.942311,-153743.5,-117993.0
4405184,False,B,Santa Cruz,2.941197417595581,2.9412091855847784,D,G6,T20 > G6,1,2022-11-04,,G6,2023-04-11,False,-121.816725,36.891649,-161674.1,-123476.8
4402591,False,B,Santa Cruz,1.7043562260346492,1.704363042690807,D,G6,T20 > G6,1,2022-11-04,,G6,2023-04-27,False,-121.814804,36.89317,-161500.0,-123311.0
4405185,False,B,Santa Cruz,4.462688401760081,4.462706250226467,S,T20,T20 > X,2,2023-01-22,,X,,False,-121.762165,36.976036,-156645.0,-114190.3
4402608,True,A,Santa Cruz,1.4719544515169667,1.4719603387695064,S,T20,T20,2,,,,,False,-121.817852,36.87947,-161800.3,-124828.3
4404667,True,A,Santa Cruz,15.037899579110563,15.037959818487792,S,T20,T20,2,,,,,False,-121.817952,36.895505,-161775.1,-123046.2
4402616,True,A,Santa Cruz,3.1675691299734328,3.167581797068375,S,T20,T20,2,,,,,False,-121.829805,36.914477,-162789.0,-120917.6
4402621,False,B,Santa Cruz,2.087347838744303,2.087356184723456,D,G6,T20 > G6,1,2022-10-27,,G6,2023-03-12,False,-121.820598,36.920464,-161957.2,-120268.0
4402643,False,B,Santa Cruz,5.642139080300783,5.642161645668857,D,G6,T20 > G6,1,2022-10-26,,G6,2023-04-20,False,-121.675132,36.918534,-149022.1,-120721.0
4402645,True,A,Santa Cruz,1.2494277056052743,1.2494327081173267,S,T20,T20,2,,,,,False,-121.82508,36.882325,-162437.5,-124498.7
4402646,True,A,Santa Cruz,1.4246230006364011,1.4246287006884728,S,T20,T20,2,,,,,False,-121.828649,36.899508,-162718.3,-122583.1
4404668,False,B,Santa Cruz,9.593992007667289,9.594030370155783,D,T30,T20 > T30,1,2022-10-25,,T30,2023-07-26,False,-121.794088,36.884265,-159675.4,-124335.8
4402662,True,A,Santa Cruz,1.460303872759841,1.460309714543128,S,T20,T20,2,,,,,False,-121.809202,36.88724,-161014.1,-123979.6
4404670,True,A,Santa Cruz,2.1508129091089305,2.1508215191137894,S,T20,T20,2,,,,,False,-121.805565,36.88983,-160684.9,-123697.9
4404671,True,A,Santa Cruz,25.000790721811935,25.000890689924585,S,T20,T20,2,,,,,False,-121.806064,36.882028,-160745.9,-124564.1
4402696,True,A,Santa Cruz,13.203415778709696,13.203468593023977,S,T20,T20,2,,,,,False,-121.825053,36.888949,-162421.0,-123762.6
4402698,True,A,Santa Cruz,0.7715721728738176,0.7715752601085183,S,T20,T20,2,,,,,False,-121.829836,36.916065,-162788.4,-120741.0
4402700,True,A,Santa Cruz,1.360376062759661,1.3603814882399408,S,T20,T20,2,,,,,False,-121.82352,36.88335,-162296.5,-124387.5
4402702,True,A,Santa Cruz,2.9980694350219994,2.9980814257313284,S,T20,T20,2,,,,,False,-121.813885,36.887268,-161430.8,-123968.5
4402716,False,B,Santa Cruz,7.097187918205747,7.097216307031274,T,T18,T20 > G6 > T18,1,2022-10-10,,G6,2023-03-19,False,-121.823508,36.893038,-162274.7,-123310.8
4402725,True,A,Santa Cruz,2.307329661083029,2.307338887927224,S,T20,T20,2,,,,,False,-121.819398,36.877932,-161941.2,-124996.6
4402736,False,B,Santa Cruz,9.38304657246604,9.383084116341633,D,T4,T20 > T4,1,2022-10-19,,T4,2023-07-08,False,-121.799859,36.882342,-160193.0,-124539.8
4402769,True,A,Santa Cruz,2.449598757914876,2.449608555959324,S,T20,T20,2,,,,,False,-121.823501,36.879173,-162303.8,-124851.7
4402771,True,A,Santa Cruz,2.441122023175694,2.4411317914621824,S,T20,T20,2,,,,,False,-121.754476,36.96436,-155985.5,-115500.6
4402775,True,A,Santa Cruz,22.052358770503584,22.05244695600455,S,T20,T20,2,,,,,False,-121.852559,36.933018,-164772.8,-118817.8
4402780,True,A,Santa Cruz,9.050354105568426,9.050390318009057,S,T20,T20,2,,,,,False,-121.755668,36.936613,-156148.6,-118582.2
4402789,True,A,Santa Cruz,9.338087877166855,9.33812525231412,S,T20,T20,2,,,,,False,-121.727445,36.938813,-153634.3,-118383.9
4402795,True,A,Santa Cruz,4.046308315625354,4.046324493655333,S,T20,T20,2,,,,,False,-121.849566,36.943338,-164484.3,-117676.1
4404144,True,A,Santa Cruz,6.473664774664077,6.473690678143681,S,T20,T20,2,,,,,False,-121.841798,36.932485,-163817.0,-118895.6
4402802,True,A,Santa Cruz,3.025543095257428,3.02555519822202,S,T20,T20,2,,,,,False,-122.221803,37.03447,-197344.9,-106838.5
4402855,False,B,Santa Cruz,1.1186268087393365,1.118631283493494,S,T20,T20 > X,2,2023-01-23,,X,,False,-121.758755,36.977798,-156338.2,-114000.1
4402870,True,A,Santa Cruz,0.9388318651691204,0.9388356128742449,S,T20,T20,2,,,,,False,-121.784455,36.962157,-158655.2,-115695.6
4405454,False,B,Santa Cruz,18.465692169255682,18.465766644222224,S,T20,T20 > X,2,2022-10-26,,X,,False,-121.755686,36.944229,-156134.6,-117735.9
4404676,True,A,Santa Cruz,5.828563095076391,5.828586410101095,S,T20,T20,2,,,,,False,-121.852968,36.938276,-164797.8,-118232.7
4404677,True,A,Santa Cruz,3.2747591476493056,3.2747722415400276,S,T20,T20,2,,,,,False,-121.844555,36.931808,-164063.6,-118966.2
4404678,True,A,Santa Cruz,6.002502876088894,6.002526874052375,S,T20,T20,2,,,,,False,-121.84304,36.931739,-163929.1,-118976.4
4403000,True,A,Santa Cruz,0.37949318443485563,0.3794947033091669,S,T20,T20,2,,,,,False,-121.831688,36.916708,-162951.7,-120666.4
4404259,False,B,Santa Cruz,32.289068669796904,32.28919774578092,D,T30,T20 > T30,1,2022-10-26,,T30,2023-09-03,False,-121.716359,36.918128,-152690.1,-120700.5
4403012,True,A,Santa Cruz,2.649354162132463,2.649364756842353,S,T20,T20,2,,,,,False,-121.813078,36.907621,-161315.7,-121708.1
4404261,True,A,Santa Cruz,15.678356141956206,15.678418867220675,S,T20,T20,2,,,,,False,-121.717544,36.911921,-152808.0,-121388.4
4404262,True,A,Santa Cruz,12.376471425308145,12.376520950681183,S,T20,T20,2,,,,,False,-121.714504,36.9131,-152535.2,-121262.3
4404682,False,B,Santa Cruz,26.65633940989224,26.656446029791454,D,G6,T20 > G6,1,2022-10-26,,G6,2023-02-16,False,-121.702191,36.909487,-151447.1,-121683.6
4404683,False,B,Santa Cruz,23.409013203729753,23.409106828551074,S,T20,T20 > X,2,2022-10-26,,X,,False,-121.698329,36.911655,-151099.2,-121448.8
4403072,True,A,Santa Cruz,2.1632725468086966,2.1632811659059423,S,T20,T20,2,,,,,False,-121.817064,36.905981,-161673.7,-121883.5
4403073,True,A,Santa Cruz,1.3410208976196853,1.341026251111815,S,T20,T20,2,,,,,False,-121.817549,36.907214,-161714.3,-121745.7
4404345,True,A,Santa Cruz,36.49720424927402,36.49735020942403,S,T20,T20,2,,,,,False,-121.8179,36.899813,-161761.3,-122567.6
4403095,True,A,Santa Cruz,3.2715651295069743,3.271578217578288,S,T20,T20,2,,,,,False,-121.811979,36.899932,-161234.2,-122564.5
4403096,True,A,Santa Cruz,3.7218671515665123,3.721882033087779,S,T20,T20,2,,,,,False,-121.810125,36.900775,-161067.5,-122473.9
4403097,True,A,Santa Cruz,3.4167447296608393,3.4167584153110093,S,T20,T20,2,,,,,False,-121.810282,36.899513,-161084.2,-122613.9
4403098,True,A,Santa Cruz,2.0646471974413902,2.0646554563797075,S,T20,T20,2,,,,,False,-121.808635,36.901294,-160933.8,-122418.7
4403099,True,A,Santa Cruz,0.9264766148840622,0.9264803227502155,S,T20,T20,2,,,,,False,-121.808858,36.902567,-160951.0,-122276.9
4404686,True,A,Santa Cruz,12.322986648490373,12.323035972764302,S,T20,T20,2,,,,,False,-121.81908,36.893182,-161880.4,-123302.4
4405204,True,A,Santa Cruz,4.813367213026112,4.813386527216968,S,T20,T20,2,,,,,False,-121.820921,36.892605,-162045.5,-123363.4
4404687,True,A,Santa Cruz,5.050951620162451,5.050971771498615,S,T20,T20,2,,,,,False,-121.819976,36.89142,-161963.9,-123496.8
4404346,True,A,Santa Cruz,7.901196671449344,7.901228244113695,S,T20,T20,2,,,,,False,-121.816503,36.894216,-161648.9,-123191.9
4403122,False,B,Santa Cruz,2.044760890292241,2.0447690709972646,T,T30,T20 > G6 > T30,1,2022-11-12,,G6,2023-03-19,False,-121.808365,36.895795,-160921.4,-123030.3
4404263,False,B,Santa Cruz,21.657512298858858,21.65759893648287,D,T30,T20 > T30,1,2022-10-26,,T30,2023-07-17,False,-121.767445,36.893943,-157284.4,-123304.8
4404347,True,A,Santa Cruz,16.819414044434648,16.8194813316682,S,T20,T20,2,,,,,False,-121.827664,36.888761,-162653.7,-123779.0
4405205,False,B,Santa Cruz,23.61081529438298,23.61090970702702,D,G6,T20 > G6,1,2022-10-25,,G6,2023-03-20,False,-121.80955,36.889476,-161040.3,-123730.6
4404348,True,A,Santa Cruz,19.87674986530402,19.876829557166435,S,T20,T20,2,,,,,False,-121.78856,36.892623,-159166.0,-123416.2
4404266,False,B,Santa Cruz,19.45152753752078,19.451605341077883,T,T30,T20 > T30 > T30,1,2022-11-03,,T30,2023-06-23,False,-121.765523,36.892392,-157116.6,-123480.3
4404349,True,A,Santa Cruz,16.737652904214315,16.73771986314864,S,T20,T20,2,,,,,False,-121.826175,36.886347,-162526.4,-124049.9
4404350,True,A,Santa Cruz,33.07724781783626,33.07738005018143,S,T20,T20,2,,,,,False,-121.806422,36.879009,-160784.1,-124899.0
4403165,True,A,Santa Cruz,2.1483580269950733,2.1483666213789445,S,T20,T20,2,,,,,False,-121.822328,36.884312,-162188.4,-124282.6
4405457,False,B,Santa Cruz,12.326562651636943,12.326611929308537,D,T18,T20 > T18,1,2022-10-19,,T18,2023-04-11,False,-121.811666,36.874381,-161260.7,-125404.4
4404352,False,B,Santa Cruz,11.659597969449349,11.659644600936991,D,G6,T20 > G6,1,2022-10-26,,G6,2023-04-20,False,-121.677481,36.916807,-149234.4,-120909.3
4403200,True,A,Santa Cruz,1.2508305335776058,1.250835540449376,S,T20,T20,2,,,,,False,-121.82787,36.91573,-162614.2,-120781.6
4403237,True,A,Santa Cruz,13.686289284601555,13.686344056324325,S,T20,T20,2,,,,,False,-121.812729,36.89802,-161305.0,-122775.6
4403242,True,A,Santa Cruz,2.3484559543177896,2.3484653488394143,S,T20,T20,2,,,,,False,-121.810414,36.898899,-161097.2,-122681.9
4403249,False,B,Santa Cruz,2.3174757017584207,2.31748496479692,D,G6,T20 > G6,1,2022-10-27,,G6,2023-04-13,False,-121.817794,36.920876,-161706.9,-120227.0
4403273,True,A,Santa Cruz,4.153301475497409,4.15331809096464,S,T20,T20,2,,,,,False,-121.808507,36.898859,-160927.6,-122689.6
4405577,False,C,Santa Cruz,6.267281386069686,6.267306469351715,D,T20,G6 > T20,2,2023-09-28,G6,,,False,-121.797441,36.903288,-159933.7,-122216.1
4404269,True,A,Santa Cruz,7.672247748907445,7.672278098786179,S,T20,T20,2,,,,,False,-121.837232,36.913115,-163452.6,-121056.2
4404365,True,A,Santa Cruz,50.67612809393972,50.67633084255483,S,T20,T20,2,,,,,False,-121.815568,36.883322,-161588.9,-124404.2
4404479,True,A,Santa Cruz,5.469609269925701,5.469631158103862,S,T20,T20,2,,,,,False,-121.756623,36.933476,-156240.0,-118929.2
4404523,True,A,Santa Cruz,0.5687031765334128,0.56870545032537,S,T20,T20,2,,,,,False,-121.821043,36.920056,-161997.7,-120312.6
4405212,True,A,Santa Cruz,17.005330073081005,17.00539810187317,S,T20,T20,2,,,,,False,-121.825078,36.910369,-162377.4,-121382.2
4405213,False,C,Santa Cruz,13.926516657167733,13.926572356532551,D,T20,T30 > T20,2,2023-09-27,T30,,,False,-121.697364,36.922082,-150992.5,-120291.5
4405464,False,B,Santa Cruz,29.98704772637386,29.98716769667571,D,T30,T20 > T30,1,2022-10-27,,T30,2023-06-14,False,-121.819017,36.885084,-161892.1,-124202.4
4404694,False,B,Santa Cruz,6.001284637851189,6.001308642582613,D,T30,T20 > T30,1,2022-10-25,,T30,2023-03-10,False,-121.819469,36.889049,-161923.8,-123761.1
4404695,False,B,Santa Cruz,26.96142765101633,26.961535325795005,D,T18,T20 > T18,1,2022-10-26,,T18,2023-08-26,False,-121.831217,36.896177,-162954.0,-122948.8
4404486,False,B,Santa Cruz,2.053357445486437,2.0533656590596876,D,T30,T20 > T30,1,2022-11-12,,T30,2023-06-08,False,-121.807495,36.894819,-160846.1,-123140.3
4405215,False,B,Santa Cruz,8.387246821696548,8.387280375982309,D,T4,T20 > T4,1,2022-11-11,,T4,2023-06-22,False,-121.809382,36.892201,-161019.6,-123428.0
4403121,False,B,Santa Cruz,2.7598497706951415,2.759860804275744,T,T30,T20 > G6 > T30,1,2022-11-12,,G6,2023-04-11,False,-121.812148,36.894857,-161260.1,-123128.1
4404566,False,B,Santa Cruz,2.0520119467305196,2.0520201662603603,T,T30,T20 > G6 > T30,1,2022-11-11,,G6,2023-04-11,False,-121.811178,36.895477,-161172.5,-123060.8
4404567,False,B,Santa Cruz,2.5969151998223623,2.5969255910238718,T,T30,T20 > G6 > T30,1,2022-11-12,,G6,2023-04-11,False,-121.810183,36.895558,-161083.7,-123053.6
4404568,False,B,Santa Cruz,1.4863280661121838,1.4863340130400617,T,T30,T20 > G6 > T30,1,2022-11-11,,G6,2023-04-11,False,-121.80937,36.895736,-161011.0,-123035.2
4404569,False,B,Santa Cruz,2.7386522249044565,2.738663180146837,T,T30,T20 > G6 > T30,1,2022-11-11,,G6,2023-04-11,False,-121.810444,36.894055,-161110.1,-123220.1
4404570,False,B,Santa Cruz,1.6402212906430542,1.6402278504319125,T,T30,T20 > G6 > T30,1,2022-11-11,,G6,2023-04-11,False,-121.81078,36.893217,-161141.8,-123312.7
4404571,False,B,Santa Cruz,1.0074414038129922,1.007445429758545,T,T30,T20 > G6 > T30,1,2022-11-11,,G6,2023-04-11,False,-121.811286,36.893532,-161186.1,-123276.9
4404572,False,B,Santa Cruz,1.04791476238743,1.0479189539815243,T,T30,T20 > G6 > T30,1,2022-11-12,,G6,2023-04-11,False,-121.811835,36.893858,-161234.3,-123239.6
4404573,False,B,Santa Cruz,0.39865984842655366,0.3986614443157626,T,T30,T20 > G6 > T30,1,2022-11-12,,G6,2023-04-11,False,-121.811397,36.894196,-161194.6,-123202.8
4404574,False,B,Santa Cruz,0.829531579690987,0.8295348917096751,T,T30,T20 > G6 > T30,1,2022-11-11,,G6,2023-04-11,False,-121.811529,36.894702,-161205.3,-123146.4
4404575,False,B,Santa Cruz,0.626409886139173,0.6264123919183909,T,T30,T20 > G6 > T30,1,2022-11-12,,G6,2023-04-11,False,-121.81015,36.894843,-161082.3,-123133.1
4404699,True,A,Santa Cruz,29.452647347162884,29.45276515961689,S,T20,T20,2,,,,,False,-121.805523,36.866061,-160731.6,-126339.4
4404700,True,A,Santa Cruz,12.71728832424241,12.717339204472514,S,T20,T20,2,,,,,False,-121.815996,36.919677,-161549.6,-120363.3
4404702,True,A,Santa Cruz,24.119652929887394,24.119749421116737,S,T20,T20,2,,,,,False,-121.867545,36.945873,-166077.5,-117363.1
4404777,True,A,Santa Cruz,1.609541067569105,1.6095475174434033,S,T20,T20,2,,,,,False,-121.802142,36.946519,-160260.6,-117403.8
4404760,True,A,Santa Cruz,1.2971119330659375,1.2971171234597745,S,T20,T20,2,,,,,False,-121.800814,36.945309,-160145.1,-117540.5
4404703,True,A,Santa Cruz,0.7702295891915397,0.7702326713478478,S,T20,T20,2,,,,,False,-121.848091,36.936771,-164367.3,-118408.4
4404746,True,A,Santa Cruz,1.6033048993805148,1.6033113130822139,S,T20,T20,2,,,,,False,-121.813507,36.923217,-161320.7,-119974.2
4404728,True,A,Santa Cruz,10.813006919722861,10.813050176324687,S,T20,T20,2,,,,,False,-121.812803,36.927563,-161248.8,-119492.4
4404715,True,A,Santa Cruz,5.1638605919968885,5.163881248798625,S,T20,T20,2,,,,,False,-121.641483,36.901624,-146061.4,-122652.7
4404737,True,A,Santa Cruz,4.872975308524496,4.872994793521494,S,T20,T20,2,,,,,False,-121.79981,36.912282,-160125.5,-121212.6
4404745,True,A,Santa Cruz,12.425013000431067,12.425062704171404,S,T20,T20,2,,,,,False,-121.702531,36.919753,-151456.8,-120542.1
4403473,False,B,Santa Cruz,23.517181815648474,23.517275913826527,D,T30,T20 > T30,1,2022-10-18,,T30,2023-08-02,False,-121.680428,36.921101,-149488.1,-120427.4
4405225,False,B,Santa Cruz,31.966524119568106,31.966651960189918,D,T30,T20 > T30,1,2022-10-19,,T30,2023-08-09,False,-121.779643,36.887243,-158383.7,-124029.1
4405475,True,A,Santa Cruz,10.100941740011798,10.100982193918375,S,T20,T20,2,,,,,False,-121.775208,36.966613,-157823.9,-115215.9
4405476,True,A,Santa Cruz,19.83186014878222,19.83193935856231,S,T20,T20,2,,,,,False,-121.638415,36.901532,-145788.6,-122667.6
4405234,False,B,Santa Cruz,11.967954273149275,11.968002134487811,D,T30,T20 > T30,1,2022-10-19,,T30,2023-08-11,False,-121.815586,36.867658,-161623.8,-126144.8
4405322,True,A,Santa Cruz,6.2654914592188256,6.265516509122971,S,T20,T20,2,,,,,False,-121.727596,36.957838,-153609.2,-116269.3
4404618,True,A,Santa Cruz,11.19460368784552,11.19464845612017,S,T20,T20,2,,,,,False,-121.867959,36.943291,-166119.9,-117649.2
4405303,True,A,Santa Cruz,5.037714512884435,5.037734670583856,S,T20,T20,2,,,,,False,-121.865103,36.945235,-165861.7,-117438.3
4405283,True,A,Santa Cruz,1.2421052044338696,1.2421101714593588,S,T20,T20,2,,,,,False,-121.753654,36.949712,-155942.6,-117129.8
4405371,False,B,Santa Cruz,7.5805807772656735,7.580611093019196,D,G6,T20 > G6,1,2022-10-18,,G6,2023-03-20,False,-121.817583,36.923303,-161683.0,-119957.6
4405292,True,A,Santa Cruz,4.005814423288171,4.0058304402036535,S,T20,T20,2,,,,,False,-121.799957,36.914124,-160134.6,-121007.6
4405479,True,A,Santa Cruz,8.151469447671928,8.15150203976125,S,T20,T20,2,,,,,False,-121.79604,36.913829,-159786.8,-121047.0
4405270,True,A,Santa Cruz,1.8256558284101212,1.8256631302386446,S,T20,T20,2,,,,,False,-121.797273,36.917591,-159888.6,-120626.9
4405305,True,A,Santa Cruz,1.1504151893108763,1.1504197903681865,S,T20,T20,2,,,,,False,-121.644596,36.897501,-146346.3,-123106.1
4405238,True,A,Santa Cruz,20.25472898625388,20.254809993499514,S,T20,T20,2,,,,,False,-121.781393,36.89069,-158532.3,-123643.0
4401813,True,A,Santa Cruz,9.939797582302454,9.939837343469435,S,T20,T20,2,,,,,False,-121.784938,36.894468,-158839.8,-123217.3
4405299,True,A,Santa Cruz,2.5200871737682458,2.520097253860081,S,T20,T20,2,,,,,False,-121.850481,36.924736,-164606.0,-119741.8
4405529,True,A,Santa Cruz,1.1469104656458846,1.1469150495886835,S,T20,T20,2,,,,,False,-121.758703,36.975685,-156337.9,-114235.0
4405549,True,A,Santa Cruz,0.930225983003696,0.9302297023325561,S,T20,T20,2,,,,,False,-121.745513,36.959535,-155198.7,-116051.5
4405566,True,A,Santa Cruz,1.3238421933649898,1.3238474899376798,S,T20,T20,2,,,,,False,-121.801115,36.947209,-160167.8,-117328.9
4405543,False,B,Santa Cruz,2.7107890443783917,2.710799886816966,S,T20,T20 > X,2,2023-01-06,,X,,False,-121.757403,36.929909,-156316.7,-119324.4
4405569,True,A,Santa Cruz,19.7443427093805,19.74442214668985,S,T20,T20,2,,,,,False,-121.696855,36.92751,-150936.5,-119689.2
4405574,True,A,Santa Cruz,0.8202415569724261,0.8202448429746797,S,T20,T20,2,,,,,False,-121.825186,36.907637,-162392.8,-121685.7
4405555,True,A,Santa Cruz,1.3541918264294732,1.3541972420145978,S,T20,T20,2,,,,,False,-121.821535,36.90448,-162074.7,-122042.7
4405525,True,A,Santa Cruz,2.3457741163150265,2.3457835035088914,S,T20,T20,2,,,,,False,-121.772758,36.891812,-157761.6,-123532.8
4405528,False,B,Santa Cruz,0.3292303406462079,0.32923165771091,S,T20,T20 > X,2,2022-12-22,,X,,False,-121.809918,36.88798,-161076.2,-123896.1
4405530,False,B,Santa Cruz,0.08821923016678725,0.08821958305898409,S,T20,T20 > X,2,2022-12-22,,X,,False,-121.810069,36.888253,-161089.1,-123865.5
4405505,False,B,Santa Cruz,15.819692004074495,15.81975528141699,S,T20,T20 > X,2,2022-10-18,,X,,False,-121.813976,36.875575,-161463.7,-125267.8
4405506,True,A,Santa Cruz,17.85067869515812,17.85075001660284,S,T20,T20,2,,,,,False,-121.812187,36.876826,-161301.8,-125131.8
4405582,True,A,Santa Cruz,3.607538537407288,3.607552970184587,S,T20,T20,2,,,,,False,-121.642656,36.902807,-146163.5,-122519.4
4405583,True,A,Santa Cruz,2.372150975698368,2.3721604692902285,S,T20,T20,2,,,,,False,-121.641399,36.900715,-146055.7,-122753.8
4405567,False,B,Santa Cruz,9.158137182920745,9.15817383798809,D,T30,T20 > T30,1,2022-10-17,,T30,2023-06-24,False,-121.792294,36.885633,-159512.9,-124186.8
4405552,True,A,Santa Cruz,14.31354578424247,14.313603281263276,S,T20,T20,2,,,,,False,-121.771916,36.888941,-157692.6,-123853.2
4405531,True,A,Santa Cruz,0.269864282030318,0.2698653615091807,S,T20,T20,2,,,,,False,-121.811074,36.888305,-161178.4,-123858.1
4405534,True,A,Santa Cruz,20.506207551608313,20.50628956232009,S,T20,T20,2,,,,,False,-121.849872,36.930688,-164538.9,-119081.4
4405535,False,B,Santa Cruz,5.546954360196172,5.54697655067807,S,T20,T20 > X,2,2023-02-16,,X,,False,-121.845162,36.9297,-164122.2,-119199.4
4405536,False,B,Santa Cruz,5.796196854566242,5.796220044131568,S,T20,T20 > X,2,2023-02-16,,X,,False,-121.847761,36.932406,-164347.5,-118894.2
4405542,True,A,Santa Cruz,1.1666607711822714,1.1666654374095844,S,T20,T20,2,,,,,False,-121.800652,36.913298,-160198.3,-121098.2
4405512,True,A,Santa Cruz,4.498426875641692,4.498444869981166,S,T20,T20,2,,,,,False,-121.798181,36.917585,-159969.4,-120626.0
4404614,False,B,Santa Cruz,25.964915148198987,25.965019002431823,S,T20,T20 > X,2,2022-10-19,,X,,False,-121.825282,36.899736,-162418.3,-122563.4
4400729,True,A,Santa Cruz,48.07761539619631,48.07780745032546,S,T20,T20,2,,,,,False,-121.855302,36.93418,-165014.2,-118683.8
4404324,False,B,Santa Cruz,12.868702580447613,12.868754067487483,T,T30,T20 > G6 > T30,1,2022-10-18,,G6,2023-03-20,False,-121.726447,36.925991,-153571.5,-119810.4
4404693,False,B,Santa Cruz,35.975335172472256,35.9754790932203,D,T30,T20 > T30,1,2022-10-27,,T30,2023-05-30,False,-121.821431,36.887171,-162102.4,-123966.4
2700305,False,B,Monterey,2.2578091450741926,2.25781817887706,S,T20,T20 > X,2,2023-02-07,,X,,False,-121.546369,36.6254,-138099.6,-153492.1
2723788,True,A,Monterey,52.52761496303827,52.527825173589655,S,T20,T20,2,,,,,False,-121.608912,36.764152,-143422.8,-137980.0
2723789,True,A,Monterey,18.59490155440471,18.594975918967748,S,T20,T20,2,,,,,False,-121.605612,36.77416,-143109.8,-136872.8
2716605,True,A,Monterey,10.31749207831361,10.317533272975476,S,T20,T20,2,,,,,False,-121.574266,36.69264,-140466.6,-145978.9
2714956,True,A,Monterey,1.0060730338456065,1.006077054853713,S,T20,T20,2,,,,,False,-121.569613,36.648603,-140132.5,-150879.5
2722509,True,A,Monterey,13.955142315125682,13.955198126940818,S,T20,T20,2,,,,,False,-121.619097,36.721481,-144411.6,-142706.5
2723792,True,A,Monterey,14.848797086649551,14.848856457097137,S,T20,T20,2,,,,,False,-121.61848,36.722859,-144354.0,-142554.3
2722698,True,A,Monterey,7.3671477856768455,7.3671772217755445,S,T20,T20,2,,,,,False,-121.617207,36.72405,-144238.2,-142423.8
2722699,True,A,Monterey,7.880567189479526,7.880598703525666,S,T20,T20,2,,,,,False,-121.618814,36.724718,-144380.2,-142347.2
2722700,True,A,Monterey,8.157877477398145,8.157910107362454,S,T20,T20,2,,,,,False,-121.616893,36.726421,-144205.7,-142160.9
2722702,True,A,Monterey,10.798782558048163,10.798825695663464,S,T20,T20,2,,,,,False,-121.614772,36.727274,-144014.9,-142069.3
2725352,True,A,Monterey,68.43760414154099,68.4378776838991,S,T20,T20,2,,,,,False,-121.610817,36.724065,-143668.3,-142431.9
2723730,True,A,Monterey,6.378588952142464,6.378614449484528,S,T20,T20,2,,,,,False,-121.610371,36.715953,-143643.8,-143334.0
2724430,True,A,Monterey,11.35481996460918,11.354865383130836,S,T20,T20,2,,,,,False,-121.576781,36.691261,-140693.5,-146128.4
2725354,True,A,Monterey,48.78148811305451,48.781683086314345,S,T20,T20,2,,,,,False,-121.616452,36.616475,-144374.7,-154379.5
2701235,False,B,Monterey,12.501299284500856,12.501349278232242,Q,T4,T20 > G6 > T30 > T4,1,2022-10-18,,G6,2023-03-03,False,-121.601878,36.600522,-143103.0,-156174.3
2701301,True,A,Monterey,14.215357471060246,14.21541433682574,S,T20,T20,2,,,,,False,-121.5619,36.635977,-139467.1,-152293.9
2725357,True,A,Monterey,53.41656239714164,53.416776098993786,S,T20,T20,2,,,,,False,-121.540393,36.633398,-137551.4,-152612.0
2701531,True,A,Monterey,22.132052864577318,22.132141397922737,S,T20,T20,2,,,,,False,-121.570667,36.624402,-140271.1,-153567.3
2701578,True,A,Monterey,8.764594230133667,8.7646292960919,S,T20,T20,2,,,,,False,-121.570874,36.642747,-140255.9,-151528.4
2721817,False,B,Monterey,14.909703074187565,14.909762701051077,T,T30,T20 > T30 > T30,1,2022-10-18,,T30,2023-05-22,False,-121.536407,36.624882,-137210.9,-153564.1
2700885,True,A,Monterey,25.025493996405192,25.02559415318123,S,T20,T20,2,,,,,False,-121.536605,36.633501,-137213.1,-152606.0
2721818,False,B,Monterey,5.327039408819175,5.327060800921615,S,T20,T20 > X,2,2022-11-20,,X,,False,-121.490423,36.61033,-133130.0,-155246.8
2716341,True,A,Monterey,19.72448774752044,19.72456639277108,S,T20,T20,2,,,,,False,-121.480014,36.612769,-132196.1,-154990.2
2700807,False,B,Monterey,13.312994015516137,13.313047267524809,D,T30,T20 > T30,1,2022-10-03,,T30,2023-07-01,False,-121.629794,36.614533,-145569.9,-154574.9
2700718,True,A,Monterey,18.70830797808416,18.708382813693014,S,T20,T20,2,,,,,False,-121.585647,36.624443,-141608.7,-153540.5
2700554,False,B,Monterey,11.91838542082607,11.918432909055547,T,T30,T20 > T4 > T30,1,2022-10-11,,T4,2023-05-31,False,-121.557694,36.63464,-139094.0,-152448.7
2700533,True,A,Monterey,5.20918731216585,5.20920815219713,S,T20,T20,2,,,,,False,-121.536296,36.627941,-137195.5,-153224.3
2700486,False,B,Monterey,9.407719945995204,9.407757682980245,S,T20,T20 > X,2,2023-01-06,,X,,False,-121.537608,36.627929,-137312.7,-153223.8
2700107,True,A,Monterey,14.346757199198967,14.346814692736189,S,T20,T20,2,,,,,False,-121.559728,36.635114,-139274.7,-152393.0
2715691,False,B,Monterey,8.044524644531826,8.044556826149007,S,T20,T20 > X,2,2022-10-26,,X,,False,-121.538918,36.628049,-137429.4,-153208.6
2715531,True,A,Monterey,5.208466822843537,5.208487654484005,S,T20,T20,2,,,,,False,-121.54349,36.623163,-137846.5,-153744.8
2715519,True,A,Monterey,21.95826835470403,21.958356149146496,S,T20,T20,2,,,,,False,-121.60826,36.62116,-143634.2,-153871.3
2725362,True,A,Monterey,33.286025226099355,33.28615835478938,S,T20,T20,2,,,,,False,-121.612811,36.607577,-144066.3,-155373.7
2725363,True,A,Monterey,23.566064051707603,23.566158323374623,S,T20,T20,2,,,,,False,-121.618351,36.61429,-144548.4,-154619.3
2715257,True,A,Monterey,1.584494515469967,1.58450085563476,S,T20,T20,2,,,,,False,-121.535088,36.627856,-137087.8,-153235.5
2714822,False,B,Monterey,4.338953542374274,4.338970900396591,S,T20,T20 > X,2,2023-01-06,,X,,False,-121.545231,36.622209,-138003.7,-153848.3
2725365,True,A,Monterey,44.046592310960136,44.046768546862516,S,T20,T20,2,,,,,False,-121.532175,36.636981,-136811.3,-152225.7
2714323,False,B,Monterey,10.691622834863194,10.691665651556075,D,T30,T20 > T30,1,2022-10-18,,T30,2023-06-23,False,-121.630447,36.612064,-145632.9,-154848.2
2723810,False,B,Monterey,22.572332204382963,22.572422466794738,T,T30,T20 > T30 > T30,1,2022-10-18,,T30,2023-05-15,False,-121.625355,36.616239,-145170.3,-154392.0
2716527,True,A,Monterey,14.983628790326062,14.983688747154899,S,T20,T20,2,,,,,False,-121.559124,36.64551,-139201.8,-151238.7
2713245,True,A,Monterey,5.9883457924854335,5.98836974158411,S,T20,T20,2,,,,,False,-121.547025,36.621,-138166.1,-153980.0
2713144,False,B,Monterey,5.113193173646741,5.1132136272387925,S,T20,T20 > X,2,2023-01-06,,X,,False,-121.544284,36.622625,-137918.4,-153803.4
2723811,True,A,Monterey,21.05014393263398,21.050228103215165,S,T20,T20,2,,,,,False,-121.485614,36.609873,-132701.3,-155304.3
2713020,True,A,Monterey,10.91225032333853,10.912293985527095,S,T20,T20,2,,,,,False,-121.540616,36.625066,-137586.4,-153537.6
2712849,True,A,Monterey,4.145708591559472,4.145725170858808,S,T20,T20,2,,,,,False,-121.601801,36.596976,-143102.9,-156568.5
2712741,True,A,Monterey,14.880713688985448,14.880773153518332,S,T20,T20,2,,,,,False,-121.53825,36.620073,-137384.2,-154095.8
2725373,True,A,Monterey,40.39101273431281,40.3911742421718,S,T20,T20,2,,,,,False,-121.621637,36.610954,-144848.3,-154985.0
2712255,True,A,Monterey,15.147698806533782,15.147759386343665,S,T20,T20,2,,,,,False,-121.540343,36.622005,-137567.6,-153878.1
2712160,False,B,Monterey,6.745330890776858,6.745357860068085,D,T30,T20 > T30,1,2022-10-10,,T30,2023-07-25,False,-121.553696,36.633766,-138738.6,-152551.6
2712120,False,B,Monterey,5.3250458243452,5.325067173227161,S,T20,T20 > X,2,2022-12-22,,X,,False,-121.541843,36.624227,-137697.5,-153628.9
2725376,True,A,Monterey,20.36883443920953,20.36891590441744,S,T20,T20,2,,,,,False,-121.556013,36.616318,-138977.4,-154487.2
2723813,False,B,Monterey,19.132843032983157,19.132919731489086,T,T30,T20 > G6 > T30,1,2022-10-10,,G6,2023-02-23,False,-121.60425,36.612363,-143292.7,-154854.9
2725377,True,A,Monterey,45.69057442692821,45.69075714214101,S,T20,T20,2,,,,,False,-121.607417,36.610522,-143579.0,-155054.6
2725378,True,A,Monterey,6.402311325601845,6.40233692792699,S,T20,T20,2,,,,,False,-121.540055,36.626555,-137533.7,-153372.9
2725380,True,A,Monterey,17.633327237758106,17.63339776528129,S,T20,T20,2,,,,,False,-121.557421,36.646998,-139047.0,-151075.8
2711350,True,A,Monterey,13.88493805739681,13.884993578066007,S,T20,T20,2,,,,,False,-121.561113,36.632478,-139403.2,-152683.9
2710853,True,A,Monterey,15.431180584395124,15.431242324453828,S,T20,T20,2,,,,,False,-121.536243,36.621425,-137202.5,-153948.5
2723814,False,B,Monterey,12.256548177344552,12.256597172413013,D,T30,T20 > T30,1,2022-10-27,,T30,2023-07-02,False,-121.587326,36.623497,-141760.4,-153643.0
2725384,True,A,Monterey,23.119022952831692,23.119115305295495,S,T20,T20,2,,,,,False,-121.619835,36.612897,-144683.6,-154771.9
2710485,True,A,Monterey,4.092072747181563,4.092089113729843,S,T20,T20,2,,,,,False,-121.545049,36.624745,-137982.8,-153566.8
2721845,False,B,Monterey,16.196410229729654,16.19647503171754,D,T30,T20 > T30,1,2022-10-18,,T30,2023-06-16,False,-121.563267,36.633178,-139594.3,-152603.0
2721846,True,A,Monterey,12.388411645300211,12.388461178424151,S,T20,T20,2,,,,,False,-121.572123,36.625892,-140398.5,-153399.6
2708952,True,A,Monterey,4.079950704691218,4.079966896597393,S,T20,T20,2,,,,,False,-121.546042,36.621663,-138077.1,-153907.8
2723815,False,B,Monterey,25.019012660504632,25.01911272537369,T,T30,T20 > T30 > T30,1,2022-10-11,,T30,2023-04-20,False,-121.629857,36.609712,-145584.8,-155110.5
2717411,False,B,Monterey,6.896622383420614,6.89664997058442,T,T30,T20 > T30 > T30,1,2022-10-11,,T30,2023-04-20,False,-121.622492,36.614029,-144918.8,-154642.0
2717412,False,B,Monterey,5.082589717133994,5.08261005753386,T,T30,T20 > T30 > T30,1,2022-10-11,,T30,2023-04-20,False,-121.621311,36.615783,-144809.9,-154449.0
2716794,True,A,Monterey,5.395015405461483,5.395036970314293,S,T20,T20,2,,,,,False,-121.491978,36.609627,-133270.1,-155322.7
2701089,True,A,Monterey,22.889554214125425,22.88964566543712,S,T20,T20,2,,,,,False,-121.604446,36.624827,-143286.8,-153469.5
2717046,True,A,Monterey,8.83775229184493,8.837787613900302,S,T20,T20,2,,,,,False,-121.478313,36.61117,-132046.9,-155170.3
2701260,False,B,Monterey,4.730072789222773,4.730091713355241,D,T4,T20 > T4,1,2023-02-23,,T4,2023-09-04,False,-121.547624,36.623928,-138214.3,-153653.8
2701633,True,A,Monterey,2.41762292348018,2.4176325947123467,S,T20,T20,2,,,,,False,-121.599903,36.596488,-142934.3,-156625.5
2721870,True,A,Monterey,10.992647827074634,10.992691860548355,S,T20,T20,2,,,,,False,-121.557976,36.62983,-139128.0,-152982.7
2715205,False,B,Monterey,4.284299140310866,4.284316276340453,S,T20,T20 > X,2,2022-12-22,,X,,False,-121.54587,36.624216,-138057.2,-153624.3
2714531,True,A,Monterey,3.797792228930242,3.7978074516090277,S,T20,T20,2,,,,,False,-121.600381,36.59573,-142978.4,-156709.1
2714517,True,A,Monterey,18.22002509721355,18.220097961089486,S,T20,T20,2,,,,,False,-121.606503,36.626067,-143468.1,-153328.7
2717160,False,B,Monterey,9.957227197266706,9.957267123292352,T,T30,T20 > T30 > T30,1,2022-10-11,,T30,2023-05-31,False,-121.481755,36.610839,-132354.9,-155202.4
2721888,True,A,Monterey,13.261559298622865,13.261612358542513,S,T20,T20,2,,,,,False,-121.583503,36.632605,-141402.2,-152636.6
2721889,True,A,Monterey,18.759384769524022,18.7594598093493,S,T20,T20,2,,,,,False,-121.58497,36.630669,-141536.7,-152849.6
2725392,True,A,Monterey,25.41117454501396,25.411276184987006,S,T20,T20,2,,,,,False,-121.556425,36.628605,-138991.7,-153121.2
2723821,True,A,Monterey,12.135535049185982,12.135583599058174,S,T20,T20,2,,,,,False,-121.620172,36.593633,-144750.3,-156912.0
2724509,True,A,Monterey,11.283636264747567,11.283681429118284,S,T20,T20,2,,,,,False,-121.600792,36.598463,-143010.0,-156404.7
2721920,True,A,Monterey,16.578985355467292,16.57905166418485,S,T20,T20,2,,,,,False,-121.55447,36.625945,-138821.9,-153419.7
2721921,False,B,Monterey,15.428853412030639,15.428915141581077,T,T30,T20 > T30 > T30,1,2022-10-10,,T30,2023-05-22,False,-121.533935,36.626442,-136987.3,-153394.3
2723822,False,B,Monterey,9.573629561578336,9.573667904390863,D,T18,T20 > T18,1,2022-10-11,,T18,2023-07-10,False,-121.538134,36.651992,-137316.2,-150549.0
2721926,False,B,Monterey,35.987983449427425,35.9881273903545,T,T30,T20 > T30 > T30,1,2022-10-03,,T30,2023-06-15,False,-121.540323,36.637954,-137537.0,-152105.7
2721927,False,B,Monterey,9.431325306931887,9.431363029777899,T,T30,T20 > T30 > T30,1,2022-11-12,,T30,2023-06-24,False,-121.536199,36.635381,-137173.5,-152397.7
2721928,False,B,Monterey,36.336039145866536,36.33618447342686,T,T30,T20 > T30 > T30,1,2022-11-12,,T30,2023-06-16,False,-121.536188,36.637741,-137168.2,-152135.5
2721930,False,B,Monterey,13.757633966014353,13.757689039100661,D,T18,T20 > T18,1,2022-11-20,,T18,2023-08-19,False,-121.529757,36.648271,-136575.2,-150974.6
2713637,True,A,Monterey,9.991305835215153,9.991345806369319,S,T20,T20,2,,,,,False,-121.563051,36.639557,-139563.3,-151894.4
2722153,True,A,Monterey,9.463377416631472,9.463415270446804,S,T20,T20,2,,,,,False,-121.556998,36.631808,-139037.0,-152764.4
2722154,True,A,Monterey,10.391334341460118,10.391375901027258,S,T20,T20,2,,,,,False,-121.559055,36.627777,-139228.0,-153209.4
2725394,True,A,Monterey,13.925847830976865,13.925903553285071,S,T20,T20,2,,,,,False,-121.619054,36.591292,-144654.9,-157173.9
2723564,True,A,Monterey,8.86323660145384,8.863272049630366,S,T20,T20,2,,,,,False,-121.564513,36.639998,-139693.0,-151843.2
2716268,True,A,Monterey,34.49150217759315,34.4916401123065,S,T20,T20,2,,,,,False,-121.589577,36.657038,-141899.0,-149912.4
2701233,True,A,Monterey,12.66044268863347,12.660493929417953,S,T20,T20,2,,,,,False,-121.613227,36.769234,-143797.8,-137408.7
2716288,True,A,Monterey,28.464973810921528,28.4650877220841,S,T20,T20,2,,,,,False,-121.595245,36.717081,-142292.6,-143231.6
2725397,True,A,Monterey,30.23050194350646,30.23062287405539,S,T20,T20,2,,,,,False,-121.590192,36.671508,-141926.9,-148303.5
2716297,True,A,Monterey,35.305520794843176,35.30566196408715,S,T20,T20,2,,,,,False,-121.584458,36.688755,-141383.1,-146395.5
2716298,True,A,Monterey,4.641248227179473,4.641266796640766,S,T20,T20,2,,,,,False,-121.627858,36.768748,-145102.8,-137440.3
2725398,True,A,Monterey,80.1682204102463,80.1685408728954,S,T20,T20,2,,,,,False,-121.628743,36.756028,-145206.0,-138852.6
2722242,False,B,Monterey,20.731176195549292,20.731259074170488,S,T20,T20 > X,2,2023-01-06,,X,,False,-121.5667,36.69581,-139785.8,-145637.9
2725400,True,A,Monterey,1.8037686091043121,1.8037758235856236,S,T20,T20,2,,,,,False,-121.616714,36.776403,-144095.0,-136606.7
2718116,False,B,Monterey,3.766931169754163,3.766946238214737,S,T20,T20 > X,2,2023-03-03,,X,,False,-121.611845,36.766545,-143679.7,-137709.6
2701624,True,A,Monterey,22.145866868231394,22.1459550835021,S,T20,T20,2,,,,,False,-121.651951,36.740131,-147305.5,-140583.5
2701640,True,A,Monterey,63.71861004767903,63.71886485698331,S,T20,T20,2,,,,,False,-121.592246,36.775342,-141916.4,-136761.5
2722251,True,A,Monterey,4.834705283677381,4.834724626007271,S,T20,T20,2,,,,,False,-121.616822,36.719866,-144211.8,-142889.4
2722255,False,B,Monterey,5.663620521815754,5.663643179599303,D,G6,T20 > G6,1,2022-10-18,,G6,2023-03-27,False,-121.600851,36.702733,-142819.6,-144817.6
2716346,True,A,Monterey,8.08753412801238,8.087566452617407,S,T20,T20,2,,,,,False,-121.60612,36.720748,-143255.6,-142807.7
2700772,True,A,Monterey,3.065789550500418,3.065801282597594,S,T20,T20,2,,,,,False,-121.630024,36.734075,-145362.0,-141290.3
2700643,False,B,Monterey,24.79844944529687,24.79854886200634,D,G6,T20 > G6,1,2022-10-27,,G6,2023-03-27,False,-121.574435,36.694681,-140478.0,-145751.8
2723829,False,B,Monterey,14.939893824827914,14.939953671323925,D,G6,T20 > G6,1,2022-10-19,,G6,2023-03-28,False,-121.570841,36.688563,-140168.5,-146437.0
2717233,True,A,Monterey,8.384756839202147,8.384790391727861,S,T20,T20,2,,,,,False,-121.591977,36.710261,-142013.9,-143994.3
2722261,False,B,Monterey,39.26543428301811,39.265591394880296,D,T30,T20 > T30,1,2022-11-12,,T30,2023-07-17,False,-121.619084,36.757827,-144341.4,-138667.4
2716357,True,A,Monterey,19.8494358668128,19.84951527834198,S,T20,T20,2,,,,,False,-121.620974,36.7684,-144489.9,-137489.5
2700543,True,A,Monterey,17.36353051741745,17.363599974165847,S,T20,T20,2,,,,,False,-121.579679,36.684205,-140965.2,-146908.3
2717237,False,B,Monterey,11.528803428932962,11.52884957341949,S,T20,T20 > X,2,2023-01-22,,X,,False,-121.633076,36.761683,-145581.4,-138217.5
2700464,True,A,Monterey,10.18598060130572,10.186021327742221,S,T20,T20,2,,,,,False,-121.567248,36.649167,-139920.3,-150820.4
2700459,True,A,Monterey,12.354494542926682,12.354543960815304,S,T20,T20,2,,,,,False,-121.612526,36.752114,-143767.6,-139312.3
2716366,True,A,Monterey,34.739109679336025,34.739248636307515,S,T20,T20,2,,,,,False,-121.623296,36.74144,-144748.1,-140482.0
2700356,True,A,Monterey,7.84572784832107,7.845759231551562,S,T20,T20,2,,,,,False,-121.58766,36.680278,-141684.6,-147332.7
2725401,False,B,Monterey,13.017766373951007,13.017818459215514,D,T18,T20 > T18,1,2022-11-28,,T18,2023-07-10,False,-121.657892,36.751087,-147813.9,-139356.7
2700201,True,A,Monterey,18.0603528678205,18.06042509172572,S,T20,T20,2,,,,,False,-121.587671,36.779785,-141500.4,-136274.6
2723831,True,A,Monterey,10.233746109336394,10.23378705569203,S,T20,T20,2,,,,,False,-121.615406,36.776341,-143978.5,-136615.5
2717244,True,A,Monterey,6.344110962890723,6.344136328062093,S,T20,T20,2,,,,,False,-121.593709,36.710389,-142168.1,-143977.5
2700094,True,A,Monterey,17.498171107762992,17.498241031935155,S,T20,T20,2,,,,,False,-121.617249,36.768466,-144157.7,-137487.9
2700053,True,A,Monterey,10.834356519398998,10.834399870278784,S,T20,T20,2,,,,,False,-121.572356,36.645873,-140382.4,-151178.8
2715758,False,B,Monterey,2.8241822589222485,2.824193547373408,T,T30,T20 > T30 > T30,1,2022-11-04,,T30,2023-06-23,False,-121.665131,36.622384,-148710.5,-153647.6
2722276,True,A,Monterey,16.564592975838917,16.56465924272228,S,T20,T20,2,,,,,False,-121.621088,36.716456,-144598.8,-143261.9
2715707,False,B,Monterey,13.276799021403846,13.276852131697117,T,T30,T20 > T30 > T30,1,2022-10-10,,T30,2023-05-15,False,-121.586023,36.67857,-141541.7,-147525.0
2715626,True,A,Monterey,4.243218924018026,4.243235893955731,S,T20,T20,2,,,,,False,-121.594995,36.684618,-142331.1,-146839.4
2722280,False,B,Monterey,13.435605058778295,13.43565877954961,D,G6,T20 > G6,1,2022-10-18,,G6,2023-04-05,False,-121.597708,36.707623,-142530.0,-144278.9
2722285,True,A,Monterey,12.441728555639498,12.441778341927998,S,T20,T20,2,,,,,False,-121.595869,36.736447,-142312.0,-141078.5
2715449,True,A,Monterey,10.039228814566167,10.039268979236455,S,T20,T20,2,,,,,False,-121.572071,36.69017,-140275.3,-146256.7
2722288,True,A,Monterey,43.32772614020355,43.32789934226378,S,T20,T20,2,,,,,False,-121.623402,36.753918,-144733.8,-139095.3
2725404,True,A,Monterey,19.847209201568507,19.847288605948364,S,T20,T20,2,,,,,False,-121.57194,36.664211,-140311.5,-149141.5
2725405,True,A,Monterey,28.089892259776203,28.090004560388223,S,T20,T20,2,,,,,False,-121.589916,36.712574,-141825.7,-143740.3
2716423,True,A,Monterey,39.396593569931106,39.39675111841188,S,T20,T20,2,,,,,False,-121.592063,36.655235,-142124.2,-150109.1
2715084,True,A,Monterey,34.70325184420596,34.70339063436956,S,T20,T20,2,,,,,False,-121.582464,36.690043,-141202.9,-146255.3
2715035,True,A,Monterey,16.897065263716183,16.89713285336661,S,T20,T20,2,,,,,False,-121.591299,36.684466,-142001.5,-146861.9
2714955,False,B,Monterey,11.925830373391431,11.925878053579,D,T4,T20 > T4,1,2022-10-19,,T4,2023-07-26,False,-121.590971,36.675666,-141988.6,-147840.3
2716438,True,A,Monterey,20.081528545626973,20.081608899496786,S,T20,T20,2,,,,,False,-121.602576,36.720547,-142940.0,-142835.4
2723834,True,A,Monterey,31.433828478764422,31.433954229554512,S,T20,T20,2,,,,,False,-121.605775,36.71589,-143234.0,-143348.0
2723835,True,A,Monterey,19.522057206759094,19.522135287030324,S,T20,T20,2,,,,,False,-121.609038,36.77603,-143411.6,-136659.8
2723836,False,B,Monterey,56.903946102092604,56.90417376323748,D,G6,T20 > G6,1,2022-10-27,,G6,2023-04-20,False,-121.636826,36.755068,-145928.3,-138946.8
2714657,False,B,Monterey,12.595563071420864,12.595613438755302,T,T4,T20 > T30 > T4,1,2022-10-10,,T30,2023-05-22,False,-121.589294,36.676664,-141837.2,-147731.9
2716456,True,A,Monterey,10.237856164124192,10.237897103076024,S,T20,T20,2,,,,,False,-121.615488,36.750457,-144034.9,-139491.9
2714591,True,A,Monterey,0.6136737424991773,0.6136761958472716,S,T20,T20,2,,,,,False,-121.617281,36.776357,-144145.6,-136610.9
2717290,True,A,Monterey,20.407554504963723,20.407636144713265,S,T20,T20,2,,,,,False,-121.627122,36.761099,-145051.8,-138291.6
2714524,True,A,Monterey,17.057215862068233,17.057284105524122,S,T20,T20,2,,,,,False,-121.577579,36.685368,-140775.6,-146782.1
2714441,False,B,Monterey,30.9133407372684,30.91346435542585,S,T20,T20 > X,2,2022-11-04,,X,,False,-121.633597,36.759811,-145631.3,-138424.8
2714354,True,A,Monterey,6.549428506312388,6.549454917219033,S,T20,T20,2,,,,,False,-121.641361,36.76231,-146318.7,-138135.1
2714246,True,A,Monterey,26.488712774982645,26.48881877183137,S,T20,T20,2,,,,,False,-121.610632,36.733741,-143633.5,-141356.9
2714178,False,B,Monterey,14.871879022044741,14.871938533309887,T,T30,T20 > T30 > T30,1,2022-10-10,,T30,2023-05-31,False,-121.591714,36.659239,-142085.6,-149664.7
2723838,True,A,Monterey,12.249954984047967,12.250003999019938,S,T20,T20,2,,,,,False,-121.567678,36.650318,-139956.6,-150691.8
2716486,True,A,Monterey,16.5260467132702,16.52611280074196,S,T20,T20,2,,,,,False,-121.610283,36.738405,-143593.6,-140839.2
2717296,True,A,Monterey,23.53986225808262,23.53995641727184,S,T20,T20,2,,,,,False,-121.553475,36.654976,-138680.2,-150195.0
2714048,True,A,Monterey,14.267035033209748,14.267092100391917,S,T20,T20,2,,,,,False,-121.616651,36.748352,-144142.5,-139724.1
2723839,True,A,Monterey,18.28053865858136,18.280611848248004,S,T20,T20,2,,,,,False,-121.608433,36.770293,-143368.5,-137298.3
2723840,False,B,Monterey,47.74398620717959,47.74417718772869,D,T30,T20 > T30,1,2022-10-11,,T30,2023-06-07,False,-121.633065,36.612748,-145865.5,-154768.2
2713811,True,A,Monterey,15.635844414404758,15.6359069543914,S,T20,T20,2,,,,,False,-121.614628,36.766847,-143927.1,-137671.8
2713782,True,A,Monterey,3.6420244969342006,3.6420390640642974,S,T20,T20,2,,,,,False,-121.675604,36.630852,-149629.1,-152690.2
2725412,True,A,Monterey,17.302461441048234,17.302530628172093,S,T20,T20,2,,,,,False,-121.647424,36.745935,-146890.7,-139945.4
2713736,True,A,Monterey,16.367029697881453,16.367095144707882,S,T20,T20,2,,,,,False,-121.647095,36.743382,-146866.3,-140229.7
2713586,True,A,Monterey,2.290159087219585,2.2901682448443625,S,T20,T20,2,,,,,False,-121.55391,36.667511,-138696.2,-148801.4
2713585,True,A,Monterey,14.421424546270366,14.421482209913634,S,T20,T20,2,,,,,False,-121.589919,36.683435,-141880.3,-146978.6
2713574,True,A,Monterey,9.160688489192177,9.160725132726995,S,T20,T20,2,,,,,False,-121.571371,36.692474,-140208.7,-146001.6
2725414,True,A,Monterey,19.15272054769483,19.15279721370136,S,T20,T20,2,,,,,False,-121.573653,36.666184,-140460.7,-148919.8
2717321,True,A,Monterey,35.39763995895179,35.39778158563702,S,T20,T20,2,,,,,False,-121.591453,36.705859,-141975.4,-144484.3
2716539,True,A,Monterey,35.123062391055434,35.123203015713884,S,T20,T20,2,,,,,False,-121.580341,36.691139,-141011.4,-146136.6
2713148,True,A,Monterey,9.813197952130242,9.81323721227212,S,T20,T20,2,,,,,False,-121.550262,36.654912,-138393.6,-150206.8
2713116,True,A,Monterey,13.712503193073148,13.712558043206974,S,T20,T20,2,,,,,False,-121.610232,36.751467,-143564.4,-139387.7
2723842,True,A,Monterey,13.517308007243551,13.517362095076214,S,T20,T20,2,,,,,False,-121.605016,36.765079,-143073.8,-137882.9
2725415,True,A,Monterey,85.08178613300538,85.0821266668117,S,T20,T20,2,,,,,False,-121.653194,36.737015,-147422.4,-140927.8
2712783,True,A,Monterey,2.401807259127682,2.401816851789388,S,T20,T20,2,,,,,False,-121.595908,36.773069,-142247.0,-137008.6
2716563,True,A,Monterey,30.90929238829117,30.90941562316809,S,T20,T20,2,,,,,False,-121.622664,36.743372,-144688.1,-140268.3
2712749,True,A,Monterey,22.52217150603559,22.52226156087798,S,T20,T20,2,,,,,False,-121.612321,36.736768,-143778.4,-141018.0
2712710,False,B,Monterey,15.24855606383653,15.248617075623672,S,T20,T20 > X,2,2023-01-22,,X,,False,-121.62971,36.761284,-145282.1,-138267.0
2717341,False,B,Monterey,16.74699629085119,16.74706316521138,T,T30,T20 > T30 > T30,1,2022-10-02,,T30,2023-05-23,False,-121.585624,36.686437,-141491.5,-146651.3
2712663,True,A,Monterey,22.77520825519454,22.775299352854223,S,T20,T20,2,,,,,False,-121.555283,36.649382,-138851.9,-150814.0
2718782,True,A,Monterey,12.867805516412808,12.867856946065732,S,T20,T20,2,,,,,False,-121.575373,36.67786,-140592.6,-147619.8
2712311,True,A,Monterey,9.017124381365466,9.01716044946199,S,T20,T20,2,,,,,False,-121.611136,36.767299,-143615.1,-137626.9
2717353,True,A,Monterey,24.508184313174453,24.5082823335069,S,T20,T20,2,,,,,False,-121.643853,36.761026,-146543.2,-138273.9
2712282,True,A,Monterey,15.388896005700662,15.388957539334124,S,T20,T20,2,,,,,False,-121.603991,36.711017,-143084.0,-143892.3
2712026,True,A,Monterey,22.025348433996356,22.025436505486393,S,T20,T20,2,,,,,False,-121.626304,36.745648,-145008.3,-140009.9
2722355,True,A,Monterey,8.65809038246627,8.658125023945754,S,T20,T20,2,,,,,False,-121.622751,36.768983,-144647.2,-137422.1
2722358,False,B,Monterey,36.51978829722809,36.5199343801619,S,T20,T20 > X,2,2023-01-22,,X,,False,-121.639314,36.757226,-146146.0,-138703.3
2716617,False,B,Monterey,28.03246869107517,28.032580776525794,D,G6,T20 > G6,1,2022-10-27,,G6,2023-03-20,False,-121.578685,36.693406,-140859.4,-145887.2
2711800,True,A,Monterey,5.210270875095283,5.210291711670917,S,T20,T20,2,,,,,False,-121.553191,36.664337,-138637.8,-149155.2
2723845,True,A,Monterey,5.179986221931061,5.180006941774373,S,T20,T20,2,,,,,False,-121.612117,36.755256,-143725.2,-138963.7
2725417,True,A,Monterey,42.93547183215965,42.93564366906615,S,T20,T20,2,,,,,False,-121.571432,36.660709,-140272.6,-149531.5
2711691,True,A,Monterey,28.047889718594607,28.048001925704554,S,T20,T20,2,,,,,False,-121.650635,36.744516,-147179.8,-140098.2
2711665,True,A,Monterey,27.724296265392933,27.724407081247467,S,T20,T20,2,,,,,False,-121.608344,36.735907,-143425.4,-141119.7
2717366,True,A,Monterey,13.177270955251334,13.177323648187656,S,T20,T20,2,,,,,False,-121.613675,36.716358,-143937.8,-143284.0
2711595,True,A,Monterey,17.666037470509835,17.666108188860463,S,T20,T20,2,,,,,False,-121.575516,36.686553,-140589.4,-146653.5
2716639,False,B,Monterey,7.410317376310019,7.410347217804904,D,T30,T20 > T30,1,2022-11-03,,T30,2023-07-17,False,-121.678106,36.628199,-149857.7,-152980.9
2711524,True,A,Monterey,15.05504276287906,15.055102941733079,S,T20,T20,2,,,,,False,-121.590935,36.669294,-141997.4,-148548.5
2711478,False,B,Monterey,6.496743564709731,6.496769565705679,T,T4,T20 > T30 > T4,1,2022-10-18,,T30,2023-07-02,False,-121.557502,36.650683,-139047.6,-150666.2
2711438,True,A,Monterey,3.148853347574614,3.148865928889535,S,T20,T20,2,,,,,False,-121.629043,36.733525,-145275.6,-141352.9
2722380,False,B,Monterey,19.046496078788167,19.046572276223596,S,T20,T20 > X,2,2022-12-13,,X,,False,-121.600581,36.712284,-142777.5,-143756.6
2716656,True,A,Monterey,38.82583669054589,38.82599226452563,S,T20,T20,2,,,,,False,-121.611979,36.718904,-143781.6,-143003.7
2722383,False,B,Monterey,3.083595642760939,3.083607979753118,D,G6,T20 > G6,1,2022-10-11,,G6,2023-04-12,False,-121.599445,36.705566,-142688.8,-144504.9
2711060,True,A,Monterey,11.578624624499776,11.578670952575914,S,T20,T20,2,,,,,False,-121.58893,36.681764,-141795.2,-147165.7
2725421,False,B,Monterey,24.84909870561308,24.849198144109256,D,T30,T20 > T30,1,2022-10-02,,T30,2023-08-10,False,-121.660018,36.732478,-148039.7,-141421.3
2722386,True,A,Monterey,22.530673288165083,22.530763394653132,S,T20,T20,2,,,,,False,-121.602328,36.724188,-142911.0,-142431.1
2710942,False,B,Monterey,5.885855382506604,5.885878928438514,D,G6,T20 > G6,1,2022-10-18,,G6,2023-04-05,False,-121.568538,36.68906,-139962.1,-146385.2
2716677,False,B,Monterey,17.343160861339374,17.343230288624323,D,G6,T20 > G6,1,2022-10-19,,G6,2023-03-28,False,-121.573202,36.687135,-140381.8,-146592.3
2717377,True,A,Monterey,14.649474757831408,14.64953335170811,S,T20,T20,2,,,,,False,-121.603257,36.712644,-143015.5,-143712.6
2716683,True,A,Monterey,10.933061410719192,10.93310519511081,S,T20,T20,2,,,,,False,-121.57197,36.693854,-140259.6,-145847.4
2710825,True,A,Monterey,3.961290453571468,3.9613062948591615,S,T20,T20,2,,,,,False,-121.593411,36.682776,-142193.2,-147046.5
2710761,True,A,Monterey,12.739715687137503,12.739766635849325,S,T20,T20,2,,,,,False,-121.611376,36.754114,-143661.4,-139091.8
2722389,True,A,Monterey,4.078113293240101,4.078129603148464,S,T20,T20,2,,,,,False,-121.626576,36.772235,-144981.8,-137054.9
2716695,True,A,Monterey,8.247389890139171,8.247422818997054,S,T20,T20,2,,,,,False,-121.619011,36.774565,-144303.2,-136807.4
2710593,True,A,Monterey,10.401586583705296,10.401628206885743,S,T20,T20,2,,,,,False,-121.644385,36.74482,-146621.9,-140074.0
2710539,True,A,Monterey,7.007761135792172,7.007789178655596,S,T20,T20,2,,,,,False,-121.67107,36.626312,-149233.1,-153201.8
2710464,True,A,Monterey,11.37305055777757,11.373096041747761,S,T20,T20,2,,,,,False,-121.555298,36.652399,-138847.6,-150478.7
2709995,True,A,Monterey,0.441280531174219,0.4412822958473981,S,T20,T20,2,,,,,False,-121.617728,36.776125,-144185.9,-136636.0
2722411,True,A,Monterey,8.025400716547923,8.025432802521681,S,T20,T20,2,,,,,False,-121.583208,36.779979,-141102.3,-136259.7
2717400,False,B,Monterey,4.159808092731156,4.159824719694159,S,T20,T20 > X,2,2023-01-06,,X,,False,-121.619602,36.767476,-144369.3,-137594.3
2709503,True,A,Monterey,16.31424908765158,16.314314384660346,S,T20,T20,2,,,,,False,-121.597818,36.720368,-142515.9,-142862.4
2709445,True,A,Monterey,2.165263433811911,2.165272101585488,S,T20,T20,2,,,,,False,-121.604564,36.709922,-143137.2,-144013.1
2725422,True,A,Monterey,33.24579013450068,33.24592314698209,S,T20,T20,2,,,,,False,-121.602139,36.707081,-142926.3,-144332.5
2722427,False,B,Monterey,23.383913151884204,23.38400666248756,S,T20,T20 > X,2,2022-10-26,,X,,False,-121.588289,36.696522,-141710.5,-145526.6
2725423,False,B,Monterey,32.43588561380068,32.436015336004026,D,G6,T20 > G6,1,2022-10-11,,G6,2023-03-28,False,-121.570751,36.697592,-140143.8,-145433.8
2709266,True,A,Monterey,17.228643907408678,17.228712804466408,S,T20,T20,2,,,,,False,-121.580724,36.683625,-141059.5,-146971.2
2709265,True,A,Monterey,16.052487125484454,16.052551324165915,S,T20,T20,2,,,,,False,-121.578529,36.684701,-140861.7,-146854.9
2709264,True,A,Monterey,17.06395457349719,17.0640227945642,S,T20,T20,2,,,,,False,-121.576577,36.685996,-140685.1,-146713.8
2709232,True,A,Monterey,19.664208444239307,19.66428711980088,S,T20,T20,2,,,,,False,-121.559214,36.680455,-139146.0,-147355.2
2709218,False,B,Monterey,12.90040919182745,12.900460788352408,T,T30,T20 > T30 > T30,1,2022-10-03,,T30,2023-06-07,False,-121.587695,36.677662,-141692.6,-147623.4
2723851,True,A,Monterey,11.657205085074054,11.657251714597216,S,T20,T20,2,,,,,False,-121.557411,36.658781,-139024.7,-149766.4
2725425,False,B,Monterey,34.76568036433595,34.76581820518864,D,T4,T20 > T4,1,2022-11-04,,T4,2023-07-09,False,-121.685303,36.618174,-150520.2,-154083.6
2722443,True,A,Monterey,25.667821555499703,25.66792419396014,S,T20,T20,2,,,,,False,-121.588343,36.673201,-141758.7,-148118.1
2722446,True,A,Monterey,18.89319320689746,18.89326889319,S,T20,T20,2,,,,,False,-121.61371,36.747416,-143882.1,-139832.5
2701313,True,A,Monterey,23.038395789009915,23.038487917253576,S,T20,T20,2,,,,,False,-121.597831,36.717239,-142522.9,-143210.1
2719232,True,A,Monterey,4.020014066116352,4.020030142984488,S,T20,T20,2,,,,,False,-121.610235,36.772663,-143524.6,-137032.1
2722450,True,A,Monterey,23.153842936553716,23.153935504401474,S,T20,T20,2,,,,,False,-121.6024,36.722245,-142921.1,-142646.8
2725427,True,A,Monterey,17.892731890630667,17.892803455932047,S,T20,T20,2,,,,,False,-121.575317,36.668045,-140605.8,-148710.5
2717049,False,B,Monterey,27.880349498826572,27.88046116159129,T,T30,T20 > T30 > T30,1,2022-10-10,,T30,2023-04-28,False,-121.619678,36.624439,-144647.6,-153489.5
2701450,True,A,Monterey,9.246900042105727,9.246937012372673,S,T20,T20,2,,,,,False,-121.655931,36.746896,-147647.2,-139825.4
2717058,True,A,Monterey,24.14101763366336,24.14111417369973,S,T20,T20,2,,,,,False,-121.62213,36.745262,-144636.9,-140059.1
2717069,False,B,Monterey,21.42936654065409,21.429452273133812,D,T30,T20 > T30,1,2022-10-18,,T30,2023-08-10,False,-121.621802,36.622967,-144840.1,-153649.9
2717084,True,A,Monterey,36.5271677997698,36.52731389631219,S,T20,T20,2,,,,,False,-121.55553,36.656805,-138860.4,-149988.8
2717088,False,B,Monterey,26.896968628426546,26.897076241454336,T,T4,T20 > T30 > T4,1,2022-10-18,,T30,2023-05-15,False,-121.559767,36.648244,-139254.2,-150933.9
2717448,False,B,Monterey,11.548990649921015,11.54903683827044,S,T20,T20 > X,2,2022-10-18,,X,,False,-121.553193,36.651531,-138661.3,-150578.3
2725430,False,B,Monterey,48.60431004212703,48.604504444983334,D,T30,T20 > T30,1,2022-12-06,,T30,2023-07-09,False,-121.63644,36.743926,-145915.3,-140185.6
2722478,True,A,Monterey,17.061098819044773,17.061167070059717,S,T20,T20,2,,,,,False,-121.558118,36.653441,-139097.5,-150358.8
2723855,True,A,Monterey,7.30447026726625,7.30449949585938,S,T20,T20,2,,,,,False,-121.571175,36.648179,-140272.7,-150924.3
2722482,True,A,Monterey,27.295529432607633,27.295638578554474,S,T20,T20,2,,,,,False,-121.585908,36.674571,-141538.9,-147969.5
2713002,True,A,Monterey,16.5251025937266,16.52516870906569,S,T20,T20,2,,,,,False,-121.654915,36.745159,-147560.1,-140020.1
2722487,True,A,Monterey,22.253393564227835,22.253482569807506,S,T20,T20,2,,,,,False,-121.612455,36.7496,-143766.1,-139591.7
2712505,True,A,Monterey,2.8951598410469557,2.895171421637106,S,T20,T20,2,,,,,False,-121.62811,36.732973,-145193.5,-141415.7
2712382,True,A,Monterey,22.209591679433792,22.209680509818387,S,T20,T20,2,,,,,False,-121.597613,36.664004,-142603.2,-149126.3
2712364,True,A,Monterey,11.05188754996759,11.051931738149413,S,T20,T20,2,,,,,False,-121.590772,36.680654,-141961.6,-147286.3
2723856,False,B,Monterey,5.974115995326799,5.974139860919001,S,T20,T20 > X,2,2022-10-27,,X,,False,-121.619027,36.770605,-144312.2,-137247.5
2722494,True,A,Monterey,27.258584477956123,27.258693575313174,S,T20,T20,2,,,,,False,-121.555602,36.674114,-138835.2,-148065.1
2725432,False,B,Monterey,10.534087336790213,10.534129474627518,D,T4,T20 > T4,1,2022-12-13,,T4,2023-07-09,False,-121.640807,36.74481,-146302.9,-140080.7
2710844,False,B,Monterey,1.7529066087868528,1.7529136225071353,S,T20,T20 > X,2,2022-10-27,,X,,False,-121.617773,36.772228,-144197.3,-137069.0
2710819,False,B,Monterey,1.9326423189084645,1.932650049446426,S,T20,T20 > X,2,2022-11-03,,X,,False,-121.618387,36.771501,-144253.4,-137148.9
2723858,True,A,Monterey,8.133776065301593,8.133808611568076,S,T20,T20,2,,,,,False,-121.607035,36.775,-143235.1,-136777.2
2709954,False,B,Monterey,1.3512312711950425,1.3512366740296657,S,T20,T20 > X,2,2022-11-03,,X,,False,-121.61808,36.771859,-144225.3,-137109.6
2709913,False,B,Monterey,3.5333373428155412,3.533351475586886,S,T20,T20 > X,2,2023-01-06,,X,,False,-121.618795,36.767222,-144297.9,-137623.8
2722506,False,B,Monterey,7.500392071236844,7.500422074727361,S,T20,T20 > X,2,2022-12-22,,X,,False,-121.617117,36.765744,-144151.1,-137790.6
2722507,False,B,Monterey,3.5788502820034007,3.5788645946879467,D,T30,T20 > T30,1,2022-12-13,,T30,2023-07-26,False,-121.632215,36.741263,-145543.6,-140488.1
2709641,True,A,Monterey,0.9956461982675542,0.9956501796297224,S,T20,T20,2,,,,,False,-121.629212,36.731215,-145295.1,-141609.3
2709639,True,A,Monterey,2.1955645949669784,2.1955733710673337,S,T20,T20,2,,,,,False,-121.628714,36.7321,-145249.1,-141511.7
2722510,True,A,Monterey,32.058321197785276,32.05844965721076,S,T20,T20,2,,,,,False,-121.605548,36.718326,-143209.2,-143077.7
2717145,True,A,Monterey,7.82087958135266,7.820910871948242,S,T20,T20,2,,,,,False,-121.589636,36.679259,-141862.8,-147443.0
2722576,True,A,Monterey,12.442454697170417,12.442504488276843,S,T20,T20,2,,,,,False,-121.673323,36.625016,-149436.9,-153342.3
2726299,False,B,Monterey,12.153864401509711,12.153913013493035,D,T30,T20 > T30,1,2022-11-04,,T30,2023-07-01,False,-121.668703,36.62434,-149025.7,-153424.6
2722579,True,A,Monterey,23.671902190440782,23.671996862362562,S,T20,T20,2,,,,,False,-121.617948,36.621381,-144499.0,-153832.0
2725434,True,A,Monterey,6.436438737869787,6.436464480882569,S,T20,T20,2,,,,,False,-121.571902,36.647215,-140339.4,-151030.4
2723862,True,A,Monterey,5.288955222396686,5.288976375392731,S,T20,T20,2,,,,,False,-121.573602,36.648135,-140489.4,-150925.6
2725435,True,A,Monterey,36.79630720713228,36.79645436355157,S,T20,T20,2,,,,,False,-121.571081,36.68341,-140199.4,-147009.4
2722624,False,B,Monterey,10.294341730606599,10.294382903383339,T,T30,T20 > T30 > T30,1,2022-10-03,,T30,2023-05-15,False,-121.599718,36.666467,-142786.4,-148849.4
2722625,False,B,Monterey,11.553491188103797,11.553537409596808,T,T30,T20 > T30 > T30,1,2022-10-03,,T30,2023-05-15,False,-121.59781,36.667461,-142614.3,-148741.9
2722626,False,B,Monterey,20.547678101686603,20.54776028748773,T,T30,T20 > T30 > T30,1,2022-10-27,,T30,2023-05-15,False,-121.600093,36.669509,-142814.2,-148510.8
2722628,True,A,Monterey,19.77345612525683,19.773535112407117,S,T20,T20,2,,,,,False,-121.595659,36.664983,-142426.9,-149020.4
2722629,True,A,Monterey,14.755394172478532,14.755453200253488,S,T20,T20,2,,,,,False,-121.562966,36.652823,-139531.4,-150420.4
2722630,False,B,Monterey,27.352862262908168,27.352971539468733,S,T20,T20 > X,2,2023-01-23,,X,,False,-121.548348,36.657501,-138218.0,-149921.9
2722631,False,B,Monterey,21.644644929912914,21.644731523414546,S,T20,T20 > X,2,2023-01-07,,X,,False,-121.55133,36.657733,-138483.8,-149891.7
2722632,False,B,Monterey,23.737827664382195,23.73792239842748,S,T20,T20 > X,2,2023-01-07,,X,,False,-121.552228,36.660544,-138558.8,-149578.1
2722635,False,B,Monterey,20.46839216415481,20.468474013661258,S,T20,T20 > X,2,2023-01-07,,X,,False,-121.550316,36.662945,-138383.8,-149314.0
2717540,False,B,Monterey,9.325586565538464,9.325623843007092,D,T4,T20 > T4,1,2022-10-18,,T4,2023-07-02,False,-121.587142,36.684835,-141629.9,-146827.0
2717542,False,B,Monterey,6.919282213768766,6.919309892365672,D,T18,T20 > T18,1,2022-10-18,,T18,2023-06-16,False,-121.588186,36.686005,-141720.8,-146695.5
2718783,True,A,Monterey,12.190300524582314,12.190349277425867,S,T20,T20,2,,,,,False,-121.576958,36.676983,-140735.7,-147714.9
2718971,True,A,Monterey,10.047494844202577,10.047535042170162,S,T20,T20,2,,,,,False,-121.577205,36.679857,-140752.5,-147395.1
2722636,True,A,Monterey,9.724432343746393,9.724471308897963,S,T20,T20,2,,,,,False,-121.573091,36.683088,-140379.4,-147042.1
2722637,True,A,Monterey,13.779611354977657,13.77966645146892,S,T20,T20,2,,,,,False,-121.575874,36.681775,-140630.2,-147183.9
2716573,True,A,Monterey,18.056525236488746,18.05659747197534,S,T20,T20,2,,,,,False,-121.574252,36.679242,-140490.1,-147467.8
2722638,False,B,Monterey,25.088013977831896,25.08811433376287,D,G6,T20 > G6,1,2022-10-27,,G6,2023-03-27,False,-121.575755,36.696238,-140592.8,-145576.9
2722640,False,B,Monterey,3.4668181500954627,3.46683201466125,S,T20,T20 > X,2,2022-11-04,,X,,False,-121.587993,36.694913,-141687.1,-145705.9
2722679,False,C,Monterey,21.83744791179123,21.837535287864817,D,T20,T4 > T20,2,2023-07-01,T4,,,False,-121.662049,36.738202,-148209.7,-140782.0
2723866,True,A,Monterey,1.6291202029042515,1.6291267169622607,S,T20,T20,2,,,,,False,-121.630585,36.733328,-145413.5,-141372.4
2718953,True,A,Monterey,1.897573389250322,1.8975809749297516,S,T20,T20,2,,,,,False,-121.62978,36.732775,-145342.8,-141435.1
2722684,False,B,Monterey,40.892978591911415,40.893142122129895,D,G6,T20 > G6,1,2022-10-18,,G6,2023-03-27,False,-121.595775,36.704553,-142363.3,-144622.9
2722685,False,B,Monterey,11.031052583193919,11.031096638883337,D,G6,T20 > G6,1,2022-10-18,,G6,2023-03-27,False,-121.600818,36.705136,-142812.1,-144550.6
2722686,False,B,Monterey,14.209747181427275,14.20980404424751,S,T20,T20 > X,2,2023-01-30,,X,,False,-121.595916,36.710782,-142364.3,-143930.5
2722687,False,B,Monterey,10.299804335243364,10.299845578412874,S,T20,T20 > X,2,2022-12-06,,X,,False,-121.597359,36.711427,-142491.8,-143856.7
2722688,True,A,Monterey,7.900988759908848,7.901020357802684,S,T20,T20,2,,,,,False,-121.5991,36.712711,-142644.7,-143711.3
2722689,False,B,Monterey,28.683407521457696,28.683522273631162,S,T20,T20 > X,2,2022-12-06,,X,,False,-121.596559,36.713749,-142416.1,-143599.9
2722690,True,A,Monterey,2.632537073399416,2.632547609197265,S,T20,T20,2,,,,,False,-121.593555,36.714277,-142147.1,-143545.7
2722691,False,B,Monterey,14.276236819931755,14.276293957476488,S,T20,T20 > X,2,2023-03-11,,X,,False,-121.591393,36.715249,-141952.5,-143440.9
2725437,True,A,Monterey,13.616853795279368,13.616908246650643,S,T20,T20,2,,,,,False,-121.593109,36.716682,-142102.9,-143279.1
2722693,True,A,Monterey,7.7167950656679976,7.716825935279103,S,T20,T20,2,,,,,False,-121.616336,36.717954,-144172.1,-143102.6
2722694,True,A,Monterey,11.306197470357704,11.306242684599257,S,T20,T20,2,,,,,False,-121.61759,36.716536,-144286.6,-143258.3
2722695,True,A,Monterey,15.099401974669547,15.099462373941048,S,T20,T20,2,,,,,False,-121.619826,36.719894,-144479.6,-142881.8
2718568,False,B,Monterey,10.42136359252816,10.421405285757176,D,T30,T20 > T30,1,2022-10-18,,T30,2023-07-09,False,-121.608436,36.721219,-143461.3,-142751.8
2722701,True,A,Monterey,16.117056551011682,16.117120983364533,S,T20,T20,2,,,,,False,-121.615164,36.725171,-144053.8,-142302.4
2722771,True,A,Monterey,21.646570685993495,21.646657410921172,S,T20,T20,2,,,,,False,-121.654784,36.742983,-147552.6,-140262.0
2723870,True,A,Monterey,3.5171946533205625,3.5172087249732575,S,T20,T20,2,,,,,False,-121.596868,36.77366,-142331.5,-136941.5
2723871,True,A,Monterey,6.893563691978013,6.893591229505303,S,T20,T20,2,,,,,False,-121.598347,36.773515,-142463.5,-136955.4
2722818,False,B,Monterey,15.786428373692111,15.786491497694923,D,T18,T20 > T18,1,2022-10-26,,T18,2023-08-19,False,-121.608743,36.757521,-143420.2,-138717.1
2722822,False,B,Monterey,8.534470953884854,8.534505070680913,S,T20,T20 > X,2,2022-11-20,,X,,False,-121.613651,36.764594,-143844.4,-137923.7
2722823,False,B,Monterey,7.297587783930692,7.297616964496875,S,T20,T20 > X,2,2022-11-19,,X,,False,-121.615339,36.763481,-143996.9,-138044.8
2716312,False,B,Monterey,3.9976025338520595,3.997618525505089,S,T20,T20 > X,2,2023-01-06,,X,,False,-121.612751,36.765265,-143762.9,-137850.5
2718117,False,B,Monterey,2.917174009987281,2.9171856753402317,S,T20,T20 > X,2,2023-01-06,,X,,False,-121.612549,36.765774,-143743.9,-137794.3
2718118,False,B,Monterey,3.1194267059790204,3.119439249954513,S,T20,T20 > X,2,2023-01-06,,X,,False,-121.612102,36.766061,-143703.5,-137763.0
2713418,True,A,Monterey,9.57795145337216,9.5779897948123,S,T20,T20,2,,,,,False,-121.611108,36.770404,-143606.7,-137281.9
2716839,True,A,Monterey,4.51684210473033,4.516860174665857,S,T20,T20,2,,,,,False,-121.609456,36.77221,-143456.1,-137083.7
2722825,False,B,Monterey,8.533790876096036,8.533825030493407,S,T20,T20 > X,2,2022-11-20,,X,,False,-121.617539,36.76353,-144193.0,-138036.0
2722826,False,B,Monterey,5.494281007025323,5.494302980186445,S,T20,T20 > X,2,2022-11-20,,X,,False,-121.616435,36.764633,-144092.4,-137915.1
2723873,True,A,Monterey,4.906957642272972,4.906977275770787,S,T20,T20,2,,,,,False,-121.62022,36.765722,-144427.8,-137788.4
2722827,True,A,Monterey,25.647940896665016,25.648043503392266,S,T20,T20,2,,,,,False,-121.622274,36.764802,-144612.6,-137887.4
2711466,True,A,Monterey,4.851688675743119,4.851708081396196,S,T20,T20,2,,,,,False,-121.616519,36.7696,-144090.5,-137363.0
2723874,False,B,Monterey,8.332179528202012,8.33221283695118,S,T20,T20 > X,2,2022-12-05,,X,,False,-121.625856,36.768467,-144924.8,-137474.7
2723875,True,A,Monterey,16.473125065243064,16.473190928314448,S,T20,T20,2,,,,,False,-121.625081,36.771631,-144849.7,-137124.2
2723876,True,A,Monterey,64.25377177861496,64.25402878773376,S,T20,T20,2,,,,,False,-121.634044,36.763731,-145663.7,-137988.5
2722842,True,A,Monterey,22.559504879318034,22.55959506715325,S,T20,T20,2,,,,,False,-121.651493,36.741955,-147261.2,-140381.4
2722843,True,A,Monterey,35.81141247332543,35.81155557449553,S,T20,T20,2,,,,,False,-121.624149,36.739629,-144827.6,-140682.0
2722844,True,A,Monterey,35.50715473501947,35.507297098246724,S,T20,T20,2,,,,,False,-121.625138,36.737898,-144919.1,-140872.9
2722850,False,B,Monterey,21.879592472777396,21.87968086722838,D,G6,T20 > G6,1,2022-10-19,,G6,2023-04-12,False,-121.575122,36.689359,-140549.0,-146342.3
2722853,True,A,Monterey,17.45561877763174,17.455688602703,S,T20,T20,2,,,,,False,-121.648219,36.741225,-146970.7,-140467.7
2723658,True,A,Monterey,13.770660781900077,13.770715846306663,S,T20,T20,2,,,,,False,-121.609903,36.768511,-143502.9,-137494.0
2723659,True,A,Monterey,5.609948396310327,5.609970845110487,S,T20,T20,2,,,,,False,-121.606904,36.771676,-143229.6,-137146.9
2725438,True,A,Monterey,57.611118766416496,57.611349235674126,S,T20,T20,2,,,,,False,-121.624101,36.760227,-144784.1,-138393.1
2723618,True,A,Monterey,20.894424078170964,20.894507675721705,S,T20,T20,2,,,,,False,-121.600281,36.71718,-142741.6,-143212.9
2723705,True,A,Monterey,9.465577856482954,9.465615694659562,S,T20,T20,2,,,,,False,-121.676829,36.62581,-149748.4,-153248.4
2723877,False,B,Monterey,19.531223992539655,19.531302081177124,D,T30,T20 > T30,1,2022-10-26,,T30,2023-08-02,False,-121.620341,36.760229,-144449.0,-138398.5
2716739,True,A,Monterey,29.643295047765015,29.643413655980833,S,T20,T20,2,,,,,False,-121.557411,36.677659,-138990.2,-147668.6
2723750,True,A,Monterey,10.42145586084436,10.42149754851368,S,T20,T20,2,,,,,False,-121.551741,36.65308,-138528.9,-150408.2
2725439,False,B,Monterey,49.04339139209563,49.043587717567185,D,G6,T20 > G6,1,2022-10-18,,G6,2023-03-27,False,-121.597774,36.700994,-142548.3,-145015.4
2722916,True,A,Monterey,22.44683459066948,22.446924352956334,S,T20,T20,2,,,,,False,-121.678674,36.624287,-149916.1,-153414.8
2725441,True,A,Monterey,21.930924201953747,21.931011901058604,S,T20,T20,2,,,,,False,-121.602261,36.717444,-142917.7,-143180.6
2724566,True,A,Monterey,14.361318132831713,14.361375577629854,S,T20,T20,2,,,,,False,-121.62046,36.718371,-144539.0,-143050.1
2724535,True,A,Monterey,4.594895466267587,4.594913828683066,S,T20,T20,2,,,,,False,-121.609557,36.753063,-143501.2,-139211.3
2724522,True,A,Monterey,13.377667001254949,13.377720453334689,S,T20,T20,2,,,,,False,-121.589188,36.777636,-141639.6,-136511.1
2724545,True,A,Monterey,1.9607299456242842,1.9607377900939085,S,T20,T20,2,,,,,False,-121.61686,36.77531,-144110.1,-136727.9
2723883,True,A,Monterey,8.916374563094704,8.916410232441558,S,T20,T20,2,,,,,False,-121.627614,36.765461,-145087.2,-137806.0
2722264,True,A,Monterey,36.905101017232795,36.905248612371366,S,T20,T20,2,,,,,False,-121.59126,36.73761,-141898.9,-140956.2
2725442,True,A,Monterey,74.90701646967979,74.9073152308503,S,T20,T20,2,,,,,False,-121.567729,36.684652,-139898.1,-146876.2
2711876,True,A,Monterey,7.0025868211354325,7.002614825399702,S,T20,T20,2,,,,,False,-121.539141,36.626921,-137451.4,-153333.6
2724499,True,A,Monterey,11.10340207142775,11.103446304030811,S,T20,T20,2,,,,,False,-121.558748,36.616411,-139221.4,-154472.8
2711922,False,B,Monterey,30.868778401325105,30.86890187204239,T,T30,T20 > G6 > T30,1,2022-10-10,,G6,2023-03-03,False,-121.60355,36.608939,-143236.6,-155236.5
2723887,True,A,Monterey,0.3093564386744006,0.30935767635621947,S,T20,T20,2,,,,,False,-121.629873,36.731183,-145354.1,-141611.9
2700165,True,A,Monterey,1.6853013605466478,1.6853080955322604,S,T20,T20,2,,,,,False,-121.616252,36.776693,-144053.3,-136575.1
2725450,True,A,Monterey,2.270141176026332,2.270150256789929,S,T20,T20,2,,,,,False,-121.617492,36.775142,-144166.7,-136745.6
2723888,False,B,Monterey,9.328299804607525,9.328337126121342,D,T30,T20 > T30,1,2022-11-19,,T30,2023-08-02,False,-121.621947,36.757708,-144596.9,-138676.3
2724533,True,A,Monterey,2.2040262462505398,2.20403506091681,S,T20,T20,2,,,,,False,-121.552229,36.668026,-138545.3,-148746.7
2716276,True,A,Monterey,11.000791533525021,11.000835561249184,S,T20,T20,2,,,,,False,-121.614402,36.583946,-144253.2,-157997.3
2716314,True,A,Monterey,16.57895515667521,16.579021539816715,S,T20,T20,2,,,,,False,-121.6229,36.580981,-145018.0,-158313.8
2700433,False,B,Monterey,38.07649800291844,38.07665046170619,D,T4,T20 > T4,1,2022-10-10,,T4,2023-09-19,False,-121.572024,36.576468,-140480.7,-158891.9
2715387,True,A,Monterey,5.928900124406265,5.928923839811551,S,T20,T20,2,,,,,False,-121.605144,36.587273,-143419.7,-157641.6
2714663,False,B,Monterey,3.754812603107304,3.754827605516338,D,T4,T20 > T4,1,2022-12-13,,T4,2023-07-25,False,-121.625682,36.590223,-145249.1,-157282.5
2721829,False,B,Monterey,11.223314644733465,11.223359546315526,D,T30,T20 > T30,1,2023-01-22,,T30,2023-08-19,False,-121.62021,36.588389,-144763.6,-157494.7
2713417,False,B,Monterey,4.797924855355247,4.797944107207785,T,T4,T20 > G6 > T4,1,2022-12-14,,G6,2023-04-20,False,-121.624524,36.589395,-145147.2,-157376.3
2721833,True,A,Monterey,12.30535776563927,12.30540698447147,S,T20,T20,2,,,,,False,-121.605197,36.591598,-143416.4,-157160.9
2713102,True,A,Monterey,4.590621355675118,4.590639713156892,S,T20,T20,2,,,,,False,-121.588432,36.575171,-141949.2,-159011.6
2716585,True,A,Monterey,8.16767299701615,8.16770567403218,S,T20,T20,2,,,,,False,-121.619135,36.581892,-144679.9,-158218.3
2721838,False,B,Monterey,7.995037427778653,7.995069408322837,T,T4,T20 > T30 > T4,1,2022-10-18,,T30,2023-05-15,False,-121.594999,36.591713,-142505.1,-157163.5
2711496,True,A,Monterey,4.09711467184544,4.097131051514993,S,T20,T20,2,,,,,False,-121.587586,36.574704,-141874.5,-159064.7
2711495,True,A,Monterey,21.539623332374315,21.539709511160478,S,T20,T20,2,,,,,False,-121.575838,36.577702,-140819.1,-158749.2
2716747,True,A,Monterey,9.127258796446382,9.127295302347434,S,T20,T20,2,,,,,False,-121.61337,36.585843,-144157.4,-157788.0
2725487,True,A,Monterey,27.860744549649812,27.86085601732989,S,T20,T20,2,,,,,False,-121.608293,36.587324,-143701.0,-157631.2
2725491,True,A,Monterey,32.97113058259024,32.97126253833093,S,T20,T20,2,,,,,False,-121.610497,36.588255,-143896.1,-157524.4
2711967,True,A,Monterey,6.063554974102309,6.0635792252175005,S,T20,T20,2,,,,,False,-121.603993,36.586992,-143317.4,-157674.6
2721900,True,A,Monterey,29.37130427491084,29.371421797777415,S,T20,T20,2,,,,,False,-121.611318,36.581231,-143982.7,-158303.6
2715362,True,A,Monterey,10.114389043145563,10.114429509747028,S,T20,T20,2,,,,,False,-121.603725,36.584036,-143299.1,-158003.4
2721901,True,A,Monterey,9.657931999645795,9.657970635195653,S,T20,T20,2,,,,,False,-121.605652,36.583653,-143472.0,-158043.1
2717509,False,B,Monterey,5.071723622689714,5.071743911645864,T,T4,T20 > G6 > T4,1,2022-12-14,,G6,2023-04-20,False,-121.624429,36.587186,-145142.8,-157622.0
2725500,True,A,Monterey,6.292872107276397,6.292897288897899,S,T20,T20,2,,,,,False,-121.618706,36.584418,-144636.8,-157938.3
2721903,True,A,Monterey,7.756022939216538,7.756053964438742,S,T20,T20,2,,,,,False,-121.618173,36.587064,-144584.2,-157645.1
2721904,True,A,Monterey,6.295518711667221,6.295543894092781,S,T20,T20,2,,,,,False,-121.617055,36.585804,-144486.7,-157786.8
2717510,True,A,Monterey,5.236566591404907,5.236587546797709,S,T20,T20,2,,,,,False,-121.614225,36.587638,-144230.4,-157587.3
2721907,False,B,Monterey,12.476237517267629,12.476287426815299,D,T18,T20 > T18,1,2022-10-18,,T18,2023-07-09,False,-121.597834,36.585402,-142770.2,-157860.6
2723915,False,B,Monterey,13.334376773091986,13.33443010700273,D,T4,T20 > T4,1,2022-12-14,,T4,2023-08-03,False,-121.62751,36.590546,-145411.8,-157243.8
2706339,False,B,Monterey,17.963032035908757,17.96310387976366,S,T20,T20 > X,2,2022-10-11,,X,,False,-121.520205,36.52541,-135941.3,-164641.2
2701482,False,B,Monterey,6.625436580475179,6.625463066164167,S,T20,T20 > X,2,2022-12-22,,X,,False,-121.760067,36.87837,-156660.0,-125047.6
2711770,False,B,Monterey,9.03796566125067,9.038001819933042,S,T20,T20 > X,2,2022-12-22,,X,,False,-121.766107,36.878748,-157196.8,-124995.6
2722739,False,B,Monterey,10.369887418663616,10.369928907870127,T,T30,T20 > T4 > T30,1,2022-10-19,,T4,2023-04-12,False,-121.725615,36.724092,-153905.9,-142248.8
2723933,False,B,Monterey,30.67457308235187,30.674695803449897,D,T4,T20 > T4,1,2022-10-11,,T4,2023-07-17,False,-121.523678,36.525499,-136251.7,-164626.3
2722224,True,A,Monterey,18.3248593319979,18.324932631172448,S,T20,T20,2,,,,,False,-121.622936,36.583575,-145016.3,-158025.6
2722225,False,B,Monterey,6.988134179076819,6.988162126143209,D,T30,T20 > T30,1,2023-01-22,,T30,2023-08-02,False,-121.622112,36.587038,-144936.2,-157642.0
2724724,False,B,Monterey,16.756363431440334,16.756430456292655,D,T30,T20 > T30,1,2023-01-07,,T30,2023-07-25,False,-121.62259,36.585412,-144981.9,-157821.9
2702910,True,A,Monterey,1.7497028972600788,1.7497098914178622,S,T20,T20,2,,,,,False,-121.716482,36.80148,-152935.8,-133663.6
2701547,True,A,Monterey,0.858299155455523,0.8583025885063919,S,T20,T20,2,,,,,False,-121.716658,36.876239,-152801.0,-125355.3
2700609,True,A,Monterey,2.0782964812269524,2.0783047882611134,S,T20,T20,2,,,,,False,-121.728235,36.818608,-153948.1,-131741.2
2722263,True,A,Monterey,4.57124107653444,4.57125936258932,S,T20,T20,2,,,,,False,-121.703011,36.857694,-151623.4,-127438.1
2700262,True,A,Monterey,0.910081369364022,0.910085009354022,S,T20,T20,2,,,,,False,-121.721372,36.872034,-153229.0,-125815.0
2715149,True,A,Monterey,11.985923669649077,11.985971608327745,S,T20,T20,2,,,,,False,-121.669691,36.895052,-148584.0,-123339.2
2712897,True,A,Monterey,9.153888865917894,9.153925482412017,S,T20,T20,2,,,,,False,-121.70834,36.912809,-151987.4,-121304.6
2712848,True,A,Monterey,26.61444739713056,26.614553894834682,S,T20,T20,2,,,,,False,-121.672716,36.89593,-148851.5,-123236.9
2712565,True,A,Monterey,2.4874567353444883,2.4874666832957177,S,T20,T20,2,,,,,False,-121.693633,36.781759,-150939.3,-135891.8
2712316,True,A,Monterey,12.929972579041413,12.930024294596544,S,T20,T20,2,,,,,False,-121.706815,36.761735,-152154.0,-138096.0
2712271,True,A,Monterey,4.994474139255338,4.99449410859137,S,T20,T20,2,,,,,False,-121.72431,36.818775,-153598.1,-131729.0
2712127,True,A,Monterey,0.4776706950289649,0.47767260506966835,S,T20,T20,2,,,,,False,-121.703126,36.87558,-151597.9,-125450.2
2712071,True,A,Monterey,2.8359307584926334,2.8359421122970248,S,T20,T20,2,,,,,False,-121.722426,36.818827,-153430.2,-131726.2
2711934,True,A,Monterey,1.0789736907747691,1.0789780062172514,S,T20,T20,2,,,,,False,-121.713344,36.800261,-152658.6,-133804.1
2725545,True,A,Monterey,5.352412506072407,5.352433935415052,S,T20,T20,2,,,,,False,-121.716313,36.865391,-152792.1,-126561.4
2711369,True,A,Monterey,4.089743050252847,4.089759400396723,S,T20,T20,2,,,,,False,-121.67303,36.690723,-149281.9,-146041.1
2711353,True,A,Monterey,1.3112872138109553,1.3112924606207637,S,T20,T20,2,,,,,False,-121.73156,36.791407,-154299.5,-134758.6
2719003,True,A,Monterey,10.922485760816587,10.922529448615638,S,T20,T20,2,,,,,False,-121.691473,36.900969,-150510.4,-122647.3
2710752,True,A,Monterey,9.09439671497452,9.094432011974172,S,T20,T20,2,,,,,False,-121.716621,36.907066,-152735.6,-121929.5
2709714,True,A,Monterey,5.930803812957799,5.930827639822171,S,T20,T20,2,,,,,False,-121.69591,36.737847,-151229.5,-140768.0
2708599,True,A,Monterey,0.9299777190692589,0.9299814396862158,S,T20,T20,2,,,,,False,-121.675787,36.728485,-149453.6,-141840.4
2709697,True,A,Monterey,0.6628081727590917,0.6628108234918595,S,T20,T20,2,,,,,False,-121.69179,36.735887,-150866.0,-140992.4
2718734,True,A,Monterey,4.8398634076730875,4.839882768255268,S,T20,T20,2,,,,,False,-121.708938,36.913594,-152039.0,-121216.4
2718735,True,A,Monterey,4.236827477034816,4.236844422125235,S,T20,T20,2,,,,,False,-121.710037,36.912349,-152139.3,-121352.9
2719062,True,A,Monterey,3.500765919080781,3.500779921821099,S,T20,T20,2,,,,,False,-121.718187,36.908574,-152872.0,-121759.4
2719004,True,A,Monterey,4.290382159866916,4.290399319705313,S,T20,T20,2,,,,,False,-121.693056,36.905293,-150642.7,-122164.2
2719005,True,A,Monterey,10.607235266705226,10.607277700753276,S,T20,T20,2,,,,,False,-121.691578,36.903823,-150514.1,-122330.0
2711040,True,A,Monterey,11.914264395254365,11.914312032241337,S,T20,T20,2,,,,,False,-121.691391,36.90281,-150499.5,-122442.8
2719006,True,A,Monterey,10.685250411797968,10.685293143888408,S,T20,T20,2,,,,,False,-121.691445,36.90188,-150506.1,-122546.1
2718493,False,B,Monterey,1.0587192116631599,1.058723445197873,S,T20,T20 > X,2,2023-03-04,,X,,False,-121.679327,36.857909,-149514.5,-127451.9
2712624,False,B,Monterey,1.2181023548997574,1.2181072256015781,S,T20,T20 > X,2,2023-03-04,,X,,False,-121.67898,36.858948,-149481.7,-127336.9
2718008,True,A,Monterey,3.458324235480032,3.4583380640533665,S,T20,T20,2,,,,,False,-121.662924,36.860224,-148049.8,-127220.3
2717617,False,B,Monterey,1.2281198019524755,1.2281247117400367,S,T20,T20 > X,2,2022-11-03,,X,,False,-121.66958,36.731255,-148894.7,-141542.2
2722877,True,A,Monterey,9.673570675968964,9.673609368494816,S,T20,T20,2,,,,,False,-121.702074,36.745403,-151764.0,-139918.5
2723964,True,A,Monterey,0.7486106676131731,0.7486136614596794,S,T20,T20,2,,,,,False,-121.693136,36.782178,-150894.1,-135846.1
2722226,False,B,Monterey,10.358883495809081,10.358924946180474,Q,T20,T20 > G6 > T30 > T20,1,2022-10-27,,G6,2023-03-19,False,-121.769408,36.847442,-157555.5,-128469.2
2715780,True,A,Monterey,20.62735105813422,20.62743355026901,S,T20,T20,2,,,,,False,-121.704199,36.916619,-151611.4,-120887.8
2715782,True,A,Monterey,19.541182619798633,19.54126083807326,S,T20,T20,2,,,,,False,-121.736447,36.742945,-154833.5,-140136.0
2715784,True,A,Monterey,24.369177660409044,24.36927514517231,S,T20,T20,2,,,,,False,-121.739813,36.893976,-154825.6,-123346.6
2722227,True,A,Monterey,9.637662444586358,9.637701004866525,S,T20,T20,2,,,,,False,-121.673274,36.731368,-149223.9,-141523.9
2715786,False,B,Monterey,7.9061581679603,7.906189782433859,S,T20,T20 > X,2,2022-11-03,,X,,False,-121.7876,36.849836,-159170.2,-128172.7
2725551,True,A,Monterey,35.6506592233233,35.65080173407621,S,T20,T20,2,,,,,False,-121.789806,36.872416,-159319.2,-125659.7
2725552,False,B,Monterey,74.38758689422997,74.38788447133153,D,G6,T20 > G6,1,2022-10-18,,G6,2023-03-19,False,-121.768036,36.853244,-157421.3,-127826.7
2701054,False,B,Monterey,1.0775186016280707,1.0775229119596161,D,T4,T20 > T4,1,2022-11-27,,T4,2023-05-31,False,-121.666002,36.768322,-148503.3,-137428.7
2723968,False,B,Monterey,2.2044328836587948,2.2044417038806574,D,T4,T20 > T4,1,2023-03-03,,T4,2023-07-10,False,-121.705526,36.86376,-151835.2,-126760.0
2718007,True,A,Monterey,4.12290959363588,4.122926092827714,S,T20,T20,2,,,,,False,-121.663014,36.860869,-148056.5,-127148.5
2701086,True,A,Monterey,35.56877453114786,35.56891679822956,S,T20,T20,2,,,,,False,-121.769159,36.735193,-157766.1,-140943.5
2701104,True,A,Monterey,3.36462436471706,3.3646378193558744,S,T20,T20,2,,,,,False,-121.732239,36.757463,-154428.9,-138529.6
2701110,False,B,Monterey,1.8797791737999674,1.8797866946697037,S,T20,T20 > X,2,2022-12-21,,X,,False,-121.716029,36.804098,-152890.2,-133373.3
2717201,True,A,Monterey,1.6618043031243863,1.6618109498770566,S,T20,T20,2,,,,,False,-121.710022,36.862462,-152238.0,-126897.0
2701124,True,A,Monterey,2.078952236804518,2.0789605490238383,S,T20,T20,2,,,,,False,-121.712573,36.87758,-152434.7,-125212.9
2716272,True,A,Monterey,15.94560485089796,15.945668593448056,S,T20,T20,2,,,,,False,-121.802704,36.846735,-160521.4,-128492.0
2701149,True,A,Monterey,11.903876349239086,11.90392395914129,S,T20,T20,2,,,,,False,-121.766325,36.864975,-157244.7,-126525.9
2722234,True,A,Monterey,4.587100305309295,4.587118651593479,S,T20,T20,2,,,,,False,-121.703761,36.866763,-151672.1,-126429.1
2701273,False,B,Monterey,11.020270049153572,11.02031412914728,T,T30,T20 > T30 > T30,1,2022-10-10,,T30,2023-07-25,False,-121.715924,36.680639,-153129.1,-147093.2
2701287,True,A,Monterey,1.5495468202883562,1.54955301652827,S,T20,T20,2,,,,,False,-121.720919,36.800855,-153332.3,-133725.9
2701294,True,A,Monterey,24.904857854255347,24.904957506423248,S,T20,T20,2,,,,,False,-121.746574,36.843575,-155530.4,-128936.7
2701298,False,B,Monterey,10.691204947256892,10.691247719311578,T,T30,T20 > T4 > T30,1,2022-10-03,,T4,2023-05-31,False,-121.736209,36.689509,-154921.1,-146074.6
2725556,True,A,Monterey,53.59399565771184,53.59420990389783,S,T20,T20,2,,,,,False,-121.700248,36.6373,-151816.7,-151934.4
2701326,False,B,Monterey,9.221207820267757,9.221244665040626,S,T20,T20 > X,2,2023-02-23,,X,,False,-121.705811,36.770753,-152046.5,-137095.4
2701327,False,B,Monterey,2.0373522857009916,2.037360437013136,D,T30,T20 > T30,1,2022-12-22,,T30,2023-08-19,False,-121.694602,36.744208,-151100.3,-140063.2
2701328,True,A,Monterey,1.2729467066613105,1.2729517964935144,S,T20,T20,2,,,,,False,-121.702876,36.875302,-151576.2,-125481.6
2701346,True,A,Monterey,22.18678520879115,22.186873969435677,S,T20,T20,2,,,,,False,-121.777221,36.861443,-158221.9,-126900.2
2701352,True,A,Monterey,1.1539309854181647,1.1539356001888545,S,T20,T20,2,,,,,False,-121.70262,36.866048,-151571.9,-126510.4
2701355,False,B,Monterey,15.144661722296505,15.144722298929072,D,T30,T20 > T30,1,2022-10-19,,T30,2023-08-27,False,-121.729211,36.682677,-154310.5,-146845.1
2722238,False,B,Monterey,3.2271773024200665,3.227190213544754,D,T30,T20 > T30,1,2022-11-10,,T30,2023-06-14,False,-121.786696,36.822951,-159146.0,-131162.0
2723971,False,B,Monterey,4.517164788861887,4.517182851402221,D,T4,T20 > T4,1,2022-11-20,,T4,2023-07-10,False,-121.697579,36.86146,-151132.4,-127028.3
2701400,False,B,Monterey,0.8175537770218763,0.8175570455586407,S,T20,T20 > X,2,2022-11-03,,X,,False,-121.785457,36.856251,-158966.0,-127463.5
2701409,True,A,Monterey,24.91293824023788,24.913037823457273,S,T20,T20,2,,,,,False,-121.764104,36.867497,-157041.8,-126249.3
2701414,True,A,Monterey,0.9361348823573574,0.9361386246858764,S,T20,T20,2,,,,,False,-121.706679,36.875316,-151914.7,-125474.0
2701419,False,B,Monterey,0.9428244887484778,0.9428281984168851,D,G6,T20 > G6,1,2022-11-04,,G6,2023-03-27,False,-121.695135,36.813932,-151009.2,-132314.0
2722241,True,A,Monterey,14.404646674263486,14.40470428093498,S,T20,T20,2,,,,,False,-121.727866,36.90827,-153733.6,-121777.5
2701472,True,A,Monterey,0.5692940052090641,0.5692962819775541,S,T20,T20,2,,,,,False,-121.719301,36.855705,-153077.6,-127633.0
2701484,False,B,Monterey,1.1557291455053598,1.1557337672087307,D,G6,T20 > G6,1,2022-10-27,,G6,2023-03-10,False,-121.782626,36.842632,-158742.4,-128981.7
2716307,True,A,Monterey,8.653755970533727,8.653790570288567,S,T20,T20,2,,,,,False,-121.736527,36.894202,-154532.7,-123326.8
2722246,True,A,Monterey,14.256334866896355,14.256391902427362,S,T20,T20,2,,,,,False,-121.653532,36.907859,-147121.4,-121941.1
2701504,False,B,Monterey,31.361184257018685,31.361309731838702,T,T30,T20 > T30 > T30,1,2022-10-10,,T30,2023-06-07,False,-121.711386,36.644769,-152796.1,-151086.5
2716310,True,A,Monterey,12.709159613253929,12.70921046869283,S,T20,T20,2,,,,,False,-121.759575,36.831962,-156712.0,-130205.8
2722249,False,B,Monterey,4.099052595156053,4.099068991354271,S,T20,T20 > X,2,2022-10-26,,X,,False,-121.693316,36.785643,-150903.3,-135460.7
2701567,False,B,Monterey,1.4313485254529779,1.431354240837473,S,T20,T20 > X,2,2023-01-23,,X,,False,-121.700971,36.864304,-151428.6,-126706.9
2701600,True,A,Monterey,2.172854459602779,2.1728631498830224,S,T20,T20,2,,,,,False,-121.740338,36.845088,-154972.1,-128778.7
2724741,True,A,Monterey,28.650629102726043,28.65074368610235,S,T20,T20,2,,,,,False,-121.680956,36.755138,-149862.1,-138870.3
2701641,False,B,Monterey,3.3598093931302295,3.3598228328031414,D,G6,T20 > G6,1,2022-10-18,,G6,2023-03-20,False,-121.670015,36.88962,-148623.5,-123942.3
2702897,True,A,Monterey,13.112880227688642,13.112932673390208,S,T20,T20,2,,,,,False,-121.672125,36.749002,-149086.9,-139566.1
2723972,True,A,Monterey,12.141041215028613,12.141089785667228,S,T20,T20,2,,,,,False,-121.692977,36.861496,-150722.6,-127031.6
2723973,False,B,Monterey,1.804284984451157,1.8042921750663086,S,T20,T20 > X,2,2023-02-23,,X,,False,-121.704337,36.863018,-151730.8,-126844.4
2701017,True,A,Monterey,1.7184147757722152,1.7184216518408957,S,T20,T20,2,,,,,False,-121.675778,36.867753,-149179.3,-126363.4
2701007,False,B,Monterey,1.0707269592591135,1.0707312482410092,S,T20,T20 > X,2,2023-01-07,,X,,False,-121.726078,36.873628,-153644.6,-125630.3
2701002,True,A,Monterey,1.26377018499995,1.2637752441743382,S,T20,T20,2,,,,,False,-121.666185,36.768964,-148518.4,-137357.1
2716328,True,A,Monterey,13.961904466522949,13.961960332420674,S,T20,T20,2,,,,,False,-121.780322,36.740196,-158751.0,-140368.9
2700976,True,A,Monterey,65.04031214850211,65.04057236820027,S,T20,T20,2,,,,,False,-121.66404,36.896663,-148078.1,-123169.0
2717220,False,B,Monterey,9.49306209481641,9.493100065058599,T,T18,T20 > G6 > T18,1,2022-10-27,,G6,2023-04-19,False,-121.777912,36.865554,-158274.9,-126442.2
2700952,True,A,Monterey,1.8901226046999926,1.8901301657495817,S,T20,T20,2,,,,,False,-121.714539,36.876853,-152611.2,-125290.5
2716331,False,B,Monterey,17.440486820325095,17.44055658715755,T,T30,T20 > T30 > T30,1,2022-10-10,,T30,2023-06-16,False,-121.685158,36.664928,-150414.8,-148888.3
2723974,True,A,Monterey,70.69565303190622,70.6959355287443,S,T20,T20,2,,,,,False,-121.686096,36.906022,-150022.1,-122094.2
2723975,True,A,Monterey,1.589571230480894,1.5895775868936766,S,T20,T20,2,,,,,False,-121.687734,36.857302,-150264.2,-127506.0
2700900,True,A,Monterey,1.0809243524299148,1.0809286768871809,S,T20,T20,2,,,,,False,-121.781357,36.840251,-158634.3,-129248.4
2700887,False,B,Monterey,3.73616734408001,3.736182284005952,S,T20,T20 > X,2,2022-10-27,,X,,False,-121.666042,36.911136,-148228.0,-121557.4
2700874,True,A,Monterey,0.8805207707424596,0.8805242939118373,S,T20,T20,2,,,,,False,-121.706226,36.875973,-151873.0,-125401.7
2723976,True,A,Monterey,9.37754247248914,9.377579944379008,S,T20,T20,2,,,,,False,-121.718108,36.800514,-153082.6,-133768.4
2700857,False,B,Monterey,10.056831867539374,10.056872121171756,S,T20,T20 > X,2,2022-12-05,,X,,False,-121.705083,36.767246,-151988.6,-137486.4
2700844,False,B,Monterey,7.180969094546509,7.180997816844963,S,T20,T20 > X,2,2022-11-19,,X,,False,-121.69601,36.796953,-151121.0,-134199.5
2700836,True,A,Monterey,1.5123618912532593,1.5123679393120164,S,T20,T20,2,,,,,False,-121.692978,36.770066,-150904.1,-137192.3
2725563,True,A,Monterey,20.76176065433671,20.761843754749467,S,T20,T20,2,,,,,False,-121.736425,36.680701,-154958.3,-147053.0
2700765,True,A,Monterey,17.105498913033156,17.1055672986777,S,T20,T20,2,,,,,False,-121.740908,36.727865,-155262.1,-141804.6
2700722,True,A,Monterey,1.2402487975082424,1.2402537601189498,S,T20,T20,2,,,,,False,-121.733112,36.848174,-154322.4,-128447.6
2700683,True,A,Monterey,28.509437595563735,28.509551666220133,S,T20,T20,2,,,,,False,-121.763633,36.840064,-157056.6,-129298.7
2700680,True,A,Monterey,20.92762444651693,20.927708148732663,S,T20,T20,2,,,,,False,-121.73884,36.680645,-155173.9,-147055.3
2723977,True,A,Monterey,5.113914081958959,5.113934534319219,S,T20,T20,2,,,,,False,-121.703781,36.77825,-151850.6,-136265.5
2700664,False,B,Monterey,2.3733962632784085,2.3734057534816357,S,T20,T20 > X,2,2023-02-23,,X,,False,-121.703788,36.764793,-151878.1,-137760.9
2700648,True,A,Monterey,12.601023339018536,12.601073729819841,S,T20,T20,2,,,,,False,-121.751271,36.697266,-156249.0,-145187.9
2700635,True,A,Monterey,13.522841832291332,13.522895907179096,S,T20,T20,2,,,,,False,-121.676197,36.74812,-149451.7,-139657.6
2700603,False,B,Monterey,16.55390391939642,16.553970135032355,D,T4,T20 > T4,1,2023-03-03,,T4,2023-06-08,False,-121.693456,36.762008,-150962.8,-138087.0
2716358,True,A,Monterey,19.692453985755996,19.692532719867074,S,T20,T20,2,,,,,False,-121.7033,36.772768,-151818.8,-136875.5
2716359,False,B,Monterey,61.31083124634106,61.31107618091702,T,T30,T20 > T30 > T30,1,2022-10-18,,T30,2023-05-14,False,-121.687851,36.641181,-150702.2,-151522.9
2700559,False,B,Monterey,0.6743621534278925,0.6743648504260505,S,T20,T20 > X,2,2022-11-12,,X,,False,-121.72372,36.871593,-153438.9,-125860.2
2700556,True,A,Monterey,25.605224126382016,25.60532658409939,S,T20,T20,2,,,,,False,-121.749168,36.684329,-156087.9,-146629.0
2700521,True,A,Monterey,11.088618070583367,11.088662507445031,S,T20,T20,2,,,,,False,-121.778257,36.697671,-158655.6,-145098.0
2700501,True,A,Monterey,6.930083889658118,6.9301116051783325,S,T20,T20,2,,,,,False,-121.718495,36.727328,-153264.5,-141900.7
2717238,False,B,Monterey,4.914225288594461,4.914244942787293,S,T20,T20 > X,2,2023-01-22,,X,,False,-121.677653,36.859657,-149362.1,-127260.3
2700478,True,A,Monterey,6.652752771130407,6.652779394355144,S,T20,T20,2,,,,,False,-121.725301,36.867795,-153587.3,-126279.7
2700468,True,A,Monterey,10.512393664169087,10.51243567395739,S,T20,T20,2,,,,,False,-121.702872,36.759839,-151806.4,-138313.0
2700454,True,A,Monterey,27.339691298855005,27.339800633543454,S,T20,T20,2,,,,,False,-121.722633,36.648784,-153792.1,-150622.2
2700430,False,B,Monterey,6.618727881485799,6.618754363353938,S,T20,T20 > X,2,2023-01-22,,X,,False,-121.676756,36.858749,-149284.1,-127362.6
2722266,True,A,Monterey,4.990203458662356,4.990223413647383,S,T20,T20,2,,,,,False,-121.707398,36.879374,-151970.6,-125021.8
2722267,False,B,Monterey,4.147921801497302,4.147938396462795,D,T4,T20 > T4,1,2022-10-19,,T4,2023-05-14,False,-121.67586,36.685746,-149544.2,-146589.6
2700372,True,A,Monterey,11.290975287092968,11.291020431311274,S,T20,T20,2,,,,,False,-121.730762,36.674189,-154466.2,-147785.9
2700351,True,A,Monterey,15.04778188454245,15.047842080263909,S,T20,T20,2,,,,,False,-121.680248,36.746858,-149815.3,-139791.5
2725568,True,A,Monterey,17.668111170254637,17.668182085322083,S,T20,T20,2,,,,,False,-121.670712,36.742962,-148972.8,-140239.4
2722268,False,B,Monterey,16.76802860911541,16.76809566475832,S,T20,T20 > X,2,2023-01-31,,X,,False,-121.69454,36.775536,-151032.5,-136581.9
2700319,True,A,Monterey,2.304293563634888,2.304302777991088,S,T20,T20,2,,,,,False,-121.718406,36.879436,-152950.1,-124997.2
2700309,False,B,Monterey,1.5845598169218353,1.5845661573304932,D,G6,T20 > G6,1,2022-10-27,,G6,2023-03-10,False,-121.780388,36.84305,-158542.3,-128939.0
2700297,False,B,Monterey,2.0568987471845883,2.0569069735798187,D,G6,T20 > G6,1,2022-10-27,,G6,2023-03-10,False,-121.781026,36.844471,-158596.1,-128780.0
2700296,True,A,Monterey,3.444035111548968,3.4440488787533927,S,T20,T20,2,,,,,False,-121.691922,36.856348,-150638.9,-127605.5
2700270,True,A,Monterey,9.97270305707759,9.972742984245604,S,T20,T20,2,,,,,False,-121.69782,36.763375,-151349.0,-137928.1
2700267,True,A,Monterey,2.1785673554509906,2.178576068581942,S,T20,T20,2,,,,,False,-121.659599,36.85247,-147768.9,-128087.3
2700264,True,A,Monterey,7.767405610870673,7.767436648874711,S,T20,T20,2,,,,,False,-121.73689,36.685191,-154990.6,-146553.3
2700251,True,A,Monterey,46.45103575512607,46.451221602310646,S,T20,T20,2,,,,,False,-121.730361,36.891824,-153988.9,-123601.2
2700210,False,B,Monterey,15.785149040303466,15.785212159067964,T,T30,T20 > T18 > T30,1,2022-10-19,,T18,2023-04-19,False,-121.781546,36.738053,-158864.6,-140605.1
2700190,True,A,Monterey,19.532174962193796,19.532253042634927,S,T20,T20,2,,,,,False,-121.709158,36.776929,-152332.4,-136403.8
2725572,True,A,Monterey,26.08166884557892,26.08177318315074,S,T20,T20,2,,,,,False,-121.708008,36.696422,-152391.2,-145352.1
2700136,True,A,Monterey,12.120498293552501,12.120546758444164,S,T20,T20,2,,,,,False,-121.673961,36.751689,-149245.3,-139264.6
2700129,True,A,Monterey,20.850581587811384,20.850665000063906,S,T20,T20,2,,,,,False,-121.704628,36.694271,-152093.9,-145596.5
2700128,False,B,Monterey,11.07135571759587,11.071399995199034,D,T30,T20 > T30,1,2022-10-11,,T30,2023-09-04,False,-121.740718,36.687289,-155327.9,-146313.8
2700111,True,A,Monterey,1.6324552883701942,1.6324618187292375,S,T20,T20,2,,,,,False,-121.717792,36.879319,-152895.7,-125011.2
2722272,False,B,Monterey,22.383714396588385,22.383803880547735,S,T20,T20 > X,2,2023-01-07,,X,,False,-121.724748,36.873001,-153527.5,-125702.1
2700090,False,B,Monterey,1.21911731025537,1.2191221865784208,S,T20,T20 > X,2,2023-02-23,,X,,False,-121.703901,36.863352,-151691.3,-126808.0
2723981,True,A,Monterey,26.265407029547383,26.265512128848293,S,T20,T20,2,,,,,False,-121.710905,36.766962,-152508.1,-137508.5
2700039,True,A,Monterey,8.638795926629024,8.638830479866831,S,T20,T20,2,,,,,False,-121.73524,36.790261,-154629.7,-134879.9
2700030,True,A,Monterey,1.546631155687942,1.5466373437739056,S,T20,T20,2,,,,,False,-121.674817,36.847337,-149133.8,-128633.8
2723982,True,A,Monterey,11.618142175238253,11.61818866043864,S,T20,T20,2,,,,,False,-121.660855,36.725333,-148128.3,-142214.0
2700022,False,B,Monterey,2.9266612262925187,2.926672943796151,D,T18,T20 > T18,1,2022-11-04,,T18,2023-07-25,False,-121.694919,36.84845,-150921.4,-128478.4
2700016,True,A,Monterey,15.374217770397888,15.374279246444651,S,T20,T20,2,,,,,False,-121.67968,36.748744,-149760.9,-139582.8
2722273,False,B,Monterey,42.00962907255221,42.00979716941371,T,T30,T20 > T30 > T30,1,2022-11-04,,T30,2023-04-20,False,-121.759979,36.836536,-156738.5,-129696.8
2715771,False,B,Monterey,12.328434525176917,12.328483832202554,D,T30,T20 > T30,1,2022-10-11,,T30,2023-08-19,False,-121.742789,36.68734,-155512.6,-146304.8
2715753,True,A,Monterey,1.651956323083395,1.6519629252446335,S,T20,T20,2,,,,,False,-121.715672,36.805095,-152856.3,-133263.2
2716388,True,A,Monterey,6.281701883335282,6.281726982622493,S,T20,T20,2,,,,,False,-121.70086,36.735878,-151674.8,-140978.9
2715739,False,B,Monterey,1.2055384606043908,1.2055432806934174,S,T20,T20 > X,2,2022-10-26,,X,,False,-121.786235,36.856575,-159034.5,-127426.2
2715728,False,B,Monterey,15.296456959154796,15.296518136562506,D,T30,T20 > T30,1,2022-11-11,,T30,2023-06-23,False,-121.715522,36.684119,-153086.2,-146707.1
2715710,True,A,Monterey,6.547749650016301,6.547776437968065,S,T20,T20,2,,,,,False,-121.723668,36.908257,-153360.2,-121785.8
2722277,True,A,Monterey,18.010306233496216,18.010378273037553,S,T20,T20,2,,,,,False,-121.700515,36.7375,-151640.8,-140799.2
2717257,True,A,Monterey,17.0539367803025,17.054005004818453,S,T20,T20,2,,,,,False,-121.790854,36.827447,-159506.9,-130655.3
2715693,True,A,Monterey,4.025619861903629,4.025635947220642,S,T20,T20,2,,,,,False,-121.782252,36.840989,-158712.5,-129164.9
2715659,False,B,Monterey,6.506560513191913,6.506586542958821,T,T30,T20 > T4 > T30,1,2022-10-18,,T4,2023-05-31,False,-121.710912,36.692283,-152658.5,-145807.3
2715637,False,B,Monterey,14.640584136105167,14.640642699792943,T,T4,T20 > T30 > T4,1,2022-10-03,,T30,2023-05-22,False,-121.736224,36.691902,-154917.6,-145808.6
2715622,False,B,Monterey,1.3748116362162817,1.3748171355368262,D,G6,T20 > G6,1,2022-11-04,,G6,2023-03-20,False,-121.69593,36.814235,-151079.4,-132279.1
2715590,False,B,Monterey,5.69202004525746,5.692042810702901,S,T20,T20 > X,2,2023-01-06,,X,,False,-121.716305,36.775307,-152972.6,-136572.4
2715585,True,A,Monterey,2.3576024521557595,2.357611886308803,S,T20,T20,2,,,,,False,-121.719068,36.879706,-153008.5,-124966.1
2723986,True,A,Monterey,26.30782314415272,26.307928414491172,S,T20,T20,2,,,,,False,-121.793434,36.876083,-159634.4,-125246.2
2715571,True,A,Monterey,13.406345324770161,13.406398964814287,S,T20,T20,2,,,,,False,-121.692499,36.77066,-150860.3,-137127.0
2715566,False,B,Monterey,1.930916490515955,1.9309242133837532,S,T20,T20 > X,2,2023-02-23,,X,,False,-121.667983,36.767573,-148681.3,-137508.8
2715564,True,A,Monterey,10.161838365094669,10.161879076201272,S,T20,T20,2,,,,,False,-121.797098,36.838915,-160038.8,-129370.4
2717261,True,A,Monterey,7.983079725251736,7.983111653029094,S,T20,T20,2,,,,,False,-121.672905,36.887746,-148884.3,-124146.2
2725578,True,A,Monterey,40.28834669989179,40.28850785451541,S,T20,T20,2,,,,,False,-121.685596,36.671992,-150440.0,-148102.7
2715507,True,A,Monterey,1.9706154427810334,1.970623322353666,S,T20,T20,2,,,,,False,-121.679947,36.853771,-149577.9,-127910.7
2723988,True,A,Monterey,31.200516748411093,31.200641607192104,S,T20,T20,2,,,,,False,-121.653353,36.88909,-147141.9,-124027.2
2715469,True,A,Monterey,9.419266993760493,9.419304666826362,S,T20,T20,2,,,,,False,-121.667778,36.88796,-148427.7,-124130.4
2715458,True,A,Monterey,2.3509006187874313,2.350910020070538,S,T20,T20,2,,,,,False,-121.673968,36.867565,-149018.5,-126387.2
2715441,True,A,Monterey,35.453249801418956,35.45339155697403,S,T20,T20,2,,,,,False,-121.786625,36.825298,-159134.8,-130901.3
2715440,True,A,Monterey,1.1963909816014635,1.196395766866421,S,T20,T20,2,,,,,False,-121.71006,36.877985,-152210.2,-125171.9
2723989,True,A,Monterey,1.336719921635225,1.336725266901586,S,T20,T20,2,,,,,False,-121.692508,36.857765,-150688.2,-127447.0
2715431,True,A,Monterey,2.028853915622384,2.028862031440219,S,T20,T20,2,,,,,False,-121.717478,36.875594,-152875.3,-125425.7
2715422,True,A,Monterey,16.311144256134334,16.311209639324854,S,T20,T20,2,,,,,False,-121.713503,36.773511,-152726.5,-136776.6
2715419,True,A,Monterey,14.600570541420463,14.600628960037302,S,T20,T20,2,,,,,False,-121.671231,36.750603,-149004.1,-139389.6
2715395,True,A,Monterey,16.66986797554874,16.669934628626265,S,T20,T20,2,,,,,False,-121.69789,36.687231,-151506.8,-146389.6
2715390,False,B,Monterey,11.684866798305194,11.68491356992967,T,T30,T20 > T30 > T30,1,2022-10-18,,T30,2023-05-15,False,-121.729192,36.680075,-154314.1,-147134.3
2723990,True,A,Monterey,20.504966017043127,20.505048042633398,S,T20,T20,2,,,,,False,-121.671523,36.764922,-149002.1,-137797.8
2715367,False,B,Monterey,3.672412332994518,3.672427022280082,S,T20,T20 > X,2,2022-10-27,,X,,False,-121.664391,36.911991,-148079.4,-121465.0
2722287,True,A,Monterey,17.405579967794196,17.405649593190784,S,T20,T20,2,,,,,False,-121.69505,36.768337,-151092.3,-137381.1
2715341,True,A,Monterey,1.6703979691727997,1.6704046071284018,S,T20,T20,2,,,,,False,-121.720257,36.815831,-153243.2,-132062.7
2715333,True,A,Monterey,3.6949687961301962,3.694983557245204,S,T20,T20,2,,,,,False,-121.708142,36.870039,-152055.4,-126058.0
2715317,True,A,Monterey,1.0559093923608593,1.055913604340639,S,T20,T20,2,,,,,False,-121.703001,36.864322,-151609.3,-126701.6
2715295,True,A,Monterey,14.798281789703353,14.798340999187575,S,T20,T20,2,,,,,False,-121.763955,36.858566,-157047.0,-127242.1
2723991,False,B,Monterey,1.4224619808676746,1.422467669958083,D,T4,T20 > T4,1,2022-12-05,,T4,2023-07-10,False,-121.705277,36.86456,-151811.4,-126671.5
2715284,True,A,Monterey,1.5423334378708413,1.5423396068373845,S,T20,T20,2,,,,,False,-121.6629,36.858764,-148050.5,-127382.6
2715225,True,A,Monterey,17.32807612633386,17.328145539151127,S,T20,T20,2,,,,,False,-121.769436,36.845634,-157561.7,-128670.1
2723992,False,B,Monterey,31.984060180656325,31.98418810257375,T,T30,T20 > T30 > T30,1,2022-10-19,,T30,2023-07-02,False,-121.758632,36.751887,-156793.1,-139105.9
2716418,True,A,Monterey,12.232428710263912,12.232477624016772,S,T20,T20,2,,,,,False,-121.746309,36.695086,-155810.8,-145438.3
2716420,False,B,Monterey,6.516440034242822,6.516466107660652,S,T20,T20 > X,2,2022-11-03,,X,,False,-121.668683,36.730126,-148817.0,-141669.1
2717273,True,A,Monterey,23.62724344954196,23.627337878156567,S,T20,T20,2,,,,,False,-121.765719,36.862075,-157196.8,-126849.2
2715162,False,B,Monterey,9.382511946604417,9.38254948135305,T,T18,T20 > G6 > T18,1,2022-11-10,,G6,2023-03-20,False,-121.792009,36.838946,-159585.6,-129375.6
2715157,True,A,Monterey,1.128810569789318,1.1288150839499125,S,T20,T20,2,,,,,False,-121.715118,36.878962,-152658.5,-125055.1
2715155,True,A,Monterey,37.923009187220025,37.923160832678434,S,T20,T20,2,,,,,False,-121.775058,36.704419,-158356.1,-144353.5
2715150,True,A,Monterey,0.9219144402891626,0.9219181249991548,S,T20,T20,2,,,,,False,-121.782077,36.840089,-158698.9,-129265.2
2722289,True,A,Monterey,3.286768745187727,3.286781890049341,S,T20,T20,2,,,,,False,-121.705289,36.879027,-151783.6,-125063.8
2715127,True,A,Monterey,4.261925090956636,4.261942128037055,S,T20,T20,2,,,,,False,-121.735853,36.846475,-154569.9,-128631.9
2715111,False,B,Monterey,28.403918170117745,28.404031881019893,D,G6,T20 > G6,1,2022-11-03,,G6,2023-03-11,False,-121.695103,36.759042,-151115.4,-138413.9
2715110,True,A,Monterey,1.92709714877272,1.9271048531533586,S,T20,T20,2,,,,,False,-121.71137,36.876773,-152329.3,-125304.5
2715106,True,A,Monterey,12.104318368935152,12.10436677959129,S,T20,T20,2,,,,,False,-121.699046,36.770951,-151443.2,-137084.2
2723993,True,A,Monterey,27.66225060665386,27.662361242294203,S,T20,T20,2,,,,,False,-121.697111,36.767843,-151277.0,-137432.8
2715086,True,A,Monterey,0.6971699263532076,0.6971727124127579,S,T20,T20,2,,,,,False,-121.667902,36.768357,-148672.6,-137421.8
2715075,False,B,Monterey,17.262194445006045,17.26226360714519,T,T30,T20 > G6 > T30,1,2022-10-11,,G6,2023-03-20,False,-121.750454,36.68707,-156197.0,-146322.2
2715063,True,A,Monterey,11.831920938256225,11.831968220864384,S,T20,T20,2,,,,,False,-121.775781,36.837086,-158144.5,-129609.5
2715049,True,A,Monterey,10.72954535422983,10.72958825430509,S,T20,T20,2,,,,,False,-121.706531,36.760519,-152131.2,-138231.5
2725587,True,A,Monterey,19.957496644504648,19.95757646509539,S,T20,T20,2,,,,,False,-121.730939,36.705609,-154418.2,-144294.0
2715026,True,A,Monterey,4.120199261415109,4.120215744009397,S,T20,T20,2,,,,,False,-121.703012,36.870076,-151598.7,-126062.1
2715023,True,A,Monterey,4.316076643736701,4.316093920216058,S,T20,T20,2,,,,,False,-121.683211,36.881817,-149813.2,-124788.8
2715012,True,A,Monterey,10.27948966711602,10.279530798311237,S,T20,T20,2,,,,,False,-121.780864,36.692563,-158898.7,-145661.3
2715005,True,A,Monterey,0.8562643978780619,0.8562678261238873,S,T20,T20,2,,,,,False,-121.737053,36.847532,-154674.6,-128512.5
2714997,False,B,Monterey,8.73576633391172,8.735801270805162,D,T4,T20 > T4,1,2022-10-19,,T4,2023-07-24,False,-121.780192,36.724413,-158772.3,-142123.1
2714946,False,B,Monterey,2.380477708329997,2.3804872293609334,D,G6,T20 > G6,1,2022-11-03,,G6,2023-04-20,False,-121.69965,36.762019,-151514.8,-138075.9
2714926,True,A,Monterey,8.722394796754497,8.72242966508884,S,T20,T20,2,,,,,False,-121.709248,36.799187,-152295.9,-133930.0
2714906,True,A,Monterey,0.6456307423089156,0.6456333255864712,S,T20,T20,2,,,,,False,-121.684913,36.850301,-150026.9,-128288.5
2714899,True,A,Monterey,14.559166201139705,14.559224426038618,S,T20,T20,2,,,,,False,-121.694923,36.763043,-151091.4,-137969.7
2714887,True,A,Monterey,25.503117834073976,25.50321984609254,S,T20,T20,2,,,,,False,-121.746029,36.684484,-155807.5,-146616.9
2723995,True,A,Monterey,1.9298597154896304,1.9298674308679074,S,T20,T20,2,,,,,False,-121.704002,36.783964,-151858.9,-135630.2
2714865,True,A,Monterey,12.413247868599179,12.413297520620649,S,T20,T20,2,,,,,False,-121.763252,36.741897,-157225.5,-140208.5
2714864,True,A,Monterey,2.661946690152036,2.6619573354044967,S,T20,T20,2,,,,,False,-121.67507,36.847785,-149155.5,-128583.7
2714862,True,A,Monterey,36.08067955263768,36.08082369647468,S,T20,T20,2,,,,,False,-121.780216,36.870735,-158469.1,-125862.6
2725588,False,B,Monterey,32.104157298429925,32.104285686286474,D,T4,T20 > T4,1,2022-12-13,,T4,2023-09-28,False,-121.718646,36.728681,-153275.2,-141750.1
2714764,True,A,Monterey,8.563455788873819,8.563490027208697,S,T20,T20,2,,,,,False,-121.724139,36.869199,-153481.1,-126125.6
2714743,True,A,Monterey,0.8794633118257403,0.8794668285414302,S,T20,T20,2,,,,,False,-121.72834,36.886724,-153819.5,-124171.2
2725589,True,A,Monterey,27.0354238863502,27.035531967030277,S,T20,T20,2,,,,,False,-121.789084,36.877622,-159244.0,-125082.4
2714726,False,B,Monterey,1.7250068311373632,1.7250137391539417,S,T20,T20 > X,2,2023-03-04,,X,,False,-121.67821,36.857738,-149415.5,-127472.7
2714720,True,A,Monterey,4.390474287473329,4.390491858882668,S,T20,T20,2,,,,,False,-121.754153,36.692504,-156515.9,-145712.3
2714709,True,A,Monterey,7.236498727493718,7.236527660597625,S,T20,T20,2,,,,,False,-121.707593,36.765074,-152216.7,-137723.7
2714692,False,B,Monterey,3.3235519161563896,3.323565214997121,S,T20,T20 > X,2,2023-02-08,,X,,False,-121.709297,36.875896,-152146.5,-125405.2
2714679,True,A,Monterey,14.137124535075813,14.137181127400734,S,T20,T20,2,,,,,False,-121.721277,36.654515,-153659.5,-149987.5
2714677,False,B,Monterey,1.3702673018633538,1.3702727574750269,S,T20,T20 > X,2,2023-02-07,,X,,False,-121.711474,36.875616,-152340.8,-125432.8
2714648,True,A,Monterey,1.209871674266297,1.2098765125814184,S,T20,T20,2,,,,,False,-121.680041,36.854243,-149585.4,-127858.2
2723997,True,A,Monterey,17.953291971443115,17.95336364277664,S,T20,T20,2,,,,,False,-121.785826,36.843736,-159025.0,-128853.6
2714625,True,A,Monterey,2.980292727359026,2.98030464571203,S,T20,T20,2,,,,,False,-121.726409,36.868032,-153685.5,-126251.6
2717288,False,B,Monterey,13.106190823257517,13.106243255980633,D,T18,T20 > T18,1,2022-10-18,,T18,2023-09-28,False,-121.753768,36.737986,-156388.0,-140658.7
2722301,False,B,Monterey,11.357836339730854,11.357881765340577,D,T30,T20 > T30,1,2022-10-25,,T30,2023-06-14,False,-121.79045,36.822952,-159480.4,-131155.5
2714567,True,A,Monterey,4.4158504514370165,4.415868127218935,S,T20,T20,2,,,,,False,-121.691029,36.858202,-150555.7,-127400.8
2714566,True,A,Monterey,1.7414057444598015,1.7414127083435336,S,T20,T20,2,,,,,False,-121.77874,36.863144,-158353.6,-126708.7
2714503,True,A,Monterey,1.9976531847639458,1.9976611738999746,S,T20,T20,2,,,,,False,-121.70398,36.875112,-151674.9,-125501.0
2714500,True,A,Monterey,3.7269160189747703,3.7269309216057915,S,T20,T20,2,,,,,False,-121.708987,36.864487,-152141.8,-126673.6
2714484,True,A,Monterey,9.987277287620966,9.987317223365688,S,T20,T20,2,,,,,False,-121.752901,36.712696,-156362.7,-143470.6
2723998,False,B,Monterey,31.87236832254422,31.872495777827893,D,T30,T20 > T30,1,2022-11-11,,T30,2023-07-10,False,-121.744118,36.698888,-155607.5,-145019.4
2717291,False,B,Monterey,18.152323751021527,18.152396331098792,D,T4,T20 > T4,1,2022-10-18,,T4,2023-09-28,False,-121.716598,36.648684,-153253.5,-150643.1
2714473,True,A,Monterey,1.595897270517689,1.5959036594300837,S,T20,T20,2,,,,,False,-121.661582,36.856347,-147937.9,-127653.3
2714465,False,B,Monterey,3.64318680773637,3.6432013770857474,S,T20,T20 > X,2,2022-10-27,,X,,False,-121.668902,36.909134,-148486.3,-121775.5
2725591,True,A,Monterey,32.54794475221489,32.548074984271,S,T20,T20,2,,,,,False,-121.744182,36.70732,-155596.0,-144082.2
2714442,True,A,Monterey,5.06306467336807,5.063084922666339,S,T20,T20,2,,,,,False,-121.784484,36.841538,-158910.1,-129100.1
2723649,False,B,Monterey,3.594353271665204,3.5943676458267624,S,T20,T20 > X,2,2022-10-27,,X,,False,-121.707995,36.774272,-152234.1,-136700.9
2717293,True,A,Monterey,17.0674294039297,17.067497690780723,S,T20,T20,2,,,,,False,-121.675851,36.763082,-149391.4,-137995.5
2714411,True,A,Monterey,2.5154154191457447,2.515425480477788,S,T20,T20,2,,,,,False,-121.703489,36.874482,-151632.4,-125571.7
2716467,False,B,Monterey,28.890467330603848,28.890583151380785,T,T4,T20 > T4 > T4,1,2022-10-19,,T4,2023-04-12,False,-121.72576,36.892861,-153577.5,-123493.4
2714388,True,A,Monterey,5.210174924131218,5.210195763510067,S,T20,T20,2,,,,,False,-121.710941,36.785017,-152475.1,-135502.0
2714378,True,A,Monterey,2.5266392273195457,2.5266493342086997,S,T20,T20,2,,,,,False,-121.704966,36.874706,-151763.5,-125544.5
2724000,True,A,Monterey,61.555669343968695,61.555915634451196,S,T20,T20,2,,,,,False,-121.708743,36.787469,-152274.4,-135233.0
2722305,True,A,Monterey,8.390280727125779,8.390314279515874,S,T20,T20,2,,,,,False,-121.696991,36.847711,-151107.3,-128557.2
2718539,True,A,Monterey,2.1571539588136845,2.157162590693392,S,T20,T20,2,,,,,False,-121.7276,36.885486,-153756.1,-124310.0
2724001,False,B,Monterey,26.91651115830477,26.916618867608914,T,T4,T20 > G6 > T4,1,2022-11-04,,G6,2023-03-12,False,-121.791661,36.833662,-159565.7,-129963.3
2716471,False,B,Monterey,29.580824365863457,29.580942703662977,D,T4,T20 > T4,1,2022-10-27,,T4,2023-07-24,False,-121.781385,36.789793,-158742.2,-134855.7
2714284,True,A,Monterey,1.5299101885359372,1.529916306740341,S,T20,T20,2,,,,,False,-121.708654,36.865684,-152109.8,-126541.1
2714265,True,A,Monterey,11.177793173945235,11.177837883080917,S,T20,T20,2,,,,,False,-121.792478,36.829729,-159646.7,-130399.1
2716479,False,B,Monterey,18.602222020204863,18.60229641213155,T,T30,T20 > T30 > T30,1,2022-10-10,,T30,2023-07-01,False,-121.717621,36.646479,-153349.3,-150886.4
2714252,True,A,Monterey,17.086061985570968,17.086130321089726,S,T20,T20,2,,,,,False,-121.750589,36.746208,-156087.7,-139750.3
2714247,False,B,Monterey,0.8380884543837317,0.8380918070495803,D,G6,T20 > G6,1,2022-10-26,,G6,2023-03-10,False,-121.78038,36.845164,-158537.1,-128704.1
2714245,True,A,Monterey,1.074316731524941,1.0743210289326168,S,T20,T20,2,,,,,False,-121.717871,36.860567,-152940.5,-127095.0
2714235,True,A,Monterey,14.014779633188674,14.01483567860033,S,T20,T20,2,,,,,False,-121.71548,36.77309,-152903.6,-136820.2
2714223,False,B,Monterey,1.0858023079095673,1.08580664894675,S,T20,T20 > X,2,2022-11-27,,X,,False,-121.687314,36.782099,-150375.6,-135864.0
2714220,True,A,Monterey,39.869765806687894,39.86992523546594,S,T20,T20,2,,,,,False,-121.777938,36.828766,-158353.9,-130530.5
2714197,True,A,Monterey,24.024105036079476,24.024201201625708,S,T20,T20,2,,,,,False,-121.778814,36.694085,-158712.7,-145495.6
2714154,True,A,Monterey,20.931529335550948,20.931613076334113,S,T20,T20,2,,,,,False,-121.69825,36.778031,-151358.1,-136298.7
2714138,True,A,Monterey,22.43537802299509,22.435467750708973,S,T20,T20,2,,,,,False,-121.716978,36.769912,-153043.4,-137170.9
2714136,False,B,Monterey,3.770077643401466,3.770092721779874,S,T20,T20 > X,2,2023-01-30,,X,,False,-121.794667,36.864636,-159768.2,-126516.2
2714135,True,A,Monterey,5.0555964357180745,5.055616647228084,S,T20,T20,2,,,,,False,-121.792029,36.824995,-159616.7,-130925.9
2714134,True,A,Monterey,2.4099274504321557,2.4099370834254636,S,T20,T20,2,,,,,False,-121.689671,36.856946,-150437.3,-127542.5
2714112,True,A,Monterey,2.842593195332075,2.8426045530225204,S,T20,T20,2,,,,,False,-121.715372,36.80313,-152833.6,-133482.0
2714091,False,B,Monterey,11.11195955012911,11.112003992043906,T,T30,T20 > G6 > T30,1,2022-10-03,,G6,2023-03-11,False,-121.742795,36.68965,-155508.4,-146048.1
2714081,True,A,Monterey,1.3163717917889601,1.316377048474698,S,T20,T20,2,,,,,False,-121.724152,36.852672,-153515.5,-127962.2
2714066,True,A,Monterey,5.216390395581523,5.2164112540839636,S,T20,T20,2,,,,,False,-121.78954,36.824947,-159395.1,-130935.4
2716489,True,A,Monterey,28.730370850068727,28.730485717589133,S,T20,T20,2,,,,,False,-121.705943,36.915364,-151769.1,-121024.5
2722310,False,B,Monterey,21.66389080738136,21.663977459994456,S,T20,T20 > X,2,2022-10-26,,X,,False,-121.692547,36.784482,-150837.2,-135591.0
2714050,True,A,Monterey,6.844252974853038,6.844280332890878,S,T20,T20,2,,,,,False,-121.725413,36.869923,-153593.0,-126043.0
2714040,True,A,Monterey,7.75603473567838,7.7560657552449195,S,T20,T20,2,,,,,False,-121.695488,36.744832,-151178.0,-139992.5
2714035,False,B,Monterey,3.5425973333281786,3.5426115038169117,S,T20,T20 > X,2,2022-10-27,,X,,False,-121.663583,36.912315,-148006.9,-121430.3
2714017,False,B,Monterey,28.023549337456373,28.0236614596553,T,T4,T20 > T30 > T4,1,2022-10-03,,T30,2023-07-01,False,-121.731456,36.681472,-154513.4,-146975.4
2714010,True,A,Monterey,4.559422291844676,4.559440515384779,S,T20,T20,2,,,,,False,-121.791249,36.825011,-159547.1,-130925.4
2713971,True,A,Monterey,10.826309211343908,10.826352490599255,S,T20,T20,2,,,,,False,-121.670657,36.766956,-148920.8,-137573.2
2716494,False,B,Monterey,24.63789837873998,24.637996915782153,D,T30,T20 > T30,1,2022-12-21,,T30,2023-08-26,False,-121.678641,36.654991,-149852.8,-150002.9
2724003,False,B,Monterey,31.92083854039175,31.9209664604339,S,T20,T20 > X,2,2022-11-27,,X,,False,-121.674496,36.772453,-149252.2,-136956.2
2716496,False,B,Monterey,11.460633618116729,11.460679442393676,D,T30,T20 > T30,1,2022-11-11,,T30,2023-07-26,False,-121.729219,36.738041,-154199.1,-140692.8
2713942,True,A,Monterey,14.428588513338008,14.428646213432593,S,T20,T20,2,,,,,False,-121.752191,36.748829,-156225.1,-139456.4
2713915,True,A,Monterey,1.6504422673494323,1.650448886352539,S,T20,T20,2,,,,,False,-121.674918,36.867487,-149103.2,-126394.4
2713883,False,B,Monterey,15.049179544153914,15.049239734599835,D,T30,T20 > T30,1,2022-10-03,,T30,2023-08-02,False,-121.738628,36.691922,-155132.0,-145802.5
2713867,True,A,Monterey,2.674332911931871,2.6743436199091697,S,T20,T20,2,,,,,False,-121.715269,36.878298,-152673.3,-125128.7
2713864,True,A,Monterey,3.492858007620439,3.492871966726954,S,T20,T20,2,,,,,False,-121.672348,36.847452,-148913.7,-128624.9
2713852,True,A,Monterey,55.24526888696137,55.24548977730168,S,T20,T20,2,,,,,False,-121.727704,36.730983,-154078.3,-141479.6
2724007,True,A,Monterey,4.362952412438688,4.362969856990286,S,T20,T20,2,,,,,False,-121.71759,36.804173,-153029.1,-133362.5
2713835,True,A,Monterey,0.9227841120841578,0.9227878033465499,S,T20,T20,2,,,,,False,-121.787301,36.841964,-159160.1,-129048.1
2724008,True,A,Monterey,9.77693897180986,9.776978080746378,S,T20,T20,2,,,,,False,-121.787972,36.843272,-159217.0,-128901.6
2713815,True,A,Monterey,12.351429757857115,12.351479173160936,S,T20,T20,2,,,,,False,-121.773663,36.702679,-158235.3,-144549.2
2713808,False,B,Monterey,30.390636148422026,30.390757732159784,T,T30,T20 > G6 > T30,1,2022-10-17,,G6,2023-03-28,False,-121.783055,36.735439,-159004.7,-140893.0
2713805,True,A,Monterey,1.7384242414803528,1.7384311939049906,S,T20,T20,2,,,,,False,-121.696885,36.813754,-151165.5,-132331.0
2713797,False,B,Monterey,7.130118757988656,7.13014727460759,S,T20,T20 > X,2,2022-11-20,,X,,False,-121.699244,36.729308,-151543.8,-141711.6
2713777,True,A,Monterey,3.066452357450156,3.066464612838077,S,T20,T20,2,,,,,False,-121.675366,36.848369,-149180.7,-128518.3
2713773,True,A,Monterey,1.7560348753909045,1.756041901451578,S,T20,T20,2,,,,,False,-121.662321,36.858775,-147998.9,-127382.3
2713753,True,A,Monterey,14.4401720866976,14.440229838403887,S,T20,T20,2,,,,,False,-121.785471,36.834818,-159012.1,-129845.3
2713738,False,B,Monterey,0.7309577888467802,0.7309607123050357,D,G6,T20 > G6,1,2022-10-27,,G6,2023-03-10,False,-121.783273,36.842578,-158800.1,-128986.6
2713734,True,A,Monterey,3.544804814621435,3.5448189978487403,S,T20,T20,2,,,,,False,-121.708816,36.870095,-152115.4,-126050.7
2725599,True,A,Monterey,11.510821088622807,11.510867105176583,S,T20,T20,2,,,,,False,-121.711473,36.763572,-152565.6,-137884.3
2725600,True,A,Monterey,18.0893935020978,18.089465862023857,S,T20,T20,2,,,,,False,-121.738501,36.732147,-155038.7,-141332.6
2713688,True,A,Monterey,9.559376504384575,9.5594147236224,S,T20,T20,2,,,,,False,-121.694705,36.778296,-151041.7,-136275.0
2713677,True,A,Monterey,2.0880371670361284,2.0880455206610407,S,T20,T20,2,,,,,False,-121.779555,36.837214,-158480.3,-129588.9
2713673,True,A,Monterey,19.050123270979576,19.050199459648752,S,T20,T20,2,,,,,False,-121.790649,36.879508,-159379.3,-124870.2
2713667,True,A,Monterey,5.614215129213023,5.6142376026731835,S,T20,T20,2,,,,,False,-121.675545,36.889158,-149116.5,-123985.0
2716512,False,B,Monterey,23.820780317419455,23.820875604598907,D,T4,T20 > T4,1,2022-10-27,,T4,2023-08-03,False,-121.800815,36.84509,-160356.7,-128677.9
2713627,False,B,Monterey,7.1915685802515465,7.191597350922547,D,T4,T20 > T4,1,2022-10-26,,T4,2023-09-04,False,-121.729219,36.8897,-153891.6,-123839.0
2713584,False,B,Monterey,2.5386533310154444,2.538663489479456,D,G6,T20 > G6,1,2022-10-27,,G6,2023-03-12,False,-121.783442,36.844735,-158810.6,-128746.6
2713554,True,A,Monterey,1.5443258299934552,1.5443320260788598,S,T20,T20,2,,,,,False,-121.715771,36.877132,-152720.2,-125257.5
2713547,False,B,Monterey,3.891176474212694,3.8911920386910137,S,T20,T20 > X,2,2022-10-27,,X,,False,-121.668167,36.90951,-148420.2,-121734.9
2713545,True,A,Monterey,1.941503570501359,1.9415113348093305,S,T20,T20,2,,,,,False,-121.659913,36.853077,-147795.6,-128019.3
2713532,True,A,Monterey,5.489118821250783,5.489140786865495,S,T20,T20,2,,,,,False,-121.675844,36.765319,-149386.4,-137747.0
2722318,True,A,Monterey,18.97129221048544,18.971368108768672,S,T20,T20,2,,,,,False,-121.654124,36.911189,-147167.6,-121570.1
2722319,False,B,Monterey,11.20714503381809,11.20718985772817,S,T20,T20 > X,2,2022-11-20,,X,,False,-121.702178,36.729883,-151804.3,-141643.1
2713519,True,A,Monterey,4.400443210868064,4.400460818030188,S,T20,T20,2,,,,,False,-121.713117,36.863017,-152512.4,-126830.3
2725602,True,A,Monterey,30.045014243263473,30.045134386919006,S,T20,T20,2,,,,,False,-121.735744,36.713389,-154831.0,-143421.7
2713487,True,A,Monterey,3.8997069416821324,3.8997225419687642,S,T20,T20,2,,,,,False,-121.700879,36.870137,-151408.8,-126058.8
2713452,True,A,Monterey,1.2401923896817864,1.2401973493063354,S,T20,T20,2,,,,,False,-121.663528,36.858786,-148106.4,-127379.2
2713426,False,B,Monterey,1.1145947701558188,1.1145992270704599,S,T20,T20 > X,2,2023-01-23,,X,,False,-121.700437,36.864814,-151380.1,-126651.0
2713396,True,A,Monterey,1.3340025539585525,1.3340078907485309,S,T20,T20,2,,,,,False,-121.714572,36.879188,-152609.4,-125030.9
2713392,True,A,Monterey,4.229957424646846,4.229974353298959,S,T20,T20,2,,,,,False,-121.739424,36.845364,-154890.2,-128749.6
2716523,True,A,Monterey,19.70603473127825,19.706113551337335,S,T20,T20,2,,,,,False,-121.8039,36.848821,-160623.5,-128258.1
2713356,False,B,Monterey,11.932053845743994,11.932101563455962,T,T30,T20 > G6 > T30,1,2022-10-03,,G6,2023-03-11,False,-121.740814,36.691949,-155326.9,-145795.9
2713355,True,A,Monterey,12.290364299543285,12.290413489780954,S,T20,T20,2,,,,,False,-121.702406,36.775606,-151733.4,-136561.6
2713333,True,A,Monterey,20.847467786681296,20.84755119635494,S,T20,T20,2,,,,,False,-121.766298,36.846578,-157280.3,-128570.3
2722324,False,B,Monterey,3.605178811810781,3.605193229939722,D,T30,T20 > T30,1,2022-11-10,,T30,2023-06-14,False,-121.787927,36.823045,-159255.4,-131149.5
2713316,True,A,Monterey,14.661163709809486,14.661222352650654,S,T20,T20,2,,,,,False,-121.687982,36.677605,-150641.9,-147475.1
2722325,True,A,Monterey,15.07908908602355,15.079149398329356,S,T20,T20,2,,,,,False,-121.676907,36.75186,-149507.6,-139240.9
2722327,True,A,Monterey,5.0507948044934095,5.0508149494377,S,T20,T20,2,,,,,False,-121.786294,36.839318,-159075.9,-129343.8
2717320,True,A,Monterey,11.858142132629665,11.858189572229367,S,T20,T20,2,,,,,False,-121.740628,36.694451,-155305.2,-145518.1
2713248,True,A,Monterey,16.62860899967305,16.628675464256382,S,T20,T20,2,,,,,False,-121.689079,36.676318,-150742.3,-147616.4
2713236,True,A,Monterey,3.4247281012549875,3.424741800656572,S,T20,T20,2,,,,,False,-121.77788,36.83698,-158331.6,-129617.7
2713203,False,B,Monterey,4.016271092266185,4.016287159388298,S,T20,T20 > X,2,2022-10-27,,X,,False,-121.666768,36.910522,-148293.7,-121624.6
2713191,True,A,Monterey,2.295644956935474,2.29565413164355,S,T20,T20,2,,,,,False,-121.690443,36.857523,-150504.9,-127477.2
2713187,False,B,Monterey,22.133113643483625,22.133202152291748,D,T30,T20 > T30,1,2022-11-11,,T30,2023-07-25,False,-121.712869,36.680341,-152857.1,-147131.2
2713181,True,A,Monterey,1.8634545338978254,1.86346199117488,S,T20,T20,2,,,,,False,-121.660824,36.854911,-147873.2,-127814.0
2713177,False,B,Monterey,1.8838716428231592,1.8838791790566838,S,T20,T20 > X,2,2023-03-03,,X,,False,-121.701963,36.867192,-151511.1,-126384.3
2713154,True,A,Monterey,2.975232629484946,2.975244518077586,S,T20,T20,2,,,,,False,-121.737901,36.84598,-154753.2,-128683.5
2713143,False,B,Monterey,15.728716605825882,15.72877950922295,D,T4,T20 > T4,1,2022-12-14,,T4,2023-08-19,False,-121.723743,36.732762,-153721.5,-141288.3
2713135,True,A,Monterey,0.36607289961895595,0.36607436429883644,S,T20,T20,2,,,,,False,-121.703679,36.865213,-151667.8,-126601.5
2713124,True,A,Monterey,0.8522057010149132,0.8522091095513542,S,T20,T20,2,,,,,False,-121.719488,36.856344,-153093.0,-127561.6
2722332,True,A,Monterey,27.182875265837293,27.18298403495814,S,T20,T20,2,,,,,False,-121.783267,36.839376,-158806.3,-129342.4
2725607,True,A,Monterey,23.11889751081006,23.118989954732324,S,T20,T20,2,,,,,False,-121.679121,36.90305,-149407.4,-122435.6
2713115,True,A,Monterey,4.4701880245872285,4.4702059059891175,S,T20,T20,2,,,,,False,-121.672817,36.848105,-148954.2,-128551.6
2716542,True,A,Monterey,12.323968324438784,12.324017611952314,S,T20,T20,2,,,,,False,-121.738446,36.694445,-155110.6,-145522.4
2713079,False,B,Monterey,33.44443392497601,33.444567684502026,T,T30,T20 > T30 > T30,1,2022-10-10,,T30,2023-07-01,False,-121.712395,36.646384,-152883.0,-150905.4
2713046,True,A,Monterey,1.2771066013296137,1.2771117087871808,S,T20,T20,2,,,,,False,-121.713055,36.864488,-152503.9,-126667.0
2717325,True,A,Monterey,14.853530998894016,14.853590367469408,S,T20,T20,2,,,,,False,-121.667431,36.725324,-148714.7,-142204.7
2725609,True,A,Monterey,23.3455073434258,23.345600695385663,S,T20,T20,2,,,,,False,-121.779373,36.868286,-158399.3,-126136.2
2713004,True,A,Monterey,3.974694783629749,3.9747107028507283,S,T20,T20,2,,,,,False,-121.679364,36.853167,-149527.2,-127978.8
2713001,True,A,Monterey,2.4055213923999865,2.4055309969491763,S,T20,T20,2,,,,,False,-121.682452,36.850475,-149807.4,-128273.1
2717327,False,B,Monterey,6.4729366187434865,6.472962495188631,T,T4,T20 > T30 > T4,1,2022-10-03,,T30,2023-05-30,False,-121.695366,36.63311,-151389.1,-152407.8
2717328,True,A,Monterey,42.33440191930982,42.33457123304669,S,T20,T20,2,,,,,False,-121.750736,36.883882,-155818.2,-124450.5
2712972,True,A,Monterey,2.29270923328753,2.292718594756996,S,T20,T20,2,,,,,False,-121.772674,36.835619,-157870.8,-129777.6
2712960,False,B,Monterey,6.153666444136245,6.153691056757362,T,T30,T20 > T4 > T30,1,2022-10-10,,T4,2023-06-07,False,-121.678518,36.652799,-149846.1,-150246.7
2712956,True,A,Monterey,6.760855225720822,6.760882265005396,S,T20,T20,2,,,,,False,-121.716443,36.772294,-152991.0,-136907.0
2712929,True,A,Monterey,2.2671748245765864,2.267183892040537,S,T20,T20,2,,,,,False,-121.710394,36.877442,-152241.0,-125231.6
2712900,False,B,Monterey,12.560351822514871,12.560402056093587,T,T30,T20 > G6 > T30,1,2022-10-03,,G6,2023-03-11,False,-121.742839,36.691965,-155507.6,-145790.8
2712896,True,A,Monterey,2.9269893158882914,2.9270010208402435,S,T20,T20,2,,,,,False,-121.72001,36.872477,-153106.9,-125768.0
2712891,True,A,Monterey,2.895330728471517,2.8953422960392636,S,T20,T20,2,,,,,False,-121.720582,36.800078,-153303.9,-133812.8
2716554,True,A,Monterey,28.24071957070933,28.24083261732376,S,T20,T20,2,,,,,False,-121.672314,36.746999,-149107.7,-139788.4
2712876,False,B,Monterey,22.18514364313545,22.18523238785185,D,T30,T20 > T30,1,2022-10-19,,T30,2023-08-10,False,-121.741654,36.701394,-155382.7,-144744.9
2712875,True,A,Monterey,15.784610280881438,15.784673328240649,S,T20,T20,2,,,,,False,-121.706843,36.759503,-152161.0,-138344.0
2716556,True,A,Monterey,35.72301746718195,35.723160348125965,S,T20,T20,2,,,,,False,-121.707707,36.908452,-151939.9,-121789.8
2712823,False,B,Monterey,2.8794757462007103,2.879487290908263,D,T4,T20 > T4,1,2022-10-25,,T4,2023-09-26,False,-121.786918,36.853813,-159101.1,-127731.9
2717335,True,A,Monterey,15.239683108978701,15.239744083215134,S,T20,T20,2,,,,,False,-121.664748,36.723944,-148478.2,-142362.3
2725613,True,A,Monterey,31.985198058615463,31.985326011866597,S,T20,T20,2,,,,,False,-121.755104,36.832582,-156312.5,-130144.3
2724013,True,A,Monterey,14.089895839457814,14.089952234290235,S,T20,T20,2,,,,,False,-121.677533,36.766122,-149535.4,-137655.0
2712756,False,B,Monterey,17.718310137614264,17.718381004529224,T,T30,T20 > T30 > T30,1,2022-11-11,,T30,2023-07-10,False,-121.713801,36.683784,-152933.3,-146747.2
2712736,True,A,Monterey,3.0003032516365065,3.000315252876643,S,T20,T20,2,,,,,False,-121.706556,36.766008,-152122.5,-137621.5
2722339,False,B,Monterey,2.0131496136805205,2.0131576762305063,S,T20,T20 > X,2,2022-11-04,,X,,False,-121.753502,36.850924,-156132.2,-128108.6
2712713,False,B,Monterey,7.1041755710331325,7.104204003134974,S,T20,T20 > X,2,2023-03-03,,X,,False,-121.70662,36.771769,-152116.6,-136981.3
2712690,False,B,Monterey,13.172420666927106,13.172473385097511,S,T20,T20 > X,2,2023-01-23,,X,,False,-121.792279,36.865368,-159554.1,-126438.9
2712684,True,A,Monterey,2.099074633226522,2.0990830257098048,S,T20,T20,2,,,,,False,-121.688662,36.858961,-150343.5,-127320.2
2712672,True,A,Monterey,8.814354667461652,8.81438990600177,S,T20,T20,2,,,,,False,-121.70432,36.73337,-151988.3,-141252.1
2722342,True,A,Monterey,3.7951667147440182,3.7951818931217005,S,T20,T20,2,,,,,False,-121.685199,36.856186,-150040.7,-127634.0
2710183,False,B,Monterey,2.3539049144653235,2.3539143278794756,S,T20,T20 > X,2,2023-03-04,,X,,False,-121.678791,36.8584,-149465.8,-127398.2
2724014,True,A,Monterey,14.108860420720175,14.10891680783264,S,T20,T20,2,,,,,False,-121.718539,36.798492,-153125.0,-133992.4
2722344,False,B,Monterey,18.471298814192444,18.471372668160562,D,T30,T20 > T30,1,2022-10-27,,T30,2023-08-11,False,-121.686037,36.74105,-150342.9,-140427.8
2712586,True,A,Monterey,17.292024478383603,17.292093636001844,S,T20,T20,2,,,,,False,-121.794466,36.836771,-159808.9,-129613.1
2722345,False,B,Monterey,18.619592005359497,18.619666501904966,S,T20,T20 > X,2,2022-10-27,,X,,False,-121.716276,36.783651,-152953.2,-135645.3
2722346,False,B,Monterey,1.0971429796193226,1.0971473698082863,D,G6,T20 > G6,1,2022-10-18,,G6,2023-04-20,False,-121.670144,36.850656,-148711.2,-128272.3
2712561,True,A,Monterey,3.1406921510823196,3.140704714937322,S,T20,T20,2,,,,,False,-121.715161,36.798865,-152823.3,-133956.3
2712558,True,A,Monterey,1.5416270342159777,1.5416332030371105,S,T20,T20,2,,,,,False,-121.707792,36.798773,-152167.0,-133978.4
2725615,True,A,Monterey,102.51092851369746,102.5113384536662,S,T20,T20,2,,,,,False,-121.780181,36.704108,-158813.7,-144379.5
2712553,False,B,Monterey,11.741938766842347,11.74198571926187,T,T30,T20 > T30 > T30,1,2022-10-03,,T30,2023-04-20,False,-121.738517,36.689531,-155127.0,-146068.4
2725616,True,A,Monterey,29.95681311845118,29.956932912525733,S,T20,T20,2,,,,,False,-121.766089,36.885087,-157182.1,-124291.2
2712541,True,A,Monterey,8.045775351918703,8.045807548786883,S,T20,T20,2,,,,,False,-121.703597,36.642949,-152104.5,-151301.3
2725617,True,A,Monterey,2.8208228945635785,2.820834181964396,S,T20,T20,2,,,,,False,-121.715263,36.875505,-152678.3,-125439.1
2712509,True,A,Monterey,0.8275788735112276,0.8275821834773812,S,T20,T20,2,,,,,False,-121.664236,36.858747,-148169.5,-127382.4
2712502,True,A,Monterey,10.974046281273054,10.974090176771764,S,T20,T20,2,,,,,False,-121.703507,36.734855,-151912.9,-141088.4
2712488,True,A,Monterey,1.0740833494356776,1.0740876449767596,S,T20,T20,2,,,,,False,-121.722052,36.866463,-153300.8,-126433.0
2712426,False,B,Monterey,3.6132406668508943,3.613255126753649,D,G6,T20 > G6,1,2022-10-27,,G6,2023-03-04,False,-121.781986,36.844351,-158681.8,-128791.8
2712404,True,A,Monterey,19.54634721483874,19.54642539967497,S,T20,T20,2,,,,,False,-121.674284,36.729656,-149317.4,-141712.6
2712399,True,A,Monterey,5.029417650268381,5.029437763385258,S,T20,T20,2,,,,,False,-121.78482,36.840956,-158941.3,-129164.3
2726564,False,B,Monterey,3.425950275093282,3.4259639788638347,T,T4,T20 > T30 > T4,1,2022-10-03,,T30,2023-04-20,False,-121.706643,36.643376,-152375.5,-151248.9
2722349,True,A,Monterey,30.735420089280467,30.735543003193566,S,T20,T20,2,,,,,False,-121.699798,36.765747,-151520.6,-137661.3
2712356,True,A,Monterey,21.399299688927133,21.39938528137854,S,T20,T20,2,,,,,False,-121.723607,36.647308,-153882.0,-150784.7
2712332,True,A,Monterey,5.839075313833259,5.839098665128398,S,T20,T20,2,,,,,False,-121.662288,36.728059,-148250.7,-141908.9
2712313,True,A,Monterey,25.571059264867372,25.571161547435036,S,T20,T20,2,,,,,False,-121.777888,36.741553,-158531.2,-140222.3
2712312,False,B,Monterey,2.475588397583919,2.4755983007626066,D,T18,T20 > T18,1,2022-11-03,,T18,2023-07-18,False,-121.69392,36.848707,-150831.9,-128451.4
2712306,True,A,Monterey,22.501097789027952,22.501187769851608,S,T20,T20,2,,,,,False,-121.745846,36.885815,-155379.1,-124243.6
2712297,True,A,Monterey,5.12736300699204,5.127383509330632,S,T20,T20,2,,,,,False,-121.70652,36.691887,-152267.5,-145858.4
2712290,False,B,Monterey,9.03528990278095,9.03532603880754,D,T4,T20 > T4,1,2022-11-28,,T4,2023-06-24,False,-121.709776,36.770893,-152399.6,-137073.5
2724017,True,A,Monterey,27.513125919977767,27.513235933772126,S,T20,T20,2,,,,,False,-121.793495,36.857322,-159679.2,-127330.9
2712274,False,B,Monterey,13.3114002306212,13.311453461292835,D,T4,T20 > T4,1,2022-10-27,,T4,2023-08-11,False,-121.747701,36.796335,-155727.5,-134184.6
2712270,False,B,Monterey,3.0448147989178547,3.0448269806399417,D,G6,T20 > G6,1,2022-10-18,,G6,2023-02-08,False,-121.669472,36.889984,-148574.5,-123902.8
2712266,True,A,Monterey,4.843456724642977,4.843476096729908,S,T20,T20,2,,,,,False,-121.669554,36.76287,-148830.5,-138028.9
2712246,True,A,Monterey,13.671311044589093,13.671365771229594,S,T20,T20,2,,,,,False,-121.79703,36.833943,-160043.3,-129923.1
2712234,False,B,Monterey,0.34136776741555225,0.34136913275091413,S,T20,T20 > X,2,2023-01-22,,X,,False,-121.727711,36.872329,-153792.6,-125771.9
2722354,False,B,Monterey,16.776073889448465,16.7761409654223,S,T20,T20 > X,2,2023-01-22,,X,,False,-121.728164,36.873755,-153830.0,-125612.8
2725620,True,A,Monterey,14.012197633261554,14.012253684142069,S,T20,T20,2,,,,,False,-121.723324,36.730568,-153688.5,-141532.8
2712211,True,A,Monterey,6.3372367178530675,6.337262066403298,S,T20,T20,2,,,,,False,-121.703064,36.692895,-151957.1,-145751.9
2712207,True,A,Monterey,0.8130196118724586,0.8130228665637449,S,T20,T20,2,,,,,False,-121.673662,36.848585,-149028.5,-128497.0
2712197,True,A,Monterey,28.121334308618483,28.12144675447881,S,T20,T20,2,,,,,False,-121.769787,36.84151,-157601.6,-129127.8
2712153,False,B,Monterey,1.924622707569072,1.9246304100344063,D,G6,T20 > G6,1,2022-10-27,,G6,2023-03-10,False,-121.780683,36.844811,-158564.8,-128742.8
2712139,False,B,Monterey,18.567592870923885,18.567667156274794,S,T20,T20 > X,2,2023-01-23,,X,,False,-121.699888,36.75828,-151543.5,-138491.1
2716601,False,B,Monterey,48.94492032407376,48.945116106354206,T,T30,T20 > T30 > T30,1,2022-11-12,,T30,2023-04-29,False,-121.728228,36.695652,-154196.6,-145404.9
2712088,True,A,Monterey,2.6396274890613753,2.6396380435684637,S,T20,T20,2,,,,,False,-121.7805,36.841329,-158555.8,-129130.1
2712084,True,A,Monterey,16.008254195976274,16.00831823956943,S,T20,T20,2,,,,,False,-121.731424,36.703466,-154465.8,-144531.4
2712068,True,A,Monterey,35.166599501722125,35.166740172977725,S,T20,T20,2,,,,,False,-121.70715,36.905541,-151896.1,-122114.2
2712053,False,B,Monterey,8.73512260138885,8.735157542922959,S,T20,T20 > X,2,2023-01-30,,X,,False,-121.700364,36.760283,-151582.0,-138267.6
2712051,True,A,Monterey,0.9830837118871245,0.9830876440763555,S,T20,T20,2,,,,,False,-121.71621,36.876697,-152760.2,-125305.1
2712044,True,A,Monterey,12.786673307798505,12.786724461162866,S,T20,T20,2,,,,,False,-121.791339,36.831533,-159541.5,-130200.5
2712035,True,A,Monterey,19.328029514458418,19.328106823530657,S,T20,T20,2,,,,,False,-121.764138,36.843493,-157094.5,-128916.8
2712028,True,A,Monterey,12.452429311744353,12.452479114225381,S,T20,T20,2,,,,,False,-121.684917,36.675343,-150372.8,-147731.4
2712009,True,A,Monterey,1.0068047342679542,1.006808761220329,S,T20,T20,2,,,,,False,-121.666504,36.76945,-148545.9,-137302.5
2712005,False,B,Monterey,3.9176588496911493,3.9176745214518576,S,T20,T20 > X,2,2022-10-27,,X,,False,-121.667421,36.90995,-148353.0,-121687.1
2711997,True,A,Monterey,1.765202133910241,1.7652091976681408,S,T20,T20,2,,,,,False,-121.711197,36.863031,-152341.4,-126831.9
2711948,False,B,Monterey,9.638979932028674,9.639018507281985,D,G6,T20 > G6,1,2022-10-27,,G6,2023-03-11,False,-121.698834,36.760664,-151444.8,-138227.7
2722356,False,B,Monterey,10.431615996611534,10.431657727352427,D,T4,T20 > T4,1,2022-12-06,,T4,2023-07-26,False,-121.785674,36.837113,-159025.3,-129589.9
2711935,True,A,Monterey,2.6524994691645083,2.6525100797560097,S,T20,T20,2,,,,,False,-121.773854,36.836907,-157973.2,-129632.5
2722357,False,B,Monterey,23.336404339602925,23.336497685509066,D,G6,T20 > G6,1,2022-10-11,,G6,2023-03-11,False,-121.766975,36.843145,-157347.8,-128950.8
2711908,False,B,Monterey,2.415579813789674,2.415589478718068,D,G6,T20 > G6,1,2022-11-03,,G6,2023-04-13,False,-121.691847,36.849516,-150645.8,-128364.7
2711896,False,B,Monterey,5.15886696084359,5.158887605118715,D,G6,T20 > G6,1,2022-10-27,,G6,2023-03-10,False,-121.784217,36.844144,-158880.9,-128811.0
2711866,False,B,Monterey,3.7011252879458714,3.701140091611299,S,T20,T20 > X,2,2022-11-03,,X,,False,-121.671975,36.730416,-149109.9,-141631.8
2711856,True,A,Monterey,9.30085710484508,9.300894281426588,S,T20,T20,2,,,,,False,-121.738495,36.789413,-154921.5,-134968.9
2711855,False,B,Monterey,8.947716634598317,8.947752407365364,S,T20,T20 > X,2,2023-01-22,,X,,False,-121.704769,36.763743,-151967.6,-137876.1
2725626,True,A,Monterey,20.03978048694164,20.039860571793614,S,T20,T20,2,,,,,False,-121.749513,36.715662,-156054.4,-143146.5
2716616,False,B,Monterey,24.865149019254073,24.86524849138375,D,T4,T20 > T4,1,2022-11-04,,T4,2023-06-22,False,-121.777528,36.79025,-158397.6,-134811.3
2722360,False,B,Monterey,14.969953418619403,14.970013315020735,D,G6,T20 > G6,1,2023-01-31,,G6,2023-03-20,False,-121.737063,36.899791,-154569.1,-122704.8
2716618,True,A,Monterey,15.527534632735414,15.527596741282032,S,T20,T20,2,,,,,False,-121.707378,36.693678,-152340.5,-145658.0
2711817,True,A,Monterey,15.04733424958454,15.047394436354505,S,T20,T20,2,,,,,False,-121.67743,36.746014,-149565.7,-139889.7
2711771,True,A,Monterey,0.6094358487819813,0.6094382891198438,S,T20,T20,2,,,,,False,-121.649841,36.856177,-146892.9,-127690.4
2722362,False,B,Monterey,3.608169390112531,3.608183824401982,S,T20,T20 > X,2,2023-01-22,,X,,False,-121.668884,36.850707,-148599.0,-128268.7
2716623,False,B,Monterey,20.769230072917185,20.769313095656372,D,T4,T20 > T4,1,2022-11-04,,T4,2023-06-08,False,-121.737089,36.741364,-154894.0,-140310.7
2711735,True,A,Monterey,7.715813104233132,7.7158439609832055,S,T20,T20,2,,,,,False,-121.723144,36.869235,-153392.4,-126123.2
2725629,True,A,Monterey,22.639155330123828,22.639245838029755,S,T20,T20,2,,,,,False,-121.670854,36.73982,-148991.5,-140588.4
2717364,False,B,Monterey,2.124214928468356,2.124223426352245,D,T4,T20 > T4,1,2022-11-28,,T4,2023-06-15,False,-121.704287,36.864601,-151723.2,-126668.5
2722365,True,A,Monterey,7.946419300497416,7.946451104205931,S,T20,T20,2,,,,,False,-121.765113,36.83357,-157201.8,-130018.0
2725631,True,A,Monterey,43.90095419225089,43.90112989897876,S,T20,T20,2,,,,,False,-121.776393,36.700673,-158483.0,-144767.6
2711697,False,B,Monterey,2.0770924937304436,2.077100800700057,D,G6,T20 > G6,1,2022-10-27,,G6,2023-03-10,False,-121.783372,36.84353,-158807.0,-128880.7
2724019,True,A,Monterey,1.8220556645071588,1.822062949945586,S,T20,T20,2,,,,,False,-121.678095,36.853825,-149412.9,-127907.7
2711685,True,A,Monterey,6.0962533723390475,6.0962777577432545,S,T20,T20,2,,,,,False,-121.726426,36.818383,-153787.4,-131769.1
2725632,True,A,Monterey,18.05113017483404,18.0512023602981,S,T20,T20,2,,,,,False,-121.744467,36.717302,-155601.1,-142972.6
2711678,True,A,Monterey,1.88336439478075,1.8833719267195472,S,T20,T20,2,,,,,False,-121.741007,36.844757,-155032.3,-128814.4
2716632,False,B,Monterey,51.425439996631695,51.4256455755547,D,T4,T20 > T4,1,2022-11-11,,T4,2023-09-28,False,-121.784854,36.846756,-158932.2,-128519.7
2722366,True,A,Monterey,35.60927960312849,35.60942200079272,S,T20,T20,2,,,,,False,-121.667615,36.734554,-148713.1,-141178.7
2725633,True,A,Monterey,26.163773284060106,26.16387789065507,S,T20,T20,2,,,,,False,-121.778005,36.695836,-158636.9,-145302.4
2711635,True,A,Monterey,2.6570633743490277,2.6570739889955317,S,T20,T20,2,,,,,False,-121.715506,36.784813,-152882.3,-135517.4
2711632,True,A,Monterey,1.9599238895909274,1.9599317295067649,S,T20,T20,2,,,,,False,-121.738361,36.845261,-154795.7,-128762.7
2722368,False,B,Monterey,3.60982037276592,3.6098348087893717,S,T20,T20 > X,2,2023-01-22,,X,,False,-121.725737,36.871637,-153618.3,-125852.1
2725634,True,A,Monterey,34.86869942160124,34.86883886788595,S,T20,T20,2,,,,,False,-121.681149,36.634755,-150116.5,-152247.6
2716637,False,B,Monterey,15.115164998045369,15.115225459864003,S,T20,T20 > X,2,2022-11-04,,X,,False,-121.710041,36.874561,-152215.4,-125552.5
2717367,True,A,Monterey,3.6304758001278934,3.6304902986192453,S,T20,T20,2,,,,,False,-121.705849,36.644614,-152302.1,-151112.7
2711589,True,A,Monterey,6.381021513661621,6.381047045989216,S,T20,T20,2,,,,,False,-121.707593,36.772949,-152200.9,-136848.5
2711564,False,B,Monterey,2.832494151433163,2.8325054794214837,S,T20,T20 > X,2,2023-02-07,,X,,False,-121.710476,36.875785,-152251.7,-125415.7
2722373,True,A,Monterey,10.422754812499473,10.422796504862752,S,T20,T20,2,,,,,False,-121.787107,36.871071,-159081.8,-125813.8
2711518,True,A,Monterey,12.376548256879415,12.376597782166941,S,T20,T20,2,,,,,False,-121.753176,36.700933,-156411.4,-144777.2
2711515,True,A,Monterey,16.869856433635086,16.869923889808145,S,T20,T20,2,,,,,False,-121.75434,36.745768,-156423.0,-139793.0
2711508,True,A,Monterey,24.91191956753202,24.912019229919427,S,T20,T20,2,,,,,False,-121.681789,36.744148,-149958.0,-140090.2
2711498,False,B,Monterey,4.042944250669408,4.042960418703004,D,G6,T20 > G6,1,2022-10-26,,G6,2023-03-11,False,-121.675249,36.851733,-149163.7,-128144.7
2711479,False,B,Monterey,3.4494937025490873,3.44950749317189,D,G6,T20 > G6,1,2022-10-27,,G6,2023-03-19,False,-121.782657,36.844325,-158741.6,-128793.5
2711467,False,B,Monterey,0.7887947535822275,0.7887979079265836,D,G6,T20 > G6,1,2022-10-27,,G6,2023-03-10,False,-121.781485,36.842777,-158640.5,-128967.5
2711443,False,B,Monterey,5.226167825389636,5.226188711227238,S,T20,T20 > X,2,2023-01-23,,X,,False,-121.703288,36.765286,-151832.6,-137707.0
2711439,True,A,Monterey,1.9217395272842759,1.9217472190328453,S,T20,T20,2,,,,,False,-121.661088,36.855422,-147895.7,-127756.8
2717370,True,A,Monterey,2.827205779821485,2.8272171048834296,S,T20,T20,2,,,,,False,-121.683267,36.849794,-149881.3,-128347.4
2711428,True,A,Monterey,10.960907937028606,10.96095176857339,S,T20,T20,2,,,,,False,-121.709757,36.77319,-152393.4,-136818.2
2711415,True,A,Monterey,3.877177071235118,3.8771925829757485,S,T20,T20,2,,,,,False,-121.734842,36.847143,-154478.5,-128559.3
2711408,False,B,Monterey,0.9988032496000894,0.9988072319811955,D,G6,T20 > G6,1,2022-10-27,,G6,2023-03-12,False,-121.780994,36.842877,-158596.6,-128957.2
2711400,False,B,Monterey,9.305463397774513,9.305500653197129,T,T30,T20 > T30 > T30,1,2022-10-10,,T30,2023-05-31,False,-121.680776,36.653978,-150045.4,-150112.1
2711383,False,B,Monterey,1.8151481257110578,1.8151553838902739,S,T20,T20 > X,2,2023-01-30,,X,,False,-121.719605,36.802637,-153211.6,-133530.0
2711357,True,A,Monterey,25.44485523830774,25.44495702587464,S,T20,T20,2,,,,,False,-121.776343,36.743618,-158389.1,-139995.3
2711346,True,A,Monterey,2.0418839978435197,2.0418921658334352,S,T20,T20,2,,,,,False,-121.733987,36.847826,-154401.0,-128484.8
2722377,True,A,Monterey,7.922980132111333,7.923011846233527,S,T20,T20,2,,,,,False,-121.707892,36.877882,-152017.5,-125186.8
2711325,True,A,Monterey,0.8229619940585153,0.8229652881973303,S,T20,T20,2,,,,,False,-121.708906,36.861866,-152139.8,-126965.1
2711313,True,A,Monterey,2.197143631597433,2.197152422729611,S,T20,T20,2,,,,,False,-121.741747,36.844497,-155098.7,-128842.1
2722378,True,A,Monterey,14.932608840824882,14.93266855445589,S,T20,T20,2,,,,,False,-121.766682,36.868401,-157269.3,-126144.5
2711307,True,A,Monterey,5.263433733625414,5.263454787241556,S,T20,T20,2,,,,,False,-121.790428,36.824949,-159474.2,-130933.7
2722379,True,A,Monterey,22.200284529200736,22.20037382556388,S,T20,T20,2,,,,,False,-121.659098,36.912608,-147607.3,-121404.7
2717371,True,A,Monterey,2.017837326612885,2.017845398916754,S,T20,T20,2,,,,,False,-121.703976,36.865775,-151693.2,-126538.5
2711280,True,A,Monterey,4.369738833262457,4.369756320239871,S,T20,T20,2,,,,,False,-121.706241,36.76668,-152093.0,-137547.4
2711279,True,A,Monterey,11.18211232115896,11.182157040204837,S,T20,T20,2,,,,,False,-121.708618,36.767498,-152303.2,-137452.6
2711266,True,A,Monterey,5.142042571055012,5.142063139378817,S,T20,T20,2,,,,,False,-121.782882,36.842099,-158766.3,-129040.5
2711257,True,A,Monterey,10.873635983133992,10.87367950188557,S,T20,T20,2,,,,,False,-121.753196,36.694205,-156427.0,-145524.8
2711249,True,A,Monterey,2.5840113023004454,2.5840216354890493,S,T20,T20,2,,,,,False,-121.660229,36.85378,-147822.5,-127940.7
2711220,True,A,Monterey,1.1119111141920877,1.1119155555757738,S,T20,T20,2,,,,,False,-121.697491,36.814204,-151218.6,-132280.0
2711217,True,A,Monterey,2.926813566998513,2.9268252781490496,S,T20,T20,2,,,,,False,-121.712158,36.862992,-152427.1,-126834.7
2711170,True,A,Monterey,1.090110721423271,1.0901150820439651,S,T20,T20,2,,,,,False,-121.661561,36.855839,-147937.0,-127709.8
2711160,False,B,Monterey,0.7407400379530158,0.7407430003030417,D,G6,T20 > G6,1,2022-10-27,,G6,2023-03-10,False,-121.783843,36.842465,-158851.1,-128998.2
2711157,True,A,Monterey,17.602956581433006,17.603026984383373,S,T20,T20,2,,,,,False,-121.683819,36.7403,-150146.6,-140514.6
2711156,False,B,Monterey,4.06237526828862,4.062391514483866,S,T20,T20 > X,2,2022-10-27,,X,,False,-121.665217,36.911609,-148153.6,-121506.2
2711142,True,A,Monterey,21.715202163085344,21.715288960085733,S,T20,T20,2,,,,,False,-121.76318,36.862511,-156969.9,-126804.9
2711125,True,A,Monterey,9.115429530410072,9.115465992226662,S,T20,T20,2,,,,,False,-121.713146,36.770828,-152700.1,-137075.3
2722384,False,B,Monterey,7.913426804453087,7.913458479165368,D,T18,T20 > T18,1,2022-10-25,,T18,2023-09-28,False,-121.786425,36.855291,-159054.1,-127568.5
2724023,True,A,Monterey,31.639394971912157,31.639521561548108,S,T20,T20,2,,,,,False,-121.707656,36.783642,-152185.2,-135660.1
2711041,False,B,Monterey,2.0745542195259348,2.0745625156719134,D,G6,T20 > G6,1,2022-10-18,,G6,2023-03-12,False,-121.718411,36.803142,-153104.3,-133475.7
2711008,True,A,Monterey,20.216153418578447,20.21623442360147,S,T20,T20,2,,,,,False,-121.774311,36.82949,-158029.4,-130456.1
2711004,True,A,Monterey,1.8911157919369737,1.8911233490487265,S,T20,T20,2,,,,,False,-121.660596,36.854396,-147853.9,-127871.7
2710952,True,A,Monterey,4.526566665606102,4.526584763526096,S,T20,T20,2,,,,,False,-121.711179,36.769717,-152527.0,-137201.9
2710934,False,B,Monterey,0.24018491051575644,0.24018587125116095,D,G6,T20 > G6,1,2022-10-27,,G6,2023-03-10,False,-121.780852,36.843757,-158582.1,-128859.6
2722387,False,B,Monterey,12.919438836517596,12.919490469894647,S,T20,T20 > X,2,2023-01-22,,X,,False,-121.672062,36.851383,-148880.6,-128188.5
2710912,False,B,Monterey,3.5628273009950706,3.562841557381923,S,T20,T20 > X,2,2022-10-27,,X,,False,-121.662718,36.912568,-147929.4,-121403.5
2710874,True,A,Monterey,2.058315704718784,2.0583239433746887,S,T20,T20,2,,,,,False,-121.718559,36.805091,-153113.5,-133258.9
2710871,True,A,Monterey,1.901714328605502,1.9017219357532384,S,T20,T20,2,,,,,False,-121.661614,36.858939,-147935.7,-127365.2
2716684,True,A,Monterey,19.571029208234858,19.571107560885892,S,T20,T20,2,,,,,False,-121.782435,36.835137,-158741.1,-129814.9
2710817,True,A,Monterey,3.954807793615979,3.954823613130415,S,T20,T20,2,,,,,False,-121.673082,36.867382,-148940.0,-126408.9
2710801,False,B,Monterey,0.6864939811472851,0.6864967224464761,D,G6,T20 > G6,1,2022-10-27,,G6,2023-03-10,False,-121.784537,36.84235,-158913.1,-129009.9
2716688,True,A,Monterey,10.653481193647396,10.653530622291301,S,T20,T20,2,,,,,False,-121.752924,36.750613,-156286.8,-139256.9
2710778,True,A,Monterey,12.698248647252013,12.698299441224787,S,T20,T20,2,,,,,False,-121.675091,36.749982,-149349.4,-139452.5
2710777,True,A,Monterey,3.3306001488517354,3.330613469462423,S,T20,T20,2,,,,,False,-121.708682,36.764335,-152315.3,-137804.1
2710775,False,B,Monterey,2.2853352848227537,2.28534442157073,D,T4,T20 > T4,1,2022-10-26,,T4,2023-04-05,False,-121.703758,36.906373,-151592.7,-122027.1
2710770,False,B,Monterey,0.6126772765936722,0.612679727312807,D,G6,T20 > G6,1,2022-10-27,,G6,2023-03-10,False,-121.78194,36.842655,-158681.3,-128980.2
2725641,True,A,Monterey,9.612064079184947,9.612102517397368,S,T20,T20,2,,,,,False,-121.714518,36.764463,-152835.2,-137780.5
2710745,True,A,Monterey,1.0516886647587858,1.0516928742807907,S,T20,T20,2,,,,,False,-121.718972,36.815972,-153128.4,-132049.1
2710727,True,A,Monterey,1.711032040439928,1.7110388847720757,S,T20,T20,2,,,,,False,-121.703115,36.863502,-151621.1,-126792.5
2722390,False,B,Monterey,9.889397688489122,9.889437257051373,S,T20,T20 > X,2,2023-01-07,,X,,False,-121.703144,36.786735,-151776.9,-135323.6
2710718,True,A,Monterey,2.261281522764656,2.261290568249741,S,T20,T20,2,,,,,False,-121.78131,36.841281,-158628.0,-129134.0
2710679,False,B,Monterey,21.161626215180114,21.161710843374795,T,T30,T20 > T4 > T30,1,2022-10-11,,T4,2023-03-03,False,-121.753306,36.687624,-156450.3,-146255.9
2725642,True,A,Monterey,17.725078748336983,17.725149629323415,S,T20,T20,2,,,,,False,-121.668958,36.742454,-148817.4,-140298.7
2710671,True,A,Monterey,11.015435061528601,11.01547912709055,S,T20,T20,2,,,,,False,-121.733251,36.790912,-154451.1,-134810.8
2710619,False,B,Monterey,1.2427251647094746,1.242730135665074,D,G6,T20 > G6,1,2022-10-27,,G6,2023-03-19,False,-121.78135,36.843929,-158626.1,-128839.7
2710556,True,A,Monterey,2.0433331165097965,2.0433412889616283,S,T20,T20,2,,,,,False,-121.71258,36.876622,-152437.3,-125319.3
2724026,False,B,Monterey,15.98801154009008,15.988075515669829,S,T20,T20 > X,2,2022-10-27,,X,,False,-121.670341,36.908021,-148616.4,-121896.9
2716709,True,A,Monterey,10.71836516696555,10.718408032153823,S,T20,T20,2,,,,,False,-121.701598,36.733571,-151745.2,-141234.1
2710541,True,A,Monterey,2.511397992744971,2.5114080404885266,S,T20,T20,2,,,,,False,-121.705887,36.874665,-151845.5,-125547.6
2710540,False,B,Monterey,0.928619166769317,0.9286228812205333,S,T20,T20 > X,2,2023-01-23,,X,,False,-121.701844,36.863876,-151507.2,-126753.0
2710511,False,B,Monterey,9.367899956913446,9.367937427483126,Q,T30,T20 > T4 > T30 > T30,1,2022-10-11,,T4,2023-03-11,False,-121.689002,36.647429,-150792.6,-150826.7
2710474,True,A,Monterey,2.128825027602002,2.128833546142332,S,T20,T20,2,,,,,False,-121.692394,36.856993,-150679.6,-127532.9
2710447,True,A,Monterey,1.2532109934438456,1.2532160067923093,S,T20,T20,2,,,,,False,-121.716329,36.878842,-152766.4,-125066.6
2710412,False,B,Monterey,4.022472012768922,4.02248811158204,S,T20,T20 > X,2,2023-01-30,,X,,False,-121.793064,36.861077,-159633.0,-126914.3
2710403,False,B,Monterey,4.006916736414303,4.0069327756239055,T,T18,T20 > G6 > T18,1,2022-10-03,,G6,2023-04-05,False,-121.726601,36.890836,-153656.4,-123717.0
2710380,True,A,Monterey,2.629401030257703,2.6294115523993113,S,T20,T20,2,,,,,False,-121.736646,36.846652,-154640.2,-128610.9
2722397,False,B,Monterey,10.326241988060348,10.326283278139172,S,T20,T20 > X,2,2022-12-21,,X,,False,-121.70507,36.909055,-151704.0,-121727.0
2722398,True,A,Monterey,16.12268072725675,16.122745220154293,S,T20,T20,2,,,,,False,-121.72543,36.908257,-153517.0,-121782.9
2722399,True,A,Monterey,14.706905707924028,14.706964526399101,S,T20,T20,2,,,,,False,-121.7279,36.90561,-153742.0,-122073.0
2717393,True,A,Monterey,5.821294684155544,5.821317966132066,S,T20,T20,2,,,,,False,-121.675613,36.888223,-149124.4,-124088.8
2722404,False,B,Monterey,22.26041017583931,22.260499307425448,S,T20,T20 > X,2,2022-11-28,,X,,False,-121.800172,36.865463,-160256.5,-126414.9
2710197,True,A,Monterey,4.261715624174822,4.261732669544859,S,T20,T20,2,,,,,False,-121.711092,36.864969,-152328.2,-126616.7
2710196,True,A,Monterey,2.7345459652768813,2.734556907050879,S,T20,T20,2,,,,,False,-121.709937,36.864969,-152225.4,-126618.6
2710195,True,A,Monterey,0.6868459026286733,0.6868486491974838,S,T20,T20,2,,,,,False,-121.712034,36.864185,-152413.6,-126702.4
2710193,False,B,Monterey,1.7656646641457232,1.7656717252318959,S,T20,T20 > X,2,2023-03-03,,X,,False,-121.70207,36.861344,-151532.4,-127034.0
2710182,False,B,Monterey,1.2076465913913421,1.2076513956121788,S,T20,T20 > X,2,2023-02-23,,X,,False,-121.679379,36.859418,-149516.2,-127284.1
2710144,True,A,Monterey,0.2844940145426679,0.28449515241890166,S,T20,T20,2,,,,,False,-121.787931,36.853086,-159192.8,-127811.0
2710141,False,B,Monterey,0.5991862225682025,0.599188618865429,D,T30,T20 > T30,1,2022-10-25,,T30,2023-08-25,False,-121.787178,36.852896,-159126.2,-127833.5
2722405,False,B,Monterey,12.63616438443989,12.636214993708784,D,T4,T20 > T4,1,2022-10-25,,T4,2023-08-19,False,-121.786991,36.851829,-159111.8,-127952.3
2722406,False,B,Monterey,16.37532862939248,16.375394160264392,S,T20,T20 > X,2,2023-01-22,,X,,False,-121.755347,36.851806,-156294.6,-128007.5
2722407,False,B,Monterey,9.029541648226825,9.029577771656122,S,T20,T20 > X,2,2022-12-21,,X,,False,-121.751917,36.8464,-156000.3,-128614.0
2716720,False,B,Monterey,11.604148912869064,11.60419532035547,T,T4,T20 > G6 > T4,1,2022-11-02,,G6,2023-03-19,False,-121.79199,36.836659,-159588.7,-129629.7
2716721,True,A,Monterey,137.86475955195763,137.8653112689771,S,T20,T20,2,,,,,False,-121.776141,36.84208,-158166.1,-129053.8
2724028,True,A,Monterey,4.1780900766337385,4.178106844329224,S,T20,T20,2,,,,,False,-121.717063,36.80226,-152986.0,-133576.0
2722408,False,B,Monterey,36.962503240422855,36.96265120645502,S,T20,T20 > X,2,2022-11-27,,X,,False,-121.692556,36.796694,-150813.7,-134233.8
2722409,True,A,Monterey,6.040775765229514,6.040799907224969,S,T20,T20,2,,,,,False,-121.698044,36.776638,-151342.5,-136453.9
2709934,True,A,Monterey,9.599373821295927,9.599412227729225,S,T20,T20,2,,,,,False,-121.712848,36.764964,-152685.3,-137727.4
2709927,False,B,Monterey,2.8563898448813214,2.8564012803080354,S,T20,T20 > X,2,2023-02-23,,X,,False,-121.666955,36.767872,-148589.1,-137477.2
2709926,False,B,Monterey,1.8044443632337552,1.8044515845844185,S,T20,T20 > X,2,2023-02-23,,X,,False,-121.66804,36.769002,-148683.6,-137349.9
2709896,True,A,Monterey,10.77164048572766,10.771683561260144,S,T20,T20,2,,,,,False,-121.703033,36.757654,-151825.1,-138555.5
2724030,False,B,Monterey,26.796226670115974,26.796333734451096,D,T4,T20 > T4,1,2022-11-04,,T4,2023-08-02,False,-121.734511,36.738925,-154669.1,-140585.9
2724031,True,A,Monterey,20.503003065456976,20.5030850852494,S,T20,T20,2,,,,,False,-121.731692,36.740379,-154414.8,-140429.0
2722415,False,B,Monterey,10.331944627427424,10.331985945037957,S,T20,T20 > X,2,2022-12-21,,X,,False,-121.722983,36.737127,-153644.9,-140804.6
2722416,False,B,Monterey,4.984140495656536,4.98416040381383,S,T20,T20 > X,2,2022-11-03,,X,,False,-121.670268,36.729948,-148958.6,-141686.4
2716727,True,A,Monterey,70.38549377904137,70.38577552657298,S,T20,T20,2,,,,,False,-121.78968,36.714725,-159638.8,-143183.7
2724033,False,B,Monterey,13.506654651864038,13.506708650312309,T,T30,T20 > T4 > T30,1,2022-10-03,,T4,2023-06-08,False,-121.735744,36.706345,-154845.3,-144204.5
2717405,True,A,Monterey,12.119185054859523,12.11923351681311,S,T20,T20,2,,,,,False,-121.742783,36.69445,-155497.5,-145514.8
2722429,True,A,Monterey,25.995723880290065,25.995827886203138,S,T20,T20,2,,,,,False,-121.7453,36.688447,-155734.4,-146177.7
2725644,True,A,Monterey,31.562571919735895,31.5626981941399,S,T20,T20,2,,,,,False,-121.725941,36.65785,-154069.1,-149609.3
2725645,True,A,Monterey,24.049434339294706,24.049530526213427,S,T20,T20,2,,,,,False,-121.723783,36.65635,-153879.4,-149779.6
2722433,True,A,Monterey,5.650025344744787,5.650047947664098,S,T20,T20,2,,,,,False,-121.705188,36.646167,-152240.0,-150941.1
2716751,True,A,Monterey,31.365778870105363,31.365904318600055,S,T20,T20,2,,,,,False,-121.762718,36.886405,-156879.3,-124150.3
2717419,True,A,Monterey,16.72623353452814,16.726300449025754,S,T20,T20,2,,,,,False,-121.758942,36.743643,-156837.7,-140021.5
2715561,True,A,Monterey,3.2510904370676292,3.251103441655852,S,T20,T20,2,,,,,False,-121.673066,36.889848,-148894.5,-123912.3
2725649,True,A,Monterey,52.22916001403509,52.22936886332341,S,T20,T20,2,,,,,False,-121.687364,36.669913,-150601.9,-148330.9
2716834,True,A,Monterey,8.650024999720848,8.650059776812567,S,T20,T20,2,,,,,False,-121.711118,36.87842,-152303.5,-125121.9
2716838,False,B,Monterey,14.676891335153815,14.676950029871668,S,T20,T20 > X,2,2022-11-20,,X,,False,-121.694767,36.773636,-151056.5,-136792.7
2700667,False,B,Monterey,8.578265646639275,8.57829996722685,D,G6,T20 > G6,1,2022-10-27,,G6,2023-03-12,False,-121.696994,36.760829,-151280.5,-138212.4
2716851,True,A,Monterey,5.696582023049518,5.696604798851962,S,T20,T20,2,,,,,False,-121.792679,36.713322,-159909.3,-143334.6
2716852,True,A,Monterey,61.48503983946724,61.485285686046986,S,T20,T20,2,,,,,False,-121.791384,36.707249,-159806.5,-144011.6
2722459,True,A,Monterey,20.912446107277855,20.91252979136409,S,T20,T20,2,,,,,False,-121.763604,36.831929,-157070.8,-130202.8
2701103,False,B,Monterey,15.221314654789163,15.221375532027684,D,T4,T20 > T4,1,2022-11-27,,T4,2023-07-02,False,-121.660059,36.727905,-148052.2,-141929.5
2724038,True,A,Monterey,29.610131730592567,29.610250138591844,S,T20,T20,2,,,,,False,-121.677283,36.639841,-149761.3,-151688.5
2701237,True,A,Monterey,4.029437680099382,4.029453799189612,S,T20,T20,2,,,,,False,-121.706672,36.869978,-151924.7,-126067.1
2701238,True,A,Monterey,1.5171427263034514,1.517148791199962,S,T20,T20,2,,,,,False,-121.712401,36.850114,-152474.5,-128265.4
2701322,True,A,Monterey,12.596537504841695,12.596587895998988,S,T20,T20,2,,,,,False,-121.736586,36.683444,-154967.1,-146747.9
2701363,True,A,Monterey,0.962427850517218,0.9624317012713857,S,T20,T20,2,,,,,False,-121.721421,36.866519,-153244.5,-126427.8
2701386,True,A,Monterey,1.0430166346941248,1.0430208074878742,S,T20,T20,2,,,,,False,-121.718616,36.816151,-153096.3,-132029.8
2701410,True,A,Monterey,8.8333524820074,8.833387807572763,S,T20,T20,2,,,,,False,-121.754785,36.695315,-156566.5,-145398.9
2725653,True,A,Monterey,14.44543214451881,14.445489910541076,S,T20,T20,2,,,,,False,-121.704242,36.738362,-151971.4,-140697.4
2701444,True,A,Monterey,0.620234636702974,0.6202371163218313,S,T20,T20,2,,,,,False,-121.720768,36.815876,-153288.5,-132056.8
2724039,True,A,Monterey,0.7587704939773615,0.758773529177141,S,T20,T20,2,,,,,False,-121.780294,36.840307,-158539.6,-129243.9
2701609,True,A,Monterey,12.646125859389565,12.646176450583956,S,T20,T20,2,,,,,False,-121.669337,36.748661,-148839.0,-139608.3
2701670,True,A,Monterey,80.044900558171,80.04522121761528,S,T20,T20,2,,,,,False,-121.768823,36.778349,-157646.7,-136148.4
2724040,True,A,Monterey,3.1456798040846077,3.1456923884785626,S,T20,T20,2,,,,,False,-121.717322,36.803355,-153006.8,-133453.9
2700958,False,B,Monterey,18.38930664758848,18.389380191785534,D,T18,T20 > T18,1,2022-10-11,,T18,2023-07-18,False,-121.765121,36.731039,-157414.6,-141411.9
2724041,True,A,Monterey,3.476031851216971,3.476045754686232,S,T20,T20,2,,,,,False,-121.719936,36.857976,-153129.6,-127379.6
2700794,True,A,Monterey,9.950837544561175,9.950877362749166,S,T20,T20,2,,,,,False,-121.713184,36.859484,-152525.4,-127222.9
2700754,False,B,Monterey,3.339908830942992,3.3399221875552754,S,T20,T20 > X,2,2023-02-15,,X,,False,-121.700711,36.860629,-151412.8,-127115.6
2717064,False,B,Monterey,11.636943679227338,11.636990826969502,T,T30,T20 > T30 > T30,1,2022-10-10,,T30,2023-06-23,False,-121.686868,36.662717,-150571.8,-149131.3
2717065,True,A,Monterey,11.190515902313859,11.190560678737105,S,T20,T20,2,,,,,False,-121.750683,36.751573,-156085.1,-139153.9
2725654,True,A,Monterey,53.436445547354076,53.4366595339713,S,T20,T20,2,,,,,False,-121.729089,36.67679,-154311.6,-147499.5
2700381,True,A,Monterey,3.847826389837165,3.847841976029724,S,T20,T20,2,,,,,False,-121.70742,36.870095,-151991.1,-126053.0
2725655,True,A,Monterey,43.691069343851005,43.69124413090379,S,T20,T20,2,,,,,False,-121.782502,36.824745,-158768.7,-130969.6
2700333,True,A,Monterey,3.8721070760678273,3.8721225648110504,S,T20,T20,2,,,,,False,-121.717493,36.878461,-152870.9,-125107.0
2724044,False,B,Monterey,36.76785244720635,36.768000125358036,D,T30,T20 > T30,1,2022-11-11,,T30,2023-06-23,False,-121.744515,36.696746,-155647.3,-145256.7
2700257,False,B,Monterey,11.96963909779775,11.969686969958191,T,T30,T20 > T4 > T30,1,2022-10-10,,T4,2023-07-02,False,-121.76615,36.729776,-157509.0,-141550.5
2717075,True,A,Monterey,5.613240067188873,5.613262477824068,S,T20,T20,2,,,,,False,-121.738902,36.895714,-154741.0,-123154.9
2700174,True,A,Monterey,6.42463421155437,6.424660010772219,S,T20,T20,2,,,,,False,-121.77731,36.698468,-158569.4,-145011.1
2700134,True,A,Monterey,13.408162247270182,13.408215867280514,S,T20,T20,2,,,,,False,-121.704881,36.870227,-151764.9,-126042.3
2700019,True,A,Monterey,1.1306564569040782,1.1306609768410543,S,T20,T20,2,,,,,False,-121.732767,36.847878,-154292.3,-128481.0
2715699,True,A,Monterey,33.226251063354376,33.22638388016017,S,T20,T20,2,,,,,False,-121.723542,36.817178,-153533.0,-131907.7
2715487,True,A,Monterey,0.6039514593404626,0.6039538741719918,S,T20,T20,2,,,,,False,-121.721275,36.815692,-153334.1,-132076.4
2715349,True,A,Monterey,15.037825857555694,15.037885990205234,S,T20,T20,2,,,,,False,-121.68839,36.72975,-150575.0,-141679.7
2715312,True,A,Monterey,1.9687597735437974,1.9687676511168979,S,T20,T20,2,,,,,False,-121.798613,36.861955,-160125.1,-126807.4
2715289,True,A,Monterey,3.733115131130278,3.7331300502131555,S,T20,T20,2,,,,,False,-121.667927,36.761944,-148687.3,-138134.4
2715279,True,A,Monterey,7.448526753282135,7.448556514859042,S,T20,T20,2,,,,,False,-121.718293,36.78482,-153130.6,-135512.1
2711295,False,B,Monterey,2.2139844374437723,2.213993291403136,S,T20,T20 > X,2,2022-11-20,,X,,False,-121.787005,36.857488,-159101.1,-127323.4
2724859,True,A,Monterey,12.770793843268159,12.77084492304003,S,T20,T20,2,,,,,False,-121.78662,36.881433,-159016.7,-124663.0
2715138,True,A,Monterey,1.305051003444871,1.3050562250701312,S,T20,T20,2,,,,,False,-121.684071,36.850268,-149952.0,-128293.6
2722472,True,A,Monterey,23.4687306080105,23.468824480247314,S,T20,T20,2,,,,,False,-121.747656,36.688525,-155944.4,-146165.2
2722473,False,B,Monterey,20.55223656936685,20.552318784447635,T,T30,T20 > T30 > T30,1,2022-11-10,,T30,2023-07-02,False,-121.782306,36.837141,-158725.3,-129592.5
2724045,True,A,Monterey,63.32719221253867,63.32744550378383,S,T20,T20,2,,,,,False,-121.671035,36.735035,-149017.1,-141119.9
2725660,True,A,Monterey,29.848963364144925,29.849082734750283,S,T20,T20,2,,,,,False,-121.677478,36.712962,-149635.0,-143562.7
2714721,True,A,Monterey,2.692169030950903,2.6921797968175643,S,T20,T20,2,,,,,False,-121.715878,36.877827,-152728.3,-125180.1
2714713,False,B,Monterey,2.3954459954014204,2.3954555781214104,S,T20,T20 > X,2,2023-03-03,,X,,False,-121.698971,36.860536,-151258.1,-127128.8
2714686,True,A,Monterey,0.9698275132499311,0.9698313951132468,S,T20,T20,2,,,,,False,-121.780748,36.840172,-158580.3,-129258.2
2714658,True,A,Monterey,2.9189429871873185,2.9189546601289647,S,T20,T20,2,,,,,False,-121.683494,36.851117,-149898.9,-128200.1
2714640,True,A,Monterey,3.78084850889169,3.7808636242516522,S,T20,T20,2,,,,,False,-121.713633,36.876242,-152531.8,-125359.9
2714595,True,A,Monterey,2.85702786172935,2.857039290584135,S,T20,T20,2,,,,,False,-121.718823,36.872288,-153001.7,-125790.9
2714538,True,A,Monterey,8.647725683319548,8.647760280326033,S,T20,T20,2,,,,,False,-121.754179,36.698189,-156506.5,-145080.5
2714480,False,B,Monterey,11.594898099166558,11.594944745303886,S,T20,T20 > X,2,2023-02-23,,X,,False,-121.697021,36.860239,-151085.1,-127164.9
2714479,False,B,Monterey,21.929481785462663,21.929569465841343,D,T4,T20 > T4,1,2022-10-25,,T4,2023-07-26,False,-121.777935,36.724694,-158570.5,-142095.7
2714408,True,A,Monterey,18.808880112125586,18.808955339159557,S,T20,T20,2,,,,,False,-121.675884,36.771122,-149378.6,-137101.9
2722477,False,B,Monterey,3.9727706049964757,3.9727865088952075,S,T20,T20 > X,2,2022-11-20,,X,,False,-121.695771,36.798435,-151096.6,-134035.2
2714288,True,A,Monterey,2.2558547317644844,2.255863758229979,S,T20,T20,2,,,,,False,-121.700304,36.855363,-151387.1,-127701.6
2717450,True,A,Monterey,15.541406083725327,15.541468243036011,S,T20,T20,2,,,,,False,-121.759486,36.739353,-156895.1,-140497.4
2722479,False,B,Monterey,15.232762077963194,15.232822988603106,S,T20,T20 > X,2,2022-11-20,,X,,False,-121.788494,36.855881,-159237.1,-127499.5
2725662,False,B,Monterey,23.34533573288995,23.345429234729387,T,T30,T20 > T4 > T30,1,2022-10-27,,T4,2023-04-13,False,-121.725381,36.726627,-153879.9,-141967.4
2714086,True,A,Monterey,4.157388903209059,4.157405533270765,S,T20,T20,2,,,,,False,-121.713423,36.878448,-152508.6,-125115.0
2724046,True,A,Monterey,3.273545341913416,3.2735584401144426,S,T20,T20,2,,,,,False,-121.729646,36.886841,-153935.4,-124156.1
2714007,False,B,Monterey,14.824672999263187,14.824732262570054,S,T20,T20 > X,2,2022-10-10,,X,,False,-121.75004,36.691986,-156150.0,-145776.6
2714002,True,A,Monterey,2.54143738222006,2.5414475462454473,S,T20,T20,2,,,,,False,-121.719556,36.815923,-153180.5,-132053.6
2713964,True,A,Monterey,16.974361283299793,16.97442916625912,S,T20,T20,2,,,,,False,-121.767131,36.839277,-157369.6,-129380.3
2713963,False,B,Monterey,3.111453484763197,3.111465926443802,D,T4,T20 > T4,1,2023-01-22,,T4,2023-09-12,False,-121.700131,36.852692,-151376.9,-127998.7
2713953,True,A,Monterey,26.737425822032836,26.73753273030562,S,T20,T20,2,,,,,False,-121.721413,36.650262,-153680.2,-150460.0
2713846,True,A,Monterey,12.729567800155403,12.729618710168474,S,T20,T20,2,,,,,False,-121.797013,36.8367,-160035.9,-129616.7
2713826,True,A,Monterey,1.8443014850919461,1.8443088814859605,S,T20,T20,2,,,,,False,-121.714095,36.877487,-152570.4,-125220.7
2725663,True,A,Monterey,22.861268714501374,22.861360144349423,S,T20,T20,2,,,,,False,-121.719655,36.65574,-153512.2,-149854.1
2713762,True,A,Monterey,16.044430943222615,16.044494946890136,S,T20,T20,2,,,,,False,-121.694895,36.685838,-151242.4,-146549.2
2724047,True,A,Monterey,13.55477924110539,13.554833480742458,S,T20,T20,2,,,,,False,-121.793886,36.82754,-159776.7,-130640.0
2713681,True,A,Monterey,1.001483626873233,1.0014876304137823,S,T20,T20,2,,,,,False,-121.706921,36.87471,-151937.4,-125540.8
2713675,False,B,Monterey,1.6095176994036178,1.6095241361137496,D,G6,T20 > G6,1,2022-11-03,,G6,2023-04-20,False,-121.690549,36.849865,-150529.5,-128328.1
2713672,True,A,Monterey,19.732780916874653,19.732859853325397,S,T20,T20,2,,,,,False,-121.714992,36.852367,-152700.7,-128010.9
2713656,True,A,Monterey,1.5586865068872455,1.5586927427935793,S,T20,T20,2,,,,,False,-121.71696,36.860338,-152859.8,-127121.9
2713571,False,B,Monterey,15.52385307793617,15.523914734271704,D,T4,T20 > T4,1,2022-10-25,,T4,2023-06-16,False,-121.77613,36.726626,-158405.5,-141884.0
2713559,True,A,Monterey,15.988253304756048,15.988317232172658,S,T20,T20,2,,,,,False,-121.672127,36.769375,-149047.1,-137302.1
2724048,True,A,Monterey,1.8064076476723283,1.8064148745775614,S,T20,T20,2,,,,,False,-121.69318,36.858329,-150747.0,-127383.3
2713393,True,A,Monterey,0.9558788922532799,0.9558827146651209,S,T20,T20,2,,,,,False,-121.711559,36.862229,-152375.3,-126920.5
2717458,True,A,Monterey,13.214692672549434,13.214745527270441,S,T20,T20,2,,,,,False,-121.670204,36.726618,-148959.4,-142056.6
2712708,True,A,Monterey,3.5458754508097723,3.5458895947817446,S,T20,T20,2,,,,,False,-121.737311,36.846333,-154700.0,-128645.3
2712616,True,A,Monterey,3.3734705333392845,3.373484011737281,S,T20,T20,2,,,,,False,-121.719047,36.799492,-153168.3,-133880.4
2712604,True,A,Monterey,2.6994899536564647,2.699500750359276,S,T20,T20,2,,,,,False,-121.721381,36.865792,-153242.4,-126508.7
2712552,True,A,Monterey,11.087110147155498,11.087154486168197,S,T20,T20,2,,,,,False,-121.755914,36.69066,-156676.8,-145914.3
2722488,False,B,Monterey,16.23780947769665,16.23787442288196,Q,T20,T20 > G6 > T30 > T20,1,2022-10-26,,G6,2023-03-27,False,-121.76914,36.86499,-157495.2,-126519.5
2712444,True,A,Monterey,0.6251648329789894,0.6251673337209429,S,T20,T20,2,,,,,False,-121.728761,36.887431,-153855.5,-124092.0
2717466,True,A,Monterey,24.289476382522537,24.28957355651368,S,T20,T20,2,,,,,False,-121.675042,36.761728,-149321.9,-138147.3
2717115,True,A,Monterey,15.211138213275511,15.21119903349683,S,T20,T20,2,,,,,False,-121.733765,36.674683,-154733.2,-147726.1
2712154,True,A,Monterey,14.406888240507705,14.406945907840688,S,T20,T20,2,,,,,False,-121.752405,36.695858,-156353.0,-145342.5
2725670,True,A,Monterey,17.8194310836221,17.819502420782936,S,T20,T20,2,,,,,False,-121.745874,36.725914,-155708.9,-142013.3
2717120,True,A,Monterey,30.647878347830982,30.648000923643224,S,T20,T20,2,,,,,False,-121.697261,36.735983,-151353.7,-140973.0
2725671,True,A,Monterey,12.634713038322069,12.634763618359242,S,T20,T20,2,,,,,False,-121.703523,36.739577,-151904.9,-140563.6
2722491,False,B,Monterey,9.814949359122881,9.814988609771337,D,G6,T20 > G6,1,2022-10-19,,G6,2023-05-21,False,-121.793472,36.825379,-159744.4,-130880.8
2722493,True,A,Monterey,12.851293447933653,12.85134484795696,S,T20,T20,2,,,,,False,-121.692218,36.678065,-151018.9,-147417.2
2711481,True,A,Monterey,12.919465013038376,12.919516712933405,S,T20,T20,2,,,,,False,-121.751839,36.753326,-156184.5,-138957.2
2711345,True,A,Monterey,2.4434155591987214,2.4434253725517676,S,T20,T20,2,,,,,False,-121.679077,36.852487,-149503.0,-128054.9
2711255,True,A,Monterey,7.265849441612169,7.265878577514685,S,T20,T20,2,,,,,False,-121.74993,36.698965,-156125.8,-145001.3
2711119,True,A,Monterey,20.68830077044077,20.68838348047479,S,T20,T20,2,,,,,False,-121.753389,36.703869,-156424.3,-144450.6
2710878,True,A,Monterey,1.2137513085415077,1.2137561614532881,S,T20,T20,2,,,,,False,-121.709326,36.851304,-152198.4,-128138.2
2710838,True,A,Monterey,1.7237420146376887,1.7237489074320016,S,T20,T20,2,,,,,False,-121.709693,36.878636,-152176.3,-125100.2
2710795,False,B,Monterey,18.21777388530037,18.217846769289583,D,T30,T20 > T30,1,2022-10-19,,T30,2023-07-02,False,-121.664622,36.735103,-148445.1,-141122.4
2710792,True,A,Monterey,5.569982680352663,5.57000495973659,S,T20,T20,2,,,,,False,-121.796569,36.863239,-159940.4,-126668.2
2710733,True,A,Monterey,5.0939201623464605,5.093940560547934,S,T20,T20,2,,,,,False,-121.701995,36.870106,-151508.2,-126060.4
2722497,False,B,Monterey,10.251762288266844,10.251803285703113,D,T30,T20 > T30,1,2022-11-20,,T30,2023-07-26,False,-121.787941,36.837095,-159227.2,-129588.1
2710571,False,B,Monterey,18.021289265739057,18.02136134785775,D,T30,T20 > T30,1,2022-10-10,,T30,2023-07-01,False,-121.712031,36.68377,-152775.4,-146751.5
2724052,True,A,Monterey,10.904523350460567,10.904566976411942,S,T20,T20,2,,,,,False,-121.710668,36.911371,-152197.4,-121460.6
2724053,False,B,Monterey,19.821424455958674,19.821503730872895,S,T20,T20 > X,2,2022-12-04,,X,,False,-121.798198,36.869256,-160072.8,-125996.7
2722503,False,B,Monterey,7.544148626784332,7.544178804867552,T,T20,T20 > T30 > T20,1,2022-11-03,,T30,2023-04-20,False,-121.763403,36.871251,-156971.6,-125833.2
2710215,True,A,Monterey,1.990298519518919,1.9903064805897208,S,T20,T20,2,,,,,False,-121.79943,36.861239,-160199.4,-126885.6
2710214,True,A,Monterey,2.906130956178791,2.9061425786995136,S,T20,T20,2,,,,,False,-121.796727,36.863993,-159952.9,-126584.1
2710213,True,A,Monterey,6.034919743719923,6.03494387948532,S,T20,T20,2,,,,,False,-121.796998,36.862631,-159979.9,-126735.1
2710199,True,A,Monterey,0.6672516617014916,0.6672543350457307,S,T20,T20,2,,,,,False,-121.796781,36.86206,-159961.9,-126798.9
2722504,True,A,Monterey,5.0127356721985885,5.012755731250539,S,T20,T20,2,,,,,False,-121.704869,36.799815,-151904.5,-133867.3
2710060,False,B,Monterey,1.2465956338036535,1.2466006121574027,S,T20,T20 > X,2,2022-11-20,,X,,False,-121.694407,36.798651,-150974.7,-134013.3
2710027,False,B,Monterey,4.064734737768487,4.064750997388,D,T30,T20 > T30,1,2023-03-04,,T30,2023-09-20,False,-121.718293,36.785559,-153129.1,-135430.0
2722508,False,B,Monterey,8.120652473327048,8.120684965534219,D,T4,T20 > T4,1,2022-11-28,,T4,2023-08-27,False,-121.721342,36.734218,-153504.4,-141130.4
2717483,False,B,Monterey,21.26489705713632,21.26498209182595,S,T20,T20 > X,2,2022-10-26,,X,,False,-121.689569,36.786718,-150567.3,-135347.2
2717144,False,B,Monterey,10.048265877111232,10.048306071772368,T,T30,T20 > T4 > T30,1,2022-10-03,,T4,2023-04-20,False,-121.740703,36.689603,-155321.8,-146056.8
2717163,True,A,Monterey,12.010757324318508,12.010805382189714,S,T20,T20,2,,,,,False,-121.736304,36.694513,-154919.4,-145518.3
2722516,True,A,Monterey,19.381246972450203,19.381324483466543,S,T20,T20,2,,,,,False,-121.685685,36.711349,-150370.1,-143728.9
2725676,True,A,Monterey,34.35562322823219,34.35576121583235,S,T20,T20,2,,,,,False,-121.725192,36.911279,-153489.7,-121447.4
2725677,True,A,Monterey,45.47184468940493,45.4720264861915,S,T20,T20,2,,,,,False,-121.73077,36.907109,-153994.3,-121901.9
2722520,True,A,Monterey,16.682470951734025,16.682537769352194,S,T20,T20,2,,,,,False,-121.725485,36.905574,-153527.2,-122081.0
2722521,False,B,Monterey,6.967333297987734,6.967361214576639,S,T20,T20 > X,2,2022-11-28,,X,,False,-121.737305,36.90207,-154586.0,-122451.1
2722522,False,B,Monterey,26.870005550982427,26.870113014907155,S,T20,T20 > X,2,2023-01-30,,X,,False,-121.734827,36.901435,-154366.8,-122525.8
2722523,False,B,Monterey,42.33576602032115,42.335935898120425,D,G6,T20 > G6,1,2022-11-28,,G6,2023-02-23,False,-121.730907,36.90171,-154017.5,-122501.6
2718169,True,A,Monterey,2.8664172255414746,2.8664286922772644,S,T20,T20,2,,,,,False,-121.685165,36.88189,-149986.9,-124777.5
2718452,True,A,Monterey,1.779600911449991,1.7796080255032325,S,T20,T20,2,,,,,False,-121.682579,36.882502,-149755.5,-124713.7
2718453,True,A,Monterey,1.2981742224633739,1.2981794176086563,S,T20,T20,2,,,,,False,-121.683936,36.88111,-149879.0,-124866.2
2722526,False,B,Monterey,12.62812935629215,12.628179866759536,D,T30,T20 > T30,1,2022-11-12,,T30,2023-07-26,False,-121.789434,36.821451,-159393.0,-131324.1
2724056,False,B,Monterey,32.048411285315304,32.048539570356475,T,T30,T20 > T4 > T30,1,2022-11-10,,T4,2023-04-20,False,-121.785069,36.827942,-158990.6,-130610.1
2718960,True,A,Monterey,0.4159466552427966,0.41594831877330374,S,T20,T20,2,,,,,False,-121.742086,36.843912,-155130.1,-128906.6
2722529,False,B,Monterey,28.888925280841562,28.88904086400198,Q,T20,T20 > G6 > T30 > T20,1,2022-10-18,,G6,2023-03-19,False,-121.768168,36.849387,-157441.0,-128255.1
2722530,False,B,Monterey,50.03849201303741,50.03869212369144,D,T30,T20 > T30,1,2022-11-04,,T30,2023-08-19,False,-121.765473,36.836404,-157228.0,-129702.4
2722531,False,B,Monterey,19.29477138898135,19.29484862947632,S,T20,T20 > X,2,2022-11-04,,X,,False,-121.786606,36.83171,-159119.6,-130188.8
2722532,False,B,Monterey,18.510677669342613,18.510751876132137,D,T30,T20 > T30,1,2022-11-11,,T30,2023-06-16,False,-121.795839,36.831687,-159941.9,-130175.8
2718667,True,A,Monterey,1.670150470474471,1.67015714893042,S,T20,T20,2,,,,,False,-121.78849,36.840989,-159267.9,-129154.5
2718668,True,A,Monterey,1.319548939007201,1.3195542153856592,S,T20,T20,2,,,,,False,-121.788263,36.84035,-159249.1,-129225.8
2718669,True,A,Monterey,1.0359155312211243,1.0359196753150848,S,T20,T20,2,,,,,False,-121.787736,36.841184,-159200.4,-129134.1
2718670,True,A,Monterey,0.8363637915358383,0.8363671383388127,S,T20,T20,2,,,,,False,-121.787139,36.841288,-159147.0,-129123.5
2718671,True,A,Monterey,1.6532409279677702,1.6532475508947384,S,T20,T20,2,,,,,False,-121.787218,36.840566,-159155.6,-129203.5
2722534,True,A,Monterey,27.10492977250176,27.105038196911014,S,T20,T20,2,,,,,False,-121.75996,36.839687,-156730.3,-129346.6
2718602,True,A,Monterey,0.719041063595839,0.7190439349087376,S,T20,T20,2,,,,,False,-121.787942,36.841918,-159217.2,-129052.1
2724057,True,A,Monterey,5.9235565785365285,5.923580259987688,S,T20,T20,2,,,,,False,-121.787947,36.844836,-159211.5,-128727.9
2722535,True,A,Monterey,4.4221542251318775,4.422171938869063,S,T20,T20,2,,,,,False,-121.805522,36.850282,-160764.9,-128092.9
2722536,True,A,Monterey,6.5283401570524395,6.528366261527709,S,T20,T20,2,,,,,False,-121.80546,36.852107,-160755.4,-127890.3
2722537,True,A,Monterey,47.09352259397229,47.093711123509536,S,T20,T20,2,,,,,False,-121.799477,36.850584,-160226.0,-128069.7
2722538,True,A,Monterey,24.349272307763137,24.34936955132894,S,T20,T20,2,,,,,False,-121.802012,36.852082,-160448.5,-127898.9
2722539,False,B,Monterey,17.46535508578957,17.465424950696388,D,G6,T20 > G6,1,2022-10-19,,G6,2023-04-05,False,-121.790583,36.856368,-159422.0,-127441.8
2722542,True,A,Monterey,13.201093033972771,13.201145858438675,S,T20,T20,2,,,,,False,-121.69721,36.858027,-151106.3,-127410.4
2722543,False,B,Monterey,9.318904784708277,9.31894200548444,Q,T20,T20 > G6 > T30 > T20,1,2022-10-27,,G6,2023-03-19,False,-121.768427,36.860679,-157440.7,-126999.8
2722544,False,B,Monterey,17.51817766255594,17.518247805913266,Q,T20,T20 > G6 > T30 > T20,1,2022-11-11,,G6,2023-03-27,False,-121.769235,36.862611,-157508.7,-126783.8
2722545,False,B,Monterey,23.829272364773495,23.82936767922027,D,G6,T20 > G6,1,2022-10-18,,G6,2023-04-20,False,-121.773383,36.861568,-157880.0,-126892.7
2722546,False,B,Monterey,22.875164739360798,22.875256058517067,S,T20,T20 > X,2,2022-11-18,,X,,False,-121.781738,36.861336,-158624.3,-126904.6
2722547,False,B,Monterey,2.815309565627948,2.8153208054288714,S,T20,T20 > X,2,2022-11-27,,X,,False,-121.780434,36.860381,-158510.1,-127013.0
2722548,True,A,Monterey,5.784371723940602,5.784394855437572,S,T20,T20,2,,,,,False,-121.779944,36.863451,-158460.2,-126672.6
2722549,True,A,Monterey,26.834779191520198,26.834886570755597,S,T20,T20,2,,,,,False,-121.781704,36.86535,-158612.8,-126458.6
2722550,True,A,Monterey,5.128723560295987,5.128744059293628,S,T20,T20,2,,,,,False,-121.779378,36.865262,-158406.0,-126472.3
2725678,True,A,Monterey,38.57892031588629,38.57907466392746,S,T20,T20,2,,,,,False,-121.721317,36.902367,-153162.9,-122444.1
2722556,False,B,Monterey,34.05598841343333,34.05612463166351,S,T20,T20 > X,2,2023-02-07,,X,,False,-121.739905,36.899765,-154822.0,-122703.1
2716470,True,A,Monterey,3.1122677616109082,3.1122802098504945,S,T20,T20,2,,,,,False,-121.729363,36.885205,-153913.6,-124338.3
2718540,True,A,Monterey,1.5325835484599393,1.5325896780726262,S,T20,T20,2,,,,,False,-121.728397,36.885253,-153827.5,-124334.5
2722469,False,B,Monterey,18.15085526569901,18.15092774806736,S,T20,T20 > X,2,2022-10-19,,X,,False,-121.787057,36.882655,-159053.1,-124526.5
2722564,True,A,Monterey,22.113074524733825,22.113162930145222,S,T20,T20,2,,,,,False,-121.791889,36.87432,-159500.6,-125444.7
2722565,False,B,Monterey,13.12958758789512,13.129640109443862,D,G6,T20 > G6,1,2022-10-27,,G6,2023-03-12,False,-121.764642,36.870003,-157084.5,-125969.9
2722566,False,B,Monterey,6.355148913771318,6.355174352146762,T,T30,T20 > G6 > T30,1,2022-10-18,,G6,2023-03-20,False,-121.768244,36.868528,-157408.2,-126127.9
2722567,False,B,Monterey,9.139875015658207,9.139911548828804,T,T30,T20 > G6 > T30,1,2022-10-18,,G6,2023-03-27,False,-121.768881,36.86707,-157467.9,-126288.9
2722568,False,B,Monterey,17.78218345118117,17.78225456635384,T,T18,T20 > G6 > T18,1,2022-10-25,,G6,2023-03-20,False,-121.775529,36.870929,-158051.6,-125848.9
2722569,False,B,Monterey,8.036717191533644,8.036749255211529,T,T18,T20 > G6 > T18,1,2022-10-19,,G6,2023-04-19,False,-121.772628,36.870618,-157794.0,-125888.3
2722570,False,B,Monterey,8.136123664699179,8.136156216541913,T,T18,T20 > G6 > T18,1,2022-10-19,,G6,2023-04-13,False,-121.772445,36.872169,-157774.5,-125716.2
2722571,False,B,Monterey,8.281133952739557,8.281167060417635,T,T18,T20 > G6 > T18,1,2022-10-25,,G6,2023-04-13,False,-121.774686,36.872613,-157973.0,-125663.2
2718454,True,A,Monterey,1.1910724198744118,1.1910771813846253,S,T20,T20,2,,,,,False,-121.684529,36.880913,-149932.2,-124887.2
2722574,True,A,Monterey,4.044418464622983,4.044434639865252,S,T20,T20,2,,,,,False,-121.703391,36.879904,-151612.9,-124969.3
2722575,True,A,Monterey,13.275278279158863,13.27533139461582,S,T20,T20,2,,,,,False,-121.70482,36.877746,-151744.4,-125206.8
2718958,False,B,Monterey,1.4504460421887728,1.4504518455102156,D,G6,T20 > G6,1,2022-10-19,,G6,2023-03-04,False,-121.719036,36.802785,-153160.6,-133514.5
2716555,False,B,Monterey,8.998651580592584,8.998687597243256,T,T30,T20 > T4 > T30,1,2022-11-11,,T4,2023-03-19,False,-121.666743,36.653065,-148794.5,-150235.7
2725683,True,A,Monterey,37.74648732226658,37.74663832893451,S,T20,T20,2,,,,,False,-121.69762,36.657766,-151541.3,-149664.4
2722604,False,B,Monterey,58.02449067348594,58.02472277153254,D,T4,T20 > T4,1,2022-10-18,,T4,2023-07-26,False,-121.686935,36.643222,-150616.4,-151297.6
2717530,False,B,Monterey,17.127179049730046,17.127247528575893,D,T30,T20 > T30,1,2022-10-18,,T30,2023-05-15,False,-121.714679,36.647326,-153085.0,-150797.1
2722605,True,A,Monterey,36.845558992546565,36.84570643213057,S,T20,T20,2,,,,,False,-121.710139,36.649537,-152675.3,-150558.7
2722611,True,A,Monterey,31.383581817477214,31.38370732894129,S,T20,T20,2,,,,,False,-121.720118,36.652784,-153559.5,-150181.7
2722612,True,A,Monterey,29.68117070106241,29.681289443727657,S,T20,T20,2,,,,,False,-121.717325,36.651463,-153312.9,-150333.1
2725685,True,A,Monterey,19.124623230082005,19.124699718258377,S,T20,T20,2,,,,,False,-121.75034,36.68943,-156182.0,-146060.1
2722648,False,B,Monterey,8.317148296306492,8.317181622868928,D,G6,T20 > G6,1,2022-10-18,,G6,2023-03-20,False,-121.756881,36.698587,-156746.7,-145031.7
2718168,False,B,Monterey,13.665321626093341,13.665376279672893,T,T30,T20 > T18 > T30,1,2022-10-17,,T18,2023-04-19,False,-121.778637,36.738846,-158603.6,-140521.9
2722660,True,A,Monterey,43.782619839326756,43.78279501302517,S,T20,T20,2,,,,,False,-121.733937,36.733858,-154628.3,-141149.9
2724063,True,A,Monterey,14.021144322704824,14.02120040359619,S,T20,T20,2,,,,,False,-121.674634,36.74087,-149326.5,-140465.9
2722666,False,B,Monterey,19.8277095287153,19.827788840331383,S,T20,T20 > X,2,2022-11-28,,X,,False,-121.684594,36.731872,-150232.4,-141449.9
2722667,False,B,Monterey,18.860475794126387,18.860551232208085,S,T20,T20 > X,2,2022-11-28,,X,,False,-121.682256,36.731273,-150025.0,-141520.3
2722669,False,B,Monterey,20.44000612364557,20.440087980095132,S,T20,T20 > X,2,2022-11-20,,X,,False,-121.686089,36.728649,-150372.0,-141805.7
2722670,False,B,Monterey,9.598403495516566,9.598441723653933,S,T20,T20 > X,2,2022-11-20,,X,,False,-121.683392,36.72885,-150131.1,-141787.8
2724064,True,A,Monterey,3.380236272389565,3.3802497871451767,S,T20,T20,2,,,,,False,-121.662191,36.724462,-148249.1,-142308.7
2724065,True,A,Monterey,31.332443396170046,31.332568678228725,S,T20,T20,2,,,,,False,-121.664859,36.726451,-148483.1,-142083.5
2724066,True,A,Monterey,12.14479166532105,12.144840306507735,S,T20,T20,2,,,,,False,-121.669012,36.728021,-148850.4,-141902.5
2722675,False,B,Monterey,12.449028768305986,12.449078613604946,D,G6,T20 > G6,1,2022-10-18,,G6,2023-03-11,False,-121.751659,36.699549,-156278.9,-144933.5
2722676,False,B,Monterey,15.397997504009933,15.39805909247171,D,G6,T20 > G6,1,2022-10-18,,G6,2023-03-20,False,-121.750454,36.701484,-156167.5,-144720.4
2722677,False,B,Monterey,15.675598943541825,15.67566133252068,D,G6,T20 > G6,1,2022-10-18,,G6,2023-03-20,False,-121.750017,36.703412,-156124.5,-144506.9
2724067,False,B,Monterey,20.86010436514373,20.860187763712226,D,G6,T20 > G6,1,2022-10-18,,G6,2023-03-27,False,-121.750107,36.70561,-156128.0,-144262.5
2722680,False,B,Monterey,19.38463492970775,19.38471245060121,T,T4,T20 > T30 > T4,1,2022-10-26,,T30,2023-05-31,False,-121.664586,36.738446,-148435.4,-140751.0
2712658,True,A,Monterey,10.283628997210332,10.283670133934695,S,T20,T20,2,,,,,False,-121.748209,36.713423,-155942.7,-143397.4
2722727,True,A,Monterey,42.645565538982346,42.64573666841291,S,T20,T20,2,,,,,False,-121.769231,36.726819,-157789.9,-141874.0
2722728,True,A,Monterey,10.22438699393677,10.22442787297653,S,T20,T20,2,,,,,False,-121.771407,36.725379,-157986.9,-142030.4
2722729,True,A,Monterey,17.2148357430346,17.214904612128198,S,T20,T20,2,,,,,False,-121.771304,36.723291,-157982.1,-142262.6
2725688,True,A,Monterey,40.30303140758898,40.30319267997948,S,T20,T20,2,,,,,False,-121.771876,36.693911,-158094.1,-145526.5
2718033,True,A,Monterey,1.9930747853534172,1.9930827537601734,S,T20,T20,2,,,,,False,-121.771222,36.702696,-158017.5,-144551.4
2722741,True,A,Monterey,17.82409664075524,17.824167870324146,S,T20,T20,2,,,,,False,-121.707254,36.726173,-152264.3,-142047.2
2700652,True,A,Monterey,2.7599715256020554,2.7599825627190833,S,T20,T20,2,,,,,False,-121.700373,36.726845,-151649.4,-141983.6
2722743,False,B,Monterey,15.591188738159694,15.591251123797806,D,T4,T20 > T4,1,2022-12-14,,T4,2023-08-11,False,-121.689387,36.727656,-150668.1,-141910.9
2722744,False,B,Monterey,6.06156260327122,6.061586841298097,D,T4,T20 > T4,1,2022-11-27,,T4,2023-07-10,False,-121.698663,36.730321,-151490.0,-141599.9
2722745,False,B,Monterey,15.687369815494113,15.687432556054553,D,T4,T20 > T4,1,2022-11-27,,T4,2023-07-10,False,-121.701719,36.731413,-151760.3,-141473.7
2722746,True,A,Monterey,37.877607593243276,37.87775922115424,S,T20,T20,2,,,,,False,-121.705938,36.730257,-152138.9,-141595.5
2722748,False,B,Monterey,10.02823021056982,10.02827035556452,D,T4,T20 > T4,1,2022-11-27,,T4,2023-07-10,False,-121.699263,36.731992,-151540.1,-141413.3
2722750,False,B,Monterey,22.07011777359183,22.070206055590358,D,T4,T20 > T4,1,2022-11-27,,T4,2023-08-27,False,-121.729575,36.733679,-154239.6,-141176.9
2722751,False,B,Monterey,23.6134160359502,23.613510511891587,D,T4,T20 > T4,1,2022-12-22,,T4,2023-08-27,False,-121.730811,36.735501,-154346.2,-140972.5
2722752,False,B,Monterey,16.506172288261798,16.506238321304995,D,T4,T20 > T4,1,2022-12-14,,T4,2023-08-27,False,-121.726802,36.73574,-153988.2,-140952.4
2722754,False,B,Monterey,10.439078522994517,10.439120295419299,D,T30,T20 > T30,1,2022-11-28,,T30,2023-07-26,False,-121.717899,36.734401,-153197.1,-141115.7
2722756,False,B,Monterey,6.082785478064982,6.082809800729355,D,T4,T20 > T4,1,2022-11-27,,T4,2023-07-10,False,-121.697467,36.732093,-151379.8,-141404.9
2722757,False,B,Monterey,2.4361432554510176,2.4361530018862374,D,T4,T20 > T4,1,2022-11-27,,T4,2023-07-10,False,-121.70063,36.734503,-151657.1,-141132.1
2722758,False,B,Monterey,9.752814817978418,9.752853852429714,D,T4,T20 > T4,1,2022-11-27,,T4,2023-07-10,False,-121.698736,36.733749,-151489.6,-141219.0
2718977,False,B,Monterey,1.21892452843462,1.2189294027804618,D,T4,T20 > T4,1,2022-12-05,,T4,2023-08-19,False,-121.715216,36.737594,-152951.5,-140765.2
2722763,False,B,Monterey,20.760629198091724,20.76071222993112,D,T4,T20 > T4,1,2022-12-22,,T4,2023-08-02,False,-121.717837,36.736095,-153188.1,-140927.6
2722764,False,B,Monterey,7.692145385694445,7.6921761660578625,S,T20,T20 > X,2,2023-02-07,,X,,False,-121.721031,36.736687,-153471.7,-140856.6
2722765,False,B,Monterey,32.351120445350524,32.35124989512297,D,T4,T20 > T4,1,2022-12-05,,T4,2023-08-19,False,-121.718903,36.738198,-153279.0,-140692.1
2722766,False,B,Monterey,21.871483061622932,21.871570474477217,D,T4,T20 > T4,1,2022-12-05,,T4,2023-09-28,False,-121.717636,36.739695,-153162.9,-140527.8
2722767,True,A,Monterey,16.196042163986696,16.196106936393733,S,T20,T20,2,,,,,False,-121.747337,36.74336,-155803.6,-140072.2
2722769,True,A,Monterey,14.062668557671257,14.062724800400053,S,T20,T20,2,,,,,False,-121.677215,36.741594,-149555.3,-140381.2
2724068,True,A,Monterey,26.598826744086193,26.598933176583873,S,T20,T20,2,,,,,False,-121.672798,36.743753,-149157.2,-140148.3
2719058,True,A,Monterey,12.63212139511037,12.632171888967317,S,T20,T20,2,,,,,False,-121.755232,36.749564,-156494.8,-139369.6
2722778,True,A,Monterey,14.04255729089942,14.042613433229883,S,T20,T20,2,,,,,False,-121.74292,36.795737,-155302.8,-134258.8
2718185,True,A,Monterey,6.255243000769396,6.255267993298677,S,T20,T20,2,,,,,False,-121.719086,36.801467,-153167.8,-133660.9
2722779,True,A,Monterey,22.781393592548795,22.781484701746507,S,T20,T20,2,,,,,False,-121.716449,36.788071,-152959.8,-135153.8
2722780,True,A,Monterey,3.0524216493249186,3.0524338594842533,S,T20,T20,2,,,,,False,-121.703334,36.800192,-151767.0,-133827.8
2722795,True,A,Monterey,28.410749267180968,28.4108629210407,S,T20,T20,2,,,,,False,-121.670791,36.75512,-148956.0,-138888.3
2722799,True,A,Monterey,10.778582402298406,10.778625416915439,S,T20,T20,2,,,,,False,-121.677591,36.758385,-149555.7,-138514.7
2724070,True,A,Monterey,21.219541654622855,21.219626517895772,S,T20,T20,2,,,,,False,-121.673135,36.758228,-149158.8,-138539.2
2724071,True,A,Monterey,24.974424209917355,24.974524089053354,S,T20,T20,2,,,,,False,-121.669409,36.757939,-148827.3,-138577.2
2722802,True,A,Monterey,12.597007356085571,12.59705774793973,S,T20,T20,2,,,,,False,-121.669986,36.76019,-148874.3,-138326.1
2722804,False,B,Monterey,2.4149566293607303,2.4149662835924026,S,T20,T20 > X,2,2022-11-20,,X,,False,-121.691023,36.771747,-150726.6,-137008.6
2722805,False,B,Monterey,10.457029217608236,10.45707118187073,S,T20,T20 > X,2,2022-11-19,,X,,False,-121.6919,36.773666,-150800.9,-136793.9
2722806,False,B,Monterey,17.680825699167567,17.680896447183642,S,T20,T20 > X,2,2022-11-20,,X,,False,-121.698938,36.77364,-151428.2,-136785.6
2722807,False,B,Monterey,7.4188995328506335,7.418929196065874,S,T20,T20 > X,2,2022-11-27,,X,,False,-121.699198,36.774711,-151449.3,-136666.1
2718218,True,A,Monterey,2.9311195783155988,2.9311313044868106,S,T20,T20,2,,,,,False,-121.703044,36.778833,-151783.8,-136201.9
2722808,False,B,Monterey,5.596454100414986,5.596476518788653,S,T20,T20 > X,2,2023-01-06,,X,,False,-121.702324,36.778554,-151720.2,-136234.1
2722809,False,B,Monterey,5.152611336288164,5.152631943745121,S,T20,T20 > X,2,2022-11-28,,X,,False,-121.701345,36.777388,-151635.3,-136365.2
2724073,True,A,Monterey,9.363615862969915,9.3636533291443,S,T20,T20,2,,,,,False,-121.692758,36.778988,-150866.8,-136201.1
2724074,False,B,Monterey,11.905380309097904,11.905427932452596,S,T20,T20 > X,2,2023-01-07,,X,,False,-121.697251,36.780388,-151264.5,-136038.4
2722811,False,B,Monterey,7.048354221949929,7.048382378660017,S,T20,T20 > X,2,2023-01-06,,X,,False,-121.69972,36.779714,-151485.8,-136109.4
2722812,False,B,Monterey,19.85438731195298,19.854466719118527,S,T20,T20 > X,2,2022-11-11,,X,,False,-121.689221,36.782776,-150544.1,-135785.8
2722834,False,B,Monterey,74.07017385496749,74.07047004701894,D,T30,T20 > T30,1,2022-10-18,,T30,2023-08-02,False,-121.760283,36.891632,-156651.9,-123573.4
2701084,True,A,Monterey,3.7108342449205822,3.710849084103812,S,T20,T20,2,,,,,False,-121.662865,36.86146,-148042.1,-127083.1
2722840,False,B,Monterey,7.744801031903094,7.744832011115176,T,T4,T20 > T30 > T4,1,2022-11-04,,T30,2023-04-20,False,-121.745153,36.795707,-155501.8,-134258.5
2722848,True,A,Monterey,32.24213131156644,32.24226017687084,S,T20,T20,2,,,,,False,-121.742284,36.704185,-155433.1,-144433.8
2722849,True,A,Monterey,51.28987594892178,51.29008106967709,S,T20,T20,2,,,,,False,-121.778462,36.689751,-158690.4,-145977.7
2724077,False,B,Monterey,53.253777577353645,53.25399169185642,S,T20,T20 > X,2,2022-11-19,,X,,False,-121.67869,36.771114,-149628.7,-137098.4
2713172,False,B,Monterey,7.764639406355327,7.7646704660387,S,T20,T20 > X,2,2022-10-26,,X,,False,-121.766216,36.877784,-157208.4,-125102.6
2715711,False,B,Monterey,1.022024996574562,1.0220290870618352,S,T20,T20 > X,2,2022-12-22,,X,,False,-121.789421,36.859776,-159311.4,-127065.0
2710827,False,B,Monterey,5.8085561392195615,5.808579376274669,S,T20,T20 > X,2,2022-11-03,,X,,False,-121.789734,36.859231,-159340.5,-127125.1
2700159,False,B,Monterey,7.201720173079727,7.201748958599077,S,T20,T20 > X,2,2023-01-07,,X,,False,-121.790405,36.858663,-159401.4,-127187.1
2701205,False,B,Monterey,2.2438003676085705,2.243809342081126,S,T20,T20 > X,2,2022-11-20,,X,,False,-121.787831,36.857904,-159173.9,-127275.8
2710577,False,B,Monterey,2.4358861596764045,2.435895903409547,S,T20,T20 > X,2,2022-11-20,,X,,False,-121.787613,36.858786,-159152.6,-127178.2
2715217,False,B,Monterey,0.33638172724718174,0.3363830763775182,S,T20,T20 > X,2,2022-11-03,,X,,False,-121.788072,36.859311,-159192.3,-127119.1
2723663,True,A,Monterey,0.9855646928646477,0.9855686349309666,S,T20,T20,2,,,,,False,-121.696691,36.814375,-151146.9,-132262.3
2722873,False,B,Monterey,7.497931638930032,7.497961694924998,S,T20,T20 > X,2,2022-10-27,,X,,False,-121.703428,36.78827,-151799.1,-135152.6
2722874,True,A,Monterey,3.442727509509315,3.4427412725985707,S,T20,T20,2,,,,,False,-121.670093,36.768364,-148867.8,-137417.6
2722875,True,A,Monterey,5.695484905860211,5.695507700982168,S,T20,T20,2,,,,,False,-121.695995,36.764293,-151184.6,-137829.0
2711919,True,A,Monterey,9.636571452745235,9.63660997666421,S,T20,T20,2,,,,,False,-121.788943,36.86978,-159247.9,-125954.2
2714436,True,A,Monterey,4.544229285768636,4.544247659187644,S,T20,T20,2,,,,,False,-121.705583,36.773826,-152020.0,-136754.3
2722918,True,A,Monterey,29.56504087588606,29.565159180370596,S,T20,T20,2,,,,,False,-121.678563,36.638185,-149878.9,-151870.6
2722919,True,A,Monterey,33.56293212151577,33.56306633640413,S,T20,T20,2,,,,,False,-121.679899,36.636538,-150001.4,-152051.4
2722924,False,B,Monterey,26.890123282867503,26.890230856933425,T,T18,T20 > G6 > T18,1,2022-11-10,,G6,2023-03-20,False,-121.774111,36.868615,-157930.2,-126108.4
2724916,True,A,Monterey,41.677258014689,41.67742474467929,S,T20,T20,2,,,,,False,-121.778615,36.691614,-158700.2,-145770.6
2724083,False,B,Monterey,4.275452452207108,4.27546955814527,D,G6,T20 > G6,1,2022-10-18,,G6,2023-03-11,False,-121.75518,36.699389,-156593.3,-144945.5
2724788,True,A,Monterey,7.341163181047932,7.341192544059831,S,T20,T20,2,,,,,False,-121.679808,36.750932,-149768.0,-139339.5
2724789,True,A,Monterey,8.407904356995306,8.407937994924831,S,T20,T20,2,,,,,False,-121.67889,36.752757,-149682.6,-139138.1
2724790,True,A,Monterey,10.661748745518567,10.661791400808033,S,T20,T20,2,,,,,False,-121.678054,36.750064,-149613.4,-139438.7
2701607,True,A,Monterey,29.351151120782486,29.351268548454357,S,T20,T20,2,,,,,False,-121.676281,36.754313,-149447.0,-138969.3
2724742,True,A,Monterey,5.20254013353353,5.20256094433845,S,T20,T20,2,,,,,False,-121.680336,36.756863,-149803.4,-138679.6
2724084,True,A,Monterey,6.472775549289613,6.472801456792002,S,T20,T20,2,,,,,False,-121.67762,36.764165,-149546.9,-137872.4
2723787,False,B,Monterey,2.487180650362603,2.4871906045759444,S,T20,T20 > X,2,2023-01-06,,X,,False,-121.713695,36.775954,-152738.7,-136504.7
2724786,True,A,Monterey,9.1814248437708,9.181461556647454,S,T20,T20,2,,,,,False,-121.704588,36.775133,-151928.8,-136610.7
2724825,True,A,Monterey,1.5978470981901987,1.5978535000178018,S,T20,T20,2,,,,,False,-121.712818,36.769679,-152673.1,-137203.5
2724822,True,A,Monterey,3.701356736237209,3.701371541955235,S,T20,T20,2,,,,,False,-121.708177,36.769336,-152260.2,-137249.1
2724827,True,A,Monterey,4.456533502287824,4.456551328626024,S,T20,T20,2,,,,,False,-121.709028,36.77007,-152334.6,-137166.1
2724772,True,A,Monterey,4.15247073226409,4.152487343345532,S,T20,T20,2,,,,,False,-121.706617,36.764866,-152130.1,-137748.3
2724800,True,A,Monterey,1.2348279683929522,1.2348329075131177,S,T20,T20,2,,,,,False,-121.70554,36.765238,-152033.4,-137708.7
2724820,True,A,Monterey,0.5650027296029471,0.5650049907655444,S,T20,T20,2,,,,,False,-121.704692,36.765667,-151957.0,-137662.4
2724821,True,A,Monterey,1.0582126135213035,1.0582168462662733,S,T20,T20,2,,,,,False,-121.705087,36.765966,-151991.6,-137628.6
2724914,True,A,Monterey,7.336734899898557,7.336764258232007,S,T20,T20,2,,,,,False,-121.744586,36.797037,-155448.6,-134111.7
2724087,True,A,Monterey,29.397663901048606,29.397781384861215,S,T20,T20,2,,,,,False,-121.694195,36.843958,-150865.9,-128978.7
2724815,True,A,Monterey,0.9622376289519179,0.9622414778293661,S,T20,T20,2,,,,,False,-121.738597,36.846155,-154814.9,-128662.9
2724872,True,A,Monterey,6.612453617086797,6.612480059915024,S,T20,T20,2,,,,,False,-121.78772,36.835394,-159211.1,-129777.5
2724756,True,A,Monterey,5.43195047375508,5.43197221232311,S,T20,T20,2,,,,,False,-121.723742,36.905689,-153371.9,-122071.0
2724831,False,B,Monterey,0.954084056065825,0.954087883816271,D,G6,T20 > G6,1,2022-10-19,,G6,2023-03-19,False,-121.676619,36.852335,-149284.4,-128075.6
2724832,False,B,Monterey,0.6899494333638656,0.6899521891669139,D,G6,T20 > G6,1,2022-10-18,,G6,2023-04-05,False,-121.676241,36.851179,-149253.1,-128204.7
2724089,False,B,Monterey,0.8561199388326772,0.8561233659372242,S,T20,T20 > X,2,2023-02-23,,X,,False,-121.701281,36.861469,-151461.8,-127021.4
2724774,True,A,Monterey,10.164128217792088,10.164168859716842,S,T20,T20,2,,,,,False,-121.674349,36.765257,-149253.2,-137756.2
2724823,True,A,Monterey,2.2146857593152554,2.214694620061539,S,T20,T20,2,,,,,False,-121.707455,36.768512,-152197.5,-137341.8
2724830,True,A,Monterey,8.57785835482313,8.577892705056572,S,T20,T20,2,,,,,False,-121.753808,36.752109,-156362.6,-139089.2
2724911,True,A,Monterey,4.872969423444962,4.872988907106669,S,T20,T20,2,,,,,False,-121.755647,36.75095,-156528.9,-139215.0
2724889,True,A,Monterey,19.580624546076727,19.58070286128782,S,T20,T20,2,,,,,False,-121.697605,36.653945,-151547.6,-150089.0
2724805,False,B,Monterey,2.070434936076909,2.070443207228579,S,T20,T20 > X,2,2023-01-22,,X,,False,-121.72826,36.871847,-153842.5,-125824.6
2724777,True,A,Monterey,1.6527140195828056,1.6527206283623046,S,T20,T20,2,,,,,False,-121.715223,36.802511,-152821.5,-133551.0
2724836,False,B,Monterey,0.6484433273190388,0.6484459227673398,S,T20,T20 > X,2,2022-10-26,,X,,False,-121.70134,36.863764,-151462.5,-126766.3
2724098,False,B,Monterey,0.5185921365025667,0.5185942102152029,S,T20,T20 > X,2,2022-10-26,,X,,False,-121.702225,36.864511,-151539.8,-126681.8
2724099,True,A,Monterey,10.978978663677392,10.97902258558606,S,T20,T20,2,,,,,False,-121.693196,36.860251,-150744.5,-127169.7
2724860,False,B,Monterey,2.3200603602396526,2.3200696429887877,D,T4,T20 > T4,1,2022-11-20,,T4,2023-07-10,False,-121.699672,36.860609,-151320.4,-127119.5
2724812,True,A,Monterey,0.8971110859546187,0.8971146736776608,S,T20,T20,2,,,,,False,-121.723065,36.866852,-153390.2,-126388.1
2724828,False,B,Monterey,6.382142373709893,6.3821679085332885,S,T20,T20 > X,2,2023-01-22,,X,,False,-121.673763,36.852558,-149029.7,-128055.4
2724833,False,B,Monterey,1.5546309207831202,1.5546371296848744,S,T20,T20 > X,2,2023-01-07,,X,,False,-121.705129,36.785833,-151955.6,-135420.6
2724100,True,A,Monterey,0.8279213803245985,0.8279246938275485,S,T20,T20,2,,,,,False,-121.726729,36.887628,-153674.3,-124073.3
2724101,True,A,Monterey,1.0203209411321956,1.020325022553921,S,T20,T20,2,,,,,False,-121.727222,36.887486,-153718.4,-124088.3
2724102,True,A,Monterey,0.8116530245595415,0.8116562709881936,S,T20,T20,2,,,,,False,-121.726102,36.887206,-153619.3,-124121.3
2724862,True,A,Monterey,12.972457836252321,12.972509739322515,S,T20,T20,2,,,,,False,-121.767058,36.841014,-157359.6,-129187.5
2724105,True,A,Monterey,1.1726151682332635,1.1726198274895747,S,T20,T20,2,,,,,False,-121.720555,36.784829,-153332.2,-135507.4
2724106,True,A,Monterey,0.8810571391859913,0.8810606625734974,S,T20,T20,2,,,,,False,-121.720452,36.784196,-153324.3,-135577.9
2724107,True,A,Monterey,0.7628173965708593,0.7628204472973187,S,T20,T20,2,,,,,False,-121.720574,36.783672,-153336.2,-135635.9
2724108,True,A,Monterey,0.7734942243787742,0.773497318452061,S,T20,T20,2,,,,,False,-121.721579,36.78412,-153424.9,-135584.6
2724109,True,A,Monterey,0.4223296477675171,0.4223313367027236,S,T20,T20,2,,,,,False,-121.722126,36.784486,-153472.9,-135543.0
2724110,True,A,Monterey,0.21600972522632347,0.21601058853372768,S,T20,T20,2,,,,,False,-121.721503,36.784827,-153416.7,-135506.2
2706910,True,A,Monterey,22.572793988214123,22.572884308414764,S,T20,T20,2,,,,,False,-121.238793,36.348356,-111035.3,-184682.0
2724418,True,A,Monterey,1.8300241609391406,1.8300314771860495,S,T20,T20,2,,,,,False,-121.687268,36.856659,-150223.9,-127578.2
2724419,True,A,Monterey,1.5894800949623173,1.5894864433280709,S,T20,T20,2,,,,,False,-121.688147,36.85789,-150299.8,-127440.1
2724912,False,B,Monterey,1.7954687354637786,1.7954759137335166,S,T20,T20 > X,2,2022-11-19,,X,,False,-121.691414,36.772397,-150760.1,-136935.8
2724913,False,B,Monterey,3.9725133865203457,3.9725292809560546,S,T20,T20 > X,2,2022-11-20,,X,,False,-121.693028,36.774242,-150900.3,-136728.2
2724423,False,B,Monterey,35.3212864130198,35.32142767837479,T,T4,T20 > G6 > T4,1,2022-11-10,,G6,2023-03-19,False,-121.791238,36.846918,-159500.2,-128491.0
2726511,False,B,Monterey,8.85655958777871,8.856595020112668,D,T30,T20 > T30,1,2022-10-10,,T30,2023-08-02,False,-121.681926,36.90064,-149661.7,-122699.0
2726512,False,B,Monterey,10.207959953816408,10.208000766079998,T,T30,T20 > T30 > T30,1,2022-10-10,,T30,2023-05-31,False,-121.681885,36.898757,-149661.7,-122908.3
2726513,False,B,Monterey,10.853927277684901,10.853970688208715,S,T20,T20 > X,2,2022-10-11,,X,,False,-121.679692,36.898464,-149467.2,-122944.3
2723983,False,B,Monterey,12.08709469071655,12.08714306365951,S,T20,T20 > X,2,2022-10-11,,X,,False,-121.679689,36.900622,-149462.7,-122704.5
2725948,True,A,Monterey,14.771063213061876,14.771122245505342,S,T20,T20,2,,,,,False,-121.706384,36.746225,-152146.6,-139820.3
2725949,True,A,Monterey,0.83604401392056,0.8360473629672212,S,T20,T20,2,,,,,False,-121.705866,36.743943,-152105.0,-140074.6
2725950,True,A,Monterey,0.15303599146975658,0.1530366025813456,S,T20,T20,2,,,,,False,-121.705694,36.744603,-152088.4,-140001.6
2726554,True,A,Monterey,6.060109856071165,6.060134095154734,S,T20,T20,2,,,,,False,-121.687164,36.903269,-150122.5,-122398.5
2726556,True,A,Monterey,2.59472337242424,2.594733749448262,S,T20,T20,2,,,,,False,-121.774053,36.882505,-157896.1,-124565.0
2726568,True,A,Monterey,3.397740234195094,3.3977538256857764,S,T20,T20,2,,,,,False,-121.77307,36.882263,-157809.1,-124593.5
2726604,True,A,Monterey,12.786007509614343,12.78605863119589,S,T20,T20,2,,,,,False,-121.763004,36.883809,-156910.1,-124438.4
2726547,True,A,Monterey,23.594859618117244,23.594953967578654,S,T20,T20,2,,,,,False,-121.752847,36.887581,-155998.6,-124035.9
2726581,True,A,Monterey,9.509533318953126,9.509571354143908,S,T20,T20,2,,,,,False,-121.756181,36.88345,-156303.7,-124489.5
2726550,True,A,Monterey,14.249639977309705,14.249696989380471,S,T20,T20,2,,,,,False,-121.751794,36.885112,-155909.9,-124312.1
2727142,True,A,Monterey,2.6233783388098577,2.6233888860474117,S,T20,T20,2,,,,,False,-121.739143,36.885991,-154782.3,-124235.1
2726570,True,A,Monterey,4.884537565446844,4.884557156089201,S,T20,T20,2,,,,,False,-121.749073,36.88201,-155674.1,-124661.2
2725965,True,A,Monterey,1.2894284633651987,1.2894336192357254,S,T20,T20,2,,,,,False,-121.666459,36.877471,-148330.8,-125298.1
2725966,True,A,Monterey,0.2998202507983356,0.29982144933055976,S,T20,T20,2,,,,,False,-121.665634,36.877504,-148257.3,-125295.8
2725967,True,A,Monterey,0.1656770985151769,0.16567776157705785,S,T20,T20,2,,,,,False,-121.665529,36.877178,-148248.5,-125332.1
2726539,True,A,Monterey,1.7137543728353273,1.7137612150609929,S,T20,T20,2,,,,,False,-121.793505,36.862915,-159668.4,-126709.4
2726589,True,A,Monterey,2.0668844939508895,2.0668927580981444,S,T20,T20,2,,,,,False,-121.794034,36.86219,-159717.0,-126789.1
2725976,True,A,Monterey,0.3233868892751399,0.3233881828490013,S,T20,T20,2,,,,,False,-121.718799,36.858023,-153028.3,-127376.2
2726486,True,A,Monterey,0.3928743429809,0.39287591476096245,S,T20,T20,2,,,,,False,-121.719058,36.855873,-153055.7,-127614.8
2726482,True,A,Monterey,0.1755594109468256,0.17556011275007,S,T20,T20,2,,,,,False,-121.703382,36.866347,-151639.2,-126475.9
2726442,True,A,Monterey,3.430157398511535,3.4301711232803074,S,T20,T20,2,,,,,False,-121.704895,36.858301,-151789.9,-127367.7
2726443,True,A,Monterey,3.1972397070606307,3.197252496828092,S,T20,T20,2,,,,,False,-121.70334,36.858779,-151650.6,-127317.1
2725982,True,A,Monterey,13.915307516933698,13.91536314440988,S,T20,T20,2,,,,,False,-121.796044,36.846526,-159928.9,-128526.4
2726590,True,A,Monterey,6.926150473388751,6.926178183306255,S,T20,T20,2,,,,,False,-121.751869,36.847796,-155993.2,-128458.9
2726623,True,A,Monterey,0.6577638377849763,0.6577664705354861,S,T20,T20,2,,,,,False,-121.708823,36.851381,-152153.4,-128130.4
2726559,True,A,Monterey,0.1095623210076874,0.1095627589846742,S,T20,T20,2,,,,,False,-121.67048,36.849979,-148742.5,-128347.1
2726576,True,A,Monterey,0.2539227071474774,0.2539237230313646,S,T20,T20,2,,,,,False,-121.790454,36.826297,-159473.7,-130783.8
2726532,True,A,Monterey,0.22467242485810748,0.22467332190124842,S,T20,T20,2,,,,,False,-121.78956,36.826296,-159394.1,-130785.4
2726665,True,A,Monterey,9.41257250768291,9.412610133401449,S,T20,T20,2,,,,,False,-121.09542,36.098016,-98506.6,-212656.4
2726514,True,A,Monterey,1.1135835660813982,1.1135880203924606,S,T20,T20,2,,,,,False,-121.696077,36.81357,-151093.8,-132352.8
2726507,True,A,Monterey,1.0609643621329015,1.060968606650116,S,T20,T20,2,,,,,False,-121.720289,36.80323,-153271.4,-133463.0
2726617,False,B,Monterey,1.2994527312567046,1.2994579306361818,S,T20,T20 > X,2,2022-10-18,,X,,False,-121.716679,36.79995,-152956.4,-133833.4
2726035,True,A,Monterey,0.5723537464534156,0.5723560343156504,S,T20,T20,2,,,,,False,-121.705767,36.799272,-151985.6,-133926.1
2726619,True,A,Monterey,5.720010108530923,5.720032988886187,S,T20,T20,2,,,,,False,-121.76474,36.790489,-157257.7,-134806.0
2726039,True,A,Monterey,0.14250624909946782,0.14250681813191812,S,T20,T20,2,,,,,False,-121.716571,36.78579,-152975.2,-135407.1
2726040,True,A,Monterey,0.10274607898652983,0.10274648988739019,S,T20,T20,2,,,,,False,-121.71614,36.785362,-152937.7,-135455.3
2726041,False,B,Monterey,1.2033783711774684,1.203383183866879,S,T20,T20 > X,2,2023-01-22,,X,,False,-121.703611,36.787436,-151817.2,-135245.0
2726642,False,B,Monterey,1.28006023867596,1.2800653622913,D,T4,T20 > T4,1,2022-11-20,,T4,2023-06-24,False,-121.70155,36.779674,-151649.0,-136110.8
2726643,False,B,Monterey,4.222138331151901,4.222155217803325,S,T20,T20 > X,2,2023-02-16,,X,,False,-121.70106,36.77861,-151607.4,-136229.9
2726646,False,B,Monterey,1.585513602288944,1.5855199433631126,D,T4,T20 > T4,1,2022-11-20,,T4,2023-06-23,False,-121.698889,36.780521,-151410.2,-136020.9
2726644,False,B,Monterey,1.9228821090694044,1.9228897966962581,S,T20,T20 > X,2,2023-01-07,,X,,False,-121.695597,36.779468,-151118.9,-136143.2
2726645,True,A,Monterey,3.123466986677738,3.1234794771512893,S,T20,T20,2,,,,,False,-121.695245,36.77987,-151086.8,-136099.2
2726045,True,A,Monterey,1.114424194233843,1.1144286556022847,S,T20,T20,2,,,,,False,-121.670162,36.769993,-148870.8,-137236.5
2726592,True,A,Monterey,4.343516347707152,4.343533681385744,S,T20,T20,2,,,,,False,-121.704051,36.758181,-151914.8,-138495.3
2726555,True,A,Monterey,2.274624940657674,2.274634009372015,S,T20,T20,2,,,,,False,-121.705868,36.758188,-152076.7,-138491.6
2726046,True,A,Monterey,9.972233780814529,9.972273625643638,S,T20,T20,2,,,,,False,-121.63886,36.759225,-146101.6,-138481.8
2726047,True,A,Monterey,7.755213764884565,7.755244816671594,S,T20,T20,2,,,,,False,-121.639548,36.756107,-146169.0,-138827.2
2726048,True,A,Monterey,2.010212910122964,2.0102209519476477,S,T20,T20,2,,,,,False,-121.638491,36.751333,-146083.9,-139359.3
2726049,True,A,Monterey,7.115395254502699,7.115423717753335,S,T20,T20,2,,,,,False,-121.637414,36.752118,-145986.4,-139273.7
2726052,False,B,Monterey,8.441938181586032,8.441971943902578,D,T30,T20 > T30,1,2022-11-28,,T30,2023-07-01,False,-121.6606,36.752031,-148053.5,-139247.5
2726053,False,B,Monterey,10.27008670644629,10.27012778052105,D,T30,T20 > T30,1,2022-11-28,,T30,2023-07-26,False,-121.659287,36.751718,-147937.1,-139284.4
2726527,False,B,Monterey,8.685996848492001,8.686031575340433,D,T4,T20 > T4,1,2022-10-03,,T4,2023-06-24,False,-121.755674,36.739651,-156554.5,-140470.6
2726528,False,B,Monterey,10.657520123141207,10.657562854166224,D,T4,T20 > T4,1,2022-10-18,,T4,2023-08-27,False,-121.754839,36.738889,-156481.6,-140556.5
2726058,False,B,Monterey,14.535335658199845,14.535393808056584,S,T20,T20 > X,2,2022-12-13,,X,,False,-121.639535,36.746298,-146186.6,-139917.3
2726059,False,B,Monterey,10.487473413836604,10.4875153598099,D,T30,T20 > T30,1,2022-12-13,,T30,2023-07-18,False,-121.641849,36.743575,-146398.2,-140216.4
2722682,False,B,Monterey,2.5190934162535585,2.5191034932096272,S,T20,T20 > X,2,2022-12-13,,X,,False,-121.636208,36.740705,-145900.7,-140544.0
2719370,False,B,Monterey,16.125817532164355,16.125882024238845,D,T30,T20 > T30,1,2022-12-06,,T30,2023-07-10,False,-121.637944,36.741948,-146053.1,-140403.2
2727165,False,B,Monterey,1.3004818561799336,1.3004870566280047,S,T20,T20 > X,2,2022-12-13,,X,,False,-121.634699,36.740069,-145767.4,-140616.9
2726566,True,A,Monterey,1.4996605113406147,1.4996665107229805,S,T20,T20,2,,,,,False,-121.661462,36.72911,-148175.0,-141793.3
2700801,True,A,Monterey,34.689461740358,34.68960050968334,S,T20,T20,2,,,,,False,-121.776597,36.718467,-158464.2,-142789.9
2726545,False,B,Monterey,9.921669325512768,9.92170900878516,D,T4,T20 > T4,1,2022-10-26,,T4,2023-09-19,False,-121.715169,36.71454,-152993.5,-143327.2
2726277,False,B,Monterey,9.297484395996005,9.297521425055626,S,T20,T20 > X,2,2023-02-23,,X,,False,-121.600979,36.709865,-142817.6,-144024.9
2726308,False,B,Monterey,7.233105334374315,7.233134262976707,S,T20,T20 > X,2,2023-01-22,,X,,False,-121.59303,36.713209,-142102.3,-143665.2
2723985,False,B,Monterey,67.09667815531162,67.0969465638461,T,T4,T20 > T30 > T4,1,2022-11-12,,T30,2023-07-09,False,-121.69413,36.688929,-151167.9,-146206.9
2712293,False,B,Monterey,25.74755503467185,25.747658234000696,T,T30,T20 > T4 > T30,1,2022-10-18,,T4,2023-04-20,False,-121.688926,36.686974,-150707.5,-146432.5
2726473,False,B,Monterey,16.32423427664478,16.3242995740221,D,T30,T20 > T30,1,2022-10-11,,T30,2023-06-16,False,-121.685614,36.684753,-150416.4,-146684.5
2726662,True,A,Monterey,3.4911178753798042,3.491131843236386,S,T20,T20,2,,,,,False,-121.727676,36.674697,-154189.8,-147734.5
2726253,True,A,Monterey,12.682193212174525,12.682243797032834,S,T20,T20,2,,,,,False,-121.582782,36.675239,-141258.7,-147900.0
2726269,True,A,Monterey,2.2334280499839307,2.2334369808769723,S,T20,T20,2,,,,,False,-121.55282,36.667517,-138598.9,-148802.3
2726573,True,A,Monterey,1.686332708274059,1.686339449448078,S,T20,T20,2,,,,,False,-121.705993,36.645829,-152312.5,-150977.4
2724016,False,B,Monterey,5.836121552433025,5.836144887809338,D,T4,T20 > T4,1,2022-10-11,,T4,2023-07-09,False,-121.707458,36.642812,-152449.4,-151310.3
2726565,False,B,Monterey,2.8673018533134518,2.8673133237811217,D,T4,T20 > T4,1,2022-10-11,,T4,2023-08-10,False,-121.706186,36.643858,-152333.8,-151196.1
2726234,False,B,Monterey,7.029645858130897,7.029673970662128,T,T4,T20 > T4 > T4,1,2022-10-18,,T4,2023-05-15,False,-121.536126,36.650622,-137139.4,-150704.1
2726537,False,B,Monterey,13.75967586012255,13.75973089460102,D,T30,T20 > T30,1,2022-10-26,,T30,2023-07-02,False,-121.69106,36.64059,-150989.9,-151583.5
2726265,True,A,Monterey,1.3218112683285905,1.3218165569230793,S,T20,T20,2,,,,,False,-121.668743,36.635322,-149007.7,-152204.2
2723861,False,B,Monterey,18.7588596065037,18.758934617925288,T,T30,T20 > T30 > T30,1,2022-11-03,,T30,2023-06-16,False,-121.66901,36.623298,-149055.2,-153540.0
2726300,False,B,Monterey,10.552974722247427,10.553016917616901,D,T30,T20 > T30,1,2022-11-04,,T30,2023-07-09,False,-121.670068,36.625195,-149145.9,-153327.5
2726207,False,B,Monterey,10.819938289884147,10.819981556747143,D,T30,T20 > T30,1,2022-10-19,,T30,2023-06-23,False,-121.585266,36.621897,-141579.5,-153824.0
2726083,False,B,Monterey,1.5305258581118912,1.5305319798673858,D,T4,T20 > T4,1,2022-11-04,,T4,2023-08-02,False,-121.683427,36.62199,-150345.1,-153662.5
2726503,True,A,Monterey,10.081440763675213,10.081481087751762,S,T20,T20,2,,,,,False,-121.665206,36.828604,-148314.7,-130730.7
2726120,True,A,Monterey,0.3457781492311228,0.3457795323781142,S,T20,T20,2,,,,,False,-121.700769,36.868637,-151402.0,-126225.6
2727190,True,A,Monterey,1.1964571820740455,1.1964619676765536,S,T20,T20,2,,,,,False,-121.711174,36.775066,-152515.9,-136607.6
2726593,False,B,Monterey,12.053853782823218,12.053901970315568,D,T4,T20 > T4,1,2022-11-11,,T4,2023-07-25,False,-121.732126,36.737576,-154459.2,-140739.8
2726597,False,B,Monterey,13.033776192688972,13.033828286847113,T,T30,T20 > T4 > T30,1,2022-10-03,,T4,2023-06-15,False,-121.736521,36.708512,-154910.3,-143962.4
2724472,False,B,Monterey,0.8723602551985927,0.8723637279072837,S,T20,T20 > X,2,2022-12-06,,X,,False,-121.538915,36.625422,-137433.8,-153500.4
2726123,False,B,Monterey,4.258158109290673,4.258175142802679,D,T4,T20 > T4,1,2022-10-26,,T4,2023-06-16,False,-121.684454,36.616879,-150446.9,-154228.8
2726629,False,B,Monterey,21.14274295658966,21.1428275014676,T,T30,T20 > T30 > T30,1,2022-10-27,,T30,2023-05-22,False,-121.727206,36.896279,-153699.2,-123111.1
2723987,False,B,Monterey,20.66060455714797,20.66068760471949,S,T20,T20 > X,2,2023-01-06,,X,,False,-121.711769,36.774864,-152569.2,-136629.0
2714782,True,A,Monterey,54.71164351805384,54.71186227676845,S,T20,T20,2,,,,,False,-121.767953,36.857979,-157404.1,-127300.6
2722414,False,B,Monterey,10.744836569682606,10.744879525655856,D,T30,T20 > T30,1,2022-12-06,,T30,2023-07-26,False,-121.633645,36.741314,-145671.1,-140480.2
2722674,False,B,Monterey,8.508643588708711,8.5086776387728,D,G6,T20 > G6,1,2022-10-18,,G6,2023-04-12,False,-121.7568,36.701173,-156734.1,-144744.6
2722813,False,B,Monterey,21.97378339678707,21.97387127503206,S,T20,T20 > X,2,2022-10-27,,X,,False,-121.693813,36.787378,-150944.2,-135267.1
2727140,False,B,Monterey,26.322709052521468,26.32281431754153,D,G6,T20 > G6,1,2022-11-10,,G6,2023-03-20,False,-121.790414,36.843542,-159433.9,-128867.5
2726144,True,A,Monterey,115.69689453799748,115.6973572042587,S,T20,T20,2,,,,,False,-121.770829,36.697504,-157993.2,-145129.0
