{
"type": "FeatureCollection",
"name": "01c_optical_water_mask",
"crs": { "type": "name", "properties": { "name": "urn:ogc:def:crs:OGC:1.3:CRS84" } },
"features": [
{ "type": "Feature", "properties": { "area_ha": 0.51989863037208883, "count": 13, "min_ha": 0.2, "post_date": "2023-03-25" }, "geometry": { "type": "Polygon", "coordinates": [ [ [ -120.651143364074329, 36.196872686956958 ], [ -120.65114183467459, 36.196692705079052 ], [ -120.650919152951701, 36.196693940999189 ], [ -120.65091609522122, 36.196333977180501 ], [ -120.650248053133808, 36.196337682380708 ], [ -120.650246525854087, 36.196157700439926 ], [ -120.650023845667334, 36.196158934662243 ], [ -120.650025372426029, 36.196338916603025 ], [ -120.649802691709255, 36.196340150403138 ], [ -120.649804217955904, 36.196520132334939 ], [ -120.650026899193691, 36.196518898525845 ], [ -120.650028425970348, 36.196698880439676 ], [ -120.650473789478994, 36.196696411563849 ], [ -120.650475317306686, 36.196876393450736 ], [ -120.651143364074329, 36.196872686956958 ] ] ] } },
{ "type": "Feature", "properties": { "area_ha": 0.79984572567637102, "count": 20, "min_ha": 0.2, "post_date": "2023-03-25" }, "geometry": { "type": "MultiPolygon", "coordinates": [ [ [ [ -120.669544189360209, 36.187409564834375 ], [ -120.669321534910168, 36.187410835689995 ], [ -120.669323106818197, 36.187590818169767 ], [ -120.669545761789237, 36.187589547305166 ], [ -120.669544189360209, 36.187409564834375 ] ] ], [ [ [ -120.669544189360209, 36.187409564834375 ], [ -120.669989498242288, 36.187407021847541 ], [ -120.669987924780187, 36.187227039358781 ], [ -120.670878540361471, 36.18722194832759 ], [ -120.670880115925627, 36.187401930807361 ], [ -120.671325424717878, 36.187399382745042 ], [ -120.671320694926209, 36.186859435296739 ], [ -120.671098042093149, 36.186860709530023 ], [ -120.67109961816935, 36.187040692027765 ], [ -120.670876964806283, 36.187041965838837 ], [ -120.670873813722878, 36.186682000807423 ], [ -120.670428509089831, 36.186684547153959 ], [ -120.67042693460364, 36.186504564611305 ], [ -120.670204282794657, 36.186505837146775 ], [ -120.670209004699117, 36.187045784738807 ], [ -120.669763697919095, 36.187048328561076 ], [ -120.669765270860168, 36.187228311058817 ], [ -120.669542616940149, 36.187229582336641 ], [ -120.669544189360209, 36.187409564834375 ] ] ] ] } },
{ "type": "Feature", "properties": { "area_ha": 0.23995350492966014, "count": 6, "min_ha": 0.2, "post_date": "2023-03-25" }, "geometry": { "type": "MultiPolygon", "coordinates": [ [ [ [ -120.67113429354356, 36.191000302980513 ], [ -120.670688963820552, 36.191002850306219 ], [ -120.670690539007424, 36.191182832444632 ], [ -120.67046787361592, 36.191184105474164 ], [ -120.670469448290746, 36.191364087594614 ], [ -120.670914780124789, 36.191361541104342 ], [ -120.670913204398929, 36.191181558983899 ], [ -120.671135869781466, 36.191180285109944 ], [ -120.67113429354356, 36.191000302980513 ] ] ], [ [ [ -120.67113429354356, 36.191000302980513 ], [ -120.671579623239623, 36.190997753965981 ], [ -120.671578045959677, 36.190817771827568 ], [ -120.671132717314649, 36.1908203208421 ], [ -120.67113429354356, 36.191000302980513 ] ] ] ] } },
{ "type": "Feature", "properties": { "area_ha": 0.47990707380165648, "count": 12, "min_ha": 0.2, "post_date": "2023-03-25" }, "geometry": { "type": "MultiPolygon", "coordinates": [ [ [ [ -120.67246238576665, 36.190092740061566 ], [ -120.672460806438551, 36.189912757851289 ], [ -120.672238144766055, 36.18991403424053 ], [ -120.672239723573142, 36.190094016450807 ], [ -120.67246238576665, 36.190092740061566 ] ] ], [ [ [ -120.67246238576665, 36.190092740061566 ], [ -120.672465544458774, 36.190452704428225 ], [ -120.672242881214245, 36.190453980826447 ], [ -120.672244460039295, 36.190633962991811 ], [ -120.671799132481226, 36.19063651453061 ], [ -120.671803865884115, 36.191176460945847 ], [ -120.672026531230713, 36.191175185374078 ], [ -120.672023374577748, 36.190815221124197 ], [ -120.672468703168875, 36.190812668732001 ], [ -120.672467123813831, 36.190632686584607 ], [ -120.672689787570405, 36.190631409764173 ], [ -120.672688207694335, 36.190451427598816 ], [ -120.672910870929883, 36.190450150356178 ], [ -120.672907710144671, 36.1900901859985 ], [ -120.67246238576665, 36.190092740061566 ] ] ] ] } },
{ "type": "Feature", "properties": { "area_ha": 0.91983097831734884, "count": 23, "min_ha": 0.2, "post_date": "2023-03-25" }, "geometry": { "type": "MultiPolygon", "coordinates": [ [ [ [ -120.71992709914565, 36.146432466479958 ], [ -120.719930478850301, 36.146792437521093 ], [ -120.720153014489142, 36.146791070563708 ], [ -120.720154704875966, 36.146971056061822 ], [ -120.720599777177739, 36.146968320862463 ], [ -120.720598085739894, 36.146788335373337 ], [ -120.720820621360772, 36.146786967149325 ], [ -120.720815545538059, 36.146247010592106 ], [ -120.72059301149821, 36.146248378807137 ], [ -120.720591320096304, 36.146068393255121 ], [ -120.720368786559504, 36.14606976104794 ], [ -120.72037216832129, 36.146429732142977 ], [ -120.71992709914565, 36.146432466479958 ] ] ], [ [ [ -120.71992202964708, 36.145892509787991 ], [ -120.720367095687592, 36.14588977546898 ], [ -120.720365404824676, 36.145709789881039 ], [ -120.72014287232993, 36.145711157242665 ], [ -120.720141181997008, 36.145531171636755 ], [ -120.719918650014307, 36.14553253857617 ], [ -120.719916960211393, 36.145352552943315 ], [ -120.719694428749705, 36.145353919460526 ], [ -120.719696118022611, 36.14553390509338 ], [ -120.719473586030929, 36.145535271188386 ], [ -120.71947527479179, 36.145715256803278 ], [ -120.719920339826203, 36.145712524191062 ], [ -120.71992202964708, 36.145892509787991 ] ] ], [ [ [ -120.71992202964708, 36.145892509787991 ], [ -120.719476963561647, 36.145895242409189 ], [ -120.719478652349466, 36.14607522799713 ], [ -120.719701185913209, 36.146073861893143 ], [ -120.719704564539867, 36.146433833015131 ], [ -120.71992709914565, 36.146432466479958 ], [ -120.71992202964708, 36.145892509787991 ] ] ] ] } },
{ "type": "Feature", "properties": { "area_ha": 1.199860265889112, "count": 30, "min_ha": 0.2, "post_date": "2023-03-25" }, "geometry": { "type": "Polygon", "coordinates": [ [ [ -120.756549458913454, 35.843242762318646 ], [ -120.756547690103716, 35.843062746807824 ], [ -120.756326033026198, 35.843064183106165 ], [ -120.756318959952168, 35.842344120883197 ], [ -120.756097304940766, 35.842345556750352 ], [ -120.756102608189963, 35.842885603453503 ], [ -120.755880951615509, 35.842887038907435 ], [ -120.75589155521233, 35.843967131810686 ], [ -120.755669895520725, 35.843968566869357 ], [ -120.755678729490342, 35.844868643767711 ], [ -120.755900391769103, 35.844867208700066 ], [ -120.755910995904927, 35.845947300318727 ], [ -120.756354326660826, 35.84594442888087 ], [ -120.756350789840837, 35.845584398434141 ], [ -120.756129125504941, 35.845585834355191 ], [ -120.75610614371638, 35.843245634493123 ], [ -120.756549458913454, 35.843242762318646 ] ] ] } },
{ "type": "Feature", "properties": { "area_ha": 0.63992595391073281, "count": 16, "min_ha": 0.2, "post_date": "2023-03-25" }, "geometry": { "type": "Polygon", "coordinates": [ [ [ -120.756522927656633, 35.840542527706923 ], [ -120.756514084317587, 35.839642448517857 ], [ -120.756292437094586, 35.839643884762303 ], [ -120.756299509674548, 35.840363948153076 ], [ -120.756077860367455, 35.840365383984292 ], [ -120.756079628009388, 35.840545399791566 ], [ -120.755857978181282, 35.84054683520057 ], [ -120.755866813947534, 35.84144691394048 ], [ -120.756088466371779, 35.841445478513499 ], [ -120.756093769495209, 35.841985525513103 ], [ -120.756315423464557, 35.841984089654936 ], [ -120.756308350588142, 35.841264026964843 ], [ -120.756086698684925, 35.841265462805048 ], [ -120.756081395669284, 35.840725415571882 ], [ -120.756303046009435, 35.840723979740666 ], [ -120.756301277837508, 35.840543963960343 ], [ -120.756522927656633, 35.840542527706923 ] ] ] } },
{ "type": "Feature", "properties": { "area_ha": 0.59993101899935108, "count": 15, "min_ha": 0.2, "post_date": "2023-03-25" }, "geometry": { "type": "MultiPolygon", "coordinates": [ [ [ [ -120.756274756219597, 35.837843724892977 ], [ -120.756262380102982, 35.836583611825617 ], [ -120.756040741674482, 35.836585047584968 ], [ -120.756053114161915, 35.837845160679272 ], [ -120.756274756219597, 35.837843724892977 ] ] ], [ [ [ -120.756274756219597, 35.837843724892977 ], [ -120.756280060394062, 35.838383773060386 ], [ -120.756501703996847, 35.838382336842891 ], [ -120.756499935411682, 35.838202320811043 ], [ -120.756721578484459, 35.838200884180324 ], [ -120.75671273309726, 35.837300803742608 ], [ -120.756491092611626, 35.837302240355356 ], [ -120.756496398268297, 35.837842288693444 ], [ -120.756274756219597, 35.837843724892977 ] ] ] ] } },
{ "type": "Feature", "properties": { "area_ha": 0.35995877866563047, "count": 9, "min_ha": 0.2, "post_date": "2023-03-25" }, "geometry": { "type": "Polygon", "coordinates": [ [ [ -120.756696811914111, 35.835680657722222 ], [ -120.756687967101826, 35.834780575910074 ], [ -120.756466333865603, 35.834782012477916 ], [ -120.756473407631333, 35.835502077979733 ], [ -120.756251772319999, 35.835503514143326 ], [ -120.756258844136397, 35.836223579339716 ], [ -120.756480481522843, 35.836222143167134 ], [ -120.756475176090731, 35.835682094308019 ], [ -120.756696811914111, 35.835680657722222 ] ] ] } },
{ "type": "Feature", "properties": { "area_ha": 0.51994076932639643, "count": 13, "min_ha": 0.2, "post_date": "2023-03-25" }, "geometry": { "type": "MultiPolygon", "coordinates": [ [ [ [ -120.756666740396753, 35.832620377563082 ], [ -120.756668509242431, 35.832800394196802 ], [ -120.756446881710502, 35.832801830737687 ], [ -120.756450418395744, 35.833161863951226 ], [ -120.75667204696073, 35.833160427410341 ], [ -120.756677353596572, 35.833700477086921 ], [ -120.756898983715658, 35.833699040114844 ], [ -120.756888367398673, 35.832618940608967 ], [ -120.756666740396753, 35.832620377563082 ] ] ], [ [ [ -120.756664971560056, 35.83244036090241 ], [ -120.756886598040964, 35.832438923957284 ], [ -120.756879520699925, 35.831718857143926 ], [ -120.756657896285148, 35.831720294080071 ], [ -120.756664971560056, 35.83244036090241 ] ] ], [ [ [ -120.756664971560056, 35.83244036090241 ], [ -120.7564433450612, 35.832441797434313 ], [ -120.756445113385851, 35.832621814094985 ], [ -120.756666740396753, 35.832620377563082 ], [ -120.756664971560056, 35.83244036090241 ] ] ] ] } },
{ "type": "Feature", "properties": { "area_ha": 0.23997176966960723, "count": 6, "min_ha": 0.2, "post_date": "2023-03-25" }, "geometry": { "type": "MultiPolygon", "coordinates": [ [ [ [ -120.757051183576422, 35.849180388921951 ], [ -120.757049413464131, 35.849000374066897 ], [ -120.756827739300647, 35.849001811308469 ], [ -120.756829508900907, 35.849181826172504 ], [ -120.757051183576422, 35.849180388921951 ] ] ], [ [ [ -120.757051183576422, 35.849180388921951 ], [ -120.757060034290646, 35.850080462891796 ], [ -120.757281711553304, 35.85007902521005 ], [ -120.757272858242956, 35.849178951249186 ], [ -120.757051183576422, 35.849180388921951 ] ] ] ] } },
{ "type": "Feature", "properties": { "area_ha": 0.51994114859879703, "count": 13, "min_ha": 0.2, "post_date": "2023-03-25" }, "geometry": { "type": "Polygon", "coordinates": [ [ [ -120.757088756448624, 35.830457302136807 ], [ -120.75707282877066, 35.828837149459908 ], [ -120.756851212656315, 35.828838586764363 ], [ -120.756849443469278, 35.828658569699449 ], [ -120.756627827866978, 35.8286600065817 ], [ -120.756634902566972, 35.829380074742531 ], [ -120.756856520253365, 35.829378637842318 ], [ -120.756867135672024, 35.830458739468213 ], [ -120.757088756448624, 35.830457302136807 ] ] ] } },
{ "type": "Feature", "properties": { "area_ha": 1.3197560271182511, "count": 33, "min_ha": 0.2, "post_date": "2023-03-25" }, "geometry": { "type": "Polygon", "coordinates": [ [ [ -120.761596344629481, 36.151749024198487 ], [ -120.761589193590666, 36.151029086347272 ], [ -120.761366646417443, 36.151030531970129 ], [ -120.761363071993983, 36.150670562932234 ], [ -120.760917979695705, 36.150673452893351 ], [ -120.760916193548482, 36.150493468347449 ], [ -120.760248556610236, 36.150497800113584 ], [ -120.760253910389665, 36.151037753733313 ], [ -120.760699004825938, 36.151034866296456 ], [ -120.760700790479092, 36.151214850797437 ], [ -120.760923338209267, 36.151213406441208 ], [ -120.760928696794679, 36.151753359827374 ], [ -120.760706147501438, 36.151754804192585 ], [ -120.760707933190531, 36.15193478863069 ], [ -120.760485383367282, 36.151936232573689 ], [ -120.76048716854433, 36.152116216993825 ], [ -120.760709718888592, 36.152114773041838 ], [ -120.760711504595648, 36.152294757444004 ], [ -120.76093405546095, 36.152293313069812 ], [ -120.760932269232867, 36.152113328667646 ], [ -120.761154819559167, 36.152111883880224 ], [ -120.761153032819053, 36.151931899469069 ], [ -120.761375582615358, 36.151930454250461 ], [ -120.761373795354217, 36.151750469830326 ], [ -120.761596344629481, 36.151749024198487 ] ] ] } },
{ "type": "Feature", "properties": { "area_ha": 0.91989838756886344, "count": 23, "min_ha": 0.2, "post_date": "2023-03-25" }, "geometry": { "type": "MultiPolygon", "coordinates": [ [ [ [ -120.757634957994881, 35.818391813358261 ], [ -120.757413371947152, 35.818393251740694 ], [ -120.75742045305212, 35.819113324339199 ], [ -120.757642041174961, 35.819111885947784 ], [ -120.757634957994881, 35.818391813358261 ] ] ], [ [ [ -120.757624333476286, 35.817311703872107 ], [ -120.75761725062857, 35.816591630492063 ], [ -120.757838831493018, 35.816590191723357 ], [ -120.757833517886255, 35.816050136486204 ], [ -120.758055097196618, 35.816048697304268 ], [ -120.758051553800968, 35.815688660389668 ], [ -120.757829975523663, 35.815690099562616 ], [ -120.757831746704952, 35.815870118037886 ], [ -120.757610167906634, 35.81587155679761 ], [ -120.757611938575891, 35.81605157525491 ], [ -120.757390359256547, 35.81605301359243 ], [ -120.757402750527746, 35.817313142236571 ], [ -120.757624333476286, 35.817311703872107 ] ] ], [ [ [ -120.757624333476286, 35.817311703872107 ], [ -120.757634957994881, 35.818391813358261 ], [ -120.75785654404261, 35.818390374553623 ], [ -120.757845916415832, 35.817310265094413 ], [ -120.757624333476286, 35.817311703872107 ] ] ] ] } },
{ "type": "Feature", "properties": { "area_ha": 0.43994859072296066, "count": 11, "min_ha": 0.2, "post_date": "2023-03-25" }, "geometry": { "type": "MultiPolygon", "coordinates": [ [ [ [ -120.758578074391224, 35.846650106983063 ], [ -120.758579848033904, 35.84683012207168 ], [ -120.758801515900188, 35.846828681497364 ], [ -120.758799741745463, 35.846648666417728 ], [ -120.758578074391224, 35.846650106983063 ] ] ], [ [ [ -120.757012242902434, 35.845220057637121 ], [ -120.757010472969796, 35.845040042350874 ], [ -120.756788810214928, 35.845041479529563 ], [ -120.756790579626539, 35.84522149481581 ], [ -120.757012242902434, 35.845220057637121 ] ] ], [ [ [ -120.758354633924299, 35.846471532028595 ], [ -120.758356407027989, 35.846651547135181 ], [ -120.758578074391224, 35.846650106983063 ], [ -120.758576300766507, 35.846470091885465 ], [ -120.758354633924299, 35.846471532028595 ] ] ], [ [ [ -120.758131194481464, 35.846292956624971 ], [ -120.758132967073109, 35.84647297174952 ], [ -120.758354633924299, 35.846471532028595 ], [ -120.758352860820608, 35.846291516904046 ], [ -120.758131194481464, 35.846292956624971 ] ] ], [ [ [ -120.757682547199266, 35.845755789282812 ], [ -120.757686090253557, 35.846115819648688 ], [ -120.75790775608067, 35.846114380772185 ], [ -120.757909528142321, 35.846294395923685 ], [ -120.758131194481464, 35.846292956624971 ], [ -120.758127649343081, 35.845932926304002 ], [ -120.757905984036995, 35.845934365602716 ], [ -120.757904211993306, 35.845754350406303 ], [ -120.757682547199266, 35.845755789282812 ] ] ], [ [ [ -120.75745911139461, 35.845577212513739 ], [ -120.757460882396231, 35.845757227728122 ], [ -120.757682547199266, 35.845755789282812 ], [ -120.7576807756856, 35.845575774068429 ], [ -120.75745911139461, 35.845577212513739 ] ] ], [ [ [ -120.757235676631993, 35.845398635295517 ], [ -120.75723744710362, 35.845578650536851 ], [ -120.75745911139461, 35.845577212513739 ], [ -120.757457340410937, 35.845397197272412 ], [ -120.757235676631993, 35.845398635295517 ] ] ], [ [ [ -120.757012242902434, 35.845220057637121 ], [ -120.757014012844053, 35.845400072896417 ], [ -120.757235676631993, 35.845398635295517 ], [ -120.757233906169347, 35.845218620036221 ], [ -120.757012242902434, 35.845220057637121 ] ] ] ] } },
{ "type": "Feature", "properties": { "area_ha": 0.2799693705021139, "count": 7, "min_ha": 0.2, "post_date": "2023-03-25" }, "geometry": { "type": "Polygon", "coordinates": [ [ [ -120.760015561096012, 35.812615372382673 ], [ -120.760013784884151, 35.812435353584014 ], [ -120.759127509342491, 35.812441122681548 ], [ -120.759129283470273, 35.812621141489188 ], [ -120.758907714050352, 35.812622582719285 ], [ -120.758911261308768, 35.812982620280671 ], [ -120.759132831770728, 35.812981179050574 ], [ -120.759131057616003, 35.812801160278866 ], [ -120.759352627547955, 35.812799718626565 ], [ -120.759350852890179, 35.812619699845875 ], [ -120.760015561096012, 35.812615372382673 ] ] ] } },
{ "type": "Feature", "properties": { "area_ha": 0.79990606336426806, "count": 20, "min_ha": 0.2, "post_date": "2023-03-25" }, "geometry": { "type": "MultiPolygon", "coordinates": [ [ [ [ -120.760594420454254, 35.848797306079078 ], [ -120.760596198849029, 35.848977320907181 ], [ -120.76081787286877, 35.848975876506039 ], [ -120.760819651802521, 35.84915589129821 ], [ -120.761041326325326, 35.849154446474863 ], [ -120.761043105780104, 35.849334461249065 ], [ -120.76126478081494, 35.849333016003506 ], [ -120.761268340784525, 35.84969304548904 ], [ -120.76149001685242, 35.849691599812282 ], [ -120.761488236346608, 35.849511585082993 ], [ -120.761709911884509, 35.849510138993011 ], [ -120.761708130866666, 35.849330124245753 ], [ -120.76148645584081, 35.849331570335735 ], [ -120.76148467535296, 35.849151555561527 ], [ -120.761263000839151, 35.849153001229297 ], [ -120.761261220881309, 35.848972986437126 ], [ -120.76103954687953, 35.848974431682684 ], [ -120.761037767442716, 35.848794416863562 ], [ -120.760594420454254, 35.848797306079078 ] ] ], [ [ [ -120.759697068577353, 35.847722990043785 ], [ -120.759693516045829, 35.847362960082144 ], [ -120.759471846652403, 35.847364402345299 ], [ -120.759475398150869, 35.847724432315921 ], [ -120.759697068577353, 35.847722990043785 ] ] ], [ [ [ -120.76037096907281, 35.848618735211943 ], [ -120.760372746946558, 35.848798750058016 ], [ -120.760594420454254, 35.848797306079078 ], [ -120.760592642059493, 35.848617291241993 ], [ -120.76037096907281, 35.848618735211943 ] ] ], [ [ [ -120.759697068577353, 35.847722990043785 ], [ -120.759700621144802, 35.848083019924573 ], [ -120.759922292604344, 35.848081577230232 ], [ -120.75992584624079, 35.848441607030175 ], [ -120.760147518724423, 35.848440163895653 ], [ -120.760149296077145, 35.84862017876867 ], [ -120.76037096907281, 35.848618735211943 ], [ -120.760365635496484, 35.848078690565927 ], [ -120.760143964054905, 35.848080134104691 ], [ -120.760142186729141, 35.847900119177773 ], [ -120.759920515799593, 35.847901562294325 ], [ -120.759918739003822, 35.847721547349437 ], [ -120.759697068577353, 35.847722990043785 ] ] ] ] } },
{ "type": "Feature", "properties": { "area_ha": 0.2799694875786401, "count": 7, "min_ha": 0.2, "post_date": "2023-03-25" }, "geometry": { "type": "MultiPolygon", "coordinates": [ [ [ [ -120.761321846868299, 35.810266460461349 ], [ -120.761100284257608, 35.810267905850644 ], [ -120.761109177812486, 35.811168000733268 ], [ -120.761330743010319, 35.811166555326011 ], [ -120.761321846868299, 35.810266460461349 ] ] ], [ [ [ -120.761321846868299, 35.810266460461349 ], [ -120.761543409469994, 35.81026501464985 ], [ -120.761539850039412, 35.809904976567438 ], [ -120.761318288470775, 35.809906422369956 ], [ -120.761321846868299, 35.810266460461349 ] ] ] ] } },
{ "type": "Feature", "properties": { "area_ha": 0.39995662775632507, "count": 10, "min_ha": 0.2, "post_date": "2023-03-25" }, "geometry": { "type": "MultiPolygon", "coordinates": [ [ [ [ -120.763289152920805, 35.807553145849077 ], [ -120.763067598152418, 35.807554594984346 ], [ -120.763071164616804, 35.807914633533876 ], [ -120.762849608806363, 35.807916082246933 ], [ -120.762854957016245, 35.808456139936489 ], [ -120.762633399633756, 35.808457588236323 ], [ -120.762636964112872, 35.808817626606192 ], [ -120.762858522528418, 35.808816178297377 ], [ -120.762856739767841, 35.808636159121427 ], [ -120.763078297653379, 35.808634710399382 ], [ -120.763072947862469, 35.808094652781698 ], [ -120.763294504184955, 35.808093203637448 ], [ -120.763289152920805, 35.807553145849077 ] ] ], [ [ [ -120.763289152920805, 35.807553145849077 ], [ -120.763510707689193, 35.807551696300585 ], [ -120.763508923428432, 35.807371676998869 ], [ -120.763287369181057, 35.807373126547361 ], [ -120.763289152920805, 35.807553145849077 ] ] ] ] } },
{ "type": "Feature", "properties": { "area_ha": 0.31996536855571556, "count": 8, "min_ha": 0.2, "post_date": "2023-03-25" }, "geometry": { "type": "Polygon", "coordinates": [ [ [ -120.765499333449355, 35.806998573549471 ], [ -120.765497544562265, 35.806818554220804 ], [ -120.765054439319428, 35.806821460450415 ], [ -120.76505622717346, 35.807001479788063 ], [ -120.76483467402204, 35.807002932265064 ], [ -120.764836461373008, 35.807182951584743 ], [ -120.76461490769158, 35.807184403657502 ], [ -120.764616694530517, 35.807364422959218 ], [ -120.764395140328062, 35.807365874609772 ], [ -120.764396926654953, 35.807545893893518 ], [ -120.764840036083939, 35.807542990170212 ], [ -120.764838248723976, 35.807362970886459 ], [ -120.765059802908468, 35.807361518400477 ], [ -120.765058015036473, 35.80718149909876 ], [ -120.765279568699938, 35.807180046190574 ], [ -120.765277780315898, 35.807000026879869 ], [ -120.765499333449355, 35.806998573549471 ] ] ] } },
{ "type": "Feature", "properties": { "area_ha": 0.59993515874483083, "count": 15, "min_ha": 0.2, "post_date": "2023-03-25" }, "geometry": { "type": "Polygon", "coordinates": [ [ [ -120.768374136601253, 35.806439584107849 ], [ -120.768372341003754, 35.80625956476122 ], [ -120.767486137138661, 35.806265397360661 ], [ -120.767487930661062, 35.806445416725261 ], [ -120.766601724586124, 35.806451242614287 ], [ -120.766603516051376, 35.806631261960923 ], [ -120.765938859849015, 35.806635626973701 ], [ -120.765940649769163, 35.80681564631135 ], [ -120.765719097165714, 35.806817100477183 ], [ -120.765720886573831, 35.80699711980585 ], [ -120.766163992804806, 35.806994211051972 ], [ -120.766162202363631, 35.806814191732293 ], [ -120.766826860084151, 35.806809825452888 ], [ -120.766825068097873, 35.806629806124221 ], [ -120.767711276203002, 35.806623978537381 ], [ -120.767709482159589, 35.806443959199733 ], [ -120.768374136601253, 35.806439584107849 ] ] ] } },
{ "type": "Feature", "properties": { "area_ha": 0.2799699235691655, "count": 7, "min_ha": 0.2, "post_date": "2023-03-25" }, "geometry": { "type": "MultiPolygon", "coordinates": [ [ [ [ -120.772554727086202, 35.803531476303071 ], [ -120.77189009796804, 35.803535875218273 ], [ -120.771893705476458, 35.803895914387645 ], [ -120.772336793633343, 35.80389298218774 ], [ -120.772334988837088, 35.80371296261653 ], [ -120.772556532385522, 35.803711495892252 ], [ -120.772554727086202, 35.803531476303071 ] ] ], [ [ [ -120.772554727086202, 35.803531476303071 ], [ -120.772997813114074, 35.803528541587887 ], [ -120.772996006781696, 35.803348521998714 ], [ -120.772552921786897, 35.80335145670491 ], [ -120.772554727086202, 35.803531476303071 ] ] ] ] } },
{ "type": "Feature", "properties": { "area_ha": 1.5998096368189076, "count": 40, "min_ha": 0.2, "post_date": "2023-03-25" }, "geometry": { "type": "MultiPolygon", "coordinates": [ [ [ [ -120.774185275085543, 35.855548969625545 ], [ -120.77418708541542, 35.855728983510417 ], [ -120.775073858174579, 35.855723100183113 ], [ -120.775072045760623, 35.855543086316203 ], [ -120.774185275085543, 35.855548969625545 ] ] ], [ [ [ -120.770189402387686, 35.85503531923429 ], [ -120.770187601418257, 35.85485530521467 ], [ -120.769744219871612, 35.854858229168038 ], [ -120.769742419944222, 35.854678215121467 ], [ -120.76929903939471, 35.854681137377014 ], [ -120.769297240518341, 35.854501123303493 ], [ -120.768632171189765, 35.854505503533737 ], [ -120.768633968521016, 35.85468551761624 ], [ -120.769077349115449, 35.854682597875971 ], [ -120.769079147488753, 35.85486261193153 ], [ -120.769522529080319, 35.854859690511411 ], [ -120.769524328504644, 35.855039704540012 ], [ -120.770189402387686, 35.85503531923429 ] ] ], [ [ [ -120.770189402387686, 35.85503531923429 ], [ -120.770191203375077, 35.855215333235947 ], [ -120.770634586960909, 35.855212407593747 ], [ -120.770636388981373, 35.855392421568453 ], [ -120.771079773573305, 35.85538949422844 ], [ -120.771081576644789, 35.855569508176195 ], [ -120.773298504266734, 35.855554846206502 ], [ -120.77330031253048, 35.855734860100362 ], [ -120.773965392207657, 35.85573045328897 ], [ -120.773963582389825, 35.855550439404098 ], [ -120.774185275085543, 35.855548969625545 ], [ -120.774183464755666, 35.855368955722703 ], [ -120.772409927142505, 35.855380702111326 ], [ -120.772408120962837, 35.855200688163571 ], [ -120.771743045777242, 35.855205086108583 ], [ -120.77174485039383, 35.855385100065327 ], [ -120.7713014658558, 35.855388029929607 ], [ -120.77129966227227, 35.855208015963882 ], [ -120.771077970510802, 35.855209480262715 ], [ -120.771076167457281, 35.85502946627004 ], [ -120.770189402387686, 35.85503531923429 ] ] ] ] } },
{ "type": "Feature", "properties": { "area_ha": 0.8399099098804258, "count": 21, "min_ha": 0.2, "post_date": "2023-03-25" }, "geometry": { "type": "MultiPolygon", "coordinates": [ [ [ [ -120.774539564273525, 35.802618158776419 ], [ -120.773874943159356, 35.802622568992419 ], [ -120.773876751521925, 35.802802588662445 ], [ -120.773433669698164, 35.80280552671038 ], [ -120.773440899114988, 35.803525605192853 ], [ -120.773219356123519, 35.803527073605963 ], [ -120.77322116297691, 35.803707093177174 ], [ -120.773664249992933, 35.803704155937723 ], [ -120.77365882634254, 35.803164097170196 ], [ -120.773880368282988, 35.803162627930632 ], [ -120.773878559902457, 35.80298260830552 ], [ -120.774100101321878, 35.802981138643752 ], [ -120.774098292420319, 35.802801119000677 ], [ -120.77454137419916, 35.802798178428475 ], [ -120.774539564273525, 35.802618158776419 ] ] ], [ [ [ -120.774539564273525, 35.802618158776419 ], [ -120.774982644983368, 35.802615216515385 ], [ -120.774984455942061, 35.802795236167441 ], [ -120.775205996795549, 35.80279376440361 ], [ -120.775207808275269, 35.802973784028723 ], [ -120.775872432353879, 35.80296936621297 ], [ -120.775870619320074, 35.802789346596846 ], [ -120.775427537649037, 35.802792292226556 ], [ -120.775423913674501, 35.802432252922443 ], [ -120.774537754365852, 35.802438139097404 ], [ -120.774539564273525, 35.802618158776419 ] ] ] ] } },
{ "type": "Feature", "properties": { "area_ha": 0.55994002682228583, "count": 14, "min_ha": 0.2, "post_date": "2023-03-25" }, "geometry": { "type": "MultiPolygon", "coordinates": [ [ [ [ -120.777415954982089, 35.802238964767362 ], [ -120.777194415763532, 35.802240440726322 ], [ -120.777196231878563, 35.802420460378379 ], [ -120.777417771609151, 35.802418984419418 ], [ -120.777415954982089, 35.802238964767362 ] ] ], [ [ [ -120.777415954982089, 35.802238964767362 ], [ -120.777859033392247, 35.802236011591795 ], [ -120.777857215732112, 35.80205599193075 ], [ -120.778743370387488, 35.802050080540077 ], [ -120.77874519012272, 35.802230100192133 ], [ -120.778966729278395, 35.802228621286702 ], [ -120.778964909031117, 35.802048601643627 ], [ -120.779186447665765, 35.802047122324964 ], [ -120.779182806156115, 35.801687082975931 ], [ -120.778961268563521, 35.801688562285605 ], [ -120.778963088792821, 35.801868581973601 ], [ -120.778741550670219, 35.801870060870051 ], [ -120.77873973095295, 35.801690041173075 ], [ -120.778518193333397, 35.801691519647321 ], [ -120.77852001252964, 35.801871539344297 ], [ -120.778298474389075, 35.801873017396332 ], [ -120.778296655713845, 35.801692997699355 ], [ -120.77807511807633, 35.801694475329185 ], [ -120.778076936239515, 35.801874495035143 ], [ -120.77763385991345, 35.801877449037157 ], [ -120.777635677043577, 35.802057468725145 ], [ -120.777414138355027, 35.802058945097336 ], [ -120.777415954982089, 35.802238964767362 ] ] ] ] } },
{ "type": "Feature", "properties": { "area_ha": 0.39995752282469899, "count": 10, "min_ha": 0.2, "post_date": "2023-03-25" }, "geometry": { "type": "MultiPolygon", "coordinates": [ [ [ [ -120.781132836931974, 35.797353272530316 ], [ -120.781354362020025, 35.797351789088388 ], [ -120.78135253631099, 35.797171768942256 ], [ -120.781131011734985, 35.797173252375202 ], [ -120.781132836931974, 35.797353272530316 ] ] ], [ [ [ -120.780704380309871, 35.798796398714735 ], [ -120.780482851053634, 35.798797880916993 ], [ -120.780484674768402, 35.798977900901427 ], [ -120.780706204545666, 35.798976418690188 ], [ -120.780704380309871, 35.798796398714735 ] ] ], [ [ [ -120.781132836931974, 35.797353272530316 ], [ -120.780911311834942, 35.797354755550039 ], [ -120.780922260070426, 35.79843487606751 ], [ -120.781143788284623, 35.798433393029825 ], [ -120.781132836931974, 35.797353272530316 ] ] ], [ [ [ -120.780922260070426, 35.79843487606751 ], [ -120.780700731865224, 35.798436358691966 ], [ -120.780704380309871, 35.798796398714735 ], [ -120.780925909557126, 35.79879491609028 ], [ -120.780922260070426, 35.79843487606751 ] ] ] ] } },
{ "type": "Feature", "properties": { "area_ha": 0.75991977718483228, "count": 19, "min_ha": 0.2, "post_date": "2023-03-25" }, "geometry": { "type": "MultiPolygon", "coordinates": [ [ [ [ -120.784210366370516, 35.794992203142314 ], [ -120.784431884613412, 35.794990713861338 ], [ -120.78443005177175, 35.794810693490632 ], [ -120.784651569484637, 35.794809203787445 ], [ -120.784647902786233, 35.794449163010086 ], [ -120.784869419457067, 35.794447672893675 ], [ -120.784863917913754, 35.793907611583911 ], [ -120.784642402788023, 35.793909101691341 ], [ -120.784644236114772, 35.794089122151888 ], [ -120.784422720468001, 35.794090611837106 ], [ -120.784428218930103, 35.794630673110937 ], [ -120.784206701720265, 35.794632162391913 ], [ -120.784210366370516, 35.794992203142314 ] ] ], [ [ [ -120.782231323478484, 35.796445750242171 ], [ -120.78200980100452, 35.796447235345987 ], [ -120.782011628240696, 35.796627255563983 ], [ -120.782233151226691, 35.796625770460167 ], [ -120.782231323478484, 35.796445750242171 ] ] ], [ [ [ -120.784210366370516, 35.794992203142314 ], [ -120.783988848118653, 35.794993692010067 ], [ -120.783990679945205, 35.795173712362811 ], [ -120.784212198709128, 35.795172223486077 ], [ -120.784210366370516, 35.794992203142314 ] ] ], [ [ [ -120.783990679945205, 35.795173712362811 ], [ -120.783769161163335, 35.795175200808359 ], [ -120.783770992477855, 35.795355221143133 ], [ -120.783992511771771, 35.795353732688611 ], [ -120.783990679945205, 35.795173712362811 ] ] ], [ [ [ -120.783770992477855, 35.795355221143133 ], [ -120.783549473165962, 35.795356709166469 ], [ -120.783551303968451, 35.795536729483281 ], [ -120.783772823792376, 35.795535241450963 ], [ -120.783770992477855, 35.795355221143133 ] ] ], [ [ [ -120.783551303968451, 35.795536729483281 ], [ -120.783329784144513, 35.795538217102376 ], [ -120.783331614434957, 35.795718237401225 ], [ -120.783553134779908, 35.79571674978213 ], [ -120.783551303968451, 35.795536729483281 ] ] ], [ [ [ -120.783331614434957, 35.795718237401225 ], [ -120.783110094081024, 35.795719724598108 ], [ -120.783111923859437, 35.795899744878987 ], [ -120.783333444734382, 35.795898257682104 ], [ -120.783331614434957, 35.795718237401225 ] ] ], [ [ [ -120.783111923859437, 35.795899744878987 ], [ -120.782890402984478, 35.795901231662647 ], [ -120.782892232259826, 35.796081251925564 ], [ -120.783113753655797, 35.796079765141904 ], [ -120.783111923859437, 35.795899744878987 ] ] ], [ [ [ -120.782892232259826, 35.796081251925564 ], [ -120.782449189431944, 35.796084224226263 ], [ -120.782451017683201, 35.796264244480192 ], [ -120.782894061544155, 35.796261272170511 ], [ -120.782892232259826, 35.796081251925564 ] ] ], [ [ [ -120.782451017683201, 35.796264244480192 ], [ -120.782229495739259, 35.796265730006212 ], [ -120.782231323478484, 35.796445750242171 ], [ -120.782452845934472, 35.79644426471615 ], [ -120.782451017683201, 35.796264244480192 ] ] ] ] } },
{ "type": "Feature", "properties": { "area_ha": 0.63993272742701834, "count": 16, "min_ha": 0.2, "post_date": "2023-03-25" }, "geometry": { "type": "MultiPolygon", "coordinates": [ [ [ [ -120.786632362645193, 35.793535634666803 ], [ -120.786853876648038, 35.793534140777467 ], [ -120.786850199717819, 35.793174099784515 ], [ -120.78707171267861, 35.793172605481956 ], [ -120.78706987371045, 35.792992584958533 ], [ -120.786626848803948, 35.792995573132458 ], [ -120.786632362645193, 35.793535634666803 ] ] ], [ [ [ -120.784860250263137, 35.793547570608929 ], [ -120.78463873617045, 35.793549060707377 ], [ -120.784640569479237, 35.793729081212831 ], [ -120.784862084083954, 35.793727591105409 ], [ -120.784860250263137, 35.793547570608929 ] ] ], [ [ [ -120.786632362645193, 35.793535634666803 ], [ -120.786410848624385, 35.793537128133927 ], [ -120.786412686065418, 35.793717148603456 ], [ -120.786634200607253, 35.793715655136324 ], [ -120.786632362645193, 35.793535634666803 ] ] ], [ [ [ -120.784860250263137, 35.793547570608929 ], [ -120.785081764337832, 35.793546080088277 ], [ -120.785079930004983, 35.793366059573835 ], [ -120.785522957103368, 35.79336307727489 ], [ -120.785524792469289, 35.793543097789332 ], [ -120.786410848624385, 35.793537128133927 ], [ -120.786409011192333, 35.793357107637455 ], [ -120.785965984165813, 35.793360093296094 ], [ -120.785964147766833, 35.793180072781652 ], [ -120.784856582639449, 35.793187529553094 ], [ -120.784860250263137, 35.793547570608929 ] ] ] ] } },
{ "type": "Feature", "properties": { "area_ha": 0.47990388127951855, "count": 12, "min_ha": 0.2, "post_date": "2023-03-25" }, "geometry": { "type": "MultiPolygon", "coordinates": [ [ [ [ -120.796137635239063, 36.220277032417343 ], [ -120.795914887552883, 36.220278543572299 ], [ -120.795916757557848, 36.220458521237099 ], [ -120.795694009341673, 36.220460031969843 ], [ -120.795697748345475, 36.220819987272499 ], [ -120.796143246861931, 36.220816965366836 ], [ -120.796145117414852, 36.220996942986723 ], [ -120.796367867185126, 36.220995431391593 ], [ -120.796364125037215, 36.220635476142832 ], [ -120.796141376308995, 36.22063698772898 ], [ -120.796137635239063, 36.220277032417343 ] ] ], [ [ [ -120.796137635239063, 36.220277032417343 ], [ -120.796360382916248, 36.220275520840183 ], [ -120.796354769802178, 36.219735587746953 ], [ -120.796132023697041, 36.219737099315132 ], [ -120.796130153198007, 36.219557121587449 ], [ -120.795907407604915, 36.219558632724436 ], [ -120.795911147560929, 36.219918588179809 ], [ -120.796133894196075, 36.219917077033834 ], [ -120.796137635239063, 36.220277032417343 ] ] ] ] } },
{ "type": "Feature", "properties": { "area_ha": 0.23995144342716831, "count": 6, "min_ha": 0.2, "post_date": "2023-03-25" }, "geometry": { "type": "Polygon", "coordinates": [ [ [ -120.806933787722656, 36.230102738564625 ], [ -120.806924307154674, 36.229202855208293 ], [ -120.806701533722787, 36.229204386835853 ], [ -120.806707220462769, 36.229744316901758 ], [ -120.806484445458835, 36.229745848116089 ], [ -120.80648634053577, 36.229925824774782 ], [ -120.806709116069712, 36.229924293560444 ], [ -120.806711011676668, 36.230104270201167 ], [ -120.806933787722656, 36.230102738564625 ] ] ] } },
{ "type": "Feature", "properties": { "area_ha": 0.35992707619214187, "count": 9, "min_ha": 0.2, "post_date": "2023-03-25" }, "geometry": { "type": "MultiPolygon", "coordinates": [ [ [ [ -120.813396200458044, 36.230238113519114 ], [ -120.813394289130585, 36.230058136995176 ], [ -120.813171513345111, 36.230059680902706 ], [ -120.813173424142562, 36.230239657426644 ], [ -120.813396200458044, 36.230238113519114 ] ] ], [ [ [ -120.813396200458044, 36.230238113519114 ], [ -120.813400023121957, 36.230598066513103 ], [ -120.813622800470498, 36.23059652217438 ], [ -120.813628536105782, 36.23113645153061 ], [ -120.814074093911046, 36.231133361568581 ], [ -120.814070268049136, 36.230773408691377 ], [ -120.813847490197531, 36.230774953874509 ], [ -120.813843665422581, 36.23041500092544 ], [ -120.813620888604049, 36.230416545686374 ], [ -120.813618976755563, 36.230236569180391 ], [ -120.813396200458044, 36.230238113519114 ] ] ] ] } },
{ "type": "Feature", "properties": { "area_ha": 0.27994310272555067, "count": 7, "min_ha": 0.2, "post_date": "2023-03-25" }, "geometry": { "type": "Polygon", "coordinates": [ [ [ -120.817663532931576, 36.233448272355211 ], [ -120.817661611498067, 36.233268296190595 ], [ -120.81721604142183, 36.233271399771091 ], [ -120.817212200683812, 36.232911447369993 ], [ -120.816989416678751, 36.232912998526928 ], [ -120.816993256365748, 36.233272950928026 ], [ -120.816547686226613, 36.233276051975267 ], [ -120.816549605037054, 36.233456028166835 ], [ -120.817663532931576, 36.233448272355211 ] ] ] } },
{ "type": "Feature", "properties": { "area_ha": 0.31993597601925472, "count": 8, "min_ha": 0.2, "post_date": "2023-03-25" }, "geometry": { "type": "MultiPolygon", "coordinates": [ [ [ [ -120.847140647600511, 36.219379911703903 ], [ -120.847138657266214, 36.219199934775716 ], [ -120.846915913757215, 36.219201542751094 ], [ -120.846917903561504, 36.219381519679281 ], [ -120.847140647600511, 36.219379911703903 ] ] ], [ [ [ -120.847140647600511, 36.219379911703903 ], [ -120.847144628278073, 36.219739865497388 ], [ -120.847812863476335, 36.219735039020051 ], [ -120.847806887757301, 36.21919510832533 ], [ -120.847584144266264, 36.219196717567328 ], [ -120.847586135642601, 36.219376694486527 ], [ -120.847140647600511, 36.219379911703903 ] ] ] ] } },
{ "type": "Feature", "properties": { "area_ha": 0.23996558400726131, "count": 6, "min_ha": 0.2, "post_date": "2023-03-25" }, "geometry": { "type": "Polygon", "coordinates": [ [ [ -120.875648721023992, 35.965545500015168 ], [ -120.875642569522626, 35.965005497913367 ], [ -120.875198556936439, 35.965008822102128 ], [ -120.875204705329637, 35.965548824230879 ], [ -120.875648721023992, 35.965545500015168 ] ] ] } },
{ "type": "Feature", "properties": { "area_ha": 2.3196657084167027, "count": 58, "min_ha": 0.2, "post_date": "2023-03-25" }, "geometry": { "type": "Polygon", "coordinates": [ [ [ -120.882570227199693, 35.968913766437588 ], [ -120.882566093583947, 35.968553765976623 ], [ -120.882122060803624, 35.968557116450093 ], [ -120.88211999505576, 35.968377116183675 ], [ -120.881897979173161, 35.968378790787092 ], [ -120.881893848737448, 35.968018790200368 ], [ -120.881671833887907, 35.968020464372593 ], [ -120.88166976920904, 35.967840464043299 ], [ -120.881891783537554, 35.967838789871067 ], [ -120.881887653164725, 35.967478789176539 ], [ -120.881443626564831, 35.96748213707184 ], [ -120.88144569071369, 35.967662137437074 ], [ -120.880557635321992, 35.967668828197105 ], [ -120.880563821570192, 35.968208829229916 ], [ -120.880341806136741, 35.968210500877873 ], [ -120.880350052518338, 35.968930502015404 ], [ -120.880572070035882, 35.968928830358458 ], [ -120.880574132172512, 35.969108830588937 ], [ -120.881462204201014, 35.96910213971212 ], [ -120.881460139980291, 35.968922139490623 ], [ -120.882570227199693, 35.968913766437588 ] ] ] } },
{ "type": "Feature", "properties": { "area_ha": 2.2796723220630182, "count": 57, "min_ha": 0.2, "post_date": "2023-03-25" }, "geometry": { "type": "Polygon", "coordinates": [ [ [ -120.882771571751661, 35.967112087571017 ], [ -120.882763302876256, 35.966392085867554 ], [ -120.882541292742857, 35.966393761683698 ], [ -120.882537159405601, 35.966033760710694 ], [ -120.882315150296279, 35.966035436113614 ], [ -120.882317216439404, 35.966215436613588 ], [ -120.881873197160772, 35.966218786143827 ], [ -120.8818711320597, 35.966038785634865 ], [ -120.881649122923434, 35.966040459762176 ], [ -120.881651187503479, 35.96622046028012 ], [ -120.880541139082325, 35.96622882462848 ], [ -120.880551449163619, 35.967128826993616 ], [ -120.880995473751298, 35.967125482484967 ], [ -120.880997536840141, 35.967305482895114 ], [ -120.882329613513718, 35.967295439218198 ], [ -120.88232754730771, 35.967115438826013 ], [ -120.882771571751661, 35.967112087571017 ] ] ] } },
{ "type": "Feature", "properties": { "area_ha": 0.27997009122853495, "count": 7, "min_ha": 0.2, "post_date": "2023-03-25" }, "geometry": { "type": "Polygon", "coordinates": [ [ [ -120.887519847136616, 35.801453357284096 ], [ -120.887517773259006, 35.801273339356804 ], [ -120.88641010223823, 35.801281760227162 ], [ -120.886412173528697, 35.801461778172417 ], [ -120.886633708273635, 35.801460094837374 ], [ -120.88663578009411, 35.801640112755685 ], [ -120.887078850581119, 35.80163674480999 ], [ -120.887076777727586, 35.80145672690066 ], [ -120.887519847136616, 35.801453357284096 ] ] ] } },
{ "type": "Feature", "properties": { "area_ha": 0.43994509982862973, "count": 11, "min_ha": 0.2, "post_date": "2023-03-25" }, "geometry": { "type": "MultiPolygon", "coordinates": [ [ [ [ -120.889550432952177, 35.881370929944588 ], [ -120.889548352166528, 35.88119092072197 ], [ -120.889326587973883, 35.88119260951877 ], [ -120.88932866823852, 35.881372618732406 ], [ -120.889550432952177, 35.881370929944588 ] ] ], [ [ [ -120.889550432952177, 35.881370929944588 ], [ -120.889552513746821, 35.881550939140254 ], [ -120.889330748521132, 35.881552627937054 ], [ -120.889332828803731, 35.881732637114759 ], [ -120.889111063048034, 35.881734325498336 ], [ -120.889104823772271, 35.881194297884377 ], [ -120.888883059561678, 35.88119598582778 ], [ -120.888891376541864, 35.881916022628424 ], [ -120.889334909104306, 35.881912646283482 ], [ -120.889336989404867, 35.882092655425254 ], [ -120.889558756193637, 35.882090966610484 ], [ -120.889554594550447, 35.881730948317959 ], [ -120.889776360288181, 35.881729259098947 ], [ -120.889772197647872, 35.881369240725576 ], [ -120.889550432952177, 35.881370929944588 ] ] ] ] } },
{ "type": "Feature", "properties": { "area_ha": 0.59993618299553009, "count": 15, "min_ha": 0.2, "post_date": "2023-03-25" }, "geometry": { "type": "Polygon", "coordinates": [ [ [ -120.893035257031372, 35.79943089788911 ], [ -120.893028996914708, 35.798890843685022 ], [ -120.892807469706625, 35.798892539165287 ], [ -120.892805383531083, 35.798712521058334 ], [ -120.893026910227121, 35.798710825578063 ], [ -120.893024823557496, 35.79853080745314 ], [ -120.89280329737349, 35.798532502924424 ], [ -120.892801211224892, 35.798352484772558 ], [ -120.892136634191047, 35.798357568662141 ], [ -120.892134549605515, 35.798177550483317 ], [ -120.891691499231783, 35.798180937634996 ], [ -120.891693582775275, 35.798360955822801 ], [ -120.891472057058394, 35.798362648769817 ], [ -120.891474140098822, 35.79854266693966 ], [ -120.892581771189498, 35.798534197982484 ], [ -120.89258802814409, 35.799074252321326 ], [ -120.892809555882181, 35.799072557254277 ], [ -120.892813728269218, 35.799432593378363 ], [ -120.893035257031372, 35.79943089788911 ] ] ] } },
{ "type": "Feature", "properties": { "area_ha": 0.23997444289970171, "count": 6, "min_ha": 0.2, "post_date": "2023-03-25" }, "geometry": { "type": "Polygon", "coordinates": [ [ [ -120.898577672340707, 35.799748409681058 ], [ -120.89857347300422, 35.799388373835448 ], [ -120.898351944475621, 35.799390079843974 ], [ -120.898345647096832, 35.798850025918362 ], [ -120.898124120122318, 35.798851731495695 ], [ -120.898132514582201, 35.799571803375549 ], [ -120.898354043622845, 35.799570097780247 ], [ -120.898356142779051, 35.799750115698558 ], [ -120.898577672340707, 35.799748409681058 ] ] ] } },
{ "type": "Feature", "properties": { "area_ha": 0.43995299740879129, "count": 11, "min_ha": 0.2, "post_date": "2023-03-25" }, "geometry": { "type": "MultiPolygon", "coordinates": [ [ [ [ -120.899478502952547, 35.801001706134407 ], [ -120.89948270660993, 35.801361741593738 ], [ -120.899261172430926, 35.80136344932702 ], [ -120.899263273761051, 35.801543467029738 ], [ -120.899706343134156, 35.801540051131973 ], [ -120.899700036080517, 35.800999997987894 ], [ -120.899478502952547, 35.801001706134407 ] ] ], [ [ [ -120.898807602749287, 35.80046677468102 ], [ -120.898805502524084, 35.800286756852543 ], [ -120.89858397141731, 35.800288463301243 ], [ -120.898586071130481, 35.800468481138701 ], [ -120.898807602749287, 35.80046677468102 ] ] ], [ [ [ -120.898807602749287, 35.80046677468102 ], [ -120.898811803244598, 35.800826810284079 ], [ -120.899033335887481, 35.800825103404193 ], [ -120.899035436660654, 35.801005121169787 ], [ -120.899478502952547, 35.801001706134407 ], [ -120.899474299340071, 35.800641670594231 ], [ -120.899031235114307, 35.800645085611649 ], [ -120.899029134359097, 35.800465067810116 ], [ -120.898807602749287, 35.80046677468102 ] ] ] ] } },
{ "type": "Feature", "properties": { "area_ha": 0.4399536362207272, "count": 11, "min_ha": 0.2, "post_date": "2023-03-25" }, "geometry": { "type": "MultiPolygon", "coordinates": [ [ [ [ -120.900286798277634, 35.79433420124635 ], [ -120.900729826148577, 35.794330781449894 ], [ -120.900725617047399, 35.793970744481399 ], [ -120.900947129936327, 35.793969033954347 ], [ -120.900945024887164, 35.793789015443153 ], [ -120.900502000133386, 35.793792436066056 ], [ -120.900506208183543, 35.794152473079471 ], [ -120.900284694755612, 35.794154182762099 ], [ -120.900286798277634, 35.79433420124635 ] ] ], [ [ [ -120.899845872859714, 35.794517637829237 ], [ -120.899402843865886, 35.794521054274981 ], [ -120.899407046813607, 35.79488109116263 ], [ -120.899850077873566, 35.794877674707905 ], [ -120.899845872859714, 35.794517637829237 ] ] ], [ [ [ -120.900286798277634, 35.79433420124635 ], [ -120.899843770361784, 35.794337619362956 ], [ -120.899845872859714, 35.794517637829237 ], [ -120.900288901808636, 35.79451421970365 ], [ -120.900286798277634, 35.79433420124635 ] ] ] ] } },
{ "type": "Feature", "properties": { "area_ha": 0.71992384483659622, "count": 18, "min_ha": 0.2, "post_date": "2023-03-25" }, "geometry": { "type": "MultiPolygon", "coordinates": [ [ [ [ -120.901200227545729, 35.796667598211691 ], [ -120.900757186253955, 35.796671019795788 ], [ -120.900761395651585, 35.797031056162417 ], [ -120.900982917335028, 35.79702934557249 ], [ -120.900980812115193, 35.796849327402647 ], [ -120.901202333268614, 35.796847616399496 ], [ -120.901200227545729, 35.796667598211691 ] ] ], [ [ [ -120.901200227545729, 35.796667598211691 ], [ -120.901643268792583, 35.796664174947736 ], [ -120.901641162045607, 35.79648415675095 ], [ -120.902084202223463, 35.796480731816132 ], [ -120.902082094443429, 35.796300713601376 ], [ -120.902525133543307, 35.796297286995689 ], [ -120.902523024739196, 35.796117268771951 ], [ -120.903409100756051, 35.79611041051205 ], [ -120.903406989894791, 35.795930392288312 ], [ -120.90229939743169, 35.795938964030718 ], [ -120.902301505714775, 35.796118982281406 ], [ -120.90141542950029, 35.796125832124098 ], [ -120.901419641943207, 35.796485868589535 ], [ -120.901198121831825, 35.796487580005916 ], [ -120.901200227545729, 35.796667598211691 ] ] ] ] } },
{ "type": "Feature", "properties": { "area_ha": 0.51993407137281944, "count": 13, "min_ha": 0.2, "post_date": "2023-03-25" }, "geometry": { "type": "Polygon", "coordinates": [ [ [ -120.904298992214365, 35.890798986356998 ], [ -120.904296876672888, 35.890618978409989 ], [ -120.9040750856296, 35.890620695189313 ], [ -120.904072970618131, 35.890440687215353 ], [ -120.903185808457252, 35.890447550119539 ], [ -120.903192147302278, 35.890987574032444 ], [ -120.904079315688477, 35.89098071108333 ], [ -120.904077200659046, 35.890800703145302 ], [ -120.904298992214365, 35.890798986356998 ] ] ] } },
{ "type": "Feature", "properties": { "area_ha": 0.63993116136627048, "count": 16, "min_ha": 0.2, "post_date": "2023-03-25" }, "geometry": { "type": "MultiPolygon", "coordinates": [ [ [ [ -120.901723332696363, 35.80350485172027 ], [ -120.901721225572103, 35.803324834287054 ], [ -120.901499685796594, 35.803326546269368 ], [ -120.901501792408823, 35.803506563711572 ], [ -120.901723332696363, 35.80350485172027 ] ] ], [ [ [ -120.901723332696363, 35.80350485172027 ], [ -120.901731761301221, 35.804224921291457 ], [ -120.901953303645897, 35.804223208868962 ], [ -120.901959626761425, 35.804763260818284 ], [ -120.902181170651218, 35.804761547964596 ], [ -120.902187495401677, 35.805301599725269 ], [ -120.902409040845555, 35.805299886440395 ], [ -120.90239849704956, 35.804399800091758 ], [ -120.902176954201821, 35.80440151335867 ], [ -120.902172737788348, 35.804041478671891 ], [ -120.901951195964685, 35.80404319150761 ], [ -120.901949088292454, 35.803863174128288 ], [ -120.902170629595091, 35.80386146129257 ], [ -120.902166413244515, 35.803501426489007 ], [ -120.901723332696363, 35.80350485172027 ] ] ] ] } },
{ "type": "Feature", "properties": { "area_ha": 1.7998104137662525, "count": 45, "min_ha": 0.2, "post_date": "2023-03-25" }, "geometry": { "type": "MultiPolygon", "coordinates": [ [ [ [ -120.907358279160192, 35.792839135154921 ], [ -120.907579788644497, 35.792837412033492 ], [ -120.907577668126365, 35.792657393522298 ], [ -120.907799177089657, 35.792655669987646 ], [ -120.907794935047249, 35.792295632902366 ], [ -120.907351919186794, 35.792299079531496 ], [ -120.907358279160192, 35.792839135154921 ] ] ], [ [ [ -120.906697987575342, 35.793204338981404 ], [ -120.906695869105363, 35.79302432049716 ], [ -120.906474359064077, 35.793026041929757 ], [ -120.906476477013044, 35.793206060422989 ], [ -120.906697987575342, 35.793204338981404 ] ] ], [ [ [ -120.906274023778309, 35.794827947037035 ], [ -120.905609478041782, 35.794833107678677 ], [ -120.905611594014445, 35.795013125992249 ], [ -120.904725530816549, 35.795020000978781 ], [ -120.904723416910016, 35.794839982656228 ], [ -120.904058870957883, 35.79484513446743 ], [ -120.90406098331033, 35.795025152807952 ], [ -120.904282499154732, 35.795023435947776 ], [ -120.904284612046169, 35.795203454261348 ], [ -120.904506128393621, 35.795201736987948 ], [ -120.904508241806084, 35.795381755274569 ], [ -120.904729758665567, 35.795380037569984 ], [ -120.904731872608053, 35.795560055838635 ], [ -120.905174907333134, 35.795556619162838 ], [ -120.90517279235759, 35.795376600903168 ], [ -120.905615826004691, 35.795373162556501 ], [ -120.905613710005085, 35.795193144278862 ], [ -120.90583522629862, 35.795191424481203 ], [ -120.90583310979595, 35.795011406194583 ], [ -120.906276141314052, 35.795007965332637 ], [ -120.906274023778309, 35.794827947037035 ] ] ], [ [ [ -120.907358279160192, 35.792839135154921 ], [ -120.90691526016461, 35.792842580131158 ], [ -120.906919498119663, 35.793202617117622 ], [ -120.906697987575342, 35.793204338981404 ], [ -120.906700106045321, 35.793384357456674 ], [ -120.906478594970991, 35.793386078898251 ], [ -120.906491302943238, 35.794466189327643 ], [ -120.906269788751757, 35.794467910382942 ], [ -120.906274023778309, 35.794827947037035 ], [ -120.906495539011843, 35.79482622598173 ], [ -120.90649342097305, 35.794646207668158 ], [ -120.906714935667594, 35.794644486190649 ], [ -120.906710698583893, 35.794284449509611 ], [ -120.90693221224538, 35.794282727627859 ], [ -120.906921617119664, 35.793382635592884 ], [ -120.907143128176031, 35.793380913297909 ], [ -120.907138889160947, 35.793020876356358 ], [ -120.907360399175275, 35.793019153657141 ], [ -120.907358279160192, 35.792839135154921 ] ] ] ] } },
{ "type": "Feature", "properties": { "area_ha": 0.59990784902810579, "count": 15, "min_ha": 0.2, "post_date": "2023-03-25" }, "geometry": { "type": "Polygon", "coordinates": [ [ [ -120.908390695183485, 36.01191942213979 ], [ -120.908384309823688, 36.011379435821389 ], [ -120.908162170243074, 36.011381160245378 ], [ -120.908151530767526, 36.010481182673736 ], [ -120.907929393783036, 36.01048290665755 ], [ -120.90792301177396, 36.009942919889987 ], [ -120.907700876343554, 36.009944643433627 ], [ -120.907709383613877, 36.010664625778396 ], [ -120.907931521137357, 36.010662902207812 ], [ -120.907946412896095, 36.011922870583525 ], [ -120.908390695183485, 36.01191942213979 ] ] ] } },
{ "type": "Feature", "properties": { "area_ha": 0.27996976377382199, "count": 7, "min_ha": 0.2, "post_date": "2023-03-25" }, "geometry": { "type": "MultiPolygon", "coordinates": [ [ [ [ -120.905517024034609, 35.805815907683311 ], [ -120.905514907981086, 35.805635890564496 ], [ -120.905293361647878, 35.80563760974232 ], [ -120.905295477189355, 35.805817626870116 ], [ -120.905517024034609, 35.805815907683311 ] ] ], [ [ [ -120.905517024034609, 35.805815907683311 ], [ -120.905523372258045, 35.806355958913976 ], [ -120.906188017411125, 35.806350798793353 ], [ -120.906185899776574, 35.80617078174641 ], [ -120.905964351916225, 35.806172502199843 ], [ -120.905962234811682, 35.805992485134929 ], [ -120.905740687463378, 35.805994205166151 ], [ -120.905738570879862, 35.805814188074294 ], [ -120.905517024034609, 35.805815907683311 ] ] ] ] } },
{ "type": "Feature", "properties": { "area_ha": 0.27996973225518867, "count": 7, "min_ha": 0.2, "post_date": "2023-03-25" }, "geometry": { "type": "Polygon", "coordinates": [ [ [ -120.907299999608654, 35.806702224179162 ], [ -120.907297879368983, 35.806522207186113 ], [ -120.907076330520496, 35.806523929759571 ], [ -120.907074210810833, 35.806343912748559 ], [ -120.906409565774524, 35.806349077908727 ], [ -120.906413802112624, 35.806709111939739 ], [ -120.907299999608654, 35.806702224179162 ] ] ] } },
{ "type": "Feature", "properties": { "area_ha": 0.35996026014717902, "count": 9, "min_ha": 0.2, "post_date": "2023-03-25" }, "geometry": { "type": "Polygon", "coordinates": [ [ [ -120.909645162222489, 35.817665971653234 ], [ -120.909643036197679, 35.817485955917832 ], [ -120.90942145587222, 35.817487682928963 ], [ -120.90941082847003, 35.816587603919565 ], [ -120.909632406199364, 35.816585876926396 ], [ -120.909630280237423, 35.816405861065228 ], [ -120.909187125784882, 35.816409314620373 ], [ -120.909202000529532, 35.817669425262281 ], [ -120.909645162222489, 35.817665971653234 ] ] ] } },
{ "type": "Feature", "properties": { "area_ha": 0.23997402396322501, "count": 6, "min_ha": 0.2, "post_date": "2023-03-25" }, "geometry": { "type": "Polygon", "coordinates": [ [ [ -120.91041019967814, 35.807398131539571 ], [ -120.910408072144151, 35.807218114690258 ], [ -120.909964970584412, 35.807221571209837 ], [ -120.909962844092476, 35.807041554333573 ], [ -120.909298193244069, 35.807046735950877 ], [ -120.909300318172939, 35.807226752845111 ], [ -120.909743419786579, 35.80722329884081 ], [ -120.909745545766469, 35.807403315708093 ], [ -120.91041019967814, 35.807398131539571 ] ] ] } },
{ "type": "Feature", "properties": { "area_ha": 0.35996098575564101, "count": 9, "min_ha": 0.2, "post_date": "2023-03-25" }, "geometry": { "type": "MultiPolygon", "coordinates": [ [ [ [ -120.911524346402274, 35.807929533233725 ], [ -120.911522216254198, 35.807749516465257 ], [ -120.911300663974131, 35.807751247051684 ], [ -120.911298534356064, 35.807571230247284 ], [ -120.910855430802059, 35.807574690153523 ], [ -120.91085330222603, 35.807394673331153 ], [ -120.910631750952078, 35.807396402641977 ], [ -120.910636007089053, 35.807756436286709 ], [ -120.911079111685098, 35.807752977215905 ], [ -120.911081240809096, 35.807932994002343 ], [ -120.911524346402274, 35.807929533233725 ] ] ], [ [ [ -120.911524346402274, 35.807929533233725 ], [ -120.911528606734379, 35.80828956672574 ], [ -120.911971714366729, 35.808286104268298 ], [ -120.911969583158637, 35.808106087544743 ], [ -120.911748029863475, 35.808107818975586 ], [ -120.911745899185391, 35.807927802225088 ], [ -120.911524346402274, 35.807929533233725 ] ] ] ] } },
{ "type": "Feature", "properties": { "area_ha": 0.71992178796960282, "count": 18, "min_ha": 0.2, "post_date": "2023-03-25" }, "geometry": { "type": "MultiPolygon", "coordinates": [ [ [ [ -120.913756956785491, 35.809352337370463 ], [ -120.913754821373288, 35.809172320790637 ], [ -120.913533265059797, 35.809174055617113 ], [ -120.913531130177589, 35.808994039010344 ], [ -120.913309574367148, 35.808995773414615 ], [ -120.913307440014947, 35.808815756789876 ], [ -120.91308588470757, 35.808817490762955 ], [ -120.913083750885377, 35.808637474111272 ], [ -120.912862196090046, 35.808639207662139 ], [ -120.912860062788866, 35.808459190992487 ], [ -120.912416954204303, 35.808462656827601 ], [ -120.912414821954158, 35.808282640122016 ], [ -120.912193268164941, 35.808284372406256 ], [ -120.912197531641141, 35.808644405790481 ], [ -120.912419086472411, 35.808642673506235 ], [ -120.912421218740519, 35.808822690166906 ], [ -120.912864329400193, 35.808819224313822 ], [ -120.912868596038464, 35.809179257563301 ], [ -120.91331170872833, 35.809175790021385 ], [ -120.913313843098507, 35.809355806601204 ], [ -120.913756956785491, 35.809352337370463 ] ] ], [ [ [ -120.913756956785491, 35.809352337370463 ], [ -120.913761227627887, 35.809712370458236 ], [ -120.914204343345077, 35.809708899529674 ], [ -120.914200070427583, 35.809348866450883 ], [ -120.913756956785491, 35.809352337370463 ] ] ] ] } },
{ "type": "Feature", "properties": { "area_ha": 0.47994718608549564, "count": 12, "min_ha": 0.2, "post_date": "2023-03-25" }, "geometry": { "type": "Polygon", "coordinates": [ [ [ -120.91692946470377, 35.815268539729153 ], [ -120.916927321718759, 35.815088523859004 ], [ -120.916262601897714, 35.815093745118965 ], [ -120.916264743328625, 35.815273760998096 ], [ -120.915600021863668, 35.815278978494121 ], [ -120.915602161749476, 35.81545899436427 ], [ -120.915380587388839, 35.815460732685196 ], [ -120.915378448024043, 35.815280716815039 ], [ -120.915156874166442, 35.815282454713753 ], [ -120.915161151889933, 35.81564248645406 ], [ -120.915825876516976, 35.81563727146434 ], [ -120.915823736101146, 35.815457255621141 ], [ -120.91604531044382, 35.815455516446818 ], [ -120.916047451380678, 35.815635532298998 ], [ -120.916269026226416, 35.815633792702471 ], [ -120.916266884768532, 35.815453776859265 ], [ -120.916488459093259, 35.815452036858495 ], [ -120.916486317132325, 35.815272020997327 ], [ -120.91692946470377, 35.815268539729153 ] ] ] } },
{ "type": "Feature", "properties": { "area_ha": 0.43995167637405458, "count": 11, "min_ha": 0.2, "post_date": "2023-03-25" }, "geometry": { "type": "Polygon", "coordinates": [ [ [ -120.918689171980589, 35.814174502493337 ], [ -120.918687024908238, 35.813994486533353 ], [ -120.918022314645256, 35.8139997178275 ], [ -120.918024460163522, 35.814179733796465 ], [ -120.917802889539871, 35.814181476716762 ], [ -120.917805034546078, 35.814361492667764 ], [ -120.917583463392418, 35.814363235183819 ], [ -120.917585607895589, 35.814543251116852 ], [ -120.917364036211922, 35.814544993210696 ], [ -120.917366180203047, 35.814725009134747 ], [ -120.917144607998353, 35.814726750806386 ], [ -120.917146751477432, 35.814906766712475 ], [ -120.917589896919878, 35.814903282929016 ], [ -120.917587752398745, 35.814723267031916 ], [ -120.917809324585477, 35.814721524515861 ], [ -120.917807179561279, 35.814541508600797 ], [ -120.918028751226984, 35.814539765671512 ], [ -120.918026605690756, 35.814359749738479 ], [ -120.918248176817471, 35.814358006386989 ], [ -120.918246030778192, 35.814177990444975 ], [ -120.918689171980589, 35.814174502493337 ] ] ] } },
{ "type": "Feature", "properties": { "area_ha": 0.23997415685243154, "count": 6, "min_ha": 0.2, "post_date": "2023-03-25" }, "geometry": { "type": "Polygon", "coordinates": [ [ [ -120.923229952569841, 35.804776925550208 ], [ -120.923227795148904, 35.804596908646992 ], [ -120.921898537325816, 35.804607419232262 ], [ -120.921900691638569, 35.804787436162428 ], [ -120.923229952569841, 35.804776925550208 ] ] ] } },
{ "type": "Feature", "properties": { "area_ha": 0.23997350650770105, "count": 6, "min_ha": 0.2, "post_date": "2023-03-25" }, "geometry": { "type": "MultiPolygon", "coordinates": [ [ [ [ -120.924486734477512, 35.817189272428131 ], [ -120.92448241308692, 35.816829241370549 ], [ -120.92381767875807, 35.816834505668794 ], [ -120.923819837894797, 35.817014521215555 ], [ -120.924041416531423, 35.817012766868686 ], [ -120.924043576198144, 35.817192782397477 ], [ -120.924486734477512, 35.817189272428131 ] ] ], [ [ [ -120.924486734477512, 35.817189272428131 ], [ -120.924488895195267, 35.817369287929978 ], [ -120.924710474838008, 35.8173675323075 ], [ -120.924708313608207, 35.817187516814641 ], [ -120.924486734477512, 35.817189272428131 ] ] ] ] } },
{ "type": "Feature", "properties": { "area_ha": 0.39995686601033881, "count": 10, "min_ha": 0.2, "post_date": "2023-03-25" }, "geometry": { "type": "MultiPolygon", "coordinates": [ [ [ [ -120.924570015895114, 35.805666483922188 ], [ -120.924572176478122, 35.805846500681675 ], [ -120.925236815944871, 35.805841232053552 ], [ -120.925234653807777, 35.805661215303047 ], [ -120.924570015895114, 35.805666483922188 ] ] ], [ [ [ -120.924122604838473, 35.805309960624093 ], [ -120.924118285819446, 35.804949926934448 ], [ -120.923896741875751, 35.804951681443015 ], [ -120.923894582891748, 35.804771664566744 ], [ -120.923673039460098, 35.804773418653106 ], [ -120.923677356395046, 35.805133452387665 ], [ -120.923898900868735, 35.805131698301309 ], [ -120.92390105986172, 35.80531171513266 ], [ -120.924122604838473, 35.805309960624093 ] ] ], [ [ [ -120.924122604838473, 35.805309960624093 ], [ -120.924126923911416, 35.805669994223912 ], [ -120.924570015895114, 35.805666483922188 ], [ -120.924567855321087, 35.805486467135758 ], [ -120.924346309850264, 35.805488222497722 ], [ -120.924344149806245, 35.805308205684341 ], [ -120.924122604838473, 35.805309960624093 ] ] ] ] } },
{ "type": "Feature", "properties": { "area_ha": 0.43995225952992478, "count": 11, "min_ha": 0.2, "post_date": "2023-03-25" }, "geometry": { "type": "Polygon", "coordinates": [ [ [ -120.929035669793251, 35.808511552901066 ], [ -120.929026985500926, 35.80779148722857 ], [ -120.928805433499349, 35.807793251052665 ], [ -120.928809774589993, 35.808153283933827 ], [ -120.928588221546363, 35.808155047353679 ], [ -120.928592561639874, 35.808515080162977 ], [ -120.928371007554205, 35.808516843160625 ], [ -120.928375346650597, 35.808876875898058 ], [ -120.928596901778306, 35.808875112891428 ], [ -120.928599071865492, 35.809055129228703 ], [ -120.928820627496265, 35.809053365799869 ], [ -120.928814115725544, 35.808513316743124 ], [ -120.929035669793251, 35.808511552901066 ] ] ] } },
{ "type": "Feature", "properties": { "area_ha": 1.3598531061973913, "count": 34, "min_ha": 0.2, "post_date": "2023-03-25" }, "geometry": { "type": "Polygon", "coordinates": [ [ [ -120.928801092453611, 35.807433218090651 ], [ -120.928796751434845, 35.807073185047791 ], [ -120.928575201499385, 35.807074948440693 ], [ -120.928570861567565, 35.806714915308 ], [ -120.928792410469953, 35.806713151924079 ], [ -120.928779387799892, 35.805633052085831 ], [ -120.928336296193493, 35.805636578377559 ], [ -120.928334126824964, 35.805456561662993 ], [ -120.927891036206702, 35.805460086256907 ], [ -120.927893204551154, 35.805640102989443 ], [ -120.927007021131729, 35.805647147155696 ], [ -120.927004854862389, 35.805467130414179 ], [ -120.925454037114562, 35.805479441492771 ], [ -120.925456199763701, 35.805659458261239 ], [ -120.926563929363624, 35.805650666719046 ], [ -120.926566094599892, 35.805830683442593 ], [ -120.928338465579984, 35.805816595074162 ], [ -120.928355821013312, 35.807256727946289 ], [ -120.928577371478767, 35.807254964975598 ], [ -120.928579541476111, 35.807434981483553 ], [ -120.928801092453611, 35.807433218090651 ] ] ] } },
{ "type": "Feature", "properties": { "area_ha": 0.31996418477505834, "count": 8, "min_ha": 0.2, "post_date": "2023-03-25" }, "geometry": { "type": "Polygon", "coordinates": [ [ [ -120.931216808354606, 35.823976991574305 ], [ -120.93121245511874, 35.823616962259457 ], [ -120.930326065167648, 35.82362403156057 ], [ -120.930330414253305, 35.82398406091135 ], [ -120.931216808354606, 35.823976991574305 ] ] ] } },
{ "type": "Feature", "properties": { "area_ha": 1.0398862392584873, "count": 26, "min_ha": 0.2, "post_date": "2023-03-25" }, "geometry": { "type": "MultiPolygon", "coordinates": [ [ [ [ -120.933725397829917, 35.811534689241356 ], [ -120.933282272500747, 35.811538234307882 ], [ -120.93328881585623, 35.812078282115962 ], [ -120.933067251619605, 35.812080054024896 ], [ -120.933069432244011, 35.812260069921997 ], [ -120.932626302710744, 35.812263612491201 ], [ -120.932630661920399, 35.81262364424947 ], [ -120.932409096102731, 35.812625414909746 ], [ -120.932411275200025, 35.812805430761927 ], [ -120.9315250097644, 35.812812509216876 ], [ -120.931527186795563, 35.812992525069056 ], [ -120.931305619899916, 35.812994293627277 ], [ -120.93131432607521, 35.813714356838389 ], [ -120.931535895054949, 35.813712588262206 ], [ -120.931529363844689, 35.813172540894293 ], [ -120.931750931261362, 35.813170771904886 ], [ -120.93174875369121, 35.81299075607965 ], [ -120.932635021157012, 35.812983675926894 ], [ -120.932632841529724, 35.812803660101657 ], [ -120.932854407859438, 35.812801889010188 ], [ -120.932852227720105, 35.812621873166989 ], [ -120.93307379351981, 35.812620101662297 ], [ -120.933071612877413, 35.812440085801128 ], [ -120.93329317814711, 35.812438313883213 ], [ -120.933290996992696, 35.812258298013063 ], [ -120.933512561732385, 35.812256525672943 ], [ -120.93350601679586, 35.81171647793672 ], [ -120.933727579972484, 35.811714705192358 ], [ -120.933725397829917, 35.811534689241356 ] ] ], [ [ [ -120.933725397829917, 35.811534689241356 ], [ -120.933946960476533, 35.81153291608377 ], [ -120.933944777821921, 35.811352900114798 ], [ -120.93416633994751, 35.81135112654399 ], [ -120.934164156789848, 35.811171110557055 ], [ -120.933721033571715, 35.811174657285456 ], [ -120.933725397829917, 35.811534689241356 ] ] ] ] } },
{ "type": "Feature", "properties": { "area_ha": 0.39995510908076465, "count": 10, "min_ha": 0.2, "post_date": "2023-03-25" }, "geometry": { "type": "MultiPolygon", "coordinates": [ [ [ [ -120.932561657598285, 35.825226476781339 ], [ -120.932559477800325, 35.825046462294587 ], [ -120.931673071508868, 35.825053541818527 ], [ -120.931675249240712, 35.825233556323241 ], [ -120.931896851350317, 35.825231787073321 ], [ -120.931899029603187, 35.825411801551084 ], [ -120.932120632215856, 35.825410031869978 ], [ -120.932118453441959, 35.825230017392215 ], [ -120.932561657598285, 35.825226476781339 ] ] ], [ [ [ -120.932561657598285, 35.825226476781339 ], [ -120.932572556758814, 35.826126548927604 ], [ -120.932794161419636, 35.82612477797089 ], [ -120.932783259662983, 35.825224705842587 ], [ -120.932561657598285, 35.825226476781339 ] ] ] ] } },
{ "type": "Feature", "properties": { "area_ha": 0.39995639878681338, "count": 10, "min_ha": 0.2, "post_date": "2023-03-25" }, "geometry": { "type": "MultiPolygon", "coordinates": [ [ [ [ -120.935486967458047, 35.810620412296011 ], [ -120.934379167412231, 35.810629288522385 ], [ -120.934381351054995, 35.810809304554233 ], [ -120.935489153687953, 35.810800428309896 ], [ -120.935486967458047, 35.810620412296011 ] ] ], [ [ [ -120.935486967458047, 35.810620412296011 ], [ -120.935708527427678, 35.810618635787705 ], [ -120.935710714187593, 35.810798651792602 ], [ -120.936153835141951, 35.81079509750937 ], [ -120.93615164735796, 35.810615081504466 ], [ -120.93593008739731, 35.810616858857188 ], [ -120.935925712889343, 35.81025682678451 ], [ -120.935704153961751, 35.810258603706039 ], [ -120.935706340685726, 35.810438619755857 ], [ -120.935484781228141, 35.810440396255181 ], [ -120.935486967458047, 35.810620412296011 ] ] ] ] } },
{ "type": "Feature", "properties": { "area_ha": 0.39995593997542711, "count": 10, "min_ha": 0.2, "post_date": "2023-03-25" }, "geometry": { "type": "MultiPolygon", "coordinates": [ [ [ [ -120.935335355472759, 35.816382691160463 ], [ -120.935337541514016, 35.816562706545525 ], [ -120.935559118587577, 35.816560930333665 ], [ -120.935556932034274, 35.816380914948603 ], [ -120.935335355472759, 35.816382691160463 ] ] ], [ [ [ -120.934657519017861, 35.81530792448531 ], [ -120.934655334593572, 35.815127908947538 ], [ -120.934433761625314, 35.815129683452597 ], [ -120.934435945519596, 35.815309698990376 ], [ -120.934657519017861, 35.81530792448531 ] ] ], [ [ [ -120.934657519017861, 35.81530792448531 ], [ -120.934664072335664, 35.815847970972868 ], [ -120.934885647370038, 35.815846196027636 ], [ -120.934887832342312, 35.816026211484562 ], [ -120.935109407888731, 35.816024436117118 ], [ -120.935113778902249, 35.8163844669591 ], [ -120.935335355472759, 35.816382691160463 ], [ -120.935328797402875, 35.815842644888498 ], [ -120.935107222386463, 35.815844420669173 ], [ -120.935105036902158, 35.815664405203265 ], [ -120.934883462397778, 35.81566618056172 ], [ -120.934879092498164, 35.81530614955804 ], [ -120.934657519017861, 35.81530792448531 ] ] ] ] } },
{ "type": "Feature", "properties": { "area_ha": 0.43995220511332128, "count": 11, "min_ha": 0.2, "post_date": "2023-03-25" }, "geometry": { "type": "MultiPolygon", "coordinates": [ [ [ [ -120.935684473832197, 35.808638458350408 ], [ -120.935462919548897, 35.808640234813801 ], [ -120.935478222619267, 35.809900348033871 ], [ -120.935699780522768, 35.809898571543528 ], [ -120.935684473832197, 35.808638458350408 ] ] ], [ [ [ -120.935684473832197, 35.808638458350408 ], [ -120.936127582362872, 35.808634904157003 ], [ -120.936123207046407, 35.808274871653133 ], [ -120.935680100581877, 35.808278425828576 ], [ -120.935684473832197, 35.808638458350408 ] ] ] ] } },
{ "type": "Feature", "properties": { "area_ha": 0.23997346654249391, "count": 6, "min_ha": 0.2, "post_date": "2023-03-25" }, "geometry": { "type": "MultiPolygon", "coordinates": [ [ [ [ -120.93667794972049, 35.817452119444333 ], [ -120.936675760517161, 35.817272104185037 ], [ -120.936454181422391, 35.817273882516922 ], [ -120.936456370104708, 35.8174538977852 ], [ -120.93667794972049, 35.817452119444333 ] ] ], [ [ [ -120.93667794972049, 35.817452119444333 ], [ -120.936684517384379, 35.817992165114426 ], [ -120.937127679688203, 35.817988607148095 ], [ -120.937123299161513, 35.817628576737299 ], [ -120.936901719051662, 35.817630355922589 ], [ -120.936899529318325, 35.817450340681255 ], [ -120.93667794972049, 35.817452119444333 ] ] ] ] } },
{ "type": "Feature", "properties": { "area_ha": 0.35996088235805385, "count": 9, "min_ha": 0.2, "post_date": "2023-03-25" }, "geometry": { "type": "MultiPolygon", "coordinates": [ [ [ [ -120.938130339673478, 35.809338954107659 ], [ -120.937465670912673, 35.809344296164078 ], [ -120.937467861741951, 35.80952431228576 ], [ -120.93813253204786, 35.809518970211371 ], [ -120.938130339673478, 35.809338954107659 ] ] ], [ [ [ -120.938130339673478, 35.809338954107659 ], [ -120.938573452120806, 35.809335390634658 ], [ -120.938569065332857, 35.808975358373331 ], [ -120.9387906205055, 35.808973576008015 ], [ -120.938786232720418, 35.808613543683805 ], [ -120.938564678580846, 35.808615326031159 ], [ -120.938566871952361, 35.808795342215717 ], [ -120.938345317282796, 35.808797124149848 ], [ -120.938349703019696, 35.809157156456095 ], [ -120.938128147308078, 35.809158937976996 ], [ -120.938130339673478, 35.809338954107659 ] ] ] ] } },
{ "type": "Feature", "properties": { "area_ha": 0.23997340852698168, "count": 6, "min_ha": 0.2, "post_date": "2023-03-25" }, "geometry": { "type": "MultiPolygon", "coordinates": [ [ [ [ -120.937803382320908, 35.818883342654793 ], [ -120.93779899858724, 35.818523312468578 ], [ -120.937577415917175, 35.818525092938451 ], [ -120.937581798617785, 35.818885123133654 ], [ -120.937803382320908, 35.818883342654793 ] ] ], [ [ [ -120.937803382320908, 35.818883342654793 ], [ -120.937805574201221, 35.819063357725447 ], [ -120.938691910990016, 35.81905623159691 ], [ -120.938689717034592, 35.818876216544226 ], [ -120.937803382320908, 35.818883342654793 ] ] ] ] } },
{ "type": "Feature", "properties": { "area_ha": 0.23997292759876995, "count": 6, "min_ha": 0.2, "post_date": "2023-03-25" }, "geometry": { "type": "MultiPolygon", "coordinates": [ [ [ [ -120.938356208187798, 35.827880509079677 ], [ -120.938354014771377, 35.827700494988186 ], [ -120.937910796637254, 35.82770405758982 ], [ -120.937912989020617, 35.827884071690292 ], [ -120.938356208187798, 35.827880509079677 ] ] ], [ [ [ -120.938356208187798, 35.827880509079677 ], [ -120.938358401622196, 35.82806052314421 ], [ -120.938801621777515, 35.828056958844762 ], [ -120.938803816253966, 35.828236972891332 ], [ -120.939025426843656, 35.828235190103804 ], [ -120.939021036857724, 35.827875162001675 ], [ -120.938356208187798, 35.827880509079677 ] ] ] ] } },
{ "type": "Feature", "properties": { "area_ha": 0.31996531401354161, "count": 8, "min_ha": 0.2, "post_date": "2023-03-25" }, "geometry": { "type": "MultiPolygon", "coordinates": [ [ [ [ -120.940104572536328, 35.807702759675742 ], [ -120.940326124016892, 35.807700974399879 ], [ -120.940323926567032, 35.807520958134468 ], [ -120.940102375598514, 35.807522743410331 ], [ -120.940104572536328, 35.807702759675742 ] ] ], [ [ [ -120.939668057298491, 35.808246377685208 ], [ -120.939224951157343, 35.808249945317414 ], [ -120.939227146064979, 35.808429961528923 ], [ -120.939670253230204, 35.808426393887736 ], [ -120.939668057298491, 35.808246377685208 ] ] ], [ [ [ -120.940104572536328, 35.807702759675742 ], [ -120.93966146954827, 35.807706328969829 ], [ -120.939668057298491, 35.808246377685208 ], [ -120.939889610351102, 35.808244593235798 ], [ -120.939887413907343, 35.808064577024282 ], [ -120.940108966429946, 35.808062792152661 ], [ -120.940104572536328, 35.807702759675742 ] ] ] ] } },
{ "type": "Feature", "properties": { "area_ha": 0.39995560973246386, "count": 10, "min_ha": 0.2, "post_date": "2023-03-25" }, "geometry": { "type": "MultiPolygon", "coordinates": [ [ [ [ -120.940028007094483, 35.81958557473871 ], [ -120.940025810003931, 35.819405559775852 ], [ -120.939582639687146, 35.819409128746543 ], [ -120.939580443638647, 35.81922911374776 ], [ -120.939358858983312, 35.819230897595304 ], [ -120.939356663464821, 35.819050882578551 ], [ -120.93913507931255, 35.819052666003884 ], [ -120.93913946932544, 35.819412696028401 ], [ -120.939361054510783, 35.819410912594087 ], [ -120.939363250047236, 35.819590927574907 ], [ -120.940028007094483, 35.81958557473871 ] ] ], [ [ [ -120.940028007094483, 35.81958557473871 ], [ -120.940030204202984, 35.819765589683598 ], [ -120.940251790376479, 35.819763804560445 ], [ -120.940253988014987, 35.819943819478382 ], [ -120.940697161377059, 35.819940247965462 ], [ -120.940694962714474, 35.819760233047525 ], [ -120.94047337654996, 35.819762019015087 ], [ -120.940471178408401, 35.819582004079187 ], [ -120.940028007094483, 35.81958557473871 ] ] ] ] } },
{ "type": "Feature", "properties": { "area_ha": 0.43995245213953466, "count": 11, "min_ha": 0.2, "post_date": "2023-03-25" }, "geometry": { "type": "Polygon", "coordinates": [ [ [ -120.942758783338903, 35.807321276112553 ], [ -120.942756580211693, 35.807141259847143 ], [ -120.940984181410769, 35.807155567215858 ], [ -120.940988579391728, 35.807515599782612 ], [ -120.941210130306345, 35.807513812826897 ], [ -120.941212329831316, 35.807693829083327 ], [ -120.941433881257979, 35.807692041696427 ], [ -120.941429481192927, 35.807332009183568 ], [ -120.942758783338903, 35.807321276112553 ] ] ] } },
{ "type": "Feature", "properties": { "area_ha": 0.95989106784342726, "count": 24, "min_ha": 0.2, "post_date": "2023-03-25" }, "geometry": { "type": "MultiPolygon", "coordinates": [ [ [ [ -120.943712336020866, 35.830897861347516 ], [ -120.943714542058615, 35.831077874989845 ], [ -120.944157779335839, 35.831074290352532 ], [ -120.944155572265018, 35.830894276719185 ], [ -120.943712336020866, 35.830897861347516 ] ] ], [ [ [ -120.942380424134242, 35.830728591448185 ], [ -120.941937188761457, 35.830732169330162 ], [ -120.941932785031284, 35.830372141892788 ], [ -120.941711168359987, 35.830373930195975 ], [ -120.941730980838329, 35.831994053102711 ], [ -120.9419526021629, 35.831992264763592 ], [ -120.941945996356537, 35.831452223980335 ], [ -120.942167616118041, 35.831450435236974 ], [ -120.942161008856417, 35.830910394292019 ], [ -120.94238262705484, 35.830908605135434 ], [ -120.942380424134242, 35.830728591448185 ] ] ], [ [ [ -120.943488512377556, 35.83071963936807 ], [ -120.943490717885311, 35.830899653028368 ], [ -120.943712336020866, 35.830897861347516 ], [ -120.943710130001065, 35.830717847687218 ], [ -120.943488512377556, 35.83071963936807 ] ] ], [ [ [ -120.942380424134242, 35.830728591448185 ], [ -120.942602041802672, 35.830726801869389 ], [ -120.94259983837901, 35.830546788173166 ], [ -120.943264689767318, 35.830541416939468 ], [ -120.943266894754046, 35.83072143062671 ], [ -120.943488512377556, 35.83071963936807 ], [ -120.943484101389004, 35.830359611984598 ], [ -120.942376018328957, 35.830368564019793 ], [ -120.942380424134242, 35.830728591448185 ] ] ] ] } },
{ "type": "Feature", "properties": { "area_ha": 0.35995997726938228, "count": 9, "min_ha": 0.2, "post_date": "2023-03-25" }, "geometry": { "type": "MultiPolygon", "coordinates": [ [ [ [ -120.941366321813121, 35.820294917275554 ], [ -120.94136852206573, 35.820474932121627 ], [ -120.941590110260421, 35.820473144456244 ], [ -120.941592311034057, 35.820653159275373 ], [ -120.941813899731812, 35.820651371187779 ], [ -120.941818302357049, 35.821011400754159 ], [ -120.942261481791746, 35.821007823303376 ], [ -120.942259279437081, 35.820827808529167 ], [ -120.942037690245257, 35.820829597470158 ], [ -120.942033286604911, 35.820469567867839 ], [ -120.941811698437164, 35.820471356368657 ], [ -120.941809497151496, 35.820291341531565 ], [ -120.941366321813121, 35.820294917275554 ] ] ], [ [ [ -120.941142534407845, 35.820116689645708 ], [ -120.941140334703221, 35.819936674763703 ], [ -120.940918748044638, 35.819938461575688 ], [ -120.940920947237231, 35.820118476466675 ], [ -120.941142534407845, 35.820116689645708 ] ] ], [ [ [ -120.941142534407845, 35.820116689645708 ], [ -120.941144734130447, 35.820296704518732 ], [ -120.941366321813121, 35.820294917275554 ], [ -120.941364121578474, 35.820114902411518 ], [ -120.941142534407845, 35.820116689645708 ] ] ] ] } },
{ "type": "Feature", "properties": { "area_ha": 0.67992642258281344, "count": 17, "min_ha": 0.2, "post_date": "2023-03-25" }, "geometry": { "type": "MultiPolygon", "coordinates": [ [ [ [ -120.943425638958445, 35.807495920120189 ], [ -120.942982537308879, 35.807499502026623 ], [ -120.942984740975078, 35.807679518247113 ], [ -120.943427843648735, 35.807675936331698 ], [ -120.943425638958445, 35.807495920120189 ] ] ], [ [ [ -120.943425638958445, 35.807495920120189 ], [ -120.944533392893732, 35.807486957996908 ], [ -120.944531185616299, 35.807306941785399 ], [ -120.944974286080097, 35.807303353995003 ], [ -120.944972077787554, 35.807123337774506 ], [ -120.945415177173373, 35.807119748313241 ], [ -120.945412967847787, 35.806939732074781 ], [ -120.944748320296199, 35.806945115633361 ], [ -120.944750528076682, 35.807125131871828 ], [ -120.943421229595842, 35.80713588764327 ], [ -120.943425638958445, 35.807495920120189 ] ] ] ] } },
{ "type": "Feature", "properties": { "area_ha": 0.27996875124207948, "count": 7, "min_ha": 0.2, "post_date": "2023-03-25" }, "geometry": { "type": "MultiPolygon", "coordinates": [ [ [ [ -120.944271238119285, 35.822251806490982 ], [ -120.94426682395968, 35.82189177728393 ], [ -120.944045231749499, 35.821893570024791 ], [ -120.944049644876046, 35.822253599240831 ], [ -120.944271238119285, 35.822251806490982 ] ] ], [ [ [ -120.944271238119285, 35.822251806490982 ], [ -120.94427565232381, 35.822611835617188 ], [ -120.944497246591126, 35.822610042436153 ], [ -120.944499454227881, 35.822790056967811 ], [ -120.944942643777608, 35.822786469330133 ], [ -120.944940435107782, 35.822606454807449 ], [ -120.944718840858442, 35.822608248832907 ], [ -120.944716632709643, 35.822428234283279 ], [ -120.944495038972335, 35.822430027886519 ], [ -120.944492831353543, 35.822250013318929 ], [ -120.944271238119285, 35.822251806490982 ] ] ] ] } },
{ "type": "Feature", "properties": { "area_ha": 0.43995075371078846, "count": 11, "min_ha": 0.2, "post_date": "2023-03-25" }, "geometry": { "type": "MultiPolygon", "coordinates": [ [ [ [ -120.94561405875146, 35.823321128135845 ], [ -120.945611848491623, 35.823141113685026 ], [ -120.94539025272411, 35.823142908986092 ], [ -120.945392462453952, 35.823322923436905 ], [ -120.94561405875146, 35.823321128135845 ] ] ], [ [ [ -120.94561405875146, 35.823321128135845 ], [ -120.94562068957589, 35.823861171371504 ], [ -120.945177493881701, 35.823864761578363 ], [ -120.945181912407122, 35.824224790318297 ], [ -120.945625110176422, 35.824221200093469 ], [ -120.945622899871665, 35.824041185741464 ], [ -120.945844498226322, 35.824039390009212 ], [ -120.945842287409519, 35.823859375639252 ], [ -120.946063885234167, 35.823857579484788 ], [ -120.946059462594462, 35.82349755069994 ], [ -120.945837865811853, 35.823499346845416 ], [ -120.94583565503099, 35.823319332412574 ], [ -120.94561405875146, 35.823321128135845 ] ] ] ] } },
{ "type": "Feature", "properties": { "area_ha": 0.35995899314740348, "count": 9, "min_ha": 0.2, "post_date": "2023-03-25" }, "geometry": { "type": "Polygon", "coordinates": [ [ [ -120.947063173195389, 35.83303109728228 ], [ -120.947060959279412, 35.832851083918428 ], [ -120.946839335601254, 35.832852881950366 ], [ -120.946834908820307, 35.832492855159785 ], [ -120.946391663503178, 35.832496449957041 ], [ -120.94638945116823, 35.832316436521317 ], [ -120.946167829017213, 35.832318233286635 ], [ -120.946174464503898, 35.832858273539891 ], [ -120.946617711914115, 35.832854679569081 ], [ -120.946619924797034, 35.833034692941922 ], [ -120.947063173195389, 35.83303109728228 ] ] ] } },
{ "type": "Feature", "properties": { "area_ha": 0.39995680780297005, "count": 10, "min_ha": 0.2, "post_date": "2023-03-25" }, "geometry": { "type": "MultiPolygon", "coordinates": [ [ [ [ -120.946954960070144, 35.806207090715944 ], [ -120.947841148088941, 35.806199895039839 ], [ -120.947836718163899, 35.805839862446135 ], [ -120.94695053428633, 35.805847058086307 ], [ -120.946954960070144, 35.806207090715944 ] ] ], [ [ [ -120.946735625434073, 35.806388904869564 ], [ -120.946514077879158, 35.8063907023176 ], [ -120.946516289755962, 35.806570718591992 ], [ -120.946737837831904, 35.806568921143956 ], [ -120.946735625434073, 35.806388904869564 ] ] ], [ [ [ -120.946954960070144, 35.806207090715944 ], [ -120.946733413045223, 35.806208888577203 ], [ -120.946735625434073, 35.806388904869564 ], [ -120.946957172980007, 35.806387106999324 ], [ -120.946954960070144, 35.806207090715944 ] ] ] ] } },
{ "type": "Feature", "properties": { "area_ha": 0.27996780409326943, "count": 7, "min_ha": 0.2, "post_date": "2023-03-25" }, "geometry": { "type": "Polygon", "coordinates": [ [ [ -120.949337114876187, 35.837693433224544 ], [ -120.949332676147662, 35.837333407583799 ], [ -120.949111039614607, 35.837335209927659 ], [ -120.949113258462347, 35.837515222761503 ], [ -120.948448347264204, 35.837520627286764 ], [ -120.948454999190062, 35.838060665716434 ], [ -120.948676637825173, 35.838058864621239 ], [ -120.948672202159898, 35.837698839025414 ], [ -120.949337114876187, 35.837693433224544 ] ] ] } },
{ "type": "Feature", "properties": { "area_ha": 0.23997411426120216, "count": 6, "min_ha": 0.2, "post_date": "2023-03-25" }, "geometry": { "type": "MultiPolygon", "coordinates": [ [ [ [ -120.948051617736553, 35.805298013444038 ], [ -120.948049402302416, 35.805117997061849 ], [ -120.9478278584306, 35.805119797007201 ], [ -120.947830073352691, 35.805299813398378 ], [ -120.948051617736553, 35.805298013444038 ] ] ], [ [ [ -120.948051617736553, 35.805298013444038 ], [ -120.948056048640765, 35.805658046154527 ], [ -120.948277594048704, 35.805656245777982 ], [ -120.948279810039807, 35.805836262097294 ], [ -120.948722901870781, 35.805832660077584 ], [ -120.948720684846634, 35.805652643758272 ], [ -120.948499139456658, 35.805654444979233 ], [ -120.948496922971486, 35.805474428641958 ], [ -120.94827537808456, 35.805476229440707 ], [ -120.948273162120429, 35.805296213076481 ], [ -120.948051617736553, 35.805298013444038 ] ] ] ] } },
{ "type": "Feature", "properties": { "area_ha": 0.23997301620292391, "count": 6, "min_ha": 0.2, "post_date": "2023-03-25" }, "geometry": { "type": "MultiPolygon", "coordinates": [ [ [ [ -120.94897570983639, 35.826354389747024 ], [ -120.948973491635442, 35.826174375691473 ], [ -120.948751887217171, 35.82617617737057 ], [ -120.948747451884273, 35.825816149196584 ], [ -120.948304245086902, 35.825819751270188 ], [ -120.948306461706807, 35.825999765379642 ], [ -120.94852806563101, 35.82599796454496 ], [ -120.948532499948811, 35.826357992692003 ], [ -120.94897570983639, 35.826354389747024 ] ] ], [ [ [ -120.94897570983639, 35.826354389747024 ], [ -120.948977928046332, 35.826534403784613 ], [ -120.949199533497662, 35.826532601683304 ], [ -120.949197314766707, 35.826352587645722 ], [ -120.94897570983639, 35.826354389747024 ] ] ] ] } },
{ "type": "Feature", "properties": { "area_ha": 0.35995846559446237, "count": 9, "min_ha": 0.2, "post_date": "2023-03-25" }, "geometry": { "type": "MultiPolygon", "coordinates": [ [ [ [ -120.949800374100903, 35.839309941616001 ], [ -120.949793712634929, 35.83876990367142 ], [ -120.949350431322301, 35.838773509688629 ], [ -120.949352650762918, 35.838953522369764 ], [ -120.949574291940252, 35.838951719567767 ], [ -120.949578731899479, 35.839311744849184 ], [ -120.949800374100903, 35.839309941616001 ] ] ], [ [ [ -120.949800374100903, 35.839309941616001 ], [ -120.949811476765774, 35.840210004464709 ], [ -120.95003312154536, 35.840208200791345 ], [ -120.950022016302313, 35.839308137960607 ], [ -120.949800374100903, 35.839309941616001 ] ] ] ] } },
{ "type": "Feature", "properties": { "area_ha": 0.55993982400714981, "count": 14, "min_ha": 0.2, "post_date": "2023-03-25" }, "geometry": { "type": "MultiPolygon", "coordinates": [ [ [ [ -120.951164351665994, 35.806172851330075 ], [ -120.948505788993003, 35.80619449387428 ], [ -120.948508005523081, 35.806374510130702 ], [ -120.950280384947334, 35.806360088469333 ], [ -120.950282605627635, 35.806540104671861 ], [ -120.950504153523909, 35.806538300064254 ], [ -120.950501932322581, 35.806358283870708 ], [ -120.95116657440343, 35.806352867541584 ], [ -120.951164351665994, 35.806172851330075 ] ] ], [ [ [ -120.951164351665994, 35.806172851330075 ], [ -120.95138589848429, 35.806171045051599 ], [ -120.951383675234823, 35.80599102882212 ], [ -120.951162128928559, 35.805992835100596 ], [ -120.951164351665994, 35.806172851330075 ] ] ] ] } },
{ "type": "Feature", "properties": { "area_ha": 0.39995467361048925, "count": 10, "min_ha": 0.2, "post_date": "2023-03-25" }, "geometry": { "type": "MultiPolygon", "coordinates": [ [ [ [ -120.952118237784617, 35.829569370658724 ], [ -120.952116012145623, 35.829389357007408 ], [ -120.951894398546557, 35.829391164651327 ], [ -120.951896623664538, 35.829571178302636 ], [ -120.952118237784617, 35.829569370658724 ] ] ], [ [ [ -120.952118237784617, 35.829569370658724 ], [ -120.952122689089563, 35.829929397880498 ], [ -120.952344304233733, 35.829927589814382 ], [ -120.952350982821585, 35.830467630498823 ], [ -120.953015832853438, 35.83046220371331 ], [ -120.953013605085431, 35.830282190187759 ], [ -120.952791988944142, 35.830283999529492 ], [ -120.952789761706143, 35.83010398597699 ], [ -120.952568146067918, 35.830105794896511 ], [ -120.952563692669898, 35.82974576771965 ], [ -120.952342078055736, 35.829747576207978 ], [ -120.952339851886734, 35.829567562592601 ], [ -120.952118237784617, 35.829569370658724 ] ] ] ] } },
{ "type": "Feature", "properties": { "area_ha": 1.1998703199943366, "count": 30, "min_ha": 0.2, "post_date": "2023-03-25" }, "geometry": { "type": "MultiPolygon", "coordinates": [ [ [ [ -120.955389367776363, 35.80739857260339 ], [ -120.955610918017243, 35.807396758302964 ], [ -120.955608684859357, 35.807216742289079 ], [ -120.955387135130508, 35.807218556589511 ], [ -120.955389367776363, 35.80739857260339 ] ] ], [ [ [ -120.951392568295617, 35.806711093605287 ], [ -120.951614116659016, 35.806709286895618 ], [ -120.951609669073093, 35.806349254553446 ], [ -120.951388121742752, 35.806351061254126 ], [ -120.951392568295617, 35.806711093605287 ] ] ], [ [ [ -120.955389367776363, 35.80739857260339 ], [ -120.953173864720767, 35.807416692467086 ], [ -120.953171637258194, 35.807236676408287 ], [ -120.952285437812819, 35.807243912562484 ], [ -120.952283212434338, 35.807063896476734 ], [ -120.952061663064825, 35.807065704453024 ], [ -120.952059438207357, 35.80688568834033 ], [ -120.951394791590019, 35.80689110975392 ], [ -120.951397014893388, 35.807071125875595 ], [ -120.951618564289859, 35.807069319156945 ], [ -120.951620788123236, 35.807249335260664 ], [ -120.95206388793126, 35.807245720547755 ], [ -120.952066112806691, 35.807425736624523 ], [ -120.952730763987475, 35.807420311393095 ], [ -120.952732990425986, 35.807600327433924 ], [ -120.953619193922748, 35.807593087884101 ], [ -120.953621422445337, 35.807773103888998 ], [ -120.954286076509717, 35.807767669800185 ], [ -120.954283846442024, 35.807587653804269 ], [ -120.955391600422232, 35.807578588590324 ], [ -120.955389367776363, 35.80739857260339 ] ] ], [ [ [ -120.951392568295617, 35.806711093605287 ], [ -120.951171019923237, 35.806712899901726 ], [ -120.951173242696598, 35.806892916050359 ], [ -120.951394791590019, 35.80689110975392 ], [ -120.951392568295617, 35.806711093605287 ] ] ] ] } },
{ "type": "Feature", "properties": { "area_ha": 0.23997204218269458, "count": 6, "min_ha": 0.2, "post_date": "2023-03-25" }, "geometry": { "type": "MultiPolygon", "coordinates": [ [ [ [ -120.954517340898519, 35.844312319807202 ], [ -120.954515109222839, 35.844132307808792 ], [ -120.953850141269143, 35.844137743083387 ], [ -120.953847911156529, 35.843957731058019 ], [ -120.953626255669036, 35.843959541971799 ], [ -120.953630714861191, 35.844319566013546 ], [ -120.954517340898519, 35.844312319807202 ] ] ], [ [ [ -120.954517340898519, 35.844312319807202 ], [ -120.95451957258318, 35.844492331778667 ], [ -120.954741229588834, 35.844490519176055 ], [ -120.954738997383146, 35.84431050720459 ], [ -120.954517340898519, 35.844312319807202 ] ] ] ] } },
{ "type": "Feature", "properties": { "area_ha": 1.3598452232403428, "count": 34, "min_ha": 0.2, "post_date": "2023-03-25" }, "geometry": { "type": "MultiPolygon", "coordinates": [ [ [ [ -120.955043869968875, 35.833146100700901 ], [ -120.954822245625962, 35.833147913896397 ], [ -120.954824477705884, 35.833327927080589 ], [ -120.955046102560843, 35.833326113885086 ], [ -120.955043869968875, 35.833146100700901 ] ] ], [ [ [ -120.955037172264866, 35.832606061049518 ], [ -120.955034939708838, 35.832426047793462 ], [ -120.954813317441037, 35.832427860970995 ], [ -120.954806621416878, 35.831887821068086 ], [ -120.954585000685199, 35.831889633814434 ], [ -120.954580537756044, 35.831529607104692 ], [ -120.954358918057437, 35.831531419419846 ], [ -120.954361148996497, 35.831711432783699 ], [ -120.954139528767868, 35.831713244685631 ], [ -120.954135067931801, 35.831353217921993 ], [ -120.953913448727249, 35.831355029392725 ], [ -120.953917908530258, 35.831715056165351 ], [ -120.953696288283666, 35.831716867222859 ], [ -120.953702976510456, 35.832256907251534 ], [ -120.953924598311133, 35.832255096176056 ], [ -120.953931288190816, 35.832795136016081 ], [ -120.954374534873395, 35.832791512580535 ], [ -120.954372303871452, 35.832611499333467 ], [ -120.955037172264866, 35.832606061049518 ] ], [ [ -120.954591695164254, 35.832429673726324 ], [ -120.954589463659261, 35.832249660443324 ], [ -120.954367841894509, 35.832251472776441 ], [ -120.95437007287849, 35.832431486059448 ], [ -120.954591695164254, 35.832429673726324 ] ] ], [ [ [ -120.955037172264866, 35.832606061049518 ], [ -120.955043869968875, 35.833146100700901 ], [ -120.955265494302807, 35.833144287083186 ], [ -120.955263261198809, 35.832964273890013 ], [ -120.955706508797661, 35.83296064540594 ], [ -120.955704274669586, 35.832780632203779 ], [ -120.95548265139567, 35.83278244664794 ], [ -120.955480417806584, 35.832602433418835 ], [ -120.955037172264866, 35.832606061049518 ] ] ] ] } },
{ "type": "Feature", "properties": { "area_ha": 0.35995787805363444, "count": 9, "min_ha": 0.2, "post_date": "2023-03-25" }, "geometry": { "type": "MultiPolygon", "coordinates": [ [ [ [ -120.9561002313676, 35.846819788238932 ], [ -120.956093525057739, 35.846279753097093 ], [ -120.955650200805636, 35.846283383018474 ], [ -120.955654669591794, 35.846643406485292 ], [ -120.955876332759885, 35.846641591726723 ], [ -120.955878567687463, 35.846821603419706 ], [ -120.9561002313676, 35.846819788238932 ] ] ], [ [ [ -120.9561002313676, 35.846819788238932 ], [ -120.956102466816205, 35.846999799913952 ], [ -120.956324131008387, 35.846997984301979 ], [ -120.956328602983561, 35.847358007580155 ], [ -120.956550268190838, 35.847356191545977 ], [ -120.956543558682966, 35.846816156601761 ], [ -120.9561002313676, 35.846819788238932 ] ] ] ] } },
{ "type": "Feature", "properties": { "area_ha": 0.39995407007536493, "count": 10, "min_ha": 0.2, "post_date": "2023-03-25" }, "geometry": { "type": "MultiPolygon", "coordinates": [ [ [ [ -120.957972013474361, 35.836902762414134 ], [ -120.95797873213607, 35.837442800493463 ], [ -120.95842200538182, 35.83743916170571 ], [ -120.958419764776892, 35.837259149042545 ], [ -120.958198128684018, 35.837260968643029 ], [ -120.958193648543158, 35.836900943235854 ], [ -120.957972013474361, 35.836902762414134 ] ] ], [ [ [ -120.957522027828148, 35.836366361209144 ], [ -120.957519789361214, 35.836186348402251 ], [ -120.957298156331589, 35.836188166295941 ], [ -120.95730039427751, 35.836368179102841 ], [ -120.957522027828148, 35.836366361209144 ] ] ], [ [ [ -120.957522027828148, 35.836366361209144 ], [ -120.95752874329186, 35.836906399486104 ], [ -120.957972013474361, 35.836902762414134 ], [ -120.957967534411466, 35.836542736926106 ], [ -120.95774590036676, 35.836544555664211 ], [ -120.957743661369818, 35.836364542884269 ], [ -120.957522027828148, 35.836366361209144 ] ] ] ] } },
{ "type": "Feature", "properties": { "area_ha": 0.95988884374543904, "count": 24, "min_ha": 0.2, "post_date": "2023-03-25" }, "geometry": { "type": "MultiPolygon", "coordinates": [ [ [ [ -120.963125907171786, 35.841361124642198 ], [ -120.963130410632914, 35.841721148881568 ], [ -120.964238654626143, 35.841711999872778 ], [ -120.964247672031746, 35.842432048046092 ], [ -120.964469322874947, 35.842430216965134 ], [ -120.964458048551009, 35.841530156721539 ], [ -120.963349807198838, 35.841539307814422 ], [ -120.96334755496072, 35.841359295690246 ], [ -120.963125907171786, 35.841361124642198 ] ] ], [ [ [ -120.961560884032011, 35.84029384215507 ], [ -120.961558636006984, 35.840113829860208 ], [ -120.961336991766402, 35.840115655416533 ], [ -120.961339239270387, 35.840295667720369 ], [ -120.961560884032011, 35.84029384215507 ] ] ], [ [ [ -120.962902008186774, 35.841182941020818 ], [ -120.962904259373872, 35.841362953171945 ], [ -120.963125907171786, 35.841361124642198 ], [ -120.963123655463676, 35.841181112491071 ], [ -120.962902008186774, 35.841182941020818 ] ] ], [ [ [ -120.961560884032011, 35.84029384215507 ], [ -120.961565380108979, 35.840653866690879 ], [ -120.961787025894679, 35.840652040703368 ], [ -120.961789274467662, 35.840832052935347 ], [ -120.962454213315951, 35.840826572430579 ], [ -120.962458713597044, 35.841186596813678 ], [ -120.962902008186774, 35.841182941020818 ], [ -120.96289975699969, 35.841002928842741 ], [ -120.962678110225852, 35.841004756950277 ], [ -120.962673608929663, 35.840644732531239 ], [ -120.962230317430141, 35.840648387461719 ], [ -120.962228067833067, 35.840468375211778 ], [ -120.961784777330678, 35.840472028444445 ], [ -120.961782528775657, 35.840292016176541 ], [ -120.961560884032011, 35.84029384215507 ] ] ] ] } },
{ "type": "Feature", "properties": { "area_ha": 0.23997151704873845, "count": 6, "min_ha": 0.2, "post_date": "2023-03-25" }, "geometry": { "type": "Polygon", "coordinates": [ [ [ -120.965952796027977, 35.854659990765732 ], [ -120.965948278616011, 35.854299969436902 ], [ -120.964839853612261, 35.854309134606389 ], [ -120.964842109722113, 35.854489145302246 ], [ -120.96572885182178, 35.854481813989516 ], [ -120.965731110015724, 35.85466182464944 ], [ -120.965952796027977, 35.854659990765732 ] ] ] } },
{ "type": "Feature", "properties": { "area_ha": 0.27996662685776635, "count": 7, "min_ha": 0.2, "post_date": "2023-03-25" }, "geometry": { "type": "MultiPolygon", "coordinates": [ [ [ [ -120.967970604045234, 35.856443572010896 ], [ -120.967527221824852, 35.856447247018721 ], [ -120.967534009225645, 35.856987278207974 ], [ -120.9677557019034, 35.856985440901695 ], [ -120.967753438903458, 35.856805430529228 ], [ -120.967975131042223, 35.856803592809719 ], [ -120.967970604045234, 35.856443572010896 ] ] ], [ [ [ -120.967970604045234, 35.856443572010896 ], [ -120.968413986229692, 35.85643989532322 ], [ -120.968411721702623, 35.856259884905846 ], [ -120.9679683405692, 35.856263561584534 ], [ -120.967970604045234, 35.856443572010896 ] ] ] ] } },
{ "type": "Feature", "properties": { "area_ha": 0.79990634442468223, "count": 20, "min_ha": 0.2, "post_date": "2023-03-25" }, "geometry": { "type": "MultiPolygon", "coordinates": [ [ [ [ -120.968074581146794, 35.847081166096416 ], [ -120.9680791080809, 35.847441188916449 ], [ -120.969409098947239, 35.847430152502326 ], [ -120.969406832363035, 35.847250141123752 ], [ -120.968520173905503, 35.847257500401042 ], [ -120.968517909405378, 35.847077488995517 ], [ -120.968074581146794, 35.847081166096416 ] ] ], [ [ [ -120.966952695328686, 35.846010282469926 ], [ -120.966948173748534, 35.845650259299546 ], [ -120.966726513697594, 35.845652095087679 ], [ -120.966731034244688, 35.846012118258052 ], [ -120.966952695328686, 35.846010282469926 ] ] ], [ [ [ -120.967850654071469, 35.846902992581079 ], [ -120.967852917008514, 35.847083004022537 ], [ -120.968074581146794, 35.847081166096416 ], [ -120.968072317697704, 35.846901154663939 ], [ -120.967850654071469, 35.846902992581079 ] ] ], [ [ [ -120.966952695328686, 35.846010282469926 ], [ -120.966957216953759, 35.846370305559454 ], [ -120.967178879061834, 35.846368469331146 ], [ -120.967185663129882, 35.84690850380823 ], [ -120.967850654071469, 35.846902992581079 ], [ -120.967848391152387, 35.846722981121658 ], [ -120.967626728038198, 35.846724818616586 ], [ -120.967624465640128, 35.846544807130215 ], [ -120.967402803028989, 35.846546644202938 ], [ -120.967398279310856, 35.846186621167305 ], [ -120.967176617732775, 35.846188457808836 ], [ -120.967174356403703, 35.846008446259582 ], [ -120.966952695328686, 35.846010282469926 ] ] ] ] } },
{ "type": "Feature", "properties": { "area_ha": 0.87989419997868068, "count": 22, "min_ha": 0.2, "post_date": "2023-03-25" }, "geometry": { "type": "MultiPolygon", "coordinates": [ [ [ [ -120.970246503541304, 35.861105434936263 ], [ -120.970241965665721, 35.860745415161524 ], [ -120.970020262226157, 35.860747257174978 ], [ -120.970017993827341, 35.860567247251673 ], [ -120.969352884999836, 35.860572770776763 ], [ -120.969355151844567, 35.86075278071803 ], [ -120.969576855320057, 35.860750939962216 ], [ -120.969581390078503, 35.861110959763906 ], [ -120.970246503541304, 35.861105434936263 ] ] ], [ [ [ -120.970246503541304, 35.861105434936263 ], [ -120.970248772488091, 35.861285444796685 ], [ -120.970470477472759, 35.861283602343057 ], [ -120.970479555460741, 35.862003641578134 ], [ -120.970922969544375, 35.8619999553773 ], [ -120.970918428452819, 35.861639935818154 ], [ -120.971140134443601, 35.86163809208891 ], [ -120.971131050320125, 35.860918052746037 ], [ -120.97090934640444, 35.860919896457311 ], [ -120.970916157925004, 35.861459926002645 ], [ -120.970694452446253, 35.861461769300689 ], [ -120.970689912459619, 35.861101749615777 ], [ -120.970246503541304, 35.861105434936263 ] ] ] ] } },
{ "type": "Feature", "properties": { "area_ha": 0.27996636522551027, "count": 7, "min_ha": 0.2, "post_date": "2023-03-25" }, "geometry": { "type": "Polygon", "coordinates": [ [ [ -120.972237296136754, 35.860728818023077 ], [ -120.972235022554671, 35.860548808144692 ], [ -120.97201331972596, 35.860550653949041 ], [ -120.97201104667387, 35.860370644043698 ], [ -120.971567642022563, 35.860374334385767 ], [ -120.971569914041581, 35.860554344300091 ], [ -120.971348211185912, 35.860556188837812 ], [ -120.971352754226814, 35.860916208621539 ], [ -120.971574458115541, 35.860914364065849 ], [ -120.971572186078561, 35.860734354187464 ], [ -120.972237296136754, 35.860728818023077 ] ] ] } },
{ "type": "Feature", "properties": { "area_ha": 0.51993889195986409, "count": 13, "min_ha": 0.2, "post_date": "2023-03-25" }, "geometry": { "type": "MultiPolygon", "coordinates": [ [ [ [ -120.972318025135209, 35.849566322586341 ], [ -120.972320298591526, 35.849746333650508 ], [ -120.972541970293619, 35.849744487253268 ], [ -120.972539696316275, 35.849564476189109 ], [ -120.972318025135209, 35.849566322586341 ] ] ], [ [ [ -120.971639380331311, 35.848491792383697 ], [ -120.971637108500943, 35.848311781166821 ], [ -120.971415440895157, 35.84831362584827 ], [ -120.971413169603778, 35.848133614613431 ], [ -120.971191502510052, 35.848135458872676 ], [ -120.971196044077715, 35.84849548133338 ], [ -120.971639380331311, 35.848491792383697 ] ] ], [ [ [ -120.971639380331311, 35.848491792383697 ], [ -120.971648467742625, 35.849211837035618 ], [ -120.971870137917577, 35.849209991913987 ], [ -120.971874682728156, 35.849570014114185 ], [ -120.972318025135209, 35.849566322586341 ], [ -120.972315751687873, 35.849386311504212 ], [ -120.972094081009857, 35.849388157470251 ], [ -120.972087262293797, 35.848848124089109 ], [ -120.971865593160885, 35.848849969632944 ], [ -120.971861048440132, 35.848489947271055 ], [ -120.971639380331311, 35.848491792383697 ] ] ] ] } },
{ "type": "Feature", "properties": { "area_ha": 0.39995187967521384, "count": 10, "min_ha": 0.2, "post_date": "2023-03-25" }, "geometry": { "type": "MultiPolygon", "coordinates": [ [ [ [ -120.972685252066526, 35.861085144832671 ], [ -120.972682977424427, 35.8609051349992 ], [ -120.97246127358062, 35.860906981656946 ], [ -120.972463547710674, 35.861086991490417 ], [ -120.972685252066526, 35.861085144832671 ] ] ], [ [ [ -120.972685252066526, 35.861085144832671 ], [ -120.972696625447696, 35.861985193721559 ], [ -120.972918332390691, 35.861983346623639 ], [ -120.972916057173677, 35.861803336888983 ], [ -120.973359469981688, 35.861799641426515 ], [ -120.973354917508487, 35.861439621921264 ], [ -120.972911506775574, 35.86144331735678 ], [ -120.972906956413397, 35.861083297752721 ], [ -120.972685252066526, 35.861085144832671 ] ] ] ] } },
{ "type": "Feature", "properties": { "area_ha": 0.55993235632728611, "count": 14, "min_ha": 0.2, "post_date": "2023-03-25" }, "geometry": { "type": "Polygon", "coordinates": [ [ [ -120.975155925279637, 35.863584938822179 ], [ -120.975151364299379, 35.86322491976609 ], [ -120.974486232879244, 35.863230472522353 ], [ -120.974490790742351, 35.863590491605393 ], [ -120.974269079217947, 35.863592341685724 ], [ -120.974273636092903, 35.863952360705881 ], [ -120.974051923508483, 35.863954210372988 ], [ -120.974054201447402, 35.864134219856112 ], [ -120.973832488341955, 35.864136069109989 ], [ -120.973837043204682, 35.864496088022356 ], [ -120.974058757352168, 35.864494238759491 ], [ -120.974056479395287, 35.86431422932128 ], [ -120.974278193003798, 35.86431237963621 ], [ -120.974275914543853, 35.86413237018003 ], [ -120.974497627631337, 35.864130520081737 ], [ -120.974493069696365, 35.863770501115475 ], [ -120.9747147817328, 35.863768650603959 ], [ -120.974712502266755, 35.863588641093877 ], [ -120.975155925279637, 35.863584938822179 ] ] ] } },
{ "type": "Feature", "properties": { "area_ha": 0.23997107819928734, "count": 6, "min_ha": 0.2, "post_date": "2023-03-25" }, "geometry": { "type": "Polygon", "coordinates": [ [ [ -120.975590222181779, 35.86286119670455 ], [ -120.975578814835316, 35.861961148570252 ], [ -120.975357108027069, 35.861963000725687 ], [ -120.975363950844923, 35.86250302967813 ], [ -120.975142242464628, 35.862504881420342 ], [ -120.975144522909844, 35.862684891038221 ], [ -120.975366231802184, 35.862683039287027 ], [ -120.975368512777408, 35.862863048877955 ], [ -120.975590222181779, 35.86286119670455 ] ] ] } },
{ "type": "Feature", "properties": { "area_ha": 0.27996616900853999, "count": 7, "min_ha": 0.2, "post_date": "2023-03-25" }, "geometry": { "type": "Polygon", "coordinates": [ [ [ -120.981590145198325, 35.863891085353728 ], [ -120.981587849652428, 35.863711075996363 ], [ -120.981144426226322, 35.863714802693252 ], [ -120.981142131722478, 35.863534793308936 ], [ -120.980920420512476, 35.863536656019576 ], [ -120.980925008487105, 35.863896674788208 ], [ -120.981146720739162, 35.863894812059598 ], [ -120.981153604340534, 35.864434840050848 ], [ -120.98137531813768, 35.864432976900034 ], [ -120.981368432973227, 35.863892948917766 ], [ -120.981590145198325, 35.863891085353728 ] ] ] } },
{ "type": "Feature", "properties": { "area_ha": 0.27995196503149877, "count": 7, "min_ha": 0.2, "post_date": "2023-03-25" }, "geometry": { "type": "Polygon", "coordinates": [ [ [ -120.986726338823772, 36.091569270480058 ], [ -120.986724024413249, 36.091389284317195 ], [ -120.986056916340161, 36.091394902264199 ], [ -120.986054603510681, 36.091214916083366 ], [ -120.985609865777448, 36.091218659255361 ], [ -120.985614489370292, 36.091578631626007 ], [ -120.986726338823772, 36.091569270480058 ] ] ] } },
{ "type": "Feature", "properties": { "area_ha": 0.87989308970989877, "count": 22, "min_ha": 0.2, "post_date": "2023-03-25" }, "geometry": { "type": "MultiPolygon", "coordinates": [ [ [ [ -120.983855584792082, 35.867652617777352 ], [ -120.983412138764365, 35.8676563530801 ], [ -120.983414438703022, 35.867836361979322 ], [ -120.983192715159149, 35.867838229001876 ], [ -120.983195014585775, 35.868018237892123 ], [ -120.983638462706566, 35.868014503415822 ], [ -120.9836361622379, 35.867834494534563 ], [ -120.983857885763797, 35.867832626667592 ], [ -120.983855584792082, 35.867652617777352 ] ] ], [ [ [ -120.983855584792082, 35.867652617777352 ], [ -120.984299030765897, 35.867648880794754 ], [ -120.984296728770104, 35.867468871886544 ], [ -120.984518451227004, 35.867467002770915 ], [ -120.9845069388046, 35.866566957978343 ], [ -120.984728658656394, 35.866565088458472 ], [ -120.984724052724431, 35.866205070417479 ], [ -120.985389209108746, 35.866199459360551 ], [ -120.985386904606656, 35.866019450317594 ], [ -120.984500031478717, 35.86602693087643 ], [ -120.984502333914691, 35.866206939928368 ], [ -120.984058896250289, 35.8662106776925 ], [ -120.98406119765319, 35.866390686735457 ], [ -120.984282917010916, 35.866388818060003 ], [ -120.984292124805464, 35.867108854025211 ], [ -120.984070403381622, 35.867110722709647 ], [ -120.984075006304224, 35.867470740588949 ], [ -120.983853283829347, 35.867472608869143 ], [ -120.983855584792082, 35.867652617777352 ] ] ] ] } },
{ "type": "Feature", "properties": { "area_ha": 0.23997088373485126, "count": 6, "min_ha": 0.2, "post_date": "2023-03-25" }, "geometry": { "type": "Polygon", "coordinates": [ [ [ -120.984278313172027, 35.866028799965108 ], [ -120.984273709387054, 35.865668781789367 ], [ -120.983830274812846, 35.865672518682132 ], [ -120.98383257566779, 35.865852527787972 ], [ -120.983389140006622, 35.865856263000886 ], [ -120.98339143983749, 35.866036272097737 ], [ -120.984278313172027, 35.866028799965108 ] ] ] } },
{ "type": "Feature", "properties": { "area_ha": 1.5998106021266816, "count": 40, "min_ha": 0.2, "post_date": "2023-03-25" }, "geometry": { "type": "MultiPolygon", "coordinates": [ [ [ [ -120.984126410797344, 35.854148159256319 ], [ -120.984128711993648, 35.854328169592847 ], [ -120.984350396604526, 35.854326300782645 ], [ -120.98434809488721, 35.854146290446117 ], [ -120.984126410797344, 35.854148159256319 ] ] ], [ [ [ -120.980104010166428, 35.851661578047334 ], [ -120.980101718456353, 35.851481567342496 ], [ -120.979880041930301, 35.851483428094809 ], [ -120.979882333119363, 35.851663438808636 ], [ -120.980104010166428, 35.851661578047334 ] ] ], [ [ [ -120.983678442273202, 35.853791874865173 ], [ -120.983683042572721, 35.854151895619083 ], [ -120.984126410797344, 35.854148159256319 ], [ -120.984124109601055, 35.853968148901821 ], [ -120.983902426014254, 35.853970017280837 ], [ -120.983900125356939, 35.853790006899388 ], [ -120.983678442273202, 35.853791874865173 ] ] ], [ [ [ -120.983454459565209, 35.853613731991373 ], [ -120.98345675918047, 35.853793742399766 ], [ -120.983678442273202, 35.853791874865173 ], [ -120.983676142145896, 35.853611864456781 ], [ -120.983454459565209, 35.853613731991373 ] ] ], [ [ [ -120.981440956723944, 35.852190436601937 ], [ -120.981447841349407, 35.852730468348149 ], [ -120.981669521423797, 35.852728604622413 ], [ -120.981674112264045, 35.853088625681742 ], [ -120.982560836613004, 35.853081166529769 ], [ -120.98256313412621, 35.853261177019007 ], [ -120.982784815700782, 35.853259311173247 ], [ -120.982789411787209, 35.853619332079873 ], [ -120.983454459565209, 35.853613731991373 ], [ -120.983452159967911, 35.853433721565011 ], [ -120.983230477899255, 35.853435588677399 ], [ -120.983225879764689, 35.853075567752811 ], [ -120.982782517675545, 35.85307930069299 ], [ -120.982780219659276, 35.852899290194763 ], [ -120.98233685856728, 35.85290302144611 ], [ -120.982334561593063, 35.852723010920933 ], [ -120.982112881545618, 35.852724875904315 ], [ -120.982110585110391, 35.852544865352186 ], [ -120.981888905566009, 35.852546729922338 ], [ -120.981886609660791, 35.852366719343266 ], [ -120.982108288675164, 35.852364854782095 ], [ -120.982105992257914, 35.852184844194035 ], [ -120.98232767075126, 35.852182979219641 ], [ -120.982325373821965, 35.852002968613618 ], [ -120.981882017868315, 35.852006698140201 ], [ -120.981884313755572, 35.852186708755205 ], [ -120.981440956723944, 35.852190436601937 ] ] ], [ [ [ -120.980104010166428, 35.851661578047334 ], [ -120.980108593622546, 35.852021599403116 ], [ -120.980773627791066, 35.852016014585978 ], [ -120.980775921091166, 35.852196025218952 ], [ -120.981440956723944, 35.852190436601937 ], [ -120.98143866186976, 35.852010425977952 ], [ -120.980995305826283, 35.852014152135851 ], [ -120.98099301202312, 35.851834141484908 ], [ -120.980327979435629, 35.851839727559685 ], [ -120.980325687195531, 35.851659716872817 ], [ -120.980104010166428, 35.851661578047334 ] ] ] ] } },
{ "type": "Feature", "properties": { "area_ha": 0.27996671797275596, "count": 7, "min_ha": 0.2, "post_date": "2023-03-25" }, "geometry": { "type": "MultiPolygon", "coordinates": [ [ [ [ -120.985022360269355, 35.854860722657705 ], [ -120.985017753672651, 35.854500702110407 ], [ -120.98479606856769, 35.854502572196218 ], [ -120.984800674140317, 35.854862592743515 ], [ -120.985022360269355, 35.854860722657705 ] ] ], [ [ [ -120.985022360269355, 35.854860722657705 ], [ -120.985026966919961, 35.85522074312415 ], [ -120.985248654082056, 35.855218872607146 ], [ -120.985250957937367, 35.855398882808935 ], [ -120.985694333267674, 35.855395140499326 ], [ -120.985692028370323, 35.855215130306526 ], [ -120.98547034122619, 35.855217001667938 ], [ -120.985468036867829, 35.855036991448195 ], [ -120.985246350235727, 35.855038862387403 ], [ -120.985244046398392, 35.85485885214969 ], [ -120.985022360269355, 35.854860722657705 ] ] ] ] } },
{ "type": "Feature", "properties": { "area_ha": 0.71992177845381067, "count": 18, "min_ha": 0.2, "post_date": "2023-03-25" }, "geometry": { "type": "Polygon", "coordinates": [ [ [ -120.985990852069236, 35.809304406428971 ], [ -120.985988547854589, 35.80912439122357 ], [ -120.985766993364678, 35.809126263195843 ], [ -120.985764689689034, 35.808946247963497 ], [ -120.985543135702187, 35.808948119513559 ], [ -120.98553622628323, 35.80840807369075 ], [ -120.985093121390733, 35.808411815506282 ], [ -120.985097725588943, 35.808771846096747 ], [ -120.984876172096165, 35.80877371638018 ], [ -120.984878473687715, 35.808953731648465 ], [ -120.985100027710502, 35.808951861356043 ], [ -120.985106934120097, 35.809491907035117 ], [ -120.985328489679006, 35.809490036311509 ], [ -120.98533309503604, 35.809850066659422 ], [ -120.985554651619026, 35.809848195504614 ], [ -120.985547742038378, 35.809308149969269 ], [ -120.985990852069236, 35.809304406428971 ] ] ] } },
{ "type": "Feature", "properties": { "area_ha": 0.67991753329427451, "count": 17, "min_ha": 0.2, "post_date": "2023-03-25" }, "geometry": { "type": "MultiPolygon", "coordinates": [ [ [ [ -120.987389296042437, 35.866542621386607 ], [ -120.987391605242721, 35.866722630330749 ], [ -120.987613325471798, 35.866720755331151 ], [ -120.987611015750502, 35.866540746395998 ], [ -120.987389296042437, 35.866542621386607 ] ] ], [ [ [ -120.985832646638414, 35.866195716547885 ], [ -120.985830341103252, 35.866015707513917 ], [ -120.985608622859445, 35.866017579126861 ], [ -120.985610927882561, 35.86619758816083 ], [ -120.985832646638414, 35.866195716547885 ] ] ], [ [ [ -120.985832646638414, 35.866195716547885 ], [ -120.985834952191539, 35.86637572555491 ], [ -120.986056671459423, 35.866373853510773 ], [ -120.986063589735764, 35.866913880415062 ], [ -120.986285310548752, 35.866912007939732 ], [ -120.986287617179855, 35.867092016865911 ], [ -120.986509338504888, 35.867090143968369 ], [ -120.986504724218591, 35.866730126107036 ], [ -120.986283003935611, 35.86673199899559 ], [ -120.986280697322471, 35.866551990033486 ], [ -120.986502417084438, 35.866550117144932 ], [ -120.986500109968233, 35.866370108164858 ], [ -120.986943548432151, 35.866366361139093 ], [ -120.9869458565814, 35.866546370110186 ], [ -120.987389296042437, 35.866542621386607 ], [ -120.987384677668814, 35.866182603444422 ], [ -120.985832646638414, 35.866195716547885 ] ] ] ] } },
{ "type": "Feature", "properties": { "area_ha": 0.23997140364286365, "count": 6, "min_ha": 0.2, "post_date": "2023-03-25" }, "geometry": { "type": "Polygon", "coordinates": [ [ [ -120.98770106965685, 35.856278329744079 ], [ -120.987698760043344, 35.856098319686026 ], [ -120.98725538076944, 35.856102069604361 ], [ -120.987253072197973, 35.855922059519365 ], [ -120.986809693912207, 35.855925807748868 ], [ -120.986814308989011, 35.856285827918875 ], [ -120.98770106965685, 35.856278329744079 ] ] ] } },
{ "type": "Feature", "properties": { "area_ha": 0.23997138919554509, "count": 6, "min_ha": 0.2, "post_date": "2023-03-25" }, "geometry": { "type": "MultiPolygon", "coordinates": [ [ [ [ -120.988146760592443, 35.856454588159025 ], [ -120.988144449936883, 35.856274578136905 ], [ -120.987922759801364, 35.856276454151597 ], [ -120.987925069944879, 35.856456464182699 ], [ -120.988146760592443, 35.856454588159025 ] ] ], [ [ [ -120.988146760592443, 35.856454588159025 ], [ -120.98815138194847, 35.856814608167333 ], [ -120.988816456945415, 35.856808977554081 ], [ -120.988814144699845, 35.856628967567893 ], [ -120.988592453567193, 35.856630844858188 ], [ -120.988590141860612, 35.856450834854037 ], [ -120.988146760592443, 35.856454588159025 ] ] ] ] } },
{ "type": "Feature", "properties": { "area_ha": 0.83989744599251204, "count": 21, "min_ha": 0.2, "post_date": "2023-03-25" }, "geometry": { "type": "MultiPolygon", "coordinates": [ [ [ [ -120.990301759553446, 35.868858327676342 ], [ -120.99074521216582, 35.868854566214651 ], [ -120.990742895051369, 35.868674557566955 ], [ -120.990299443481049, 35.868678319019658 ], [ -120.990301759553446, 35.868858327676342 ] ] ], [ [ [ -120.988987592492876, 35.870129662174833 ], [ -120.988765862472164, 35.870131539779543 ], [ -120.988768175005191, 35.870311548310454 ], [ -120.988989905537949, 35.870309670705751 ], [ -120.988987592492876, 35.870129662174833 ] ] ], [ [ [ -120.990301759553446, 35.868858327676342 ], [ -120.9900800332248, 35.86886020776938 ], [ -120.990084664372475, 35.869220225037829 ], [ -120.990306391725198, 35.869218344926821 ], [ -120.990301759553446, 35.868858327676342 ] ] ], [ [ [ -120.990084664372475, 35.869220225037829 ], [ -120.989641209622107, 35.869223983984234 ], [ -120.989638895076851, 35.869043975354501 ], [ -120.989417168209215, 35.869045854198887 ], [ -120.989424110299908, 35.869585880043161 ], [ -120.989202381860224, 35.869587758474317 ], [ -120.989204695390384, 35.869767767050149 ], [ -120.988982966429674, 35.869769645068082 ], [ -120.988987592492876, 35.870129662174833 ], [ -120.989652782474181, 35.870124026845424 ], [ -120.989650467884005, 35.869944018314506 ], [ -120.989872197338784, 35.869942139029952 ], [ -120.989865252068071, 35.869402113329407 ], [ -120.990086979959784, 35.869400233631623 ], [ -120.990084664372475, 35.869220225037829 ] ] ] ] } },
{ "type": "Feature", "properties": { "area_ha": 0.39995220986605684, "count": 10, "min_ha": 0.2, "post_date": "2023-03-25" }, "geometry": { "type": "MultiPolygon", "coordinates": [ [ [ [ -120.989934174472808, 35.857519624408788 ], [ -120.989941119150643, 35.858059653936159 ], [ -120.990827899958717, 35.858052132018891 ], [ -120.990825582979014, 35.857872122221352 ], [ -120.990160498945016, 35.85787776427015 ], [ -120.990155868129733, 35.857517744576256 ], [ -120.989934174472808, 35.857519624408788 ] ] ], [ [ [ -120.98948847327847, 35.857343372928831 ], [ -120.989486159451857, 35.857163363023496 ], [ -120.989042774123305, 35.857167119733099 ], [ -120.989045086916846, 35.857347129647422 ], [ -120.98948847327847, 35.857343372928831 ] ] ], [ [ [ -120.98948847327847, 35.857343372928831 ], [ -120.989490787114065, 35.857523382816204 ], [ -120.989934174472808, 35.857519624408788 ], [ -120.989931859595174, 35.857339614530396 ], [ -120.98948847327847, 35.857343372928831 ] ] ] ] } },
{ "type": "Feature", "properties": { "area_ha": 1.6797987807306247, "count": 42, "min_ha": 0.2, "post_date": "2023-03-25" }, "geometry": { "type": "Polygon", "coordinates": [ [ [ -120.995285075413477, 35.859814517568822 ], [ -120.995280420514348, 35.859454498494763 ], [ -120.994171924840145, 35.859463942097072 ], [ -120.994169600000177, 35.859283932515126 ], [ -120.993726202688109, 35.859287707002387 ], [ -120.993723878890194, 35.859107697384509 ], [ -120.993280482575244, 35.859111470173957 ], [ -120.993278159828364, 35.858931460538109 ], [ -120.993056462173939, 35.858933346299523 ], [ -120.993054139957067, 35.85875333662775 ], [ -120.992832442805707, 35.858755221966952 ], [ -120.992830121118828, 35.858575212277209 ], [ -120.992386727831203, 35.858578981680004 ], [ -120.992384407186378, 35.858398971963311 ], [ -120.991941014886905, 35.858402739668293 ], [ -120.991938695293101, 35.858222729924655 ], [ -120.99149530399076, 35.858226495940798 ], [ -120.991492985447991, 35.85804648617021 ], [ -120.991049595124807, 35.858050250488546 ], [ -120.991051912634504, 35.858230260277097 ], [ -120.990830216947401, 35.858232141807449 ], [ -120.990832533945053, 35.858412151578037 ], [ -120.991719318723682, 35.858404622896458 ], [ -120.99172395689618, 35.858764642329838 ], [ -120.992389048476028, 35.858758991378728 ], [ -120.992391369138815, 35.858939001050508 ], [ -120.992613066829165, 35.858937116555722 ], [ -120.992617709214755, 35.859297135845374 ], [ -120.993282805331106, 35.859291479800817 ], [ -120.993285128095948, 35.859471489400725 ], [ -120.993950225667561, 35.859465829556299 ], [ -120.99395487434137, 35.859825848684252 ], [ -120.995285075413477, 35.859814517568822 ] ] ] } },
{ "type": "Feature", "properties": { "area_ha": 0.67991716757130938, "count": 17, "min_ha": 0.2, "post_date": "2023-03-25" }, "geometry": { "type": "Polygon", "coordinates": [ [ [ -120.996524075933664, 35.869885564804221 ], [ -120.996521745281612, 35.869705556381106 ], [ -120.994304458683899, 35.869724456512479 ], [ -120.99430678415267, 35.869904464980507 ], [ -120.994528513382875, 35.869902576856532 ], [ -120.994533165389427, 35.870262593720732 ], [ -120.994976625888995, 35.870258816197165 ], [ -120.994974298839182, 35.870078807783031 ], [ -120.995639487949134, 35.870073138344594 ], [ -120.995637159354217, 35.86989312993046 ], [ -120.996524075933664, 35.869885564804221 ] ] ] } },
{ "type": "Feature", "properties": { "area_ha": 1.3998321191912053, "count": 35, "min_ha": 0.2, "post_date": "2023-03-25" }, "geometry": { "type": "MultiPolygon", "coordinates": [ [ [ [ -120.996386585904816, 35.859265034827175 ], [ -120.995721490246623, 35.859270708550575 ], [ -120.99572847568102, 35.859810737170648 ], [ -120.995506775556223, 35.859812627576346 ], [ -120.995513759535356, 35.860352656034721 ], [ -120.995735461223205, 35.860350765602071 ], [ -120.995737789755239, 35.86053077504927 ], [ -120.996624598455995, 35.860523209123535 ], [ -120.996622267848863, 35.860343199694306 ], [ -120.996843969473829, 35.860341307168575 ], [ -120.99683930726242, 35.859981288265196 ], [ -120.996395906060641, 35.859985072894439 ], [ -120.996386585904816, 35.859265034827175 ] ] ], [ [ [ -120.996386585904816, 35.859265034827175 ], [ -120.996608284430607, 35.859263142741625 ], [ -120.996603623387003, 35.858903123604684 ], [ -120.99682532086176, 35.858901231105911 ], [ -120.996820658821036, 35.858541211897105 ], [ -120.996377265919676, 35.858544996454476 ], [ -120.996386585904816, 35.859265034827175 ] ] ] ] } },
{ "type": "Feature", "properties": { "area_ha": 0.35995679758350518, "count": 9, "min_ha": 0.2, "post_date": "2023-03-25" }, "geometry": { "type": "Polygon", "coordinates": [ [ [ -120.997730775883895, 35.860333732834611 ], [ -120.997726109522276, 35.859973713976153 ], [ -120.99728270841031, 35.859977501965091 ], [ -120.997280376285019, 35.859797492490948 ], [ -120.997058676232101, 35.859799385852099 ], [ -120.997068002739013, 35.860519423631906 ], [ -120.997511406986078, 35.860515636460434 ], [ -120.997509074303835, 35.860335627049174 ], [ -120.997730775883895, 35.860333732834611 ] ] ] } },
{ "type": "Feature", "properties": { "area_ha": 3.959515937476028, "count": 99, "min_ha": 0.2, "post_date": "2023-03-25" }, "geometry": { "type": "Polygon", "coordinates": [ [ [ -121.00362879139152, 35.870544834303907 ], [ -121.003624096813809, 35.870184817861912 ], [ -121.002515447626507, 35.870194340614773 ], [ -121.002513102951738, 35.870014332344375 ], [ -121.002291373595781, 35.870016235631915 ], [ -121.002293717758491, 35.870196243902321 ], [ -121.002071987872526, 35.870198146767656 ], [ -121.00206964423981, 35.870018138488263 ], [ -121.000739267825537, 35.870029546822877 ], [ -121.000741608359064, 35.870209555120233 ], [ -120.999189498420648, 35.870222845712824 ], [ -120.999187161516318, 35.870042837379543 ], [ -120.996748136238125, 35.870063680872299 ], [ -120.996750467429166, 35.870243689250501 ], [ -120.997193927713155, 35.870239903309717 ], [ -120.997196259955231, 35.870419911660967 ], [ -120.997417990595778, 35.870418018048284 ], [ -120.997420323367862, 35.870598026372591 ], [ -120.997863785655085, 35.870594237889577 ], [ -120.997861451840961, 35.87041422956527 ], [ -120.999857026923252, 35.870397160568757 ], [ -120.999859365399629, 35.870577168857132 ], [ -121.00008109642647, 35.870575270186926 ], [ -121.000083435432856, 35.87075527844835 ], [ -121.000305166971728, 35.870753379355939 ], [ -121.000307506508122, 35.870933387590412 ], [ -121.000750970582985, 35.870929588138971 ], [ -121.000753311161432, 35.871109596346493 ], [ -121.001196776233428, 35.871105795206212 ], [ -121.001199117862896, 35.871285803377802 ], [ -121.002529515917587, 35.871274389823981 ], [ -121.002527171179949, 35.871094381670353 ], [ -121.002305438715808, 35.871096284975863 ], [ -121.002300750300549, 35.870736268605732 ], [ -121.002522481722636, 35.870734365300223 ], [ -121.002520137011942, 35.870554357092701 ], [ -121.00362879139152, 35.870544834303907 ] ] ] } },
{ "type": "Feature", "properties": { "area_ha": 0.35993800248007385, "count": 9, "min_ha": 0.2, "post_date": "2023-03-25" }, "geometry": { "type": "MultiPolygon", "coordinates": [ [ [ [ -121.004780683563197, 36.094655891102839 ], [ -121.004785397292991, 36.095015862054147 ], [ -121.005230156091713, 36.095012046073705 ], [ -121.005232514016626, 36.095192031517918 ], [ -121.005454893914546, 36.095190122885398 ], [ -121.005450177031676, 36.094830151996973 ], [ -121.005005419310933, 36.09483396881285 ], [ -121.005003061925009, 36.094653983332705 ], [ -121.004780683563197, 36.094655891102839 ] ] ], [ [ [ -121.004108837865132, 36.094301640829876 ], [ -121.004106482608222, 36.094121655277867 ], [ -121.00388410576457, 36.09412356135018 ], [ -121.003886460509449, 36.094303546902196 ], [ -121.004108837865132, 36.094301640829876 ] ] ], [ [ [ -121.004555948866496, 36.094477812943673 ], [ -121.004558305201385, 36.094657798441787 ], [ -121.004780683563197, 36.094655891102839 ], [ -121.004778326716277, 36.094475905595743 ], [ -121.004555948866496, 36.094477812943673 ] ] ], [ [ [ -121.004108837865132, 36.094301640829876 ], [ -121.00411119314002, 36.094481626354934 ], [ -121.004555948866496, 36.094477812943673 ], [ -121.004553592558565, 36.094297827418615 ], [ -121.004108837865132, 36.094301640829876 ] ] ] ] } },
{ "type": "Feature", "properties": { "area_ha": 0.87990198073050596, "count": 22, "min_ha": 0.2, "post_date": "2023-03-25" }, "geometry": { "type": "MultiPolygon", "coordinates": [ [ [ [ -121.003863013905601, 35.820494181886289 ], [ -121.003860667595916, 35.820314168261923 ], [ -121.003639081359537, 35.820316074154583 ], [ -121.00364142714821, 35.82049608778793 ], [ -121.003863013905601, 35.820494181886289 ] ] ], [ [ [ -121.002556925870493, 35.822305746389169 ], [ -121.002335333866938, 35.822307649811464 ], [ -121.002337676673193, 35.82248766324718 ], [ -121.002559269197775, 35.822485759815905 ], [ -121.002556925870493, 35.822305746389169 ] ] ], [ [ [ -121.003863013905601, 35.820494181886289 ], [ -121.003867706569906, 35.820854209072138 ], [ -121.004089294351374, 35.820852302739304 ], [ -121.004084600654025, 35.820492275562444 ], [ -121.003863013905601, 35.820494181886289 ] ] ], [ [ [ -121.003867706569906, 35.820854209072138 ], [ -121.003424530971017, 35.820858020471171 ], [ -121.003422185676428, 35.820678006882744 ], [ -121.003200598380033, 35.82067991194895 ], [ -121.00320294315361, 35.820859925537377 ], [ -121.002981355336203, 35.82086183019036 ], [ -121.002983699606716, 35.821041843769805 ], [ -121.003426876283584, 35.821038034041635 ], [ -121.003429221605117, 35.821218047594137 ], [ -121.003650810446615, 35.821216142096738 ], [ -121.003648464604041, 35.821036128553224 ], [ -121.003870052915531, 35.821034222633614 ], [ -121.003867706569906, 35.820854209072138 ] ] ], [ [ [ -121.003429221605117, 35.821218047594137 ], [ -121.002986043895191, 35.821221857331288 ], [ -121.002988388192662, 35.821401870874801 ], [ -121.003209977573135, 35.821399966212837 ], [ -121.003212322391619, 35.821579979729407 ], [ -121.003433912284137, 35.821578074645231 ], [ -121.003429221605117, 35.821218047594137 ] ] ], [ [ [ -121.002993076814533, 35.821761897898952 ], [ -121.002995421147929, 35.821941911379582 ], [ -121.00277383020439, 35.821943815637304 ], [ -121.002771486392007, 35.821763802147693 ], [ -121.002549895951518, 35.821765705974222 ], [ -121.002556925870493, 35.822305746389169 ], [ -121.003000109841679, 35.822301938286955 ], [ -121.002997765490306, 35.82212192484225 ], [ -121.00321935693691, 35.822120020162323 ], [ -121.003214667228079, 35.821759993228007 ], [ -121.002993076814533, 35.821761897898952 ] ] ], [ [ [ -121.002988388192662, 35.821401870874801 ], [ -121.002766798803194, 35.821403775114561 ], [ -121.002771486392007, 35.821763802147693 ], [ -121.002993076814533, 35.821761897898952 ], [ -121.002988388192662, 35.821401870874801 ] ] ] ] } },
{ "type": "Feature", "properties": { "area_ha": 2.2397258708219323, "count": 56, "min_ha": 0.2, "post_date": "2023-03-25" }, "geometry": { "type": "Polygon", "coordinates": [ [ [ -121.006733022173904, 35.8705181144907 ], [ -121.00673066762667, 35.870338106346061 ], [ -121.006287207252853, 35.870341928506917 ], [ -121.006282500260426, 35.869981912127805 ], [ -121.005173854325022, 35.869991460114342 ], [ -121.005180907052207, 35.870531484709964 ], [ -121.004737445492623, 35.870535300986852 ], [ -121.004742145289541, 35.870895317303081 ], [ -121.00452041345423, 35.870897224812708 ], [ -121.004518064063319, 35.870717216659081 ], [ -121.004074601398798, 35.87072103042069 ], [ -121.004072253058908, 35.870541022240111 ], [ -121.003850522229712, 35.870542928483111 ], [ -121.003855217885402, 35.870902944835279 ], [ -121.004076949756637, 35.870901038583291 ], [ -121.004083994866122, 35.871441062954332 ], [ -121.004305728282475, 35.871439156262177 ], [ -121.004310426121066, 35.871799172407727 ], [ -121.004532160561496, 35.87179726529336 ], [ -121.00453451001529, 35.871977273330202 ], [ -121.005199714818801, 35.87197154945386 ], [ -121.005195012812024, 35.871611533380175 ], [ -121.004973278919564, 35.871613441752181 ], [ -121.004970928450675, 35.871433433688388 ], [ -121.005192661822107, 35.871431525316382 ], [ -121.005185608924236, 35.870891501008224 ], [ -121.005850804295434, 35.87088577342184 ], [ -121.005846099315235, 35.870525757141543 ], [ -121.006733022173904, 35.8705181144907 ] ] ] } },
{ "type": "Feature", "properties": { "area_ha": 0.91984188371371656, "count": 23, "min_ha": 0.2, "post_date": "2023-03-25" }, "geometry": { "type": "Polygon", "coordinates": [ [ [ -121.010777782599874, 36.094064276961142 ], [ -121.010768299085427, 36.093344335112427 ], [ -121.010545924667227, 36.093346253824038 ], [ -121.010543554336579, 36.093166268316942 ], [ -121.010098806506278, 36.09317010447355 ], [ -121.010096437226665, 36.092990118939504 ], [ -121.009874063814578, 36.092992036375513 ], [ -121.009871695073954, 36.092812050823504 ], [ -121.0096493221739, 36.09281396782832 ], [ -121.009646953963284, 36.092633982258342 ], [ -121.009424581575274, 36.092635898840953 ], [ -121.009422213894666, 36.092455913244024 ], [ -121.009199842018688, 36.092457829404424 ], [ -121.009197474868088, 36.09227784378055 ], [ -121.008975103504156, 36.092279759509758 ], [ -121.008979836763316, 36.092639730748523 ], [ -121.008757464339368, 36.092641646064507 ], [ -121.008759830465905, 36.092821631661437 ], [ -121.008982203410866, 36.092819716336471 ], [ -121.008984570067398, 36.092999701915431 ], [ -121.009651690393511, 36.092993953398299 ], [ -121.009654058631071, 36.093173938941327 ], [ -121.009876432573165, 36.093172021918541 ], [ -121.009878801340747, 36.093352007443606 ], [ -121.010101175794873, 36.093350089989627 ], [ -121.010103545092463, 36.093530075487742 ], [ -121.010325920049652, 36.09352815762054 ], [ -121.010328289886218, 36.093708143100692 ], [ -121.010550665355453, 36.093706224793316 ], [ -121.010555406097581, 36.094066195690722 ], [ -121.010777782599874, 36.094064276961142 ] ] ] } },
{ "type": "Feature", "properties": { "area_ha": 1.9197677608938359, "count": 48, "min_ha": 0.2, "post_date": "2023-03-25" }, "geometry": { "type": "MultiPolygon", "coordinates": [ [ [ [ -121.009098896389858, 35.864916802316557 ], [ -121.009101256309023, 35.865096811000186 ], [ -121.009322971327876, 35.865094894776902 ], [ -121.009327692244185, 35.865454912081283 ], [ -121.01065798830416, 35.865443405875219 ], [ -121.010660351888447, 35.865623414477994 ], [ -121.011325501328784, 35.865617655675152 ], [ -121.011323136190413, 35.86543764709932 ], [ -121.01110142023731, 35.865439567113498 ], [ -121.011099055628932, 35.865259558510715 ], [ -121.009990478306847, 35.865269152248452 ], [ -121.009988116294608, 35.865089143600756 ], [ -121.009544686328766, 35.865092978140396 ], [ -121.009542325367548, 35.864912969465749 ], [ -121.009098896389858, 35.864916802316557 ] ] ], [ [ [ -121.006869977318885, 35.864035897379772 ], [ -121.006867622645871, 35.863855888543426 ], [ -121.006424199624007, 35.863859711234291 ], [ -121.006421845993046, 35.863679702370995 ], [ -121.006200134989669, 35.863681613078626 ], [ -121.006193075731716, 35.863141586345016 ], [ -121.005971366273442, 35.863143496621447 ], [ -121.005966661194421, 35.86278347868825 ], [ -121.005744952760224, 35.862785388542477 ], [ -121.005742600755212, 35.862605379544441 ], [ -121.005520892824066, 35.862607288958493 ], [ -121.005518541349062, 35.862427279942487 ], [ -121.00529683392098, 35.86242918894331 ], [ -121.005301535846897, 35.862789206975322 ], [ -121.005523244308051, 35.862787297965511 ], [ -121.005525595801018, 35.862967306945585 ], [ -121.005747304774218, 35.86296539751357 ], [ -121.005754360879081, 35.863505424337006 ], [ -121.005976071388389, 35.863503514473798 ], [ -121.005980776557237, 35.863863532245297 ], [ -121.006202488090622, 35.863861621950896 ], [ -121.006204841209538, 35.864041630805211 ], [ -121.006869977318885, 35.864035897379772 ] ] ], [ [ [ -121.006869977318885, 35.864035897379772 ], [ -121.006874686691845, 35.864395915007542 ], [ -121.008204964821445, 35.864384436748068 ], [ -121.008207322638555, 35.864564445503561 ], [ -121.008650749630974, 35.864560616039405 ], [ -121.008655467367248, 35.864920633478526 ], [ -121.009098896389858, 35.864916802316557 ], [ -121.009094176578472, 35.864556784895399 ], [ -121.008872463104723, 35.864558700678508 ], [ -121.008870103733528, 35.864378691931996 ], [ -121.008426677801111, 35.864382522231587 ], [ -121.008424319480952, 35.864202513458125 ], [ -121.007315757052922, 35.86421208180947 ], [ -121.007313401328901, 35.864032073000082 ], [ -121.006869977318885, 35.864035897379772 ] ] ] ] } },
{ "type": "Feature", "properties": { "area_ha": 0.47991716818770308, "count": 12, "min_ha": 0.2, "post_date": "2023-03-25" }, "geometry": { "type": "Polygon", "coordinates": [ [ [ -121.015930566949791, 36.096899792662398 ], [ -121.015925800812298, 36.096539822519574 ], [ -121.015703417267204, 36.096541751022826 ], [ -121.015693887229006, 36.095821810521578 ], [ -121.015471505750043, 36.095823738575675 ], [ -121.015469123786218, 36.095643753409938 ], [ -121.015246742819286, 36.095645681041823 ], [ -121.015258650132111, 36.096545606762703 ], [ -121.015481033704148, 36.096543679103867 ], [ -121.015483415721874, 36.096723664188758 ], [ -121.015705799805943, 36.09672173610771 ], [ -121.015708182353677, 36.096901721165651 ], [ -121.015930566949791, 36.096899792662398 ] ] ] } },
{ "type": "Feature", "properties": { "area_ha": 2.5996833565511972, "count": 65, "min_ha": 0.2, "post_date": "2023-03-25" }, "geometry": { "type": "Polygon", "coordinates": [ [ [ -121.014679722897171, 35.867748905569577 ], [ -121.014670230758895, 35.867028872308296 ], [ -121.014226789851563, 35.867032724625588 ], [ -121.014229161835104, 35.867212732976846 ], [ -121.013563998830207, 35.867218508308689 ], [ -121.013568739707082, 35.867578524975258 ], [ -121.013347017645444, 35.86758044925643 ], [ -121.013349387589813, 35.867760457562767 ], [ -121.013127664998152, 35.867762381421727 ], [ -121.01314188175381, 35.86884243090941 ], [ -121.013363607462608, 35.868840507023499 ], [ -121.013368347504056, 35.869200523357698 ], [ -121.013811800942875, 35.869196674301278 ], [ -121.013814172019124, 35.869376682427955 ], [ -121.014479353655076, 35.869370905685756 ], [ -121.014472235800028, 35.868830881278782 ], [ -121.014250510154099, 35.868832807275737 ], [ -121.014245765998382, 35.868472790896625 ], [ -121.014467490611239, 35.86847086491764 ], [ -121.014458000377388, 35.867750831952804 ], [ -121.014679722897171, 35.867748905569577 ] ] ] } },
{ "type": "Feature", "properties": { "area_ha": 0.31996114539561343, "count": 8, "min_ha": 0.2, "post_date": "2023-03-25" }, "geometry": { "type": "MultiPolygon", "coordinates": [ [ [ [ -121.01400032649083, 35.866674633381052 ], [ -121.014002697926401, 35.866854641777216 ], [ -121.014224417885998, 35.866852716256375 ], [ -121.01422204592042, 35.866672707869185 ], [ -121.01400032649083, 35.866674633381052 ] ] ], [ [ [ -121.01333279824874, 35.86650039898722 ], [ -121.013330428385217, 35.866320390537147 ], [ -121.012886991484393, 35.86632423776998 ], [ -121.012884622671905, 35.866144229292964 ], [ -121.012662904724536, 35.866146152271583 ], [ -121.012667641325436, 35.866506169207646 ], [ -121.01333279824874, 35.86650039898722 ] ] ], [ [ [ -121.01333279824874, 35.86650039898722 ], [ -121.013335168121245, 35.866680407410335 ], [ -121.01400032649083, 35.866674633381052 ], [ -121.013997955064255, 35.866494624966911 ], [ -121.01333279824874, 35.86650039898722 ] ] ] ] } },
{ "type": "Feature", "properties": { "area_ha": 1.4798164711973116, "count": 37, "min_ha": 0.2, "post_date": "2023-03-25" }, "geometry": { "type": "MultiPolygon", "coordinates": [ [ [ [ -121.011929860264686, 35.877854352019099 ], [ -121.011932227199694, 35.878034359256439 ], [ -121.012153979417775, 35.878032437679202 ], [ -121.012156346891786, 35.87821244489858 ], [ -121.012378099612931, 35.878210522890143 ], [ -121.01238046760794, 35.878390530091551 ], [ -121.012602220841131, 35.878388607660916 ], [ -121.012604589366163, 35.878568614826392 ], [ -121.012826343102404, 35.878566691973539 ], [ -121.012828712166424, 35.878746699121052 ], [ -121.01327222063604, 35.878742852139744 ], [ -121.013274590751081, 35.878922859260307 ], [ -121.013718100217829, 35.878919010590167 ], [ -121.01372047137491, 35.879099017683778 ], [ -121.014385737048272, 35.879093241498538 ], [ -121.014388109777414, 35.879273248565198 ], [ -121.014609865498926, 35.8792713223257 ], [ -121.014605119025546, 35.878911308192379 ], [ -121.014383364337093, 35.878913234422889 ], [ -121.014378618941691, 35.878553220208723 ], [ -121.013269850538961, 35.87856284500122 ], [ -121.013267480459845, 35.878382837844725 ], [ -121.012823974056346, 35.878386684808063 ], [ -121.012819235991202, 35.878026670414229 ], [ -121.012597483809046, 35.878028593258094 ], [ -121.012595115310972, 35.877848586029735 ], [ -121.011929860264686, 35.877854352019099 ] ] ], [ [ [ -121.011257509021732, 35.87732009233487 ], [ -121.011250413031675, 35.876780070281484 ], [ -121.01080691576405, 35.876783909591175 ], [ -121.010809280049031, 35.876963916963263 ], [ -121.011031029203863, 35.876961997515032 ], [ -121.011035758842809, 35.877322012205312 ], [ -121.011257509021732, 35.87732009233487 ] ] ], [ [ [ -121.011257509021732, 35.87732009233487 ], [ -121.011262239738656, 35.877680106935316 ], [ -121.011705742144642, 35.87767626590086 ], [ -121.011708108558636, 35.87785627316515 ], [ -121.011929860264686, 35.877854352019099 ], [ -121.011925126412635, 35.877494337472555 ], [ -121.011481625066651, 35.877498179342446 ], [ -121.01147925919166, 35.877318172033235 ], [ -121.011257509021732, 35.87732009233487 ] ] ] ] } },
{ "type": "Feature", "properties": { "area_ha": 2.5196917821074134, "count": 63, "min_ha": 0.2, "post_date": "2023-03-25" }, "geometry": { "type": "Polygon", "coordinates": [ [ [ -121.016248417316774, 35.86899546632916 ], [ -121.016243663818557, 35.868635450066826 ], [ -121.015800213730458, 35.868639308348939 ], [ -121.015802589433022, 35.868819316502567 ], [ -121.015359138266945, 35.86882317311381 ], [ -121.015361512954414, 35.869003181249468 ], [ -121.015139786832378, 35.869005108926267 ], [ -121.015142161007816, 35.869185117052943 ], [ -121.014920434355773, 35.869187044307537 ], [ -121.014922808028146, 35.869367052416244 ], [ -121.014701080846109, 35.869368979257615 ], [ -121.014708200363046, 35.869909003475939 ], [ -121.014043014100764, 35.86991478152968 ], [ -121.014047757385129, 35.870274797603365 ], [ -121.013826027571014, 35.870276722782847 ], [ -121.01384262580541, 35.871536778465824 ], [ -121.014064359248707, 35.871534853250402 ], [ -121.014078589847401, 35.872614900195849 ], [ -121.014300326389886, 35.87261297454026 ], [ -121.014305071048668, 35.872972990021054 ], [ -121.014748546181806, 35.872969137425279 ], [ -121.014746172814853, 35.872789129702845 ], [ -121.014524435769317, 35.872791056202857 ], [ -121.014519690095426, 35.872431040695112 ], [ -121.014297954082949, 35.872432966763931 ], [ -121.014290837207056, 35.871892943336121 ], [ -121.014512571665449, 35.871891017276283 ], [ -121.014510198882419, 35.87171100942809 ], [ -121.014731932810804, 35.871709082946047 ], [ -121.014727186229621, 35.87134906720474 ], [ -121.014283720438968, 35.87135291972865 ], [ -121.014281348203895, 35.871172911826555 ], [ -121.01450308058719, 35.871170985775706 ], [ -121.014495962390768, 35.870630961952635 ], [ -121.014717693210997, 35.870629035497544 ], [ -121.014712946764561, 35.870269019522674 ], [ -121.014934676533755, 35.87026709266334 ], [ -121.014932302816462, 35.870087084653449 ], [ -121.015154032055648, 35.870085157362922 ], [ -121.015146909394602, 35.869545133234425 ], [ -121.015368637070722, 35.869543205539657 ], [ -121.015363887641882, 35.869183189367156 ], [ -121.015807340892053, 35.869179332737943 ], [ -121.015804965153549, 35.868999324629236 ], [ -121.016248417316774, 35.86899546632916 ] ] ] } },
{ "type": "Feature", "properties": { "area_ha": 0.6399203339671673, "count": 16, "min_ha": 0.2, "post_date": "2023-03-25" }, "geometry": { "type": "MultiPolygon", "coordinates": [ [ [ [ -121.016617556204366, 35.880154002010094 ], [ -121.016615178238055, 35.879973995096144 ], [ -121.01550638965017, 35.879983641115835 ], [ -121.01550163893674, 35.879623627171156 ], [ -121.014836368762829, 35.879629409707491 ], [ -121.014833994973671, 35.879449402694725 ], [ -121.014612238749095, 35.879451329356428 ], [ -121.014616985285357, 35.879811343372971 ], [ -121.015060499809621, 35.879807489600402 ], [ -121.015065248465916, 35.880167503527119 ], [ -121.016617556204366, 35.880154002010094 ] ] ], [ [ [ -121.016617556204366, 35.880154002010094 ], [ -121.016619934179673, 35.880334008915057 ], [ -121.017063451614476, 35.880330147542743 ], [ -121.017061072606111, 35.880150140646762 ], [ -121.016617556204366, 35.880154002010094 ] ] ] ] } },
{ "type": "Feature", "properties": { "area_ha": 14.678170704722383, "count": 367, "min_ha": 0.2, "post_date": "2023-03-25" }, "geometry": { "type": "Polygon", "coordinates": [ [ [ -121.029474697472267, 35.879681325333031 ], [ -121.029472289448321, 35.879501318625699 ], [ -121.027919997142916, 35.879514990984326 ], [ -121.02792240153768, 35.87969499772759 ], [ -121.027478888306987, 35.879698900332578 ], [ -121.027481291677674, 35.879878907057879 ], [ -121.027259534527829, 35.879880857740538 ], [ -121.027252326014789, 35.879340837483781 ], [ -121.02680881479634, 35.879344737546539 ], [ -121.026806413024659, 35.879164730749373 ], [ -121.025919392528095, 35.879172525808386 ], [ -121.025914593152933, 35.87881251212422 ], [ -121.02480582246848, 35.878822246430332 ], [ -121.024810616651379, 35.879182260159418 ], [ -121.024588861441899, 35.879184205766592 ], [ -121.024591258030298, 35.879364212608671 ], [ -121.024813013760806, 35.879362267001497 ], [ -121.024817808015584, 35.879722280613798 ], [ -121.024596051252018, 35.879724226238942 ], [ -121.024598447876343, 35.879904233018138 ], [ -121.022824389204388, 35.87991978286469 ], [ -121.022829174197526, 35.880279796441059 ], [ -121.023272691003498, 35.880275911487971 ], [ -121.023275084546611, 35.880455918240223 ], [ -121.023496843457153, 35.880453975130365 ], [ -121.023501631621343, 35.88081398857198 ], [ -121.023279871677744, 35.880815931690826 ], [ -121.023282265256782, 35.880995938380195 ], [ -121.022173462780955, 35.881005647686194 ], [ -121.022185417884145, 35.881905680980331 ], [ -121.021298365326714, 35.881913440933182 ], [ -121.021300754306381, 35.882093447550687 ], [ -121.022187808938924, 35.882085687579867 ], [ -121.022190200002683, 35.88226569416144 ], [ -121.022633728289136, 35.882261811642778 ], [ -121.022636120403916, 35.882441818197407 ], [ -121.023079649678508, 35.882437933989912 ], [ -121.023082042844337, 35.882617940517584 ], [ -121.023303807980199, 35.882615997767054 ], [ -121.023306201676021, 35.882796004276763 ], [ -121.023749732962841, 35.882792117518051 ], [ -121.023752127700703, 35.882972123991827 ], [ -121.023973893851661, 35.88297017997467 ], [ -121.023976289119531, 35.883150186430477 ], [ -121.024419822409598, 35.883146297129542 ], [ -121.024424615065371, 35.883506309960303 ], [ -121.024868150385629, 35.883502418952567 ], [ -121.024865753015703, 35.883322412559643 ], [ -121.025087520145831, 35.883320466431442 ], [ -121.025082724399851, 35.882960453591693 ], [ -121.024860958311777, 35.882962399710912 ], [ -121.024858560977776, 35.882782393255106 ], [ -121.024636795401733, 35.882784338952106 ], [ -121.024632001802729, 35.88242432597761 ], [ -121.025740824409809, 35.882414593342361 ], [ -121.025733626317233, 35.881874573804261 ], [ -121.025955389252232, 35.88187262602316 ], [ -121.025952989393957, 35.881692619477526 ], [ -121.026396514185961, 35.881688722666667 ], [ -121.026398915077294, 35.881868729212307 ], [ -121.027285966601667, 35.881860930515117 ], [ -121.027283563635223, 35.881680923996427 ], [ -121.027061801284134, 35.881682874301795 ], [ -121.027056996411275, 35.881322861192551 ], [ -121.027278757720325, 35.881320910905153 ], [ -121.02727154893779, 35.880780891106539 ], [ -121.027493308683773, 35.880778940414899 ], [ -121.027483695057327, 35.880058913774199 ], [ -121.027927210354136, 35.880055011142261 ], [ -121.02792480594141, 35.87987500444391 ], [ -121.028811834334164, 35.87986719415845 ], [ -121.028809427855322, 35.8796871874601 ], [ -121.029474697472267, 35.879681325333031 ] ], [ [ -121.026818422026764, 35.88006476454656 ], [ -121.026816020201196, 35.87988475783024 ], [ -121.026594263015426, 35.879886707246271 ], [ -121.026591861728832, 35.879706700503007 ], [ -121.026370105055108, 35.879708649487846 ], [ -121.02637250582066, 35.879888656240098 ], [ -121.026150748616928, 35.879890604811713 ], [ -121.026153148888412, 35.880070611545996 ], [ -121.026818422026764, 35.88006476454656 ] ], [ [ -121.02549027436865, 35.880256461470864 ], [ -121.025487875651251, 35.880076454745563 ], [ -121.02504436010291, 35.880080348106887 ], [ -121.025046757787251, 35.88026035484117 ], [ -121.02549027436865, 35.880256461470864 ] ] ] } },
{ "type": "Feature", "properties": { "area_ha": 11.198614448798878, "count": 280, "min_ha": 0.2, "post_date": "2023-03-25" }, "geometry": { "type": "MultiPolygon", "coordinates": [ [ [ [ -121.029460249499252, 35.878601284801562 ], [ -121.029682002903115, 35.878599329941736 ], [ -121.029679594430007, 35.8784193231266 ], [ -121.02945784154717, 35.878421277977445 ], [ -121.029460249499252, 35.878601284801562 ] ] ], [ [ [ -121.020120349032666, 35.876702930483781 ], [ -121.020117962981502, 35.87652292326441 ], [ -121.019674467636278, 35.876526796242956 ], [ -121.019676852654371, 35.876706803471315 ], [ -121.020120349032666, 35.876702930483781 ] ] ], [ [ [ -121.020106032887412, 35.875622886889055 ], [ -121.020103646908112, 35.875442879561881 ], [ -121.0192166686234, 35.875450623731332 ], [ -121.019214284728193, 35.875270616359238 ], [ -121.018992540648838, 35.875272551348331 ], [ -121.018990157274658, 35.875092543958274 ], [ -121.018768413707349, 35.875094478516168 ], [ -121.018766030863176, 35.874914471099167 ], [ -121.018100801643456, 35.874920272248588 ], [ -121.018098420371331, 35.874740264795655 ], [ -121.01787667779216, 35.874742197664716 ], [ -121.017874297050056, 35.874562190193814 ], [ -121.017652554973935, 35.87456412264067 ], [ -121.017650174761826, 35.874384115142817 ], [ -121.017428433197765, 35.874386047158481 ], [ -121.017426053515663, 35.874206039642665 ], [ -121.017204312454638, 35.874207971236117 ], [ -121.017201933302545, 35.874027963693351 ], [ -121.016980192753579, 35.874029894855617 ], [ -121.016975435518376, 35.873669879707194 ], [ -121.016531956459602, 35.873673740756118 ], [ -121.016534334030666, 35.873853748352786 ], [ -121.016312593966774, 35.873855678248425 ], [ -121.016314971043769, 35.874035685836112 ], [ -121.016536711619693, 35.874033755931485 ], [ -121.016541466833687, 35.874393771017026 ], [ -121.016984950033688, 35.874389909932169 ], [ -121.016992086043686, 35.874929932398778 ], [ -121.017435572315932, 35.874926069598139 ], [ -121.017437952042954, 35.875106077042098 ], [ -121.018324926527811, 35.875098346374322 ], [ -121.018329690167988, 35.875458361172399 ], [ -121.018773179422638, 35.875454493296282 ], [ -121.018775562293769, 35.875634500650406 ], [ -121.020106032887412, 35.875622886889055 ] ] ], [ [ [ -121.029460249499252, 35.878601284801562 ], [ -121.028794989215783, 35.878607146847777 ], [ -121.028797395622775, 35.878787153662913 ], [ -121.028353887674186, 35.878791059591663 ], [ -121.028356293066068, 35.878971066397817 ], [ -121.027691029494775, 35.878976922155829 ], [ -121.027693433341554, 35.879156928952995 ], [ -121.028580453478781, 35.87914912041925 ], [ -121.028578047565873, 35.878969113640053 ], [ -121.029021556529571, 35.878965206857899 ], [ -121.02901914958359, 35.878785200060726 ], [ -121.029462657469296, 35.878781291607709 ], [ -121.029460249499252, 35.878601284801562 ] ] ], [ [ [ -121.020106032887412, 35.875622886889055 ], [ -121.020110804890919, 35.875982901498482 ], [ -121.020776043147691, 35.875977088913501 ], [ -121.020778430725983, 35.876157096168811 ], [ -121.021221923879324, 35.876153218995128 ], [ -121.02122908977627, 35.876693240644272 ], [ -121.020120349032666, 35.876702930483781 ], [ -121.020125121161939, 35.877062944859652 ], [ -121.020346870370659, 35.87706100772359 ], [ -121.020349256978776, 35.877241014880084 ], [ -121.021458005447897, 35.877231322866649 ], [ -121.021462783874355, 35.877591337080823 ], [ -121.021684534574291, 35.877589397402531 ], [ -121.021686924317521, 35.877769404478173 ], [ -121.023017431382769, 35.877757757560005 ], [ -121.023022217139484, 35.878117771594518 ], [ -121.023243969312659, 35.878115828960766 ], [ -121.023239182522886, 35.877755814935234 ], [ -121.023904435871344, 35.877749984536663 ], [ -121.023909225769302, 35.878109998535244 ], [ -121.024574482127122, 35.878104164318835 ], [ -121.024576878652638, 35.878284171277699 ], [ -121.025685641620555, 35.878274439136518 ], [ -121.025690439890809, 35.87863445294645 ], [ -121.027020961293161, 35.87862276043878 ], [ -121.027025765833642, 35.878982774122946 ], [ -121.027691029494775, 35.878976922155829 ], [ -121.027688625665945, 35.878796915340693 ], [ -121.027910379680677, 35.878794963840569 ], [ -121.027905571016916, 35.878434950156404 ], [ -121.026353299947687, 35.878448601701059 ], [ -121.026343697280694, 35.877728573982388 ], [ -121.026787199210574, 35.877724675671345 ], [ -121.026784797528734, 35.8775446687035 ], [ -121.026563047089311, 35.87754661806563 ], [ -121.026560645946446, 35.877366611070833 ], [ -121.026117146064735, 35.877370508510509 ], [ -121.026119546174527, 35.877550515514287 ], [ -121.025676045214823, 35.8775544112831 ], [ -121.025678444300539, 35.877734418277896 ], [ -121.025456693286188, 35.877736365528989 ], [ -121.025459091859858, 35.877916372505815 ], [ -121.02479383719087, 35.877922211761778 ], [ -121.024784249184378, 35.877202183683778 ], [ -121.024562499679206, 35.877204129246032 ], [ -121.024555310345207, 35.876664107965198 ], [ -121.024333562385138, 35.876666053096265 ], [ -121.024331166479456, 35.876486045957741 ], [ -121.024109419022437, 35.876487990657616 ], [ -121.024104628289066, 35.876127976326664 ], [ -121.023217642512392, 35.87613575087714 ], [ -121.023215249238774, 35.875955743666744 ], [ -121.022106519364783, 35.875965452361889 ], [ -121.022104128687303, 35.875785445106587 ], [ -121.021217146665592, 35.875793204475528 ], [ -121.021214758081172, 35.875613197184293 ], [ -121.020106032887412, 35.875622886889055 ] ] ] ] } },
{ "type": "Feature", "properties": { "area_ha": 0.39992801318475146, "count": 10, "min_ha": 0.2, "post_date": "2023-03-25" }, "geometry": { "type": "Polygon", "coordinates": [ [ [ -121.033492939074108, 36.129326982854124 ], [ -121.033488088503944, 36.128967019556463 ], [ -121.03304313424978, 36.128970942759821 ], [ -121.033045558479344, 36.129150924422127 ], [ -121.032823080808768, 36.129152885390496 ], [ -121.032825504535282, 36.129332867034833 ], [ -121.031935591652157, 36.129340706704184 ], [ -121.031938013303545, 36.129520688357509 ], [ -121.033050406983378, 36.129510887692838 ], [ -121.033047982726856, 36.129330906066464 ], [ -121.033492939074108, 36.129326982854124 ] ] ] } },
{ "type": "Feature", "properties": { "area_ha": 19.197600523045324, "count": 480, "min_ha": 0.2, "post_date": "2023-03-25" }, "geometry": { "type": "MultiPolygon", "coordinates": [ [ [ [ -121.040191990351516, 35.884987201993006 ], [ -121.040413761892367, 35.884985226768379 ], [ -121.04041132811372, 35.884805220851561 ], [ -121.040189557093896, 35.884807196076189 ], [ -121.040191990351516, 35.884987201993006 ] ] ], [ [ [ -121.040642836368178, 35.885523268746226 ], [ -121.040640402032565, 35.885343262892292 ], [ -121.04019685690271, 35.885347213772746 ], [ -121.040191990351516, 35.884987201993006 ], [ -121.039970218810666, 35.884989176795429 ], [ -121.039965353337465, 35.884629164925862 ], [ -121.040187123845243, 35.88462719013242 ], [ -121.04018225738389, 35.884267178190989 ], [ -121.039960487918151, 35.884269152984423 ], [ -121.039955622543758, 35.883909140962139 ], [ -121.039733854093114, 35.883911115315406 ], [ -121.039731421940417, 35.883731109272823 ], [ -121.039509654001805, 35.883733083203879 ], [ -121.039507222379115, 35.883553077134344 ], [ -121.039285454952548, 35.883555050634214 ], [ -121.039287886054211, 35.883735056712723 ], [ -121.039066118097637, 35.883737029799363 ], [ -121.039058826373662, 35.883197011509921 ], [ -121.038837059962191, 35.883198984165368 ], [ -121.038834629929525, 35.883018978023969 ], [ -121.039056395819969, 35.883017005377511 ], [ -121.039053965284239, 35.882836999218142 ], [ -121.038832199905826, 35.882838971864608 ], [ -121.038827339894382, 35.882478959491984 ], [ -121.038605575549028, 35.882480931707256 ], [ -121.038600716615562, 35.882120919253779 ], [ -121.038822479936826, 35.882118947038506 ], [ -121.038820049967029, 35.881938940789311 ], [ -121.038598287175773, 35.881940912995603 ], [ -121.038593428314158, 35.881580900416367 ], [ -121.038371666546979, 35.881582872191466 ], [ -121.038366808772338, 35.881222859531377 ], [ -121.038145048029236, 35.881224830875283 ], [ -121.038142619676407, 35.88104482450931 ], [ -121.037920859436369, 35.881046795422023 ], [ -121.037918431613548, 35.88086678903808 ], [ -121.037696671885541, 35.880868759528589 ], [ -121.037691817317878, 35.880508746688839 ], [ -121.037470058613948, 35.880510716748162 ], [ -121.037467631860125, 35.880330710301337 ], [ -121.037024115458394, 35.880334649153347 ], [ -121.037021689755591, 35.88015464267059 ], [ -121.036799932057775, 35.880156611463278 ], [ -121.036797506884994, 35.879976604953576 ], [ -121.036575749690229, 35.87997857332406 ], [ -121.036573325047456, 35.8797985667874 ], [ -121.036129811664054, 35.879802502252765 ], [ -121.036124964489531, 35.87944248911657 ], [ -121.035903208821907, 35.879444456202464 ], [ -121.035900785769144, 35.879264449602921 ], [ -121.035457275431028, 35.879268382508087 ], [ -121.0354548534293, 35.879088375881601 ], [ -121.035233098758809, 35.879090341700866 ], [ -121.035230677287075, 35.878910335047429 ], [ -121.035008923128629, 35.87891230044449 ], [ -121.035006502177922, 35.878732293764102 ], [ -121.03456299486713, 35.878736223273634 ], [ -121.034558155085733, 35.878376209849982 ], [ -121.034114649796166, 35.878380137661694 ], [ -121.034112230956495, 35.878200130909441 ], [ -121.033668726664047, 35.878204057023339 ], [ -121.033666308875411, 35.878024050253124 ], [ -121.032779302221883, 35.878031897414424 ], [ -121.032781717935421, 35.878211904211589 ], [ -121.031894709027128, 35.878219744653492 ], [ -121.031892295388701, 35.878039737838357 ], [ -121.030783536597951, 35.878049528900036 ], [ -121.03078594764024, 35.878229535733134 ], [ -121.031451204510105, 35.878223662350173 ], [ -121.03145361711546, 35.878403669147346 ], [ -121.03078835869151, 35.878409542548269 ], [ -121.030790769760742, 35.878589549345435 ], [ -121.029903756297998, 35.878597374668686 ], [ -121.029906165301114, 35.878777381465859 ], [ -121.029684411394186, 35.87877933674789 ], [ -121.029686819885271, 35.878959343527086 ], [ -121.029243310993436, 35.878963252833508 ], [ -121.02924571846043, 35.879143259603723 ], [ -121.029689228394304, 35.87913935028832 ], [ -121.029694045448323, 35.879499363747911 ], [ -121.029915801430349, 35.879497408447911 ], [ -121.029913392382326, 35.879317401731591 ], [ -121.030135147843325, 35.879315446018374 ], [ -121.030132738283257, 35.879135439284084 ], [ -121.03079800303135, 35.879129569620154 ], [ -121.03079559193516, 35.878949562876883 ], [ -121.031682609359478, 35.878941730789315 ], [ -121.031685022539762, 35.879121737505635 ], [ -121.031906777389906, 35.879119778432717 ], [ -121.031909191091216, 35.879299785122086 ], [ -121.032352701797635, 35.879295865691653 ], [ -121.032350287054285, 35.879115859002283 ], [ -121.032793796664762, 35.879111937900987 ], [ -121.032796212450151, 35.879291944581368 ], [ -121.033461478348087, 35.879286059744892 ], [ -121.033463895696556, 35.879466066389348 ], [ -121.033907407274341, 35.879462141056983 ], [ -121.033909825673831, 35.879642147674488 ], [ -121.03413158196129, 35.879640184370501 ], [ -121.034134000890788, 35.879820190970037 ], [ -121.034355757681297, 35.879818227243845 ], [ -121.034358177140803, 35.87999823381643 ], [ -121.034801691745912, 35.879994305079457 ], [ -121.034804112247457, 35.88017431162509 ], [ -121.035025870044095, 35.88017234662329 ], [ -121.035028291084629, 35.880352353150961 ], [ -121.035250049393298, 35.880350387717968 ], [ -121.035252470954859, 35.880530394218695 ], [ -121.035474229775559, 35.88052842836349 ], [ -121.035476651867128, 35.880708434837267 ], [ -121.035698411190893, 35.880706468559858 ], [ -121.035695988578297, 35.880526462095062 ], [ -121.035917747372068, 35.880524495395449 ], [ -121.035920170505676, 35.880704501860237 ], [ -121.036363689090322, 35.880700567203363 ], [ -121.036366113274966, 35.8808805736412 ], [ -121.036587873074836, 35.880878605674958 ], [ -121.036590297780492, 35.881058612085852 ], [ -121.03636853746859, 35.881060580061074 ], [ -121.036373385882783, 35.881420592837948 ], [ -121.036595147236739, 35.881418624862718 ], [ -121.036599996737905, 35.881778637549758 ], [ -121.036821759115938, 35.881776669143342 ], [ -121.036824184396536, 35.88195667545542 ], [ -121.0370459472866, 35.881954706617812 ], [ -121.037053224763298, 35.882494725428273 ], [ -121.03727498919848, 35.882492756159479 ], [ -121.037279841942564, 35.882852768594987 ], [ -121.037501607401822, 35.882850798903974 ], [ -121.037504034317337, 35.883030805081304 ], [ -121.037725800279645, 35.883028834959106 ], [ -121.037730655170705, 35.883388847259866 ], [ -121.03795242215709, 35.883386876706474 ], [ -121.03795727813511, 35.883746888926389 ], [ -121.038179046145586, 35.883744917941812 ], [ -121.038181474669088, 35.88392492402032 ], [ -121.038403243191595, 35.883922952613531 ], [ -121.038405672245119, 35.884102958665096 ], [ -121.038627441279658, 35.884100986827114 ], [ -121.038629870863176, 35.884280992860717 ], [ -121.03840810130761, 35.884282964698698 ], [ -121.03841538856696, 35.884822982682714 ], [ -121.038637159676611, 35.884821010826769 ], [ -121.03864444859785, 35.885361028622142 ], [ -121.038866221243623, 35.885359056334998 ], [ -121.038871081614403, 35.885719068096769 ], [ -121.039092855293248, 35.885717095378439 ], [ -121.039097716750987, 35.886077107059364 ], [ -121.039319491453909, 35.886075133909841 ], [ -121.039321922717278, 35.886255139709881 ], [ -121.03954369792325, 35.886253166147135 ], [ -121.039548561527965, 35.886613177684325 ], [ -121.039770337758014, 35.886611203681404 ], [ -121.039772770099361, 35.886791209418561 ], [ -121.039994546841456, 35.886789234993429 ], [ -121.039999412584166, 35.88714924640486 ], [ -121.040442968107527, 35.887145296270013 ], [ -121.040445402029917, 35.887325301935299 ], [ -121.041332515025999, 35.887317396599101 ], [ -121.041339823099307, 35.887857413433281 ], [ -121.041118043311926, 35.887859390409623 ], [ -121.04112291437265, 35.888219401542571 ], [ -121.041344695202085, 35.888217424557247 ], [ -121.041349567349783, 35.888577435609349 ], [ -121.0415713491943, 35.888575458183844 ], [ -121.041573785811636, 35.888755463678457 ], [ -121.041795568168197, 35.888753485839729 ], [ -121.041798005306546, 35.888933491307391 ], [ -121.042019788175153, 35.88893151303747 ], [ -121.04202222584351, 35.889111518478181 ], [ -121.042244009215167, 35.889109539786055 ], [ -121.042246447413532, 35.889289545208797 ], [ -121.042468231297235, 35.889287566085478 ], [ -121.042473108771929, 35.889647576859105 ], [ -121.042694893679723, 35.889645597313582 ], [ -121.042697332947071, 35.889825602664459 ], [ -121.042919118366896, 35.889823622687743 ], [ -121.04291667856954, 35.889643617336866 ], [ -121.043138463459357, 35.889641636946919 ], [ -121.043133582867497, 35.889281626200244 ], [ -121.04291179901972, 35.889283606581202 ], [ -121.042909359267284, 35.889103601176423 ], [ -121.042687575931552, 35.889105581135176 ], [ -121.042682697486669, 35.888745570244772 ], [ -121.042460915175013, 35.888747549781314 ], [ -121.042458476491561, 35.888567544304671 ], [ -121.04223669468297, 35.88856952341002 ], [ -121.042234256529525, 35.888389517906425 ], [ -121.042012475232966, 35.88839149658957 ], [ -121.042010037600548, 35.888211491068013 ], [ -121.041788256816034, 35.888213469319965 ], [ -121.041773634417126, 35.887133435759416 ], [ -121.041551856722819, 35.887135413562213 ], [ -121.04154698372173, 35.886775402213665 ], [ -121.041325207060481, 35.886777379585268 ], [ -121.041317899193785, 35.886237362409737 ], [ -121.041096124077626, 35.886239339350148 ], [ -121.041091253259452, 35.885879327794989 ], [ -121.040869479167384, 35.885881304304206 ], [ -121.040864609436156, 35.88552129265922 ], [ -121.040642836368178, 35.885523268746226 ] ], [ [ -121.040642836368178, 35.885523268746226 ], [ -121.040421063291205, 35.885525244402054 ], [ -121.040428364788852, 35.886065261865042 ], [ -121.040650139428891, 35.886063286191259 ], [ -121.040642836368178, 35.885523268746226 ] ], [ [ -121.038866221243623, 35.885359056334998 ], [ -121.039309766508239, 35.885355110503077 ], [ -121.039302472924746, 35.884815092743644 ], [ -121.03908070185102, 35.884817065857234 ], [ -121.039078271198505, 35.884637059895496 ], [ -121.038856500636825, 35.884639032586875 ], [ -121.038866221243623, 35.885359056334998 ] ], [ [ -121.036590297780492, 35.881058612085852 ], [ -121.036592722504125, 35.881238618487764 ], [ -121.036814483328087, 35.881236650090329 ], [ -121.036812058083427, 35.881056643697399 ], [ -121.036590297780492, 35.881058612085852 ] ], [ [ -121.032781717935421, 35.878211904211589 ], [ -121.032784133657927, 35.878391910981811 ], [ -121.033005886379073, 35.878389949815812 ], [ -121.03300347013554, 35.878209943045597 ], [ -121.032781717935421, 35.878211904211589 ] ], [ [ -121.040876783854046, 35.886421321623473 ], [ -121.040874348943518, 35.886241315868347 ], [ -121.040652573800429, 35.886243291964348 ], [ -121.04065500818993, 35.886423297728449 ], [ -121.040876783854046, 35.886421321623473 ] ], [ [ -121.037482192535791, 35.881410748730751 ], [ -121.037479765728065, 35.881230742373759 ], [ -121.037036244134057, 35.881234681270683 ], [ -121.037038669908725, 35.881414687636664 ], [ -121.037482192535791, 35.881410748730751 ] ], [ [ -121.034572674555676, 35.879456249896364 ], [ -121.034567834684452, 35.879096236625422 ], [ -121.034346079978036, 35.879098200755863 ], [ -121.034343660572418, 35.878918194084456 ], [ -121.033900152156704, 35.878922121078702 ], [ -121.033897733802135, 35.878742114389333 ], [ -121.033454226374559, 35.878746039685765 ], [ -121.033451809071011, 35.878566032960464 ], [ -121.032786549398409, 35.878571917743045 ], [ -121.032788965138892, 35.878751924477328 ], [ -121.033232472638318, 35.878748001705162 ], [ -121.033234889438816, 35.878928008412501 ], [ -121.033678397926394, 35.878924083951503 ], [ -121.033680815768932, 35.879104090631884 ], [ -121.033902570511287, 35.87910212775909 ], [ -121.033904988892814, 35.879282134421508 ], [ -121.03434849938364, 35.8792782074093 ], [ -121.034350918807206, 35.879458214035786 ], [ -121.034572674555676, 35.879456249896364 ] ] ] ] } },
{ "type": "Feature", "properties": { "area_ha": 3.8395120070814017, "count": 96, "min_ha": 0.2, "post_date": "2023-03-25" }, "geometry": { "type": "MultiPolygon", "coordinates": [ [ [ [ -121.044717841300084, 35.891607819817864 ], [ -121.044715397244701, 35.891427814700549 ], [ -121.045158977193267, 35.891423846662271 ], [ -121.045163867397093, 35.891783856878945 ], [ -121.044942076389745, 35.891785841113673 ], [ -121.044944520984117, 35.891965846195063 ], [ -121.045388104022877, 35.891961877294406 ], [ -121.045390549668269, 35.892141882348838 ], [ -121.046277717686166, 35.892133939472046 ], [ -121.046280165415652, 35.892313944490553 ], [ -121.04672375039479, 35.892309970514411 ], [ -121.046726199175296, 35.892489975505967 ], [ -121.047169785142572, 35.892485999841 ], [ -121.047174684814649, 35.892846009743259 ], [ -121.047396478813383, 35.892844021268473 ], [ -121.047398929192894, 35.893024026188165 ], [ -121.047620723703673, 35.893022037282194 ], [ -121.047623174604212, 35.893202042183916 ], [ -121.048288559627721, 35.893196072941734 ], [ -121.048291012100321, 35.893376077807524 ], [ -121.049399989496109, 35.893366120638369 ], [ -121.049397534436366, 35.893186115790549 ], [ -121.049175739494402, 35.893188108065196 ], [ -121.049170830434932, 35.892828098324635 ], [ -121.04872724259917, 35.892832081580373 ], [ -121.048724789129437, 35.892652076669663 ], [ -121.048502995705633, 35.892654067668715 ], [ -121.048500542765922, 35.892474062731054 ], [ -121.048278749854148, 35.892476053307895 ], [ -121.048276297444431, 35.892296048352271 ], [ -121.04738912776466, 35.892304006401609 ], [ -121.047386677439036, 35.892124001401079 ], [ -121.047164885515414, 35.892125989857888 ], [ -121.047162435710817, 35.891945984839388 ], [ -121.04694064429026, 35.891947972873993 ], [ -121.046935745768025, 35.891587962774103 ], [ -121.046492164966068, 35.891591937549741 ], [ -121.046489716760476, 35.891411932459377 ], [ -121.045824347035264, 35.891417891460762 ], [ -121.04582679367779, 35.891597896560114 ], [ -121.04538321276803, 35.891601867131634 ], [ -121.045378321549094, 35.891241856888016 ], [ -121.045156532113808, 35.891243841526986 ], [ -121.045154087043329, 35.891063836373739 ], [ -121.044932298111107, 35.891065820599486 ], [ -121.044929853570636, 35.890885815419288 ], [ -121.044486276712277, 35.890889782586193 ], [ -121.044481389742387, 35.890529772153933 ], [ -121.043816027482166, 35.890535719710783 ], [ -121.043811143674347, 35.890175709179701 ], [ -121.043589357266384, 35.890177690854237 ], [ -121.043586915896967, 35.889997685557255 ], [ -121.043365129992054, 35.889999666800598 ], [ -121.043370011706799, 35.890359677385575 ], [ -121.043591798644769, 35.89035769613325 ], [ -121.043596681446488, 35.890717706637382 ], [ -121.043818469408535, 35.890715724953864 ], [ -121.043820911343886, 35.890895730169994 ], [ -121.044264488265128, 35.890891765536338 ], [ -121.044271817251229, 35.891431781049988 ], [ -121.044493607252463, 35.89142979808188 ], [ -121.044496050795786, 35.891609803208176 ], [ -121.044717841300084, 35.891607819817864 ] ], [ [ -121.047620723703673, 35.893022037282194 ], [ -121.048064312689277, 35.893018058221593 ], [ -121.048059408840047, 35.892658048400179 ], [ -121.047837615389284, 35.892660038132604 ], [ -121.047840066792872, 35.892840043061277 ], [ -121.047618272812116, 35.89284203237149 ], [ -121.047620723703673, 35.893022037282194 ] ] ], [ [ [ -121.044717841300084, 35.891607819817864 ], [ -121.04472028537343, 35.891787824926197 ], [ -121.044942076389745, 35.891785841113673 ], [ -121.044939631804368, 35.891605836014321 ], [ -121.044717841300084, 35.891607819817864 ] ] ] ] } },
{ "type": "Feature", "properties": { "area_ha": 3.8795061903755594, "count": 97, "min_ha": 0.2, "post_date": "2023-03-25" }, "geometry": { "type": "MultiPolygon", "coordinates": [ [ [ [ -121.055381055302774, 35.892772155767268 ], [ -121.055159261717264, 35.892774159405612 ], [ -121.05516173025174, 35.892954164163605 ], [ -121.055383524358263, 35.892952160525262 ], [ -121.055381055302774, 35.892772155767268 ] ] ], [ [ [ -121.052056611520626, 35.89298217087633 ], [ -121.051391228635097, 35.892988161579268 ], [ -121.051393688357095, 35.893168166391156 ], [ -121.050506508948558, 35.893176148120084 ], [ -121.050504051301672, 35.892996143281245 ], [ -121.050060462567586, 35.893000131603479 ], [ -121.050062919181414, 35.893180136451299 ], [ -121.049841124275375, 35.893182129983593 ], [ -121.049843580377157, 35.893362134813451 ], [ -121.050508966613407, 35.893356152931979 ], [ -121.05051142427827, 35.893536157734886 ], [ -121.050733220190409, 35.893534162926983 ], [ -121.050730761995553, 35.893354158133057 ], [ -121.050952557377684, 35.893352162902943 ], [ -121.050955016084586, 35.893532167696868 ], [ -121.051620403704234, 35.893526179482272 ], [ -121.05161794343428, 35.893346174706309 ], [ -121.053392305763751, 35.893330187640728 ], [ -121.053389841352555, 35.893150182882735 ], [ -121.054942404149671, 35.893136172128742 ], [ -121.054939936127241, 35.892956167379737 ], [ -121.054274553699855, 35.892962174503872 ], [ -121.054272087240491, 35.892782169727916 ], [ -121.054715674501338, 35.892778165406689 ], [ -121.054713207017898, 35.892598160621745 ], [ -121.055378586265249, 35.892592150991312 ], [ -121.055381055302774, 35.892772155767268 ], [ -121.055824642455832, 35.892768147241924 ], [ -121.055822172376253, 35.892588142474949 ], [ -121.056043965413792, 35.892586137578967 ], [ -121.056041494831163, 35.892406132803011 ], [ -121.056485079828263, 35.89240212176238 ], [ -121.056482608221557, 35.892222116968462 ], [ -121.056704400181104, 35.892220110823814 ], [ -121.056699455961592, 35.89186010119105 ], [ -121.056921246879099, 35.891858094633186 ], [ -121.056918774266279, 35.891678089794347 ], [ -121.056031612617446, 35.89168611348358 ], [ -121.056034083146173, 35.891866118340388 ], [ -121.055368710231932, 35.891872131698833 ], [ -121.055371179224537, 35.892052136546653 ], [ -121.054927596185777, 35.892056143356214 ], [ -121.054930064145324, 35.892236148204042 ], [ -121.053821103754643, 35.892246157879725 ], [ -121.053823569136028, 35.892426162727546 ], [ -121.053601776502731, 35.892428163401448 ], [ -121.053604241381066, 35.892608168231305 ], [ -121.052938861855225, 35.892614167746707 ], [ -121.052941325188456, 35.892794172576565 ], [ -121.052054150253525, 35.892802166055461 ], [ -121.052056611520626, 35.89298217087633 ] ], [ [ -121.052056611520626, 35.89298217087633 ], [ -121.052059072796709, 35.893162175679244 ], [ -121.052280867585964, 35.893160177933844 ], [ -121.052278405788854, 35.892980173130937 ], [ -121.052056611520626, 35.89298217087633 ] ], [ [ -121.052946251881849, 35.893154182164416 ], [ -121.052943788530655, 35.892974177379472 ], [ -121.052500200048101, 35.89297817497232 ], [ -121.052502662366223, 35.893158179766246 ], [ -121.052946251881849, 35.893154182164416 ] ] ] ] } },
{ "type": "Feature", "properties": { "area_ha": 1.119858019150487, "count": 28, "min_ha": 0.2, "post_date": "2023-03-25" }, "geometry": { "type": "Polygon", "coordinates": [ [ [ -121.057133145333111, 35.891136068189951 ], [ -121.057135618422038, 35.891316073082692 ], [ -121.057579197086, 35.891312057891852 ], [ -121.057576722955034, 35.891132053008093 ], [ -121.058020300523054, 35.891128036137403 ], [ -121.058017825367997, 35.890948031244662 ], [ -121.058461401858054, 35.890944012694121 ], [ -121.058458925669939, 35.890764007792399 ], [ -121.058680713380468, 35.890761997892803 ], [ -121.058678236689289, 35.890581992973111 ], [ -121.059343598194928, 35.89057596075903 ], [ -121.059341119958646, 35.890395955830357 ], [ -121.059562906582215, 35.890393944259891 ], [ -121.059557949103549, 35.890033934357632 ], [ -121.059336163513052, 35.890035945919117 ], [ -121.059338641731358, 35.890215950883722 ], [ -121.058451497186439, 35.890223992961467 ], [ -121.058453973338629, 35.890403997926072 ], [ -121.058232186652177, 35.890406007394482 ], [ -121.058234662301302, 35.890586012341117 ], [ -121.057791087859414, 35.89059003002928 ], [ -121.057793562475482, 35.890770034966934 ], [ -121.056906411381846, 35.890778065303699 ], [ -121.056911356499683, 35.891138075152064 ], [ -121.057133145333111, 35.891136068189951 ] ], [ [ -121.057133145333111, 35.891136068189951 ], [ -121.057354934148563, 35.891134060814622 ], [ -121.05735246053861, 35.890954055903912 ], [ -121.057130672244185, 35.890956063279248 ], [ -121.057133145333111, 35.891136068189951 ] ] ] } },
{ "type": "Feature", "properties": { "area_ha": 1.6796809288151242, "count": 42, "min_ha": 0.2, "post_date": "2023-03-25" }, "geometry": { "type": "MultiPolygon", "coordinates": [ [ [ [ -121.06437929974193, 36.174410925344667 ], [ -121.064601907955677, 36.174408904521549 ], [ -121.064599408195761, 36.174228927701165 ], [ -121.064376800503041, 36.174230948524283 ], [ -121.06437929974193, 36.174410925344667 ] ] ], [ [ [ -121.064156691528197, 36.174412945754554 ], [ -121.064154192810335, 36.174232968925182 ], [ -121.063486369651329, 36.174239027594652 ], [ -121.063481375395639, 36.17387907386405 ], [ -121.063258768691071, 36.173881092567136 ], [ -121.063256272102208, 36.173701115674888 ], [ -121.063033665918667, 36.173703133946788 ], [ -121.063028673818934, 36.173343180108382 ], [ -121.062806068668451, 36.173345197949089 ], [ -121.062803573157581, 36.17316522100294 ], [ -121.062135759197318, 36.173171271973843 ], [ -121.062140747083959, 36.173531225884112 ], [ -121.062363352800375, 36.173529209310033 ], [ -121.062370836296694, 36.174069140040686 ], [ -121.062593443558228, 36.174067123026425 ], [ -121.062598433663695, 36.174427076748046 ], [ -121.062821041967268, 36.1744250593026 ], [ -121.062828528769387, 36.174964989763758 ], [ -121.063051138627046, 36.174962971878138 ], [ -121.06304864248736, 36.174782995084698 ], [ -121.063716470425391, 36.174776938912551 ], [ -121.063713972731605, 36.17459696211013 ], [ -121.063936581493323, 36.174594942544658 ], [ -121.063934083296488, 36.174414965733249 ], [ -121.064156691528197, 36.174412945754554 ] ] ], [ [ [ -121.06437929974193, 36.174410925344667 ], [ -121.064156691528197, 36.174412945754554 ], [ -121.06415919025504, 36.174592922556975 ], [ -121.0643817989898, 36.174590902147088 ], [ -121.06437929974193, 36.174410925344667 ] ] ] ] } },
{ "type": "Feature", "properties": { "area_ha": 1.5996968724220955, "count": 40, "min_ha": 0.2, "post_date": "2023-03-25" }, "geometry": { "type": "MultiPolygon", "coordinates": [ [ [ [ -121.0672506516743, 36.172764830193728 ], [ -121.066805444930665, 36.172768881487862 ], [ -121.066807949819946, 36.172948858389091 ], [ -121.067253157605634, 36.172944807085976 ], [ -121.0672506516743, 36.172764830193728 ] ] ], [ [ [ -121.0672506516743, 36.172764830193728 ], [ -121.067918461690951, 36.172758750090452 ], [ -121.06791595419655, 36.172578773189223 ], [ -121.06836115977238, 36.172574717681989 ], [ -121.068358651244921, 36.172394740780753 ], [ -121.068803855724809, 36.172390683593669 ], [ -121.068801346164278, 36.172210706683451 ], [ -121.069023947865233, 36.172208677461093 ], [ -121.069021437801652, 36.172028700532906 ], [ -121.069244038963618, 36.172026670897324 ], [ -121.069241528387991, 36.171846693960156 ], [ -121.069464129019948, 36.171844663902363 ], [ -121.069461617923309, 36.171664686956206 ], [ -121.069906818109246, 36.171660625573992 ], [ -121.069904305988516, 36.171480648627842 ], [ -121.070126905533513, 36.171478617303421 ], [ -121.070124392900752, 36.171298640339309 ], [ -121.070346991915741, 36.171296608601665 ], [ -121.070344478770934, 36.171116631628564 ], [ -121.069676683253107, 36.171122725556906 ], [ -121.069679194825852, 36.171302702547969 ], [ -121.069233996715028, 36.171306763058823 ], [ -121.069236507254715, 36.171486740040905 ], [ -121.068791308047935, 36.171490798880889 ], [ -121.068793817563545, 36.171670775853983 ], [ -121.068348617260824, 36.171674833005135 ], [ -121.068351125734395, 36.171854809978235 ], [ -121.068128525048536, 36.171856837924992 ], [ -121.068131033019043, 36.172036814880123 ], [ -121.067908431785213, 36.172038842404667 ], [ -121.067913446711131, 36.172398796279005 ], [ -121.067468242141416, 36.172402850088417 ], [ -121.067470748575801, 36.172582827007616 ], [ -121.067248145742965, 36.17258485328351 ], [ -121.0672506516743, 36.172764830193728 ] ] ] ] } },
{ "type": "Feature", "properties": { "area_ha": 0.43992057838791088, "count": 11, "min_ha": 0.2, "post_date": "2023-03-25" }, "geometry": { "type": "Polygon", "coordinates": [ [ [ -121.069356944142314, 36.132245275865394 ], [ -121.069351925066172, 36.131885314633863 ], [ -121.069129440406712, 36.131887344520976 ], [ -121.069126931403147, 36.131707363873765 ], [ -121.068904447264714, 36.131709393338674 ], [ -121.068901938800124, 36.131529412664513 ], [ -121.068234487849082, 36.131535498508015 ], [ -121.068236994750592, 36.131715479191158 ], [ -121.068681963099323, 36.131711422372383 ], [ -121.068684471051867, 36.131891403028582 ], [ -121.068461986365463, 36.13189343165805 ], [ -121.068464493805962, 36.132073412296279 ], [ -121.068909464220823, 36.132069354624107 ], [ -121.068911972721338, 36.132249335244367 ], [ -121.069356944142314, 36.132245275865394 ] ] ] } },
{ "type": "Feature", "properties": { "area_ha": 1.8396710746191776, "count": 46, "min_ha": 0.2, "post_date": "2023-03-25" }, "geometry": { "type": "MultiPolygon", "coordinates": [ [ [ [ -121.069016547139682, 36.123788198651951 ], [ -121.069014038675093, 36.123608217241177 ], [ -121.068791578018633, 36.123610246499467 ], [ -121.068794085962182, 36.123790227910249 ], [ -121.069016547139682, 36.123788198651951 ] ] ], [ [ [ -121.068804117871167, 36.124510153391661 ], [ -121.068581654591625, 36.124512182245709 ], [ -121.068584162068049, 36.124692163584626 ], [ -121.068806625868632, 36.12469013472159 ], [ -121.068804117871167, 36.124510153391661 ] ] ], [ [ [ -121.069016547139682, 36.123788198651951 ], [ -121.069024072623264, 36.124328142776484 ], [ -121.069246535354836, 36.12432611307802 ], [ -121.06924904439434, 36.124506094407948 ], [ -121.069026581132761, 36.124508124115401 ], [ -121.069029089660219, 36.124688105436341 ], [ -121.069696480963131, 36.124682015056351 ], [ -121.069693970863625, 36.124502033744385 ], [ -121.069916434089279, 36.124500002770311 ], [ -121.069918944700831, 36.12467998408227 ], [ -121.070586335860014, 36.124673888626795 ], [ -121.070573775076724, 36.123773981995114 ], [ -121.070128852865466, 36.123778046009392 ], [ -121.070126341786775, 36.123598064625561 ], [ -121.070348802380366, 36.123596032834023 ], [ -121.070346290789644, 36.123416051432223 ], [ -121.069233990345964, 36.123426206140913 ], [ -121.069239008308188, 36.123786168962468 ], [ -121.069016547139682, 36.123788198651951 ] ] ], [ [ [ -121.069918944700831, 36.12467998408227 ], [ -121.069696480963131, 36.124682015056351 ], [ -121.069698991062651, 36.124861996350347 ], [ -121.069921455330345, 36.124859965367285 ], [ -121.069918944700831, 36.12467998408227 ] ] ], [ [ [ -121.069024072623264, 36.124328142776484 ], [ -121.068801609873717, 36.124330172043763 ], [ -121.068804117871167, 36.124510153391661 ], [ -121.069026581132761, 36.124508124115401 ], [ -121.069024072623264, 36.124328142776484 ] ] ] ] } },
{ "type": "Feature", "properties": { "area_ha": 0.71987001528715444, "count": 18, "min_ha": 0.2, "post_date": "2023-03-25" }, "geometry": { "type": "MultiPolygon", "coordinates": [ [ [ [ -121.070461836045098, 36.131695178235915 ], [ -121.070459323924368, 36.131515197597693 ], [ -121.069346906034951, 36.13152535333046 ], [ -121.069349415541581, 36.131705333986652 ], [ -121.070461836045098, 36.131695178235915 ] ] ], [ [ [ -121.070461836045098, 36.131695178235915 ], [ -121.070464348174809, 36.131875158856175 ], [ -121.070686832762391, 36.131873126426832 ], [ -121.070691858099792, 36.13223308761345 ], [ -121.069579429825851, 36.132243245547087 ], [ -121.069581939907394, 36.132423226131415 ], [ -121.070471884635793, 36.132415100609158 ], [ -121.070474396810425, 36.132595081166535 ], [ -121.070919370144807, 36.132591015858686 ], [ -121.07090429099749, 36.131511132343739 ], [ -121.070681807460929, 36.131513165186313 ], [ -121.070684320102686, 36.131693145815554 ], [ -121.070461836045098, 36.131695178235915 ] ] ] ] } },
{ "type": "Feature", "properties": { "area_ha": 0.27996448408440944, "count": 7, "min_ha": 0.2, "post_date": "2023-03-25" }, "geometry": { "type": "MultiPolygon", "coordinates": [ [ [ [ -121.067781493430573, 35.891219243507535 ], [ -121.067783991438773, 35.891399248166714 ], [ -121.068005780730331, 35.891397220561316 ], [ -121.068003282201119, 35.891217215911126 ], [ -121.067781493430573, 35.891219243507535 ] ] ], [ [ [ -121.06710863773867, 35.890685309651239 ], [ -121.067106141329475, 35.890505304902234 ], [ -121.066884354580154, 35.89050733080083 ], [ -121.066886850468322, 35.890687335549835 ], [ -121.06710863773867, 35.890685309651239 ] ] ], [ [ [ -121.06710863773867, 35.890685309651239 ], [ -121.067111134156846, 35.890865314382282 ], [ -121.067332921930259, 35.8908632880525 ], [ -121.067335418878443, 35.891043292756592 ], [ -121.067557207163887, 35.891041266004599 ], [ -121.067559704642065, 35.891221270690721 ], [ -121.067781493430573, 35.891219243507535 ], [ -121.067776497441145, 35.890859234135284 ], [ -121.067554709694676, 35.8908612613005 ], [ -121.06755221223446, 35.890681256587428 ], [ -121.06710863773867, 35.890685309651239 ] ] ] ] } },
{ "type": "Feature", "properties": { "area_ha": 0.31994343385920226, "count": 8, "min_ha": 0.2, "post_date": "2023-03-25" }, "geometry": { "type": "MultiPolygon", "coordinates": [ [ [ [ -121.083134583018222, 36.115198316806591 ], [ -121.083126959124201, 36.114658371011188 ], [ -121.082904524788361, 36.114660427066227 ], [ -121.082912147119316, 36.115200372879599 ], [ -121.083134583018222, 36.115198316806591 ] ] ], [ [ [ -121.083134583018222, 36.115198316806591 ], [ -121.083137124343182, 36.11537829870246 ], [ -121.083804433513123, 36.115372127941207 ], [ -121.083799347755033, 36.115012164158458 ], [ -121.083354477062159, 36.115016278406529 ], [ -121.08335701889915, 36.115196260311379 ], [ -121.083134583018222, 36.115198316806591 ] ] ] ] } },
{ "type": "Feature", "properties": { "area_ha": 0.27994634244623701, "count": 7, "min_ha": 0.2, "post_date": "2023-03-25" }, "geometry": { "type": "Polygon", "coordinates": [ [ [ -121.086087000089634, 36.182311857272509 ], [ -121.086079348716154, 36.181771930323762 ], [ -121.085188832560419, 36.181780174154142 ], [ -121.085191380910203, 36.181960149842652 ], [ -121.085636640061551, 36.181956028758407 ], [ -121.085639189471351, 36.182136004419966 ], [ -121.08586181955009, 36.18213394324453 ], [ -121.085864369498864, 36.182313918879139 ], [ -121.086087000089634, 36.182311857272509 ] ] ] } },
{ "type": "Feature", "properties": { "area_ha": 0.55989263935268363, "count": 14, "min_ha": 0.2, "post_date": "2023-03-25" }, "geometry": { "type": "Polygon", "coordinates": [ [ [ -121.088973524899544, 36.181745091187338 ], [ -121.088970967665418, 36.181565115570699 ], [ -121.088525710975446, 36.181569249303223 ], [ -121.088528267158537, 36.181749224937832 ], [ -121.088083009363643, 36.181753356990512 ], [ -121.088085564513662, 36.18193333261614 ], [ -121.087862935081716, 36.181935398013657 ], [ -121.087865489719704, 36.182115373630303 ], [ -121.087420229759871, 36.182119503167698 ], [ -121.087422783364786, 36.182299478775356 ], [ -121.086977522326976, 36.1823036066329 ], [ -121.086980074898833, 36.182483582222595 ], [ -121.087647968009648, 36.182477389793981 ], [ -121.087645413874711, 36.182297414204285 ], [ -121.088090674849653, 36.182293283813493 ], [ -121.088088119672676, 36.182113308223798 ], [ -121.088533379560644, 36.182109176153155 ], [ -121.088530823350609, 36.181929200554478 ], [ -121.08875345274663, 36.181927133881352 ], [ -121.088750896033531, 36.181747158273694 ], [ -121.088973524899544, 36.181745091187338 ] ] ] } },
{ "type": "Feature", "properties": { "area_ha": 0.79989785040229622, "count": 20, "min_ha": 0.2, "post_date": "2023-03-25" }, "geometry": { "type": "Polygon", "coordinates": [ [ [ -121.090671603417988, 35.894248261180877 ], [ -121.09066394851412, 35.893708249538967 ], [ -121.090220357794763, 35.893712390359198 ], [ -121.090228009581466, 35.894252402028059 ], [ -121.090006212645235, 35.894254471827324 ], [ -121.090013862985657, 35.894794483334486 ], [ -121.089792064486375, 35.894796552720528 ], [ -121.089794614102772, 35.894976556526302 ], [ -121.090016413123095, 35.894974487140267 ], [ -121.0900189632695, 35.89515449091909 ], [ -121.089797163728164, 35.895156560314113 ], [ -121.089802263023856, 35.895516567826853 ], [ -121.089580462431485, 35.895518636808653 ], [ -121.089583011580771, 35.895698640533581 ], [ -121.089361210458392, 35.895700709102151 ], [ -121.089363759095633, 35.895880712818098 ], [ -121.089807362364468, 35.895876575258747 ], [ -121.089804812685173, 35.895696571551781 ], [ -121.09002661378959, 35.895694502138795 ], [ -121.090021513433882, 35.895334494679958 ], [ -121.090243313478268, 35.895332424853741 ], [ -121.090230560203977, 35.894432405887734 ], [ -121.090452357643258, 35.894430335666264 ], [ -121.090449806508701, 35.89425033181557 ], [ -121.090671603417988, 35.894248261180877 ] ] ] } },
{ "type": "Feature", "properties": { "area_ha": 0.35992621791957347, "count": 9, "min_ha": 0.2, "post_date": "2023-03-25" }, "geometry": { "type": "Polygon", "coordinates": [ [ [ -121.095170446310917, 36.24144632589153 ], [ -121.095167872520847, 36.241266355736641 ], [ -121.094945070801003, 36.241268434519057 ], [ -121.094942497549923, 36.241088464346205 ], [ -121.094496895107383, 36.241092620635428 ], [ -121.094499467307429, 36.241272590817267 ], [ -121.094276665542679, 36.241274668324074 ], [ -121.094281808936671, 36.241634608651815 ], [ -121.094950217330123, 36.241628374810865 ], [ -121.094947644061065, 36.241448404673946 ], [ -121.095170446310917, 36.24144632589153 ] ] ] } },
{ "type": "Feature", "properties": { "area_ha": 0.27995038529241129, "count": 7, "min_ha": 0.2, "post_date": "2023-03-25" }, "geometry": { "type": "Polygon", "coordinates": [ [ [ -121.094292307340794, 36.117614716595014 ], [ -121.094274334612152, 36.116354846135664 ], [ -121.09405189566796, 36.116356923355013 ], [ -121.094069864740447, 36.117616793841307 ], [ -121.094292307340794, 36.117614716595014 ] ] ] } },
{ "type": "Feature", "properties": { "area_ha": 0.75991804962828768, "count": 19, "min_ha": 0.2, "post_date": "2023-03-25" }, "geometry": { "type": "MultiPolygon", "coordinates": [ [ [ [ -121.106247032479359, 35.804985555960158 ], [ -121.106025492991321, 35.804987656275195 ], [ -121.106028077570159, 35.805167669423454 ], [ -121.106249617570242, 35.805165569099437 ], [ -121.106247032479359, 35.804985555960158 ] ] ], [ [ [ -121.106033246763758, 35.805527695666065 ], [ -121.105368623565496, 35.805533994140795 ], [ -121.105371206635169, 35.805714007244141 ], [ -121.106035831378534, 35.805707708751441 ], [ -121.106033246763758, 35.805527695666065 ] ] ], [ [ [ -121.107133190305788, 35.804977150477946 ], [ -121.107138364646744, 35.805337176711575 ], [ -121.106030662157977, 35.805347682553744 ], [ -121.106033246763758, 35.805527695666065 ], [ -121.107362492818922, 35.805515087361897 ], [ -121.107365080532887, 35.805695100420323 ], [ -121.107586622024172, 35.805692997563057 ], [ -121.107578857346184, 35.805152958324896 ], [ -121.107357317408983, 35.805155061173181 ], [ -121.107354729730957, 35.804975048051872 ], [ -121.107133190305788, 35.804977150477946 ] ] ], [ [ [ -121.106247032479359, 35.804985555960158 ], [ -121.107133190305788, 35.804977150477946 ], [ -121.107130603148789, 35.804797137329693 ], [ -121.106244447397472, 35.804805542793936 ], [ -121.106247032479359, 35.804985555960158 ] ] ] ] } },
{ "type": "Feature", "properties": { "area_ha": 0.23997472889866089, "count": 6, "min_ha": 0.2, "post_date": "2023-03-25" }, "geometry": { "type": "MultiPolygon", "coordinates": [ [ [ [ -121.105862688940817, 35.793646787609667 ], [ -121.106084195820031, 35.793644687582095 ], [ -121.106081611501708, 35.793464673158233 ], [ -121.105860105134539, 35.793466773176817 ], [ -121.105862688940817, 35.793646787609667 ] ] ], [ [ [ -121.105424840710896, 35.794011015209982 ], [ -121.105203332762699, 35.794013113979915 ], [ -121.105211079663036, 35.794553157062857 ], [ -121.105432589165318, 35.794551058283943 ], [ -121.105424840710896, 35.794011015209982 ] ] ], [ [ [ -121.105862688940817, 35.793646787609667 ], [ -121.105641182043655, 35.793648887206047 ], [ -121.105643765346883, 35.793828901620927 ], [ -121.105865272756091, 35.793826802015566 ], [ -121.105862688940817, 35.793646787609667 ] ] ], [ [ [ -121.105643765346883, 35.793828901620927 ], [ -121.105422257919713, 35.793831000813064 ], [ -121.105424840710896, 35.794011015209982 ], [ -121.105646348659093, 35.794008916017845 ], [ -121.105643765346883, 35.793828901620927 ] ] ] ] } },
{ "type": "Feature", "properties": { "area_ha": 0.31996620637290279, "count": 8, "min_ha": 0.2, "post_date": "2023-03-25" }, "geometry": { "type": "MultiPolygon", "coordinates": [ [ [ [ -121.106336721714641, 35.795802758601717 ], [ -121.106341891716724, 35.796162786901469 ], [ -121.106563405818378, 35.796160685966598 ], [ -121.106558234783236, 35.795800657675827 ], [ -121.106336721714641, 35.795802758601717 ] ] ], [ [ [ -121.105661848774915, 35.795089001950174 ], [ -121.10565668202473, 35.794728973389908 ], [ -121.105435172010402, 35.794731072600008 ], [ -121.105440337736511, 35.795091101169263 ], [ -121.105661848774915, 35.795089001950174 ] ] ], [ [ [ -121.106110039712945, 35.795444830715809 ], [ -121.106115208628069, 35.795804859105395 ], [ -121.106336721714641, 35.795802758601717 ], [ -121.106331551757464, 35.795442730221112 ], [ -121.106110039712945, 35.795444830715809 ] ] ], [ [ [ -121.105885943727401, 35.795266916562063 ], [ -121.105888527650464, 35.795446930788295 ], [ -121.106110039712945, 35.795444830715809 ], [ -121.106107455268855, 35.795264816489571 ], [ -121.105885943727401, 35.795266916562063 ] ] ], [ [ [ -121.105661848774915, 35.795089001950174 ], [ -121.105664432176951, 35.795269016203356 ], [ -121.105885943727401, 35.795266916562063 ], [ -121.105883359813319, 35.795086902308874 ], [ -121.105661848774915, 35.795089001950174 ] ] ] ] } },
{ "type": "Feature", "properties": { "area_ha": 0.35996169791717897, "count": 9, "min_ha": 0.2, "post_date": "2023-03-25" }, "geometry": { "type": "MultiPolygon", "coordinates": [ [ [ [ -121.107933909931475, 35.799028294520369 ], [ -121.10792614349279, 35.798488253108289 ], [ -121.107704622734616, 35.798490356621329 ], [ -121.107707211014514, 35.798670370452299 ], [ -121.107264168429168, 35.798674576229715 ], [ -121.107266755693971, 35.798854590051711 ], [ -121.107709799312374, 35.798850384265315 ], [ -121.107712387619216, 35.799030398051372 ], [ -121.107933909931475, 35.799028294520369 ] ] ], [ [ [ -121.107933909931475, 35.799028294520369 ], [ -121.10793908761417, 35.799388322038588 ], [ -121.108160610950506, 35.7993862180764 ], [ -121.108163200326345, 35.799566231799574 ], [ -121.108384724165731, 35.799564127415174 ], [ -121.108379544389976, 35.799204099959837 ], [ -121.108158021583648, 35.799206204335256 ], [ -121.108155432225772, 35.799026190576143 ], [ -121.107933909931475, 35.799028294520369 ] ] ] ] } },
{ "type": "Feature", "properties": { "area_ha": 0.35992509111072779, "count": 9, "min_ha": 0.2, "post_date": "2023-03-25" }, "geometry": { "type": "MultiPolygon", "coordinates": [ [ [ [ -121.115427067150009, 36.255295092805696 ], [ -121.115204225149711, 36.255297210036005 ], [ -121.115209467870415, 36.2556571469771 ], [ -121.11543231090377, 36.25565502973781 ], [ -121.115427067150009, 36.255295092805696 ] ] ], [ [ [ -121.115427067150009, 36.255295092805696 ], [ -121.115649909123348, 36.255292975162163 ], [ -121.115657776353004, 36.255832880524395 ], [ -121.115880619898405, 36.255830762440681 ], [ -121.11587799695252, 36.255650794001582 ], [ -121.116100839949951, 36.255648675504645 ], [ -121.116095593052066, 36.255288738599482 ], [ -121.115872751096688, 36.255290857087438 ], [ -121.115870128186742, 36.2551108886124 ], [ -121.115424445282102, 36.255115124312695 ], [ -121.115427067150009, 36.255295092805696 ] ] ] ] } },
{ "type": "Feature", "properties": { "area_ha": 1.3198561342816064, "count": 31, "min_ha": 0.2, "post_date": "2023-03-25" }, "geometry": { "type": "MultiPolygon", "coordinates": [ [ [ [ -121.111422949983961, 35.810517527438037 ], [ -121.111417755269215, 35.810157502533912 ], [ -121.111196201048799, 35.810159612667533 ], [ -121.111201394730486, 35.810519637571659 ], [ -121.111422949983961, 35.810517527438037 ] ] ], [ [ [ -121.111644505228455, 35.81051541687323 ], [ -121.111422949983961, 35.810517527438037 ], [ -121.111428144743627, 35.810877552252329 ], [ -121.111649701021179, 35.810875441687521 ], [ -121.111654896876786, 35.81123546642096 ], [ -121.111876454178429, 35.811233355415979 ], [ -121.111879052636226, 35.811413367755748 ], [ -121.112100610440933, 35.811411256328554 ], [ -121.11210320943772, 35.811591268632398 ], [ -121.112546326044253, 35.811587044511384 ], [ -121.112538526008564, 35.811047007563936 ], [ -121.112316969254906, 35.811049119817575 ], [ -121.112311770327054, 35.810689095075148 ], [ -121.112090214606454, 35.810691206897602 ], [ -121.112085016756595, 35.81033118206534 ], [ -121.111863462060072, 35.81033329346559 ], [ -121.111860863665143, 35.810153281009036 ], [ -121.112082417849621, 35.810151169617775 ], [ -121.112079818960623, 35.809971157152233 ], [ -121.111858265297158, 35.809973268543494 ], [ -121.111850470238153, 35.809433231012136 ], [ -121.11162891811081, 35.809435341963223 ], [ -121.111631515939791, 35.809615354500629 ], [ -121.111409963282441, 35.809617465029504 ], [ -121.111412560599391, 35.80979747754894 ], [ -121.111191007412046, 35.809799587673574 ], [ -121.111193604225932, 35.809979600175048 ], [ -121.111636711615731, 35.809975379503562 ], [ -121.111644505228455, 35.81051541687323 ] ], [ [ -121.111644505228455, 35.81051541687323 ], [ -121.111647103120333, 35.810695429293844 ], [ -121.111868658867891, 35.810693318306832 ], [ -121.111866060454986, 35.810513305895192 ], [ -121.111644505228455, 35.81051541687323 ] ] ] ] } },
{ "type": "Feature", "properties": { "area_ha": 0.75991889190516282, "count": 19, "min_ha": 0.2, "post_date": "2023-03-25" }, "geometry": { "type": "Polygon", "coordinates": [ [ [ -121.113281657632783, 35.801137846166057 ], [ -121.113276454869137, 35.800777819276654 ], [ -121.112833400461966, 35.80078204620041 ], [ -121.112830800135654, 35.800602032710792 ], [ -121.112609273430635, 35.80060414553936 ], [ -121.112606673625365, 35.800424132031779 ], [ -121.112163621221427, 35.800428356413299 ], [ -121.112161022467177, 35.800248342869786 ], [ -121.111717971051391, 35.800252565562474 ], [ -121.111715373348176, 35.80007255199201 ], [ -121.111493848134359, 35.800074662700553 ], [ -121.111491250961137, 35.799894649112119 ], [ -121.110826676810888, 35.799900978695511 ], [ -121.110829272430024, 35.800080992301908 ], [ -121.111050797679781, 35.800078882851011 ], [ -121.111053393837892, 35.800258896439438 ], [ -121.111496445325542, 35.800254676271017 ], [ -121.111499042525708, 35.800434689823511 ], [ -121.111942095001496, 35.800430467966258 ], [ -121.111944693252696, 35.800610481491809 ], [ -121.112166219993654, 35.800608369929869 ], [ -121.112168818774848, 35.800788383428468 ], [ -121.112611873244902, 35.800784159028979 ], [ -121.112614473068149, 35.800964172491646 ], [ -121.113057528535336, 35.800959946403324 ], [ -121.113060129409604, 35.801139959848022 ], [ -121.113281657632783, 35.801137846166057 ] ] ] } },
{ "type": "Feature", "properties": { "area_ha": 0.23995523563134147, "count": 6, "min_ha": 0.2, "post_date": "2023-03-25" }, "geometry": { "type": "Polygon", "coordinates": [ [ [ -121.11981537018228, 36.159134507460593 ], [ -121.119810112441741, 36.158774553433545 ], [ -121.119587551120063, 36.158776679081072 ], [ -121.119584922793265, 36.158596702027126 ], [ -121.119362361983619, 36.15859882725244 ], [ -121.119359734195825, 36.158418850180524 ], [ -121.119137173889229, 36.158420974974646 ], [ -121.119142428449749, 36.158780929100509 ], [ -121.119364989789389, 36.158778804297405 ], [ -121.119367617604141, 36.158958781333389 ], [ -121.119590179464808, 36.158956656108067 ], [ -121.119592807818549, 36.1591366331171 ], [ -121.11981537018228, 36.159134507460593 ] ] ] } },
{ "type": "Feature", "properties": { "area_ha": 0.31996422961713072, "count": 8, "min_ha": 0.2, "post_date": "2023-03-25" }, "geometry": { "type": "MultiPolygon", "coordinates": [ [ [ [ -121.116266041648842, 35.823613964716102 ], [ -121.116044448854765, 35.823616084030505 ], [ -121.116047057472528, 35.823796094915004 ], [ -121.116268650787617, 35.82379397559162 ], [ -121.116266041648842, 35.823613964716102 ] ] ], [ [ [ -121.116266041648842, 35.823613964716102 ], [ -121.116487634433938, 35.823611844979489 ], [ -121.116482415159254, 35.823251823174552 ], [ -121.116704006893329, 35.823249703024722 ], [ -121.116701396757421, 35.823069692095302 ], [ -121.116922987961473, 35.823067571532242 ], [ -121.116920377322515, 35.822887560593841 ], [ -121.116477195929491, 35.82289180129775 ], [ -121.116479805535391, 35.823071812245139 ], [ -121.116258214304381, 35.823073931963776 ], [ -121.116260823407231, 35.823253942902177 ], [ -121.116039231646212, 35.823256062207598 ], [ -121.116041840245998, 35.823436073128036 ], [ -121.116263432519048, 35.823433953822615 ], [ -121.116266041648842, 35.823613964716102 ] ] ] ] } },
{ "type": "Feature", "properties": { "area_ha": 0.8398351932642425, "count": 21, "min_ha": 0.2, "post_date": "2023-03-25" }, "geometry": { "type": "Polygon", "coordinates": [ [ [ -121.126456577483282, 36.202090955688341 ], [ -121.126453931531543, 36.20191098273969 ], [ -121.126008558662463, 36.20191525873841 ], [ -121.126005913779721, 36.201735285762815 ], [ -121.125783227843741, 36.201737423124371 ], [ -121.125780583491007, 36.201557450130807 ], [ -121.125112527192229, 36.201563859664255 ], [ -121.125115169981896, 36.201743832675788 ], [ -121.124892484001009, 36.201745968348511 ], [ -121.124900410860846, 36.202285887293264 ], [ -121.126236535971913, 36.202273066842956 ], [ -121.126233890532205, 36.202093093903294 ], [ -121.126456577483282, 36.202090955688341 ] ] ] } },
{ "type": "Feature", "properties": { "area_ha": 1.9197934723010992, "count": 48, "min_ha": 0.2, "post_date": "2023-03-25" }, "geometry": { "type": "MultiPolygon", "coordinates": [ [ [ [ -121.121559436397604, 35.806639745434872 ], [ -121.121562057331261, 35.806819758053116 ], [ -121.121783601661235, 35.806817628237411 ], [ -121.121780980206552, 35.806637615628148 ], [ -121.121559436397604, 35.806639745434872 ] ] ], [ [ [ -121.116625453300074, 35.802546196670384 ], [ -121.116622844044514, 35.80236618346823 ], [ -121.116401312371821, 35.802368303492301 ], [ -121.11639870365525, 35.802188290263196 ], [ -121.115955641315949, 35.802192529035729 ], [ -121.115953033641432, 35.802012515779673 ], [ -121.115509972281302, 35.802016752863373 ], [ -121.115507365657805, 35.801836739571385 ], [ -121.115064305285827, 35.801840974966254 ], [ -121.115066910876251, 35.802020988258242 ], [ -121.115288441587765, 35.802018870767419 ], [ -121.115291047708197, 35.802198884041438 ], [ -121.115734110119362, 35.802194647793172 ], [ -121.115736717290815, 35.802374661031259 ], [ -121.116179780690132, 35.80237042309416 ], [ -121.11618238891262, 35.802550436305296 ], [ -121.116625453300074, 35.802546196670384 ] ] ], [ [ [ -121.119990308558855, 35.80539455319574 ], [ -121.119992925782469, 35.805574565984664 ], [ -121.120214466573074, 35.805572439151369 ], [ -121.120217084326697, 35.805752451922331 ], [ -121.120438625620352, 35.805750324657836 ], [ -121.120441243903983, 35.805930337401854 ], [ -121.120662785709683, 35.805928209715155 ], [ -121.120668023345928, 35.806288235131319 ], [ -121.120889566166724, 35.806286107013428 ], [ -121.120892185519338, 35.806466119685574 ], [ -121.12111372885218, 35.806463991145478 ], [ -121.121116348734802, 35.806644003790673 ], [ -121.121559436397604, 35.806639745434872 ], [ -121.121556815481924, 35.80645973279865 ], [ -121.12133527217604, 35.80646186218317 ], [ -121.121332651781373, 35.806281849511016 ], [ -121.121111108978539, 35.806283978473324 ], [ -121.121105869276164, 35.80592395307513 ], [ -121.120884327497407, 35.805926081606245 ], [ -121.120881708180718, 35.805746068871215 ], [ -121.120660166905026, 35.805748196971138 ], [ -121.120657548118345, 35.805568184209157 ], [ -121.120436007354698, 35.805570311895856 ], [ -121.12043338908903, 35.805390299106925 ], [ -121.119990308558855, 35.80539455319574 ] ] ], [ [ [ -121.119539379483967, 35.804858767067223 ], [ -121.119544611793202, 35.805218792779833 ], [ -121.119766151577693, 35.805216666790947 ], [ -121.1197687682713, 35.805396679606829 ], [ -121.119990308558855, 35.80539455319574 ], [ -121.119985074147564, 35.805034527546013 ], [ -121.119763534893067, 35.805036653948122 ], [ -121.119760918226419, 35.804856641096308 ], [ -121.119539379483967, 35.804858767067223 ] ] ], [ [ [ -121.119312609492297, 35.804500866831461 ], [ -121.119317840723554, 35.804860892624916 ], [ -121.119539379483967, 35.804858767067223 ], [ -121.119534147219653, 35.80449874128275 ], [ -121.119312609492297, 35.804500866831461 ] ] ], [ [ [ -121.119083226552988, 35.80396295310608 ], [ -121.119085841611664, 35.804142966074672 ], [ -121.118864304899418, 35.804145090769985 ], [ -121.118866919446049, 35.804325103729596 ], [ -121.119088456679322, 35.804322979025301 ], [ -121.11909107175596, 35.80450299195796 ], [ -121.119312609492297, 35.804500866831461 ], [ -121.11930476273524, 35.803960827988561 ], [ -121.119083226552988, 35.80396295310608 ] ] ], [ [ [ -121.118637540144917, 35.803787189060984 ], [ -121.118640154152573, 35.803967202065508 ], [ -121.119083226552988, 35.80396295310608 ], [ -121.119080611512288, 35.803782940110537 ], [ -121.118637540144917, 35.803787189060984 ] ] ], [ [ [ -121.118191855776033, 35.803611423309086 ], [ -121.118194468732639, 35.80379143634056 ], [ -121.118637540144917, 35.803787189060984 ], [ -121.118634926155238, 35.803607176047471 ], [ -121.118191855776033, 35.803611423309086 ] ] ], [ [ [ -121.117746173437325, 35.803435655823442 ], [ -121.117748785351893, 35.803615668881868 ], [ -121.118191855776033, 35.803611423309086 ], [ -121.118189242828393, 35.803431410259648 ], [ -121.117746173437325, 35.803435655823442 ] ] ], [ [ [ -121.117073738246802, 35.802901981679078 ], [ -121.117078958904898, 35.803262007930677 ], [ -121.117300493128809, 35.803259886622016 ], [ -121.117303103992356, 35.803439899716373 ], [ -121.117746173437325, 35.803435655823442 ], [ -121.117743561531739, 35.803255642747054 ], [ -121.117522027334772, 35.803257764891143 ], [ -121.117519415968161, 35.803077751787804 ], [ -121.117297882274258, 35.803079873509695 ], [ -121.117295271428674, 35.802899860388386 ], [ -121.117073738246802, 35.802901981679078 ] ] ], [ [ [ -121.116849595252418, 35.802724089399312 ], [ -121.116852205046968, 35.802904102556553 ], [ -121.117073738246802, 35.802901981679078 ], [ -121.11707112793124, 35.802721968530825 ], [ -121.116849595252418, 35.802724089399312 ] ] ], [ [ [ -121.116625453300074, 35.802546196670384 ], [ -121.116628062564615, 35.802726209854569 ], [ -121.116849595252418, 35.802724089399312 ], [ -121.116846985475831, 35.802544076224102 ], [ -121.116625453300074, 35.802546196670384 ] ] ] ] } },
{ "type": "Feature", "properties": { "area_ha": 0.39995645237564231, "count": 10, "min_ha": 0.2, "post_date": "2023-03-25" }, "geometry": { "type": "MultiPolygon", "coordinates": [ [ [ [ -121.123157486700677, 35.809865051465657 ], [ -121.122935933639084, 35.809867183886482 ], [ -121.122949055060957, 35.810767244857708 ], [ -121.123170610700711, 35.81076511241892 ], [ -121.123165361062973, 35.810405088089716 ], [ -121.123386915660674, 35.810402955237706 ], [ -121.123381665034799, 35.810042930845619 ], [ -121.123160111470142, 35.810045063697636 ], [ -121.123157486700677, 35.809865051465657 ] ] ], [ [ [ -121.123157486700677, 35.809865051465657 ], [ -121.123379039735326, 35.809862918622628 ], [ -121.123371163926748, 35.809322881827889 ], [ -121.123149612437217, 35.809325014652956 ], [ -121.123157486700677, 35.809865051465657 ] ] ] ] } },
{ "type": "Feature", "properties": { "area_ha": 0.51994362464178434, "count": 13, "min_ha": 0.2, "post_date": "2023-03-25" }, "geometry": { "type": "MultiPolygon", "coordinates": [ [ [ [ -121.122917564169512, 35.808607097687734 ], [ -121.122925436726177, 35.809147134742986 ], [ -121.123146987712659, 35.809145002349112 ], [ -121.123139113601908, 35.808604965302848 ], [ -121.122917564169512, 35.808607097687734 ] ] ], [ [ [ -121.122010389951583, 35.807175523164133 ], [ -121.122007767957925, 35.806995510599783 ], [ -121.1217862231249, 35.806997640837693 ], [ -121.121788844597546, 35.807177653411031 ], [ -121.122010389951583, 35.807175523164133 ] ] ], [ [ [ -121.122688143833344, 35.808069192397532 ], [ -121.122696014728135, 35.808609229650415 ], [ -121.122917564169512, 35.808607097687734 ], [ -121.122909691729618, 35.80806706044384 ], [ -121.122688143833344, 35.808069192397532 ] ] ], [ [ [ -121.122234557811339, 35.807353405050392 ], [ -121.12223980288563, 35.807713430080284 ], [ -121.122461349766823, 35.807711298979982 ], [ -121.122466595937055, 35.808071323929028 ], [ -121.122688143833344, 35.808069192397532 ], [ -121.122680273055337, 35.807529154964989 ], [ -121.122458726704153, 35.807531286478515 ], [ -121.122456103650478, 35.807351273959078 ], [ -121.122234557811339, 35.807353405050392 ] ] ], [ [ [ -121.122010389951583, 35.807175523164133 ], [ -121.122013011954238, 35.807355535719502 ], [ -121.122234557811339, 35.807353405050392 ], [ -121.122231935287672, 35.807173392504012 ], [ -121.122010389951583, 35.807175523164133 ] ] ] ] } },
{ "type": "Feature", "properties": { "area_ha": 0.7599169506599438, "count": 19, "min_ha": 0.2, "post_date": "2023-03-25" }, "geometry": { "type": "Polygon", "coordinates": [ [ [ -121.124302036016275, 35.8123745521291 ], [ -121.124299408488994, 35.812194540184592 ], [ -121.123413169517747, 35.812203076003371 ], [ -121.123410544074545, 35.812023064013935 ], [ -121.123188984823557, 35.812025196910866 ], [ -121.123186359910363, 35.811845184903468 ], [ -121.122964801162439, 35.811847317369207 ], [ -121.122956928057803, 35.811307281203291 ], [ -121.122735370845987, 35.811309413237836 ], [ -121.122727499403226, 35.810769376883272 ], [ -121.122505943736527, 35.810771508486624 ], [ -121.12252168362167, 35.811851581052025 ], [ -121.122743242396552, 35.811849449421722 ], [ -121.12274849016579, 35.812209473445499 ], [ -121.123191609745732, 35.812205208900295 ], [ -121.123194234685883, 35.812385220871761 ], [ -121.124302036016275, 35.8123745521291 ] ] ] } },
{ "type": "Feature", "properties": { "area_ha": 1.1598363850780775, "count": 29, "min_ha": 0.2, "post_date": "2023-03-25" }, "geometry": { "type": "Polygon", "coordinates": [ [ [ -121.128376711688688, 35.95437866335304 ], [ -121.128374069770388, 35.954198666599034 ], [ -121.12748619438311, 35.954207232637145 ], [ -121.127480914741639, 35.953847239030324 ], [ -121.127036979060222, 35.953851519493668 ], [ -121.127052811894046, 35.954931500161415 ], [ -121.126830840909236, 35.954933639786724 ], [ -121.126836117577284, 35.955293633204896 ], [ -121.127058089604148, 35.955291493561624 ], [ -121.127066006259113, 35.955831483527184 ], [ -121.127731926921086, 35.955825062037157 ], [ -121.127729286458063, 35.955645065408916 ], [ -121.127507313443061, 35.955647206327804 ], [ -121.12750203360396, 35.955287213017428 ], [ -121.127280061604054, 35.955289353496134 ], [ -121.127272143502793, 35.954749363377857 ], [ -121.127716084358497, 35.954745082016196 ], [ -121.127713443976319, 35.954565085280166 ], [ -121.127935413865188, 35.954562943975006 ], [ -121.127932772979946, 35.954382947220999 ], [ -121.128376711688688, 35.95437866335304 ] ] ] } },
{ "type": "Feature", "properties": { "area_ha": 0.23996855554921731, "count": 6, "min_ha": 0.2, "post_date": "2023-03-25" }, "geometry": { "type": "Polygon", "coordinates": [ [ [ -121.130391915966044, 35.910253175067055 ], [ -121.130376045447889, 35.909173167027646 ], [ -121.130154206596274, 35.909175313030993 ], [ -121.130170073997277, 35.91025532109736 ], [ -121.130391915966044, 35.910253175067055 ] ] ] } },
{ "type": "Feature", "properties": { "area_ha": 0.99989090851672224, "count": 25, "min_ha": 0.2, "post_date": "2023-03-25" }, "geometry": { "type": "MultiPolygon", "coordinates": [ [ [ [ -121.128946883089469, 35.811789592958554 ], [ -121.128949521459418, 35.811969604849175 ], [ -121.129614198233213, 35.811963172085285 ], [ -121.129611558309165, 35.811783160212642 ], [ -121.128946883089469, 35.811789592958554 ] ] ], [ [ [ -121.128501128894527, 35.811613867442205 ], [ -121.12849849158458, 35.811433855506671 ], [ -121.126504474369639, 35.811453123390351 ], [ -121.126501841730942, 35.811273111391941 ], [ -121.126058727693604, 35.811277388513552 ], [ -121.126061359290262, 35.811457400520951 ], [ -121.125839801737087, 35.811459538448446 ], [ -121.125842432839676, 35.811639550446856 ], [ -121.126063990913863, 35.811637412510379 ], [ -121.126066622537479, 35.811817424481845 ], [ -121.127395973821294, 35.811804587996605 ], [ -121.127393339089508, 35.811624576061078 ], [ -121.128501128894527, 35.811613867442205 ] ] ], [ [ [ -121.128501128894527, 35.811613867442205 ], [ -121.128503766213456, 35.811793879359769 ], [ -121.128946883089469, 35.811789592958554 ], [ -121.128944244728501, 35.81160958105896 ], [ -121.128501128894527, 35.811613867442205 ] ] ] ] } },
{ "type": "Feature", "properties": { "area_ha": 1.2798334301381273, "count": 32, "min_ha": 0.2, "post_date": "2023-03-25" }, "geometry": { "type": "MultiPolygon", "coordinates": [ [ [ [ -121.130325791750536, 35.90575313707344 ], [ -121.130331081408215, 35.906113140552748 ], [ -121.130552911420409, 35.906110994208035 ], [ -121.130555556788238, 35.906290995911753 ], [ -121.130777387312477, 35.906288849153825 ], [ -121.130780033210314, 35.906468850830592 ], [ -121.130558202165062, 35.906470997597509 ], [ -121.130571429228794, 35.907371005747798 ], [ -121.130793262870185, 35.90736885895393 ], [ -121.130790616909465, 35.907188857366997 ], [ -121.131012450020847, 35.907186710159905 ], [ -121.130996571426834, 35.906106700269959 ], [ -121.130774741432603, 35.906108847450099 ], [ -121.13077209556171, 35.905928845728418 ], [ -121.130550266070543, 35.905930992486347 ], [ -121.130547620729658, 35.905750990746697 ], [ -121.130325791750536, 35.90575313707344 ] ] ], [ [ [ -121.12875450057993, 35.904508136579707 ], [ -121.128751859488077, 35.904328134642419 ], [ -121.128086384668947, 35.904334562142182 ], [ -121.128089024206716, 35.904514564088444 ], [ -121.12875450057993, 35.904508136579707 ] ] ], [ [ [ -121.130101318472569, 35.90557528121137 ], [ -121.130103962762419, 35.905755282977971 ], [ -121.130325791750536, 35.90575313707344 ], [ -121.130323146948641, 35.905573135306838 ], [ -121.130101318472569, 35.90557528121137 ] ] ], [ [ [ -121.12987684622766, 35.905397424891163 ], [ -121.129879489987502, 35.905577426693696 ], [ -121.130101318472569, 35.90557528121137 ], [ -121.1300986741917, 35.905395279417817 ], [ -121.12987684622766, 35.905397424891163 ] ] ], [ [ [ -121.129652375024804, 35.905219568130782 ], [ -121.129655018245657, 35.905399569951278 ], [ -121.12987684622766, 35.905397424891163 ], [ -121.12987420248578, 35.905217423079648 ], [ -121.129652375024804, 35.905219568130782 ] ] ], [ [ [ -121.129203435727248, 35.904863853253559 ], [ -121.129200793575393, 35.904683851370173 ], [ -121.128978967632563, 35.904685995136717 ], [ -121.128976326010715, 35.904505993235368 ], [ -121.12875450057993, 35.904508136579707 ], [ -121.128757141680751, 35.904688138490037 ], [ -121.128535315710977, 35.904690281421146 ], [ -121.128540596915528, 35.905050285205881 ], [ -121.12876242391836, 35.905048142265784 ], [ -121.12876506505512, 35.905228144122219 ], [ -121.129652375024804, 35.905219568130782 ], [ -121.129649731812918, 35.905039566292309 ], [ -121.129427904855007, 35.905041710921239 ], [ -121.129425262173129, 35.904861709055822 ], [ -121.129203435727248, 35.904863853253559 ] ], [ [ -121.129203435727248, 35.904863853253559 ], [ -121.128981609263406, 35.904865997029084 ], [ -121.128984250912211, 35.905045998903482 ], [ -121.129206077888099, 35.905043855118976 ], [ -121.129203435727248, 35.904863853253559 ] ] ] ] } },
{ "type": "Feature", "properties": { "area_ha": 0.67992545394602311, "count": 17, "min_ha": 0.2, "post_date": "2023-03-25" }, "geometry": { "type": "MultiPolygon", "coordinates": [ [ [ [ -121.135636094158386, 35.814605280577737 ], [ -121.135638748257833, 35.814785292001226 ], [ -121.135860315108573, 35.814783135469625 ], [ -121.135857660488085, 35.81460312404613 ], [ -121.135636094158386, 35.814605280577737 ] ] ], [ [ [ -121.133837064172056, 35.812822401913941 ], [ -121.13383441434857, 35.812642390229939 ], [ -121.133391292846241, 35.812646695181357 ], [ -121.133388644064809, 35.812466683470404 ], [ -121.133167083816687, 35.812468835312806 ], [ -121.133172380337513, 35.812828858725723 ], [ -121.133837064172056, 35.812822401913941 ] ] ], [ [ [ -121.135406567147271, 35.814067402272926 ], [ -121.135414527819691, 35.814607436678152 ], [ -121.135636094158386, 35.814605280577737 ], [ -121.135628131931881, 35.814065246172518 ], [ -121.135406567147271, 35.814067402272926 ] ] ], [ [ [ -121.135182349323216, 35.813889546428825 ], [ -121.135185002344699, 35.814069557942148 ], [ -121.135406567147271, 35.814067402272926 ], [ -121.135403913613757, 35.813887390759604 ], [ -121.135182349323216, 35.813889546428825 ] ] ], [ [ [ -121.134958132550196, 35.81371169013557 ], [ -121.134960785032689, 35.813891701675843 ], [ -121.135182349323216, 35.813889546428825 ], [ -121.135179696328692, 35.813709534888552 ], [ -121.134958132550196, 35.81371169013557 ] ] ], [ [ [ -121.134733916801252, 35.81353383338417 ], [ -121.134736568753738, 35.813713844951387 ], [ -121.134958132550196, 35.81371169013557 ], [ -121.134955480076698, 35.813531678568346 ], [ -121.134733916801252, 35.81353383338417 ] ] ], [ [ [ -121.134061275779757, 35.813000260452988 ], [ -121.134066576513675, 35.813360283713195 ], [ -121.134288139313, 35.813358130163998 ], [ -121.13429079021445, 35.813538141758173 ], [ -121.134733916801252, 35.81353383338417 ], [ -121.134731264857763, 35.813353821798977 ], [ -121.134509702094363, 35.813355976192597 ], [ -121.134507050680867, 35.813175964580459 ], [ -121.13428548841155, 35.813178118551861 ], [ -121.134282837528062, 35.812998106912772 ], [ -121.134061275779757, 35.813000260452988 ] ] ], [ [ [ -121.133837064172056, 35.812822401913941 ], [ -121.133839714004509, 35.813002413570992 ], [ -121.134061275779757, 35.813000260452988 ], [ -121.134058625426277, 35.812820248795937 ], [ -121.133837064172056, 35.812822401913941 ] ] ] ] } },
{ "type": "Feature", "properties": { "area_ha": 1.2398623343135224, "count": 31, "min_ha": 0.2, "post_date": "2023-03-25" }, "geometry": { "type": "MultiPolygon", "coordinates": [ [ [ [ -121.136164197310677, 35.820361322600874 ], [ -121.136161541791878, 35.820181311797221 ], [ -121.135939959418266, 35.820183468894761 ], [ -121.135937304429476, 35.820003458073138 ], [ -121.135715722567895, 35.820005614739493 ], [ -121.135710413659311, 35.819645593015402 ], [ -121.135488832821821, 35.819647749259545 ], [ -121.135480871107347, 35.819107716516207 ], [ -121.135702450390767, 35.819105560290033 ], [ -121.135694487230012, 35.818565527376016 ], [ -121.135916064950351, 35.818563370736612 ], [ -121.135910755206339, 35.818203348707101 ], [ -121.13568917852804, 35.818205505337517 ], [ -121.135686524186042, 35.818025494282338 ], [ -121.135464948010792, 35.818027650481561 ], [ -121.135472909500677, 35.818567683584227 ], [ -121.135251331753395, 35.818569839379208 ], [ -121.135269905383083, 35.819829915965983 ], [ -121.135491486750595, 35.819827760135063 ], [ -121.135496794644069, 35.820187781832203 ], [ -121.135718377035658, 35.820185625579079 ], [ -121.135721031521399, 35.820365636391713 ], [ -121.136164197310677, 35.820361322600874 ] ] ], [ [ [ -121.136164197310677, 35.820361322600874 ], [ -121.136169508384199, 35.820721344154279 ], [ -121.136391092293934, 35.820719186616564 ], [ -121.136409685084701, 35.821979261370771 ], [ -121.136631272605669, 35.821977103383894 ], [ -121.136610019615887, 35.820537017906886 ], [ -121.136388436236146, 35.820539175857824 ], [ -121.136385780178372, 35.820359165081122 ], [ -121.136164197310677, 35.820361322600874 ] ] ] ] } },
{ "type": "Feature", "properties": { "area_ha": 1.2798567505315335, "count": 32, "min_ha": 0.2, "post_date": "2023-03-25" }, "geometry": { "type": "MultiPolygon", "coordinates": [ [ [ [ -121.141327290053056, 35.824811854016971 ], [ -121.141329957806903, 35.824991864191809 ], [ -121.141551553852878, 35.824989696862453 ], [ -121.141548885586985, 35.824809686696604 ], [ -121.141327290053056, 35.824811854016971 ] ] ], [ [ [ -121.14110302727731, 35.824634010713353 ], [ -121.141100360071434, 35.824454000484621 ], [ -121.140878765543604, 35.824456166951592 ], [ -121.140876098867736, 35.824276156704897 ], [ -121.140654504851952, 35.824278322749656 ], [ -121.14065183869711, 35.824098312476011 ], [ -121.140430245184376, 35.824100478098565 ], [ -121.140427579568524, 35.823920467797969 ], [ -121.14020598655884, 35.823922632998311 ], [ -121.140203321472995, 35.823742622670764 ], [ -121.139981728975357, 35.823744787439921 ], [ -121.139979064410525, 35.823564777094411 ], [ -121.139535880412396, 35.823569105357109 ], [ -121.139533216898599, 35.823389094984648 ], [ -121.138868442352177, 35.823395584198664 ], [ -121.138865780410427, 35.823215573790272 ], [ -121.138644189386028, 35.823217736017192 ], [ -121.138641527974286, 35.823037725590829 ], [ -121.138198346922636, 35.823042048769068 ], [ -121.138201007301305, 35.8232220592134 ], [ -121.137757825171676, 35.823226380720769 ], [ -121.137760484526268, 35.823406391156112 ], [ -121.138425259261339, 35.82339990824827 ], [ -121.138427920187993, 35.823579918647681 ], [ -121.138871104311889, 35.823575594589094 ], [ -121.138873766280582, 35.823755604961555 ], [ -121.13931695139263, 35.823751279214136 ], [ -121.139319614412358, 35.823931289550664 ], [ -121.139762800512557, 35.823926962114413 ], [ -121.139765464583306, 35.824106972423998 ], [ -121.140208651662661, 35.824102643298907 ], [ -121.140211316775464, 35.82428265357256 ], [ -121.140432910818205, 35.82428048837221 ], [ -121.140435576469997, 35.824460498627893 ], [ -121.140657171015789, 35.824458333005339 ], [ -121.140659837188593, 35.824638343234071 ], [ -121.14110302727731, 35.824634010713353 ] ] ], [ [ [ -121.14110302727731, 35.824634010713353 ], [ -121.14110569450115, 35.824814020915134 ], [ -121.141327290053056, 35.824811854016971 ], [ -121.14132462230819, 35.82463184381519 ], [ -121.14110302727731, 35.824634010713353 ] ] ] ] } },
{ "type": "Feature", "properties": { "area_ha": 0.51994131887307604, "count": 13, "min_ha": 0.2, "post_date": "2023-03-25" }, "geometry": { "type": "Polygon", "coordinates": [ [ [ -121.145153299568236, 35.828735169906111 ], [ -121.145139915595763, 35.827835121304688 ], [ -121.144918311455967, 35.827837295434286 ], [ -121.14491563522202, 35.827657285645728 ], [ -121.144694031585274, 35.827659459362103 ], [ -121.14468868017741, 35.827299439722104 ], [ -121.144467077573722, 35.827301612998305 ], [ -121.144472427939561, 35.827661632647285 ], [ -121.144250824284853, 35.827663805510262 ], [ -121.144253498973697, 35.827843815307801 ], [ -121.144475103149418, 35.827841642435843 ], [ -121.144477778359288, 35.828021652215419 ], [ -121.144699383047055, 35.828019478921249 ], [ -121.144702058786933, 35.828199488664893 ], [ -121.14492366397775, 35.828197314948518 ], [ -121.144931692850264, 35.82873734406266 ], [ -121.145153299568236, 35.828735169906111 ] ] ] } },
{ "type": "Feature", "properties": { "area_ha": 0.2799628613186671, "count": 7, "min_ha": 0.2, "post_date": "2023-03-25" }, "geometry": { "type": "Polygon", "coordinates": [ [ [ -121.148460507626552, 35.916737968132999 ], [ -121.14845782000198, 35.916557967929464 ], [ -121.148014100706746, 35.91656232814524 ], [ -121.148011414133194, 35.916382327923742 ], [ -121.147567695826112, 35.916386686441705 ], [ -121.147570381357625, 35.916566686681165 ], [ -121.147348521665094, 35.916568865311326 ], [ -121.147351206693543, 35.916748865541813 ], [ -121.148460507626552, 35.916737968132999 ] ] ] } },
{ "type": "Feature", "properties": { "area_ha": 0.23997284455041545, "count": 6, "min_ha": 0.2, "post_date": "2023-03-25" }, "geometry": { "type": "MultiPolygon", "coordinates": [ [ [ [ -121.146047763100995, 35.829266497929432 ], [ -121.146045084172101, 35.829086488329516 ], [ -121.145380260999872, 35.829093014617008 ], [ -121.145377583634058, 35.828913004981167 ], [ -121.145155976404055, 35.828915179568902 ], [ -121.14516133011162, 35.82927519883161 ], [ -121.146047763100995, 35.829266497929432 ] ] ], [ [ [ -121.146047763100995, 35.829266497929432 ], [ -121.146050442047851, 35.829446507520359 ], [ -121.146272050787019, 35.829444331234804 ], [ -121.14626937131915, 35.829264321652857 ], [ -121.146047763100995, 35.829266497929432 ] ] ] ] } },
{ "type": "Feature", "properties": { "area_ha": 0.71991499808408566, "count": 18, "min_ha": 0.2, "post_date": "2023-03-25" }, "geometry": { "type": "Polygon", "coordinates": [ [ [ -121.148158796086548, 35.851930123975698 ], [ -121.148150742160027, 35.851390102631981 ], [ -121.147929070305224, 35.851392282447918 ], [ -121.147926386211012, 35.851212275291424 ], [ -121.147704714868254, 35.851214454685156 ], [ -121.147702031295069, 35.851034447501711 ], [ -121.147258689606673, 35.85103880502254 ], [ -121.147261372137805, 35.851218812214967 ], [ -121.146596357947814, 35.851225345338634 ], [ -121.146601719937848, 35.851585359696536 ], [ -121.147045064815259, 35.851581004682011 ], [ -121.147047746861304, 35.851761011820535 ], [ -121.147269419803081, 35.851758833675468 ], [ -121.147264054677919, 35.851398819380442 ], [ -121.147707398441426, 35.851394461850632 ], [ -121.147715449259792, 35.851934483221299 ], [ -121.148158796086548, 35.851930123975698 ] ] ] } },
{ "type": "Feature", "properties": { "area_ha": 0.67992298354743319, "count": 17, "min_ha": 0.2, "post_date": "2023-03-25" }, "geometry": { "type": "Polygon", "coordinates": [ [ [ -121.148936726019429, 35.829778202021807 ], [ -121.148934040317229, 35.829598192538676 ], [ -121.14871243121874, 35.829600373872765 ], [ -121.148709746046549, 35.829420364371664 ], [ -121.148266528837709, 35.829424725764234 ], [ -121.148263844716553, 35.82924471623619 ], [ -121.148042236615183, 35.82924689629467 ], [ -121.148044920215312, 35.829426905840684 ], [ -121.147601702934594, 35.829431264708987 ], [ -121.147609750707659, 35.829971293239225 ], [ -121.148717801590053, 35.829960392830039 ], [ -121.148715116399899, 35.829780383355896 ], [ -121.148936726019429, 35.829778202021807 ] ] ] } },
{ "type": "Feature", "properties": { "area_ha": 0.55988752553880872, "count": 14, "min_ha": 0.2, "post_date": "2023-03-25" }, "geometry": { "type": "MultiPolygon", "coordinates": [ [ [ [ -121.155286042791928, 36.22341033544015 ], [ -121.155288757222237, 36.223590305810632 ], [ -121.155066008592826, 36.223592498732991 ], [ -121.155068722511103, 36.223772469094484 ], [ -121.155291471670509, 36.223770276163151 ], [ -121.15529690059401, 36.224130216832251 ], [ -121.155519650786488, 36.224128023469717 ], [ -121.155508790900299, 36.223408142095586 ], [ -121.155286042791928, 36.22341033544015 ] ] ], [ [ [ -121.154821553225617, 36.222154927739268 ], [ -121.154816126673666, 36.221794986701859 ], [ -121.154593383245512, 36.2217971787259 ], [ -121.154598808755409, 36.222157119772291 ], [ -121.154821553225617, 36.222154927739268 ] ] ], [ [ [ -121.155055153036528, 36.222872617134279 ], [ -121.155063294683544, 36.223412528362502 ], [ -121.155286042791928, 36.22341033544015 ], [ -121.155277899581833, 36.222870424229889 ], [ -121.155055153036528, 36.222872617134279 ] ] ], [ [ [ -121.154821553225617, 36.222154927739268 ], [ -121.154832406482228, 36.222874809616457 ], [ -121.155055153036528, 36.222872617134279 ], [ -121.155044297695824, 36.222152735275053 ], [ -121.154821553225617, 36.222154927739268 ] ] ] ] } },
{ "type": "Feature", "properties": { "area_ha": 0.2399663682156899, "count": 6, "min_ha": 0.2, "post_date": "2023-03-25" }, "geometry": { "type": "Polygon", "coordinates": [ [ [ -121.160074741744836, 35.951188058298442 ], [ -121.160058445838459, 35.950108079867505 ], [ -121.159836489711779, 35.950110282168268 ], [ -121.159852782509986, 35.951190260626163 ], [ -121.160074741744836, 35.951188058298442 ] ] ] } },
{ "type": "Feature", "properties": { "area_ha": 0.55988676640541635, "count": 14, "min_ha": 0.2, "post_date": "2023-03-25" }, "geometry": { "type": "Polygon", "coordinates": [ [ [ -121.167402194270778, 36.229050325198692 ], [ -121.167396708106622, 36.228690385966893 ], [ -121.167173944987397, 36.228692601868154 ], [ -121.167171202448799, 36.228512632225311 ], [ -121.166948439841605, 36.228514847704361 ], [ -121.166951181859176, 36.228694817347204 ], [ -121.166728418713006, 36.22869703240405 ], [ -121.166731160209551, 36.2288770020469 ], [ -121.166508396533374, 36.228879216681534 ], [ -121.166511137526868, 36.229059186306415 ], [ -121.166733901733053, 36.2290569716628 ], [ -121.166742126348467, 36.229596880429639 ], [ -121.16718765786004, 36.22959244984883 ], [ -121.167179430100518, 36.229052541108935 ], [ -121.167402194270778, 36.229050325198692 ] ] ] } },
{ "type": "Feature", "properties": { "area_ha": 0.31995639966759942, "count": 8, "min_ha": 0.2, "post_date": "2023-03-25" }, "geometry": { "type": "MultiPolygon", "coordinates": [ [ [ [ -121.16402488848793, 35.933506411472955 ], [ -121.164030337803183, 35.933866407595055 ], [ -121.164252246921023, 35.933864197317249 ], [ -121.164246796572698, 35.933504201195149 ], [ -121.16402488848793, 35.933506411472955 ] ] ], [ [ [ -121.163800256280012, 35.933328623218095 ], [ -121.163794808078663, 35.932968626970229 ], [ -121.163572901530017, 35.93297083638565 ], [ -121.163570177972815, 35.932790838230275 ], [ -121.163126365872643, 35.932795255785521 ], [ -121.163129088396772, 35.932975253949877 ], [ -121.163350994972376, 35.932973045378866 ], [ -121.163353718026514, 35.933153043525259 ], [ -121.163575625105167, 35.933150834523062 ], [ -121.163578348689313, 35.933330832651485 ], [ -121.163800256280012, 35.933328623218095 ] ] ], [ [ [ -121.163800256280012, 35.933328623218095 ], [ -121.163802980394166, 35.933508621319568 ], [ -121.16402488848793, 35.933506411472955 ], [ -121.164022163852749, 35.933326413371482 ], [ -121.163800256280012, 35.933328623218095 ] ] ] ] } },
{ "type": "Feature", "properties": { "area_ha": 0.27996173975679467, "count": 7, "min_ha": 0.2, "post_date": "2023-03-25" }, "geometry": { "type": "Polygon", "coordinates": [ [ [ -121.164717875353475, 35.935299759139006 ], [ -121.164706970138312, 35.93457976746074 ], [ -121.164485058963322, 35.934581978609913 ], [ -121.164490510506411, 35.934941974489469 ], [ -121.164268598289382, 35.934944185225419 ], [ -121.16427677413526, 35.935484178927972 ], [ -121.164498687924336, 35.935481968183041 ], [ -121.164495962103388, 35.935301970306142 ], [ -121.164717875353475, 35.935299759139006 ] ] ] } },
{ "type": "Feature", "properties": { "area_ha": 0.3599244025910559, "count": 9, "min_ha": 0.2, "post_date": "2023-03-25" }, "geometry": { "type": "Polygon", "coordinates": [ [ [ -121.171060221666494, 36.264292980604701 ], [ -121.171054715784322, 36.263933047715014 ], [ -121.170608984658116, 36.263937492911417 ], [ -121.170606232777047, 36.263757526430638 ], [ -121.170383367716994, 36.263759748395529 ], [ -121.170380616383895, 36.26357978189678 ], [ -121.170157751835887, 36.263582003421497 ], [ -121.170160502647974, 36.26376196992922 ], [ -121.169937637560977, 36.263764191040714 ], [ -121.169940387861018, 36.263944157530474 ], [ -121.17038611906807, 36.263939714876301 ], [ -121.170388870428113, 36.264119681339118 ], [ -121.1706117365392, 36.264117459374226 ], [ -121.170614488438233, 36.264297425819073 ], [ -121.171060221666494, 36.264292980604701 ] ] ] } },
{ "type": "Feature", "properties": { "area_ha": 0.91987377597030318, "count": 23, "min_ha": 0.2, "post_date": "2023-03-25" }, "geometry": { "type": "MultiPolygon", "coordinates": [ [ [ [ -121.165865647626688, 35.937808665153661 ], [ -121.165871105862223, 35.938168660305585 ], [ -121.166093027340878, 35.93816644653333 ], [ -121.166109405470053, 35.939246431512991 ], [ -121.166331330056877, 35.939244217291581 ], [ -121.166312218650731, 35.937984234785368 ], [ -121.166090297702084, 35.937986448970847 ], [ -121.16608756806329, 35.937806451390394 ], [ -121.165865647626688, 35.937808665153661 ] ] ], [ [ [ -121.164731507162159, 35.936199748316874 ], [ -121.164728780775263, 35.936019750511846 ], [ -121.164506865450065, 35.936021961696952 ], [ -121.164509591315934, 35.936201959501979 ], [ -121.164731507162159, 35.936199748316874 ] ] ], [ [ [ -121.165638270023535, 35.937450883261953 ], [ -121.16564372717211, 35.937810878494723 ], [ -121.165865647626688, 35.937808665153661 ], [ -121.165860189436074, 35.937448669929879 ], [ -121.165638270023535, 35.937450883261953 ] ] ], [ [ [ -121.164731507162159, 35.936199748316874 ], [ -121.164734233558022, 35.936379746094957 ], [ -121.164512317199765, 35.936381957289043 ], [ -121.164515043092578, 35.936561955049164 ], [ -121.164736959971862, 35.936559743855071 ], [ -121.164742412835466, 35.936919739312422 ], [ -121.164964330747807, 35.936917527687143 ], [ -121.164967057718599, 35.937097525384374 ], [ -121.165188976134004, 35.937095313327902 ], [ -121.165191703634804, 35.937275310998189 ], [ -121.165413622562241, 35.937273098519512 ], [ -121.165416350593048, 35.937453096171829 ], [ -121.165638270023535, 35.937450883261953 ], [ -121.165632812928862, 35.937090887948337 ], [ -121.165410894540415, 35.937093100849225 ], [ -121.165408166527584, 35.936913103160975 ], [ -121.165186248642186, 35.936915315630671 ], [ -121.165183521168345, 35.93673531791547 ], [ -121.164961603785997, 35.936737529962961 ], [ -121.164953422990408, 35.936197536700575 ], [ -121.164731507162159, 35.936199748316874 ] ] ] ] } },
{ "type": "Feature", "properties": { "area_ha": 0.27996132571264404, "count": 7, "min_ha": 0.2, "post_date": "2023-03-25" }, "geometry": { "type": "MultiPolygon", "coordinates": [ [ [ [ -121.16681888138875, 35.942119744000507 ], [ -121.166596948519455, 35.94212195914718 ], [ -121.166599679496741, 35.942301956269489 ], [ -121.166821612887048, 35.942299741113835 ], [ -121.16681888138875, 35.942119744000507 ] ] ], [ [ [ -121.16681888138875, 35.942119744000507 ], [ -121.167040814249063, 35.942117528431623 ], [ -121.167024422420582, 35.941037545365376 ], [ -121.166802492677419, 35.941039760907309 ], [ -121.16681888138875, 35.942119744000507 ] ] ] ] } },
{ "type": "Feature", "properties": { "area_ha": 1.3997831529088123, "count": 35, "min_ha": 0.2, "post_date": "2023-03-25" }, "geometry": { "type": "Polygon", "coordinates": [ [ [ -121.169294663374785, 36.017343621178945 ], [ -121.169291923414349, 36.017163631728245 ], [ -121.16906977380853, 36.017165851474296 ], [ -121.169064294965651, 36.016805872501031 ], [ -121.168842146383895, 36.016808091815896 ], [ -121.168839407510433, 36.016628102302313 ], [ -121.168617259431741, 36.016630321185978 ], [ -121.168614521088287, 36.016450331654433 ], [ -121.168392373521641, 36.016452550115893 ], [ -121.168389635708181, 36.016272560548408 ], [ -121.167501047399924, 36.016281430154201 ], [ -121.167503783138272, 36.016461419739649 ], [ -121.167725930749839, 36.01645920296702 ], [ -121.167728667018196, 36.016639192525517 ], [ -121.167284370726065, 36.016643625666532 ], [ -121.167289841214625, 36.017003604747593 ], [ -121.167734139581853, 36.016999171588616 ], [ -121.167736875886135, 36.01717916109321 ], [ -121.168847624184735, 36.017168070798142 ], [ -121.168850363103132, 36.017348060257824 ], [ -121.168628212949329, 36.01735027916844 ], [ -121.168630951364662, 36.01753026861914 ], [ -121.168853102039478, 36.017528049708524 ], [ -121.168858579939126, 36.017888028538053 ], [ -121.169080731638033, 36.017885809196244 ], [ -121.16907251324794, 36.017345840933977 ], [ -121.169294663374785, 36.017343621178945 ] ] ] } },
{ "type": "Feature", "properties": { "area_ha": 0.27993851892502114, "count": 7, "min_ha": 0.2, "post_date": "2023-03-25" }, "geometry": { "type": "MultiPolygon", "coordinates": [ [ [ [ -121.174614677675777, 36.307095600047582 ], [ -121.174620203410726, 36.307455525382444 ], [ -121.174843195618308, 36.307453295431529 ], [ -121.17483766884132, 36.307093370105655 ], [ -121.174614677675777, 36.307095600047582 ] ] ], [ [ [ -121.174160409958247, 36.30656017051431 ], [ -121.17415488645112, 36.306200245008768 ], [ -121.17393189787272, 36.306202473657123 ], [ -121.173937420328812, 36.306562399171646 ], [ -121.174160409958247, 36.30656017051431 ] ] ], [ [ [ -121.17438616187124, 36.306737904160585 ], [ -121.174391686501252, 36.307097829567304 ], [ -121.174614677675777, 36.307095600047582 ], [ -121.17460915199473, 36.306735674649843 ], [ -121.17438616187124, 36.306737904160585 ] ] ], [ [ [ -121.174160409958247, 36.30656017051431 ], [ -121.174163171729774, 36.306740133249107 ], [ -121.17438616187124, 36.306737904160585 ], [ -121.174383399578687, 36.306557941434761 ], [ -121.174160409958247, 36.30656017051431 ] ] ] ] } },
{ "type": "Feature", "properties": { "area_ha": 0.39995398646254032, "count": 10, "min_ha": 0.2, "post_date": "2023-03-25" }, "geometry": { "type": "MultiPolygon", "coordinates": [ [ [ [ -121.169891034536079, 35.837671662841096 ], [ -121.169888299570289, 35.837491654705438 ], [ -121.169445037122273, 35.837496096506207 ], [ -121.169442303207504, 35.837316088343599 ], [ -121.169220672477579, 35.837318308610676 ], [ -121.169226139274059, 35.837678324926905 ], [ -121.169891034536079, 35.837671662841096 ] ] ], [ [ [ -121.169891034536079, 35.837671662841096 ], [ -121.169893769501883, 35.837851670958784 ], [ -121.170115401749968, 35.837849449416105 ], [ -121.170118137254747, 35.838029457506849 ], [ -121.170339770005896, 35.838027235541958 ], [ -121.170342506040683, 35.838207243605751 ], [ -121.170785772531119, 35.838202798400367 ], [ -121.170783035463259, 35.838022790345555 ], [ -121.170561402739068, 35.838025013154862 ], [ -121.170558666201217, 35.837845005073099 ], [ -121.170337033980076, 35.837847227460202 ], [ -121.170334297972232, 35.837667219351495 ], [ -121.169891034536079, 35.837671662841096 ] ] ] ] } },
{ "type": "Feature", "properties": { "area_ha": 0.83989593151846298, "count": 21, "min_ha": 0.2, "post_date": "2023-03-25" }, "geometry": { "type": "MultiPolygon", "coordinates": [ [ [ [ -121.172929495802748, 35.877068502556654 ], [ -121.172707750699317, 35.877070729390411 ], [ -121.172710493660119, 35.877250733196185 ], [ -121.172932239275596, 35.877248506362427 ], [ -121.172929495802748, 35.877068502556654 ] ] ], [ [ [ -121.172929495802748, 35.877068502556654 ], [ -121.173151240888217, 35.877066275309666 ], [ -121.173175937336069, 35.878686308798095 ], [ -121.173619436813553, 35.878681852938691 ], [ -121.173613946544094, 35.878321845650532 ], [ -121.173392197856387, 35.878324073777861 ], [ -121.17338945326064, 35.878144070106835 ], [ -121.173611201436316, 35.878141841979499 ], [ -121.173608456337519, 35.877961838290503 ], [ -121.173386708673888, 35.87796406640885 ], [ -121.173381219554287, 35.877604058958994 ], [ -121.173602966175864, 35.877601830849628 ], [ -121.173600221113006, 35.877421827097749 ], [ -121.173821967204589, 35.877419598575159 ], [ -121.173819221638666, 35.877239594805317 ], [ -121.17359747606811, 35.877241823327907 ], [ -121.173591986014245, 35.876881815734315 ], [ -121.173370241467779, 35.876884043825719 ], [ -121.173367496970855, 35.876704039992987 ], [ -121.173145752936406, 35.876706267653198 ], [ -121.173148496903323, 35.876886271494911 ], [ -121.1729267523299, 35.876888498741891 ], [ -121.172929495802748, 35.877068502556654 ] ] ] ] } },
{ "type": "Feature", "properties": { "area_ha": 0.35995862327529182, "count": 9, "min_ha": 0.2, "post_date": "2023-03-25" }, "geometry": { "type": "MultiPolygon", "coordinates": [ [ [ [ -121.174980320410128, 35.83708043694228 ], [ -121.175201950286663, 35.837078205742706 ], [ -121.175199202933086, 35.83689819766095 ], [ -121.174977573568597, 35.836900428860524 ], [ -121.174980320410128, 35.83708043694228 ] ] ], [ [ [ -121.174320921301515, 35.837447144144306 ], [ -121.173656028366125, 35.837453831454809 ], [ -121.173658772135411, 35.837633839509621 ], [ -121.173437140614965, 35.837636067780679 ], [ -121.17343988387222, 35.837816075817521 ], [ -121.17388314793719, 35.837811618844206 ], [ -121.173880403637895, 35.837631610816345 ], [ -121.174323666615905, 35.837627152181149 ], [ -121.174320921301515, 35.837447144144306 ] ] ], [ [ [ -121.174980320410128, 35.83708043694228 ], [ -121.174758690515631, 35.837082667719642 ], [ -121.174761436845117, 35.837262675783435 ], [ -121.174983067251659, 35.837260444997085 ], [ -121.174980320410128, 35.83708043694228 ] ] ], [ [ [ -121.174761436845117, 35.837262675783435 ], [ -121.174318175996106, 35.837267136089501 ], [ -121.174320921301515, 35.837447144144306 ], [ -121.174764183192565, 35.837442683829259 ], [ -121.174761436845117, 35.837262675783435 ] ] ] ] } },
{ "type": "Feature", "properties": { "area_ha": 0.75983589880030422, "count": 19, "min_ha": 0.2, "post_date": "2023-03-25" }, "geometry": { "type": "MultiPolygon", "coordinates": [ [ [ [ -121.181725996784039, 36.291005063815021 ], [ -121.181723217791813, 36.290825099930373 ], [ -121.181500274236967, 36.290827342960753 ], [ -121.181491938922164, 36.290287451181051 ], [ -121.181268996921418, 36.290289693780245 ], [ -121.181263441155792, 36.28992976584027 ], [ -121.180817559211434, 36.289934249736092 ], [ -121.180820336038721, 36.290114213719555 ], [ -121.180597394523062, 36.29011645504314 ], [ -121.180605723513736, 36.290656346921658 ], [ -121.180828666601442, 36.290654105589091 ], [ -121.180831443482631, 36.290834069509671 ], [ -121.181277330664173, 36.290829585568929 ], [ -121.181280108605378, 36.291009549462558 ], [ -121.181725996784039, 36.291005063815021 ] ] ], [ [ [ -121.181725996784039, 36.291005063815021 ], [ -121.181728775785245, 36.29118502769068 ], [ -121.181951720382131, 36.291182784220126 ], [ -121.181948940850916, 36.291002820353441 ], [ -121.181725996784039, 36.291005063815021 ] ] ] ] } },
{ "type": "Feature", "properties": { "area_ha": 0.39994433881926622, "count": 10, "min_ha": 0.2, "post_date": "2023-03-25" }, "geometry": { "type": "MultiPolygon", "coordinates": [ [ [ [ -121.177318613418336, 35.94651507337646 ], [ -121.17732136964726, 35.946695069798082 ], [ -121.177543315407377, 35.946692834295582 ], [ -121.177540558657441, 35.946512837882942 ], [ -121.177318613418336, 35.94651507337646 ] ] ], [ [ [ -121.176200626198735, 35.945986255093331 ], [ -121.176197872619852, 35.945806258581875 ], [ -121.175975929375014, 35.945808491524176 ], [ -121.175978682441865, 35.945988488044613 ], [ -121.176200626198735, 35.945986255093331 ] ] ], [ [ [ -121.176200626198735, 35.945986255093331 ], [ -121.176203379795595, 35.946166251595805 ], [ -121.17642532406451, 35.946164018213331 ], [ -121.176428078191364, 35.946344014688854 ], [ -121.176871967717346, 35.946339546657278 ], [ -121.176874722904216, 35.94651954310585 ], [ -121.177318613418336, 35.94651507337646 ], [ -121.177315857198408, 35.94633507694585 ], [ -121.177093912462368, 35.946337312017157 ], [ -121.177091156781415, 35.946157315550614 ], [ -121.176647268315449, 35.946161784417626 ], [ -121.176641759055613, 35.945801791421665 ], [ -121.176419815846714, 35.945804025208382 ], [ -121.176422569946624, 35.945984021719838 ], [ -121.176200626198735, 35.945986255093331 ] ] ] ] } },
{ "type": "Feature", "properties": { "area_ha": 0.31992892061808553, "count": 8, "min_ha": 0.2, "post_date": "2023-03-25" }, "geometry": { "type": "Polygon", "coordinates": [ [ [ -121.186168561886305, 36.31867885870976 ], [ -121.186162981012771, 36.318318935809337 ], [ -121.185939957462963, 36.318321187238965 ], [ -121.185934377685371, 36.31796126425769 ], [ -121.185711355177602, 36.317963515256132 ], [ -121.185708565827795, 36.317783553743041 ], [ -121.185485543832073, 36.317785804310283 ], [ -121.185493910318414, 36.318325688822618 ], [ -121.185716933895179, 36.318323438246388 ], [ -121.185719723280911, 36.318503399714565 ], [ -121.185942747369722, 36.318501148698161 ], [ -121.185945537285463, 36.318681110148368 ], [ -121.186168561886305, 36.31867885870976 ] ] ] } },
{ "type": "Feature", "properties": { "area_ha": 0.47994470214981294, "count": 12, "min_ha": 0.2, "post_date": "2023-03-25" }, "geometry": { "type": "MultiPolygon", "coordinates": [ [ [ [ -121.179443245513895, 35.839015819492673 ], [ -121.179446002865717, 35.83919582723307 ], [ -121.179889274521457, 35.839191347460513 ], [ -121.179886516136577, 35.839011339729097 ], [ -121.179443245513895, 35.839015819492673 ] ] ], [ [ [ -121.178770072168732, 35.838482512579596 ], [ -121.178764560690041, 35.838122496883209 ], [ -121.178542927911963, 35.838124734847092 ], [ -121.178537417520246, 35.837764719060864 ], [ -121.17831578576623, 35.837766956593555 ], [ -121.178324049817689, 35.838306980254927 ], [ -121.178545683125776, 35.838304742704267 ], [ -121.178548438357581, 35.838484750552468 ], [ -121.178770072168732, 35.838482512579596 ] ] ], [ [ [ -121.178770072168732, 35.838482512579596 ], [ -121.178775583701309, 35.838842528195144 ], [ -121.178997218536537, 35.838840289791086 ], [ -121.178999974837325, 35.839020297567416 ], [ -121.179443245513895, 35.839015819492673 ], [ -121.179440488180049, 35.838835811725325 ], [ -121.179218853362784, 35.838838050964817 ], [ -121.179216096558946, 35.8386580431795 ], [ -121.178994462253712, 35.838660281996788 ], [ -121.178991705970901, 35.838480274184519 ], [ -121.178770072168732, 35.838482512579596 ] ] ] ] } },
{ "type": "Feature", "properties": { "area_ha": 0.39991110950709519, "count": 10, "min_ha": 0.2, "post_date": "2023-03-25" }, "geometry": { "type": "MultiPolygon", "coordinates": [ [ [ [ -121.18750391561403, 36.318485379770479 ], [ -121.18750112204215, 36.318305418338234 ], [ -121.187055075086249, 36.318309925859751 ], [ -121.18705786761609, 36.318489887291996 ], [ -121.18750391561403, 36.318485379770479 ] ] ], [ [ [ -121.18750391561403, 36.318485379770479 ], [ -121.187506709212869, 36.318665341184754 ], [ -121.187729733714903, 36.318663086781704 ], [ -121.187732527843735, 36.318843048178017 ], [ -121.188178577871867, 36.31883853808732 ], [ -121.188181373060729, 36.319018499456682 ], [ -121.188404398577845, 36.319016243778016 ], [ -121.188407194314678, 36.319196205120434 ], [ -121.188630220334858, 36.319193949010582 ], [ -121.18862462784611, 36.318834026307783 ], [ -121.18840160286797, 36.318836282408654 ], [ -121.188398807158094, 36.318656321030311 ], [ -121.187952758207942, 36.318660831956443 ], [ -121.187949963567064, 36.318480870551141 ], [ -121.18750391561403, 36.318485379770479 ] ] ] ] } },
{ "type": "Feature", "properties": { "area_ha": 0.35994952207900494, "count": 9, "min_ha": 0.2, "post_date": "2023-03-25" }, "geometry": { "type": "Polygon", "coordinates": [ [ [ -121.183607890803742, 35.951312213187236 ], [ -121.183594035359476, 35.950412234034566 ], [ -121.183372079035166, 35.950414481017539 ], [ -121.183380390706319, 35.950954468584598 ], [ -121.183158432818942, 35.950956715154341 ], [ -121.183169513142715, 35.951676698334545 ], [ -121.183391473114185, 35.951674451737851 ], [ -121.183385931883308, 35.95131446019716 ], [ -121.183607890803742, 35.951312213187236 ] ] ] } },
{ "type": "Feature", "properties": { "area_ha": 0.31992865686501781, "count": 8, "min_ha": 0.2, "post_date": "2023-03-25" }, "geometry": { "type": "MultiPolygon", "coordinates": [ [ [ [ -121.193801941727912, 36.321841358156092 ], [ -121.19379632470617, 36.321481436145 ], [ -121.193350259604316, 36.321485967552725 ], [ -121.193353067064152, 36.321665928580728 ], [ -121.193576100145094, 36.321663663083477 ], [ -121.193578908134938, 36.321843624084529 ], [ -121.193801941727912, 36.321841358156092 ] ] ], [ [ [ -121.193801941727912, 36.321841358156092 ], [ -121.193807558803556, 36.322201280113283 ], [ -121.194030593429602, 36.322199013753654 ], [ -121.194033402515387, 36.322378974700811 ], [ -121.194479472782561, 36.322374440696962 ], [ -121.194476662654722, 36.322194479758785 ], [ -121.194253628046653, 36.322196746971819 ], [ -121.194250818457803, 36.322016786006692 ], [ -121.194027784361765, 36.322019052788534 ], [ -121.194024975311905, 36.321839091814432 ], [ -121.193801941727912, 36.321841358156092 ] ] ] ] } },
{ "type": "Feature", "properties": { "area_ha": 0.7999064765716779, "count": 20, "min_ha": 0.2, "post_date": "2023-03-25" }, "geometry": { "type": "MultiPolygon", "coordinates": [ [ [ [ -121.185964932487366, 35.845070945591402 ], [ -121.185962159684536, 35.844890938641527 ], [ -121.185740507628594, 35.844893190259803 ], [ -121.185743279919393, 35.845073197218667 ], [ -121.185964932487366, 35.845070945591402 ] ] ], [ [ [ -121.185964932487366, 35.845070945591402 ], [ -121.185973250967749, 35.845610966333247 ], [ -121.186194905080825, 35.845608714274796 ], [ -121.186205998645761, 35.846328741643134 ], [ -121.186427654815986, 35.846326489135521 ], [ -121.186433202712365, 35.846686502693927 ], [ -121.186654859915649, 35.84668424976411 ], [ -121.18665763439833, 35.846864256507374 ], [ -121.186879292095682, 35.84686200314637 ], [ -121.186884842148018, 35.847222016561041 ], [ -121.187106500869461, 35.847219762777826 ], [ -121.187109276430121, 35.847399769449225 ], [ -121.187330935654614, 35.847397515234817 ], [ -121.187322607463443, 35.846857495166709 ], [ -121.187100949784053, 35.846859749372136 ], [ -121.187098174259319, 35.846679742637853 ], [ -121.186876517091974, 35.84668199641208 ], [ -121.186873742106229, 35.846501989650847 ], [ -121.186652085441935, 35.846504243002876 ], [ -121.186646536530461, 35.846144229417526 ], [ -121.186424880890243, 35.846146482329374 ], [ -121.186413785304097, 35.845426454916122 ], [ -121.186192131721029, 35.845428707387804 ], [ -121.186186585046357, 35.845068693550921 ], [ -121.185964932487366, 35.845070945591402 ] ] ] ] } },
{ "type": "Feature", "properties": { "area_ha": 0.23994641538291231, "count": 6, "min_ha": 0.2, "post_date": "2023-03-25" }, "geometry": { "type": "Polygon", "coordinates": [ [ [ -121.195391299141775, 36.323625093615043 ], [ -121.195388486813073, 36.323445132802632 ], [ -121.195165448593769, 36.323447401740431 ], [ -121.195159825041273, 36.323087480061716 ], [ -121.194713750650834, 36.323092016643727 ], [ -121.194719372110256, 36.323451938340412 ], [ -121.194942410356504, 36.32344967024703 ], [ -121.194945221625204, 36.323629631068421 ], [ -121.195391299141775, 36.323625093615043 ] ] ] } },
{ "type": "Feature", "properties": { "area_ha": 0.27993741809202877, "count": 7, "min_ha": 0.2, "post_date": "2023-03-25" }, "geometry": { "type": "MultiPolygon", "coordinates": [ [ [ [ -121.196300340795489, 36.324695778040116 ], [ -121.196303155307106, 36.32487573872676 ], [ -121.196526197658656, 36.324873467633012 ], [ -121.196523382626012, 36.324693506955349 ], [ -121.196300340795489, 36.324695778040116 ] ] ], [ [ [ -121.195619963608522, 36.32398274581697 ], [ -121.195617150731834, 36.323802785040499 ], [ -121.195394111470492, 36.323805054409483 ], [ -121.195396923817171, 36.323985015194943 ], [ -121.195619963608522, 36.32398274581697 ] ] ], [ [ [ -121.195845816788591, 36.324160436775301 ], [ -121.195854257098489, 36.324700318952019 ], [ -121.196300340795489, 36.324695778040116 ], [ -121.196297526292852, 36.324515817344491 ], [ -121.196074484974361, 36.324518088007054 ], [ -121.196068857065043, 36.32415816655292 ], [ -121.195845816788591, 36.324160436775301 ] ] ], [ [ [ -121.195619963608522, 36.32398274581697 ], [ -121.19562277649419, 36.324162706575478 ], [ -121.195845816788591, 36.324160436775301 ], [ -121.195843003372929, 36.323980476016793 ], [ -121.195619963608522, 36.32398274581697 ] ] ] ] } },
{ "type": "Feature", "properties": { "area_ha": 0.75991103375780489, "count": 19, "min_ha": 0.2, "post_date": "2023-03-25" }, "geometry": { "type": "Polygon", "coordinates": [ [ [ -121.193102439776865, 35.847878777452408 ], [ -121.193099650184507, 35.84769877096965 ], [ -121.192434670364065, 35.847705565206624 ], [ -121.192437458402338, 35.847885571707344 ], [ -121.190442513578049, 35.847905931726814 ], [ -121.190445296963034, 35.848085938254492 ], [ -121.190666958065009, 35.84808367770696 ], [ -121.190672525912973, 35.848443690672475 ], [ -121.191115850156095, 35.848439168301802 ], [ -121.191113065190066, 35.848259161837014 ], [ -121.191334726777129, 35.848256900022861 ], [ -121.191331941308036, 35.848076893540103 ], [ -121.191996924434292, 35.848070105582352 ], [ -121.191999711457456, 35.848250112047147 ], [ -121.192221372990616, 35.848247848553143 ], [ -121.192218585446426, 35.848067842088348 ], [ -121.19266190744375, 35.848063313842701 ], [ -121.192659118875483, 35.847883307377906 ], [ -121.193102439776865, 35.847878777452408 ] ] ] } },
{ "type": "Feature", "properties": { "area_ha": 0.27996038904750958, "count": 7, "min_ha": 0.2, "post_date": "2023-03-25" }, "geometry": { "type": "MultiPolygon", "coordinates": [ [ [ [ -121.193455101271454, 35.956432791155549 ], [ -121.193452306918033, 35.956252796117333 ], [ -121.193230334019802, 35.956255061812207 ], [ -121.193233127861191, 35.956435056850431 ], [ -121.193455101271454, 35.956432791155549 ] ] ], [ [ [ -121.193455101271454, 35.956432791155549 ], [ -121.193457895642837, 35.956612786166822 ], [ -121.193679869556163, 35.956610520040755 ], [ -121.193682664457555, 35.956790515034058 ], [ -121.193904638882913, 35.956788248485786 ], [ -121.193907434314312, 35.956968243452138 ], [ -121.194351384171142, 35.956963709079979 ], [ -121.194348587697689, 35.956783714122608 ], [ -121.194126613299289, 35.956785981515296 ], [ -121.194123817355845, 35.956605986530974 ], [ -121.193901843460495, 35.956608253501464 ], [ -121.193899048056039, 35.956428258499173 ], [ -121.193455101271454, 35.956432791155549 ] ] ] ] } },
{ "type": "Feature", "properties": { "area_ha": 0.35991958235726323, "count": 9, "min_ha": 0.2, "post_date": "2023-03-25" }, "geometry": { "type": "MultiPolygon", "coordinates": [ [ [ [ -121.200964438082494, 36.323388271825685 ], [ -121.200958787248169, 36.323028350416465 ], [ -121.200735750403283, 36.32303062992743 ], [ -121.200741400186587, 36.323390551345632 ], [ -121.200964438082494, 36.323388271825685 ] ] ], [ [ [ -121.200964438082494, 36.323388271825685 ], [ -121.200984216424843, 36.324647996281847 ], [ -121.201207257967923, 36.324645716303756 ], [ -121.201187475960438, 36.323385991883526 ], [ -121.200964438082494, 36.323388271825685 ] ] ] ] } },
{ "type": "Feature", "properties": { "area_ha": 0.59992966397638325, "count": 15, "min_ha": 0.2, "post_date": "2023-03-25" }, "geometry": { "type": "MultiPolygon", "coordinates": [ [ [ [ -121.19554070380471, 35.847853832791053 ], [ -121.195543499110357, 35.848033839201946 ], [ -121.196651803012216, 35.848022483858948 ], [ -121.19664900511944, 35.847842477475005 ], [ -121.19554070380471, 35.847853832791053 ] ] ], [ [ [ -121.195316248735594, 35.847676096162374 ], [ -121.195313453977931, 35.847496089715548 ], [ -121.193318520005306, 35.847516498890833 ], [ -121.193321310100714, 35.847696505382572 ], [ -121.195316248735594, 35.847676096162374 ] ] ], [ [ [ -121.195316248735594, 35.847676096162374 ], [ -121.195319043511233, 35.84785610259123 ], [ -121.19554070380471, 35.847853832791053 ], [ -121.195537908517039, 35.847673826371178 ], [ -121.195316248735594, 35.847676096162374 ] ] ] ] } },
{ "type": "Feature", "properties": { "area_ha": 0.75990601038918326, "count": 19, "min_ha": 0.2, "post_date": "2023-03-25" }, "geometry": { "type": "MultiPolygon", "coordinates": [ [ [ [ -121.196886289397426, 35.877365536461177 ], [ -121.196664544132304, 35.87736780877664 ], [ -121.196667343138998, 35.877547811980541 ], [ -121.196889088916166, 35.877545539665086 ], [ -121.196886289397426, 35.877365536461177 ] ] ], [ [ [ -121.196886289397426, 35.877365536461177 ], [ -121.1971080346446, 35.87736326372351 ], [ -121.197099634597194, 35.876823254012976 ], [ -121.197321378272306, 35.876820980871067 ], [ -121.197318577765415, 35.876640977604275 ], [ -121.197983807164803, 35.876634155663261 ], [ -121.197986609225765, 35.876814158921064 ], [ -121.198430096459205, 35.876809608846351 ], [ -121.198424490280132, 35.876449602339726 ], [ -121.198202747700961, 35.876451877574709 ], [ -121.19819994514593, 35.876271874289955 ], [ -121.197978203078804, 35.876274149093753 ], [ -121.197975401053768, 35.876094145782048 ], [ -121.197531917916649, 35.87609869413199 ], [ -121.197537519900578, 35.876458700764381 ], [ -121.197094034634461, 35.876463247443468 ], [ -121.19709683461133, 35.876643250737203 ], [ -121.196875091439281, 35.876645523456908 ], [ -121.196886289397426, 35.877365536461177 ] ] ] ] } },
{ "type": "Feature", "properties": { "area_ha": 0.39995293000089316, "count": 10, "min_ha": 0.2, "post_date": "2023-03-25" }, "geometry": { "type": "MultiPolygon", "coordinates": [ [ [ [ -121.197779710345472, 35.849271161920711 ], [ -121.197771308654154, 35.848731143209058 ], [ -121.197549645899286, 35.848733417249285 ], [ -121.197558046027538, 35.84927343596992 ], [ -121.197779710345472, 35.849271161920711 ] ] ], [ [ [ -121.197779710345472, 35.849271161920711 ], [ -121.197790912786218, 35.849991186594096 ], [ -121.197569246393172, 35.849993460661274 ], [ -121.197572046513784, 35.850173466784703 ], [ -121.197793713427856, 35.850171192708544 ], [ -121.197796514078462, 35.85035119881401 ], [ -121.198018181486603, 35.850348924306658 ], [ -121.198001374645443, 35.849268887449291 ], [ -121.197779710345472, 35.849271161920711 ] ] ] ] } },
{ "type": "Feature", "properties": { "area_ha": 0.59990577110779109, "count": 15, "min_ha": 0.2, "post_date": "2023-03-25" }, "geometry": { "type": "Polygon", "coordinates": [ [ [ -121.20300268235026, 36.02744291212062 ], [ -121.202999863032659, 36.027262924466548 ], [ -121.202777685201767, 36.027265208190613 ], [ -121.202774866423155, 36.027085220518579 ], [ -121.202552689104309, 36.027087503820439 ], [ -121.202549870855691, 36.026907516121454 ], [ -121.202327694039909, 36.026909798992115 ], [ -121.20232487633028, 36.026729811275167 ], [ -121.20254705262505, 36.0267275284045 ], [ -121.202532961669476, 36.025827589568216 ], [ -121.202755135341164, 36.025825306302295 ], [ -121.202752316670342, 36.025645318486532 ], [ -121.202307970342062, 36.025649884587189 ], [ -121.202322058629647, 36.02654982354025 ], [ -121.202099882846923, 36.026552105979725 ], [ -121.202108334412713, 36.027092069157526 ], [ -121.202330511767485, 36.027089786700088 ], [ -121.202333329504057, 36.027269774381104 ], [ -121.202555507361893, 36.027267491501455 ], [ -121.202558325628473, 36.027447479155526 ], [ -121.20300268235026, 36.02744291212062 ] ] ] } },
{ "type": "Feature", "properties": { "area_ha": 0.63992389125661198, "count": 16, "min_ha": 0.2, "post_date": "2023-03-25" }, "geometry": { "type": "MultiPolygon", "coordinates": [ [ [ [ -121.19919100854564, 35.854477679700032 ], [ -121.19918820448143, 35.85429767407966 ], [ -121.19896652572757, 35.854299950796864 ], [ -121.198969329279734, 35.854479956426218 ], [ -121.19919100854564, 35.854477679700032 ] ] ], [ [ [ -121.19919100854564, 35.854477679700032 ], [ -121.199199420819113, 35.855017696444371 ], [ -121.199421101621141, 35.855015419286993 ], [ -121.199432320249528, 35.855735441328314 ], [ -121.199654003117686, 35.85573316372178 ], [ -121.199656808322757, 35.855913169180454 ], [ -121.200100175056178, 35.85590861270974 ], [ -121.200102981312284, 35.856088618132482 ], [ -121.200546349024876, 35.856084059963955 ], [ -121.200543541726731, 35.855904054550187 ], [ -121.200321858400443, 35.855906333836579 ], [ -121.200319051641287, 35.855726328404849 ], [ -121.199875685967868, 35.855730885702016 ], [ -121.199872880259747, 35.855550880234354 ], [ -121.199651197921597, 35.855553158254118 ], [ -121.199637172147774, 35.854653130583436 ], [ -121.1994154923878, 35.854655408154045 ], [ -121.199412687793583, 35.854475402560617 ], [ -121.19919100854564, 35.854477679700032 ] ] ] ] } },
{ "type": "Feature", "properties": { "area_ha": 0.59986341018238665, "count": 15, "min_ha": 0.2, "post_date": "2023-03-25" }, "geometry": { "type": "Polygon", "coordinates": [ [ [ -121.20864599635145, 36.343648252714281 ], [ -121.208643152105608, 36.343468293878168 ], [ -121.208420055882087, 36.343470587950826 ], [ -121.20841721217522, 36.343290629105724 ], [ -121.208194116463744, 36.343292922747189 ], [ -121.208185586987071, 36.342753046095119 ], [ -121.207962492838661, 36.342755339305391 ], [ -121.207956807634787, 36.342395421444515 ], [ -121.207510621395116, 36.342400006562507 ], [ -121.207519146065792, 36.342939883358312 ], [ -121.207742240762173, 36.342937590992456 ], [ -121.207747924995871, 36.34329750877248 ], [ -121.207971020734291, 36.343295215975431 ], [ -121.207973863390137, 36.343475174829514 ], [ -121.208196959640603, 36.343472881601272 ], [ -121.208199802844405, 36.343652840446367 ], [ -121.20864599635145, 36.343648252714281 ] ] ] } },
{ "type": "Feature", "properties": { "area_ha": 0.47994279534120632, "count": 12, "min_ha": 0.2, "post_date": "2023-03-25" }, "geometry": { "type": "MultiPolygon", "coordinates": [ [ [ [ -121.20165757797605, 35.856252662558759 ], [ -121.201654768081781, 35.856072657189912 ], [ -121.201433084297349, 35.856074938587341 ], [ -121.201435893679587, 35.856254943965169 ], [ -121.20165757797605, 35.856252662558759 ] ] ], [ [ [ -121.20165757797605, 35.856252662558759 ], [ -121.201666007748713, 35.856792678548516 ], [ -121.20210937943186, 35.856788114451099 ], [ -121.202106568450617, 35.856608109154116 ], [ -121.203214994828798, 35.856596691566857 ], [ -121.203212181269393, 35.856416686269874 ], [ -121.202103757496332, 35.85642810383019 ], [ -121.202100946542046, 35.856248098488294 ], [ -121.20165757797605, 35.856252662558759 ] ] ] ] } },
{ "type": "Feature", "properties": { "area_ha": 0.67989488404626763, "count": 17, "min_ha": 0.2, "post_date": "2023-03-25" }, "geometry": { "type": "MultiPolygon", "coordinates": [ [ [ [ -121.20637941862816, 36.016067063264536 ], [ -121.206157273280354, 36.016069353420541 ], [ -121.206162925893352, 36.016429330767856 ], [ -121.206385072283211, 36.016427040602871 ], [ -121.20637941862816, 36.016067063264536 ] ] ], [ [ [ -121.20637941862816, 36.016067063264536 ], [ -121.206823709287846, 36.016062481685914 ], [ -121.206812397980272, 36.015342526829585 ], [ -121.206590254734522, 36.015344817803054 ], [ -121.206587427466829, 36.01516482904406 ], [ -121.205698856451136, 36.01517398872484 ], [ -121.205701681643717, 36.015353977501803 ], [ -121.205923824934388, 36.015351688217166 ], [ -121.205926650665958, 36.01553167697616 ], [ -121.206148794459679, 36.015529387251348 ], [ -121.206151620721272, 36.01570937599238 ], [ -121.206373765027024, 36.015707085845364 ], [ -121.20637941862816, 36.016067063264536 ] ] ] ] } },
{ "type": "Feature", "properties": { "area_ha": 0.47989070555566488, "count": 12, "min_ha": 0.2, "post_date": "2023-03-25" }, "geometry": { "type": "Polygon", "coordinates": [ [ [ -121.215336032567876, 36.343399274769787 ], [ -121.215333172583541, 36.343219316077402 ], [ -121.21511007729427, 36.343221622852234 ], [ -121.215107217848924, 36.343041664141886 ], [ -121.214884123062703, 36.343043970485532 ], [ -121.214881264156347, 36.342864011757214 ], [ -121.214211981297893, 36.342870928236927 ], [ -121.214217695975492, 36.343230845702543 ], [ -121.214440791327632, 36.343228540625525 ], [ -121.214443649209912, 36.343408499335872 ], [ -121.214889840911354, 36.343403887897246 ], [ -121.214892699862631, 36.34358384658065 ], [ -121.215115796220886, 36.343581540219034 ], [ -121.215112936748596, 36.343401581544619 ], [ -121.215336032567876, 36.343399274769787 ] ] ] } },
{ "type": "Feature", "properties": { "area_ha": 0.31995278873943012, "count": 8, "min_ha": 0.2, "post_date": "2023-03-25" }, "geometry": { "type": "MultiPolygon", "coordinates": [ [ [ [ -121.209873402864247, 35.983987511871049 ], [ -121.209651350348338, 35.983989808701537 ], [ -121.209654183652717, 35.984169800523787 ], [ -121.2094321306068, 35.984172096932063 ], [ -121.209434963399133, 35.984352088736344 ], [ -121.209879070524025, 35.984347495479618 ], [ -121.209873402864247, 35.983987511871049 ] ] ], [ [ [ -121.209873402864247, 35.983987511871049 ], [ -121.210317507851144, 35.983982916943454 ], [ -121.210314673001662, 35.983802925121203 ], [ -121.210092621033738, 35.983805222796107 ], [ -121.210089786714263, 35.983625230946906 ], [ -121.209423632292683, 35.983632121411411 ], [ -121.209426465049077, 35.983812113269593 ], [ -121.209870569047837, 35.983807520039818 ], [ -121.209873402864247, 35.983987511871049 ] ] ] ] } },
{ "type": "Feature", "properties": { "area_ha": 0.23994508631904646, "count": 6, "min_ha": 0.2, "post_date": "2023-03-25" }, "geometry": { "type": "MultiPolygon", "coordinates": [ [ [ [ -121.218090576015882, 36.348230437652113 ], [ -121.218087709375027, 36.348050479426853 ], [ -121.217864600063052, 36.348052791420898 ], [ -121.217867466182881, 36.348232749646158 ], [ -121.218090576015882, 36.348230437652113 ] ] ], [ [ [ -121.218090576015882, 36.348230437652113 ], [ -121.2180934426747, 36.348410395859403 ], [ -121.218316553019733, 36.348408083425184 ], [ -121.218319420208559, 36.348588041614512 ], [ -121.218542531065637, 36.348585728758081 ], [ -121.218539663346803, 36.348405770577735 ], [ -121.218985883965004, 36.348401143598252 ], [ -121.218983015204131, 36.348221185408924 ], [ -121.218090576015882, 36.348230437652113 ] ] ] ] } },
{ "type": "Feature", "properties": { "area_ha": 2.319469527895468, "count": 58, "min_ha": 0.2, "post_date": "2023-03-25" }, "geometry": { "type": "Polygon", "coordinates": [ [ [ -121.221874814427295, 36.347651194398836 ], [ -121.22186906338591, 36.347291278029168 ], [ -121.221199742411926, 36.347298234277297 ], [ -121.221196868485734, 36.347118276052036 ], [ -121.220750655485247, 36.347122911421785 ], [ -121.220747782628052, 36.346942953178562 ], [ -121.220524676630859, 36.346945270221141 ], [ -121.220521804303672, 36.346765311950961 ], [ -121.220075593324395, 36.34676994476051 ], [ -121.220072722066206, 36.346589986472374 ], [ -121.219403407066025, 36.346596932497675 ], [ -121.219406276752167, 36.346776890803781 ], [ -121.219183171204136, 36.346779205304131 ], [ -121.219186040378233, 36.346959163601255 ], [ -121.219409146456272, 36.346956849100906 ], [ -121.219412016160376, 36.347136807380068 ], [ -121.219858229322568, 36.347132177085804 ], [ -121.219866841695776, 36.347672051806498 ], [ -121.219643733542625, 36.347674367187189 ], [ -121.219646603839635, 36.347854325394486 ], [ -121.219869712513798, 36.347852010022777 ], [ -121.219872583340802, 36.348031968212098 ], [ -121.220318801695242, 36.3480273361751 ], [ -121.220321673591243, 36.348207294346466 ], [ -121.221214112240503, 36.348198025170035 ], [ -121.221211238251442, 36.348018067025627 ], [ -121.221657456444191, 36.348013429904164 ], [ -121.221651706399925, 36.347653513579402 ], [ -121.221874814427295, 36.347651194398836 ] ], [ [ -121.221208364271348, 36.347838108854262 ], [ -121.221205490300235, 36.347658150682904 ], [ -121.220759274155654, 36.347662786079603 ], [ -121.220762147075718, 36.347842744268924 ], [ -121.221208364271348, 36.347838108854262 ] ] ] } },
{ "type": "Feature", "properties": { "area_ha": 0.43994605779329132, "count": 11, "min_ha": 0.2, "post_date": "2023-03-25" }, "geometry": { "type": "Polygon", "coordinates": [ [ [ -121.217880813656805, 35.872647672543032 ], [ -121.217875116792797, 35.87228766608132 ], [ -121.217653386790047, 35.872289978255026 ], [ -121.217641995298848, 35.871569965089058 ], [ -121.217863723226486, 35.871567652942304 ], [ -121.217858026524183, 35.871207646256011 ], [ -121.217414572726028, 35.871212270118342 ], [ -121.217434504159286, 35.872472293255349 ], [ -121.217656234692043, 35.872469981494866 ], [ -121.217659082612002, 35.872649984725726 ], [ -121.217880813656805, 35.872647672543032 ] ] ] } },
{ "type": "Feature", "properties": { "area_ha": 0.27995831469422056, "count": 7, "min_ha": 0.2, "post_date": "2023-03-25" }, "geometry": { "type": "MultiPolygon", "coordinates": [ [ [ [ -121.227074873858712, 35.990289069343163 ], [ -121.226852803654978, 35.990291398818421 ], [ -121.226855677482362, 35.990471389580662 ], [ -121.227077748207122, 35.990469060096416 ], [ -121.227074873858712, 35.990289069343163 ] ] ], [ [ [ -121.227074873858712, 35.990289069343163 ], [ -121.227296944053464, 35.990286739445693 ], [ -121.227288319535035, 35.989746767078124 ], [ -121.227066250903363, 35.989749096966612 ], [ -121.227063376608854, 35.989569106132507 ], [ -121.226841308480232, 35.989571435589802 ], [ -121.226849929845571, 35.990111408038217 ], [ -121.227071999528292, 35.99010907857194 ], [ -121.227074873858712, 35.990289069343163 ] ] ] ] } },
{ "type": "Feature", "properties": { "area_ha": 0.87986919979506706, "count": 22, "min_ha": 0.2, "post_date": "2023-03-25" }, "geometry": { "type": "Polygon", "coordinates": [ [ [ -121.233053434246102, 35.989146069962786 ], [ -121.233047657674575, 35.988786088456273 ], [ -121.232603526295179, 35.988790769676037 ], [ -121.232600639073922, 35.988610778886844 ], [ -121.232378573882784, 35.988613118863412 ], [ -121.232372800509268, 35.988253137213171 ], [ -121.231928672175158, 35.988257815872736 ], [ -121.231931557815386, 35.988437806715822 ], [ -121.231709493109335, 35.988440145416781 ], [ -121.231715263392658, 35.988800127058042 ], [ -121.231937329140749, 35.988797788348101 ], [ -121.231943100511018, 35.989157769899528 ], [ -121.232165167283185, 35.989155430758395 ], [ -121.23216805351629, 35.989335421502666 ], [ -121.232834255315026, 35.989328401528049 ], [ -121.232831367527822, 35.989148410792758 ], [ -121.233053434246102, 35.989146069962786 ] ] ] } },
{ "type": "Feature", "properties": { "area_ha": 0.35994686293499439, "count": 9, "min_ha": 0.2, "post_date": "2023-03-25" }, "geometry": { "type": "Polygon", "coordinates": [ [ [ -121.236744555010958, 35.983886474964393 ], [ -121.236741658267547, 35.983706483779947 ], [ -121.236075505561757, 35.983713526032787 ], [ -121.236072610390408, 35.983533534812409 ], [ -121.235406459121918, 35.983540573265373 ], [ -121.235412246347451, 35.983900555706128 ], [ -121.236744555010958, 35.983886474964393 ] ] ] } },
{ "type": "Feature", "properties": { "area_ha": 0.79989872730873113, "count": 20, "min_ha": 0.2, "post_date": "2023-03-25" }, "geometry": { "type": "MultiPolygon", "coordinates": [ [ [ [ -121.235245857650668, 35.890648555755128 ], [ -121.235242967923114, 35.890468554877856 ], [ -121.235021186060621, 35.890470900001773 ], [ -121.235018296863075, 35.890290899097558 ], [ -121.234796515503632, 35.890293243799263 ], [ -121.234793626845075, 35.89011324286809 ], [ -121.234571845988697, 35.890115587138609 ], [ -121.234568957860134, 35.889935586189473 ], [ -121.23434717750682, 35.889937930028793 ], [ -121.234344289908265, 35.889757929061695 ], [ -121.234122510058, 35.88976027247881 ], [ -121.234119622998435, 35.889580271475779 ], [ -121.233897843651221, 35.889582614461702 ], [ -121.233892070601101, 35.889222612401731 ], [ -121.234113848906276, 35.88922026942479 ], [ -121.234110961882649, 35.889040268367857 ], [ -121.233445628485299, 35.889047296023072 ], [ -121.233454284929849, 35.889587299184889 ], [ -121.23367606429504, 35.889584957034401 ], [ -121.233678950321533, 35.889764958046413 ], [ -121.233900730198741, 35.889762615464733 ], [ -121.233903616755242, 35.889942616449801 ], [ -121.234125397135529, 35.889940273454897 ], [ -121.234128284231019, 35.890120274413015 ], [ -121.234350065114342, 35.890117930986911 ], [ -121.23435295273984, 35.890297931918084 ], [ -121.234574734126227, 35.890295588069776 ], [ -121.234577622281734, 35.89047558898298 ], [ -121.234799404180166, 35.890473244703479 ], [ -121.234802292865666, 35.890653245589732 ], [ -121.235245857650668, 35.890648555755128 ] ] ], [ [ [ -121.235245857650668, 35.890648555755128 ], [ -121.235248747387203, 35.89082855661443 ], [ -121.235470530282768, 35.890826211059327 ], [ -121.235467640025206, 35.890646210209006 ], [ -121.235245857650668, 35.890648555755128 ] ] ] ] } },
{ "type": "Feature", "properties": { "area_ha": 3.6794305121974262, "count": 92, "min_ha": 0.2, "post_date": "2023-03-25" }, "geometry": { "type": "Polygon", "coordinates": [ [ [ -121.238613571330717, 36.017170429423736 ], [ -121.238596157282316, 36.016090502358459 ], [ -121.238374012841803, 36.016092853680753 ], [ -121.238368209302863, 36.015732877833628 ], [ -121.23814606588644, 36.015735228724722 ], [ -121.238143164660443, 36.015555240765224 ], [ -121.237921021756051, 36.015557591225132 ], [ -121.237918121060062, 36.015377603247671 ], [ -121.237695978658735, 36.015379953285368 ], [ -121.237693078501735, 36.015199965280956 ], [ -121.237470936603458, 36.015202314887468 ], [ -121.237468036985462, 36.015022326865086 ], [ -121.236801612772851, 36.015029373133395 ], [ -121.236807408918651, 36.015389349187139 ], [ -121.236585266445459, 36.015391697113792 ], [ -121.23659106159414, 36.015751673113634 ], [ -121.236146774536692, 36.015756367718289 ], [ -121.236155464245869, 36.016296331605766 ], [ -121.237044044559127, 36.016286940653714 ], [ -121.237046943242873, 36.016466928559311 ], [ -121.237491234360704, 36.016462230541059 ], [ -121.237497033839261, 36.016822206280388 ], [ -121.237274887242791, 36.016824555518582 ], [ -121.2372864842865, 36.017544506799609 ], [ -121.237508632958068, 36.017542157552427 ], [ -121.237511532773709, 36.017722145323276 ], [ -121.237955831122974, 36.017717445544328 ], [ -121.237952930265294, 36.01753745778246 ], [ -121.238397227518604, 36.017532756323654 ], [ -121.238391423773052, 36.017172780772974 ], [ -121.238613571330717, 36.017170429423736 ] ] ] } },
{ "type": "Feature", "properties": { "area_ha": 1.0798551750643854, "count": 27, "min_ha": 0.2, "post_date": "2023-03-25" }, "geometry": { "type": "Polygon", "coordinates": [ [ [ -121.236887186511396, 35.92375665607733 ], [ -121.236884291699369, 35.923576658721458 ], [ -121.236662414417822, 35.923579006917606 ], [ -121.236659520135817, 35.923399009534783 ], [ -121.236215766560875, 35.923403704642503 ], [ -121.236209980125849, 35.923043709804986 ], [ -121.235322476973479, 35.923053094926971 ], [ -121.235328259258281, 35.923413089809394 ], [ -121.235550136108628, 35.923410744146494 ], [ -121.235555919480404, 35.923770738939091 ], [ -121.235777797354828, 35.923768392853979 ], [ -121.235780689579698, 35.923948390209851 ], [ -121.236002567957186, 35.923946043693547 ], [ -121.236008353493901, 35.924306038351396 ], [ -121.236452112288049, 35.924301344034198 ], [ -121.236446324676237, 35.923941349394319 ], [ -121.236668203008804, 35.923939001620376 ], [ -121.236665308708822, 35.923759004273485 ], [ -121.236887186511396, 35.92375665607733 ] ] ] } },
{ "type": "Feature", "properties": { "area_ha": 0.67984164243376999, "count": 17, "min_ha": 0.2, "post_date": "2023-03-25" }, "geometry": { "type": "Polygon", "coordinates": [ [ [ -121.246727619208258, 36.366468919507639 ], [ -121.246721749750932, 36.366109007449886 ], [ -121.246498588624135, 36.366111373774039 ], [ -121.246495654438959, 36.365931417713718 ], [ -121.246049333191479, 36.365936149086423 ], [ -121.246046400075286, 36.36575619299915 ], [ -121.245823239954603, 36.365758558047702 ], [ -121.245840835714219, 36.366838294364705 ], [ -121.246287162243789, 36.366833563791502 ], [ -121.246284228525738, 36.366653607785082 ], [ -121.246507391251541, 36.366651241865171 ], [ -121.246504457021445, 36.366471285849762 ], [ -121.246727619208258, 36.366468919507639 ] ] ] } },
{ "type": "Feature", "properties": { "area_ha": 1.8396978863747488, "count": 46, "min_ha": 0.2, "post_date": "2023-03-25" }, "geometry": { "type": "Polygon", "coordinates": [ [ [ -121.243738486859286, 36.059239943545897 ], [ -121.243735570882961, 36.059059960006117 ], [ -121.243513302259345, 36.059062321030211 ], [ -121.243507471384675, 36.058702353896741 ], [ -121.243062936185609, 36.058707074651359 ], [ -121.243060021808276, 36.058527091048688 ], [ -121.2428377547118, 36.058529450788193 ], [ -121.242834840873456, 36.058349467158578 ], [ -121.242612574280045, 36.05835182646689 ], [ -121.242609660971709, 36.058171842819313 ], [ -121.242387394890329, 36.058174201705413 ], [ -121.242381569360631, 36.057814234347369 ], [ -121.242159304303328, 36.057816592793294 ], [ -121.242156392081952, 36.057636609082834 ], [ -121.24171186297346, 36.057641324708065 ], [ -121.241714774152783, 36.057821308427513 ], [ -121.241492509059555, 36.057823665615807 ], [ -121.241495419735813, 36.058003649326267 ], [ -121.241273154103595, 36.058006006092349 ], [ -121.241276064276803, 36.058185989793827 ], [ -121.241942862682649, 36.058178918202017 ], [ -121.241945774427904, 36.058358901867564 ], [ -121.242168041057269, 36.058356543825873 ], [ -121.242182602595307, 36.059256461857174 ], [ -121.242404871820796, 36.059254103366328 ], [ -121.24240778468895, 36.059434086915097 ], [ -121.243074593829661, 36.059427008882359 ], [ -121.243077508278844, 36.059606992395196 ], [ -121.243299778483504, 36.059604632206536 ], [ -121.243296863522261, 36.059424648702681 ], [ -121.243519133196912, 36.059422288091817 ], [ -121.243516217723638, 36.059242304569992 ], [ -121.243738486859286, 36.059239943545897 ] ] ] } },
{ "type": "Feature", "properties": { "area_ha": 1.5997797521481785, "count": 40, "min_ha": 0.2, "post_date": "2023-03-25" }, "geometry": { "type": "Polygon", "coordinates": [ [ [ -121.2473621289558, 35.940207837689371 ], [ -121.247356289071021, 35.939847846894274 ], [ -121.247134365157933, 35.939850214943199 ], [ -121.247128526360115, 35.939490224067256 ], [ -121.246906603471103, 35.939492591684989 ], [ -121.246900765778207, 35.939132600719212 ], [ -121.246678843913273, 35.939134967905751 ], [ -121.246675925601323, 35.938954972391421 ], [ -121.245788240090945, 35.93896443690651 ], [ -121.245791156327783, 35.939144432438802 ], [ -121.245569234390999, 35.939146797523286 ], [ -121.24557798161031, 35.939686784039317 ], [ -121.245134134592618, 35.93969151295962 ], [ -121.245139964065913, 35.940051503898438 ], [ -121.245583813158717, 35.940046774951192 ], [ -121.245586728955388, 35.940226770375688 ], [ -121.245808654000356, 35.940224405264253 ], [ -121.245802821391933, 35.939864414397299 ], [ -121.246024745385867, 35.939862048881629 ], [ -121.246021828583082, 35.939682053421201 ], [ -121.24624375203804, 35.93967968748332 ], [ -121.246246669361838, 35.939859682934767 ], [ -121.246690517286837, 35.939854949783395 ], [ -121.246693435661655, 35.94003494519891 ], [ -121.246915360122728, 35.940032577994408 ], [ -121.246918279036535, 35.940212573382972 ], [ -121.2473621289558, 35.940207837689371 ] ] ] } },
{ "type": "Feature", "properties": { "area_ha": 0.23996013397139387, "count": 6, "min_ha": 0.2, "post_date": "2023-03-25" }, "geometry": { "type": "Polygon", "coordinates": [ [ [ -121.251878114938279, 36.067613862913994 ], [ -121.251866373481406, 36.066893932734388 ], [ -121.251644082426864, 36.06689630918256 ], [ -121.251649952090801, 36.067256274312783 ], [ -121.251427659976244, 36.067258650347725 ], [ -121.251433528652029, 36.067618615424053 ], [ -121.251878114938279, 36.067613862913994 ] ] ] } },
{ "type": "Feature", "properties": { "area_ha": 0.31995119385977844, "count": 8, "min_ha": 0.2, "post_date": "2023-03-25" }, "geometry": { "type": "MultiPolygon", "coordinates": [ [ [ [ -121.25266074025734, 36.006579763435248 ], [ -121.252666610065006, 36.006939740387303 ], [ -121.252888727600975, 36.00693736191792 ], [ -121.25288285675127, 36.006577384974854 ], [ -121.25266074025734, 36.006579763435248 ] ] ], [ [ [ -121.252204771921186, 36.005864564906823 ], [ -121.252201838131256, 36.005684576318508 ], [ -121.25197972419754, 36.005686953476349 ], [ -121.251982657466428, 36.005866942073645 ], [ -121.252204771921186, 36.005864564906823 ] ] ], [ [ [ -121.252204771921186, 36.005864564906823 ], [ -121.252210639545936, 36.006224542020576 ], [ -121.252432755024756, 36.006222164422567 ], [ -121.252438623745462, 36.006582141464449 ], [ -121.25266074025734, 36.006579763435248 ], [ -121.252651935635683, 36.006039797858946 ], [ -121.252429820686871, 36.006042175879166 ], [ -121.252426886366933, 36.005862187317796 ], [ -121.252204771921186, 36.005864564906823 ] ] ] ] } },
{ "type": "Feature", "properties": { "area_ha": 0.27995688077659847, "count": 7, "min_ha": 0.2, "post_date": "2023-03-25" }, "geometry": { "type": "Polygon", "coordinates": [ [ [ -121.258772899971262, 36.01353492915225 ], [ -121.258761102172059, 36.0128149784192 ], [ -121.257872564690473, 36.012824534310916 ], [ -121.25787551203598, 36.013004522036852 ], [ -121.258541916728191, 36.012997355744638 ], [ -121.258550763543724, 36.01353731877871 ], [ -121.258772899971262, 36.01353492915225 ] ] ] } },
{ "type": "Feature", "properties": { "area_ha": 0.39993251353795356, "count": 10, "min_ha": 0.2, "post_date": "2023-03-25" }, "geometry": { "type": "Polygon", "coordinates": [ [ [ -121.260736730540756, 36.07903968300117 ], [ -121.260727860800216, 36.078499739370706 ], [ -121.26028321200917, 36.078504525450811 ], [ -121.260295034188658, 36.079224450294419 ], [ -121.260072707686589, 36.079226842723621 ], [ -121.260075662739638, 36.079406823900833 ], [ -121.260297989762719, 36.079404431462649 ], [ -121.260300945363738, 36.079584412612917 ], [ -121.260523272889884, 36.079582019752529 ], [ -121.260514404586658, 36.0790420762658 ], [ -121.260736730540756, 36.07903968300117 ] ] ] } },
{ "type": "Feature", "properties": { "area_ha": 0.27996439236075987, "count": 7, "min_ha": 0.2, "post_date": "2023-03-25" }, "geometry": { "type": "MultiPolygon", "coordinates": [ [ [ [ -121.258127632853274, 35.892744755084976 ], [ -121.258130576201268, 35.892924755144783 ], [ -121.25835236443281, 35.892922366156128 ], [ -121.258349420563803, 35.892742366096329 ], [ -121.258127632853274, 35.892744755084976 ] ] ], [ [ [ -121.257902902315777, 35.892567143564669 ], [ -121.257897016733693, 35.892207143328278 ], [ -121.257675230550305, 35.892209531454547 ], [ -121.257672288298252, 35.892029531304914 ], [ -121.257228716928608, 35.892034306290824 ], [ -121.257231658147589, 35.892214306449439 ], [ -121.257453444357935, 35.892211919167586 ], [ -121.257456386106924, 35.892391919299257 ], [ -121.25767817282032, 35.892389531586218 ], [ -121.257681115099317, 35.89256953169992 ], [ -121.257902902315777, 35.892567143564669 ] ] ], [ [ [ -121.257902902315777, 35.892567143564669 ], [ -121.257905845133763, 35.89274714365142 ], [ -121.258127632853274, 35.892744755084976 ], [ -121.258124689523243, 35.892564755007207 ], [ -121.257902902315777, 35.892567143564669 ] ] ] ] } },
{ "type": "Feature", "properties": { "area_ha": 0.51991972425024857, "count": 13, "min_ha": 0.2, "post_date": "2023-03-25" }, "geometry": { "type": "MultiPolygon", "coordinates": [ [ [ [ -121.259673251906804, 36.014245316798089 ], [ -121.259670300294317, 36.014065329233851 ], [ -121.259448162366596, 36.014067720567105 ], [ -121.259451113449074, 36.014247708131336 ], [ -121.259673251906804, 36.014245316798089 ] ] ], [ [ [ -121.259673251906804, 36.014245316798089 ], [ -121.259679155167731, 36.014605291872662 ], [ -121.260123434122363, 36.014600507912583 ], [ -121.260126386812843, 36.014780495413937 ], [ -121.260570666746631, 36.014775709765026 ], [ -121.260573620497127, 36.014955697230448 ], [ -121.261017901419066, 36.014950909883723 ], [ -121.261020856220583, 36.015130897322194 ], [ -121.261242997175628, 36.015128503006537 ], [ -121.261237086548519, 36.014768528120605 ], [ -121.261014946635513, 36.0147709224183 ], [ -121.261011991860954, 36.01459093494389 ], [ -121.260345573577226, 36.01459811530372 ], [ -121.260342620374715, 36.014418127793384 ], [ -121.259898342489066, 36.01442291257991 ], [ -121.259895390346571, 36.014242925042623 ], [ -121.259673251906804, 36.014245316798089 ] ] ] ] } },
{ "type": "Feature", "properties": { "area_ha": 0.47992446238264963, "count": 12, "min_ha": 0.2, "post_date": "2023-03-25" }, "geometry": { "type": "Polygon", "coordinates": [ [ [ -121.26322732270053, 36.027708406193483 ], [ -121.263224362248607, 36.027528420057571 ], [ -121.262780008706855, 36.027533215749642 ], [ -121.262782968116724, 36.027713201894542 ], [ -121.262560790806859, 36.027715599120747 ], [ -121.262563749713678, 36.027895585256658 ], [ -121.262341571864823, 36.027897982060651 ], [ -121.262347488681328, 36.028257954287568 ], [ -121.262125309781439, 36.028260350678337 ], [ -121.262131225609792, 36.028620322842372 ], [ -121.262575585484669, 36.028615529620659 ], [ -121.262569667572222, 36.028255557474594 ], [ -121.262791846445154, 36.028253160230427 ], [ -121.26278592754457, 36.027893188030461 ], [ -121.263008105366467, 36.027890790382052 ], [ -121.263005145417608, 36.027710804255115 ], [ -121.26322732270053, 36.027708406193483 ] ] ] } },
{ "type": "Feature", "properties": { "area_ha": 0.87986693632960722, "count": 22, "min_ha": 0.2, "post_date": "2023-03-25" }, "geometry": { "type": "Polygon", "coordinates": [ [ [ -121.262558352410878, 36.000532693338151 ], [ -121.262549478933352, 35.999992726701834 ], [ -121.262105284600011, 35.999997519905577 ], [ -121.262111198155623, 36.000357497702048 ], [ -121.261000706874015, 36.000369473394628 ], [ -121.261006615291265, 36.000729451173136 ], [ -121.261228714609402, 36.000727056866459 ], [ -121.261231669357016, 36.000907045724269 ], [ -121.261897968811596, 36.00089986026201 ], [ -121.261900925131258, 36.001079849083887 ], [ -121.262123025437546, 36.001077453079397 ], [ -121.262117111774131, 36.000717475426654 ], [ -121.262339211029371, 36.000715079017922 ], [ -121.262336253694613, 36.000535090169095 ], [ -121.262558352410878, 36.000532693338151 ] ] ] } },
{ "type": "Feature", "properties": { "area_ha": 0.23995698497896914, "count": 6, "min_ha": 0.2, "post_date": "2023-03-25" }, "geometry": { "type": "Polygon", "coordinates": [ [ [ -121.265744563499993, 36.126508534918692 ], [ -121.265735653011873, 36.125968605203134 ], [ -121.265513191196575, 36.125971007900077 ], [ -121.265510221581835, 36.125791031295286 ], [ -121.265287760269601, 36.125793433561036 ], [ -121.265296667577672, 36.12633336336642 ], [ -121.265519130452986, 36.126330961073727 ], [ -121.265522100112634, 36.126510937633597 ], [ -121.265744563499993, 36.126508534918692 ] ] ] } },
{ "type": "Feature", "properties": { "area_ha": 0.23996232253220459, "count": 6, "min_ha": 0.2, "post_date": "2023-03-25" }, "geometry": { "type": "MultiPolygon", "coordinates": [ [ [ [ -121.264981023913208, 36.026249317251896 ], [ -121.265203196911173, 36.026246915435301 ], [ -121.265200231877841, 36.026066929200567 ], [ -121.264978059400917, 36.026069331008181 ], [ -121.264981023913208, 36.026249317251896 ] ] ], [ [ [ -121.264761814906549, 36.026431704863043 ], [ -121.264095294232831, 36.026438906539894 ], [ -121.264098256688001, 36.026618892756659 ], [ -121.264320430781893, 36.026616492619915 ], [ -121.264323393767057, 36.02679647881871 ], [ -121.264545568364014, 36.026794078250781 ], [ -121.264542604857823, 36.026614092060967 ], [ -121.264764778924771, 36.026611691070819 ], [ -121.264761814906549, 36.026431704863043 ] ] ], [ [ [ -121.264981023913208, 36.026249317251896 ], [ -121.264758850906276, 36.026251718646279 ], [ -121.264761814906549, 36.026431704863043 ], [ -121.264983988434494, 36.02642930346866 ], [ -121.264981023913208, 36.026249317251896 ] ] ] ] } },
{ "type": "Feature", "properties": { "area_ha": 0.31992626540978497, "count": 8, "min_ha": 0.2, "post_date": "2023-03-25" }, "geometry": { "type": "Polygon", "coordinates": [ [ [ -121.283147821367905, 36.355457731150011 ], [ -121.283141781329491, 36.355097819137171 ], [ -121.282918653476287, 36.35510025460465 ], [ -121.282915634005064, 36.35492029857128 ], [ -121.282692506663892, 36.354922733607573 ], [ -121.282701563550461, 36.355462601689723 ], [ -121.282478434619279, 36.355465036321768 ], [ -121.282484471567486, 36.355824948307664 ], [ -121.282707601540707, 36.355822513666631 ], [ -121.282704582545577, 36.355642557687155 ], [ -121.282927711979823, 36.355640122623917 ], [ -121.282924692463666, 36.35546016663546 ], [ -121.283147821367905, 36.355457731150011 ] ] ] } },
{ "type": "Feature", "properties": { "area_ha": 0.35991696905748211, "count": 9, "min_ha": 0.2, "post_date": "2023-03-25" }, "geometry": { "type": "MultiPolygon", "coordinates": [ [ [ [ -121.283823251227162, 36.355810334101392 ], [ -121.283600121316823, 36.35581277086245 ], [ -121.283612205876238, 36.356532594555759 ], [ -121.283389073854849, 36.356535030912575 ], [ -121.283398135843839, 36.357074898536581 ], [ -121.283621269446257, 36.357072462161796 ], [ -121.28361522705427, 36.35671255043642 ], [ -121.283838359587691, 36.356710113648411 ], [ -121.283823251227162, 36.355810334101392 ] ] ], [ [ [ -121.283823251227162, 36.355810334101392 ], [ -121.284046381119538, 36.35580789691813 ], [ -121.28404335896235, 36.355627940965611 ], [ -121.283820229599982, 36.355630378139892 ], [ -121.283823251227162, 36.355810334101392 ] ] ] ] } },
{ "type": "Feature", "properties": { "area_ha": 0.63985262878403948, "count": 16, "min_ha": 0.2, "post_date": "2023-03-25" }, "geometry": { "type": "MultiPolygon", "coordinates": [ [ [ [ -121.283802100124305, 36.354550642110347 ], [ -121.283355847642852, 36.354555515129405 ], [ -121.283358868138166, 36.354735471180739 ], [ -121.283805121661658, 36.354730598152699 ], [ -121.283802100124305, 36.354550642110347 ] ] ], [ [ [ -121.283802100124305, 36.354550642110347 ], [ -121.284248352542875, 36.354545767393475 ], [ -121.284257420370906, 36.355085635448667 ], [ -121.284034292589581, 36.35508807302719 ], [ -121.284040336823111, 36.355447985004105 ], [ -121.284486594469882, 36.355443109388915 ], [ -121.284462409459863, 36.354003461229745 ], [ -121.284016160221327, 36.354008336755101 ], [ -121.284022204284184, 36.354368248911676 ], [ -121.283799078595933, 36.354370686050025 ], [ -121.283802100124305, 36.354550642110347 ] ] ] ] } },
{ "type": "Feature", "properties": { "area_ha": 1.9995410826222104, "count": 50, "min_ha": 0.2, "post_date": "2023-03-25" }, "geometry": { "type": "MultiPolygon", "coordinates": [ [ [ [ -121.283765842709087, 36.352391168425306 ], [ -121.283768864084749, 36.352571124647326 ], [ -121.283991984526835, 36.352568687562872 ], [ -121.283995006441486, 36.352748643766922 ], [ -121.284218127395633, 36.352746206251283 ], [ -121.284233239789586, 36.353645987011028 ], [ -121.284456363357819, 36.353643549046225 ], [ -121.28445938640435, 36.353823505142479 ], [ -121.284682510475648, 36.353821066755472 ], [ -121.284676463349527, 36.353461154545002 ], [ -121.284453340320283, 36.353463592932009 ], [ -121.284444271306469, 36.352923724490537 ], [ -121.28466739275467, 36.352921286121493 ], [ -121.284655298834821, 36.352201461359194 ], [ -121.284432179488661, 36.35220389970128 ], [ -121.284435202418408, 36.3523838559233 ], [ -121.283765842709087, 36.352391168425306 ] ] ], [ [ [ -121.28353970194236, 36.352213648838585 ], [ -121.283518556507858, 36.350953954736489 ], [ -121.283741672233802, 36.350951518128149 ], [ -121.283732608546998, 36.350411649012941 ], [ -121.283955722691914, 36.350409212000358 ], [ -121.283946657549834, 36.349869342768365 ], [ -121.284169770104725, 36.349866905342559 ], [ -121.284166747893636, 36.349686948913927 ], [ -121.284389859909524, 36.349684511065909 ], [ -121.284365678546678, 36.348244859115852 ], [ -121.284142570734886, 36.348247296909967 ], [ -121.284151637062735, 36.348787166528233 ], [ -121.283928527651952, 36.348789603918114 ], [ -121.283940614196638, 36.349509429875177 ], [ -121.283717502674818, 36.349511866869797 ], [ -121.283729587342023, 36.35023169261126 ], [ -121.283506473709153, 36.350234129201638 ], [ -121.28351553578797, 36.350773998370748 ], [ -121.28329242056509, 36.350776434556877 ], [ -121.283301481188644, 36.351316303609202 ], [ -121.283078364375726, 36.351318739382116 ], [ -121.283084403821249, 36.351678652023779 ], [ -121.283307521676207, 36.351676216241884 ], [ -121.283316582524336, 36.352216085069635 ], [ -121.28353970194236, 36.352213648838585 ] ] ], [ [ [ -121.28353970194236, 36.352213648838585 ], [ -121.283542722779018, 36.352393605087549 ], [ -121.283765842709087, 36.352391168425306 ], [ -121.283762821351388, 36.352211212194305 ], [ -121.28353970194236, 36.352213648838585 ] ] ] ] } },
{ "type": "Feature", "properties": { "area_ha": 0.87979994614514345, "count": 22, "min_ha": 0.2, "post_date": "2023-03-25" }, "geometry": { "type": "MultiPolygon", "coordinates": [ [ [ [ -121.284715144194806, 36.342481365253022 ], [ -121.284492053199486, 36.342483803720881 ], [ -121.284495075895663, 36.342663760733416 ], [ -121.284718167412009, 36.342661322265556 ], [ -121.284715144194806, 36.342481365253022 ] ] ], [ [ [ -121.284715144194806, 36.342481365253022 ], [ -121.285161326131558, 36.342476487041708 ], [ -121.285158301881282, 36.342296530029174 ], [ -121.285381392301687, 36.342294090294693 ], [ -121.285360219270956, 36.341034390802712 ], [ -121.285583306008263, 36.341031950681952 ], [ -121.285571205351047, 36.340312122092826 ], [ -121.285348120715796, 36.340314562186634 ], [ -121.285354169961934, 36.340674476526111 ], [ -121.285131084266666, 36.340676916206696 ], [ -121.285140156676121, 36.341216787612609 ], [ -121.284917069390829, 36.341219226888946 ], [ -121.284935211442914, 36.342298969332461 ], [ -121.284712120995565, 36.342301408222525 ], [ -121.284715144194806, 36.342481365253022 ] ] ] ] } },
{ "type": "Feature", "properties": { "area_ha": 0.55987434947173198, "count": 14, "min_ha": 0.2, "post_date": "2023-03-25" }, "geometry": { "type": "MultiPolygon", "coordinates": [ [ [ [ -121.287140835051602, 36.327515591881912 ], [ -121.287363882298962, 36.327513148374507 ], [ -121.28736085345831, 36.327333190167209 ], [ -121.287137806731963, 36.327335633674615 ], [ -121.287140835051602, 36.327515591881912 ] ] ], [ [ [ -121.286269829827731, 36.328785068879988 ], [ -121.286046778825394, 36.328787510312289 ], [ -121.286055856292364, 36.32932738460179 ], [ -121.286278908857753, 36.329324943151526 ], [ -121.286269829827731, 36.328785068879988 ] ] ], [ [ [ -121.287140835051602, 36.327515591881912 ], [ -121.286917787786265, 36.327518034976087 ], [ -121.286920815593859, 36.327697993165415 ], [ -121.287143863380223, 36.32769555007124 ], [ -121.287140835051602, 36.327515591881912 ] ] ], [ [ [ -121.286920815593859, 36.327697993165415 ], [ -121.286697767789533, 36.327700435837386 ], [ -121.286700795085096, 36.327880394026714 ], [ -121.286477746741781, 36.327882836285461 ], [ -121.286480773525298, 36.32806279445682 ], [ -121.286257724642994, 36.328065236293362 ], [ -121.286269829827731, 36.328785068879988 ], [ -121.286492880803095, 36.328782627016501 ], [ -121.286486827137253, 36.328422710772593 ], [ -121.286709877052616, 36.328420268495883 ], [ -121.28670382238964, 36.328060352198079 ], [ -121.286926871244987, 36.328057909517121 ], [ -121.286920815593859, 36.327697993165415 ] ] ] ] } },
{ "type": "Feature", "properties": { "area_ha": 9.4786543811131754, "count": 237, "min_ha": 0.2, "post_date": "2023-03-25" }, "geometry": { "type": "Polygon", "coordinates": [ [ [ -121.280323618887635, 35.960194419025171 ], [ -121.280326616790319, 35.960374411503196 ], [ -121.280104634648424, 35.960376842119771 ], [ -121.280110629447677, 35.9607368270309 ], [ -121.28033261262263, 35.960734396405343 ], [ -121.280335610561252, 35.960914388829465 ], [ -121.280113626865273, 35.960916819464011 ], [ -121.280122619207887, 35.961456796637563 ], [ -121.280344604466919, 35.961454365985048 ], [ -121.28034160648339, 35.961274373614827 ], [ -121.280563591212427, 35.961271942549089 ], [ -121.280560592725834, 35.96109195016988 ], [ -121.281004561087968, 35.961087086789746 ], [ -121.281001561577298, 35.960907094401556 ], [ -121.281445528852458, 35.960902229341578 ], [ -121.28144252830873, 35.960722236944399 ], [ -121.281664511402838, 35.960719803794575 ], [ -121.281652507314504, 35.959999834053164 ], [ -121.281874488315523, 35.95999740049011 ], [ -121.281868485323642, 35.959637415525087 ], [ -121.281646505355681, 35.959639849070172 ], [ -121.28164350439873, 35.959459856547234 ], [ -121.2814215249428, 35.959462289661133 ], [ -121.281415524106876, 35.959102304561355 ], [ -121.281193545666042, 35.959104737244061 ], [ -121.281187545926059, 35.958744752054457 ], [ -121.280965568518297, 35.95874718430597 ], [ -121.280956570570197, 35.958207206368847 ], [ -121.280734594707539, 35.958209638189174 ], [ -121.28073159594247, 35.95802964549555 ], [ -121.280509620582862, 35.958032076884685 ], [ -121.280506622347815, 35.957852084173098 ], [ -121.280284647500238, 35.957854515131039 ], [ -121.280281649795185, 35.95767452240149 ], [ -121.280059675450687, 35.95767695293722 ], [ -121.280056678284623, 35.957496960171738 ], [ -121.279834704443161, 35.957499390276283 ], [ -121.279831707816086, 35.957319397492832 ], [ -121.279387761130309, 35.957324256435285 ], [ -121.279384765545288, 35.95714426362489 ], [ -121.279162792700959, 35.957146692453819 ], [ -121.279159797654927, 35.956966699616473 ], [ -121.278937825322643, 35.956969128023196 ], [ -121.278931836308544, 35.956609142276641 ], [ -121.278265922330021, 35.956616424936612 ], [ -121.278268915274012, 35.956796417836841 ], [ -121.278046943399872, 35.956798844545752 ], [ -121.27805292828171, 35.957158830301296 ], [ -121.277830955347568, 35.957161256605964 ], [ -121.277833947294411, 35.957341249452291 ], [ -121.277611973830247, 35.957343675343736 ], [ -121.277614965274054, 35.957523668181082 ], [ -121.277392991279882, 35.957526093659297 ], [ -121.277398973152373, 35.957886079289075 ], [ -121.27717699810718, 35.957888504354067 ], [ -121.277182979000514, 35.958248489920969 ], [ -121.277404955087746, 35.958246064846996 ], [ -121.27740794607341, 35.958426057603489 ], [ -121.277629922672688, 35.958423632098324 ], [ -121.277632914188345, 35.958603624827873 ], [ -121.277854891290687, 35.958601198900503 ], [ -121.277857883345334, 35.958781191603101 ], [ -121.278079860950726, 35.95877876525352 ], [ -121.278085846137998, 35.959138750595841 ], [ -121.278751781981512, 35.959131468977908 ], [ -121.278754776156177, 35.959311461599661 ], [ -121.278976755270747, 35.959309033543278 ], [ -121.27897974997542, 35.959489026147068 ], [ -121.279423709183718, 35.959484168758699 ], [ -121.279426704948406, 35.959664161335532 ], [ -121.279648685051114, 35.959661732003546 ], [ -121.279651681345825, 35.959841724553428 ], [ -121.279873661960565, 35.959839294799231 ], [ -121.27987665878527, 35.960019287322169 ], [ -121.280098639903073, 35.960016857136779 ], [ -121.280101637266768, 35.960196849641754 ], [ -121.280323618887635, 35.960194419025171 ] ], [ [ -121.278295852362731, 35.95841635307653 ], [ -121.278289866241209, 35.95805636759048 ], [ -121.277845915207578, 35.958061220675923 ], [ -121.277851899245022, 35.958421206179935 ], [ -121.278295852362731, 35.95841635307653 ] ], [ [ -121.278295852362731, 35.95841635307653 ], [ -121.278298845441455, 35.958596345788109 ], [ -121.278742799538335, 35.958591490977909 ], [ -121.278748787824796, 35.958951476329212 ], [ -121.278970765888332, 35.958949048281809 ], [ -121.278961781927009, 35.958409070254859 ], [ -121.278295852362731, 35.95841635307653 ] ], [ [ -121.280542602093774, 35.96001199550836 ], [ -121.280320621002915, 35.960014426529185 ], [ -121.280323618887635, 35.960194419025171 ], [ -121.280545600499522, 35.960191987995366 ], [ -121.280542602093774, 35.96001199550836 ] ], [ [ -121.280539603706004, 35.959832002994411 ], [ -121.280536605327214, 35.959652010471473 ], [ -121.280314625278407, 35.959654441483309 ], [ -121.28031762313617, 35.959834434015228 ], [ -121.280539603706004, 35.959832002994411 ] ], [ [ -121.280542602093774, 35.96001199550836 ], [ -121.280764583166672, 35.96000956405635 ], [ -121.280761584257874, 35.959829571551381 ], [ -121.280539603706004, 35.959832002994411 ], [ -121.280542602093774, 35.96001199550836 ] ] ] } },
{ "type": "Feature", "properties": { "area_ha": 0.51991183864669377, "count": 13, "min_ha": 0.2, "post_date": "2023-03-25" }, "geometry": { "type": "Polygon", "coordinates": [ [ [ -121.283708479996093, 36.083110445773897 ], [ -121.283702458768417, 36.082750485323892 ], [ -121.283480122780134, 36.082752922183765 ], [ -121.283465072558585, 36.081853020735366 ], [ -121.283687405932753, 36.081850583902444 ], [ -121.283684395408741, 36.081670603569641 ], [ -121.283239729693449, 36.081675476804293 ], [ -121.283269825141929, 36.083475279494479 ], [ -121.283492163214305, 36.083472843038855 ], [ -121.283486142974752, 36.083112882642752 ], [ -121.283708479996093, 36.083110445773897 ] ] ] } },
{ "type": "Feature", "properties": { "area_ha": 5.3587590785386094, "count": 134, "min_ha": 0.2, "post_date": "2023-03-25" }, "geometry": { "type": "MultiPolygon", "coordinates": [ [ [ [ -121.28863332712838, 36.363137240927756 ], [ -121.288636360379769, 36.363317196143655 ], [ -121.288859512029333, 36.363314749833506 ], [ -121.288856478247936, 36.363134794617608 ], [ -121.28863332712838, 36.363137240927756 ] ] ], [ [ [ -121.285867737115282, 36.357947853895141 ], [ -121.285864710592278, 36.357767898167197 ], [ -121.285641575040515, 36.357770338799988 ], [ -121.285644601033525, 36.35795029453692 ], [ -121.285867737115282, 36.357947853895141 ] ] ], [ [ [ -121.282505601317382, 36.35708463980464 ], [ -121.282493527088604, 36.356364816183195 ], [ -121.282270395516377, 36.356367250419986 ], [ -121.2822824676431, 36.357087074068382 ], [ -121.282505601317382, 36.35708463980464 ] ] ], [ [ [ -121.28863332712838, 36.363137240927756 ], [ -121.288627260661528, 36.36277733044205 ], [ -121.28840411057503, 36.362779776321005 ], [ -121.288401077889574, 36.362599821051198 ], [ -121.288177928315122, 36.362602266489986 ], [ -121.288174896168655, 36.362422311202216 ], [ -121.287951747106234, 36.362424756218786 ], [ -121.287936589203625, 36.361524979528419 ], [ -121.288159735651945, 36.361522534547774 ], [ -121.288150639509013, 36.360982668370056 ], [ -121.288373784358342, 36.360980222976188 ], [ -121.288367719283883, 36.360620312131161 ], [ -121.288144575485589, 36.36062275751604 ], [ -121.288132447609414, 36.359902935628348 ], [ -121.287909305895212, 36.359905380564072 ], [ -121.287903243093496, 36.359545469521407 ], [ -121.287680102421334, 36.359547914016964 ], [ -121.287674040724539, 36.359188002902435 ], [ -121.28745090108545, 36.359190446975781 ], [ -121.287444840493578, 36.358830535789387 ], [ -121.287221701887546, 36.358832979422552 ], [ -121.287218672139588, 36.358653023802411 ], [ -121.28677239594262, 36.358657909775168 ], [ -121.286769367254678, 36.358477954137058 ], [ -121.286546229654746, 36.358480396485639 ], [ -121.286543201514775, 36.358300440820578 ], [ -121.286320064426889, 36.358302882737959 ], [ -121.286314009233905, 36.357942971353943 ], [ -121.285867737115282, 36.357947853895141 ], [ -121.285870763656263, 36.358127809614096 ], [ -121.283639396963608, 36.358152196996585 ], [ -121.283636375677773, 36.357972241223727 ], [ -121.283190103217791, 36.357977113604974 ], [ -121.283193123452591, 36.35815706938682 ], [ -121.283416260217081, 36.358154633398314 ], [ -121.28341928099087, 36.35833458916219 ], [ -121.28431182999816, 36.358324840959135 ], [ -121.284314852891981, 36.358504796687079 ], [ -121.284537990635627, 36.358502358569567 ], [ -121.284534967211812, 36.358322402850611 ], [ -121.284981241603163, 36.358317525366921 ], [ -121.284984266069031, 36.358497481067921 ], [ -121.285653679120315, 36.358490161648881 ], [ -121.285656705176208, 36.358670117322923 ], [ -121.286549257812695, 36.358660352132731 ], [ -121.286552285988606, 36.358840307770841 ], [ -121.286775424639544, 36.358837865413285 ], [ -121.286778453345462, 36.359017821024445 ], [ -121.287001592508446, 36.359015378235696 ], [ -121.287007651025206, 36.359375289413101 ], [ -121.287230791212266, 36.35937284619316 ], [ -121.287236850833949, 36.359732757298701 ], [ -121.287013709595854, 36.359735200527631 ], [ -121.287016738903645, 36.359915156066926 ], [ -121.287239880671748, 36.359912712829015 ], [ -121.287245940374277, 36.360272623844729 ], [ -121.287469083184419, 36.360270180166644 ], [ -121.287520601925294, 36.363329421343309 ], [ -121.287743753646737, 36.363326977153186 ], [ -121.287746784814033, 36.363506932378073 ], [ -121.287969937047507, 36.363504487756757 ], [ -121.287972968753792, 36.363684442963674 ], [ -121.288196121499311, 36.363681997911172 ], [ -121.288199153744586, 36.363861953091138 ], [ -121.288422306993155, 36.363859507616425 ], [ -121.288419274217873, 36.363679552436459 ], [ -121.288642426936434, 36.363677106530552 ], [ -121.288645460232743, 36.363857061710519 ], [ -121.289091766667013, 36.363852168632086 ], [ -121.289085697981321, 36.363492258290108 ], [ -121.288416241460553, 36.363499597238516 ], [ -121.288410175990848, 36.363139686806711 ], [ -121.28863332712838, 36.363137240927756 ] ], [ [ -121.287918400205584, 36.360445247020266 ], [ -121.287912337323021, 36.360085336067435 ], [ -121.287689195069817, 36.360087780580955 ], [ -121.287695256901358, 36.360447691542767 ], [ -121.287918400205584, 36.360445247020266 ] ] ], [ [ [ -121.282505601317382, 36.35708463980464 ], [ -121.282511638517121, 36.357444551530023 ], [ -121.282734773215481, 36.357442116844069 ], [ -121.282737792363321, 36.357622072670829 ], [ -121.282960927582707, 36.35761963755369 ], [ -121.282966966965347, 36.357979549162287 ], [ -121.283190103217791, 36.357977113604974 ], [ -121.283181042585255, 36.357437246187587 ], [ -121.282957907904859, 36.35743968172693 ], [ -121.282954888253968, 36.357259725882209 ], [ -121.282731754085617, 36.357262160990366 ], [ -121.282728734964721, 36.357082205127675 ], [ -121.282505601317382, 36.35708463980464 ] ] ] ] } },
{ "type": "Feature", "properties": { "area_ha": 0.59986427172253176, "count": 15, "min_ha": 0.2, "post_date": "2023-03-25" }, "geometry": { "type": "MultiPolygon", "coordinates": [ [ [ [ -121.287946336571238, 36.335606363027033 ], [ -121.287940275521237, 36.335246447986869 ], [ -121.287717205735134, 36.335248892581234 ], [ -121.287723265743097, 36.335608807630379 ], [ -121.287946336571238, 36.335606363027033 ] ] ], [ [ [ -121.287946336571238, 36.335606363027033 ], [ -121.287964520062616, 36.336686107788204 ], [ -121.287741446081384, 36.336688552427482 ], [ -121.287753566591363, 36.337408381995772 ], [ -121.28797664267465, 36.337405937329542 ], [ -121.287970581337191, 36.337046022585824 ], [ -121.288193656360477, 36.337043577506364 ], [ -121.288187594034866, 36.336683662717732 ], [ -121.28841066798914, 36.33668121723403 ], [ -121.288407636318794, 36.336501259817254 ], [ -121.288184562894514, 36.336503705300956 ], [ -121.288169407390399, 36.335603917992493 ], [ -121.287946336571238, 36.335606363027033 ] ] ] ] } },
{ "type": "Feature", "properties": { "area_ha": 0.9597850834616003, "count": 24, "min_ha": 0.2, "post_date": "2023-03-25" }, "geometry": { "type": "Polygon", "coordinates": [ [ [ -121.291345310051128, 36.325489552808314 ], [ -121.291339233810604, 36.325129636258978 ], [ -121.291116193632973, 36.325132087321215 ], [ -121.291119231223234, 36.325312045609358 ], [ -121.290896190506615, 36.325314496249383 ], [ -121.290899227584831, 36.325494454528545 ], [ -121.290676186338203, 36.325496904755347 ], [ -121.290679222904373, 36.325676863025521 ], [ -121.290456181109775, 36.325679312830118 ], [ -121.290459217172895, 36.325859271091311 ], [ -121.290236174839308, 36.325861720482678 ], [ -121.290239210390382, 36.326041678725908 ], [ -121.289570081736727, 36.326049024375749 ], [ -121.289573115724735, 36.32622898262796 ], [ -121.289127028838735, 36.326233877619806 ], [ -121.289130061784689, 36.326413835863029 ], [ -121.288907017798209, 36.326416282730136 ], [ -121.288910050241114, 36.326596240964378 ], [ -121.28868700571563, 36.326598687418254 ], [ -121.288690037646504, 36.326778645643515 ], [ -121.289136127739496, 36.326773752313549 ], [ -121.289133094757602, 36.326593794097278 ], [ -121.289579183736677, 36.32658889907848 ], [ -121.289576149721725, 36.326408940862201 ], [ -121.28979919367228, 36.326406492728474 ], [ -121.289802228208259, 36.326586450944745 ], [ -121.290025272670846, 36.326584002370844 ], [ -121.290022237604859, 36.326404044163553 ], [ -121.290245281519489, 36.326401595185409 ], [ -121.290242245950438, 36.326221636960149 ], [ -121.290465289326079, 36.326219187559794 ], [ -121.290462253244996, 36.326039229334533 ], [ -121.290685296081634, 36.326036779511973 ], [ -121.290682259488506, 36.325856821277732 ], [ -121.290905301786168, 36.325854371041949 ], [ -121.290902264681009, 36.325674412789738 ], [ -121.291125306439667, 36.325671962140724 ], [ -121.291122268822463, 36.325492003879532 ], [ -121.291345310051128, 36.325489552808314 ] ] ] } },
{ "type": "Feature", "properties": { "area_ha": 0.83980465822318551, "count": 21, "min_ha": 0.2, "post_date": "2023-03-25" }, "geometry": { "type": "MultiPolygon", "coordinates": [ [ [ [ -121.290240940141373, 36.365819434026847 ], [ -121.290243977282472, 36.365999388982239 ], [ -121.290467136711456, 36.365996939617816 ], [ -121.290464099040349, 36.365816984671405 ], [ -121.290240940141373, 36.365819434026847 ] ] ], [ [ [ -121.288651526870268, 36.364216972007583 ], [ -121.288648493547015, 36.364037016863541 ], [ -121.288425339777419, 36.364039462778429 ], [ -121.288428372579645, 36.36421941792247 ], [ -121.288651526870268, 36.364216972007583 ] ] ], [ [ [ -121.289550214775574, 36.364567094315206 ], [ -121.289562356737321, 36.365286914532035 ], [ -121.290008671454061, 36.365282017977115 ], [ -121.290017781224435, 36.365821882951089 ], [ -121.290240940141373, 36.365819434026847 ], [ -121.290228791702773, 36.365099614043579 ], [ -121.290005634887891, 36.365102062949859 ], [ -121.289999561809438, 36.364742152868395 ], [ -121.289776406036594, 36.3647446013345 ], [ -121.289773370036372, 36.364564646262323 ], [ -121.289550214775574, 36.364567094315206 ] ] ], [ [ [ -121.288651526870268, 36.364216972007583 ], [ -121.288660626929868, 36.364756837349866 ], [ -121.288883782783543, 36.364754390994804 ], [ -121.288880748885376, 36.364574435904665 ], [ -121.289550214775574, 36.364567094315206 ], [ -121.289547179314326, 36.364387139216085 ], [ -121.289324024565559, 36.364389586837767 ], [ -121.289317954748, 36.364029676594612 ], [ -121.289094801023325, 36.36403212377612 ], [ -121.289100869789863, 36.364392034028263 ], [ -121.288877715005171, 36.364394480796555 ], [ -121.288874681142929, 36.364214525670484 ], [ -121.288651526870268, 36.364216972007583 ] ] ] ] } },
{ "type": "Feature", "properties": { "area_ha": 0.35991320923224096, "count": 9, "min_ha": 0.2, "post_date": "2023-03-25" }, "geometry": { "type": "Polygon", "coordinates": [ [ [ -121.291986272235661, 36.403057542317313 ], [ -121.291980186805375, 36.402697638434226 ], [ -121.291533653681256, 36.40270254239126 ], [ -121.291536695340866, 36.402882494355261 ], [ -121.291313428230836, 36.402884945704962 ], [ -121.291319510525994, 36.403244849588049 ], [ -121.291096242355948, 36.403247300524519 ], [ -121.291099283000463, 36.403427252452587 ], [ -121.29154582039159, 36.403422350148453 ], [ -121.291542778687059, 36.403242398229366 ], [ -121.291766046839143, 36.40323994644848 ], [ -121.291763004631548, 36.403059994520412 ], [ -121.291986272235661, 36.403057542317313 ] ] ] } },
{ "type": "Feature", "properties": { "area_ha": 0.23994635084607727, "count": 6, "min_ha": 0.2, "post_date": "2023-03-25" }, "geometry": { "type": "MultiPolygon", "coordinates": [ [ [ [ -121.29178227496763, 36.324944774579741 ], [ -121.291559235346952, 36.324947226486394 ], [ -121.291562273970271, 36.325127184774537 ], [ -121.291785314111962, 36.325124732867884 ], [ -121.29178227496763, 36.324944774579741 ] ] ], [ [ [ -121.29178227496763, 36.324944774579741 ], [ -121.292005314579313, 36.324942322259865 ], [ -121.291999235275554, 36.324582405656628 ], [ -121.29222227381824, 36.324579952914547 ], [ -121.292216193526329, 36.324220036257415 ], [ -121.291993156025683, 36.324222488990515 ], [ -121.291996195646121, 36.324402447323571 ], [ -121.291773157606485, 36.324404899634466 ], [ -121.29178227496763, 36.324944774579741 ] ] ] ] } },
{ "type": "Feature", "properties": { "area_ha": 0.43990192944601902, "count": 11, "min_ha": 0.2, "post_date": "2023-03-25" }, "geometry": { "type": "MultiPolygon", "coordinates": [ [ [ [ -121.293954829632369, 36.321501023038408 ], [ -121.293957873753371, 36.321680981560107 ], [ -121.294180903771064, 36.321678525098996 ], [ -121.294177859129036, 36.321498566586278 ], [ -121.293954829632369, 36.321501023038408 ] ] ], [ [ [ -121.293731800117754, 36.321503479068326 ], [ -121.293508770594144, 36.32150593467604 ], [ -121.293514856752054, 36.321865851719444 ], [ -121.293291826168428, 36.321868306913927 ], [ -121.2932979113382, 36.322228223903437 ], [ -121.293743974598513, 36.322223313065308 ], [ -121.293731800117754, 36.321503479068326 ] ] ], [ [ [ -121.293731800117754, 36.321503479068326 ], [ -121.293954829632369, 36.321501023038408 ], [ -121.29395178552933, 36.321321064507721 ], [ -121.294174814495989, 36.321318608055591 ], [ -121.294168725274815, 36.320958690958285 ], [ -121.29394569735021, 36.320961147401427 ], [ -121.293948741435287, 36.321141105959065 ], [ -121.293725712971693, 36.321143561980001 ], [ -121.293731800117754, 36.321503479068326 ] ] ] ] } },
{ "type": "Feature", "properties": { "area_ha": 0.35991984381434911, "count": 9, "min_ha": 0.2, "post_date": "2023-03-25" }, "geometry": { "type": "MultiPolygon", "coordinates": [ [ [ [ -121.295048650158606, 36.32022902668816 ], [ -121.295051696803881, 36.32040898528173 ], [ -121.295274723084574, 36.320406526745515 ], [ -121.295271675918272, 36.320226568160926 ], [ -121.295048650158606, 36.32022902668816 ] ] ], [ [ [ -121.295051696803881, 36.32040898528173 ], [ -121.294828670514207, 36.320411443395741 ], [ -121.294834762798629, 36.320771360555931 ], [ -121.294611735439958, 36.320773818256718 ], [ -121.294614781079119, 36.320953776814356 ], [ -121.294391753181458, 36.320956234101914 ], [ -121.294394798308574, 36.32113619265057 ], [ -121.294840855136954, 36.321131277653237 ], [ -121.294837808958818, 36.320951319113568 ], [ -121.295060836829521, 36.320948860981588 ], [ -121.295051696803881, 36.32040898528173 ] ] ], [ [ [ -121.294825624398939, 36.320231484802171 ], [ -121.295048650158606, 36.32022902668816 ], [ -121.295045603531307, 36.320049068076628 ], [ -121.294822578292667, 36.320051526181658 ], [ -121.294825624398939, 36.320231484802171 ] ] ], [ [ [ -121.294825624398939, 36.320231484802171 ], [ -121.294602598612329, 36.32023394248499 ], [ -121.29460564420657, 36.320413901087548 ], [ -121.294828670514207, 36.320411443395741 ], [ -121.294825624398939, 36.320231484802171 ] ] ] ] } },
{ "type": "Feature", "properties": { "area_ha": 0.79981317686229791, "count": 20, "min_ha": 0.2, "post_date": "2023-03-25" }, "geometry": { "type": "Polygon", "coordinates": [ [ [ -121.296993708462935, 36.369164907639295 ], [ -121.296987602155809, 36.368804998572926 ], [ -121.296541267316812, 36.36880992161916 ], [ -121.296538215245718, 36.36862996705004 ], [ -121.295868714446996, 36.368637348425885 ], [ -121.295874815472018, 36.368997257573099 ], [ -121.296097983470929, 36.368994797527712 ], [ -121.296104085600888, 36.369354706612043 ], [ -121.295880916550956, 36.369357166666418 ], [ -121.295893118879505, 36.370076984673389 ], [ -121.296339461156535, 36.370072064097521 ], [ -121.296324203028902, 36.369172291602283 ], [ -121.296547371521882, 36.369169830703491 ], [ -121.296544319414849, 36.368989876170311 ], [ -121.296767487368854, 36.368987414858296 ], [ -121.296770539996899, 36.369167369382495 ], [ -121.296993708462935, 36.369164907639295 ] ] ] } },
{ "type": "Feature", "properties": { "area_ha": 0.99977774935701413, "count": 25, "min_ha": 0.2, "post_date": "2023-03-25" }, "geometry": { "type": "Polygon", "coordinates": [ [ [ -121.295922460937902, 36.319139438268962 ], [ -121.295904169298353, 36.318059685970923 ], [ -121.295681149880792, 36.31806214571089 ], [ -121.295678101852118, 36.317882186928671 ], [ -121.295455082946589, 36.317884646237438 ], [ -121.295461177970878, 36.318244563783907 ], [ -121.295238158005347, 36.318247022679451 ], [ -121.295253393207986, 36.319146816303068 ], [ -121.29503037060141, 36.319149274803351 ], [ -121.295039510312634, 36.319689150817624 ], [ -121.295262534491272, 36.319686692299371 ], [ -121.295259487387852, 36.319506733651899 ], [ -121.295705534649173, 36.319501815366742 ], [ -121.295699438376232, 36.319141898035866 ], [ -121.295922460937902, 36.319139438268962 ] ] ] } },
{ "type": "Feature", "properties": { "area_ha": 0.27993806968222518, "count": 7, "min_ha": 0.2, "post_date": "2023-03-25" }, "geometry": { "type": "MultiPolygon", "coordinates": [ [ [ [ -121.295827959706131, 36.313560712175487 ], [ -121.296050965990318, 36.313558252157051 ], [ -121.296047917269945, 36.313378293015511 ], [ -121.29582491150677, 36.313380753024965 ], [ -121.295827959706131, 36.313560712175487 ] ] ], [ [ [ -121.295171127389708, 36.314287926200841 ], [ -121.294948118940582, 36.314290384548414 ], [ -121.29495421130585, 36.314650302723699 ], [ -121.295177220797029, 36.314647844367144 ], [ -121.295171127389708, 36.314287926200841 ] ] ], [ [ [ -121.295827959706131, 36.313560712175487 ], [ -121.295604953403966, 36.313563171771719 ], [ -121.295608001091281, 36.313743130913267 ], [ -121.295831007914472, 36.313740671308047 ], [ -121.295827959706131, 36.313560712175487 ] ] ], [ [ [ -121.295608001091281, 36.313743130913267 ], [ -121.295384994241161, 36.313745590087287 ], [ -121.295388041425412, 36.313925549219846 ], [ -121.295611048787578, 36.313923090036837 ], [ -121.295608001091281, 36.313743130913267 ] ] ], [ [ [ -121.295388041425412, 36.313925549219846 ], [ -121.295165034045269, 36.313928007971661 ], [ -121.295171127389708, 36.314287926200841 ], [ -121.295394135820885, 36.314285467431063 ], [ -121.295388041425412, 36.313925549219846 ] ] ] ] } },
{ "type": "Feature", "properties": { "area_ha": 2.3594499846584656, "count": 59, "min_ha": 0.2, "post_date": "2023-03-25" }, "geometry": { "type": "Polygon", "coordinates": [ [ [ -121.296532111130475, 36.368270057875876 ], [ -121.296529059086339, 36.368090103261842 ], [ -121.296305893746435, 36.368092564124701 ], [ -121.296299790772068, 36.367732654851714 ], [ -121.296076626465222, 36.367735115283381 ], [ -121.296070524595777, 36.367375205938536 ], [ -121.295847361330985, 36.367377665930029 ], [ -121.295841260566462, 36.367017756513313 ], [ -121.295618098334742, 36.367020216073612 ], [ -121.295615048500451, 36.366840261333813 ], [ -121.295391886771782, 36.366842720462927 ], [ -121.29538883747648, 36.366662765714146 ], [ -121.294942515043232, 36.366667682687769 ], [ -121.294939466816928, 36.366487727903056 ], [ -121.294716306103354, 36.366490185756554 ], [ -121.29472240152289, 36.366850095316998 ], [ -121.29427607794878, 36.366855009766354 ], [ -121.294273031285542, 36.366675054981641 ], [ -121.294049869997039, 36.36667751155953 ], [ -121.294052916148246, 36.366857466353231 ], [ -121.292490783086365, 36.366874650612573 ], [ -121.292487740618256, 36.366694695782947 ], [ -121.291595094952243, 36.366704506014671 ], [ -121.291598135318281, 36.366884460871248 ], [ -121.291821297280521, 36.366882008937644 ], [ -121.291824338185549, 36.36706196376727 ], [ -121.292940150422154, 36.367049697739191 ], [ -121.292943193968242, 36.367229652532885 ], [ -121.293835845608058, 36.367219832060371 ], [ -121.293832799959915, 36.367039877293621 ], [ -121.294279124638962, 36.367034964533097 ], [ -121.294282171338125, 36.367214919290859 ], [ -121.294505334180712, 36.367212462263815 ], [ -121.294508381418865, 36.367392416994626 ], [ -121.29495470811014, 36.367387501664922 ], [ -121.294957756408309, 36.36756745637777 ], [ -121.295180920265992, 36.36756499807511 ], [ -121.295183969103149, 36.367744952761008 ], [ -121.29563029781562, 36.367740034871105 ], [ -121.295633347721775, 36.367919989530051 ], [ -121.295856512576592, 36.367917529942801 ], [ -121.295859563021736, 36.368097484583785 ], [ -121.296082728397565, 36.368095024565349 ], [ -121.296085779381684, 36.368274979188364 ], [ -121.296532111130475, 36.368270057875876 ] ] ] } },
{ "type": "Feature", "properties": { "area_ha": 1.7196208760065959, "count": 43, "min_ha": 0.2, "post_date": "2023-03-25" }, "geometry": { "type": "MultiPolygon", "coordinates": [ [ [ [ -121.297804487261473, 36.311738965098186 ], [ -121.298027488182726, 36.311736501324788 ], [ -121.298018328331267, 36.311196623549819 ], [ -121.298241327653514, 36.311194159372178 ], [ -121.298229112622792, 36.310474322132279 ], [ -121.298452109842984, 36.310471857550397 ], [ -121.298427676269128, 36.309032182396855 ], [ -121.298204683253047, 36.309034646933817 ], [ -121.298201629645845, 36.308854687468887 ], [ -121.297978637132815, 36.308857151565675 ], [ -121.297975584064602, 36.308677192082776 ], [ -121.297752592063617, 36.308679655757359 ], [ -121.297777012818514, 36.310119331288192 ], [ -121.298000009014629, 36.310116867568695 ], [ -121.298006115393619, 36.31047678629195 ], [ -121.297783118146484, 36.310479250020428 ], [ -121.297804487261473, 36.311738965098186 ] ], [ [ -121.298219951504706, 36.309934444051883 ], [ -121.298213844155541, 36.309574525247776 ], [ -121.29799084954945, 36.309576989371514 ], [ -121.297996955847594, 36.309936908184604 ], [ -121.298219951504706, 36.309934444051883 ] ] ], [ [ [ -121.29671083392968, 36.313010992134878 ], [ -121.296487829262446, 36.31301345341096 ], [ -121.29649087900691, 36.313193412570463 ], [ -121.296713884204138, 36.313190951294388 ], [ -121.29671083392968, 36.313010992134878 ] ] ], [ [ [ -121.297804487261473, 36.311738965098186 ], [ -121.297581486331239, 36.311741428449373 ], [ -121.297584538599963, 36.311921387689729 ], [ -121.297807540051224, 36.311918924338542 ], [ -121.297804487261473, 36.311738965098186 ] ] ], [ [ [ -121.297584538599963, 36.311921387689729 ], [ -121.29736153713074, 36.311923850618712 ], [ -121.297367640653093, 36.312283769072472 ], [ -121.297590643173336, 36.312281306125527 ], [ -121.297584538599963, 36.311921387689729 ] ] ], [ [ [ -121.297367640653093, 36.312283769072472 ], [ -121.297144638114872, 36.312286231588232 ], [ -121.297147689377482, 36.312466190792655 ], [ -121.297370692436729, 36.312463728267915 ], [ -121.297367640653093, 36.312283769072472 ] ] ], [ [ [ -121.297147689377482, 36.312466190792655 ], [ -121.296924686309254, 36.312468652895184 ], [ -121.296927737050851, 36.312648612090626 ], [ -121.296704733443633, 36.312651073779925 ], [ -121.29671083392968, 36.313010992134878 ], [ -121.296933838587918, 36.313008530445572 ], [ -121.296930787819377, 36.31282857127708 ], [ -121.297153791938641, 36.312826109165563 ], [ -121.297147689377482, 36.312466190792655 ] ] ] ] } },
{ "type": "Feature", "properties": { "area_ha": 0.63985032314597634, "count": 16, "min_ha": 0.2, "post_date": "2023-03-25" }, "geometry": { "type": "MultiPolygon", "coordinates": [ [ [ [ -121.297461425208922, 36.370419664070575 ], [ -121.297458370901026, 36.370239709663153 ], [ -121.297235199317839, 36.370242172286709 ], [ -121.297238253095728, 36.370422126703112 ], [ -121.297461425208922, 36.370419664070575 ] ] ], [ [ [ -121.297461425208922, 36.370419664070575 ], [ -121.297464479534796, 36.370599618469015 ], [ -121.297687652151041, 36.370597155414266 ], [ -121.297690707015903, 36.370777109785756 ], [ -121.297913880153175, 36.370774646299822 ], [ -121.297919990969845, 36.37113455499788 ], [ -121.298366339292542, 36.371129626723445 ], [ -121.298369395774372, 36.371309581041039 ], [ -121.298815745094203, 36.37130465106879 ], [ -121.298809630037482, 36.370944742442596 ], [ -121.298586456442067, 36.370947207626351 ], [ -121.298583399466182, 36.370767253290794 ], [ -121.298360226373816, 36.370769718052337 ], [ -121.298357169936907, 36.370589763689836 ], [ -121.298133997356601, 36.370592228020186 ], [ -121.29813094145868, 36.370412273639715 ], [ -121.297461425208922, 36.370419664070575 ] ] ] ] } },
{ "type": "Feature", "properties": { "area_ha": 0.31992968123072929, "count": 8, "min_ha": 0.2, "post_date": "2023-03-25" }, "geometry": { "type": "MultiPolygon", "coordinates": [ [ [ [ -121.297966424940782, 36.308137313517285 ], [ -121.297945054172885, 36.30687759634646 ], [ -121.297722067409083, 36.306880059967142 ], [ -121.297743434520825, 36.308139777182888 ], [ -121.297966424940782, 36.308137313517285 ] ] ], [ [ [ -121.297966424940782, 36.308137313517285 ], [ -121.297969477973069, 36.308317273054087 ], [ -121.298192468905057, 36.30831480896628 ], [ -121.298189415360724, 36.308134849438467 ], [ -121.297966424940782, 36.308137313517285 ] ] ] ] } },
{ "type": "Feature", "properties": { "area_ha": 1.0397565991728368, "count": 26, "min_ha": 0.2, "post_date": "2023-03-25" }, "geometry": { "type": "MultiPolygon", "coordinates": [ [ [ [ -121.299268211563827, 36.371659627935088 ], [ -121.299265152944017, 36.371479673671402 ], [ -121.299041977803498, 36.371482139726517 ], [ -121.299045035884319, 36.371662093999191 ], [ -121.299268211563827, 36.371659627935088 ] ] ], [ [ [ -121.299268211563827, 36.371659627935088 ], [ -121.299271270183638, 36.3718395821898 ], [ -121.300610327072405, 36.371824776902884 ], [ -121.300607265290523, 36.371644822693099 ], [ -121.301276791960731, 36.371637414349827 ], [ -121.301270665297778, 36.371277505903301 ], [ -121.30194018868913, 36.371270093778122 ], [ -121.301934058926989, 36.370910185313626 ], [ -121.301487712122437, 36.37091512712567 ], [ -121.301490775943506, 36.371095081380375 ], [ -121.300598080043684, 36.371104959955929 ], [ -121.30060114178066, 36.371284914210634 ], [ -121.300377967242014, 36.371287382798997 ], [ -121.300381028466944, 36.371467337053708 ], [ -121.299711503198097, 36.371474740294538 ], [ -121.299714562859961, 36.37165469454925 ], [ -121.299268211563827, 36.371659627935088 ] ] ] ] } },
{ "type": "Feature", "properties": { "area_ha": 0.87980699875760271, "count": 22, "min_ha": 0.2, "post_date": "2023-03-25" }, "geometry": { "type": "MultiPolygon", "coordinates": [ [ [ [ -121.301256186063384, 36.304861035092003 ], [ -121.301479166817458, 36.304858564760899 ], [ -121.301476105682355, 36.304678605026474 ], [ -121.301253125440326, 36.304681075357571 ], [ -121.301256186063384, 36.304861035092003 ] ] ], [ [ [ -121.298381865809844, 36.306332788850774 ], [ -121.298158880654029, 36.30633525329791 ], [ -121.298161934054633, 36.306515212987421 ], [ -121.298384919740457, 36.306512748531304 ], [ -121.298381865809844, 36.306332788850774 ] ] ], [ [ [ -121.301256186063384, 36.304861035092003 ], [ -121.301033205291347, 36.304863505000888 ], [ -121.301036265393378, 36.30504346473532 ], [ -121.301259246695423, 36.305040994817446 ], [ -121.301256186063384, 36.304861035092003 ] ] ], [ [ [ -121.301036265393378, 36.30504346473532 ], [ -121.300813284082352, 36.305045934222001 ], [ -121.300816343681319, 36.305225893947451 ], [ -121.301039325513372, 36.305223424451782 ], [ -121.301036265393378, 36.30504346473532 ] ] ], [ [ [ -121.300816343681319, 36.305225893947451 ], [ -121.300593361831304, 36.305228363020909 ], [ -121.300596420918239, 36.305408322737371 ], [ -121.300819403289282, 36.305405853654932 ], [ -121.300816343681319, 36.305225893947451 ] ] ], [ [ [ -121.300596420918239, 36.305408322737371 ], [ -121.300373438529235, 36.305410791388617 ], [ -121.300376497104139, 36.305590751087117 ], [ -121.300599480023138, 36.305588282426882 ], [ -121.300596420918239, 36.305408322737371 ] ] ], [ [ [ -121.300376497104139, 36.305590751087117 ], [ -121.299707548275236, 36.305598154534565 ], [ -121.299710605296042, 36.305778114242045 ], [ -121.298595687673668, 36.305790444867981 ], [ -121.298601796505054, 36.306150364291923 ], [ -121.298378811888227, 36.306152829161263 ], [ -121.298381865809844, 36.306332788850774 ], [ -121.298827836076569, 36.306327858680902 ], [ -121.298824781112899, 36.306147899000372 ], [ -121.29949373482863, 36.306140500583489 ], [ -121.299490678310875, 36.305960540902959 ], [ -121.300159630328807, 36.305953138695187 ], [ -121.30015657223899, 36.305773179023639 ], [ -121.300379555696992, 36.305770710776628 ], [ -121.300376497104139, 36.305590751087117 ] ] ] ] } },
{ "type": "Feature", "properties": { "area_ha": 0.43990369725584444, "count": 11, "min_ha": 0.2, "post_date": "2023-03-25" }, "geometry": { "type": "MultiPolygon", "coordinates": [ [ [ [ -121.301674593088677, 36.303236455885688 ], [ -121.30145161705974, 36.303238926594084 ], [ -121.30145467808704, 36.303418886445293 ], [ -121.301231701528096, 36.303421356731477 ], [ -121.301250064844226, 36.304501115596189 ], [ -121.301473044556246, 36.30449864527408 ], [ -121.301460800186547, 36.303778806120761 ], [ -121.301683777787531, 36.303776335394403 ], [ -121.301674593088677, 36.303236455885688 ] ] ], [ [ [ -121.301674593088677, 36.303236455885688 ], [ -121.301897569099637, 36.303233984755089 ], [ -121.301891444996883, 36.302874065016738 ], [ -121.301668470027963, 36.302876536138349 ], [ -121.301674593088677, 36.303236455885688 ] ] ] ] } },
{ "type": "Feature", "properties": { "area_ha": 0.99976596001303664, "count": 25, "min_ha": 0.2, "post_date": "2023-03-25" }, "geometry": { "type": "Polygon", "coordinates": [ [ [ -121.304645922301944, 36.372859993945106 ], [ -121.304633637112801, 36.372140177743745 ], [ -121.304410460211585, 36.372142653985755 ], [ -121.30440431875337, 36.371782745790753 ], [ -121.304181142885227, 36.371785221601577 ], [ -121.30417807270409, 36.371605267472631 ], [ -121.303954897347978, 36.371607742852262 ], [ -121.303951827705845, 36.371427788705354 ], [ -121.303728652861764, 36.371430263653792 ], [ -121.30372558375862, 36.371250309488921 ], [ -121.303502409426585, 36.371252784006167 ], [ -121.30349934086243, 36.371072829814345 ], [ -121.302160297708909, 36.371087668006545 ], [ -121.302163363119988, 36.371267622225318 ], [ -121.302832886340653, 36.371260205024662 ], [ -121.302835953341756, 36.371440159207502 ], [ -121.303282303128711, 36.371435212275067 ], [ -121.303285371198797, 36.371615166439945 ], [ -121.303508546599829, 36.371612692335916 ], [ -121.303511615199923, 36.371792646482824 ], [ -121.303734791112987, 36.371790171938628 ], [ -121.303737860261052, 36.371970126067573 ], [ -121.304184213084326, 36.371965175712553 ], [ -121.30419035351845, 36.372325083889585 ], [ -121.304413530958655, 36.372322608060799 ], [ -121.304422743298673, 36.372862470205085 ], [ -121.304645922301944, 36.372859993945106 ] ] ] } },
{ "type": "Feature", "properties": { "area_ha": 0.43992661827549912, "count": 11, "min_ha": 0.2, "post_date": "2023-03-25" }, "geometry": { "type": "MultiPolygon", "coordinates": [ [ [ [ -121.304171658409572, 36.070283350672895 ], [ -121.304393957602855, 36.070280874511731 ], [ -121.304384781788343, 36.069740931716701 ], [ -121.303940186500952, 36.069745883571912 ], [ -121.30394324405178, 36.069925864533531 ], [ -121.304165542220986, 36.069923388812541 ], [ -121.304171658409572, 36.070283350672895 ] ] ], [ [ [ -121.303727059960124, 36.070288301719621 ], [ -121.30372400290338, 36.070108320784946 ], [ -121.303501704186203, 36.070110795670502 ], [ -121.303504760721921, 36.070290776614158 ], [ -121.303727059960124, 36.070288301719621 ] ] ], [ [ [ -121.304171658409572, 36.070283350672895 ], [ -121.303727059960124, 36.070288301719621 ], [ -121.303730117034831, 36.07046828263632 ], [ -121.303285517498423, 36.070473232003195 ], [ -121.303288573540073, 36.070653212910912 ], [ -121.303510873838277, 36.070650738429599 ], [ -121.303513930418916, 36.070830719319353 ], [ -121.303736231220185, 36.070828244406847 ], [ -121.303733174118534, 36.070648263535062 ], [ -121.303955474389795, 36.070645788209326 ], [ -121.30395241678508, 36.070465807319572 ], [ -121.304174716517352, 36.070463331571631 ], [ -121.304171658409572, 36.070283350672895 ] ] ] ] } },
{ "type": "Feature", "properties": { "area_ha": 0.39993416673438192, "count": 10, "min_ha": 0.2, "post_date": "2023-03-25" }, "geometry": { "type": "Polygon", "coordinates": [ [ [ -121.305117896703067, 36.060551972364564 ], [ -121.305114836780689, 36.060371990522597 ], [ -121.304892566297568, 36.060374468067167 ], [ -121.304889506896217, 36.060194486198249 ], [ -121.304667236925127, 36.060196963311625 ], [ -121.30467029579647, 36.060376945180543 ], [ -121.303781213657359, 36.060386849429946 ], [ -121.303784270462572, 36.060566831298864 ], [ -121.303561999377578, 36.060569306319174 ], [ -121.303565055670745, 36.060749288179103 ], [ -121.304009598882786, 36.060744337716287 ], [ -121.304006541538584, 36.060564355865338 ], [ -121.304673354685775, 36.060556927031499 ], [ -121.304676413584062, 36.060736908864484 ], [ -121.304898685127213, 36.060734431742119 ], [ -121.304895625698904, 36.060554449909134 ], [ -121.305117896703067, 36.060551972364564 ] ] ] } },
{ "type": "Feature", "properties": { "area_ha": 0.59985383976115758, "count": 15, "min_ha": 0.2, "post_date": "2023-03-25" }, "geometry": { "type": "Polygon", "coordinates": [ [ [ -121.311605100775353, 36.414179490676737 ], [ -121.311602011406208, 36.413999540132075 ], [ -121.310708815531058, 36.41400949528002 ], [ -121.310711902798147, 36.414189445842652 ], [ -121.310265303728698, 36.414194420883369 ], [ -121.310268389953748, 36.414374371446002 ], [ -121.310045089866549, 36.414376858342038 ], [ -121.310048175588534, 36.414556808895682 ], [ -121.309824874962359, 36.414559295369507 ], [ -121.309827960172299, 36.41473924591417 ], [ -121.310274562457721, 36.414734272535334 ], [ -121.310271476196746, 36.414554321999653 ], [ -121.310941377949518, 36.41454685876932 ], [ -121.310938290125478, 36.414366908233639 ], [ -121.311384890165115, 36.414361930641704 ], [ -121.311381801308002, 36.414181980106022 ], [ -121.311605100775353, 36.414179490676737 ] ] ] } },
{ "type": "Feature", "properties": { "area_ha": 2.7193448486626446, "count": 68, "min_ha": 0.2, "post_date": "2023-03-25" }, "geometry": { "type": "MultiPolygon", "coordinates": [ [ [ [ -121.311813779730272, 36.400318277667189 ], [ -121.31159052076795, 36.400320767509697 ], [ -121.311593609553185, 36.400500719132339 ], [ -121.311370350051888, 36.400503208552635 ], [ -121.311373438334073, 36.400683160175284 ], [ -121.310926918235509, 36.400688137758237 ], [ -121.310933092733748, 36.401048040967588 ], [ -121.310709831615483, 36.401050529139226 ], [ -121.31071600512557, 36.401410432312652 ], [ -121.310492742929327, 36.401412920062079 ], [ -121.310502001730214, 36.401952774723398 ], [ -121.310278737943946, 36.401955262077571 ], [ -121.310287995289556, 36.402495116631087 ], [ -121.31006472992226, 36.402497603572037 ], [ -121.310073985821589, 36.403037458008775 ], [ -121.309850718864254, 36.403039944545476 ], [ -121.309863058158939, 36.403759750281466 ], [ -121.310532865319104, 36.403752289341838 ], [ -121.310526692482753, 36.40339238653673 ], [ -121.310749960455169, 36.403389898715432 ], [ -121.310740699731895, 36.402850044413441 ], [ -121.310963966114286, 36.402847556187901 ], [ -121.310957791319609, 36.402487653266007 ], [ -121.311181056633004, 36.402485164627244 ], [ -121.311171792981213, 36.401945310145592 ], [ -121.311395056704612, 36.401942821102587 ], [ -121.311382703261458, 36.401223014944392 ], [ -121.311605964864825, 36.401220525497145 ], [ -121.311599787186552, 36.400860622341689 ], [ -121.311823047720921, 36.4008581324902 ], [ -121.311813779730272, 36.400318277667189 ] ] ], [ [ [ -121.311813779730272, 36.400318277667189 ], [ -121.312037038674617, 36.400315787402477 ], [ -121.312030859038018, 36.399955884130243 ], [ -121.311807601135712, 36.399958374376986 ], [ -121.311813779730272, 36.400318277667189 ] ] ] ] } },
{ "type": "Feature", "properties": { "area_ha": 0.31993047911008105, "count": 8, "min_ha": 0.2, "post_date": "2023-03-25" }, "geometry": { "type": "Polygon", "coordinates": [ [ [ -121.309587754842497, 36.296488710817442 ], [ -121.309584674968548, 36.296308750588942 ], [ -121.308692852545605, 36.296318690950613 ], [ -121.308695930326479, 36.296498651206065 ], [ -121.308250017974146, 36.296503618862637 ], [ -121.308253094721962, 36.296683579118088 ], [ -121.30914492145682, 36.296673642089168 ], [ -121.309141842615929, 36.29649368186066 ], [ -121.309587754842497, 36.296488710817442 ] ] ] } },
{ "type": "Feature", "properties": { "area_ha": 0.47992091540777027, "count": 12, "min_ha": 0.2, "post_date": "2023-03-25" }, "geometry": { "type": "Polygon", "coordinates": [ [ [ -121.308470366826128, 36.061594648729439 ], [ -121.308464231171044, 36.061234685413815 ], [ -121.308241958298396, 36.061237169309472 ], [ -121.308235823757229, 36.060877205912995 ], [ -121.307791280051106, 36.060882172410743 ], [ -121.307794346270668, 36.061062154135925 ], [ -121.307127529045118, 36.061069600738442 ], [ -121.307130593719577, 36.061249582463631 ], [ -121.307797412517175, 36.061242135834163 ], [ -121.307800478763681, 36.061422117523421 ], [ -121.308022752193281, 36.061419634463192 ], [ -121.308025818978777, 36.061599616125498 ], [ -121.308470366826128, 36.061594648729439 ] ] ] } },
{ "type": "Feature", "properties": { "area_ha": 5.1187953768497474, "count": 128, "min_ha": 0.2, "post_date": "2023-03-25" }, "geometry": { "type": "MultiPolygon", "coordinates": [ [ [ [ -121.314614333881011, 36.381388383081941 ], [ -121.314617429026327, 36.381568336141889 ], [ -121.314840633119545, 36.381565840541185 ], [ -121.31483753744422, 36.381385887481237 ], [ -121.314614333881011, 36.381388383081941 ] ] ], [ [ [ -121.314388035693511, 36.381210925173548 ], [ -121.314391130299839, 36.38139087826044 ], [ -121.314614333881011, 36.381388383081941 ], [ -121.31461123875367, 36.38120843000403 ], [ -121.314388035693511, 36.381210925173548 ] ] ], [ [ [ -121.314161738566028, 36.381033466815992 ], [ -121.314164832633352, 36.381213419920854 ], [ -121.314388035693511, 36.381210925173548 ], [ -121.31438494110516, 36.381030972077667 ], [ -121.314161738566028, 36.381033466815992 ] ] ], [ [ [ -121.313935442480584, 36.380856008009282 ], [ -121.313938536008919, 36.381035961132106 ], [ -121.314161738566028, 36.381033466815992 ], [ -121.314158644516652, 36.380853513702142 ], [ -121.313935442480584, 36.380856008009282 ] ] ], [ [ [ -121.313709147446161, 36.380678548753409 ], [ -121.313712240435521, 36.380858501903191 ], [ -121.313935442480584, 36.380856008009282 ], [ -121.313932348970198, 36.380676054877469 ], [ -121.313709147446161, 36.380678548753409 ] ] ], [ [ [ -121.313482853471768, 36.38050108904838 ], [ -121.313485945913143, 36.380681042216125 ], [ -121.313709147446161, 36.380678548753409 ], [ -121.313706054474778, 36.380498595594645 ], [ -121.313482853471768, 36.38050108904838 ] ] ], [ [ [ -121.313256560539415, 36.380323628894196 ], [ -121.313259652441801, 36.380503582079911 ], [ -121.313482853471768, 36.38050108904838 ], [ -121.31347976103936, 36.380321135871654 ], [ -121.313256560539415, 36.380323628894196 ] ] ], [ [ [ -121.313030268658082, 36.380146168290857 ], [ -121.313033360021493, 36.380326121494534 ], [ -121.313256560539415, 36.380323628894196 ], [ -121.313253468645996, 36.3801436756995 ], [ -121.313030268658082, 36.380146168290857 ] ] ], [ [ [ -121.310308678325242, 36.377656699034162 ], [ -121.310311763184842, 36.377836652516322 ], [ -121.310088569835472, 36.377839139529137 ], [ -121.31008548550588, 36.377659186046976 ], [ -121.309639099813253, 36.377664158788015 ], [ -121.309642183091825, 36.377844112288138 ], [ -121.309865376468139, 36.377841626119739 ], [ -121.30986846029468, 36.378021579592911 ], [ -121.31009165418304, 36.37801909299332 ], [ -121.310094738539576, 36.378199046448529 ], [ -121.310317932939981, 36.378196559426733 ], [ -121.310321017844487, 36.378376512854992 ], [ -121.310544212756923, 36.378374025402003 ], [ -121.310547298191452, 36.378553978812292 ], [ -121.310770493615934, 36.37855149092811 ], [ -121.310773579598418, 36.378731444320437 ], [ -121.31099677552595, 36.378728956014051 ], [ -121.310999862047439, 36.378908909379419 ], [ -121.311223058487016, 36.37890642064184 ], [ -121.311226145547479, 36.379086373989253 ], [ -121.311449342508084, 36.379083884820481 ], [ -121.311452430107536, 36.379263838149924 ], [ -121.311675627571191, 36.37926134854996 ], [ -121.311678715709647, 36.379441301861434 ], [ -121.311901913685332, 36.379438811830283 ], [ -121.311905002362778, 36.379618765123794 ], [ -121.312128200850509, 36.379616274661451 ], [ -121.312131290075925, 36.379796227936993 ], [ -121.312354489066706, 36.379793737043457 ], [ -121.312357578831111, 36.379973690301028 ], [ -121.312580778333938, 36.379971198976307 ], [ -121.312583868637333, 36.380151152206935 ], [ -121.313030268658082, 36.380146168290857 ], [ -121.313027177303667, 36.37996621506921 ], [ -121.312803977827784, 36.379968707238355 ], [ -121.312800887021339, 36.379788753998746 ], [ -121.31257768804852, 36.379791245736698 ], [ -121.312571507522577, 36.379431339203578 ], [ -121.312348309591798, 36.379433830501355 ], [ -121.312345219872313, 36.379253877207844 ], [ -121.312122022453579, 36.379256368083411 ], [ -121.312118933282065, 36.379076414762956 ], [ -121.311895736366381, 36.379078905207329 ], [ -121.311892647733856, 36.378898951868905 ], [ -121.311669451330218, 36.378901441882093 ], [ -121.311663275152128, 36.378541535160331 ], [ -121.311440079790543, 36.378544024742325 ], [ -121.311436992244978, 36.378364071349999 ], [ -121.311213797395425, 36.378366560500801 ], [ -121.311207623409217, 36.378006653662261 ], [ -121.310761235758278, 36.378011630670294 ], [ -121.310758149838662, 36.377831677215084 ], [ -121.310534956516236, 36.377834165081296 ], [ -121.310531871135623, 36.377654211608125 ], [ -121.310308678325242, 36.377656699034162 ] ] ], [ [ [ -121.31008548550588, 36.377659186046976 ], [ -121.310308678325242, 36.377656699034162 ], [ -121.310302508650949, 36.377296792042905 ], [ -121.310079316882621, 36.37729927903775 ], [ -121.310076232588955, 36.377119325510684 ], [ -121.3096298500584, 36.377124298224771 ], [ -121.30962676683373, 36.376944344670747 ], [ -121.309403576062536, 36.376946830381002 ], [ -121.309400493385837, 36.376766876809015 ], [ -121.30895411285853, 36.376771846962903 ], [ -121.308951031241847, 36.376591893363972 ], [ -121.308504651711672, 36.376596861802078 ], [ -121.308501571155006, 36.376416908176189 ], [ -121.308278381892961, 36.376419391757437 ], [ -121.308272221875569, 36.376059484451766 ], [ -121.308049033655578, 36.376061967601828 ], [ -121.30804287475209, 36.375702060224292 ], [ -121.30781968755619, 36.375704542934173 ], [ -121.307816608652416, 36.375524589218458 ], [ -121.307593421977529, 36.375527071497146 ], [ -121.307590343612745, 36.375347117763468 ], [ -121.307143971260103, 36.375352081045243 ], [ -121.307140893955335, 36.375172127284607 ], [ -121.306917708286562, 36.375174608278712 ], [ -121.306914631529764, 36.374994654500114 ], [ -121.306691446364056, 36.374997135072 ], [ -121.30668529393742, 36.37463722745192 ], [ -121.306462109813751, 36.37463970758364 ], [ -121.306459034143913, 36.37445975375114 ], [ -121.306235850532289, 36.374462233460655 ], [ -121.306242000829911, 36.374822141125648 ], [ -121.30601881614929, 36.374824620412952 ], [ -121.306021890795051, 36.37500457423647 ], [ -121.305798705575427, 36.375007053110544 ], [ -121.305792557352916, 36.37464714544555 ], [ -121.305569373166364, 36.37464962388843 ], [ -121.305566299598581, 36.374469670028986 ], [ -121.305343115933056, 36.374472148040681 ], [ -121.305340042904263, 36.374292194163267 ], [ -121.305116859741801, 36.374294671743769 ], [ -121.305110714789151, 36.373934763926059 ], [ -121.30466435052135, 36.37393971779349 ], [ -121.304667421942142, 36.374119671724806 ], [ -121.304890604610549, 36.37411719498872 ], [ -121.304896748539122, 36.374477102788461 ], [ -121.305119932240572, 36.374474625621183 ], [ -121.305123004757334, 36.374654579489615 ], [ -121.30534618897083, 36.374652101900125 ], [ -121.305358481274638, 36.375371917212156 ], [ -121.306028040122499, 36.375364481820618 ], [ -121.306031114813166, 36.375544435599217 ], [ -121.306477488360557, 36.375539476548504 ], [ -121.306480564111254, 36.37571943029117 ], [ -121.306926938655778, 36.375714469533662 ], [ -121.306930015475459, 36.375894423258359 ], [ -121.307153203246287, 36.37589194223731 ], [ -121.307156280604957, 36.376071895935063 ], [ -121.307825845408644, 36.37606445032069 ], [ -121.307832003323981, 36.376424357644332 ], [ -121.308055192612969, 36.3764218749075 ], [ -121.308058272118615, 36.376601828551351 ], [ -121.308281461919634, 36.376599345383326 ], [ -121.308284541964269, 36.376779299000226 ], [ -121.308730922572423, 36.376774331397556 ], [ -121.30873400367706, 36.376954284987505 ], [ -121.309180385282346, 36.376949315678033 ], [ -121.309183467455995, 36.377129269241038 ], [ -121.309406658766179, 36.377126783944007 ], [ -121.309409741478802, 36.377306737489043 ], [ -121.30963293329205, 36.377304251760826 ], [ -121.309636016543678, 36.377484205278911 ], [ -121.310082401185269, 36.377479232546854 ], [ -121.31008548550588, 36.377659186046976 ] ] ] ] } },
{ "type": "Feature", "properties": { "area_ha": 0.39991424397027642, "count": 10, "min_ha": 0.2, "post_date": "2023-03-25" }, "geometry": { "type": "MultiPolygon", "coordinates": [ [ [ [ -121.314056592882039, 36.284019128625609 ], [ -121.313833673240353, 36.284021622851895 ], [ -121.313842941401688, 36.284561506313196 ], [ -121.314065862615422, 36.284559012068947 ], [ -121.314056592882039, 36.284019128625609 ] ] ], [ [ [ -121.314056592882039, 36.284019128625609 ], [ -121.314279512505763, 36.284016633968129 ], [ -121.314257879977774, 36.282756905433615 ], [ -121.314034964019186, 36.282759400046174 ], [ -121.314056592882039, 36.284019128625609 ] ] ] ] } },
{ "type": "Feature", "properties": { "area_ha": 0.23996040287948525, "count": 6, "min_ha": 0.2, "post_date": "2023-03-25" }, "geometry": { "type": "MultiPolygon", "coordinates": [ [ [ [ -121.310930746972033, 36.062467205586358 ], [ -121.310933820620662, 36.062647187068997 ], [ -121.311156097490809, 36.062644698061924 ], [ -121.311153023312173, 36.062464716588266 ], [ -121.310930746972033, 36.062467205586358 ] ] ], [ [ [ -121.310705397495312, 36.062289712652642 ], [ -121.310702324394654, 36.062109731134072 ], [ -121.310480049060629, 36.06211221927876 ], [ -121.310473903946274, 36.061752256160766 ], [ -121.310251629636326, 36.06175474387426 ], [ -121.310260845767232, 36.062294688528802 ], [ -121.310705397495312, 36.062289712652642 ] ] ], [ [ [ -121.310705397495312, 36.062289712652642 ], [ -121.310708470604951, 36.062469694162239 ], [ -121.310930746972033, 36.062467205586358 ], [ -121.310927673332387, 36.062287224085743 ], [ -121.310705397495312, 36.062289712652642 ] ] ] ] } },
{ "type": "Feature", "properties": { "area_ha": 0.23994840772243461, "count": 6, "min_ha": 0.2, "post_date": "2023-03-25" }, "geometry": { "type": "MultiPolygon", "coordinates": [ [ [ [ -121.314991560498754, 36.286528602043148 ], [ -121.314994652697592, 36.286708562963355 ], [ -121.315217580127666, 36.286706066536198 ], [ -121.3152144874078, 36.286526105615991 ], [ -121.314991560498754, 36.286528602043148 ] ] ], [ [ [ -121.314762450287958, 36.286171176135824 ], [ -121.314759358655067, 36.285991215161715 ], [ -121.314536433300091, 36.285993710717506 ], [ -121.31453334220619, 36.285813749725435 ], [ -121.314310417354278, 36.285816244850039 ], [ -121.314316598500042, 36.286176166843163 ], [ -121.314762450287958, 36.286171176135824 ] ] ], [ [ [ -121.314762450287958, 36.286171176135824 ], [ -121.314768633580712, 36.286531098039113 ], [ -121.314991560498754, 36.286528602043148 ], [ -121.314985376154979, 36.286168680139852 ], [ -121.314762450287958, 36.286171176135824 ] ] ] ] } },
{ "type": "Feature", "properties": { "area_ha": 0.63989414211089746, "count": 16, "min_ha": 0.2, "post_date": "2023-03-25" }, "geometry": { "type": "MultiPolygon", "coordinates": [ [ [ [ -121.312526687078602, 36.064789531148193 ], [ -121.312304404037036, 36.064792022751398 ], [ -121.312310557981817, 36.065151985177692 ], [ -121.312755126122113, 36.065147001522128 ], [ -121.312752048098687, 36.064967020335928 ], [ -121.312529764563038, 36.064969512361344 ], [ -121.312526687078602, 36.064789531148193 ] ] ], [ [ [ -121.311387598504837, 36.063182152954809 ], [ -121.311609876902125, 36.06317966308535 ], [ -121.31160680164551, 36.062999681674576 ], [ -121.311384523769249, 36.063002171535047 ], [ -121.311387598504837, 36.063182152954809 ] ] ], [ [ [ -121.312523609603161, 36.06460954991708 ], [ -121.312526687078602, 36.064789531148193 ], [ -121.312748970093239, 36.064787039122784 ], [ -121.312745892105738, 36.064607057891664 ], [ -121.312523609603161, 36.06460954991708 ] ] ], [ [ [ -121.31206981536964, 36.064074588846239 ], [ -121.312075968155597, 36.064434551425251 ], [ -121.312298250155123, 36.064432060253239 ], [ -121.312301327091589, 36.064612041511303 ], [ -121.312523609603161, 36.06460954991708 ], [ -121.312517454706153, 36.06424958739197 ], [ -121.312295173236635, 36.064252078977205 ], [ -121.312292096336108, 36.064072097683209 ], [ -121.31206981536964, 36.064074588846239 ] ] ], [ [ [ -121.311841382704173, 36.06371711691822 ], [ -121.31184753439419, 36.064077079578077 ], [ -121.31206981536964, 36.064074588846239 ], [ -121.312063662646565, 36.063714626195363 ], [ -121.311841382704173, 36.06371711691822 ] ] ], [ [ [ -121.31139067324942, 36.063362134356602 ], [ -121.31139682279246, 36.063722097106293 ], [ -121.311841382704173, 36.06371711691822 ], [ -121.311835231086022, 36.063357154195479 ], [ -121.31139067324942, 36.063362134356602 ] ] ], [ [ [ -121.311387598504837, 36.063182152954809 ], [ -121.311165320080605, 36.063184642393075 ], [ -121.311168394313142, 36.063364623803849 ], [ -121.31139067324942, 36.063362134356602 ], [ -121.311387598504837, 36.063182152954809 ] ] ] ] } },
{ "type": "Feature", "properties": { "area_ha": 0.67983881156506065, "count": 17, "min_ha": 0.2, "post_date": "2023-03-25" }, "geometry": { "type": "Polygon", "coordinates": [ [ [ -121.31870961524416, 36.385842217109271 ], [ -121.318706510289246, 36.385662264498485 ], [ -121.318483294365208, 36.385664767429439 ], [ -121.318477085551322, 36.385304862153966 ], [ -121.318253870660357, 36.385307364662715 ], [ -121.318247662960388, 36.384947459315377 ], [ -121.318024449111462, 36.384949961383953 ], [ -121.31802134580046, 36.384770008683333 ], [ -121.318467772447278, 36.384765004132952 ], [ -121.318464668103218, 36.384585051432332 ], [ -121.318018242516416, 36.384590055964743 ], [ -121.318015139241353, 36.384410103237173 ], [ -121.317791926946512, 36.384412604865574 ], [ -121.31778882421942, 36.384232652111059 ], [ -121.317342400635866, 36.384237654083272 ], [ -121.317345502320904, 36.384417606846775 ], [ -121.31756871464269, 36.384415106062789 ], [ -121.317574919099755, 36.384775011535893 ], [ -121.317798132463579, 36.384772510320715 ], [ -121.317804338034549, 36.385132415721962 ], [ -121.318027552422464, 36.38512991406661 ], [ -121.318033759107337, 36.385489819395985 ], [ -121.318256974537292, 36.38548731730944 ], [ -121.31826318231812, 36.385847222566952 ], [ -121.31870961524416, 36.385842217109271 ] ] ] } },
{ "type": "Feature", "properties": { "area_ha": 2.5993797691412137, "count": 65, "min_ha": 0.2, "post_date": "2023-03-25" }, "geometry": { "type": "MultiPolygon", "coordinates": [ [ [ [ -121.32042136146795, 36.394462390999415 ], [ -121.320424470815624, 36.394642342855619 ], [ -121.320647712898591, 36.394639836241566 ], [ -121.320644603029891, 36.394459884385363 ], [ -121.32042136146795, 36.394462390999415 ] ] ], [ [ [ -121.31966151771195, 36.389251297507464 ], [ -121.3198847440744, 36.3892487923397 ], [ -121.319872312729359, 36.388528983028415 ], [ -121.319649088468964, 36.388531488178216 ], [ -121.319655303059022, 36.388891392869787 ], [ -121.31943207772963, 36.388893897606366 ], [ -121.319435184526085, 36.389073849938676 ], [ -121.319658410376505, 36.389071345202105 ], [ -121.31966151771195, 36.389251297507464 ] ] ], [ [ [ -121.32019501108833, 36.39428494529912 ], [ -121.320198119897015, 36.394464897182274 ], [ -121.32042136146795, 36.394462390999415 ], [ -121.320418252138239, 36.39428243911626 ], [ -121.32019501108833, 36.39428494529912 ] ] ], [ [ [ -121.31966151771195, 36.389251297507464 ], [ -121.319438291331537, 36.389253802262004 ], [ -121.319453825583324, 36.390153563636105 ], [ -121.319230596561866, 36.390156067986403 ], [ -121.319243022130735, 36.390875876848526 ], [ -121.319019790989245, 36.390878380794582 ], [ -121.319029108746562, 36.391418237306425 ], [ -121.319252341451119, 36.391415733342399 ], [ -121.319274087059043, 36.392675397979751 ], [ -121.319497323437702, 36.392672893548607 ], [ -121.31950664477931, 36.393212749593324 ], [ -121.319283406828575, 36.393215254042438 ], [ -121.319286513445377, 36.393395206033389 ], [ -121.319509751926105, 36.393392701575294 ], [ -121.319515966255651, 36.393752605503295 ], [ -121.319739205769437, 36.393750100614014 ], [ -121.319745421203905, 36.394110004479131 ], [ -121.319968661759745, 36.394107499149669 ], [ -121.31997177002944, 36.394287451050793 ], [ -121.32019501108833, 36.39428494529912 ], [ -121.320188793515868, 36.393925041487897 ], [ -121.319965553508013, 36.393927547230582 ], [ -121.319953120644811, 36.393207739428476 ], [ -121.320176358550611, 36.393205233703753 ], [ -121.320170141157817, 36.392845329730832 ], [ -121.319946904294056, 36.392847835437586 ], [ -121.31994068801518, 36.392487931383819 ], [ -121.319717452193458, 36.392490436659379 ], [ -121.319711237010523, 36.39213053254273 ], [ -121.31993447178121, 36.392128027276151 ], [ -121.319928255619104, 36.391768123114581 ], [ -121.319705021899452, 36.391770628363197 ], [ -121.31966151771195, 36.389251297507464 ] ] ] ] } },
{ "type": "Feature", "properties": { "area_ha": 0.83979891917057392, "count": 21, "min_ha": 0.2, "post_date": "2023-03-25" }, "geometry": { "type": "MultiPolygon", "coordinates": [ [ [ [ -121.322678693631516, 36.395876919882703 ], [ -121.32268180835112, 36.396056871577208 ], [ -121.32290505449447, 36.396054360678193 ], [ -121.322901939253853, 36.395874408992668 ], [ -121.322678693631516, 36.395876919882703 ] ] ], [ [ [ -121.322229088700311, 36.395701988683669 ], [ -121.322225975058686, 36.395522036953231 ], [ -121.322002730451445, 36.395524546558676 ], [ -121.321999617348823, 36.395344594810268 ], [ -121.321776373253627, 36.39534710398452 ], [ -121.32177326068998, 36.395167152218143 ], [ -121.321550017106816, 36.39516966097019 ], [ -121.321546905091139, 36.394989709176862 ], [ -121.321323662011039, 36.394992217497716 ], [ -121.321326773505689, 36.395172169291037 ], [ -121.321103529886599, 36.395174677189686 ], [ -121.321097307966298, 36.394814773576087 ], [ -121.320650822785254, 36.394819788088789 ], [ -121.320657042612496, 36.395179691720344 ], [ -121.320880286258529, 36.395177184675106 ], [ -121.320886507181697, 36.395537088243785 ], [ -121.321332996539908, 36.395532072841753 ], [ -121.321336108070497, 36.395712024590161 ], [ -121.322229088700311, 36.395701988683669 ] ] ], [ [ [ -121.322229088700311, 36.395701988683669 ], [ -121.322232202359899, 36.395881940396144 ], [ -121.322678693631516, 36.395876919882703 ], [ -121.322675578929889, 36.395696968179209 ], [ -121.322229088700311, 36.395701988683669 ] ] ] ] } },
{ "type": "Feature", "properties": { "area_ha": 0.95976987128211055, "count": 24, "min_ha": 0.2, "post_date": "2023-03-25" }, "geometry": { "type": "MultiPolygon", "coordinates": [ [ [ [ -121.32335466304589, 36.396229289272107 ], [ -121.323351546736276, 36.396049337613533 ], [ -121.323128300628852, 36.396051849356965 ], [ -121.323131416408458, 36.396231801024527 ], [ -121.32335466304589, 36.396229289272107 ] ] ], [ [ [ -121.32335466304589, 36.396229289272107 ], [ -121.323357779373481, 36.396409240912718 ], [ -121.323581026522945, 36.396406728738093 ], [ -121.323587260274067, 36.396766631965413 ], [ -121.324033756630143, 36.396761606313603 ], [ -121.324036874583683, 36.396941557900313 ], [ -121.324260123260288, 36.396939044432116 ], [ -121.324269478764819, 36.397478899075466 ], [ -121.324492729013471, 36.397476385167096 ], [ -121.324495848071933, 36.397656336681941 ], [ -121.32471909882365, 36.39765382234237 ], [ -121.324722218421101, 36.397833773839253 ], [ -121.325168720939629, 36.397828743875529 ], [ -121.325165600291143, 36.397648792396623 ], [ -121.324942349566385, 36.397651307580603 ], [ -121.324932989282814, 36.397111453036068 ], [ -121.324709740121122, 36.397113967779873 ], [ -121.324706620577572, 36.396934016229096 ], [ -121.324483371927911, 36.396936530541709 ], [ -121.324480252932332, 36.396756578972969 ], [ -121.324257004785721, 36.396759092854388 ], [ -121.324250767890504, 36.396399189663001 ], [ -121.324027520776966, 36.396401703104253 ], [ -121.324024402877328, 36.396221751481612 ], [ -121.32335466304589, 36.396229289272107 ] ] ] ] } },
{ "type": "Feature", "properties": { "area_ha": 0.31993178517973497, "count": 8, "min_ha": 0.2, "post_date": "2023-03-25" }, "geometry": { "type": "MultiPolygon", "coordinates": [ [ [ [ -121.327108967489991, 36.278112465423014 ], [ -121.327554771460584, 36.2781074261258 ], [ -121.327551650084473, 36.27792746479237 ], [ -121.327774551526275, 36.277924944523924 ], [ -121.327771429638119, 36.277744983181506 ], [ -121.327325627787559, 36.277750023296193 ], [ -121.327328748633661, 36.277929984647585 ], [ -121.32710584715592, 36.277932504080603 ], [ -121.327108967489991, 36.278112465423014 ] ] ], [ [ [ -121.326672521386499, 36.278657386986772 ], [ -121.326449617779744, 36.278659905162144 ], [ -121.326452736595655, 36.278839866459641 ], [ -121.326675640732418, 36.278837348275289 ], [ -121.326672521386499, 36.278657386986772 ] ] ], [ [ [ -121.327108967489991, 36.278112465423014 ], [ -121.326886065482242, 36.27811498443382 ], [ -121.326889185295286, 36.278294945758269 ], [ -121.327112087833044, 36.278292426747463 ], [ -121.327108967489991, 36.278112465423014 ] ] ], [ [ [ -121.326889185295286, 36.278294945758269 ], [ -121.326666282748548, 36.278297464355845 ], [ -121.326672521386499, 36.278657386986772 ], [ -121.326895424984272, 36.278654868380215 ], [ -121.326889185295286, 36.278294945758269 ] ] ] ] } },
{ "type": "Feature", "properties": { "area_ha": 6.9983098512877904, "count": 175, "min_ha": 0.2, "post_date": "2023-03-25" }, "geometry": { "type": "MultiPolygon", "coordinates": [ [ [ [ -121.334749569004956, 36.409419523008687 ], [ -121.334752712704201, 36.409599473301824 ], [ -121.334975998023097, 36.409596939513733 ], [ -121.334972853793829, 36.409416989220595 ], [ -121.334749569004956, 36.409419523008687 ] ] ], [ [ [ -121.326561335035279, 36.400872816235058 ], [ -121.326551962920902, 36.400332962588834 ], [ -121.326328704398762, 36.400335480395896 ], [ -121.326322457451397, 36.399975577878244 ], [ -121.326099199962314, 36.399978095263101 ], [ -121.326089831225602, 36.399438241356371 ], [ -121.3258665752996, 36.399440758292066 ], [ -121.325863452944319, 36.399260806956882 ], [ -121.325640197530348, 36.399263323470372 ], [ -121.325637075714056, 36.399083372117225 ], [ -121.32541382081213, 36.399085888190534 ], [ -121.325416942098414, 36.399265839552669 ], [ -121.324970431207589, 36.399270870450636 ], [ -121.324973551460815, 36.399450821803782 ], [ -121.325196807440719, 36.399448306565901 ], [ -121.325203049052092, 36.399808209227281 ], [ -121.325426306065069, 36.399805693549233 ], [ -121.325432548781365, 36.400165596138748 ], [ -121.325655806836394, 36.4001630800295 ], [ -121.325658928742513, 36.400343031292813 ], [ -121.325882187309574, 36.400340514752379 ], [ -121.325888432217766, 36.400700417234098 ], [ -121.326334951409009, 36.400695382859645 ], [ -121.32633807493211, 36.400875334069063 ], [ -121.326561335035279, 36.400872816235058 ] ] ], [ [ [ -121.33452314104683, 36.409242106063466 ], [ -121.334526284207087, 36.409422056374567 ], [ -121.334749569004956, 36.409419523008687 ], [ -121.334746425323672, 36.409239572706568 ], [ -121.33452314104683, 36.409242106063466 ] ] ], [ [ [ -121.32679084432263, 36.401230200334787 ], [ -121.326797093578676, 36.401590102627857 ], [ -121.3265738313914, 36.401592620902044 ], [ -121.326576955516359, 36.401772572030616 ], [ -121.326800218233643, 36.401770053747448 ], [ -121.326806467579502, 36.402129955950684 ], [ -121.327029731329844, 36.402127437236324 ], [ -121.327032856550744, 36.402307388310994 ], [ -121.327256120804137, 36.402304869165448 ], [ -121.327259246573021, 36.402484820222149 ], [ -121.327482511338459, 36.402482300645403 ], [ -121.327485637646319, 36.40266225167516 ], [ -121.327708902923803, 36.402659731676209 ], [ -121.327718283500303, 36.40319958467564 ], [ -121.327941550340839, 36.403197064227534 ], [ -121.327944677753635, 36.403377015194408 ], [ -121.328167945106216, 36.403374494315109 ], [ -121.328171073058002, 36.403554445264014 ], [ -121.328394340931609, 36.403551923962503 ], [ -121.328397469422384, 36.403731874884464 ], [ -121.328620737799042, 36.403729353151761 ], [ -121.328623866828806, 36.403909304055752 ], [ -121.32884713571751, 36.403906781891862 ], [ -121.328850265295245, 36.404086732777884 ], [ -121.329073534695979, 36.404084210182802 ], [ -121.329076664803722, 36.404264161050861 ], [ -121.329299934716502, 36.404261638024586 ], [ -121.329306196045891, 36.404621539697821 ], [ -121.329082925082091, 36.404624062733077 ], [ -121.329086055243735, 36.404804013556223 ], [ -121.329309326728563, 36.404801490520967 ], [ -121.329315588138812, 36.405161392113349 ], [ -121.329538860665679, 36.405158868628938 ], [ -121.329545123189831, 36.405518770158437 ], [ -121.32976839674977, 36.405516246242833 ], [ -121.329771528555341, 36.405696196976145 ], [ -121.330218076681319, 36.405691147869327 ], [ -121.330221209564868, 36.405871098575687 ], [ -121.330444484130908, 36.405868573384474 ], [ -121.33044135072636, 36.405688622678113 ], [ -121.330887898762512, 36.405683571029058 ], [ -121.330891033218109, 36.405863521717457 ], [ -121.331114307739242, 36.405860995259616 ], [ -121.331120577746361, 36.406220896582511 ], [ -121.331343853300552, 36.406218369684495 ], [ -121.33134698885209, 36.406398320318992 ], [ -121.331793540975582, 36.40639326522939 ], [ -121.331796677587135, 36.406573215845924 ], [ -121.332019954156422, 36.406570687654337 ], [ -121.332023091315946, 36.406750638243913 ], [ -121.332246368388297, 36.406748109630122 ], [ -121.332249506086796, 36.406928060201736 ], [ -121.332472783671193, 36.406925531156752 ], [ -121.332475921908681, 36.407105481710396 ], [ -121.33292247809257, 36.407100422344818 ], [ -121.332928756714537, 36.407460323371268 ], [ -121.333152035835042, 36.407457793041687 ], [ -121.333158315570913, 36.407817694005253 ], [ -121.333381595724489, 36.407815163244486 ], [ -121.333384736135912, 36.407995113699322 ], [ -121.332938174759775, 36.408000174816614 ], [ -121.332941314138125, 36.408180125271443 ], [ -121.333164595360685, 36.408177594914918 ], [ -121.333167735278039, 36.408357545351784 ], [ -121.333391017012644, 36.408355014564066 ], [ -121.333397297943279, 36.408714915374922 ], [ -121.333620580710956, 36.408712384156011 ], [ -121.333626862755494, 36.409072284894997 ], [ -121.333850146565212, 36.409069753244893 ], [ -121.333859571311876, 36.409609604232102 ], [ -121.334082856684674, 36.409607072132843 ], [ -121.334073430356966, 36.409067221163603 ], [ -121.334296714139725, 36.409064688660102 ], [ -121.334299856752025, 36.409244638989172 ], [ -121.33452314104683, 36.409242106063466 ], [ -121.334513711655873, 36.408702255040325 ], [ -121.334290428942097, 36.408704787957049 ], [ -121.334284143807352, 36.40834488719112 ], [ -121.334060862126634, 36.40834741966767 ], [ -121.334054578105793, 36.40798751882987 ], [ -121.333831297467128, 36.407990050875227 ], [ -121.333825014551223, 36.407630149974544 ], [ -121.333601734945617, 36.407632681588709 ], [ -121.333595453143616, 36.407272780616161 ], [ -121.333372174571082, 36.407275311790158 ], [ -121.333369034222542, 36.40709536127244 ], [ -121.333145756162054, 36.407097892015244 ], [ -121.333139476551935, 36.4067379909349 ], [ -121.332916199533486, 36.406740521246505 ], [ -121.332913060280887, 36.40656057068388 ], [ -121.332689783765503, 36.406563100564298 ], [ -121.332686645051893, 36.406383149974715 ], [ -121.332240093045186, 36.406388208450963 ], [ -121.332236955391593, 36.406208257834436 ], [ -121.33201367989129, 36.406210786430258 ], [ -121.332010542776686, 36.406030835795768 ], [ -121.331787267788428, 36.406033363969385 ], [ -121.331784131221795, 36.405853413316926 ], [ -121.331337582251393, 36.405858468361608 ], [ -121.331334446744776, 36.40567851768219 ], [ -121.331111172762633, 36.405681044571224 ], [ -121.331108037795005, 36.405501093873845 ], [ -121.330884764324892, 36.405503620322698 ], [ -121.330881629905235, 36.405323669607355 ], [ -121.330658356938187, 36.405326195634004 ], [ -121.330655223057519, 36.405146244891711 ], [ -121.330431950611498, 36.405148770487166 ], [ -121.330428817269819, 36.404968819726903 ], [ -121.330205545326848, 36.404971344891166 ], [ -121.330202412524159, 36.404791394112941 ], [ -121.3299791411022, 36.404793918846011 ], [ -121.3299760088385, 36.404613968049823 ], [ -121.32975273791962, 36.404616492360681 ], [ -121.329749606194909, 36.404436541537542 ], [ -121.329526335797041, 36.404439065417215 ], [ -121.329520073443561, 36.404079163717036 ], [ -121.329296804078751, 36.404081687165515 ], [ -121.329293673449996, 36.403901736288475 ], [ -121.329070404588236, 36.40390425929678 ], [ -121.329067274507452, 36.40372430840177 ], [ -121.328844006157738, 36.403726830987871 ], [ -121.328840876615928, 36.403546880074899 ], [ -121.328617608778259, 36.403549402229807 ], [ -121.328611350781614, 36.403189500340979 ], [ -121.328388083985985, 36.403192022064694 ], [ -121.32838495554013, 36.403012071088838 ], [ -121.328161689247565, 36.403014592381361 ], [ -121.3281585613407, 36.402834641396524 ], [ -121.327935295560167, 36.402837162248872 ], [ -121.327929040842363, 36.402477260216315 ], [ -121.327705776094902, 36.402479780646452 ], [ -121.327696395698055, 36.40193992746736 ], [ -121.327473132522641, 36.401942447448342 ], [ -121.327470006277665, 36.401762496355708 ], [ -121.327246743614282, 36.401765015914485 ], [ -121.327243617908294, 36.401585064794901 ], [ -121.327020355747976, 36.401587583922485 ], [ -121.327014105440909, 36.401227681638396 ], [ -121.32679084432263, 36.401230200334787 ] ] ], [ [ [ -121.326561335035279, 36.400872816235058 ], [ -121.326567583186389, 36.401232718599992 ], [ -121.32679084432263, 36.401230200334787 ], [ -121.326784595120486, 36.400870297978834 ], [ -121.326561335035279, 36.400872816235058 ] ] ] ] } },
{ "type": "Feature", "properties": { "area_ha": 0.27993192480208939, "count": 7, "min_ha": 0.2, "post_date": "2023-03-25" }, "geometry": { "type": "MultiPolygon", "coordinates": [ [ [ [ -121.337029652134973, 36.4120934181 ], [ -121.337035950519876, 36.412453318120335 ], [ -121.337259244094284, 36.412450780002366 ], [ -121.337262393830216, 36.412630729981089 ], [ -121.337485687916654, 36.412628191431928 ], [ -121.337479387402738, 36.412268291456513 ], [ -121.337256094367334, 36.412270829996693 ], [ -121.337252944658346, 36.412090879982031 ], [ -121.337029652134973, 36.4120934181 ] ] ], [ [ [ -121.336800062331619, 36.411736055685601 ], [ -121.336796913718587, 36.411556105617045 ], [ -121.336573622749299, 36.411558642863646 ], [ -121.336576770832323, 36.411738592941184 ], [ -121.336800062331619, 36.411736055685601 ] ] ], [ [ [ -121.336800062331619, 36.411736055685601 ], [ -121.336806359602619, 36.412095955786782 ], [ -121.337029652134973, 36.4120934181 ], [ -121.337023353821934, 36.411733518016788 ], [ -121.336800062331619, 36.411736055685601 ] ] ] ] } },
{ "type": "Feature", "properties": { "area_ha": 0.7598136735575991, "count": 19, "min_ha": 0.2, "post_date": "2023-03-25" }, "geometry": { "type": "Polygon", "coordinates": [ [ [ -121.342549939423577, 36.42120981223519 ], [ -121.342546776877668, 36.421029863064952 ], [ -121.342323458401964, 36.421032411208117 ], [ -121.342317134415083, 36.420672512822719 ], [ -121.342093816972437, 36.420675060534698 ], [ -121.342096978440367, 36.420855009740869 ], [ -121.341650342468128, 36.420860103907181 ], [ -121.341656663328877, 36.421220002310548 ], [ -121.341433344269262, 36.421222548764888 ], [ -121.341439664150855, 36.421582447123335 ], [ -121.34166298426149, 36.421579900651032 ], [ -121.341666144741268, 36.421759849803308 ], [ -121.34233610657337, 36.421752207826202 ], [ -121.342326620426846, 36.421212360387344 ], [ -121.342549939423577, 36.42120981223519 ] ] ] } },
{ "type": "Feature", "properties": { "area_ha": 0.51987270813394704, "count": 13, "min_ha": 0.2, "post_date": "2023-03-25" }, "geometry": { "type": "Polygon", "coordinates": [ [ [ -121.342524639487507, 36.419770218478 ], [ -121.342521477058384, 36.419590269199958 ], [ -121.34229816278679, 36.419592817298209 ], [ -121.342291839033479, 36.419232918679249 ], [ -121.341621899299938, 36.419240560404823 ], [ -121.34163454055431, 36.419960357660713 ], [ -121.342304486602998, 36.419952715863275 ], [ -121.34230132468592, 36.419772766585233 ], [ -121.342524639487507, 36.419770218478 ] ] ] } },
{ "type": "Feature", "properties": { "area_ha": 1.0397446562899502, "count": 26, "min_ha": 0.2, "post_date": "2023-03-25" }, "geometry": { "type": "Polygon", "coordinates": [ [ [ -121.34592191610372, 36.422431182221985 ], [ -121.345902893100785, 36.421351488116812 ], [ -121.345679573798634, 36.421354042638022 ], [ -121.345676403877548, 36.42117409355761 ], [ -121.345453085087442, 36.421176647647627 ], [ -121.345472101685388, 36.42225634191449 ], [ -121.342568915004449, 36.422289506951216 ], [ -121.342572077658147, 36.42246945602264 ], [ -121.34592191610372, 36.422431182221985 ] ] ] } },
{ "type": "Feature", "properties": { "area_ha": 0.87978439666212838, "count": 22, "min_ha": 0.2, "post_date": "2023-03-25" }, "geometry": { "type": "Polygon", "coordinates": [ [ [ -121.344773625251065, 36.420644459999465 ], [ -121.344770457494931, 36.420464510847189 ], [ -121.344547140743984, 36.420467063212442 ], [ -121.344543973526839, 36.420287114042196 ], [ -121.344320657287952, 36.420289665976256 ], [ -121.344317490609782, 36.420109716788048 ], [ -121.343870859138107, 36.420114819380558 ], [ -121.343867693528935, 36.419934870165399 ], [ -121.343421063054393, 36.419939971051114 ], [ -121.343417898514218, 36.419760021809005 ], [ -121.343194583775514, 36.419762571614058 ], [ -121.343210404014968, 36.420662317725778 ], [ -121.344773625251065, 36.420644459999465 ] ] ] } },
{ "type": "Feature", "properties": { "area_ha": 0.67985672979169853, "count": 17, "min_ha": 0.2, "post_date": "2023-03-25" }, "geometry": { "type": "MultiPolygon", "coordinates": [ [ [ [ -121.340529456780359, 36.267880166120506 ], [ -121.340532608259025, 36.268060127965974 ], [ -121.340755480541517, 36.268057583038775 ], [ -121.340752328541839, 36.267877621202288 ], [ -121.340529456780359, 36.267880166120506 ] ] ], [ [ [ -121.339173336240066, 36.266815655142636 ], [ -121.339170188004317, 36.266635693153432 ], [ -121.338724451605003, 36.266640776566916 ], [ -121.338721304438252, 36.266460814550761 ], [ -121.338498436737154, 36.266463355615208 ], [ -121.338495290109392, 36.266283393581091 ], [ -121.338049555704345, 36.266288474434369 ], [ -121.338055846884757, 36.266648398520573 ], [ -121.338501583373898, 36.266643317640344 ], [ -121.338504730037599, 36.266823279656492 ], [ -121.339173336240066, 36.266815655142636 ] ] ], [ [ [ -121.339851391794056, 36.267347912661762 ], [ -121.339857691526433, 36.267707836469484 ], [ -121.340080562811792, 36.267705292817894 ], [ -121.34008371322146, 36.267885254699294 ], [ -121.340529456780359, 36.267880166120506 ], [ -121.340526305319656, 36.267700204257068 ], [ -121.340303434070222, 36.267702748753074 ], [ -121.340300283148508, 36.267522786862685 ], [ -121.340077412411119, 36.267525330927505 ], [ -121.340074262028395, 36.267345369019154 ], [ -121.339851391794056, 36.267347912661762 ] ] ], [ [ [ -121.339625372228028, 36.267170493937876 ], [ -121.339628521550722, 36.267350455873178 ], [ -121.339851391794056, 36.267347912661762 ], [ -121.339848241950321, 36.267167950735441 ], [ -121.339625372228028, 36.267170493937876 ] ] ], [ [ [ -121.33939935371302, 36.266993074764834 ], [ -121.339402502487758, 36.267173036718106 ], [ -121.339625372228028, 36.267170493937876 ], [ -121.339622222923282, 36.266990531984611 ], [ -121.33939935371302, 36.266993074764834 ] ] ], [ [ [ -121.339173336240066, 36.266815655142636 ], [ -121.339176484484781, 36.266995617122852 ], [ -121.33939935371302, 36.266993074764834 ], [ -121.339396204938282, 36.266813112793599 ], [ -121.339173336240066, 36.266815655142636 ] ] ] ] } },
{ "type": "Feature", "properties": { "area_ha": 0.27992941762130746, "count": 7, "min_ha": 0.2, "post_date": "2023-03-25" }, "geometry": { "type": "Polygon", "coordinates": [ [ [ -121.345331383434811, 36.452315291386462 ], [ -121.345328213046599, 36.452135344704551 ], [ -121.345104803697325, 36.452137898093881 ], [ -121.345101633857098, 36.451957951394007 ], [ -121.344878225019869, 36.451960504361125 ], [ -121.344875055709636, 36.451780557643289 ], [ -121.344651647393434, 36.451783110179214 ], [ -121.344661153770005, 36.452322950314773 ], [ -121.344884563676246, 36.452320397760879 ], [ -121.344887733022389, 36.452500344433801 ], [ -121.34511114343168, 36.452497791457695 ], [ -121.34510797356451, 36.452317844784773 ], [ -121.345331383434811, 36.452315291386462 ] ] ] } },
{ "type": "Feature", "properties": { "area_ha": 0.23994586894929357, "count": 6, "min_ha": 0.2, "post_date": "2023-03-25" }, "geometry": { "type": "MultiPolygon", "coordinates": [ [ [ [ -121.343908198897481, 36.33335976990827 ], [ -121.343905036782758, 36.333179813677276 ], [ -121.343681974856921, 36.333182364506406 ], [ -121.343685136441636, 36.333362320737407 ], [ -121.343908198897481, 36.33335976990827 ] ] ], [ [ [ -121.343908198897481, 36.33335976990827 ], [ -121.343911361021185, 36.333539726112328 ], [ -121.343465235040483, 36.333544827375327 ], [ -121.343468396131129, 36.333724783579378 ], [ -121.344137586642773, 36.333717131038085 ], [ -121.34413442398008, 36.333537174852005 ], [ -121.344357486930008, 36.33353462316947 ], [ -121.344354323764264, 36.33335466696542 ], [ -121.343908198897481, 36.33335976990827 ] ] ] ] } },
{ "type": "Feature", "properties": { "area_ha": 0.39989913967782748, "count": 10, "min_ha": 0.2, "post_date": "2023-03-25" }, "geometry": { "type": "Polygon", "coordinates": [ [ [ -121.346457951721334, 36.452842357891903 ], [ -121.34644843257071, 36.452302518025839 ], [ -121.345554793287135, 36.452312737556959 ], [ -121.345557964223318, 36.4524926842209 ], [ -121.345781374587688, 36.452490129969185 ], [ -121.345787717546997, 36.452850023234184 ], [ -121.346457951721334, 36.452842357891903 ] ] ] } },
{ "type": "Feature", "properties": { "area_ha": 0.27993119801878913, "count": 7, "min_ha": 0.2, "post_date": "2023-03-25" }, "geometry": { "type": "MultiPolygon", "coordinates": [ [ [ [ -121.347510567199222, 36.423852879508523 ], [ -121.347287240638678, 36.423855437075019 ], [ -121.347296762169847, 36.424395283498789 ], [ -121.347520090302439, 36.424392725914323 ], [ -121.347510567199222, 36.423852879508523 ] ] ], [ [ [ -121.347510567199222, 36.423852879508523 ], [ -121.347733893741804, 36.423850321519822 ], [ -121.34772119437541, 36.423130526141414 ], [ -121.347497869925903, 36.423133084112152 ], [ -121.347510567199222, 36.423852879508523 ] ] ] ] } },
{ "type": "Feature", "properties": { "area_ha": 0.23994097061720604, "count": 6, "min_ha": 0.2, "post_date": "2023-03-25" }, "geometry": { "type": "Polygon", "coordinates": [ [ [ -121.348199602609412, 36.424924896835854 ], [ -121.348196426606734, 36.42474494810579 ], [ -121.347973097459047, 36.424747506974839 ], [ -121.347966746540664, 36.42438760946979 ], [ -121.34774341843503, 36.424390167898672 ], [ -121.347759293202216, 36.425289911593921 ], [ -121.347982623948909, 36.425287353129114 ], [ -121.347976272940699, 36.424927455704911 ], [ -121.348199602609412, 36.424924896835854 ] ] ] } },
{ "type": "Feature", "properties": { "area_ha": 11.717148152671392, "count": 293, "min_ha": 0.2, "post_date": "2023-03-25" }, "geometry": { "type": "MultiPolygon", "coordinates": [ [ [ [ -121.33771528360397, 36.412985552364113 ], [ -121.33771213279006, 36.412805602421322 ], [ -121.337488838191575, 36.412808141401669 ], [ -121.337491988484459, 36.412988091353448 ], [ -121.33771528360397, 36.412985552364113 ] ] ], [ [ [ -121.33771528360397, 36.412985552364113 ], [ -121.337721585285678, 36.413345452213768 ], [ -121.337944881447228, 36.41334291279324 ], [ -121.337948032836067, 36.413522862682136 ], [ -121.338171329509663, 36.413520322830415 ], [ -121.338174481437477, 36.413700272710322 ], [ -121.338397778623104, 36.413697732427416 ], [ -121.338400931089922, 36.41387768228936 ], [ -121.338624228787594, 36.413875141575261 ], [ -121.338627381793387, 36.414055091410255 ], [ -121.339073978185851, 36.414050008706447 ], [ -121.339077132260655, 36.41422995851449 ], [ -121.340863521450743, 36.414209610694144 ], [ -121.340860363171842, 36.414029660922026 ], [ -121.341083661228836, 36.414027115545672 ], [ -121.341086820037745, 36.414207065308801 ], [ -121.341533417148867, 36.414201973262514 ], [ -121.341530257288923, 36.414022023517347 ], [ -121.343986534595373, 36.413993987043433 ], [ -121.343983368968239, 36.413814037343187 ], [ -121.344653260884456, 36.413806382151861 ], [ -121.344650093694256, 36.413626432460596 ], [ -121.345319983903678, 36.413618773469402 ], [ -121.34531681514143, 36.413438823778137 ], [ -121.345986703644058, 36.413431160987066 ], [ -121.345989873969373, 36.413611110660362 ], [ -121.346213170633973, 36.413608555546269 ], [ -121.346216341507272, 36.413788505201602 ], [ -121.346439638683918, 36.413785949656315 ], [ -121.346442810096192, 36.413965899284698 ], [ -121.346666107775903, 36.413963343308218 ], [ -121.346672451705388, 36.414323242529051 ], [ -121.346895750418156, 36.414320686112397 ], [ -121.346898922935367, 36.414500635695866 ], [ -121.347345521375985, 36.41449552158695 ], [ -121.347355042152557, 36.415035370211591 ], [ -121.347578342931456, 36.415032812501366 ], [ -121.347581517074616, 36.415212762003982 ], [ -121.348028119638514, 36.415207645316904 ], [ -121.348031294859638, 36.41538759479257 ], [ -121.347807993056676, 36.415390153356199 ], [ -121.347811167756788, 36.415570102831865 ], [ -121.348034470080776, 36.415567544259261 ], [ -121.348037645328873, 36.415747493707975 ], [ -121.348930856583166, 36.415737255159527 ], [ -121.348934033951281, 36.415917204572317 ], [ -121.349157337254439, 36.4159146438707 ], [ -121.349150981485153, 36.415554745045121 ], [ -121.349597585944494, 36.415549622393236 ], [ -121.349600764875674, 36.415729571806018 ], [ -121.349824067603919, 36.415727009837781 ], [ -121.349820888151712, 36.415547060433973 ], [ -121.350267492521226, 36.415541935239851 ], [ -121.350264312035961, 36.41536198583605 ], [ -121.351604121623097, 36.415346600111697 ], [ -121.351600937993723, 36.415166650725865 ], [ -121.352047540018631, 36.415161518776408 ], [ -121.352044355347218, 36.414981569381588 ], [ -121.352267655811701, 36.41497900277804 ], [ -121.352264470637238, 36.41479905338322 ], [ -121.352487770562732, 36.41479648635746 ], [ -121.352490956267204, 36.414976435752287 ], [ -121.352714256695748, 36.414973868295334 ], [ -121.352711070470249, 36.414793918909503 ], [ -121.352934370359819, 36.414791351039327 ], [ -121.352937557115325, 36.414971300416184 ], [ -121.353384157909531, 36.414966163391249 ], [ -121.353387345725054, 36.415146112741148 ], [ -121.355173752504157, 36.4151255476363 ], [ -121.355170560475543, 36.414945598331315 ], [ -121.354947260208689, 36.414948170450515 ], [ -121.354944068728045, 36.414768221118578 ], [ -121.35427416940972, 36.414775934907006 ], [ -121.354270979510105, 36.414595985548118 ], [ -121.353601081638061, 36.414603695500738 ], [ -121.353597893337451, 36.414423746114906 ], [ -121.352927996902707, 36.414431452240706 ], [ -121.352924810201102, 36.414251502818935 ], [ -121.352478213548125, 36.414256638101136 ], [ -121.352475027906522, 36.414076688652415 ], [ -121.352251730092078, 36.414079255651224 ], [ -121.352254915203659, 36.414259205108927 ], [ -121.351808318469836, 36.414264337848898 ], [ -121.351811502548358, 36.41444428729762 ], [ -121.352034801449761, 36.414441721134246 ], [ -121.352037986067288, 36.414621670564998 ], [ -121.350698189281132, 36.414637061230081 ], [ -121.350695007816711, 36.41445711176339 ], [ -121.350471708825467, 36.414459675384535 ], [ -121.35046534699255, 36.414099776397265 ], [ -121.350242049043359, 36.414102339587217 ], [ -121.350238868674879, 36.413922390066631 ], [ -121.350015571228738, 36.41392495282539 ], [ -121.350009211587718, 36.413565053730316 ], [ -121.348892729405534, 36.413577861092172 ], [ -121.34888955223505, 36.41339791149074 ], [ -121.348219664325313, 36.413405590810811 ], [ -121.348216488744853, 36.413225641182429 ], [ -121.341964209794966, 36.413297130702759 ], [ -121.341967370652043, 36.413477080492832 ], [ -121.341297481349912, 36.413484720394834 ], [ -121.341300640643922, 36.413664670193896 ], [ -121.34107734364693, 36.41366721598348 ], [ -121.341074184882942, 36.413487266184418 ], [ -121.340850888406976, 36.413489811542803 ], [ -121.340854046649952, 36.413669761350853 ], [ -121.340407452593098, 36.413674850818978 ], [ -121.340410609794034, 36.413854800627021 ], [ -121.339964014632258, 36.413859888406314 ], [ -121.339967170800122, 36.414039838205376 ], [ -121.33929727635963, 36.414047466716738 ], [ -121.339294121772795, 36.413867516899707 ], [ -121.338847526458309, 36.41387260043895 ], [ -121.338844372940471, 36.413692650594975 ], [ -121.338621075790769, 36.413695191722297 ], [ -121.33861792281192, 36.413515241860352 ], [ -121.338394626165282, 36.41351778255649 ], [ -121.338391473725423, 36.413337832676575 ], [ -121.338168177590816, 36.413340372941519 ], [ -121.338165025698927, 36.413160423034661 ], [ -121.337941730076366, 36.413162962877394 ], [ -121.337938578714486, 36.412983012952566 ], [ -121.33771528360397, 36.412985552364113 ] ], [ [ -121.348028119638514, 36.415207645316904 ], [ -121.348251420902486, 36.415205086331071 ], [ -121.348254596644651, 36.415385035806736 ], [ -121.348701200169742, 36.415379916550478 ], [ -121.348704376971909, 36.415559865999199 ], [ -121.34892767924201, 36.415557305737757 ], [ -121.348924501909835, 36.415377356298023 ], [ -121.349147803631951, 36.415374795605388 ], [ -121.349144625787744, 36.415194846156666 ], [ -121.349367926970871, 36.415192285059796 ], [ -121.349364748614619, 36.415012335602093 ], [ -121.349588049258756, 36.415009774083011 ], [ -121.349594407040271, 36.415369672971465 ], [ -121.349817708717481, 36.415367111012209 ], [ -121.349814529292232, 36.41518716158145 ], [ -121.350484432670953, 36.415179473188395 ], [ -121.350481251682623, 36.414999523757643 ], [ -121.350704552254911, 36.414996960118536 ], [ -121.350701370763531, 36.414817010687784 ], [ -121.350478070721252, 36.414819574317903 ], [ -121.35047488975988, 36.4146396248602 ], [ -121.35002829068145, 36.414644750844843 ], [ -121.350025110798057, 36.414464801360189 ], [ -121.349355213644671, 36.41447248713915 ], [ -121.349361570276329, 36.41483238612642 ], [ -121.349138270144223, 36.414834947214317 ], [ -121.349135092344923, 36.414654997720675 ], [ -121.348911792724863, 36.414657558386359 ], [ -121.348908615464552, 36.414477608874762 ], [ -121.348462017230531, 36.414482728912553 ], [ -121.348465193439807, 36.414662678433139 ], [ -121.348241893774826, 36.414665237823215 ], [ -121.348238718086563, 36.414485288293648 ], [ -121.347568820573841, 36.414492963903676 ], [ -121.347575168797277, 36.41485286298078 ], [ -121.347798469037187, 36.414850304857325 ], [ -121.347801643692378, 36.415030254368929 ], [ -121.348024944444319, 36.415027695823269 ], [ -121.348028119638514, 36.415207645316904 ] ], [ [ -121.349575333893384, 36.414289976126433 ], [ -121.349572155087969, 36.414110026605847 ], [ -121.349348857075881, 36.414112588088997 ], [ -121.349352035351288, 36.414292537618564 ], [ -121.349575333893384, 36.414289976126433 ] ], [ [ -121.348905438222204, 36.414297659345195 ], [ -121.348899083782428, 36.413937760250121 ], [ -121.348452488701497, 36.413942880251987 ], [ -121.34844931255509, 36.413762930668518 ], [ -121.348226015522172, 36.413765490031643 ], [ -121.348222839914769, 36.413585540430212 ], [ -121.347999543384901, 36.413588099362144 ], [ -121.348002718471292, 36.413768048963576 ], [ -121.347556124315631, 36.413773165569808 ], [ -121.347552950289256, 36.413593215950407 ], [ -121.347106357130713, 36.413598330840856 ], [ -121.347109530106067, 36.413778280469238 ], [ -121.34733282721983, 36.413775723235119 ], [ -121.34733600073416, 36.413955672845532 ], [ -121.347559298359968, 36.413953115171239 ], [ -121.347562472413301, 36.414133064763689 ], [ -121.348232366772933, 36.414125389189593 ], [ -121.348235542425257, 36.414305338746111 ], [ -121.348905438222204, 36.414297659345195 ] ] ], [ [ [ -121.347581517074616, 36.415212762003982 ], [ -121.34735821577469, 36.415215319714207 ], [ -121.347355042152557, 36.415035370211591 ], [ -121.346685139726048, 36.415043040782066 ], [ -121.346688311776134, 36.415222990311641 ], [ -121.347134914456817, 36.415217877002227 ], [ -121.347138087566904, 36.415397826504844 ], [ -121.34758469124472, 36.415392711497617 ], [ -121.347581517074616, 36.415212762003982 ] ] ] ] } },
{ "type": "Feature", "properties": { "area_ha": 0.23994107455197208, "count": 6, "min_ha": 0.2, "post_date": "2023-03-25" }, "geometry": { "type": "Polygon", "coordinates": [ [ [ -121.349737472813274, 36.423467382973335 ], [ -121.349718395623952, 36.422387689964111 ], [ -121.349495073420243, 36.422390251725737 ], [ -121.349514147447479, 36.423469944761912 ], [ -121.349737472813274, 36.423467382973335 ] ] ] } },
{ "type": "Feature", "properties": { "area_ha": 1.9195278731052783, "count": 48, "min_ha": 0.2, "post_date": "2023-03-25" }, "geometry": { "type": "Polygon", "coordinates": [ [ [ -121.351744216074565, 36.423264359002971 ], [ -121.351734663255087, 36.422724512678016 ], [ -121.35151134013509, 36.422727078266469 ], [ -121.351514523872254, 36.422907027059424 ], [ -121.351291200204287, 36.422909592225665 ], [ -121.351297566663519, 36.423269489784616 ], [ -121.351074241935549, 36.423272054537634 ], [ -121.35108379014666, 36.423811900790717 ], [ -121.350860463828667, 36.423814465139493 ], [ -121.35087319289336, 36.42453425996095 ], [ -121.350649864455349, 36.424536823905484 ], [ -121.350653046234186, 36.424716772581647 ], [ -121.35042971724819, 36.424719336112958 ], [ -121.350436079799749, 36.425079233438346 ], [ -121.35021274974477, 36.425081796556434 ], [ -121.350225472916506, 36.425801591054494 ], [ -121.350448805073555, 36.425799027909456 ], [ -121.350451986430187, 36.425978976495799 ], [ -121.351121984374558, 36.42597128450948 ], [ -121.351118801436897, 36.425791335941106 ], [ -121.35089546933375, 36.425793900352765 ], [ -121.35088910456335, 36.425434003171112 ], [ -121.351112435615462, 36.425431438768435 ], [ -121.351109252731703, 36.425251490164129 ], [ -121.350885922200604, 36.425254054557826 ], [ -121.350882739846838, 36.425074105926569 ], [ -121.35132939984004, 36.42506897672596 ], [ -121.351313483067628, 36.424169233434952 ], [ -121.351536810409698, 36.424166668223791 ], [ -121.351520891373539, 36.423266924609386 ], [ -121.351744216074565, 36.423264359002971 ] ] ] } },
{ "type": "Feature", "properties": { "area_ha": 0.2399493639627914, "count": 6, "min_ha": 0.2, "post_date": "2023-03-25" }, "geometry": { "type": "Polygon", "coordinates": [ [ [ -121.349686224618011, 36.268855246856376 ], [ -121.349667186685082, 36.26777547742747 ], [ -121.349444315525474, 36.267778039269949 ], [ -121.349463350314295, 36.268857808734786 ], [ -121.349686224618011, 36.268855246856376 ] ] ] } },
{ "type": "Feature", "properties": { "area_ha": 0.47988208936130594, "count": 12, "min_ha": 0.2, "post_date": "2023-03-25" }, "geometry": { "type": "MultiPolygon", "coordinates": [ [ [ [ -121.353084163957334, 36.423248956480123 ], [ -121.353087351413521, 36.423428905192225 ], [ -121.35286402628131, 36.423431473340877 ], [ -121.352867213225451, 36.42361142204399 ], [ -121.353090538887685, 36.423608853886357 ], [ -121.353093726379811, 36.423788802571515 ], [ -121.35331705254508, 36.423786233982689 ], [ -121.353313864531941, 36.423606285306519 ], [ -121.353537190167216, 36.42360371630447 ], [ -121.353534001642032, 36.423423767619319 ], [ -121.353310676536765, 36.423426336612387 ], [ -121.35330748855057, 36.423246387909266 ], [ -121.353084163957334, 36.423248956480123 ] ] ], [ [ [ -121.352414190087813, 36.42325665965047 ], [ -121.353084163957334, 36.423248956480123 ], [ -121.353080976510128, 36.42306900775904 ], [ -121.352634328329785, 36.423074143616162 ], [ -121.352631141951576, 36.422894194859147 ], [ -121.352407818364455, 36.422896762145413 ], [ -121.352414190087813, 36.42325665965047 ] ] ], [ [ [ -121.352867213225451, 36.42361142204399 ], [ -121.352643887554251, 36.423613989779419 ], [ -121.352647073986361, 36.423793938473551 ], [ -121.35287040018757, 36.42379137073813 ], [ -121.352867213225451, 36.42361142204399 ] ] ], [ [ [ -121.352417375962972, 36.423436608380534 ], [ -121.352420561856093, 36.423616557092636 ], [ -121.352643887554251, 36.423613989779419 ], [ -121.352640701131122, 36.423434041076298 ], [ -121.352417375962972, 36.423436608380534 ] ] ], [ [ [ -121.352414190087813, 36.42325665965047 ], [ -121.352190865431695, 36.423259226523506 ], [ -121.35219405078584, 36.423439175253577 ], [ -121.352417375962972, 36.423436608380534 ], [ -121.352414190087813, 36.42325665965047 ] ] ] ] } },
{ "type": "Feature", "properties": { "area_ha": 7.0382676386886018, "count": 176, "min_ha": 0.2, "post_date": "2023-03-25" }, "geometry": { "type": "MultiPolygon", "coordinates": [ [ [ [ -121.356236265898332, 36.424652546560232 ], [ -121.356459594489067, 36.424649972006591 ], [ -121.356446812774109, 36.423930177822939 ], [ -121.35622348628543, 36.423932752349629 ], [ -121.356236265898332, 36.424652546560232 ] ] ], [ [ [ -121.355598214354131, 36.426459752365488 ], [ -121.3555918273684, 36.426099855534176 ], [ -121.355368494510657, 36.426102428443897 ], [ -121.355362108638843, 36.425742531549702 ], [ -121.355585440445537, 36.425739958657942 ], [ -121.355575860173545, 36.425200113222331 ], [ -121.355799190390229, 36.42519753992633 ], [ -121.355780027097396, 36.424117848722723 ], [ -121.355556700033802, 36.424120421982785 ], [ -121.355553506729578, 36.423940473396449 ], [ -121.356000159778787, 36.423935326454114 ], [ -121.355993771113205, 36.423575429254491 ], [ -121.355323794674504, 36.423583148989763 ], [ -121.355320601945195, 36.423403200349526 ], [ -121.354650626943808, 36.423410916257978 ], [ -121.354647435804523, 36.423230967581816 ], [ -121.354424111301114, 36.423233538703883 ], [ -121.354436873846026, 36.423953333318728 ], [ -121.354213547222599, 36.423955904027579 ], [ -121.354229498113028, 36.42485564701316 ], [ -121.354006168839575, 36.424858217335732 ], [ -121.354022117475239, 36.425757959988943 ], [ -121.353798785560727, 36.425760529916253 ], [ -121.353811542643882, 36.426480323812449 ], [ -121.353588208609352, 36.426482893335518 ], [ -121.353591397386069, 36.426662841778125 ], [ -121.354484735527407, 36.426652561116654 ], [ -121.354487926424142, 36.426832509523329 ], [ -121.355157931456219, 36.426824794558108 ], [ -121.35515154650966, 36.426464897771709 ], [ -121.355598214354131, 36.426459752365488 ] ] ], [ [ [ -121.355821548244919, 36.426457179024574 ], [ -121.355598214354131, 36.426459752365488 ], [ -121.355604601393765, 36.426819649133918 ], [ -121.357167945717023, 36.42680162678235 ], [ -121.357164748505141, 36.426621678438558 ], [ -121.357388082827114, 36.426619102133202 ], [ -121.357384885103187, 36.42643915378941 ], [ -121.357608218877203, 36.426436577052868 ], [ -121.35760182242322, 36.426076680338333 ], [ -121.35782515513722, 36.42607410319755 ], [ -121.357809161639693, 36.425174361173163 ], [ -121.357585831557756, 36.425176938287002 ], [ -121.357589029703902, 36.425356886729602 ], [ -121.357365699082976, 36.425359463421238 ], [ -121.357375292021217, 36.425899308668207 ], [ -121.357151959810267, 36.425901884955593 ], [ -121.35715835412627, 36.426261781724023 ], [ -121.356935020846322, 36.426264357607167 ], [ -121.356938217501266, 36.42644430597791 ], [ -121.356714883682329, 36.426446881429861 ], [ -121.356718079825228, 36.426626829791623 ], [ -121.355824742285762, 36.426637127413287 ], [ -121.355821548244919, 36.426457179024574 ] ] ], [ [ [ -121.356236265898332, 36.424652546560232 ], [ -121.356012937298615, 36.424655120682679 ], [ -121.356035298521988, 36.425914760041437 ], [ -121.355811966221211, 36.425917333786586 ], [ -121.355821548244919, 36.426457179024574 ], [ -121.356268215999563, 36.426452031076131 ], [ -121.356249045762752, 36.425372340537272 ], [ -121.356472376455542, 36.425369765956681 ], [ -121.356462789958229, 36.424829920512082 ], [ -121.356239460846467, 36.424832495074703 ], [ -121.356236265898332, 36.424652546560232 ] ] ] ] } },
{ "type": "Feature", "properties": { "area_ha": 0.35992423777567589, "count": 9, "min_ha": 0.2, "post_date": "2023-03-25" }, "geometry": { "type": "Polygon", "coordinates": [ [ [ -121.353430539859033, 36.266292168693099 ], [ -121.353414631405016, 36.265392360265245 ], [ -121.35319176729719, 36.265394929231363 ], [ -121.353201310765201, 36.265934814345563 ], [ -121.352978445076332, 36.265937382898457 ], [ -121.352984806406184, 36.266297306248035 ], [ -121.352761939657313, 36.266299874387705 ], [ -121.352765119828163, 36.266479836044525 ], [ -121.353210854358991, 36.266474699325016 ], [ -121.353207673146088, 36.266294737677178 ], [ -121.353430539859033, 36.266292168693099 ] ] ] } },
{ "type": "Feature", "properties": { "area_ha": 0.99979020712124167, "count": 25, "min_ha": 0.2, "post_date": "2023-03-25" }, "geometry": { "type": "MultiPolygon", "coordinates": [ [ [ [ -121.35603799431226, 36.262482111281066 ], [ -121.356483705343152, 36.262476962128879 ], [ -121.356480516611356, 36.262297000229509 ], [ -121.356703371583322, 36.262294425020102 ], [ -121.356700182330499, 36.262114463111743 ], [ -121.356923036763476, 36.262111887489112 ], [ -121.356919847007603, 36.261931925562791 ], [ -121.356474139174708, 36.261937076376867 ], [ -121.35647732787956, 36.262117038312169 ], [ -121.356254473419639, 36.262119613090391 ], [ -121.356257661621427, 36.262299575007724 ], [ -121.356034806622503, 36.262302149372715 ], [ -121.35603799431226, 36.262482111281066 ] ] ], [ [ [ -121.354057758277861, 36.263944956698701 ], [ -121.353834898419052, 36.263947526877544 ], [ -121.353844446234916, 36.264487412324122 ], [ -121.354067307665773, 36.264484842118328 ], [ -121.354057758277861, 36.263944956698701 ] ] ], [ [ [ -121.35603799431226, 36.262482111281066 ], [ -121.355592283218485, 36.262487258744429 ], [ -121.355595469875169, 36.26266722065278 ], [ -121.356041182019979, 36.262662073180437 ], [ -121.35603799431226, 36.262482111281066 ] ] ], [ [ [ -121.355595469875169, 36.26266722065278 ], [ -121.355149757676472, 36.262672366436291 ], [ -121.355152943300098, 36.262852328344643 ], [ -121.354930086657262, 36.262854900607579 ], [ -121.354933271768857, 36.26303486249796 ], [ -121.354710414587032, 36.263037434347673 ], [ -121.354713599195563, 36.263217396229074 ], [ -121.35426788372699, 36.263222538661864 ], [ -121.354274250904879, 36.26358246240671 ], [ -121.354051392097105, 36.263585033007757 ], [ -121.354057758277861, 36.263944956698701 ], [ -121.354280618127675, 36.263942386088665 ], [ -121.354277434507296, 36.263762424261159 ], [ -121.35450029381812, 36.2637598532379 ], [ -121.354497109685695, 36.263579891392432 ], [ -121.354719968457545, 36.263577319955949 ], [ -121.354716783822056, 36.263397358101493 ], [ -121.354939642054916, 36.263394786242799 ], [ -121.354936456907396, 36.263214824379368 ], [ -121.355159314601252, 36.263212252107451 ], [ -121.355156128941687, 36.263032290235031 ], [ -121.355378986096568, 36.263029717540903 ], [ -121.355375799933952, 36.262849755659502 ], [ -121.35559865654983, 36.26284718255215 ], [ -121.355595469875169, 36.26266722065278 ] ] ] ] } },
{ "type": "Feature", "properties": { "area_ha": 0.35991149986293336, "count": 9, "min_ha": 0.2, "post_date": "2023-03-25" }, "geometry": { "type": "MultiPolygon", "coordinates": [ [ [ [ -121.357786771382763, 36.423914721751522 ], [ -121.357783572832389, 36.4237347732101 ], [ -121.357113595171967, 36.423742503132274 ], [ -121.357116792141326, 36.423922451700648 ], [ -121.357786771382763, 36.423914721751522 ] ] ], [ [ [ -121.357786771382763, 36.423914721751522 ], [ -121.357805962990497, 36.424994412730555 ], [ -121.358029292524463, 36.424991835194511 ], [ -121.358010097763653, 36.423912144260392 ], [ -121.357786771382763, 36.423914721751522 ] ] ] ] } },
{ "type": "Feature", "properties": { "area_ha": 1.6395992480873756, "count": 41, "min_ha": 0.2, "post_date": "2023-03-25" }, "geometry": { "type": "MultiPolygon", "coordinates": [ [ [ [ -121.361027655134833, 36.417757759299434 ], [ -121.361034067030857, 36.418117657145842 ], [ -121.361257376361706, 36.418115073474304 ], [ -121.361254169879203, 36.41793512457356 ], [ -121.361477478662081, 36.417932540488792 ], [ -121.361474271676514, 36.417752591570078 ], [ -121.361027655134833, 36.417757759299434 ] ] ], [ [ [ -121.358568062973134, 36.417606202515621 ], [ -121.358564862850699, 36.417426253498093 ], [ -121.358341555451219, 36.417428832049239 ], [ -121.358344755043646, 36.417608781075749 ], [ -121.358568062973134, 36.417606202515621 ] ] ], [ [ [ -121.360348117225882, 36.417225660809059 ], [ -121.360354525878975, 36.417585558763271 ], [ -121.360131218066272, 36.417588140719026 ], [ -121.360134421889768, 36.417768089682653 ], [ -121.360581038539252, 36.41776292533995 ], [ -121.360584243431745, 36.417942874276633 ], [ -121.360807552259544, 36.417940291467474 ], [ -121.360804346846024, 36.417760342530798 ], [ -121.361027655134833, 36.417757759299434 ], [ -121.361024449218263, 36.417577810362751 ], [ -121.36080114145048, 36.417580393585133 ], [ -121.360797936063918, 36.417400444630488 ], [ -121.360574628817162, 36.417403027421678 ], [ -121.360571423969574, 36.417223078440081 ], [ -121.360348117225882, 36.417225660809059 ] ] ], [ [ [ -121.360584243431745, 36.417942874276633 ], [ -121.360360934585984, 36.417945456663581 ], [ -121.360364138957451, 36.418125405591276 ], [ -121.3601408295727, 36.418127987565001 ], [ -121.360144033441102, 36.418307936483714 ], [ -121.360590653252657, 36.41830277211406 ], [ -121.360584243431745, 36.417942874276633 ] ] ], [ [ [ -121.359681399650441, 36.417413354355368 ], [ -121.360128014260752, 36.417408191737429 ], [ -121.360124810473181, 36.417228242746852 ], [ -121.360348117225882, 36.417225660809059 ], [ -121.36034491292628, 36.417045711800519 ], [ -121.359674994186364, 36.41705345633828 ], [ -121.359681399650441, 36.417413354355368 ] ] ], [ [ [ -121.360134421889768, 36.417768089682653 ], [ -121.35968780516842, 36.417773252327542 ], [ -121.359681399650441, 36.417413354355368 ], [ -121.359458092322839, 36.417415935035514 ], [ -121.359451687909782, 36.417056037000457 ], [ -121.359228381615225, 36.417058617240436 ], [ -121.359231583291759, 36.417238566266946 ], [ -121.359008276458212, 36.417241146093694 ], [ -121.359014678796157, 36.41760104411977 ], [ -121.358568062973134, 36.417606202515621 ], [ -121.358571263113532, 36.417786151515187 ], [ -121.358794571555052, 36.417783572523867 ], [ -121.358797772234439, 36.417963521514451 ], [ -121.359244390123607, 36.417958362247226 ], [ -121.359247591871991, 36.418138311201872 ], [ -121.3601408295727, 36.418127987565001 ], [ -121.360134421889768, 36.417768089682653 ] ] ] ] } },
{ "type": "Feature", "properties": { "area_ha": 0.27994137581887174, "count": 7, "min_ha": 0.2, "post_date": "2023-03-25" }, "geometry": { "type": "MultiPolygon", "coordinates": [ [ [ [ -121.358241005871619, 36.26101665331106 ], [ -121.357795303455575, 36.261021809146719 ], [ -121.357798495232657, 36.261201771117953 ], [ -121.357575643476665, 36.261204348402472 ], [ -121.357578834750697, 36.261384310373707 ], [ -121.358247391536835, 36.261376577226585 ], [ -121.358241005871619, 36.26101665331106 ] ] ], [ [ [ -121.358241005871619, 36.26101665331106 ], [ -121.358463857052698, 36.26101407475992 ], [ -121.358457470399344, 36.260654150799482 ], [ -121.358234620269286, 36.260656729332659 ], [ -121.358241005871619, 36.26101665331106 ] ] ] ] } },
{ "type": "Feature", "properties": { "area_ha": 0.47988254106833622, "count": 12, "min_ha": 0.2, "post_date": "2023-03-25" }, "geometry": { "type": "MultiPolygon", "coordinates": [ [ [ [ -121.361503135130505, 36.41937213129053 ], [ -121.361496720925814, 36.419012233677684 ], [ -121.360603473074136, 36.419022567609254 ], [ -121.360600268091815, 36.418842618753416 ], [ -121.359930333622401, 36.418850364728485 ], [ -121.359933537023693, 36.419030313602285 ], [ -121.360156849049488, 36.419027732023821 ], [ -121.360160052989769, 36.419207680879651 ], [ -121.361276615553194, 36.419194766609294 ], [ -121.361279822143501, 36.419374715420211 ], [ -121.361503135130505, 36.41937213129053 ] ] ], [ [ [ -121.361503135130505, 36.41937213129053 ], [ -121.361506342259801, 36.419552080074496 ], [ -121.36195296924889, 36.419546910530549 ], [ -121.361949761068558, 36.419366961755564 ], [ -121.361503135130505, 36.41937213129053 ] ] ] ] } },
{ "type": "Feature", "properties": { "area_ha": 0.27993151532885124, "count": 7, "min_ha": 0.2, "post_date": "2023-03-25" }, "geometry": { "type": "Polygon", "coordinates": [ [ [ -121.363503315902193, 36.418809008754188 ], [ -121.363500104101661, 36.418629059970222 ], [ -121.362830171797185, 36.418636822456321 ], [ -121.362826961586677, 36.418456873636423 ], [ -121.362603651321578, 36.418459460281383 ], [ -121.362610070691574, 36.41881935792118 ], [ -121.362833382016689, 36.418816771267238 ], [ -121.362836592254155, 36.418996720060186 ], [ -121.363283215910499, 36.418991545467705 ], [ -121.363280004621998, 36.418811596683739 ], [ -121.363503315902193, 36.418809008754188 ] ] ] } },
{ "type": "Feature", "properties": { "area_ha": 0.99979074744291174, "count": 25, "min_ha": 0.2, "post_date": "2023-03-25" }, "geometry": { "type": "Polygon", "coordinates": [ [ [ -121.361586972757976, 36.261157892530612 ], [ -121.361580571408183, 36.260797968758823 ], [ -121.361357720963724, 36.260800553220875 ], [ -121.361354520832307, 36.260620591312524 ], [ -121.361131670890899, 36.260623175343383 ], [ -121.361128471298471, 36.260443213408088 ], [ -121.360682772421782, 36.260448380203187 ], [ -121.360679573889371, 36.26026841824094 ], [ -121.360233876000834, 36.260273583329244 ], [ -121.360230678537405, 36.26009362134004 ], [ -121.359784981628025, 36.26009878473053 ], [ -121.359788178040418, 36.260278746728716 ], [ -121.359342480026115, 36.260283908439355 ], [ -121.35934567540545, 36.26046387043754 ], [ -121.359122825850321, 36.260466450659543 ], [ -121.35912921562084, 36.260826374619981 ], [ -121.359352066218008, 36.260823794380009 ], [ -121.359348870802748, 36.260643832417756 ], [ -121.360463120967893, 36.260630924920697 ], [ -121.360466319006235, 36.260810886856 ], [ -121.361134870492322, 36.260803137269704 ], [ -121.361138070111693, 36.260983099169074 ], [ -121.361360921104122, 36.260980515120245 ], [ -121.361364121262497, 36.261160477001646 ], [ -121.361586972757976, 36.261157892530612 ] ] ] } },
{ "type": "Feature", "properties": { "area_ha": 1.1197655701494595, "count": 28, "min_ha": 0.2, "post_date": "2023-03-25" }, "geometry": { "type": "Polygon", "coordinates": [ [ [ -121.364916909378763, 36.260399227355279 ], [ -121.364900867147639, 36.259499417939281 ], [ -121.364678020592891, 36.259502008707514 ], [ -121.364690852254171, 36.260221856296006 ], [ -121.36446800357939, 36.260224446659997 ], [ -121.36447121101412, 36.260404408523428 ], [ -121.36424836180035, 36.260406998483177 ], [ -121.3642547756547, 36.260766922174113 ], [ -121.36380907509816, 36.260772100835965 ], [ -121.36381228100575, 36.26095206266347 ], [ -121.363143728486605, 36.260959827503157 ], [ -121.3631501371936, 36.261319751158162 ], [ -121.362927285275916, 36.261322338602625 ], [ -121.362930489126356, 36.261502300412168 ], [ -121.362261931711387, 36.261510060230272 ], [ -121.362265134007743, 36.261690022039808 ], [ -121.363156545963491, 36.26167967475029 ], [ -121.363153341565067, 36.261499712958717 ], [ -121.363599046406577, 36.261494536794189 ], [ -121.363595840984075, 36.261314575002615 ], [ -121.364041544711668, 36.261309397149248 ], [ -121.364038338256108, 36.261129435348693 ], [ -121.364261189571934, 36.261126845802174 ], [ -121.364257982604329, 36.260946883992638 ], [ -121.364480833390147, 36.260944294023908 ], [ -121.364474418457817, 36.260584370377885 ], [ -121.364697268174638, 36.260581779995931 ], [ -121.364694060200932, 36.260401818150463 ], [ -121.364916909378763, 36.260399227355279 ] ] ] } },
{ "type": "Feature", "properties": { "area_ha": 0.31993317247608938, "count": 8, "min_ha": 0.2, "post_date": "2023-03-25" }, "geometry": { "type": "Polygon", "coordinates": [ [ [ -121.365779411347788, 36.258769202903075 ], [ -121.365776200912691, 36.258589240940829 ], [ -121.365330513139185, 36.258594425378838 ], [ -121.365327303764104, 36.25841446338066 ], [ -121.365104460380408, 36.258417054966351 ], [ -121.36510766922548, 36.258597016964536 ], [ -121.364884825302795, 36.258599608128023 ], [ -121.364894450364787, 36.259139494059696 ], [ -121.36511729585952, 36.25913690287824 ], [ -121.365110878088515, 36.25877697895374 ], [ -121.365333722523246, 36.258774387359061 ], [ -121.365336931925285, 36.258954349330295 ], [ -121.365559776872047, 36.258951757304423 ], [ -121.365556566940015, 36.25877179534217 ], [ -121.365779411347788, 36.258769202903075 ] ] ] } },
{ "type": "Feature", "properties": { "area_ha": 0.2399498832726209, "count": 6, "min_ha": 0.2, "post_date": "2023-03-25" }, "geometry": { "type": "Polygon", "coordinates": [ [ [ -121.369344919770185, 36.258727666358425 ], [ -121.369341700953811, 36.258547704486006 ], [ -121.368004638890909, 36.258563293346391 ], [ -121.368007854563189, 36.258743255254743 ], [ -121.369344919770185, 36.258727666358425 ] ] ] } },
{ "type": "Feature", "properties": { "area_ha": 7.2382230809080621, "count": 179, "min_ha": 0.2, "post_date": "2023-03-25" }, "geometry": { "type": "MultiPolygon", "coordinates": [ [ [ [ -121.371186327555463, 36.423759321768316 ], [ -121.371183097447258, 36.423579373568252 ], [ -121.370513122517735, 36.423587179793323 ], [ -121.370506665508316, 36.42322728333032 ], [ -121.370283341552891, 36.423229884545954 ], [ -121.370280113591662, 36.423049936291996 ], [ -121.369833466686927, 36.423055137438674 ], [ -121.369830239794695, 36.422875189157764 ], [ -121.369606916845385, 36.422877789088808 ], [ -121.369603690501123, 36.422697840780955 ], [ -121.368933723135399, 36.422705638013888 ], [ -121.368940172688795, 36.42306553464757 ], [ -121.368493525604393, 36.423070730700807 ], [ -121.368496749352516, 36.423250679008667 ], [ -121.368720073424726, 36.42324808118866 ], [ -121.368723297720834, 36.423428029469569 ], [ -121.368946622305074, 36.423425431218377 ], [ -121.368953071984237, 36.423785327735281 ], [ -121.369399723218862, 36.423780129930329 ], [ -121.369402949131924, 36.423960078157343 ], [ -121.369626275252287, 36.423957478612571 ], [ -121.369629501704352, 36.424137426812635 ], [ -121.370299481556643, 36.42412962562711 ], [ -121.370302709598718, 36.424309573800222 ], [ -121.370749363806766, 36.424304370874879 ], [ -121.37075259292682, 36.42448431902104 ], [ -121.371199248123006, 36.424479114388895 ], [ -121.371202478303076, 36.424659062508113 ], [ -121.371649134496394, 36.424653856169165 ], [ -121.371642672043194, 36.424293959939725 ], [ -121.371419345006544, 36.424296563311316 ], [ -121.371409653029048, 36.423756718836898 ], [ -121.371186327555463, 36.423759321768316 ] ], [ [ -121.371186327555463, 36.423759321768316 ], [ -121.370963002063917, 36.42376192426854 ], [ -121.370966231660077, 36.423941872450634 ], [ -121.37118955767265, 36.423939269941428 ], [ -121.371186327555463, 36.423759321768316 ] ] ], [ [ [ -121.368493525604393, 36.423070730700807 ], [ -121.368490301865251, 36.422890782383966 ], [ -121.368043655769, 36.422895976739383 ], [ -121.368040433107822, 36.422716028395591 ], [ -121.368263755634928, 36.422713431428981 ], [ -121.368260532461733, 36.422533483076208 ], [ -121.368707176419989, 36.422528287903326 ], [ -121.368710400653214, 36.422708236247118 ], [ -121.368933723135399, 36.422705638013888 ], [ -121.368927273644886, 36.422345741326303 ], [ -121.368703952213721, 36.422348339550553 ], [ -121.368700728016435, 36.42216839117981 ], [ -121.368477407088335, 36.422170988963877 ], [ -121.368474183430038, 36.421991040575172 ], [ -121.367804222154902, 36.421998831376172 ], [ -121.367801000086615, 36.421818882960515 ], [ -121.367577680155648, 36.421821479037789 ], [ -121.367574458635346, 36.421641530595181 ], [ -121.367127819779512, 36.421646721474119 ], [ -121.367124599319212, 36.42146677300456 ], [ -121.36667796146051, 36.421471962176696 ], [ -121.366674742069208, 36.421292013680194 ], [ -121.366004786731935, 36.421299794240397 ], [ -121.366001568939637, 36.421119845716944 ], [ -121.365554933021286, 36.421125030622079 ], [ -121.365551716297986, 36.420945082071675 ], [ -121.365105081376768, 36.420950265279004 ], [ -121.36511151273929, 36.421310162388792 ], [ -121.364664875653133, 36.42131534391627 ], [ -121.364661661013926, 36.421135395356877 ], [ -121.364438342978389, 36.421137985478325 ], [ -121.364435128878171, 36.42095803690097 ], [ -121.363988493804243, 36.42096321585926 ], [ -121.363985280773022, 36.420783267254961 ], [ -121.363761963734618, 36.420785856091811 ], [ -121.363758751242386, 36.420605907469536 ], [ -121.363312118180687, 36.420611083858653 ], [ -121.363308906757439, 36.420431135209434 ], [ -121.362862274692873, 36.42043630990073 ], [ -121.362865485065086, 36.420616258567911 ], [ -121.362195535270416, 36.420624017433802 ], [ -121.362198744079549, 36.420803966109972 ], [ -121.362422061216762, 36.420801380228575 ], [ -121.362425270564898, 36.420981328877794 ], [ -121.363541858667432, 36.420968393128724 ], [ -121.363545070665594, 36.421148341733023 ], [ -121.363768388764015, 36.421145753309396 ], [ -121.363771601301167, 36.421325701895732 ], [ -121.363994919911619, 36.421323113031939 ], [ -121.36399813298776, 36.421503061600305 ], [ -121.364221452110243, 36.4215004723143 ], [ -121.364224665734355, 36.421680420855715 ], [ -121.364447985359902, 36.421677831138517 ], [ -121.364451199523018, 36.42185777966197 ], [ -121.364674519669578, 36.421855189522567 ], [ -121.36467130498545, 36.421675240999107 ], [ -121.365787902843692, 36.421662283933017 ], [ -121.365791120159884, 36.421842232429519 ], [ -121.366014440207636, 36.421839639738899 ], [ -121.366020875935959, 36.422199536660038 ], [ -121.366467518106575, 36.422194349985219 ], [ -121.366470737039734, 36.422374298418845 ], [ -121.366917380198501, 36.422369110028242 ], [ -121.366920600200658, 36.422549058434917 ], [ -121.367367244347562, 36.422543868346494 ], [ -121.367370465418716, 36.422723816726219 ], [ -121.367593787999724, 36.422721221035225 ], [ -121.367597009609852, 36.42290116939698 ], [ -121.367820332702905, 36.422898573274793 ], [ -121.367823554852023, 36.423078521609604 ], [ -121.368493525604393, 36.423070730700807 ] ] ] ] } },
{ "type": "Feature", "properties": { "area_ha": 0.51987201143497175, "count": 13, "min_ha": 0.2, "post_date": "2023-03-25" }, "geometry": { "type": "Polygon", "coordinates": [ [ [ -121.374354971262747, 36.426062166321174 ], [ -121.37435173359971, 36.425882218390605 ], [ -121.37412840201759, 36.425884826900564 ], [ -121.37412516488456, 36.425704878961014 ], [ -121.373901833814486, 36.425707487039773 ], [ -121.373898597229427, 36.425527539073279 ], [ -121.373675266662403, 36.425530146720845 ], [ -121.373672030625315, 36.425350198736382 ], [ -121.373448700570336, 36.425352805961751 ], [ -121.373445465063256, 36.425172857959318 ], [ -121.373222135520308, 36.425175464744505 ], [ -121.37322537049738, 36.42535541275592 ], [ -121.372778710306562, 36.425360625077644 ], [ -121.372781944250562, 36.425540573089059 ], [ -121.373005274871488, 36.425537967130317 ], [ -121.373008509354491, 36.425717915123769 ], [ -121.373678502717453, 36.425710094696328 ], [ -121.373681738790467, 36.425890042653847 ], [ -121.373905070408512, 36.425887434988311 ], [ -121.37390830702951, 36.426067382927855 ], [ -121.374354971262747, 36.426062166321174 ] ] ] } },
{ "type": "Feature", "properties": { "area_ha": 0.47988188688560002, "count": 12, "min_ha": 0.2, "post_date": "2023-03-25" }, "geometry": { "type": "Polygon", "coordinates": [ [ [ -121.380371925160276, 36.42527178501981 ], [ -121.380368673357765, 36.425091837206026 ], [ -121.37947535698261, 36.425102314382947 ], [ -121.379478606683065, 36.425282262223682 ], [ -121.379031947354619, 36.425287498287879 ], [ -121.379038444707376, 36.42564739395138 ], [ -121.379708436830668, 36.425639539199317 ], [ -121.379705186573247, 36.425459591385533 ], [ -121.380151846862887, 36.425454352770124 ], [ -121.380148595572422, 36.42527440495634 ], [ -121.380371925160276, 36.42527178501981 ] ] ] } },
{ "type": "Feature", "properties": { "area_ha": 0.51987134988438066, "count": 13, "min_ha": 0.2, "post_date": "2023-03-25" }, "geometry": { "type": "MultiPolygon", "coordinates": [ [ [ [ -121.384955967814122, 36.431697405069841 ], [ -121.3849494420746, 36.431337510672961 ], [ -121.384726094897729, 36.431340139287208 ], [ -121.384719570272125, 36.430980244827445 ], [ -121.384496224137294, 36.430982873010507 ], [ -121.384492962372462, 36.430802925744693 ], [ -121.384269616749663, 36.430805553496562 ], [ -121.38426635552382, 36.430625606221767 ], [ -121.384043010404085, 36.430628233542443 ], [ -121.38404953181373, 36.430988128101021 ], [ -121.384272877984486, 36.430985500762375 ], [ -121.38428266179676, 36.43152534247897 ], [ -121.384506009521616, 36.431522714700151 ], [ -121.38450927134933, 36.431702661903081 ], [ -121.384955967814122, 36.431697405069841 ] ] ], [ [ [ -121.384955967814122, 36.431697405069841 ], [ -121.38495923071082, 36.43187735224582 ], [ -121.38518257945077, 36.431874723191392 ], [ -121.38517931602405, 36.431694776015412 ], [ -121.384955967814122, 36.431697405069841 ] ] ] ] } },
{ "type": "Feature", "properties": { "area_ha": 0.23994093808455347, "count": 6, "min_ha": 0.2, "post_date": "2023-03-25" }, "geometry": { "type": "Polygon", "coordinates": [ [ [ -121.388644923333715, 36.425714392074951 ], [ -121.388641652019786, 36.425534444521681 ], [ -121.388418321937849, 36.42553708015177 ], [ -121.388411780414941, 36.425177184982346 ], [ -121.387965122308202, 36.425182454957941 ], [ -121.387971661729068, 36.425542350145335 ], [ -121.38819499184693, 36.425539715359662 ], [ -121.388198262100843, 36.425719662930902 ], [ -121.388644923333715, 36.425714392074951 ] ] ] } },
{ "type": "Feature", "properties": { "area_ha": 0.31992060187882509, "count": 8, "min_ha": 0.2, "post_date": "2023-03-25" }, "geometry": { "type": "Polygon", "coordinates": [ [ [ -121.390588810755915, 36.434330755482343 ], [ -121.390585534492274, 36.434150808647715 ], [ -121.390138824067662, 36.434156086851885 ], [ -121.390142099271301, 36.434336033695487 ], [ -121.389918743515508, 36.434338672164259 ], [ -121.389922018207088, 36.434518618998879 ], [ -121.389475305590594, 36.434523894678783 ], [ -121.389478579249115, 36.434703841513404 ], [ -121.389701936091868, 36.434701203871079 ], [ -121.389705210298359, 36.434881150687737 ], [ -121.389928567653158, 36.434878512623207 ], [ -121.389925292925625, 36.434698565815538 ], [ -121.390148649741434, 36.434695927337785 ], [ -121.39014537450187, 36.434515980521127 ], [ -121.390368730769694, 36.434513341621162 ], [ -121.390365455018099, 36.434333394795523 ], [ -121.390588810755915, 36.434330755482343 ] ] ] } },
{ "type": "Feature", "properties": { "area_ha": 0.23994051008868933, "count": 6, "min_ha": 0.2, "post_date": "2023-03-25" }, "geometry": { "type": "Polygon", "coordinates": [ [ [ -121.391912547883621, 36.433415176554753 ], [ -121.391909268538768, 36.433235229693182 ], [ -121.391239211045075, 36.433243153893997 ], [ -121.391249044381468, 36.433782994496681 ], [ -121.391472398475372, 36.433780353503643 ], [ -121.391469120154582, 36.433600406660041 ], [ -121.391692473700516, 36.433597765244791 ], [ -121.391689194876676, 36.433417818383219 ], [ -121.391912547883621, 36.433415176554753 ] ] ] } },
{ "type": "Feature", "properties": { "area_ha": 12.876818830269166, "count": 322, "min_ha": 0.2, "post_date": "2023-03-25" }, "geometry": { "type": "Polygon", "coordinates": [ [ [ -121.392993211863867, 36.43142254508097 ], [ -121.392986648278338, 36.431062651088332 ], [ -121.392763302188413, 36.431065294955978 ], [ -121.392760020939136, 36.430885347932708 ], [ -121.39298336650802, 36.430882704065063 ], [ -121.392980084755678, 36.430702757032812 ], [ -121.392756739716788, 36.430705400900457 ], [ -121.392750177308045, 36.430345506782054 ], [ -121.392526833302213, 36.430348150200544 ], [ -121.392523552645812, 36.430168203114391 ], [ -121.39230020915204, 36.430170846110677 ], [ -121.39229364893518, 36.429810951884477 ], [ -121.392070306483447, 36.429813594440581 ], [ -121.39206374738049, 36.429453700151498 ], [ -121.391840405961815, 36.429456342267429 ], [ -121.391833847972791, 36.429096447906481 ], [ -121.391610507587174, 36.429099089591219 ], [ -121.391603950721034, 36.428739195158407 ], [ -121.391380611368476, 36.428741836411952 ], [ -121.391377333487867, 36.428561889173089 ], [ -121.391153994647368, 36.428564529995448 ], [ -121.391147439973111, 36.428204635445852 ], [ -121.390924102174651, 36.428207275837018 ], [ -121.390920825389983, 36.428027328535272 ], [ -121.390697488094574, 36.428029968495245 ], [ -121.390690935621194, 36.427670073837859 ], [ -121.390467599367838, 36.427672713357659 ], [ -121.390464323679112, 36.427492766010992 ], [ -121.390240987928806, 36.427495405099599 ], [ -121.390237712788064, 36.427315457725989 ], [ -121.390014377549804, 36.427318096383409 ], [ -121.390004553780471, 36.426778254163757 ], [ -121.389781220105263, 36.426780892381004 ], [ -121.389777946069444, 36.426600944944504 ], [ -121.389554612915276, 36.426603582730557 ], [ -121.389551339418446, 36.426423635267113 ], [ -121.38932800677631, 36.426426272630955 ], [ -121.389321460887587, 36.426066377650173 ], [ -121.389098129269527, 36.426069014573841 ], [ -121.389094856877634, 36.425889067056502 ], [ -121.388424863523653, 36.425896975258325 ], [ -121.388431405181308, 36.426256870319953 ], [ -121.388208072979353, 36.426259505545808 ], [ -121.388221154363293, 36.42697929550738 ], [ -121.388444488667318, 36.426976660254574 ], [ -121.388451030495659, 36.427336555136542 ], [ -121.388674365841723, 36.427333919443569 ], [ -121.388684180286546, 36.427873761645252 ], [ -121.388907517186695, 36.427871125512098 ], [ -121.388917333347294, 36.428410967570052 ], [ -121.389140671819504, 36.428408330987743 ], [ -121.389143944426991, 36.428588278307458 ], [ -121.389367283402251, 36.428585641302938 ], [ -121.389377102904589, 36.42912548315428 ], [ -121.389600443442916, 36.429122845709585 ], [ -121.389610264670026, 36.429662687408211 ], [ -121.389833606771418, 36.429660049523349 ], [ -121.389846704046562, 36.430379838236263 ], [ -121.390070048241029, 36.430377199902239 ], [ -121.390073323121271, 36.430557147042286 ], [ -121.390296667818788, 36.430554508277069 ], [ -121.390313045112535, 36.431454243725788 ], [ -121.390536392424153, 36.431451604502435 ], [ -121.390542944502272, 36.431811498566937 ], [ -121.390766292846962, 36.43180885891239 ], [ -121.390772846038999, 36.432168752914009 ], [ -121.390996195425728, 36.432166112819289 ], [ -121.391002749731669, 36.432526006749043 ], [ -121.391226100151471, 36.432523366223137 ], [ -121.391232655571315, 36.432883260090009 ], [ -121.391456007033156, 36.432880619123921 ], [ -121.391449450562277, 36.432520725266031 ], [ -121.391672800955121, 36.43251808388672 ], [ -121.391669522221122, 36.432338136953284 ], [ -121.391892872074976, 36.432335495151762 ], [ -121.391889592819936, 36.432155548200356 ], [ -121.392112942134816, 36.432152905994599 ], [ -121.392109662376726, 36.431972959034212 ], [ -121.39233301114362, 36.431970316406236 ], [ -121.392329730873499, 36.431790369436868 ], [ -121.392553079101404, 36.431787726386695 ], [ -121.392549798328218, 36.43160777941732 ], [ -121.392773146008153, 36.431605135944935 ], [ -121.392769864722922, 36.431425188966585 ], [ -121.392993211863867, 36.43142254508097 ] ] ] } },
{ "type": "Feature", "properties": { "area_ha": 0.95975855245871589, "count": 24, "min_ha": 0.2, "post_date": "2023-03-25" }, "geometry": { "type": "MultiPolygon", "coordinates": [ [ [ [ -121.402930951087399, 36.449483004320165 ], [ -121.402924339118599, 36.449123113678247 ], [ -121.40270094054911, 36.449125776392549 ], [ -121.402697635117178, 36.448945831040142 ], [ -121.402474237059721, 36.44894849332325 ], [ -121.402480846890526, 36.449308384019076 ], [ -121.402704246008, 36.449305721726979 ], [ -121.402707551466875, 36.449485667043454 ], [ -121.402930951087399, 36.449483004320165 ] ] ], [ [ [ -121.402930951087399, 36.449483004320165 ], [ -121.40293425710324, 36.44966294961867 ], [ -121.40248745679321, 36.449668274652012 ], [ -121.402490761766998, 36.449848219950518 ], [ -121.402714162447538, 36.449845557640458 ], [ -121.402717467969296, 36.450025502920994 ], [ -121.402940869161881, 36.45002284017076 ], [ -121.402937563128077, 36.449842894899206 ], [ -121.403160963781659, 36.449840231735749 ], [ -121.403164270345471, 36.450020177007303 ], [ -121.403611072667729, 36.450014849395799 ], [ -121.403614380300539, 36.450194794631422 ], [ -121.403837781960249, 36.450192130183368 ], [ -121.403834473806413, 36.450012184956734 ], [ -121.404057874927119, 36.450009520086475 ], [ -121.40405456625227, 36.449829574850853 ], [ -121.403831165661558, 36.449832239703142 ], [ -121.403824549416782, 36.449472349169021 ], [ -121.403601149859142, 36.449475013590117 ], [ -121.403594534728271, 36.449115122993113 ], [ -121.403371136203688, 36.449117786974035 ], [ -121.403374443234625, 36.449297732290511 ], [ -121.403151044171068, 36.449300395858209 ], [ -121.403154350698941, 36.449480341165696 ], [ -121.402930951087399, 36.449483004320165 ] ] ], [ [ [ -121.403164270345471, 36.450020177007303 ], [ -121.402940869161881, 36.45002284017076 ], [ -121.402944175222629, 36.450202785433333 ], [ -121.403167576927245, 36.450200122251907 ], [ -121.403164270345471, 36.450020177007303 ] ] ] ] } },
{ "type": "Feature", "properties": { "area_ha": 0.3999270311931088, "count": 10, "min_ha": 0.2, "post_date": "2023-03-25" }, "geometry": { "type": "MultiPolygon", "coordinates": [ [ [ [ -121.397948199971253, 36.140666950635186 ], [ -121.397944918982475, 36.140486978935201 ], [ -121.397722419402001, 36.140489632585499 ], [ -121.397719138961193, 36.140309660849574 ], [ -121.397274140797379, 36.14031496687457 ], [ -121.397270861407605, 36.140134995120675 ], [ -121.397048362824265, 36.140137647486384 ], [ -121.397045083973467, 36.139957675705553 ], [ -121.396822585902171, 36.13996032764905 ], [ -121.396829142570681, 36.140320271210726 ], [ -121.397051641693011, 36.140317619249259 ], [ -121.397054920579734, 36.140497591003147 ], [ -121.397499919812546, 36.140492285813586 ], [ -121.39750319975029, 36.140672257531548 ], [ -121.397948199971253, 36.140666950635186 ] ] ], [ [ [ -121.397948199971253, 36.140666950635186 ], [ -121.397951480969013, 36.140846922326197 ], [ -121.398396482169133, 36.140841613732022 ], [ -121.39839320012932, 36.140661642058987 ], [ -121.397948199971253, 36.140666950635186 ] ] ] ] } },
{ "type": "Feature", "properties": { "area_ha": 0.27992477306789854, "count": 7, "min_ha": 0.2, "post_date": "2023-03-25" }, "geometry": { "type": "Polygon", "coordinates": [ [ [ -121.40837259711617, 36.526450292527684 ], [ -121.408369274957607, 36.526270353140099 ], [ -121.40814565066843, 36.52627302609519 ], [ -121.408139007438265, 36.525913147257135 ], [ -121.407691760926042, 36.525918491891716 ], [ -121.407701722622704, 36.526458310162276 ], [ -121.40837259711617, 36.526450292527684 ] ] ] } },
{ "type": "Feature", "properties": { "area_ha": 0.55989774140403703, "count": 14, "min_ha": 0.2, "post_date": "2023-03-25" }, "geometry": { "type": "MultiPolygon", "coordinates": [ [ [ [ -121.40129556618129, 36.141167009848573 ], [ -121.401298855057277, 36.141346981395849 ], [ -121.40152135700032, 36.141344320954282 ], [ -121.401518067594324, 36.141164349415988 ], [ -121.40129556618129, 36.141167009848573 ] ] ], [ [ [ -121.400183058846608, 36.14118030567834 ], [ -121.400179772593702, 36.141000334077169 ], [ -121.39973477059408, 36.141005649444637 ], [ -121.399738055804946, 36.141185621054795 ], [ -121.400183058846608, 36.14118030567834 ] ] ], [ [ [ -121.401073064741297, 36.14116966985894 ], [ -121.40129556618129, 36.141167009848573 ], [ -121.401292277314283, 36.140987038283328 ], [ -121.401069776404299, 36.140989698284713 ], [ -121.401073064741297, 36.14116966985894 ] ] ], [ [ [ -121.401073064741297, 36.14116966985894 ], [ -121.400183058846608, 36.14118030567834 ], [ -121.400186345108494, 36.141360277252566 ], [ -121.400408847132383, 36.141357618931032 ], [ -121.400412133933273, 36.141537590487289 ], [ -121.400634636460211, 36.141534931725573 ], [ -121.400637923809057, 36.141714903263868 ], [ -121.400860426839074, 36.141712244079947 ], [ -121.400863714717929, 36.141892215591291 ], [ -121.401086218259962, 36.141889555976178 ], [ -121.401073064741297, 36.14116966985894 ] ] ] ] } },
{ "type": "Feature", "properties": { "area_ha": 4.2392281628701234, "count": 106, "min_ha": 0.2, "post_date": "2023-03-25" }, "geometry": { "type": "MultiPolygon", "coordinates": [ [ [ [ -121.406124589842548, 36.137508950868082 ], [ -121.406569571109046, 36.137503611237115 ], [ -121.406566270024967, 36.137323639483228 ], [ -121.406121289800495, 36.137328979096225 ], [ -121.406124589842548, 36.137508950868082 ] ] ], [ [ [ -121.405490103406279, 36.139316674111924 ], [ -121.405496700705598, 36.139676617305291 ], [ -121.405051706754875, 36.139681952857906 ], [ -121.40504840914727, 36.139501981256728 ], [ -121.404825912665984, 36.139504648399722 ], [ -121.404835803988632, 36.140044563158334 ], [ -121.405058302032984, 36.140041896006352 ], [ -121.405061599694491, 36.140221867553628 ], [ -121.405284098241893, 36.14021919997046 ], [ -121.405290694651882, 36.140579143002128 ], [ -121.405735693785871, 36.140573806551203 ], [ -121.405732394534354, 36.14039383504884 ], [ -121.405954893548881, 36.140391166199045 ], [ -121.405951593785318, 36.140211194687701 ], [ -121.406174092278832, 36.140208525415702 ], [ -121.406164191505908, 36.139668610809807 ], [ -121.405941694593437, 36.139671280063844 ], [ -121.405938394883762, 36.139491308489617 ], [ -121.405715898474341, 36.139493977312462 ], [ -121.40571259931265, 36.139314005720273 ], [ -121.405490103406279, 36.139316674111924 ] ] ], [ [ [ -121.404357847768907, 36.138250179608995 ], [ -121.404354551850133, 36.138070207864089 ], [ -121.404132059501094, 36.138072873677579 ], [ -121.404135354907837, 36.138252845440448 ], [ -121.404357847768907, 36.138250179608995 ] ] ], [ [ [ -121.406124589842548, 36.137508950868082 ], [ -121.405902099182342, 36.137511620050248 ], [ -121.4059086982693, 36.137871563558022 ], [ -121.405241223072721, 36.137879568607218 ], [ -121.405237925096813, 36.13769959684435 ], [ -121.405460416313971, 36.137696928919816 ], [ -121.405453819356012, 36.137336985358147 ], [ -121.405676309522136, 36.137334317029371 ], [ -121.405673010540113, 36.13715434523057 ], [ -121.404560562179825, 36.137167682634377 ], [ -121.40456385854776, 36.137347654460129 ], [ -121.404118878044827, 36.137352986482362 ], [ -121.404122173388686, 36.137532958308114 ], [ -121.404789645674725, 36.137524959627974 ], [ -121.404792942599613, 36.137704931417794 ], [ -121.404570451328553, 36.1377075980757 ], [ -121.40458034062101, 36.138247513364313 ], [ -121.404357847768907, 36.138250179608995 ], [ -121.404361143714638, 36.138430151344913 ], [ -121.404806130442907, 36.13842481841538 ], [ -121.404816021487065, 36.138964733479419 ], [ -121.404593526559864, 36.138967400173257 ], [ -121.40459682308051, 36.139147371837311 ], [ -121.403706841143901, 36.139158034426508 ], [ -121.403703546707334, 36.138978062735504 ], [ -121.403481051708269, 36.138980727327279 ], [ -121.403487639548317, 36.139340670691325 ], [ -121.403710135598416, 36.139338006090568 ], [ -121.403713430061927, 36.139517977745641 ], [ -121.404603416175718, 36.139507315111523 ], [ -121.404600119628114, 36.139327343483401 ], [ -121.404822615588373, 36.139324676771601 ], [ -121.404819318528737, 36.139144705134491 ], [ -121.405041813959002, 36.139142038009467 ], [ -121.405045111548645, 36.13932200964657 ], [ -121.405490103406279, 36.139316674111924 ], [ -121.405486804774597, 36.139136702492785 ], [ -121.405709300159941, 36.139134034101133 ], [ -121.40570270190841, 36.138774090826914 ], [ -121.405925196233738, 36.138771422022039 ], [ -121.405928495871535, 36.138951393659148 ], [ -121.406373485519325, 36.138946054782764 ], [ -121.406376786217137, 36.139126026392923 ], [ -121.406599281539599, 36.139123356312439 ], [ -121.406592679110915, 36.13876341308314 ], [ -121.406147690541104, 36.138768752794952 ], [ -121.406144390400243, 36.13858878113988 ], [ -121.405921896604923, 36.138591450357985 ], [ -121.405915297410161, 36.138231506993939 ], [ -121.406360282880783, 36.138226168153487 ], [ -121.406350381056839, 36.137686253017591 ], [ -121.406127889893568, 36.137688922621969 ], [ -121.406124589842548, 36.137508950868082 ] ], [ [ -121.4059086982693, 36.137871563558022 ], [ -121.405911997826252, 36.138051535284966 ], [ -121.406134490049524, 36.13804886608483 ], [ -121.406131189962565, 36.137868894357887 ], [ -121.4059086982693, 36.137871563558022 ] ], [ [ -121.405041813959002, 36.139142038009467 ], [ -121.405264309380271, 36.139139370462225 ], [ -121.405261011287564, 36.138959398825122 ], [ -121.405038516396303, 36.138962066363376 ], [ -121.405041813959002, 36.139142038009467 ] ], [ [ -121.405025326280267, 36.138242179599352 ], [ -121.405022028789446, 36.138062207863427 ], [ -121.404799536494309, 36.138064874952526 ], [ -121.404802833455136, 36.138244846688444 ], [ -121.405025326280267, 36.138242179599352 ] ] ] ] } },
{ "type": "Feature", "properties": { "area_ha": 0.51990561018516412, "count": 13, "min_ha": 0.2, "post_date": "2023-03-25" }, "geometry": { "type": "MultiPolygon", "coordinates": [ [ [ [ -121.41010294393709, 36.13602105959388 ], [ -121.410096325338728, 36.135661115978301 ], [ -121.409873840176203, 36.135663792706318 ], [ -121.409880457741508, 36.136023736330877 ], [ -121.41010294393709, 36.13602105959388 ] ] ], [ [ [ -121.409661279807565, 36.136206384435489 ], [ -121.409657971527977, 36.13602641264567 ], [ -121.40943548529647, 36.136029088529277 ], [ -121.409438793055031, 36.136209060328078 ], [ -121.409661279807565, 36.136206384435489 ] ] ], [ [ [ -121.41010294393709, 36.13602105959388 ], [ -121.410109562607317, 36.136381003137586 ], [ -121.409887075360714, 36.136383679883572 ], [ -121.409883766542137, 36.136203708111715 ], [ -121.409661279807565, 36.136206384435489 ], [ -121.409671204745166, 36.136746299715121 ], [ -121.409893693051785, 36.136743623373377 ], [ -121.409900310796758, 36.137103566791325 ], [ -121.410122800127454, 36.137100890027376 ], [ -121.410112871964898, 36.136560974882492 ], [ -121.410335359714551, 36.136558297705314 ], [ -121.410325430123677, 36.136018382434663 ], [ -121.41010294393709, 36.13602105959388 ] ] ] ] } },
{ "type": "Feature", "properties": { "area_ha": 0.23995635000461096, "count": 6, "min_ha": 0.2, "post_date": "2023-03-25" }, "geometry": { "type": "Polygon", "coordinates": [ [ [ -121.415037487152176, 36.138121723200342 ], [ -121.4150341661704, 36.137941751733919 ], [ -121.414366691324162, 36.137949808750648 ], [ -121.414363371923429, 36.137769837257274 ], [ -121.414140880796097, 36.137772522079111 ], [ -121.414150837480165, 36.138312436532296 ], [ -121.414373330170562, 36.13830975170147 ], [ -121.41437001073389, 36.13812978023504 ], [ -121.415037487152176, 36.138121723200342 ] ] ] } },
{ "type": "Feature", "properties": { "area_ha": 0.39990025374480515, "count": 10, "min_ha": 0.2, "post_date": "2023-03-25" }, "geometry": { "type": "Polygon", "coordinates": [ [ [ -121.421752344547528, 36.440257866002682 ], [ -121.421745644687547, 36.439897975001436 ], [ -121.420852160902356, 36.439908766247349 ], [ -121.420858856549231, 36.440268657302497 ], [ -121.421082228573511, 36.44026596011085 ], [ -121.421085576953899, 36.440445905606985 ], [ -121.421532321999578, 36.440440509948097 ], [ -121.421528972577136, 36.440260564460949 ], [ -121.421752344547528, 36.440257866002682 ] ] ] } },
{ "type": "Feature", "properties": { "area_ha": 0.67987548829032374, "count": 17, "min_ha": 0.2, "post_date": "2023-03-25" }, "geometry": { "type": "Polygon", "coordinates": [ [ [ -121.417146345514055, 36.143856605442892 ], [ -121.417126388676451, 36.142776779977083 ], [ -121.416903883122174, 36.142779470036096 ], [ -121.416907208703321, 36.142959440999469 ], [ -121.41668470261007, 36.142962130636278 ], [ -121.416688027679172, 36.143142101590662 ], [ -121.416465521055912, 36.143144790814247 ], [ -121.416482144038881, 36.14404464533466 ], [ -121.416927162504621, 36.14403926639342 ], [ -121.416923836824665, 36.143859295537844 ], [ -121.417146345514055, 36.143856605442892 ] ] ] } },
{ "type": "Feature", "properties": { "area_ha": 1.2397743753879618, "count": 31, "min_ha": 0.2, "post_date": "2023-03-25" }, "geometry": { "type": "Polygon", "coordinates": [ [ [ -121.417073173188683, 36.139897242443126 ], [ -121.41706652153232, 36.139537299941459 ], [ -121.416844025374431, 36.139539989892683 ], [ -121.416837374831971, 36.139180047319151 ], [ -121.417059869947806, 36.139177357376916 ], [ -121.417056544169029, 36.138997386072184 ], [ -121.416611554970402, 36.139002765516487 ], [ -121.416601580876986, 36.138462851458563 ], [ -121.416379087827266, 36.138465540529431 ], [ -121.416369115440659, 36.137925626300834 ], [ -121.416591606927312, 36.137922937247929 ], [ -121.416581633112372, 36.137383022884578 ], [ -121.416359143188785, 36.137385711919514 ], [ -121.41635581914376, 36.13720574042614 ], [ -121.415688350837257, 36.137213804970756 ], [ -121.415691673328197, 36.137393776482099 ], [ -121.415914163296705, 36.137391088722765 ], [ -121.415930778563151, 36.138290945992019 ], [ -121.416153271127783, 36.138288257774548 ], [ -121.416163242041151, 36.138828171922306 ], [ -121.416385736159867, 36.138825483264661 ], [ -121.416392384555351, 36.139185425928019 ], [ -121.416614879698159, 36.1391827368302 ], [ -121.41662817877085, 36.139902621941324 ], [ -121.417073173188683, 36.139897242443126 ] ] ] } },
{ "type": "Feature", "properties": { "area_ha": 0.67987474894258315, "count": 17, "min_ha": 0.2, "post_date": "2023-03-25" }, "geometry": { "type": "MultiPolygon", "coordinates": [ [ [ [ -121.419673910857682, 36.148146280724347 ], [ -121.420118952904204, 36.1481408896828 ], [ -121.420115619561614, 36.147960919303337 ], [ -121.419670578557145, 36.147966310326915 ], [ -121.419673910857682, 36.148146280724347 ] ] ], [ [ [ -121.419673910857682, 36.148146280724347 ], [ -121.419451389807477, 36.148148975616301 ], [ -121.419454721595983, 36.148328946004753 ], [ -121.419009678417595, 36.148334334522033 ], [ -121.418999686223117, 36.14779442327584 ], [ -121.418777166179026, 36.147797116883204 ], [ -121.418783826576004, 36.148157057740946 ], [ -121.418116263200801, 36.148165136074702 ], [ -121.418119591863174, 36.148345106499086 ], [ -121.418564635167328, 36.148339721359463 ], [ -121.418571294621074, 36.148699662127378 ], [ -121.419461385226896, 36.148688886727747 ], [ -121.419458053402451, 36.148508916375235 ], [ -121.419680575494709, 36.1485062214743 ], [ -121.419673910857682, 36.148146280724347 ] ], [ [ -121.419009678417595, 36.148334334522033 ], [ -121.418787156801443, 36.148337028156348 ], [ -121.418790487044845, 36.148516998544793 ], [ -121.419013009182009, 36.148514304910485 ], [ -121.419009678417595, 36.148334334522033 ] ] ] ] } },
{ "type": "Feature", "properties": { "area_ha": 4.1592396881027902, "count": 100, "min_ha": 0.2, "post_date": "2023-03-25" }, "geometry": { "type": "MultiPolygon", "coordinates": [ [ [ [ -121.419354774687136, 36.142929827047979 ], [ -121.419361437374818, 36.143289768777095 ], [ -121.419138930410185, 36.143292463085139 ], [ -121.419142261255459, 36.143472433931734 ], [ -121.419587276217769, 36.143467044893427 ], [ -121.419580612452108, 36.143107103200244 ], [ -121.419803118859789, 36.143104408065746 ], [ -121.419796454114959, 36.142744466318668 ], [ -121.419573948749331, 36.142747161444184 ], [ -121.419577280591739, 36.142927132335693 ], [ -121.419354774687136, 36.142929827047979 ] ] ], [ [ [ -121.418697246239248, 36.143477821281202 ], [ -121.418707235738779, 36.144017733758091 ], [ -121.418929744823416, 36.144015040276493 ], [ -121.418919753751851, 36.143475127817574 ], [ -121.418697246239248, 36.143477821281202 ] ] ], [ [ [ -121.417318955313675, 36.141154350214663 ], [ -121.41731562885218, 36.14097437909858 ], [ -121.417093128526105, 36.140977069516921 ], [ -121.417096454475555, 36.141157040641993 ], [ -121.417318955313675, 36.141154350214663 ] ] ], [ [ [ -121.419321462173983, 36.141130117360376 ], [ -121.419318131014307, 36.140950146307169 ], [ -121.419540631169696, 36.140947451657766 ], [ -121.419533967844217, 36.140587509497458 ], [ -121.419088969590561, 36.140592898338134 ], [ -121.419095630831961, 36.140952840525387 ], [ -121.418873130640634, 36.1409555343214 ], [ -121.418866470441287, 36.140595592125159 ], [ -121.418643971283018, 36.14059828549896 ], [ -121.41865063043133, 36.140958227704182 ], [ -121.418428130204077, 36.140960920655772 ], [ -121.418431459279674, 36.141140891744911 ], [ -121.418208958522399, 36.141143584283277 ], [ -121.418212287094946, 36.141323555354447 ], [ -121.417767284475488, 36.141328939182522 ], [ -121.417763956944995, 36.14114896809339 ], [ -121.417318955313675, 36.141154350214663 ], [ -121.417325608299549, 36.141514292392934 ], [ -121.417548110161746, 36.141511601534418 ], [ -121.417551437198171, 36.141691572596599 ], [ -121.417328934805965, 36.141694263464103 ], [ -121.417335587881666, 36.142054205543559 ], [ -121.417558091315925, 36.142051514658093 ], [ -121.417561418397256, 36.142231485666379 ], [ -121.417116410468751, 36.1422368670151 ], [ -121.417123062592239, 36.142596809004729 ], [ -121.417790577593166, 36.142588736312391 ], [ -121.417787249963865, 36.142408765349025 ], [ -121.418009754413205, 36.142406073610154 ], [ -121.418003098139494, 36.142046131629513 ], [ -121.418225601528832, 36.142043439486407 ], [ -121.418222272893402, 36.141863468478121 ], [ -121.418444775743751, 36.141860775912804 ], [ -121.418454763257984, 36.142400688865798 ], [ -121.418232258844583, 36.142403381449078 ], [ -121.418248902398972, 36.143303236059317 ], [ -121.418471409426473, 36.143300543449087 ], [ -121.4184747386997, 36.143480514313644 ], [ -121.418697246239248, 36.143477821281202 ], [ -121.418693916436027, 36.143297850416644 ], [ -121.418916423427589, 36.143295156961997 ], [ -121.418913093121304, 36.143115186088458 ], [ -121.418690586650754, 36.143117879543105 ], [ -121.418680597384792, 36.14257796680571 ], [ -121.418903102292276, 36.142575273378007 ], [ -121.418899772048874, 36.142395302441592 ], [ -121.419122276417369, 36.142392608591685 ], [ -121.419118945661921, 36.142212637637293 ], [ -121.419341449491426, 36.142209943374162 ], [ -121.419348112062337, 36.142569885247006 ], [ -121.419570616915919, 36.142567190543694 ], [ -121.419567285109437, 36.142387219625242 ], [ -121.419789789433025, 36.142384524508707 ], [ -121.419783124804979, 36.142024582626881 ], [ -121.420005628068537, 36.142021887106111 ], [ -121.420002295264936, 36.141841916142738 ], [ -121.419334786992394, 36.141850001438435 ], [ -121.419328124556245, 36.141490059430843 ], [ -121.419550626283694, 36.141487364772452 ], [ -121.419543962859393, 36.141127422710966 ], [ -121.419321462173983, 36.141130117360376 ] ], [ [ -121.419321462173983, 36.141130117360376 ], [ -121.41887646075827, 36.14113550540155 ], [ -121.418879790893882, 36.14131547645475 ], [ -121.419324793351635, 36.141310088404595 ], [ -121.419321462173983, 36.141130117360376 ] ] ], [ [ [ -121.419348112062337, 36.142569885247006 ], [ -121.419125607181797, 36.142572579519118 ], [ -121.419132268764557, 36.142932521338061 ], [ -121.419354774687136, 36.142929827047979 ], [ -121.419348112062337, 36.142569885247006 ] ] ] ] } },
{ "type": "Feature", "properties": { "area_ha": 0.23995583916373067, "count": 6, "min_ha": 0.2, "post_date": "2023-03-25" }, "geometry": { "type": "MultiPolygon", "coordinates": [ [ [ [ -121.420108952921339, 36.147600978472539 ], [ -121.419886433479121, 36.14760367419094 ], [ -121.419879767943783, 36.147243733288278 ], [ -121.419657249525628, 36.147246428566511 ], [ -121.419667246274557, 36.147786339911519 ], [ -121.420112286236986, 36.147780948896923 ], [ -121.420108952921339, 36.147600978472539 ] ] ], [ [ [ -121.420108952921339, 36.147600978472539 ], [ -121.42033147235459, 36.147598282340908 ], [ -121.420324804735159, 36.147238341456216 ], [ -121.420102286352943, 36.147241037578858 ], [ -121.420108952921339, 36.147600978472539 ] ] ] ] } },
{ "type": "Feature", "properties": { "area_ha": 1.4397343564067255, "count": 36, "min_ha": 0.2, "post_date": "2023-03-25" }, "geometry": { "type": "MultiPolygon", "coordinates": [ [ [ [ -121.420826535964807, 36.15029244307469 ], [ -121.420604008734188, 36.150295140149552 ], [ -121.420607343325443, 36.150475110304441 ], [ -121.420829871077075, 36.150472413220598 ], [ -121.420826535964807, 36.15029244307469 ] ] ], [ [ [ -121.420826535964807, 36.15029244307469 ], [ -121.421049063186445, 36.150289745577624 ], [ -121.421045727571112, 36.150109775413753 ], [ -121.421268254244765, 36.150107077503463 ], [ -121.421264918126383, 36.149927107330612 ], [ -121.421487444270042, 36.149924409007092 ], [ -121.421484107630633, 36.149744438825252 ], [ -121.422374209959472, 36.149733641309105 ], [ -121.422370871253932, 36.149553671136246 ], [ -121.422148346224191, 36.149556371139617 ], [ -121.42214500805764, 36.149376400939815 ], [ -121.421922483521968, 36.149379100520974 ], [ -121.421919145894421, 36.149199130294221 ], [ -121.42169662187078, 36.149201829444188 ], [ -121.421693284782222, 36.149021859199472 ], [ -121.421248237732087, 36.149027256223796 ], [ -121.421251573778605, 36.1492072264775 ], [ -121.420806525623547, 36.149212621812993 ], [ -121.420813195677411, 36.149572562302431 ], [ -121.420368145375377, 36.149577955976042 ], [ -121.420361477405592, 36.149218015468641 ], [ -121.41991642913375, 36.149223407426469 ], [ -121.419919762063117, 36.149403377698135 ], [ -121.420142286724555, 36.149400681925833 ], [ -121.420148953679231, 36.149760622415272 ], [ -121.420371479373742, 36.149757926202795 ], [ -121.42037481339905, 36.149937896420568 ], [ -121.420597339605578, 36.149935199776898 ], [ -121.420600674160909, 36.150115169967719 ], [ -121.420823200870501, 36.150112472901839 ], [ -121.420826535964807, 36.15029244307469 ] ] ] ] } },
{ "type": "Feature", "properties": { "area_ha": 0.23993945528640162, "count": 6, "min_ha": 0.2, "post_date": "2023-03-25" }, "geometry": { "type": "Polygon", "coordinates": [ [ [ -121.430039696218159, 36.453296406115079 ], [ -121.43003632617939, 36.453116461858627 ], [ -121.429812916884003, 36.453119176028423 ], [ -121.429809547384224, 36.452939231754002 ], [ -121.429586138600882, 36.452941945492611 ], [ -121.429582769649073, 36.45276200120022 ], [ -121.429359361368796, 36.452764714507637 ], [ -121.429362729799578, 36.45294465880901 ], [ -121.429139320980312, 36.452947371694215 ], [ -121.429142688899063, 36.453127315986606 ], [ -121.429589507570668, 36.453121889776014 ], [ -121.429592876558402, 36.453301834032473 ], [ -121.430039696218159, 36.453296406115079 ] ] ] } },
{ "type": "Feature", "properties": { "area_ha": 1.479623622303182, "count": 37, "min_ha": 0.2, "post_date": "2023-03-25" }, "geometry": { "type": "Polygon", "coordinates": [ [ [ -121.433982972205783, 36.460987785431485 ], [ -121.433976212886321, 36.460627898319942 ], [ -121.433752781752901, 36.460630619954742 ], [ -121.433756160882623, 36.460810563528483 ], [ -121.433532729201232, 36.460813284750053 ], [ -121.433536107818909, 36.460993228305824 ], [ -121.43331267560751, 36.46099594910519 ], [ -121.433316053713156, 36.461175892660961 ], [ -121.433092620953786, 36.461178613047103 ], [ -121.433095998547387, 36.461358556593893 ], [ -121.432872565249028, 36.461361276557824 ], [ -121.432875942330583, 36.461541220095633 ], [ -121.432652508493234, 36.46154393964634 ], [ -121.432655885062758, 36.461723883175161 ], [ -121.432432450677439, 36.461726602303663 ], [ -121.432435826743898, 36.461906545832484 ], [ -121.432212391810609, 36.461909264538775 ], [ -121.432219142937427, 36.462269151560484 ], [ -121.431995706944122, 36.462271869862533 ], [ -121.431999082004467, 36.462451813355422 ], [ -121.43177564546319, 36.462454531235267 ], [ -121.431779020011504, 36.462634474728155 ], [ -121.431332145832997, 36.462639909230198 ], [ -121.431325398856387, 36.46228002221747 ], [ -121.431101962791217, 36.462282738821706 ], [ -121.43112220075659, 36.463362399734123 ], [ -121.431569079184129, 36.463356966022602 ], [ -121.431565705093959, 36.463177022583608 ], [ -121.431789143755267, 36.463174305108012 ], [ -121.43178239457778, 36.462814418203081 ], [ -121.432005832170091, 36.462811700305274 ], [ -121.432002457073807, 36.462631756839329 ], [ -121.432225894127129, 36.462629038528299 ], [ -121.43222251852778, 36.462449095053373 ], [ -121.432445955033131, 36.462446376320131 ], [ -121.432442578921751, 36.46226643283623 ], [ -121.432666014888113, 36.462263713689758 ], [ -121.432662638264688, 36.46208377019687 ], [ -121.43288607369206, 36.462081050637181 ], [ -121.43288269655659, 36.461901107135311 ], [ -121.433106131435991, 36.461898387153411 ], [ -121.43309937615895, 36.461538500122714 ], [ -121.433322809978335, 36.461535779727591 ], [ -121.433319431836765, 36.461355836207751 ], [ -121.43354286510818, 36.461353115390416 ], [ -121.433539486454563, 36.461173171852614 ], [ -121.433762919186989, 36.461170450622056 ], [ -121.433759540021327, 36.460990507084254 ], [ -121.433982972205783, 36.460987785431485 ] ] ] } },
{ "type": "Feature", "properties": { "area_ha": 19.996325954070169, "count": 500, "min_ha": 0.2, "post_date": "2023-03-25" }, "geometry": { "type": "MultiPolygon", "coordinates": [ [ [ [ -121.425658548743229, 36.146813567091336 ], [ -121.425881065697112, 36.14681086042247 ], [ -121.425877718888771, 36.146630890078939 ], [ -121.4256552024559, 36.146633596738823 ], [ -121.425658548743229, 36.146813567091336 ] ] ], [ [ [ -121.425486220107302, 36.149515826712332 ], [ -121.425489566125123, 36.149695796795349 ], [ -121.425712091442321, 36.14969309044988 ], [ -121.425708744903488, 36.149513120366855 ], [ -121.425486220107302, 36.149515826712332 ] ] ], [ [ [ -121.421128150504728, 36.142548315825664 ], [ -121.421350655241525, 36.142545617744695 ], [ -121.421347319248909, 36.142365646871156 ], [ -121.421124815042106, 36.142368344943144 ], [ -121.421128150504728, 36.142548315825664 ] ] ], [ [ [ -121.420467304057482, 36.142916349264446 ], [ -121.420244798206767, 36.142919045665572 ], [ -121.420251465080597, 36.143278987349767 ], [ -121.42047397196437, 36.14327629093966 ], [ -121.420467304057482, 36.142916349264446 ] ] ], [ [ [ -121.41897637165367, 36.14653462976618 ], [ -121.418973041068895, 36.146354659198067 ], [ -121.418528009308091, 36.146360045891768 ], [ -121.41852467977435, 36.146180075296705 ], [ -121.418302164401496, 36.146182768005758 ], [ -121.418298835406759, 36.146002797383744 ], [ -121.417853805640206, 36.146008181517246 ], [ -121.417850477705471, 36.145828210868288 ], [ -121.41762796332975, 36.145830902301725 ], [ -121.41762130854724, 36.145470960940926 ], [ -121.417843821889903, 36.145468269525452 ], [ -121.417833838283329, 36.14492835737196 ], [ -121.41827886177964, 36.144922973310315 ], [ -121.418275532892693, 36.144743002571524 ], [ -121.418053021679029, 36.14474569480447 ], [ -121.418049693331071, 36.144565724047709 ], [ -121.417827182620471, 36.144568415858444 ], [ -121.417823854811502, 36.144388445074732 ], [ -121.417601344603966, 36.144391136454274 ], [ -121.417607999188832, 36.144751078021692 ], [ -121.41738548792128, 36.144753768988004 ], [ -121.417375507638482, 36.144213856600949 ], [ -121.416707978444165, 36.14422192692173 ], [ -121.416711303621071, 36.144401897759337 ], [ -121.416266283035313, 36.14440727587413 ], [ -121.416272931358932, 36.144767217504423 ], [ -121.41605042000154, 36.144769905946475 ], [ -121.416053743660299, 36.144949876739169 ], [ -121.415608719849573, 36.144955252356645 ], [ -121.415612042484256, 36.145135223149332 ], [ -121.416057067337022, 36.145129847522874 ], [ -121.416060391031706, 36.145309818288617 ], [ -121.41650541687261, 36.145304440955357 ], [ -121.41650209212689, 36.145124470207584 ], [ -121.41672460450836, 36.145121780912135 ], [ -121.41672127925959, 36.144941810146392 ], [ -121.41694379109309, 36.144939120437719 ], [ -121.416940465341256, 36.144759149662995 ], [ -121.417162976644747, 36.144756459541092 ], [ -121.417169629199435, 36.145116401054615 ], [ -121.416947116862886, 36.145119091194481 ], [ -121.416950442641664, 36.145299061933272 ], [ -121.417172955508207, 36.145296371793407 ], [ -121.417179608161717, 36.145656313208107 ], [ -121.416957094253107, 36.145659003365935 ], [ -121.416963745927447, 36.146018944726741 ], [ -121.417631290734477, 36.146010872959671 ], [ -121.417634618157166, 36.146190843599648 ], [ -121.417857133592904, 36.146188152157222 ], [ -121.417860461554596, 36.146368122770255 ], [ -121.418305493405228, 36.146362738609803 ], [ -121.418312151466594, 36.14672267976399 ], [ -121.418534668411496, 36.146719987036974 ], [ -121.418531338850812, 36.146540016468862 ], [ -121.41897637165367, 36.14653462976618 ] ] ], [ [ [ -121.425658548743229, 36.146813567091336 ], [ -121.425213514790528, 36.146818979171428 ], [ -121.425216860053766, 36.146998949523947 ], [ -121.42543937755562, 36.146996243681528 ], [ -121.425442723348866, 36.147176214007096 ], [ -121.424997687276147, 36.147181625269724 ], [ -121.425001032045301, 36.147361595586304 ], [ -121.424778513465469, 36.147364300593289 ], [ -121.424775169217327, 36.147184330258739 ], [ -121.424330133054767, 36.147189738988118 ], [ -121.424320103553271, 36.146649827867684 ], [ -121.424097587012611, 36.146652531581097 ], [ -121.424084216649618, 36.145932649829668 ], [ -121.423416673199043, 36.145940758355799 ], [ -121.423420014195287, 36.146120728834077 ], [ -121.423197499163791, 36.146123430831707 ], [ -121.423194158679593, 36.145943460344448 ], [ -121.422971644151147, 36.145946161919866 ], [ -121.422974984105338, 36.146126132416107 ], [ -121.422752469037917, 36.146128833569321 ], [ -121.422755808489043, 36.146308804047599 ], [ -121.422310777267228, 36.146314205114351 ], [ -121.422307438858141, 36.146134234618103 ], [ -121.422084923745786, 36.146136934504689 ], [ -121.422081585875688, 36.145956963990479 ], [ -121.42252661504935, 36.145951563795094 ], [ -121.422516598402737, 36.145411652180591 ], [ -121.42273911139506, 36.145408951476533 ], [ -121.42272909332911, 36.144869039727283 ], [ -121.422284070452648, 36.14487444068623 ], [ -121.422280732169313, 36.144694470055242 ], [ -121.42250324309552, 36.144691769791358 ], [ -121.422499904309134, 36.144511799160369 ], [ -121.422722414696338, 36.144509098474281 ], [ -121.422715736117453, 36.144149157158395 ], [ -121.422938245444655, 36.144146456068064 ], [ -121.422941585246136, 36.144326426734992 ], [ -121.423164095076388, 36.144323725213468 ], [ -121.423154074153786, 36.143783813194723 ], [ -121.422931565895595, 36.143786514698277 ], [ -121.422921546679802, 36.143246602517834 ], [ -121.422699039966702, 36.143249303572233 ], [ -121.422709057610447, 36.143789215779627 ], [ -121.422486549316318, 36.143791916429777 ], [ -121.422483210610778, 36.143611945708955 ], [ -121.422260702819699, 36.1436146459369 ], [ -121.422257364644182, 36.143434675189127 ], [ -121.421812350068137, 36.143440074360427 ], [ -121.421815687192634, 36.143620045117181 ], [ -121.421593179356648, 36.143622744078506 ], [ -121.421596515978095, 36.143802714826279 ], [ -121.420928990808235, 36.14381080919496 ], [ -121.420922320709451, 36.143450867645512 ], [ -121.421144828078326, 36.143448169959797 ], [ -121.421141492525877, 36.14326819916711 ], [ -121.421363999355748, 36.14326550105919 ], [ -121.421353991243137, 36.142725588600264 ], [ -121.421131485985313, 36.14272828668124 ], [ -121.421128150504728, 36.142548315825664 ], [ -121.420905645749954, 36.142551013475448 ], [ -121.420902310808358, 36.142371042592927 ], [ -121.42067980656563, 36.142373739820499 ], [ -121.420686475424745, 36.14273368158554 ], [ -121.420908980718494, 36.142730984348987 ], [ -121.420912315687048, 36.142910955195575 ], [ -121.420689809881239, 36.142913652441116 ], [ -121.42070648238834, 36.143813506467453 ], [ -121.420483973950482, 36.143816203317733 ], [ -121.420497310141556, 36.144536086263919 ], [ -121.420274799601643, 36.144538782718939 ], [ -121.420281466753949, 36.144898724106689 ], [ -121.419836443536113, 36.144904115777059 ], [ -121.419833110993025, 36.1447241450742 ], [ -121.419610599887164, 36.144726840271581 ], [ -121.419613931900244, 36.14490681097444 ], [ -121.419391420255408, 36.144909505749609 ], [ -121.419388088763341, 36.144729535046757 ], [ -121.418720555293049, 36.144737616830042 ], [ -121.418723885213069, 36.144917587550864 ], [ -121.418501373505336, 36.14492028064619 ], [ -121.418511361819085, 36.145460192736799 ], [ -121.418288848521328, 36.145462885418894 ], [ -121.418292177471159, 36.14564285609481 ], [ -121.418737205081754, 36.145637470290438 ], [ -121.418740535082605, 36.145817440930415 ], [ -121.418963049395458, 36.145814747385934 ], [ -121.418959718864585, 36.145634776754939 ], [ -121.419182232629467, 36.145632082797235 ], [ -121.419178901595544, 36.14545211214827 ], [ -121.419401414830403, 36.145449417777343 ], [ -121.419398083284449, 36.145269447119396 ], [ -121.419843108658227, 36.145264057110914 ], [ -121.419846441237254, 36.145444027759872 ], [ -121.42073649388027, 36.145433242658434 ], [ -121.420729824545063, 36.145073301396451 ], [ -121.421174848688153, 36.145067906339435 ], [ -121.421171513000957, 36.144887935699458 ], [ -121.42139402452004, 36.144885237537636 ], [ -121.421397360728264, 36.145065208177613 ], [ -121.421619872759379, 36.145062509593579 ], [ -121.421626546262786, 36.145422450801668 ], [ -121.421404033189617, 36.145425149394683 ], [ -121.421410705713839, 36.14578509054887 ], [ -121.421188191580669, 36.145787788737643 ], [ -121.421191527348711, 36.145967759296774 ], [ -121.420969012676537, 36.145970457072316 ], [ -121.420972347932548, 36.146150427622466 ], [ -121.420749832730365, 36.146153124975804 ], [ -121.42075650224524, 36.146513066031176 ], [ -121.420979018498443, 36.146510368659875 ], [ -121.42098902445511, 36.147050280103699 ], [ -121.420766506638827, 36.147052977492969 ], [ -121.420769841472634, 36.147232947944296 ], [ -121.42054732310838, 36.147235644911362 ], [ -121.420550657439122, 36.147415615353708 ], [ -121.42099569517373, 36.14741022097941 ], [ -121.420999030564474, 36.147590191394805 ], [ -121.421666588621648, 36.147582096648833 ], [ -121.421669925593434, 36.147762067028296 ], [ -121.421224885855594, 36.147767463953812 ], [ -121.421228221785327, 36.147947434333275 ], [ -121.421005701372934, 36.147950132171708 ], [ -121.421012372253244, 36.14831007287674 ], [ -121.421457415153156, 36.148304676750726 ], [ -121.421450742188753, 36.147944736072645 ], [ -121.422118303291214, 36.147936638748504 ], [ -121.422114965268406, 36.147756668404973 ], [ -121.422337485078941, 36.147753968455504 ], [ -121.422334146544088, 36.147573998102985 ], [ -121.42277918508718, 36.147568596955388 ], [ -121.422782524655091, 36.147748567298926 ], [ -121.423895123339449, 36.147735057023326 ], [ -121.423898465539423, 36.147915027321943 ], [ -121.423675945315665, 36.147917730226872 ], [ -121.42367928701259, 36.148097700516502 ], [ -121.423456766240861, 36.1481004030082 ], [ -121.423473472344952, 36.149000254240782 ], [ -121.423695995721801, 36.148997551713144 ], [ -121.423699337517533, 36.149177521903965 ], [ -121.423921861397432, 36.149174818954123 ], [ -121.423915176790857, 36.148814878572487 ], [ -121.424137699610753, 36.148812175209422 ], [ -121.424134356808906, 36.148632205000631 ], [ -121.42457940135273, 36.148626797025841 ], [ -121.424586089067475, 36.148986737407483 ], [ -121.425031135641504, 36.148981327716903 ], [ -121.425034480563383, 36.149161297871792 ], [ -121.425257004353455, 36.149158592388702 ], [ -121.425253658910549, 36.148978622233813 ], [ -121.425476182161631, 36.148975916337498 ], [ -121.42546949026972, 36.148615976009758 ], [ -121.425692012460786, 36.148613269691239 ], [ -121.425688666020761, 36.148433299509399 ], [ -121.425911187672838, 36.148430592786632 ], [ -121.425907840720768, 36.148250622586829 ], [ -121.426352882928995, 36.148245207874673 ], [ -121.426346186994664, 36.147885267466087 ], [ -121.426791227055901, 36.147879851083061 ], [ -121.426787878064658, 36.147699880865297 ], [ -121.427010397551797, 36.147697172049455 ], [ -121.427007048048509, 36.147517201822701 ], [ -121.427229566996658, 36.147514492584655 ], [ -121.427222867010926, 36.147154552086235 ], [ -121.427445384899073, 36.147151842443947 ], [ -121.427431983014188, 36.146431961267439 ], [ -121.42765449880028, 36.14642925122989 ], [ -121.427644445987497, 36.145889340181327 ], [ -121.427421931773466, 36.145892050200906 ], [ -121.427425282166084, 36.146072020571388 ], [ -121.426980252642082, 36.146077439361896 ], [ -121.426983602019604, 36.146257409723397 ], [ -121.426761086709618, 36.146260118494325 ], [ -121.426757737862104, 36.146080148123843 ], [ -121.426535223055197, 36.146082856454591 ], [ -121.426538571381684, 36.146262826834054 ], [ -121.426316056044755, 36.146265534760566 ], [ -121.42632275170061, 36.146625475474579 ], [ -121.426100235303679, 36.146628182987861 ], [ -121.426113624719932, 36.147348064245215 ], [ -121.426336143200956, 36.147345356713963 ], [ -121.426339491114234, 36.147525326976648 ], [ -121.426116972112183, 36.147528034516881 ], [ -121.426123666941578, 36.147887975015301 ], [ -121.42590114687053, 36.147890682151292 ], [ -121.425904493786675, 36.148070652378046 ], [ -121.425459452557618, 36.1480760653834 ], [ -121.425452760827412, 36.14771612488498 ], [ -121.42523024123247, 36.147718830745369 ], [ -121.42522689591533, 36.147538860464714 ], [ -121.425449414989245, 36.147536154613313 ], [ -121.425446069160074, 36.147356184314695 ], [ -121.425668587695, 36.147353478050071 ], [ -121.425658548743229, 36.146813567091336 ] ], [ [ -121.422114965268406, 36.147756668404973 ], [ -121.422108289258702, 36.147396727655021 ], [ -121.421885770472258, 36.147399427164316 ], [ -121.421892445430927, 36.14775936792325 ], [ -121.422114965268406, 36.147756668404973 ] ], [ [ -121.421832373057683, 36.14451989865843 ], [ -121.421609862616577, 36.144522597646699 ], [ -121.421606525932248, 36.14434262697079 ], [ -121.421384015994207, 36.144345325527873 ], [ -121.421390688329794, 36.144705266888671 ], [ -121.421835710281002, 36.144699869316376 ], [ -121.421832373057683, 36.14451989865843 ] ], [ [ -121.421832373057683, 36.14451989865843 ], [ -121.422054883489807, 36.14451719924795 ], [ -121.422051545763438, 36.144337228581023 ], [ -121.42182903585234, 36.144339927982521 ], [ -121.421832373057683, 36.14451989865843 ] ], [ [ -121.420979018498443, 36.146510368659875 ], [ -121.421201534733683, 36.146507670875344 ], [ -121.42119819892072, 36.146327700361134 ], [ -121.420975683206507, 36.146330398145658 ], [ -121.420979018498443, 36.146510368659875 ] ], [ [ -121.419178901595544, 36.14545211214827 ], [ -121.419172239572617, 36.145092170805434 ], [ -121.418949727379797, 36.145094864745175 ], [ -121.418956388351688, 36.145454806096993 ], [ -121.419178901595544, 36.14545211214827 ] ], [ [ -121.423908492238183, 36.148454938118981 ], [ -121.423905149993288, 36.148274967874265 ], [ -121.42368262871851, 36.148277670788168 ], [ -121.423685970451359, 36.148457641050854 ], [ -121.423908492238183, 36.148454938118981 ] ], [ [ -121.423875070453974, 36.14665523486331 ], [ -121.423865044222339, 36.146115323563215 ], [ -121.423642529217787, 36.146118026405262 ], [ -121.423652553886356, 36.146657937732307 ], [ -121.423875070453974, 36.14665523486331 ] ], [ [ -121.422098275369933, 36.146856816408828 ], [ -121.422094937445934, 36.146676845957494 ], [ -121.421872420743568, 36.146679545439838 ], [ -121.421875758155522, 36.146859515900154 ], [ -121.422098275369933, 36.146856816408828 ] ], [ [ -121.422048208055031, 36.144157257896133 ], [ -121.422044870355606, 36.143977287193273 ], [ -121.421822361495543, 36.143979986585784 ], [ -121.421825698664946, 36.144159957297624 ], [ -121.422048208055031, 36.144157257896133 ] ], [ [ -121.421430723672827, 36.146864913616184 ], [ -121.421427387302913, 36.146684943146887 ], [ -121.421204870564608, 36.146687641362611 ], [ -121.421208206404515, 36.146867611840889 ], [ -121.421430723672827, 36.146864913616184 ] ] ], [ [ [ -121.425257004353455, 36.149158592388702 ], [ -121.425263695293154, 36.149518532626608 ], [ -121.425486220107302, 36.149515826712332 ], [ -121.42547952812555, 36.149155886474418 ], [ -121.425257004353455, 36.149158592388702 ] ] ], [ [ [ -121.420686475424745, 36.14273368158554 ], [ -121.420463970122, 36.142736378399889 ], [ -121.420467304057482, 36.142916349264446 ], [ -121.420689809881239, 36.142913652441116 ], [ -121.420686475424745, 36.14273368158554 ] ] ], [ [ [ -121.418963049395458, 36.145814747385934 ], [ -121.418969710493116, 36.146174688611985 ], [ -121.419192225830045, 36.146171994636319 ], [ -121.419198888032639, 36.146531935772543 ], [ -121.419643920745656, 36.146526546527625 ], [ -121.419640588588834, 36.146346575977475 ], [ -121.419418072766831, 36.146349270806546 ], [ -121.419408077958266, 36.145809359039333 ], [ -121.418963049395458, 36.145814747385934 ] ] ], [ [ [ -121.419198888032639, 36.146531935772543 ], [ -121.41897637165367, 36.14653462976618 ], [ -121.418979702265375, 36.146714600316322 ], [ -121.419202219165371, 36.146711906322686 ], [ -121.419198888032639, 36.146531935772543 ] ] ] ] } },
{ "type": "Feature", "properties": { "area_ha": 0.31994059643034867, "count": 8, "min_ha": 0.2, "post_date": "2023-03-25" }, "geometry": { "type": "Polygon", "coordinates": [ [ [ -121.427592822188643, 36.155070517733584 ], [ -121.427589471005518, 36.154890548198537 ], [ -121.427144390304491, 36.154895967581929 ], [ -121.427141040181368, 36.154715998019931 ], [ -121.426918500329421, 36.154718707078317 ], [ -121.426915150745288, 36.154538737489368 ], [ -121.426692611396405, 36.154541446116561 ], [ -121.426695960468493, 36.154721415705509 ], [ -121.426473420580606, 36.154724123919479 ], [ -121.426476769140663, 36.154904093499447 ], [ -121.426921849931517, 36.154898676649296 ], [ -121.426928549189611, 36.155258615728378 ], [ -121.427151090604639, 36.155255906661012 ], [ -121.427147740445577, 36.155075937134946 ], [ -121.427592822188643, 36.155070517733584 ] ] ] } },
{ "type": "Feature", "properties": { "area_ha": 0.83976069452848567, "count": 21, "min_ha": 0.2, "post_date": "2023-03-25" }, "geometry": { "type": "Polygon", "coordinates": [ [ [ -121.445981006462702, 36.598885648192166 ], [ -121.445974178260428, 36.598525781831711 ], [ -121.445750343298357, 36.598528526086085 ], [ -121.445746929745184, 36.598348592878907 ], [ -121.445075426350158, 36.598356823072862 ], [ -121.445072014404985, 36.598176889838733 ], [ -121.444624346448137, 36.598182374502699 ], [ -121.444637990123553, 36.598902107430234 ], [ -121.444861826217519, 36.598899365286897 ], [ -121.444865237704548, 36.599079298485094 ], [ -121.44531291090756, 36.599073812904841 ], [ -121.445309498369483, 36.598893879724613 ], [ -121.445981006462702, 36.598885648192166 ] ] ] } },
{ "type": "Feature", "properties": { "area_ha": 0.79977249387825899, "count": 20, "min_ha": 0.2, "post_date": "2023-03-25" }, "geometry": { "type": "MultiPolygon", "coordinates": [ [ [ [ -121.447510263107574, 36.596887161283767 ], [ -121.44750001025794, 36.596347361437651 ], [ -121.447276181745778, 36.59635010859359 ], [ -121.447272764689174, 36.596170175278615 ], [ -121.447048936698039, 36.596172921994373 ], [ -121.447045520180424, 36.595992988661429 ], [ -121.446597865204239, 36.595998480826331 ], [ -121.446594449764618, 36.595818547466436 ], [ -121.446146795767589, 36.595824037906574 ], [ -121.44615021015619, 36.596003971284432 ], [ -121.445702555045258, 36.596009460035731 ], [ -121.445709381738368, 36.596369326764503 ], [ -121.446157038969318, 36.596363837986253 ], [ -121.446153624553773, 36.596183904635339 ], [ -121.446825108688913, 36.596175668296915 ], [ -121.4468285246855, 36.596355601620871 ], [ -121.44705235322462, 36.596352855318337 ], [ -121.447062602903202, 36.596892655200385 ], [ -121.447510263107574, 36.596887161283767 ] ] ], [ [ [ -121.447510263107574, 36.596887161283767 ], [ -121.447517098424512, 36.597247027787958 ], [ -121.447740929550775, 36.597244280173882 ], [ -121.447734093182817, 36.596884413687661 ], [ -121.447510263107574, 36.596887161283767 ] ] ] ] } },
{ "type": "Feature", "properties": { "area_ha": 0.67982699841420491, "count": 17, "min_ha": 0.2, "post_date": "2023-03-25" }, "geometry": { "type": "Polygon", "coordinates": [ [ [ -121.448550412008501, 36.463149228223628 ], [ -121.448540169758985, 36.462609399290059 ], [ -121.448316733352456, 36.462612148566024 ], [ -121.448313319826241, 36.462432205558223 ], [ -121.448089883931743, 36.462434954402994 ], [ -121.448086470953513, 36.462255011368242 ], [ -121.447863035562065, 36.462257759781821 ], [ -121.44785962312281, 36.462077816729106 ], [ -121.447636188243422, 36.46208056472048 ], [ -121.447632776352137, 36.461900621649797 ], [ -121.44740934198478, 36.461903369200989 ], [ -121.447416164734278, 36.462263255342357 ], [ -121.447639600152669, 36.462260507773195 ], [ -121.447646424025052, 36.462620393851672 ], [ -121.447869860485497, 36.462617645851317 ], [ -121.447876685471797, 36.462977531857938 ], [ -121.448100122965286, 36.462974783417408 ], [ -121.448106949074486, 36.463334669361139 ], [ -121.448330387610028, 36.463331920480435 ], [ -121.448326974020929, 36.463151977526536 ], [ -121.448550412008501, 36.463149228223628 ] ] ] } },
{ "type": "Feature", "properties": { "area_ha": 4.4788466113474827, "count": 112, "min_ha": 0.2, "post_date": "2023-03-25" }, "geometry": { "type": "Polygon", "coordinates": [ [ [ -121.449504283224073, 36.478076194293621 ], [ -121.449494032233957, 36.477536368836532 ], [ -121.449270552169295, 36.477539119909125 ], [ -121.449260302903951, 36.476999294308307 ], [ -121.449036824402356, 36.477002044931744 ], [ -121.44902999268767, 36.476642161126001 ], [ -121.448806515219147, 36.476644911309258 ], [ -121.448803099914272, 36.476464969379442 ], [ -121.448579622966761, 36.476467719140487 ], [ -121.448576208200876, 36.476287777183721 ], [ -121.44835273175643, 36.47629052651358 ], [ -121.448349317538515, 36.476110584538844 ], [ -121.448125841606114, 36.47611333343751 ], [ -121.448122427927188, 36.475933391444812 ], [ -121.447898952506819, 36.475936139912285 ], [ -121.447895539375864, 36.475756197901617 ], [ -121.447672064458544, 36.475758945937905 ], [ -121.447668651866579, 36.475579003909267 ], [ -121.4474451774703, 36.475581751514362 ], [ -121.447441765417324, 36.475401809458774 ], [ -121.447218291533076, 36.475404556632682 ], [ -121.447214880028071, 36.475224614568113 ], [ -121.446991406646873, 36.475227361310822 ], [ -121.446984584732817, 36.474867477109825 ], [ -121.446761112393659, 36.474870223421341 ], [ -121.446757701984609, 36.474690281293896 ], [ -121.446534230157496, 36.474693027174219 ], [ -121.446530820296417, 36.474513085028804 ], [ -121.446307348972368, 36.474515830477941 ], [ -121.446303939650264, 36.474335888305575 ], [ -121.446080468838261, 36.474338633323519 ], [ -121.446083877630343, 36.474518575495885 ], [ -121.445860406279351, 36.474521320100607 ], [ -121.445877447850293, 36.475421030791757 ], [ -121.446100921833363, 36.475418286160085 ], [ -121.446107739633135, 36.475778170325157 ], [ -121.446331214658244, 36.47577542525331 ], [ -121.446334624106115, 36.47595536731788 ], [ -121.446558099634274, 36.475952621814841 ], [ -121.446564919634923, 36.476312505872116 ], [ -121.446788396205136, 36.476309759937884 ], [ -121.446791806757929, 36.47648970193957 ], [ -121.447015283840173, 36.476486955574153 ], [ -121.447018694931955, 36.47666689755787 ], [ -121.447242172526245, 36.476664150761259 ], [ -121.447248995805751, 36.477024034674805 ], [ -121.447472474442094, 36.477021287447002 ], [ -121.447475886629817, 36.477201229376824 ], [ -121.447699365769211, 36.477198481708847 ], [ -121.447702778513886, 36.477378423620699 ], [ -121.447926258156329, 36.477375675521529 ], [ -121.447929671440008, 36.477555617415419 ], [ -121.448153151603478, 36.477552868894044 ], [ -121.448149737798786, 36.477372927009135 ], [ -121.449043656170943, 36.477361928692567 ], [ -121.449050488020376, 36.477721812399501 ], [ -121.449273968624027, 36.477719061740132 ], [ -121.449280801578382, 36.478078945384176 ], [ -121.449504283224073, 36.478076194293621 ] ] ] } },
{ "type": "Feature", "properties": { "area_ha": 0.35990799486568487, "count": 9, "min_ha": 0.2, "post_date": "2023-03-25" }, "geometry": { "type": "Polygon", "coordinates": [ [ [ -121.451320603075686, 36.467794713882199 ], [ -121.451317182246171, 36.467614771350512 ], [ -121.451093731286932, 36.467617525890596 ], [ -121.451090310996406, 36.467437583340939 ], [ -121.450643410084041, 36.467443091136523 ], [ -121.450657087131873, 36.468162861308208 ], [ -121.45110399225733, 36.468157353458722 ], [ -121.451097151595434, 36.467797468431272 ], [ -121.451320603075686, 36.467794713882199 ] ] ] } },
{ "type": "Feature", "properties": { "area_ha": 0.23993782792094853, "count": 6, "min_ha": 0.2, "post_date": "2023-03-25" }, "geometry": { "type": "MultiPolygon", "coordinates": [ [ [ [ -121.452285345415376, 36.483261452363763 ], [ -121.45229561692301, 36.483801276275749 ], [ -121.452519115205504, 36.483798519471904 ], [ -121.452508842125809, 36.483258695577888 ], [ -121.452285345415376, 36.483261452363763 ] ] ], [ [ [ -121.452055002159071, 36.482904326026613 ], [ -121.452051578913085, 36.482724384662731 ], [ -121.451828083747742, 36.482727140577246 ], [ -121.451831506463719, 36.48290708195011 ], [ -121.452055002159071, 36.482904326026613 ] ] ], [ [ [ -121.452055002159071, 36.482904326026613 ], [ -121.452061848686967, 36.483264208718445 ], [ -121.452285345415376, 36.483261452363763 ], [ -121.452278497827464, 36.482901569680912 ], [ -121.452055002159071, 36.482904326026613 ] ] ] ] } },
{ "type": "Feature", "properties": { "area_ha": 0.8797717113970237, "count": 22, "min_ha": 0.2, "post_date": "2023-03-25" }, "geometry": { "type": "Polygon", "coordinates": [ [ [ -121.454337958999673, 36.485395920284041 ], [ -121.454331101539282, 36.485036038050353 ], [ -121.454107599690474, 36.485038798285757 ], [ -121.454104171512739, 36.484858857137468 ], [ -121.453657168821252, 36.484864376341662 ], [ -121.4536537417125, 36.484684435166422 ], [ -121.453430240869821, 36.484687194117242 ], [ -121.45342681430904, 36.48450725292404 ], [ -121.452532812878658, 36.484518284487258 ], [ -121.45253623733737, 36.484698225707412 ], [ -121.452759738242932, 36.484695468445423 ], [ -121.452763163249614, 36.484875409638626 ], [ -121.452986664667236, 36.484872651954433 ], [ -121.452990090212907, 36.485052593129673 ], [ -121.453213592133565, 36.485049835014287 ], [ -121.453217018227221, 36.485229776171558 ], [ -121.453440520659925, 36.485227017615998 ], [ -121.453443947292556, 36.485406958755306 ], [ -121.454337958999673, 36.485395920284041 ] ] ] } },
{ "type": "Feature", "properties": { "area_ha": 1.1197122376420181, "count": 28, "min_ha": 0.2, "post_date": "2023-03-25" }, "geometry": { "type": "MultiPolygon", "coordinates": [ [ [ [ -121.45477867212773, 36.473331553474331 ], [ -121.454788959921814, 36.473871379425489 ], [ -121.45501242905398, 36.473868617878544 ], [ -121.455015858875626, 36.474048559826329 ], [ -121.455239328519824, 36.474045797848191 ], [ -121.455249619664642, 36.474585623592738 ], [ -121.455696562061206, 36.474580098324921 ], [ -121.455693130604629, 36.474400156440012 ], [ -121.455916601245946, 36.474397393177284 ], [ -121.455913169286305, 36.474217451283401 ], [ -121.456136639388646, 36.474214687598462 ], [ -121.456126342018507, 36.473674861844927 ], [ -121.455679404957934, 36.473680388747681 ], [ -121.455675973582203, 36.473500446790915 ], [ -121.455229037509767, 36.473505971977879 ], [ -121.455225607212, 36.473326029994162 ], [ -121.45477867212773, 36.473331553474331 ] ] ], [ [ [ -121.454551775850888, 36.473154372561453 ], [ -121.454548347161108, 36.472974430532815 ], [ -121.454324880634061, 36.472977191199419 ], [ -121.454328308802829, 36.473157133237038 ], [ -121.454551775850888, 36.473154372561453 ] ] ], [ [ [ -121.454551775850888, 36.473154372561453 ], [ -121.454555204558631, 36.473334314581109 ], [ -121.45477867212773, 36.473331553474331 ], [ -121.45477524288998, 36.473151611463663 ], [ -121.454551775850888, 36.473154372561453 ] ] ] ] } },
{ "type": "Feature", "properties": { "area_ha": 2.5993242211472936, "count": 65, "min_ha": 0.2, "post_date": "2023-03-25" }, "geometry": { "type": "MultiPolygon", "coordinates": [ [ [ [ -121.45502218903394, 36.486107401224494 ], [ -121.455018758655328, 36.485927460184001 ], [ -121.454795254219391, 36.485930221730953 ], [ -121.454798684076977, 36.486110162771439 ], [ -121.45502218903394, 36.486107401224494 ] ] ], [ [ [ -121.45502218903394, 36.486107401224494 ], [ -121.455025619430515, 36.48628734224701 ], [ -121.454578608438595, 36.486292864945646 ], [ -121.454588896574052, 36.486832687977284 ], [ -121.454812403651047, 36.486829926825592 ], [ -121.454822693511261, 36.487369749722482 ], [ -121.455046202160318, 36.487366988121636 ], [ -121.455053063196004, 36.487726869969052 ], [ -121.455723592206411, 36.487718582606313 ], [ -121.455727024327757, 36.487898523485107 ], [ -121.457068085061465, 36.487881937252212 ], [ -121.457061214512606, 36.487522055548524 ], [ -121.456837705477284, 36.487524820967209 ], [ -121.456830836051324, 36.487164939191665 ], [ -121.456607328058055, 36.487167704179157 ], [ -121.456603893888555, 36.48698776326443 ], [ -121.456380386407318, 36.486990527811756 ], [ -121.456376952785789, 36.486810586879059 ], [ -121.455929938829414, 36.486816114698094 ], [ -121.455926506276882, 36.486636173738454 ], [ -121.455702999801758, 36.486638937001182 ], [ -121.455699567788216, 36.486458996023579 ], [ -121.455476061825138, 36.486461758864102 ], [ -121.455469198902975, 36.486101876846007 ], [ -121.45502218903394, 36.486107401224494 ] ] ] ] } },
{ "type": "Feature", "properties": { "area_ha": 0.47985935847175604, "count": 12, "min_ha": 0.2, "post_date": "2023-03-25" }, "geometry": { "type": "Polygon", "coordinates": [ [ [ -121.467721537844525, 36.634971916889356 ], [ -121.467711136656092, 36.634432126601311 ], [ -121.467487196977402, 36.634434912079378 ], [ -121.467483730477539, 36.634254981944437 ], [ -121.467259791310894, 36.634257766991311 ], [ -121.467266723277561, 36.63461762724323 ], [ -121.466818842779318, 36.634623196070358 ], [ -121.466822307725096, 36.634803126187329 ], [ -121.466598366932502, 36.634805909976563 ], [ -121.466601831366248, 36.634985840093542 ], [ -121.467721537844525, 36.634971916889356 ] ] ] } },
{ "type": "Feature", "properties": { "area_ha": 2.0394716081384261, "count": 51, "min_ha": 0.2, "post_date": "2023-03-25" }, "geometry": { "type": "MultiPolygon", "coordinates": [ [ [ [ -121.478008267201972, 36.484021284917766 ], [ -121.477997813830413, 36.483481463314455 ], [ -121.477774317398456, 36.483484268474612 ], [ -121.477763865751641, 36.482944446727565 ], [ -121.47754037088275, 36.48294725143856 ], [ -121.477529920969701, 36.482407429556773 ], [ -121.477306427663876, 36.482410233827594 ], [ -121.47730294491349, 36.482230293164399 ], [ -121.476855959307954, 36.48223590042145 ], [ -121.476859440998325, 36.482415841102615 ], [ -121.476635947647594, 36.482418644106815 ], [ -121.476639428825933, 36.48259858477001 ], [ -121.476415934927218, 36.48260138736098 ], [ -121.476419415602507, 36.482781328015193 ], [ -121.475972426700153, 36.482786931930519 ], [ -121.475986345340885, 36.483506694493471 ], [ -121.476880331499927, 36.483495484875178 ], [ -121.476883813307083, 36.483675425457527 ], [ -121.477777801316648, 36.48366420903001 ], [ -121.477784769188986, 36.484024090095886 ], [ -121.478008267201972, 36.484021284917766 ] ] ], [ [ [ -121.478008267201972, 36.484021284917766 ], [ -121.47801523620619, 36.484381165920766 ], [ -121.478238735252248, 36.484378360302472 ], [ -121.47823176520599, 36.484018479317442 ], [ -121.478008267201972, 36.484021284917766 ] ] ] ] } },
{ "type": "Feature", "properties": { "area_ha": 0.55985386184561881, "count": 14, "min_ha": 0.2, "post_date": "2023-03-25" }, "geometry": { "type": "Polygon", "coordinates": [ [ [ -121.480400301841215, 36.492090516312906 ], [ -121.48039681136531, 36.491910576467177 ], [ -121.479949769291679, 36.491916195456227 ], [ -121.47994627987579, 36.491736255583554 ], [ -121.479052197641934, 36.491747488432274 ], [ -121.479045223086146, 36.491387608597087 ], [ -121.478598183976942, 36.491393222447776 ], [ -121.478601670194834, 36.491573162392314 ], [ -121.478825190279437, 36.49157035566909 ], [ -121.4788286770453, 36.491750295586691 ], [ -121.478605156421708, 36.491753102309914 ], [ -121.478608642675525, 36.491933042227508 ], [ -121.479055684946786, 36.491927428331898 ], [ -121.479059172269601, 36.49210736821356 ], [ -121.479282693908289, 36.492104560627958 ], [ -121.479279206055466, 36.491924620746296 ], [ -121.479502727155165, 36.491921812738482 ], [ -121.479506215529014, 36.492101752611163 ], [ -121.480400301841215, 36.492090516312906 ] ] ] } },
{ "type": "Feature", "properties": { "area_ha": 0.59984476254944497, "count": 15, "min_ha": 0.2, "post_date": "2023-03-25" }, "geometry": { "type": "Polygon", "coordinates": [ [ [ -121.482230265314357, 36.482708322812407 ], [ -121.482219782262447, 36.482168501289941 ], [ -121.48199628982799, 36.482171314463066 ], [ -121.481985808500852, 36.481631492787891 ], [ -121.482209299354281, 36.481628679632728 ], [ -121.482205805087489, 36.48144873905936 ], [ -121.481758824422684, 36.481454364929512 ], [ -121.481755331224889, 36.481274424329193 ], [ -121.481308351539255, 36.481280048492543 ], [ -121.481315335841771, 36.481639929720117 ], [ -121.481538826749087, 36.481637117831582 ], [ -121.481545812174502, 36.481996998987299 ], [ -121.481769304114891, 36.481994186667571 ], [ -121.48177629065421, 36.482354067751416 ], [ -121.481999783636638, 36.482351254991514 ], [ -121.482006771298856, 36.482711136003495 ], [ -121.482230265314357, 36.482708322812407 ] ] ] } },
{ "type": "Feature", "properties": { "area_ha": 0.83978053213575021, "count": 21, "min_ha": 0.2, "post_date": "2023-03-25" }, "geometry": { "type": "MultiPolygon", "coordinates": [ [ [ [ -121.482666978990039, 36.493681853308232 ], [ -121.482670474900758, 36.493861792956331 ], [ -121.483117528167398, 36.493856163645638 ], [ -121.483110534252901, 36.493496284367403 ], [ -121.482887008679597, 36.493499099220379 ], [ -121.482890505102347, 36.49367903887746 ], [ -121.482666978990039, 36.493681853308232 ] ] ], [ [ [ -121.481762393034046, 36.493153287703223 ], [ -121.48175889928828, 36.492973347983259 ], [ -121.481535375206178, 36.492976160267055 ], [ -121.481531881999388, 36.492796220520141 ], [ -121.481084834823335, 36.492801843812124 ], [ -121.481081342694523, 36.492621904038259 ], [ -121.480634296506608, 36.49262752562344 ], [ -121.480641278671143, 36.492987405180152 ], [ -121.480864802834091, 36.492984594585188 ], [ -121.48086829446882, 36.493164534341091 ], [ -121.481315343782882, 36.493158911875554 ], [ -121.481318836486594, 36.493338851595524 ], [ -121.481542361646689, 36.493336039724952 ], [ -121.481538868412954, 36.493156100004988 ], [ -121.481762393034046, 36.493153287703223 ] ] ], [ [ [ -121.481762393034046, 36.493153287703223 ], [ -121.481769380570498, 36.493513167116205 ], [ -121.482216431860849, 36.493507541228091 ], [ -121.48221992670257, 36.493687480903141 ], [ -121.482666978990039, 36.493681853308232 ], [ -121.482663483088317, 36.493501913651151 ], [ -121.482439957479073, 36.493504727650723 ], [ -121.482436462125321, 36.493324787975673 ], [ -121.482212937028123, 36.49332760154406 ], [ -121.482209442222342, 36.493147661842059 ], [ -121.481762393034046, 36.493153287703223 ] ] ] ] } },
{ "type": "Feature", "properties": { "area_ha": 1.079718000523205, "count": 27, "min_ha": 0.2, "post_date": "2023-03-25" }, "geometry": { "type": "Polygon", "coordinates": [ [ [ -121.483554087350825, 36.493310713737742 ], [ -121.483550589382972, 36.493130774080662 ], [ -121.483327064896628, 36.493133589769066 ], [ -121.483323567467764, 36.492953650085035 ], [ -121.483100043493451, 36.492956465342253 ], [ -121.483096546603576, 36.492776525640259 ], [ -121.482873023141309, 36.492779340466285 ], [ -121.482869526790424, 36.492599400746322 ], [ -121.482422480872003, 36.492605029113783 ], [ -121.482418985599097, 36.492425089366868 ], [ -121.482195463133962, 36.492427902908304 ], [ -121.482191968409026, 36.49224796314342 ], [ -121.481968446455937, 36.49225077625367 ], [ -121.48196495226999, 36.492070836461835 ], [ -121.481741430828933, 36.492073649140892 ], [ -121.481737937181975, 36.491893709331094 ], [ -121.481067374350005, 36.491902144808058 ], [ -121.481077850583688, 36.492441964255413 ], [ -121.481524895657699, 36.49243634099038 ], [ -121.481528388819569, 36.492616280764246 ], [ -121.481975434881718, 36.49261065578343 ], [ -121.481978929112572, 36.492790595530344 ], [ -121.482425976162872, 36.492784968851716 ], [ -121.482429471462737, 36.492964908571679 ], [ -121.482876519501175, 36.492959280177267 ], [ -121.482880015870023, 36.49313921987028 ], [ -121.483103540392307, 36.493136405026284 ], [ -121.483107037309125, 36.493316344701334 ], [ -121.483554087350825, 36.493310713737742 ] ] ] } },
{ "type": "Feature", "properties": { "area_ha": 0.31994576142238151, "count": 8, "min_ha": 0.2, "post_date": "2023-03-25" }, "geometry": { "type": "MultiPolygon", "coordinates": [ [ [ [ -121.492063221665489, 36.082261390309064 ], [ -121.492059722466934, 36.082081415797347 ], [ -121.4918373955786, 36.08208424819442 ], [ -121.491840894247133, 36.082264222706137 ], [ -121.492063221665489, 36.082261390309064 ] ] ], [ [ [ -121.492063221665489, 36.082261390309064 ], [ -121.492066720864031, 36.08244136479383 ], [ -121.491622064985279, 36.08244702918374 ], [ -121.491625563168725, 36.082627003668506 ], [ -121.491847891638102, 36.082624171675675 ], [ -121.491851390360537, 36.082804146133491 ], [ -121.492073719332978, 36.082801313718448 ], [ -121.492070220089516, 36.082621339269615 ], [ -121.49229254853195, 36.082618506432368 ], [ -121.492296048287443, 36.082798480881202 ], [ -121.492518377232926, 36.082795647621744 ], [ -121.492511376679886, 36.082435698724076 ], [ -121.492289048785437, 36.082438531965565 ], [ -121.492285549056888, 36.08225855748978 ], [ -121.492063221665489, 36.082261390309064 ] ] ] ] } },
{ "type": "Feature", "properties": { "area_ha": 0.35993904243006836, "count": 9, "min_ha": 0.2, "post_date": "2023-03-25" }, "geometry": { "type": "Polygon", "coordinates": [ [ [ -121.494057159873591, 36.081875930811414 ], [ -121.494053656021777, 36.081695956335629 ], [ -121.49383133031921, 36.081698792505627 ], [ -121.493827827015366, 36.081518818002898 ], [ -121.493160851380907, 36.081527323979643 ], [ -121.493167854889407, 36.081887273021039 ], [ -121.493390181157906, 36.081884438099699 ], [ -121.493393683464618, 36.082064412584465 ], [ -121.493838336998763, 36.082058741475159 ], [ -121.493834833649998, 36.081878766999381 ], [ -121.494057159873591, 36.081875930811414 ] ] ] } },
{ "type": "Feature", "properties": { "area_ha": 0.55985233427637127, "count": 14, "min_ha": 0.2, "post_date": "2023-03-25" }, "geometry": { "type": "Polygon", "coordinates": [ [ [ -121.502336852139806, 36.504771546327873 ], [ -121.50231559566457, 36.503691916640889 ], [ -121.502092040940923, 36.503694767929531 ], [ -121.502081414508922, 36.503154952883925 ], [ -121.501857861348341, 36.503157803732392 ], [ -121.501886194616645, 36.504597310308085 ], [ -121.502109751999299, 36.504594459405716 ], [ -121.502113294254102, 36.504774397661429 ], [ -121.502336852139806, 36.504771546327873 ] ] ] } },
{ "type": "Feature", "properties": { "area_ha": 0.55983511467863623, "count": 14, "min_ha": 0.2, "post_date": "2023-03-25" }, "geometry": { "type": "Polygon", "coordinates": [ [ [ -121.507494199616957, 36.641309480688584 ], [ -121.507490638290932, 36.641129552215524 ], [ -121.507266680394409, 36.641132413170041 ], [ -121.507263119625335, 36.640952484679019 ], [ -121.50636728999757, 36.640963924239074 ], [ -121.506381524737492, 36.641683638239101 ], [ -121.506829443818376, 36.641677919258576 ], [ -121.506822324292457, 36.641318062312457 ], [ -121.507046282754914, 36.641315202193375 ], [ -121.507049843029918, 36.641495130666435 ], [ -121.50727380200442, 36.641492270125141 ], [ -121.507270241190426, 36.641312341652082 ], [ -121.507494199616957, 36.641309480688584 ] ] ] } },
{ "type": "Feature", "properties": { "area_ha": 0.35990455590036269, "count": 9, "min_ha": 0.2, "post_date": "2023-03-25" }, "geometry": { "type": "Polygon", "coordinates": [ [ [ -121.50468597679118, 36.510501024485336 ], [ -121.504682428194272, 36.5103210867237 ], [ -121.504235280065544, 36.510326797852947 ], [ -121.504231732537633, 36.510146860073341 ], [ -121.503784585397042, 36.510152569486813 ], [ -121.503791678350794, 36.510512445063988 ], [ -121.504015252990087, 36.510509590550392 ], [ -121.504022347066737, 36.510869466055695 ], [ -121.504245922739088, 36.510866611110913 ], [ -121.504242375157276, 36.51068667337622 ], [ -121.504465950290637, 36.510683818009227 ], [ -121.504462402205789, 36.510503880265553 ], [ -121.50468597679118, 36.510501024485336 ] ] ] } },
{ "type": "Feature", "properties": { "area_ha": 2.0396549169045897, "count": 51, "min_ha": 0.2, "post_date": "2023-03-25" }, "geometry": { "type": "Polygon", "coordinates": [ [ [ -121.497155680748435, 36.081116282250342 ], [ -121.497378004636403, 36.081113439756209 ], [ -121.497363958327099, 36.080393541826126 ], [ -121.497141636523224, 36.080396384284327 ], [ -121.497138125502843, 36.080216409754648 ], [ -121.496693482892212, 36.08022209340443 ], [ -121.496689972931861, 36.080042118838819 ], [ -121.4962453313004, 36.080047800781806 ], [ -121.496252349137023, 36.080407749922017 ], [ -121.496030027252303, 36.080410590269182 ], [ -121.496033535676531, 36.080590564816831 ], [ -121.496255858091274, 36.080587724460685 ], [ -121.496262876026719, 36.0809476734931 ], [ -121.495818229113155, 36.080953353810138 ], [ -121.495821737061291, 36.081133328312866 ], [ -121.49559941306552, 36.081136167851547 ], [ -121.495592398211301, 36.080776218819132 ], [ -121.495370075239606, 36.080779057917638 ], [ -121.495373582127741, 36.080959032447318 ], [ -121.495151258617057, 36.080961871132601 ], [ -121.495154765002127, 36.081141845653299 ], [ -121.495377089042805, 36.081139006968023 ], [ -121.495384102908886, 36.081498955937555 ], [ -121.495606427973641, 36.081496116821079 ], [ -121.495613442953626, 36.081856065709765 ], [ -121.495835769042472, 36.081853226153122 ], [ -121.495839277080435, 36.082033200566023 ], [ -121.496061603672331, 36.08203036057818 ], [ -121.496051078049277, 36.081490437303543 ], [ -121.496273403069125, 36.081487596911465 ], [ -121.496269894034029, 36.08130762245365 ], [ -121.496492218514888, 36.081304781648342 ], [ -121.49649923762712, 36.081664730528047 ], [ -121.496721563132056, 36.081661889282564 ], [ -121.496718053045925, 36.081481914860682 ], [ -121.49694037800289, 36.081479073201976 ], [ -121.496936867413709, 36.081299098762123 ], [ -121.49715919184068, 36.081296256690194 ], [ -121.497155680748435, 36.081116282250342 ] ], [ [ -121.497155680748435, 36.081116282250342 ], [ -121.497152169665185, 36.080936307783546 ], [ -121.496929846280267, 36.080939149846493 ], [ -121.496933356842504, 36.08111912431329 ], [ -121.497155680748435, 36.081116282250342 ] ] ] } },
{ "type": "Feature", "properties": { "area_ha": 0.31994598420545473, "count": 8, "min_ha": 0.2, "post_date": "2023-03-25" }, "geometry": { "type": "MultiPolygon", "coordinates": [ [ [ [ -121.496460633309312, 36.079685010827305 ], [ -121.496457123923875, 36.079505036207792 ], [ -121.496679443167565, 36.079502195043155 ], [ -121.49667242340854, 36.079142245759215 ], [ -121.496450105197923, 36.079145086905882 ], [ -121.49645361454742, 36.079325061561327 ], [ -121.496231295806794, 36.079327902303746 ], [ -121.496227786978324, 36.079147927639319 ], [ -121.495783150485224, 36.079153607830591 ], [ -121.495786658271655, 36.079333582512987 ], [ -121.496008977048206, 36.079330742614978 ], [ -121.49601248537364, 36.079510717270423 ], [ -121.496234804653255, 36.07950787695021 ], [ -121.496238313517665, 36.079687851578711 ], [ -121.496460633309312, 36.079685010827305 ] ] ], [ [ [ -121.496460633309312, 36.079685010827305 ], [ -121.496464142703744, 36.079864985428848 ], [ -121.496686462998454, 36.079862144255237 ], [ -121.496682953074014, 36.079682169653687 ], [ -121.496460633309312, 36.079685010827305 ] ] ] ] } },
{ "type": "Feature", "properties": { "area_ha": 0.71987988112539614, "count": 18, "min_ha": 0.2, "post_date": "2023-03-25" }, "geometry": { "type": "Polygon", "coordinates": [ [ [ -121.497837727634021, 36.070486388055109 ], [ -121.497834215436853, 36.070306412582198 ], [ -121.497611922873133, 36.07030925595668 ], [ -121.497604899574753, 36.069949304947976 ], [ -121.497382608026129, 36.069952147891271 ], [ -121.497379096924917, 36.069772172355471 ], [ -121.497156805888324, 36.069775014858592 ], [ -121.497170848307931, 36.070494916920929 ], [ -121.496503968838127, 36.070503441986872 ], [ -121.496507477918129, 36.070683417477753 ], [ -121.496285184204581, 36.070686258327974 ], [ -121.496288692781533, 36.070866233809873 ], [ -121.496510987016109, 36.070863392950663 ], [ -121.49651449613205, 36.071043368405611 ], [ -121.496292201376448, 36.071046209264814 ], [ -121.49629570998934, 36.071226184710781 ], [ -121.496740300524621, 36.071220502543213 ], [ -121.496733281232736, 36.070860551669256 ], [ -121.496955575431372, 36.070857709965637 ], [ -121.496952065291353, 36.070677734501707 ], [ -121.497396652601694, 36.070672049845804 ], [ -121.497393141437584, 36.070492074381875 ], [ -121.497837727634021, 36.070486388055109 ] ] ] } },
{ "type": "Feature", "properties": { "area_ha": 0.39993315932112716, "count": 10, "min_ha": 0.2, "post_date": "2023-03-25" }, "geometry": { "type": "MultiPolygon", "coordinates": [ [ [ [ -121.497414208682713, 36.071571926904944 ], [ -121.497410697437772, 36.071391951530849 ], [ -121.496966105959245, 36.071397636240647 ], [ -121.496969616171128, 36.071577611623724 ], [ -121.497414208682713, 36.071571926904944 ] ] ], [ [ [ -121.497414208682713, 36.071571926904944 ], [ -121.497417719954612, 36.071751902261077 ], [ -121.4971954231778, 36.071754744845045 ], [ -121.497198933946649, 36.071934720192196 ], [ -121.497643528515368, 36.071929034593069 ], [ -121.497640016713461, 36.07174905926388 ], [ -121.497862313445367, 36.071746215835496 ], [ -121.497872850477037, 36.072286141769148 ], [ -121.498095148763014, 36.072283297909571 ], [ -121.498081097342293, 36.071563396655719 ], [ -121.497414208682713, 36.071571926904944 ] ] ] ] } },
{ "type": "Feature", "properties": { "area_ha": 0.75979548603178904, "count": 19, "min_ha": 0.2, "post_date": "2023-03-25" }, "geometry": { "type": "Polygon", "coordinates": [ [ [ -121.512644239155534, 36.528397361369407 ], [ -121.512640670957396, 36.528217425161856 ], [ -121.512417044754812, 36.528220296024791 ], [ -121.512413477095663, 36.52804035979927 ], [ -121.511518974207704, 36.528051838957062 ], [ -121.511515408677568, 36.527871902695608 ], [ -121.51084453291746, 36.527880507594837 ], [ -121.510851660824656, 36.528240380144688 ], [ -121.511075287153005, 36.528237512255174 ], [ -121.511078851659079, 36.528417448507646 ], [ -121.511302478490478, 36.52841458018694 ], [ -121.511298913463392, 36.528234643943456 ], [ -121.511522539755816, 36.528231775209534 ], [ -121.51152610531291, 36.528411711444029 ], [ -121.511973358903859, 36.528405972682606 ], [ -121.511976925538931, 36.528585908899139 ], [ -121.512200552828475, 36.528583038871638 ], [ -121.512204120011518, 36.528762975061227 ], [ -121.512427747813106, 36.528760104611514 ], [ -121.512420612422943, 36.528400232232343 ], [ -121.512644239155534, 36.528397361369407 ] ] ] } },
{ "type": "Feature", "properties": { "area_ha": 5.6784866158146192, "count": 142, "min_ha": 0.2, "post_date": "2023-03-25" }, "geometry": { "type": "MultiPolygon", "coordinates": [ [ [ [ -121.511986553017394, 36.517786843286878 ], [ -121.511982986858428, 36.517606906288812 ], [ -121.51175939172856, 36.517609775912071 ], [ -121.511752260533527, 36.51724990186203 ], [ -121.511081478198221, 36.517258508135676 ], [ -121.511077914204193, 36.517078571074727 ], [ -121.510854320583505, 36.517081438982203 ], [ -121.510847193709367, 36.516721564797415 ], [ -121.511070786270039, 36.516718696907908 ], [ -121.511067222329913, 36.516538759802039 ], [ -121.511290814351611, 36.516535891490321 ], [ -121.511287249899439, 36.516355954384451 ], [ -121.511063658407764, 36.516358822687188 ], [ -121.511060094503563, 36.516178885554368 ], [ -121.510836503514938, 36.516181753425911 ], [ -121.510832940158721, 36.516001816275129 ], [ -121.510609349682127, 36.516004683715487 ], [ -121.5106057868649, 36.515824746546734 ], [ -121.510382196900352, 36.515827613555899 ], [ -121.510378634622114, 36.515647676369177 ], [ -121.510155045169597, 36.515650542947149 ], [ -121.51015148343933, 36.515470605733483 ], [ -121.509927894498858, 36.515473471880263 ], [ -121.509924333316562, 36.515293534657616 ], [ -121.509700744879154, 36.515296400373202 ], [ -121.509697184235847, 36.515116463123604 ], [ -121.509250008385095, 36.515122193270187 ], [ -121.509246448810785, 36.514942255993645 ], [ -121.508352098995758, 36.514953711175401 ], [ -121.508348541550447, 36.514773773853932 ], [ -121.508124954586279, 36.514776636587115 ], [ -121.50813918236426, 36.515496385792119 ], [ -121.507915593271079, 36.51549924812106 ], [ -121.507922706212341, 36.515859122665169 ], [ -121.508146296356557, 36.515856260318266 ], [ -121.508149853379649, 36.516036197558883 ], [ -121.508373444035897, 36.516033334789768 ], [ -121.508380559178036, 36.516393209226081 ], [ -121.508604150876337, 36.51639034600781 ], [ -121.508607708995385, 36.516570283203507 ], [ -121.508831301205717, 36.516567419563032 ], [ -121.508834859872735, 36.516747356731777 ], [ -121.509058452586132, 36.516744492660109 ], [ -121.509065571034071, 36.517104366943713 ], [ -121.509289164789507, 36.517101502431863 ], [ -121.509292724561448, 36.517281439546714 ], [ -121.509516318819948, 36.517278574603679 ], [ -121.509523439477746, 36.517638448788468 ], [ -121.510194225325463, 36.517629851381187 ], [ -121.510190663415528, 36.517449914320238 ], [ -121.510637852839821, 36.517444180598361 ], [ -121.510641415809758, 36.517624117650328 ], [ -121.510865011029452, 36.517621250156076 ], [ -121.510861447529507, 36.517441313104108 ], [ -121.511085042201231, 36.517438445187643 ], [ -121.511088606231183, 36.51761838223063 ], [ -121.511535796580745, 36.517612645104137 ], [ -121.511539361679695, 36.517792582120173 ], [ -121.511986553017394, 36.517786843286878 ] ] ], [ [ [ -121.511986553017394, 36.517786843286878 ], [ -121.51199011917636, 36.517966780266981 ], [ -121.512213715348267, 36.517963910212529 ], [ -121.512210148659292, 36.517783973232426 ], [ -121.511986553017394, 36.517786843286878 ] ] ] ] } },
{ "type": "Feature", "properties": { "area_ha": 3.5990228737372658, "count": 90, "min_ha": 0.2, "post_date": "2023-03-25" }, "geometry": { "type": "Polygon", "coordinates": [ [ [ -121.52606497744992, 36.539563158851436 ], [ -121.526050576036567, 36.538843418827213 ], [ -121.525826919174477, 36.538846315130435 ], [ -121.525816119870683, 36.538306509957309 ], [ -121.52559246458064, 36.538309405811376 ], [ -121.52558886538165, 36.538129470717735 ], [ -121.525365210594671, 36.538132366140609 ], [ -121.525361611934656, 36.537952431028998 ], [ -121.525137957668704, 36.537955326020679 ], [ -121.525134359547678, 36.537775390891106 ], [ -121.524910705793758, 36.53777828544262 ], [ -121.524907108220717, 36.537598350295077 ], [ -121.524683454969846, 36.53760124442438 ], [ -121.524679857944776, 36.537421309258868 ], [ -121.524456205205951, 36.537424202947996 ], [ -121.524452608719869, 36.537244267764521 ], [ -121.52422895649309, 36.537247161031438 ], [ -121.524221764634817, 36.536887290601612 ], [ -121.523998113441095, 36.536890183428355 ], [ -121.524001708840231, 36.537070118656743 ], [ -121.523778057107521, 36.537073011061281 ], [ -121.523796031704649, 36.537972687041524 ], [ -121.524019686069423, 36.537969794601061 ], [ -121.524030472617142, 36.53850960000775 ], [ -121.524254128553963, 36.538506707118124 ], [ -121.524261320717656, 36.538866577314387 ], [ -121.524484977696531, 36.538863683984587 ], [ -121.524499364341565, 36.539583424188471 ], [ -121.524723023413515, 36.539580530418498 ], [ -121.524726620645197, 36.539760465431293 ], [ -121.52495028022021, 36.539757571221145 ], [ -121.524953877999863, 36.539937506215971 ], [ -121.525177538086908, 36.53993461157463 ], [ -121.525173939777233, 36.539754676588785 ], [ -121.525844918358501, 36.539745990149484 ], [ -121.525841318485774, 36.539566055172621 ], [ -121.52606497744992, 36.539563158851436 ] ] ] } },
{ "type": "Feature", "properties": { "area_ha": 0.27992454298235508, "count": 7, "min_ha": 0.2, "post_date": "2023-03-25" }, "geometry": { "type": "MultiPolygon", "coordinates": [ [ [ [ -121.526768704573001, 36.530014998422153 ], [ -121.526765102975503, 36.529835062771554 ], [ -121.526541472559813, 36.529837960431237 ], [ -121.526537871519267, 36.529658024753687 ], [ -121.525866981754433, 36.529666715181513 ], [ -121.525870581213951, 36.529846650868045 ], [ -121.526094211683528, 36.52984375448397 ], [ -121.526097811691017, 36.530023690161514 ], [ -121.526768704573001, 36.530014998422153 ] ] ], [ [ [ -121.526768704573001, 36.530014998422153 ], [ -121.526772306179495, 36.530194934063765 ], [ -121.526995937628243, 36.530192035963914 ], [ -121.526992335491741, 36.530012100331284 ], [ -121.526768704573001, 36.530014998422153 ] ] ] ] } },
{ "type": "Feature", "properties": { "area_ha": 0.31994327732118766, "count": 8, "min_ha": 0.2, "post_date": "2023-03-25" }, "geometry": { "type": "Polygon", "coordinates": [ [ [ -121.520108097147329, 36.117184301259307 ], [ -121.520104530566158, 36.117004330915776 ], [ -121.519882103506674, 36.117007216493114 ], [ -121.519878537473474, 36.116827246131614 ], [ -121.519656110917055, 36.116830131277766 ], [ -121.519659676438209, 36.117010101648248 ], [ -121.519437249342801, 36.11701298638117 ], [ -121.519444379387991, 36.11737292707722 ], [ -121.519221951241548, 36.117375811396911 ], [ -121.519225515765584, 36.11755578172248 ], [ -121.51944794443304, 36.1175528973938 ], [ -121.519451509505046, 36.117732867701399 ], [ -121.519673938675567, 36.117729982941526 ], [ -121.51966324196836, 36.11719007200076 ], [ -121.520108097147329, 36.117184301259307 ] ] ] } },
{ "type": "Feature", "properties": { "area_ha": 0.51990786250623211, "count": 13, "min_ha": 0.2, "post_date": "2023-03-25" }, "geometry": { "type": "MultiPolygon", "coordinates": [ [ [ [ -121.528775585833486, 36.116711494039073 ], [ -121.528771998941409, 36.116531523920116 ], [ -121.528549573579753, 36.116534425954598 ], [ -121.52854598722665, 36.11635445580869 ], [ -121.528101137500457, 36.116360258584066 ], [ -121.528104722811506, 36.116540228738955 ], [ -121.52832714820012, 36.116537327557879 ], [ -121.528330734050158, 36.116717297685817 ], [ -121.528775585833486, 36.116711494039073 ] ] ], [ [ [ -121.528775585833486, 36.116711494039073 ], [ -121.528786346608555, 36.11725140428814 ], [ -121.529231201446166, 36.117245598907651 ], [ -121.529234789452161, 36.117425568945755 ], [ -121.529457217374016, 36.117422665617703 ], [ -121.52946080591002, 36.117602635628863 ], [ -121.529683234334939, 36.117599731869625 ], [ -121.529676056229874, 36.117239791847311 ], [ -121.529453628847008, 36.11724269558858 ], [ -121.529450040337949, 36.117062725541494 ], [ -121.529227613467114, 36.117065628860558 ], [ -121.529224025497058, 36.116885658786522 ], [ -121.529001599129288, 36.116888561674394 ], [ -121.528998011698206, 36.116708591582388 ], [ -121.528775585833486, 36.116711494039073 ] ] ] ] } },
{ "type": "Feature", "properties": { "area_ha": 2.0794359848764898, "count": 52, "min_ha": 0.2, "post_date": "2023-03-25" }, "geometry": { "type": "Polygon", "coordinates": [ [ [ -121.539697244460712, 36.538845876716643 ], [ -121.539682714534379, 36.538126138165659 ], [ -121.539459060304367, 36.538129060331379 ], [ -121.539448164629292, 36.537589256263182 ], [ -121.539224511962345, 36.537592177988728 ], [ -121.539213618021023, 36.537052373776795 ], [ -121.538989966926124, 36.537055295053186 ], [ -121.538986336169302, 36.536875360282934 ], [ -121.538762685577453, 36.53687828113712 ], [ -121.538755425186721, 36.536518411542723 ], [ -121.538531775627931, 36.536521331956727 ], [ -121.538528145985026, 36.536341397132581 ], [ -121.538304496938281, 36.536344317115393 ], [ -121.538297238757409, 36.535984447413206 ], [ -121.538073590752703, 36.535987366955844 ], [ -121.53806996221472, 36.535807432077796 ], [ -121.537846314713079, 36.535810351189248 ], [ -121.537853570755971, 36.536170220945337 ], [ -121.537629922194327, 36.536173139643559 ], [ -121.537633549708218, 36.536353074503637 ], [ -121.537857198799884, 36.536350155796434 ], [ -121.537860826870741, 36.536530090638543 ], [ -121.538084476474438, 36.536527171500147 ], [ -121.538095362348884, 36.537066975927672 ], [ -121.538319013515647, 36.537064056349102 ], [ -121.538326271903145, 36.537423925889598 ], [ -121.538549924111962, 36.537421005870847 ], [ -121.538557183631326, 36.537780875339479 ], [ -121.538780836873201, 36.537777954889542 ], [ -121.538791727850082, 36.538317758975708 ], [ -121.539015382664019, 36.538314838076609 ], [ -121.539022644456125, 36.538674707392531 ], [ -121.53924630030312, 36.538671786053257 ], [ -121.539249931760622, 36.538851720688761 ], [ -121.539697244460712, 36.538845876716643 ] ] ] } },
{ "type": "Feature", "properties": { "area_ha": 0.51985874752958927, "count": 13, "min_ha": 0.2, "post_date": "2023-03-25" }, "geometry": { "type": "Polygon", "coordinates": [ [ [ -121.540393652479182, 36.540096649407104 ], [ -121.540390018263849, 36.539916714897366 ], [ -121.540166358814616, 36.539919638410559 ], [ -121.540155457875414, 36.539379834791518 ], [ -121.539931799980266, 36.539382757855556 ], [ -121.539924533831325, 36.539022888692351 ], [ -121.539477220107159, 36.539028733526848 ], [ -121.539488116195443, 36.539568537280637 ], [ -121.539711774647543, 36.539565615061015 ], [ -121.539719039853253, 36.539925484152356 ], [ -121.539942699338425, 36.53992256149256 ], [ -121.539946332493741, 36.540102496011279 ], [ -121.540393652479182, 36.540096649407104 ] ] ] } },
{ "type": "Feature", "properties": { "area_ha": 0.95983236796397031, "count": 24, "min_ha": 0.2, "post_date": "2023-03-25" }, "geometry": { "type": "Polygon", "coordinates": [ [ [ -121.531878350511434, 36.104969826001557 ], [ -121.531867569703948, 36.104429912554487 ], [ -121.531645179538273, 36.10443282047293 ], [ -121.531648772601784, 36.104612791651896 ], [ -121.531426381906101, 36.104615699157108 ], [ -121.531433567044971, 36.104975641470126 ], [ -121.531211175289286, 36.104978548571104 ], [ -121.531214767364645, 36.105158519705149 ], [ -121.530992375060976, 36.105161426383916 ], [ -121.530999558214575, 36.105521368616081 ], [ -121.530777164859884, 36.105524274890605 ], [ -121.53078075593811, 36.105704245988726 ], [ -121.531225543680549, 36.105698433008492 ], [ -121.531229135818791, 36.105878404070673 ], [ -121.53145153018859, 36.105875496942751 ], [ -121.531455122865822, 36.106055467977988 ], [ -121.531232727975009, 36.106058375123872 ], [ -121.53123991234132, 36.106418317167396 ], [ -121.531462308274172, 36.106415410012524 ], [ -121.531465901005305, 36.106595381002847 ], [ -121.531688297441221, 36.106592473425764 ], [ -121.531666738188818, 36.105512647259268 ], [ -121.531444344879034, 36.105515554800412 ], [ -121.531440752255705, 36.10533558371128 ], [ -121.531663145035481, 36.105332676170129 ], [ -121.531655958791674, 36.104972733946944 ], [ -121.531878350511434, 36.104969826001557 ] ] ] } },
{ "type": "Feature", "properties": { "area_ha": 1.5195830969943152, "count": 38, "min_ha": 0.2, "post_date": "2023-03-25" }, "geometry": { "type": "MultiPolygon", "coordinates": [ [ [ [ -121.541513777455592, 36.55124086332831 ], [ -121.541510140069221, 36.551060929654007 ], [ -121.541957524212322, 36.551055077138912 ], [ -121.541953885792879, 36.550875143464609 ], [ -121.542177577311975, 36.550872216582732 ], [ -121.542173938380486, 36.550692282899448 ], [ -121.541502865359334, 36.550701062278449 ], [ -121.541499228026851, 36.550521128568214 ], [ -121.540828156442998, 36.550529904093445 ], [ -121.540835427954875, 36.550889771540866 ], [ -121.54061173633697, 36.550892695889495 ], [ -121.540622642145038, 36.551432496975281 ], [ -121.540846335352953, 36.551429572617671 ], [ -121.540842699529648, 36.551249638943368 ], [ -121.541513777455592, 36.55124086332831 ] ] ], [ [ [ -121.541513777455592, 36.55124086332831 ], [ -121.541521052273282, 36.551600730631996 ], [ -121.541744745930359, 36.551597804567592 ], [ -121.541752021870934, 36.551957671799414 ], [ -121.542199411251232, 36.551951818368039 ], [ -121.542195772220921, 36.551771884765607 ], [ -121.541972078060795, 36.551774811692397 ], [ -121.541961162649741, 36.551235010795253 ], [ -121.541513777455592, 36.55124086332831 ] ] ], [ [ [ -121.541752021870934, 36.551957671799414 ], [ -121.541528327153841, 36.551960597881795 ], [ -121.541521052273282, 36.551600730631996 ], [ -121.541297358589247, 36.551603656274203 ], [ -121.541293721705927, 36.551423722617862 ], [ -121.541070028533937, 36.551426647828869 ], [ -121.541073664896231, 36.55160658148521 ], [ -121.540849971185253, 36.551609506282993 ], [ -121.540857242903755, 36.551969373568717 ], [ -121.541080937665754, 36.551966448770933 ], [ -121.541088210507141, 36.552326315993774 ], [ -121.541311906320189, 36.552323390746835 ], [ -121.541308269356009, 36.552143457144396 ], [ -121.541755659868173, 36.552137605401853 ], [ -121.541752021870934, 36.551957671799414 ] ] ] ] } },
{ "type": "Feature", "properties": { "area_ha": 0.4798667457712687, "count": 12, "min_ha": 0.2, "post_date": "2023-03-25" }, "geometry": { "type": "Polygon", "coordinates": [ [ [ -121.542046755127132, 36.566532251403025 ], [ -121.542035837066052, 36.565992453667953 ], [ -121.541812101188157, 36.565995380271346 ], [ -121.541804823621632, 36.565635515033783 ], [ -121.541581088785776, 36.565638441197009 ], [ -121.541584727025565, 36.565818373829266 ], [ -121.541360991641739, 36.565821299579262 ], [ -121.54137190489682, 36.56636109741315 ], [ -121.54159564186169, 36.566358171645192 ], [ -121.541602918511927, 36.566718036792921 ], [ -121.541826656518836, 36.566715110584781 ], [ -121.541823017659226, 36.566535178024388 ], [ -121.542046755127132, 36.566532251403025 ] ] ] } },
{ "type": "Feature", "properties": { "area_ha": 0.3998902827254518, "count": 10, "min_ha": 0.2, "post_date": "2023-03-25" }, "geometry": { "type": "Polygon", "coordinates": [ [ [ -121.542866854575578, 36.551763101451982 ], [ -121.542855932831401, 36.551223300644665 ], [ -121.542632240315186, 36.55122622882012 ], [ -121.54262496028727, 36.550866361525408 ], [ -121.542401268804113, 36.55086928926967 ], [ -121.542404908283572, 36.551049222926004 ], [ -121.542181216252445, 36.551052150248054 ], [ -121.542188494205249, 36.551412017533778 ], [ -121.542412187287397, 36.551409090202746 ], [ -121.542419466354119, 36.551768957425587 ], [ -121.542866854575578, 36.551763101451982 ] ] ] } },
{ "type": "Feature", "properties": { "area_ha": 0.47992402835351033, "count": 12, "min_ha": 0.2, "post_date": "2023-03-25" }, "geometry": { "type": "Polygon", "coordinates": [ [ [ -121.536652567759575, 36.03235852902742 ], [ -121.536645364950857, 36.031998572979163 ], [ -121.536201004465127, 36.032004406773368 ], [ -121.536197404134242, 36.031824428713307 ], [ -121.535975224380962, 36.031827344968107 ], [ -121.535971624580085, 36.031647366881096 ], [ -121.535749445338851, 36.031650282713699 ], [ -121.535760243223308, 36.032190216938794 ], [ -121.535982424027623, 36.032187301088236 ], [ -121.535989623746147, 36.032547257136493 ], [ -121.536433987393949, 36.03254142414179 ], [ -121.536430386488149, 36.032361446144613 ], [ -121.536652567759575, 36.03235852902742 ] ] ] } },
{ "type": "Feature", "properties": { "area_ha": 0.47986626716743369, "count": 12, "min_ha": 0.2, "post_date": "2023-03-25" }, "geometry": { "type": "Polygon", "coordinates": [ [ [ -121.550640257326819, 36.570919028700693 ], [ -121.55062927779403, 36.570379232690385 ], [ -121.550405529375652, 36.570382175598205 ], [ -121.550398210827979, 36.570022311510485 ], [ -121.550174463442659, 36.57002525397813 ], [ -121.550185439705587, 36.570565050105223 ], [ -121.54996169071228, 36.570567992168627 ], [ -121.549972665546889, 36.571107788196905 ], [ -121.550420166668616, 36.571101903611954 ], [ -121.550416507318431, 36.570921971626483 ], [ -121.550640257326819, 36.570919028700693 ] ] ] } },
{ "type": "Feature", "properties": { "area_ha": 8.1977047498807796, "count": 205, "min_ha": 0.2, "post_date": "2023-03-25" }, "geometry": { "type": "Polygon", "coordinates": [ [ [ -121.56548531223342, 36.574502416103542 ], [ -121.565481617157232, 36.574322484827739 ], [ -121.56503409830276, 36.574328426581474 ], [ -121.565037792318932, 36.574508357866257 ], [ -121.564814032330247, 36.574511328118795 ], [ -121.564817725834388, 36.574691259394598 ], [ -121.564146444197476, 36.574700167609983 ], [ -121.56415013612957, 36.574880098894766 ], [ -121.563926375017985, 36.574883067458465 ], [ -121.563930066447014, 36.575062998743256 ], [ -121.563706304787473, 36.57506596688475 ], [ -121.563709995704457, 36.575245898160553 ], [ -121.56326247128942, 36.575251833194883 ], [ -121.563266161164364, 36.575431764470686 ], [ -121.562594872826025, 36.575440663846642 ], [ -121.562598561128922, 36.575620595131433 ], [ -121.562151034432148, 36.575626525934702 ], [ -121.562154721701987, 36.575806457228467 ], [ -121.561259665972841, 36.575818313768508 ], [ -121.561263351149591, 36.575998245071261 ], [ -121.560592057592032, 36.576007133038615 ], [ -121.560584690427547, 36.575647270388195 ], [ -121.56036092692645, 36.575650232178603 ], [ -121.560357243896675, 36.575470300830936 ], [ -121.560133480907609, 36.575473262190151 ], [ -121.560129798425805, 36.575293330815541 ], [ -121.559906035948785, 36.575296291743562 ], [ -121.55990235400597, 36.575116360350982 ], [ -121.559678592040996, 36.575119320856793 ], [ -121.559671229278237, 36.574759458017731 ], [ -121.559447468346335, 36.574762418074393 ], [ -121.559443787517424, 36.574582486636892 ], [ -121.559220027097538, 36.574585446262361 ], [ -121.559223707396455, 36.574765377717824 ], [ -121.558999946437581, 36.57476833693007 ], [ -121.559003626224452, 36.574948268376552 ], [ -121.558779864717621, 36.574951227166586 ], [ -121.558794581942678, 36.57567095284471 ], [ -121.559018345569541, 36.575667994027725 ], [ -121.559033065184124, 36.576387719472294 ], [ -121.559256830895066, 36.576384760206153 ], [ -121.559271552908157, 36.57710448542614 ], [ -121.559047785077183, 36.577107444719232 ], [ -121.559055145127019, 36.57746730727083 ], [ -121.558831376227047, 36.577470266159679 ], [ -121.558835055753406, 36.577650197417519 ], [ -121.558611286305464, 36.577653155893138 ], [ -121.558614965319777, 36.57783308714199 ], [ -121.558391195332845, 36.577836045195411 ], [ -121.558398552355357, 36.578195907684126 ], [ -121.558174781290447, 36.578198865324318 ], [ -121.558185815368944, 36.578738658972064 ], [ -121.557962042705029, 36.578741616216995 ], [ -121.557965720237135, 36.578921547411944 ], [ -121.558637039764974, 36.578912674401543 ], [ -121.558633360651854, 36.578732743224556 ], [ -121.558857133261867, 36.578729784712998 ], [ -121.558853453636701, 36.578549853527029 ], [ -121.559300997751791, 36.578543935246273 ], [ -121.559297317084571, 36.578364004060305 ], [ -121.559521088589662, 36.578361044291107 ], [ -121.559513726258103, 36.5780011819012 ], [ -121.559737496685216, 36.577998221718779 ], [ -121.559733815020863, 36.57781829050586 ], [ -121.559957584908986, 36.577815329910209 ], [ -121.55995390272362, 36.577635398688308 ], [ -121.560177672063759, 36.577632437670452 ], [ -121.560173989375343, 36.577452506448545 ], [ -121.560397758167511, 36.577449545017465 ], [ -121.56039407496705, 36.577269613786584 ], [ -121.560617843220228, 36.577266651933293 ], [ -121.560614159507722, 36.577086720702404 ], [ -121.561061694900175, 36.577080795729202 ], [ -121.561058010145629, 36.576900864498313 ], [ -121.561505544415198, 36.57689493784526 ], [ -121.56150185862758, 36.576715006614378 ], [ -121.561725625200921, 36.576712042659032 ], [ -121.561721938901272, 36.576532111419162 ], [ -121.562169470951986, 36.576526182241842 ], [ -121.562165783619278, 36.576346251010953 ], [ -121.562389549087683, 36.576343285788987 ], [ -121.562385861233949, 36.576163354549116 ], [ -121.562833391074804, 36.57615742284753 ], [ -121.56282970217903, 36.575977491607659 ], [ -121.563053466551494, 36.575974525128046 ], [ -121.563049777143675, 36.575794593888176 ], [ -121.56349730476569, 36.575788659662329 ], [ -121.563493614324813, 36.575608728422459 ], [ -121.563717377583359, 36.575605760685207 ], [ -121.563713686639417, 36.575425829427367 ], [ -121.564161212042606, 36.575419892686234 ], [ -121.564157520047644, 36.575239961437383 ], [ -121.564381282201268, 36.575236992442484 ], [ -121.564377589703241, 36.575057061184651 ], [ -121.56482511288759, 36.575051121919252 ], [ -121.56482141934751, 36.5748711906704 ], [ -121.56504518038723, 36.574868220408881 ], [ -121.5650414863441, 36.57468828914206 ], [ -121.565265246835835, 36.574685318467317 ], [ -121.565261552280674, 36.574505387200496 ], [ -121.56548531223342, 36.574502416103542 ] ] ] } },
{ "type": "Feature", "properties": { "area_ha": 1.1196858750823251, "count": 28, "min_ha": 0.2, "post_date": "2023-03-25" }, "geometry": { "type": "Polygon", "coordinates": [ [ [ -121.562896104845336, 36.57921625199392 ], [ -121.562899794046544, 36.579396183000227 ], [ -121.563123568444198, 36.579393216394848 ], [ -121.563127258193376, 36.579573147383194 ], [ -121.56379858285959, 36.579564244997876 ], [ -121.563791200208144, 36.579204383039162 ], [ -121.563567426394386, 36.579207350911169 ], [ -121.563563735630112, 36.579027419913842 ], [ -121.563339962319418, 36.579030387354649 ], [ -121.563325201535051, 36.578310663185697 ], [ -121.563548972725712, 36.578307695771834 ], [ -121.563545282042284, 36.578127764702643 ], [ -121.563097740694005, 36.578133699099176 ], [ -121.563101430326398, 36.578313630177348 ], [ -121.562877659090816, 36.578316596746795 ], [ -121.562881348211178, 36.578496527815979 ], [ -121.562433804644044, 36.578502459697226 ], [ -121.562437492722367, 36.578682390766417 ], [ -121.56221372039083, 36.578685356078225 ], [ -121.562217407957107, 36.578865287147408 ], [ -121.561993635068617, 36.578868252037005 ], [ -121.561997322122849, 36.579048183097214 ], [ -121.562444868923905, 36.579042252886829 ], [ -121.562448557056129, 36.579222183920088 ], [ -121.562896104845336, 36.57921625199392 ] ], [ [ -121.562892415662091, 36.579036320969649 ], [ -121.562896104845336, 36.57921625199392 ], [ -121.563119878712982, 36.579213285388548 ], [ -121.563116188999729, 36.579033354373252 ], [ -121.562892415662091, 36.579036320969649 ] ], [ [ -121.562892415662091, 36.579036320969649 ], [ -121.562885037340521, 36.57867645888517 ], [ -121.562661265044923, 36.578679425041393 ], [ -121.562668642306477, 36.579039287134854 ], [ -121.562892415662091, 36.579036320969649 ] ] ] } },
{ "type": "Feature", "properties": { "area_ha": 2.7992192086355674, "count": 70, "min_ha": 0.2, "post_date": "2023-03-25" }, "geometry": { "type": "Polygon", "coordinates": [ [ [ -121.567685908070274, 36.572673369154543 ], [ -121.56768220789165, 36.572493437815858 ], [ -121.566563437889087, 36.572508309910475 ], [ -121.56655974036947, 36.572328378526876 ], [ -121.56588847974416, 36.572337296668643 ], [ -121.56588478383253, 36.572157365249112 ], [ -121.565661030778841, 36.572160337109629 ], [ -121.565657335415196, 36.571980405681117 ], [ -121.565433582873538, 36.571983377101461 ], [ -121.565426193242189, 36.571623514181553 ], [ -121.565202441742585, 36.571626485170704 ], [ -121.565198747483862, 36.57144655368829 ], [ -121.564974996487308, 36.571449524237273 ], [ -121.564971302776556, 36.571269592736897 ], [ -121.564747552292062, 36.571272562854688 ], [ -121.564740165975479, 36.570912699800026 ], [ -121.564516416533024, 36.570915669486624 ], [ -121.564505338760469, 36.570375874769887 ], [ -121.564281590890062, 36.570378844016311 ], [ -121.56427789885916, 36.570198912408131 ], [ -121.564054151491803, 36.570201881223369 ], [ -121.56407630074871, 36.571281470683786 ], [ -121.563852550201318, 36.571284439112745 ], [ -121.563856241271026, 36.571464370649061 ], [ -121.563632490184645, 36.571467338655808 ], [ -121.563628799635964, 36.571287407110511 ], [ -121.563181298442373, 36.571293341839421 ], [ -121.563184987940019, 36.5714732733937 ], [ -121.562737485623543, 36.57147920644276 ], [ -121.56274117407915, 36.571659137997038 ], [ -121.562293670639761, 36.571665069357259 ], [ -121.562301045484858, 36.572024932465823 ], [ -121.56364356192951, 36.572007133219834 ], [ -121.563639871326927, 36.57182720171047 ], [ -121.564311127730164, 36.571818296369699 ], [ -121.564314819913776, 36.571998227861094 ], [ -121.565209830313933, 36.5719863480996 ], [ -121.565213524626557, 36.572166279546082 ], [ -121.565437277716171, 36.572163308538961 ], [ -121.565440972567785, 36.572343239967473 ], [ -121.565664726169445, 36.57234026852916 ], [ -121.565668421569029, 36.57252019993971 ], [ -121.566339683838265, 36.57251128305559 ], [ -121.566343380836855, 36.572691214430208 ], [ -121.567685908070274, 36.572673369154543 ] ] ] } },
{ "type": "Feature", "properties": { "area_ha": 1.1996632954272237, "count": 30, "min_ha": 0.2, "post_date": "2023-03-25" }, "geometry": { "type": "Polygon", "coordinates": [ [ [ -121.567393777718536, 36.580236424339219 ], [ -121.56739007787229, 36.580056493530542 ], [ -121.567166301695963, 36.580059468229742 ], [ -121.567162602388706, 36.579879537403095 ], [ -121.567386378035025, 36.579876562703902 ], [ -121.567382678224718, 36.579696631868273 ], [ -121.567158903099426, 36.579699606558485 ], [ -121.56715150458372, 36.579339744833334 ], [ -121.566927730500481, 36.579342719083378 ], [ -121.566924031795097, 36.579162788193848 ], [ -121.566700258223889, 36.5791657620127 ], [ -121.566692861918042, 36.578805900188733 ], [ -121.56602154426767, 36.578814819058131 ], [ -121.566025240826079, 36.578994750001556 ], [ -121.565577694581975, 36.579000693803444 ], [ -121.565581390107326, 36.579180624746876 ], [ -121.565805163759379, 36.579177653048049 ], [ -121.5658088598327, 36.579357583973504 ], [ -121.566032633996798, 36.579354611843492 ], [ -121.566036330609109, 36.579534542750984 ], [ -121.566260105294234, 36.579531570189772 ], [ -121.566263802445533, 36.579711501070314 ], [ -121.566487577633708, 36.579708528077916 ], [ -121.56649127534196, 36.579888458940495 ], [ -121.566715051042181, 36.579885485516904 ], [ -121.566718749289421, 36.580065416361514 ], [ -121.566942525501673, 36.58006244250673 ], [ -121.566946224296899, 36.580242373333377 ], [ -121.567393777718536, 36.580236424339219 ] ] ] } },
{ "type": "Feature", "properties": { "area_ha": 3.0791202264377913, "count": 77, "min_ha": 0.2, "post_date": "2023-03-25" }, "geometry": { "type": "Polygon", "coordinates": [ [ [ -121.569423295149761, 36.602706835308361 ], [ -121.569419589419553, 36.602526906125632 ], [ -121.569195747342818, 36.602529884651652 ], [ -121.56919204216058, 36.602349955450961 ], [ -121.568968200586909, 36.602352933545788 ], [ -121.568964495952642, 36.602173004318146 ], [ -121.568740654891002, 36.602175981990769 ], [ -121.568733246718409, 36.601816123490565 ], [ -121.568509406707804, 36.601819100714032 ], [ -121.568505703169492, 36.601639171441477 ], [ -121.568281863670919, 36.601642148233744 ], [ -121.568274457717166, 36.601282289634732 ], [ -121.568050619242683, 36.601285265986832 ], [ -121.568046916827257, 36.601105336660375 ], [ -121.567375402903977, 36.601114263165449 ], [ -121.567379103738375, 36.601294192518857 ], [ -121.567155265200995, 36.601297167173144 ], [ -121.567158965532329, 36.601477096517563 ], [ -121.566263609092147, 36.601488990930577 ], [ -121.566267307330406, 36.601668920292965 ], [ -121.565819627946993, 36.601674864966228 ], [ -121.565823325143214, 36.601854794319635 ], [ -121.566271005577647, 36.601848849637392 ], [ -121.566274703842865, 36.602028778963849 ], [ -121.566498544563146, 36.602025805980432 ], [ -121.56650224337632, 36.602205735288926 ], [ -121.566949925814001, 36.602199788028514 ], [ -121.566953625705167, 36.602379717319039 ], [ -121.567401309131, 36.602373768342851 ], [ -121.56740501009115, 36.602553697606432 ], [ -121.567852694514116, 36.60254774691446 ], [ -121.567856396543263, 36.602727676151083 ], [ -121.568527924623993, 36.60271874691513 ], [ -121.568531628261127, 36.602898676115821 ], [ -121.569203157770175, 36.60288974302609 ], [ -121.569199452551999, 36.602709813852343 ], [ -121.569423295149761, 36.602706835308361 ] ] ] } },
{ "type": "Feature", "properties": { "area_ha": 0.75983229326935264, "count": 19, "min_ha": 0.2, "post_date": "2023-03-25" }, "geometry": { "type": "MultiPolygon", "coordinates": [ [ [ [ -121.56567644963306, 36.311354193215969 ], [ -121.565899439909273, 36.311351220996116 ], [ -121.565895756583046, 36.311171269391444 ], [ -121.565672766827859, 36.311174241602309 ], [ -121.56567644963306, 36.311354193215969 ] ] ], [ [ [ -121.56567644963306, 36.311354193215969 ], [ -121.56523046902673, 36.311360136380053 ], [ -121.565234150807854, 36.311540087984731 ], [ -121.565011159947744, 36.311543058937957 ], [ -121.565018522503877, 36.311902962111375 ], [ -121.564795530583751, 36.311905932660359 ], [ -121.564806572971662, 36.312445787321671 ], [ -121.565252559947041, 36.312439845765567 ], [ -121.565245196232084, 36.312079942699945 ], [ -121.565468188646292, 36.312076971297564 ], [ -121.565460823961146, 36.311717068187029 ], [ -121.565683815297362, 36.311714096371418 ], [ -121.56567644963306, 36.311354193215969 ] ] ], [ [ [ -121.565011159947744, 36.311543058937957 ], [ -121.565007478696629, 36.311363107324297 ], [ -121.56523046902673, 36.311360136380053 ], [ -121.565226787272564, 36.311180184757411 ], [ -121.565003797463476, 36.311183155701649 ], [ -121.565000116248285, 36.311003204061045 ], [ -121.564777126951228, 36.311006174574089 ], [ -121.564788169078639, 36.311546029468971 ], [ -121.565011159947744, 36.311543058937957 ] ] ] ] } },
{ "type": "Feature", "properties": { "area_ha": 0.95979124460917897, "count": 24, "min_ha": 0.2, "post_date": "2023-03-25" }, "geometry": { "type": "Polygon", "coordinates": [ [ [ -121.566061773826462, 36.297488958484827 ], [ -121.566058090778711, 36.297309005721317 ], [ -121.565835141420763, 36.29731197826456 ], [ -121.565831458920982, 36.297132025474113 ], [ -121.56560851007508, 36.297134997586163 ], [ -121.565604828105307, 36.296955044777739 ], [ -121.565381879771422, 36.296958016458596 ], [ -121.565374516945795, 36.296598110778881 ], [ -121.564928622308244, 36.296604052838042 ], [ -121.56493230267003, 36.29678400570036 ], [ -121.565155250518814, 36.2967810348729 ], [ -121.56516629326606, 36.29732089334307 ], [ -121.564274495474919, 36.297332774191524 ], [ -121.564281853198125, 36.297692679808364 ], [ -121.564504803714897, 36.297689710220574 ], [ -121.56450848312447, 36.297869663002047 ], [ -121.564954385173124, 36.297863722532902 ], [ -121.56495070471253, 36.297683769769399 ], [ -121.565619556065229, 36.297674855921585 ], [ -121.56561587405055, 36.297494903158082 ], [ -121.566061773826462, 36.297488958484827 ] ] ] } },
{ "type": "Feature", "properties": { "area_ha": 0.47989476024608213, "count": 12, "min_ha": 0.2, "post_date": "2023-03-25" }, "geometry": { "type": "MultiPolygon", "coordinates": [ [ [ [ -121.566903819979672, 36.305937799970692 ], [ -121.566680845513815, 36.305940774103952 ], [ -121.566684530439034, 36.306120726121854 ], [ -121.566907505425931, 36.306117751979613 ], [ -121.566903819979672, 36.305937799970692 ] ] ], [ [ [ -121.56644681793415, 36.305403891662486 ], [ -121.566439449287429, 36.305043987482954 ], [ -121.566216477408716, 36.305046960735865 ], [ -121.566212793633326, 36.304867008610159 ], [ -121.565989822266658, 36.304869981431885 ], [ -121.565986139039239, 36.304690029297198 ], [ -121.565763168175621, 36.304693001687724 ], [ -121.565774216348686, 36.305232858082789 ], [ -121.566220161202068, 36.305226912834613 ], [ -121.566223845013383, 36.305406864924379 ], [ -121.56644681793415, 36.305403891662486 ] ] ], [ [ [ -121.566900134542408, 36.30575784795279 ], [ -121.566903819979672, 36.305937799970692 ], [ -121.56712679442758, 36.305934825415221 ], [ -121.567123108469289, 36.305754873406308 ], [ -121.566900134542408, 36.30575784795279 ] ] ], [ [ [ -121.56644681793415, 36.305403891662486 ], [ -121.56645418665272, 36.305763795779136 ], [ -121.566900134542408, 36.30575784795279 ], [ -121.566896449132088, 36.305577895916926 ], [ -121.566673475717252, 36.305580870032216 ], [ -121.56666979083694, 36.305400917969401 ], [ -121.56644681793415, 36.305403891662486 ] ] ] ] } },
{ "type": "Feature", "properties": { "area_ha": 0.31992944302640086, "count": 8, "min_ha": 0.2, "post_date": "2023-03-25" }, "geometry": { "type": "Polygon", "coordinates": [ [ [ -121.568575321894343, 36.311315521362822 ], [ -121.568567942656486, 36.310955618306181 ], [ -121.568344953637919, 36.310958595592531 ], [ -121.568333886501406, 36.310418740886298 ], [ -121.568110899036924, 36.310421717723486 ], [ -121.568118276064922, 36.310781620887923 ], [ -121.567895287531442, 36.310784597320868 ], [ -121.567898975546868, 36.310964548889615 ], [ -121.568121964601374, 36.310961572456669 ], [ -121.568129341737162, 36.311321475531273 ], [ -121.568575321894343, 36.311315521362822 ] ] ] } },
{ "type": "Feature", "properties": { "area_ha": 1.1197541283776875, "count": 28, "min_ha": 0.2, "post_date": "2023-03-25" }, "geometry": { "type": "MultiPolygon", "coordinates": [ [ [ [ -121.56936392037224, 36.306264960441339 ], [ -121.56937499417424, 36.306804816099785 ], [ -121.569152017282917, 36.30680779492225 ], [ -121.569148326518643, 36.306627843039095 ], [ -121.568925350139367, 36.306630821430367 ], [ -121.568936420905061, 36.307170677043899 ], [ -121.569382376807724, 36.30716471979423 ], [ -121.569378685486484, 36.306984767955989 ], [ -121.569824640266248, 36.306978809026468 ], [ -121.569828332638508, 36.307158760855721 ], [ -121.570051310526964, 36.307155780757647 ], [ -121.570047617624695, 36.306975828928394 ], [ -121.570716549619164, 36.306966886100923 ], [ -121.570712855171791, 36.306786934280652 ], [ -121.57026690157781, 36.306792896578855 ], [ -121.570263208190454, 36.306612944740621 ], [ -121.570040231892023, 36.306615925242937 ], [ -121.570036539052637, 36.306435973377745 ], [ -121.56981356325727, 36.30643895345785 ], [ -121.56980617867444, 36.306079049664596 ], [ -121.569583203912131, 36.306082029304527 ], [ -121.569586895673538, 36.306261981214632 ], [ -121.56936392037224, 36.306264960441339 ] ] ], [ [ [ -121.568691304692209, 36.306093943633194 ], [ -121.568683925427408, 36.305734039714167 ], [ -121.568460951626292, 36.305737017225091 ], [ -121.568468329849054, 36.30609692116208 ], [ -121.568691304692209, 36.306093943633194 ] ] ], [ [ [ -121.568691304692209, 36.306093943633194 ], [ -121.568694994360541, 36.306273895570243 ], [ -121.568917969715741, 36.306270917619145 ], [ -121.568921659914082, 36.30645086952925 ], [ -121.569144635781313, 36.306447891146959 ], [ -121.569140945052965, 36.306267939236854 ], [ -121.56936392037224, 36.306264960441339 ], [ -121.569360229131846, 36.306085008522253 ], [ -121.568691304692209, 36.306093943633194 ] ] ] ] } },
{ "type": "Feature", "properties": { "area_ha": 0.27993847229852004, "count": 7, "min_ha": 0.2, "post_date": "2023-03-25" }, "geometry": { "type": "Polygon", "coordinates": [ [ [ -121.570285368757141, 36.307692655581405 ], [ -121.570277981829719, 36.307332752021708 ], [ -121.570055003438213, 36.307335732559956 ], [ -121.570058696367425, 36.307515684353277 ], [ -121.569835717427949, 36.307518664469313 ], [ -121.569832025019764, 36.307338712675993 ], [ -121.569609046592319, 36.307341692360843 ], [ -121.569612738470511, 36.307521644163145 ], [ -121.569389759504091, 36.307524623434773 ], [ -121.569393450870237, 36.307704575228094 ], [ -121.56983940984513, 36.307698616253653 ], [ -121.569843102289255, 36.30787856802003 ], [ -121.57006608227077, 36.307875587886024 ], [ -121.570062389314614, 36.307695636128635 ], [ -121.570285368757141, 36.307692655581405 ] ] ] } },
{ "type": "Feature", "properties": { "area_ha": 0.43990348908701954, "count": 11, "min_ha": 0.2, "post_date": "2023-03-25" }, "geometry": { "type": "Polygon", "coordinates": [ [ [ -121.570917357328938, 36.305884193221708 ], [ -121.57090627277411, 36.305344337473429 ], [ -121.570460327597331, 36.305350300508252 ], [ -121.570471409017046, 36.305890156301444 ], [ -121.570248434829665, 36.305893137199021 ], [ -121.570244741532136, 36.305713185279934 ], [ -121.570021767856787, 36.3057161657553 ], [ -121.570029153418773, 36.306076069593473 ], [ -121.570475102853564, 36.306070108202569 ], [ -121.570478796708045, 36.306250060085723 ], [ -121.570701771919516, 36.306247078738991 ], [ -121.570694383177482, 36.305887174972682 ], [ -121.570917357328938, 36.305884193221708 ] ] ] } },
{ "type": "Feature", "properties": { "area_ha": 0.31992979691133328, "count": 8, "min_ha": 0.2, "post_date": "2023-03-25" }, "geometry": { "type": "Polygon", "coordinates": [ [ [ -121.572485573018355, 36.306223212783614 ], [ -121.572478175895057, 36.30586330911612 ], [ -121.572255201860372, 36.305866293831528 ], [ -121.572251503846701, 36.305686341966343 ], [ -121.57180555678346, 36.305692310112583 ], [ -121.57181664774329, 36.306232165690176 ], [ -121.572485573018355, 36.306223212783614 ] ] ] } },
{ "type": "Feature", "properties": { "area_ha": 1.8394288212887655, "count": 46, "min_ha": 0.2, "post_date": "2023-03-25" }, "geometry": { "type": "Polygon", "coordinates": [ [ [ -121.5831344417075, 36.713028376122864 ], [ -121.583126954680807, 36.712668533154535 ], [ -121.582230292485448, 36.712680548292141 ], [ -121.582226551110097, 36.71250062676306 ], [ -121.582899046200268, 36.712491616067872 ], [ -121.582891560332399, 36.712131773027679 ], [ -121.582219068431243, 36.712140783677945 ], [ -121.582215327109779, 36.711960862112932 ], [ -121.581767000148844, 36.711966867081117 ], [ -121.581763259905358, 36.711786945489152 ], [ -121.581314933932575, 36.711792948741547 ], [ -121.581318673116044, 36.711972870333511 ], [ -121.580870346002399, 36.711978871897074 ], [ -121.580874084143815, 36.71215879349802 ], [ -121.580649920030041, 36.712161793646494 ], [ -121.580653657659425, 36.71234171524744 ], [ -121.580877822294227, 36.712338715089984 ], [ -121.580881560471582, 36.712518636672961 ], [ -121.581105725618428, 36.712515636084319 ], [ -121.581109464343754, 36.712695557640352 ], [ -121.581333630002646, 36.71269255662051 ], [ -121.581337369266961, 36.712872478167561 ], [ -121.581785701608808, 36.712866474834314 ], [ -121.581789441951102, 36.713046396354414 ], [ -121.5831344417075, 36.713028376122864 ] ] ] } },
{ "type": "Feature", "properties": { "area_ha": 1.7596112729172844, "count": 44, "min_ha": 0.2, "post_date": "2023-03-25" }, "geometry": { "type": "MultiPolygon", "coordinates": [ [ [ [ -121.574424905011895, 36.313757280241369 ], [ -121.574201908061198, 36.313760268639875 ], [ -121.574205611051553, 36.313940219759466 ], [ -121.574428608532259, 36.313937231351971 ], [ -121.574424905011895, 36.313757280241369 ] ] ], [ [ [ -121.57329141583493, 36.312872462027613 ], [ -121.573287715045453, 36.312692510791244 ], [ -121.573064721140042, 36.312695497033793 ], [ -121.573068421408493, 36.312875448279144 ], [ -121.57329141583493, 36.312872462027613 ] ] ], [ [ [ -121.57442120151849, 36.313577329112803 ], [ -121.574424905011895, 36.313757280241369 ], [ -121.574647901953611, 36.313754291420658 ], [ -121.574644197930198, 36.313574340301074 ], [ -121.57442120151849, 36.313577329112803 ] ] ], [ [ [ -121.573518111571858, 36.313049426581259 ], [ -121.573521812918287, 36.313229377781688 ], [ -121.57374480835982, 36.313226390667779 ], [ -121.573748510254219, 36.313406341850246 ], [ -121.573971506198802, 36.313403354314119 ], [ -121.573975208632191, 36.313583305469642 ], [ -121.57442120151849, 36.313577329112803 ], [ -121.57441749803408, 36.313397377966268 ], [ -121.574194502125422, 36.313400366355786 ], [ -121.574187096261511, 36.313040464008822 ], [ -121.574410091119134, 36.313037475637266 ], [ -121.574395277504834, 36.312317670790613 ], [ -121.574172284740285, 36.312320659135217 ], [ -121.574175987595893, 36.312500610371586 ], [ -121.573952994283374, 36.312503598302968 ], [ -121.573941887351495, 36.311963744513015 ], [ -121.574164879082986, 36.311960756608585 ], [ -121.57415747349755, 36.311600854019069 ], [ -121.5734885013933, 36.311609816420827 ], [ -121.573495903834626, 36.311969719055256 ], [ -121.573718895602042, 36.311966731995241 ], [ -121.5737262991573, 36.312326634548825 ], [ -121.573503306347831, 36.31232962161782 ], [ -121.573499605082247, 36.312149670345526 ], [ -121.572830628100149, 36.31215862900131 ], [ -121.572834327793672, 36.312338580300555 ], [ -121.572611334903371, 36.312341565680725 ], [ -121.572626131746119, 36.313061370742972 ], [ -121.572403136744754, 36.313064355727882 ], [ -121.572406835477096, 36.313244306964251 ], [ -121.572852826503876, 36.313238336554257 ], [ -121.572838027496189, 36.312518531581837 ], [ -121.573061020889554, 36.312515545770481 ], [ -121.573057320657043, 36.31233559449818 ], [ -121.573280313511418, 36.3123326082736 ], [ -121.573284014264956, 36.312512559536913 ], [ -121.573507007622396, 36.31250957288114 ], [ -121.573510708923919, 36.31268952412649 ], [ -121.573733702784409, 36.312686537039525 ], [ -121.573737404624907, 36.312866488266906 ], [ -121.573960398997443, 36.312863500748747 ], [ -121.57396410137693, 36.313043451958166 ], [ -121.573518111571858, 36.313049426581259 ] ] ], [ [ [ -121.573521812918287, 36.313229377781688 ], [ -121.573298817467787, 36.313232364464419 ], [ -121.573302518311152, 36.313412315655867 ], [ -121.573525514291674, 36.313409328964163 ], [ -121.573521812918287, 36.313229377781688 ] ] ], [ [ [ -121.57329141583493, 36.312872462027613 ], [ -121.57329511664237, 36.313052413255001 ], [ -121.573518111571858, 36.313049426581259 ], [ -121.573514410234409, 36.312869475362859 ], [ -121.57329141583493, 36.312872462027613 ] ] ], [ [ [ -121.57329511664237, 36.313052413255001 ], [ -121.573072121694921, 36.313055399506531 ], [ -121.573075821999311, 36.313235350724931 ], [ -121.573298817467787, 36.313232364464419 ], [ -121.57329511664237, 36.313052413255001 ] ] ] ] } },
{ "type": "Feature", "properties": { "area_ha": 0.23994701695938284, "count": 6, "min_ha": 0.2, "post_date": "2023-03-25" }, "geometry": { "type": "MultiPolygon", "coordinates": [ [ [ [ -121.575283542922648, 36.312125761962712 ], [ -121.575279837479897, 36.31194581072635 ], [ -121.575056845838247, 36.311948800750805 ], [ -121.575053140934486, 36.311768849487486 ], [ -121.574830149804868, 36.311771839080755 ], [ -121.574837558570351, 36.3121317415984 ], [ -121.574614566362754, 36.312134730778446 ], [ -121.57461827025142, 36.312314682023796 ], [ -121.575064255690677, 36.312308703223536 ], [ -121.57506055075099, 36.312128751996156 ], [ -121.575283542922648, 36.312125761962712 ] ] ], [ [ [ -121.575283542922648, 36.312125761962712 ], [ -121.575287248383361, 36.312305713190099 ], [ -121.575510241058083, 36.31230272272547 ], [ -121.575506535076343, 36.312122771516052 ], [ -121.575283542922648, 36.312125761962712 ] ] ] ] } },
{ "type": "Feature", "properties": { "area_ha": 0.75983164179801288, "count": 19, "min_ha": 0.2, "post_date": "2023-03-25" }, "geometry": { "type": "MultiPolygon", "coordinates": [ [ [ [ -121.575792540193447, 36.315178949114198 ], [ -121.575785126639943, 36.314819047171476 ], [ -121.575562126643959, 36.314822038148144 ], [ -121.575558420419682, 36.314642087145337 ], [ -121.575335420926748, 36.31464507769082 ], [ -121.575342832342258, 36.315004979696425 ], [ -121.575565832886213, 36.31500198913298 ], [ -121.575569539146429, 36.315181940108836 ], [ -121.575792540193447, 36.315178949114198 ] ] ], [ [ [ -121.575792540193447, 36.315178949114198 ], [ -121.575796247001634, 36.315358900072091 ], [ -121.575350243838599, 36.315364881639155 ], [ -121.575353949604747, 36.31554483258806 ], [ -121.575576951720763, 36.315541842006652 ], [ -121.575580658034866, 36.315721792937588 ], [ -121.575357655397838, 36.315724783519002 ], [ -121.575361361208891, 36.315904734440956 ], [ -121.575584364366946, 36.315901743841579 ], [ -121.575591777085009, 36.31626164562261 ], [ -121.575814781276137, 36.316258654592041 ], [ -121.57581107438709, 36.316078703715 ], [ -121.57625708167339, 36.316072720396221 ], [ -121.576245957960992, 36.315532867720179 ], [ -121.576022955898878, 36.315535859577203 ], [ -121.57601554123147, 36.315175957706337 ], [ -121.575792540193447, 36.315178949114198 ] ] ] ] } },
{ "type": "Feature", "properties": { "area_ha": 1.0797611722434013, "count": 27, "min_ha": 0.2, "post_date": "2023-03-25" }, "geometry": { "type": "Polygon", "coordinates": [ [ [ -121.576647456168374, 36.313367470858566 ], [ -121.576643747464729, 36.313187519765933 ], [ -121.576420752247785, 36.313190512377538 ], [ -121.576417044083144, 36.313010561266935 ], [ -121.575748059914517, 36.313019536532565 ], [ -121.575751766516092, 36.313199487661137 ], [ -121.575974761777957, 36.313196496325141 ], [ -121.575985883235589, 36.313736349612029 ], [ -121.575539889549788, 36.313742331906731 ], [ -121.575543595684238, 36.313922282981402 ], [ -121.575320598293374, 36.313925273508914 ], [ -121.575328009574122, 36.314285175631312 ], [ -121.575774006439957, 36.314279194136105 ], [ -121.575777713158317, 36.314459145165863 ], [ -121.576446709903351, 36.314450169738535 ], [ -121.576424460430403, 36.313370463470172 ], [ -121.576647456168374, 36.313367470858566 ] ] ] } },
{ "type": "Feature", "properties": { "area_ha": 0.43990230987502371, "count": 11, "min_ha": 0.2, "post_date": "2023-03-25" }, "geometry": { "type": "MultiPolygon", "coordinates": [ [ [ [ -121.577409205987706, 36.317857262272796 ], [ -121.57763221476921, 36.317854267792697 ], [ -121.577628503523343, 36.317674317104306 ], [ -121.577405495271847, 36.317677311584404 ], [ -121.577409205987706, 36.317857262272796 ] ] ], [ [ [ -121.57695947871494, 36.31768329925103 ], [ -121.576955769068078, 36.317503348535688 ], [ -121.576509753490328, 36.3175093345045 ], [ -121.576506044903482, 36.317329383753219 ], [ -121.576283037622161, 36.317332376095329 ], [ -121.576297869966325, 36.318052179019588 ], [ -121.576520879358682, 36.318049186650533 ], [ -121.576524588008425, 36.318229137338925 ], [ -121.576747597903847, 36.318226144538677 ], [ -121.576740179562321, 36.317866243170869 ], [ -121.576517170717935, 36.317869235953154 ], [ -121.57651346209515, 36.317689285237812 ], [ -121.57695947871494, 36.31768329925103 ] ] ], [ [ [ -121.577409205987706, 36.317857262272796 ], [ -121.577186197197207, 36.317860256321708 ], [ -121.577189907410016, 36.3180402070101 ], [ -121.577412916730509, 36.318037212943224 ], [ -121.577409205987706, 36.317857262272796 ] ] ], [ [ [ -121.57695947871494, 36.31768329925103 ], [ -121.576963188388746, 36.317863249957391 ], [ -121.577186197197207, 36.317860256321708 ], [ -121.577182487002375, 36.31768030563331 ], [ -121.57695947871494, 36.31768329925103 ] ] ] ] } },
{ "type": "Feature", "properties": { "area_ha": 0.4798936639181372, "count": 12, "min_ha": 0.2, "post_date": "2023-03-25" }, "geometry": { "type": "MultiPolygon", "coordinates": [ [ [ [ -121.578479690762208, 36.315682876778624 ], [ -121.578256688349754, 36.315685872866709 ], [ -121.57826411361728, 36.316045774512993 ], [ -121.5787101205173, 36.316039781878679 ], [ -121.578706406828019, 36.315859831073503 ], [ -121.5784834039125, 36.315862827601762 ], [ -121.578479690762208, 36.315682876778624 ] ] ], [ [ [ -121.578479690762208, 36.315682876778624 ], [ -121.578925695533215, 36.315676883326844 ], [ -121.578929409725561, 36.31585683413202 ], [ -121.579375415484705, 36.315850838973439 ], [ -121.579364269799527, 36.315310986539949 ], [ -121.578695265858983, 36.31531997858611 ], [ -121.578698979503343, 36.315499929427219 ], [ -121.578475977629878, 36.315502925937515 ], [ -121.578479690762208, 36.315682876778624 ] ] ] ] } },
{ "type": "Feature", "properties": { "area_ha": 1.799601979896774, "count": 45, "min_ha": 0.2, "post_date": "2023-03-25" }, "geometry": { "type": "Polygon", "coordinates": [ [ [ -121.580010973233811, 36.314222285539465 ], [ -121.580003539926366, 36.313862383704532 ], [ -121.579780542885842, 36.313865382685194 ], [ -121.57977682678009, 36.313685431736289 ], [ -121.579553830242617, 36.313688430294739 ], [ -121.579550114684835, 36.313508479318884 ], [ -121.579773110692301, 36.313505480769415 ], [ -121.579769394631469, 36.313325529793559 ], [ -121.579546399136035, 36.313328528334047 ], [ -121.579542683614193, 36.313148577331241 ], [ -121.579765678579619, 36.313145578799741 ], [ -121.579761962545732, 36.312965627787953 ], [ -121.579984956972154, 36.312962628834242 ], [ -121.579981240435217, 36.312782677813466 ], [ -121.579535252615415, 36.312788675280714 ], [ -121.579531537138479, 36.312608724232994 ], [ -121.579308543727151, 36.31261172232432 ], [ -121.579312258683061, 36.312791673381028 ], [ -121.579089264723748, 36.312794671050149 ], [ -121.579096693629452, 36.313154573127619 ], [ -121.578650703572848, 36.313160567235172 ], [ -121.57865441700163, 36.313340518264923 ], [ -121.578877412559933, 36.313337521422255 ], [ -121.578881126527691, 36.313517472425062 ], [ -121.579104122598039, 36.313514475151202 ], [ -121.579107837113767, 36.313694426136038 ], [ -121.578884840522406, 36.31369742341888 ], [ -121.578888554526102, 36.313877374394735 ], [ -121.578665557386756, 36.313880371264354 ], [ -121.578669270887389, 36.314060322231228 ], [ -121.578446273209053, 36.314063318687623 ], [ -121.578449986206635, 36.314243269645516 ], [ -121.578672984405998, 36.314240273189121 ], [ -121.578676697933588, 36.314420224120056 ], [ -121.578453699213199, 36.314423220585439 ], [ -121.578461125280228, 36.314783122429347 ], [ -121.578907124814066, 36.314777129049439 ], [ -121.578903410720542, 36.314597178145448 ], [ -121.579126409934986, 36.314594180826667 ], [ -121.579122695329417, 36.314414229922676 ], [ -121.579791691292925, 36.314405235442081 ], [ -121.579787975142253, 36.31422528453809 ], [ -121.580010973233811, 36.314222285539465 ] ] ] } },
{ "type": "Feature", "properties": { "area_ha": 0.3998732638823464, "count": 10, "min_ha": 0.2, "post_date": "2023-03-25" }, "geometry": { "type": "Polygon", "coordinates": [ [ [ -121.587986893853582, 36.741398640579646 ], [ -121.587975624721906, 36.74085888187637 ], [ -121.587302879450917, 36.740867921389516 ], [ -121.587306634220155, 36.741047840987221 ], [ -121.586858136219988, 36.741053865206297 ], [ -121.586861889947187, 36.741233784812977 ], [ -121.587534638506014, 36.741224747815117 ], [ -121.587538393850181, 36.741404667385872 ], [ -121.587986893853582, 36.741398640579646 ] ] ] } },
{ "type": "Feature", "properties": { "area_ha": 1.639634663462757, "count": 41, "min_ha": 0.2, "post_date": "2023-03-25" }, "geometry": { "type": "MultiPolygon", "coordinates": [ [ [ [ -121.580832430099534, 36.32159125947345 ], [ -121.580843587058581, 36.322131110182177 ], [ -121.581289629244424, 36.322125107783179 ], [ -121.581278469132286, 36.321585257110385 ], [ -121.580832430099534, 36.32159125947345 ] ] ], [ [ [ -121.578587379154555, 36.320901444460347 ], [ -121.578141343894728, 36.320907436609566 ], [ -121.578148769117334, 36.321267337393472 ], [ -121.578371787807257, 36.321264341511998 ], [ -121.578368074656964, 36.321084391138015 ], [ -121.578591092807898, 36.321081394843318 ], [ -121.578587379154555, 36.320901444460347 ] ] ], [ [ [ -121.578810396757518, 36.320898447752427 ], [ -121.578814110931887, 36.32107839812641 ], [ -121.579260147134946, 36.321072403416991 ], [ -121.579256431909542, 36.320892453060971 ], [ -121.579479449458617, 36.320889455077442 ], [ -121.579486880978408, 36.321249355771513 ], [ -121.579263862378312, 36.321252353764024 ], [ -121.579267577648636, 36.321432304102075 ], [ -121.579936634967069, 36.321423308821977 ], [ -121.579940351818422, 36.321603259124096 ], [ -121.580163371415651, 36.321600259846996 ], [ -121.58015965403429, 36.321420309553858 ], [ -121.580605692123811, 36.321414309742011 ], [ -121.580609410556207, 36.321594260017179 ], [ -121.580832430099534, 36.32159125947345 ], [ -121.58082499221068, 36.321231358923107 ], [ -121.580601973718373, 36.321234359448873 ], [ -121.580590818591887, 36.320694508488614 ], [ -121.580367801653679, 36.320697508583187 ], [ -121.580364083841133, 36.320517558218185 ], [ -121.579472018001695, 36.320529554320487 ], [ -121.579475733721168, 36.32070950471244 ], [ -121.579029699656104, 36.320715500230342 ], [ -121.579033414342518, 36.320895450613314 ], [ -121.578810396757518, 36.320898447752427 ] ], [ [ -121.579925484511833, 36.320883457843756 ], [ -121.579921767723363, 36.320703507487735 ], [ -121.579698750731254, 36.320706506315688 ], [ -121.579702466989716, 36.320886456671701 ], [ -121.579925484511833, 36.320883457843756 ] ] ], [ [ [ -121.578587379154555, 36.320901444460347 ], [ -121.578810396757518, 36.320898447752427 ], [ -121.578806682592131, 36.320718497360474 ], [ -121.57858366551018, 36.320721494068394 ], [ -121.578587379154555, 36.320901444460347 ] ] ] ] } },
{ "type": "Feature", "properties": { "area_ha": 0.63985712137006445, "count": 16, "min_ha": 0.2, "post_date": "2023-03-25" }, "geometry": { "type": "MultiPolygon", "coordinates": [ [ [ [ -121.581750555939593, 36.322838904310935 ], [ -121.581761719555161, 36.323378754624407 ], [ -121.58220776894548, 36.323372748739942 ], [ -121.582211491231647, 36.323552698799517 ], [ -121.582657541601137, 36.323546691208257 ], [ -121.5826612649563, 36.323726641240881 ], [ -121.582884290635107, 36.323723636798469 ], [ -121.582888014538241, 36.323903586804143 ], [ -121.583111040720112, 36.323900581939519 ], [ -121.583107316295965, 36.323720631933838 ], [ -121.583330341938847, 36.32371762664701 ], [ -121.58332661701165, 36.32353767664133 ], [ -121.583103591889781, 36.323540681919184 ], [ -121.583099867501559, 36.323360731886559 ], [ -121.582430793609205, 36.323369745159908 ], [ -121.582427070811008, 36.323189795091352 ], [ -121.581981022507648, 36.323195801811245 ], [ -121.581973579067196, 36.322835901602268 ], [ -121.581750555939593, 36.322838904310935 ] ] ], [ [ [ -121.581746834767344, 36.322658954179495 ], [ -121.581969857364939, 36.322655951470828 ], [ -121.58196613568964, 36.322476001330408 ], [ -121.581743113613058, 36.322479004030093 ], [ -121.581746834767344, 36.322658954179495 ] ] ], [ [ [ -121.581523812142791, 36.322661956456976 ], [ -121.581520091509532, 36.322482006298586 ], [ -121.581297069397024, 36.322485008153855 ], [ -121.581300789509271, 36.322664958321226 ], [ -121.581523812142791, 36.322661956456976 ] ] ], [ [ [ -121.581746834767344, 36.322658954179495 ], [ -121.581523812142791, 36.322661956456976 ], [ -121.581527532794027, 36.322841906597397 ], [ -121.581750555939593, 36.322838904310935 ], [ -121.581746834767344, 36.322658954179495 ] ] ] ] } },
{ "type": "Feature", "properties": { "area_ha": 1.2396413964506217, "count": 31, "min_ha": 0.2, "post_date": "2023-03-25" }, "geometry": { "type": "Polygon", "coordinates": [ [ [ -121.592142050472646, 36.618420422799055 ], [ -121.592130770094059, 36.617880640586868 ], [ -121.591906883802238, 36.617883662205074 ], [ -121.591903124235998, 36.61770373476508 ], [ -121.591455352658485, 36.617709776707919 ], [ -121.591451594170223, 36.617529849240974 ], [ -121.591227708884531, 36.617532869565601 ], [ -121.591223950944226, 36.617352942089674 ], [ -121.591000066161584, 36.617355961983115 ], [ -121.590992551385924, 36.616996106968379 ], [ -121.590768667654316, 36.616999126421639 ], [ -121.590764910818947, 36.616819198891818 ], [ -121.590541027599372, 36.616822217913892 ], [ -121.590552296560375, 36.617362000494388 ], [ -121.590776181369961, 36.617358981445363 ], [ -121.590787452082679, 36.617898763900094 ], [ -121.591011338464327, 36.617895744410895 ], [ -121.591018853419641, 36.618255599299872 ], [ -121.591242740834346, 36.618252579370498 ], [ -121.591246498864479, 36.61843250679253 ], [ -121.591470386800211, 36.618429486431964 ], [ -121.591474145378299, 36.618609413827045 ], [ -121.591921922237901, 36.618603371821322 ], [ -121.591918162599796, 36.61842344443523 ], [ -121.592142050472646, 36.618420422799055 ] ] ] } },
{ "type": "Feature", "properties": { "area_ha": 0.39986921841435485, "count": 10, "min_ha": 0.2, "post_date": "2023-03-25" }, "geometry": { "type": "MultiPolygon", "coordinates": [ [ [ [ -121.595201706383506, 36.785933746558591 ], [ -121.595197930710469, 36.785753829916345 ], [ -121.594524789003955, 36.785762910410632 ], [ -121.594528563086982, 36.785942827061859 ], [ -121.595201706383506, 36.785933746558591 ] ] ], [ [ [ -121.595201706383506, 36.785933746558591 ], [ -121.595205482074505, 36.786113663182867 ], [ -121.594981100460629, 36.786116690451479 ], [ -121.594984875639597, 36.786296607075755 ], [ -121.595433639909402, 36.786290552098365 ], [ -121.595441192441243, 36.78665038527506 ], [ -121.595665575609203, 36.786647357135081 ], [ -121.595650468488358, 36.785927690754747 ], [ -121.595201706383506, 36.785933746558591 ] ] ] ] } },
{ "type": "Feature", "properties": { "area_ha": 0.27991062596069194, "count": 7, "min_ha": 0.2, "post_date": "2023-03-25" }, "geometry": { "type": "Polygon", "coordinates": [ [ [ -121.595381770106911, 36.751737282346681 ], [ -121.595377995709484, 36.751557363665263 ], [ -121.595153716045402, 36.751560391293197 ], [ -121.595149942195945, 36.751380472584827 ], [ -121.594925663052905, 36.751383499790549 ], [ -121.594921889751419, 36.75120358106421 ], [ -121.594473332471424, 36.751209634173108 ], [ -121.594477104712894, 36.751389552908428 ], [ -121.594701383891888, 36.751386526556104 ], [ -121.594708929497727, 36.75174636398183 ], [ -121.595381770106911, 36.751737282346681 ] ] ] } },
{ "type": "Feature", "properties": { "area_ha": 0.23992336147965701, "count": 6, "min_ha": 0.2, "post_date": "2023-03-25" }, "geometry": { "type": "Polygon", "coordinates": [ [ [ -121.59629399694407, 36.752444842060065 ], [ -121.596286443774417, 36.752085004822987 ], [ -121.59606216259219, 36.752088034175692 ], [ -121.596058386568799, 36.751908115530199 ], [ -121.595609825228422, 36.751914172951011 ], [ -121.595617375173134, 36.752274010250972 ], [ -121.596065938642511, 36.752267952803209 ], [ -121.596069714710808, 36.752447871430732 ], [ -121.59629399694407, 36.752444842060065 ] ] ] } },
{ "type": "Feature", "properties": { "area_ha": 0.47989231798320253, "count": 12, "min_ha": 0.2, "post_date": "2023-03-25" }, "geometry": { "type": "Polygon", "coordinates": [ [ [ -121.588999434166126, 36.328141098030954 ], [ -121.588995695683337, 36.32796114856427 ], [ -121.588772657886253, 36.327964164603941 ], [ -121.588768919951434, 36.327784215119287 ], [ -121.588545882657399, 36.327787230718776 ], [ -121.588549620080173, 36.327967180212418 ], [ -121.588326582247149, 36.327970195398684 ], [ -121.588322845354384, 36.327790245896068 ], [ -121.587876770694436, 36.32779627498401 ], [ -121.587895450082797, 36.32869602239829 ], [ -121.588118490044835, 36.328693008029489 ], [ -121.588111017184559, 36.328333109123065 ], [ -121.58833405608658, 36.328330094350022 ], [ -121.588330319157876, 36.328150144883338 ], [ -121.588999434166126, 36.328141098030954 ] ] ] } },
{ "type": "Feature", "properties": { "area_ha": 6.4781219387724125, "count": 162, "min_ha": 0.2, "post_date": "2023-03-25" }, "geometry": { "type": "Polygon", "coordinates": [ [ [ -121.595777016381277, 36.620890999488189 ], [ -121.595754403530805, 36.619811436662815 ], [ -121.595530511714358, 36.619814465144152 ], [ -121.595534279949334, 36.619994392323633 ], [ -121.595310387584917, 36.619997420391741 ], [ -121.595314155307861, 36.62017734756224 ], [ -121.595090262395473, 36.620180375217124 ], [ -121.595094029606372, 36.620360302387624 ], [ -121.594870136146014, 36.620363329620304 ], [ -121.594866369465109, 36.620183402449804 ], [ -121.594194690566226, 36.620192481578648 ], [ -121.594190925484327, 36.620012554372217 ], [ -121.593743140521923, 36.620018604992779 ], [ -121.593739376518002, 36.619838677759397 ], [ -121.593067700529659, 36.619847750483252 ], [ -121.593063938124743, 36.619667823213938 ], [ -121.592616155093708, 36.619673869558518 ], [ -121.592612393766771, 36.619493942262253 ], [ -121.592388502758794, 36.619496964787757 ], [ -121.592384741979828, 36.61931703748251 ], [ -121.591936960961021, 36.619323081239948 ], [ -121.591933201251052, 36.61914315390775 ], [ -121.591709311240209, 36.619146175139676 ], [ -121.591713070420184, 36.619326102489843 ], [ -121.591489179870365, 36.619329123308546 ], [ -121.591496697224187, 36.619688977972942 ], [ -121.591272805587394, 36.619691998378421 ], [ -121.591280321953079, 36.620051853006885 ], [ -121.591504214640892, 36.620048832583436 ], [ -121.591507973380686, 36.620228759879701 ], [ -121.591955759753446, 36.620222717739232 ], [ -121.591959519571219, 36.620402645008554 ], [ -121.592183413256166, 36.620399623291533 ], [ -121.592187173621909, 36.620579550533897 ], [ -121.592634962006898, 36.620573505824247 ], [ -121.59264248488536, 36.620933360246099 ], [ -121.59286638011541, 36.620930337244488 ], [ -121.592873904125753, 36.621290191603457 ], [ -121.593097800388861, 36.621287168152683 ], [ -121.593101562955482, 36.621467095314202 ], [ -121.593325459721655, 36.621464071432243 ], [ -121.593329222836246, 36.62164399856681 ], [ -121.59355312011445, 36.62164097426264 ], [ -121.593556883768031, 36.621820901379245 ], [ -121.594004679339534, 36.621814851468351 ], [ -121.594008444071093, 36.621994778558005 ], [ -121.594456240630748, 36.621988726940309 ], [ -121.594460006431305, 36.622168654003012 ], [ -121.594907803979112, 36.62216260066954 ], [ -121.594904037118553, 36.621982673615818 ], [ -121.595127935331007, 36.621979646320263 ], [ -121.595124167958403, 36.621799719266541 ], [ -121.595348065622872, 36.621796691548774 ], [ -121.595336762022839, 36.62125691033372 ], [ -121.595560658088331, 36.621253882211711 ], [ -121.595553121393777, 36.620894028023422 ], [ -121.595777016381277, 36.620890999488189 ] ] ] } },
{ "type": "Feature", "properties": { "area_ha": 0.27993734921014102, "count": 7, "min_ha": 0.2, "post_date": "2023-03-25" }, "geometry": { "type": "Polygon", "coordinates": [ [ [ -121.59006599249436, 36.325786667731897 ], [ -121.590062251613062, 36.325606718112496 ], [ -121.589839220724016, 36.325609736164388 ], [ -121.589835480390704, 36.325429786518036 ], [ -121.589166389196805, 36.325438838140471 ], [ -121.589170127958056, 36.325618787813767 ], [ -121.589393158901004, 36.325615771019514 ], [ -121.589396898201258, 36.325795720665866 ], [ -121.58961992964727, 36.32579270344042 ], [ -121.589623669495495, 36.325972653068803 ], [ -121.589846701453538, 36.325969635421153 ], [ -121.589842961075306, 36.325789685801752 ], [ -121.59006599249436, 36.325786667731897 ] ] ] } },
{ "type": "Feature", "properties": { "area_ha": 1.3995942690528624, "count": 35, "min_ha": 0.2, "post_date": "2023-03-25" }, "geometry": { "type": "MultiPolygon", "coordinates": [ [ [ [ -121.596680138155222, 36.621238735241597 ], [ -121.59645624217957, 36.621241765483632 ], [ -121.596463783177057, 36.621601619573099 ], [ -121.596239886123428, 36.621604649410891 ], [ -121.596247426141744, 36.621964503464433 ], [ -121.596919120419784, 36.621955412648504 ], [ -121.596915348816111, 36.621775485648683 ], [ -121.597139246345847, 36.621772454535282 ], [ -121.597135474230143, 36.621592527526481 ], [ -121.596911577230415, 36.621595558630894 ], [ -121.596907805662681, 36.621415631613111 ], [ -121.596683909174985, 36.621418662286331 ], [ -121.596680138155222, 36.621238735241597 ] ] ], [ [ [ -121.596680138155222, 36.621238735241597 ], [ -121.59690403411291, 36.621235704577359 ], [ -121.596896491067255, 36.620875850469915 ], [ -121.597120385955947, 36.620872819383472 ], [ -121.597112841922154, 36.620512965240096 ], [ -121.597336735732867, 36.620509933749403 ], [ -121.597332963212921, 36.620330006668738 ], [ -121.597556856475663, 36.620326974755841 ], [ -121.597564402584553, 36.62068682889921 ], [ -121.597788296889334, 36.62068379655512 ], [ -121.59777697616741, 36.62014401534006 ], [ -121.598000868864219, 36.620140982591728 ], [ -121.597993320752067, 36.619781128403446 ], [ -121.597769429106307, 36.619784161142789 ], [ -121.597758108653878, 36.619244379748075 ], [ -121.597534218580151, 36.619247412038263 ], [ -121.597537991522316, 36.6194273391908 ], [ -121.597314100900618, 36.619430371058783 ], [ -121.597321645769838, 36.619790225336899 ], [ -121.597097754079158, 36.619793256800641 ], [ -121.597109069932216, 36.620333038150441 ], [ -121.596885176633549, 36.620336069209941 ], [ -121.596892719571386, 36.620695923389249 ], [ -121.596668825203722, 36.620698954044506 ], [ -121.596680138155222, 36.621238735241597 ] ] ] ] } },
{ "type": "Feature", "properties": { "area_ha": 0.31990749046516015, "count": 8, "min_ha": 0.2, "post_date": "2023-03-25" }, "geometry": { "type": "Polygon", "coordinates": [ [ [ -121.597727921559269, 36.617804962150508 ], [ -121.597724148248801, 36.617625034890175 ], [ -121.597500262936151, 36.617628067117479 ], [ -121.597488944702562, 36.61708828525564 ], [ -121.597041177185432, 36.617094348398716 ], [ -121.597052492247968, 36.617634130305476 ], [ -121.597276377596557, 36.61763109892258 ], [ -121.597280149847009, 36.617811026191895 ], [ -121.597727921559269, 36.617804962150508 ] ] ] } },
{ "type": "Feature", "properties": { "area_ha": 0.39991331180859691, "count": 10, "min_ha": 0.2, "post_date": "2023-03-25" }, "geometry": { "type": "MultiPolygon", "coordinates": [ [ [ [ -121.592309820796302, 36.294255993696396 ], [ -121.592306076178019, 36.294076041480871 ], [ -121.592083137276461, 36.294079063844677 ], [ -121.592075649153813, 36.293719159368699 ], [ -121.591629773380873, 36.29372520280274 ], [ -121.59163351639117, 36.293905155063186 ], [ -121.591410577956736, 36.293908176151383 ], [ -121.591414320454987, 36.294088128402848 ], [ -121.591637259410447, 36.294085107305662 ], [ -121.591641002447702, 36.294265059539164 ], [ -121.591863941915193, 36.294262038010785 ], [ -121.591867685500418, 36.294441990217337 ], [ -121.592090625470973, 36.294438968266753 ], [ -121.592086881364736, 36.294259016069191 ], [ -121.592309820796302, 36.294255993696396 ] ] ], [ [ [ -121.592309820796302, 36.294255993696396 ], [ -121.592313565423567, 36.294435945884977 ], [ -121.592536505358183, 36.294432923089985 ], [ -121.592532760200925, 36.294252970901404 ], [ -121.592309820796302, 36.294255993696396 ] ] ] ] } },
{ "type": "Feature", "properties": { "area_ha": 0.23992462992317146, "count": 6, "min_ha": 0.2, "post_date": "2023-03-25" }, "geometry": { "type": "Polygon", "coordinates": [ [ [ -121.602077365556454, 36.728790439194626 ], [ -121.602069787386682, 36.728430599415312 ], [ -121.60139715369543, 36.728439719201909 ], [ -121.601404728685168, 36.728799559026136 ], [ -121.602077365556454, 36.728790439194626 ] ] ] } },
{ "type": "Feature", "properties": { "area_ha": 1.2795463153955153, "count": 32, "min_ha": 0.2, "post_date": "2023-03-25" }, "geometry": { "type": "MultiPolygon", "coordinates": [ [ [ [ -121.607433415496587, 36.907963966389786 ], [ -121.607882898167091, 36.907957864394575 ], [ -121.607879086363809, 36.907777954992746 ], [ -121.607429604762302, 36.907784056969994 ], [ -121.607433415496587, 36.907963966389786 ] ] ], [ [ [ -121.607433415496587, 36.907963966389786 ], [ -121.606534449957962, 36.907976165259818 ], [ -121.60653825858121, 36.908156074697573 ], [ -121.60631351662613, 36.90815912335507 ], [ -121.606309708523909, 36.907979213917308 ], [ -121.605635484131881, 36.907988357311631 ], [ -121.605643097138326, 36.90834817623206 ], [ -121.605418354572379, 36.908351223191744 ], [ -121.605422160572544, 36.90853113263848 ], [ -121.605646903668486, 36.908528085678803 ], [ -121.605650710216622, 36.908707995116558 ], [ -121.605425966590673, 36.908711042085223 ], [ -121.605429772617782, 36.908890951522977 ], [ -121.605205028434881, 36.908893998078419 ], [ -121.605208833958926, 36.909073907507192 ], [ -121.605658323375778, 36.909067813956142 ], [ -121.605662129977816, 36.909247723366946 ], [ -121.605886875193775, 36.909244675940144 ], [ -121.605883068052762, 36.909064766538322 ], [ -121.606107812720751, 36.90906171869829 ], [ -121.606100197432596, 36.908701899885656 ], [ -121.606324941013639, 36.908698851632408 ], [ -121.606321132866498, 36.908518942212616 ], [ -121.606545875890575, 36.908515893546138 ], [ -121.606542067231402, 36.908335984126346 ], [ -121.606766809707509, 36.908332935037656 ], [ -121.606770618905671, 36.908512844448467 ], [ -121.606995361893823, 36.908509794919603 ], [ -121.606991552165653, 36.90832988551778 ], [ -121.607216294605834, 36.908326835566712 ], [ -121.607212484365618, 36.908146926164889 ], [ -121.607437226257829, 36.90814387580059 ], [ -121.607433415496587, 36.907963966389786 ] ], [ [ -121.60631351662613, 36.90815912335507 ], [ -121.606088774644093, 36.908162171590355 ], [ -121.606092582216306, 36.90834208102811 ], [ -121.606317324737333, 36.908339032792824 ], [ -121.60631351662613, 36.90815912335507 ] ] ] ] } },
{ "type": "Feature", "properties": { "area_ha": 3.5992183090422825, "count": 90, "min_ha": 0.2, "post_date": "2023-03-25" }, "geometry": { "type": "Polygon", "coordinates": [ [ [ -121.602598934776594, 36.295736073544283 ], [ -121.602591397031006, 36.295376170020525 ], [ -121.602368454742802, 36.295379211904716 ], [ -121.602364686426967, 36.295199260111396 ], [ -121.602141744641813, 36.295202301564402 ], [ -121.602137976864967, 36.295022349753118 ], [ -121.601692094300759, 36.295028431383521 ], [ -121.601695861035566, 36.295208383203793 ], [ -121.601918802847663, 36.295205342604184 ], [ -121.601922570121459, 36.295385294406493 ], [ -121.601699627779354, 36.295388335024064 ], [ -121.601703394550086, 36.295568286817385 ], [ -121.601257508769919, 36.295574366794895 ], [ -121.601253743050208, 36.295394414983605 ], [ -121.6010308006542, 36.295397454325574 ], [ -121.601027035482474, 36.295217502496314 ], [ -121.600804093598498, 36.29522054140709 ], [ -121.600800328965761, 36.295040589550887 ], [ -121.60035444618596, 36.29504666609683 ], [ -121.600361973376337, 36.2954065698272 ], [ -121.600139030908466, 36.295409607480337 ], [ -121.600142794005095, 36.295589559318572 ], [ -121.600365736993993, 36.295586521665442 ], [ -121.600369500638593, 36.295766473485713 ], [ -121.600146557119686, 36.295769511156813 ], [ -121.60015032025224, 36.295949462968103 ], [ -121.599481488042628, 36.295958573448154 ], [ -121.599485249621097, 36.296138525268425 ], [ -121.598816415677746, 36.296147631966562 ], [ -121.598812655671324, 36.295967680119347 ], [ -121.59858971151462, 36.295970714834986 ], [ -121.598585952047188, 36.295790762969801 ], [ -121.598363008393534, 36.295793797254248 ], [ -121.598366767330958, 36.29597374911944 ], [ -121.598143823138315, 36.295976782981683 ], [ -121.598136306323482, 36.295616879215373 ], [ -121.597913363163897, 36.295619912646423 ], [ -121.597909605304451, 36.295439960727336 ], [ -121.597686662647931, 36.2954429937272 ], [ -121.597701692082481, 36.296162801322694 ], [ -121.59814758157269, 36.296156734846868 ], [ -121.598151340025012, 36.29633668669409 ], [ -121.59837428526869, 36.296333652813878 ], [ -121.598378044260016, 36.296513604643138 ], [ -121.59860099000673, 36.296510570331733 ], [ -121.598604749546027, 36.296690522134043 ], [ -121.59927358825945, 36.296681416648624 ], [ -121.599269827148092, 36.296501464864285 ], [ -121.599715718488838, 36.296495392441614 ], [ -121.599711956353403, 36.296315440657274 ], [ -121.599934901471315, 36.296312403812621 ], [ -121.599931138823848, 36.296132452028282 ], [ -121.600377027963717, 36.296126377090324 ], [ -121.600380791653222, 36.296306328865683 ], [ -121.600603736726214, 36.296303290754409 ], [ -121.600607500954709, 36.296483242511798 ], [ -121.601722228637314, 36.296468045577392 ], [ -121.601718461785737, 36.296288093855928 ], [ -121.602164351689169, 36.296282012135691 ], [ -121.602156815937846, 36.295922108674809 ], [ -121.602379759816074, 36.295919067194859 ], [ -121.602375991437356, 36.295739115446452 ], [ -121.602598934776594, 36.295736073544283 ] ], [ [ -121.601937639387302, 36.296105101480968 ], [ -121.601933872041641, 36.295925149732561 ], [ -121.601710928127488, 36.295928190368102 ], [ -121.601714694952108, 36.296108142116509 ], [ -121.601937639387302, 36.296105101480968 ] ] ] } },
{ "type": "Feature", "properties": { "area_ha": 0.39986969559591368, "count": 10, "min_ha": 0.2, "post_date": "2023-03-25" }, "geometry": { "type": "MultiPolygon", "coordinates": [ [ [ [ -121.609018089094562, 36.781247316470896 ], [ -121.609010472845213, 36.780887483518782 ], [ -121.608786107203372, 36.780890536991251 ], [ -121.608774684549616, 36.780350787450786 ], [ -121.608550320488817, 36.78035384048308 ], [ -121.608546513500514, 36.78017392393965 ], [ -121.608322149960742, 36.780176976531763 ], [ -121.608333569371581, 36.780716726135111 ], [ -121.608557934519339, 36.780713673525028 ], [ -121.608565548612745, 36.781073506531037 ], [ -121.608789914793562, 36.781070453471798 ], [ -121.6087937224017, 36.781250369952346 ], [ -121.609018089094562, 36.781247316470896 ] ] ], [ [ [ -121.609018089094562, 36.781247316470896 ], [ -121.609021897250685, 36.781427232933481 ], [ -121.609246264464559, 36.781424179011857 ], [ -121.609242455778443, 36.781244262558261 ], [ -121.609018089094562, 36.781247316470896 ] ] ] ] } },
{ "type": "Feature", "properties": { "area_ha": 0.87974622854008355, "count": 22, "min_ha": 0.2, "post_date": "2023-03-25" }, "geometry": { "type": "MultiPolygon", "coordinates": [ [ [ [ -121.611991859641307, 36.61455125782237 ], [ -121.612663486671465, 36.61454207734559 ], [ -121.612655869865151, 36.614182223336968 ], [ -121.613327493571546, 36.6141730390693 ], [ -121.613323683609821, 36.61399311206948 ], [ -121.61377143159757, 36.61398698712231 ], [ -121.613767620593791, 36.61380706012249 ], [ -121.613991494030699, 36.613803997011104 ], [ -121.61398768252387, 36.613624070011284 ], [ -121.614211555412822, 36.613621006486667 ], [ -121.614207743393948, 36.613441079477866 ], [ -121.613759998649115, 36.613447206086917 ], [ -121.613763809607974, 36.6136271331047 ], [ -121.613316063740243, 36.613633258033907 ], [ -121.613319873666043, 36.613813185060678 ], [ -121.612872126657464, 36.613819308292065 ], [ -121.612875935550193, 36.613999235327817 ], [ -121.612428187418715, 36.614005356879353 ], [ -121.612431995260422, 36.614185283906124 ], [ -121.612208120637732, 36.614188344053069 ], [ -121.612211927976389, 36.61436827107984 ], [ -121.611988052814695, 36.61437133080458 ], [ -121.611991859641307, 36.61455125782237 ] ] ], [ [ [ -121.611331648276021, 36.615100215525686 ], [ -121.611107770922445, 36.615103273579557 ], [ -121.611111575709884, 36.615283200579377 ], [ -121.611335453593469, 36.615280142516518 ], [ -121.611331648276021, 36.615100215525686 ] ] ], [ [ [ -121.611991859641307, 36.61455125782237 ], [ -121.611767983922675, 36.61455431713388 ], [ -121.611771790246223, 36.614734244142689 ], [ -121.611995666485896, 36.614731184831172 ], [ -121.611991859641307, 36.61455125782237 ] ] ], [ [ [ -121.611771790246223, 36.614734244142689 ], [ -121.611547913979621, 36.614737303040975 ], [ -121.611551719791123, 36.614917230049784 ], [ -121.611775596578767, 36.614914171142509 ], [ -121.611771790246223, 36.614734244142689 ] ] ], [ [ [ -121.611551719791123, 36.614917230049784 ], [ -121.61132784297655, 36.614920288516878 ], [ -121.611331648276021, 36.615100215525686 ], [ -121.611555525611635, 36.615097157040616 ], [ -121.611551719791123, 36.614917230049784 ] ] ] ] } },
{ "type": "Feature", "properties": { "area_ha": 0.67985232472684343, "count": 17, "min_ha": 0.2, "post_date": "2023-03-25" }, "geometry": { "type": "Polygon", "coordinates": [ [ [ -121.605512299450552, 36.296416296867804 ], [ -121.605500972215836, 36.295876442008861 ], [ -121.605055084944468, 36.295882536404328 ], [ -121.605058859620385, 36.29606248805392 ], [ -121.604835915436723, 36.296065534618343 ], [ -121.604832141281832, 36.295885582959762 ], [ -121.604386253902675, 36.295891674812999 ], [ -121.6043824808078, 36.295711723127475 ], [ -121.603713651176349, 36.29572085770932 ], [ -121.603721194230971, 36.296080761107319 ], [ -121.604612971226118, 36.296068580760554 ], [ -121.604616744877944, 36.296248532410146 ], [ -121.604839689609577, 36.296245486258947 ], [ -121.604843463800393, 36.296425437881588 ], [ -121.605512299450552, 36.296416296867804 ] ] ] } },
{ "type": "Feature", "properties": { "area_ha": 2.7191904100271422, "count": 68, "min_ha": 0.2, "post_date": "2023-03-25" }, "geometry": { "type": "Polygon", "coordinates": [ [ [ -121.615988595296756, 36.655171552029401 ], [ -121.615984776989677, 36.654991627868256 ], [ -121.615760782558681, 36.654994694707653 ], [ -121.615756964799559, 36.654814770528546 ], [ -121.613965012890887, 36.654839289900494 ], [ -121.613972639955961, 36.655199138357531 ], [ -121.61374864482427, 36.65520220137909 ], [ -121.613767710146831, 36.656101822355488 ], [ -121.613543712356133, 36.656104884990768 ], [ -121.613558962821145, 36.656824581581446 ], [ -121.614006962615662, 36.656818455834781 ], [ -121.614003148916936, 36.656638531718549 ], [ -121.614227148261719, 36.656635468211903 ], [ -121.614219519849172, 36.656275619961477 ], [ -121.614443518115991, 36.656272556041607 ], [ -121.614439703411151, 36.656092631907413 ], [ -121.615111696513765, 36.65608343763251 ], [ -121.615107880245858, 36.655903513507305 ], [ -121.615331877380797, 36.655900447907577 ], [ -121.615328060591864, 36.655720523773383 ], [ -121.615552057178832, 36.655717457751457 ], [ -121.615548239886849, 36.655537533608275 ], [ -121.615772235925832, 36.655534467173119 ], [ -121.61576460032677, 36.65517461887778 ], [ -121.615988595296756, 36.655171552029401 ] ] ] } },
{ "type": "Feature", "properties": { "area_ha": 0.91973505319473092, "count": 23, "min_ha": 0.2, "post_date": "2023-03-25" }, "geometry": { "type": "MultiPolygon", "coordinates": [ [ [ [ -121.616856027696173, 36.611605014189173 ], [ -121.616632160834925, 36.611608082735373 ], [ -121.616635978495211, 36.611788009789088 ], [ -121.616412111085992, 36.611791077913075 ], [ -121.616415928225265, 36.611971004966797 ], [ -121.616192060268062, 36.611974072677562 ], [ -121.616195876904285, 36.612153999722295 ], [ -121.615972008408093, 36.612157067019837 ], [ -121.615975824532271, 36.612336994055589 ], [ -121.615751955479126, 36.612340060930919 ], [ -121.615755771091273, 36.612519987966671 ], [ -121.615308031889043, 36.612526120450703 ], [ -121.615311846459136, 36.612706047495443 ], [ -121.615087976301055, 36.612709113104145 ], [ -121.615095604444107, 36.613068967157687 ], [ -121.614647861963036, 36.613075097135422 ], [ -121.614651675005987, 36.613255024153212 ], [ -121.615323290295166, 36.613245828530836 ], [ -121.61531947566219, 36.613065901531016 ], [ -121.61554334686231, 36.61306283548214 ], [ -121.615539531726284, 36.612882908473331 ], [ -121.61576340237842, 36.612879842002243 ], [ -121.615759586721367, 36.612699914993442 ], [ -121.615983456834527, 36.612696848100143 ], [ -121.615979640674411, 36.612516921091341 ], [ -121.616427379768837, 36.612510786056092 ], [ -121.616423562575676, 36.612330859038302 ], [ -121.616647431565923, 36.61232779088737 ], [ -121.616639796164492, 36.611967936833828 ], [ -121.616863664085756, 36.611964868278648 ], [ -121.616856027696173, 36.611605014189173 ] ] ], [ [ [ -121.616856027696173, 36.611605014189173 ], [ -121.617079894548439, 36.611601945220769 ], [ -121.6170760758461, 36.611422018158066 ], [ -121.616852209532823, 36.61142508712647 ], [ -121.616856027696173, 36.611605014189173 ] ] ] ] } },
{ "type": "Feature", "properties": { "area_ha": 6.5581168211164771, "count": 164, "min_ha": 0.2, "post_date": "2023-03-25" }, "geometry": { "type": "MultiPolygon", "coordinates": [ [ [ [ -121.624580100694288, 36.60627946473889 ], [ -121.625027802445743, 36.6062732970409 ], [ -121.625023965256077, 36.606093369879382 ], [ -121.624576264555643, 36.606099537559409 ], [ -121.624580100694288, 36.60627946473889 ] ] ], [ [ [ -121.623692365057906, 36.606651649400398 ], [ -121.623020808895845, 36.606660892705342 ], [ -121.623024641387332, 36.606840819893812 ], [ -121.622800788773361, 36.606843900145059 ], [ -121.622804620752802, 36.607023827333521 ], [ -121.622580767581866, 36.607026907171544 ], [ -121.622584599058257, 36.607206834351025 ], [ -121.622360745348345, 36.607209913775819 ], [ -121.622364576303696, 36.607389840946318 ], [ -121.622140722045813, 36.607392919948907 ], [ -121.622144552498114, 36.607572847119407 ], [ -121.621920697692261, 36.607575925699784 ], [ -121.621928357599728, 36.60793578001384 ], [ -121.621704501715897, 36.607938858189975 ], [ -121.621708331162083, 36.608118785333524 ], [ -121.621260618298464, 36.608124940428155 ], [ -121.621268275133701, 36.608484794706271 ], [ -121.621044417614925, 36.608487871624767 ], [ -121.621048245533984, 36.608667798759335 ], [ -121.620824387467238, 36.608670875255619 ], [ -121.620828214874251, 36.608850802381205 ], [ -121.620380497635836, 36.608856954134104 ], [ -121.620388150383747, 36.609216808367307 ], [ -121.620612010076442, 36.609213732688488 ], [ -121.620608183154516, 36.609033805589853 ], [ -121.621503619607637, 36.609021498661477 ], [ -121.621507448640614, 36.609201425742143 ], [ -121.621731308234487, 36.609198347943305 ], [ -121.621735137806439, 36.60937827499702 ], [ -121.622182858000315, 36.60937211810576 ], [ -121.62218668865026, 36.609552045141513 ], [ -121.622410549250247, 36.609548966049097 ], [ -121.622414380448149, 36.609728893066887 ], [ -121.622638241560182, 36.609725813543278 ], [ -121.622642073306068, 36.60990574053411 ], [ -121.623089796518286, 36.609899580202303 ], [ -121.623093629342137, 36.610079507166191 ], [ -121.623541353542493, 36.610073345127589 ], [ -121.623529851971739, 36.609533564235925 ], [ -121.623753712463937, 36.609530482601272 ], [ -121.623742209473846, 36.608990701619774 ], [ -121.623966068358058, 36.608987619580887 ], [ -121.623935390280252, 36.607548203133163 ], [ -121.623711535627095, 36.607551285118156 ], [ -121.623700033229895, 36.607011503723434 ], [ -121.623476180139818, 36.607014585268253 ], [ -121.623472346570352, 36.606834658097753 ], [ -121.623696199130421, 36.606831576570897 ], [ -121.623692365057906, 36.606651649400398 ] ] ], [ [ [ -121.624580100694288, 36.60627946473889 ], [ -121.624132398861974, 36.606285630730085 ], [ -121.624136233958566, 36.606465557909573 ], [ -121.623688530994386, 36.606471722220917 ], [ -121.623692365057906, 36.606651649400398 ], [ -121.624363921058276, 36.606642402277608 ], [ -121.624360085413713, 36.606462475116096 ], [ -121.624583936841901, 36.606459391900408 ], [ -121.624580100694288, 36.60627946473889 ] ] ] ] } },
{ "type": "Feature", "properties": { "area_ha": 0.75978220521219653, "count": 19, "min_ha": 0.2, "post_date": "2023-03-25" }, "geometry": { "type": "Polygon", "coordinates": [ [ [ -121.626822450198588, 36.6064285363694 ], [ -121.626818608759891, 36.606248609279746 ], [ -121.626594758032383, 36.606251696735484 ], [ -121.626590917141655, 36.606071769618879 ], [ -121.626367066926193, 36.606074856643417 ], [ -121.626363226583436, 36.60589492950885 ], [ -121.626139376880005, 36.605898016102202 ], [ -121.626135537076237, 36.605718088949665 ], [ -121.625463989439183, 36.605727346169516 ], [ -121.625467827652926, 36.605907273340023 ], [ -121.625243977877631, 36.605910358235555 ], [ -121.625247815579343, 36.606090285406054 ], [ -121.625919366441352, 36.60608102942588 ], [ -121.62593088441534, 36.60662081079365 ], [ -121.626378588071233, 36.606614637975262 ], [ -121.626382428485854, 36.606794565055928 ], [ -121.626606280821349, 36.606791478004439 ], [ -121.626598598941072, 36.606431623834119 ], [ -121.626822450198588, 36.6064285363694 ] ] ] } },
{ "type": "Feature", "properties": { "area_ha": 0.63980612164095696, "count": 16, "min_ha": 0.2, "post_date": "2023-03-25" }, "geometry": { "type": "Polygon", "coordinates": [ [ [ -121.633989079980267, 36.679580449560618 ], [ -121.633981355870191, 36.679220605595155 ], [ -121.633757290867536, 36.679223706561551 ], [ -121.633753429369463, 36.679043784547382 ], [ -121.633529364887835, 36.679046885082585 ], [ -121.633525503937719, 36.678866963059427 ], [ -121.633077375971595, 36.678873162836261 ], [ -121.633073516090477, 36.67869324078616 ], [ -121.632625389112491, 36.678699438847211 ], [ -121.632636965620705, 36.679239205015485 ], [ -121.633085095778739, 36.67923300690952 ], [ -121.633088955704764, 36.679412928923689 ], [ -121.633761152392566, 36.679403628557758 ], [ -121.633765013926578, 36.679583550535995 ], [ -121.633989079980267, 36.679580449560618 ] ] ] } },
{ "type": "Feature", "properties": { "area_ha": 0.2799397672920152, "count": 7, "min_ha": 0.2, "post_date": "2023-03-25" }, "geometry": { "type": "Polygon", "coordinates": [ [ [ -121.630063597785849, 36.286897890042106 ], [ -121.630059764764368, 36.286717938419464 ], [ -121.629391016816726, 36.286727219256022 ], [ -121.629394848266159, 36.286907170896633 ], [ -121.629171931723675, 36.286910263661412 ], [ -121.629175762670044, 36.287090215293034 ], [ -121.629398679733569, 36.287087122519274 ], [ -121.629402511218927, 36.287267074123953 ], [ -121.629625428785502, 36.287263980919001 ], [ -121.629621596779117, 36.287084029314322 ], [ -121.629844513806702, 36.287080935696146 ], [ -121.629840681297253, 36.286900984082493 ], [ -121.630063597785849, 36.286897890042106 ] ] ] } },
{ "type": "Feature", "properties": { "area_ha": 0.75975486963318073, "count": 19, "min_ha": 0.2, "post_date": "2023-03-25" }, "geometry": { "type": "MultiPolygon", "coordinates": [ [ [ [ -121.642381357283568, 36.767290786316757 ], [ -121.64215703312594, 36.767293903129435 ], [ -121.642160918995316, 36.767473819349469 ], [ -121.642385243682952, 36.76747070252781 ], [ -121.642381357283568, 36.767290786316757 ] ] ], [ [ [ -121.642381357283568, 36.767290786316757 ], [ -121.642605681432215, 36.767287669081874 ], [ -121.6426017945208, 36.767107752861833 ], [ -121.642826118121476, 36.767104635204745 ], [ -121.642818343292518, 36.76674480276467 ], [ -121.643042665806234, 36.766741684694352 ], [ -121.643038777897686, 36.76656176846533 ], [ -121.643263099863432, 36.766558649981789 ], [ -121.643251434637591, 36.766018901240827 ], [ -121.64347575499535, 36.766015782353044 ], [ -121.643467977201951, 36.765655949814153 ], [ -121.643019338597483, 36.765662187140563 ], [ -121.643027114261869, 36.766022019706405 ], [ -121.642802793868185, 36.76602513774079 ], [ -121.642810568544419, 36.766384970279681 ], [ -121.642586247072757, 36.766388087900836 ], [ -121.642594020760839, 36.766747920403795 ], [ -121.642369698211198, 36.766751037620715 ], [ -121.642381357283568, 36.767290786316757 ] ] ] ] } },
{ "type": "Feature", "properties": { "area_ha": 68.620230016441482, "count": 1716, "min_ha": 0.2, "post_date": "2023-03-25" }, "geometry": { "type": "MultiPolygon", "coordinates": [ [ [ [ -121.633808125289789, 36.608491735763891 ], [ -121.633800409228627, 36.608131882294259 ], [ -121.634024265184337, 36.608128781166165 ], [ -121.634020406659673, 36.607948854426859 ], [ -121.634244262067412, 36.60794575287656 ], [ -121.634240403030716, 36.607765826128265 ], [ -121.634464257890471, 36.607762724164743 ], [ -121.63446039834173, 36.607582797407467 ], [ -121.634236544011983, 36.607585899370989 ], [ -121.634228826019438, 36.607226045811522 ], [ -121.634004972722749, 36.607229147325889 ], [ -121.634001114287926, 36.607049220523699 ], [ -121.633777261503269, 36.607052321615861 ], [ -121.633781119417065, 36.607232248427032 ], [ -121.633557266084452, 36.607235349096982 ], [ -121.633561123477222, 36.607415275899172 ], [ -121.632441853903572, 36.607430772915805 ], [ -121.632449563469919, 36.607790626565105 ], [ -121.632897273467918, 36.607784429007111 ], [ -121.632901129342542, 36.607964355791331 ], [ -121.633124984840109, 36.607961256370039 ], [ -121.633132697685298, 36.608321109902562 ], [ -121.633356554224903, 36.608318010032107 ], [ -121.633360411204464, 36.608497936771421 ], [ -121.633808125289789, 36.608491735763891 ] ] ], [ [ [ -121.641940633833883, 36.611798427425676 ], [ -121.641932879046351, 36.611438574953169 ], [ -121.641709013685286, 36.611441691092111 ], [ -121.641705136843981, 36.61126176482891 ], [ -121.641257407136948, 36.611267995804234 ], [ -121.641249655619276, 36.610908143214942 ], [ -121.64102579179432, 36.610911258051324 ], [ -121.64102191658796, 36.610731331734229 ], [ -121.640798053275049, 36.610734446139418 ], [ -121.640794178616645, 36.610554519795365 ], [ -121.640570315815779, 36.610557633769368 ], [ -121.64056644170536, 36.610377707407352 ], [ -121.640118717100748, 36.610383934070761 ], [ -121.640114844068307, 36.610204007681794 ], [ -121.639890982264561, 36.6102071203712 ], [ -121.639887109771109, 36.610027193964271 ], [ -121.639663248479408, 36.610030306222484 ], [ -121.639659376542909, 36.609850379788604 ], [ -121.639435515754272, 36.609853491615631 ], [ -121.639431644365729, 36.609673565163781 ], [ -121.639207784089137, 36.609676676559616 ], [ -121.639200042417002, 36.609316823611003 ], [ -121.63897618318245, 36.609319934566663 ], [ -121.638972312898844, 36.609140008060919 ], [ -121.638748454176323, 36.609143118585386 ], [ -121.638744584440701, 36.608963192070654 ], [ -121.638520726230226, 36.608966302154947 ], [ -121.638512987872872, 36.608606449062606 ], [ -121.638289130695455, 36.608609558715713 ], [ -121.638285262073737, 36.608429632147079 ], [ -121.637837548725017, 36.608435850150734 ], [ -121.637833681172296, 36.608255923555149 ], [ -121.637609825000993, 36.608259031914685 ], [ -121.637605957996243, 36.608079105301137 ], [ -121.636262823744246, 36.608097746493122 ], [ -121.636258959928512, 36.60791781982568 ], [ -121.635139683518673, 36.607933342435317 ], [ -121.635135822370927, 36.607753415713972 ], [ -121.634688112732263, 36.607759621770029 ], [ -121.634691972828975, 36.607939548509336 ], [ -121.634468117457175, 36.60794265090405 ], [ -121.634471977041841, 36.608122577634376 ], [ -121.63424812112207, 36.608125679615867 ], [ -121.634251980203686, 36.608305606337211 ], [ -121.634028123735945, 36.608308707896491 ], [ -121.634031982296534, 36.608488634617835 ], [ -121.633808125289789, 36.608491735763891 ], [ -121.633815841413849, 36.608851589170648 ], [ -121.633591983329126, 36.608854689903481 ], [ -121.633595840892596, 36.609034616597874 ], [ -121.633819699507313, 36.60903151585606 ], [ -121.633823557609759, 36.609211442532484 ], [ -121.634047416736507, 36.609208341359476 ], [ -121.634051275395919, 36.609388268017938 ], [ -121.634275135034713, 36.609385166413738 ], [ -121.634282853458444, 36.609745019667777 ], [ -121.63450671413031, 36.60974191762341 ], [ -121.634514433685922, 36.610101770823547 ], [ -121.634738295399828, 36.610098668338999 ], [ -121.634742155730095, 36.610278594907633 ], [ -121.634966017956046, 36.610275491991892 ], [ -121.634973739730498, 36.610635345084233 ], [ -121.635197602989507, 36.610632241728318 ], [ -121.635205325895825, 36.610992094757783 ], [ -121.635429190196888, 36.610988990961694 ], [ -121.635433052207006, 36.611168917449476 ], [ -121.6356569170201, 36.611165813231182 ], [ -121.635660779578188, 36.611345739700994 ], [ -121.635884644894332, 36.611342635042526 ], [ -121.635896234257444, 36.611882414353154 ], [ -121.635672367351276, 36.611885519029592 ], [ -121.635691680680736, 36.612785151001368 ], [ -121.635915550227949, 36.612782046280017 ], [ -121.635934866647602, 36.613681677910442 ], [ -121.636158738826879, 36.613678572730947 ], [ -121.63617805834572, 36.614578204011025 ], [ -121.636401933139098, 36.614575098373393 ], [ -121.636409662136003, 36.614934950783017 ], [ -121.63663353797142, 36.614931844714185 ], [ -121.636637403026839, 36.615111770887559 ], [ -121.636861279374301, 36.615108664387542 ], [ -121.636865144968695, 36.615288590542946 ], [ -121.637089021828189, 36.615285483602754 ], [ -121.637092887970567, 36.615465409749177 ], [ -121.637316765342106, 36.615462302377793 ], [ -121.637320632032441, 36.615642228497265 ], [ -121.637992265611317, 36.615632903813939 ], [ -121.637996133900671, 36.615812829897479 ], [ -121.638220012251367, 36.615809720819293 ], [ -121.638216143432018, 36.615629794735753 ], [ -121.638440021234757, 36.61562668523537 ], [ -121.638436151894382, 36.61544675915183 ], [ -121.638660029158117, 36.615443649229228 ], [ -121.638652289480248, 36.615083797035204 ], [ -121.638876165666005, 36.61508068670836 ], [ -121.638872295328511, 36.614900760597877 ], [ -121.639096170966297, 36.614897649848828 ], [ -121.639092300116758, 36.614717723738337 ], [ -121.639316175206574, 36.614714612576066 ], [ -121.63930843250138, 36.614354760319152 ], [ -121.639532306522199, 36.614351648743657 ], [ -121.639528434666545, 36.614171722606216 ], [ -121.639752308139393, 36.614168610617497 ], [ -121.639760052910717, 36.614528462865422 ], [ -121.64020780190458, 36.614522237567449 ], [ -121.640211675377202, 36.614702163659977 ], [ -121.640883300305305, 36.614692822519508 ], [ -121.640887175385913, 36.614872748576097 ], [ -121.642006552550797, 36.61485717146568 ], [ -121.642010430290412, 36.615037097468367 ], [ -121.642458182087026, 36.615030863636406 ], [ -121.642454303296375, 36.6148509376427 ], [ -121.643797555074968, 36.614832225995841 ], [ -121.643801437036672, 36.615012151953614 ], [ -121.644696939974111, 36.614999668991373 ], [ -121.644700824064813, 36.615179594904234 ], [ -121.645148576481262, 36.615173350858427 ], [ -121.645152461649943, 36.615353276744337 ], [ -121.645824091725387, 36.615343907468635 ], [ -121.645855186441835, 36.616783313918113 ], [ -121.646079067325786, 36.616780189918913 ], [ -121.646090729730915, 36.617319967109516 ], [ -121.645866847265921, 36.617323091126678 ], [ -121.645874621241475, 36.617682942539176 ], [ -121.646546271753593, 36.61767356916716 ], [ -121.646542383171308, 36.617493643487862 ], [ -121.646990149035531, 36.617487392462138 ], [ -121.646986259411193, 36.617307466782847 ], [ -121.647657906482763, 36.617298087077707 ], [ -121.647654015295373, 36.61711816140739 ], [ -121.648773424062981, 36.617102520103359 ], [ -121.648769530252494, 36.616922594459993 ], [ -121.648993411423916, 36.61691946493616 ], [ -121.648989517101384, 36.616739539283813 ], [ -121.649213397724836, 36.616736409337761 ], [ -121.649205608073672, 36.616376558015105 ], [ -121.649429487628126, 36.61637342765583 ], [ -121.649421696997805, 36.616013576297235 ], [ -121.649197818503367, 36.616016706647528 ], [ -121.649193923749664, 36.615836780941279 ], [ -121.648970045767271, 36.615839910851392 ], [ -121.648966151552543, 36.615659985127181 ], [ -121.648742274082181, 36.6156631146061 ], [ -121.648711125287164, 36.614223708309339 ], [ -121.648934998526457, 36.614220578884314 ], [ -121.648931104482415, 36.614040653052307 ], [ -121.649154977173737, 36.614037523214058 ], [ -121.649151082617649, 36.613857597373062 ], [ -121.649374954769982, 36.61385446711261 ], [ -121.649371059701863, 36.613674541271614 ], [ -121.649594931306211, 36.613671410597931 ], [ -121.649587140172841, 36.613311558880014 ], [ -121.649363269628495, 36.613314689535727 ], [ -121.649359374614278, 36.613134763658799 ], [ -121.649135504581963, 36.613137893883327 ], [ -121.649131610115717, 36.612957967979447 ], [ -121.648683871048235, 36.612964227143905 ], [ -121.648679977659967, 36.612784301213075 ], [ -121.648456108624785, 36.612787430153013 ], [ -121.648452215784488, 36.61260750420422 ], [ -121.648228347261352, 36.612610632712958 ], [ -121.648224454969025, 36.612430706746203 ], [ -121.648000586948953, 36.612433834814766 ], [ -121.647996695204597, 36.612253908830041 ], [ -121.647548960179535, 36.612260163691573 ], [ -121.647545069504176, 36.612080237670909 ], [ -121.647321202490204, 36.61208336445489 ], [ -121.647317312362816, 36.611903438425252 ], [ -121.646869579341001, 36.611909690708607 ], [ -121.646865690291591, 36.611729764643037 ], [ -121.646641824283734, 36.61173289014242 ], [ -121.646637935782294, 36.61155296405888 ], [ -121.645966339222994, 36.611562337978874 ], [ -121.645962452329542, 36.611382411859402 ], [ -121.64506699210699, 36.611394904442598 ], [ -121.645070876898387, 36.611574830589014 ], [ -121.644175414268361, 36.611587316398918 ], [ -121.644179296966669, 36.611767242563303 ], [ -121.643731564483843, 36.611773482935 ], [ -121.643735446140127, 36.611953409099392 ], [ -121.643287712525421, 36.611959647782257 ], [ -121.643291593139651, 36.612139573946642 ], [ -121.64261999101079, 36.612148928813369 ], [ -121.642616111977603, 36.611969002631014 ], [ -121.642168378183229, 36.611975237064847 ], [ -121.642164500237001, 36.611795310855548 ], [ -121.641940633833883, 36.611798427425676 ] ], [ [ -121.641940633833883, 36.611798427425676 ], [ -121.641716767421784, 36.61180154358258 ], [ -121.64172064431699, 36.611981469800867 ], [ -121.641944511259098, 36.611978353643963 ], [ -121.641940633833883, 36.611798427425676 ] ], [ [ -121.639752308139393, 36.614168610617497 ], [ -121.639976181585297, 36.614165498197579 ], [ -121.639972308696585, 36.613985572060145 ], [ -121.639748435771708, 36.613988684471074 ], [ -121.639752308139393, 36.614168610617497 ] ], [ [ -121.641508406578282, 36.612524364163477 ], [ -121.6415045301502, 36.612344437963159 ], [ -121.641056794065136, 36.612350668183893 ], [ -121.641064544810249, 36.612710520593517 ], [ -121.641288413926276, 36.612707405685271 ], [ -121.64128453801024, 36.612527479493934 ], [ -121.641508406578282, 36.612524364163477 ] ], [ [ -121.640192308193761, 36.613802533089569 ], [ -121.640188434819947, 36.613622606934157 ], [ -121.639964562973049, 36.613625719758318 ], [ -121.639968435825836, 36.613805645913722 ], [ -121.640192308193761, 36.613802533089569 ] ] ] ] } },
{ "type": "Feature", "properties": { "area_ha": 1.5596672060561148, "count": 39, "min_ha": 0.2, "post_date": "2023-03-25" }, "geometry": { "type": "MultiPolygon", "coordinates": [ [ [ [ -121.647503486229155, 36.278734262392319 ], [ -121.647726378211715, 36.278731134817825 ], [ -121.647722504074338, 36.278551183078406 ], [ -121.647945395517908, 36.2785480550817 ], [ -121.647941520877467, 36.278368103333293 ], [ -121.647495739023398, 36.278374358886524 ], [ -121.647503486229155, 36.278734262392319 ] ] ], [ [ [ -121.647503486229155, 36.278734262392319 ], [ -121.647280594219652, 36.278737389544602 ], [ -121.647284467323971, 36.278917341284028 ], [ -121.647507359854501, 36.278914214122764 ], [ -121.647503486229155, 36.278734262392319 ] ] ], [ [ [ -121.646392897031177, 36.278929845698038 ], [ -121.647061574784459, 36.278920468023088 ], [ -121.647057702201167, 36.278740516274681 ], [ -121.647280594219652, 36.278737389544602 ], [ -121.647276721133309, 36.278557437796202 ], [ -121.647053829635837, 36.278560564517292 ], [ -121.647049957088484, 36.278380612741934 ], [ -121.646827066094076, 36.278383739031838 ], [ -121.646834810155724, 36.278743642582555 ], [ -121.6466119181013, 36.27874676846821 ], [ -121.646608046578024, 36.278566816692859 ], [ -121.646385155026664, 36.278569942147321 ], [ -121.646392897031177, 36.278929845698038 ] ] ], [ [ [ -121.646392897031177, 36.278929845698038 ], [ -121.64617000441082, 36.278932970748265 ], [ -121.646166133929583, 36.278753018972907 ], [ -121.645943241812276, 36.27875614358296 ], [ -121.645935501936776, 36.278396239978349 ], [ -121.64548971975033, 36.278402487913866 ], [ -121.645493588632561, 36.278582439743118 ], [ -121.645716480255786, 36.278579315977481 ], [ -121.645720349677006, 36.27875926777979 ], [ -121.645274565361561, 36.278765514897835 ], [ -121.645266828630156, 36.27840561124831 ], [ -121.645043937492019, 36.278408734160543 ], [ -121.645047805323216, 36.278588685998784 ], [ -121.644602021942006, 36.278594930556636 ], [ -121.644613622408301, 36.279134786026432 ], [ -121.644390729114207, 36.279137907698995 ], [ -121.644398461803192, 36.279497811276656 ], [ -121.645067144757718, 36.279488444956414 ], [ -121.64506327683668, 36.279308493199025 ], [ -121.645509064332174, 36.279302246889458 ], [ -121.645505195378064, 36.279122295123088 ], [ -121.64572808857335, 36.279119171339481 ], [ -121.645724219116204, 36.27893921956413 ], [ -121.645947111772486, 36.2789360953673 ], [ -121.645950981759654, 36.279116047133677 ], [ -121.646396768060384, 36.279109797446445 ], [ -121.646392897031177, 36.278929845698038 ] ], [ [ -121.645274565361561, 36.278765514897835 ], [ -121.645051673172389, 36.278768637819056 ], [ -121.645055541039525, 36.278948589630346 ], [ -121.645278433749709, 36.278945466700144 ], [ -121.645274565361561, 36.278765514897835 ] ] ] ] } },
{ "type": "Feature", "properties": { "area_ha": 1.9594339975338961, "count": 47, "min_ha": 0.2, "post_date": "2023-03-25" }, "geometry": { "type": "MultiPolygon", "coordinates": [ [ [ [ -121.654146579758688, 36.617027293986709 ], [ -121.653922698479477, 36.617030433293202 ], [ -121.653930510471739, 36.617390284211616 ], [ -121.654154392801985, 36.617387144896142 ], [ -121.654146579758688, 36.617027293986709 ] ] ], [ [ [ -121.652988135490929, 36.615243730635989 ], [ -121.652984231816944, 36.615063805010585 ], [ -121.652760356268985, 36.615066942107219 ], [ -121.65275645314297, 36.614887016463861 ], [ -121.652308703035203, 36.61489328938152 ], [ -121.652316507185162, 36.615253140695202 ], [ -121.65254038330805, 36.615250004433996 ], [ -121.652544285939982, 36.61542993006838 ], [ -121.6523204092871, 36.615433066338561 ], [ -121.652324311407, 36.615612991963964 ], [ -121.65254818858989, 36.615609855693776 ], [ -121.652555993943594, 36.615969706899655 ], [ -121.65277987215056, 36.615966570180312 ], [ -121.652772065745836, 36.615606718992403 ], [ -121.652995942883805, 36.615603581868818 ], [ -121.652999846611692, 36.615783507458282 ], [ -121.653223724261707, 36.615780369903504 ], [ -121.653227628528583, 36.615960295475006 ], [ -121.653675384825746, 36.615954019071879 ], [ -121.653679290179582, 36.616133944616429 ], [ -121.653455411505476, 36.616137083042574 ], [ -121.653459316347281, 36.616317008587117 ], [ -121.653683195542399, 36.61631387016098 ], [ -121.653687100923179, 36.616493795678579 ], [ -121.653910980630343, 36.616490656821249 ], [ -121.653918792514801, 36.616850507811534 ], [ -121.654142673255024, 36.616847368514023 ], [ -121.654146579758688, 36.617027293986709 ], [ -121.654818223470571, 36.617017873516019 ], [ -121.654810407328085, 36.616658022597598 ], [ -121.654586527162792, 36.616661163170718 ], [ -121.654578712152201, 36.616301312189414 ], [ -121.654354833028947, 36.616304452322353 ], [ -121.654347019141241, 36.615944601278173 ], [ -121.654123141060026, 36.615947740970938 ], [ -121.654119234673132, 36.615767815417406 ], [ -121.653895357094981, 36.615770954678979 ], [ -121.653891451256058, 36.615591029116466 ], [ -121.653667574189953, 36.615594167937864 ], [ -121.653663668899, 36.615414242357382 ], [ -121.653439792344926, 36.615417380747587 ], [ -121.653435887601944, 36.615237455140161 ], [ -121.652988135490929, 36.615243730635989 ] ], [ [ -121.652988135490929, 36.615243730635989 ], [ -121.65276425940398, 36.615246867750585 ], [ -121.65276816256592, 36.615426793375988 ], [ -121.652992039173895, 36.615423656261385 ], [ -121.652988135490929, 36.615243730635989 ] ] ] ] } },
{ "type": "Feature", "properties": { "area_ha": 0.8397576517843518, "count": 21, "min_ha": 0.2, "post_date": "2023-03-25" }, "geometry": { "type": "Polygon", "coordinates": [ [ [ -121.655006927846145, 36.615395403068902 ], [ -121.654999110976036, 36.615035551952857 ], [ -121.654775235589767, 36.615038692876311 ], [ -121.654771327711671, 36.614858767286847 ], [ -121.654547452828467, 36.614861907788097 ], [ -121.654543545498342, 36.614681982180663 ], [ -121.654319671136165, 36.614685122241745 ], [ -121.654315764345014, 36.614505196616342 ], [ -121.653868016617778, 36.614511475453902 ], [ -121.653864110904621, 36.614331549801555 ], [ -121.653640237539577, 36.61433468857804 ], [ -121.65363633237439, 36.614154762907731 ], [ -121.653188586641406, 36.614161039167122 ], [ -121.653196394878705, 36.614520890525718 ], [ -121.653420268809697, 36.614517752593649 ], [ -121.653424173480815, 36.614697678254977 ], [ -121.653871922339931, 36.614691401097268 ], [ -121.653875828089014, 36.614871326722664 ], [ -121.654099703017138, 36.614868187506005 ], [ -121.654103609314205, 36.615048113113438 ], [ -121.654327484754361, 36.615044973456605 ], [ -121.654331391599399, 36.615224899046069 ], [ -121.654555267551601, 36.61522175895805 ], [ -121.654563082346598, 36.615581610092065 ], [ -121.654786959331872, 36.615578469563864 ], [ -121.654783051399875, 36.615398544010333 ], [ -121.655006927846145, 36.615395403068902 ] ] ] } },
{ "type": "Feature", "properties": { "area_ha": 0.31993187646668347, "count": 8, "min_ha": 0.2, "post_date": "2023-03-25" }, "geometry": { "type": "MultiPolygon", "coordinates": [ [ [ [ -121.648805947729542, 36.277095924687934 ], [ -121.648583060552966, 36.277099054319564 ], [ -121.648586936639688, 36.277279006148824 ], [ -121.648809824337278, 36.277275876517187 ], [ -121.648805947729542, 36.277095924687934 ] ] ], [ [ [ -121.648805947729542, 36.277095924687934 ], [ -121.649251722037761, 36.277089664158034 ], [ -121.649243966783089, 36.276729760481558 ], [ -121.648798194567945, 36.276736020984508 ], [ -121.648794318014097, 36.276556069110335 ], [ -121.648571432400601, 36.27655919871502 ], [ -121.648575308433422, 36.276739150598175 ], [ -121.648352422280936, 36.276742279789637 ], [ -121.648356297810707, 36.276922231663804 ], [ -121.648802071139755, 36.276915972840712 ], [ -121.648805947729542, 36.277095924687934 ] ] ] ] } },
{ "type": "Feature", "properties": { "area_ha": 2.9991329140850125, "count": 75, "min_ha": 0.2, "post_date": "2023-03-25" }, "geometry": { "type": "Polygon", "coordinates": [ [ [ -121.658427736756479, 36.618227043411075 ], [ -121.658419903438229, 36.617867192896895 ], [ -121.658196019877295, 36.617870340315172 ], [ -121.658188187690911, 36.617510489747097 ], [ -121.657964305163034, 36.617513636716218 ], [ -121.657960389622303, 36.61733371140523 ], [ -121.657736507606472, 36.617336857952139 ], [ -121.657732592622708, 36.617156932623189 ], [ -121.657508711109926, 36.617160078729924 ], [ -121.657504796665151, 36.616980153383004 ], [ -121.657280915673397, 36.616983299067535 ], [ -121.65727308789775, 36.616623448310811 ], [ -121.656825327962395, 36.616629738368331 ], [ -121.656821415161531, 36.616449812958528 ], [ -121.656597535687936, 36.616452957340499 ], [ -121.656593623435043, 36.616273031912726 ], [ -121.656369744482461, 36.616276175863511 ], [ -121.656365832768557, 36.616096250417776 ], [ -121.656141954328021, 36.616099393937361 ], [ -121.656138043162088, 36.615919468464682 ], [ -121.655914165224615, 36.615922611553081 ], [ -121.655910254615634, 36.615742686071407 ], [ -121.655462499737808, 36.615748970954634 ], [ -121.655466409295755, 36.615928896454264 ], [ -121.655242531304381, 36.615932038276043 ], [ -121.655254258496001, 36.616471814730026 ], [ -121.655702017631853, 36.616465530628339 ], [ -121.655705927791672, 36.616645456083056 ], [ -121.655929807867139, 36.616642313389917 ], [ -121.655933718565947, 36.616822238808702 ], [ -121.65615759915346, 36.61681909568437 ], [ -121.656165421673961, 36.617178946486014 ], [ -121.656389303294532, 36.61717580293049 ], [ -121.656393215107258, 36.617355728304361 ], [ -121.65661709723986, 36.617352584308662 ], [ -121.656621009600556, 36.617532509664564 ], [ -121.656844892245203, 36.617529365237679 ], [ -121.656848805153871, 36.61770929056663 ], [ -121.657072688301582, 36.617706145708553 ], [ -121.657076601767201, 36.617886071028522 ], [ -121.657300485426944, 36.617882925730271 ], [ -121.657308313454138, 36.618242776316315 ], [ -121.65753219815592, 36.618239630586871 ], [ -121.657536112726476, 36.618419555843957 ], [ -121.658207768296108, 36.618410116086444 ], [ -121.658203852135543, 36.618230190838332 ], [ -121.658427736756479, 36.618227043411075 ] ] ] } },
{ "type": "Feature", "properties": { "area_ha": 3.0391196197813706, "count": 76, "min_ha": 0.2, "post_date": "2023-03-25" }, "geometry": { "type": "Polygon", "coordinates": [ [ [ -121.661169274880891, 36.620708192058373 ], [ -121.661157505127093, 36.620168417050678 ], [ -121.660933614909652, 36.620171569661217 ], [ -121.660929692227313, 36.619991644628705 ], [ -121.660705802521903, 36.619994796808058 ], [ -121.660697958262162, 36.619634946689139 ], [ -121.660474069598791, 36.619638098428311 ], [ -121.66047014803037, 36.619458173341904 ], [ -121.660246259870064, 36.619461324649883 ], [ -121.660242338840632, 36.619281399545507 ], [ -121.660018451201353, 36.6192845504223 ], [ -121.660014530719891, 36.619104625299961 ], [ -121.659790643583662, 36.619107775736573 ], [ -121.659786723650171, 36.618927850596265 ], [ -121.659562837025987, 36.618931000601691 ], [ -121.659558917640467, 36.61875107544342 ], [ -121.659335031528315, 36.618754225017653 ], [ -121.659331112690779, 36.618574299832432 ], [ -121.659107227081677, 36.618577448984453 ], [ -121.659103308792112, 36.618397523781269 ], [ -121.658655538580035, 36.61840382078276 ], [ -121.658659455809598, 36.618583745994933 ], [ -121.658435570146608, 36.618586893871353 ], [ -121.658439486873107, 36.618766819074544 ], [ -121.658215600662146, 36.618769966528752 ], [ -121.658219516876613, 36.618949891740925 ], [ -121.658443403608601, 36.618946744277736 ], [ -121.658447320371039, 36.619126669462958 ], [ -121.658671207624039, 36.619123521568575 ], [ -121.658675124925466, 36.619303446735827 ], [ -121.65889901268153, 36.619300298410252 ], [ -121.658906848407284, 36.61966014869985 ], [ -121.659130737205388, 36.619656999934101 ], [ -121.659134655629714, 36.619836925047458 ], [ -121.659358544930882, 36.619833775850516 ], [ -121.659366382884443, 36.620193626032318 ], [ -121.659590273227664, 36.620190476395202 ], [ -121.659594192765894, 36.620370401463646 ], [ -121.659818083621147, 36.620367251395336 ], [ -121.659822003698366, 36.62054717643683 ], [ -121.660269786406005, 36.620540875015628 ], [ -121.660273707561203, 36.62072080003017 ], [ -121.66049759942257, 36.620717648677271 ], [ -121.660501521125738, 36.620897573673851 ], [ -121.66094930583661, 36.62089126967448 ], [ -121.660945383082407, 36.620711344686882 ], [ -121.661169274880891, 36.620708192058373 ] ] ] } },
{ "type": "Feature", "properties": { "area_ha": 1.1196750403322957, "count": 28, "min_ha": 0.2, "post_date": "2023-03-25" }, "geometry": { "type": "Polygon", "coordinates": [ [ [ -121.663015395533577, 36.623201903447296 ], [ -121.66300754003592, 36.622842053921268 ], [ -121.662783642039059, 36.622845210035237 ], [ -121.662771860526306, 36.622305435629407 ], [ -121.662547964092525, 36.622308591303202 ], [ -121.662540110903521, 36.621948741615476 ], [ -121.66231621551178, 36.621951896849097 ], [ -121.662312289469739, 36.621771971987265 ], [ -121.662088394590043, 36.621775126780712 ], [ -121.662080543619879, 36.621415277003152 ], [ -121.661856649773242, 36.621418431356425 ], [ -121.661848799934958, 36.621058581515982 ], [ -121.66162490713036, 36.62106173542908 ], [ -121.661620982768184, 36.620881810486402 ], [ -121.661397090475631, 36.620884963968308 ], [ -121.661408862035046, 36.621424738805324 ], [ -121.661632755917623, 36.621421585296467 ], [ -121.661640604776736, 36.621781435109959 ], [ -121.661864499692371, 36.621778281160935 ], [ -121.661876274701314, 36.622318055764389 ], [ -121.662100171180029, 36.622314901366202 ], [ -121.662108022338828, 36.622674751026977 ], [ -121.662331919859582, 36.622671596188617 ], [ -121.662335845991436, 36.622851520996548 ], [ -121.662559744024236, 36.622848365726995 ], [ -121.662563670713055, 36.623028290507982 ], [ -121.662787569248906, 36.623025134816217 ], [ -121.662791496485696, 36.623205059579234 ], [ -121.663015395533577, 36.623201903447296 ] ] ] } },
{ "type": "Feature", "properties": { "area_ha": 9.2373088287810745, "count": 231, "min_ha": 0.2, "post_date": "2023-03-25" }, "geometry": { "type": "Polygon", "coordinates": [ [ [ -121.665780868630932, 36.626762487556832 ], [ -121.665772999703464, 36.626402638695552 ], [ -121.665101274613207, 36.626412121500337 ], [ -121.66509734176195, 36.626232197033765 ], [ -121.664873433892595, 36.626235357109309 ], [ -121.664865569303984, 36.625875508113282 ], [ -121.664193848750216, 36.625884985761736 ], [ -121.664189918072879, 36.6257050612233 ], [ -121.663070386083362, 36.625720848764075 ], [ -121.663062530064678, 36.625360999579406 ], [ -121.662614719257732, 36.625367311591745 ], [ -121.662610792335357, 36.625187386963482 ], [ -121.662162982507581, 36.625193697260045 ], [ -121.66215905665419, 36.625013772613805 ], [ -121.661711247814566, 36.625020081194585 ], [ -121.661707323039153, 36.624840156521401 ], [ -121.661259515178699, 36.624846463386397 ], [ -121.661267362627456, 36.625206312759715 ], [ -121.661491267622196, 36.625203159520353 ], [ -121.661499116202833, 36.625563008830795 ], [ -121.661723022239613, 36.625559855151259 ], [ -121.661726947077895, 36.62573977978851 ], [ -121.66195085362672, 36.625736625677781 ], [ -121.661958704426198, 36.62609647488042 ], [ -121.662182612017062, 36.626093320338498 ], [ -121.662186537969262, 36.626273244912873 ], [ -121.662410446072172, 36.626270089930777 ], [ -121.662414372572343, 36.626450014487183 ], [ -121.662638281178303, 36.626446859082883 ], [ -121.66264220823544, 36.626626783621319 ], [ -121.662866117344464, 36.626623627776844 ], [ -121.662870044949557, 36.62680355228833 ], [ -121.663093954570613, 36.626800396012662 ], [ -121.663097882714709, 36.626980320515166 ], [ -121.663321792856792, 36.626977163808313 ], [ -121.663325721548858, 36.627157088283866 ], [ -121.663549632193991, 36.627153931145813 ], [ -121.663553561434028, 36.627333855603403 ], [ -121.663777472591207, 36.627330698034164 ], [ -121.663781402379215, 36.627510622473785 ], [ -121.664005314048438, 36.627507464464372 ], [ -121.664009244384417, 36.627687388886024 ], [ -121.664233156556691, 36.627684230454399 ], [ -121.66423708744064, 36.627864154858095 ], [ -121.664461000124959, 36.627860995986296 ], [ -121.664464931556878, 36.628040920363034 ], [ -121.664688844753229, 36.628037761069031 ], [ -121.664692776733133, 36.628217685427799 ], [ -121.664916690432548, 36.628214525693622 ], [ -121.664920622960409, 36.628394450034428 ], [ -121.665144537171855, 36.628391289869057 ], [ -121.665148470247701, 36.628571214191901 ], [ -121.665596299685703, 36.628564892576563 ], [ -121.665592365549841, 36.628384968262708 ], [ -121.665816279716381, 36.628381806821729 ], [ -121.665820214373255, 36.628561731126602 ], [ -121.666268043694473, 36.628555406951072 ], [ -121.666271979429325, 36.628735331228995 ], [ -121.666495894592998, 36.628732168503426 ], [ -121.66649983086684, 36.628912092754398 ], [ -121.666723746542544, 36.628908929588654 ], [ -121.666727683373338, 36.629088853830645 ], [ -121.66717551572188, 36.629082526214567 ], [ -121.667179453621671, 36.629262450420626 ], [ -121.667403370294508, 36.629259285970292 ], [ -121.667395493452872, 36.628899437558175 ], [ -121.667619409047731, 36.628896272694611 ], [ -121.66760759233, 36.628356500004564 ], [ -121.667383678316185, 36.628359664841177 ], [ -121.667379739976212, 36.628179740581217 ], [ -121.667155826474428, 36.628182904986637 ], [ -121.667147950908401, 36.627823056403841 ], [ -121.66692403844867, 36.627826220378068 ], [ -121.666920101222615, 36.627646296064206 ], [ -121.666696189265934, 36.62764945959826 ], [ -121.66669225258785, 36.627469535266435 ], [ -121.666468341143201, 36.627472698369303 ], [ -121.666460468900937, 36.627112849651752 ], [ -121.666236558498355, 36.627116012314438 ], [ -121.666232622925193, 36.626936087928719 ], [ -121.666008713034643, 36.626939250160213 ], [ -121.666004778018433, 36.626759325756524 ], [ -121.665780868630932, 36.626762487556832 ] ], [ [ -121.665780868630932, 36.626762487556832 ], [ -121.665556959225469, 36.626765648934928 ], [ -121.665560893190644, 36.626945573347598 ], [ -121.665784803117134, 36.626942411969502 ], [ -121.665780868630932, 36.626762487556832 ] ] ] } },
{ "type": "Feature", "properties": { "area_ha": 0.51984848766675062, "count": 13, "min_ha": 0.2, "post_date": "2023-03-25" }, "geometry": { "type": "Polygon", "coordinates": [ [ [ -121.670058811241049, 36.62778188614724 ], [ -121.670054866612873, 36.6276019619322 ], [ -121.669830954916705, 36.627605131422087 ], [ -121.669823066774256, 36.627245282938098 ], [ -121.669375245448052, 36.627251620606323 ], [ -121.669371302463787, 36.627071696337381 ], [ -121.669147392303742, 36.627074864524708 ], [ -121.669163162237538, 36.627794561564549 ], [ -121.669387074517616, 36.627791393350272 ], [ -121.669391017582711, 36.6279713175743 ], [ -121.669838843131004, 36.627964979843185 ], [ -121.669834899014873, 36.627785055637126 ], [ -121.670058811241049, 36.62778188614724 ] ] ] } },
{ "type": "Feature", "properties": { "area_ha": 0.23994357864843111, "count": 6, "min_ha": 0.2, "post_date": "2023-03-25" }, "geometry": { "type": "Polygon", "coordinates": [ [ [ -121.665901409327844, 36.376216096756366 ], [ -121.665897487471966, 36.376036153748572 ], [ -121.665227962553473, 36.376045638251171 ], [ -121.665231882837304, 36.376225581285922 ], [ -121.665008707301524, 36.376228741945361 ], [ -121.665012627082305, 36.376408684971132 ], [ -121.665682155207776, 36.376399201699222 ], [ -121.665678233854962, 36.376219258691421 ], [ -121.665901409327844, 36.376216096756366 ] ] ] } },
{ "type": "Feature", "properties": { "area_ha": 0.71983008544128757, "count": 18, "min_ha": 0.2, "post_date": "2023-03-25" }, "geometry": { "type": "MultiPolygon", "coordinates": [ [ [ [ -121.666187345454333, 36.379092020502682 ], [ -121.666410529308507, 36.379088857606433 ], [ -121.666406606096174, 36.378908914850165 ], [ -121.666183422780989, 36.378912077728444 ], [ -121.666187345454333, 36.379092020502682 ] ] ], [ [ [ -121.665564848499798, 36.381260819014784 ], [ -121.665568769843645, 36.381440761618336 ], [ -121.665791960578915, 36.381437599907862 ], [ -121.66578803870506, 36.38125765730431 ], [ -121.665564848499798, 36.381260819014784 ] ] ], [ [ [ -121.666187345454333, 36.379092020502682 ], [ -121.665964161591177, 36.379095182976727 ], [ -121.665968083770451, 36.379275125741977 ], [ -121.666191268154634, 36.379271963258951 ], [ -121.666187345454333, 36.379092020502682 ] ] ], [ [ [ -121.665968083770451, 36.379275125741977 ], [ -121.665744899359325, 36.379278287793809 ], [ -121.665752742711774, 36.379638173288384 ], [ -121.665529557231636, 36.379641334935982 ], [ -121.665545242059054, 36.380361105781397 ], [ -121.665768429632251, 36.380357944106855 ], [ -121.665756664414943, 36.379818116017709 ], [ -121.665979850398116, 36.379814953938926 ], [ -121.665968083770451, 36.379275125741977 ] ] ], [ [ [ -121.665545242059054, 36.380361105781397 ], [ -121.665322054458898, 36.380364267033734 ], [ -121.665329895933866, 36.38072415238458 ], [ -121.665106707264712, 36.380727313223687 ], [ -121.665118468035374, 36.381267141169104 ], [ -121.665564848499798, 36.381260819014784 ], [ -121.665545242059054, 36.380361105781397 ] ] ] ] } },
{ "type": "Feature", "properties": { "area_ha": 0.23994350462834121, "count": 6, "min_ha": 0.2, "post_date": "2023-03-25" }, "geometry": { "type": "Polygon", "coordinates": [ [ [ -121.666610171023024, 36.378006037534753 ], [ -121.666598400218192, 36.377466208951532 ], [ -121.66637522112508, 36.377469372207109 ], [ -121.666371298083419, 36.377289429307105 ], [ -121.66614811948439, 36.377292592131489 ], [ -121.666159887082244, 36.377832420795563 ], [ -121.666383067253321, 36.377829257953209 ], [ -121.666386990348883, 36.378009200808293 ], [ -121.666610171023024, 36.378006037534753 ] ] ] } },
{ "type": "Feature", "properties": { "area_ha": 0.47988613367912886, "count": 12, "min_ha": 0.2, "post_date": "2023-03-25" }, "geometry": { "type": "MultiPolygon", "coordinates": [ [ [ [ -121.670111221802387, 36.384976292918338 ], [ -121.670107289579931, 36.384796350745972 ], [ -121.669884089223714, 36.384799520649082 ], [ -121.669888020916147, 36.384979462821448 ], [ -121.670111221802387, 36.384976292918338 ] ] ], [ [ [ -121.670111221802387, 36.384976292918338 ], [ -121.670134815505349, 36.386055945611176 ], [ -121.670358019526702, 36.38605277523196 ], [ -121.6703658852921, 36.386412659334148 ], [ -121.670142680228707, 36.386415829722345 ], [ -121.670146612612854, 36.386595771759964 ], [ -121.670593023781691, 36.386589430543388 ], [ -121.670577290139832, 36.38586966236597 ], [ -121.67035408666645, 36.385872833158409 ], [ -121.670334422670649, 36.384973122584043 ], [ -121.670111221802387, 36.384976292918338 ] ] ] ] } },
{ "type": "Feature", "properties": { "area_ha": 5.2384725234269114, "count": 131, "min_ha": 0.2, "post_date": "2023-03-25" }, "geometry": { "type": "Polygon", "coordinates": [ [ [ -121.686872096207253, 36.628442581264295 ], [ -121.686868111837597, 36.628262657660109 ], [ -121.686644198910741, 36.628265859058153 ], [ -121.686640215089071, 36.628085935427009 ], [ -121.686192390223496, 36.628092336929527 ], [ -121.686188407479804, 36.62791241328042 ], [ -121.68282972654859, 36.627960370201187 ], [ -121.682825751746009, 36.627780446426321 ], [ -121.681482281362392, 36.627799602379916 ], [ -121.681486252984939, 36.627979526199702 ], [ -121.680814515956072, 36.62798909845872 ], [ -121.680818486015554, 36.628169022287487 ], [ -121.68059457310666, 36.628172212196077 ], [ -121.68059854265411, 36.628352136015863 ], [ -121.680150715722405, 36.628358514584392 ], [ -121.680158652760156, 36.628718362214975 ], [ -121.679934738207351, 36.628721550874907 ], [ -121.679942674265931, 36.629081398469559 ], [ -121.680614421041511, 36.629071831178223 ], [ -121.680610451413216, 36.62889190740335 ], [ -121.682625685963799, 36.628863182640266 ], [ -121.682629660344176, 36.629043106343268 ], [ -121.682853575732423, 36.629039912571926 ], [ -121.682849600822038, 36.628859988877906 ], [ -121.68374526005735, 36.628847209561449 ], [ -121.68374128304491, 36.628667285885399 ], [ -121.684413025688244, 36.628657696962627 ], [ -121.684409047112737, 36.628477773286576 ], [ -121.685752528725288, 36.628458584014467 ], [ -121.685756510471862, 36.628638507636616 ], [ -121.686652166607985, 36.628625706266526 ], [ -121.686648182750389, 36.62844578266234 ], [ -121.686872096207253, 36.628442581264295 ] ] ] } },
{ "type": "Feature", "properties": { "area_ha": 1.5195462138951459, "count": 38, "min_ha": 0.2, "post_date": "2023-03-25" }, "geometry": { "type": "Polygon", "coordinates": [ [ [ -121.683077595981004, 36.659453232241944 ], [ -121.683073618950601, 36.659273310578122 ], [ -121.682849614683036, 36.659276504735743 ], [ -121.682837685298608, 36.658736739645441 ], [ -121.681941674363884, 36.658749511928086 ], [ -121.681961546184922, 36.659649120480786 ], [ -121.681737540758547, 36.659652312527371 ], [ -121.681741514644841, 36.659832234209162 ], [ -121.681517508670495, 36.659835425833535 ], [ -121.68152545545496, 36.660195269179155 ], [ -121.681749462489321, 36.66019207753682 ], [ -121.681753436429531, 36.660371999182679 ], [ -121.681977443975939, 36.660368807118132 ], [ -121.6819814184731, 36.660548728746029 ], [ -121.682205426522557, 36.66054553623232 ], [ -121.682201451495388, 36.660365614613411 ], [ -121.68242545900587, 36.66036242169546 ], [ -121.682417507954412, 36.660002578430685 ], [ -121.68264151437792, 36.659999385099518 ], [ -121.682633562347291, 36.659639541807792 ], [ -121.682857567692835, 36.659636348063394 ], [ -121.682853591174464, 36.659456426399565 ], [ -121.683077595981004, 36.659453232241944 ] ] ] } },
{ "type": "Feature", "properties": { "area_ha": 0.55982467279394621, "count": 14, "min_ha": 0.2, "post_date": "2023-03-25" }, "geometry": { "type": "Polygon", "coordinates": [ [ [ -121.688998447462666, 36.72434015698915 ], [ -121.688994453040863, 36.72416023969113 ], [ -121.688546062901423, 36.724166649898322 ], [ -121.688542069557599, 36.723986732573358 ], [ -121.687869485794721, 36.723996344672656 ], [ -121.687873477548521, 36.724176262024571 ], [ -121.687425087220419, 36.72418266797375 ], [ -121.68742907793218, 36.724362585325665 ], [ -121.687204882206686, 36.724365787666933 ], [ -121.687208872406387, 36.724545705018848 ], [ -121.688105657302629, 36.724532893048639 ], [ -121.688101664982895, 36.724352975732657 ], [ -121.688998447462666, 36.72434015698915 ] ] ] } },
{ "type": "Feature", "properties": { "area_ha": 0.31988655653026182, "count": 8, "min_ha": 0.2, "post_date": "2023-03-25" }, "geometry": { "type": "MultiPolygon", "coordinates": [ [ [ [ -121.694005662830136, 36.908916768870682 ], [ -121.69378092222253, 36.90891998350989 ], [ -121.693784937718789, 36.909099890010161 ], [ -121.694009678856418, 36.909096675370947 ], [ -121.694005662830136, 36.908916768870682 ] ] ], [ [ [ -121.694005662830136, 36.908916768870682 ], [ -121.6946798845362, 36.908907122401835 ], [ -121.694675866937871, 36.908727215919534 ], [ -121.694900606934624, 36.908723999591494 ], [ -121.694896588815283, 36.908544093100211 ], [ -121.693997630840471, 36.908556955843203 ], [ -121.694005662830136, 36.908916768870682 ] ] ] ] } },
{ "type": "Feature", "properties": { "area_ha": 0.39987314228203824, "count": 10, "min_ha": 0.2, "post_date": "2023-03-25" }, "geometry": { "type": "Polygon", "coordinates": [ [ [ -121.700838661899567, 36.742347672112643 ], [ -121.70083463852508, 36.742167756332783 ], [ -121.700161895562758, 36.742177438347966 ], [ -121.700165917347235, 36.742357354154777 ], [ -121.699493172624216, 36.74236703237009 ], [ -121.699501213067037, 36.742726863983712 ], [ -121.69994971168704, 36.742720412238427 ], [ -121.699945690396632, 36.742540496449578 ], [ -121.70061843659289, 36.742530815665091 ], [ -121.700614413730435, 36.742350899885224 ], [ -121.700838661899567, 36.742347672112643 ] ] ] } },
{ "type": "Feature", "properties": { "area_ha": 0.31989846788925613, "count": 8, "min_ha": 0.2, "post_date": "2023-03-25" }, "geometry": { "type": "Polygon", "coordinates": [ [ [ -121.700630505288046, 36.743070562932814 ], [ -121.700622459473308, 36.742710731426989 ], [ -121.700398210226183, 36.742713958795328 ], [ -121.70040223259457, 36.742893874557218 ], [ -121.699953732995397, 36.742900328018287 ], [ -121.699965797028312, 36.74344007528601 ], [ -121.700414299816487, 36.743433621780028 ], [ -121.7004062549899, 36.743073790310135 ], [ -121.700630505288046, 36.743070562932814 ] ] ] } },
{ "type": "Feature", "properties": { "area_ha": 0.39987314730408469, "count": 10, "min_ha": 0.2, "post_date": "2023-03-25" }, "geometry": { "type": "Polygon", "coordinates": [ [ [ -121.703317478179031, 36.74285188555811 ], [ -121.703309419680082, 36.742492054213976 ], [ -121.702860922686028, 36.742498518715344 ], [ -121.702856894523521, 36.742318603007348 ], [ -121.701735654369514, 36.742334756764315 ], [ -121.701739679881996, 36.742514672508243 ], [ -121.702412425620111, 36.74250498150991 ], [ -121.702416452740579, 36.742684897217906 ], [ -121.703089199907012, 36.742675202365795 ], [ -121.703093228635467, 36.742855118037859 ], [ -121.703317478179031, 36.74285188555811 ] ] ] } },
{ "type": "Feature", "properties": { "area_ha": 0.71977128806326207, "count": 18, "min_ha": 0.2, "post_date": "2023-03-25" }, "geometry": { "type": "Polygon", "coordinates": [ [ [ -121.705376064625725, 36.74462192949737 ], [ -121.705363962010182, 36.744082183002199 ], [ -121.704915455817385, 36.744088655300935 ], [ -121.7049194889386, 36.744268570820289 ], [ -121.704695235289734, 36.744271806336343 ], [ -121.70470733318912, 36.744811552867446 ], [ -121.7044830779233, 36.744814787970284 ], [ -121.704487110065344, 36.744994703471669 ], [ -121.704038598419771, 36.745001172428672 ], [ -121.704042629519776, 36.745181087930057 ], [ -121.704491142225365, 36.745174618955083 ], [ -121.704495174403348, 36.745354534420535 ], [ -121.704719431259193, 36.745351299290753 ], [ -121.704715398551201, 36.745171383825301 ], [ -121.704939654859089, 36.745168148273315 ], [ -121.704935621630071, 36.744988232807863 ], [ -121.705159877389974, 36.744984996833665 ], [ -121.7051518099438, 36.744625165884791 ], [ -121.705376064625725, 36.74462192949737 ] ] ] } },
{ "type": "Feature", "properties": { "area_ha": 1.1996194784578367, "count": 30, "min_ha": 0.2, "post_date": "2023-03-25" }, "geometry": { "type": "Polygon", "coordinates": [ [ [ -121.706224648250455, 36.742449993502362 ], [ -121.706212539957548, 36.741910246692775 ], [ -121.705988293315556, 36.741913484661232 ], [ -121.705984257786852, 36.741733569025101 ], [ -121.705535765490993, 36.741740043677432 ], [ -121.705539799959681, 36.741919959322544 ], [ -121.704642813032336, 36.741932903551714 ], [ -121.704646845398969, 36.742112819214796 ], [ -121.704422598092208, 36.742116054218812 ], [ -121.704434693709885, 36.742655801172127 ], [ -121.704883191494446, 36.74264933069697 ], [ -121.704887224471932, 36.742829246315132 ], [ -121.705111473862786, 36.742826010430768 ], [ -121.705107440355292, 36.742646094830569 ], [ -121.705331689198161, 36.742642858523993 ], [ -121.705327655187617, 36.742462942914806 ], [ -121.706224648250455, 36.742449993502362 ] ] ] } },
{ "type": "Feature", "properties": { "area_ha": 6.1981741174929734, "count": 155, "min_ha": 0.2, "post_date": "2023-03-25" }, "geometry": { "type": "Polygon", "coordinates": [ [ [ -121.704247724870442, 36.644211133280578 ], [ -121.704231620017765, 36.643491445385592 ], [ -121.704007663055492, 36.643494679715872 ], [ -121.703999611796959, 36.643134835678552 ], [ -121.703775655876726, 36.643138069568657 ], [ -121.703767605750073, 36.642778225468447 ], [ -121.703543650862912, 36.642781458909397 ], [ -121.70353157741566, 36.642241692651289 ], [ -121.703307624091565, 36.642244925652065 ], [ -121.703303600178074, 36.642065003530099 ], [ -121.70307964736601, 36.642068236099682 ], [ -121.7030675773144, 36.641528469643944 ], [ -121.702395723531495, 36.641538164729617 ], [ -121.70239170180092, 36.64135824253578 ], [ -121.702167751028043, 36.641361473371617 ], [ -121.702163729854419, 36.641181551150829 ], [ -121.701939779593573, 36.641184781555474 ], [ -121.701931738351263, 36.640824937068992 ], [ -121.701707789123475, 36.640828167033462 ], [ -121.701703769063769, 36.64064824476776 ], [ -121.701479820348027, 36.640651474301038 ], [ -121.701475800836292, 36.640471552008393 ], [ -121.701251852632581, 36.640474781110477 ], [ -121.701247833668816, 36.640294858799862 ], [ -121.701023885968183, 36.640298087470761 ], [ -121.70101986755239, 36.640118165142177 ], [ -121.700795920363774, 36.640121393381882 ], [ -121.700787884646104, 36.639761548670819 ], [ -121.700563938499542, 36.639764776470351 ], [ -121.700559921197666, 36.639584854087872 ], [ -121.700335975554154, 36.63958808145621 ], [ -121.700331958800248, 36.639408159055762 ], [ -121.700108013677763, 36.639411385983927 ], [ -121.700103997462847, 36.639231463565515 ], [ -121.699432163559663, 36.639241141789803 ], [ -121.69943617818457, 36.639421064226184 ], [ -121.699212232981239, 36.639424289456528 ], [ -121.699224275373723, 36.63996405672075 ], [ -121.699448222158097, 36.639960831472436 ], [ -121.699456251578582, 36.640320676237401 ], [ -121.69968019940498, 36.640317450548913 ], [ -121.699684214667698, 36.640497372904441 ], [ -121.699908163006143, 36.640494146784761 ], [ -121.699912178816817, 36.640674069122326 ], [ -121.700136127667307, 36.640670842562471 ], [ -121.700140144025966, 36.640850764882067 ], [ -121.700364093379505, 36.640847537891027 ], [ -121.700368110295116, 36.641027460192653 ], [ -121.700592060160702, 36.64102423277042 ], [ -121.700596077615288, 36.641204155054083 ], [ -121.700820027992918, 36.641200927200657 ], [ -121.700824045995489, 36.64138084945737 ], [ -121.701047996885151, 36.641377621172751 ], [ -121.701052015435693, 36.641557543411501 ], [ -121.701275966828405, 36.641554314695689 ], [ -121.701279985926931, 36.641734236916477 ], [ -121.701503937831689, 36.641731007769472 ], [ -121.701511977151611, 36.642090852157139 ], [ -121.701959883018262, 36.642084392551595 ], [ -121.701967924521099, 36.642444236867398 ], [ -121.702191878491973, 36.642441006408852 ], [ -121.702195899800344, 36.642620928539806 ], [ -121.702419854274282, 36.642617697650074 ], [ -121.702423876130638, 36.642797619763058 ], [ -121.702647831116607, 36.642794388442134 ], [ -121.702651853520919, 36.642974310537149 ], [ -121.702875809018948, 36.642971078785038 ], [ -121.702879831971231, 36.643151000853102 ], [ -121.70310378797231, 36.643147768669799 ], [ -121.703111834999774, 36.643507612770001 ], [ -121.703335792033911, 36.643504380137536 ], [ -121.703339816109093, 36.643684302160693 ], [ -121.703563773655276, 36.643681069106016 ], [ -121.703571822910561, 36.644040913098429 ], [ -121.703795781498783, 36.644037679594597 ], [ -121.703799806687883, 36.644217601563852 ], [ -121.704247724870442, 36.644211133280578 ] ] ] } },
{ "type": "Feature", "properties": { "area_ha": 10.236960821893186, "count": 256, "min_ha": 0.2, "post_date": "2023-03-25" }, "geometry": { "type": "MultiPolygon", "coordinates": [ [ [ [ -121.712329000778098, 36.654892942625253 ], [ -121.712105010623077, 36.654896192307746 ], [ -121.712109056015279, 36.655076113270887 ], [ -121.712333046691327, 36.655072863588394 ], [ -121.712329000778098, 36.654892942625253 ] ] ], [ [ [ -121.710052733619548, 36.653306130452997 ], [ -121.710056774079987, 36.653486051595806 ], [ -121.710280760165645, 36.653482805803023 ], [ -121.710276719184179, 36.653302884669195 ], [ -121.710052733619548, 36.653306130452997 ] ] ], [ [ [ -121.704132467192665, 36.64907225604663 ], [ -121.704136493441766, 36.649252177674526 ], [ -121.7043604673283, 36.649248943110678 ], [ -121.704364494125386, 36.649428864711624 ], [ -121.704588468523951, 36.649425629716589 ], [ -121.704596523223032, 36.649785472873567 ], [ -121.704820498663651, 36.649782237438359 ], [ -121.70482452657464, 36.649962158994384 ], [ -121.705048502518324, 36.649958923127983 ], [ -121.705052530977284, 36.650138844657064 ], [ -121.705500483879732, 36.65013237163069 ], [ -121.705504513407675, 36.650312293141809 ], [ -121.705728490357473, 36.650309055981829 ], [ -121.705732520442382, 36.650488977465997 ], [ -121.705956497904211, 36.650485739874831 ], [ -121.705960528528109, 36.650665661350011 ], [ -121.7064084844489, 36.650659184874108 ], [ -121.706412516159759, 36.650839106313356 ], [ -121.706636494618721, 36.6508358674376 ], [ -121.70664052687755, 36.651015788858878 ], [ -121.706864505848543, 36.651012549542948 ], [ -121.706868538646376, 36.651192470946263 ], [ -121.707092518129414, 36.65118923119914 ], [ -121.707096551475203, 36.651369152584493 ], [ -121.707320531470288, 36.651365912406177 ], [ -121.707324565364047, 36.65154583376458 ], [ -121.707548545871163, 36.651542593155071 ], [ -121.707544511438414, 36.651362671796676 ], [ -121.707768491397559, 36.651359430773944 ], [ -121.707772526351334, 36.651539352123358 ], [ -121.708220487257776, 36.651532868775341 ], [ -121.70823259540694, 36.652072632697831 ], [ -121.708904541392926, 36.652062904428391 ], [ -121.708916654473839, 36.65260266817122 ], [ -121.708692670912455, 36.65260591137686 ], [ -121.708696708120996, 36.652785832618477 ], [ -121.708920692212402, 36.652782589403856 ], [ -121.708924729959932, 36.652962510618529 ], [ -121.709820668247914, 36.652949533484069 ], [ -121.709824708133453, 36.653129454653822 ], [ -121.70892876773442, 36.653142431815233 ], [ -121.708932805526885, 36.653322353002949 ], [ -121.709156791181343, 36.653319109348161 ], [ -121.709160829521778, 36.653499030517914 ], [ -121.709384815688281, 36.653495786422944 ], [ -121.709388854576673, 36.653675707574735 ], [ -121.709612841255222, 36.653672463048572 ], [ -121.709604762445366, 36.653312620753979 ], [ -121.710052733619548, 36.653306130452997 ], [ -121.710048693186039, 36.653126209301213 ], [ -121.710496663237322, 36.653119717320386 ], [ -121.710500704730848, 36.653299638454207 ], [ -121.710724690250558, 36.65329639182599 ], [ -121.71072873229204, 36.653476312941841 ], [ -121.710952718332791, 36.653473065873449 ], [ -121.710956760922244, 36.653652986971338 ], [ -121.711180747466045, 36.65364973947176 ], [ -121.711184790603468, 36.653829660551679 ], [ -121.71140877765032, 36.65382641261192 ], [ -121.711412821344709, 36.654006333673877 ], [ -121.711636808903606, 36.654003085311913 ], [ -121.711640853136984, 36.654183006346919 ], [ -121.711864841207912, 36.654179757553763 ], [ -121.711868885998243, 36.654359678570799 ], [ -121.712092874581217, 36.654356429337469 ], [ -121.712096919910536, 36.654536350345531 ], [ -121.712320909005541, 36.654533100681007 ], [ -121.712329000778098, 36.654892942625253 ], [ -121.712552990915157, 36.654889692529537 ], [ -121.71256108381958, 36.655249534410906 ], [ -121.712785074989711, 36.655246283866035 ], [ -121.712793169034995, 36.655606125693502 ], [ -121.712569176813844, 36.655609376256344 ], [ -121.712585363017965, 36.65632905978552 ], [ -121.712809357359134, 36.656325809204716 ], [ -121.71281340448509, 36.656505730051073 ], [ -121.713261394182524, 36.656499227577925 ], [ -121.713257345996567, 36.656319306749531 ], [ -121.713481340283835, 36.65631605488413 ], [ -121.713477291585832, 36.656136134046754 ], [ -121.713925279046478, 36.65612962905832 ], [ -121.713917179593324, 36.655769787383569 ], [ -121.713693186932005, 36.65577304007541 ], [ -121.713689137766877, 36.655593119211083 ], [ -121.713465145608609, 36.655596371471738 ], [ -121.713461096991452, 36.655416450580461 ], [ -121.713237105345229, 36.65541970240993 ], [ -121.713224961191585, 36.654879939664234 ], [ -121.71300097111741, 36.654883191044533 ], [ -121.712996923632133, 36.654703270099361 ], [ -121.712772934069989, 36.654706521039493 ], [ -121.712768887132697, 36.654526600076352 ], [ -121.712544898073617, 36.654529850585291 ], [ -121.712540851684281, 36.65434992960418 ], [ -121.712316863146228, 36.654353179681927 ], [ -121.712312817304863, 36.654173258673872 ], [ -121.71208882926986, 36.654176508329414 ], [ -121.712084783976479, 36.653996587303389 ], [ -121.711860796453507, 36.653999836518757 ], [ -121.711856751708098, 36.653819915474763 ], [ -121.71163276468819, 36.653823164258938 ], [ -121.711628720490751, 36.653643243188 ], [ -121.71140473399187, 36.653646491540982 ], [ -121.711400690342401, 36.653466570461056 ], [ -121.71117670434657, 36.653469818373864 ], [ -121.711172661245072, 36.653289897275975 ], [ -121.710948675761287, 36.653293144757598 ], [ -121.710944633207774, 36.653113223641739 ], [ -121.710720648227039, 36.653116470692169 ], [ -121.710716606230463, 36.652936549549359 ], [ -121.710492621761787, 36.652939796168596 ], [ -121.710484538864591, 36.652579953838071 ], [ -121.710260555437941, 36.652583200017126 ], [ -121.710256514555283, 36.652403278820422 ], [ -121.710032531631697, 36.652406524568292 ], [ -121.71002849129701, 36.652226603353625 ], [ -121.709804508885469, 36.652229848670302 ], [ -121.709800469098752, 36.652049927437666 ], [ -121.709576487199243, 36.65205317232315 ], [ -121.709568408730746, 36.651693329812964 ], [ -121.709344427873276, 36.651696574249293 ], [ -121.709340389191496, 36.651516652971736 ], [ -121.709116408846072, 36.651519896976879 ], [ -121.709112370712262, 36.65133997568136 ], [ -121.708888390878869, 36.651343219255303 ], [ -121.708880315734135, 36.650983376601381 ], [ -121.708656336933814, 36.650986619735157 ], [ -121.708652299913922, 36.650806698385736 ], [ -121.708428321625632, 36.650809941088319 ], [ -121.708424285162693, 36.650630019711947 ], [ -121.708200307377467, 36.650633261992326 ], [ -121.708196271462484, 36.650453340597991 ], [ -121.707972294189304, 36.650456582438188 ], [ -121.707968258822305, 36.650276661025885 ], [ -121.707744282061157, 36.650279902434896 ], [ -121.707740247242128, 36.65009998100463 ], [ -121.707516270993025, 36.65010322197346 ], [ -121.707512236712986, 36.649923300525224 ], [ -121.707288260975915, 36.649926541071849 ], [ -121.707284227252828, 36.649746619596669 ], [ -121.70706025201882, 36.649749859712102 ], [ -121.707056218843718, 36.649569938218953 ], [ -121.706832244121742, 36.649573177894212 ], [ -121.706828211494596, 36.649393256383092 ], [ -121.706604237284679, 36.649396495636147 ], [ -121.706600205196523, 36.649216574098084 ], [ -121.706152257773795, 36.649223051301625 ], [ -121.706148226772598, 36.649043129745593 ], [ -121.70570028032904, 36.649049605233351 ], [ -121.705696250405822, 36.648869683650375 ], [ -121.705472277687107, 36.648872920747465 ], [ -121.705468248302878, 36.648692999146519 ], [ -121.705020303862554, 36.648699472056116 ], [ -121.705016275565299, 36.648519550419238 ], [ -121.704568332104145, 36.648526021613044 ], [ -121.704572359350379, 36.648705943258911 ], [ -121.703900442433877, 36.648715646878571 ], [ -121.703908493809195, 36.649075490179278 ], [ -121.704132467192665, 36.64907225604663 ] ], [ [ -121.709364621542719, 36.652596180493319 ], [ -121.709360582771112, 36.652416259269671 ], [ -121.709136599775661, 36.652419503310739 ], [ -121.70914063801726, 36.652599424543375 ], [ -121.709364621542719, 36.652596180493319 ] ], [ [ -121.709364621542719, 36.652596180493319 ], [ -121.709368660332302, 36.652776101699011 ], [ -121.709592644360825, 36.652772857208781 ], [ -121.709588605041233, 36.652592936012077 ], [ -121.709364621542719, 36.652596180493319 ] ], [ [ -121.704588468523951, 36.649425629716589 ], [ -121.704812442904569, 36.64942239429935 ], [ -121.704808415056462, 36.649242472707385 ], [ -121.704584441205853, 36.649245708124624 ], [ -121.704588468523951, 36.649425629716589 ] ], [ [ -121.704132467192665, 36.64907225604663 ], [ -121.704356440558186, 36.649069021491769 ], [ -121.704352413806021, 36.648889099863872 ], [ -121.704128440970521, 36.648892334418733 ], [ -121.704132467192665, 36.64907225604663 ] ], [ [ -121.706624397976967, 36.650296103101887 ], [ -121.706628430172913, 36.650476024559097 ], [ -121.707076384916917, 36.650469545549946 ], [ -121.707072351669936, 36.650289624110698 ], [ -121.706624397976967, 36.650296103101887 ] ], [ [ -121.706164350903137, 36.649762815897844 ], [ -121.706388326209009, 36.649759577489213 ], [ -121.706384294623902, 36.649579655978101 ], [ -121.706160319848038, 36.649582894377751 ], [ -121.706164350903137, 36.649762815897844 ] ], [ [ -121.706168381985179, 36.649942737408963 ], [ -121.706164350903137, 36.649762815897844 ], [ -121.705940375579289, 36.649766053884271 ], [ -121.705944406131323, 36.649945975404371 ], [ -121.706168381985179, 36.649942737408963 ] ], [ [ -121.706624397976967, 36.650296103101887 ], [ -121.706620365798983, 36.6501161816267 ], [ -121.707068318431936, 36.650109702653481 ], [ -121.707064285220895, 36.649929781187282 ], [ -121.706168381985179, 36.649942737408963 ], [ -121.706172413085184, 36.650122658902106 ], [ -121.706396389451058, 36.650119420484494 ], [ -121.706400421099048, 36.650299341959673 ], [ -121.706624397976967, 36.650296103101887 ] ] ], [ [ [ -121.708924729959932, 36.652962510618529 ], [ -121.708700745347514, 36.652965753833143 ], [ -121.708704782583013, 36.653145675047817 ], [ -121.70892876773442, 36.653142431815233 ], [ -121.708924729959932, 36.652962510618529 ] ] ], [ [ [ -121.707772526351334, 36.651539352123358 ], [ -121.707548545871163, 36.651542593155071 ], [ -121.707552580312907, 36.651722514495511 ], [ -121.707776561323072, 36.651719273454809 ], [ -121.707772526351334, 36.651539352123358 ] ] ] ] } },
{ "type": "Feature", "properties": { "area_ha": 22.753186417562961, "count": 569, "min_ha": 0.2, "post_date": "2023-03-25" }, "geometry": { "type": "MultiPolygon", "coordinates": [ [ [ [ -121.722836063177184, 36.663739013856649 ], [ -121.723060078880295, 36.663735743827317 ], [ -121.723047863768727, 36.663195983740636 ], [ -121.72282384965564, 36.663199253752005 ], [ -121.722836063177184, 36.663739013856649 ] ] ], [ [ [ -121.721740396065073, 36.664834877771682 ], [ -121.721744464750586, 36.66501479775566 ], [ -121.72196848425358, 36.665011529792451 ], [ -121.721964415038045, 36.664831609817462 ], [ -121.721740396065073, 36.664834877771682 ] ] ], [ [ [ -121.722836063177184, 36.663739013856649 ], [ -121.72261204745611, 36.663742283463776 ], [ -121.722607976794308, 36.663562363434878 ], [ -121.722383961576284, 36.663565632610812 ], [ -121.722379891462438, 36.66338571255497 ], [ -121.72215587675646, 36.663388981299704 ], [ -121.7221477376427, 36.663029141143106 ], [ -121.721923723978762, 36.663032409447666 ], [ -121.721915585996868, 36.662672569228185 ], [ -121.721691573366002, 36.662675837092578 ], [ -121.721699710287879, 36.663035677321041 ], [ -121.721475696588001, 36.663038944772211 ], [ -121.721471628648089, 36.662859024653486 ], [ -121.721247615451276, 36.662862291673456 ], [ -121.721243548059334, 36.662682371536768 ], [ -121.721019535374566, 36.662685638125552 ], [ -121.721015468530595, 36.662505717970895 ], [ -121.720791456357858, 36.662508984119505 ], [ -121.720783323783834, 36.662149143756288 ], [ -121.721231345991299, 36.662142611054826 ], [ -121.721227278680203, 36.661962690864236 ], [ -121.721003268106472, 36.661965957426069 ], [ -121.720999201343361, 36.66178603721751 ], [ -121.72077519128166, 36.66178930333917 ], [ -121.72077112506652, 36.661609383121629 ], [ -121.720323105949248, 36.661615914071376 ], [ -121.720319040812072, 36.661435993826885 ], [ -121.7200950317565, 36.661439258654973 ], [ -121.720090967158313, 36.66125933838353 ], [ -121.719642950044289, 36.661265866764097 ], [ -121.719638886533062, 36.661085946465704 ], [ -121.719190870398208, 36.661092473130488 ], [ -121.719182745540706, 36.660732632461844 ], [ -121.718734731445011, 36.660739157392875 ], [ -121.718730670107718, 36.660559237031606 ], [ -121.718506663558443, 36.660562498850339 ], [ -121.718502602760125, 36.660382578471101 ], [ -121.718054590676672, 36.660389100814982 ], [ -121.71805865041496, 36.660569021221171 ], [ -121.717834643811784, 36.660572281764296 ], [ -121.717830584603504, 36.660392361358106 ], [ -121.716710553950179, 36.660408657668725 ], [ -121.716702440878578, 36.660048816748557 ], [ -121.716926445990552, 36.660045558343427 ], [ -121.716922388956178, 36.659865637874354 ], [ -121.716474379774283, 36.659872154226477 ], [ -121.716490603788486, 36.660591836102753 ], [ -121.716266597059544, 36.660595093672448 ], [ -121.716270652575759, 36.660775014123551 ], [ -121.715598630664175, 36.660784784299395 ], [ -121.715602684626305, 36.660964704759479 ], [ -121.71537867674752, 36.660967960640349 ], [ -121.715390837142706, 36.661507721957719 ], [ -121.714942818169163, 36.661514232497744 ], [ -121.714946870613147, 36.661694152930878 ], [ -121.71472286056941, 36.661697407572071 ], [ -121.714743120435713, 36.662597009585035 ], [ -121.714519107724001, 36.662600263830967 ], [ -121.71452315922474, 36.662780184210206 ], [ -121.714299145965043, 36.662783438042908 ], [ -121.71430319695375, 36.662963358413165 ], [ -121.714079183146083, 36.662966611823663 ], [ -121.71408323363174, 36.663146532193913 ], [ -121.714307247969415, 36.663143278765453 ], [ -121.714311298994048, 36.663323199117741 ], [ -121.714535313843754, 36.663319945258081 ], [ -121.714539365416371, 36.663499865583418 ], [ -121.714763380778123, 36.663496611292572 ], [ -121.714767432898711, 36.663676531599947 ], [ -121.715663496250144, 36.663663510169556 ], [ -121.715655387786896, 36.663303669608716 ], [ -121.716103417225796, 36.663297156364763 ], [ -121.716095306723375, 36.662937315785953 ], [ -121.716319320351374, 36.662934058539648 ], [ -121.716315264601604, 36.662754138241262 ], [ -121.716539277690615, 36.662750880581733 ], [ -121.716531165175965, 36.662391039958003 ], [ -121.716755177186997, 36.662387781885251 ], [ -121.716751120431113, 36.662207861559914 ], [ -121.716975131894174, 36.662204603073931 ], [ -121.716971074626244, 36.662024682748594 ], [ -121.717419096438462, 36.662018164510009 ], [ -121.717423154757412, 36.662198084826365 ], [ -121.71764716615759, 36.66219482506478 ], [ -121.717651225033507, 36.662374745354185 ], [ -121.71787523694573, 36.662371485161401 ], [ -121.717879296360636, 36.662551405432843 ], [ -121.718327321191182, 36.662544883753711 ], [ -121.718323260707294, 36.662364963500238 ], [ -121.718099248839991, 36.662368224537431 ], [ -121.718095188904059, 36.662188304265996 ], [ -121.718319200250335, 36.662185043228803 ], [ -121.718315139811352, 36.662005122939398 ], [ -121.718763161390015, 36.661998599607365 ], [ -121.718759099908979, 36.661818679326942 ], [ -121.718983110141352, 36.661815417032102 ], [ -121.7189871721434, 36.661995337303544 ], [ -121.719211182887818, 36.661992074568531 ], [ -121.719215245437837, 36.662171994822003 ], [ -121.718991234172407, 36.662175257565998 ], [ -121.718995296219376, 36.66235517781049 ], [ -121.719219308014814, 36.662351915066495 ], [ -121.719223370609754, 36.662531835293017 ], [ -121.719447382917224, 36.662528572117836 ], [ -121.719451446060148, 36.662708492326388 ], [ -121.719675458879664, 36.662705228720014 ], [ -121.719679522570544, 36.662885148901623 ], [ -121.719903535893124, 36.662881884864056 ], [ -121.719907600131975, 36.663061805036676 ], [ -121.720131613966586, 36.663058540558936 ], [ -121.720135678753422, 36.663238460704612 ], [ -121.719911664388803, 36.663241725191334 ], [ -121.719915728663594, 36.66342164533701 ], [ -121.720139743558221, 36.663418380850288 ], [ -121.720143808389963, 36.663598300977995 ], [ -121.720367823796622, 36.663595036051092 ], [ -121.720371889167367, 36.663774956160836 ], [ -121.720595905086071, 36.663771690802747 ], [ -121.720599971004773, 36.663951610894522 ], [ -121.721048003839314, 36.663945078893747 ], [ -121.721043936851615, 36.663765158819935 ], [ -121.721267952716431, 36.663761892186237 ], [ -121.721272020225143, 36.663941812251068 ], [ -121.72149603659301, 36.663938545186177 ], [ -121.721500104649706, 36.664118465233038 ], [ -121.721276087751846, 36.66412173230691 ], [ -121.721280155296498, 36.66430165234479 ], [ -121.72150417272438, 36.664298385270911 ], [ -121.721508240817002, 36.664478305290821 ], [ -121.721732258756916, 36.664475037776775 ], [ -121.721736327397522, 36.664654957778723 ], [ -121.722184364274483, 36.664648421466033 ], [ -121.722180294573874, 36.664468501482055 ], [ -121.722404312450905, 36.6644652326924 ], [ -121.722400242238251, 36.664285312699434 ], [ -121.722624259567311, 36.664282043496556 ], [ -121.722616118135889, 36.663922203492668 ], [ -121.722840134386971, 36.663918933876559 ], [ -121.722836063177184, 36.663739013856649 ] ], [ [ -121.721267952716431, 36.663761892186237 ], [ -121.721715984374171, 36.663755357643232 ], [ -121.721711915823406, 36.66357543758739 ], [ -121.721263885225667, 36.663581972103444 ], [ -121.721267952716431, 36.663761892186237 ] ], [ [ -121.721043936851615, 36.663765158819935 ], [ -121.721039869890859, 36.66358523872816 ], [ -121.720815854547084, 36.663588504930672 ], [ -121.720819920977831, 36.663768425022447 ], [ -121.721043936851615, 36.663765158819935 ] ], [ [ -121.717419096438462, 36.662018164510009 ], [ -121.717643107308632, 36.662014904757406 ], [ -121.717639048477636, 36.66183498444105 ], [ -121.717415038128479, 36.661838244184672 ], [ -121.717419096438462, 36.662018164510009 ] ], [ [ -121.720351562493349, 36.662875355504326 ], [ -121.720347497212458, 36.662695435331699 ], [ -121.720123484455812, 36.66269870022267 ], [ -121.720127549197727, 36.662878620395297 ], [ -121.720351562493349, 36.662875355504326 ] ], [ [ -121.719651077138593, 36.661625707324944 ], [ -121.71964701358246, 36.661445787044521 ], [ -121.719423004472986, 36.661449050605981 ], [ -121.719427067499112, 36.661628970886404 ], [ -121.719651077138593, 36.661625707324944 ] ], [ [ -121.719198995336555, 36.661452313736248 ], [ -121.7191949328584, 36.661272393437862 ], [ -121.718746915591652, 36.661278918413807 ], [ -121.718742854191476, 36.66109899808847 ], [ -121.718294837912879, 36.661105521348638 ], [ -121.718286717277465, 36.660745680626093 ], [ -121.718062710171225, 36.66074894160041 ], [ -121.718074889547822, 36.661288702693206 ], [ -121.718522906931341, 36.661282180268472 ], [ -121.718526967819486, 36.661462100584828 ], [ -121.718750977009805, 36.661458838730162 ], [ -121.718755038454901, 36.661638759037537 ], [ -121.718979048148285, 36.661635496742697 ], [ -121.718974986182161, 36.661455576444311 ], [ -121.719198995336555, 36.661452313736248 ] ], [ [ -121.717622813342288, 36.661115303049868 ], [ -121.717614695886894, 36.66075546228241 ], [ -121.71694267431667, 36.6607652401119 ], [ -121.716938617210431, 36.660585319687748 ], [ -121.716714610508447, 36.660588578110847 ], [ -121.716726780308989, 36.661128339365334 ], [ -121.716502772007999, 36.661131597384191 ], [ -121.716506828117105, 36.661311517790381 ], [ -121.71628281926813, 36.661314775387027 ], [ -121.716286874865204, 36.661494695784228 ], [ -121.716062865459278, 36.66149795296765 ], [ -121.716070975665261, 36.66185779374409 ], [ -121.716294986122207, 36.661854536542705 ], [ -121.71629904178215, 36.662034456912956 ], [ -121.716747063702172, 36.662027941225588 ], [ -121.716743006982213, 36.661848020882282 ], [ -121.716967017385258, 36.661844762405288 ], [ -121.716962960162249, 36.661664842053 ], [ -121.717186970017323, 36.661661583162783 ], [ -121.717178854565176, 36.661301742440237 ], [ -121.717402863333305, 36.66129848313679 ], [ -121.717398805113149, 36.661118562766539 ], [ -121.717622813342288, 36.661115303049868 ] ], [ [ -121.715846965181356, 36.66186105051429 ], [ -121.715842910599392, 36.66168113012607 ], [ -121.715618900636514, 36.661684386465076 ], [ -121.715622954688484, 36.661864306862277 ], [ -121.715846965181356, 36.66186105051429 ] ], [ [ -121.715635116952157, 36.662404067982024 ], [ -121.715631062846299, 36.662224147620755 ], [ -121.715407051266453, 36.662227403555519 ], [ -121.715411104851299, 36.66240732392577 ], [ -121.715635116952157, 36.662404067982024 ] ] ], [ [ [ -121.721911517032879, 36.662492649100479 ], [ -121.721915585996868, 36.662672569228185 ], [ -121.722139598600791, 36.662669300941587 ], [ -121.722135529106794, 36.662489380822862 ], [ -121.721911517032879, 36.662492649100479 ] ] ], [ [ [ -121.721231345991299, 36.662142611054826 ], [ -121.721239480685355, 36.662502451391092 ], [ -121.721911517032879, 36.662492649100479 ], [ -121.721907448086853, 36.662312728963784 ], [ -121.72168343652497, 36.662315996810207 ], [ -121.721679368126914, 36.662136076646568 ], [ -121.721231345991299, 36.662142611054826 ] ] ], [ [ [ -121.721736327397522, 36.664654957778723 ], [ -121.721512308936582, 36.66465822530175 ], [ -121.721516377074124, 36.664838145303698 ], [ -121.721740396065073, 36.664834877771682 ], [ -121.721736327397522, 36.664654957778723 ] ] ], [ [ [ -121.721296425681743, 36.66502133239748 ], [ -121.721300493325202, 36.665201252381458 ], [ -121.721524513394129, 36.665197985262672 ], [ -121.721520445220648, 36.665018065287676 ], [ -121.721296425681743, 36.66502133239748 ] ] ], [ [ [ -121.721508240817002, 36.664478305290821 ], [ -121.721284222868107, 36.664481572373681 ], [ -121.721280155296498, 36.66430165234479 ], [ -121.720832120386845, 36.664308185225906 ], [ -121.720836186898438, 36.664488105272767 ], [ -121.721060204892254, 36.66448483903433 ], [ -121.721064271951818, 36.664664759063221 ], [ -121.721512308936582, 36.66465822530175 ], [ -121.721508240817002, 36.664478305290821 ] ] ], [ [ [ -121.721300493325202, 36.665201252381458 ], [ -121.721076473238313, 36.665204519069057 ], [ -121.721072406124847, 36.665024599076098 ], [ -121.720624366939219, 36.665031131175681 ], [ -121.720628432992669, 36.665211051177629 ], [ -121.72040441284291, 36.665214316589619 ], [ -121.720408478393296, 36.665394236591567 ], [ -121.720632499073076, 36.665390971170588 ], [ -121.720636565162465, 36.665570891154566 ], [ -121.720860586354277, 36.66556762529342 ], [ -121.720864653000618, 36.665747545259435 ], [ -121.721088674695494, 36.66574427896709 ], [ -121.721080540369755, 36.665384439044054 ], [ -121.721304560986653, 36.665381172347473 ], [ -121.721300493325202, 36.665201252381458 ] ] ], [ [ [ -121.721068339020377, 36.66484467907415 ], [ -121.721072406124847, 36.665024599076098 ], [ -121.721296425681743, 36.66502133239748 ], [ -121.721292358056232, 36.66484141240452 ], [ -121.721068339020377, 36.66484467907415 ] ] ], [ [ [ -121.721272020225143, 36.663941812251068 ], [ -121.721048003839314, 36.663945078893747 ], [ -121.721052070836009, 36.664124998949589 ], [ -121.721276087751846, 36.66412173230691 ], [ -121.721272020225143, 36.663941812251068 ] ] ], [ [ [ -121.721064271951818, 36.664664759063221 ], [ -121.720840253427994, 36.664668025310647 ], [ -121.720844319975527, 36.664847945330557 ], [ -121.721068339020377, 36.66484467907415 ], [ -121.721064271951818, 36.664664759063221 ] ] ], [ [ [ -121.720864653000618, 36.665747545259435 ], [ -121.720640631278798, 36.665750811120581 ], [ -121.720644697413107, 36.665930731077609 ], [ -121.720868719655954, 36.665927465207481 ], [ -121.720864653000618, 36.665747545259435 ] ] ], [ [ [ -121.720836186898438, 36.664488105272767 ], [ -121.72061216888666, 36.664491371088999 ], [ -121.720616234886208, 36.664671291126879 ], [ -121.720840253427994, 36.664668025310647 ], [ -121.720836186898438, 36.664488105272767 ] ] ], [ [ [ -121.720604036941452, 36.664131530968334 ], [ -121.720608102905075, 36.664311451033157 ], [ -121.720832120386845, 36.664308185225906 ], [ -121.720828053902196, 36.664128265170064 ], [ -121.720604036941452, 36.664131530968334 ] ] ], [ [ [ -121.720636565162465, 36.665570891154566 ], [ -121.72018852273392, 36.665577421592275 ], [ -121.720192587790237, 36.665757341576253 ], [ -121.720640631278798, 36.665750811120581 ], [ -121.720636565162465, 36.665570891154566 ] ] ], [ [ [ -121.720396281813976, 36.66485447655878 ], [ -121.720400347319455, 36.66503439657869 ], [ -121.720624366939219, 36.665031131175681 ], [ -121.720620300903732, 36.664851211155771 ], [ -121.720396281813976, 36.66485447655878 ] ] ], [ [ [ -121.720608102905075, 36.664311451033157 ], [ -121.720384085405328, 36.664314716409216 ], [ -121.720380019971714, 36.664134796344392 ], [ -121.720156002975031, 36.664138061289258 ], [ -121.720151938098368, 36.663958141197483 ], [ -121.719927921613717, 36.663961405711156 ], [ -121.719923857276044, 36.663781485601412 ], [ -121.720147873230687, 36.663778221087739 ], [ -121.720143808389963, 36.663598300977995 ], [ -121.719919792965328, 36.663601565473705 ], [ -121.719915728663594, 36.66342164533701 ], [ -121.71969171375099, 36.663424909401527 ], [ -121.719699841303452, 36.66378474967491 ], [ -121.71947582531287, 36.663788013335186 ], [ -121.719479888590527, 36.663967933462899 ], [ -121.719255872051988, 36.663971196700963 ], [ -121.719263997601189, 36.664331036929433 ], [ -121.719039979984672, 36.664334299754273 ], [ -121.719044042256215, 36.664514219864017 ], [ -121.71926806040274, 36.664510957030195 ], [ -121.719272123231249, 36.664690877112982 ], [ -121.71949614188982, 36.664687613847967 ], [ -121.719500205257305, 36.664867533912798 ], [ -121.719724224427921, 36.664864270207602 ], [ -121.719728288343376, 36.665044190254463 ], [ -121.720176327681727, 36.665037661568476 ], [ -121.720172262706242, 36.664857741530597 ], [ -121.720396281813976, 36.66485447655878 ], [ -121.720388150856905, 36.664494636474039 ], [ -121.72061216888666, 36.664491371088999 ], [ -121.720608102905075, 36.664311451033157 ] ] ], [ [ [ -121.720599971004773, 36.663951610894522 ], [ -121.720375954556062, 36.66395487625261 ], [ -121.720380019971714, 36.664134796344392 ], [ -121.720604036941452, 36.664131530968334 ], [ -121.720599971004773, 36.663951610894522 ] ] ], [ [ [ -121.72019665286453, 36.665937261542261 ], [ -121.720204783075985, 36.666297101456323 ], [ -121.720428806414787, 36.666293836421623 ], [ -121.720420675152283, 36.665933996525531 ], [ -121.72019665286453, 36.665937261542261 ] ] ], [ [ [ -121.720400347319455, 36.66503439657869 ], [ -121.720176327681727, 36.665037661568476 ], [ -121.720180392684156, 36.665217581588387 ], [ -121.72040441284291, 36.665214316589619 ], [ -121.720400347319455, 36.66503439657869 ] ] ], [ [ [ -121.720371889167367, 36.663774956160836 ], [ -121.720147873230687, 36.663778221087739 ], [ -121.720151938098368, 36.663958141197483 ], [ -121.720375954556062, 36.66395487625261 ], [ -121.720371889167367, 36.663774956160836 ] ] ], [ [ [ -121.720204783075985, 36.666297101456323 ], [ -121.719980759710253, 36.66630036606881 ], [ -121.7199726305588, 36.665940526136787 ], [ -121.72019665286453, 36.665937261542261 ], [ -121.720192587790237, 36.665757341576253 ], [ -121.719968566014515, 36.66576060616179 ], [ -121.719964501488192, 36.66558068616883 ], [ -121.719740480224516, 36.665583950323182 ], [ -121.719748608235108, 36.6659437903091 ], [ -121.719524585893438, 36.66594705405921 ], [ -121.719528649404666, 36.666126974043188 ], [ -121.719080603607438, 36.666133500267797 ], [ -121.719072478722978, 36.665773660263902 ], [ -121.71884845685743, 36.665776922729421 ], [ -121.718844394972152, 36.66559700270053 ], [ -121.719068416316688, 36.665593740243992 ], [ -121.71906435392836, 36.665413820206119 ], [ -121.718840333113832, 36.665417082653669 ], [ -121.718836271273474, 36.665237162606807 ], [ -121.718612250970992, 36.665240424614183 ], [ -121.718608189669624, 36.665060504549352 ], [ -121.718160150070773, 36.665067027288501 ], [ -121.718176391126022, 36.665786707565772 ], [ -121.718400413054454, 36.665783446375862 ], [ -121.718404473897678, 36.66596336640476 ], [ -121.718628496338155, 36.665960104792639 ], [ -121.718636619138522, 36.666319944805515 ], [ -121.718412595638029, 36.6663232064356 ], [ -121.718416656535155, 36.66650312643754 ], [ -121.718640680565642, 36.666499864789493 ], [ -121.718644742010738, 36.666679784764483 ], [ -121.71886876654429, 36.666676522694232 ], [ -121.718872828546338, 36.666856442651259 ], [ -121.719320878610574, 36.666849917208182 ], [ -121.719324941690601, 36.667029837138266 ], [ -121.719772992742975, 36.667023309988394 ], [ -121.719768928611927, 36.666843390067299 ], [ -121.720216978523439, 36.666836861228596 ], [ -121.720204783075985, 36.666297101456323 ] ] ], [ [ [ -121.719964501488192, 36.66558068616883 ], [ -121.72018852273392, 36.665577421592275 ], [ -121.720184457695552, 36.665397501590327 ], [ -121.719960436979846, 36.665400766166883 ], [ -121.719964501488192, 36.66558068616883 ] ] ], [ [ [ -121.719907600131975, 36.663061805036676 ], [ -121.719683586279402, 36.663065069083231 ], [ -121.719679522570544, 36.662885148901623 ], [ -121.719455509221021, 36.662888412525966 ], [ -121.719451446060148, 36.662708492326388 ], [ -121.719227433222656, 36.662711755510557 ], [ -121.719223370609754, 36.662531835293017 ], [ -121.718775345940898, 36.662538360376765 ], [ -121.718779407493784, 36.662718280612275 ], [ -121.719003420367201, 36.662715018272522 ], [ -121.719007482468072, 36.662894938481074 ], [ -121.718783469064647, 36.662898200829815 ], [ -121.718787530662453, 36.663078121038367 ], [ -121.718563516702076, 36.663081382964897 ], [ -121.718559455643259, 36.662901462747357 ], [ -121.718335442203895, 36.662904724242694 ], [ -121.718343563288485, 36.663264564668786 ], [ -121.718119548771142, 36.663267825759881 ], [ -121.718123608814864, 36.663447745959459 ], [ -121.717899593740583, 36.663451006628343 ], [ -121.717907712830893, 36.66381084701851 ], [ -121.718131728956223, 36.663807586340639 ], [ -121.718135789062828, 36.663987506513266 ], [ -121.718583822310592, 36.663980983863951 ], [ -121.718587883495175, 36.664160904009627 ], [ -121.718811900617624, 36.664157642038184 ], [ -121.718807838912014, 36.663977721901489 ], [ -121.719031855486492, 36.663974459507841 ], [ -121.71902779326885, 36.663794539371146 ], [ -121.71947582531287, 36.663788013335186 ], [ -121.719471762053175, 36.663608093198498 ], [ -121.719247746574652, 36.663611356418599 ], [ -121.719243683862928, 36.663431436263942 ], [ -121.71969171375099, 36.663424909401527 ], [ -121.719687650006207, 36.66324498924687 ], [ -121.719911664388803, 36.663241725191334 ], [ -121.719907600131975, 36.663061805036676 ] ], [ [ -121.719007482468072, 36.662894938481074 ], [ -121.719011544595887, 36.663074858689633 ], [ -121.719235558502362, 36.663071595909706 ], [ -121.719231495853535, 36.662891675719116 ], [ -121.719007482468072, 36.662894938481074 ] ], [ [ -121.718571638891589, 36.663441223355058 ], [ -121.71857570001329, 36.663621143536666 ], [ -121.718799715554695, 36.663617881592174 ], [ -121.718795653902987, 36.663437961419554 ], [ -121.718571638891589, 36.663441223355058 ] ], [ [ -121.718571638891589, 36.663441223355058 ], [ -121.718567577787852, 36.663261303164468 ], [ -121.718343563288485, 36.663264564668786 ], [ -121.718347623862215, 36.663444484868364 ], [ -121.718571638891589, 36.663441223355058 ] ] ], [ [ [ -121.719728288343376, 36.665044190254463 ], [ -121.719504268651747, 36.66504745396864 ], [ -121.719508332064152, 36.665227374006513 ], [ -121.719732352285789, 36.665224110292343 ], [ -121.719728288343376, 36.665044190254463 ] ] ], [ [ [ -121.719500205257305, 36.664867533912798 ], [ -121.71927618606874, 36.664870797186794 ], [ -121.719280248933174, 36.665050717251624 ], [ -121.719504268651747, 36.66504745396864 ], [ -121.719500205257305, 36.664867533912798 ] ] ], [ [ [ -121.719068416316688, 36.665593740243992 ], [ -121.719072478722978, 36.665773660263902 ], [ -121.719296500579546, 36.665770397376178 ], [ -121.719292437634266, 36.665590477365257 ], [ -121.719068416316688, 36.665593740243992 ] ] ], [ [ [ -121.719060291549013, 36.665233900159258 ], [ -121.71906435392836, 36.665413820206119 ], [ -121.71928837471593, 36.665410557336358 ], [ -121.719284311815571, 36.665230637298485 ], [ -121.719060291549013, 36.665233900159258 ] ] ], [ [ [ -121.719272123231249, 36.664690877112982 ], [ -121.719048104554716, 36.664694139955792 ], [ -121.71905216687118, 36.664874060038585 ], [ -121.71927618606874, 36.664870797186794 ], [ -121.719272123231249, 36.664690877112982 ] ] ], [ [ [ -121.718832209451094, 36.665057242541977 ], [ -121.718836271273474, 36.665237162606807 ], [ -121.719060291549013, 36.665233900159258 ], [ -121.719056229196624, 36.665053980103416 ], [ -121.718832209451094, 36.665057242541977 ] ] ], [ [ [ -121.7189871721434, 36.661995337303544 ], [ -121.718763161390015, 36.661998599607365 ], [ -121.718767222888999, 36.6621785198788 ], [ -121.718991234172407, 36.662175257565998 ], [ -121.7189871721434, 36.661995337303544 ] ] ], [ [ [ -121.718608189669624, 36.665060504549352 ], [ -121.718832209451094, 36.665057242541977 ], [ -121.718828147646676, 36.664877322459191 ], [ -121.718604128395214, 36.664880584457578 ], [ -121.718608189669624, 36.665060504549352 ] ] ], [ [ [ -121.718779407493784, 36.662718280612275 ], [ -121.718555394593423, 36.662721542520835 ], [ -121.718559455643259, 36.662901462747357 ], [ -121.718783469064647, 36.662898200829815 ], [ -121.718779407493784, 36.662718280612275 ] ] ], [ [ [ -121.718367927018321, 36.664344085686572 ], [ -121.718371987699854, 36.664524005814279 ], [ -121.718596005909262, 36.664520744256059 ], [ -121.71859194468874, 36.664340824137334 ], [ -121.718367927018321, 36.664344085686572 ] ] ], [ [ [ -121.718319200250335, 36.662185043228803 ], [ -121.718323260707294, 36.662364963500238 ], [ -121.718547272565615, 36.662361702022871 ], [ -121.718543211578648, 36.662181781760417 ], [ -121.718319200250335, 36.662185043228803 ] ] ], [ [ [ -121.718371987699854, 36.664524005814279 ], [ -121.718147969481464, 36.664527266950287 ], [ -121.718143909320958, 36.664347346813599 ], [ -121.717695873872316, 36.664353867801026 ], [ -121.717699932972806, 36.664533787946702 ], [ -121.717475914691533, 36.664537047807102 ], [ -121.717471856121037, 36.664357127652444 ], [ -121.717023820555625, 36.664363646079671 ], [ -121.717031935603515, 36.664723486406956 ], [ -121.717255954450735, 36.664720227390973 ], [ -121.71726001253613, 36.664900147536649 ], [ -121.717708051227689, 36.664893628211104 ], [ -121.71772022876273, 36.665433388522359 ], [ -121.71794424967608, 36.665430128194835 ], [ -121.717936130244397, 36.665070288020267 ], [ -121.718160150070773, 36.665067027288501 ], [ -121.718152029659933, 36.664707187077994 ], [ -121.718376048408331, 36.664703925933004 ], [ -121.718371987699854, 36.664524005814279 ] ] ], [ [ [ -121.718139849178414, 36.664167426667923 ], [ -121.718143909320958, 36.664347346813599 ], [ -121.718367927018321, 36.664344085686572 ], [ -121.718363866345783, 36.664164165549877 ], [ -121.718139849178414, 36.664167426667923 ] ] ], [ [ [ -121.718135789062828, 36.663987506513266 ], [ -121.717911772407504, 36.663990767200112 ], [ -121.717915831993082, 36.664170687363757 ], [ -121.718139849178414, 36.664167426667923 ], [ -121.718135789062828, 36.663987506513266 ] ] ], [ [ [ -121.717883355802485, 36.662731325695297 ], [ -121.71788741525333, 36.66291124594877 ], [ -121.7181114287376, 36.662907985306838 ], [ -121.718107368747766, 36.662728065062346 ], [ -121.717883355802485, 36.662731325695297 ] ] ], [ [ [ -121.717907712830893, 36.66381084701851 ], [ -121.717683696687615, 36.66381410727417 ], [ -121.717687755725223, 36.66399402746476 ], [ -121.717911772407504, 36.663990767200112 ], [ -121.717907712830893, 36.66381084701851 ] ] ], [ [ [ -121.71788741525333, 36.66291124594877 ], [ -121.717663401760063, 36.662914506168498 ], [ -121.71765934283026, 36.662734585906044 ], [ -121.717883355802485, 36.662731325695297 ], [ -121.717879296360636, 36.662551405432843 ], [ -121.717655283918404, 36.662554665634602 ], [ -121.717651225033507, 36.662374745354185 ], [ -121.717427213094339, 36.662378005124751 ], [ -121.717423154757412, 36.662198084826365 ], [ -121.716975131894174, 36.662204603073931 ], [ -121.716979189180066, 36.662384523390287 ], [ -121.716755177186997, 36.662387781885251 ], [ -121.716763290752681, 36.662747622499992 ], [ -121.716539277690615, 36.662750880581733 ], [ -121.716543333970392, 36.662930800871138 ], [ -121.716767347562467, 36.662927542780416 ], [ -121.716771404399211, 36.66310746306084 ], [ -121.717219432589459, 36.663100945585825 ], [ -121.717223490495201, 36.663280865830309 ], [ -121.717447505093375, 36.663277606454997 ], [ -121.717451563547087, 36.663457526681526 ], [ -121.717675578657307, 36.66345426686604 ], [ -121.717667460707844, 36.663094426412989 ], [ -121.717891474731104, 36.66309116618428 ], [ -121.71788741525333, 36.66291124594877 ] ] ], [ [ [ -121.717467797568517, 36.664177207479817 ], [ -121.717471856121037, 36.664357127652444 ], [ -121.717695873872316, 36.664353867801026 ], [ -121.717691814789788, 36.66417394763738 ], [ -121.717467797568517, 36.664177207479817 ] ] ], [ [ [ -121.717239722324749, 36.664000546709453 ], [ -121.717243780329298, 36.664180466900049 ], [ -121.717467797568517, 36.664177207479817 ], [ -121.71746373903396, 36.663997287298209 ], [ -121.717239722324749, 36.664000546709453 ] ] ], [ [ [ -121.717007590693385, 36.663643965263411 ], [ -121.716783574999255, 36.663647223812269 ], [ -121.716779518117605, 36.663467303576766 ], [ -121.716555502935506, 36.66347056168545 ], [ -121.716551446592845, 36.663290641431978 ], [ -121.716103417225796, 36.663297156364763 ], [ -121.716111527809076, 36.66365699690764 ], [ -121.715887512043082, 36.663660253749704 ], [ -121.715891566831658, 36.663840174003177 ], [ -121.71611558312766, 36.663836917152132 ], [ -121.716123693827711, 36.664196757623145 ], [ -121.716347711165753, 36.664193500322945 ], [ -121.716355822997684, 36.664553340731075 ], [ -121.716579841377779, 36.664550082990694 ], [ -121.716583897846206, 36.664730003172302 ], [ -121.716807916738347, 36.664726745000735 ], [ -121.716799802750458, 36.664366904655488 ], [ -121.717023820555625, 36.664363646079671 ], [ -121.717015705588565, 36.664003805698492 ], [ -121.717239722324749, 36.664000546709453 ], [ -121.717235664338162, 36.663820626509882 ], [ -121.717011648131987, 36.663823885489933 ], [ -121.717007590693385, 36.663643965263411 ] ] ], [ [ [ -121.717003533281726, 36.663464045036889 ], [ -121.717007590693385, 36.663643965263411 ], [ -121.717231606369538, 36.663640706292341 ], [ -121.717227548427871, 36.663460786074801 ], [ -121.717003533281726, 36.663464045036889 ] ] ], [ [ [ -121.716775461244936, 36.663287383323294 ], [ -121.716779518117605, 36.663467303576766 ], [ -121.717003533281726, 36.663464045036889 ], [ -121.716999475879049, 36.663284124792398 ], [ -121.716775461244936, 36.663287383323294 ] ] ], [ [ [ -121.716771404399211, 36.66310746306084 ], [ -121.716547390268147, 36.663110721160542 ], [ -121.716551446592845, 36.663290641431978 ], [ -121.716775461244936, 36.663287383323294 ], [ -121.716771404399211, 36.66310746306084 ] ] ], [ [ [ -121.716543333970392, 36.662930800871138 ], [ -121.716319320351374, 36.662934058539648 ], [ -121.716323376128102, 36.663113978829053 ], [ -121.716547390268147, 36.663110721160542 ], [ -121.716543333970392, 36.662930800871138 ] ] ] ] } },
{ "type": "Feature", "properties": { "area_ha": 0.27989898430610399, "count": 7, "min_ha": 0.2, "post_date": "2023-03-25" }, "geometry": { "type": "Polygon", "coordinates": [ [ [ -121.727006807973908, 36.936514538678175 ], [ -121.727002712249103, 36.936334634729121 ], [ -121.726553071403259, 36.936341188756586 ], [ -121.726548976765415, 36.936161284780589 ], [ -121.726324156845536, 36.936164561143045 ], [ -121.726332345070205, 36.936524369095039 ], [ -121.726557166059067, 36.936521092714621 ], [ -121.726561260732851, 36.936700996663674 ], [ -121.726336439213981, 36.936704273053074 ], [ -121.726340533375719, 36.936884177002128 ], [ -121.726790177455499, 36.936877623783147 ], [ -121.726781987020985, 36.936517815911991 ], [ -121.727006807973908, 36.936514538678175 ] ] ] } },
{ "type": "Feature", "properties": { "area_ha": 0.23991356764392063, "count": 6, "min_ha": 0.2, "post_date": "2023-03-25" }, "geometry": { "type": "Polygon", "coordinates": [ [ [ -121.727632104141762, 36.934345856731468 ], [ -121.727607521905711, 36.933266432381394 ], [ -121.727382710609675, 36.933269710756072 ], [ -121.727407289638734, 36.934349135151059 ], [ -121.727632104141762, 36.934345856731468 ] ] ] } },
{ "type": "Feature", "properties": { "area_ha": 0.23991363196689863, "count": 6, "min_ha": 0.2, "post_date": "2023-03-25" }, "geometry": { "type": "MultiPolygon", "coordinates": [ [ [ [ -121.727582940379321, 36.932187007689961 ], [ -121.7273581322723, 36.932190286019726 ], [ -121.727378614175194, 36.933089806654309 ], [ -121.727603424932241, 36.933086528288612 ], [ -121.727582940379321, 36.932187007689961 ] ] ], [ [ [ -121.727582940379321, 36.932187007689961 ], [ -121.727807748459398, 36.932183728937986 ], [ -121.727803651072705, 36.93200382480029 ], [ -121.727578843522636, 36.932007103543285 ], [ -121.727582940379321, 36.932187007689961 ] ] ] ] } },
{ "type": "Feature", "properties": { "area_ha": 0.43986850649702536, "count": 11, "min_ha": 0.2, "post_date": "2023-03-25" }, "geometry": { "type": "MultiPolygon", "coordinates": [ [ [ [ -121.723011219476064, 36.661576702824817 ], [ -121.723015290982289, 36.661756622970493 ], [ -121.723239300846359, 36.661753352599803 ], [ -121.723235228810125, 36.661573432454126 ], [ -121.723011219476064, 36.661576702824817 ] ] ], [ [ [ -121.721634617050853, 36.660156954109894 ], [ -121.721630548886353, 36.659977033811508 ], [ -121.72140654417862, 36.659980301136905 ], [ -121.721410611822094, 36.660160221444279 ], [ -121.721634617050853, 36.660156954109894 ] ] ], [ [ [ -121.722550989496256, 36.661043481718821 ], [ -121.722559130307843, 36.661403322108988 ], [ -121.722783139156803, 36.661400052600676 ], [ -121.722787210115058, 36.661579972764322 ], [ -121.723011219476064, 36.661576702824817 ], [ -121.723003076508519, 36.661216862488551 ], [ -121.722779068207529, 36.661220132419068 ], [ -121.722774997285214, 36.661040212219497 ], [ -121.722550989496256, 36.661043481718821 ] ] ], [ [ [ -121.722322911844998, 36.660866830569418 ], [ -121.722326981698316, 36.661046750786959 ], [ -121.722550989496256, 36.661043481718821 ], [ -121.72254691912191, 36.66086356150128 ], [ -121.722322911844998, 36.660866830569418 ] ] ], [ [ [ -121.722094835253742, 36.660690178961865 ], [ -121.722098904550109, 36.660870099206356 ], [ -121.722322911844998, 36.660866830569418 ], [ -121.722318842018609, 36.660686910333908 ], [ -121.722094835253742, 36.660690178961865 ] ] ], [ [ [ -121.721866759713521, 36.660513526914144 ], [ -121.721870828470898, 36.660693447167617 ], [ -121.722094835253742, 36.660690178961865 ], [ -121.722090765975338, 36.66051025871738 ], [ -121.721866759713521, 36.660513526914144 ] ] ], [ [ [ -121.721634617050853, 36.660156954109894 ], [ -121.721642753442723, 36.660516794679722 ], [ -121.721866759713521, 36.660513526914144 ], [ -121.721858622270616, 36.660153686353304 ], [ -121.721634617050853, 36.660156954109894 ] ] ] ] } },
{ "type": "Feature", "properties": { "area_ha": 0.47985635872071569, "count": 12, "min_ha": 0.2, "post_date": "2023-03-25" }, "geometry": { "type": "MultiPolygon", "coordinates": [ [ [ [ -121.72392355132628, 36.662283299211843 ], [ -121.723919477637139, 36.66210337912905 ], [ -121.723695466775951, 36.662106650793319 ], [ -121.723691393634795, 36.661926730683575 ], [ -121.723467383285637, 36.661930001916645 ], [ -121.723475528516929, 36.662289842127151 ], [ -121.72392355132628, 36.662283299211843 ] ] ], [ [ [ -121.72392355132628, 36.662283299211843 ], [ -121.723931698758449, 36.662643139341498 ], [ -121.723707686298255, 36.662646411032711 ], [ -121.723711759520256, 36.662826331079572 ], [ -121.723487746521073, 36.662829602357561 ], [ -121.723491819222062, 36.663009522404423 ], [ -121.723267805674908, 36.663012793260201 ], [ -121.723271877863851, 36.663192713307062 ], [ -121.723495891941013, 36.663189442442302 ], [ -121.723499964686923, 36.663369362471194 ], [ -121.723723979276116, 36.663366091175241 ], [ -121.723715832751253, 36.663006251126433 ], [ -121.723939846262468, 36.663002979426238 ], [ -121.723935772501477, 36.662823059388359 ], [ -121.72415978545574, 36.662819787265953 ], [ -121.724147562699514, 36.662280027107407 ], [ -121.72392355132628, 36.662283299211843 ] ] ] ] } },
{ "type": "Feature", "properties": { "area_ha": 0.91970237404429467, "count": 23, "min_ha": 0.2, "post_date": "2023-03-25" }, "geometry": { "type": "Polygon", "coordinates": [ [ [ -121.730441922061075, 36.771613513294497 ], [ -121.730429637222272, 36.771073774291274 ], [ -121.730205305608635, 36.771077058190592 ], [ -121.730197116871921, 36.770717232119573 ], [ -121.729972786291341, 36.770720515578716 ], [ -121.729956411171528, 36.770000863283961 ], [ -121.729732082701986, 36.770004146275987 ], [ -121.729723896318859, 36.769644320052251 ], [ -121.72949956889137, 36.769647602604095 ], [ -121.729495476256758, 36.76946768946528 ], [ -121.729271149341301, 36.76947097159492 ], [ -121.729279333559475, 36.769830797872551 ], [ -121.72950366154393, 36.76982751573393 ], [ -121.729511846902966, 36.770187341957666 ], [ -121.729736175920493, 36.77018405937887 ], [ -121.729744362420391, 36.770543885539716 ], [ -121.72952003233388, 36.770547168136481 ], [ -121.729524125085263, 36.770727081203432 ], [ -121.729748455701781, 36.770723798606667 ], [ -121.729764829006996, 36.771443450757687 ], [ -121.72998916172557, 36.771440167693804 ], [ -121.729997349554978, 36.771799993692959 ], [ -121.730221683315591, 36.771796710188895 ], [ -121.730217588857414, 36.771616797211777 ], [ -121.730441922061075, 36.771613513294497 ] ] ] } },
{ "type": "Feature", "properties": { "area_ha": 0.7597718794039966, "count": 19, "min_ha": 0.2, "post_date": "2023-03-25" }, "geometry": { "type": "MultiPolygon", "coordinates": [ [ [ [ -121.727626121793165, 36.667448568356562 ], [ -121.727613873722404, 36.666908809473618 ], [ -121.727389848874438, 36.666912088144748 ], [ -121.727381684643788, 36.66655224881459 ], [ -121.727157660846856, 36.666555527045546 ], [ -121.727153579288469, 36.666375607349025 ], [ -121.726929555994602, 36.666378885148781 ], [ -121.726917313026277, 36.66583912597838 ], [ -121.726693291304443, 36.66584240332898 ], [ -121.726697371739931, 36.666022323070415 ], [ -121.72647334947014, 36.666025600007792 ], [ -121.726481509343969, 36.666385439472691 ], [ -121.726705532673776, 36.666382162517351 ], [ -121.726713693697448, 36.666742001919367 ], [ -121.726937718069308, 36.666738724532834 ], [ -121.726945880215879, 36.667098563871974 ], [ -121.727393931016721, 36.667092007796349 ], [ -121.72740209536417, 36.667451847054636 ], [ -121.727626121793165, 36.667448568356562 ] ] ], [ [ [ -121.727626121793165, 36.667448568356562 ], [ -121.72763428727248, 36.667808407560948 ], [ -121.727858314743528, 36.6678051284227 ], [ -121.727850148204197, 36.667445289245265 ], [ -121.727626121793165, 36.667448568356562 ] ] ] ] } },
{ "type": "Feature", "properties": { "area_ha": 1.0796767435070467, "count": 27, "min_ha": 0.2, "post_date": "2023-03-25" }, "geometry": { "type": "MultiPolygon", "coordinates": [ [ [ [ -121.726603526502899, 36.661884165981149 ], [ -121.726599446498611, 36.661704245961239 ], [ -121.726375436930994, 36.661707522709968 ], [ -121.726379516396293, 36.661887442738859 ], [ -121.726603526502899, 36.661884165981149 ] ] ], [ [ [ -121.726603526502899, 36.661884165981149 ], [ -121.726611686547415, 36.662244005976056 ], [ -121.72683569769606, 36.662240728778166 ], [ -121.726852020138679, 36.6629604085973 ], [ -121.727076033380399, 36.662957130941273 ], [ -121.727084195778502, 36.6633169707655 ], [ -121.727308210062276, 36.66331369267828 ], [ -121.727316373592245, 36.663673532439624 ], [ -121.727540388918072, 36.663670253903248 ], [ -121.727544471240009, 36.66385017376146 ], [ -121.727768487068886, 36.663846894793892 ], [ -121.727772569938807, 36.664026814625153 ], [ -121.727996586279716, 36.664023535226399 ], [ -121.727984336124862, 36.66348377570565 ], [ -121.727760321373964, 36.663487055077461 ], [ -121.727748072988803, 36.662947295430953 ], [ -121.727524059809951, 36.66295057436259 ], [ -121.727515895363695, 36.6625907345204 ], [ -121.727291883226897, 36.662594013011862 ], [ -121.72728780156072, 36.662414093063816 ], [ -121.727063789926987, 36.662417371115097 ], [ -121.727055627726514, 36.662057531174092 ], [ -121.726831617125839, 36.662060808794187 ], [ -121.726827536582547, 36.66188088879224 ], [ -121.726603526502899, 36.661884165981149 ] ] ] ] } },
{ "type": "Feature", "properties": { "area_ha": 0.35987629218654382, "count": 9, "min_ha": 0.2, "post_date": "2023-03-25" }, "geometry": { "type": "Polygon", "coordinates": [ [ [ -121.735162353993132, 36.86044974275017 ], [ -121.735158243050861, 36.860269835046161 ], [ -121.734933648167953, 36.860273127811851 ], [ -121.734929537782634, 36.860093220089873 ], [ -121.73448034901395, 36.860099804345651 ], [ -121.734484458339253, 36.860279712085593 ], [ -121.734035268438689, 36.860286294643551 ], [ -121.734043485014183, 36.860646110132414 ], [ -121.734268081037953, 36.860642819046575 ], [ -121.734263972206733, 36.860462911315615 ], [ -121.734488567682519, 36.860459619816545 ], [ -121.734492677043761, 36.860639527538524 ], [ -121.734717273031592, 36.86063623559928 ], [ -121.734713163140356, 36.86045632788629 ], [ -121.735162353993132, 36.86044974275017 ] ] ] } },
{ "type": "Feature", "properties": { "area_ha": 4.9983771268590997, "count": 125, "min_ha": 0.2, "post_date": "2023-03-25" }, "geometry": { "type": "MultiPolygon", "coordinates": [ [ [ [ -121.733203644719069, 36.774632590651073 ], [ -121.733427986690288, 36.774629301074405 ], [ -121.733419782322912, 36.774269475650172 ], [ -121.733195441402714, 36.774272765217859 ], [ -121.733203644719069, 36.774632590651073 ] ] ], [ [ [ -121.732135223437652, 36.776987896915337 ], [ -121.732139322719789, 36.777167809515163 ], [ -121.732363672227876, 36.777164521959705 ], [ -121.732359572415731, 36.77698460936886 ], [ -121.732135223437652, 36.776987896915337 ] ] ], [ [ [ -121.731233730210505, 36.776821130225443 ], [ -121.731009381663611, 36.776824415633932 ], [ -121.73101347827776, 36.77700432828766 ], [ -121.731237827345666, 36.777001042861208 ], [ -121.731233730210505, 36.776821130225443 ] ] ], [ [ [ -121.733203644719069, 36.774632590651073 ], [ -121.732754960704767, 36.774639168537796 ], [ -121.732750860102101, 36.774459255812204 ], [ -121.732077835517941, 36.774469119421816 ], [ -121.732073736532257, 36.774289206660292 ], [ -121.731625054449324, 36.77429578025307 ], [ -121.731620956532623, 36.774115867473576 ], [ -121.731172275428861, 36.774122439350563 ], [ -121.731176372285546, 36.77430235214802 ], [ -121.731400713376416, 36.774299066416141 ], [ -121.731408908194709, 36.774658891966133 ], [ -121.731633250327633, 36.774655605794081 ], [ -121.731641446277806, 36.775015431290178 ], [ -121.731865789452769, 36.775012144677945 ], [ -121.731886282342046, 36.77591170818912 ], [ -121.731661936517057, 36.775914994837287 ], [ -121.731666034622407, 36.776094907517958 ], [ -121.731217341840534, 36.776101479565625 ], [ -121.731225535985089, 36.776461304917994 ], [ -121.731001188507207, 36.776464590317502 ], [ -121.731005285076421, 36.776644502980211 ], [ -121.731229633084325, 36.776641217571722 ], [ -121.731233730210505, 36.776821130225443 ], [ -121.731458078730441, 36.776817844385768 ], [ -121.731462176404591, 36.776997757012545 ], [ -121.732135223437652, 36.776987896915337 ], [ -121.732127024936261, 36.776628071688734 ], [ -121.732351372845358, 36.776624784160219 ], [ -121.732347273087115, 36.776444871533442 ], [ -121.732571620457207, 36.776441583582724 ], [ -121.732567520186919, 36.776261670955947 ], [ -121.733464907322713, 36.776248514913014 ], [ -121.733460804950369, 36.776068602313188 ], [ -121.734133843503329, 36.776058730834329 ], [ -121.734121531733038, 36.775518993016881 ], [ -121.7343458762914, 36.775515701697479 ], [ -121.734333563101771, 36.774975963808167 ], [ -121.7341092201424, 36.774979255109606 ], [ -121.734101012514131, 36.774619429775207 ], [ -121.734325354413485, 36.774616138491737 ], [ -121.734329458753137, 36.774796051154446 ], [ -121.734553801164537, 36.774792759439784 ], [ -121.73454559144318, 36.774432934123347 ], [ -121.733872567335126, 36.774442807946812 ], [ -121.733884877165067, 36.774982545979853 ], [ -121.733660534160776, 36.774985836427888 ], [ -121.733664636946344, 36.775165749090597 ], [ -121.733440293394096, 36.775169039116427 ], [ -121.733432088909922, 36.774809213764058 ], [ -121.733207746399714, 36.774812503349715 ], [ -121.733203644719069, 36.774632590651073 ] ], [ [ -121.733460804950369, 36.776068602313188 ], [ -121.733452600268564, 36.775708777068623 ], [ -121.73322825510833, 36.775712066690211 ], [ -121.733236458730119, 36.776071891952746 ], [ -121.733460804950369, 36.776068602313188 ] ], [ [ -121.732347273087115, 36.776444871533442 ], [ -121.732343173355815, 36.776264958897684 ], [ -121.732118826506735, 36.776268246426199 ], [ -121.732122925708026, 36.776448159061957 ], [ -121.732347273087115, 36.776444871533442 ] ] ] ] } },
{ "type": "Feature", "properties": { "area_ha": 0.27990536914843717, "count": 7, "min_ha": 0.2, "post_date": "2023-03-25" }, "geometry": { "type": "MultiPolygon", "coordinates": [ [ [ [ -121.735256464978775, 36.835072777891014 ], [ -121.735480985346427, 36.835069484478531 ], [ -121.735476875023991, 36.834889575355184 ], [ -121.735701394843673, 36.834886281529485 ], [ -121.735697284009206, 36.834706372406139 ], [ -121.735248245420877, 36.834712959626351 ], [ -121.735256464978775, 36.835072777891014 ] ] ], [ [ [ -121.734591120199781, 36.835442473823925 ], [ -121.734366598691253, 36.835445765547568 ], [ -121.734370706417565, 36.835625674670915 ], [ -121.734595228456087, 36.835622382947271 ], [ -121.734591120199781, 36.835442473823925 ] ] ], [ [ [ -121.735256464978775, 36.835072777891014 ], [ -121.735031944593146, 36.835076070872297 ], [ -121.735036053864548, 36.835255979995644 ], [ -121.735260574789166, 36.835252686996391 ], [ -121.735256464978775, 36.835072777891014 ] ] ], [ [ [ -121.735036053864548, 36.835255979995644 ], [ -121.734587011970419, 36.835262564700578 ], [ -121.734591120199781, 36.835442473823925 ], [ -121.735040163162907, 36.835435889101028 ], [ -121.735036053864548, 36.835255979995644 ] ] ] ] } },
{ "type": "Feature", "properties": { "area_ha": 1.3196155371516149, "count": 31, "min_ha": 0.2, "post_date": "2023-03-25" }, "geometry": { "type": "Polygon", "coordinates": [ [ [ -121.730966323669321, 36.627083929442207 ], [ -121.73096223523882, 36.626904007257359 ], [ -121.730514421090163, 36.626910576978389 ], [ -121.730518508469615, 36.627090499181207 ], [ -121.730070693198044, 36.627097067222394 ], [ -121.730066606878609, 36.626917145001606 ], [ -121.729842699736892, 36.626920428379904 ], [ -121.729846785526334, 36.627100350600685 ], [ -121.729622877845642, 36.627103633556779 ], [ -121.72962696313202, 36.627283555777559 ], [ -121.730298687719213, 36.62727370560674 ], [ -121.73030277460461, 36.627453627791589 ], [ -121.731422317841023, 36.627437202312215 ], [ -121.731414138797149, 36.627077358005394 ], [ -121.732085861336188, 36.627067497665642 ], [ -121.732081770255675, 36.626887575516726 ], [ -121.732529584125857, 36.626880999848844 ], [ -121.732525492003305, 36.626701077699927 ], [ -121.732301585607189, 36.62670436574048 ], [ -121.732293402484956, 36.626344521397726 ], [ -121.731845591749888, 36.626351096176279 ], [ -121.731849682246505, 36.626531018361128 ], [ -121.731401870370561, 36.626537591459822 ], [ -121.731405959825139, 36.626717513653659 ], [ -121.731182053330215, 36.626720799565206 ], [ -121.731190231242209, 36.627080643934903 ], [ -121.730966323669321, 36.627083929442207 ] ], [ [ -121.730966323669321, 36.627083929442207 ], [ -121.730742416078442, 36.627087214527307 ], [ -121.730746504005879, 36.627267136712156 ], [ -121.730970412126752, 36.627263851618075 ], [ -121.730966323669321, 36.627083929442207 ] ] ] } },
{ "type": "Feature", "properties": { "area_ha": 0.2399187336477758, "count": 6, "min_ha": 0.2, "post_date": "2023-03-25" }, "geometry": { "type": "MultiPolygon", "coordinates": [ [ [ [ -121.735326334360536, 36.838131231415851 ], [ -121.735330444503305, 36.838311140350548 ], [ -121.735554974438017, 36.838307846803325 ], [ -121.735550863765241, 36.838127937877609 ], [ -121.735326334360536, 36.838131231415851 ] ] ], [ [ [ -121.735322224244712, 36.837951322463184 ], [ -121.735995810805932, 36.837941440590818 ], [ -121.735991699109078, 36.837761531647132 ], [ -121.735318114146864, 36.837771413510517 ], [ -121.735322224244712, 36.837951322463184 ] ] ], [ [ [ -121.735322224244712, 36.837951322463184 ], [ -121.734873166441417, 36.837957908255078 ], [ -121.734877275497226, 36.838137817216726 ], [ -121.735326334360536, 36.838131231415851 ], [ -121.735322224244712, 36.837951322463184 ] ] ] ] } },
{ "type": "Feature", "properties": { "area_ha": 0.91969779163296628, "count": 23, "min_ha": 0.2, "post_date": "2023-03-25" }, "geometry": { "type": "Polygon", "coordinates": [ [ [ -121.7358701857613, 36.793130619076521 ], [ -121.735861967829351, 36.792770796023838 ], [ -121.735637572417346, 36.792774090199885 ], [ -121.73563346400833, 36.792594178651086 ], [ -121.734735884282728, 36.79260735107929 ], [ -121.734739990562744, 36.792787262664021 ], [ -121.734515595051931, 36.792790554711061 ], [ -121.734511489301923, 36.792610643126331 ], [ -121.734287094303156, 36.792613934742178 ], [ -121.734299410017044, 36.793153669496363 ], [ -121.734748203185646, 36.793147085788561 ], [ -121.734752309519564, 36.79332699733736 ], [ -121.73564989774323, 36.793313824792378 ], [ -121.735645789280298, 36.79313391327053 ], [ -121.7358701857613, 36.793130619076521 ] ] ] } },
{ "type": "Feature", "properties": { "area_ha": 0.23991896815393565, "count": 6, "min_ha": 0.2, "post_date": "2023-03-25" }, "geometry": { "type": "MultiPolygon", "coordinates": [ [ [ [ -121.736125763340723, 36.833800237808497 ], [ -121.736113428061515, 36.83326051028574 ], [ -121.735888913065793, 36.833263804901961 ], [ -121.735893024277559, 36.83344371408819 ], [ -121.735668508733852, 36.833447008291181 ], [ -121.735676730142288, 36.83380682666364 ], [ -121.736125763340723, 36.833800237808497 ] ] ], [ [ [ -121.736125763340723, 36.833800237808497 ], [ -121.736129875136399, 36.833980146967775 ], [ -121.736354392234176, 36.833976851902392 ], [ -121.736350279908507, 36.833796942752102 ], [ -121.736125763340723, 36.833800237808497 ] ] ] ] } },
{ "type": "Feature", "properties": { "area_ha": 0.35986506762231879, "count": 9, "min_ha": 0.2, "post_date": "2023-03-25" }, "geometry": { "type": "Polygon", "coordinates": [ [ [ -121.740812762475215, 36.999119405852262 ], [ -121.740808630602203, 36.998939505487492 ], [ -121.740583625108357, 36.998942808844319 ], [ -121.740575362503193, 36.998583008069858 ], [ -121.740350358060383, 36.998586310986511 ], [ -121.740354488819477, 36.998766211396202 ], [ -121.739904478810971, 36.998772815971861 ], [ -121.739912738254063, 36.999132616773274 ], [ -121.740362750400578, 36.999126012170656 ], [ -121.740366881222556, 36.999305912544415 ], [ -121.740591887803362, 36.99930260959183 ], [ -121.740587756451376, 36.999122709227059 ], [ -121.740812762475215, 36.999119405852262 ] ] ] } },
{ "type": "Feature", "properties": { "area_ha": 0.43987196990220284, "count": 11, "min_ha": 0.2, "post_date": "2023-03-25" }, "geometry": { "type": "MultiPolygon", "coordinates": [ [ [ [ -121.732961025337616, 36.626154733878494 ], [ -121.732737120558483, 36.6261580227455 ], [ -121.732741213148159, 36.626337944921367 ], [ -121.732965118448334, 36.62633465604538 ], [ -121.732961025337616, 36.626154733878494 ] ] ], [ [ [ -121.732961025337616, 36.626154733878494 ], [ -121.733408834824033, 36.626148154868886 ], [ -121.733404740671276, 36.625968232702 ], [ -121.733628644857532, 36.625964942568373 ], [ -121.733624550192729, 36.625785020401487 ], [ -121.733848453831015, 36.625781729845649 ], [ -121.733840263504291, 36.625421885484933 ], [ -121.73361636091704, 36.625425176022802 ], [ -121.733620455545903, 36.625605098216639 ], [ -121.732948746104299, 36.625614967296997 ], [ -121.732961025337616, 36.626154733878494 ] ] ] ] } },
{ "type": "Feature", "properties": { "area_ha": 0.23990857459179046, "count": 6, "min_ha": 0.2, "post_date": "2023-03-25" }, "geometry": { "type": "Polygon", "coordinates": [ [ [ -121.743687765385488, 37.026251193353957 ], [ -121.743683625212029, 37.026071294354622 ], [ -121.743008367362179, 37.026081219462903 ], [ -121.743012505936619, 37.026261118480207 ], [ -121.742562332865916, 37.026267733099033 ], [ -121.742566470389335, 37.026447632116337 ], [ -121.743241731562961, 37.026437709523336 ], [ -121.743237592440536, 37.026257810532989 ], [ -121.743687765385488, 37.026251193353957 ] ] ] } },
{ "type": "Feature", "properties": { "area_ha": 12.795804944989694, "count": 320, "min_ha": 0.2, "post_date": "2023-03-25" }, "geometry": { "type": "Polygon", "coordinates": [ [ [ -121.745640308919874, 36.78848747006176 ], [ -121.745636177073806, 36.788307558611777 ], [ -121.745411795262299, 36.788310871338034 ], [ -121.745403532693061, 36.787951048384173 ], [ -121.745627913444565, 36.787947735666897 ], [ -121.745623781652398, 36.787767824180982 ], [ -121.745399401430902, 36.787771136889269 ], [ -121.745391138978448, 36.787411313863544 ], [ -121.745166759799005, 36.787414626131657 ], [ -121.74517089048625, 36.787594537653504 ], [ -121.743151472211892, 36.787624328977344 ], [ -121.743147346303687, 36.787444417383632 ], [ -121.742922966926614, 36.787447725393733 ], [ -121.742927092304811, 36.787627636996433 ], [ -121.741356432416296, 36.787650781200391 ], [ -121.741364675797513, 36.788010604477648 ], [ -121.741140294668725, 36.788013909101103 ], [ -121.741144415860774, 36.788193820730747 ], [ -121.740920034184015, 36.788197124940979 ], [ -121.740932396277927, 36.788736859784997 ], [ -121.740708012993196, 36.788740163590987 ], [ -121.740712133197093, 36.78892007519368 ], [ -121.740487749364377, 36.788923378577458 ], [ -121.740495988766057, 36.789283201764889 ], [ -121.740271603846381, 36.789286504744425 ], [ -121.740279842277886, 36.789646327904897 ], [ -121.74005545627125, 36.78964963047121 ], [ -121.740063693714603, 36.790009453595758 ], [ -121.739614919536393, 36.790016057479718 ], [ -121.739619037225012, 36.790195969046486 ], [ -121.73939464957445, 36.790199270355153 ], [ -121.739398766751037, 36.790379181921914 ], [ -121.739847543094186, 36.790372578855418 ], [ -121.739859897920738, 36.790912313429949 ], [ -121.73941111838856, 36.790918916541358 ], [ -121.739407001158085, 36.790739005010529 ], [ -121.738733833310604, 36.790748906457189 ], [ -121.738737948951055, 36.790928818014969 ], [ -121.73851355909963, 36.790932117652773 ], [ -121.738509443989187, 36.790752206094986 ], [ -121.737387497094616, 36.790768697861047 ], [ -121.737383384652162, 36.790588786249366 ], [ -121.737158995743968, 36.790592083317989 ], [ -121.737154883858466, 36.790412171697326 ], [ -121.736930495462317, 36.790415468334757 ], [ -121.736934606817812, 36.790595379964401 ], [ -121.736710217873679, 36.79059867617962 ], [ -121.736718439587534, 36.790958499429934 ], [ -121.736942829591669, 36.790955203205726 ], [ -121.736946941010046, 36.791135114799438 ], [ -121.737171331526227, 36.791131818135064 ], [ -121.737175443492575, 36.791311729719794 ], [ -121.737399834520801, 36.79130843262422 ], [ -121.737403947035119, 36.791488344190988 ], [ -121.737852730097671, 36.791481748697286 ], [ -121.73785684369895, 36.791661660237104 ], [ -121.73808123573329, 36.791658361838977 ], [ -121.738085349873558, 36.791838273360824 ], [ -121.738309742419929, 36.791834974540485 ], [ -121.738313857117149, 36.79201488604437 ], [ -121.738538250175566, 36.792011586783858 ], [ -121.73854236542077, 36.792191498269773 ], [ -121.738991152543704, 36.792184898455183 ], [ -121.738982919942259, 36.791825075510296 ], [ -121.738758527458771, 36.791828375606244 ], [ -121.738754411719498, 36.791648464111347 ], [ -121.738978803672993, 36.791645164015399 ], [ -121.738974687421674, 36.791465252511514 ], [ -121.740096644251608, 36.791448745689692 ], [ -121.740100763161934, 36.791628657148664 ], [ -121.740325154998629, 36.791625354501505 ], [ -121.740329274456926, 36.7918052659425 ], [ -121.740778059136446, 36.791798659354612 ], [ -121.740782179672721, 36.791978570768663 ], [ -121.741006572515545, 36.791975266827926 ], [ -121.740990088358217, 36.791255621117827 ], [ -121.741438869740918, 36.791249012014653 ], [ -121.741422381648974, 36.790529366196751 ], [ -121.741646770188851, 36.790526061043295 ], [ -121.741642647685268, 36.790346149566361 ], [ -121.741867035668193, 36.790342843990693 ], [ -121.741862912652579, 36.790162932513766 ], [ -121.742087300087533, 36.790159626515887 ], [ -121.742083176559873, 36.789979715029972 ], [ -121.742307563446857, 36.78997640861887 ], [ -121.742303439407152, 36.789796497132954 ], [ -121.742527825746166, 36.789793190308629 ], [ -121.742523701194415, 36.789613278813732 ], [ -121.743196858486698, 36.789603355789545 ], [ -121.743192732371881, 36.789423444312611 ], [ -121.743417117561052, 36.789420135799453 ], [ -121.743404737716418, 36.788880401332719 ], [ -121.742955970491167, 36.788887017900898 ], [ -121.742951844978222, 36.788707106370062 ], [ -121.742503078741123, 36.788713721222457 ], [ -121.742498954306157, 36.788533809673659 ], [ -121.74272333690817, 36.788530502472042 ], [ -121.742719211961173, 36.788350590914263 ], [ -121.743167976042329, 36.788343975244402 ], [ -121.743176228074319, 36.788703798306067 ], [ -121.74384937722786, 36.788693871562849 ], [ -121.74384524961286, 36.788513960058964 ], [ -121.744069632089122, 36.788510650297148 ], [ -121.744065503962076, 36.78833073879327 ], [ -121.744289885890367, 36.788327428609243 ], [ -121.744285757251291, 36.788147517105365 ], [ -121.744734519993955, 36.78814089548866 ], [ -121.744738649702029, 36.788320806983556 ], [ -121.744963031576404, 36.78831749552392 ], [ -121.744967161823467, 36.788497407000854 ], [ -121.745640308919874, 36.78848747006176 ] ] ] } },
{ "type": "Feature", "properties": { "area_ha": 4.4384950597438744, "count": 111, "min_ha": 0.2, "post_date": "2023-03-25" }, "geometry": { "type": "MultiPolygon", "coordinates": [ [ [ [ -121.740768633868754, 36.840390881852692 ], [ -121.740764510745336, 36.84021097321444 ], [ -121.740539975402768, 36.840214276652112 ], [ -121.740544098005174, 36.840394185290371 ], [ -121.740768633868754, 36.840390881852692 ] ] ], [ [ [ -121.737355328172768, 36.83846139193615 ], [ -121.736906267521803, 36.838467985435592 ], [ -121.736910381428515, 36.838647894307407 ], [ -121.737359443130501, 36.838641300781021 ], [ -121.737355328172768, 36.83846139193615 ] ] ], [ [ [ -121.740752141464895, 36.839671247254749 ], [ -121.7407603876309, 36.840031064576181 ], [ -121.740984922416516, 36.840027760725278 ], [ -121.740993169723367, 36.840387577983826 ], [ -121.741217705551037, 36.840384273692749 ], [ -121.741225953989769, 36.840744090897395 ], [ -121.741450490868459, 36.840740786157163 ], [ -121.741454615644784, 36.84092069474152 ], [ -121.741679153035506, 36.840917389570095 ], [ -121.741675027720191, 36.840737481003707 ], [ -121.742124101360787, 36.84073086940321 ], [ -121.742128227736117, 36.840910777960623 ], [ -121.742577302373846, 36.84090416464435 ], [ -121.742569047503167, 36.8405443475475 ], [ -121.742344511262289, 36.840547654407757 ], [ -121.74234038439289, 36.840367745841363 ], [ -121.742115848664042, 36.840371052261446 ], [ -121.742107596039162, 36.840011235074769 ], [ -121.741209457175174, 36.840024456443189 ], [ -121.741205333018684, 36.839844547813911 ], [ -121.740980798790034, 36.839847852078037 ], [ -121.740976675190495, 36.839667943421816 ], [ -121.740752141464895, 36.839671247254749 ] ] ], [ [ [ -121.742128227736117, 36.840910777960623 ], [ -121.741679153035506, 36.840917389570095 ], [ -121.741683278368782, 36.841097298127501 ], [ -121.741458740457034, 36.841100603307915 ], [ -121.74146286527828, 36.841280511865321 ], [ -121.741911942152811, 36.841273901073315 ], [ -121.741907816262568, 36.841093992533871 ], [ -121.742132354138391, 36.84109068650006 ], [ -121.742128227736117, 36.840910777960623 ] ] ], [ [ [ -121.740993169723367, 36.840387577983826 ], [ -121.740768633868754, 36.840390881852692 ], [ -121.74077275701913, 36.840570790472981 ], [ -121.740997293403751, 36.840567486595134 ], [ -121.740993169723367, 36.840387577983826 ] ] ], [ [ [ -121.737355328172768, 36.83846139193615 ], [ -121.737579858457821, 36.838458094544137 ], [ -121.737588089469241, 36.838817912215909 ], [ -121.738710745952034, 36.838801418796947 ], [ -121.738723100580941, 36.839341145115959 ], [ -121.738274034854513, 36.839347743807664 ], [ -121.738278152049048, 36.839527652571682 ], [ -121.738502685451266, 36.839524353427954 ], [ -121.738506803184791, 36.839704262182991 ], [ -121.739404938733983, 36.839691061323109 ], [ -121.739409058614498, 36.839870970033232 ], [ -121.739633592986891, 36.839867668751509 ], [ -121.739645954344184, 36.840407394792045 ], [ -121.739421418381781, 36.840410696100712 ], [ -121.739425538343127, 36.840590604765914 ], [ -121.739874611309986, 36.840584001708407 ], [ -121.739870490288624, 36.840404093052186 ], [ -121.740319562123602, 36.84039748830584 ], [ -121.740315440051219, 36.840217579658599 ], [ -121.739866369285224, 36.840224184386976 ], [ -121.739862248299787, 36.840044275712785 ], [ -121.740086783157267, 36.840040973568684 ], [ -121.740078540189273, 36.839681156211327 ], [ -121.740752141464895, 36.839671247254749 ], [ -121.740748018413342, 36.839491338589546 ], [ -121.740523485199773, 36.839494641991287 ], [ -121.740519362705172, 36.839314733299133 ], [ -121.740294830003648, 36.839318036260707 ], [ -121.740286586128349, 36.83895821884046 ], [ -121.740062054468879, 36.838961521361853 ], [ -121.740053811734441, 36.83860170387873 ], [ -121.739829281125992, 36.838605005968937 ], [ -121.739825160311241, 36.83842509719593 ], [ -121.739600630214838, 36.838428398854944 ], [ -121.739588269495343, 36.837888672473049 ], [ -121.739363740979968, 36.837891973673919 ], [ -121.739359621306065, 36.837712064855999 ], [ -121.739135093293754, 36.837715365616695 ], [ -121.739147450770332, 36.838255092079443 ], [ -121.739371980372667, 36.838251791282808 ], [ -121.739388459391634, 36.838971426383807 ], [ -121.738939395910975, 36.838978027608761 ], [ -121.738931158485585, 36.838618210044785 ], [ -121.739155689174879, 36.838614909661381 ], [ -121.739151569959134, 36.838435000879393 ], [ -121.738927039808829, 36.838438301253817 ], [ -121.73892292114104, 36.838258392444878 ], [ -121.73869839150278, 36.838261692388109 ], [ -121.738706627778328, 36.838621509996997 ], [ -121.738033035548739, 36.838631407311404 ], [ -121.738024802453225, 36.838271589648613 ], [ -121.738249332154382, 36.838268290980992 ], [ -121.738245215103561, 36.838088382145109 ], [ -121.737796156743315, 36.838094979031197 ], [ -121.737800272725124, 36.838274887885049 ], [ -121.737351213224017, 36.838281483073317 ], [ -121.737355328172768, 36.83846139193615 ] ] ] ] } },
{ "type": "Feature", "properties": { "area_ha": 0.7597527238514048, "count": 19, "min_ha": 0.2, "post_date": "2023-03-25" }, "geometry": { "type": "MultiPolygon", "coordinates": [ [ [ [ -121.740281789511016, 36.779927784905013 ], [ -121.740057432196565, 36.779931087489288 ], [ -121.740065668597879, 36.78029091177266 ], [ -121.740290026972332, 36.780287609170422 ], [ -121.740281789511016, 36.779927784905013 ] ] ], [ [ [ -121.738217320886861, 36.77797845781545 ], [ -121.738213207177779, 36.777798545476131 ], [ -121.737988856052723, 36.777801844134771 ], [ -121.737992969231797, 36.777981756474084 ], [ -121.738217320886861, 36.77797845781545 ] ] ], [ [ [ -121.740265314830907, 36.779208136239454 ], [ -121.740269433471738, 36.779388048426057 ], [ -121.740493789178203, 36.77938474543754 ], [ -121.740502027582764, 36.779744569756843 ], [ -121.740726384331268, 36.779741266337133 ], [ -121.740714025156876, 36.779201529867159 ], [ -121.740265314830907, 36.779208136239454 ] ] ], [ [ [ -121.740502027582764, 36.779744569756843 ], [ -121.740277670816283, 36.779747872754342 ], [ -121.740281789511016, 36.779927784905013 ], [ -121.74050614680749, 36.779924481898526 ], [ -121.740502027582764, 36.779744569756843 ] ] ], [ [ [ -121.739363777442577, 36.779041431668063 ], [ -121.739367893945413, 36.779221343890597 ], [ -121.740265314830907, 36.779208136239454 ], [ -121.740261196208053, 36.779028224052851 ], [ -121.739363777442577, 36.779041431668063 ] ] ], [ [ [ -121.739131190823514, 36.778684908010646 ], [ -121.739139422706302, 36.779044732509611 ], [ -121.739363777442577, 36.779041431668063 ], [ -121.739355544508769, 36.778681607187067 ], [ -121.739131190823514, 36.778684908010646 ] ] ], [ [ [ -121.738902721749326, 36.778508296135584 ], [ -121.738906837129278, 36.778688208412014 ], [ -121.739131190823514, 36.778684908010646 ], [ -121.739127074913554, 36.778504995752179 ], [ -121.738902721749326, 36.778508296135584 ] ] ], [ [ [ -121.738674253735155, 36.778331683811359 ], [ -121.738678368567136, 36.778511596105758 ], [ -121.738902721749326, 36.778508296135584 ], [ -121.738898606387352, 36.778328383859147 ], [ -121.738674253735155, 36.778331683811359 ] ] ], [ [ [ -121.738217320886861, 36.77797845781545 ], [ -121.738221434613905, 36.778158370136794 ], [ -121.738445786781, 36.778155071037986 ], [ -121.738449901056015, 36.778334983350348 ], [ -121.738674253735155, 36.778331683811359 ], [ -121.738666024134091, 36.777971859204598 ], [ -121.738217320886861, 36.77797845781545 ] ] ] ] } },
{ "type": "Feature", "properties": { "area_ha": 0.239942115679743, "count": 6, "min_ha": 0.2, "post_date": "2023-03-25" }, "geometry": { "type": "MultiPolygon", "coordinates": [ [ [ [ -121.731480564666938, 36.403348577137628 ], [ -121.73147648698928, 36.403168638531568 ], [ -121.731253235554846, 36.403171924874307 ], [ -121.731257312711477, 36.40335186349833 ], [ -121.731480564666938, 36.403348577137628 ] ] ], [ [ [ -121.731480564666938, 36.403348577137628 ], [ -121.731488720076143, 36.403708454313801 ], [ -121.731711973064662, 36.403705167521906 ], [ -121.731716051317235, 36.403885106074064 ], [ -121.731939304817786, 36.403881818850977 ], [ -121.731927068514963, 36.403342003149596 ], [ -121.731480564666938, 36.403348577137628 ] ] ] ] } },
{ "type": "Feature", "properties": { "area_ha": 1.8394003868714124, "count": 46, "min_ha": 0.2, "post_date": "2023-03-25" }, "geometry": { "type": "Polygon", "coordinates": [ [ [ -121.743680160904063, 36.7813174909924 ], [ -121.743671907291031, 36.780957667086319 ], [ -121.743447547084003, 36.780960976102534 ], [ -121.74345167335153, 36.781140888064556 ], [ -121.742778591014684, 36.781150812570964 ], [ -121.742782715710149, 36.781330724550955 ], [ -121.742333992996421, 36.781337338774527 ], [ -121.742329869360958, 36.781157426785555 ], [ -121.741881147635368, 36.781164039293344 ], [ -121.741877025077883, 36.780984127268439 ], [ -121.74165266471816, 36.780987432871058 ], [ -121.741656786736655, 36.781167344904944 ], [ -121.74098370393267, 36.781177259188524 ], [ -121.740979583504199, 36.780997347136669 ], [ -121.740755223063616, 36.781000651041474 ], [ -121.740751103183115, 36.780820738971649 ], [ -121.740526743254563, 36.780824042445261 ], [ -121.740522623931014, 36.780644130357473 ], [ -121.740298264505526, 36.780647433390911 ], [ -121.740294145729948, 36.780467521285154 ], [ -121.739845427894068, 36.780474126067432 ], [ -121.73984954560963, 36.780654038191152 ], [ -121.740073905071057, 36.780650736002137 ], [ -121.740082141625081, 36.781010560204656 ], [ -121.740306502119566, 36.781007257575467 ], [ -121.740310620958027, 36.781187169645285 ], [ -121.740534981973525, 36.781183866584904 ], [ -121.740543220764366, 36.781543690688608 ], [ -121.740767582812921, 36.781540387188052 ], [ -121.740771702774282, 36.781720299212957 ], [ -121.740996065334897, 36.781716995281208 ], [ -121.741000185844214, 36.781896907288143 ], [ -121.741224548925842, 36.78189360291622 ], [ -121.741228669974163, 36.782073514905193 ], [ -121.741677397134552, 36.782066904876757 ], [ -121.741673275017249, 36.781886992905747 ], [ -121.741448911980527, 36.781890298122093 ], [ -121.741444790411194, 36.78171038613312 ], [ -121.741220427886518, 36.781713690918266 ], [ -121.741216306865155, 36.781533778911324 ], [ -121.741665030836529, 36.781527168927802 ], [ -121.741669152917908, 36.781707080925763 ], [ -121.74279096515501, 36.781690548474998 ], [ -121.742786840423591, 36.781510636521965 ], [ -121.743011202283512, 36.781507328763389 ], [ -121.743007077040076, 36.781327416801368 ], [ -121.743680160904063, 36.7813174909924 ] ] ] } },
{ "type": "Feature", "properties": { "area_ha": 0.87969650420890666, "count": 22, "min_ha": 0.2, "post_date": "2023-03-25" }, "geometry": { "type": "Polygon", "coordinates": [ [ [ -121.746528649445821, 36.866221496433383 ], [ -121.746516234962158, 36.865681775423418 ], [ -121.746291624574326, 36.865685089739692 ], [ -121.746283349410717, 36.865325275661185 ], [ -121.745834130692202, 36.865331903000154 ], [ -121.74583826719153, 36.865511810057377 ], [ -121.745389047332154, 36.86551843569854 ], [ -121.745397318273689, 36.86587824981298 ], [ -121.745621929281356, 36.865874937194519 ], [ -121.745634337431909, 36.866414658267374 ], [ -121.746308175117164, 36.866404717770948 ], [ -121.746304037450017, 36.866224810776608 ], [ -121.746528649445821, 36.866221496433383 ] ] ] } },
{ "type": "Feature", "properties": { "area_ha": 0.719753064415532, "count": 18, "min_ha": 0.2, "post_date": "2023-03-25" }, "geometry": { "type": "MultiPolygon", "coordinates": [ [ [ [ -121.745864321424975, 36.856872946834535 ], [ -121.745860185320907, 36.856693039301206 ], [ -121.745635601487265, 36.856696352386784 ], [ -121.745639737052358, 36.856876259929095 ], [ -121.745864321424975, 36.856872946834535 ] ] ], [ [ [ -121.745864321424975, 36.856872946834535 ], [ -121.745868457538037, 36.857052854358876 ], [ -121.745643872635412, 36.857056167462424 ], [ -121.745648008236444, 36.857236074977791 ], [ -121.745423422776867, 36.857239387659128 ], [ -121.745444098437375, 36.858138925155089 ], [ -121.745668686546978, 36.85813561243782 ], [ -121.745660415165275, 36.857775797487939 ], [ -121.7458850021969, 36.857772484357447 ], [ -121.745880866002992, 36.857592576869031 ], [ -121.74633003894337, 36.857585949341413 ], [ -121.746325901707408, 36.857406041870966 ], [ -121.746550487616148, 36.85740272747384 ], [ -121.746546349868154, 36.857222819994412 ], [ -121.746321764489423, 36.85722613438255 ], [ -121.74631349010734, 36.856866319369793 ], [ -121.745864321424975, 36.856872946834535 ] ], [ [ -121.745868457538037, 36.857052854358876 ], [ -121.745872593669077, 36.857232761874236 ], [ -121.746097179092715, 36.857229448339503 ], [ -121.7460930424227, 36.857049540833117 ], [ -121.745868457538037, 36.857052854358876 ] ] ] ] } },
{ "type": "Feature", "properties": { "area_ha": 1.1995618794748955, "count": 30, "min_ha": 0.2, "post_date": "2023-03-25" }, "geometry": { "type": "Polygon", "coordinates": [ [ [ -121.749499710898249, 36.956160497516251 ], [ -121.749483110480966, 36.955440888789788 ], [ -121.749033358324866, 36.955447528085337 ], [ -121.749029209329962, 36.955267625870036 ], [ -121.748129706913204, 36.955280899313792 ], [ -121.748142147537848, 36.955820606040547 ], [ -121.748367024770232, 36.955817288292707 ], [ -121.748375319687796, 36.956177092714327 ], [ -121.748600197971214, 36.956173774535301 ], [ -121.748604345986948, 36.956353676723651 ], [ -121.748829224782412, 36.956350358095463 ], [ -121.748833373355097, 36.956530260274832 ], [ -121.749058252662593, 36.956526941215451 ], [ -121.749054103559899, 36.956347039054052 ], [ -121.74927898231941, 36.956343719572466 ], [ -121.74927483269569, 36.95616381741106 ], [ -121.749499710898249, 36.956160497516251 ] ] ] } },
{ "type": "Feature", "properties": { "area_ha": 0.23991242626993317, "count": 6, "min_ha": 0.2, "post_date": "2023-03-25" }, "geometry": { "type": "Polygon", "coordinates": [ [ [ -121.749474810389088, 36.955081084368167 ], [ -121.74946236040401, 36.954541377668363 ], [ -121.749237486998453, 36.954544697491308 ], [ -121.749241636442505, 36.954724599742541 ], [ -121.749016762488978, 36.954727919152269 ], [ -121.749020911412018, 36.954907821394514 ], [ -121.748796036910505, 36.954911140382031 ], [ -121.748800185321514, 36.955091042633263 ], [ -121.749474810389088, 36.955081084368167 ] ] ] } },
{ "type": "Feature", "properties": { "area_ha": 0.39987613770264718, "count": 10, "min_ha": 0.2, "post_date": "2023-03-25" }, "geometry": { "type": "Polygon", "coordinates": [ [ [ -121.74338413022906, 36.709691816663657 ], [ -121.743367641418459, 36.708972151190622 ], [ -121.743143493429443, 36.708975459712761 ], [ -121.743135250200922, 36.708615626886413 ], [ -121.742911103253959, 36.708618934959397 ], [ -121.742906982196658, 36.708439018532744 ], [ -121.742682835752746, 36.708442326174541 ], [ -121.742691076834276, 36.708802159045803 ], [ -121.742915224329224, 36.708798851386049 ], [ -121.742927587671801, 36.70933860059413 ], [ -121.743151736738795, 36.709335292485214 ], [ -121.743159980128993, 36.709695125212747 ], [ -121.74338413022906, 36.709691816663657 ] ] ] } },
{ "type": "Feature", "properties": { "area_ha": 0.35987669651154286, "count": 9, "min_ha": 0.2, "post_date": "2023-03-25" }, "geometry": { "type": "MultiPolygon", "coordinates": [ [ [ [ -121.748530335425627, 36.855573804177936 ], [ -121.748534477790969, 36.855753711684315 ], [ -121.748759058714057, 36.855750393092059 ], [ -121.748754915818708, 36.85557048560365 ], [ -121.748530335425627, 36.855573804177936 ] ] ], [ [ [ -121.748522050766823, 36.855213989147209 ], [ -121.748746630099888, 36.855210670581904 ], [ -121.748734201656404, 36.854670947972942 ], [ -121.748509623922331, 36.854674266511296 ], [ -121.748522050766823, 36.855213989147209 ] ] ], [ [ [ -121.748085315872927, 36.855760347575249 ], [ -121.747860734886956, 36.855763664882915 ], [ -121.747864875671254, 36.855943572398282 ], [ -121.748089457196215, 36.855940255081634 ], [ -121.748085315872927, 36.855760347575249 ] ] ], [ [ [ -121.748522050766823, 36.855213989147209 ], [ -121.748297471415782, 36.855217307281329 ], [ -121.748301613206195, 36.855397214814658 ], [ -121.748077033298202, 36.855400532526559 ], [ -121.748085315872927, 36.855760347575249 ], [ -121.748309896840922, 36.855757029845378 ], [ -121.748305755014584, 36.855577122330018 ], [ -121.748530335425627, 36.855573804177936 ], [ -121.748522050766823, 36.855213989147209 ] ] ] ] } },
{ "type": "Feature", "properties": { "area_ha": 46.625943900699767, "count": 1166, "min_ha": 0.2, "post_date": "2023-03-25" }, "geometry": { "type": "Polygon", "coordinates": [ [ [ -121.732819674259858, 36.669172234855864 ], [ -121.732595642979959, 36.669175523399474 ], [ -121.732591548431941, 36.66899560407127 ], [ -121.732367517664088, 36.668998892183687 ], [ -121.73236342366404, 36.668818972837506 ], [ -121.732139393408218, 36.668822260518738 ], [ -121.732135299956155, 36.668642341145613 ], [ -121.731687240441644, 36.66864891521449 ], [ -121.731683148067546, 36.668468995823403 ], [ -121.731235089532206, 36.668475568176497 ], [ -121.731230998245081, 36.668295648749471 ], [ -121.730782940688897, 36.66830221939577 ], [ -121.730787030925001, 36.668482138831777 ], [ -121.731011060237591, 36.668478853719733 ], [ -121.731023332643701, 36.669018611937922 ], [ -121.730799301741101, 36.669021897076917 ], [ -121.73080339205805, 36.669201816476985 ], [ -121.731027423490659, 36.669198531329009 ], [ -121.731039696130338, 36.66973828941245 ], [ -121.731263729135009, 36.669735003815312 ], [ -121.73127191205063, 36.670094842462746 ], [ -121.731495946088359, 36.67009155642544 ], [ -121.731500038103121, 36.670271475726693 ], [ -121.731724072661862, 36.670268189258195 ], [ -121.731728165224609, 36.670448108541486 ], [ -121.731952200286415, 36.670444821641794 ], [ -121.731956293397118, 36.670624740898141 ], [ -121.732404364517862, 36.670618165814162 ], [ -121.732408458706544, 36.670798085043558 ], [ -121.732632494765483, 36.670794796850295 ], [ -121.732636589511131, 36.670974716061721 ], [ -121.7328606260821, 36.670971427446247 ], [ -121.732864721366738, 36.671151346639704 ], [ -121.73331279550581, 36.671144768097214 ], [ -121.733316891877408, 36.671324687263727 ], [ -121.73354092944551, 36.671321397354681 ], [ -121.733549123293628, 36.671681235633805 ], [ -121.733773161903784, 36.671677945284578 ], [ -121.733777259389285, 36.671857864397197 ], [ -121.734225337606716, 36.67185128239619 ], [ -121.734229436170196, 36.672031201490839 ], [ -121.734453475777485, 36.67202790984804 ], [ -121.734457574888935, 36.672207828915738 ], [ -121.734681615008256, 36.672204536832766 ], [ -121.734685714667691, 36.672384455882494 ], [ -121.735133795912446, 36.672377870440947 ], [ -121.735137896649846, 36.672557789463731 ], [ -121.735361937766299, 36.672554496096168 ], [ -121.735366039051684, 36.672734415100983 ], [ -121.735814122290691, 36.672727827072279 ], [ -121.735793610770344, 36.671828232012274 ], [ -121.736017649721859, 36.671824937405042 ], [ -121.736009444186664, 36.67146509931456 ], [ -121.735785406295165, 36.671468393912818 ], [ -121.735777201900817, 36.671108555759453 ], [ -121.735553165051371, 36.671111849908549 ], [ -121.735549063415647, 36.670931930813907 ], [ -121.736445208576654, 36.670918751657325 ], [ -121.736449312332397, 36.671098670734004 ], [ -121.736673349101011, 36.671095374878107 ], [ -121.736677453404724, 36.671275293927835 ], [ -121.737125527948038, 36.671268700922475 ], [ -121.737129633329744, 36.671448619945252 ], [ -121.738025784293868, 36.671435428805147 ], [ -121.738029891813554, 36.67161534778301 ], [ -121.738926044592276, 36.671602149806716 ], [ -121.738930154240961, 36.671782068748655 ], [ -121.739602270206163, 36.671772165774861 ], [ -121.73960638147183, 36.671952084689842 ], [ -121.740054459743149, 36.671945480563338 ], [ -121.740058572077814, 36.672125399442386 ], [ -121.740730690926611, 36.672115490054622 ], [ -121.74073480487823, 36.672295408897739 ], [ -121.74118288507195, 36.672288800495252 ], [ -121.74118700009258, 36.672468719311418 ], [ -121.741635081265457, 36.672462109193148 ], [ -121.741639197373047, 36.672642027982363 ], [ -121.742311320569684, 36.672632109593479 ], [ -121.742315438285246, 36.672812028346769 ], [ -121.742763521380525, 36.672805413952517 ], [ -121.74278411551893, 36.673705007476407 ], [ -121.742336027132566, 36.673711621951504 ], [ -121.742340144955932, 36.673891540641911 ], [ -121.742116100201301, 36.673894847241655 ], [ -121.742124334859881, 36.67425468459551 ], [ -121.742348380674528, 36.674251377968815 ], [ -121.742356616464988, 36.674611215259795 ], [ -121.742804710142423, 36.674604600703844 ], [ -121.742808829124613, 36.674784519313405 ], [ -121.743032876466387, 36.674781211393132 ], [ -121.743036995996547, 36.674961129984723 ], [ -121.743261043850367, 36.674957821633264 ], [ -121.743265163928498, 36.675137740206885 ], [ -121.743489212294349, 36.675134431415252 ], [ -121.743497453573511, 36.675494268508601 ], [ -121.743721502972434, 36.675490959276786 ], [ -121.743725624164483, 36.675670877805494 ], [ -121.743949674075438, 36.675667568142494 ], [ -121.743953795824439, 36.675847486644251 ], [ -121.744177846247439, 36.675844176550058 ], [ -121.744181968535429, 36.676024095033853 ], [ -121.744630070378548, 36.676017473551894 ], [ -121.744634193753498, 36.676197392008731 ], [ -121.744858245173631, 36.676194080620967 ], [ -121.744862369087571, 36.676373999059841 ], [ -121.745086421019735, 36.676370687240883 ], [ -121.745090545490626, 36.676550605661795 ], [ -121.745314597934836, 36.676547293411645 ], [ -121.745318722953698, 36.676727211805606 ], [ -121.745542775900972, 36.676723899124262 ], [ -121.745546901467804, 36.676903817500261 ], [ -121.746443115188242, 36.67689056248993 ], [ -121.746438987501378, 36.67671064414089 ], [ -121.748007357045253, 36.676687431548181 ], [ -121.748003225675291, 36.676507513244054 ], [ -121.748227277858987, 36.676504195469263 ], [ -121.748223145976979, 36.676324277156155 ], [ -121.748447197612705, 36.676320958968141 ], [ -121.748443065227647, 36.676141040646044 ], [ -121.748667116306422, 36.676137722035826 ], [ -121.748662983409332, 36.67595780372271 ], [ -121.749111084470911, 36.675951165235645 ], [ -121.749102816610602, 36.675591328591452 ], [ -121.74887876714881, 36.675594648037112 ], [ -121.748870500420367, 36.675234811330036 ], [ -121.748646452000614, 36.675238130326534 ], [ -121.748642319202332, 36.675058211950542 ], [ -121.748418271285644, 36.675061530515848 ], [ -121.748414139035333, 36.674881612121887 ], [ -121.747966044208056, 36.674888247967907 ], [ -121.747961913035724, 36.674708329538014 ], [ -121.747737866116154, 36.674711646818729 ], [ -121.747733735491792, 36.674531728370866 ], [ -121.747509689093249, 36.674535045220395 ], [ -121.747505559007891, 36.67435512675457 ], [ -121.747281513121379, 36.674358443163918 ], [ -121.747277383592973, 36.674178524680123 ], [ -121.747053338209525, 36.674181840658285 ], [ -121.74704920922909, 36.674001922156521 ], [ -121.746825164357674, 36.67400523770349 ], [ -121.746821035925208, 36.673825319183763 ], [ -121.746596991556856, 36.673828634299539 ], [ -121.746592863672362, 36.673648715752869 ], [ -121.746368819825037, 36.673652030437452 ], [ -121.746364692488513, 36.673472111872812 ], [ -121.746140649144237, 36.673475426117221 ], [ -121.746136522355684, 36.6732955075436 ], [ -121.745912479523454, 36.673298821356816 ], [ -121.745908353282886, 36.673118902756244 ], [ -121.745460268615545, 36.673125529089106 ], [ -121.745456143461922, 36.672945610461582 ], [ -121.745232101626826, 36.672948922990209 ], [ -121.745227977012192, 36.672769004344723 ], [ -121.744779894348113, 36.672775628099416 ], [ -121.744771647301761, 36.672415790736572 ], [ -121.744547606993791, 36.672419101962646 ], [ -121.7445393610883, 36.672059264545901 ], [ -121.744315321822384, 36.6720625753318 ], [ -121.744311199426591, 36.67188265659648 ], [ -121.74408716067272, 36.671885966942199 ], [ -121.744083038824897, 36.671706048188916 ], [ -121.743859000574076, 36.671709358112423 ], [ -121.743850758001329, 36.671349520551956 ], [ -121.743626720792562, 36.671352830026308 ], [ -121.743614358662711, 36.670813073577804 ], [ -121.743390323016996, 36.670816382603 ], [ -121.743386202875982, 36.670636463750903 ], [ -121.743162167751294, 36.670639772353887 ], [ -121.74315804815825, 36.67045985348382 ], [ -121.742934013536612, 36.670463161646637 ], [ -121.742929894491539, 36.6702832427586 ], [ -121.74270586038196, 36.670286550490225 ], [ -121.742701741884858, 36.670106631584225 ], [ -121.742253674662805, 36.670113245753896 ], [ -121.742249557243682, 36.669933326820953 ], [ -121.741577457861382, 36.66994324486847 ], [ -121.741573342050245, 36.669763325899595 ], [ -121.740453178661866, 36.669779847444801 ], [ -121.740449065509736, 36.669599928422024 ], [ -121.736864547873552, 36.669652725797917 ], [ -121.736856338574412, 36.669292887482861 ], [ -121.73596021262837, 36.669306069765582 ], [ -121.735956110121279, 36.669126150554156 ], [ -121.734835954889604, 36.669142618802319 ], [ -121.734831855050516, 36.668962699545979 ], [ -121.733711701983765, 36.668979157122159 ], [ -121.733707604812679, 36.668799237820899 ], [ -121.732811484130764, 36.668812396199449 ], [ -121.732819674259858, 36.669172234855864 ] ], [ [ -121.734184353067832, 36.670052090856842 ], [ -121.734188451433681, 36.670232010068268 ], [ -121.734412485749885, 36.670228718497334 ], [ -121.734408386854028, 36.670048799303878 ], [ -121.734184353067832, 36.670052090856842 ] ], [ [ -121.733047801138795, 36.66934886519131 ], [ -121.73304370552178, 36.669168945881069 ], [ -121.732819674259858, 36.669172234855864 ], [ -121.732823769355832, 36.669352154166106 ], [ -121.733047801138795, 36.66934886519131 ] ], [ [ -121.73327592908673, 36.669525495068605 ], [ -121.733271832912763, 36.669345575785314 ], [ -121.733047801138795, 36.66934886519131 ], [ -121.733051896782754, 36.669528784483582 ], [ -121.73327592908673, 36.669525495068605 ] ], [ [ -121.733956221436799, 36.669875462767187 ], [ -121.733952123645864, 36.66969554352881 ], [ -121.733728090874763, 36.669698834228377 ], [ -121.733723993622817, 36.669518914972031 ], [ -121.73327592908673, 36.669525495068605 ], [ -121.73328002527866, 36.669705414342914 ], [ -121.7335040580857, 36.669702124496752 ], [ -121.7335081548256, 36.669882043753091 ], [ -121.733956221436799, 36.669875462767187 ] ], [ [ -121.734184353067832, 36.670052090856842 ], [ -121.734180254719931, 36.669872171645416 ], [ -121.733956221436799, 36.669875462767187 ], [ -121.733960319263659, 36.670055381996583 ], [ -121.734184353067832, 36.670052090856842 ] ] ] } },
{ "type": "Feature", "properties": { "area_ha": 1.6794517432601783, "count": 42, "min_ha": 0.2, "post_date": "2023-03-25" }, "geometry": { "type": "MultiPolygon", "coordinates": [ [ [ [ -121.748258410654998, 36.785209277784745 ], [ -121.748034038096151, 36.785212595496652 ], [ -121.748046450208264, 36.785752330125078 ], [ -121.748270824357135, 36.785749012395208 ], [ -121.748274962302759, 36.785928923908074 ], [ -121.748948086222626, 36.785918968122324 ], [ -121.748943946686978, 36.785739056636409 ], [ -121.748495198488044, 36.785745694234144 ], [ -121.748486921599664, 36.785385871190442 ], [ -121.748262548537753, 36.785389189333543 ], [ -121.748258410654998, 36.785209277784745 ] ] ], [ [ [ -121.744133011286692, 36.7814907835835 ], [ -121.744128883384221, 36.781310871666399 ], [ -121.74390452215313, 36.781314181544992 ], [ -121.743908649525579, 36.781494093471082 ], [ -121.744133011286692, 36.7814907835835 ] ] ], [ [ [ -121.748245997123561, 36.784669543084455 ], [ -121.748258410654998, 36.785209277784745 ], [ -121.748482783186915, 36.785205959650632 ], [ -121.748470368065441, 36.784666224968305 ], [ -121.748245997123561, 36.784669543084455 ] ] ], [ [ [ -121.748013351628899, 36.784313037564019 ], [ -121.74802162615471, 36.784672860769412 ], [ -121.748245997123561, 36.784669543084455 ], [ -121.748237721528753, 36.784309719888043 ], [ -121.748013351628899, 36.784313037564019 ] ] ], [ [ [ -121.747780708326147, 36.783956531549507 ], [ -121.747788981711096, 36.784316354808794 ], [ -121.748013351628899, 36.784313037564019 ], [ -121.748005077183933, 36.783953214313705 ], [ -121.747780708326147, 36.783956531549507 ] ] ], [ [ [ -121.747552203310363, 36.78377993669752 ], [ -121.747556339441388, 36.783959848354115 ], [ -121.747780708326147, 36.783956531549507 ], [ -121.747776571656118, 36.783776619901893 ], [ -121.747552203310363, 36.78377993669752 ] ] ], [ [ [ -121.747091061450703, 36.783246833935571 ], [ -121.747099331502909, 36.783606657338595 ], [ -121.747323699354595, 36.783603341396372 ], [ -121.74732783493765, 36.783783253070936 ], [ -121.747552203310363, 36.78377993669752 ], [ -121.7475439311022, 36.78342011335738 ], [ -121.747319563798484, 36.783423429712826 ], [ -121.747315428251369, 36.783243518011318 ], [ -121.747091061450703, 36.783246833935571 ] ] ], [ [ [ -121.746397294137822, 36.782357220362115 ], [ -121.746409694167596, 36.782896955673266 ], [ -121.746634059962133, 36.782893641042577 ], [ -121.746638193874318, 36.783073552780024 ], [ -121.746862560180901, 36.78307023771815 ], [ -121.746866694641071, 36.783250149437627 ], [ -121.747091061450703, 36.783246833935571 ], [ -121.747082791488339, 36.782887010496616 ], [ -121.746858425729727, 36.782890325980702 ], [ -121.746854291305496, 36.782710414243262 ], [ -121.746629926067911, 36.782713729287167 ], [ -121.746621658342349, 36.782353905749396 ], [ -121.746397294137822, 36.782357220362115 ] ] ], [ [ [ -121.746168797143994, 36.782180622743319 ], [ -121.746172929924313, 36.782360534543642 ], [ -121.746397294137822, 36.782357220362115 ], [ -121.74639316083649, 36.782177308570773 ], [ -121.746168797143994, 36.782180622743319 ] ] ], [ [ [ -121.744133011286692, 36.7814907835835 ], [ -121.744137139198131, 36.781670695491627 ], [ -121.744361501471275, 36.781667385172852 ], [ -121.744365629939679, 36.781847297071998 ], [ -121.744814355492082, 36.781840675131896 ], [ -121.744818485038465, 36.782020587004084 ], [ -121.745491574804376, 36.782010650882462 ], [ -121.745495705967727, 36.782190562718718 ], [ -121.746168797143994, 36.782180622743319 ], [ -121.746164664390633, 36.782000710934007 ], [ -121.745940301219179, 36.782004024675359 ], [ -121.745936169013774, 36.781824112848085 ], [ -121.745038718232351, 36.781837363528531 ], [ -121.745034588173937, 36.781657451656343 ], [ -121.744585863726456, 36.781664074431873 ], [ -121.744581734746021, 36.781484162532735 ], [ -121.744133011286692, 36.7814907835835 ] ] ] ] } },
{ "type": "Feature", "properties": { "area_ha": 0.27990619955761598, "count": 7, "min_ha": 0.2, "post_date": "2023-03-25" }, "geometry": { "type": "MultiPolygon", "coordinates": [ [ [ [ -121.750670164608309, 36.821707855940701 ], [ -121.750666019044971, 36.821527946592781 ], [ -121.750441539353034, 36.821531268832196 ], [ -121.750445684386364, 36.821711178189105 ], [ -121.750670164608309, 36.821707855940701 ] ] ], [ [ [ -121.750670164608309, 36.821707855940701 ], [ -121.750674310189609, 36.821887765279648 ], [ -121.750449829437656, 36.821891087528044 ], [ -121.750453974497944, 36.822070996866991 ], [ -121.750678455788886, 36.822067674600625 ], [ -121.75068674705031, 36.822427493224609 ], [ -121.750911229383291, 36.822424170518069 ], [ -121.7509070832091, 36.822244261215062 ], [ -121.751131564994111, 36.822240938095298 ], [ -121.751127418307874, 36.822061028792284 ], [ -121.750902937061852, 36.822064351912047 ], [ -121.750894644812277, 36.821704533261112 ], [ -121.750670164608309, 36.821707855940701 ] ] ] ] } },
{ "type": "Feature", "properties": { "area_ha": 5.2783582310376325, "count": 132, "min_ha": 0.2, "post_date": "2023-03-25" }, "geometry": { "type": "MultiPolygon", "coordinates": [ [ [ [ -121.748285567848939, 36.718078286933576 ], [ -121.748289702147403, 36.718258202569707 ], [ -121.748738052347747, 36.718251565600795 ], [ -121.748733916989281, 36.718071649973645 ], [ -121.748285567848939, 36.718078286933576 ] ] ], [ [ [ -121.744163806666506, 36.714359708973419 ], [ -121.74413493676262, 36.713100296520118 ], [ -121.743910776655326, 36.713103606488545 ], [ -121.743877787895016, 36.711664277231307 ], [ -121.743653632000814, 36.71166758671464 ], [ -121.743641263124616, 36.711127838027579 ], [ -121.743865417428793, 36.71112452857119 ], [ -121.743861293981979, 36.710944612324205 ], [ -121.743412986406682, 36.71095123080579 ], [ -121.743417108802475, 36.711131147061764 ], [ -121.742744645701308, 36.711141071613085 ], [ -121.742752887366734, 36.711500904142994 ], [ -121.742977042802792, 36.711497596366456 ], [ -121.742997649939809, 36.712397177448672 ], [ -121.743221808016912, 36.712393869213997 ], [ -121.743242418280076, 36.713293449972824 ], [ -121.743466578989242, 36.713290141271017 ], [ -121.743483069677325, 36.71400980563913 ], [ -121.743707232479565, 36.714006496488167 ], [ -121.743711355728749, 36.714186412546503 ], [ -121.743935519043021, 36.714183102955367 ], [ -121.743939642840189, 36.714363018995748 ], [ -121.744163806666506, 36.714359708973419 ] ] ], [ [ [ -121.747828952222704, 36.717725090833596 ], [ -121.747837218636732, 36.718084922186705 ], [ -121.748285567848939, 36.718078286933576 ], [ -121.748281433577418, 36.717898371279475 ], [ -121.748057259501323, 36.717901689108167 ], [ -121.748053125777787, 36.717721773436097 ], [ -121.747828952222704, 36.717725090833596 ] ] ], [ [ [ -121.744641012523459, 36.715612499432716 ], [ -121.744653389215003, 36.716152247158583 ], [ -121.744877558278503, 36.71614893578878 ], [ -121.744881684411283, 36.716328851667456 ], [ -121.745105853986814, 36.716325539866467 ], [ -121.74512236083558, 36.717045203237447 ], [ -121.7453465325042, 36.717041890978315 ], [ -121.745350659795804, 36.717221806785126 ], [ -121.745574831976455, 36.71721849408582 ], [ -121.745578959816029, 36.717398409874662 ], [ -121.745803132517707, 36.717395096753151 ], [ -121.745807260905252, 36.717575012515049 ], [ -121.74603143410998, 36.717571698953357 ], [ -121.746027305192428, 36.717391783191459 ], [ -121.746475650478999, 36.717385154810437 ], [ -121.746479780456568, 36.717565070554372 ], [ -121.747152299837197, 36.717555124766868 ], [ -121.747156431422738, 36.717735040483852 ], [ -121.747828952222704, 36.717725090833596 ], [ -121.747824819038158, 36.717545175143563 ], [ -121.747600645995121, 36.71754849210987 ], [ -121.747596513367526, 36.717368576401874 ], [ -121.747372340827539, 36.717371892936981 ], [ -121.747368208747915, 36.717191977211023 ], [ -121.746919864674084, 36.717198608978691 ], [ -121.746915733672424, 36.717018693225775 ], [ -121.746691562138565, 36.717022008467318 ], [ -121.74668743168489, 36.716842092696439 ], [ -121.746239089614292, 36.716848721885938 ], [ -121.746230830889843, 36.716488890272316 ], [ -121.746006660883126, 36.716492204211299 ], [ -121.746002532082343, 36.716312288377537 ], [ -121.745778362587657, 36.716315601894308 ], [ -121.74577423433486, 36.716135686042584 ], [ -121.745550065352205, 36.716138999119181 ], [ -121.745545937647378, 36.715959083249487 ], [ -121.745321769167788, 36.71596239588591 ], [ -121.745317642019913, 36.715782479998254 ], [ -121.745093474052354, 36.715785792212465 ], [ -121.745089347443468, 36.715605876306839 ], [ -121.744641012523459, 36.715612499432716 ] ] ], [ [ [ -121.744163806666506, 36.714359708973419 ], [ -121.744192677513624, 36.715619120851791 ], [ -121.744641012523459, 36.715612499432716 ], [ -121.744632761488589, 36.715252667549599 ], [ -121.744408595057166, 36.715255978461258 ], [ -121.744387970465866, 36.714356398519897 ], [ -121.744163806666506, 36.714359708973419 ] ] ] ] } },
{ "type": "Feature", "properties": { "area_ha": 0.7197533253651196, "count": 18, "min_ha": 0.2, "post_date": "2023-03-25" }, "geometry": { "type": "MultiPolygon", "coordinates": [ [ [ [ -121.753229905683014, 36.854784395060328 ], [ -121.753679061375735, 36.854777739640014 ], [ -121.753674906883148, 36.854597832259401 ], [ -121.753225752250444, 36.854604487661746 ], [ -121.753229905683014, 36.854784395060328 ] ] ], [ [ [ -121.75260184347664, 36.856773355883107 ], [ -121.752597691427468, 36.85659344858334 ], [ -121.752148524901074, 36.856600099898351 ], [ -121.752152675890244, 36.856780007216088 ], [ -121.75260184347664, 36.856773355883107 ] ] ], [ [ [ -121.753229905683014, 36.854784395060328 ], [ -121.753005327805226, 36.854787722132677 ], [ -121.753013633664267, 36.855147536893909 ], [ -121.752789054708501, 36.855150863562017 ], [ -121.752826427238418, 36.856770029583309 ], [ -121.753051010982205, 36.856766702852319 ], [ -121.753017786620745, 36.855327444265541 ], [ -121.753466945538406, 36.85532078965371 ], [ -121.753462791521926, 36.855140882300049 ], [ -121.753238212602085, 36.855144209812572 ], [ -121.753229905683014, 36.854784395060328 ] ] ], [ [ [ -121.752826427238418, 36.856770029583309 ], [ -121.75260184347664, 36.856773355883107 ], [ -121.752605995543789, 36.856953263182874 ], [ -121.752830579844542, 36.856949936865107 ], [ -121.752826427238418, 36.856770029583309 ] ] ] ] } },
{ "type": "Feature", "properties": { "area_ha": 0.35988217247628951, "count": 9, "min_ha": 0.2, "post_date": "2023-03-25" }, "geometry": { "type": "MultiPolygon", "coordinates": [ [ [ [ -121.751241570977001, 36.788044690646863 ], [ -121.751237425907746, 36.787864779358578 ], [ -121.751461806147191, 36.78786145557406 ], [ -121.751457660556909, 36.787681544285775 ], [ -121.751233280847458, 36.787684868061312 ], [ -121.75122499078978, 36.787325045439822 ], [ -121.751000612113387, 36.787328368775178 ], [ -121.75099232319657, 36.786968546099793 ], [ -121.750767945571212, 36.786971868994982 ], [ -121.750780377383379, 36.787511603021535 ], [ -121.751004756607728, 36.787508280099402 ], [ -121.751017190189586, 36.788048014018159 ], [ -121.751241570977001, 36.788044690646863 ] ] ], [ [ [ -121.751241570977001, 36.788044690646863 ], [ -121.751245716082209, 36.788224601917186 ], [ -121.75147009738167, 36.788221278114705 ], [ -121.751465951755449, 36.788041366853363 ], [ -121.751241570977001, 36.788044690646863 ] ] ] ] } },
{ "type": "Feature", "properties": { "area_ha": 0.59981641615658188, "count": 15, "min_ha": 0.2, "post_date": "2023-03-25" }, "geometry": { "type": "Polygon", "coordinates": [ [ [ -121.751288423634733, 36.692656940322721 ], [ -121.751271863776367, 36.691937271615743 ], [ -121.751047766299621, 36.691940595148736 ], [ -121.751051905709502, 36.692120512347934 ], [ -121.75082780767579, 36.692123835467697 ], [ -121.750836085489439, 36.692483669857118 ], [ -121.750611986377749, 36.692486992563659 ], [ -121.750624401651933, 36.693026744080413 ], [ -121.750400300941251, 36.693030066382711 ], [ -121.750408576832498, 36.693389900682298 ], [ -121.750632678603196, 36.693386578362031 ], [ -121.750628540118583, 36.693206661225716 ], [ -121.750852641341311, 36.693203338483244 ], [ -121.750848502353634, 36.693023421346922 ], [ -121.751072603028391, 36.693020098191226 ], [ -121.751064324037955, 36.692660263891639 ], [ -121.751288423634733, 36.692656940322721 ] ] ] } },
{ "type": "Feature", "properties": { "area_ha": 3.0789947197680267, "count": 77, "min_ha": 0.2, "post_date": "2023-03-25" }, "geometry": { "type": "Polygon", "coordinates": [ [ [ -121.752496598088655, 36.784066691737202 ], [ -121.752513189603633, 36.784786337537135 ], [ -121.752737560707232, 36.784783011318183 ], [ -121.752745857646005, 36.785142834137297 ], [ -121.752521485482404, 36.785146160365237 ], [ -121.752525633453232, 36.785326071770299 ], [ -121.75275000614684, 36.785322745533385 ], [ -121.752754154665638, 36.785502656911504 ], [ -121.752978527871278, 36.78549933024339 ], [ -121.752970229791643, 36.785139507487159 ], [ -121.753194601919304, 36.785136180405821 ], [ -121.753182153353563, 36.784596446208589 ], [ -121.753406523864257, 36.784593118731991 ], [ -121.753398223853239, 36.784233295894907 ], [ -121.753622593285954, 36.784229967996104 ], [ -121.753614292295779, 36.78387014513207 ], [ -121.753838660650516, 36.783866816829033 ], [ -121.753834509652378, 36.783686905388031 ], [ -121.754058877450163, 36.783683576671763 ], [ -121.754050574456741, 36.783323753771796 ], [ -121.753601840963228, 36.783330410755177 ], [ -121.753597690557967, 36.783150499269262 ], [ -121.753373324305272, 36.783153827114162 ], [ -121.753369174456978, 36.782973915619266 ], [ -121.753144808716328, 36.782977243032974 ], [ -121.753140659416005, 36.782797331511127 ], [ -121.752916294187401, 36.782800658493649 ], [ -121.752912145435033, 36.782620746953832 ], [ -121.752687780718475, 36.782624073496173 ], [ -121.752683632514078, 36.782444161947382 ], [ -121.752459268318546, 36.78244748805853 ], [ -121.752455120662134, 36.782267576482788 ], [ -121.752230756969638, 36.78227090216275 ], [ -121.752226609870178, 36.782090990569031 ], [ -121.751777883491329, 36.782097640635385 ], [ -121.751782029530773, 36.782277552238085 ], [ -121.752006393259194, 36.78227422741152 ], [ -121.75201053985559, 36.782454139005232 ], [ -121.751786175597175, 36.782457463840778 ], [ -121.751794467774872, 36.782817287001258 ], [ -121.752018833093317, 36.782813962147742 ], [ -121.752035419820274, 36.783533608307003 ], [ -121.752259787249756, 36.783530283004332 ], [ -121.752272229087126, 36.784070017489029 ], [ -121.752496598088655, 36.784066691737202 ] ], [ [ -121.752496598088655, 36.784066691737202 ], [ -121.752720967063226, 36.784063365554182 ], [ -121.752725115447276, 36.784243277013147 ], [ -121.752949484933893, 36.784239950398934 ], [ -121.752945336019849, 36.784060038948958 ], [ -121.753169704967476, 36.784056711912534 ], [ -121.753161406133245, 36.783696888994605 ], [ -121.752488302443453, 36.783706868774352 ], [ -121.752496598088655, 36.784066691737202 ] ] ] } },
{ "type": "Feature", "properties": { "area_ha": 0.39987631442130467, "count": 10, "min_ha": 0.2, "post_date": "2023-03-25" }, "geometry": { "type": "Polygon", "coordinates": [ [ [ -121.752067970445282, 36.707043625741306 ], [ -121.752059685229511, 36.706683793301231 ], [ -121.75183554435516, 36.706687118307457 ], [ -121.75183968643303, 36.706867034545461 ], [ -121.751391403570395, 36.706873683309254 ], [ -121.751399685651037, 36.707233515776281 ], [ -121.750951400596506, 36.707240162878186 ], [ -121.75095554060826, 36.707420079107209 ], [ -121.751179683674508, 36.707416755762864 ], [ -121.751183824234232, 36.707596671973917 ], [ -121.751407967812526, 36.707593348198387 ], [ -121.751403826722807, 36.707413431996315 ], [ -121.751627969753116, 36.707410107798573 ], [ -121.751623828151352, 36.70723019158752 ], [ -121.751847970624709, 36.707226866976548 ], [ -121.751843828519895, 36.707046950765495 ], [ -121.752067970445282, 36.707043625741306 ] ] ] } },
{ "type": "Feature", "properties": { "area_ha": 0.27990842105713321, "count": 7, "min_ha": 0.2, "post_date": "2023-03-25" }, "geometry": { "type": "Polygon", "coordinates": [ [ [ -121.753464626106322, 36.787111877378855 ], [ -121.75344387486156, 36.786212320964374 ], [ -121.752995124264118, 36.78621897563908 ], [ -121.753003422577322, 36.786578798269552 ], [ -121.753227798954015, 36.786575471125339 ], [ -121.753240248166549, 36.787115204972231 ], [ -121.753464626106322, 36.787111877378855 ] ] ] } },
{ "type": "Feature", "properties": { "area_ha": 0.39986903797926004, "count": 10, "min_ha": 0.2, "post_date": "2023-03-25" }, "geometry": { "type": "Polygon", "coordinates": [ [ [ -121.754844121852344, 36.788531192252414 ], [ -121.754839968222143, 36.788351281116846 ], [ -121.754615586680131, 36.788354611315334 ], [ -121.754607280533619, 36.787994789008252 ], [ -121.754382900033647, 36.787998118766566 ], [ -121.754370442565602, 36.78745838519815 ], [ -121.754146063637691, 36.787461714507309 ], [ -121.754170975573416, 36.78854118159024 ], [ -121.754844121852344, 36.788531192252414 ] ] ] } },
{ "type": "Feature", "properties": { "area_ha": 1.5594904990451672, "count": 39, "min_ha": 0.2, "post_date": "2023-03-25" }, "geometry": { "type": "Polygon", "coordinates": [ [ [ -121.755654383239261, 36.784739731817297 ], [ -121.755646072583204, 36.784379909159881 ], [ -121.755197332990122, 36.784386572197903 ], [ -121.755193178749067, 36.784206660837754 ], [ -121.754968809460067, 36.784209991709979 ], [ -121.754964655766983, 36.784030080322879 ], [ -121.754740286990028, 36.784033410763911 ], [ -121.754736133844915, 36.783853499367822 ], [ -121.754063028978308, 36.783863488103776 ], [ -121.75406718052443, 36.784043399526809 ], [ -121.75384281166663, 36.784046728261046 ], [ -121.753855264831756, 36.78458646248523 ], [ -121.75430400571841, 36.784579804540655 ], [ -121.754312310050324, 36.784939627278924 ], [ -121.754087938551478, 36.784942956480286 ], [ -121.75409624189524, 36.785302779182622 ], [ -121.754544986994986, 36.785296120330749 ], [ -121.75454083424512, 36.785116208997543 ], [ -121.754989578204018, 36.785109548447849 ], [ -121.754985424412112, 36.784929637123632 ], [ -121.755434167230135, 36.784922974894094 ], [ -121.755430012396175, 36.784743063569877 ], [ -121.755654383239261, 36.784739731817297 ] ] ] } },
{ "type": "Feature", "properties": { "area_ha": 2.1593309245991725, "count": 54, "min_ha": 0.2, "post_date": "2023-03-25" }, "geometry": { "type": "MultiPolygon", "coordinates": [ [ [ [ -121.752105254904365, 36.708662871155703 ], [ -121.752092826577666, 36.70812312278305 ], [ -121.751868681472232, 36.70812644786114 ], [ -121.751864539259614, 36.707946531703989 ], [ -121.751640394666225, 36.707949856350886 ], [ -121.751644536339853, 36.708129772508045 ], [ -121.751420391198494, 36.70813309673273 ], [ -121.75142453236009, 36.708313012889889 ], [ -121.751648678040439, 36.708309688665196 ], [ -121.751656961495513, 36.708669520925611 ], [ -121.752105254904365, 36.708662871155703 ] ] ], [ [ [ -121.752105254904365, 36.708662871155703 ], [ -121.752109397718854, 36.708842787249971 ], [ -121.752333544926344, 36.708839461722725 ], [ -121.752337688288819, 36.709019377799031 ], [ -121.75256183600834, 36.709016051840592 ], [ -121.752570123856174, 36.70937588394829 ], [ -121.752794272608753, 36.709372557540689 ], [ -121.752798417094112, 36.709552473572082 ], [ -121.753022566358737, 36.709549146733295 ], [ -121.753026711392081, 36.709729062746717 ], [ -121.753250861168738, 36.709725735476738 ], [ -121.753255006750052, 36.709905651472198 ], [ -121.753703307309493, 36.70989899563866 ], [ -121.753707453968786, 36.710078911598188 ], [ -121.753931604742576, 36.71007558303463 ], [ -121.753935751958821, 36.71025549898517 ], [ -121.754159903244656, 36.710252169990426 ], [ -121.754164050999876, 36.710432085914022 ], [ -121.754388202797756, 36.710428756488085 ], [ -121.754392351109942, 36.710608672393711 ], [ -121.754616503419854, 36.710605342536581 ], [ -121.754620652271029, 36.710785258424238 ], [ -121.755068957888, 36.710778597407426 ], [ -121.755064807976808, 36.710598681537732 ], [ -121.755288960223837, 36.710595350396012 ], [ -121.755284809791632, 36.710415434517337 ], [ -121.755060658074612, 36.710418765650068 ], [ -121.75505650819936, 36.710238849753431 ], [ -121.754832356985389, 36.710242180454969 ], [ -121.754828207658107, 36.710062264531381 ], [ -121.754604056956168, 36.710065594801733 ], [ -121.754599908176857, 36.709885678860175 ], [ -121.754375757986963, 36.709889008699335 ], [ -121.754371609764618, 36.709709092739807 ], [ -121.754147460077789, 36.7097124221388 ], [ -121.7541433124034, 36.709532506170291 ], [ -121.753919163228602, 36.709535835129103 ], [ -121.753915016102198, 36.709355919142631 ], [ -121.753690867439445, 36.70935924767025 ], [ -121.753686720861012, 36.709179331656827 ], [ -121.753238424541607, 36.709185987427482 ], [ -121.753234279041152, 36.70900607139609 ], [ -121.753010131384499, 36.709009398630137 ], [ -121.753005986432015, 36.708829482580782 ], [ -121.752557692115872, 36.708836135764287 ], [ -121.752553548241366, 36.708656219678993 ], [ -121.752105254904365, 36.708662871155703 ] ] ] ] } },
{ "type": "Feature", "properties": { "area_ha": 0.91971204104117699, "count": 23, "min_ha": 0.2, "post_date": "2023-03-25" }, "geometry": { "type": "Polygon", "coordinates": [ [ [ -121.75651783642536, 36.72497525215978 ], [ -121.756492912012021, 36.723895762403373 ], [ -121.756268720634381, 36.723899095808846 ], [ -121.756264567156876, 36.723719180801531 ], [ -121.756040376291267, 36.723722513775819 ], [ -121.756036223370728, 36.723542598750541 ], [ -121.755812033008183, 36.723545931293629 ], [ -121.755807880635615, 36.723366016250388 ], [ -121.755583690785102, 36.723369348353302 ], [ -121.755579538969485, 36.723189433292092 ], [ -121.755131160265591, 36.723196096213336 ], [ -121.755135311030173, 36.723376011292515 ], [ -121.755359500916626, 36.723372680034011 ], [ -121.755367803559693, 36.72373251014745 ], [ -121.755591994488185, 36.723729178448778 ], [ -121.755600298272128, 36.724089008499334 ], [ -121.755824490242674, 36.724085676360481 ], [ -121.755828642687106, 36.724265591358808 ], [ -121.756052835169683, 36.724262258788769 ], [ -121.756061141190429, 36.72462208874051 ], [ -121.756285334706064, 36.724618755730297 ], [ -121.756293641867671, 36.724978585610174 ], [ -121.75651783642536, 36.72497525215978 ] ] ] } },
{ "type": "Feature", "properties": { "area_ha": 4.7184503578819506, "count": 118, "min_ha": 0.2, "post_date": "2023-03-25" }, "geometry": { "type": "Polygon", "coordinates": [ [ [ -121.761488782286293, 36.794371484966362 ], [ -121.761484612612165, 36.79419157441469 ], [ -121.76126021412793, 36.794194917216544 ], [ -121.761256045001772, 36.794015006646909 ], [ -121.759685258729277, 36.794038394267368 ], [ -121.759689424145378, 36.794218304890897 ], [ -121.758343031955377, 36.794238334869334 ], [ -121.758338869737273, 36.794058424191903 ], [ -121.757890073244909, 36.794065097434789 ], [ -121.757881750982619, 36.793705276026024 ], [ -121.757657353764998, 36.793708611991697 ], [ -121.757644872114298, 36.793168879779742 ], [ -121.757420476468738, 36.793172215296252 ], [ -121.75740383666033, 36.792452572164322 ], [ -121.757179443125807, 36.792455907222696 ], [ -121.757162805760814, 36.791736263893128 ], [ -121.756938414328346, 36.791739598493365 ], [ -121.756925938094483, 36.791199865859191 ], [ -121.756701548243058, 36.791203200019254 ], [ -121.756680757571246, 36.790303645374451 ], [ -121.756456370351884, 36.790306979058407 ], [ -121.756452212805016, 36.790127068093511 ], [ -121.756227826097685, 36.790130401346275 ], [ -121.756223669098802, 36.78995049036341 ], [ -121.755999282903517, 36.78995382318498 ], [ -121.755995126461585, 36.789773912175171 ], [ -121.75577074076935, 36.789777244565549 ], [ -121.755766584875389, 36.789597333537778 ], [ -121.755542199695199, 36.789600665496963 ], [ -121.75553804435819, 36.789420754451221 ], [ -121.755089275003925, 36.789427417067039 ], [ -121.755085120744894, 36.789247506003328 ], [ -121.753963199667908, 36.789264155046432 ], [ -121.753971502894899, 36.789623977254692 ], [ -121.754644658785807, 36.789613989057727 ], [ -121.754648812020761, 36.78979390011245 ], [ -121.75509758358487, 36.789787239176484 ], [ -121.755101737897803, 36.789967150213243 ], [ -121.755550510441083, 36.789960487543532 ], [ -121.755554665840975, 36.790140398553341 ], [ -121.755779052611175, 36.790137066576186 ], [ -121.755787364533859, 36.790496888550884 ], [ -121.756011752346112, 36.790493556133562 ], [ -121.75602422196836, 36.791033288992303 ], [ -121.756248611352675, 36.791029956116837 ], [ -121.756256925592993, 36.791389777956795 ], [ -121.756032535148691, 36.791393110841241 ], [ -121.756040848400872, 36.791752932645267 ], [ -121.756265239914185, 36.79174959974285 ], [ -121.756269397101718, 36.791929510626893 ], [ -121.756493789127063, 36.791926177293284 ], [ -121.756497946862581, 36.792106088159358 ], [ -121.756722339399971, 36.792102754385574 ], [ -121.756730656002873, 36.792462576063834 ], [ -121.756955049573321, 36.792459241858857 ], [ -121.756967526211426, 36.79299897426845 ], [ -121.757191921362903, 36.792995639614318 ], [ -121.757204399770686, 36.793535371898137 ], [ -121.757428796494224, 36.793532036794851 ], [ -121.757437116600556, 36.793891858248529 ], [ -121.757661514357153, 36.79388852270506 ], [ -121.757673996250404, 36.794428254791256 ], [ -121.758347194200425, 36.794418245528803 ], [ -121.75835135646345, 36.794598156179283 ], [ -121.758800156063984, 36.794591481193663 ], [ -121.758804319404987, 36.7947713918172 ], [ -121.759477520247586, 36.794761376122807 ], [ -121.759473355307591, 36.79458146551724 ], [ -121.759697755022515, 36.79457812611102 ], [ -121.759701920483536, 36.794758036698617 ], [ -121.759926320710505, 36.794754696861204 ], [ -121.759922154710495, 36.794574786273607 ], [ -121.760146554380512, 36.794571446013983 ], [ -121.760142387868456, 36.794391535426385 ], [ -121.761488782286293, 36.794371484966362 ] ] ] } },
{ "type": "Feature", "properties": { "area_ha": 0.31990133135147147, "count": 8, "min_ha": 0.2, "post_date": "2023-03-25" }, "geometry": { "type": "Polygon", "coordinates": [ [ [ -121.760734554357271, 36.703675129556785 ], [ -121.760717902780925, 36.702955464991042 ], [ -121.760045514186018, 36.702965488069587 ], [ -121.760049675469872, 36.703145404244715 ], [ -121.76027380554649, 36.703142063643732 ], [ -121.760282129219135, 36.703501895958041 ], [ -121.76050626032881, 36.703498554907902 ], [ -121.760510422726568, 36.70367847103811 ], [ -121.760734554357271, 36.703675129556785 ] ] ] } },
{ "type": "Feature", "properties": { "area_ha": 0.43983980868164779, "count": 11, "min_ha": 0.2, "post_date": "2023-03-25" }, "geometry": { "type": "Polygon", "coordinates": [ [ [ -121.768288736774096, 36.951562464086948 ], [ -121.768271959110209, 36.950842857076267 ], [ -121.7678222358619, 36.950849567689076 ], [ -121.767826429179678, 36.951029469473184 ], [ -121.767601567003055, 36.951032824141777 ], [ -121.767605759808802, 36.951212725925892 ], [ -121.767830622524414, 36.951209371239329 ], [ -121.767834815878118, 36.951389273005475 ], [ -121.767609952632512, 36.951392627692037 ], [ -121.767614145474184, 36.951572529458183 ], [ -121.767839009258779, 36.951569174762632 ], [ -121.767843202657417, 36.951749076501827 ], [ -121.768068066954058, 36.951745721366109 ], [ -121.768063873025426, 36.951565819635896 ], [ -121.768288736774096, 36.951562464086948 ] ] ] } },
{ "type": "Feature", "properties": { "area_ha": 2.4392394425309645, "count": 61, "min_ha": 0.2, "post_date": "2023-03-25" }, "geometry": { "type": "Polygon", "coordinates": [ [ [ -121.767398849528888, 36.720313524529679 ], [ -121.767348695715199, 36.718154545708565 ], [ -121.767124521728945, 36.718157899730372 ], [ -121.767111985316944, 36.717618154744372 ], [ -121.767336157713189, 36.717614800749509 ], [ -121.767331978418113, 36.7174348857422 ], [ -121.766883634658683, 36.717441593282764 ], [ -121.766879456441586, 36.717261678239517 ], [ -121.76620694225322, 36.717271736343378 ], [ -121.766202765644096, 36.717091821273186 ], [ -121.765754423807067, 36.71709852452878 ], [ -121.765750248275936, 36.716918609431637 ], [ -121.765301907427045, 36.716925310971455 ], [ -121.765306081898174, 36.717105226077585 ], [ -121.765530252857104, 36.717101875514288 ], [ -121.765538602913267, 36.71746170569061 ], [ -121.765762774923246, 36.717458354687139 ], [ -121.765771126120256, 36.717818184809559 ], [ -121.765995299163293, 36.717814833356933 ], [ -121.765999475323255, 36.717994748391192 ], [ -121.766223648878324, 36.717991396516354 ], [ -121.766232002312151, 36.718351226530977 ], [ -121.766456176909273, 36.718347874215965 ], [ -121.766460354183138, 36.71852778919633 ], [ -121.766684529292291, 36.718524436441143 ], [ -121.766692884953954, 36.718884266356952 ], [ -121.766917061105147, 36.718880913161591 ], [ -121.766937953277619, 36.719780487722041 ], [ -121.767162132051894, 36.719777134068543 ], [ -121.767174669182552, 36.72031687864132 ], [ -121.767398849528888, 36.720313524529679 ] ] ] } },
{ "type": "Feature", "properties": { "area_ha": 2.9190382546339779, "count": 73, "min_ha": 0.2, "post_date": "2023-03-25" }, "geometry": { "type": "MultiPolygon", "coordinates": [ [ [ [ -121.770548549356846, 36.797835626081742 ], [ -121.77055693203981, 36.798195446107094 ], [ -121.77100575179854, 36.798188724813329 ], [ -121.771001559388068, 36.798008814818616 ], [ -121.770777150043202, 36.798012175676604 ], [ -121.770772958189667, 36.797832265663928 ], [ -121.770548549356846, 36.797835626081742 ] ] ], [ [ [ -121.766484096826773, 36.796816579684815 ], [ -121.766488278484431, 36.796996489913091 ], [ -121.766712685008585, 36.796993137193837 ], [ -121.766708502829914, 36.79681322697455 ], [ -121.766484096826773, 36.796816579684815 ] ] ], [ [ [ -121.770319949730506, 36.797659076046699 ], [ -121.770324140506048, 36.797838986077345 ], [ -121.770548549356846, 36.797835626081742 ], [ -121.770544358042301, 36.797655716051096 ], [ -121.770319949730506, 36.797659076046699 ] ] ], [ [ [ -121.770324140506048, 36.797838986077345 ], [ -121.770099731637288, 36.797842345650743 ], [ -121.770103921909779, 36.798022255681389 ], [ -121.770328331308548, 36.79801889610799 ], [ -121.770324140506048, 36.797838986077345 ] ] ], [ [ [ -121.77008716095456, 36.797302615486942 ], [ -121.77009554139174, 36.797662435602135 ], [ -121.770319949730506, 36.797659076046699 ], [ -121.770311568224315, 36.797299255940494 ], [ -121.77008716095456, 36.797302615486942 ] ] ], [ [ [ -121.77009554139174, 36.797662435602135 ], [ -121.769871133035025, 36.79766579474434 ], [ -121.769875322750565, 36.797845704792955 ], [ -121.770099731637288, 36.797842345650743 ], [ -121.77009554139174, 36.797662435602135 ] ] ], [ [ [ -121.768939999374055, 36.796239945983544 ], [ -121.768944186807857, 36.796419856148937 ], [ -121.769168591526409, 36.796416498767428 ], [ -121.769172779508196, 36.79659640892384 ], [ -121.768948374259651, 36.796599766305349 ], [ -121.768952561738374, 36.796779676452772 ], [ -121.768279344267953, 36.79678974608202 ], [ -121.768283530174642, 36.796969656238424 ], [ -121.768732342899554, 36.796962943568481 ], [ -121.768736529884222, 36.797142853697942 ], [ -121.769185343588305, 36.797136139303234 ], [ -121.769176967516927, 36.796776319062282 ], [ -121.769401373277518, 36.796772961240599 ], [ -121.769413939010533, 36.79731269157508 ], [ -121.77008716095456, 36.797302615486942 ], [ -121.770082970762914, 36.797122705411383 ], [ -121.769858563996209, 36.797126064526644 ], [ -121.769850184744811, 36.796766244321624 ], [ -121.769625779020146, 36.796769602996704 ], [ -121.769621589951399, 36.796589692867244 ], [ -121.769397184738779, 36.796593051111138 ], [ -121.769388807724184, 36.796233230816284 ], [ -121.768939999374055, 36.796239945983544 ] ] ], [ [ [ -121.766471551988587, 36.796276848955081 ], [ -121.768939999374055, 36.796239945983544 ], [ -121.768935811958201, 36.796060035800188 ], [ -121.766691774285917, 36.796093586016532 ], [ -121.766687592197073, 36.795913675743343 ], [ -121.766463188852953, 36.795917028417684 ], [ -121.766471551988587, 36.796276848955081 ] ] ], [ [ [ -121.766471551988587, 36.796276848955081 ], [ -121.766247147557507, 36.796280201216192 ], [ -121.76625550970499, 36.79664002173562 ], [ -121.765582293123899, 36.796650076003672 ], [ -121.765586472634581, 36.79682998626788 ], [ -121.76491325427483, 36.796840036736064 ], [ -121.764917432213451, 36.797019947009254 ], [ -121.764244212084023, 36.797029993668573 ], [ -121.764240035744393, 36.796850083368433 ], [ -121.763791223288962, 36.796856778997338 ], [ -121.763782872783651, 36.796496958334174 ], [ -121.763334062376373, 36.796503652229333 ], [ -121.763329888210677, 36.79632374186631 ], [ -121.763105483510103, 36.796327088162606 ], [ -121.763092962737772, 36.795787356992697 ], [ -121.762868559609245, 36.795790702839838 ], [ -121.762876905703834, 36.79615052364673 ], [ -121.762652501497328, 36.796153869089629 ], [ -121.762656674046056, 36.796333779488585 ], [ -121.762881078791551, 36.796330434036697 ], [ -121.762885251888264, 36.79651034441769 ], [ -121.763109657136809, 36.79650699853461 ], [ -121.7631180044621, 36.796866819242688 ], [ -121.763566817034302, 36.796860126165001 ], [ -121.763570991783908, 36.797040036492092 ], [ -121.763795398568575, 36.797036689306459 ], [ -121.763799573875133, 36.797216599615581 ], [ -121.765146017367925, 36.797196507536611 ], [ -121.765141838881334, 36.797016597272403 ], [ -121.766263871933319, 36.796999842201153 ], [ -121.766259690805683, 36.796819931972877 ], [ -121.766484096826773, 36.796816579684815 ], [ -121.766471551988587, 36.796276848955081 ] ] ] ] } },
{ "type": "Feature", "properties": { "area_ha": 0.47984174667989848, "count": 12, "min_ha": 0.2, "post_date": "2023-03-25" }, "geometry": { "type": "Polygon", "coordinates": [ [ [ -121.772360601860512, 36.798528370545895 ], [ -121.772356406225086, 36.798348460623053 ], [ -121.770785533831102, 36.798371995657043 ], [ -121.770789725747505, 36.798551905642775 ], [ -121.771014136682396, 36.798548544757836 ], [ -121.771018329155751, 36.798728454716617 ], [ -121.772140386174797, 36.798711643904902 ], [ -121.772136191051402, 36.798531733982053 ], [ -121.772360601860512, 36.798528370545895 ] ] ] } },
{ "type": "Feature", "properties": { "area_ha": 0.47984179637429897, "count": 12, "min_ha": 0.2, "post_date": "2023-03-25" }, "geometry": { "type": "Polygon", "coordinates": [ [ [ -121.773025439747158, 36.798158457876461 ], [ -121.773008651096873, 36.797438818122188 ], [ -121.772559835937514, 36.797445547024687 ], [ -121.772564032013122, 36.797625457001438 ], [ -121.772115215712901, 36.797632184215104 ], [ -121.772127800858513, 36.79817191410941 ], [ -121.773025439747158, 36.798158457876461 ] ], [ [ -121.772796833392434, 36.797981912647408 ], [ -121.772792636750879, 36.797802002706597 ], [ -121.772343819426581, 36.797808730782641 ], [ -121.77234801500812, 36.797988640741423 ], [ -121.772796833392434, 36.797981912647408 ] ] ] } },
{ "type": "Feature", "properties": { "area_ha": 0.99964264024512051, "count": 25, "min_ha": 0.2, "post_date": "2023-03-25" }, "geometry": { "type": "Polygon", "coordinates": [ [ [ -121.778148714511843, 36.921180711072282 ], [ -121.778136066151802, 36.92064100221652 ], [ -121.777911294471465, 36.920644376486358 ], [ -121.777907078920379, 36.920464473507487 ], [ -121.777682307761069, 36.92046784733715 ], [ -121.777686522773152, 36.920647750325003 ], [ -121.77746175105689, 36.920651123741436 ], [ -121.777474394628911, 36.921190832660081 ], [ -121.777024847935493, 36.921197578253278 ], [ -121.777041702046006, 36.92191719008791 ], [ -121.776816926538842, 36.921920562273655 ], [ -121.776837991969373, 36.922820076889529 ], [ -121.777062770144525, 36.922816704658871 ], [ -121.77704591562977, 36.922097093021868 ], [ -121.77727069164898, 36.922093720395942 ], [ -121.777262263448364, 36.921733914537022 ], [ -121.777487038380599, 36.921730541506861 ], [ -121.777482823772758, 36.921550638563922 ], [ -121.777707598157022, 36.921547265111549 ], [ -121.777699167944192, 36.921187459225678 ], [ -121.778148714511843, 36.921180711072282 ] ] ] } },
{ "type": "Feature", "properties": { "area_ha": 0.83974300623536369, "count": 21, "min_ha": 0.2, "post_date": "2023-03-25" }, "geometry": { "type": "Polygon", "coordinates": [ [ [ -121.773486763892947, 36.692865551194316 ], [ -121.773474186526755, 36.692325802076063 ], [ -121.773250088879323, 36.692329167740034 ], [ -121.773245896989863, 36.692149251331351 ], [ -121.772797702701112, 36.692155981383699 ], [ -121.772793511889631, 36.691976064948065 ], [ -121.772569415239332, 36.691979429327453 ], [ -121.772573605520805, 36.692159345772069 ], [ -121.772349508322534, 36.692162709729246 ], [ -121.772353698091962, 36.69234262616488 ], [ -121.772129600345721, 36.692345989708826 ], [ -121.772137978878476, 36.692705822562125 ], [ -121.772586176473027, 36.692699095016081 ], [ -121.772590366826364, 36.692879011415783 ], [ -121.773486763892947, 36.692865551194316 ] ] ] } },
{ "type": "Feature", "properties": { "area_ha": 0.63977206100089445, "count": 16, "min_ha": 0.2, "post_date": "2023-03-25" }, "geometry": { "type": "Polygon", "coordinates": [ [ [ -121.780045053719789, 36.915753232975725 ], [ -121.780040833380696, 36.915573329817192 ], [ -121.779366563569852, 36.915583462193759 ], [ -121.779370782309954, 36.915763365379242 ], [ -121.779146025128426, 36.915766741993686 ], [ -121.779154461602516, 36.916126548337701 ], [ -121.77892970334301, 36.916129924547896 ], [ -121.778938138828948, 36.916489730873941 ], [ -121.779612416751576, 36.916479600931815 ], [ -121.77960819740062, 36.916299697800227 ], [ -121.779832956127251, 36.916296320305442 ], [ -121.779820296601144, 36.91575661086577 ], [ -121.780045053719789, 36.915753232975725 ] ] ] } },
{ "type": "Feature", "properties": { "area_ha": 0.23991948171918112, "count": 6, "min_ha": 0.2, "post_date": "2023-03-25" }, "geometry": { "type": "MultiPolygon", "coordinates": [ [ [ [ -121.776997333095295, 36.824014837684601 ], [ -121.777001541145438, 36.824194745963531 ], [ -121.776777054734112, 36.824198118176227 ], [ -121.776781262263228, 36.824378026446176 ], [ -121.777230236127949, 36.824371281580611 ], [ -121.777226027538816, 36.82419137331965 ], [ -121.777450513905237, 36.82418800025355 ], [ -121.777446304804059, 36.824008091992589 ], [ -121.776997333095295, 36.824014837684601 ] ] ], [ [ [ -121.776772847213962, 36.824018209888315 ], [ -121.776997333095295, 36.824014837684601 ], [ -121.776993125072096, 36.823834929396689 ], [ -121.776768639720771, 36.823838301600397 ], [ -121.776772847213962, 36.824018209888315 ] ] ], [ [ [ -121.776772847213962, 36.824018209888315 ], [ -121.776548361314667, 36.824021581669818 ], [ -121.776552568295813, 36.82420148995773 ], [ -121.776777054734112, 36.824198118176227 ], [ -121.776772847213962, 36.824018209888315 ] ] ] ] } },
{ "type": "Feature", "properties": { "area_ha": 0.67977618104655846, "count": 17, "min_ha": 0.2, "post_date": "2023-03-25" }, "geometry": { "type": "MultiPolygon", "coordinates": [ [ [ [ -121.776548703509903, 36.795226006787495 ], [ -121.776324302636155, 36.795229378164755 ], [ -121.776332712367392, 36.795589198091292 ], [ -121.776108310406684, 36.795592569064311 ], [ -121.776112514773729, 36.795772479014111 ], [ -121.776336917264459, 36.795769108032111 ], [ -121.77634953207243, 36.796308837800652 ], [ -121.776573936144189, 36.796305466369489 ], [ -121.776582347177992, 36.796665286152304 ], [ -121.776357942046218, 36.796668657592448 ], [ -121.776362147069051, 36.796848567479358 ], [ -121.776810958356663, 36.796841824140934 ], [ -121.776785722192002, 36.795762364792495 ], [ -121.776561319737212, 36.795765736627899 ], [ -121.776548703509903, 36.795226006787495 ] ] ], [ [ [ -121.776548703509903, 36.795226006787495 ], [ -121.776773104365688, 36.795222634970052 ], [ -121.776760486728023, 36.794682905057783 ], [ -121.776536087462262, 36.794686276848267 ], [ -121.776548703509903, 36.795226006787495 ] ] ] ] } },
{ "type": "Feature", "properties": { "area_ha": 0.43985227508364261, "count": 11, "min_ha": 0.2, "post_date": "2023-03-25" }, "geometry": { "type": "MultiPolygon", "coordinates": [ [ [ [ -121.77837793838647, 36.825433861045866 ], [ -121.778382149778352, 36.825613769190049 ], [ -121.778606640303963, 36.825610393932067 ], [ -121.778602428382072, 36.825430485796872 ], [ -121.77837793838647, 36.825433861045866 ] ] ], [ [ [ -121.777920537740471, 36.825080793908029 ], [ -121.777912117220467, 36.824720977520847 ], [ -121.777463141352499, 36.824727724973563 ], [ -121.777467350534522, 36.824907633189611 ], [ -121.777242862039103, 36.824911006282655 ], [ -121.777247070709095, 36.825090914498702 ], [ -121.777920537740471, 36.825080793908029 ] ] ], [ [ [ -121.777920537740471, 36.825080793908029 ], [ -121.777924748027431, 36.825260702088144 ], [ -121.77770025850792, 36.825264076052555 ], [ -121.777708678084707, 36.825623892403804 ], [ -121.777933168673215, 36.825620518421431 ], [ -121.777928958341334, 36.825440610259278 ], [ -121.77837793838647, 36.825433861045866 ], [ -121.77837372701255, 36.82525395288372 ], [ -121.778149237528979, 36.825257327701529 ], [ -121.778145026712011, 36.825077419530395 ], [ -121.777920537740471, 36.825080793908029 ] ] ] ] } },
{ "type": "Feature", "properties": { "area_ha": 7.3573875101649229, "count": 184, "min_ha": 0.2, "post_date": "2023-03-25" }, "geometry": { "type": "MultiPolygon", "coordinates": [ [ [ [ -121.781419843587315, 36.907274119594291 ], [ -121.781195111648444, 36.907277500107419 ], [ -121.781216224896298, 36.90817701776858 ], [ -121.780991490271461, 36.908180397895428 ], [ -121.780995712452111, 36.908360301404308 ], [ -121.780770977270322, 36.908363681108952 ], [ -121.78077519893894, 36.908543584617824 ], [ -121.7805504632002, 36.908546963900264 ], [ -121.780554684356758, 36.908726867409136 ], [ -121.780329948070047, 36.908730246278346 ], [ -121.780338389377079, 36.909090053278135 ], [ -121.780113652003394, 36.909093431743102 ], [ -121.780122092322273, 36.90945323871594 ], [ -121.780346830755974, 36.909449860250973 ], [ -121.780363713756302, 36.910169474061895 ], [ -121.780588454301025, 36.910166095129803 ], [ -121.780618004058908, 36.911425418874465 ], [ -121.780842748313688, 36.911422039466267 ], [ -121.78084697031467, 36.911601942813448 ], [ -121.780622225529896, 36.911605322230628 ], [ -121.780639111620431, 36.912324935556462 ], [ -121.780863858543199, 36.91232155610335 ], [ -121.780859636452377, 36.912141652792101 ], [ -121.781084382818193, 36.912138272925759 ], [ -121.781071715081481, 36.911598562965075 ], [ -121.78129645983033, 36.911595182694491 ], [ -121.781288013708334, 36.911235376027079 ], [ -121.781512757370209, 36.911231995343272 ], [ -121.78152120455222, 36.911591801992714 ], [ -121.781745949265144, 36.911588420868732 ], [ -121.781733276911083, 36.91104871089906 ], [ -121.78128379067428, 36.911055472670917 ], [ -121.781271121697898, 36.910515762566497 ], [ -121.781495863230774, 36.910512381909641 ], [ -121.781478969414721, 36.909792768332281 ], [ -121.781703708800634, 36.909789387289145 ], [ -121.781699484859274, 36.90960948387908 ], [ -121.781924223688222, 36.90960610241374 ], [ -121.781919999243826, 36.909426198994694 ], [ -121.781695260944886, 36.909429580460035 ], [ -121.781691037048446, 36.909249677023027 ], [ -121.781915774817392, 36.909246295575649 ], [ -121.781890428663004, 36.908166874836809 ], [ -121.782115163206981, 36.90816349301214 ], [ -121.782098264045956, 36.90744387902155 ], [ -121.781873531630978, 36.907447260819268 ], [ -121.781865083236241, 36.907087453756603 ], [ -121.781640351863317, 36.907090835114147 ], [ -121.781631904609441, 36.906731027988592 ], [ -121.781407174278556, 36.906734408905962 ], [ -121.781419843587315, 36.907274119594291 ] ], [ [ -121.781419843587315, 36.907274119594291 ], [ -121.78142406673814, 36.907454023139096 ], [ -121.781648799189057, 36.907450642194782 ], [ -121.781644575517205, 36.907270738658951 ], [ -121.781419843587315, 36.907274119594291 ] ], [ [ -121.78079208580202, 36.909263198563501 ], [ -121.78078786405257, 36.909083295090554 ], [ -121.780563126723806, 36.909086674399937 ], [ -121.78056734793428, 36.909266577881866 ], [ -121.78079208580202, 36.909263198563501 ] ] ], [ [ [ -121.781084382818193, 36.912138272925759 ], [ -121.781097050734559, 36.912677982796623 ], [ -121.780872302769751, 36.912681362689909 ], [ -121.780868080643003, 36.91250145939663 ], [ -121.780643333199208, 36.91250483885873 ], [ -121.780639111620431, 36.912324935556462 ], [ -121.780414364688667, 36.912328314578389 ], [ -121.780431248973599, 36.913047927778457 ], [ -121.780655998043343, 36.913044548720606 ], [ -121.780651776401683, 36.912864645445289 ], [ -121.781326021886144, 36.912854505738473 ], [ -121.781334468367461, 36.913214312244179 ], [ -121.780435470094233, 36.913227831053774 ], [ -121.780439691232843, 36.913407734320103 ], [ -121.780664441362589, 36.913404355244282 ], [ -121.780668663058151, 36.913584258492648 ], [ -121.780443912398397, 36.91358763757745 ], [ -121.780448133572932, 36.913767540825816 ], [ -121.780672884771676, 36.913764161732026 ], [ -121.780677106503177, 36.913944064962429 ], [ -121.780452354774411, 36.91394744405622 ], [ -121.780460797240266, 36.914307250508031 ], [ -121.780236044424555, 36.914310629188591 ], [ -121.780244485902259, 36.914670435613459 ], [ -121.780469239777986, 36.914667056914929 ], [ -121.780473461078287, 36.914846960100412 ], [ -121.780922969844852, 36.914840201409774 ], [ -121.780918747484534, 36.914660298233272 ], [ -121.780693993644732, 36.914663677785207 ], [ -121.7806897718324, 36.914483774599724 ], [ -121.780914525133198, 36.914480395056778 ], [ -121.78091030280882, 36.914300491862306 ], [ -121.781135055561663, 36.914297111897156 ], [ -121.78113927842503, 36.914477015082639 ], [ -121.781588784936815, 36.914470253858752 ], [ -121.781563441692967, 36.913390834700941 ], [ -121.781788191723905, 36.913387453496114 ], [ -121.781754397596984, 36.91194822747326 ], [ -121.781529651824059, 36.911951608615212 ], [ -121.781533875486929, 36.912131511908491 ], [ -121.781084382818193, 36.912138272925759 ] ], [ [ -121.781135055561663, 36.914297111897156 ], [ -121.781359808296529, 36.914293731509794 ], [ -121.781351361572661, 36.913933925120858 ], [ -121.781126609906778, 36.913937305499239 ], [ -121.781135055561663, 36.914297111897156 ] ], [ [ -121.781347138242168, 36.913754021917413 ], [ -121.781342914929638, 36.913574118695998 ], [ -121.781118164332753, 36.913577499056409 ], [ -121.781122387106294, 36.913757402277824 ], [ -121.781347138242168, 36.913754021917413 ] ] ], [ [ [ -121.780431248973599, 36.913047927778457 ], [ -121.780206499885892, 36.913051306405123 ], [ -121.780210720476518, 36.913231209689421 ], [ -121.780435470094233, 36.913227831053774 ], [ -121.780431248973599, 36.913047927778457 ] ] ] ] } },
{ "type": "Feature", "properties": { "area_ha": 11.156071777021847, "count": 279, "min_ha": 0.2, "post_date": "2023-03-25" }, "geometry": { "type": "MultiPolygon", "coordinates": [ [ [ [ -121.783493811994418, 36.899864240622314 ], [ -121.783269102082244, 36.899867625079047 ], [ -121.783260647911334, 36.899507817306713 ], [ -121.783485356763507, 36.899504432876924 ], [ -121.78347267406086, 36.898964721173506 ], [ -121.783697381296065, 36.898961336330501 ], [ -121.783688925193772, 36.898601528495277 ], [ -121.783913631342017, 36.898598143239049 ], [ -121.783909402792318, 36.898418239316946 ], [ -121.784358813965895, 36.898411467555825 ], [ -121.784354584365161, 36.898231563633722 ], [ -121.784803994388895, 36.89822479017478 ], [ -121.784799763755103, 36.898044886261665 ], [ -121.785473877043486, 36.898034722902203 ], [ -121.785478109276283, 36.898214626797355 ], [ -121.785702814202807, 36.898211238145493 ], [ -121.785711279800282, 36.898571045881894 ], [ -121.785486573813742, 36.898574434542745 ], [ -121.785490806109422, 36.898754338401965 ], [ -121.785940219124555, 36.898747560631108 ], [ -121.785935985768859, 36.898567656789858 ], [ -121.786160691710492, 36.89856426727561 ], [ -121.786164925605163, 36.898744171107879 ], [ -121.786389632067824, 36.898740781162438 ], [ -121.786393866510466, 36.898920684976744 ], [ -121.786618573485157, 36.898917294600118 ], [ -121.786614338503512, 36.898737390785811 ], [ -121.787063751321014, 36.898730608756942 ], [ -121.787059515297329, 36.898550704951624 ], [ -121.78750892697397, 36.898543921224942 ], [ -121.787504689899251, 36.898364017428605 ], [ -121.787954100426049, 36.898357232022072 ], [ -121.787949862309276, 36.898177328225735 ], [ -121.788623976352255, 36.898167146935904 ], [ -121.788619736663435, 36.89798724315753 ], [ -121.789293848927741, 36.897977058049854 ], [ -121.789289607657892, 36.897797154289449 ], [ -121.789739014672278, 36.897790362100636 ], [ -121.789734772360376, 36.897610458340232 ], [ -121.789959475301629, 36.8976070616215 ], [ -121.789950989671723, 36.897247254082721 ], [ -121.790175691534998, 36.897243856950766 ], [ -121.790171448216995, 36.89706395318138 ], [ -121.790620850802682, 36.897057157641846 ], [ -121.790616606442626, 36.896877253881442 ], [ -121.79129070858292, 36.896867057401096 ], [ -121.791286462641835, 36.89668715364968 ], [ -121.79173586290986, 36.896680353879084 ], [ -121.791731615926736, 36.896500450136642 ], [ -121.791506916336189, 36.896503850224065 ], [ -121.791494177102578, 36.895964138906919 ], [ -121.791269479093074, 36.895967538545179 ], [ -121.791260987435464, 36.895607730934536 ], [ -121.790362199448865, 36.895621325157698 ], [ -121.790366443135184, 36.895801228998948 ], [ -121.7899170479606, 36.895808023577281 ], [ -121.789921290604866, 36.895987927418538 ], [ -121.789471894280439, 36.895994720299051 ], [ -121.789476135882666, 36.89617462415827 ], [ -121.789251437154505, 36.896178019969703 ], [ -121.789247196091267, 36.895998116101502 ], [ -121.788573101389034, 36.896008300948665 ], [ -121.788577340862247, 36.896188204834836 ], [ -121.788127943235267, 36.896194992612919 ], [ -121.788132181657446, 36.896374896508071 ], [ -121.787907482282506, 36.896378289768293 ], [ -121.787911720192668, 36.896558193654464 ], [ -121.787462320310908, 36.89656497890828 ], [ -121.787466557179002, 36.896744882803432 ], [ -121.787017156156381, 36.896751666368417 ], [ -121.787021391982449, 36.89693157027255 ], [ -121.786796690909696, 36.896934961421735 ], [ -121.786800926214724, 36.897114865325868 ], [ -121.786576224594, 36.897118256052842 ], [ -121.786580459386997, 36.897298159947994 ], [ -121.786131055013655, 36.897304940153276 ], [ -121.786135288764612, 36.897484844057416 ], [ -121.785910586012008, 36.897488233526744 ], [ -121.78591481925092, 36.897668137430877 ], [ -121.785465412622813, 36.897674915102918 ], [ -121.785461180443903, 36.897495011180816 ], [ -121.785011774803948, 36.897501787137074 ], [ -121.785016005913846, 36.897681691068158 ], [ -121.784566599124048, 36.897688465326596 ], [ -121.784570829191907, 36.897868369266661 ], [ -121.784121421261247, 36.897875141845255 ], [ -121.784125650278071, 36.89805504578532 ], [ -121.783676241197568, 36.898061816666093 ], [ -121.783680469181334, 36.898241720624128 ], [ -121.783455764075143, 36.898245105431201 ], [ -121.783464219027579, 36.89860491332032 ], [ -121.783239512843409, 36.898608297714169 ], [ -121.783252193821284, 36.89914800949844 ], [ -121.783027486020146, 36.899151393497029 ], [ -121.783035939041199, 36.899511201323264 ], [ -121.782811230153101, 36.89951458490863 ], [ -121.78282390824738, 36.900054296594085 ], [ -121.782599197733333, 36.900057679775209 ], [ -121.782607648831998, 36.90041748752958 ], [ -121.782832360406061, 36.900414104339475 ], [ -121.782828134308758, 36.900234200471274 ], [ -121.783277556333985, 36.900227432806467 ], [ -121.783273329194643, 36.900047528947248 ], [ -121.783498039645806, 36.900044144490515 ], [ -121.783493811994418, 36.899864240622314 ] ], [ [ -121.790837062301932, 36.896693951713473 ], [ -121.790832817447807, 36.896514047935099 ], [ -121.790608117785396, 36.89651744631572 ], [ -121.790612362100546, 36.896697350103075 ], [ -121.790837062301932, 36.896693951713473 ] ], [ [ -121.790391905693269, 36.896880651848839 ], [ -121.790387661881184, 36.896700748070465 ], [ -121.790162961643858, 36.89670414560667 ], [ -121.790167204916955, 36.896884049394025 ], [ -121.790391905693269, 36.896880651848839 ] ], [ [ -121.789043700747925, 36.896901030732927 ], [ -121.789035219537737, 36.896541223059408 ], [ -121.788810519713635, 36.896544618035414 ], [ -121.788814759770759, 36.896724521876664 ], [ -121.788590059389705, 36.896727916430457 ], [ -121.78858581986259, 36.896548012580226 ], [ -121.788361119993567, 36.896551406693845 ], [ -121.788369598005758, 36.896911214412285 ], [ -121.789043700747925, 36.896901030732927 ] ], [ [ -121.788390793395564, 36.897810733546677 ], [ -121.788386554281672, 36.897630829732378 ], [ -121.788161851196691, 36.897634223477688 ], [ -121.788166089780574, 36.897814127291994 ], [ -121.788390793395564, 36.897810733546677 ] ], [ [ -121.787055279291607, 36.898370801137318 ], [ -121.787046807343046, 36.898010993481769 ], [ -121.786597398783556, 36.898017775447748 ], [ -121.786601633684356, 36.898197679297986 ], [ -121.78682633850309, 36.898194288517118 ], [ -121.786830573960842, 36.898374192349387 ], [ -121.787055279291607, 36.898370801137318 ] ], [ [ -121.786610103548824, 36.898557486962524 ], [ -121.786605868603118, 36.898377583139236 ], [ -121.786381163227432, 36.8983809734979 ], [ -121.78638539764313, 36.898560877330169 ], [ -121.786610103548824, 36.898557486962524 ] ] ], [ [ [ -121.785490806109422, 36.898754338401965 ], [ -121.785266099574912, 36.898757726649585 ], [ -121.785270331358547, 36.898937630499823 ], [ -121.78549503843206, 36.898934242252196 ], [ -121.785490806109422, 36.898754338401965 ] ] ], [ [ [ -121.785041393013444, 36.898761114466012 ], [ -121.785266099574912, 36.898757726649585 ], [ -121.78526186780924, 36.898577822781384 ], [ -121.78503716177778, 36.89858121058883 ], [ -121.785041393013444, 36.898761114466012 ] ] ], [ [ [ -121.785041393013444, 36.898761114466012 ], [ -121.784367273212283, 36.898771275355109 ], [ -121.784371502866918, 36.898951179250261 ], [ -121.784146795694596, 36.898954565368875 ], [ -121.784151024846167, 36.899134469255046 ], [ -121.783926317116894, 36.899137854960436 ], [ -121.783930545747452, 36.899317758837618 ], [ -121.783705837470208, 36.899321144120805 ], [ -121.783714293734178, 36.899680951884157 ], [ -121.783939003071438, 36.899677566583009 ], [ -121.783934774404955, 36.899497662714808 ], [ -121.784159483185263, 36.899494277000429 ], [ -121.784155254006734, 36.899314373132228 ], [ -121.784379962239058, 36.899310986995651 ], [ -121.784375732548497, 36.899131083127443 ], [ -121.78482514789026, 36.899124309596644 ], [ -121.784820917157646, 36.898944405728443 ], [ -121.785045624267084, 36.898941018325232 ], [ -121.785041393013444, 36.898761114466012 ] ] ], [ [ [ -121.783714293734178, 36.899680951884157 ], [ -121.783489584369974, 36.899684336754113 ], [ -121.783493811994418, 36.899864240622314 ], [ -121.78371852188863, 36.899860855743377 ], [ -121.783714293734178, 36.899680951884157 ] ] ] ] } },
{ "type": "Feature", "properties": { "area_ha": 26.030807413059197, "count": 651, "min_ha": 0.2, "post_date": "2023-03-25" }, "geometry": { "type": "MultiPolygon", "coordinates": [ [ [ [ -121.791252825693135, 36.904786212480928 ], [ -121.791028101551646, 36.904789611661052 ], [ -121.79103234733104, 36.904969514990263 ], [ -121.79080762264158, 36.904972913739194 ], [ -121.790824603827772, 36.905692527002145 ], [ -121.791274057446742, 36.905685729010216 ], [ -121.791278303863947, 36.905865632285526 ], [ -121.791503031176489, 36.905862232638285 ], [ -121.791494537309035, 36.905502426096639 ], [ -121.791269811056495, 36.905505825725918 ], [ -121.791252825693135, 36.904786212480928 ] ] ], [ [ [ -121.785927179727864, 36.907746129954965 ], [ -121.785931413577629, 36.907926033311128 ], [ -121.786156147232276, 36.90792264381485 ], [ -121.786160381639007, 36.908102547162031 ], [ -121.7863851158057, 36.908099157225578 ], [ -121.786376645950199, 36.907739350549186 ], [ -121.785927179727864, 36.907746129954965 ] ] ], [ [ [ -121.785104863911045, 36.901459671429038 ], [ -121.785109095470105, 36.901639575144522 ], [ -121.785333810547598, 36.901636187202328 ], [ -121.78532957845853, 36.901456283486837 ], [ -121.785104863911045, 36.901459671429038 ] ] ], [ [ [ -121.785096400864788, 36.901099863953142 ], [ -121.785545827803801, 36.901093087691457 ], [ -121.785554292988053, 36.90145289513142 ], [ -121.785779007490618, 36.901449506335823 ], [ -121.785787473815731, 36.901809313721884 ], [ -121.785562758244154, 36.901812702526463 ], [ -121.78556699089917, 36.901992606215003 ], [ -121.785117558633146, 36.901999382557534 ], [ -121.78512179025509, 36.902179286246074 ], [ -121.784897073551647, 36.902182673784026 ], [ -121.784892842477674, 36.902002770086504 ], [ -121.78421869386753, 36.902012930131185 ], [ -121.784214464401543, 36.901833026397725 ], [ -121.783989748695234, 36.9018364122199 ], [ -121.784002435548089, 36.902376123402298 ], [ -121.783777718215816, 36.902379508820225 ], [ -121.78379040365833, 36.902919219948728 ], [ -121.783565684709089, 36.902922604962413 ], [ -121.78356991270185, 36.903102508659934 ], [ -121.783345193204639, 36.903105893251414 ], [ -121.783349420676373, 36.903285796948936 ], [ -121.783124700631191, 36.903289181127192 ], [ -121.783133154568532, 36.903648988504266 ], [ -121.782908433436404, 36.903652372269299 ], [ -121.782912659910991, 36.903832275948851 ], [ -121.782687938221898, 36.903835659300654 ], [ -121.782700616154486, 36.904375370312373 ], [ -121.782475892848424, 36.904378753250953 ], [ -121.782497020478317, 36.905278271451103 ], [ -121.782047568476301, 36.905285036142487 ], [ -121.782064466685114, 36.906004650591214 ], [ -121.782513922936147, 36.905997885836953 ], [ -121.782518148602264, 36.906177789408709 ], [ -121.783192334429614, 36.906167639065835 ], [ -121.783188107164491, 36.905987735512042 ], [ -121.783412835204672, 36.905984351225996 ], [ -121.783408607427518, 36.905804447672203 ], [ -121.784082789823302, 36.905794292253844 ], [ -121.784095478005668, 36.906334002807426 ], [ -121.784320207025019, 36.906330616796609 ], [ -121.784324436994055, 36.90651052027853 ], [ -121.785223355011794, 36.906496971923353 ], [ -121.785219122913745, 36.906317068468375 ], [ -121.784994393966272, 36.906320456185988 ], [ -121.784990162425174, 36.906140552713047 ], [ -121.784765433998714, 36.906143939999474 ], [ -121.784752741091211, 36.905604229490812 ], [ -121.784528014236813, 36.905607616328076 ], [ -121.784515323098987, 36.905067905702637 ], [ -121.784290597825617, 36.905071292090746 ], [ -121.784269449004469, 36.904171774160091 ], [ -121.78449417160985, 36.904168387807914 ], [ -121.784489941380286, 36.903988484200219 ], [ -121.784939385477131, 36.903981710238227 ], [ -121.784943616775678, 36.904161613836933 ], [ -121.78539306186066, 36.90415483815017 ], [ -121.785384597143548, 36.90379503098869 ], [ -121.785609318599072, 36.903791642525469 ], [ -121.785600852893808, 36.903431835346026 ], [ -121.785825573253391, 36.903428446469583 ], [ -121.785804406699498, 36.902528928368241 ], [ -121.786029124382111, 36.902525539114507 ], [ -121.786024890595229, 36.902345635470887 ], [ -121.786249607720876, 36.90234224578596 ], [ -121.786241139149979, 36.901982438498713 ], [ -121.786465855188666, 36.901979048409544 ], [ -121.786457385629632, 36.901619241086365 ], [ -121.78668210059034, 36.901615850583973 ], [ -121.786677865312257, 36.901435946922383 ], [ -121.786453150881542, 36.901439337415795 ], [ -121.786444681448273, 36.901079530038714 ], [ -121.786669394809977, 36.901076139563273 ], [ -121.786665159585795, 36.900896235865744 ], [ -121.787339297946147, 36.900886061897182 ], [ -121.787330824371637, 36.90052625452909 ], [ -121.787555536053503, 36.900522862373791 ], [ -121.787551298763191, 36.900342958676269 ], [ -121.788000721004011, 36.900336173090075 ], [ -121.78799224435727, 36.899976365712995 ], [ -121.788666374372283, 36.899966184189601 ], [ -121.788674854217035, 36.900325991521761 ], [ -121.789124276251243, 36.900319201668573 ], [ -121.789132758305854, 36.90067900893785 ], [ -121.789357470365005, 36.900675613359979 ], [ -121.789353228789736, 36.900495709734322 ], [ -121.789802651776156, 36.900488917311947 ], [ -121.789798409158834, 36.900309013704252 ], [ -121.790023120086119, 36.900305616859754 ], [ -121.790018876965732, 36.900125713243078 ], [ -121.790468297697387, 36.900118918296442 ], [ -121.79046405352598, 36.899939014688748 ], [ -121.791362892617741, 36.899925419702022 ], [ -121.791367138918162, 36.900105323282759 ], [ -121.791591849171695, 36.900101923455857 ], [ -121.791600342904403, 36.900461730572424 ], [ -121.792049765486595, 36.900454929616053 ], [ -121.792058261420181, 36.900814736660756 ], [ -121.791833549073559, 36.900818137359025 ], [ -121.791854786612319, 36.901717654831543 ], [ -121.792079501617948, 36.901714254088354 ], [ -121.792087997838991, 36.902074060989321 ], [ -121.792312713886659, 36.902070659805958 ], [ -121.792346703828343, 36.903509886969672 ], [ -121.792796144394799, 36.903503083192589 ], [ -121.792791894510103, 36.903323179845408 ], [ -121.793915492903423, 36.903306162978133 ], [ -121.793923998008793, 36.903665969582661 ], [ -121.794148718691773, 36.903662564913837 ], [ -121.794157224938019, 36.904022371464464 ], [ -121.794381946663037, 36.904018966355466 ], [ -121.794386200347603, 36.904198869603832 ], [ -121.794610922584681, 36.90419546406364 ], [ -121.794615176826198, 36.904375367294037 ], [ -121.795064622306441, 36.904368554911095 ], [ -121.795047601217078, 36.903648941980521 ], [ -121.794822880614959, 36.903652348356147 ], [ -121.794814371251562, 36.903292541814501 ], [ -121.794589651700448, 36.903295947740965 ], [ -121.794585397575716, 36.903116044456667 ], [ -121.794360678536648, 36.903119449951944 ], [ -121.794356424968868, 36.902939546640695 ], [ -121.794131706432864, 36.90294295170478 ], [ -121.794127453422036, 36.902763048375569 ], [ -121.793902735407045, 36.902766453008461 ], [ -121.793898482944186, 36.902586549661287 ], [ -121.79367376543226, 36.902589953854005 ], [ -121.793669513526353, 36.902410050488854 ], [ -121.793444796535454, 36.902413454250386 ], [ -121.793440545177518, 36.902233550867273 ], [ -121.793215828698663, 36.902236954197612 ], [ -121.793211577897679, 36.902057050796529 ], [ -121.792986861921875, 36.902060453686694 ], [ -121.79297836144282, 36.901700646848603 ], [ -121.792753646518037, 36.901704049298587 ], [ -121.792745147179843, 36.901344242406601 ], [ -121.792520433306095, 36.90134764440743 ], [ -121.792499187987929, 36.900448126961869 ], [ -121.79272389920267, 36.900444724996966 ], [ -121.792719649668314, 36.900264821488094 ], [ -121.79249493898358, 36.900268223444009 ], [ -121.792490689997209, 36.900088319917167 ], [ -121.792265979824521, 36.900091721441889 ], [ -121.792253234590149, 36.899552010771529 ], [ -121.792028525989508, 36.899555411847096 ], [ -121.792024278152979, 36.899375508266353 ], [ -121.792248986223612, 36.899372107199767 ], [ -121.792244737875038, 36.89919220361903 ], [ -121.791795322784793, 36.89919900531202 ], [ -121.791782581053852, 36.898659294453012 ], [ -121.791557875076293, 36.898662694630261 ], [ -121.791562121762993, 36.898842598273887 ], [ -121.791337415237464, 36.898845998037906 ], [ -121.791333169080772, 36.898666094385305 ], [ -121.791108463058308, 36.898669493718138 ], [ -121.791099971867823, 36.898309686385971 ], [ -121.791324676821304, 36.898306287071108 ], [ -121.791320430718514, 36.898126383391549 ], [ -121.790646317403187, 36.898136580033594 ], [ -121.790654806419738, 36.898496387419655 ], [ -121.790879511948134, 36.898492988949208 ], [ -121.790883757026847, 36.898672892619778 ], [ -121.790209638788738, 36.898683086773488 ], [ -121.790196908421493, 36.898143375662954 ], [ -121.789972203899197, 36.89814677283983 ], [ -121.78996796101238, 36.897966869106376 ], [ -121.789743257002144, 36.897970265852059 ], [ -121.789747499358953, 36.898150169585513 ], [ -121.789298090215553, 36.898156961810258 ], [ -121.789302331530322, 36.8983368655527 ], [ -121.789077626397187, 36.898340261031755 ], [ -121.78908186719093, 36.898520164774197 ], [ -121.788857161500829, 36.898523559831048 ], [ -121.788852921237094, 36.898343656079625 ], [ -121.78862821606802, 36.89834705070529 ], [ -121.788632455801746, 36.898526954465694 ], [ -121.788183044331717, 36.89853374245039 ], [ -121.788187283014423, 36.898713646210794 ], [ -121.787737870394551, 36.898720432506657 ], [ -121.787742108035204, 36.89890033627605 ], [ -121.787292694274484, 36.898907120883081 ], [ -121.787296930873083, 36.899087024661448 ], [ -121.786847515971502, 36.899093807579646 ], [ -121.78685175151908, 36.89927371135802 ], [ -121.786627043502349, 36.899277102183802 ], [ -121.786631278546864, 36.899457005971158 ], [ -121.786855987093617, 36.899453615136387 ], [ -121.786860222686101, 36.899633518896792 ], [ -121.786635513600373, 36.899636909740543 ], [ -121.786639748680841, 36.899816813500948 ], [ -121.786190329395467, 36.89982359392183 ], [ -121.786194563433881, 36.900003497691223 ], [ -121.785969853225254, 36.900006887268347 ], [ -121.785974086751622, 36.90018679103774 ], [ -121.785749375995024, 36.900190180192659 ], [ -121.78575360900038, 36.900370083962045 ], [ -121.785528897695812, 36.900373472703741 ], [ -121.785541595247608, 36.900913183958004 ], [ -121.785092169368596, 36.900919960210707 ], [ -121.785096400864788, 36.901099863953142 ] ], [ [ -121.789310814204768, 36.898696673010626 ], [ -121.789086108002635, 36.898700068507651 ], [ -121.789090348841299, 36.898879972232123 ], [ -121.789315055573439, 36.898876576726117 ], [ -121.789310814204768, 36.898696673010626 ] ], [ [ -121.789310814204768, 36.898696673010626 ], [ -121.789535520379957, 36.89869327709139 ], [ -121.789531278499254, 36.898513373375899 ], [ -121.789306572854073, 36.898516769286154 ], [ -121.789310814204768, 36.898696673010626 ] ], [ [ -121.785779007490618, 36.901449506335823 ], [ -121.78600372197522, 36.901446117127009 ], [ -121.785999488314104, 36.90126621342948 ], [ -121.786224202241755, 36.901262823798454 ], [ -121.786219968068593, 36.901082920091952 ], [ -121.78577054124635, 36.901089698922817 ], [ -121.785779007490618, 36.901449506335823 ] ], [ [ -121.785384597143548, 36.90379503098869 ], [ -121.785363435710053, 36.902895512914306 ], [ -121.785138716904555, 36.902898900910401 ], [ -121.785151412111745, 36.903438611814316 ], [ -121.784252530305096, 36.903452159639492 ], [ -121.784260989614353, 36.903811966917758 ], [ -121.785384597143548, 36.90379503098869 ] ], [ [ -121.791808064704384, 36.899738716081188 ], [ -121.791803817370905, 36.899558812500452 ], [ -121.791579108734339, 36.899562212722614 ], [ -121.791583355528829, 36.899742116312339 ], [ -121.791808064704384, 36.899738716081188 ] ], [ [ -121.790892247238162, 36.899032699933976 ], [ -121.790888002114528, 36.898852796281368 ], [ -121.790663295526116, 36.898856194769785 ], [ -121.790667540110761, 36.899036098431374 ], [ -121.790892247238162, 36.899032699933976 ] ], [ [ -121.783832689757247, 36.904718256411904 ], [ -121.783828461054838, 36.904538352804217 ], [ -121.783603737317577, 36.904541737889772 ], [ -121.783591052935094, 36.904002027003813 ], [ -121.782916886394574, 36.90401217962841 ], [ -121.782938019144851, 36.904911697837541 ], [ -121.783162744013978, 36.904908314018613 ], [ -121.783175425494917, 36.905448024814739 ], [ -121.783624878359305, 36.905441255847371 ], [ -121.783620650115026, 36.905261352275616 ], [ -121.783395924221821, 36.905264736965911 ], [ -121.783391696525513, 36.905084833376186 ], [ -121.783616421879742, 36.905081448694872 ], [ -121.783607965489992, 36.90472164149746 ], [ -121.783832689757247, 36.904718256411904 ] ] ], [ [ [ -121.792346703828343, 36.903509886969672 ], [ -121.791897263181028, 36.903516689039954 ], [ -121.791901510954688, 36.903696592405097 ], [ -121.791676790074078, 36.903699992815909 ], [ -121.791685284606288, 36.904059799537215 ], [ -121.791460562629723, 36.904063199525822 ], [ -121.791469056182777, 36.904423006229159 ], [ -121.791244333128247, 36.904426405804536 ], [ -121.791252825693135, 36.904786212480928 ], [ -121.791477549807681, 36.904782812887589 ], [ -121.791473302986248, 36.904602909558371 ], [ -121.791698026552822, 36.90459950954282 ], [ -121.791689531894846, 36.904239702884396 ], [ -121.791914254383443, 36.904236302455615 ], [ -121.7919100065469, 36.904056399117422 ], [ -121.792134728478544, 36.904052998266437 ], [ -121.792130480138951, 36.903873094928237 ], [ -121.792355201513629, 36.903869693664028 ], [ -121.792346703828343, 36.903509886969672 ] ] ], [ [ [ -121.786669394809977, 36.901076139563273 ], [ -121.786677865312257, 36.901435946922383 ], [ -121.786902579716013, 36.90143255600676 ], [ -121.786898343925884, 36.90125265233619 ], [ -121.787572485421364, 36.901242477038117 ], [ -121.787568248050206, 36.901062573385509 ], [ -121.786669394809977, 36.901076139563273 ] ] ], [ [ [ -121.785223355011794, 36.906496971923353 ], [ -121.785227587127821, 36.906676875378331 ], [ -121.784778127085886, 36.906683650418302 ], [ -121.784790820361692, 36.907223360756284 ], [ -121.785015551986149, 36.907219973424944 ], [ -121.785024015337839, 36.907579780254046 ], [ -121.785248748004349, 36.907576392473551 ], [ -121.785252980237146, 36.907756295865646 ], [ -121.785927179727864, 36.907746129954965 ], [ -121.785910244508457, 36.907026516431507 ], [ -121.786359706472794, 36.907019737088604 ], [ -121.78635547165284, 36.906839833696509 ], [ -121.785906010757515, 36.906846613021443 ], [ -121.785901777024534, 36.906666709602398 ], [ -121.785677047079915, 36.90667009862257 ], [ -121.785672813894905, 36.906490195185562 ], [ -121.785223355011794, 36.906496971923353 ] ] ], [ [ [ -121.785096400864788, 36.901099863953142 ], [ -121.784646973844914, 36.901106638517007 ], [ -121.784651204299053, 36.90128654226843 ], [ -121.78420177612935, 36.901293315143462 ], [ -121.784206005532454, 36.901473218903867 ], [ -121.783981290886146, 36.901476604708073 ], [ -121.783985519777218, 36.901656508468477 ], [ -121.78421023495352, 36.90165312265529 ], [ -121.784214464401543, 36.901833026397725 ], [ -121.78443918008989, 36.901829640153345 ], [ -121.784434950111859, 36.901649736419891 ], [ -121.784884380374649, 36.901642962664511 ], [ -121.784880149345582, 36.901463058931057 ], [ -121.785104863911045, 36.901459671429038 ], [ -121.785096400864788, 36.901099863953142 ] ] ] ] } },
{ "type": "Feature", "properties": { "area_ha": 2.7590206949768099, "count": 69, "min_ha": 0.2, "post_date": "2023-03-25" }, "geometry": { "type": "MultiPolygon", "coordinates": [ [ [ [ -121.787067791314342, 36.908448791460536 ], [ -121.787063554742687, 36.908268888176238 ], [ -121.787288289358528, 36.908265496524002 ], [ -121.787271341122548, 36.907545883305964 ], [ -121.786597143599138, 36.90755605686131 ], [ -121.786601379029932, 36.907735960208484 ], [ -121.786826112091703, 36.907732569436597 ], [ -121.786830348070467, 36.907912472765808 ], [ -121.787055081644283, 36.907909081562728 ], [ -121.787059318179999, 36.908088984873977 ], [ -121.786834584076189, 36.908092376086039 ], [ -121.786843056141535, 36.908452182690567 ], [ -121.787067791314342, 36.908448791460536 ] ] ], [ [ [ -121.787067791314342, 36.908448791460536 ], [ -121.787072027912956, 36.908628694744834 ], [ -121.786622556489363, 36.908635476782685 ], [ -121.786643734442876, 36.909534993123323 ], [ -121.786418996036133, 36.90953838354487 ], [ -121.786431701457161, 36.910078093254029 ], [ -121.78665644146291, 36.910074702805531 ], [ -121.786664912908407, 36.910434509221417 ], [ -121.786440171833675, 36.91043789967889 ], [ -121.786444407057857, 36.910617802873361 ], [ -121.786219665435155, 36.91062119291761 ], [ -121.786228134868438, 36.910980999306545 ], [ -121.786452877560137, 36.910977609244327 ], [ -121.786478289534088, 36.912057028114674 ], [ -121.78692778124163, 36.912050246624794 ], [ -121.786932017705496, 36.912230149729432 ], [ -121.786707271330698, 36.912233540689968 ], [ -121.786711507282519, 36.912413443785617 ], [ -121.787385747952015, 36.912403269583486 ], [ -121.787377272868341, 36.912043463437101 ], [ -121.787152527068457, 36.912046855242053 ], [ -121.787127105500502, 36.910967436515435 ], [ -121.786902362871686, 36.910970827853262 ], [ -121.786898126542567, 36.910790924685742 ], [ -121.787122868641376, 36.910787533356903 ], [ -121.787101684651205, 36.909888017438469 ], [ -121.786652205771588, 36.909894799593104 ], [ -121.786647970098244, 36.909714896362701 ], [ -121.786872709017032, 36.909711505509968 ], [ -121.786855764401253, 36.908991892525492 ], [ -121.78708050116407, 36.908988501277499 ], [ -121.787084737825566, 36.909168404525865 ], [ -121.78730947510941, 36.90916501283769 ], [ -121.787322186791712, 36.909704722510924 ], [ -121.787546925656585, 36.909701330382575 ], [ -121.787542687872204, 36.909521427170141 ], [ -121.787767426180125, 36.909518034619595 ], [ -121.787763187883698, 36.909338131407161 ], [ -121.787538450105785, 36.909341523957714 ], [ -121.787529974644798, 36.908981717496914 ], [ -121.78730523791792, 36.908985109598312 ], [ -121.787292526469187, 36.908445399808301 ], [ -121.787067791314342, 36.908448791460536 ] ] ], [ [ [ -121.787322186791712, 36.909704722510924 ], [ -121.787097447917844, 36.909708114226042 ], [ -121.787101684651205, 36.909888017438469 ], [ -121.787326424064048, 36.90988462572335 ], [ -121.787322186791712, 36.909704722510924 ] ] ] ] } },
{ "type": "Feature", "properties": { "area_ha": 0.39985911521527678, "count": 10, "min_ha": 0.2, "post_date": "2023-03-25" }, "geometry": { "type": "MultiPolygon", "coordinates": [ [ [ [ -121.792906110627243, 36.898642287134827 ], [ -121.792910360511939, 36.898822190724552 ], [ -121.793135066902721, 36.898818787978122 ], [ -121.793130816488016, 36.898638884397378 ], [ -121.792906110627243, 36.898642287134827 ] ] ], [ [ [ -121.792910360511939, 36.898822190724552 ], [ -121.792685654112162, 36.898825593048777 ], [ -121.792681404757474, 36.898645689450071 ], [ -121.792906110627243, 36.898642287134827 ], [ -121.792901860760509, 36.898462383536121 ], [ -121.792677155420762, 36.898465785842376 ], [ -121.792660158280484, 36.897746171312804 ], [ -121.792435455051773, 36.897749573169897 ], [ -121.792465196519117, 36.899008898540515 ], [ -121.79291461042358, 36.899002094305295 ], [ -121.792910360511939, 36.898822190724552 ] ] ] ] } },
{ "type": "Feature", "properties": { "area_ha": 0.43984541435430619, "count": 11, "min_ha": 0.2, "post_date": "2023-03-25" }, "geometry": { "type": "Polygon", "coordinates": [ [ [ -121.795954077515901, 36.894456827233064 ], [ -121.795949820660269, 36.894276923526562 ], [ -121.795500435007824, 36.894283739287168 ], [ -121.79550469080344, 36.894463643020622 ], [ -121.794381223653986, 36.894480675006541 ], [ -121.794389729972096, 36.894840482509387 ], [ -121.79506381351726, 36.894830264550322 ], [ -121.795059558745734, 36.89465036082585 ], [ -121.795733640512225, 36.894640139048946 ], [ -121.795729384168652, 36.894460235342436 ], [ -121.795954077515901, 36.894456827233064 ] ] ] } },
{ "type": "Feature", "properties": { "area_ha": 0.35987822700796712, "count": 9, "min_ha": 0.2, "post_date": "2023-03-25" }, "geometry": { "type": "Polygon", "coordinates": [ [ [ -121.799752676620031, 36.83662877872937 ], [ -121.799748414015198, 36.836448871977574 ], [ -121.799523892407862, 36.836452287345338 ], [ -121.799519630342019, 36.836272380566591 ], [ -121.799070588133475, 36.83627920999956 ], [ -121.799066327154577, 36.83609930320285 ], [ -121.798617285925204, 36.836106130920029 ], [ -121.798625805771934, 36.836465944531419 ], [ -121.799074849130321, 36.836459116787282 ], [ -121.799079110145144, 36.836639023566029 ], [ -121.799752676620031, 36.83662877872937 ] ] ] } },
{ "type": "Feature", "properties": { "area_ha": 16.234303857545545, "count": 406, "min_ha": 0.2, "post_date": "2023-03-25" }, "geometry": { "type": "MultiPolygon", "coordinates": [ [ [ [ -121.802130152658719, 36.889503829531847 ], [ -121.802125881448021, 36.889323925771443 ], [ -121.80190120356977, 36.889327345594843 ], [ -121.801892662262276, 36.888967538038102 ], [ -121.802117339080525, 36.888964118232664 ], [ -121.802108796793874, 36.888604310648972 ], [ -121.802333472525163, 36.888600890439292 ], [ -121.802320657653382, 36.88806117901435 ], [ -121.802545331758722, 36.888057758400429 ], [ -121.802541059649698, 36.887877854577141 ], [ -121.80321508026789, 36.887867590193146 ], [ -121.803210806577837, 36.887687686387828 ], [ -121.802761460577031, 36.887694529726708 ], [ -121.802757187973938, 36.88751462589444 ], [ -121.802532515476599, 36.887518046912604 ], [ -121.802528243421477, 36.887338143062372 ], [ -121.80230357143617, 36.887341563649343 ], [ -121.802299299929032, 36.887161659781142 ], [ -121.802074628455756, 36.887165079936921 ], [ -121.802070357505571, 36.88698517605075 ], [ -121.801621015565146, 36.886992015059761 ], [ -121.801629555363462, 36.887351822850064 ], [ -121.801404883297309, 36.887355241730234 ], [ -121.80140915269341, 36.887535145616404 ], [ -121.801184480070305, 36.887538564074369 ], [ -121.80118874895436, 36.887718467960539 ], [ -121.80096407578327, 36.887721886005274 ], [ -121.800968344155294, 36.887901789891444 ], [ -121.801193017856392, 36.887898371837721 ], [ -121.801201555723324, 36.888258179565142 ], [ -121.800976880953243, 36.888261597627853 ], [ -121.80098114938815, 36.888441501487065 ], [ -121.800756474070084, 36.888444919136553 ], [ -121.800765009924802, 36.888804726828042 ], [ -121.800540333528758, 36.888808144064292 ], [ -121.800565938397952, 36.889887566968078 ], [ -121.800341258776967, 36.889890983827044 ], [ -121.800345525792537, 36.890070887614399 ], [ -121.800120845623567, 36.890074304051154 ], [ -121.800125112127091, 36.89025420783851 ], [ -121.80057447351605, 36.890247374515837 ], [ -121.800570205943529, 36.890067470746452 ], [ -121.801019566182632, 36.890060635734947 ], [ -121.801015297568057, 36.889880731965562 ], [ -121.801239977126173, 36.889877313830986 ], [ -121.801248515442268, 36.890237121333833 ], [ -121.801023834815169, 36.890240539486371 ], [ -121.80102810347465, 36.890420443237794 ], [ -121.800803422299566, 36.89042386096812 ], [ -121.800811958603447, 36.890783668452997 ], [ -121.800587276341403, 36.890787085779088 ], [ -121.800591543994784, 36.890966989512542 ], [ -121.80036686118477, 36.890970406416422 ], [ -121.800371128317124, 36.891150310149875 ], [ -121.799921761574211, 36.891157142699996 ], [ -121.799926027664512, 36.891337046433449 ], [ -121.799701343731613, 36.89134046207969 ], [ -121.799709874915081, 36.891700269537615 ], [ -121.799485189895222, 36.891703684770626 ], [ -121.799489454979408, 36.891883588495098 ], [ -121.799040083816791, 36.891890417694498 ], [ -121.799044347858924, 36.892070321427958 ], [ -121.798819661716166, 36.892073735394341 ], [ -121.798832452369368, 36.892613446549795 ], [ -121.798607764609642, 36.892616860120924 ], [ -121.798612027672618, 36.892796763827427 ], [ -121.798162651021286, 36.892803589694083 ], [ -121.798166913033242, 36.892983493409567 ], [ -121.797717535241048, 36.89299031758739 ], [ -121.797721796210951, 36.893170221302881 ], [ -121.797272417268928, 36.893177043800847 ], [ -121.797276677196791, 36.893356947525319 ], [ -121.796602607036519, 36.89336717808775 ], [ -121.796606865383339, 36.893547081821204 ], [ -121.796157484114673, 36.893553900079127 ], [ -121.796161741419454, 36.89373380383055 ], [ -121.79593705021918, 36.893737212326194 ], [ -121.795941307011915, 36.893917116068636 ], [ -121.796840073825237, 36.893903479489907 ], [ -121.796844332764948, 36.894083383187429 ], [ -121.798417177625737, 36.89405950269731 ], [ -121.798421440320396, 36.894239406331948 ], [ -121.799769595463147, 36.894218920674106 ], [ -121.799773861364798, 36.894398824245862 ], [ -121.80044794026567, 36.894388575636277 ], [ -121.800456475329867, 36.894748382716912 ], [ -121.800681169323894, 36.894744965642353 ], [ -121.800685437417442, 36.894924869160214 ], [ -121.801134826402645, 36.894918033726505 ], [ -121.801139095574158, 36.895097937217415 ], [ -121.8013637905743, 36.895094518849277 ], [ -121.801359520863798, 36.894914615367348 ], [ -121.802482992864142, 36.894897517166612 ], [ -121.80248726523368, 36.895077420612601 ], [ -121.802711960108056, 36.895073999693253 ], [ -121.802707687199543, 36.894894096256245 ], [ -121.803157075825411, 36.894887253132957 ], [ -121.803152801874845, 36.89470734970493 ], [ -121.803377495617354, 36.894703927518954 ], [ -121.803368946710123, 36.894344120644931 ], [ -121.803144254027629, 36.894347542812937 ], [ -121.803139980139946, 36.89416763935796 ], [ -121.803589364417974, 36.894160794599742 ], [ -121.803580814567511, 36.893800987680805 ], [ -121.803805505615074, 36.893797564677364 ], [ -121.803801230191269, 36.893617661213398 ], [ -121.804250611154515, 36.893610813948875 ], [ -121.804233505389959, 36.892891200048119 ], [ -121.803110063474179, 36.892908314858715 ], [ -121.803114337227115, 36.893088218385557 ], [ -121.80333902618159, 36.893084796271445 ], [ -121.803351849147191, 36.893624506771125 ], [ -121.803127158593696, 36.893627928912181 ], [ -121.803131432418496, 36.893807832403091 ], [ -121.802906741317031, 36.893811254130924 ], [ -121.802902468013272, 36.893631350631033 ], [ -121.802677777423852, 36.893634771918691 ], [ -121.802682050188636, 36.893814675427571 ], [ -121.802007976686625, 36.893824936757291 ], [ -121.802003705520846, 36.893645033230449 ], [ -121.800430870379827, 36.89366896135823 ], [ -121.800435137817601, 36.893848864938974 ], [ -121.799985755102654, 36.893855697731638 ], [ -121.799981488724882, 36.893675794132925 ], [ -121.799532106989091, 36.893682625191843 ], [ -121.799536372306846, 36.893862528808519 ], [ -121.799311680873018, 36.893865943709152 ], [ -121.799303151333461, 36.893506136457837 ], [ -121.799527841698293, 36.893502721566186 ], [ -121.799523576425457, 36.893322817931548 ], [ -121.799972956032249, 36.89331598689958 ], [ -121.79996868971736, 36.893136083264942 ], [ -121.799744000457451, 36.893139498992028 ], [ -121.799739734690547, 36.892959595348401 ], [ -121.799964423420448, 36.892956179630296 ], [ -121.799960157141498, 36.892776275977695 ], [ -121.800184845314448, 36.892772859846367 ], [ -121.800180578532448, 36.892592956193759 ], [ -121.800405266148445, 36.892589539649201 ], [ -121.800396731569336, 36.892229732326022 ], [ -121.800621418107355, 36.892226315368248 ], [ -121.800612882549089, 36.8918665080271 ], [ -121.80106225343323, 36.891859672853904 ], [ -121.801057984612044, 36.891679769192315 ], [ -121.801282669497169, 36.891676350967906 ], [ -121.801274130857678, 36.891316543617776 ], [ -121.80149881465583, 36.891313124998121 ], [ -121.801490275037182, 36.89095331762104 ], [ -121.801714957748374, 36.890949898579173 ], [ -121.801710687435985, 36.890769994890633 ], [ -121.801935369590225, 36.890766575435535 ], [ -121.801931098765806, 36.890586671738014 ], [ -121.802155780372061, 36.890583251860711 ], [ -121.802142966425563, 36.890043540741196 ], [ -121.801918286418299, 36.890046960591548 ], [ -121.801914015674726, 36.889867056858094 ], [ -121.801464656666312, 36.889873895265225 ], [ -121.801456117371046, 36.889514087735435 ], [ -121.801680795815244, 36.889510668756444 ], [ -121.801685065992885, 36.889690572525836 ], [ -121.801909744958095, 36.889687153115652 ], [ -121.801905474250461, 36.889507249355248 ], [ -121.802130152658719, 36.889503829531847 ] ] ], [ [ [ -121.802130152658719, 36.889503829531847 ], [ -121.802138695151982, 36.889863637016724 ], [ -121.802363374611275, 36.889860216744161 ], [ -121.802359102825648, 36.889680313019689 ], [ -121.802583781727989, 36.889676892324914 ], [ -121.802575237150634, 36.889317084858007 ], [ -121.802350559308309, 36.889320505525831 ], [ -121.802354831057997, 36.889500409277247 ], [ -121.802130152658719, 36.889503829531847 ] ] ] ] } },
{ "type": "Feature", "properties": { "area_ha": 0.75972814344310968, "count": 19, "min_ha": 0.2, "post_date": "2023-03-25" }, "geometry": { "type": "Polygon", "coordinates": [ [ [ -121.803595006376952, 36.922775591050033 ], [ -121.803590729821281, 36.922595689095246 ], [ -121.803365953487656, 36.922599111667495 ], [ -121.803361677479955, 36.922419209703719 ], [ -121.803136901667372, 36.922422631835794 ], [ -121.803141177145065, 36.922602533808551 ], [ -121.802466847973548, 36.922612797662545 ], [ -121.802483943685957, 36.923332405553573 ], [ -121.802933500745951, 36.923325563346566 ], [ -121.802937775783462, 36.923505465274403 ], [ -121.803162554821014, 36.923502043528607 ], [ -121.803158279244499, 36.923322141600764 ], [ -121.803383057725085, 36.923318719432757 ], [ -121.803370229522315, 36.922779013622282 ], [ -121.803595006376952, 36.922775591050033 ] ] ] } },
{ "type": "Feature", "properties": { "area_ha": 0.27990174974794796, "count": 7, "min_ha": 0.2, "post_date": "2023-03-25" }, "geometry": { "type": "Polygon", "coordinates": [ [ [ -121.802652141257354, 36.892555350685775 ], [ -121.802647868636299, 36.892375447105032 ], [ -121.80242318174794, 36.892378867916584 ], [ -121.802414637628729, 36.892019060719164 ], [ -121.802189951791405, 36.892022481090542 ], [ -121.80221558120256, 36.89310190259296 ], [ -121.802440270237895, 36.89309848218565 ], [ -121.802427453838988, 36.89255877149732 ], [ -121.802652141257354, 36.892555350685775 ] ] ] } },
{ "type": "Feature", "properties": { "area_ha": 0.63978323667878756, "count": 16, "min_ha": 0.2, "post_date": "2023-03-25" }, "geometry": { "type": "MultiPolygon", "coordinates": [ [ [ [ -121.801582988639495, 36.838040693578066 ], [ -121.801807514855184, 36.838037274302629 ], [ -121.801803247291645, 36.837857367703549 ], [ -121.802027772950382, 36.837853948014896 ], [ -121.802023504883778, 36.837674041415816 ], [ -121.801798979755063, 36.837677461095488 ], [ -121.801794712245425, 36.837497554478439 ], [ -121.80134566299408, 36.83750439253523 ], [ -121.801354195920283, 36.837864205805261 ], [ -121.801578721614945, 36.837860786969998 ], [ -121.801582988639495, 36.838040693578066 ] ] ], [ [ [ -121.801371262015238, 36.838583832201579 ], [ -121.801146734164618, 36.838587250650562 ], [ -121.801159532354674, 36.839126970366955 ], [ -121.800935002896068, 36.839130388402715 ], [ -121.800943534061574, 36.83949020151104 ], [ -121.801168064580196, 36.839486783457318 ], [ -121.801163798462937, 36.839306876921121 ], [ -121.801388328433589, 36.839303458445187 ], [ -121.801371262015238, 36.838583832201579 ] ] ], [ [ [ -121.801582988639495, 36.838040693578066 ], [ -121.801358462414825, 36.838044112422303 ], [ -121.80136272892733, 36.838224019021382 ], [ -121.801138202145708, 36.838227437452403 ], [ -121.801142468146182, 36.838407344051483 ], [ -121.801366995457812, 36.838403925620469 ], [ -121.801371262015238, 36.838583832201579 ], [ -121.801595789838913, 36.838580413339372 ], [ -121.801582988639495, 36.838040693578066 ] ] ] ] } },
{ "type": "Feature", "properties": { "area_ha": 1.1596063845320128, "count": 29, "min_ha": 0.2, "post_date": "2023-03-25" }, "geometry": { "type": "MultiPolygon", "coordinates": [ [ [ [ -121.803036907516116, 36.842517832248468 ], [ -121.80304117825969, 36.842697738542121 ], [ -121.803265718165704, 36.842694316508862 ], [ -121.803261446901104, 36.84251441022419 ], [ -121.803036907516116, 36.842517832248468 ] ] ], [ [ [ -121.802808097935525, 36.842341347529931 ], [ -121.802812368122147, 36.842521253841554 ], [ -121.803036907516116, 36.842517832248468 ], [ -121.803032636799486, 36.842337925945827 ], [ -121.802808097935525, 36.842341347529931 ] ] ], [ [ [ -121.80257928941495, 36.842164862362239 ], [ -121.802583559044606, 36.842344768700812 ], [ -121.802808097935525, 36.842341347529931 ], [ -121.80280382776688, 36.842161441209328 ], [ -121.80257928941495, 36.842164862362239 ] ] ], [ [ [ -121.801214993280297, 36.841465754735665 ], [ -121.801439529628979, 36.841462336169904 ], [ -121.801443796518782, 36.841642242580335 ], [ -121.801219259640092, 36.841645661155084 ], [ -121.801223526026845, 36.841825567565515 ], [ -121.801672600835246, 36.841818729975849 ], [ -121.801676868299978, 36.841998636359335 ], [ -121.80212594408755, 36.841991797044905 ], [ -121.802130212639227, 36.842171703401441 ], [ -121.80257928941495, 36.842164862362239 ], [ -121.802575019794261, 36.841984956023673 ], [ -121.802350481954377, 36.841988376745391 ], [ -121.802346212890654, 36.841808470388855 ], [ -121.802121675553821, 36.841811890679381 ], [ -121.802117407047064, 36.841631984295901 ], [ -121.80166833337951, 36.841638823583381 ], [ -121.801659798548883, 36.841279010762513 ], [ -121.801435262748171, 36.841282429750486 ], [ -121.801413928667472, 36.8403828974917 ], [ -121.801638461800181, 36.840379478548641 ], [ -121.801634194515117, 36.840199572075328 ], [ -121.801409661912416, 36.840202991009399 ], [ -121.801396861764033, 36.839663271499617 ], [ -121.801172330724384, 36.839666689993514 ], [ -121.801189395507805, 36.840386316012548 ], [ -121.800964862321194, 36.840389734111184 ], [ -121.800969128034197, 36.840569640593486 ], [ -121.801193661750816, 36.84056622249485 ], [ -121.801202194299734, 36.840926035423514 ], [ -121.800977659523099, 36.84092945354012 ], [ -121.800981925298984, 36.841109359995471 ], [ -121.801206460605627, 36.841105941869884 ], [ -121.801214993280297, 36.841465754735665 ] ] ], [ [ [ -121.801214993280297, 36.841465754735665 ], [ -121.80076592052005, 36.841472590591586 ], [ -121.800770185819843, 36.841652497028967 ], [ -121.801219259640092, 36.841645661155084 ], [ -121.801214993280297, 36.841465754735665 ] ] ] ] } },
{ "type": "Feature", "properties": { "area_ha": 4.1185613502198128, "count": 103, "min_ha": 0.2, "post_date": "2023-03-25" }, "geometry": { "type": "MultiPolygon", "coordinates": [ [ [ [ -121.8069831354576, 36.885650508186743 ], [ -121.806758468664555, 36.885653937226863 ], [ -121.806762750655039, 36.885833841014211 ], [ -121.806987417978092, 36.885830411965109 ], [ -121.8069831354576, 36.885650508186743 ] ] ], [ [ [ -121.805436140562335, 36.886753925370243 ], [ -121.805211470445528, 36.886757351472873 ], [ -121.805207192084239, 36.886577447676537 ], [ -121.804982522470482, 36.886580873347974 ], [ -121.804978244657164, 36.886400969542649 ], [ -121.804528906435777, 36.886407819582971 ], [ -121.804533183180098, 36.886587723406251 ], [ -121.804308513512439, 36.886591147802086 ], [ -121.804312789744714, 36.886771051625367 ], [ -121.804537459951362, 36.886767627229538 ], [ -121.804550290363991, 36.887307338618548 ], [ -121.804774962142687, 36.887303913764583 ], [ -121.804770684787513, 36.887124009986209 ], [ -121.805220027222006, 36.887117159029614 ], [ -121.805215748824779, 36.88693725525124 ], [ -121.80544041948059, 36.886933829139629 ], [ -121.805436140562335, 36.886753925370243 ] ] ], [ [ [ -121.805427582797719, 36.886394117786551 ], [ -121.805423303942362, 36.886214213981233 ], [ -121.805872640942042, 36.886207360545285 ], [ -121.805876920857415, 36.886387264332633 ], [ -121.806101589860319, 36.886383836972364 ], [ -121.806097309405956, 36.886203933185016 ], [ -121.806321977851908, 36.886200505402535 ], [ -121.806317696894482, 36.886020601624168 ], [ -121.806542364783482, 36.886017173419475 ], [ -121.806538083314024, 36.885837269632127 ], [ -121.806088748569096, 36.885844125601324 ], [ -121.806080187813095, 36.885484317972718 ], [ -121.806304854130033, 36.885480890217188 ], [ -121.806300573244471, 36.885300986393901 ], [ -121.806525239013439, 36.885297558225147 ], [ -121.806520957624826, 36.88511765440186 ], [ -121.806970288021901, 36.885110796788744 ], [ -121.806966005591249, 36.884930892974445 ], [ -121.807190670228337, 36.884927463539064 ], [ -121.807186387276658, 36.884747559715777 ], [ -121.807635715436916, 36.884740699587383 ], [ -121.807631431443198, 36.884560795773076 ], [ -121.807856094957387, 36.884557365080056 ], [ -121.807860379481127, 36.884737268885381 ], [ -121.808309707515619, 36.884730406187799 ], [ -121.808301136357116, 36.884370598604107 ], [ -121.808525799278428, 36.884367166635478 ], [ -121.808521513200617, 36.88418726283016 ], [ -121.808746175564963, 36.884183830448308 ], [ -121.808737602403212, 36.883824022828684 ], [ -121.808962263689594, 36.883820590033608 ], [ -121.808953689539706, 36.883460782387033 ], [ -121.808729029322322, 36.883464215173127 ], [ -121.80872474280433, 36.883284311331877 ], [ -121.808500083098991, 36.883287743677798 ], [ -121.808495797137965, 36.883107839818578 ], [ -121.808046478724407, 36.88311470321684 ], [ -121.808055048535437, 36.88347451096223 ], [ -121.807605727912033, 36.88348137268963 ], [ -121.807627147467443, 36.884380891949789 ], [ -121.807402484465285, 36.884384322211616 ], [ -121.807398201046482, 36.884204418370366 ], [ -121.80717353855637, 36.884207848201001 ], [ -121.807177821445165, 36.884387752051239 ], [ -121.806728495342043, 36.884394610445888 ], [ -121.806732777179803, 36.884574514305108 ], [ -121.806508113566792, 36.884577942869122 ], [ -121.806512394892522, 36.884757846719353 ], [ -121.80628773073154, 36.884761274870144 ], [ -121.806292011545224, 36.884941178720382 ], [ -121.806067346827291, 36.884944606448961 ], [ -121.806071627137925, 36.885124510299192 ], [ -121.805846961863026, 36.885127937614548 ], [ -121.805851241652647, 36.885307841455798 ], [ -121.805626575829777, 36.885311268348943 ], [ -121.805630855116334, 36.885491172199181 ], [ -121.805406188736512, 36.885494598670121 ], [ -121.805414746303498, 36.88585440634364 ], [ -121.805190078836716, 36.885857832410338 ], [ -121.805202913740914, 36.8863975438802 ], [ -121.805427582797719, 36.886394117786551 ] ] ], [ [ [ -121.807860379481127, 36.884737268885381 ], [ -121.807635715436916, 36.884740699587383 ], [ -121.807644283478268, 36.885100507180056 ], [ -121.807419618347112, 36.885103937477815 ], [ -121.807423901873705, 36.885283841274152 ], [ -121.807873233178086, 36.885276980238459 ], [ -121.807860379481127, 36.884737268885381 ] ] ], [ [ [ -121.807423901873705, 36.885283841274152 ], [ -121.806974570479511, 36.885290700603051 ], [ -121.8069831354576, 36.885650508186743 ], [ -121.807207802223701, 36.885647078715429 ], [ -121.807203519200158, 36.885467174937055 ], [ -121.807428185409293, 36.885463745052526 ], [ -121.807423901873705, 36.885283841274152 ] ] ], [ [ [ -121.805427582797719, 36.886394117786551 ], [ -121.805436140562335, 36.886753925370243 ], [ -121.805660810670176, 36.88675049883642 ], [ -121.805652251836548, 36.886390691279679 ], [ -121.805427582797719, 36.886394117786551 ] ] ] ] } },
{ "type": "Feature", "properties": { "area_ha": 6.4377578822211108, "count": 161, "min_ha": 0.2, "post_date": "2023-03-25" }, "geometry": { "type": "Polygon", "coordinates": [ [ [ -121.814021990633961, 36.879243924264031 ], [ -121.814009094249059, 36.878704212596546 ], [ -121.813784448332868, 36.878707654976644 ], [ -121.813780150109821, 36.878527751054548 ], [ -121.813330859283539, 36.878534634521174 ], [ -121.813326562138485, 36.878354730581108 ], [ -121.81287727229136, 36.878361612322969 ], [ -121.81288156836743, 36.878541516281004 ], [ -121.812656922882411, 36.878544956523115 ], [ -121.812661218437455, 36.878724860472168 ], [ -121.812436572404479, 36.878728300301049 ], [ -121.812440867456473, 36.878908204250102 ], [ -121.81221622085755, 36.878911643656778 ], [ -121.812220515397499, 36.879091547605832 ], [ -121.811995868250605, 36.879094986590303 ], [ -121.812000162278508, 36.879274890548331 ], [ -121.811775514583644, 36.879278329110598 ], [ -121.811779808099516, 36.879458233059644 ], [ -121.8115551598477, 36.879461671208681 ], [ -121.811563745873315, 36.879821479097799 ], [ -121.811114447186768, 36.879828354147214 ], [ -121.811118739166517, 36.88000825808728 ], [ -121.810669439330141, 36.880015131447863 ], [ -121.810678021223509, 36.880374939336981 ], [ -121.810453370213864, 36.880378375392944 ], [ -121.81046195111908, 36.880738183255112 ], [ -121.810237299022475, 36.880741618906832 ], [ -121.810241588972033, 36.880921522828935 ], [ -121.810016936327457, 36.880924958058444 ], [ -121.810025515229427, 36.88128476589366 ], [ -121.80980086148891, 36.881288200709946 ], [ -121.809809439411723, 36.8816480085272 ], [ -121.809584784593227, 36.881651442930263 ], [ -121.809589073051569, 36.881831346834396 ], [ -121.809364417676107, 36.881834780824235 ], [ -121.809372993586706, 36.882194588605557 ], [ -121.809148337133266, 36.882198022191147 ], [ -121.809156912064694, 36.882557829945519 ], [ -121.808932254524294, 36.882561263117893 ], [ -121.808936541491448, 36.882741166995075 ], [ -121.808711883394096, 36.882744599745237 ], [ -121.808720456313296, 36.883104407472658 ], [ -121.80894511547065, 36.883100974713514 ], [ -121.808949402491706, 36.883280878554764 ], [ -121.809174062161105, 36.883277445355446 ], [ -121.809169774610055, 36.883097541514196 ], [ -121.809394433722503, 36.883094107901648 ], [ -121.809390145659407, 36.882914204060398 ], [ -121.809614804214903, 36.882910770025646 ], [ -121.809606227082611, 36.882550962334157 ], [ -121.809830884560128, 36.882547527886182 ], [ -121.809826595490918, 36.882367624035943 ], [ -121.810051252411483, 36.882364189165756 ], [ -121.810046962830228, 36.882184285315525 ], [ -121.810271619202823, 36.882180850032114 ], [ -121.810267329109536, 36.882000946172894 ], [ -121.810491984934146, 36.881997510476253 ], [ -121.810487694328828, 36.881817606617041 ], [ -121.810712349596486, 36.881814170489214 ], [ -121.810708058479122, 36.881634266629995 ], [ -121.810932713189828, 36.881630830097926 ], [ -121.810928421560419, 36.881450926229718 ], [ -121.811153075723155, 36.881447489275445 ], [ -121.811148783581714, 36.881267585407244 ], [ -121.811373437196465, 36.88126414803974 ], [ -121.811369144542994, 36.881084244171539 ], [ -121.811593797600793, 36.881080806372843 ], [ -121.811589504435261, 36.880900902504642 ], [ -121.811814156936123, 36.880897464292723 ], [ -121.811809863267541, 36.880717560424522 ], [ -121.812034515220418, 36.880714121799379 ], [ -121.81203022103081, 36.88053421792219 ], [ -121.812254872426735, 36.880530778874842 ], [ -121.812250577725095, 36.880350874997653 ], [ -121.812475228573035, 36.880347435537082 ], [ -121.812470933368346, 36.880167531659893 ], [ -121.812695583659334, 36.880164091777111 ], [ -121.812691287933617, 36.879984187899922 ], [ -121.813140587401691, 36.879977306858748 ], [ -121.813136290633921, 36.879797402990548 ], [ -121.813360939811005, 36.879793961841138 ], [ -121.81335664253119, 36.87961405797293 ], [ -121.813581291142341, 36.879610616401315 ], [ -121.813576993350495, 36.879430712524133 ], [ -121.813801641422643, 36.879427270539288 ], [ -121.813797343118765, 36.879247366662099 ], [ -121.814021990633961, 36.879243924264031 ] ] ] } },
{ "type": "Feature", "properties": { "area_ha": 0.67980404332582189, "count": 17, "min_ha": 0.2, "post_date": "2023-03-25" }, "geometry": { "type": "MultiPolygon", "coordinates": [ [ [ [ -121.897735867912701, 36.614079700562932 ], [ -121.897740349454935, 36.614259617564507 ], [ -121.897964211806652, 36.614256015553778 ], [ -121.89795972973441, 36.614076098561192 ], [ -121.897735867912701, 36.614079700562932 ] ] ], [ [ [ -121.897467197100539, 36.612284131372171 ], [ -121.897691053658122, 36.61228052987348 ], [ -121.897686572349443, 36.612100612737166 ], [ -121.897462716321868, 36.612104214226868 ], [ -121.897467197100539, 36.612284131372171 ] ] ], [ [ [ -121.897279183304846, 36.613727069224794 ], [ -121.897288144215395, 36.6140869032998 ], [ -121.897735867912701, 36.614079700562932 ], [ -121.89773138639741, 36.613899783552384 ], [ -121.897507525078765, 36.613903385122931 ], [ -121.897503044111446, 36.613723468085432 ], [ -121.897279183304846, 36.613727069224794 ] ] ], [ [ [ -121.897467197100539, 36.612284131372171 ], [ -121.897243340525009, 36.612287732439668 ], [ -121.8972657421007, 36.613187318022447 ], [ -121.897041882866148, 36.613190918712654 ], [ -121.89705532248027, 36.613730669941944 ], [ -121.897279183304846, 36.613727069224794 ], [ -121.897274702885497, 36.613547152169318 ], [ -121.897498563162102, 36.613543551038944 ], [ -121.897494082230708, 36.613363633983468 ], [ -121.897717941959343, 36.613360032439871 ], [ -121.89770897910843, 36.613000198301975 ], [ -121.897485120439811, 36.613003799827617 ], [ -121.897467197100539, 36.612284131372171 ] ] ] ] } },
{ "type": "Feature", "properties": { "area_ha": 0.3998926953511821, "count": 10, "min_ha": 0.2, "post_date": "2023-03-25" }, "geometry": { "type": "Polygon", "coordinates": [ [ [ -121.932199426492247, 36.524783334615122 ], [ -121.932194868934573, 36.524603412618923 ], [ -121.931747673644281, 36.524610746393037 ], [ -121.931734004268066, 36.524070980269677 ], [ -121.931510408168023, 36.524074646491975 ], [ -121.931514964081785, 36.524254568560046 ], [ -121.930844174074863, 36.524265564720658 ], [ -121.930848728416578, 36.52444548679771 ], [ -121.931295922835503, 36.524438156428211 ], [ -121.931300478255181, 36.524618078478319 ], [ -121.93152407596321, 36.524614412651275 ], [ -121.931528631930874, 36.524794334674425 ], [ -121.932199426492247, 36.524783334615122 ] ] ] } },
{ "type": "Feature", "properties": { "area_ha": 1.3596308226051632, "count": 34, "min_ha": 0.2, "post_date": "2023-03-25" }, "geometry": { "type": "Polygon", "coordinates": [ [ [ -121.935498820231686, 36.540208856522952 ], [ -121.935485121516493, 36.539669094226419 ], [ -121.935261479871869, 36.539672767545412 ], [ -121.935229520652726, 36.538413321674781 ], [ -121.935005882682219, 36.538416994508687 ], [ -121.935001317695466, 36.538237073608428 ], [ -121.935224955135979, 36.538233400783504 ], [ -121.935202127884594, 36.537333796120507 ], [ -121.934531223387395, 36.537344813220848 ], [ -121.934535787206329, 36.537524734201959 ], [ -121.934759422589693, 36.537521062248402 ], [ -121.934786809168429, 36.538600587820646 ], [ -121.934563170622994, 36.538604259819117 ], [ -121.934576862618798, 36.539144022457009 ], [ -121.934800502745261, 36.539140350431595 ], [ -121.934814196519724, 36.539680112916777 ], [ -121.935037838209269, 36.5396764404422 ], [ -121.935046968551077, 36.540036282018136 ], [ -121.93527061127368, 36.540032609103385 ], [ -121.935275177006019, 36.540212529868896 ], [ -121.935498820231686, 36.540208856522952 ] ] ] } },
{ "type": "Feature", "properties": { "area_ha": 0.23991157206616232, "count": 6, "min_ha": 0.2, "post_date": "2023-03-25" }, "geometry": { "type": "MultiPolygon", "coordinates": [ [ [ [ -122.022985623931547, 36.970524183665056 ], [ -122.022976024534429, 36.970164401395891 ], [ -122.022751117711536, 36.970168240193544 ], [ -122.02276071603967, 36.970528022480678 ], [ -122.022985623931547, 36.970524183665056 ] ] ], [ [ [ -122.022985623931547, 36.970524183665056 ], [ -122.02300482299529, 36.971243748086607 ], [ -122.023229732998217, 36.971239908812848 ], [ -122.023210531796479, 36.970520344427229 ], [ -122.022985623931547, 36.970524183665056 ] ] ] ] } },
{ "type": "Feature", "properties": { "area_ha": 0.71972282765462137, "count": 18, "min_ha": 0.2, "post_date": "2023-03-25" }, "geometry": { "type": "MultiPolygon", "coordinates": [ [ [ [ -122.043645719316558, 37.044138274473454 ], [ -122.043640865880775, 37.043958387673236 ], [ -122.04386599070682, 37.043954509313778 ], [ -122.043861136767987, 37.043774622513567 ], [ -122.04363601247195, 37.043778500864043 ], [ -122.043631159090054, 37.04359861404587 ], [ -122.043406035306063, 37.043602491956165 ], [ -122.043410888157936, 37.043782378783327 ], [ -122.043185763825974, 37.043786256280406 ], [ -122.043190616165816, 37.043966143107568 ], [ -122.042965491267907, 37.043970020182435 ], [ -122.042970343095703, 37.04414990700959 ], [ -122.042520092168004, 37.044157659892704 ], [ -122.042524942953762, 37.044337546728848 ], [ -122.043425446848318, 37.044322039210911 ], [ -122.043420593933561, 37.0441421524107 ], [ -122.043645719316558, 37.044138274473454 ] ] ], [ [ [ -122.043645719316558, 37.044138274473454 ], [ -122.043650572770318, 37.044318161264677 ], [ -122.044325950374571, 37.044306524865782 ], [ -122.044301675326423, 37.043407090954553 ], [ -122.04407655214429, 37.043410970131482 ], [ -122.044095970010687, 37.044130517314358 ], [ -122.043645719316558, 37.044138274473454 ] ] ] ] } },
{ "type": "Feature", "properties": { "area_ha": 0.31987635218039978, "count": 8, "min_ha": 0.2, "post_date": "2023-03-25" }, "geometry": { "type": "Polygon", "coordinates": [ [ [ -122.049453933811549, 37.05069698461304 ], [ -122.049439330951003, 37.050157325784461 ], [ -122.048763901963099, 37.05016899127979 ], [ -122.048773633978513, 37.050528763892068 ], [ -122.04899877806443, 37.050524875803852 ], [ -122.049003644642568, 37.050704762083043 ], [ -122.049453933811549, 37.05069698461304 ] ] ] } },
{ "type": "Feature", "properties": { "area_ha": 0.35986517137964663, "count": 9, "min_ha": 0.2, "post_date": "2023-03-25" }, "geometry": { "type": "Polygon", "coordinates": [ [ [ -122.133557934838521, 36.997741446288245 ], [ -122.133547807214043, 36.997381675867857 ], [ -122.133097843540625, 36.997389772572163 ], [ -122.133102906274885, 36.997569657800319 ], [ -122.13242795899059, 36.997581799681228 ], [ -122.132433020152803, 36.997761684927355 ], [ -122.132658003134864, 36.997757638052931 ], [ -122.132663064854029, 36.997937523290076 ], [ -122.133113031824266, 36.997929428247659 ], [ -122.133107969036104, 36.997749543028483 ], [ -122.133557934838521, 36.997741446288245 ] ] ] } },
{ "type": "Feature", "properties": { "area_ha": 0.23990561447014494, "count": 6, "min_ha": 0.2, "post_date": "2023-03-25" }, "geometry": { "type": "Polygon", "coordinates": [ [ [ -122.135905070745622, 37.081027377062199 ], [ -122.135894920824953, 37.080667614448167 ], [ -122.135669691668568, 37.080671667377239 ], [ -122.135674766080925, 37.080851548697723 ], [ -122.135449536367602, 37.080855601213564 ], [ -122.135444462485239, 37.080675719884098 ], [ -122.135219233283948, 37.080679771959765 ], [ -122.135229379997625, 37.081039534627692 ], [ -122.135454610267914, 37.081035482534055 ], [ -122.135459684195183, 37.081215363854547 ], [ -122.135684914986498, 37.081211311320736 ], [ -122.13567984052024, 37.081031430018214 ], [ -122.135905070745622, 37.081027377062199 ] ] ] } },
{ "type": "Feature", "properties": { "area_ha": 0.83967917501448808, "count": 21, "min_ha": 0.2, "post_date": "2023-03-25" }, "geometry": { "type": "Polygon", "coordinates": [ [ [ -122.152491388432139, 37.030334884006514 ], [ -122.152486277485309, 37.030155001140926 ], [ -122.15226119936267, 37.030159085600857 ], [ -122.152256088972791, 37.0299792027173 ], [ -122.151805933733641, 37.029987370343598 ], [ -122.151811043054522, 37.030167253245118 ], [ -122.151585964869014, 37.030171336420459 ], [ -122.151596182522653, 37.030531102214525 ], [ -122.151821261786139, 37.030527019012233 ], [ -122.151826371178899, 37.030706901886809 ], [ -122.151376211573933, 37.03071506787817 ], [ -122.151391536715906, 37.031254716501891 ], [ -122.15184169952785, 37.031246550456629 ], [ -122.151836590054245, 37.031066667609004 ], [ -122.152286751707365, 37.031058499874916 ], [ -122.152266309788487, 37.030338968475434 ], [ -122.152491388432139, 37.030334884006514 ] ] ] } },
{ "type": "Feature", "properties": { "area_ha": 0.31986883201811694, "count": 8, "min_ha": 0.2, "post_date": "2023-03-25" }, "geometry": { "type": "Polygon", "coordinates": [ [ [ -122.171369623923738, 37.154712558511982 ], [ -122.17136445967985, 37.154532681790869 ], [ -122.170688118093452, 37.154545040974241 ], [ -122.170682955475513, 37.154365164217197 ], [ -122.170457508765139, 37.154369283073621 ], [ -122.17046267085307, 37.154549159848635 ], [ -122.170011776282479, 37.154557396312832 ], [ -122.170016937319389, 37.154737273087839 ], [ -122.170918728490761, 37.154720798416726 ], [ -122.17092389169261, 37.15490067514682 ], [ -122.171149339957068, 37.154896555401059 ], [ -122.171144176216231, 37.154716678679947 ], [ -122.171369623923738, 37.154712558511982 ] ] ] } },
{ "type": "Feature", "properties": { "area_ha": 0.43982963481700271, "count": 11, "min_ha": 0.2, "post_date": "2023-03-25" }, "geometry": { "type": "Polygon", "coordinates": [ [ [ -122.194839275674596, 37.054035658562697 ], [ -122.194834062553369, 37.053855778625611 ], [ -122.193708331119396, 37.053876598268097 ], [ -122.19371354157262, 37.054056478259078 ], [ -122.193263247750366, 37.054064803144449 ], [ -122.19326845715257, 37.054244683144411 ], [ -122.19349360460717, 37.054240520899356 ], [ -122.193498814575307, 37.054420400890336 ], [ -122.193723962532971, 37.054416238214095 ], [ -122.193718752043807, 37.054236358241077 ], [ -122.194394194183047, 37.054223867679092 ], [ -122.194388982103874, 37.054043987724043 ], [ -122.194839275674596, 37.054035658562697 ] ] ] } },
{ "type": "Feature", "properties": { "area_ha": 0.27988757540912673, "count": 7, "min_ha": 0.2, "post_date": "2023-03-25" }, "geometry": { "type": "Polygon", "coordinates": [ [ [ -122.212024848186346, 37.117967835706914 ], [ -122.212014331474577, 37.117608082848591 ], [ -122.21178899653259, 37.117612280163875 ], [ -122.21176796555244, 37.116892774321464 ], [ -122.211542632730485, 37.116896971169623 ], [ -122.211568918837074, 37.117796353508567 ], [ -122.211794254344994, 37.117792156606512 ], [ -122.211799512175375, 37.117972033040161 ], [ -122.212024848186346, 37.117967835706914 ] ] ] } }
]
}
