unit_id,COUNTY,ACRES,sequence,s1_vv,s1_vh,s1_both,s1_vv_acres,s1_vh_acres,s1_both_acres
4400056,Santa Cruz,1.1747717001291642,A,0.026697429136453524,0.02261041529334212,0.0,0.03136338421570939,0.02656207601478598,0.0
4400039,Santa Cruz,1.9784949112048005,A,0.0,0.007449588517492882,0.0,0.0,0.014738972972429381,0.0
4400035,Santa Cruz,0.8260566718763551,A,0.0,0.0,0.0,0.0,0.0,0.0
4400031,Santa Cruz,2.096335212996828,A,0.0,0.002431297428718779,0.0,0.0,0.005096814413091822,0.0
4400011,Santa Cruz,2.0745258346942586,A,0.0,0.017864484060245916,0.0,0.0,0.03706033370646394,0.0
4400006,Santa Cruz,3.733910958486627,A,0.0,0.0,0.0,0.0,0.0,0.0
4400005,Santa Cruz,2.4051222358338857,A,0.0,0.00041812743237592875,0.0,0.0,0.0010056475850194757,0.0
4400004,Santa Cruz,2.213606540389561,A,0.0,0.020853709654883326,0.0,0.0,0.04616190808343467,0.0
4404078,Santa Cruz,1.143365312959088,A,0.0,0.25536538983971746,0.0,0.0,0.29197592887300805,0.0
4404045,Santa Cruz,1.8058301089394413,A,0.0,0.0,0.0,0.0,0.0,0.0
4405091,Santa Cruz,6.045885519061699,A,0.0012664057103384764,0.010758052549440997,0.00014071174559316405,0.007656543945392439,0.06504195412197011,0.0008507271050436043
4403743,Santa Cruz,8.604928773349535,A,0.0,0.0,0.0,0.0,0.0,0.0
4403738,Santa Cruz,1.065323431843525,A,0.0,0.2093210418495757,0.0,0.0,0.22299461066025208,0.0
4403731,Santa Cruz,0.841192333768267,A,0.0,0.0,0.0,0.0,0.0,0.0
4403728,Santa Cruz,1.0258012467241109,A,0.0,0.0,0.0,0.0,0.0,0.0
4403726,Santa Cruz,0.8082009305459148,A,0.0,0.0,0.0,0.0,0.0,0.0
4403725,Santa Cruz,4.45275772278153,A,0.0,0.014497282844592601,0.0,0.0,0.06455288814560789,0.0
4404030,Santa Cruz,10.332055546948308,A,0.0,0.01508801341156747,0.0,0.0,0.15589019266141613,0.0
4405096,Santa Cruz,1.6257873710425554,A,0.0,0.036553899082568814,0.0,0.0,0.05942886749080443,0.0
4403991,Santa Cruz,1.4359245503271898,A,0.0,0.0002680821403678087,0.0,0.0,0.00038494572685839626,0.0
4403956,Santa Cruz,2.8003072492588,A,0.0,0.014057331863285548,0.0,0.0,0.03936484832199524,0.0
4403933,Santa Cruz,1.3861742328281037,A,0.0,0.014139607667803047,0.0,0.0,0.01959995981140726,0.0
4403904,Santa Cruz,1.410063610428233,A,0.0,0.05826685006877578,0.0,0.0,0.0821599649762585,0.0
4403896,Santa Cruz,1.897697305439742,A,0.03226595961656129,0.010238629410564961,0.0,0.06123102462177589,0.01942981944382522,0.0
4403892,Santa Cruz,2.4777365070234416,A,0.0636584909193035,0.012294826187355676,0.0,0.15772896693277855,0.03046333969191899,0.0
4403887,Santa Cruz,1.747129976571347,A,0.0,0.0,0.0,0.0,0.0,0.0
4403881,Santa Cruz,1.3448818716762896,A,0.0,0.0,0.0,0.0,0.0,0.0
4404594,Santa Cruz,13.292854499047692,A,0.0010009136246457522,0.03029509494131271,0.0,0.013304999178530421,0.40270828908970563,0.0
4404595,Santa Cruz,3.980121662745784,A,0.023179129085442732,0.01322859082533217,0.008340607118611192,0.09225575379655149,0.052651400911504706,0.0331966310732361
4403864,Santa Cruz,0.9462928866129624,A,0.0,0.013811703170970902,0.0,0.0,0.013069916462699461,0.0
4403853,Santa Cruz,1.5763704911080176,A,0.0,0.005827049260601312,0.0,0.0,0.0091855885046447,0.0
4403852,Santa Cruz,1.0178563214580614,A,0.0,0.0,0.0,0.0,0.0,0.0
4403848,Santa Cruz,2.671325406970798,A,0.0,0.0,0.0,0.0,0.0,0.0
4403840,Santa Cruz,1.1510541969604722,A,0.0,0.0,0.0,0.0,0.0,0.0
4403838,Santa Cruz,1.285922836429835,A,0.0,0.0,0.0,0.0,0.0,0.0
4403837,Santa Cruz,1.6837984120050418,A,0.0,0.0,0.0,0.0,0.0,0.0
4403812,Santa Cruz,2.311280146770014,A,0.0008042625917362018,0.04172112194631547,0.0008042625917362018,0.0018588761610696804,0.09642920085548967,0.0018588761610696804
4404222,Santa Cruz,6.479674483069837,A,0.0,0.0007882855982609941,0.0,0.0,0.005107834076423204,0.0
4403806,Santa Cruz,1.0065655145087038,A,0.0,0.0,0.0,0.0,0.0,0.0
4403769,Santa Cruz,3.241280571872397,A,0.0,0.0,0.0,0.0,0.0,0.0
4403708,Santa Cruz,1.1326447355472629,A,0.017439474764054167,0.05279715497196006,0.0,0.019752729282215296,0.059800419630863556,0.0
4403688,Santa Cruz,1.56087666210703,A,0.0,0.04784855410911258,0.0,0.0,0.07468569142447926,0.0
4403677,Santa Cruz,1.818149337405408,A,0.0025634452704434763,0.0,0.0,0.004660726319931833,0.0,0.0
4403659,Santa Cruz,0.3714478710729144,A,0.0,0.01968503937007874,0.0,0.0,0.007311965966002251,0.0
4403658,Santa Cruz,1.3609875585206883,A,0.0,0.00977217203567979,0.0,0.0,0.013299804560283983,0.0
4403643,Santa Cruz,0.5958893423041488,A,0.0,0.0,0.0,0.0,0.0,0.0
4403635,Santa Cruz,11.232482152539427,A,0.0,0.049537307784925516,0.0,0.0,0.5564269255790283,0.0
4403617,Santa Cruz,0.6788358407477599,A,0.0,0.0,0.0,0.0,0.0,0.0
4403599,Santa Cruz,3.8935299598729576,A,0.0,0.07175976597480647,0.0,0.0,0.27939879873638107,0.0
4405110,Santa Cruz,3.0196428508822915,A,0.03270153120110801,0.033906999410090025,0.0,0.09874694490433,0.10238702836354842,0.0
4403572,Santa Cruz,1.2308739131965556,A,0.04030274361400188,0.12803532008830018,0.0,0.04960759574472398,0.1575953354644596,0.0
4405111,Santa Cruz,13.440922778363854,A,0.0,0.05482234086620334,0.0,0.0,0.7368628501117801,0.0
4403523,Santa Cruz,0.7432244695713895,A,0.0,0.0,0.0,0.0,0.0,0.0
4403518,Santa Cruz,3.050741565801012,A,0.0,0.00629489555042262,0.0,0.0,0.01920409950805013,0.0
4403506,Santa Cruz,1.3493903807407774,A,0.0,0.0,0.0,0.0,0.0,0.0
4403500,Santa Cruz,26.376894288535517,A,0.0004046244469399544,0.01660719469179639,0.0,0.010672736263492326,0.43804621881464156,0.0
4403485,Santa Cruz,3.677692054857796,A,0.0,0.0,0.0,0.0,0.0,0.0
4403476,Santa Cruz,1.799234535686774,A,0.0,0.08771552650814804,0.0,0.0,0.15782080460940867,0.0
4403465,Santa Cruz,1.3648328009668087,A,0.0,0.0006248579868211769,0.0,0.0,0.0008528266763596281,0.0
4403459,Santa Cruz,2.300313863246748,A,0.0,0.04734504340803553,0.0,0.0,0.10890845970752319,0.0
4403454,Santa Cruz,0.9987655915767888,A,0.0,0.0,0.0,0.0,0.0,0.0
4403435,Santa Cruz,1.048334391523445,A,0.0,0.0,0.0,0.0,0.0,0.0
4404226,Santa Cruz,8.44005928920985,A,0.0023352076045348815,0.007005622813604644,0.0,0.019709290634888108,0.05912787190466433,0.0
4403375,Santa Cruz,2.2638900525443044,A,0.0,0.10561373390557942,0.0,0.0,0.23909788160090237,0.0
4403364,Santa Cruz,1.001825381435059,A,0.0,0.0,0.0,0.0,0.0,0.0
4403363,Santa Cruz,0.7622791117644698,A,0.02580971659919029,0.0,0.0,0.019674207844123468,0.0,0.0
4403362,Santa Cruz,1.0810172682298984,A,0.0,0.08485238401601257,0.0,0.0,0.0917268923717842,0.0
4403359,Santa Cruz,3.6983208273485593,A,0.0,0.02134431754353117,0.0,0.0,0.07893813411678256,0.0
4403340,Santa Cruz,0.7587795191718646,A,0.0,0.06062154978531997,0.0,0.0,0.04599839039755834,0.0
4403328,Santa Cruz,1.2403422836819011,A,0.03486628342914272,0.0,0.0,0.043246125612003306,0.0,0.0
4403308,Santa Cruz,0.7176369864406582,A,0.1766099504630627,0.3494507861296576,0.0,0.12674183262574623,0.2507788090674064,0.0
4404603,Santa Cruz,8.633057445756137,A,0.0,0.07075471698113206,0.0,0.0,0.6108295362563303,0.0
4403299,Santa Cruz,1.3899807420075247,A,0.0,0.014233087742799728,0.0,0.0,0.01978371786179497,0.0
4400069,Santa Cruz,6.712496476962307,A,0.0,0.0002178069262602551,0.0,0.0,0.0014620282251799513,0.0
4400093,Santa Cruz,2.168564553297572,A,0.0,0.0,0.0,0.0,0.0,0.0
4405124,Santa Cruz,7.410775804211669,A,0.0,0.0,0.0,0.0,0.0,0.0
4400140,Santa Cruz,3.4367676155069757,A,0.0,0.0,0.0,0.0,0.0,0.0
4400153,Santa Cruz,2.1126414692553195,A,0.0,0.0,0.0,0.0,0.0,0.0
4400234,Santa Cruz,0.7006732189515611,A,0.0,0.03300110741971207,0.0,0.0,0.023122992164735904,0.0
4400235,Santa Cruz,2.321457786872349,A,0.0,0.0,0.0,0.0,0.0,0.0
4404235,Santa Cruz,23.429488538764627,A,0.0,0.005046806657826508,0.0,0.0,0.11824409874690718,0.0
4400280,Santa Cruz,15.62876578359617,A,0.0,0.04027599724794711,0.0,0.0,0.6294641276889293,0.0
4400290,Santa Cruz,1.394006697557764,A,0.0,0.025073176119732702,0.0,0.0,0.03495217543995278,0.0
4400301,Santa Cruz,4.813957954523472,A,0.0,0.004885810256987189,0.0,0.0,0.02352008515091585,0.0
4400302,Santa Cruz,1.45415020244702,A,0.0,0.035792627467765244,0.0,0.0,0.052047856478361604,0.0
4400334,Santa Cruz,1.0066055095787825,A,0.0,0.0,0.0,0.0,0.0,0.0
4400344,Santa Cruz,3.231226507736898,A,0.0,0.0,0.0,0.0,0.0,0.0
4400345,Santa Cruz,2.494855400505596,A,0.0,0.023657111049262446,0.0,0.0,0.059021071261613024,0.0
4405129,Santa Cruz,5.45057058280318,A,0.0,0.01318494364499894,0.0,0.0,0.07186546596734895,0.0
4400365,Santa Cruz,0.9940127118662888,A,0.0,0.0,0.0,0.0,0.0,0.0
4404105,Santa Cruz,3.899389017897336,A,0.01395810582745955,0.0009530427876501542,0.0,0.05442808457424458,0.003716284579749274,0.0
4400385,Santa Cruz,0.9481436342485424,A,0.0,0.01518509398341952,0.0,0.0,0.014397650195845059,0.0
4400387,Santa Cruz,3.465526964261729,A,0.0,0.05513392857142854,0.0,0.0,0.19106811610996574,0.0
4400392,Santa Cruz,10.745099221224114,A,0.009833089607180675,0.1335283142554586,0.0025933423139817163,0.105657523480344,1.434774985517697,0.02786572047833248
4400396,Santa Cruz,10.971899471365557,A,0.008269706647490533,0.018160924402332152,0.0,0.09073438999394962,0.19925983684945797,0.0
4400414,Santa Cruz,5.688987718799765,A,0.0,0.0,0.0,0.0,0.0,0.0
4400426,Santa Cruz,1.935887048457352,A,0.0,0.0,0.0,0.0,0.0,0.0
4400462,Santa Cruz,3.337588123148163,A,0.0,0.0,0.0,0.0,0.0,0.0
4400469,Santa Cruz,1.9242272208803792,A,0.0,0.0,0.0,0.0,0.0,0.0
4400475,Santa Cruz,3.160736955040021,A,0.040886277390133424,0.024972456849063532,0.0,0.12923076790101196,0.07893136722097738,0.0
4400484,Santa Cruz,1.9117175644625364,A,0.0008909768346023003,0.0,0.0,0.0017032960642384496,0.0,0.0
4400496,Santa Cruz,1.4221665880218664,A,0.0,0.0,0.0,0.0,0.0,0.0
4400497,Santa Cruz,17.868091473883382,A,0.0022061972513377774,0.06816716918937392,0.0,0.03942053429633349,1.218017214591418,0.0
4400548,Santa Cruz,2.740258310160893,A,0.007213578500707212,0.04786421499292786,0.007213578500707212,0.019767068432560892,0.13116031289369817,0.019767068432560892
4400549,Santa Cruz,2.8364892732614253,A,0.0,0.018428657107027967,0.0,0.0,0.052272688204697756,0.0
4400557,Santa Cruz,1.555683957416875,A,0.0025369347858528587,0.10406407003929763,0.0,0.003946668747364108,0.1618908043036414,0.0
4400564,Santa Cruz,1.475149587562957,A,0.013387935107891002,0.0,0.0,0.019749206952725043,0.0,0.0
4400579,Santa Cruz,0.8150608519474478,A,0.0,0.0,0.0,0.0,0.0,0.0
4400581,Santa Cruz,12.66246438966601,A,0.0,0.040479842578389984,0.0,0.0,0.512574565148149,0.0
4404616,Santa Cruz,3.0788563952704564,A,0.044863900268932055,0.05127302887877949,0.0,0.1381295062597774,0.15786229286831704,0.0
4400603,Santa Cruz,1.0316387945570955,A,0.007583721279471392,0.2715873254242379,0.007583721279471392,0.007823661079010861,0.28018002101764644,0.007823661079010861
4400607,Santa Cruz,0.8815815224866284,A,0.02223384776353649,0.010811753422268724,0.0,0.019600949362114414,0.009531442042753677,0.0
4400617,Santa Cruz,2.6537830929378448,A,0.0,0.0,0.0,0.0,0.0,0.0
4400642,Santa Cruz,25.39363398647975,A,0.0,0.030305801169804542,0.0,0.0,0.7695744225730463,0.0
4400644,Santa Cruz,5.941775522987922,A,0.0,0.007457644735474486,0.0,0.0,0.04431165094838204,0.0
4405302,Santa Cruz,9.785825577643308,A,0.0020171975983482708,0.003955289408526021,0.0,0.01973994385307716,0.038705772260935606,0.0
4405406,Santa Cruz,22.93598466102173,A,0.0,0.0058313856033241265,0.0,0.0,0.13374857075034513,0.0
4400668,Santa Cruz,1.4933403787584676,A,0.0,0.0,0.0,0.0,0.0,0.0
4400685,Santa Cruz,2.3303595538807,A,0.0,0.06181661072152613,0.0,0.0,0.14405492938343253,0.0
4400692,Santa Cruz,1.567302269239325,A,0.0,0.0,0.0,0.0,0.0,0.0
4400698,Santa Cruz,0.7418783796614773,A,0.0,0.023668639053254437,0.0,0.0,0.017559251589620763,0.0
4400699,Santa Cruz,1.142811966045548,A,0.0,0.0,0.0,0.0,0.0,0.0
4400713,Santa Cruz,1.2955242800685849,A,0.0,0.04120007186059045,0.0,0.0,0.053375693435965404,0.0
4400719,Santa Cruz,1.1043711168045698,A,0.0,0.035456013480306116,0.0,0.0,0.03915659720468355,0.0
4400738,Santa Cruz,5.375826556944864,A,0.0,0.05141129032258063,0.0,0.0,0.27637817984293145,0.0
4405137,Santa Cruz,25.41879945043488,A,0.0,0.04052553607660979,0.0,0.0,1.0301104741527078,0.0
4400759,Santa Cruz,10.290124372270547,A,0.0,0.002450943538079844,0.0,0.0,0.025220513836254406,0.0
4400762,Santa Cruz,1.4526421932010742,A,0.0,0.040704480153240394,0.0,0.0,0.05912904532291272,0.0
4400773,Santa Cruz,4.68539577849929,A,0.0,0.0,0.0,0.0,0.0,0.0
4400774,Santa Cruz,1.6071931643726476,A,0.010964701356160431,0.010291430220255844,0.0,0.017622393069008545,0.016540316301613282,0.0
4400793,Santa Cruz,1.0548364482097798,A,0.0,0.0,0.0,0.0,0.0,0.0
4404240,Santa Cruz,37.529668224397874,A,0.0,0.01698684457305147,0.0,0.0,0.6375106410060352,0.0
4400796,Santa Cruz,1.8720697962347428,A,0.0,0.0,0.0,0.0,0.0,0.0
4400820,Santa Cruz,3.2152420008311595,A,0.01984060099684573,0.04449688184729479,0.0,0.06379233364679096,0.1430682434214438,0.0
4400821,Santa Cruz,0.9393606664494653,A,0.0,0.0,0.0,0.0,0.0,0.0
4400825,Santa Cruz,0.7684373761010191,A,0.0,0.0,0.0,0.0,0.0,0.0
4400838,Santa Cruz,0.5237659633051445,A,0.0,0.04428044280442804,0.0,0.0,0.023192588781039605,0.0
4400843,Santa Cruz,0.8121013395708824,A,0.0,0.006747125344483512,0.0,0.0,0.005479349530507711,0.0
4400856,Santa Cruz,1.2807766358239816,A,0.0,0.0,0.0,0.0,0.0,0.0
4404131,Santa Cruz,3.1369929239854013,A,0.0001233806292412091,0.06255397902529303,0.0,0.00038704416088653924,0.19623138956947545,0.0
4400862,Santa Cruz,1.1371155936477937,A,0.0,0.0,0.0,0.0,0.0,0.0
4400865,Santa Cruz,2.2704417475730096,A,0.0,0.0,0.0,0.0,0.0,0.0
4400880,Santa Cruz,1.6950301918248836,A,0.0,0.021178300247003935,0.0,0.0,0.035897858330204056,0.0
4405407,Santa Cruz,14.346041959017642,A,0.0,0.028275862068965513,0.0,0.0,0.40564670366877464,0.0
4400894,Santa Cruz,3.64672332872667,A,0.0,0.03897646983938384,0.0,0.0,0.1421364018346925,0.0
4400917,Santa Cruz,2.008416703318698,A,0.0,0.0,0.0,0.0,0.0,0.0
4405143,Santa Cruz,5.902426139133166,A,0.010018859028760018,0.002684792288752685,0.0,0.05913557541564345,0.015846788183277005,0.0
4400934,Santa Cruz,1.1524815311159675,A,0.0,0.010980867690649418,0.0,0.0,0.0126552472091015,0.0
4400967,Santa Cruz,0.3331060094608837,A,0.0,0.0,0.0,0.0,0.0,0.0
4400977,Santa Cruz,1.6251476209469935,A,0.0,0.04648504477043246,0.0,0.0,0.0755450599182828,0.0
4404463,Santa Cruz,1.0173679163470672,A,0.0,0.018479248712511356,0.0,0.0,0.018800194758306903,0.0
4404313,Santa Cruz,14.92737526539832,A,0.0,0.018766644905234147,0.0,0.0,0.2801367509729056,0.0
4401013,Santa Cruz,1.9512490428192824,A,0.00011863334387851945,0.0,0.0,0.00023148319868941184,0.0,0.0
4401027,Santa Cruz,23.9600406082283,A,0.0,0.003256593067878502,0.0,0.0,0.0780281021508437,0.0
4401034,Santa Cruz,3.287351204876996,A,0.0,0.11690478428423721,0.0,0.0,0.3843070834726725,0.0
4401046,Santa Cruz,1.9646792157749264,A,0.0,0.0,0.0,0.0,0.0,0.0
4401049,Santa Cruz,1.4080152315261918,A,0.0,0.004000438404208678,0.0,0.0,0.005632678205908151,0.0
4401053,Santa Cruz,0.922942478203584,A,0.0,0.006402695871946083,0.0,0.0,0.005909319995237775,0.0
4401074,Santa Cruz,1.3902410060203738,A,0.0283995990644838,0.08853992649515538,0.0,0.03948228717398323,0.12309183648359477,0.0
4401107,Santa Cruz,2.1056296911255905,A,0.012615736471282602,0.018812940351912652,0.0,0.02656406928934863,0.039613085782361994,0.0
4401123,Santa Cruz,41.12472450917273,A,0.008196705901816249,0.04298570652408912,0.0,0.33708727209490347,1.7677753386353139,0.0
4401154,Santa Cruz,3.056176903818478,A,0.0,0.03135764944275584,0.0,0.0,0.09583452398498676,0.0
4401201,Santa Cruz,2.435387088435565,A,0.0,0.016089108910891086,0.0,0.0,0.03918320810601775,0.0
4401203,Santa Cruz,6.28264893599416,A,0.0,0.0,0.0,0.0,0.0,0.0
4401228,Santa Cruz,0.5326837267342522,A,0.0,0.0,0.0,0.0,0.0,0.0
4405152,Santa Cruz,12.538948070888022,A,0.012576057406003215,0.014314512400362482,0.001572007175750402,0.15769053075038103,0.17948892764822783,0.01971131634379763
4401269,Santa Cruz,1.1453136996093527,A,0.0,0.012334861148557561,0.0,0.0,0.01412728545622213,0.0
4405153,Santa Cruz,2.693713397150378,A,0.0,0.0039072600339012265,0.0,0.0,0.010525038699469975,0.0
4401286,Santa Cruz,1.300559830971015,A,0.07572158213564555,0.04614562299560517,0.0,0.09848044806319299,0.06001514364321644,0.0
4401304,Santa Cruz,0.6467809112580003,A,0.0,0.0,0.0,0.0,0.0,0.0
4401306,Santa Cruz,3.836667010427874,A,0.0,0.0,0.0,0.0,0.0,0.0
4401313,Santa Cruz,2.586698266047749,A,0.0,0.009895662052677208,0.0,0.0,0.02559709187305464,0.0
4401325,Santa Cruz,0.6091627232746106,A,0.0,0.0,0.0,0.0,0.0,0.0
4401334,Santa Cruz,0.6065465140819777,A,0.0,0.007728366907386291,0.0,0.0,0.004687614007221669,0.0
4401363,Santa Cruz,1.5259609984988871,A,0.0,0.0,0.0,0.0,0.0,0.0
4401369,Santa Cruz,2.469510956276219,A,0.02398419864559819,0.0,0.0,0.05922924133280999,0.0,0.0
4401370,Santa Cruz,1.2075701485166717,A,0.0,0.010173395610723656,0.0,0.0,0.012285088848560421,0.0
4401378,Santa Cruz,3.1885267269674613,A,0.0,0.0,0.0,0.0,0.0,0.0
4401385,Santa Cruz,2.339079875167529,A,0.0,0.007155872121914858,0.0,0.0,0.016738156469643408,0.0
4401387,Santa Cruz,2.050684256722676,A,0.0,0.037771411338962606,0.0,0.0,0.07745723858700698,0.0
4401388,Santa Cruz,1.610709319332422,A,0.0,0.015342307135620206,0.0,0.0,0.024711997083403783,0.0
4405154,Santa Cruz,2.017736413323321,A,0.0,0.03910143371923638,0.0,0.0,0.07889638662845157,0.0
4401405,Santa Cruz,13.37179802851817,A,0.0,0.023590223933669854,0.0,0.0,0.3154437098885487,0.0
4405155,Santa Cruz,9.522273509247809,A,0.00828251496130766,0.00012180169060746559,0.0,0.07886837280600857,0.0011598290118530672,0.0
4405156,Santa Cruz,3.175932972755429,A,0.0,0.024807860686837234,0.0,0.0,0.07878810273884952,0.0
4404637,Santa Cruz,21.06130926340225,A,0.0037483325432436303,0.054821200862851444,0.0,0.07894479091532919,1.1546062655636085,0.0
4404639,Santa Cruz,22.280767299687724,A,0.0026553740953504917,0.026140682760894842,0.0,0.05916377231212311,0.5824344696504564,0.0
4401460,Santa Cruz,0.8157843823903395,A,0.0,0.0,0.0,0.0,0.0,0.0
4401473,Santa Cruz,2.2867667020567786,A,0.0,0.007403933130088111,0.0,0.0,0.01693106774614051,0.0
4401475,Santa Cruz,0.4150728717423172,A,0.0,0.0,0.0,0.0,0.0,0.0
4401478,Santa Cruz,9.19975444955856,A,0.0,0.04269745896411668,0.0,0.0,0.39280613808997644,0.0
4401490,Santa Cruz,3.1605094580491766,A,0.0,0.009541284403669723,0.0,0.0,0.030155319599735258,0.0
4401494,Santa Cruz,1.925393333884219,A,0.01484691625536696,0.0,0.0,0.028586153586820796,0.0,0.0
4401501,Santa Cruz,3.550969246127514,A,0.0,0.0,0.0,0.0,0.0,0.0
4401540,Santa Cruz,2.3566910945575748,A,0.0,0.06094963462987842,0.0,0.0,0.14363946114877243,0.0
4401548,Santa Cruz,4.110305843221832,A,0.0,0.0,0.0,0.0,0.0,0.0
4404642,Santa Cruz,7.1276201023729495,A,0.0,0.0,0.0,0.0,0.0,0.0
4401564,Santa Cruz,0.831398426757793,A,0.0,0.0,0.0,0.0,0.0,0.0
4405165,Santa Cruz,14.399610710018242,A,0.0,0.010063872041221614,0.0,0.0,0.1449158396290279,0.0
4401582,Santa Cruz,1.3198019257629998,A,0.0,0.2541335686966754,0.0,0.0,0.3354059733668958,0.0
4401592,Santa Cruz,1.9402510420112975,A,0.0,0.05087180305629812,0.0,0.0,0.09870406888897594,0.0
4404646,Santa Cruz,48.71069477952239,A,0.0,0.039337355713781906,0.0,0.0,1.9161499276075316,0.0
4401617,Santa Cruz,3.4727211247691536,A,0.0,0.09504408228693563,0.0,0.0,0.3300615923421391,0.0
4401618,Santa Cruz,10.730434788304088,A,0.0,0.03308441932879713,0.0,0.0,0.3550102041165649,0.0
4401639,Santa Cruz,6.435918901544119,A,0.006124066380076372,0.00016811162611974354,0.0,0.039413994569844395,0.0010819527921133755,0.0
4401642,Santa Cruz,1.3585495333358202,A,0.0,0.0,0.0,0.0,0.0,0.0
4401652,Santa Cruz,3.012014634896332,A,0.0,0.0,0.0,0.0,0.0,0.0
4401656,Santa Cruz,1.7189209959037666,A,0.0,0.0,0.0,0.0,0.0,0.0
4401659,Santa Cruz,4.476324275725187,A,0.0,0.015354854310240607,0.0,0.0,0.06873330709915354,0.0
4401672,Santa Cruz,15.37565480068167,A,0.0,0.017962625662906424,0.0,0.0,0.2761871315067149,0.0
4401674,Santa Cruz,6.729979362541832,A,0.0,0.0,0.0,0.0,0.0,0.0
4401684,Santa Cruz,0.1910871605534086,A,0.0,0.0,0.0,0.0,0.0,0.0
4401692,Santa Cruz,1.2634136282048007,A,0.0,0.0,0.0,0.0,0.0,0.0
4401698,Santa Cruz,15.663914689099798,A,0.001258892470835658,0.05747461233517149,0.0,0.0197191842659198,0.9002774244072091,0.0
4401713,Santa Cruz,25.54561327843415,A,0.0015446681689321796,0.02259152916091201,0.0,0.03945949568704845,0.5771144673131261,0.0
4401727,Santa Cruz,2.0529329898219024,A,0.0,0.024405884571859673,0.0,0.0,0.05010364558335612,0.0
4401734,Santa Cruz,1.5408404212402926,A,0.0,0.0,0.0,0.0,0.0,0.0
4401740,Santa Cruz,21.435131429177044,A,0.0,0.01141348893133492,0.0,0.0,0.24464963530862147,0.0
4404250,Santa Cruz,8.637985310268077,A,0.0,0.009128660413832606,0.0,0.0,0.07885323455711175,0.0
4401784,Santa Cruz,0.6736083504828787,A,0.0,0.0,0.0,0.0,0.0,0.0
4401802,Santa Cruz,3.870432220606752,A,0.0,0.09821214302855774,0.0,0.0,0.38012344283256866,0.0
4404251,Santa Cruz,16.924228128897976,A,0.0,0.03476339481774265,0.0,0.0,0.5883436244304262,0.0
4404650,Santa Cruz,15.019738345214195,A,0.0001596358243387987,0.02603608799538601,0.0,0.002397688312091332,0.39105522922367025,0.0
4401844,Santa Cruz,1.2588341719551372,A,0.0,0.0,0.0,0.0,0.0,0.0
4401855,Santa Cruz,4.15596206473015,A,0.0,0.0,0.0,0.0,0.0,0.0
4401861,Santa Cruz,1.5777848876924725,A,0.0,0.03108909920070613,0.0,0.0,0.04905191089084626,0.0
4401875,Santa Cruz,1.3973233487837444,A,0.014055007440886289,0.012291241801245656,0.0,0.019639390064479675,0.017174839154427322,0.0
4401878,Santa Cruz,1.7344939662555483,A,0.0,0.0,0.0,0.0,0.0,0.0
4404253,Santa Cruz,28.928191950785006,A,0.0,0.02887127887528655,0.0,0.0,0.8351938971689336,0.0
4401898,Santa Cruz,2.689409943221712,A,0.014649699824778099,0.0,0.0,0.03939904837397159,0.0,0.0
4401905,Santa Cruz,1.2260295706480693,A,0.0,0.0,0.0,0.0,0.0,0.0
4401909,Santa Cruz,4.598457231228968,A,0.0,0.0,0.0,0.0,0.0,0.0
4401950,Santa Cruz,10.829018989127857,A,0.0,0.034634107984073306,0.0,0.0,0.37505341303103457,0.0
4401952,Santa Cruz,3.468613932920055,A,0.0,0.02845791576456933,0.0,0.0,0.09870952312285045,0.0
4401954,Santa Cruz,5.336490007018698,A,0.014792470342547208,0.06160628825013779,0.0,0.07893987016212363,0.3287613416163737,0.0
4405170,Santa Cruz,9.979960708555506,A,0.0019759629913755025,0.016249389776135013,0.0,0.019720033015487318,0.16216827150383098,0.0
4404214,Santa Cruz,5.907429088726388,A,0.0,0.13244678068936658,0.0,0.0,0.7824199649525285,0.0
4401966,Santa Cruz,3.061662734818513,A,0.0,0.0,0.0,0.0,0.0,0.0
4401981,Santa Cruz,26.111515857431726,A,0.0064613562333431995,0.039339650577435575,0.0,0.1687158057474563,1.0272179098785321,0.0
4401983,Santa Cruz,0.8780255640567569,A,0.0,0.0,0.0,0.0,0.0,0.0
4401991,Santa Cruz,1.4458362375368332,A,0.0,0.0,0.0,0.0,0.0,0.0
4402014,Santa Cruz,3.684334357515096,A,0.0,0.010698552548772814,0.0,0.0,0.039417044731124375,0.0
4404652,Santa Cruz,3.873590110429828,A,0.005095006893244622,0.0,0.0,0.019735968314244172,0.0,0.0
4402056,Santa Cruz,0.7546971031524898,A,0.0,0.0,0.0,0.0,0.0,0.0
4402077,Santa Cruz,1.6401374558812618,A,0.0,0.0,0.0,0.0,0.0,0.0
4402103,Santa Cruz,0.9817636149201858,A,0.0,0.0,0.0,0.0,0.0,0.0
4402138,Santa Cruz,1.964111795582637,A,0.0,0.07018164661476763,0.0,0.0,0.13784459994947734,0.0
4405174,Santa Cruz,15.01792815659109,A,0.014755211655999833,0.013726256868273208,0.0,0.22159270858510094,0.20613993950664203,0.0
4402146,Santa Cruz,0.9445081992291564,A,0.0,0.0,0.0,0.0,0.0,0.0
4402151,Santa Cruz,1.7562364724212165,A,0.0,0.0,0.0,0.0,0.0,0.0
4402160,Santa Cruz,13.938813759859295,A,0.0014146547132966444,0.021436179655600917,0.0,0.019718608583149073,0.29879491594230595,0.0
4402161,Santa Cruz,1.7464029599603543,A,0.0,0.15982769340083483,0.0,0.0,0.2791235568388539,0.0
4402163,Santa Cruz,1.3423268991927464,A,0.0,0.06612522320142851,0.0,0.0,0.08876166581840178,0.0
4402191,Santa Cruz,0.7526630153868654,A,0.0,0.0,0.0,0.0,0.0,0.0
4402216,Santa Cruz,23.593499350915597,A,0.003344799656338232,0.03898003285773781,0.0,0.07891552852075878,0.9196753799277056,0.0
4402234,Santa Cruz,7.772483954719818,A,0.0,0.04064959649297599,0.0,0.0,0.3159483365074909,0.0
4402243,Santa Cruz,2.429876307468653,A,0.0,0.07223791538388293,0.0,0.0,0.17552919909222245,0.0
4402256,Santa Cruz,0.4021596293001594,A,0.0,0.0,0.0,0.0,0.0,0.0
4402282,Santa Cruz,5.217263350413397,A,0.0,0.0,0.0,0.0,0.0,0.0
4402285,Santa Cruz,0.8842582573353153,A,0.0,0.0,0.0,0.0,0.0,0.0
4402286,Santa Cruz,0.9887217922983536,A,0.0,0.17400435594275052,0.0,0.0,0.17204189867543696,0.0
4402289,Santa Cruz,22.1006467894441,A,0.0,0.012507664009809934,0.0,0.0,0.2764274644418514,0.0
4402296,Santa Cruz,1.183639670674294,A,0.0,0.0,0.0,0.0,0.0,0.0
4405440,Santa Cruz,28.052851426931515,A,0.0,0.015664025671138164,0.0,0.0,0.4394205849000801,0.0
4402320,Santa Cruz,6.178788732443238,A,0.0,0.0415647921760391,0.0,0.0,0.2568200695636553,0.0
4402323,Santa Cruz,2.081230311607168,A,0.0,0.00947004865005385,0.0,0.0,0.019709352302886615,0.0
4402327,Santa Cruz,6.0998383019302285,A,0.0,0.03760169030478624,0.0,0.0,0.22936423073845363,0.0
4402336,Santa Cruz,7.548689713418106,A,4.1074930942772354e-05,0.022570674553053408,0.0,0.00031006190868706476,0.17037901882354206,0.0
4402340,Santa Cruz,0.7953241065275259,A,0.0,0.0,0.0,0.0,0.0,0.0
4402341,Santa Cruz,0.8389026452269122,A,0.0,0.004328605636397126,0.0,0.0,0.0036312787185176706,0.0
4402376,Santa Cruz,1.3967910347024262,A,0.0,0.0,0.0,0.0,0.0,0.0
4402430,Santa Cruz,1.9584189292296847,A,0.0,0.0,0.0,0.0,0.0,0.0
4402435,Santa Cruz,3.296065258889177,A,0.0,0.06674799990615393,0.0,0.0,0.220005763591012,0.0
4402467,Santa Cruz,0.8568518879359314,A,0.0,0.0,0.0,0.0,0.0,0.0
4402481,Santa Cruz,3.2290093251144905,A,0.0,0.0,0.0,0.0,0.0,0.0
4402485,Santa Cruz,1.107069528699904,A,0.0,0.0,0.0,0.0,0.0,0.0
4402488,Santa Cruz,0.697916413306769,A,0.0,0.0,0.0,0.0,0.0,0.0
4402522,Santa Cruz,7.694210807538454,A,0.0,0.002560780887536529,0.0,0.0,0.019703187980621477,0.0
4402531,Santa Cruz,10.356147560240103,A,0.0,0.0,0.0,0.0,0.0,0.0
4402533,Santa Cruz,1.181226088433051,A,0.016726795670711704,0.0,0.0,0.01975812742213368,0.0,0.0
4402547,Santa Cruz,4.009051043590183,A,0.0,0.004917463745757482,0.0,0.0,0.019714363161745928,0.0
4405444,Santa Cruz,13.780172023564589,A,0.0,0.019207474371340766,0.0,0.0,0.26468230097528384,0.0
4402560,Santa Cruz,1.0341867450385849,A,0.0,0.0,0.0,0.0,0.0,0.0
4402570,Santa Cruz,1.5657761258982437,A,0.0,0.0,0.0,0.0,0.0,0.0
4402571,Santa Cruz,1.463848947306607,A,0.00206414734836456,0.0,0.0,0.0030215999229891853,0.0,0.0
4402576,Santa Cruz,9.142222235687251,A,0.01936826785578298,0.07983381704644492,0.0,0.1770690090578858,0.7298584973617966,0.0
4402608,Santa Cruz,1.471954451516967,A,0.02682375216956819,0.040288223846841636,0.0,0.03948334141238379,0.059302430435070566,0.0
4404667,Santa Cruz,15.037899579110563,A,0.015737988211938243,0.03332750444881039,0.0,0.2366662863083531,0.5011756651235713,0.0
4402616,Santa Cruz,3.1675691299734328,A,0.0,0.023646165155599124,0.0,0.0,0.07490086278912922,0.0
4402645,Santa Cruz,1.2494277056052745,A,0.011707860992380598,0.01511491048751781,0.0,0.014628125897255583,0.018884987930848477,0.0
4402646,Santa Cruz,1.4246230006364011,A,0.0,0.03723142529112678,0.0,0.0,0.05304074481621503,0.0
4402662,Santa Cruz,1.460303872759841,A,0.0,0.0531852717708942,0.0,0.0,0.07766665834082145,0.0
4404670,Santa Cruz,2.1508129091089305,A,0.0,0.0,0.0,0.0,0.0,0.0
4404671,Santa Cruz,25.00079072181193,A,0.11962218768629601,0.15105600678160008,0.07620340665134377,2.9906492800303948,3.7765196128193876,1.905145421979377
4402696,Santa Cruz,13.203415778709696,A,0.01046662992107516,0.013762005840203588,0.0,0.13819526664983878,0.18170548505723905,0.0
4402698,Santa Cruz,0.7715721728738176,A,0.0,0.006608591168519077,0.0,0.0,0.005099005047528985,0.0
4402700,Santa Cruz,1.360376062759661,A,0.0,0.0,0.0,0.0,0.0,0.0
4402702,Santa Cruz,2.9980694350219994,A,0.029336503915841698,0.00524696942283336,0.0,0.0879528757204882,0.015730778653091717,0.0
4402725,Santa Cruz,2.307329661083029,A,0.0,0.04622625651369978,0.0,0.0,0.10665921277489207,0.0
4402769,Santa Cruz,2.449598757914876,A,0.0,0.0,0.0,0.0,0.0,0.0
4402771,Santa Cruz,2.441122023175694,A,0.0,0.015069661643446119,0.0,0.0,0.03678688291962234,0.0
4402775,Santa Cruz,22.052358770503584,A,0.0008944073236176148,0.007221900703249681,0.0,0.019723791187381545,0.15925994531301413,0.0
4402780,Santa Cruz,9.050354105568426,A,0.0,0.011094314484101565,0.0,0.0,0.10040747463965585,0.0
4402789,Santa Cruz,9.338087877166856,A,0.0,0.025131376092037853,0.0,0.0,0.23467899842157963,0.0
4402795,Santa Cruz,4.046308315625354,A,0.0,0.0,0.0,0.0,0.0,0.0
4404144,Santa Cruz,6.473664774664077,A,0.0,0.009143717728055075,0.0,0.0,0.059193363365581585,0.0
4402802,Santa Cruz,3.025543095257428,A,0.0,0.009813667762738646,0.0,0.0,0.029691674738704325,0.0
4402870,Santa Cruz,0.9388318651691204,A,0.0,0.0,0.0,0.0,0.0,0.0
4404676,Santa Cruz,5.828563095076391,A,0.0,0.0033849257971168404,0.0,0.0,0.01972925358064725,0.0
4404677,Santa Cruz,3.2747591476493056,A,0.0,0.0,0.0,0.0,0.0,0.0
4404678,Santa Cruz,6.002502876088894,A,0.0,0.0032901952182496155,0.0,0.0,0.019749406260437242,0.0
4403000,Santa Cruz,0.3794931844348556,A,0.0,0.27898477157360413,0.0,0.0,0.1058728193732978,0.0
4403012,Santa Cruz,2.649354162132463,A,0.011995446983626654,0.08799579721565538,0.0,0.031780187392710574,0.2331320316034608,0.0
4404261,Santa Cruz,15.678356141956206,A,0.0,0.005034053893988751,0.0,0.0,0.07892568978775709,0.0
4404262,Santa Cruz,12.376471425308145,A,0.004780264070535451,0.0,0.0,0.0591628016744092,0.0,0.0
4403072,Santa Cruz,2.1632725468086966,A,0.0,0.0,0.0,0.0,0.0,0.0
4403073,Santa Cruz,1.3410208976196851,A,0.0,0.014705882352941176,0.0,0.0,0.019720895553230665,0.0
4404345,Santa Cruz,36.49720424927402,A,0.0022261043597723864,0.03628338096489964,0.0,0.08124658549881217,1.3242419659301634,0.0
4403095,Santa Cruz,3.2715651295069743,A,0.0,0.03622330602774753,0.0,0.0,0.1185069048758386,0.0
4403096,Santa Cruz,3.721867151566512,A,0.0,0.0,0.0,0.0,0.0,0.0
4403097,Santa Cruz,3.4167447296608398,A,0.0,0.005757377345284595,0.0,0.0,0.01967148870116986,0.0
4403098,Santa Cruz,2.0646471974413902,A,0.0,0.06391443047476071,0.0,0.0,0.1319607497557773,0.0
4403099,Santa Cruz,0.9264766148840622,A,0.0,0.049320583794665314,0.0,0.0,0.04569436751818726,0.0
4404686,Santa Cruz,12.322986648490373,A,0.03157187358689644,0.017403155303220615,0.0,0.3890597766791507,0.21445885044319207,0.0
4405204,Santa Cruz,4.813367213026112,A,0.007042140296155765,0.011849446114764382,0.0,0.033896407211046156,0.05703573542132652,0.0
4404687,Santa Cruz,5.050951620162451,A,0.035158404313989824,0.06641031925975856,0.0,0.1775833992320734,0.3354353096605831,0.0
4404346,Santa Cruz,7.901196671449344,A,0.0,0.019371076573532726,0.0,0.0,0.15305468574518713,0.0
4404347,Santa Cruz,16.819414044434648,A,0.0035189887392360333,0.026978913667476255,0.0,0.05918732862291391,0.45376951944234,0.0
4404348,Santa Cruz,19.87674986530402,A,0.0,0.042631359774583856,0.0,0.0,0.8473728746571869,0.0
4404349,Santa Cruz,16.737652904214315,A,0.0023578254377002415,0.018525110840911505,0.0,0.039464463784953836,0.31006687526727456,0.0
4404350,Santa Cruz,33.07724781783626,A,0.0017896034566249248,0.01920373173259347,0.0,0.05919515703043902,0.6352065935462403,0.0
4403165,Santa Cruz,2.1483580269950733,A,0.0,0.0002519163637672293,0.0,0.0,0.000541206542230738,0.0
4403200,Santa Cruz,1.2508305335776058,A,0.003209678414912658,0.0,0.0,0.004014763764337724,0.0,0.0
4403237,Santa Cruz,13.686289284601555,A,0.0028289581415834254,0.03828975081452537,0.0,0.03871793949973956,0.5240446062829022,0.0
4403242,Santa Cruz,2.3484559543177896,A,0.0012528849324101546,0.022288163534454328,0.0,0.002942345079593669,0.052342770363297896,0.0
4403273,Santa Cruz,4.153301475497409,A,0.0,0.0843900713181759,0.0,0.0,0.35049740772311155,0.0
4404269,Santa Cruz,7.672247748907445,A,0.0,0.027013955362990588,0.0,0.0,0.20725775822279074,0.0
4404365,Santa Cruz,50.67612809393972,A,0.002907043320136619,0.03162173014881802,0.0,0.1473176996658751,1.6024668475734976,0.0
4404479,Santa Cruz,5.469609269925701,A,0.0,0.011641558808968102,0.0,0.0,0.06367477797791714,0.0
4404523,Santa Cruz,0.5687031765334128,A,0.0,0.0,0.0,0.0,0.0,0.0
4405212,Santa Cruz,17.005330073081005,A,0.0,0.03899943149516773,0.0,0.0,0.6631982052378382,0.0
4404699,Santa Cruz,29.452647347162884,A,0.0,0.0062272554094354735,0.0,0.0,0.18340915751481543,0.0
4404700,Santa Cruz,12.71728832424241,A,0.0031026238464018693,0.05677193281298479,0.0,0.03945696201636257,0.721985038307246,0.0
4404702,Santa Cruz,24.119652929887398,A,0.004984980941664504,0.009059521634176134,0.0,0.12023601017505109,0.21851251752713466,0.0
4404777,Santa Cruz,1.609541067569105,A,0.0,0.0,0.0,0.0,0.0,0.0
4404760,Santa Cruz,1.2971119330659375,A,0.0,0.0,0.0,0.0,0.0,0.0
4404703,Santa Cruz,0.7702295891915397,A,0.0,0.0,0.0,0.0,0.0,0.0
4404746,Santa Cruz,1.6033048993805148,A,0.0,0.0,0.0,0.0,0.0,0.0
4404728,Santa Cruz,10.81300691972286,A,0.0,0.027404032154064388,0.0,0.0,0.296319989310206,0.0
4404715,Santa Cruz,5.1638605919968885,A,0.0,0.0,0.0,0.0,0.0,0.0
4404737,Santa Cruz,4.872975308524496,A,0.0,0.0,0.0,0.0,0.0,0.0
4404745,Santa Cruz,12.425013000431068,A,0.0031726875151635806,0.05980204918287746,0.0015863437575817903,0.039420683622212835,0.7430412385496706,0.019710341811106417
4405475,Santa Cruz,10.100941740011798,A,0.0,0.02148388134463822,0.0,0.0,0.217007433811517,0.0
4405476,Santa Cruz,19.83186014878222,A,0.001989079563182527,0.027671606864274566,0.0,0.0394471477218367,0.5487794374243753,0.0
4405322,Santa Cruz,6.2654914592188256,A,0.003145391076957236,0.0,0.0,0.019707420928578665,0.0,0.0
4404618,Santa Cruz,11.19460368784552,A,0.0,0.05819864306907068,0.0,0.0,0.6515107443286238,0.0
4405303,Santa Cruz,5.037714512884435,A,0.015430821802356763,0.003907507010527283,0.0,0.07773607493946622,0.019684904776130965,0.0
4405283,Santa Cruz,1.2421052044338696,A,0.01901044945234798,0.0,0.0,0.023612978203388434,0.0,0.0
4405292,Santa Cruz,4.005814423288171,A,0.0,0.0,0.0,0.0,0.0,0.0
4405479,Santa Cruz,8.151469447671928,A,0.0,0.0,0.0,0.0,0.0,0.0
4405270,Santa Cruz,1.8256558284101208,A,0.0,0.0,0.0,0.0,0.0,0.0
4405305,Santa Cruz,1.1504151893108765,A,0.0,0.0,0.0,0.0,0.0,0.0
4405238,Santa Cruz,20.25472898625388,A,0.0,0.018985890517755323,0.0,0.0,0.3845540669998214,0.0
4401813,Santa Cruz,9.939797582302454,A,0.0,0.014371639549631568,0.0,0.0,0.14285118804915017,0.0
4405299,Santa Cruz,2.5200871737682458,A,0.0,0.0,0.0,0.0,0.0,0.0
4405529,Santa Cruz,1.1469104656458846,A,0.0,0.0,0.0,0.0,0.0,0.0
4405549,Santa Cruz,0.930225983003696,A,0.0,0.08166847780657027,0.0,0.0,0.07597014004803236,0.0
4405566,Santa Cruz,1.3238421933649898,A,0.0,0.0,0.0,0.0,0.0,0.0
4405569,Santa Cruz,19.7443427093805,A,0.0009990949375271812,0.047886032652773365,0.0,0.019726472845743765,0.9454782396889424,0.0
4405574,Santa Cruz,0.8202415569724261,A,0.023997741389045733,0.0,0.0,0.019683944760772502,0.0,0.0
4405555,Santa Cruz,1.3541918264294732,A,0.009691027248888378,0.0,0.0,0.013123509890149947,0.0,0.0
4405525,Santa Cruz,2.3457741163150265,A,0.0,0.0016805615052558737,0.0,0.0,0.003942217679904648,0.0
4405506,Santa Cruz,17.85067869515812,A,0.011697133654806817,0.004954402164243449,0.0,0.20880177452627707,0.08843944116050581,0.0
4405582,Santa Cruz,3.607538537407288,A,0.0,0.0,0.0,0.0,0.0,0.0
4405583,Santa Cruz,2.372150975698368,A,0.0,0.0,0.0,0.0,0.0,0.0
4405552,Santa Cruz,14.31354578424247,A,0.0,0.04070793585481792,0.0,0.0,0.5826749036399419,0.0
4405531,Santa Cruz,0.269864282030318,A,0.0,0.0,0.0,0.0,0.0,0.0
4405534,Santa Cruz,20.506207551608316,A,0.0028852028693625367,0.015387748636600196,0.0,0.059164568867644034,0.3155443672941015,0.0
4405542,Santa Cruz,1.1666607711822714,A,0.0,0.0,0.0,0.0,0.0,0.0
4405512,Santa Cruz,4.498426875641692,A,0.0,0.0,0.0,0.0,0.0,0.0
4400729,Santa Cruz,48.07761539619631,A,0.00574048197536899,0.047641176461129545,0.0,0.27598868460058756,2.290474158920507,0.0
2723788,Monterey,52.52761496303827,A,0.0,0.028880940968253378,0.0,0.0,1.5170469469506511,0.0
2723789,Monterey,18.59490155440471,A,0.0,0.02989185922947097,0.0,0.0,0.5558361796501365,0.0
2716605,Monterey,10.31749207831361,A,0.018665944986957148,0.030145162866571956,0.0033302511595739094,0.192585739537168,0.31102247907532976,0.03435983995769852
2714956,Monterey,1.0060730338456063,A,0.0,0.06662050926994385,0.0,0.0,0.06702509787755175,0.0
2722509,Monterey,13.955142315125682,A,0.0,0.04030556727587662,0.0,0.0,0.5624699274267309,0.0
2723792,Monterey,14.848797086649553,A,0.005329905472558823,0.023378428513949192,0.0,0.07914268485304896,0.3471415412083736,0.0
2722698,Monterey,7.367147785676845,A,0.0070295810664337535,0.02359329453734203,0.0,0.0517879625878133,0.17381528760760093,0.0
2722699,Monterey,7.880567189479526,A,0.07871745931799845,0.09039570256390074,0.01213081206587828,0.620338227140608,0.7123694076950264,0.09559767954810272
2722700,Monterey,8.157877477398145,A,0.0,0.08136890090124384,0.0,0.0,0.6637975240228987,0.0
2722702,Monterey,10.798782558048163,A,0.00732379803549888,0.056249640990292386,0.00366189901774944,0.07908810248441271,0.6074276420224405,0.039544051242206356
2725352,Monterey,68.43760414154099,A,0.0008666296602585162,0.03917619204060132,0.0,0.059310057626090484,2.6811247226476618,0.0
2723730,Monterey,6.378588952142464,A,0.0,0.0,0.0,0.0,0.0,0.0
2724430,Monterey,11.35481996460918,A,0.02075547751945399,0.007207711910146135,0.0,0.23567471051289318,0.0818422710964787,0.0
2725354,Monterey,48.78148811305451,A,0.0,0.014565632872212948,0.0,0.0,0.7105332468149719,0.0
2701301,Monterey,14.215357471060246,A,0.014161071258816521,0.0946202133994766,0.00557264378240465,0.20130469011723395,1.3450601574615644,0.07921712342576337
2725357,Monterey,53.41656239714164,A,0.020293956558816738,0.05036806313223396,0.0010561748456052523,1.0840333968089162,2.6904887871261445,0.056417229542564395
2701531,Monterey,22.13205286457732,A,0.01143514185254907,0.05953495220166796,0.0,0.25308316399455666,1.3176307094173993,0.0
2701578,Monterey,8.764594230133667,A,0.026564187932774902,0.07988736784316505,0.0003276249845042238,0.2328243282837853,0.7001803632587703,0.002871500048833352
2700885,Monterey,25.025493996405192,A,0.003954740877555138,0.02853373480885936,0.0,0.0989693440885943,0.7140708091541278,0.0
2716341,Monterey,19.72448774752044,A,0.012614868536061037,0.032702589906530265,0.00045278086193727195,0.248821819876117,0.6450418339235418,0.008930870563593464
2700718,Monterey,18.70830797808416,A,0.004236988913212343,0.11814552810743674,0.0031777416849092578,0.07926689348810462,2.210302926067325,0.05945017011607847
2700533,Monterey,5.20918731216585,A,0.00728991189492986,0.03482460978845839,0.0,0.037974516549875534,0.18140791546116408,0.0
2700107,Monterey,14.346757199198969,A,0.012138743950904324,0.05876341615074754,0.0,0.17415161216686956,0.8430644637102622,0.0
2715531,Monterey,5.208466822843537,A,0.0,0.06665475073357462,0.0,0.0,0.3471690577807293,0.0
2715519,Monterey,21.95826835470403,A,1.4144221555086437e-05,0.005328835470878815,1.4144221555086437e-05,0.00031058261257497713,0.11701199928762261,0.00031058261257497713
2725362,Monterey,33.286025226099355,A,0.5074930179491784,0.46783590255693563,0.36698639054220833,16.892425397525646,15.572397654185119,12.215518253223095
2725363,Monterey,23.566064051707603,A,0.0016798916963941626,0.033643948601901924,0.0,0.03958843531715658,0.7928554477047792,0.0
2715257,Monterey,1.584494515469967,A,0.0,0.04892234006158056,0.0,0.0,0.07751717951153105,0.0
2725365,Monterey,44.046592310960136,A,0.008614932432075248,0.03872754857683571,1.0572631334107483e-05,0.3794584166220867,1.7058165433667871,0.0004656883820275149
2716527,Monterey,14.983628790326062,A,0.007930255219455555,0.010511475545788148,0.0,0.11882400042086777,0.15750004761667966,0.0
2713245,Monterey,5.9883457924854335,A,0.0,0.0655205422746559,0.0,0.0,0.39235966365179964,0.0
2723811,Monterey,21.05014393263398,A,0.016422341465213628,0.4298095185410559,0.010757684719072121,0.34569265155361006,9.04755222890534,0.22645081171836529
2713020,Monterey,10.91225032333853,A,0.0034974748374137204,0.03506734954091191,0.0,0.038165320925436244,0.3826636963664412,0.0
2712849,Monterey,4.145708591559472,A,0.011576152004787555,0.01565305206463196,0.0,0.047991352823446166,0.06489299242847245,0.0
2712741,Monterey,14.880713688985448,A,0.0,0.05143766633616866,0.0,0.0,0.765429185578091,0.0
2725373,Monterey,40.39101273431281,A,0.00315160185596468,0.07181191147825317,1.922880937135254e-06,0.12729639069775328,2.900555830993468,7.766710841839739e-05
2712255,Monterey,15.147698806533782,A,0.017225924427211124,0.03099949290320598,0.00035855328870198594,0.2609331148875071,0.46957098165304567,0.005431257223349835
2725376,Monterey,20.36883443920953,A,0.017769059363513445,0.0360675719427886,0.00031995733902146395,0.3619350283158912,0.7346544015269397,0.006517158066138234
2725377,Monterey,45.69057442692821,A,0.12928232398101427,0.10114546641461189,0.060256837438289634,5.9069836459407785,4.621394461163192,2.7531695157054865
2725378,Monterey,6.402311325601845,A,0.02785984114684231,0.10934473072452537,0.01756828748547075,0.1783673765038968,0.7000590079125129,0.11247764593965853
2725380,Monterey,17.633327237758106,A,0.00336893096994385,0.06100187162831662,0.0,0.059405462234437725,1.0756659645378188,0.0
2711350,Monterey,13.88493805739681,A,0.01648149182066886,0.09325554128747696,0.0,0.2288444930234793,1.2948474142856283,0.0
2710853,Monterey,15.431180584395124,A,0.005132462827383199,0.0382066571061967,0.0,0.07919996073204533,0.5895738253317845,0.0
2725384,Monterey,23.11902295283169,A,0.0025703831382866125,0.12210831896942753,0.0,0.05942474677161974,2.8230250289858883,0.0
2710485,Monterey,4.092072747181563,A,0.014518057426982709,0.04334541589964511,0.0,0.05940894713897282,0.17737259511818815,0.0
2721846,Monterey,12.388411645300213,A,0.0034636318654131617,0.06929142735454938,0.0,0.042908897336517315,0.8584107255585732,0.0
2708952,Monterey,4.079950704691218,A,0.0,0.2289117591004384,0.0,0.0,0.9339486928539399,0.0
2716794,Monterey,5.395015405461483,A,0.0,0.005299462853357524,0.0,0.0,0.02859068373453471,0.0
2701089,Monterey,22.889554214125425,A,0.0017288721651581406,0.05684260483406216,0.0,0.039573113153679666,1.3011018850213738,0.0
2717046,Monterey,8.83775229184493,A,0.0,0.08890333804883621,0.0,0.0,0.7857056795937668,0.0
2701633,Monterey,2.41762292348018,A,0.008068130883012102,0.0,0.0,0.019505698172408447,0.0,0.0
2721870,Monterey,10.992647827074634,A,0.012611186864583408,0.03776290968694584,0.0,0.13863033588379498,0.41511436711422084,0.0
2714531,Monterey,3.797792228930242,A,0.00414675001021367,0.0023899987743596024,0.0,0.015748494964105877,0.009076718772415702,0.0
2714517,Monterey,18.22002509721355,A,0.005431934663411766,0.01043783523557555,0.0,0.09896998589378661,0.19017761995276644,0.0
2721888,Monterey,13.261559298622863,A,0.007468806748286567,0.05968601722218967,0.0,0.09904802358235691,0.7915296566906938,0.0
2721889,Monterey,18.759384769524026,A,0.0031687253025821996,0.07334459991218693,0.0,0.059443337180065926,1.3758995705195127,0.0
2725392,Monterey,25.41117454501396,A,0.009108965348652449,0.050889201246715164,0.000779196968771008,0.23146950839909133,1.293154375336621,0.019800310178385877
2723821,Monterey,12.135535049185982,A,0.003263644915433201,0.026601905712658462,0.0,0.039606077259337236,0.3228283591511076,0.0
2724509,Monterey,11.283636264747567,A,0.026291002344464385,0.06521186120220834,0.0014988071420222898,0.29665810749056165,0.735826921952923,0.016911994621585366
2721920,Monterey,16.578985355467292,A,0.002386054214894593,0.07568470398892123,0.0,0.03955835788608846,1.254775599065202,0.0
2713637,Monterey,9.991305835215153,A,0.0030665058177997435,0.023691481495894465,0.00041249951356189444,0.03063839747110379,0.23670883731482217,0.004121408796874368
2722153,Monterey,9.463377416631472,A,0.001157930179273871,0.0447076020990564,0.0004845239757245276,0.010957930308576383,0.4230849120559561,0.00458523324968799
2722154,Monterey,10.391334341460118,A,0.000986871616974192,0.05009868716169743,0.0,0.010254912924076197,0.5205922083654136,0.0
2725394,Monterey,13.925847830976863,A,0.0014224830417707965,0.03036303998571939,0.0,0.019809282381845216,0.42283107452699414,0.0
2723564,Monterey,8.86323660145384,A,0.01040146144903721,0.027375947275953397,0.0,0.0921906138237177,0.2426394978957007,0.0
2716268,Monterey,34.49150217759315,A,0.005767406734784699,0.08342735899522154,0.0028657223643220936,0.19892652195189184,2.877534934454529,0.09884306916939288
2701233,Monterey,12.66044268863347,A,0.0,0.015713253041571194,0.0,0.0,0.19893673958480765,0.0
2716288,Monterey,28.464973810921528,A,0.0,0.036082221483713144,0.0,0.0,1.0270794895737647,0.0
2725397,Monterey,30.23050194350646,A,0.0067118744994969295,0.0741360547011355,0.0,0.20290333510161337,2.2411701457265782,0.0
2716297,Monterey,35.305520794843176,A,0.012834546669480203,0.07980103045649575,0.0,0.4531303543317185,2.8174169402317246,0.0
2716298,Monterey,4.641248227179473,A,0.0,0.02555750438486594,0.0,0.0,0.11861872191739065,0.0
2725398,Monterey,80.1682204102463,A,0.006723200990156453,0.03218975420139629,0.0,0.5389870588412488,2.5805953097691896,0.0
2725400,Monterey,1.803768609104312,A,0.03282839119426685,0.0,0.0,0.05921482152361496,0.0,0.0
2701624,Monterey,22.145866868231398,A,0.0017865462557843817,0.010463556207897939,0.0,0.039564615534538196,0.23172452274836394,0.0
2701640,Monterey,63.71861004767903,A,0.007293368736383441,0.022670352863367566,0.0,0.46472331844755,1.4445233737442016,0.0
2722251,Monterey,4.834705283677381,A,0.0,0.015841425246769916,0.0,0.0,0.07658862234153876,0.0
2716346,Monterey,8.08753412801238,A,0.002447381302006852,0.08549518681677269,0.0,0.019793279804239786,0.6914452411614432,0.0
2700772,Monterey,3.065789550500418,A,0.0,0.01881012658227848,0.0,0.0,0.057667889519539495,0.0
2717233,Monterey,8.384756839202147,A,0.0,0.0047182466625343466,0.0,0.0,0.03956135097272757,0.0
2716357,Monterey,19.8494358668128,A,0.0029845389179973553,0.011161785417503836,0.0,0.05924141384479537,0.22155514380386873,0.0
2700543,Monterey,17.36353051741745,A,0.019868880572352376,0.031565126519529474,0.0,0.3449939141649631,0.5480820376079928,0.0
2700464,Monterey,10.18598060130572,A,0.001379079140856553,0.03249598086051491,0.00016762287899913905,0.014047273376430209,0.33100343066560683,0.0017074033938202465
2700459,Monterey,12.354494542926682,A,0.003199779152497709,0.0481221688228577,0.0,0.03953165407810351,0.594525072115792,0.0
2716366,Monterey,34.739109679336025,A,0.0017080925629873087,0.05047246063572303,0.0,0.05933761488807429,1.7533683458103524,0.0
2700356,Monterey,7.84572784832107,A,0.018277252777667938,0.024544304297971598,0.00063263611561425,0.14339835110855298,0.1925679317482623,0.004963490790128389
2700201,Monterey,18.0603528678205,A,0.01825312371275573,0.014224049155567756,0.0,0.32965785519235036,0.2568913469587779,0.0
2723831,Monterey,10.233746109336394,A,0.02392463965497673,0.08540839102636855,0.001929406423788446,0.24483868798639333,0.8740477893707805,0.019745055482773655
2717244,Monterey,6.344110962890723,A,0.015596902638628939,0.018716283166354725,0.0,0.0989484810168651,0.1187381772202381,0.0
2700094,Monterey,17.498171107762992,A,0.011293930066213428,0.03138826759970767,0.0,0.19762312077771158,0.549237277235938,0.0
2700053,Monterey,10.834356519398998,A,0.038379133674895205,0.0746444054315503,0.015477768621690374,0.4158132171394865,0.808724100623979,0.16769166337216035
2722276,Monterey,16.564592975838917,A,0.0076703707345855045,0.035823160024163074,0.001194105334138769,0.12705656919219543,0.5933960649086051,0.019779868830286835
2715626,Monterey,4.243218924018026,A,0.021324026531693675,0.05556672209329946,0.0,0.09048251291554507,0.23578176673193882,0.0
2722285,Monterey,12.441728555639498,A,0.0074093939639634015,0.004771200658612797,0.0,0.0921856684614264,0.05936198347894882,0.0
2715449,Monterey,10.039228814566169,A,0.0,0.02738931793408938,0.0,0.0,0.27496762981522405,0.0
2722288,Monterey,43.32772614020355,A,0.0009125556927371304,0.006013920947626461,0.0,0.039538963142598124,0.2605695198475927,0.0
2725404,Monterey,19.847209201568507,A,0.001994524833789596,0.022143136488071945,0.0,0.039585751633945766,0.43947946225764883,0.0
2725405,Monterey,28.089892259776203,A,0.0,0.05239105778332152,0.0,0.0,1.4716591685092109,0.0
2716423,Monterey,39.39659356993111,A,0.015543847555271063,0.07342557486828499,0.0014377862031611601,0.6123746446479814,2.892717530724372,0.05664387868639463
2715084,Monterey,34.70325184420596,A,0.003311384225729008,0.07067567900157291,0.0005705425524060116,0.11491580073840472,2.4526758876518437,0.019799681883981898
2715035,Monterey,16.897065263716183,A,0.022321141460635956,0.02589509660703949,0.001171412033846917,0.3771617840210069,0.4375511373793818,0.019793425586613865
2716438,Monterey,20.081528545626973,A,0.0,0.02751460892873006,0.0,0.0,0.5525354046240555,0.0
2723834,Monterey,31.433828478764426,A,0.0,0.027189162799642962,0.0,0.0,0.8546594799251792,0.0
2723835,Monterey,19.522057206759094,A,0.004046639503929604,0.014655182674035254,0.0,0.07899872789084497,0.28609931453802095,0.0
2716456,Monterey,10.237856164124192,A,0.0151702293720495,0.07455538800778973,0.0019322719729633479,0.15531062628781483,0.7632873386842209,0.019782322529167225
2714591,Monterey,0.6136737424991773,A,0.0,0.0,0.0,0.0,0.0,0.0
2717290,Monterey,20.407554504963723,A,0.0,0.032722026047006116,0.0,0.0,0.6677765300671199,0.0
2714524,Monterey,17.057215862068233,A,0.00029620988065020345,0.029447819211717147,0.00029620988065020345,0.0050525158747279884,0.5022978089614194,0.0050525158747279884
2714354,Monterey,6.549428506312388,A,0.0,0.06619491645761348,0.0,0.0,0.4335388728204608,0.0
2714246,Monterey,26.488712774982645,A,0.001610419118895779,0.03474991655100928,0.0,0.04265792948777091,0.9204805584743003,0.0
2723838,Monterey,12.249954984047967,A,0.016769123518600673,0.05968692566068826,0.0025603650421446235,0.2054210082247983,0.7311621524796487,0.03136435650900171
2716486,Monterey,16.5260467132702,A,0.0035919202922367567,0.018391570960380885,0.0,0.05936024253984779,0.30393996082167823,0.0
2717296,Monterey,23.53986225808262,A,0.012606496053260387,0.054779757098363635,0.0,0.29675518065081175,1.2895079366267037,0.0
2714048,Monterey,14.267035033209748,A,0.008049700514180734,0.05138002630692133,0.00634301181637334,0.11484535924266305,0.733040635328085,0.09049597180026184
2723839,Monterey,18.28053865858136,A,0.004693143855245977,0.014304125896657567,0.0,0.08579319767610764,0.2614871264310634,0.0
2713811,Monterey,15.635844414404758,A,0.0,0.02383857018170277,0.0,0.0,0.3727361744229731,0.0
2713782,Monterey,3.6420244969342006,A,0.23432315153577818,0.0884455032757594,0.032544882157746965,0.853410658092129,0.3221206895739898,0.11852925806835124
2725412,Monterey,17.302461441048234,A,0.0011154064962349429,0.016596711118676562,0.0,0.01929927789219981,0.2871639541791177,0.0
2713736,Monterey,16.367029697881453,A,0.0012063239760438248,0.056560037088548905,0.0,0.019743940341175714,0.9257198067415563,0.0
2713586,Monterey,2.290159087219585,A,0.0,0.07024569024026059,0.0,0.0,0.1608738058417449,0.0
2713585,Monterey,14.421424546270366,A,0.002387417663664471,0.033396961957252315,0.0015916117757763138,0.034429963696970246,0.48163176694117615,0.022953309131313496
2713574,Monterey,9.160688489192175,A,0.0064829959068143485,0.012279556952907177,0.0,0.05938870597903419,0.11248919603087652,0.0
2725414,Monterey,19.15272054769483,A,0.002087081975716903,0.030702394268021863,0.0,0.03997329784103665,0.5880343775605703,0.0
2717321,Monterey,35.39763995895179,A,6.790829313600497e-05,0.027323230331786776,0.0,0.0024037933106552615,0.9671778698000992,0.0
2716539,Monterey,35.123062391055434,A,0.006545610441154697,0.040500135906496336,0.0,0.22990188391222033,1.4224888002900953,0.0
2713148,Monterey,9.813197952130242,A,0.03722671648170723,0.0750945905298653,0.004329792454921082,0.3653131379428225,0.7369180820037332,0.04248911045178054
2713116,Monterey,13.712503193073148,A,0.009564677319180172,0.06858449551126418,0.00029360284568911977,0.13115566827997244,0.940465113693521,0.004026029959007417
2723842,Monterey,13.517308007243551,A,0.0,0.02588716702581267,0.0,0.0,0.34992481012286886,0.0
2725415,Monterey,85.08178613300538,A,0.0009291876986480318,0.044752230278218834,0.0006968907739860238,0.07905694905379129,3.8075996855064225,0.05929271179034347
2712783,Monterey,2.401807259127682,A,0.0,0.0,0.0,0.0,0.0,0.0
2716563,Monterey,30.90929238829117,A,0.008427923953152576,0.0388456601957324,0.0,0.2605011656942758,1.2006918690060968,0.0
2712749,Monterey,22.52217150603559,A,0.010538677981395442,0.03244259692311931,0.0008782231651162869,0.2373539129438691,0.7306777320036756,0.019779492745322425
2712663,Monterey,22.77520825519454,A,0.006277348382611541,0.026520263362368623,0.0,0.14296791670438644,0.6040045210605511,0.0
2718782,Monterey,12.867805516412808,A,0.021992651045117762,0.018239865068369374,0.0,0.28299715643890827,0.2347070363453887,0.0
2712311,Monterey,9.017124381365466,A,0.00438551233102879,0.021927561655143948,0.0,0.0395447101648986,0.197723550824493,0.0
2717353,Monterey,24.508184313174453,A,0.01112069973794599,0.004267465789149257,0.0008060768712837486,0.27254815886905115,0.10458783811063646,0.01975548053200911
2712282,Monterey,15.388896005700662,A,0.0,0.0868211273141383,0.0,0.0,1.3360812993349716,0.0
2712026,Monterey,22.02534843399636,A,0.001591549295774648,0.01919718309859155,0.0,0.03505442778931815,0.4228246466977048,0.0
2722355,Monterey,8.65809038246627,A,0.0,0.0002594985414392326,0.0,0.0,0.0022467618258990444,0.0
2711800,Monterey,5.210270875095283,A,0.005570532775287091,0.0,0.0,0.029023984677842025,0.0,0.0
2723845,Monterey,5.179986221931061,A,0.0,0.02501309782201932,0.0,0.0,0.1295675020858739,0.0
2725417,Monterey,42.93547183215965,A,0.019385183819409044,0.04172586703687234,0.0014461159134210402,0.8323120138394741,1.791519788834071,0.062089669066726895
2711691,Monterey,28.047889718594607,A,0.006679083442947309,0.027854845306126964,0.0,0.1873341958290773,0.7812696292747617,0.0
2711665,Monterey,27.724296265392933,A,0.002852021999714797,0.01953635069804636,0.0,0.07907030287551144,0.5416315746972533,0.0
2717366,Monterey,13.177270955251334,A,0.003000794327910329,0.03013738930893471,0.0,0.03954227993985573,0.39712854480772747,0.0
2711595,Monterey,17.666037470509835,A,0.005981931409525479,0.029887729146566087,0.0,0.10567702442669683,0.5279977430116854,0.0
2711524,Monterey,15.05504276287906,A,0.011448728262887554,0.10464240773975285,0.0,0.17236109357835422,1.5753959233326058,0.0
2711438,Monterey,3.148853347574614,A,0.0,0.0,0.0,0.0,0.0,0.0
2716656,Monterey,38.82583669054589,A,0.0035646743764815364,0.018272700585325524,0.0,0.13840146519624563,0.7094528888210911,0.0
2711060,Monterey,11.578624624499776,A,0.03408367028089023,0.05422676402942343,0.0,0.3946420240076468,0.6278713452980208,0.0
2722386,Monterey,22.530673288165083,A,0.0,0.03919435358925805,0.0,0.0,0.8830751754603937,0.0
2717377,Monterey,14.649474757831408,A,0.0,0.037802960932000196,0.0,0.0,0.5537935219446237,0.0
2716683,Monterey,10.933061410719192,A,0.0036043819086937112,0.0036114632091037184,0.0,0.0394069287554336,0.03948434904768396,0.0
2710825,Monterey,3.961290453571468,A,0.0,0.049962772835926185,0.0,0.0,0.19791705506891424,0.0
2710761,Monterey,12.739715687137505,A,0.0047421349956170275,0.021573974870945756,0.0,0.060413451594185985,0.274846306097298,0.0
2722389,Monterey,4.078113293240101,A,0.01941914090787818,0.009719098982353163,0.0,0.07919345667972065,0.03963558675825077,0.0
2716695,Monterey,8.247389890139171,A,0.0,0.00718471768285811,0.0,0.0,0.05925516798110811,0.0
2710593,Monterey,10.401586583705296,A,0.0,0.02529948149472555,0.0,0.0,0.2631547472902377,0.0
2710539,Monterey,7.007761135792172,A,0.0,0.0623795494318056,0.0,0.0,0.43714098217643393,0.0
2710464,Monterey,11.37305055777757,A,0.008038070045065005,0.03714283766371006,0.0017930554892723464,0.09141737700948173,0.4224273706086994,0.02039251073239499
2709995,Monterey,0.441280531174219,A,0.0,0.0,0.0,0.0,0.0,0.0
2722411,Monterey,8.025400716547923,A,0.004923350195003285,0.0,0.0,0.03951185818279572,0.0,0.0
2709503,Monterey,16.31424908765158,A,0.0,0.029854081579285197,0.0,0.0,0.48704692316752934,0.0
2709445,Monterey,2.165263433811911,A,0.0,0.002367882897427618,0.0,0.0,0.0051270902533486215,0.0
2725422,Monterey,33.24579013450068,A,0.0,0.02756718700460658,0.0,0.0,0.9164929137536848,0.0
2709266,Monterey,17.228643907408678,A,0.029529971524348473,0.0313187110262048,0.0007389251342681033,0.508761363988918,0.5395789199095163,0.012730678012539298
2709265,Monterey,16.052487125484454,A,0.01901223459065643,0.03490897832218238,0.0037347188559762753,0.30519365099320256,0.5603759250806485,0.05995152635286319
2709264,Monterey,17.06395457349719,A,0.015637444306395614,0.01442686218023111,0.0,0.266836639289927,0.24617932088156827,0.0
2709232,Monterey,19.664208444239307,A,0.003020503891119719,0.02072894827239023,0.0,0.05939581812161407,0.40761835965813575,0.0
2723851,Monterey,11.657205085074054,A,3.3282743563117386e-05,0.0,0.0,0.0003879837675091877,0.0,0.0
2722443,Monterey,25.667821555499703,A,0.026782717042529967,0.03760951548564844,0.0011008253165628846,0.6874540018191,0.9653543322744269,0.028255787789312592
2722446,Monterey,18.89319320689746,A,0.0,0.06281869833651263,0.0,0.0,1.1868458046775412,0.0
2701313,Monterey,23.038395789009915,A,0.002574734617222787,0.0708876607947011,0.0,0.059317755163243516,1.6331379859454052,0.0
2719232,Monterey,4.020014066116352,A,0.0,0.0,0.0,0.0,0.0,0.0
2722450,Monterey,23.15384293655372,A,0.0,0.05577569141827414,0.0,0.0,1.2914215987764066,0.0
2725427,Monterey,17.892731890630667,A,0.0,0.024460020025747393,0.0,0.0,0.43765658036015515,0.0
2701450,Monterey,9.246900042105729,A,0.0,0.01618266645447159,0.0,0.0,0.14963949911923632,0.0
2717058,Monterey,24.14101763366336,A,0.0055267070652575325,0.023452377511665172,0.0,0.13342033271847398,0.566164259060439,0.0
2717084,Monterey,36.5271677997698,A,0.0021666539216435984,0.03525910631898244,0.0,0.079141731359905,1.2879152929833952,0.0
2722478,Monterey,17.061098819044773,A,0.010445016884972829,0.02948726117548538,0.0,0.17820346524111264,0.5030850768179383,0.0
2723855,Monterey,7.30447026726625,A,0.03979591836734694,0.0383078231292517,0.004878826530612245,0.29068810247284055,0.2798183550513134,0.0356372433320069
2722482,Monterey,27.295529432607637,A,0.023968891076096822,0.027880263640734038,0.0007680513399651249,0.6542435718345674,0.7610065567945165,0.0209643679557718
2713002,Monterey,16.5251025937266,A,0.009245758063079328,0.019780858655239188,0.0,0.15278710054916084,0.32688071866983237,0.0
2722487,Monterey,22.253393564227835,A,0.00021239480363926305,0.0551704207158053,1.7409410134365823e-05,0.004726505156381411,1.2277290852928437,0.00038741845544109927
2712505,Monterey,2.895159841046956,A,0.0,0.0,0.0,0.0,0.0,0.0
2712382,Monterey,22.209591679433792,A,0.001094792216831818,0.04193788715595367,0.0,0.02431488810965682,0.9314233496319019,0.0
2712364,Monterey,11.05188754996759,A,0.0035803292498859203,0.0500122854435045,0.0017901646249429601,0.039569396261599006,0.5527301548384927,0.019784698130799503
2722494,Monterey,27.258584477956123,A,0.0036262798634812293,0.03815130830489193,0.0,0.09884725599941428,1.0399506603734459,0.0
2723858,Monterey,8.133776065301593,A,0.0,0.032212605098028015,0.0,0.0,0.26201011634735233,0.0
2709641,Monterey,0.9956461982675542,A,0.0,0.059598005609224056,0.0,0.0,0.0593385277091523,0.0
2709639,Monterey,2.1955645949669784,A,0.0,0.0,0.0,0.0,0.0,0.0
2722510,Monterey,32.05832119778528,A,0.0,0.024131920520835598,0.0,0.0,0.7736288591763735,0.0
2717145,Monterey,7.82087958135266,A,0.05826214496660256,0.07033278496818819,0.0,0.4556612199351106,0.5500642418573704,0.0
2722576,Monterey,12.442454697170415,A,0.037056914628057915,0.09331003494757863,0.00795681477783325,0.46107898147652226,1.1610058826266354,0.0990023074069663
2722579,Monterey,23.671902190440782,A,0.0008358929139226978,0.05097307769214882,0.0,0.01978717530006064,1.206629709474286,0.0
2725434,Monterey,6.436438737869787,A,0.26504844620713847,0.531628093779808,0.17917566142878624,1.7059680865798226,3.4217916569442286,1.1532531681036813
2723862,Monterey,5.288955222396686,A,0.014746800222593212,0.021366019389040213,0.003397475324371028,0.07799516605092498,0.11300391982949308,0.01796909485979602
2725435,Monterey,36.79630720713228,A,0.005913454849032976,0.009164273878340944,0.0,0.21759330128052343,0.337211436957731,0.0
2722628,Monterey,19.77345612525683,A,0.014021224284603367,0.08140950615441417,0.0,0.27724806321399026,1.6097472981231342,0.0
2722629,Monterey,14.755394172478532,A,0.0586566449283372,0.051256138577902684,0.01728539321111444,0.8655019167527291,0.7563045284761373,0.25505279025627803
2718783,Monterey,12.190300524582314,A,0.03452293782432906,0.030129572442774838,0.001623635032313521,0.42084498707004114,0.36728854275459893,0.01979259898614174
2718971,Monterey,10.047494844202577,A,0.014775431980464281,0.08260950202466695,0.0014373589688108559,0.14845607664458074,0.8300185456749835,0.014441856828395407
2722636,Monterey,9.724432343746392,A,0.0,0.02775739399546949,0.0,0.0,0.2699248999476554,0.0
2722637,Monterey,13.779611354977655,A,0.02172528643000851,0.07353910833338029,0.0,0.2993660035810872,1.013340332225579,0.0
2716573,Monterey,18.056525236488746,A,0.014435153642338532,0.07461890506176665,0.0,0.2606487160354781,1.3473581423669472,0.0
2723866,Monterey,1.6291202029042515,A,0.0,0.0,0.0,0.0,0.0,0.0
2718953,Monterey,1.897573389250322,A,0.0,0.0,0.0,0.0,0.0,0.0
2722688,Monterey,7.900988759908848,A,0.0,0.05687659407494605,0.0,0.0,0.4493813304880469,0.0
2722690,Monterey,2.632537073399416,A,0.0,0.04919000265572898,0.0,0.0,0.12949450563182227,0.0
2725437,Monterey,13.616853795279368,A,0.0,0.03778315999430119,0.0,0.0,0.5144877655660477,0.0
2722693,Monterey,7.716795065667997,A,0.00047279896990181877,0.008279011749557379,0.0,0.0036484927579912667,0.06388743701759175,0.0
2722694,Monterey,11.306197470357704,A,0.003997668598073164,0.007069633489902971,7.542770939760687e-05,0.04519843059086324,0.07993067227989707,0.0008528005771860987
2722695,Monterey,15.099401974669547,A,0.0013095390935935294,0.04130440364616767,0.0,0.019773257175713106,0.6236717939774922,0.0
2722701,Monterey,16.117056551011682,A,0.0036801847308413913,0.03692692548227258,0.0,0.05931374542514041,0.5951533462527816,0.0
2722771,Monterey,21.646570685993492,A,0.019491646949164682,0.013264501326450127,0.0,0.4219273134715227,0.2871309655774571,0.0
2723870,Monterey,3.5171946533205625,A,0.0,0.0550464778184061,0.0,0.0,0.19360917746702688,0.0
2723871,Monterey,6.893563691978013,A,0.003224972750665782,0.005730787814771947,0.0,0.022231555061608097,0.03950555080634191,0.0
2713418,Monterey,9.57795145337216,A,0.0020637579818874895,0.020678045661657003,0.0,0.019766573762027676,0.19805331749796357,0.0
2716839,Monterey,4.51684210473033,A,0.0,0.001200541958941465,0.0,0.0,0.00542265846864224,0.0
2723873,Monterey,4.906957642272972,A,0.008048226234061356,0.023087362706728943,0.0,0.03949230522596919,0.11328871087371159,0.0
2722827,Monterey,25.647940896665016,A,0.0077063022441960964,0.048628278200533094,0.0,0.19765078449097845,1.2472152051938565,0.0
2711466,Monterey,4.851688675743119,A,0.0,0.008162939297124602,0.0,0.0,0.03960404014863792,0.0
2723875,Monterey,16.473125065243064,A,0.00020219308969849723,0.007471739989090978,0.0,0.0033307520539312538,0.12308290729527353,0.0
2723876,Monterey,64.25377177861496,A,0.004399737970088539,0.024558669003864112,0.0,0.28269975941577563,1.5779871133608299,0.0
2722842,Monterey,22.559504879318037,A,0.0,0.06343850293104991,0.0,0.0,1.4311412164096522,0.0
2722843,Monterey,35.81141247332543,A,0.0034162330567605276,0.08549020456291039,3.461667441935937e-05,0.12234013110066062,3.061524978031352,0.0012396720060864916
2722844,Monterey,35.50715473501947,A,0.013869773985380923,0.09944992769105072,0.0021976677633159876,0.49247621103866807,3.5311839709126356,0.07803292932822492
2722853,Monterey,17.45561877763174,A,0.010186146840297196,0.08375276290911028,0.0,0.17780549605720597,1.4619563009148047,0.0
2723658,Monterey,13.770660781900077,A,0.001142631993695823,0.008718901272092756,0.0,0.015734797583731364,0.1200650318088664,0.0
2723659,Monterey,5.609948396310327,A,0.0,0.07162279672597276,0.0,0.0,0.4018001936321314,0.0
2725438,Monterey,57.611118766416496,A,0.004668414743580257,0.031478838089421,0.0003417225777721572,0.26895259624329204,1.8135310797984285,0.019687020013197745
2723618,Monterey,20.894424078170964,A,0.0,0.0460954527811782,0.0,0.0,0.9631379384852425,0.0
2723705,Monterey,9.465577856482954,A,0.010447565512381391,0.09425752634425344,0.0,0.09889224476815228,0.892201954171024,0.0
2716739,Monterey,29.64329504776501,A,0.009332705044634675,0.029244221052907138,0.0002853477839734024,0.2766521292318706,0.8668950731133874,0.008458648551549479
2723750,Monterey,10.42145586084436,A,0.022839349830902397,0.0636164538668971,0.0005139971096974122,0.23801927615313243,0.6629760659973096,0.005356598191313157
2722916,Monterey,22.44683459066948,A,0.001765359492961062,0.03551834070053619,0.0,0.039626732531565095,0.7972743186399793,0.0
2725441,Monterey,21.930924201953747,A,0.0,0.08300407862425277,0.0,0.0,1.8203561567614968,0.0
2724566,Monterey,14.361318132831713,A,0.0027539581398362744,0.030293539538199018,0.0,0.03955046897069018,0.435055158677592,0.0
2724535,Monterey,4.594895466267587,A,0.021266516656233605,0.08196998663440877,0.0,0.09771742096703193,0.3766435199564596,0.0
2724522,Monterey,13.377667001254949,A,0.00608467599534531,0.01057726264842615,0.0,0.08139876927625907,0.14149909749545703,0.0
2724545,Monterey,1.960729945624284,A,0.0,0.0,0.0,0.0,0.0,0.0
2723883,Monterey,8.916374563094704,A,0.0,0.019887348353552867,0.0,0.0,0.17732304698702214,0.0
2722264,Monterey,36.9051010172328,A,0.0015873882424084626,0.032879513872849354,0.0,0.05858272343965194,1.2134217808750127,0.0
2725442,Monterey,74.90701646967979,A,0.005139284767333952,0.01140544213177781,0.0002641107649476336,0.38496848870905875,0.8543476416090601,0.019783749419752115
2711876,Monterey,7.0025868211354325,A,0.0010660862419349458,0.030605559195549074,0.0,0.0074653614679674515,0.2143180854762323,0.0
2724499,Monterey,11.10340207142775,A,0.0,0.0053486778627662105,0.0,0.0,0.059388520860838095,0.0
2723887,Monterey,0.3093564386744006,A,0.0,0.0,0.0,0.0,0.0,0.0
2700165,Monterey,1.6853013605466478,A,0.0,0.08020131129374826,0.0,0.0,0.13516337904097916,0.0
2725450,Monterey,2.270141176026332,A,0.0,0.008715564973682411,0.0,0.0,0.019785562919089294,0.0
2724533,Monterey,2.20402624625054,A,0.0,0.0,0.0,0.0,0.0,0.0
2716276,Monterey,11.00079153352502,A,0.005988785152332659,0.00011299594627042753,0.0,0.06588137699988145,0.0012430448490543672,0.0
2716314,Monterey,16.57895515667521,A,0.0,0.012505210504376824,0.0,0.0,0.20732332417684715,0.0
2715387,Monterey,5.928900124406265,A,0.0,0.02403751686556019,0.0,0.0,0.14251603673463753,0.0
2721833,Monterey,12.30535776563927,A,0.006435818484680232,0.001608954621170058,0.0,0.07919504896870465,0.019798762242176162,0.0
2713102,Monterey,4.590621355675118,A,0.0,0.004995681698870467,0.0,0.0,0.02293328309299012,0.0
2716585,Monterey,8.16767299701615,A,0.0,0.01426013069405018,0.0,0.0,0.11647208440371482,0.0
2711496,Monterey,4.09711467184544,A,0.027385577560883164,0.050071069837960766,0.0,0.11220185162165568,0.20514691486810674,0.0
2711495,Monterey,21.539623332374315,A,0.7748777038629707,0.13187419731886468,0.10747629835928371,16.690573869863478,2.840520537507552,2.3149989838168508
2716747,Monterey,9.127258796446382,A,0.014084986800647195,0.0024610406199437962,0.0,0.1285573196740383,0.02246255464679387,0.0
2725487,Monterey,27.86074454964981,A,0.0007641486018032792,0.08774880148590648,0.0,0.02128974899281323,2.444746942736772,0.0
2725491,Monterey,32.97113058259024,A,0.009061089355810235,0.03358584134145566,2.1192776559847222e-05,0.2987543603709378,1.1073631605952925,0.0006987498033623803
2711967,Monterey,6.063554974102309,A,0.0,0.03920689036425626,0.0,0.0,0.23773313508726993,0.0
2721900,Monterey,29.37130427491084,A,0.008535730812454553,0.017724598400211546,0.0,0.2507055469013346,0.5205945727632112,0.0
2715362,Monterey,10.114389043145565,A,0.00783265757464062,0.016087664332227546,0.0,0.07922254595165619,0.162716895851686,0.0
2721901,Monterey,9.657931999645797,A,0.0,0.04505048067253934,0.0,0.0,0.4350944788867422,0.0
2725500,Monterey,6.292872107276397,A,0.006655389136528084,0.02547322409769469,0.0,0.04188151266032793,0.16029974140678385,0.0
2721903,Monterey,7.756022939216538,A,0.0,0.010217471876909514,0.0,0.0,0.07924694625811005,0.0
2721904,Monterey,6.295518711667221,A,0.012589328692561188,0.018883993038841782,0.0,0.07925635435134798,0.11888453152702198,0.0
2717510,Monterey,5.236566591404907,A,0.00043046505069097084,0.08828986625896189,0.00043046505069097084,0.002254158903215758,0.4623357640112872,0.002254158903215758
2722224,Monterey,18.3248593319979,A,0.0032397133806515,0.006072874493927125,0.0,0.0593672919764301,0.11128457084209249,0.0
2702910,Monterey,1.7497028972600788,A,0.0,0.0,0.0,0.0,0.0,0.0
2701547,Monterey,0.858299155455523,A,0.0,0.03819068255687974,0.0,0.0,0.03277903058483986,0.0
2700609,Monterey,2.0782964812269524,A,0.015681003584229383,0.019041218637992824,0.0,0.03258977457121116,0.03957329769361355,0.0
2722263,Monterey,4.57124107653444,A,0.0,0.0,0.0,0.0,0.0,0.0
2700262,Monterey,0.910081369364022,A,0.0,0.0,0.0,0.0,0.0,0.0
2715149,Monterey,11.985923669649075,A,0.0032891342482715925,0.019773501186668044,0.0,0.0394233120390119,0.2370036759051186,0.0
2712897,Monterey,9.153888865917894,A,0.018101922800125295,0.020608082364595406,0.00022013563741967154,0.1657029895717722,0.18864409570518878,0.0020150971603676696
2712848,Monterey,26.61444739713056,A,0.0012959540662738124,0.025730209096086566,0.0,0.03449110132594183,0.6847952965049662,0.0
2712565,Monterey,2.4874567353444883,A,0.0,0.00435865504358655,0.0,0.0,0.010841965845212588,0.0
2712316,Monterey,12.929972579041412,A,0.03756036813170125,0.026334173677975886,0.0,0.4856545300015981,0.34050014354794234,0.0
2712271,Monterey,4.994474139255338,A,0.003952814248732774,0.003952814248732774,0.0,0.019742228542575856,0.019742228542575856,0.0
2712127,Monterey,0.4776706950289649,A,0.0,0.0,0.0,0.0,0.0,0.0
2712071,Monterey,2.835930758492633,A,0.0,0.028096643708319664,0.0,0.0,0.07968013610283226,0.0
2711934,Monterey,1.0789736907747691,A,0.0,0.0,0.0,0.0,0.0,0.0
2725545,Monterey,5.352412506072407,A,0.0,0.036903573134198765,0.0,0.0,0.19752314636224316,0.0
2711369,Monterey,4.089743050252847,A,0.0,0.01517773931567035,0.0,0.0,0.06207305388481221,0.0
2711353,Monterey,1.3112872138109553,A,0.0,0.0,0.0,0.0,0.0,0.0
2719003,Monterey,10.922485760816588,A,0.0,0.014856285433196266,0.0,0.0,0.16226756610271312,0.0
2710752,Monterey,9.09439671497452,A,0.0,0.0043404624720210375,0.0,0.0,0.039473887647018306,0.0
2709714,Monterey,5.930803812957799,A,0.0,0.0,0.0,0.0,0.0,0.0
2708599,Monterey,0.9299777190692587,A,0.0,0.0,0.0,0.0,0.0,0.0
2709697,Monterey,0.6628081727590917,A,0.0,0.2841427735517847,0.0,0.0,0.18833215254055877,0.0
2718734,Monterey,4.839863407673088,A,0.015536497167909372,0.08161861179557744,0.015536497167909372,0.07519452412638114,0.3950229326144904,0.07519452412638114
2718735,Monterey,4.236827477034816,A,0.007652548718791665,0.06730224827863314,0.002721312074224244,0.03242252868112411,0.285148014773132,0.011529729769659885
2719062,Monterey,3.500765919080781,A,0.0,0.0,0.0,0.0,0.0,0.0
2719004,Monterey,4.290382159866916,A,0.0,0.018547558535662135,0.0,0.0,0.07957611425049217,0.0
2719005,Monterey,10.607235266705226,A,0.0,0.05275851232542334,0.0,0.0,0.5596219525571328,0.0
2711040,Monterey,11.914264395254364,A,0.0,0.030087989498446866,0.0,0.0,0.3584762620061327,0.0
2719006,Monterey,10.685250411797968,A,0.0,0.00914446368662459,0.0,0.0,0.09771088437317697,0.0
2718008,Monterey,3.458324235480032,A,0.0,0.0,0.0,0.0,0.0,0.0
2722877,Monterey,9.673570675968964,A,0.006394550172315452,0.020115519637535044,0.0,0.06185813303292305,0.19458890089753686,0.0
2723964,Monterey,0.7486106676131731,A,0.079282827235983,0.0,0.0,0.05935197022738909,0.0,0.0
2715780,Monterey,20.62735105813422,A,0.002959223475756121,0.060969755160825735,0.0,0.06104094149389365,1.257644543630843,0.0
2715782,Monterey,19.541182619798636,A,0.0242643529043034,0.056534831407181727,0.0,0.47415415125423416,1.1047574649072656,0.0
2715784,Monterey,24.369177660409044,A,0.0,0.004859117355623873,0.0,0.0,0.11841269411197515,0.0
2722227,Monterey,9.637662444586358,A,0.014369319691200503,0.0673144264749684,0.0,0.13848665274213834,0.6487537200166725,0.0
2725551,Monterey,35.6506592233233,A,0.03051516315779192,0.11183900635786836,0.022212381888866466,1.0878856828825498,3.9871343035394533,0.7918860572582967
2718007,Monterey,4.12290959363588,A,0.0,0.0040208936154221935,0.0,0.0,0.01657778086201342,0.0
2701086,Monterey,35.56877453114786,A,0.15387877509389486,0.13902088412280378,0.12775133040322037,5.473279456443957,4.944802482484841,4.54395826716632
2701104,Monterey,3.36462436471706,A,0.0,0.016658206820174434,0.0,0.0,0.0560486085396548,0.0
2717201,Monterey,1.6618043031243863,A,0.0,0.05940178904211702,0.0,0.0,0.09871414864347708,0.0
2701124,Monterey,2.078952236804518,A,0.04600304459213604,0.0,0.0,0.0956381324546392,0.0,0.0
2716272,Monterey,15.94560485089796,A,0.011414705168648384,0.04926959475855375,7.765105556903663e-05,0.1820143781087697,0.7856334891837713,0.0012381930483589775
2701149,Monterey,11.903876349239086,A,0.018244970437293895,0.012020215817511271,0.0,0.2171858720810691,0.143087162782822,0.0
2722234,Monterey,4.587100305309295,A,0.0,0.0,0.0,0.0,0.0,0.0
2701287,Monterey,1.5495468202883562,A,0.0,0.0,0.0,0.0,0.0,0.0
2701294,Monterey,24.904857854255347,A,0.007129177082167421,0.02144349513114204,0.0,0.17755114184919452,0.5340471981395092,0.0
2725556,Monterey,53.59399565771184,A,0.009906680603289779,0.04345446806785708,0.0,0.5309385972350504,2.32889857293691,0.0
2701328,Monterey,1.2729467066613105,A,0.0,0.0,0.0,0.0,0.0,0.0
2701346,Monterey,22.18678520879115,A,0.0015378392138538028,0.02316522879281363,0.0,0.03411970832343056,0.5139619555386603,0.0
2701352,Monterey,1.1539309854181647,A,0.034011783610069624,0.0,0.0,0.03924725097699702,0.0,0.0
2701409,Monterey,24.91293824023788,A,0.0015840575478789163,0.010128650320849305,0.0,0.0394635278592901,0.2523344399002843,0.0
2701414,Monterey,0.9361348823573574,A,0.0,0.0,0.0,0.0,0.0,0.0
2722241,Monterey,14.404646674263486,A,0.0,0.019694805682928664,0.0,0.0,0.283696717180864,0.0
2701472,Monterey,0.5692940052090641,A,0.0,0.0,0.0,0.0,0.0,0.0
2716307,Monterey,8.653755970533727,A,0.0,0.014270131077770426,0.0,0.0,0.12349023201455471,0.0
2722246,Monterey,14.256334866896356,A,0.0013833509642769957,0.04988200830010579,0.0,0.01972151458517683,0.7111346141596117,0.0
2716310,Monterey,12.709159613253927,A,0.0,0.05318145011537361,0.0,0.0,0.6758915379805848,0.0
2701600,Monterey,2.172854459602779,A,0.0,0.02933115010856797,0.0,0.0,0.06373232031868045,0.0
2724741,Monterey,28.650629102726043,A,0.0006896887475252345,0.03143087425486569,0.0,0.019760016501669156,0.9005143206505777,0.0
2702897,Monterey,13.112880227688642,A,0.010553762105785944,0.03321626639232797,0.0015076803008265637,0.13839021844469016,0.43556092281359615,0.01977003120638431
2723972,Monterey,12.141041215028611,A,0.0,0.01243622448979592,0.0,0.0,0.15098871408996042,0.0
2701017,Monterey,1.7184147757722152,A,0.0,0.0,0.0,0.0,0.0,0.0
2701002,Monterey,1.26377018499995,A,0.0,0.11602548395001226,0.0,0.0,0.14662954731621575,0.0
2716328,Monterey,13.961904466522949,A,0.0070724496191971265,0.05371733499004312,0.0,0.09874486592752689,0.7499962993271926,0.0
2700976,Monterey,65.04031214850211,A,0.00030314954545400516,0.10153607657914167,0.0,0.019716941064005025,6.603938115041588,0.0
2700952,Monterey,1.8901226046999928,A,0.0,0.010723641126391618,0.0,0.0,0.02026899649768329,0.0
2723974,Monterey,70.69565303190622,A,0.0011156112291738896,0.1288279410301029,0.0002789028072934724,0.07886886437617571,9.10757541987903,0.019717216094043928
2723975,Monterey,1.589571230480894,A,0.0,0.051765961575781096,0.0,0.0,0.08228568323904104,0.0
2700900,Monterey,1.0809243524299148,A,0.0,0.0,0.0,0.0,0.0,0.0
2700874,Monterey,0.8805207707424596,A,0.0,0.042534493364970546,0.0,0.0,0.0374525048808639,0.0
2723976,Monterey,9.37754247248914,A,0.0,0.011792161099062401,0.0,0.0,0.11058149154889188,0.0
2700836,Monterey,1.5123618912532593,A,0.0,0.0,0.0,0.0,0.0,0.0
2725563,Monterey,20.76176065433671,A,0.0019052813652274934,0.04833063729793742,0.0,0.03955699568402111,1.0034291238513355,0.0
2700765,Monterey,17.105498913033156,A,0.0,0.030554422231288826,0.0,0.0,0.5226486362656672,0.0
2700722,Monterey,1.2402487975082424,A,0.0,0.0,0.0,0.0,0.0,0.0
2700683,Monterey,28.509437595563732,A,0.0,0.02623078969225508,0.0,0.0,0.7478250618137026,0.0
2700680,Monterey,20.92762444651693,A,0.006617140060944415,0.02836658585229505,0.0,0.13848102210544685,0.5936452555467112,0.0
2723977,Monterey,5.113914081958959,A,0.0,0.0038546421985065143,0.0,0.0,0.019712309019855705,0.0
2700648,Monterey,12.601023339018536,A,0.0,0.03182050476876566,0.0,0.0,0.4009709232505667,0.0
2700635,Monterey,13.522841832291332,A,0.006023197916547157,0.020415772747610795,0.0,0.0814507527500539,0.2760792657499446,0.0
2716358,Monterey,19.692453985756,A,0.015228226549397251,0.05715309328273008,0.0,0.2998811506086732,1.1254846596137824,0.0
2700556,Monterey,25.605224126382016,A,0.009936010998961294,0.006498835600052098,0.0022773179735504096,0.2544137885506008,0.16640414209984433,0.05831123711979635
2700521,Monterey,11.088618070583369,A,0.0,0.018527837184271957,0.0,0.0,0.2054481102103445,0.0
2700501,Monterey,6.930083889658118,A,0.0057064214024369776,0.0071274322222595185,0.0,0.03954597902862878,0.049393703218110846,0.0
2700478,Monterey,6.652752771130407,A,0.001887561899213515,0.00036120011651616645,0.0,0.012557482655672886,0.0024029750760855523,0.0
2700468,Monterey,10.512393664169087,A,0.0,0.0037585119240633198,0.0,0.0,0.039510956937227205,0.0
2700454,Monterey,27.339691298855005,A,0.6241959682822263,0.42595359341236566,0.38643848154776694,17.065325082825957,11.645439751532075,10.565108791514223
2722266,Monterey,4.990203458662356,A,0.0,0.0024813126143730037,0.0,0.0,0.012382254790266696,0.0
2700372,Monterey,11.290975287092968,A,0.025468082475926208,0.03877907056609476,0.025468082475926208,0.2875594898453283,0.4378535274182102,0.2875594898453283
2700351,Monterey,15.04778188454245,A,0.006573384751809615,0.06833226784351737,0.0,0.0989148599884083,1.0282490621853833,0.0
2725568,Monterey,17.668111170254637,A,0.00917036510256849,0.02351195571534554,0.0,0.16202303010400365,0.4154118474088289,0.0
2700319,Monterey,2.304293563634888,A,0.01712041357548088,0.00856020678774044,0.0,0.03945045880874795,0.019725229404373976,0.0
2700296,Monterey,3.444035111548968,A,0.0,0.0057325270327990485,0.0,0.0,0.019743024378863543,0.0
2700270,Monterey,9.97270305707759,A,0.0,0.004394614655962235,0.0,0.0,0.04382618701419256,0.0
2700267,Monterey,2.1785673554509906,A,0.0,0.06082092211216418,0.0,0.0,0.1325024754419882,0.0
2700264,Monterey,7.767405610870673,A,0.0,0.012725185887519332,0.0,0.0,0.09884168026208998,0.0
2700251,Monterey,46.45103575512607,A,0.0,0.024428955673803165,0.0,0.0,1.1347502934642206,0.0
2700190,Monterey,19.5321749621938,A,0.0010116478354703568,0.031210327535863912,0.0,0.019759682522531657,0.6096055780578689,0.0
2725572,Monterey,26.08166884557892,A,0.0,0.021285017454785702,0.0,0.0,0.5551487766280878,0.0
2700136,Monterey,12.1204982935525,A,0.008822626841243863,0.053178702945990176,0.0,0.10693463357394671,0.6445523783102092,0.0
2700129,Monterey,20.850581587811384,A,0.0,0.027638574208213817,0.0,0.0,0.5762803464991416,0.0
2700111,Monterey,1.6324552883701942,A,0.0,0.0,0.0,0.0,0.0,0.0
2723981,Monterey,26.265407029547383,A,0.0010917996990173805,0.036905780636784805,0.0,0.028676563489428823,0.9693453501683413,0.0
2700039,Monterey,8.638795926629024,A,0.006866159258993321,0.03421411646442162,0.0,0.05931534863817766,0.2955687699460565,0.0
2700030,Monterey,1.546631155687942,A,0.0,0.19827886385116653,0.0,0.0,0.3066642683466218,0.0
2723982,Monterey,11.618142175238251,A,0.0024423120554124575,0.03062899544902508,0.0,0.028375128696080294,0.3558520238114987,0.0
2700016,Monterey,15.374217770397888,A,0.006429619618660521,0.030726017518822396,0.0,0.09885037219810948,0.4723884845514361,0.0
2715753,Monterey,1.651956323083395,A,0.0,0.0,0.0,0.0,0.0,0.0
2716388,Monterey,6.281701883335282,A,0.0,0.01932152299063574,0.0,0.0,0.12137204735918249,0.0
2715710,Monterey,6.547749650016301,A,0.0,0.0034596764671153647,0.0,0.0,0.02265309537672426,0.0
2722277,Monterey,18.010306233496216,A,0.003290619797917231,0.04654613965132334,0.0,0.05926507025849476,0.8383102291074142,0.0
2717257,Monterey,17.0539367803025,A,0.03135440760729889,0.034989169144913165,0.0,0.534716085118711,0.59670307859266,0.0
2715693,Monterey,4.025619861903629,A,0.0,0.004910172722546357,0.0,0.0,0.01976648883726003,0.0
2715585,Monterey,2.3576024521557595,A,0.0,0.0,0.0,0.0,0.0,0.0
2723986,Monterey,26.30782314415272,A,0.0,0.0650728849253503,0.0,0.0,1.7119259480959172,0.0
2715571,Monterey,13.40634532477016,A,0.006836796076072372,0.02526491138771922,0.0,0.09165644911085982,0.3387101266634819,0.0
2715564,Monterey,10.161838365094669,A,0.020946451214357707,0.05389017134310888,0.0,0.21285445156264396,0.5476232106559291,0.0
2717261,Monterey,7.983079725251736,A,0.0,0.02403314381076203,0.0,0.0,0.1918585030897536,0.0
2725578,Monterey,40.28834669989179,A,2.119803590561864e-05,0.06507218894772952,0.0,0.0008540338199223184,2.621650908846994,0.0
2715507,Monterey,1.9706154427810332,A,0.0,0.0,0.0,0.0,0.0,0.0
2723988,Monterey,31.200516748411093,A,0.018055545224404983,0.034635802147722224,0.0006322664147518911,0.5633423411757417,1.0806549250046602,0.019727038862924214
2715469,Monterey,9.419266993760491,A,0.0,0.027242022566091692,0.0,0.0,0.25659988400006595,0.0
2715458,Monterey,2.3509006187874317,A,0.0,0.04197530864197531,0.0,0.0,0.09867977906021319,0.0
2715441,Monterey,35.45324980141896,A,6.9889748921077e-05,0.0326734576206035,0.0,0.0024778187270573944,1.158380254899332,0.0
2715440,Monterey,1.1963909816014635,A,0.0,0.19771273502616785,0.0,0.0,0.236541733133067,0.0
2723989,Monterey,1.336719921635225,A,0.0,0.0,0.0,0.0,0.0,0.0
2715431,Monterey,2.028853915622384,A,0.0,0.0,0.0,0.0,0.0,0.0
2715422,Monterey,16.311144256134334,A,0.010914797993008821,0.037971131667181884,0.0,0.1780328445905324,0.6193526061920743,0.0
2715419,Monterey,14.600570541420463,A,0.00135454569599745,0.06451887068072558,0.0,0.019777139985988245,0.9420123226267183,0.0
2715395,Monterey,16.66986797554874,A,0.007115650244862082,0.06985894269808715,0.0,0.11861695014203198,1.1645393516885376,0.0
2723990,Monterey,20.504966017043127,A,0.001699658935107022,0.03685615975283182,0.0,0.034851448704933195,0.755734303250529,0.0
2722287,Monterey,17.405579967794196,A,0.014126645622876886,0.010222117349551004,0.0,0.2458824600656735,0.17792188096778647,0.0
2715341,Monterey,1.6703979691727997,A,0.0,0.03533324095884716,0.0,0.0,0.05902057394195149,0.0
2715333,Monterey,3.694968796130196,A,0.03203316374599585,0.016016581872997926,0.0,0.11836154048278373,0.059180770241391865,0.0
2715317,Monterey,1.0559093923608591,A,0.0,0.0,0.0,0.0,0.0,0.0
2715295,Monterey,14.798281789703353,A,0.012856657164526506,0.12010356461019434,0.0,0.19025643559427174,1.777326393049499,0.0
2715284,Monterey,1.542333437870841,A,0.0,0.012816646562123044,0.0,0.0,0.01976754255413473,0.0
2715225,Monterey,17.32807612633386,A,0.012521650625859332,0.0163071621163152,0.0,0.2169761152722465,0.28257174655597733,0.0
2716418,Monterey,12.232428710263912,A,0.0032321439888459346,0.033734710691425314,0.0,0.03953697092486593,0.41265744359423795,0.0
2717273,Monterey,23.62724344954196,A,0.005843454349035909,0.04909483746358069,0.0,0.13806471849095617,1.159975676867714,0.0
2715157,Monterey,1.128810569789318,A,0.0,0.07305998899284534,0.0,0.0,0.08247088780381505,0.0
2715155,Monterey,37.923009187220025,A,0.011049497824451207,0.025579055844538227,0.0,0.4190302075108308,0.9700347697928373,0.0
2715150,Monterey,0.9219144402891626,A,0.0,0.0,0.0,0.0,0.0,0.0
2722289,Monterey,3.286768745187727,A,0.004109910756223579,0.08384217942696101,0.0,0.013508326219066514,0.2755698548689569,0.0
2715127,Monterey,4.261925090956636,A,0.0,0.013906562443192149,0.0,0.0,0.059268727405595835,0.0
2715110,Monterey,1.92709714877272,A,0.0,0.07170402506628101,0.0,0.0,0.13818062226075778,0.0
2715106,Monterey,12.104318368935152,A,0.006170980372053085,0.03803195068342166,0.0,0.07469551107178043,0.4603508392637766,0.0
2723993,Monterey,27.66225060665386,A,0.0032137313466290836,0.030828845690461907,0.0,0.0888990418929129,0.8527952554034182,0.0
2715086,Monterey,0.6971699263532076,A,0.0,0.0,0.0,0.0,0.0,0.0
2715063,Monterey,11.831920938256223,A,0.0,0.02040189511517725,0.0,0.0,0.24139360999337306,0.0
2715049,Monterey,10.72954535422983,A,0.0,0.01745765651193711,0.0,0.0,0.18731271732339494,0.0
2725587,Monterey,19.957496644504648,A,0.001064375281632146,0.044323072859207245,0.0,0.021242266111667244,0.8845775778617636,0.0
2715026,Monterey,4.120199261415109,A,0.0,0.019956070362513373,0.0,0.0,0.08222298636837554,0.0
2715023,Monterey,4.316076643736701,A,0.0,0.018299574803997198,0.0,0.0,0.07898236740184493,0.0
2715012,Monterey,10.27948966711602,A,0.05944227190186641,0.053994589992239155,0.0019213815863830567,0.6110362198051367,0.5550368299053884,0.019750822163811615
2715005,Monterey,0.8562643978780619,A,0.0,0.0,0.0,0.0,0.0,0.0
2714926,Monterey,8.722394796754497,A,0.0,0.009235332249957815,0.0,0.0,0.08055421396333105,0.0
2714906,Monterey,0.6456307423089156,A,0.0,0.030685920577617324,0.0,0.0,0.019811773680959502,0.0
2714899,Monterey,14.559166201139703,A,0.0,0.003810010323212328,0.0,0.0,0.05547057352370628,0.0
2714887,Monterey,25.503117834073976,A,0.00930410748980653,0.033908302851739354,0.0,0.23728374965342616,0.8647674431813753,0.0
2723995,Monterey,1.9298597154896304,A,0.0,0.008666693415720421,0.0,0.0,0.016725502489498067,0.0
2714865,Monterey,12.41324786859918,A,0.015675665544149894,0.010396296319436197,0.0,0.19458592190479226,0.12905180312856687,0.0
2714864,Monterey,2.661946690152036,A,0.0,0.04116398732521294,0.0,0.0,0.10957633981381094,0.0
2714862,Monterey,36.08067955263768,A,0.005466062184495679,0.04731466297975418,0.0010932124368991359,0.1972192380935793,1.7071451931135597,0.03944384761871587
2714764,Monterey,8.563455788873819,A,0.0,0.0064784863653613274,0.0,0.0,0.055478231568593564,0.0
2714743,Monterey,0.8794633118257403,A,0.0196181930148676,0.0,0.0,0.017253481000892065,0.0,0.0
2725589,Monterey,27.0354238863502,A,0.0020575366221487097,0.019828471842654256,0.0,0.05562637474147953,0.5360711412847172,0.0
2714720,Monterey,4.390474287473329,A,0.0,0.023987131443116733,0.0,0.0,0.10531488383124701,0.0
2714709,Monterey,7.236498727493718,A,0.0,0.013918629550321197,0.0,0.0,0.1007221450293558,0.0
2714679,Monterey,14.137124535075811,A,0.0,0.004201449912126537,0.0,0.0,0.059396420635616176,0.0
2714648,Monterey,1.209871674266297,A,0.0,0.0,0.0,0.0,0.0,0.0
2723997,Monterey,17.953291971443115,A,0.006178961348074301,0.011219579502923469,0.0021990720778212796,0.11093269716223968,0.20142838661280366,0.03948058307937351
2714625,Monterey,2.980292727359026,A,0.0,0.013261220032242959,0.0,0.0,0.03952231761800152,0.0
2714567,Monterey,4.4158504514370165,A,0.0,0.07953128019535848,0.0,0.0,0.35119823955403756,0.0
2714566,Monterey,1.7414057444598017,A,0.0,0.0,0.0,0.0,0.0,0.0
2714503,Monterey,1.9976531847639456,A,0.0,0.01802221704342422,0.0,0.0,0.03600213927330345,0.0
2714500,Monterey,3.7269160189747694,A,0.0,0.005226155664779441,0.0,0.0,0.019477443264722234,0.0
2714484,Monterey,9.987277287620966,A,0.001978815038994296,0.0804174911729329,0.0,0.01976297449535053,0.8031517831188922,0.0
2714473,Monterey,1.595897270517689,A,0.0,0.0,0.0,0.0,0.0,0.0
2725591,Monterey,32.54794475221489,A,0.005520702036965115,0.045988377218585966,0.002251645845892117,0.17968750489258076,1.4968271609545538,0.07328644459365077
2714442,Monterey,5.06306467336807,A,0.0,0.011602335633578525,0.0,0.0,0.05874337567493098,0.0
2717293,Monterey,17.0674294039297,A,0.0,0.059070675872093026,0.0,0.0,1.0081845902893611,0.0
2714411,Monterey,2.5154154191457447,A,0.0,0.0,0.0,0.0,0.0,0.0
2714388,Monterey,5.210174924131218,A,0.003794981694794179,0.009837187844152754,0.0,0.01977251846375362,0.051253469429573116,0.0
2714378,Monterey,2.5266392273195457,A,0.0,0.0,0.0,0.0,0.0,0.0
2724000,Monterey,61.555669343968695,A,0.002348729722381657,0.04588330362806995,0.0,0.14457763016927666,2.824377466538393,0.0
2722305,Monterey,8.390280727125779,A,0.002499331359691595,0.03670604727517546,0.0,0.02097009173792146,0.30797404102187237,0.0
2718539,Monterey,2.1571539588136845,A,0.018942383583267556,0.0,0.0,0.04086163773601296,0.0,0.0
2714284,Monterey,1.5299101885359372,A,0.0,0.0,0.0,0.0,0.0,0.0
2714265,Monterey,11.177793173945236,A,0.005289285911831405,0.01588168593395652,0.0,0.059122543960313786,0.17752220062332125,0.0
2714252,Monterey,17.086061985570968,A,0.006648164272239151,0.04321760267014945,0.0,0.11359094684573644,0.7384186380899509,0.0
2714245,Monterey,1.074316731524941,A,0.0,0.0,0.0,0.0,0.0,0.0
2714235,Monterey,14.014779633188674,A,0.0,0.04476630089278312,0.0,0.0,0.6273898420053728,0.0
2714220,Monterey,39.86976580668789,A,0.0,0.044731867205244344,0.0,0.0,1.7834490695689542,0.0
2714197,Monterey,24.02410503607948,A,0.007414673180049432,0.019249756393461666,0.0,0.178130887285709,0.4624581695154656,0.0
2714154,Monterey,20.931529335550948,A,0.002596180910478053,0.03358739611572819,0.0,0.05434203688806874,0.7030355671011346,0.0
2714138,Monterey,22.43537802299509,A,0.0,0.05162442034314997,0.0,0.0,1.1582133856165675,0.0
2714135,Monterey,5.0555964357180745,A,0.0,0.06437551619711848,0.0,0.0,0.3254566302336634,0.0
2714134,Monterey,2.409927450432156,A,0.0,0.014780066188992066,0.0,0.0,0.035618887228056166,0.0
2714112,Monterey,2.842593195332075,A,0.0,0.016177792303292755,0.0,0.0,0.0459868823168356,0.0
2714081,Monterey,1.31637179178896,A,0.0,0.0,0.0,0.0,0.0,0.0
2714066,Monterey,5.216390395581523,A,0.0060380932648621466,0.03242515280223765,0.0,0.03149705171445238,0.1691422556528558,0.0
2716489,Monterey,28.730370850068727,A,0.002744990392533626,0.015732562583089783,0.0,0.0788645919573668,0.4520023574340847,0.0
2714050,Monterey,6.844252974853038,A,6.775985905949315e-05,0.012241947870081763,0.0,0.0004637656169435586,0.08378698812780293,0.0
2714040,Monterey,7.75603473567838,A,0.0,0.012113943028485757,0.0,0.0,0.09395616291496449,0.0
2714010,Monterey,4.559422291844676,A,0.008582671823054482,0.034025374855824686,0.0,0.03913202523362179,0.1551360526060184,0.0
2713971,Monterey,10.826309211343908,A,0.03467848144754926,0.0315792487402657,0.00365036646816308,0.37543996313102135,0.34188671152405903,0.03951999611905488
2713942,Monterey,14.428588513338008,A,0.0,0.023309159280150423,0.0,0.0,0.3363182678451444,0.0
2713915,Monterey,1.6504422673494323,A,0.0,0.0,0.0,0.0,0.0,0.0
2713867,Monterey,2.674332911931871,A,0.007379753429414829,0.002633559066967645,0.0,0.019735917478226173,0.007043013688308164,0.0
2713864,Monterey,3.492858007620439,A,0.0,0.03170342104095487,0.0,0.0,0.11073554805186152,0.0
2713852,Monterey,55.24526888696137,A,0.008260380900798253,0.10861131028134684,0.0,0.45634696397331964,6.000261040658198,0.0
2724007,Monterey,4.362952412438688,A,0.0,0.004521356761644709,0.0,0.0,0.019726464390713756,0.0
2713835,Monterey,0.9227841120841578,A,0.0,0.0,0.0,0.0,0.0,0.0
2724008,Monterey,9.77693897180986,A,0.0020217877360734506,0.013090084518655948,0.0,0.019766895309543748,0.12798095747473226,0.0
2713815,Monterey,12.351429757857115,A,0.01697200810341259,0.02341334303401301,0.0005770231875513519,0.20962856593908238,0.2891882618812249,0.007127061369695336
2713805,Monterey,1.7384242414803528,A,0.03414873671993572,0.0,0.0,0.05936499172986653,0.0,0.0
2713777,Monterey,3.066452357450156,A,0.0,0.01928603842081379,0.0,0.0,0.05913971798137873,0.0
2713773,Monterey,1.7560348753909043,A,0.0,0.03367225670143932,0.0,0.0,0.05912965710084254,0.0
2713753,Monterey,14.4401720866976,A,0.004103086701171927,0.05101772640725146,0.0,0.05924927805156299,0.7367047487927676,0.0
2713734,Monterey,3.544804814621435,A,0.005557492807950487,0.027787464039752432,0.0,0.019700227262846884,0.0985011363142344,0.0
2725599,Monterey,11.510821088622809,A,0.0,0.03471661009643876,0.0,0.0,0.3996166876235828,0.0
2725600,Monterey,18.0893935020978,A,0.0,0.06357712919767128,0.0,0.0,1.150071707790387,0.0
2713688,Monterey,9.559376504384575,A,0.00907401245038918,0.038779634604614935,0.0,0.08674190141874344,0.37070912788797505,0.0
2713677,Monterey,2.0880371670361284,A,0.0,0.032719457516582055,0.0,0.0,0.06831944337988295,0.0
2713673,Monterey,19.050123270979576,A,0.00011375593663794324,0.019310070244290867,0.0,0.0021670646157585607,0.36785921852501574,0.0
2713667,Monterey,5.614215129213023,A,0.0,0.0,0.0,0.0,0.0,0.0
2713554,Monterey,1.5443258299934552,A,0.0,0.0027075812274368226,0.0,0.0,0.004181387626336069,0.0
2713545,Monterey,1.941503570501359,A,0.0,0.007556070843161556,0.0,0.0,0.014670138520959376,0.0
2713532,Monterey,5.489118821250783,A,0.0,0.03597223789639993,0.0,0.0,0.19745588807963954,0.0
2722318,Monterey,18.97129221048544,A,0.0,0.008314042580939646,0.0,0.0,0.15772813125342458,0.0
2713519,Monterey,4.400443210868064,A,0.0,0.004493392070484582,0.0,0.0,0.01977291663033227,0.0
2725602,Monterey,30.045014243263477,A,0.0,0.07642365759477508,0.0,0.0,2.296149880957308,0.0
2713487,Monterey,3.899706941682133,A,0.0,0.04480190646410488,0.0,0.0,0.17471430563866341,0.0
2713452,Monterey,1.2401923896817864,A,0.0,0.0,0.0,0.0,0.0,0.0
2713396,Monterey,1.3340025539585525,A,0.0,0.0,0.0,0.0,0.0,0.0
2713392,Monterey,4.229957424646846,A,0.007057446886312938,0.01864921197937616,0.0,0.02985269985581018,0.07888537267597509,0.0
2716523,Monterey,19.70603473127825,A,0.0010020630710285883,0.023350034384517146,0.0,0.019746689680620707,0.46013658855783623,0.0
2713355,Monterey,12.290364299543285,A,0.008039446886054239,0.02808446778861614,0.0,0.09880773099643544,0.3451683402808811,0.0
2713333,Monterey,20.847467786681296,A,0.002842270695631821,0.04118134430115438,0.0,0.059254146768212626,0.8585267487305474,0.0
2713316,Monterey,14.661163709809486,A,0.0084736355226642,0.10432139553323644,0.0,0.12423335761503691,1.5294730583485674,0.0
2722325,Monterey,15.07908908602355,A,0.006584057322449065,0.030482127885025904,0.0,0.09928158691269513,0.45964272190986827,0.0
2722327,Monterey,5.0507948044934095,A,0.0,0.003907447134538767,0.0,0.0,0.019735713685961064,0.0
2717320,Monterey,11.858142132629665,A,6.532233305244728e-05,0.032687295459444626,0.0,0.0007746015097708925,0.38761059548935467,0.0
2713248,Monterey,16.62860899967305,A,0.007244213492056085,0.11492317308679059,0.0,0.12046119366955677,1.91101251026199,0.0
2713236,Monterey,3.4247281012549875,A,0.034569240154544836,0.16783027180912358,0.011523080051514947,0.118390248196302,0.5747730481059683,0.03946341606543401
2713191,Monterey,2.295644956935474,A,0.0,0.003485971503029073,0.0,0.0,0.008002552900949466,0.0
2713181,Monterey,1.8634545338978252,A,0.0,0.052913124611237816,0.0,0.0,0.0986012019595117,0.0
2713154,Monterey,2.975232629484946,A,0.0,0.0,0.0,0.0,0.0,0.0
2713135,Monterey,0.3660728996189559,A,0.0,0.0,0.0,0.0,0.0,0.0
2713124,Monterey,0.8522057010149132,A,0.0,0.0,0.0,0.0,0.0,0.0
2722332,Monterey,27.182875265837293,A,0.0,0.013959383633826082,0.0,0.0,0.3794561841062649,0.0
2725607,Monterey,23.11889751081006,A,0.0,0.13966573946691033,0.0,0.0,3.2289179165069997,0.0
2713115,Monterey,4.4701880245872285,A,0.0,0.008834993503681245,0.0,0.0,0.03949408215746186,0.0
2716542,Monterey,12.323968324438784,A,0.020931462683559603,0.05637767310647086,0.0,0.257958683096361,0.6947966575697112,0.0
2713046,Monterey,1.2771066013296135,A,0.0,0.038829658347467884,0.0,0.0,0.04958961300292477,0.0
2717325,Monterey,14.853530998894016,A,0.00840366838393803,0.08437596237662004,0.0012057437246519784,0.1248241488452491,1.2532809727226408,0.01790955179084009
2725609,Monterey,23.3455073434258,A,0.0033814583367866207,0.025108985728256726,0.0,0.07894186043294045,0.586182010704991,0.0
2713004,Monterey,3.974694783629749,A,0.0,0.034745201853077425,0.0,0.0,0.13810157256158953,0.0
2713001,Monterey,2.4055213923999865,A,0.008211238125905653,0.07074545161809694,0.0,0.019752308969956424,0.17017969728233043,0.0
2717328,Monterey,42.33440191930982,A,0.0,0.02411017197005147,0.0,0.0,1.0206897105238368,0.0
2712972,Monterey,2.29270923328753,A,0.0,0.0,0.0,0.0,0.0,0.0
2712956,Monterey,6.760855225720822,A,0.010199053436164236,0.01958447451955582,0.0,0.06895432372129688,0.13240779689853524,0.0
2712929,Monterey,2.2671748245765864,A,0.0,0.0,0.0,0.0,0.0,0.0
2712896,Monterey,2.926989315888292,A,0.0,0.0,0.0,0.0,0.0,0.0
2712891,Monterey,2.895330728471517,A,0.0,0.015329968218358574,0.0,0.0,0.04438532804910533,0.0
2716554,Monterey,28.24071957070933,A,0.0017207641619988309,0.07432768070082031,0.0,0.048595618146335624,2.0990671870130906,0.0
2712875,Monterey,15.784610280881438,A,0.0,0.029628138136958318,0.0,0.0,0.4676686138400077,0.0
2716556,Monterey,35.72301746718195,A,0.0,0.010805111807252908,0.0,0.0,0.3859911978253495,0.0
2717335,Monterey,15.2396831089787,A,0.018326976862445978,0.07629799135519962,0.001296720061022121,0.2792973197292614,1.1627572101048385,0.019761602811032647
2725613,Monterey,31.985198058615463,A,0.00034113508465472773,0.02095682342751242,0.0,0.01091127324742402,0.6703081480084173,0.0
2724013,Monterey,14.089895839457814,A,0.005007345941573629,0.07678297282276751,0.0,0.07055298274890424,1.0818640893167144,0.0
2712736,Monterey,3.0003032516365065,A,0.0,0.03963367309980856,0.0,0.0,0.11891303827565396,0.0
2712684,Monterey,2.099074633226522,A,0.0,0.0,0.0,0.0,0.0,0.0
2712672,Monterey,8.814354667461652,A,0.0,0.0022432175657130793,0.0,0.0,0.019772515220475045,0.0
2722342,Monterey,3.795166714744018,A,0.0,0.0,0.0,0.0,0.0,0.0
2724014,Monterey,14.108860420720177,A,0.0,0.041389119225045436,0.0,0.0,0.5839533060827121,0.0
2712586,Monterey,17.292024478383603,A,0.0,0.013246010763222522,0.0,0.0,0.22905034235857652,0.0
2712561,Monterey,3.14069215108232,A,0.0,0.0,0.0,0.0,0.0,0.0
2712558,Monterey,1.5416270342159777,A,0.0,0.0319496855345912,0.0,0.0,0.04925449895482496,0.0
2725615,Monterey,102.51092851369746,A,0.031049469184247072,0.04783619591624335,0.0007752723664186804,3.182909915934604,4.903732859937248,0.07947389013259042
2725616,Monterey,29.95681311845118,A,0.0,0.0038268634964767527,0.0,0.0,0.11464063459377674,0.0
2712541,Monterey,8.045775351918703,A,0.9111310592459603,0.9118742881411555,0.8725989845755873,7.3307558188487265,7.336735671574521,7.020735402207548
2725617,Monterey,2.8208228945635785,A,0.0,0.026942976662263318,0.0,0.0,0.07600136541660456,0.0
2712509,Monterey,0.8275788735112276,A,0.0,0.0,0.0,0.0,0.0,0.0
2712502,Monterey,10.974046281273054,A,0.0,0.0,0.0,0.0,0.0,0.0
2712488,Monterey,1.0740833494356776,A,0.0,0.0,0.0,0.0,0.0,0.0
2712404,Monterey,19.54634721483874,A,0.009805477104686953,0.14604686954590168,0.0,0.19166126009536286,2.854682821784452,0.0
2712399,Monterey,5.029417650268381,A,0.0,0.011458061345170256,0.0,0.0,0.05762737596725715,0.0
2722349,Monterey,30.735420089280467,A,0.0004007945310451914,0.057656435903123665,0.0,0.01231858828116012,1.7720947783331786,0.0
2712356,Monterey,21.399299688927133,A,0.10364681176162306,0.1216354369272446,0.04353217764228692,2.2179691866887894,2.6029131675997013,0.9315581154789112
2712332,Monterey,5.839075313833259,A,0.0,0.008818998034319715,0.0,0.0,0.051494793714940285,0.0
2712313,Monterey,25.57105926486737,A,0.0,0.019241895956839023,0.0,0.0,0.4920356618807425,0.0
2712306,Monterey,22.501097789027952,A,0.0,0.15754508611258286,0.0,0.0,3.5449373888000566,0.0
2712297,Monterey,5.12736300699204,A,0.003857966322223398,0.11896152624173562,0.0,0.019781193802789383,0.609958928907188,0.0
2724017,Monterey,27.513125919977767,A,0.0014511869640662484,0.013974705473730987,0.0,0.03992668967578494,0.38448783139336323,0.0
2712266,Monterey,4.843456724642977,A,0.0036642931434514754,0.03803504280342427,0.0,0.017747845266713202,0.18422108383832875,0.0
2712246,Monterey,13.671311044589093,A,0.009371264100806243,0.03706012000203968,0.0,0.12811746640311367,0.5066604278976823,0.0
2725620,Monterey,14.012197633261554,A,0.013079173037293097,0.027299519156196685,0.00017726960491036805,0.18326795747817667,0.38252625770963766,0.00248393673837427
2712211,Monterey,6.337236717853068,A,0.003122168621593162,0.05690917550260791,0.0,0.01978592162808889,0.36064691657787123,0.0
2712207,Monterey,0.8130196118724586,A,0.0,0.2121095995401418,0.0,0.0,0.17244926429254873,0.0
2712197,Monterey,28.121334308618483,A,0.0014038526119916548,0.02648051397521513,0.0,0.03947820862184459,0.7446673861610685,0.0
2712088,Monterey,2.639627489061376,A,0.0,0.0,0.0,0.0,0.0,0.0
2712084,Monterey,16.008254195976274,A,0.002472943093215408,0.08408976298537568,0.001236471546607704,0.0395875016483761,1.3461303011492907,0.01979375082418805
2712068,Monterey,35.166599501722125,A,0.0,0.05749251067627006,0.0,0.0,2.0218160973008725,0.0
2712051,Monterey,0.9830837118871244,A,0.0,0.0,0.0,0.0,0.0,0.0
2712044,Monterey,12.786673307798504,A,0.035219364599092286,0.026620272314674735,0.0,0.4503385092368369,0.3403847254523789,0.0
2712035,Monterey,19.328029514458414,A,0.0,0.0128003206091574,0.0,0.0,0.24740497452832455,0.0
2712028,Monterey,12.452429311744352,A,0.02601010258294769,0.07350220799362206,0.0,0.3238889638053753,0.9152810492977094,0.0
2712009,Monterey,1.0068047342679542,A,0.0014639032282918558,0.07072964018799598,0.0,0.0014738647007543823,0.07121093659434331,0.0
2711997,Monterey,1.765202133910241,A,0.022429413316914427,0.013677544199138011,0.0,0.03959244824937212,0.02414363020697006,0.0
2711935,Monterey,2.6524994691645083,A,0.0,0.0,0.0,0.0,0.0,0.0
2711856,Monterey,9.30085710484508,A,0.0,0.046755844480560076,0.0,0.0,0.4348694283300488,0.0
2725626,Monterey,20.03978048694164,A,0.0,0.05889408660189519,0.0,0.0,1.1802245674809104,0.0
2716618,Monterey,15.527534632735414,A,0.0,0.07142928535732133,0.0,0.0,1.1091207021773475,0.0
2711817,Monterey,15.04733424958454,A,0.014517616390790744,0.09977899015501604,0.001313694882772051,0.21845142633947548,1.5014078159485316,0.019767606003039832
2711771,Monterey,0.6094358487819813,A,0.09009470181725109,0.0,0.0,0.05490694107275593,0.0,0.0
2711735,Monterey,7.715813104233132,A,0.0014231594138988555,0.025486580208061896,0.0,0.010980832055173534,0.19664968955145276,0.0
2725629,Monterey,22.639155330123828,A,0.008368945868945871,0.07916940609248306,0.0008731919789612101,0.1894658654764637,1.7923284819213756,0.01976832884472105
2722365,Monterey,7.946419300497416,A,0.0,0.0,0.0,0.0,0.0,0.0
2725631,Monterey,43.90095419225089,A,0.009931779751608328,0.03517380172838764,4.7706467406764775e-05,0.43601460792288216,1.544163458445261,0.0020943594402984904
2724019,Monterey,1.8220556645071588,A,0.0,0.0,0.0,0.0,0.0,0.0
2711685,Monterey,6.096253372339048,A,0.001142944224321853,0.021373056994818652,0.0,0.006967677581917534,0.1302955707818579,0.0
2725632,Monterey,18.05113017483404,A,0.5158919160569823,0.5492447363669971,0.4891245475725818,9.31243213288914,9.914488234003068,8.829250879939478
2711678,Monterey,1.88336439478075,A,0.0,0.006218598138538836,0.0,0.0,0.011711886319573893,0.0
2722366,Monterey,35.60927960312849,A,0.013971021937050953,0.03820211513306097,0.0005550102187175562,0.4974980264978892,1.3603497992040743,0.019763514060906956
2725633,Monterey,26.163773284060102,A,0.0022209373007753977,0.05973995166718552,0.0,0.058108100015599906,1.5630225514209504,0.0
2711635,Monterey,2.657063374349028,A,0.0,0.0,0.0,0.0,0.0,0.0
2711632,Monterey,1.9599238895909277,A,0.0,0.0,0.0,0.0,0.0,0.0
2725634,Monterey,34.86869942160124,A,0.010815409731641534,0.04560913519039443,0.0005835332268719278,0.3771192710540696,1.590331225833039,0.020347044690314297
2717367,Monterey,3.630475800127893,A,0.0,0.015597994238770934,0.0,0.0,0.05662814061439217,0.0
2711589,Monterey,6.381021513661621,A,0.0,0.01832581380682094,0.0,0.0,0.11693741215668159,0.0
2722373,Monterey,10.422754812499472,A,0.43479617536273873,0.4198185748991464,0.34889785365636217,4.53177392921835,4.375666071906748,3.636476783267585
2711518,Monterey,12.376548256879415,A,0.020778878880761194,0.044647950005327904,0.0,0.25717079719159347,0.5525875078116803,0.0
2711515,Monterey,16.869856433635086,A,0.0,0.08886681017828559,0.0,0.0,1.499170329422779,0.0
2711508,Monterey,24.91191956753202,A,0.0031755519856539755,0.034102937696915345,0.0,0.07910909564912844,0.8495696409221107,0.0
2711439,Monterey,1.921739527284276,A,0.0,0.08240804296039084,0.0,0.0,0.1583667935231238,0.0
2717370,Monterey,2.827205779821485,A,0.0,0.017795448313682478,0.0,0.0,0.050311394326957595,0.0
2711428,Monterey,10.960907937028606,A,0.0,0.05646283981937543,0.0,0.0,0.618883989123367,0.0
2711415,Monterey,3.877177071235118,A,0.02464409618375404,0.015253020696255535,0.0,0.09554952466496404,0.05913866211059667,0.0
2711357,Monterey,25.44485523830774,A,0.0007767286018885164,0.027243374961925065,0.0,0.019763746834506463,0.6932037321091209,0.0
2711346,Monterey,2.04188399784352,A,0.0,0.0,0.0,0.0,0.0,0.0
2722377,Monterey,7.922980132111333,A,0.0,0.012131749628819258,0.0,0.0,0.09611961127688402,0.0
2711325,Monterey,0.8229619940585153,A,0.0,0.0,0.0,0.0,0.0,0.0
2711313,Monterey,2.197143631597433,A,0.0,0.0,0.0,0.0,0.0,0.0
2722378,Monterey,14.932608840824882,A,0.019062093147501697,0.07681375167927963,0.0,0.2846467806590112,1.147029707422938,0.0
2711307,Monterey,5.263433733625414,A,0.0037600636999026815,0.06011678315491465,0.0,0.019790846118648158,0.3164207044146218,0.0
2722379,Monterey,22.200284529200736,A,0.007110268412632578,0.008887835515790723,0.0,0.1578499818394317,0.19731247729928963,0.0
2717371,Monterey,2.017837326612885,A,0.0,0.0,0.0,0.0,0.0,0.0
2711280,Monterey,4.369738833262457,A,0.02262764654728734,0.1052052460645642,0.009051058618914937,0.09887690582301865,0.4597194491912585,0.03955076232920746
2711279,Monterey,11.18211232115896,A,0.017633079518606536,0.04595686304397531,0.0,0.19717507574498586,0.5138948044858512,0.0
2711266,Monterey,5.142042571055012,A,0.0007811443765115895,0.035707311210924006,0.0,0.004016677638162818,0.18360851434448114,0.0
2711257,Monterey,10.873635983133992,A,0.0,0.05619868900634098,0.0,0.0,0.6110840869843059,0.0
2711249,Monterey,2.5840113023004454,A,0.0,0.0,0.0,0.0,0.0,0.0
2711220,Monterey,1.1119111141920877,A,0.0,0.0,0.0,0.0,0.0,0.0
2711217,Monterey,2.926813566998513,A,0.0,0.05910171730515191,0.0,0.0,0.1729797080416294,0.0
2711170,Monterey,1.090110721423271,A,0.0,0.0,0.0,0.0,0.0,0.0
2711157,Monterey,17.602956581433006,A,0.0033675221199982396,0.02443104283135978,0.0011225073733327465,0.05927834566534424,0.4300585861995563,0.019759448555114745
2711142,Monterey,21.715202163085344,A,0.005302196726098271,0.06106962649602776,0.0005270148525604729,0.11513827381567321,1.3261392853853562,0.011444234066299285
2711125,Monterey,9.115429530410072,A,0.0,0.0,0.0,0.0,0.0,0.0
2724023,Monterey,31.63939497191216,A,0.007646573605614013,0.020971780618726274,0.0,0.24193296248982024,0.663534450260173,0.0
2711008,Monterey,20.216153418578447,A,0.0,0.047488846765083206,0.0,0.0,0.9600418118742848,0.0
2711004,Monterey,1.8911157919369737,A,0.0,0.0,0.0,0.0,0.0,0.0
2710952,Monterey,4.526566665606102,A,0.0,0.10343587899953781,0.0,0.0,0.4682094019069741,0.0
2710874,Monterey,2.058315704718784,A,0.0,0.009585024808299505,0.0,0.0,0.019729007093042025,0.0
2710871,Monterey,1.901714328605502,A,0.0026077744275120195,0.0,0.0,0.004959241994570617,0.0,0.0
2716684,Monterey,19.571029208234854,A,0.007067375647842766,0.11389362906770029,0.0010096250925489666,0.1383158152294985,2.2290155411158286,0.019759402175642645
2710817,Monterey,3.954807793615979,A,0.014933822668176314,0.0,0.0,0.05906039827658266,0.0,0.0
2716688,Monterey,10.653481193647396,A,0.0,0.02290726452176445,0.0,0.0,0.2440421117805238,0.0
2710778,Monterey,12.698248647252012,A,0.012603351137777125,0.10064998414672811,0.0,0.1600404865361205,1.2780785250371267,0.0
2710777,Monterey,3.3306001488517354,A,0.0,0.05579967915184486,0.0,0.0,0.18584641968901358,0.0
2725641,Monterey,9.612064079184949,A,0.0,0.0006131702515611637,0.0,0.0,0.005893831749455861,0.0
2710745,Monterey,1.0516886647587858,A,0.0,0.03755246299977911,0.0,0.0,0.0394934996706414,0.0
2710727,Monterey,1.711032040439928,A,0.0,0.0,0.0,0.0,0.0,0.0
2710718,Monterey,2.261281522764656,A,0.0,0.0,0.0,0.0,0.0,0.0
2725642,Monterey,17.725078748336983,A,0.027299843426082243,0.06296633223410862,0.005313891342949364,0.4838918745445775,1.1160831973435248,0.09418914251388363
2710671,Monterey,11.0154350615286,A,0.0,0.026835553246315542,0.0,0.0,0.2956052941249818,0.0
2710556,Monterey,2.0433331165097965,A,0.0,0.016812119838301408,0.0,0.0,0.03435276122433259,0.0
2716709,Monterey,10.71836516696555,A,0.0,0.005533854166666665,0.0,0.0,0.05931386973906715,0.0
2710541,Monterey,2.511397992744971,A,0.0,0.054249938317295826,0.0,0.0,0.13624318619659523,0.0
2710474,Monterey,2.128825027602002,A,0.0,0.0,0.0,0.0,0.0,0.0
2710447,Monterey,1.2532109934438456,A,0.0,0.0733058410783529,0.0,0.0,0.0918676859230393,0.0
2710380,Monterey,2.629401030257703,A,0.0,0.09147737277689734,0.0,0.0,0.24053069822484183,0.0
2722398,Monterey,16.12268072725675,A,0.0,0.04262457164249306,0.0,0.0,0.6872223597279974,0.0
2722399,Monterey,14.706905707924028,A,0.0,0.0053633963970595964,0.0,0.0,0.07887896508577494,0.0
2717393,Monterey,5.821294684155544,A,0.0,0.013547076089410703,0.0,0.0,0.0788615220251372,0.0
2710197,Monterey,4.261715624174822,A,0.0,0.011274919205490397,0.0,0.0,0.04805049933934719,0.0
2710196,Monterey,2.7345459652768813,A,0.0,0.04413637006648748,0.0,0.0,0.12069293268728067,0.0
2710195,Monterey,0.6868459026286733,A,0.0,0.0,0.0,0.0,0.0,0.0
2710144,Monterey,0.2844940145426679,A,0.0,0.0,0.0,0.0,0.0,0.0
2716721,Monterey,137.86475955195763,A,0.011110443311181724,0.01614946186247653,0.00014660392842358089,1.5317385956117244,2.226441676563837,0.020211515341489385
2724028,Monterey,4.1780900766337385,A,0.0,0.03479985909486994,0.0,0.0,0.14539694595252844,0.0
2722409,Monterey,6.040775765229514,A,0.0,0.015370798049781885,0.0,0.0,0.09285154435135949,0.0
2709934,Monterey,9.599373821295927,A,0.0,0.09620918202392505,0.0,0.0,0.9235479032887608,0.0
2709896,Monterey,10.77164048572766,A,0.0,0.0,0.0,0.0,0.0,0.0
2724031,Monterey,20.503003065456976,A,0.011576964111411256,0.039444911054109064,0.0019294940185685425,0.23736253066495036,0.8087391322590759,0.03956042177749173
2716727,Monterey,70.38549377904137,A,0.02509282219100011,0.03680075050540197,0.0,1.7661706802232293,2.5902389957620238,0.0
2717405,Monterey,12.119185054859525,A,0.003270572542581573,0.08125128257746769,0.0,0.039636673878888515,0.9846993295010146,0.0
2722429,Monterey,25.995723880290065,A,0.003802927807008124,0.02414784590238257,0.0,0.09885986120766022,0.6277407343821312,0.0
2725644,Monterey,31.56257191973589,A,0.009817054736102136,0.07261769282008053,1.7205654269583117e-05,0.3098514961482075,2.2920011522790804,0.0005430547003098281
2725645,Monterey,24.049434339294702,A,0.04570532551251524,0.20476411715740359,0.007382026314600795,1.0991872248693262,4.924461190620625,0.17753355714393748
2722433,Monterey,5.650025344744787,A,0.3271255394595783,0.32480277082932457,0.2898375436378129,1.8482675888599283,1.8351438872290164,1.637589467412216
2716751,Monterey,31.365778870105363,A,0.0,0.011190715850553612,0.0,0.0,0.35100551876664765,0.0
2717419,Monterey,16.72623353452814,A,0.0074342895016152434,0.05776869348387307,0.0,0.12434766236730739,0.9662526581958351,0.0
2715561,Monterey,3.251090437067629,A,0.0,0.13081436954343778,0.0,0.0,0.42528934585370143,0.0
2725649,Monterey,52.22916001403509,A,0.012794674801396648,0.06259662838412837,0.00015297173587276315,0.6682551175296881,3.2693693202137313,0.007989585270523259
2716834,Monterey,8.650024999720848,A,0.0022809402840888765,0.06367848581344593,0.0,0.019730190480239156,0.5508204942306767,0.0
2716851,Monterey,5.696582023049518,A,0.015090529532957662,0.11552578079163882,0.0,0.08596443925574446,0.6581020860564091,0.0
2716852,Monterey,61.48503983946724,A,0.001060021175184904,0.03349162141596114,0.0,0.06517544418692271,2.059233677048725,0.0
2722459,Monterey,20.91244610727785,A,0.0,0.02621263541651229,0.0,0.0,0.548170325477536,0.0
2724038,Monterey,29.610131730592567,A,0.0006685385746757584,0.03842392686450163,0.0,0.0197955152631318,1.1377375360645479,0.0
2701237,Monterey,4.029437680099382,A,0.009780419982740433,0.03419311535142391,0.0,0.03940959280565125,0.13777902739701212,0.0
2701238,Monterey,1.5171427263034514,A,0.0,0.013000254906958953,0.0,0.0,0.01972324217218353,0.0
2701322,Monterey,12.596537504841695,A,0.0,0.012560493553511394,0.0,0.0,0.1582187281261286,0.0
2701363,Monterey,0.962427850517218,A,0.0,0.0,0.0,0.0,0.0,0.0
2701386,Monterey,1.0430166346941248,A,0.0,0.04647698495456577,0.0,0.0,0.04847626843804066,0.0
2701410,Monterey,8.8333524820074,A,0.008238576542429984,0.10077560188109777,0.0022197655646802833,0.07277425054928184,0.8901864130021847,0.01960797166024314
2725653,Monterey,14.44543214451881,A,0.012080896947588654,0.10827745292634519,0.006045812992865192,0.17451377710131633,1.564114599028849,0.08733438134688432
2701444,Monterey,0.620234636702974,A,0.0,0.0,0.0,0.0,0.0,0.0
2724039,Monterey,0.7587704939773615,A,0.025993883792048932,0.0,0.0,0.0197233920452831,0.0,0.0
2701609,Monterey,12.646125859389564,A,0.008726496146104374,0.06012813589277824,0.0,0.11035636857511388,0.7603879741905527,0.0
2701670,Monterey,80.044900558171,A,0.004055092727938031,0.02344674169572381,0.0,0.32458949416196203,1.8767921074473337,0.0
2724040,Monterey,3.145679804084608,A,0.0,0.0,0.0,0.0,0.0,0.0
2724041,Monterey,3.476031851216971,A,0.0,0.06255575379125781,0.0,0.0,0.21744579265529895,0.0
2700794,Monterey,9.950837544561177,A,0.0,0.015134664291991694,0.0,0.0,0.15060258566108034,0.0
2717065,Monterey,11.19051590231386,A,0.0,0.03875421504884956,0.0,0.0,0.4336796597858421,0.0
2725654,Monterey,53.43644554735408,A,0.0,0.008423002549257576,0.0,0.0,0.4500953170686271,0.0
2700381,Monterey,3.847826389837165,A,0.0,0.032636286715822554,0.0,0.0,0.12557876529143414,0.0
2725655,Monterey,43.691069343851005,A,0.0002144834847716726,0.022869966285323305,0.0,0.009371012806269959,0.9992132828635951,0.0
2700333,Monterey,3.8721070760678273,A,0.0,0.04583033788641264,0.0,0.0,0.17745997562855784,0.0
2717075,Monterey,5.613240067188873,A,0.0,0.01757820578219569,0.0,0.0,0.09867068900591197,0.0
2700174,Monterey,6.42463421155437,A,0.014264870796204076,0.011503539086710642,0.0,0.09164657694069553,0.0739060307704341,0.0
2700134,Monterey,13.408162247270182,A,0.009638150676229754,0.028619936939122022,0.002945150895672363,0.12922988803052537,0.38374075798638924,0.03948906105186814
2700019,Monterey,1.1306564569040782,A,0.0,0.0,0.0,0.0,0.0,0.0
2715699,Monterey,33.226251063354376,A,0.0035670405453608668,0.021996750029725346,0.0,0.11851938471332467,0.7308695390655022,0.0
2715487,Monterey,0.6039514593404626,A,0.0,0.0,0.0,0.0,0.0,0.0
2715349,Monterey,15.037825857555694,A,0.0,0.003944417231689397,0.0,0.0,0.059315459439687065,0.0
2715312,Monterey,1.9687597735437972,A,0.0,0.020064521205444955,0.0,0.0,0.03950222222469652,0.0
2715289,Monterey,3.733115131130278,A,0.005288920230638404,0.10980213216078319,0.0,0.019744148140337266,0.40990400099978624,0.0
2715279,Monterey,7.448526753282135,A,0.0,0.0026534859521331945,0.0,0.0,0.019764561103922416,0.0
2724859,Monterey,12.77079384326816,A,0.0,0.004144694124000994,0.0,0.0,0.05293103420102162,0.0
2715138,Monterey,1.305051003444871,A,5.932253663166637e-05,0.0,0.0,7.74189359580513e-05,0.0,0.0
2722472,Monterey,23.4687306080105,A,0.011366637614557746,0.060910387449488936,0.0,0.2667605560949348,1.4294894742815996,0.0
2724045,Monterey,63.32719221253867,A,0.008560631378698677,0.0541634685185933,0.0,0.5421207487795411,3.430020381774745,0.0
2725660,Monterey,29.848963364144925,A,0.0,0.04268859715201546,0.0,0.0,1.2742103724572509,0.0
2714721,Monterey,2.692169030950903,A,0.0,0.0,0.0,0.0,0.0,0.0
2714686,Monterey,0.9698275132499312,A,0.0,0.0,0.0,0.0,0.0,0.0
2714658,Monterey,2.9189429871873185,A,0.0,0.0,0.0,0.0,0.0,0.0
2714640,Monterey,3.78084850889169,A,0.004686284942495804,0.05928457414152989,0.0,0.01771813343707684,0.22414599374328212,0.0
2714595,Monterey,2.85702786172935,A,0.0,0.0,0.0,0.0,0.0,0.0
2714538,Monterey,8.647725683319548,A,0.0,0.05618441486162602,0.0,0.0,0.48586740740116385,0.0
2714408,Monterey,18.808880112125586,A,0.00019760242392306677,0.00547111711236991,0.0,0.0037166803014343796,0.10290558584596438,0.0
2714288,Monterey,2.2558547317644844,A,0.0,0.026215688290325896,0.0,0.0,0.05913878447619446,0.0
2717450,Monterey,15.541406083725327,A,0.01526374859708193,0.11488215488215486,0.0,0.23722011530714304,1.785430220796997,0.0
2714086,Monterey,4.157388903209059,A,0.0,0.001563314226159458,0.0,0.0,0.006499305216064188,0.0
2724046,Monterey,3.273545341913416,A,0.0,0.0,0.0,0.0,0.0,0.0
2714002,Monterey,2.54143738222006,A,0.0,0.023330283623055816,0.0,0.0,0.05929245493743052,0.0
2713964,Monterey,16.974361283299793,A,0.0009679569715731126,0.0,0.0,0.01643045134217076,0.0,0.0
2713953,Monterey,26.73742582203284,A,0.03283438233039925,0.04714970852590753,0.016591378869870176,0.8779068619713157,1.260661834241922,0.44361076181839687
2713846,Monterey,12.729567800155404,A,0.003690778535016718,0.026870816660880797,0.0,0.04698201559685355,0.34205388253022756,0.0
2713826,Monterey,1.844301485091946,A,0.0,0.0,0.0,0.0,0.0,0.0
2725663,Monterey,22.86126871450137,A,0.0,0.0025994916398855684,0.0,0.0,0.05942767690052381,0.0
2713762,Monterey,16.044430943222615,A,2.9026593197134116e-05,0.11041232275636531,0.0,0.0004657151700684337,1.77150288774531,0.0
2724047,Monterey,13.55477924110539,A,0.003994179909275057,0.02619040826224644,0.0,0.05414022691948175,0.35500520222917314,0.0
2713681,Monterey,1.001483626873233,A,0.0790859798605732,0.15801704105344694,0.0,0.07920331394559031,0.15825147938198258,0.0
2713672,Monterey,19.732780916874653,A,0.0,0.0,0.0,0.0,0.0,0.0
2713656,Monterey,1.5586865068872455,A,0.0,0.023175028534564036,0.0,0.0,0.03612260427355186,0.0
2713559,Monterey,15.988253304756048,A,0.020672398492849773,0.057434644088508735,0.0005528157232429919,0.33051554352053936,0.9182796381555872,0.00883855781406087
2724048,Monterey,1.8064076476723283,A,0.0,0.12011819116135666,0.0,0.0,0.21698241913844135,0.0
2713393,Monterey,0.95587889225328,A,0.0,0.0,0.0,0.0,0.0,0.0
2717458,Monterey,13.214692672549434,A,0.004491281629777492,0.06222626665883875,0.0029941877531849946,0.059350906443376504,0.8223009900566636,0.039567270962251
2712708,Monterey,3.5458754508097723,A,0.0,0.01634651106886078,0.0,0.0,0.05796269230546365,0.0
2712616,Monterey,3.3734705333392845,A,0.0,0.07519882652242671,0.0,0.0,0.2536810254150992,0.0
2712604,Monterey,2.6994899536564647,A,0.0,0.014663599769982747,0.0,0.0,0.039584240263507674,0.0
2712552,Monterey,11.087110147155498,A,0.00324172938911255,0.008240854192193245,0.0,0.035941410804361945,0.09136725813549464,0.0
2712444,Monterey,0.6251648329789894,A,0.0,0.0,0.0,0.0,0.0,0.0
2717466,Monterey,24.289476382522537,A,0.0016269291871096171,0.02011650089002597,0.0,0.03951725806633564,0.48861927326727933,0.0
2717115,Monterey,15.211138213275513,A,0.0013010801516396165,0.023628636008796326,0.0,0.01979091001313967,0.3594184481209796,0.0
2712154,Monterey,14.406888240507705,A,0.00962134483223285,0.058250909580919004,0.0,0.13861363972136503,0.8392143442402196,0.0
2725670,Monterey,17.8194310836221,A,0.0,0.04934478241379463,0.0,0.0,0.8792959495589411,0.0
2717120,Monterey,30.647878347830986,A,0.0032245990116287894,0.06447174745446362,0.0,0.09882711822893517,1.975922272856483,0.0
2725671,Monterey,12.634713038322069,A,0.015841171093237134,0.08990570147184236,0.004693453093077617,0.20014865095401388,1.1359327386057783,0.05930043298986081
2722493,Monterey,12.851293447933651,A,0.00727915279587012,0.11570656631446904,0.0015378491822260817,0.09354652863207359,1.4869790375600365,0.019763351119452165
2711481,Monterey,12.919465013038376,A,0.0,0.07551255443454057,0.0,0.0,0.9755818050622027,0.0
2711345,Monterey,2.443415559198721,A,0.0,0.04025892011367224,0.0,0.0,0.0983692718022851,0.0
2711255,Monterey,7.265849441612169,A,0.0027253780794100355,0.08075669320793032,0.0,0.019802186796463454,0.5867659742512857,0.0
2711119,Monterey,20.68830077044077,A,0.0019110571518503531,0.06526822249201854,0.0,0.039536525146982,1.3502886176669266,0.0
2710878,Monterey,1.2137513085415077,A,0.02521971723347344,0.0,0.0,0.030610464793175203,0.0,0.0
2710838,Monterey,1.7237420146376887,A,0.0,0.012413174994398387,0.0,0.0,0.021397111272894457,0.0
2710792,Monterey,5.569982680352663,A,0.0,0.01343714680396835,0.0,0.0,0.07484467497145984,0.0
2710733,Monterey,5.0939201623464605,A,0.0,0.0641142371543901,0.0,0.0,0.3265928053342103,0.0
2724052,Monterey,10.904523350460568,A,0.0,0.18380570245707561,0.0,0.0,2.0043135743909883,0.0
2710215,Monterey,1.990298519518919,A,0.0,0.0,0.0,0.0,0.0,0.0
2710214,Monterey,2.906130956178791,A,0.0,0.0,0.0,0.0,0.0,0.0
2710213,Monterey,6.034919743719923,A,0.0,0.003268979309283901,0.0,0.0,0.019728027775409333,0.0
2710199,Monterey,0.6672516617014916,A,0.0,0.0,0.0,0.0,0.0,0.0
2722504,Monterey,5.0127356721985885,A,0.0,0.015730787618944805,0.0,0.0,0.07885428024926452,0.0
2717163,Monterey,12.010757324318508,A,0.010781931725173522,0.05281406484626242,0.0,0.12949916543842996,0.634336916179279,0.0
2722516,Monterey,19.381246972450203,A,0.00205569575702796,0.045289297184016766,0.0,0.03984194716717688,0.8777630539321225,0.0
2725676,Monterey,34.35562322823219,A,0.0,0.030099084782540187,0.0,0.0,1.0340728163035677,0.0
2725677,Monterey,45.47184468940493,A,0.0,0.015990189191441736,0.0,0.0,0.7271033994674401,0.0
2722520,Monterey,16.682470951734025,A,0.0,0.0035474970437524636,0.0,0.0,0.0591810163837628,0.0
2718169,Monterey,2.8664172255414746,A,0.0,0.0,0.0,0.0,0.0,0.0
2718452,Monterey,1.779600911449991,A,0.007010363145519463,0.011103370199425238,0.0,0.012475648643361863,0.019759567727063825,0.0
2718453,Monterey,1.298174222463374,A,0.0,0.0883348174532502,0.0,0.0,0.11467398296381716,0.0
2718960,Monterey,0.4159466552427966,A,0.0,0.0,0.0,0.0,0.0,0.0
2718667,Monterey,1.670150470474471,A,0.0,0.011824715974959423,0.0,0.0,0.019749054948805474,0.0
2718668,Monterey,1.319548939007201,A,0.0,0.0,0.0,0.0,0.0,0.0
2718669,Monterey,1.0359155312211243,A,0.0,0.0,0.0,0.0,0.0,0.0
2718670,Monterey,0.8363637915358383,A,0.0,0.0,0.0,0.0,0.0,0.0
2718671,Monterey,1.6532409279677702,A,0.0,0.0,0.0,0.0,0.0,0.0
2722534,Monterey,27.10492977250176,A,0.006555288646925584,0.0017195136232894125,0.0,0.177680638413396,0.04660729600211957,0.0
2718602,Monterey,0.719041063595839,A,0.0,0.0,0.0,0.0,0.0,0.0
2724057,Monterey,5.9235565785365285,A,0.0,0.01803225174642554,0.0,0.0,0.1068150634583658,0.0
2722535,Monterey,4.4221542251318775,A,0.0,0.0,0.0,0.0,0.0,0.0
2722536,Monterey,6.52834015705244,A,0.0,0.006046307602935421,0.0,0.0,0.03947235272613479,0.0
2722537,Monterey,47.09352259397229,A,0.0004337649436275677,0.03234185440467037,0.0,0.020427519173197975,1.5230918511373062,0.0
2722538,Monterey,24.349272307763137,A,0.0016205292457866236,0.03759627850224966,0.0,0.03945870788835251,0.9154420230097783,0.0
2722542,Monterey,13.201093033972771,A,0.0014944967355502673,0.019428457562153476,0.0,0.01972899044496768,0.2564768757845799,0.0
2722548,Monterey,5.784371723940602,A,0.0,0.062016023150505084,0.0,0.0,0.3587237307430274,0.0
2722549,Monterey,26.8347791915202,A,0.0,0.04356494491987558,0.0,0.0,1.169055677415601,0.0
2722550,Monterey,5.128723560295987,A,0.0,0.11610809178743964,0.0,0.0,0.5954863058912507,0.0
2725678,Monterey,38.57892031588629,A,0.0,0.021848274645699592,0.0,0.0,0.8428828465960434,0.0
2716470,Monterey,3.112267761610908,A,0.0,0.0825571549534293,0.0,0.0,0.2569399718518743,0.0
2718540,Monterey,1.5325835484599393,A,0.0,0.0,0.0,0.0,0.0,0.0
2722564,Monterey,22.113074524733825,A,0.0,0.03973875963297612,0.0,0.0,0.8787461532844851,0.0
2718454,Monterey,1.1910724198744118,A,0.0,0.09587347045040354,0.0,0.0,0.11419224645112006,0.0
2722574,Monterey,4.044418464622983,A,0.0,0.0048880539794510045,0.0,0.0,0.019769335770565492,0.0
2722575,Monterey,13.275278279158863,A,0.0330552981155391,0.07668409487004625,0.0005129370894317476,0.4388182810843372,1.0180026989852826,0.006809382601908246
2725683,Monterey,37.74648732226658,A,0.0070125622048991375,0.06626696637339789,0.0005239388696892119,0.26469959036383106,2.5013452060985295,0.01977685190236652
2722605,Monterey,36.845558992546565,A,0.8325707553631606,0.8351314156130729,0.7925085408030146,30.67653488220239,30.7708838405004,29.20042019225447
2722611,Monterey,31.38358181747721,A,0.0,0.001127797233928889,0.0,0.0,0.03539431676453177,0.0
2722612,Monterey,29.68117070106241,A,0.0008544909115614974,0.03458989662489157,0.0,0.025362290608563227,1.0266686262555091,0.0
2725685,Monterey,19.124623230082005,A,0.3690059808321229,0.33162780884059495,0.289335940986959,7.057100353061212,6.342256896694036,5.5334408582968315
2722660,Monterey,43.78261983932676,A,0.002708256997658153,0.06273951700980103,0.0,0.11857458655566339,2.7469004221430935,0.0
2724063,Monterey,14.021144322704824,A,0.019809759903496586,0.07594663538421528,0.0,0.2777555026050568,1.0648587355459234,0.0
2724064,Monterey,3.380236272389565,A,0.002872374649570292,0.029298221425616975,0.0,0.009709304978369767,0.09903491077937161,0.0
2724065,Monterey,31.33244339617005,A,0.0,0.06685030639620645,0.0,0.0,2.094583441175763,0.0
2724066,Monterey,12.14479166532105,A,0.006485208612868189,0.036374672544885314,0.0,0.07876150750942987,0.4417628199519056,0.0
2712658,Monterey,10.283628997210332,A,0.003955666397932506,0.060178871467213194,4.5207615976371495e-05,0.04067860567306926,0.618857187639627,0.000464898350549363
2722727,Monterey,42.645565538982346,A,0.012053863487679003,0.03847314094642729,0.0004634004506796542,0.5140438253617612,1.64070885372137,0.01976197429025315
2722728,Monterey,10.22438699393677,A,0.01572307972223064,0.06079237044000363,0.0,0.16075885181660593,0.6215647216573593,0.0
2722729,Monterey,17.2148357430346,A,0.003666683183257582,0.021725323087040928,0.0,0.06312134872152651,0.373997868407767,0.0
2725688,Monterey,40.30303140758898,A,0.007894529243237315,0.03282107721938633,7.31153086139454e-05,0.3181734600383232,1.3227889060038307,0.0029467685794434028
2718033,Monterey,1.9930747853534168,A,0.0,0.0,0.0,0.0,0.0,0.0
2722741,Monterey,17.82409664075524,A,0.0,0.0370803668894852,0.0,0.0,0.6609240429128449,0.0
2700652,Monterey,2.7599715256020554,A,0.49876130495776494,0.13536101244664656,0.1137510073724741,1.3765669997555545,0.3735925400294099,0.313949541356578
2722746,Monterey,37.87760759324328,A,0.0,0.04418346235780193,0.0,0.0,1.673563849299657,0.0
2722767,Monterey,16.196042163986696,A,1.9145992982993578e-05,0.032988545909697936,0.0,0.00031008930962395743,0.5342838804820786,0.0
2722769,Monterey,14.062668557671255,A,0.01436721477581858,0.06191283852990735,0.007654437921957771,0.2020413794892138,0.8706597277107055,0.10764182349176205
2724068,Monterey,26.598826744086196,A,0.01707836332351483,0.06730146694275131,7.582606666861091e-05,0.45426442711472703,1.7901400588330867,0.002016884410003911
2719058,Monterey,12.63212139511037,A,0.0,0.028437269825681313,0.0,0.0,0.35922304458351545,0.0
2722778,Monterey,14.04255729089942,A,3.858641427476835e-05,0.009839535640065929,0.0,0.0005418519331038138,0.1381722429414725,0.0
2718185,Monterey,6.255243000769396,A,0.0,0.0013384724063998808,0.0,0.0,0.008372470151855825,0.0
2722779,Monterey,22.781393592548795,A,0.0,0.005204878297698627,0.0,0.0,0.11857438110118777,0.0
2722780,Monterey,3.0524216493249186,A,0.0,0.0,0.0,0.0,0.0,0.0
2722795,Monterey,28.410749267180968,A,0.0013918302294609523,0.027129773158963387,0.0,0.03954293967169807,0.7707771828948049,0.0
2722799,Monterey,10.778582402298406,A,0.001085760715595407,0.05066403974890886,0.0,0.011702961342223579,0.546086527266936,0.0
2724070,Monterey,21.21954165462285,A,0.00047865246542558065,0.05283446297751066,0.0,0.010156785928186033,1.1211230879509164,0.0
2724071,Monterey,24.974424209917355,A,0.004173506148551994,0.0343716933884836,0.0,0.10423091299663587,0.8584132514972012,0.0
2722802,Monterey,12.597007356085571,A,0.007848858683607888,0.06000837211592917,0.0,0.09887213057428468,0.75592590497108,0.0
2718218,Monterey,2.9311195783155988,A,0.0,0.011213128594797103,0.0,0.0,0.032867020758380265,0.0
2724073,Monterey,9.363615862969915,A,0.0,0.011893045297781013,0.0,0.0,0.11136190760932205,0.0
2701084,Monterey,3.7108342449205822,A,0.0,0.003072421360643745,0.0,0.0,0.011401246399902299,0.0
2722848,Monterey,32.24213131156644,A,0.0011496353876051025,0.06515402228079965,0.0,0.0370666951275873,2.100704541854268,0.0
2722849,Monterey,51.28987594892178,A,0.004498726318910384,0.020260907974272248,0.001157204315388851,0.23073911482506312,1.0391794566129438,0.059352865783851134
2723663,Monterey,0.9855646928646477,A,0.0,0.0,0.0,0.0,0.0,0.0
2722874,Monterey,3.442727509509315,A,0.02413055711873944,0.04328643781654473,0.005740011254924029,0.0830749328124701,0.14902341025968288,0.019761294652220037
2722875,Monterey,5.695484905860211,A,0.0,0.015540439221887479,0.0,0.0,0.08851033701869813,0.0
2711919,Monterey,9.636571452745237,A,0.3715266361398246,0.4304204524494983,0.29325816566291624,3.580242975759501,4.147777444752524,2.826003267511692
2714436,Monterey,4.544229285768636,A,0.004349383410939979,0.009824489587064424,0.0,0.019764595471029735,0.044644733299267166,0.0
2722918,Monterey,29.56504087588606,A,0.0009162004720138823,0.028509848498770095,0.0,0.027087504405596534,0.8428948362314567,0.0
2722919,Monterey,33.56293212151577,A,0.012971578139306886,0.06223582837746598,0.0,0.4353641965984949,2.088816883359196,0.0
2724916,Monterey,41.677258014689,A,0.017463878100680032,0.0363451036412065,0.0,0.7278465535391186,1.514764262025176,0.0
2724788,Monterey,7.341163181047932,A,0.009672446199657873,0.0,0.0,0.07100700591159537,0.0,0.0
2724789,Monterey,8.407904356995306,A,0.020340390203403894,0.035284350352843497,0.0023522900235228997,0.17102005541418425,0.2966674430654217,0.01977782953769478
2724790,Monterey,10.661748745518569,A,0.0,0.0,0.0,0.0,0.0,0.0
2701607,Monterey,29.35115112078249,A,0.008107651447549753,0.0457154322584733,0.0013464351150277998,0.2379689028716637,1.3418005607703445,0.03951942053550911
2724742,Monterey,5.20254013353353,A,0.02340219255723768,0.0010739055858005819,0.0,0.1217508459917087,0.005587036909753363,0.0
2724084,Monterey,6.472775549289613,A,0.0,0.04623412684164544,0.0,0.0,0.29926312576335723,0.0
2724786,Monterey,9.1814248437708,A,0.0,0.0016636265369544656,0.0,0.0,0.015274462017150112,0.0
2724825,Monterey,1.5978470981901989,A,0.0,0.0,0.0,0.0,0.0,0.0
2724822,Monterey,3.701356736237209,A,0.0,0.052051926298157455,0.0,0.0,0.19266274803780783,0.0
2724827,Monterey,4.456533502287824,A,0.0,0.026587887740029546,0.0,0.0,0.11848981246850937,0.0
2724772,Monterey,4.15247073226409,A,0.0,0.10177727111327065,0.0,0.0,0.4226271395075638,0.0
2724800,Monterey,1.2348279683929522,A,0.05991189427312775,0.0,0.0,0.07398088268785968,0.0,0.0
2724820,Monterey,0.5650027296029471,A,0.0,0.0,0.0,0.0,0.0,0.0
2724821,Monterey,1.0582126135213037,A,0.004466900995899238,0.027460456942003515,0.0,0.004726930977211447,0.029059001909086765,0.0
2724914,Monterey,7.336734899898557,A,0.005929020551124615,0.04035320926699582,0.0,0.04349965199965174,0.29606079875207814,0.0
2724087,Monterey,29.39766390104861,A,0.0,0.012516066499504826,0.0,0.0,0.3679431163156168,0.0
2724815,Monterey,0.962237628951918,A,0.0,0.0,0.0,0.0,0.0,0.0
2724872,Monterey,6.612453617086797,A,0.0029712314880626406,0.036843270451976745,0.0,0.019647130400441994,0.24362441696548073,0.0
2724756,Monterey,5.43195047375508,A,0.0,0.02904328018223234,0.0,0.0,0.1577616595452785,0.0
2724774,Monterey,10.164128217792088,A,0.0,0.04270945230422295,0.0,0.0,0.43410434933179776,0.0
2724823,Monterey,2.214685759315256,A,0.026779150768369096,0.11478279133265656,0.0,0.059307403853263226,0.2542078133788891,0.0
2724830,Monterey,8.57785835482313,A,0.0,0.02303231750275484,0.0,0.0,0.19756795712194464,0.0
2724911,Monterey,4.872969423444962,A,0.0,0.02086679920477137,0.0,0.0,0.10168327449001653,0.0
2724889,Monterey,19.580624546076727,A,0.004510301623946178,0.08831717042921122,0.0,0.08831452268805026,1.729305355146255,0.0
2724777,Monterey,1.6527140195828056,A,0.0,0.008720112517580871,0.0,0.0,0.01441185221014542,0.0
2724099,Monterey,10.978978663677392,A,0.0,0.08128385946867493,0.0,0.0,0.8924137588079336,0.0
2724812,Monterey,0.8971110859546187,A,0.0,0.0,0.0,0.0,0.0,0.0
2724100,Monterey,0.8279213803245985,A,0.0,0.009649285581740583,0.0,0.0,0.00798884983798091,0.0
2724101,Monterey,1.0203209411321956,A,0.0,0.06305007587253413,0.0,0.0,0.06433131275272036,0.0
2724102,Monterey,0.8116530245595415,A,0.0,0.0,0.0,0.0,0.0,0.0
2724862,Monterey,12.97245783625232,A,0.0,0.07276434153814972,0.0,0.0,0.9439323525863104,0.0
2724105,Monterey,1.1726151682332635,A,0.0,0.01681725252258788,0.0,0.0,0.01972016539599566,0.0
2724106,Monterey,0.8810571391859913,A,0.0,0.0,0.0,0.0,0.0,0.0
2724107,Monterey,0.7628173965708593,A,0.0,0.0,0.0,0.0,0.0,0.0
2724108,Monterey,0.7734942243787742,A,0.0,0.0,0.0,0.0,0.0,0.0
2724109,Monterey,0.4223296477675171,A,0.0,0.0,0.0,0.0,0.0,0.0
2724110,Monterey,0.2160097252263234,A,0.0,0.0915948275862069,0.0,0.0,0.01978537353904902,0.0
2706910,Monterey,22.572793988214123,A,0.10138065972138352,0.25992014879791864,0.045540030850032276,2.2884447462800277,5.867123972201378,1.0279657345946942
2724418,Monterey,1.8300241609391408,A,0.0,0.0,0.0,0.0,0.0,0.0
2724419,Monterey,1.5894800949623171,A,0.0,0.03030598323913467,0.0,0.0,0.048170757116866164,0.0
2725948,Monterey,14.771063213061876,A,0.0,0.016831184634266593,0.0,0.0,0.24861449218346757,0.0
2725949,Monterey,0.83604401392056,A,0.0,0.0009268699601445916,0.0,0.0,0.0007749040818616739,0.0
2725950,Monterey,0.1530359914697565,A,0.0,0.17215189873417722,0.0,0.0,0.02634543650618593,0.0
2726554,Monterey,6.060109856071165,A,0.004414785704260395,0.2585711916093552,0.004414785704260395,0.026754086358830496,1.5669698267679193,0.026754086358830496
2726556,Monterey,2.59472337242424,A,0.0,0.0,0.0,0.0,0.0,0.0
2726568,Monterey,3.397740234195094,A,0.0,0.26756386861313863,0.0,0.0,0.9091125216037511,0.0
2726604,Monterey,12.786007509614343,A,0.0,0.02083673654596606,0.0,0.0,0.2664186699525777,0.0
2726547,Monterey,23.594859618117244,A,0.0,0.1283231419273567,0.0,0.0,3.027766519531716,0.0
2726581,Monterey,9.509533318953126,A,0.0,0.0119705415632502,0.0,0.0,0.11383426384164101,0.0
2726550,Monterey,14.249639977309704,A,0.0,0.15862364750783123,0.0,0.0,2.260329868874275,0.0
2727142,Monterey,2.6233783388098577,A,0.0,0.012229789754219721,0.0,0.0,0.03208336552941875,0.0
2726570,Monterey,4.884537565446844,A,0.0,0.0011717574778712016,0.0,0.0,0.005723493418255133,0.0
2725965,Monterey,1.289428463365199,A,0.0,0.0432804549536067,0.0,0.0,0.055807050524575796,0.0
2725966,Monterey,0.2998202507983356,A,0.0,0.0,0.0,0.0,0.0,0.0
2725967,Monterey,0.1656770985151769,A,0.0,0.0,0.0,0.0,0.0,0.0
2726539,Monterey,1.7137543728353273,A,0.0,0.0,0.0,0.0,0.0,0.0
2726589,Monterey,2.066884493950889,A,0.0,0.004269822839806734,0.0,0.0,0.00882523061951389,0.0
2725976,Monterey,0.3233868892751399,A,0.0,0.0,0.0,0.0,0.0,0.0
2726486,Monterey,0.3928743429809,A,0.0,0.0,0.0,0.0,0.0,0.0
2726482,Monterey,0.1755594109468256,A,0.004862953138815208,0.0,0.0,0.0008537371885124145,0.0,0.0
2726442,Monterey,3.430157398511535,A,0.0,0.0,0.0,0.0,0.0,0.0
2726443,Monterey,3.1972397070606307,A,0.018551750897274226,0.03606072363953827,0.006183916965758075,0.05931439460426284,0.1152947774856717,0.01977146486808761
2725982,Monterey,13.915307516933698,A,0.0003455078407989032,0.25172475285043966,0.0,0.00480784785422851,3.5028273455380003,0.0
2726590,Monterey,6.926150473388751,A,0.0,0.023103563847614788,0.0,0.0,0.1600187596801244,0.0
2726623,Monterey,0.6577638377849763,A,0.0,0.0,0.0,0.0,0.0,0.0
2726559,Monterey,0.1095623210076874,A,0.0,0.0,0.0,0.0,0.0,0.0
2726576,Monterey,0.2539227071474774,A,0.0,0.0394939833384758,0.0,0.0,0.010028419165343142,0.0
2726532,Monterey,0.2246724248581074,A,0.0,0.0,0.0,0.0,0.0,0.0
2726665,Monterey,9.41257250768291,A,0.0,0.0,0.0,0.0,0.0,0.0
2726514,Monterey,1.1135835660813982,A,0.0,0.0,0.0,0.0,0.0,0.0
2726507,Monterey,1.0609643621329017,A,0.0,0.0,0.0,0.0,0.0,0.0
2726035,Monterey,0.5723537464534156,A,0.0,0.0,0.0,0.0,0.0,0.0
2726619,Monterey,5.720010108530923,A,0.0,0.0034571114816773097,0.0,0.0,0.01977471262151253,0.0
2726039,Monterey,0.1425062490994678,A,0.0,0.0,0.0,0.0,0.0,0.0
2726040,Monterey,0.1027460789865298,A,0.0,0.008289374529012811,0.0,0.0,0.0008517007301068786,0.0
2726645,Monterey,3.123466986677738,A,0.0,0.03439651329800406,0.0,0.0,0.10743637374313748,0.0
2726045,Monterey,1.114424194233843,A,0.0024391943689455707,0.0,0.0,0.002718297219191895,0.0,0.0
2726592,Monterey,4.343516347707152,A,0.0,0.0,0.0,0.0,0.0,0.0
2726555,Monterey,2.274624940657674,A,0.0,0.0,0.0,0.0,0.0,0.0
2726046,Monterey,9.972233780814529,A,0.006911725832283747,0.017842981760507536,0.0,0.0689253458284284,0.17793438546259074,0.0
2726047,Monterey,7.755213764884565,A,0.0,0.03184350278530637,0.0,0.0,0.24695317112274795,0.0
2726048,Monterey,2.010212910122964,A,0.0,0.10353166986564298,0.0,0.0,0.20812069937050418,0.0
2726049,Monterey,7.115395254502699,A,0.0,0.00906952942969754,0.0,0.0,0.06453328666464245,0.0
2726566,Monterey,1.4996605113406147,A,0.0,0.06596306068601582,0.0,0.0,0.09892219731798248,0.0
2700801,Monterey,34.689461740358,A,0.19212873986537826,0.13561844657590572,0.02557232119711448,6.664842570783234,4.704530913781666,0.8870900577794486
2726662,Monterey,3.491117875379804,A,0.06468960592671934,0.1265452760298121,0.06468960592671934,0.22583903960204518,0.4417844751925485,0.22583903960204518
2726253,Monterey,12.682193212174525,A,0.035006491756693826,0.058799392469562194,0.00045932240758433127,0.4439590921387859,0.7457052560574675,0.005825215519665666
2726269,Monterey,2.2334280499839307,A,0.0,0.0,0.0,0.0,0.0,0.0
2726573,Monterey,1.686332708274059,A,0.004365407591214044,0.09865821156143738,0.0,0.007361529606012114,0.16637056909587378,0.0
2726265,Monterey,1.3218112683285903,A,0.0,0.0,0.0,0.0,0.0,0.0
2726503,Monterey,10.081440763675213,A,0.0,0.006872509195340516,0.0,0.0,0.06928479435063861,0.0
2726120,Monterey,0.3457781492311228,A,0.0,0.0,0.0,0.0,0.0,0.0
2727190,Monterey,1.1964571820740455,A,0.0,0.0,0.0,0.0,0.0,0.0
2714782,Monterey,54.71164351805384,A,0.008153796943423048,0.06533086497334915,0.0,0.4461076316871588,3.574358995147989,0.0
2726144,Monterey,115.69689453799748,A,0.01820815311846292,0.0546888038558442,0.0015382357140128248,2.1066267710785147,6.327324772118836,0.17796909517872303
