base_vh,base_vv,clear15,opt15,post_vh,post_vv,pre_vh,pre_vv,field_id,crop_class,d_vv,d_vh
0.9186552406064603,0.8748187211601847,0.0,0.0,-22.310206668452693,-16.236866573623516,-24.33454615980122,-16.163312914315696,4400056,T20,-0.07355365930781943,2.0243394913485275
0.00994578571707165,0.0,0.0,0.0,-19.508976195596954,-10.781956994881645,-19.569158934764832,-11.678465484317533,4400039,T20,0.8965084894358881,0.060182739167878196
0.0,0.0,1.0,0.0,-17.326286924452816,-6.038332173141665,-17.628345872933174,-6.4749282219710995,4400035,T20,0.4365960488294345,0.30205894848035797
0.9959846754586311,0.8389449642672953,1.0,0.0,-23.75135461248025,-14.489474602169427,-25.591172805759467,-16.110467475554564,4400031,T20,1.6209928733851378,1.8398181932792177
0.6645363830025788,0.7759091078969991,0.0,0.0,-21.732380011186265,-14.444467774369715,-22.60754714840609,-16.03842556501163,4400011,T20,1.5939577906419142,0.875167137219826
0.0052836600223778556,0.0,1.0,0.0,-17.193038560320996,-8.965364455990661,-18.390041514301373,-9.364836125088276,4400006,T20,0.3994716690976148,1.1970029539803768
0.8832459554211831,0.6179280177543341,0.0,0.0,-22.406296336522924,-13.820172999092506,-24.855132459319787,-15.472422758381775,4400005,T20,1.652249759289269,2.4488361227968625
0.9395696520888641,0.5423711052116809,0.043488891993852176,0.0,-23.41713285501024,-13.538342675978845,-24.53459870761369,-15.17338000687721,4400004,T20,1.6350373308983652,1.1174658526034484
0.5011545775604456,0.17318663406682966,0.006927465362673187,0.0,-23.087637929847684,-12.652489102004365,-21.18002517115233,-13.955560162220989,4404078,T20,1.3030710602166238,-1.907612758695354
0.7732774475001069,0.6384671314315042,0.02814250887472734,0.0,-23.328648859594562,-13.937687942537702,-23.45429963311657,-15.45496529658428,4404045,T20,1.5172773540465787,0.1256507735220076
0.4119784071430396,0.07809501880420595,0.0,0.0,-20.731213606566445,-10.444524484190067,-21.651986765852396,-10.879627784771078,4405091,T20,0.43510330058101054,0.9207731592859503
0.0,0.0,0.2018543592686579,0.0,-17.431186844040134,-5.468895196389283,-18.13979999850067,-5.9263313123928105,4403743,T20,0.4574361160035272,0.7086131544605365
0.8030436055019022,0.7601697395376061,1.0,0.0,-24.066245258980004,-14.100899632018447,-23.633759238535458,-16.091436338457132,4403738,T20,1.9905367064386859,-0.4324860204445464
0.9831084182502523,0.20343339759478563,0.0,0.0,-23.9507841000145,-13.183142488724258,-24.692649512568163,-14.36787770189395,4403731,T20,1.1847352131696915,0.7418654125536648
0.3097752300497813,0.26964851410469154,0.0,0.0,-18.934658104013153,-12.00022282642691,-19.691693066531137,-13.017854238110223,4403728,T20,1.017631411683313,0.7570349625179844
0.0,0.0,0.0,0.0,-17.363010807014053,-9.961074435391266,-18.47822851617716,-10.98134461206622,4403726,T20,1.0202701766749538,1.1152177091631081
0.6169418546104831,0.03866520825737452,0.0,0.0,-21.801797102061148,-11.873043446210042,-22.389441942470295,-12.914074477400018,4403725,T20,1.0410310311899753,0.5876448404091477
0.022901448928272068,0.0,0.0,0.0,-18.51148472918335,-10.773893340071362,-18.925194893571646,-10.835012858010705,4404030,T20,0.06111951793934267,0.413710164388295
0.4867163608562692,0.0,0.0,0.0,-21.478207145569026,-10.524070049682821,-21.78940528966115,-11.006200833699442,4405096,T20,0.48213078401662024,0.3111981440921241
0.9262237949707791,0.40180151198327185,1.0,0.0,-23.459553261972616,-13.54062076281352,-24.877286535906215,-14.637199165597412,4403991,T20,1.0965784027838925,1.4177332739335995
0.9971058434399118,0.681532524807056,0.8807331863285555,0.0,-25.091107609455822,-15.564536451273533,-25.761386405213678,-16.312910053301128,4403956,T20,0.7483736020275948,0.6702787957578558
0.7493433186162185,0.4006594757726483,0.0,0.0,-21.37458563970102,-12.992297520325527,-22.881917440652565,-14.350016952116011,4403933,T20,1.3577194317904837,1.507331800951544
0.8272902338376892,0.8372489683631361,0.0,0.0,-24.706457450266484,-15.763740298212538,-24.79443285994497,-16.965152407058202,4403904,T20,1.2014121088456644,0.08797540967848505
0.8773811951866205,0.2854170915765857,0.19783805833163365,0.0,-22.023744885383106,-13.686908119746413,-23.50031128966832,-14.519922930929505,4403896,T20,0.8330148111830926,1.4765664042852151
1.0,0.9771578356113088,0.08827934843662234,0.0,-24.10376206064518,-16.03475667821539,-25.477644330783853,-16.81609795038912,4403892,T20,0.7813412721737301,1.3738822701386724
1.0,0.8843033822421205,0.0,0.0,-23.958428560503446,-16.402419447433243,-25.19378434673506,-16.60882380680163,4403887,T20,0.2064043593683884,1.2353557862316151
0.9580375180375179,0.8190476190476189,0.6653391053391052,0.0,-23.384194732789567,-15.824890423135116,-24.126895894025004,-15.69150526651398,4403881,T20,-0.13338515662113615,0.7427011612354377
0.817496202929418,0.021845521784419487,0.0,0.0,-22.3394660612455,-10.265161436476937,-23.380644840250593,-10.571065706212833,4404594,T20,0.3059042697358958,1.0411787790050937
0.00023276112889147521,0.0,0.0,0.0,-18.384530244938073,-11.93287448369972,-19.306150329729697,-12.041975909490775,4404595,T20,0.10910142579105475,0.9216200847916234
1.0,0.8680941484145144,0.0,0.0,-24.13992418426231,-15.188935836674215,-25.31449070815674,-16.197027375779818,4403864,T20,1.0080915391056031,1.1745665238944305
0.0,0.0,0.0,0.0,-16.46295944270832,-10.661867523267313,-17.115668250177677,-11.192600770272753,4403853,T20,0.5307332470054398,0.6527088074693559
0.21752951861943687,0.0,0.0,0.0,-19.477933667279633,-7.649892705058974,-20.50819934426809,-8.325775992078377,4403852,T20,0.6758832870194027,1.0302656769884564
0.9712328369473717,0.8921303956573486,0.06226595837324742,0.0,-23.674133759812012,-14.596343610013285,-24.536041443457584,-16.160977461256337,4403848,T20,1.5646338512430518,0.8619076836455726
0.7176843240328885,0.3007143819921822,1.0,0.0,-22.835116701730264,-12.637362224742263,-22.571712723617573,-14.513327835650585,4403840,T20,1.875965610908322,-0.26340397811269156
1.0,0.8592253478706101,1.0,0.0,-23.00955799900155,-14.779886256157422,-24.247188672429722,-16.187783899971098,4403838,T20,1.4078976438136763,1.2376306734281712
0.7213763282579696,0.4881089286535719,0.0,0.0,-21.276715824923755,-14.54116826770077,-22.83573606298949,-14.4623627184902,4403837,T20,-0.07880554921057126,1.5590202380657345
1.0,0.8518816393552495,0.04071579370664522,0.0,-25.29391950124728,-15.347324249503895,-26.666372189147307,-15.997764542305932,4403812,T20,0.6504402928020365,1.3724526879000258
0.9487136612282925,0.34692926928313805,0.48069894656379164,0.0,-23.38035667390437,-10.775165239668498,-24.984093007706395,-12.175409105890813,4404222,T20,1.400243866222315,1.6037363338020256
1.0,0.2513205236163209,0.0,0.0,-21.958173737339646,-12.967063441519608,-24.58281699815602,-14.06027289607325,4403806,T20,1.0932094545536426,2.6246432608163737
0.015853368245655794,0.0,0.0,0.0,-18.898869453378246,-8.967429336137716,-19.32499760716124,-9.692518069440332,4403769,T20,0.7250887333026164,0.42612815378299373
0.6914238818219124,0.07427164546573656,1.0,0.0,-20.598107387756027,-12.556996575121026,-23.1898826484895,-12.948001767720378,4403708,T20,0.3910051925993514,2.591775260733474
0.442959356056842,0.0,0.0,0.0,-21.993746741499884,-10.749038788130477,-22.157621024012425,-11.527668022012985,4403688,T20,0.7786292338825085,0.16387428251254121
0.926172776211228,0.3224814150217894,0.0,0.0,-21.050656378827835,-13.340981496811299,-23.351674911323737,-14.256968170959604,4403677,T20,0.9159866741483054,2.3010185324959025
0.8928719436386241,0.0,0.0,0.0,-22.128977890392246,-12.336452308243379,-23.39927705764577,-11.763504609389875,4403659,T20,-0.572947698853504,1.2702991672535227
0.9446622351002782,0.8700642008976761,0.0,0.0,-25.306341408580945,-15.585867379694998,-25.197631960269526,-16.764541585661373,4403658,T20,1.1786742059663755,-0.10870944831141927
0.9149908592321756,0.8779054583442153,0.0,0.0,-22.134129726519223,-14.199577236778342,-24.49947018320358,-16.996516068429848,4403643,T20,2.796938831651506,2.3653404566843577
0.1951494719460594,0.0,0.7930991778182943,0.0,-20.806149839445183,-10.082331757535616,-21.044583306582535,-10.191892223064777,4403635,T20,0.10956046552916021,0.23843346713735158
0.9890260631001372,0.42729766803840885,0.0,0.0,-22.295461396907267,-13.419651514980776,-24.36693015416639,-14.456621307608296,4403617,T20,1.03696979262752,2.0714687572591224
0.9876619370758792,0.9497920439394242,0.348828879027283,0.0,-24.048280908072577,-14.953830444722223,-25.12970667285596,-16.5541489505849,4403599,T20,1.6003185058626759,1.0814257647833827
0.7746800379594245,0.026340762779245425,0.0,0.0,-22.51802489235705,-12.565153631448291,-23.012217956214908,-13.20716111670459,4405110,T20,0.6420074852562987,0.4941930638578569
0.8921475875118258,0.11308735414695678,0.0,0.0,-23.559134635207847,-13.658924618115941,-23.393162626920663,-13.79269093901122,4403572,T20,0.13376632089527796,-0.16597200828718428
0.6970762185299397,0.15220693146775902,0.9971636673263681,0.0,-21.50525352254765,-12.909540819894042,-22.66967974193734,-13.58793003758787,4405111,T20,0.6783892176938284,1.1644262193896893
0.006673618352450467,0.0,0.0,0.0,-17.603911682993903,-6.372394191164639,-18.293530645200455,-7.217235079315395,4403523,T20,0.8448408881507561,0.689618962206552
0.09683478437444479,0.0,1.0,0.0,-19.255435469179783,-9.681707048426112,-19.696233024652923,-10.6191794867873,4403518,T20,0.937472438361187,0.44079755547313937
0.8702369285755465,0.03925750850291117,0.0,0.0,-22.060541089440118,-11.418012386159779,-23.910575684796132,-13.274358825916543,4403506,T20,1.8563464397567646,1.8500345953560142
0.19337530090278168,0.0,0.029188669342661202,0.0,-19.464950228284486,-7.669069115705921,-20.511241302780423,-8.431394618403377,4403500,T20,0.7623255026974567,1.0462910744959366
0.5794610740655044,0.11487410336776123,0.0,0.0,-20.929049098656357,-12.716928944277859,-22.298506245501702,-13.351339859683947,4403485,T20,0.6344109154060877,1.3694571468453454
0.9452207937395195,0.8464118329965173,1.0,0.0,-23.736663617611292,-14.79648293903027,-24.45698345193374,-16.15413407615448,4403476,T20,1.3576511371242113,0.7203198343224493
0.0620313565098841,0.0,0.0,0.0,-19.195033835069104,-12.165967272841659,-20.215299101092906,-12.840935719300708,4403465,T20,0.6749684464590491,1.0202652660238023
0.627834982165691,0.4023487448684299,0.0,0.0,-22.27130995987796,-13.807655145386983,-22.564481613068477,-14.797062400002224,4403459,T20,0.9894072546152408,0.29317165319051597
0.019630664183736806,0.0,0.013112973308504033,0.0,-17.92374283742773,-10.782967967066467,-18.81323794183133,-11.228927802880964,4403454,T20,0.44595983581449694,0.889495104403597
0.9722735674676525,0.1835859519408503,0.16754158964879856,0.0,-21.78222893337943,-11.466946039690798,-23.35445758201541,-13.685544653581582,4403435,T20,2.2185986138907836,1.5722286486359813
0.7414513086320265,0.569973809044122,0.04277550870895073,0.0,-22.37087042157523,-13.893977283441133,-23.73154372525589,-15.110002856135608,4404226,T20,1.216025572694475,1.3606733036806595
0.7918969957081542,0.801545064377682,1.0,0.0,-23.075735664546688,-14.485122079623073,-22.909121633044684,-15.656801516169478,4403375,T20,1.1716794365464054,-0.1666140315020037
0.9989153172696986,0.8053769272487797,0.0,0.0,-21.899297668411517,-14.69870315409576,-23.474982613004048,-15.772612729696208,4403364,T20,1.0739095756004478,1.5756849445925312
0.06781376518218625,0.0,0.5695344129554659,0.0,-17.9916515223661,-11.030667399112247,-19.095450221874678,-11.176691773747311,4403363,T20,0.1460243746350649,1.1037986995085767
0.3068839802702123,0.31260275931088705,0.0,0.0,-20.74722753100531,-14.093809465794804,-21.01968842794249,-14.411240628002286,4403362,T20,0.31743116220748213,0.27246089693717934
0.36530820279182025,0.0,0.0,0.0,-20.945982204952937,-11.246885810864768,-21.398361621486302,-11.155918910446593,4403359,T20,-0.09096690041817546,0.4523794165333648
0.9943774279288489,0.9875281128603556,1.0,0.0,-25.050867539385543,-15.26941345386951,-24.386477984109295,-16.825917247954592,4403340,T20,1.5565037940850832,-0.664389555276248
0.495001249687578,0.48494126468382887,0.0,0.0,-21.430753500586306,-15.133940717640455,-22.007037850775323,-14.769077233157097,4403328,T20,-0.36486348448335804,0.5762843501890167
0.013030368296360112,0.30799052336851174,0.0,0.0,-21.526949546952412,-14.715721189422558,-20.100691729630945,-13.523869401386948,4403308,T20,-1.1918517880356099,-1.426257817321467
0.006847230675593427,0.0,0.18162615015574093,0.0,-19.054833785288903,-10.452866752500157,-18.62165920524279,-10.464138852619621,4404603,T20,0.011272100119464668,-0.43317458004611353
0.38211654387139987,0.1893279749944184,0.0,0.0,-21.25060258220167,-12.97094824564947,-21.868477978406244,-13.63452255343118,4403299,T20,0.66357430778171,0.6178753962045747
0.0,0.0,0.7712455204360293,0.0,-17.01690305755814,-10.205899470635831,-17.232091065490312,-10.593686292317903,4400069,T20,0.3877868216820719,0.21518800793217352
0.9908706859515968,0.6954389230989546,0.0,0.0,-23.633667693192617,-14.398954606492735,-24.70810180973487,-15.019264623207256,4400093,T20,0.6203100167145212,1.0744341165422533
0.5458345525226768,0.2972557789574885,0.0,0.0,-21.016695398106332,-13.18617296401599,-22.117804858072677,-14.191144659648376,4405124,T20,1.0049716956323866,1.1011094599663451
0.011169158710142317,0.00574220861106107,0.0,0.0,-17.730125544970214,-12.046252052050741,-19.523552982264324,-12.949813887665258,4400140,T20,0.9035618356145161,1.7934274372941097
0.8744921488964534,0.5578858753339923,0.0,0.0,-22.56386282564925,-14.6497880300789,-23.596340350933446,-15.14001785516419,4400153,T20,0.4902298250852901,1.0324775252841967
0.893687707641196,0.7805094130675526,1.0,0.0,-24.103565199149063,-13.389966344685748,-25.51624994256726,-15.715030948616837,4400234,T20,2.3250646039310894,1.4126847434181968
0.5052069425901201,0.019859813084112145,0.0,0.0,-21.015945296945652,-10.932054561755807,-22.190192234750697,-11.738503650067244,4400235,T20,0.806449088311437,1.1742469378050444
0.19484302122297664,0.0,0.007385490265930431,0.0,-19.216858308181056,0.916075616628953,-20.821780562510316,0.6392657874092075,4404235,T20,0.2768098292197455,1.60492225432926
0.754240685835342,0.008602640188881905,0.0,0.0,-22.86864192925837,-12.043822586907124,-23.44357474536411,-12.170525923537154,4400280,T20,0.12670333663002964,0.5749328161057399
0.8297343568785551,0.6227978130004969,1.0,0.0,-22.2858722640031,-13.666027183461757,-23.49070995950382,-15.056303592005747,4400290,T20,1.3902764085439898,1.2048376955007214
0.6286944922132399,0.0,0.0,0.0,-20.343588017746196,-12.136508842548427,-22.4641704572142,-12.899850977976463,4400301,T20,0.7633421354280365,2.120582439468002
0.29169118827243057,0.05457171900914879,1.0,0.0,-21.344140033952748,-12.712931649485181,-21.472023223675315,-12.773996856228633,4400302,T20,0.06106520674345184,0.12788318972256718
1.0,0.41293532338308453,0.0,0.0,-22.85075182804517,-13.727588561511977,-25.321860960609595,-14.785673478185585,4400334,T20,1.0580849166736073,2.4711091325644254
0.9046936581870296,0.33801504836976,0.11955093753732236,0.0,-22.710057442407905,-14.303541343754986,-24.295978999130018,-14.578523187237781,4400344,T20,0.2749818434827951,1.5859215567221128
0.10195750997309584,0.0,1.0,0.0,-19.093775374003094,-12.127236464968668,-19.911602882363283,-12.387882091717335,4400345,T20,0.2606456267486674,0.8178275083601889
0.5173034663642165,7.08867937903169e-05,1.0,0.0,-21.492712176680993,-8.782691309722704,-22.229603311348573,-9.251125437574748,4405129,T20,0.46843412785204386,0.7368911346675802
0.980557507613024,0.6259857890216286,1.0,0.0,-23.375964254439165,-14.962739250376881,-25.02856103199544,-15.730912017834267,4400365,T20,0.7681727674573864,1.6525967775562762
0.34561699592971307,0.0458850392137397,0.0,0.0,-20.50731145371373,-13.350424744924757,-21.63430270991307,-13.790412115272327,4404105,T20,0.43998737034756985,1.1269912561993394
0.34671263235656247,0.0,0.0,0.0,-20.835409072008733,-12.514494073667663,-21.540504114460287,-13.29616492678419,4400385,T20,0.7816708531165268,0.7050950424515534
0.868638392857143,0.4512276785714284,0.0,0.0,-23.74545590937649,-14.517421194243289,-23.261726101173952,-14.73471971234508,4400387,T20,0.21729851810179213,-0.4837298082025363
0.915896468011843,0.19050260414790696,0.0,0.0,-23.929443205358474,-13.150294976742906,-24.10678034540464,-13.578979721424451,4400392,T20,0.4286847446815454,0.1773371400461663
0.6573747030167157,0.41539589546188393,0.0,0.0,-21.624837632831973,-13.933688357056132,-22.68518307296268,-14.619432020751162,4400396,T20,0.68574366369503,1.0603454401307069
0.031231288443742865,0.0,0.0,0.0,-18.453198399038087,-9.385364610531802,-19.21175187622149,-10.245718725182458,4400414,T20,0.8603541146506561,0.7585534771834048
0.9018481317798314,0.5382884692647649,0.0,0.0,-21.787270813237996,-13.900405901845161,-23.447888705735107,-15.193743094067383,4400426,T20,1.2933371922222214,1.6606178924971111
0.9344402959115049,0.7217596994503839,0.35641566754017767,0.0,-23.041762734372423,-15.297535926620625,-25.32962716381888,-15.767631970240586,4400462,T20,0.4700960436199608,2.287864429446458
0.0,0.0,0.0,0.0,-18.18787009429823,-11.55303864982258,-18.732737504693162,-10.903676499841668,4400469,T20,-0.649362149980913,0.5448674103949323
0.21405312767780638,0.050679397723099526,0.0,0.0,-20.346517717324474,-13.837886690761549,-21.054066795466788,-13.483546689767376,4400475,T20,-0.3543400009941724,0.7075490781423142
0.4401020573465088,0.0,0.0,0.0,-20.69740600359697,-10.401213375464286,-21.64620116901077,-10.888364189135258,4400484,T20,0.4871508136709721,0.9487951654137987
1.0,0.9031712242781508,0.0,0.0,-25.24815858178402,-15.599164891567964,-26.91168531511516,-17.246890640021014,4400496,T20,1.64772574845305,1.6635267333311425
0.596819615256503,0.011948072172931262,0.41275787634048117,0.0,-21.828193629960218,-11.346395409185332,-22.253116006394837,-12.057062399527277,4400497,T20,0.7106669903419451,0.42492237643461905
1.0,0.9835926449787835,0.5936350777934936,0.0,-23.339069509829727,-15.82594379782896,-25.336163798466504,-16.376618104913103,4400548,T20,0.550674307084142,1.9970942886367773
0.7006706286462024,0.6705741235483342,0.0,0.0,-22.121158347629382,-13.754385878888973,-23.160419707538395,-15.297145300878372,4400549,T20,1.5427594219893983,1.0392613599090126
1.0,0.8980749141919119,0.0,0.0,-26.374166003571503,-15.87127281464133,-25.811161369269485,-16.7787069531582,4400557,T20,0.9074341385168694,-0.5630046343020183
0.7902031816034022,0.782012915419751,0.0,0.0,-22.71514295838658,-14.806379118596974,-23.757229302334355,-16.05756173514073,4400564,T20,1.2511826165437565,1.0420863439477763
0.7320242838171123,0.0,0.0,0.0,-20.185194869063263,-7.764667524312846,-22.779068798205017,-8.55514223439594,4400579,T20,0.7904747100830933,2.593873929141754
0.20148254979008412,3.055543672885716e-05,0.7841197284232784,0.0,-20.60740739754213,-9.187405693382837,-20.578074967130803,-9.860347932403545,4400581,T20,0.672942239020708,-0.02933243041132627
0.25659134893306856,0.057682157488626935,0.0,0.0,-21.099073172641965,-14.108977642107682,-21.442789842507977,-13.519474150849389,4404616,T20,-0.5895034912582933,0.3437166698660121
0.9808529809280673,0.1898933773839916,0.6594083195675028,0.0,-24.99544234321439,-13.798741950655476,-23.74575394743034,-14.317269389436282,4400603,T20,0.5185274387808061,-1.2496883957840481
0.41738599703548684,0.09721858924056151,0.0,0.0,-21.562804311259736,-14.312545680739758,-22.173879647567766,-14.129677807827843,4400607,T20,-0.18286787291191509,0.6110753363080299
0.5893460776314257,0.0,0.0,0.0,-20.368309912494134,-7.314537179720523,-22.28480209476344,-7.00802861162063,4400617,T20,-0.30650856809989335,1.9164921822693053
0.37763228879968547,0.0,0.0,0.0,-21.01666628979265,-8.584706130067639,-21.49794968549293,-9.155511430651265,4400642,T20,0.5708053005836256,0.4812833957002809
0.003533936181270138,0.0,0.0,0.0,-17.49856927892699,-9.437306356617958,-19.031377242194147,-10.580565604285717,4400644,T20,1.1432592476677588,1.5328079632671567
0.40715749171366883,0.26449811332695217,0.0,0.0,-20.94937246079214,-12.821543719453594,-21.478419172174643,-13.964417040249893,4405302,T20,1.1428733207962996,0.5290467113825024
0.025268213383519002,0.0,0.08335609900876564,0.0,-18.675621350077368,-9.61313529935359,-19.289600564125752,-9.858707086663095,4405406,T20,0.24557178730950469,0.6139792140483848
0.0,0.0,0.0,0.0,-17.496973564380415,-11.363095562178433,-18.816985538174187,-10.84881426269769,4400668,T20,-0.5142812994807429,1.3200119737937719
1.0,0.8508757353185548,0.0,0.0,-24.419057209197486,-15.886274501128323,-25.815571068545,-15.951095346209192,4400685,T20,0.0648208450808685,1.3965138593475146
0.0,0.0,0.0,0.0,-17.05297041966986,-7.6265279994476245,-17.30339874045521,-7.3854900596400945,4400692,T20,-0.24103793980752997,0.2504283207853497
0.9104121249870236,0.8129347036229626,0.0,0.0,-24.234780120185704,-13.816684108082717,-23.833623508884035,-15.86123590460044,4400698,T20,2.044551796517723,-0.40115661130166913
0.9089676675930319,0.837931268216634,0.34684470955059993,0.0,-23.088357338414443,-14.747335140058013,-23.932576026387245,-15.851520822569581,4400699,T20,1.1041856825115683,0.844218687972802
0.9089167015988981,0.04419426312952871,0.0,0.0,-23.612294566283946,-11.821917970699436,-24.57625530759988,-12.733798654580578,4400713,T20,0.911880683881142,0.9639607413159332
1.0,0.8265814786210769,0.6891104402162463,0.0,-25.073235080353786,-14.592351015179089,-26.217018396162715,-16.127673276496125,4400719,T20,1.5353222613170363,1.1437833158089283
0.2956221198156681,0.10751728110599076,0.0,0.0,-20.739954417450978,-12.712241313327358,-20.97830117183229,-13.492242342026625,4400738,T20,0.7800010286992674,0.23834675438131114
0.44758176137936495,0.025555849615643184,0.0,0.0,-21.293682676854647,-12.426194847135783,-21.848307534245407,-12.757864011125275,4405137,T20,0.331669163989492,0.5546248573907597
0.06518306894218477,0.0,0.46579204571084837,0.0,-17.837522740182205,-8.22535810718082,-19.628916551064822,-8.987672733845416,4400759,T20,0.7623146266645957,1.7913938108826173
1.0,0.8109503032882837,0.7098542087900396,0.0,-24.416664136395866,-14.165729575824269,-24.492776750673475,-16.006049835116634,4400762,T20,1.8403202592923655,0.07611261427760851
0.3388488495107114,0.0,1.0,0.0,-21.002004351716543,-9.995069442794083,-21.726940317248573,-10.324021451897943,4400773,T20,0.32895200910386,0.7249359655320298
0.98821775512167,0.9242569972107341,0.0,0.0,-23.582988864015245,-16.011751635260623,-24.156077621823584,-16.249280511015975,4400774,T20,0.23752887575535198,0.573088757808339
0.28423373759647197,0.01403895626607865,0.0,0.0,-18.329870826459587,-10.529425290632133,-20.471247665970765,-11.283118183946861,4400793,T20,0.753692893314728,2.141376839511178
0.5472228920504781,0.0,0.0,0.0,-21.014558980158988,-8.40015839234901,-22.14920946760036,-9.213425209944864,4404240,T20,0.8132668175958546,1.1346504874413732
0.028266072460179908,0.0,0.0,0.0,-17.88714361152302,-10.27340992933787,-18.872162914336297,-10.40925362265924,4400796,T20,0.13584369332136959,0.9850193028132779
0.9399725506248343,0.5951457947075679,0.0,0.0,-23.781771305124657,-15.401260937543736,-24.86123639883515,-15.164991225144085,4400820,T20,-0.23626971239965044,1.0794650937104926
1.0,0.8180994729907773,0.016304347826086953,0.0,-22.792859675386755,-15.42319773038246,-25.17465559890721,-16.423988820169644,4400821,T20,1.0007910897871835,2.381795923520457
0.8463007639726579,0.5363892239646161,0.0,0.0,-21.9051889363798,-13.91915945208602,-23.311660391599823,-15.047898978656809,4400825,T20,1.1287395265707882,1.4064714552200215
0.8185977859778597,0.13756457564575647,0.0,0.0,-23.79286364899806,-12.376643382009897,-23.320011479771953,-13.111771787511765,4400838,T20,0.7351284055018681,-0.4728521692261083
0.76774684025468,0.7184263042858497,0.0,0.0,-21.811548105024137,-13.963521220542251,-23.313921501968387,-15.500171249711386,4400843,T20,1.5366500291691345,1.5023733969442503
1.0,0.6107935743938392,0.0,0.0,-23.854741139816507,-14.574506410994907,-25.77868530979048,-15.24823970854178,4400856,T20,0.6737332975468728,1.9239441699739714
0.9274275138803206,0.11212831585441085,0.3355953115360888,0.0,-22.87235346287696,-12.842653439889977,-24.180354126895676,-13.589569035426079,4404131,T20,0.7469155955361018,1.3080006640187172
0.0,0.0,0.0,0.0,-17.43993536772688,-9.809593964192565,-18.49384740372028,-11.283231269008924,4400862,T20,1.473637304816359,1.0539120359934024
0.8936438225581316,0.4961699519967316,0.40744901780546755,0.0,-22.874505662114945,-13.549070225941726,-24.024244401104447,-14.959283696730797,4400865,T20,1.4102134707890706,1.1497387389895017
0.849419083340957,0.5510474796450464,0.24750708992772852,0.0,-23.900939829637494,-13.947351426647343,-24.304164637900424,-14.909182808583589,4400880,T20,0.9618313819362463,0.40322480826293017
0.43331896551724136,0.0,0.0,0.0,-20.101393579602295,-7.024375188043052,-21.414323718003633,-7.927386943554109,4405407,T20,0.9030117555110566,1.312930138401338
0.7351849101440667,0.10103753368271413,0.0,0.0,-21.040768603986066,-12.598120393129767,-22.76417408511279,-13.018037309128072,4400894,T20,0.4199169159983054,1.723405481126722
0.9622142089918676,0.9989258861439313,0.21712444376246745,0.0,-22.783600956238534,-16.09879441291298,-25.204812582223113,-16.464128899719118,4400917,T20,0.36533448680613745,2.4212116259845793
0.9468542092304468,0.6722588925559222,0.0,0.0,-23.657735954141426,-14.89085285937963,-24.912218259560916,-15.361780759834014,4405143,T20,0.4709279004543845,1.25448230541949
1.0,0.7423874966316355,0.0,0.0,-24.57576688759711,-14.01093826622458,-25.076335060216852,-15.652720921796853,4400934,T20,1.641782655572273,0.5005681726197437
0.6644752289269781,0.06574313219065507,0.0,0.0,-22.491203383468772,-10.372756356455351,-22.873598603840012,-11.804584298100773,4400967,T20,1.4318279416454214,0.3823952203712402
0.717136597447133,0.008906458373023434,0.0,0.0,-21.977697643393952,-12.218498226243316,-23.337513472972788,-12.018487257798844,4400977,T20,-0.20001096844447197,1.3598158295788352
0.0,0.0,0.0,0.0,-18.585298923146173,-9.65124806907915,-18.096447742845005,-9.554949985942166,4404463,T20,-0.0962980831369844,-0.48885118030116814
0.6123615299323328,0.0,1.0,0.0,-21.12032367530764,-8.261167936182414,-22.20382013508833,-9.21411290187088,4404313,T20,0.9529449656884665,1.0834964597806866
0.7920357481809555,0.1828930718127175,0.0,0.0,-21.587528653978627,-13.686092690577953,-22.8058185967967,-14.177009859160643,4401013,T20,0.4909171685826905,1.2182899428180747
0.001891341464595443,0.0,0.0,0.0,-17.509683802594722,-9.503148722501304,-18.52325866657379,-10.445885972995967,4401027,T20,0.9427372504946625,1.0135748639790663
0.6064479744336874,0.26527399191653356,0.0,0.0,-22.51529702374893,-12.846468340909624,-22.21076235093534,-13.950478110018597,4401034,T20,1.1040097691089734,-0.30453467281358826
0.18970478104922944,0.0,0.0,0.0,-17.447168774753337,-10.88012441408593,-20.016096538924337,-11.439799587479095,4401046,T20,0.5596751733931651,2.5689277641710007
0.6480162209557212,0.26085050416483996,0.0,0.0,-19.912482839656562,-12.219374174351513,-22.551528330478774,-13.974928168978849,4401049,T20,1.755553994627336,2.6390454908222125
1.0,0.720050547598989,0.0,0.0,-23.466410635499933,-14.78093404997281,-25.639304130823163,-16.325443045997012,4401053,T20,1.5445089960242022,2.1728934953232297
0.6281879942087093,0.005512863347811562,0.0,0.0,-22.524086655109397,-14.008918995469665,-22.65517492211065,-12.744725231279713,4401074,T20,-1.2641937641899528,0.1310882670012532
0.9361097790401711,0.1637463572983142,0.0,0.0,-22.574527907595627,-14.363218808158704,-23.437891927778608,-13.97914161188414,4401107,T20,-0.38407719627456416,0.8633640201829813
0.8867839397203721,0.3084950584767288,0.0,0.0,-23.25168148555138,-13.37707649048641,-24.009955086383755,-13.932089647038346,4401123,T20,0.5550131565519365,0.7582736008323749
0.8874620060790275,0.8624113475177306,0.0,0.0,-24.949628129006772,-15.918117302776611,-25.46931130790201,-16.954027261067235,4401154,T20,1.035909958290624,0.5196831788952387
0.7340695608022344,0.4351675552170602,0.0,0.0,-21.382010889674365,-13.879210499418793,-22.71068899551803,-14.56310964225199,4401201,T20,0.6838991428331962,1.3286781058436645
0.0,0.0,0.42340443885787504,0.0,-14.802054413495993,-9.558626796497007,-16.357560454110914,-10.063526066303925,4401203,T20,0.5048992698069181,1.5555060406149206
0.9973691902952353,0.6021631102016957,1.0,0.0,-23.53861007408476,-12.975321611863407,-25.416721342369875,-15.261735844698373,4401228,T20,2.286414232834966,1.8781112682851138
0.4275427986659516,0.13138281148859832,0.0,0.0,-20.718682044255324,-12.294430681762469,-21.757277354608096,-12.999609652972772,4405152,T20,0.7051789712103034,1.0385953103527719
0.7640873550822325,0.3050013480722566,0.0,0.0,-22.68797623323392,-13.511846448991562,-23.51983836205543,-14.404137264323433,4401269,T20,0.8922908153318705,0.8318621288215127
0.1405464418076824,0.06978481339960353,0.5677306288964864,0.0,-18.999796207661646,-12.898466528534103,-20.160192508086748,-13.393965220898755,4405153,T20,0.49549869236465227,1.1603963004251021
0.34267727758641164,0.06924812923150016,0.35770281506117113,0.0,-22.192635369580007,-13.064649574743402,-21.459395415782886,-13.327134611988551,4401286,T20,0.26248503724514904,-0.7332399537971206
0.7701026008112619,0.0,0.9342638988308275,0.0,-22.729211163203747,-12.889532717076955,-23.031772156096203,-13.062768629183614,4401304,T20,0.17323591210665867,0.30256099289245597
0.0,0.0,0.5170572470630906,0.0,-16.783208540683066,-10.684899747081008,-18.631163298457384,-11.181578682658275,4401306,T20,0.4966789355772665,1.8479547577743176
0.9446022302609941,0.892194086519776,0.3921791383897874,0.0,-22.583133798619706,-15.44441450519275,-24.554299845389867,-16.309797937992602,4401313,T20,0.8653834327998524,1.9711660467701613
0.0,0.0,1.0,0.0,-16.411933793448462,-10.317204059364725,-17.16819728636746,-10.691942395974351,4401325,T20,0.3747383366096262,0.7562634929189969
0.5604966425947042,0.6963131889015585,0.0,0.0,-23.120832794687107,-14.726566097549336,-22.29400453939412,-15.75975636920244,4401334,T20,1.0331902716531047,-0.8268282552929875
0.0010614101592115238,0.0,0.0,0.0,-17.92835803261315,-9.65871438929695,-18.368822655577276,-10.1731536428567,4401363,T20,0.5144392535597504,0.44046462296412514
0.2912277401555054,0.02266741911211437,0.0,0.0,-19.751122662499036,-11.6132429282882,-20.310782309003315,-11.754895350173344,4401369,T20,0.14165242188514426,0.5596596465042794
0.91285430929682,0.26086121952780084,0.8072173523577965,0.0,-21.86852582816875,-13.312436009445593,-23.83992731957575,-14.141448121943025,4401370,T20,0.8290121124974323,1.9714014914070006
0.5935101525308462,0.0,0.1225347323423686,0.0,-20.99725351525272,-6.830541156894161,-22.183501872590114,-7.063245116660439,4401378,T20,0.2327039597662779,1.1862483573373943
1.0,0.5305615371873448,1.0,0.0,-24.485526850289023,-14.271157574586438,-25.59751272675639,-14.883175489894153,4401385,T20,0.6120179153077157,1.1119858764673651
0.0,0.0,1.0,0.0,-18.517817201199897,-11.680972029781557,-18.97578517043863,-11.995966910870118,4401387,T20,0.3149948810885608,0.45796796923873373
1.0,0.45476914169923294,0.0,0.0,-22.64837271696997,-14.619108087711593,-25.477184309271514,-15.146626717149168,4401388,T20,0.5275186294375747,2.8288115923015447
0.3902859771524955,0.0003066779115234225,0.0,0.0,-21.306296123889727,-10.303909338039322,-21.070691248416058,-11.278766192476667,4405154,T20,0.9748568544373448,-0.23560487547366904
0.12475065480217166,0.0,0.0,0.0,-19.806356787696373,-10.733511496601553,-20.48235936430353,-11.65032266087493,4401405,T20,0.916811164273378,0.6760025766071571
0.7332380573442359,0.13891888819416812,0.0,0.0,-21.432005150739254,-13.547961034127749,-23.028640601072947,-13.750049607552885,4405155,T20,0.20208857342513653,1.596635450333693
0.0,0.0,0.9921684988812142,0.0,-18.24398879265419,-10.734230728417668,-18.189925819296832,-10.88531585704336,4405156,T20,0.15108512862569157,-0.054062973357357436
0.8849666141165143,0.5519052186343574,0.0,0.0,-23.657767350104628,-14.72652924077561,-24.18987566254054,-15.15175949344884,4404637,T20,0.425230252673229,0.5321083124359127
0.8118467866502368,0.25923046217393575,0.0,0.0,-21.93685615029824,-12.723717357041034,-23.473203919454388,-13.282523433562982,4404639,T20,0.5588060765219485,1.5363477691561478
0.9999046620268852,0.9996186481075412,1.0,0.0,-23.55341088496209,-15.415575308511068,-25.194492641750777,-16.2345615531207,4401460,T20,0.818986244609631,1.6410817567886866
0.6258166102717011,0.0,1.0,0.0,-19.870559777156448,-8.130814571598739,-22.347575321787957,-9.951781863148774,4401473,T20,1.8209672915500352,2.4770155446315094
0.0,0.0,0.771641791044776,0.0,-17.681422282246174,-10.25216881247978,-18.0242026190714,-12.364178465082189,4401475,T20,2.112009652602408,0.3427803368252249
0.3153049578731832,0.0,1.0,0.0,-20.382067530960043,-10.506430762154231,-21.21554761074066,-11.018138149338204,4401478,T20,0.5117073871839732,0.8334800797806174
0.9742629969418962,0.4241467889908256,0.9295902140672783,0.0,-22.92278582517096,-14.521921431698605,-24.872252124986662,-14.672466335627186,4401490,T20,0.15054490392858177,1.949466299815704
0.7891737891737892,0.684723726977248,0.0,0.0,-21.975005394851756,-15.319064397240439,-23.202493699059854,-15.379405689313755,4401494,T20,0.060341292073315955,1.227488304208098
0.7992994517448437,0.357910538682447,0.3202288747715603,0.0,-21.032610129085523,-13.821007121857988,-23.434545259824873,-14.410605886604014,4401501,T20,0.5895987647460252,2.40193513073935
0.5658157748140381,0.15506111347773371,0.0,0.0,-22.948031994194864,-12.889076430953986,-22.556584122324885,-13.718640455754768,4401540,T20,0.8295640248007814,-0.3914478718699783
0.35169595269035914,0.07307380831308735,0.0,0.0,-19.418288172486616,-11.284887084153238,-21.10620454986383,-12.409894802409406,4401548,T20,1.1250077182561675,1.6879163773772135
0.1920631821041897,0.03329427846123803,0.0,0.0,-19.71524086538125,-11.261464998749302,-20.644797298991065,-12.441921326329384,4404642,T20,1.1804563275800817,0.9295564336098145
1.0,0.7240089753178757,0.0,0.0,-24.749608272365926,-14.296187379348538,-24.792790491971967,-15.933268259623437,4401564,T20,1.6370808802748993,0.04318221960604163
0.6119424614889165,0.1203639096130106,0.0,0.0,-20.97132677265251,-10.539632030556561,-22.54579896831841,-11.370370409015875,4405165,T20,0.8307383784593139,1.5744721956659014
1.0,0.00341276846131215,0.08790820829655781,0.0,-26.852006252090483,-9.568442741478535,-25.75190651825019,-10.970344091073068,4401582,T20,1.4019013495945334,-1.1000997338402918
0.9389538363324422,0.9298567609623748,0.9535969357219806,0.0,-24.89633821326234,-15.494122706219509,-25.051925635099117,-16.62400949381803,4401592,T20,1.1298867875985206,0.15558742183677765
0.5614874546846752,0.0008276699106243585,0.5128122031270353,0.0033535723250057983,-21.571717579121902,-7.715050760011346,-22.252898213374397,-8.63045138616434,4404646,T20,0.9154006261529943,0.6811806342524953
0.46805147386232077,0.0,0.0,0.0,-20.454074794342716,-8.97974170004981,-21.987893840826505,-10.210324084962494,4401617,T20,1.2305823849126831,1.5338190464837886
0.27200582401107143,0.0,0.0,0.0,-20.7490803153154,-10.513982088060997,-21.349128027498995,-11.150877466437118,4401618,T20,0.6368953783761206,0.6000477121835956
0.19131103052426807,0.0,0.0,0.0,-19.19480383071292,-11.206536288790554,-20.9031414632387,-11.963646716471553,4401639,T20,0.757110427680999,1.7083376325257795
0.9947521533283897,0.9293822371798528,0.8631566938565969,0.0,-23.60336078545739,-15.254914578906988,-24.356354555540577,-16.646096008556277,4401642,T20,1.39118142964929,0.7529937700831866
0.9558172276974273,0.0,0.0,0.0,-22.08998912834954,-12.17620206125125,-23.51869620596124,-12.693193979557973,4401652,T20,0.516991918306724,1.4287070776117012
0.45357528818443815,0.19380403458213263,0.0,0.0,-19.531864302641416,-12.445287603506507,-21.40314975282112,-13.463375542749496,4401656,T20,1.0180879392429887,1.8712854501797018
0.15850562205295612,0.0,0.0,0.0,-19.584006258858892,-8.18003658110912,-20.53016731257593,-9.427609347281498,4401659,T20,1.2475727661723788,0.946161053717038
0.544755617723124,0.24884022823100843,1.0,0.0,-21.22590243162809,-12.505012571675037,-22.02483430823559,-13.795643802849773,4401672,T20,1.2906312311747357,0.7989318766075009
0.12612881387049765,0.0,0.0,0.0,-18.821642312502235,-10.640011588144674,-20.181683581121078,-10.703596419629232,4401674,T20,0.06358483148455818,1.3600412686188434
0.0,0.0,0.0,0.0,-21.675993464738465,-9.28328868327837,-19.819548034551723,-10.274276201595468,4401684,T20,0.9909875183170982,-1.8564454301867421
1.0,0.9706261114858649,1.0,0.0,-23.656730134838472,-14.472835175828406,-24.991904558674207,-16.85625047954846,4401692,T20,2.3834153037200547,1.3351744238357348
0.2503566862000701,0.026915614709788257,0.0,0.0,-20.465922146745704,-11.921784187467305,-20.636853765521114,-12.311337117177816,4401698,T20,0.38955292971051136,0.17093161877540908
0.8024399699546897,0.011585011266991354,0.5425510649124082,0.0,-22.26000261758633,-11.196839764204455,-23.18290928648891,-11.736149870037943,4401713,T20,0.5393101058334882,0.9229066689025807
0.3514900037721615,0.005167861184458695,0.0,0.0,-20.18561456537144,-13.23835053824627,-21.51748017358375,-13.293852741837316,4401727,T20,0.05550220359104685,1.3318656082123077
0.2164710602868893,0.0,0.32285083759654926,0.0,-19.34641459994708,-7.867281545802987,-20.780750120794085,-7.8994607441135685,4401734,T20,0.03217919831058147,1.4343355208470037
0.4526760858340585,0.0009207338429264172,0.0016970388477467297,0.0,-20.42978065034983,-10.597235331294005,-21.42586475610866,-11.202986400859096,4401740,T20,0.6057510695650912,0.996084105758829
0.21580332211641728,0.06390062289682825,0.9833536192453641,0.0,-19.1481276252745,-11.437644182206663,-20.876832280908484,-12.909953772528098,4404250,T20,1.4723095903214354,1.7287046556339831
0.6514100785945445,0.0,0.0,0.0,-20.878506683078815,-6.52739997664674,-22.77373212356118,-6.235650195776237,4401784,T20,-0.2917497808705036,1.895225440482367
0.9014878809695224,0.45026397888168934,0.0,0.0,-23.829279992507036,-14.025519981658254,-24.380909481884327,-14.56324575972116,4401802,T20,0.5377257780629066,0.5516294893772908
0.9148642219294392,0.0,0.6096975186649098,0.0,-22.84881083428153,-5.5594847748585545,-24.065774721261125,-8.055116720656091,4404251,T20,2.4956319457975367,1.2169638869795953
0.9167936887204418,0.6576635494768064,0.0,0.0,-23.16091083639294,-14.592400949309077,-24.54877692368398,-15.502946085543767,4404650,T20,0.9105451362346901,1.3878660872910409
1.0,0.6433665314152219,0.24615762941104144,0.0,-23.172907343054295,-14.27100205501171,-25.04746819609323,-15.291497827929597,4401844,T20,1.0204957729178865,1.8745608530389362
0.00949561526001229,0.0,0.0,0.0,-17.532214353525756,-11.328733269481788,-19.109454422736366,-11.609089427302676,4401855,T20,0.2803561578208882,1.5772400692106103
0.9155592605305742,0.635463149119796,0.9596430147599667,0.0,-22.25321351742975,-14.066129768636532,-23.413774780389257,-15.28265419013788,4401861,T20,1.2165244215013473,1.160561262959508
0.954086975693105,0.5763104227525767,0.0,0.0,-22.82710797569474,-14.665359528239314,-24.82151507659673,-15.18298801326316,4401875,T20,0.5176284850238453,1.994407100901988
1.0,0.8871990422560191,0.0,0.0,-24.36727909658273,-15.381249213940714,-25.57759364319762,-16.3993167880612,4401878,T20,1.0180675741204848,1.2103145466148888
0.4377287713542195,7.213812045463045e-05,0.0,0.0,-20.821737572247407,-8.690566483821636,-21.808154512243355,-9.403783421009658,4404253,T20,0.7132169371880224,0.9864169399959479
0.12029988797288373,0.01683279234768621,0.0,0.0,-20.097576014469084,-12.68622381277864,-20.771332169496652,-13.208382523976823,4401898,T20,0.5221587111981822,0.6737561550275686
1.0,0.742703727100442,0.0,0.0,-22.642797701813087,-14.238153391106135,-25.1702559154253,-15.748379735445987,4401905,T20,1.510226344339852,2.5274582136122135
0.0471912380760107,0.0,0.0,0.0,-18.2867497872584,-10.524760482623707,-19.199307085866188,-11.29768960300396,4401909,T20,0.7729291203802529,0.912557298607787
0.20577449585748908,0.0,0.0,0.0,-20.499741956055697,-10.846655877423295,-20.76646571036379,-11.006097255413975,4401950,T20,0.1594413779906798,0.26672375430809225
0.9989956029730153,0.6079950003347991,0.0,0.0,-24.994186447956224,-14.252022300492053,-25.346627495266524,-15.402949995960514,4401952,T20,1.1509276954684609,0.35244104731030035
0.025640281927081822,5.800968761783217e-05,0.0,0.0,-19.922222412083347,-11.973428506105789,-19.869128289148833,-12.329542467626851,4401954,T20,0.35611396152106245,-0.05309412293451388
0.4781210529170638,0.0,0.0,0.0,-20.73534371905249,-10.116159617649053,-21.72302953992952,-10.444153297011445,4405170,T20,0.32799367936239143,0.9876858208770294
0.8291359380720745,0.0,0.37414352215073987,0.0,-24.079849530889682,-7.184816824182802,-23.56084179029361,-7.348384528071521,4404214,T20,0.16356770388871933,-0.5190077405960736
0.7127511337437613,0.5069798079602748,0.6948899191811708,0.0,-21.040669937417736,-13.61768532424233,-22.902482484568175,-14.679649974536378,4401966,T20,1.0619646502940476,1.8618125471504392
0.8420136215575954,0.16328990228013032,0.9602487414865264,0.0,-22.971671665418736,-12.857661650351625,-23.262456058088876,-13.708339532611738,4401981,T20,0.8506778822601131,0.29078439267014033
0.0015853443720274785,0.0,0.864717280253655,0.0,-19.480014229042787,-10.21880988830101,-20.16504668113751,-10.481174943592853,4401983,T20,0.26236505529184306,0.685032452094724
0.0,0.0,0.0,0.0,-17.739250022657032,-9.89165625422256,-18.65400199664139,-10.790022269971407,4401991,T20,0.8983660157488469,0.9147519739843588
0.3061674008810572,0.0,0.0,0.0,-19.618664374918847,-5.229872404777878,-20.81230629463388,-6.383758505926138,4402014,T20,1.1538861011482595,1.1936419197150343
0.0,0.0,0.0,0.0,-16.16280503427215,-9.603780239632384,-18.238305322323885,-10.157663696541674,4404652,T20,0.5538834569092899,2.0755002880517353
1.0,0.715004105090312,1.0,0.0,-25.831012993024334,-14.35790138348657,-26.120741948153803,-15.922214461624648,4402056,T20,1.5643130781380776,0.28972895512946906
0.5181878306878307,0.0,1.0,0.0,-20.68252152388955,-5.3773033995663395,-22.130703340257742,-5.823071998796515,4402077,T20,0.44576859923017587,1.4481818163681908
1.0,0.0,0.0,0.0,-23.33801266735653,-9.85085377138767,-25.480446588516344,-10.428889117695178,4402103,T20,0.5780353463075087,2.142433921159814
0.6807029959896203,0.0,0.999174333569238,0.0,-23.191385332031512,-5.561208730733996,-22.84538463242128,-6.353053176455024,4402138,T20,0.7918444457210283,-0.34600069961023294
0.5451916942769535,0.15921531907887967,0.9902557981602289,0.0,-21.229089720456397,-13.172763642129983,-22.169955886506354,-13.869209152107702,4405174,T20,0.6964455099777194,0.9408661660499575
0.5474116680361544,0.21602300739523417,0.0,0.0,-21.975792142312162,-12.116185325033497,-22.151017003162046,-12.745221168627573,4402146,T20,0.6290358435940764,0.17522486084988387
0.0,0.0,0.0,0.0,-16.835233514805907,-8.682650313687525,-19.210841341071223,-10.06613171945369,4402151,T20,1.3834814057661653,2.375607826265316
0.763258920646192,0.08284328954376,0.0,0.0,-21.915489566184142,-12.833551049678599,-22.79336558585414,-13.442618098254155,4402160,T20,0.6090670485755556,0.8778760196699977
0.4894750865973886,0.1566302513544719,0.0,0.0,-22.50540108230495,-13.811129339052552,-21.29326331304389,-13.441787539818845,4402161,T20,-0.36934179923370714,-1.2121377692610587
0.4496284776222568,0.0,1.0,0.0,-21.350842130000903,-8.216620478198005,-21.6798111187269,-10.188415387121124,4402163,T20,1.971794908923119,0.3289689887259968
0.22067758212336527,0.0,0.33065595716198126,0.0,-18.619114274807117,-5.163265022025131,-21.158990850908705,-6.0283910417588595,4402191,T20,0.8651260197337285,2.5398765761015873
0.45510590225970726,0.16643001662562182,0.0,0.0,-21.231560032825108,-12.75121464538894,-21.4774623470357,-13.47751011892216,4402216,T20,0.7262954735332201,0.24590231421059272
0.02330377602869383,0.0,0.5279864501345024,0.0,-19.53275560837554,-6.827023895741238,-19.654488388998352,-7.348286245146253,4402234,T20,0.5212623494050153,0.12173278062281412
0.8942457231726285,0.5607007966483639,0.0,0.0,-24.076735627644613,-14.004906262896062,-23.802782159639865,-15.118357002625558,4402243,T20,1.1134507397294957,-0.2739534680047484
0.0,0.0,0.0,0.0,-19.675738921373828,-10.512378571623724,-18.786124525860636,-8.236603572160002,4402256,T20,-2.2757749994637226,-0.8896143955131919
0.27843172093160995,0.0,0.0,0.0,-19.674355904915245,-9.28733189064373,-21.027949361731814,-10.425431440716906,4402282,T20,1.1380995500731768,1.3535934568165686
1.0,0.06406415227352837,1.0,0.0,-21.090194576340682,-9.431512753951123,-24.50098304733949,-11.956062097822965,4402285,T20,2.5245493438718416,3.4107884709988063
1.0,0.8000155569383943,0.0,0.0,-25.00423021426842,-15.485807106903508,-23.971835204643913,-15.991368340319994,4402286,T20,0.5055612334164863,-1.0323950096245085
0.2166173250416046,0.0,0.30146273101515286,0.0008934045721292809,-20.14430286859005,-8.101878235392132,-20.96812998506127,-8.668768455096423,4402289,T20,0.5668902197042911,0.8238271164712216
0.15454663717965392,0.0,0.0,0.0,-19.203328156966403,-9.29151584679845,-20.398828580173216,-10.78196672056681,4402296,T20,1.49045087376836,1.1955004232068127
0.32051981849358496,0.0,1.0,0.0,-19.810852660810312,-7.31213745914449,-21.424738981286904,-8.084801749929852,4405440,T20,0.7726642907853618,1.6138863204765919
0.24328255281800512,0.0,0.0,0.0,-20.042984025729133,-7.1203818632353215,-20.86863628009612,-7.970130714337269,4402320,T20,0.8497488511019471,0.825652254366986
0.925762246072715,0.9624911798566494,0.0,0.0,-22.504019718489943,-15.361092080851115,-23.88524518095119,-16.679814776019445,4402323,T20,1.3187226951683293,1.3812254624612486
0.16767671655764874,0.0,1.0,0.0,-20.247345083379667,-9.59365901901571,-20.831023566407723,-10.523109746371205,4402327,T20,0.9294507273554942,0.5836784830280557
0.22354004292330285,0.06450817904562399,0.3440333528439255,0.0,-19.697472025867484,-12.44984883100549,-20.682301861765787,-12.632649208724366,4402336,T20,0.18280037771887692,0.984829835898303
1.0,0.936225471335129,0.9267025779145827,0.0,-23.448183627229366,-14.415742046700874,-25.459720189955707,-16.20692883057653,4402340,T20,1.7911867838756557,2.0115365627263415
0.6068336710259715,0.5952293240007366,0.0,0.0,-20.949521806071914,-13.100532534243886,-22.37435194275299,-14.258189964363542,4402341,T20,1.1576574301196558,1.4248301366810772
0.9817032601463737,0.8300066533599465,1.0,0.0,-25.582032911773894,-15.513024679198713,-26.045206603627786,-16.692921919158,4402376,T20,1.1798972399592866,0.4631736918538927
0.0,0.0,1.0,0.0,-17.83594921530208,-10.776123424789333,-18.87783896799586,-11.724157917022145,4402430,T20,0.9480344922328126,1.0418897526937805
0.07247260868545154,0.010299603500457501,0.0,0.0,-19.932330083095916,-11.56776982934887,-19.58505659703439,-12.406467616687666,4402435,T20,0.8386977873387949,-0.34727348606152475
0.0,0.0,1.0,0.0,-16.796031220232926,-8.044850014503504,-16.689203250188584,-8.130361279657595,4402467,T20,0.08551126515409102,-0.10682797004434263
0.4991724038669129,0.0,0.0,0.0,-20.37835116447394,-10.866898942696988,-22.06739273387662,-11.249235868975585,4402481,T20,0.3823369262785974,1.6890415694026792
0.9642306073783139,0.8759994389114883,0.0,0.0,-22.33813912527228,-14.86993830566496,-23.802401305947264,-15.897877438291248,4402485,T20,1.0279391326262886,1.4642621806749823
0.0,0.0,0.0,0.0,-17.479514121763923,-10.92153958319431,-17.530965005314854,-10.375793499870246,4402488,T20,-0.5457460833240635,0.05145088355093108
0.18664577872844684,0.0,0.0,0.0,-19.28724769553356,-10.735229768632147,-20.443872805452013,-10.88347331100424,4402522,T20,0.14824354237209292,1.1566251099184548
0.48405805766902366,0.0,0.0,0.0,-20.312676282366017,-10.821642329558104,-21.96450627832566,-11.300812085945115,4402531,T20,0.47916975638701054,1.6518299959596447
1.0,0.7670711708756971,0.0,0.0,-23.465881390713044,-15.361373694627881,-24.940374914943305,-16.441522636515025,4402533,T20,1.0801489418871437,1.4744935242302617
0.0,0.0,0.0,0.0,-17.448932539986487,-9.40455056265806,-17.537174069184726,-9.45012943836309,4402547,T20,0.04557887570503105,0.08824152919823902
0.1297640144462639,0.0,0.9824132439040802,0.0,-19.00584299024145,-7.320310839568552,-19.90958294243536,-7.960652068657636,4405444,T20,0.640341229089084,0.9037399521939093
0.0,0.0,0.9270786684579788,0.0,-18.68965753083407,-5.665293666935388,-19.208103950727804,-6.92981861462917,4402560,T20,1.2645249476937819,0.5184464198937349
0.0,0.0,1.0,0.0,-16.726350509439754,-10.256444196978558,-19.20571983653719,-11.018294701280643,4402570,T20,0.7618505043020853,2.4793693270974373
0.9950778024769767,0.36090822483328044,0.0,0.0,-20.619113696206067,-13.998049402637786,-24.905388882163635,-14.829530382743485,4402571,T20,0.8314809801056988,4.286275185957567
0.1573068884695769,0.004315341461969997,0.0,0.0,-19.72091027259257,-11.790157535559176,-20.098548780359284,-11.818217066838034,4402576,T20,0.028059531278858074,0.37763850776671504
1.0,0.903487087782044,0.4702045968547836,0.0,-25.64979369315438,-16.186934358074254,-25.78431144501919,-15.673234191788888,4402608,T20,-0.513700166285366,0.1345177518648093
0.7442165464887829,0.4136570764372486,0.0,0.0,-22.438397392560102,-13.986995431247008,-23.15657579644607,-14.609271347910605,4404667,T20,0.6222759166635967,0.7181784038859682
0.6282038716000979,0.032663562852242096,0.0,0.0,-21.55022817837507,-10.189505155500672,-22.41300104980926,-11.644182779935203,4402616,T20,1.454677624434531,0.8627728714341885
0.9850709285758533,0.9933717400730967,0.0,0.0,-25.50641981487479,-17.12397931074928,-26.196977850480028,-17.54825465494224,4402645,T20,0.4242753441929601,0.690558035605239
0.9779673063255153,0.5875567218850801,0.0,0.0,-24.137686971935594,-15.11438701477326,-24.840473850280535,-15.406315880336017,4402646,T20,0.2919288655627561,0.7027868783449414
0.9777376334945007,0.3772381913819669,0.0,0.0,-23.707683925525117,-14.793011156977817,-25.013669553832155,-14.821066483888595,4402662,T20,0.028055326910777723,1.3059856283070381
0.971063063063063,0.6048288288288287,0.17239639639639637,0.0,-23.528894345067524,-14.986175007238549,-25.149929919421158,-15.17708508226503,4404670,T20,0.1909100750264816,1.621035574353634
0.5787817236912476,0.010146634637679815,0.0,0.0,-22.9268741592204,-13.772479339430387,-22.295754501150412,-11.910554041043266,4404671,T20,-1.8619252983871206,-0.6311196580699878
0.9623084049676913,0.46190967620879325,0.0,0.0,-23.978718575836755,-13.950288146062645,-25.32115266502824,-14.64939221322953,4402696,T20,0.6991040671668856,1.3424340891914852
0.7430659857815162,0.28016421347752085,0.0,0.0,-23.868085150122457,-13.817539034945286,-23.11495991071326,-13.77762911906159,4402698,T20,-0.039909915883695746,-0.7531252394091972
0.6629585258714131,0.024530777568600604,0.12191225968395228,0.0,-21.093569654931787,-10.838205653695152,-22.847971473086282,-12.02959630121017,4402700,T20,1.1913906475150178,1.754401818154495
0.9536302308149606,0.6757993228049317,0.8031481816537003,0.0,-22.784166496463087,-14.621772220369804,-25.004463716141423,-15.59942580465818,4402702,T20,0.977653584288376,2.2202972196783364
1.0,0.9799630189947889,0.02339889056984367,0.0,-25.29178016345,-15.994429721838792,-25.404100088770065,-17.00768900644526,4402725,T20,1.0132592846064696,0.1123199253200653
0.9203179710419229,0.8446105801078829,1.0,0.0,-23.26388582368193,-16.0476907942163,-24.230508830637735,-16.19043845194629,4402769,T20,0.14274765772998776,0.9666230069558033
0.6164028686064511,0.0,1.0,0.0,-20.643688187755426,-9.349771671809242,-22.231063480772217,-9.639670165559151,4402771,T20,0.2898984937499094,1.587375293016791
0.776387646656495,0.16477788884796826,0.0,0.0,-21.813085916903997,-12.561438623636285,-23.138947097049567,-13.445769586461008,4402775,T20,0.8843309628247233,1.3258611801455693
0.15583284224550967,0.0,0.8500516709796987,0.0,-19.965377012867066,-9.645002166032114,-20.487179134825833,-9.343610419885735,4402780,T20,-0.3013917461463791,0.5218021219587676
0.09087744309798915,0.0,0.0,0.0,-19.163193728277683,-10.872692945236436,-20.299596707147156,-11.194731033660958,4402789,T20,0.322038088424522,1.136402978869473
0.0,0.0,0.0,0.0,-16.32716731774236,-10.099829842436288,-18.25052019427336,-10.836412277101239,4402795,T20,0.7365824346649514,1.9233528765309984
0.1135374832663989,0.011570089883342894,0.0,0.0,-19.18792265378069,-11.212660675301091,-20.81388241928256,-11.649248896797893,4404144,T20,0.43658822149680176,1.6259597655018716
0.0,0.0,1.0,0.0,-18.685428687542117,-11.116007355496123,-18.933667175186486,-11.601690120589886,4402802,T20,0.4856827650937632,0.24823848764436818
0.0,0.0,0.7171767028627839,0.0,-19.51435074457155,-11.31768702925167,-18.818599090369702,-12.368408286651341,4402870,T20,1.0507212573996707,-0.6957516542018496
0.027079406376934723,0.0,0.0,0.0,-17.685495509432975,-9.906308844498541,-19.13468266416181,-10.646125264250093,4404676,T20,0.739816419751552,1.4491871547288362
0.07191732339200604,0.0,0.0,0.0,-18.029541045045534,-8.78498156593969,-19.65908993386028,-10.083143792125478,4404677,T20,1.298162226185788,1.629548888814746
0.00874804846264015,0.0,0.0,0.0,-17.516189195898452,-8.790503328949953,-19.03456222321959,-10.46220303376794,4404678,T20,1.6716997048179874,1.5183730273211395
0.0,0.0,0.0,0.0,-20.622586454350426,-10.53691295331943,-18.628027432510518,-10.594489338601727,4403000,T20,0.05757638528229769,-1.9945590218399083
0.43525085369057,0.12158888597028863,0.0,0.0,-21.344398294466473,-13.473350959963112,-21.26724310232128,-13.300340614586576,4403012,T20,-0.17301034537653592,-0.07715519214519162
0.07501727371434211,0.020136215575954988,0.22574770506366593,0.0,-18.728125314819764,-11.524450281128514,-20.283036873273275,-12.323229378878683,4404261,T20,0.7987790977501685,1.5549115584535116
0.5037523510775902,0.08445133191279298,0.24948604350352738,0.0,-20.516407836802223,-12.70717134034087,-22.106963898213557,-13.393370301566696,4404262,T20,0.6861989612258252,1.590556061411334
0.9907153783216534,0.10319803635587489,0.0,0.0,-23.308989312199653,-12.053035500576895,-24.55289284397237,-13.4944107995418,4403072,T20,1.4413752989649051,1.243903531772716
0.9783160322952709,0.6264705882352941,0.0,0.0,-23.65887331285152,-15.54123112703667,-23.802855180150146,-15.508028777433651,4403073,T20,-0.0332023496030196,0.14398186729862772
0.8559540871276046,0.25771928187993454,0.0,0.0,-22.998525650024074,-12.94968240310529,-23.688462556753134,-13.664137252841911,4404345,T20,0.7144548497366205,0.6899369067290593
0.8193569771295991,0.0,0.0,0.0,-21.739698279559178,-8.415256451984318,-23.552172013793182,-9.484587895470336,4403095,T20,1.0693314434860177,1.812473734234004
0.9582683550620672,0.03711558854718982,0.0,0.0,-22.256854177280257,-11.78625554119405,-24.25904809486685,-13.243482544293206,4403096,T20,1.457227003099156,2.0021939175865917
0.8455216635433834,0.027364475852882077,0.0,0.0,-21.659318301367662,-11.895596374829838,-23.298695922860205,-12.948767443240666,4403097,T20,1.053171068410828,1.6393776214925424
0.918971664477388,0.02401951585663352,0.0,0.0,-23.846402415099394,-11.694014030969813,-24.43665387646683,-11.807786516701931,4403098,T20,0.11377248573211851,0.590251461367437
0.6831068612648885,0.0,0.0,0.0,-21.98446710953243,-12.395066363845599,-22.044605233967474,-13.198241654577426,4403099,T20,0.8031752907318275,0.06013812443504207
0.9566899462392605,0.7856667336582426,0.0,0.0,-23.8912896357521,-15.498068357378191,-25.009160012144296,-15.887334573352653,4404686,T20,0.3892662159744624,1.1178703763921973
0.9977330096306896,0.8491406337926265,0.0,0.0,-23.910437330003226,-15.430101571979629,-25.76995613596533,-16.501934709066926,4405204,T20,1.0718331370872978,1.8595188059621037
0.8047521294196949,0.6870212635578161,0.0,0.0,-23.34866047044288,-15.169272170218155,-23.682015629332465,-15.796132435348017,4404687,T20,0.6268602651298618,0.3333551588895851
0.8506527210584559,0.5655805936676752,0.0,0.0,-21.908974208241762,-14.117030940242314,-23.46999417342296,-15.035135287923554,4404346,T20,0.9181043476812398,1.561019965181199
0.9372470008095976,0.5162425480238463,0.0,0.0,-23.765768086207657,-13.741631555739785,-24.51932202374439,-15.017561010084274,4404347,T20,1.2759294543444888,0.7535539375367328
0.755198542890168,0.0,0.06645339311219824,0.0,-22.37186887368212,-9.216584157366093,-22.86680389370318,-10.011289045230592,4404348,T20,0.7947048878644996,0.49493502002106027
0.9899815534833404,0.8648966024197761,0.0023994341218949522,0.0,-24.434131545926245,-15.444310100825312,-26.07372789051439,-16.414468282891647,4404349,T20,0.970158182066335,1.6395963445881456
0.11002669199403933,0.0033920588393544326,0.0953659797552571,0.0,-19.892715676120748,-11.600074602506366,-20.21460352356543,-11.719032167190836,4404350,T20,0.11895756468446983,0.3218878474446818
0.963292186993918,0.7210566092057439,0.5838341670565375,0.0,-22.908087454724505,-14.165430826295404,-24.28110021794373,-15.550220933750404,4403165,T20,1.3847901074550002,1.3730127632192257
0.37812480711067215,0.09375964446639096,0.0,0.0,-20.7395780999811,-13.273453542942232,-21.379839557058222,-12.856051428937848,4403200,T20,-0.41740211400438376,0.6402614570771235
0.9433079047075894,0.6844779979333359,0.0,0.0,-23.81330777263989,-14.414595807610427,-24.750689559726347,-15.44525763940869,4403237,T20,1.0306618317982625,0.9373817870864549
0.8620178041543026,0.31826574348829534,0.0,0.0,-23.035980509083764,-13.323293402363749,-24.380835414714674,-14.302389777718606,4403242,T20,0.9790963753548567,1.3448549056309105
0.33904995996499276,0.0,0.0,0.0,-21.255652187671792,-6.7216953225454015,-20.82803026324125,-6.458214901106451,4403273,T20,-0.2634804214389508,-0.42762192443054303
0.415224948360119,0.0629653886845685,0.0,0.0,-20.963366541564397,-11.238494495271697,-21.733873092584673,-12.173180134098127,4404269,T20,0.93468563882643,0.7705065510202758
0.9820981707307762,0.7178213664630411,0.0017878927142226785,0.0,-23.91228207666885,-14.09388297969399,-25.009504237176063,-15.593035386512211,4404365,T20,1.4991524068182205,1.097222160507215
0.01826154607822335,0.0,1.0,0.0,-18.147445382040694,-8.595173129053702,-19.24834026960907,-9.036951065920988,4404479,T20,0.44177793686728606,1.1008948875683764
0.8180094786729857,0.15179417738659445,0.0,0.0,-20.73343638443741,-14.04393768568358,-23.167547279689146,-14.184476620350765,4404523,T20,0.14053893466718392,2.4341108952517345
0.6113246162592386,0.07325525866969869,0.0,0.0,-21.9026585848173,-11.508385589776804,-22.537271272439803,-12.300193992205019,4405212,T20,0.7918084024282148,0.6346126876225036
0.10369825400370483,0.0,0.6388402065241667,0.004020126909888724,-19.5159268063306,-7.749131467685379,-19.920674074595084,-8.20147329875009,4404699,T20,0.45234183106471093,0.40474726826448304
0.43520078843147164,0.15065976383557314,0.47500562730795676,0.0,-21.312784436757255,-12.355052818542102,-21.700273344739184,-13.153830189048854,4404700,T20,0.7987773705067518,0.38748890798192903
0.5725162452674737,0.11672549264755383,0.0,0.0,-20.848098885048987,-12.731920296465505,-22.276037367377015,-13.685768991553518,4404702,T20,0.9538486950880127,1.4279384823280274
0.0,0.0,1.0,0.0,-16.212304181631538,-10.527937239802931,-16.422847973023327,-10.634836676348803,4404777,T20,0.10689943654587175,0.21054379139178891
0.0,0.0,1.0,0.0,-17.900385417595988,-11.331622412642187,-17.75628559456632,-11.771408980093009,4404760,T20,0.4397865674508221,-0.1440998230296664
0.0,0.0,0.0,0.0,-17.01309010854185,-8.967706454824286,-17.95786637220379,-10.452112633659222,4404703,T20,1.484406178834936,0.9447762636619395
0.1132656498099408,0.0,0.062166193523552904,0.0,-19.112260296636745,-11.745439296055437,-20.06512434886127,-12.345144493231015,4404746,T20,0.5997051971755774,0.9528640522245269
0.775938901546089,0.5690509965753917,0.0,0.0,-22.634330611656463,-13.997734743418924,-23.237806896100267,-15.117863728358016,4404728,T20,1.1201289849390914,0.6034762844438042
0.0,0.0,0.0,0.0,-15.695961400056582,-9.378566132429457,-17.306877235139407,-9.42098034028618,4404715,T20,0.042414207856722896,1.6109158350828245
0.011817705937405817,0.0,0.4544026903126537,0.0,-16.535568686270604,-6.231186106377111,-17.94745084022894,-6.106101450801117,4404737,T20,-0.1250846555759937,1.4118821539583344
0.6568396299775425,0.03603799759871103,0.06709923046775369,0.0,-22.26757499267202,-12.120082212483785,-22.469884247571823,-12.452536798402225,4404745,T20,0.33245458591843935,0.20230925489980223
0.059733615189601956,0.0,1.0,0.0,-19.670651021225726,-5.898131453626384,-20.1476629097533,-6.245600487503557,4405475,T20,0.3474690338771733,0.47701188852757426
0.599368174726989,0.20697347893915757,0.0,0.0,-21.442317371180792,-13.15650875044039,-22.3308553326011,-13.590652772571671,4405476,T20,0.43414402213128156,0.8885379614203082
0.0,0.0,0.0,0.0,-17.278515615468415,-8.94892039910767,-18.427217119764,-9.942452590333698,4405322,T20,0.9935321912260271,1.148701504295584
0.216721649341937,0.023590679917837216,0.0,0.0,-20.748133069721472,-12.374774989752614,-20.674615636752495,-12.614783358485417,4404618,T20,0.24000836873280207,-0.07351743296897695
0.5265020916655172,0.39165479091006583,0.0,0.0,-20.92316179107126,-13.764228117599632,-22.079888432655007,-14.455441473602423,4405303,T20,0.6912133560027911,1.1567266415837487
0.0,0.0,1.0,0.0,-16.59994861616572,-11.69961384534565,-17.877188911177466,-11.775831750252758,4405283,T20,0.07621790490710723,1.2772402950117474
0.0,0.0,0.5221949759610741,0.0,-16.794352407991905,-6.902491961523388,-18.81741115715984,-7.332262481187252,4405292,T20,0.4297705196638635,2.0230587491679337
0.0,0.0,0.0,0.0,-17.764352942182573,-8.289581361653042,-18.14764510598377,-8.318620152488197,4405479,T20,0.02903879083515548,0.38329216380119746
0.0,0.0,0.0,0.0,-16.286692882130016,-9.436439705881234,-17.45121228185133,-9.759750886648247,4405270,T20,0.3233111807670124,1.1645193997213141
0.0,0.0,0.0,0.0,-17.695777607139544,-8.88029987892175,-18.075740653870493,-9.015243477594963,4405305,T20,0.13494359867321215,0.3799630467309498
0.11634972560649372,0.0,0.7780584557530916,0.0,-18.979311111477745,-10.267375983675171,-20.416447418168776,-11.392092034539827,4405238,T20,1.1247160508646559,1.4371363066910305
0.5531174864025771,0.0,0.0,0.0,-21.076977847287917,-5.607910422731978,-22.1384917193838,-7.295527025089879,4401813,T20,1.6876166023579016,1.0615138720958832
0.47476297137246476,0.1139271578043018,0.0,0.0,-20.295105154448706,-12.712382821495238,-21.79611313420962,-13.283986252635513,4405299,T20,0.5716034311402751,1.5010079797609137
0.0,0.0,0.9891822885171,0.0,-18.782619749702782,-9.96883784812771,-19.66256806665698,-11.856793164409936,4405529,T20,1.887955316282227,0.8799483169541986
0.0,0.0,0.0,0.0,-18.947164099126645,-8.840094316118142,-17.457130285990562,-10.063350245980097,4405549,T20,1.2232559298619545,-1.4900338131360833
0.0,0.0,1.0,0.0,-18.070186237154928,-10.471364134361192,-18.088331500696547,-10.632103725975693,4405566,T20,0.1607395916145009,0.018145263541619272
0.6495723481865447,0.0490261762873632,0.4125439307921059,0.0,-21.802695434635226,-12.502647352439665,-22.461412301032784,-13.243965358692705,4405569,T20,0.7413180062530405,0.6587168663975582
0.13655185394315827,0.0,0.0,0.0,-19.173582486842356,-12.696825632782613,-21.218836046017778,-12.809523972596738,4405574,T20,0.11269833981412525,2.0452535591754213
0.8021890320373963,0.03369057120054727,0.0,0.0,-20.161035894057612,-13.360320988342641,-23.34099904140754,-13.106610456694437,4405555,T20,-0.25371053164820445,3.179963147349927
0.08946518601509208,0.0,0.06132401884865059,0.0,-19.094495178362013,-7.628216377871582,-20.382017009042386,-8.649512247704008,4405525,T20,1.021295869832426,1.2875218306803724
0.47948330904295944,0.04534926087861755,0.8270265112082726,0.0,-20.916148770583558,-12.26241805984961,-21.928454906796,-12.758004447570153,4405506,T20,0.4955863877205431,1.012306136212441
0.0,0.0,0.0,0.0,-15.31658480514543,-9.683028772972756,-16.976365237685993,-9.334208559337629,4405582,T20,-0.3488202136351273,1.659780432540563
0.0,0.0,0.0,0.0,-16.0301058943815,-8.731129974493145,-17.427493029686143,-9.551503524058932,4405583,T20,0.8203735495657867,1.397387135304644
0.8218195402423311,0.4039554751875954,0.5560566521932152,0.0,-22.531564016339605,-13.509474854076597,-23.482029826910374,-14.437484864853051,4405552,T20,0.928010010776454,0.9504658105707691
0.9281799826939717,0.060571098932794915,1.0,0.0,-24.155193140690617,-13.548889704037993,-24.22279936397818,-13.616358171463792,4405531,T20,0.06746846742579926,0.06760622328756227
0.00021120439305137543,0.0,0.0,0.0,-18.49334552234862,-10.30532081492026,-18.9924278101806,-10.882627861284032,4405534,T20,0.5773070463637726,0.49908228783198183
0.0,0.0,0.9568729554709928,0.0,-17.766443288419303,-6.100180286627906,-17.412818052390282,-6.713566373101468,4405542,T20,0.6133860864735619,-0.3536252360290213
0.027134917494020687,0.0,0.5380353424987526,0.0,-17.832936112787593,-7.936293050618115,-19.449102581918865,-7.903275729686839,4405512,T20,-0.033017320931276295,1.6161664691312723
0.5926235610605579,0.16763172154964062,0.0,0.0,-21.84711304516594,-13.242958817708129,-22.30750185715666,-13.778988187882415,4400729,T20,0.5360293701742869,0.46038881199071824
0.5650352125659085,0.071507687769625,0.9580428450278382,0.0,-21.460255722663103,-12.17646008609065,-22.117522305408265,-12.94479617814173,2723788,T20,0.7683360920510793,0.6572665827451623
0.36156939553684925,0.04143520930135646,0.03235888567082701,0.0,-20.652923287742844,-11.869903260423765,-21.48090931336362,-12.657733277494044,2723789,T20,0.787830017070279,0.8279860256207776
0.9545792832818386,0.663261240537351,0.8378626252602935,0.0,-23.438129323398872,-14.821654362101789,-23.913784629801018,-15.426021661252918,2716605,T20,0.6043672991511286,0.47565530640214604
0.39072236325871224,0.2500961612431726,1.0,0.0,-22.24218144308651,-12.814145947055616,-21.85838118134143,-14.11866944730575,2714956,T20,1.3045235002501343,-0.38380026174507975
0.4780429037773979,0.0009271390819657569,1.0,0.0,-21.348710251247212,-11.487213810747237,-21.770536514123695,-12.012196210037272,2722509,T20,0.5249823992900353,0.4218262628764826
0.5056930706003456,0.0013324763681397058,1.0,0.0,-21.097321408934864,-11.502795393932832,-22.049632208999252,-11.591700410407656,2723792,T20,0.08890501647482374,0.9523108000643887
0.3453334315510328,0.04838624811895565,1.0,0.0,-21.246060233339453,-12.497773105616394,-21.426524974066478,-12.992753735017313,2722698,T20,0.4949806294009189,0.18046474072702523
0.7454300387635033,0.2463843686664961,1.0,0.0,-22.866825179092768,-14.414706962585527,-23.313342752850723,-14.19056947959181,2722699,T20,-0.22413748299371683,0.446517573757955
0.770073374763269,0.1776601920496398,1.0,0.0,-23.071527002164107,-13.958384450218134,-23.09503580483082,-13.951237508780338,2722700,T20,-0.007146941437795817,0.023508802666714956
0.4886337526566722,0.04641277500143605,1.0,0.0,-21.882955200993862,-12.481317842641381,-22.06955942364273,-13.092038151684093,2722702,T20,0.610720309042712,0.18660422264886734
0.4733678474731796,0.0002888765534195053,1.0,0.0,-20.91602425301097,-10.244030185786078,-21.91712826520898,-10.990359224122548,2725352,T20,0.7463290383364694,1.0011040121980095
0.3948257835485203,0.0031001531840396815,1.0,0.0,-20.38055705628569,-11.494317072173914,-21.596373664144114,-11.761324987574454,2723730,T20,0.2670079154005407,1.2158166078584252
0.8546706656373189,0.38517875808732605,1.0,0.0,-23.02998420747462,-13.97660903686296,-23.87074157111981,-14.567100260855439,2724430,T20,0.590491223992478,0.8407573636451922
0.11463931240919352,0.0,1.0,0.0,-19.891315452786255,-10.987271561101585,-20.185652207520647,-11.158027742846464,2725354,T20,0.1707561817448795,0.2943367547343918
0.6034626878718514,0.20806722138146938,1.0,0.0,-22.339366342247278,-13.769287545143237,-22.240614578374373,-13.605376046955179,2701301,T20,-0.1639114981880585,-0.09875176387290452
0.9446837504521793,0.6840439147912419,1.0,0.0,-24.027735155184526,-15.400468290301474,-24.447044561339666,-15.523201978996154,2725357,T20,0.12273368869468015,0.4193094061551399
0.4632284118754404,0.0008834015165059367,1.0,0.0,-21.98724876554188,-12.144256789803334,-21.98876708541701,-11.84282474909938,2701531,T20,-0.30143204070395413,0.0015183198751280713
0.43284573290594525,0.08944162076965309,1.0,0.0,-21.625515236996314,-13.048132824755154,-21.732780077810403,-13.24323090262744,2701578,T20,0.19509807787228617,0.10726484081408927
0.9803908177994382,0.8517561967437024,1.0,0.0,-24.03553190462664,-15.41617237231189,-25.158633828716226,-16.241882998873976,2700885,T20,0.8257106265620866,1.1231019240895854
0.9784476309717856,0.6608631971840961,1.0,0.0,-24.79380035863816,-15.436112250939269,-25.171868606944678,-15.642637031494806,2716341,T20,0.20652478055553658,0.3780682483065192
0.6592173201460515,0.02648118070757715,1.0,0.0,-22.734358548315946,-13.023346514286683,-22.549486270976544,-12.838604051040122,2700718,T20,-0.18474246324656107,-0.1848722773394016
0.23822656867275904,0.06762175941799968,1.0,0.0,-20.85997088424812,-13.137995089615131,-21.238067158052814,-13.331071113888633,2700533,T20,0.1930760242735019,0.3780962738046938
0.6320798075103409,0.2664738165400524,1.0,0.0,-22.6196016960477,-13.901334142664293,-22.505072716658916,-14.14987939733596,2700107,T20,0.24854525467166688,-0.11452897938878337
0.8193246644920087,0.5535546717905179,1.0,0.0,-24.013530795727785,-14.774969349099369,-23.786492523599456,-15.213281541945806,2715531,T20,0.4383121928464373,-0.22703827212832906
0.5452455967270271,0.0009016941241367603,1.0,0.0,-19.489029427299343,-10.6936383561474,-22.123268862315886,-12.259017768822366,2715519,T20,1.5653794126749663,2.634239435016543
0.1934792195035453,0.006899222816665462,1.0,0.16884780412460132,-23.57463977967976,-16.90815126345964,-20.866441187590322,-12.54382750936191,2725362,T20,-4.364323754097731,-2.7081985920894383
0.22931180436837736,0.0044632416639491974,1.0,0.0,-20.894764366841006,-11.715099933767407,-21.05036776517794,-11.55309989009299,2725363,T20,-0.162000043674416,0.15560339833693249
0.13699232686574458,0.21787791408044568,1.0,0.0,-19.856878209596157,-12.428815132202491,-20.631973941449726,-14.008449697564414,2715257,T20,1.579634565361923,0.7750957318535683
0.9913198696746979,0.9033626253958132,1.0,0.0,-24.12024914701064,-15.642623170543288,-25.286764925862496,-16.573562140143686,2725365,T20,0.9309389696003976,1.1665157788518563
0.8632575207845253,0.1839922874380612,0.9629921423092074,0.0,-22.590653344230365,-13.674391181478438,-23.71321520662687,-13.814111378633875,2716527,T20,0.13972019715543738,1.1225618623965055
0.8503182241539896,0.29105867742936986,1.0,0.0,-23.340848572663614,-13.38005035829126,-23.444564096570378,-14.167431151022656,2713245,T20,0.7873807927313958,0.10371552390676442
0.12234699710497685,0.0,1.0,0.0,-22.293716355787637,-11.493227148062815,-20.48364830594093,-10.92189136090693,2723811,T20,-0.5713357871558848,-1.8100680498467092
0.8076460071089203,0.2673894306452876,1.0,0.0,-22.98252932689393,-13.731052065816897,-23.23756838420013,-14.032735420040424,2713020,T20,0.30168335422352754,0.25503905730620247
0.09625598444045481,0.0,1.0,0.0,-20.64386372461164,-12.13003122112293,-20.477764894255525,-12.313449399058959,2712849,T20,0.18341817793602821,-0.16609883035611617
0.6921202316964984,0.06957678860303708,1.0,0.0,-22.567512560552252,-12.276820809216577,-22.68639004024694,-12.8368081268229,2712741,T20,0.559987317606323,0.11887747969468876
0.3246822919971619,0.002097863102414562,1.0,0.0,-21.367532431840385,-11.871827196605956,-21.29798889672319,-11.80851179630779,2725373,T20,-0.06331540029816551,-0.06954353511719447
0.6621762135748275,0.0069610559906571265,1.0,0.0,-21.945833822200054,-12.582871358870857,-22.555740637172057,-12.382747387339073,2712255,T20,-0.2001239715317844,0.6099068149720033
0.8752166377816292,0.32706496276686914,1.0,0.0,-23.34340292704645,-14.005142504236975,-23.964616113599067,-14.22141468800384,2725376,T20,0.21627218376686486,0.621213186552616
0.35010846060737927,0.05810292537638209,1.0,0.00043350242761359454,-20.449587933584656,-12.980203742685545,-21.610293544777928,-13.153230911382671,2725377,T20,0.17302716869712675,1.160705611193272
0.9024239635800078,0.2311725106547851,1.0,0.0,-23.576167031938578,-14.097351430157172,-23.473396340501512,-13.904261027520446,2725378,T20,-0.1930904026367255,-0.10277069143706541
0.9966310690300562,0.7660156336012329,1.0,0.0,-24.539791654303986,-15.364923801467995,-25.27925853022096,-15.736076521715061,2725380,T20,0.3711527202470659,0.7394668759169747
0.9886103511808386,0.8300429903411316,1.0,0.0,-24.520722494812926,-15.766911234552826,-24.787420746099567,-16.2331357359014,2711350,T20,0.46622450134857374,0.26669825128664115
0.6029234910810878,0.009807029461342992,1.0,0.0,-21.868950740945493,-12.484762476228477,-22.27967359998443,-12.389230023246718,2710853,T20,-0.09553245298175916,0.41072285903893757
0.2568232752393145,0.005409564513256793,1.0,0.0,-21.630374772764558,-11.897815406626359,-21.05733419084359,-11.544061502651006,2725384,T20,-0.35375390397535256,-0.5730405819209672
0.9943825555576641,0.5963220921184978,1.0,0.0,-24.159887853009856,-15.254158486439685,-24.70051379281274,-15.241644798089379,2710485,T20,-0.01251368835030675,0.540625939802883
0.4909651194107441,0.007985769671612625,1.0,0.0,-22.505963013185024,-11.954962627847856,-21.909767638809235,-12.078753951198298,2721846,T20,0.12379132335044218,-0.5961953743757888
0.9431865828092242,0.44577854011816276,1.0,0.0,-24.85238924100167,-14.33274234263644,-23.809474049994353,-14.82676393010631,2708952,T20,0.4940215874698701,-1.0429151910073173
0.0566956121023603,0.0,1.0,0.0,-19.20220821541842,-9.522691574011736,-19.704618203895457,-9.609843215708848,2716794,T20,0.08715164169711187,0.5024099884770372
0.5063086884301164,0.1274924573714363,1.0,0.0,-21.712105526455026,-12.851974227985332,-22.143535041790887,-13.574112609929042,2701089,T20,0.7221383819437097,0.4314295153358607
0.7136693934574595,0.1384424781871381,1.0,0.0,-22.77156524375665,-13.417244889458953,-22.948733522754043,-13.387483216010054,2717046,T20,-0.029761673448899018,0.1771682789973923
0.18985720688992758,0.0,1.0,0.0,-20.077642389363756,-11.477762437089318,-20.805482852057974,-11.113710617946294,2701633,T20,-0.36405181914302354,0.7278404626942176
0.9881801032916256,0.25496499247567844,1.0,0.0,-23.597092490214827,-13.735221666750654,-24.705560856956836,-14.19225905388879,2721870,T20,0.45703738713813635,1.1084683667420094
0.6904645177105038,0.029415369530579737,1.0,0.0,-21.136431796724352,-12.318484260401332,-22.443740130038254,-13.397331031195975,2714531,T20,1.0788467707946428,1.3073083333139017
0.7423303212723084,0.08803568461548295,1.0,0.0,-22.001755872735874,-13.023371902082522,-22.898995356286914,-13.406001808826973,2714517,T20,0.38262990674445163,0.89723948355104
0.13669380821275848,0.0009841251244801126,1.0,0.0,-21.022774075309037,-12.370115302000835,-20.90102066496589,-12.192412849062931,2721888,T20,-0.1777024529379041,-0.12175341034314613
0.11430192774477883,0.0,1.0,0.0,-21.082008480608497,-11.842324487333793,-20.54731267014367,-11.63224031861275,2721889,T20,-0.21008416872104263,-0.5346958104648287
0.9738648169651042,0.9240909368697673,1.0,0.0,-24.45751429971265,-15.979444058659993,-25.223900048439024,-16.49984899305498,2725392,T20,0.5204049343949855,0.7663857487263748
0.09175961655371893,0.01914031753345236,1.0,0.0,-19.527433824686128,-11.755993577150255,-20.32429287522842,-12.481678655460678,2723821,T20,0.7256850783104234,0.7968590505422917
0.597061512970182,0.10196013723023188,1.0,0.0,-22.162336123375713,-13.236990832592396,-22.31080464984791,-13.470931670300931,2724509,T20,0.2339408377085359,0.14846852647219677
0.8795837972883194,0.3075483526868841,1.0,0.0,-23.67585619866356,-13.811767160216311,-23.639788632071944,-14.3132848603268,2721920,T20,0.5015177001104885,-0.036067566591615474
0.8765848153480952,0.5486321360470094,0.9749542748180723,0.0,-23.036490327711423,-14.179577103358367,-24.1937622999249,-15.014513143577998,2713637,T20,0.8349360402196311,1.1572719722134757
0.9645476270643596,0.4524961197020588,1.0,0.0,-24.474059510781935,-14.755407117207515,-24.99823377640462,-14.881590272826807,2722153,T20,0.12618315561929272,0.5241742656226869
0.9792532671431562,0.6241514399354047,1.0,0.0,-23.7664572974071,-14.457813169859492,-24.613106035120545,-15.332448078717768,2722154,T20,0.8746349088582761,0.8466487377134442
0.4679522938236346,0.17159608175651558,1.0,0.0,-20.182145537843752,-12.447754110481906,-21.854065034712747,-13.632749368023097,2725394,T20,1.1849952575411908,1.6719194968689948
0.8575349410438172,0.4522537956593565,0.9994755565655947,0.0,-23.793123053589408,-14.46869158562725,-24.453991829641687,-14.79713415199453,2723564,T20,0.328442566367281,0.6608687760522791
0.9376126622223618,0.3551113248852586,1.0,0.0,-23.71146860931524,-14.143113228730702,-24.092755603547463,-14.566027346090422,2716268,T20,0.4229141173597206,0.381286994232223
0.2841188938850021,0.005011088104485474,0.0,0.0,-19.827833467572738,-11.115665816162453,-21.292968142438344,-11.899665969506101,2701233,T20,0.7840001533436478,1.465134674865606
0.5528811841811357,0.0,0.0526796075248021,0.0,-21.83347229501853,-8.824214532708893,-22.199061043775604,-8.999540444114789,2716288,T20,0.1753259114058956,0.36558874875707303
0.9678497361450484,0.4422830126691444,1.0,0.0,-24.25809562950268,-14.519631513470705,-24.50365294556307,-14.846684891549453,2725397,T20,0.3270533780787481,0.24555731606038833
0.8698367271576283,0.16694142575789545,0.29362954561440535,0.0,-22.99883517017747,-13.560159968759713,-23.391141340527266,-13.970407058295299,2716297,T20,0.4102470895355861,0.39230617034979787
0.08649461287897765,0.043882067986302495,1.0,0.0,-19.429692657079222,-9.770129414729366,-19.810138038873834,-11.190772715862082,2716298,T20,1.4206433011327153,0.38044538179461185
0.5301349861726197,0.13709799067860523,0.9996083853874568,0.0,-21.151303627549247,-12.08966553314227,-22.12405571721248,-12.881118041283113,2725398,T20,0.7914525081408428,0.9727520896632349
0.12775179161481354,0.0,0.0,0.0,-20.07185567333627,-12.152468737103256,-20.742285905691034,-12.538554703507943,2725400,T20,0.3860859664046874,0.6704302323547644
0.741003338389376,0.054896012498817745,1.0,0.0,-21.664162879202728,-11.096652583612766,-22.863139806494193,-12.084773636501728,2701624,T20,0.9881210528889621,1.198976927291465
0.38594066098661683,0.06013412309368193,1.0,0.0,-20.408767403464857,-12.403529149718015,-21.494376884398623,-12.938636169528628,2701640,T20,0.5351070198106136,1.0856094809337655
0.34924965893587995,0.00603482866543616,1.0,0.0,-20.975030874742707,-11.394117370698709,-21.531346857447375,-11.390581520165853,2722251,T20,-0.0035358505328559886,0.5563159827046675
0.4482642787903219,0.23777029167026575,1.0,0.0,-21.38382489486026,-13.858769011507412,-21.605150049737084,-14.02625841490926,2716346,T20,0.16748940340184681,0.2213251548768227
0.0,0.0,1.0,0.0,-19.090387279606354,-11.35506570174221,-19.40852079084589,-10.885971008671177,2700772,T20,-0.4690946930710336,0.31813351123953737
0.24894764596497393,0.00482001276702038,0.0,0.0,-19.14694757798707,-10.629012897816299,-21.06559675238318,-11.503264432230274,2717233,T20,0.8742515344139754,1.9186491743961085
0.2931636502666578,0.044697859324830974,0.9243955821021296,0.0,-20.559247178410416,-12.023483981414174,-21.441303838726938,-12.81288986109386,2716357,T20,0.7894058796796859,0.8820566603165219
0.9316758813494226,0.49908448628515795,0.05556944953063174,0.0,-23.01471020879959,-14.36630049470395,-23.992546870725334,-14.901309728911638,2700543,T20,0.5350092342076884,0.9778366619257461
0.61698934070874,0.14130608699627428,1.0,0.0,-21.693835136487195,-12.864531469318297,-22.40993703226184,-13.506533257923694,2700464,T20,0.6420017886053966,0.7161018957746457
0.3748760869838004,0.0021896527925915703,0.10744356467945743,0.0,-21.277880410486517,-12.32867725646005,-21.503534574266318,-12.57277561689389,2700459,T20,0.24409836043384026,0.22565416377980085
0.7506363482097401,0.007379406432252359,0.7718077647878393,0.0,-22.194995092373418,-12.013446543260299,-22.826088939806542,-12.570225801412208,2716366,T20,0.5567792581519093,0.6310938474331245
0.8234945237436243,0.3723162389782927,1.0,0.0,-22.82766125933509,-14.162470476093034,-23.54835800123033,-14.654459450058816,2700356,T20,0.4919889739657819,0.7206967418952388
0.6492945901414252,0.1464025813538377,0.9907532953453249,0.0,-21.620066606271983,-13.208726364014503,-22.233088447797336,-13.490535165702653,2700201,T20,0.28180880168815037,0.6130218415253523
0.2060757386600083,0.003858812847576893,0.5749404153898535,0.0,-20.86496126536689,-11.877211666544312,-20.674197993032454,-12.058889652575319,2723831,T20,0.1816779860310067,-0.19076327233443635
0.5699291717127235,0.0842477399782255,0.0,0.0,-20.915645872522227,-12.229923768300143,-22.20112049372066,-13.529667135563594,2717244,T20,1.299743367263451,1.285474621198432
0.15241047899550458,0.009035144052970748,0.5219478707620081,0.0,-19.75760712452904,-11.325540809530597,-20.53580179181345,-11.80796974076707,2700094,T20,0.48242893123647335,0.77819466728441
0.7363691734441619,0.27390634516857154,1.0,0.0,-22.23794623836909,-13.000911882296492,-23.23001383298358,-13.260103276755666,2700053,T20,0.25919139445917416,0.9920675946144897
0.732286266852104,0.10252447915934981,1.0,0.0,-22.17146842239868,-13.31101977416247,-22.859654310634507,-13.583701429994749,2722276,T20,0.27268165583227955,0.6881858882358287
0.6477607031264273,0.10397061779377635,1.0,0.0,-22.706868365471024,-14.321151890705396,-22.495325322058253,-13.80091438464265,2715626,T20,-0.5202375060627453,-0.21154304341277097
0.41551232716091724,0.18116217716434752,1.0,0.0,-21.021103514996245,-13.059028201762544,-21.689172748578603,-13.773856500195569,2722285,T20,0.7148282984330248,0.6680692335823579
0.30371761868317926,0.02176921233485626,0.9230656245893148,0.0,-20.46416391499858,-11.543984030030277,-21.072354391147574,-11.904594923695347,2715449,T20,0.36061089366507026,0.6081904761489945
0.4970279313614972,0.12829101579973876,0.9297332116592409,0.0,-19.778911239684437,-12.314520770964148,-21.986788132869627,-13.640832802112723,2722288,T20,1.326312031148575,2.2078768931851904
0.9534141572154868,0.23335549472037537,0.6925655064528745,0.0,-22.898876686152413,-13.598141384798575,-24.20432973756027,-14.18844091432405,2725404,T20,0.590299529525474,1.3054530514078557
0.37747777829903606,1.1038410910365345e-05,0.0,0.0,-21.258313082510693,-11.055117767439473,-21.534100755197848,-11.366557151945013,2725405,T20,0.3114393845055403,0.2757876726871551
0.973410803092225,0.5158461765719631,1.0,0.0,-24.48142884709316,-14.727772447635456,-24.721219559286176,-15.021122413150202,2716423,T20,0.29334996551474646,0.23979071219301673
0.9001080674716914,0.29392338620360986,0.4339501905164641,0.0,-23.45519770083073,-13.740786433705033,-23.777924397901753,-14.412100173179498,2715084,T20,0.6713137394744653,0.32272669707102253
0.8740433468390251,0.35060132484404133,0.4209595472377646,0.0,-23.153700152226605,-14.277014424503964,-23.69160649088139,-14.573089377937208,2715035,T20,0.2960749534332443,0.5379063386547855
0.772166369917773,0.0,1.0,0.0,-22.490605766925654,-6.010392309835354,-22.976247863032583,-6.012066364154666,2716438,T20,0.0016740543193121127,0.485642096106929
0.4259208119023782,0.0,1.0,0.0,-21.041814374172866,-10.09101293543293,-21.799663667768233,-10.31561365224824,2723834,T20,0.2246007168153099,0.7578492935953669
0.37259631597113396,0.023367359488377815,0.7594828236022232,0.0,-20.40700018952085,-10.402655024718129,-21.650548332908397,-10.578279928056354,2723835,T20,0.17562490333822467,1.243548143387546
0.7123566898286718,0.05047397494866219,0.967659071448598,0.0,-22.24226394943019,-13.167242124730834,-22.660331944704055,-12.794241175128985,2716456,T20,-0.37300094960184893,0.41806799527386573
0.40070342921743496,0.0,0.0,0.0,-21.02246451821985,-12.77332741501664,-21.967678265198767,-12.956531845098842,2714591,T20,0.18320443008220266,0.9452137469789186
0.165569351103011,0.0069521965295971455,1.0,0.0,-20.14171075133699,-10.466655497116244,-20.4754104169444,-10.808410812026532,2717290,T20,0.3417553149102872,0.3336996656074085
0.9616567702186029,0.6447623257488415,0.32533414753074896,0.0,-23.357462981311052,-14.427233395298463,-24.57797192206773,-15.356261350996629,2714524,T20,0.9290279556981655,1.2205089407566767
0.8852416339281489,0.4935864060207318,1.0,0.0,-22.85069051849829,-13.647281201994462,-23.363260928867277,-14.935245271968464,2714354,T20,1.2879640699740023,0.512570410368987
0.7694553269736417,0.32359761775091794,1.0,0.0,-21.617373542488863,-12.766963907627503,-23.072954152826707,-14.352588129017702,2714246,T20,1.5856242213901997,1.4555806103378437
0.8235756385068761,0.4669814310159072,1.0,0.0,-22.95266120502954,-14.18718287780768,-23.60729621566149,-14.728970941162697,2723838,T20,0.5417880633550158,0.6546350106319494
0.7924715228802975,0.6608992478096329,1.0,0.0,-21.52991146052004,-13.563407589122734,-23.50327282831261,-15.250132863150679,2716486,T20,1.6867252740279444,1.9733613677925703
0.9776411845162565,0.4834434685167184,1.0,0.0,-24.050564882201805,-14.697441652633598,-24.530505504216524,-15.002329735211443,2717296,T20,0.30488808257784505,0.47994062201471976
0.5206433238034154,0.007326803709058491,1.0,0.0,-21.664688320669633,-12.252000247607905,-22.129364701463736,-12.355066648130304,2714048,T20,0.10306640052239935,0.4646763807941028
0.43064152351235385,0.11872339703912221,0.622526242602045,0.0,-20.817555947509614,-12.279163995690164,-21.72504748017595,-13.26452159824936,2723839,T20,0.9853576025591959,0.9074915326663344
0.04787054669523129,0.0030697056256446882,0.04263369832579545,0.0,-19.141406836741695,-9.895097724643751,-19.903462037090083,-10.782962542296781,2713811,T20,0.8878648176530302,0.7620552003483887
0.348762018208117,0.3205564536714029,1.0,0.0,-21.127400517733246,-15.558665896092762,-20.69580932834334,-14.123331913162069,2713782,T20,-1.4353339829306933,-0.4315911893899056
0.3933308546522306,0.009138270089635678,1.0,0.0,-20.675182131558593,-11.558614888250878,-21.531285845677306,-12.26610927750696,2725412,T20,0.7074943892560821,0.8561037141187136
0.5799154154012093,0.027783296907079945,1.0,0.0,-21.71809255662669,-11.689868344593796,-22.284966928406448,-12.303152596471557,2713736,T20,0.6132842518777615,0.5668743717797575
0.0,0.0,0.9802158273381293,0.0,-19.828767639555835,-10.693368209129739,-19.202262412341366,-11.493907216549667,2713586,T20,0.8005390074199283,-0.6265052272144693
0.840118295469821,0.4271649415243985,0.33831428955504783,0.0,-22.7203213592469,-14.045502746972673,-23.695994347638837,-14.829637940657712,2713585,T20,0.7841351936850387,0.9756729883919384
0.7598325437920018,0.3240057287650106,0.9913560054575808,0.0,-22.39266309735936,-13.851280002635765,-23.055417152021434,-14.427768091367678,2713574,T20,0.5764880887319137,0.6627540546620736
0.6971785893757396,0.07276418810484854,1.0,0.0,-22.328120735039406,-12.356551530810306,-22.90133281407145,-12.870668254876529,2725414,T20,0.5141167240662234,0.573212079032043
0.13877826408878022,0.0012420645873585424,0.5193582447239637,0.0,-20.21708959643911,-10.339185624423662,-20.522563730769736,-10.892516300212934,2717321,T20,0.5533306757892724,0.30547413433062687
0.9232736007707998,0.3846463226795899,0.7819396840339699,0.0,-23.189212783017087,-14.04390697963892,-24.169798300443254,-14.623200996776696,2716539,T20,0.5792940171377747,0.9805855174261673
0.952459353776497,0.7376240758623963,1.0,0.0,-23.697516460333514,-15.218548948761518,-24.444933338009154,-15.617380263651215,2713148,T20,0.3988313148896978,0.74741687767564
0.6818022697758452,0.1660041781943424,0.18508271695556422,0.0,-22.41419995947077,-13.438089281220826,-22.763540830046257,-13.90268883812851,2713116,T20,0.4645995569076842,0.34934087057548524
0.5557631470358994,0.059390903672458854,1.0,0.0,-21.25465205057913,-12.593166969968111,-22.305219426863612,-13.47528898119788,2723842,T20,0.8821220112297681,1.0505673762844836
0.726758692687566,0.024364759007882607,1.0,0.0,-21.881869242602498,-9.392566094079779,-22.807095079307494,-10.03577800039888,2725415,T20,0.6432119063191006,0.9252258367049961
0.7960711854517163,0.2492463288923466,1.0,0.0,-21.54716210617935,-13.728885589171965,-23.22553761570486,-14.112415163940698,2712783,T20,0.3835295747687333,1.6783755095255088
0.7032478341087759,0.009588580940157227,0.6235861543398042,0.0,-21.785359783665985,-11.883932775032493,-22.70613708051977,-12.522318600080933,2716563,T20,0.6383858250484398,0.9207772968537853
0.6494821927338227,0.2200723931409049,1.0,0.0,-21.714009408734217,-12.820125450954627,-22.540670622784507,-13.86216920199962,2712749,T20,1.042043751044993,0.82666121405029
0.9831820226557068,0.5756826019983914,1.0,0.0,-24.080579794422963,-15.017682072341985,-24.962574263886662,-15.304059353775907,2712663,T20,0.2863772814339214,0.8819944694636987
0.9845310523462442,0.40835491837841076,0.0,0.0,-22.975918389465292,-14.257893300966757,-24.300059417598018,-14.74774170229842,2718782,T20,0.4898484013316633,1.3241410281327255
0.45672961166718234,0.09606851718088946,0.031197330856808713,0.0,-20.251597335671224,-12.498348571024303,-21.888845758361178,-13.337030752395671,2712311,T20,0.8386821813713681,1.6372484226899537
0.760212677850588,0.44984463263441715,1.0,0.0,-21.269141487259095,-13.68537734923292,-23.156604795793825,-14.616180656884696,2717353,T20,0.9308033076517752,1.8874633085347305
0.7310711802231249,0.010712810021465936,0.7729448637971521,0.0,-22.15520817128558,-10.940490187120671,-22.965249889226996,-11.598564570322818,2712282,T20,0.6580743832021465,0.8100417179414166
0.6233239436619719,0.12828521126760564,5.28169014084507e-05,0.0,-21.733125849245546,-12.74369329092809,-22.442317732097052,-13.583375365646672,2712026,T20,0.8396820747185831,0.7091918828515063
0.16179286647457813,0.02327433469942911,0.8749664441541243,0.0,-19.525756452537948,-9.182765145909075,-20.211472908694454,-10.291318881721844,2722355,T20,1.1085537358127695,0.6857164561565057
0.0009532462503165073,0.0,1.0,0.0,-17.51062711575249,-10.481186357922457,-18.26745037034281,-11.284999292413206,2711800,T20,0.8038129344907485,0.7568232545903193
0.5009954344734676,0.07541351695232393,0.8844547563805103,0.0,-21.619086357608943,-12.595815298963483,-22.124764734507902,-13.384197360634673,2723845,T20,0.7883820616711894,0.5056783768989597
0.8183172272173476,0.12547947780754357,0.6728325433925154,0.0,-22.815794641134175,-12.958002071855784,-23.308157435131374,-13.360841082449388,2725417,T20,0.4028390105936044,0.4923627939971986
0.4792553250284627,0.025511501177198817,1.0,0.0,-21.290189898699342,-11.957866046096456,-21.976907356428,-12.229497324862669,2711691,T20,0.27163127876621296,0.6867174577286583
0.7619456382238055,0.3395304229660471,1.0,0.0,-21.6981698153917,-13.355640028931365,-23.12234120142447,-14.520545079193267,2711665,T20,1.1649050502619023,1.4241713860327678
0.30422758965608543,0.0015003971639551647,1.0,0.0,-20.01241299705484,-9.076852894252896,-21.196530373663787,-10.572506255069552,2717366,T20,1.4956533608166556,1.1841173766089454
0.9473642662924304,0.6035479343917199,0.34120252609420215,0.0,-23.189563313009273,-14.75570947037359,-24.347084070750054,-15.231659697144467,2711595,T20,0.47595022677087684,1.1575207577407802
0.8858994987313571,0.42089547620521073,1.0,0.0,-23.93842154886964,-14.292279133622179,-23.965712958191656,-14.845416093102555,2711524,T20,0.5531369594803763,0.02729140932201446
0.13347290640394088,0.0,1.0,0.0,-18.369182440778808,-10.716786126191604,-20.459399917257617,-11.413980153417542,2711438,T20,0.6971940272259385,2.0902174764788093
0.4807757210727175,0.04370270815401791,1.0,0.0,-20.585951209028227,-10.216258754340194,-21.763854396577322,-11.62248681923477,2716656,T20,1.4062280648945755,1.177903187549095
0.9633012143522893,0.6586469795417504,0.8972729040520872,0.0,-23.258954950623423,-14.575066400150064,-24.361410031754573,-15.290926018430469,2711060,T20,0.7158596182804047,1.1024550811311506
0.8569392322258564,0.0,0.9947323119297642,0.0,-22.569735927332477,-6.811010458127516,-23.37522415069226,-6.477483845359134,2722386,T20,-0.3335266127683818,0.8054882233597844
0.7773690367178855,8.468879514309756e-05,0.9922827335425852,0.0,-22.407017847394727,-10.847332844009122,-23.04826324779411,-11.059978221784027,2717377,T20,0.2126453777749049,0.6412454003993844
0.996473512395816,0.811339994476586,1.0,0.0,-23.420892680672722,-15.027588763913482,-24.807529283656237,-15.721090083441387,2716683,T20,0.6935013195279058,1.3866366029835149
0.48271875857204444,0.22741878600258633,1.0,0.0,-20.946287860924773,-13.057224553580905,-21.743569698394175,-14.025123567818014,2710825,T20,0.9678990142371084,0.7972818374694022
0.3752130612642448,0.00310460699327944,0.4040128567254311,0.0,-20.82911531961116,-11.661942839756033,-21.516745683975902,-11.488102988834294,2710761,T20,-0.17383985092173937,0.6876303643647432
0.02883332698098106,0.0,1.0,0.0,-18.68056759896064,-10.716355022261656,-19.179865004605364,-11.111008940085833,2722389,T20,0.39465391782417747,0.49929740564472525
0.04176528043878433,0.0,0.9428321875352191,0.0,-19.732702759497112,-11.0049408817847,-20.43459617218458,-11.598617845605656,2716695,T20,0.5936769638209558,0.7018934126874683
0.14924161153823234,0.01092138983252876,1.0,0.0,-19.95273826155992,-11.587711940474252,-20.622159023211754,-12.18230297427639,2710593,T20,0.5945910338021374,0.6694207616518355
0.5835345457767537,0.014121790753826724,1.0,0.0,-21.367601474971206,-12.376895484319112,-22.37421515870446,-13.12295023652285,2710539,T20,0.7460547522037384,1.0066136837332529
0.7978483334128736,0.27001506712027123,1.0,0.0,-22.44544790670979,-13.724170983978222,-23.20498996121859,-14.226243969998364,2710464,T20,0.502072986020142,0.759542054508799
0.0,0.0,0.0,0.0,-19.041779782192776,-12.195755481813313,-19.99380017697787,-12.125958083132579,2709995,T20,-0.06979739868073409,0.9520203947850945
0.49918909526199934,0.14428312159709616,0.7939529675251957,0.0,-20.047569468635366,-12.992326388364965,-21.690978603672058,-13.668040251535926,2722411,T20,0.6757138631709605,1.6434091350366913
0.506920308287729,0.0,0.6873998564113294,0.0,-21.357589958791806,-8.868825191885403,-21.974818559557985,-9.201577340672957,2709503,T20,0.332752148787554,0.6172286007661789
0.8141570695655292,0.0,1.0,0.0,-21.424580782871132,-9.342795733401868,-23.05110309382122,-9.476642285791048,2709445,T20,0.13384655238917986,1.6265223109500866
0.5069331766724483,0.0,0.3978463790820418,0.0,-21.15764710493292,-8.047681829838403,-21.977446740264806,-8.392087971702443,2725422,T20,0.34440614186403984,0.8197996353318864
0.9094681541289695,0.4207547849908086,0.07295534008578741,0.0,-23.32675633136118,-14.157225349594704,-24.108377650408542,-14.702271269630115,2709266,T20,0.5450459200354114,0.7816213190473604
0.9584536715866264,0.5895776187780888,0.2388865506581716,0.0,-23.153257477599727,-14.250732110850596,-24.388040621108715,-15.172826659111688,2709265,T20,0.9220945482610929,1.234783143508988
0.9779091517278102,0.5840330589043776,0.3381620086561173,0.0,-22.925565594283274,-14.366393060356435,-24.43566395195261,-15.27518413364446,2709264,T20,0.9087910732880253,1.5100983576693352
0.8876609454769435,0.12891036802767017,0.376145521165243,0.0,-22.390819502204877,-13.395671614409313,-23.49971803713689,-13.676434127512177,2709232,T20,0.2807625131028644,1.1088985349320133
0.015276779295470881,0.0,1.0,0.0,-17.111656273973615,-10.663923978587583,-18.656671952258048,-10.767648999729778,2723851,T20,0.1037250211421945,1.5450156782844324
0.8828800493556843,0.5028533755114752,1.0,0.0,-22.970624745207108,-14.71146775045842,-23.754654078266004,-15.017963202721928,2722443,T20,0.3064954522635084,0.7840293330588963
0.17818390663138675,0.0,1.0,0.0,-20.736886565188815,-10.84394909990358,-20.867546800543078,-11.36724500807454,2722446,T20,0.5232959081709598,0.13066023535426297
0.4794828990502089,0.007724203851668361,0.7881649714928074,0.0,-21.784108214474127,-10.173996150054812,-22.030034771021302,-10.266314176439407,2701313,T20,0.09231802638459463,0.24592655654717532
0.24365648619466304,0.0,1.0,0.0,-19.198920804233946,-10.67306633475891,-20.927717650280794,-11.275928034750052,2719232,T20,0.6028616999911414,1.7287968460468477
0.6489367047056971,0.0,1.0,0.0,-22.61757225601822,-6.027996162263038,-22.628148285570262,-5.757158114045016,2722450,T20,-0.27083804821802193,0.010576029552041177
0.822399361950213,0.013216126361599117,1.0,0.0,-22.229537810338407,-11.90219366376556,-23.130442394932487,-12.49661256595299,2725427,T20,0.5944189021874298,0.9009045845940804
0.7238895357115936,0.0,1.0,0.0,-21.69253945332227,-5.100413322434128,-23.060363885799966,-5.680603744006157,2701450,T20,0.5801904215720288,1.367824432477697
0.6670873515159107,0.010090013712399286,0.6991493174308038,0.0,-21.312893132864943,-11.442364035579065,-22.60046480486165,-12.399655719481158,2717058,T20,0.9572916839020937,1.2875716719967087
0.8500866661568659,0.5197059298343998,0.9983665128767216,0.0,-22.55744865953324,-14.034138565718232,-23.568328311325672,-15.068163659409489,2717084,T20,1.0340250936912572,1.0108796517924326
0.7578349004651334,0.11626509862462565,1.0,0.0,-22.701887288102228,-13.107491164546966,-22.977435004650527,-13.81609376449692,2722478,T20,0.7086025999499537,0.27554771654829935
0.0066539115646258515,0.0,1.0,0.0,-19.43597693429652,-11.720053797404008,-19.469483000242597,-11.135479071995507,2723855,T20,-0.5845747254085012,0.03350606594607797
0.964760666668563,0.5901336693794996,1.0,0.0,-23.219870729543185,-14.811880483350793,-24.273690055393995,-15.341571128860007,2722482,T20,0.5296906455092145,1.0538193258508102
0.8184746374603235,0.3809843075292915,1.0,0.0,-22.097201486637417,-13.966879084432357,-23.36591467302917,-14.481179492978706,2713002,T20,0.5143004085463492,1.2687131863917536
0.3405002071719807,0.007204013913600579,1.0,0.0,-21.6247622125426,-11.553605954660574,-21.526909587698487,-11.845467097414666,2722487,T20,0.29186114275409203,-0.09785262484411206
0.006825299108696231,0.0,1.0,0.0,-18.633360889269753,-10.899009304719836,-19.662067857661167,-10.940039123021405,2712505,T20,0.04102981830156871,1.0287069683914147
0.933042787837663,0.6200406437238327,1.0,0.0,-23.380890468399127,-14.052135025622322,-24.179696777122654,-15.3202195954935,2712382,T20,1.2680845698711778,0.7988063087235275
0.9379690406823686,0.7403278458352347,1.0,0.0,-23.38407454099771,-14.763030905842857,-24.20020871924532,-15.646347204282174,2712364,T20,0.8833162984393166,0.8161341782476121
0.74896188850967,0.007610921501706483,0.19719283276450508,0.0,-22.185226898426855,-12.058979757308014,-23.1089955429635,-12.411772886269839,2722494,T20,0.35279312896182446,0.9237686445366435
0.10385541939231198,0.0,0.18794336370821074,0.0,-19.547059208122874,-11.160940577291182,-19.961136035056683,-11.577353119617335,2723858,T20,0.4164125423261531,0.4140768269338082
0.01799626051729511,0.0,1.0,0.0,-21.166416252381214,-10.199729654158919,-19.613543472795204,-10.921834976453002,2709641,T20,0.7221053222940839,-1.5528727795860107
0.030877936760289704,0.0,1.0,0.0,-18.330081241287026,-11.392477264757813,-19.877686442083604,-11.11130704838251,2709639,T20,-0.28117021637530293,1.5476052007965784
0.3855426055801745,4.8350872612373496e-05,1.0,0.0,-20.968612306669854,-10.430558609896197,-21.61173230461412,-10.540514796564969,2722510,T20,0.1099561866687715,0.6431199979442646
0.9425504925376093,0.46437278258973697,1.0,0.0,-23.55306224676,-14.95021757590414,-24.05419444567934,-14.913943208603236,2717145,T20,-0.03627436730090494,0.5011321989193398
0.34066400399400903,0.054655516724912645,1.0,0.0,-21.96766364920012,-13.410572583608603,-21.579903652764823,-12.985357845345334,2722576,T20,-0.4252147382632696,-0.387759996435296
0.3517765182929427,0.028053221793531168,1.0,0.0,-21.21464527339352,-12.43436832859985,-21.50563439352024,-12.80568861005556,2722579,T20,0.3713202814557093,0.29098912012672074
0.05057498946354386,0.0,1.0,0.0,-22.46280178607099,-13.367425158202208,-19.613866630322786,-11.69084181365946,2725434,T20,-1.6765833445427472,-2.8489351557482046
0.21344052953753329,0.0,1.0,0.0,-19.698704052092555,-11.745016922865972,-20.655259503547157,-12.141242596992175,2723862,T20,0.39622567412620313,0.9565554514546015
0.917392935898571,0.7215131698226174,0.03446458462459575,0.0,-22.10139300701334,-13.722444199009207,-23.905237004545842,-15.544136770978303,2725435,T20,1.8216925719690966,1.8038439975325034
0.9828289096436172,0.6702263033454561,1.0,0.0,-24.15007946295135,-15.135512897753445,-24.7019436183655,-15.451789830497853,2722628,T20,0.31627693274440816,0.551864155414151
0.4810644938864237,0.05236147736424071,1.0,0.0,-21.16576257956061,-13.722080042347923,-21.974434520762177,-13.047593368296491,2722629,T20,-0.6744866740514315,0.8086719412015668
0.9350354971188438,0.20562860144535347,0.042437362707331804,0.0,-23.27891571714719,-13.75307030055284,-23.946884367473782,-14.039536931097077,2718783,T20,0.28646663054423627,0.6679686503265927
0.8578173781335973,0.2881827455101852,0.2845970758245496,0.0,-23.09926543060316,-13.948060349238382,-23.46221161055003,-14.46386597237948,2718971,T20,0.5158056231410981,0.3629461799468672
0.8235411415627093,0.4484733433302493,7.17863637813866e-05,0.0,-22.40388572837986,-13.942492710242158,-23.171936664439144,-15.000543903582372,2722636,T20,1.058051193340214,0.7680509360592858
0.8968682900987922,0.5809752991101363,0.4613988717503645,0.0,-23.431073168083316,-14.733499196790897,-23.729726318704905,-15.114979900538195,2722637,T20,0.3814807037472985,0.2986531506215897
0.8545860431506143,0.4341987543443102,0.0,0.0,-23.15770735021903,-14.287204395460963,-23.511115123842604,-14.703555552918127,2716573,T20,0.41635115745716433,0.353407773623573
0.027999240698557328,0.0,1.0,0.0,-20.59710685351976,-11.105406415000541,-20.383263225654098,-10.850355275455405,2723866,T20,-0.25505113954513625,-0.21384362786566413
0.11037635725365331,0.0,1.0,0.0,-18.556441760209122,-9.955860409986395,-20.517136285107274,-11.043001485309004,2718953,T20,1.0871410753226094,1.9606945248981518
0.1403472630959388,0.002501471453796351,1.0,0.0,-20.638676582261485,-5.691059039219214,-20.714116710425028,-6.231883509151646,2722688,T20,0.5408244699324323,0.0754401281635424
0.48658856856207017,0.0,0.0,0.0,-21.754110122106162,-12.792141842786192,-21.98158976797904,-12.362940799484637,2722690,T20,-0.4292010433015552,0.2274796458728794
0.1705314147314433,0.0,0.04650235076221685,0.0,-20.478836864122094,-9.62669592484021,-20.819152322140717,-10.085372880863597,2725437,T20,0.4586769560233872,0.3403154580186225
0.8894455174633835,0.09256800257524542,1.0,0.0,-21.941078884593697,-12.782745086862183,-23.581597314150855,-13.64770055352402,2722693,T20,0.8649554666618364,1.640518429557158
0.7197517742654371,0.1554222237460144,1.0,0.0,-21.045675645784463,-11.65564482492083,-22.54900085177927,-13.306013298623249,2722694,T20,1.650368473702418,1.5033252059948055
0.8212915650276031,0.11464372833483118,1.0,0.0,-22.51535606630249,-13.062265103094918,-23.140391894409753,-13.541174756853042,2722695,T20,0.4789096537581248,0.6250358281072614
0.5376292875354791,0.03721556742194642,1.0,0.0,-21.85380460101671,-12.537874987443706,-22.081369525547412,-13.083382996289691,2722701,T20,0.5455080088459852,0.22756492453070365
0.7050369255036925,0.2717932171793217,1.0,0.0,-21.798082399108765,-13.724200992295044,-22.86323601992235,-13.958796790392705,2722771,T20,0.2345957980976614,1.0651536208135859
0.41323406317458916,0.0,1.0,0.0,-20.76973291706152,-9.441644140953999,-21.778913277439727,-9.35195249955588,2723870,T20,-0.0896916413981188,1.0091803603782061
0.64694976009349,0.2621329767509802,1.0,0.0,-21.285323613976015,-12.480974364977639,-22.266191043683346,-14.083915502660352,2723871,T20,1.6029411376827127,0.980867429707331
0.16994035334773916,6.474534845137219e-05,0.2879306577318085,0.0,-19.567693284124392,-10.998631110451266,-20.631577821779196,-11.756884540070642,2713418,T20,0.7582534296193764,1.063884537654804
0.05663127926321026,0.0,1.0,0.0,-19.559025155080263,-11.059958441029721,-19.78300738349226,-11.130671306441638,2716839,T20,0.07071286541191668,0.2239822284119981
0.5410143921222068,0.06904115641964399,0.4146888019189497,0.0,-21.31631097405139,-11.924219863454871,-22.195068454960197,-12.681798120711232,2723873,T20,0.7575782572563607,0.8787574809088063
0.35878427793459045,0.035995986678674416,1.0,0.0,-20.807202969959445,-11.736528559440588,-21.419954674464627,-12.570744429127169,2722827,T20,0.8342158696865809,0.6127517045051825
0.1567571884984026,0.020239616613418533,0.09269968051118212,0.0,-19.957857380093245,-11.505942418537886,-20.882983620894674,-12.384628271551525,2711466,T20,0.8786858530136392,0.9251262408014291
0.2856753249195929,0.033977843399100954,1.0,0.0,-20.185891937968442,-11.6588647504594,-21.23200335598312,-12.50340421983034,2723875,T20,0.8445394693709396,1.0461114180146787
0.6586384819637288,0.18707150207560996,1.0,0.0,-21.179617908200665,-12.842428057309242,-22.53874635245376,-13.860971795069844,2723876,T20,1.0185437377606021,1.3591284442530949
0.5645346399928524,0.01794366061672311,1.0,0.0,-21.873932386101636,-12.08815664263525,-22.176810638980633,-12.50447901955902,2722842,T20,0.4163223769237696,0.3028782528789975
0.7273331097673111,0.024887225365368183,0.9168961824298743,0.0,-22.768685975123706,-12.339040255943381,-22.87781136969705,-12.577062020683725,2722843,T20,0.23802176474034376,0.10912539457334347
0.7290249433106576,0.054185836184184655,0.642000795179986,0.0,-22.825718391500097,-12.899790496830347,-22.86447157465222,-12.91245312801368,2722844,T20,0.012662631183333772,0.03875318315212439
0.5337896016972474,0.007922558653564485,1.0,0.0,-22.083997477792966,-12.138605190800222,-22.227092247922528,-12.261053033818671,2722853,T20,0.12244784301844902,0.1430947701295615
0.2714229426995386,0.010345603962625243,0.06992007204773165,0.0,-19.462214601381305,-11.440486005657883,-21.05244955447483,-12.319866158640032,2723658,T20,0.879380152982149,1.5902349530935247
0.3016190699664591,0.014686193046142798,0.915471573106599,0.0,-21.279967529323276,-10.830538339262679,-21.3719767723328,-11.882632467649513,2723659,T20,1.052094128386834,0.09200924300952451
0.6994294309242791,0.18648500658555917,1.0,0.0,-21.509357419890705,-12.753540212332487,-22.76429068179571,-13.710867917651747,2725438,T20,0.9573277053192601,1.2549332619050055
0.5877597680970073,0.0,1.0,0.0,-21.9328756023643,-10.27055208089794,-22.25039397941179,-10.253220799728082,2723618,T20,-0.017331281169857604,0.3175183770474881
0.8519969189924451,0.3577328373129681,1.0,0.0,-23.159993174363493,-13.939724980780719,-23.433186518556482,-14.466255755766406,2723705,T20,0.5265307749856873,0.2731933441929897
0.9418728238959134,0.006468755726589702,0.0922092201366528,0.0,-22.896422185827607,-12.415559157595743,-23.81159927944127,-12.801957934350714,2716739,T20,0.38639877675497125,0.9151770936136643
0.9363984446000506,0.6011233444078603,1.0,0.0,-23.414353242039596,-14.469031223475062,-24.079870563007976,-15.184466221809362,2723750,T20,0.7154349983343007,0.6655173209683802
0.70172693696282,0.046221265312762834,1.0,0.0,-22.345956078852378,-13.126445279869944,-22.606327217603457,-13.036636943050002,2722916,T20,-0.08980833681994227,0.2603711387510792
0.8043296928568902,0.0,1.0,0.0,-23.231950985911308,-10.543802402599644,-23.251313455234676,-10.132826555172846,2725441,T20,-0.4109758474267977,0.019362469323368714
0.5329286994837678,0.08376892671231395,1.0,0.0,-21.080939859659555,-12.697644346030177,-22.20723218957094,-13.259920798331924,2724566,T20,0.5622764523017469,1.1262923299113865
0.6397550205559409,0.12599184529751128,0.0,0.0,-21.32064347910099,-12.683803632670337,-22.326982792126984,-12.932006262161549,2724535,T20,0.24820262949121208,1.0063393130259932
0.7732285835036387,0.15425898372595218,1.0,0.0,-21.646597412710523,-13.95549979977621,-22.934608649439486,-13.805387031585257,2724522,T20,-0.15011276819095265,1.2880112367289627
0.3755396253316962,0.002059487504455622,0.8511228167452177,0.0,-20.765975114217795,-11.955838752689658,-21.888082237869373,-12.218284769651644,2724545,T20,0.2624460169619862,1.1221071236515776
0.21496533795493938,0.0016551126516464476,1.0,0.0,-19.803329516941456,-10.20923721510808,-20.89702979806585,-11.20600006711371,2723883,T20,0.9967628520056291,1.093700281124395
0.4144343144624509,0.12119163303615303,1.0,0.0,-20.76783545431287,-12.643108638344062,-21.6461770444615,-13.514946913286405,2722264,T20,0.871838274942343,0.8783415901486293
0.973003736908392,0.749337133766406,0.014935204825666182,0.0,-22.964618389001135,-14.478890277144313,-24.609787352299254,-15.804293554113228,2725442,T20,1.325403276968915,1.6451689632981186
0.960399338138125,0.6871036879920932,1.0,0.0,-23.20452866020398,-14.80378680734652,-24.833284482065938,-15.61208883568706,2711876,T20,0.80830202834054,1.628755821861958
0.38483912015997107,0.0,1.0,0.0,-21.06717770723168,-10.994671868223916,-21.71418625491286,-11.278855729749438,2724499,T20,0.28418386152552166,0.6470085476811818
0.0,0.0,1.0,0.0,-18.53499153089593,-10.48133392611426,-19.636169704084022,-12.37043623826957,2723887,T20,1.889102312155309,1.1011781731880923
0.004617231507987811,0.0,0.0,0.0,-20.624998445484213,-10.773408475411129,-20.21590137757664,-10.985031411575235,2700165,T20,0.21162293616410643,-0.40909706790757383
0.6490190717068836,0.0,0.9552942784879347,0.0,-20.45357156287567,-11.337166881087196,-22.173495032764247,-11.795713557058834,2725450,T20,0.4585466759716379,1.7199234698885775
0.2676694900362,0.01658876041190735,1.0,0.0,-19.537611199611217,-12.499661957860607,-21.340689185781002,-13.53403802561656,2724533,T20,1.0343760677559537,1.8030779861697859
0.5530939702538171,0.3393338888967359,1.0,0.0,-21.024223519954425,-13.532002964086052,-21.97588937556912,-14.421167433353821,2716276,T20,0.8891644692677687,0.9516658556146957
0.17458116912009208,0.04196036738154005,1.0,0.0,-18.821905194863177,-11.793324131611817,-20.901330455028532,-13.253642246935186,2716314,T20,1.4603181153233695,2.0794252601653547
0.9563132867865708,0.9275468633332902,1.0,0.0,-22.530832500541102,-15.433127513093343,-24.405052006203466,-17.011821899403536,2715387,T20,1.5786943863101932,1.8742195056623636
0.8525755893190652,0.5182852960476504,1.0,0.0,-21.16634321289646,-13.294568031626204,-23.37094992972465,-14.970638867319332,2721833,T20,1.6760708356931282,2.204606716828188
0.2401483463446852,0.052226041895988236,1.0,0.0,-19.00478507260092,-11.410835833819315,-20.721889044486375,-13.032684960627364,2713102,T20,1.6218491268080495,1.7171039718854537
0.0,0.0,1.0,0.0,-17.714047815717567,-9.846578884698552,-18.101584305959623,-11.641933769267427,2716585,T20,1.7953548845688747,0.3875364902420557
0.37001800435895016,0.05950914431915096,1.0,0.0,-21.19184089221539,-12.662503287573657,-21.280637345807428,-13.306464458406651,2711496,T20,0.6439611708329949,0.08879645359203892
0.9715508160290913,0.7169908656690573,1.0,0.0,-27.693521348610236,-20.996787753691866,-26.678994707283454,-16.001206547910286,2711495,T20,-4.99558120578158,-1.014526641326782
0.5921314825853701,0.4713786936898578,1.0,0.0,-20.93534469806596,-13.320108817513752,-22.32459951593873,-14.787982678160114,2716747,T20,1.4678738606463622,1.389254817872768
0.6917469162141736,0.17806056853771524,1.0,0.0,-22.430873782832382,-13.164356576044831,-22.761034017598337,-13.857204946504108,2725487,T20,0.6928483704592772,0.33016023476595535
0.4743579177390606,0.13800500620477402,1.0,0.0,-20.844526003756613,-13.037198956616125,-21.845111061234082,-13.746916452129145,2725491,T20,0.7097174955130203,1.000585057477469
0.8183717413037347,0.2858168208966701,1.0,0.0,-21.72079600230088,-13.116056886938539,-23.07806453957762,-14.380733103415922,2711967,T20,1.2646762164773833,1.3572685372767417
0.5989951741918428,0.22673894361076236,1.0,0.0,-20.67718418161933,-13.09503657814619,-22.28771378303342,-14.156510661728916,2721900,T20,1.0614740835827252,1.6105296014140897
0.6035369824302739,0.3208701928983905,1.0,0.0,-21.322647878247132,-13.591905183738605,-22.289449013411698,-14.49655919257562,2715362,T20,0.9046540088370154,0.966801135164566
0.4521620208358473,0.11832991432363943,1.0,0.0,-21.101186151471737,-12.582002946258305,-21.792807829088325,-13.231920573207006,2721901,T20,0.6499176269487013,0.6916216776165882
0.05037845580154839,0.0022596219146282736,1.0,0.0,-19.47452569664791,-12.123252026514574,-20.062740340941403,-12.735330290177664,2725500,T20,0.6120782636630899,0.5882146442934939
0.03303649240200743,0.015446413366857323,1.0,0.0,-18.814883821762233,-11.212632649697701,-19.37838728501319,-12.098877573667414,2721903,T20,0.8862449239697128,0.5635034632509566
0.028239592204490207,0.0,1.0,0.0,-17.919494001467122,-11.528009962892256,-19.229576962285833,-11.800797038359761,2721904,T20,0.27278707546750525,1.3100829608187112
0.21423800264216478,0.06899315709005625,1.0,0.0,-20.856413280565683,-12.793829489336368,-21.100213911580607,-13.135936636784484,2717510,T20,0.3421071474481163,0.2438006310149241
0.2482128639913268,0.0805608727322006,1.0,0.0,-19.317296882627534,-12.295981472342358,-21.107808067043806,-13.366502451200882,2722224,T20,1.0705209788585233,1.790511184416271
0.6258792302587923,0.07896483078964833,0.007166556071665562,0.0,-21.00580825117283,-11.830866003778713,-22.51744928868252,-12.135361051032378,2702910,T20,0.30449504725366516,1.5116410375096905
0.35093896713615025,0.28909353557240886,1.0,0.0,-21.232132605479237,-13.299158725655719,-21.37548981143975,-14.159117824735398,2701547,T20,0.8599590990796795,0.1433572059605126
0.5224761051373954,0.2001568100358423,0.0,0.0,-20.61481849590563,-13.643178607985211,-21.552126720350444,-13.630469585737368,2700609,T20,-0.012709022247843649,0.9373082244448128
0.41643232254785695,0.0,0.9805861426393359,0.0,-19.408718243252626,-8.860274277860205,-21.361501828687768,-9.915360953539235,2722263,T20,1.0550866756790303,1.9527835854351423
0.0,0.0,0.0,0.0,-16.167075801047424,-10.022504586094167,-15.851593326786187,-10.200807624128633,2700262,T20,0.1783030380344659,-0.31548247426123766
0.3052639046538025,0.0,0.005140078423279333,0.0,-20.694635035842296,-11.135336109866477,-21.33613422845449,-12.245471631073332,2715149,T20,1.110135521206855,0.6414991926121942
0.5067437705847984,0.0,0.9902886316876783,0.006477067793309566,-20.387851191995885,-9.61104374853016,-22.094541576355496,-11.369072290535986,2712897,T20,1.7580285420058264,1.7066903843596108
0.39731452747073936,0.0010431558515522391,0.0,0.0,-20.582578146653223,-11.245184575553422,-21.59359752713641,-12.28023948682857,2712848,T20,1.0350549112751484,1.0110193804831873
0.7544831880448318,0.0,0.0,0.0,-20.971115961463113,-7.365220460811637,-23.155305193419668,-7.940630848921241,2712565,T20,0.5754103881096047,2.1841892319565552
0.19035236457540697,0.0432891354755214,0.9078076224827891,0.0,-19.01305560942812,-12.31222893447485,-20.366512551871182,-12.84715582886996,2712316,T20,0.5349268943951095,1.3534569424430636
0.6552990962781541,0.09688270217482288,0.0,0.0,-21.28783244538553,-11.9635654282637,-22.286865658568694,-13.575210088084777,2712271,T20,1.6116446598210779,0.9990332131831643
0.005872756933115825,0.0,0.0,0.0,-18.54124267327121,-10.529119719172966,-18.454291672731255,-13.22904920474805,2712127,T20,2.6999294855750833,-0.08695100053995475
0.5909587843008636,0.0397124740352028,0.0,0.0,-21.488377378719843,-11.28725217704366,-21.967618535783735,-12.012286256962767,2712071,T20,0.7250340799191068,0.4792411570638926
0.0,0.0,0.0,0.0,-16.116938685392803,-9.77599476494125,-17.476819129406394,-10.587102892006559,2711934,T20,0.8111081270653084,1.3598804440135908
0.15499500716363473,0.0,0.0,0.0,-19.389002457856282,-9.447073016938056,-20.289326992005844,-10.209013766157351,2725545,T20,0.7619407492192956,0.9003245341495614
0.03199117484831772,0.0,0.9232744355897063,0.0,-18.363642451606136,-11.164558328965024,-19.051447865154113,-11.486219998404259,2711369,T20,0.32166166943923535,0.6878054135479772
0.0,0.0,0.38727810650887573,0.0,-16.914440571398117,-11.088619656931481,-16.754833310688344,-11.433612958457065,2711353,T20,0.3449933015255837,-0.15960726070977316
0.3267462682341617,0.0,0.00014863363225208262,0.0,-20.274508296010204,-6.989862487986169,-21.441645099890792,-7.852342342002517,2719003,T20,0.8624798540163479,1.167136803880588
0.0326045328045345,0.0,1.0,0.0,-16.964633437238803,-6.299756721080795,-19.332315236127403,-8.516361173122641,2710752,T20,2.216604452041846,2.3676817988886008
0.45359651532394163,0.006671114076050703,1.0,0.0,-20.308192678352786,-12.112828764882774,-21.711345795979625,-12.445765388799362,2709714,T20,0.33293662391658785,1.4031531176268395
0.0,0.0,1.0,0.0,-20.1721386277071,-10.982671525387088,-19.8397593199643,-11.347761570664941,2708599,T20,0.36509004527785294,-0.3323793077427979
0.006085430076067876,0.0,1.0,0.0,-21.12417230610794,-12.682285609174722,-19.840162945750084,-12.763776661056456,2709697,T20,0.08149105188173422,-1.2840093603578566
0.44569426221639086,0.0,0.9609907517040546,0.0,-21.12258311114149,-9.966782331907082,-21.440223037524174,-10.982291356994304,2718734,T20,1.0155090250872227,0.31763992638268235
0.7365623801435538,0.0,1.0,0.0,-22.161629597464778,-10.359200191533954,-22.910082120341496,-11.907497372607123,2718735,T20,1.5482971810731687,0.7484525228767183
0.0,0.0,1.0,0.03665987780040734,-17.1830546207659,-5.403258084975309,-18.311827389966982,-7.900546072253318,2719062,T20,2.4972879872780096,1.1287727692010812
0.6693343427242744,0.0,0.0,0.0,-21.16446952047674,-7.866301080642368,-22.478549728453046,-8.647088646917956,2719004,T20,0.7807875662755874,1.314080207976307
0.6893540206532146,0.0,0.0,0.0,-21.836556439876336,-7.335815874903617,-22.52460489779822,-8.149689401530868,2719005,T20,0.8138735266272503,0.6880484579218837
0.6553138118818311,0.0,0.0,0.0,-21.461844913182127,-7.924223468175552,-22.548321556105062,-8.429757068908973,2711040,T20,0.505533600733421,1.0864766429229356
0.37685769562413457,0.0,0.0,0.0,-20.587827668232602,-7.296472892864848,-21.715161922739885,-8.08610858270325,2719006,T20,0.789635689838402,1.1273342545072822
0.17545661590675654,0.0,0.7020944045014066,0.0,-18.69784034871711,-9.480493050324581,-20.617813342951862,-11.040856030480906,2718008,T20,1.5603629801563255,1.919972994234751
0.17520746137964827,0.0,1.0,0.0020485053943975384,-19.7465045650259,-8.010517644348266,-20.056519565137634,-7.804530590042379,2722877,T20,-0.20598705430588637,0.3100150001117328
0.13680174111306875,0.0,0.0,0.0,-17.86816450579156,-11.398393698322584,-20.22946222818158,-10.940839747970411,2723964,T20,-0.45755395035217283,2.3612977223900167
0.20813955232837258,0.012830802928468561,0.5765835033605378,0.010396663466154588,-20.07801904043183,-11.648736447891299,-20.48186052517283,-11.710704599255097,2715780,T20,0.061968151363798185,0.403841484741001
0.3957914281293519,0.07420147030235227,1.0,0.0,-21.52597819445073,-12.917557449060833,-21.7042281999033,-12.987226270564294,2715782,T20,0.06966882150346088,0.17825000545257197
0.465967123148454,0.0,1.0,0.0,-19.17484410498706,-2.293048617420937,-21.785458376574702,-7.799902552898401,2715784,T20,5.506853935477464,2.610614271587643
0.8376870627822548,0.09899133010795108,0.0,0.0,-22.595754412832797,-13.520074348612606,-23.32843662097797,-13.504789701354408,2722227,T20,-0.015284647258198447,0.7326822081451745
0.5066411396842555,0.012550766352137772,0.03394046743030547,0.082448245996757,-21.307748969762304,-10.600463477932767,-21.903879795712243,-11.985890262112742,2725551,T20,1.385426784179975,0.5961308259499383
0.17834729998872642,0.0,0.7765397767840362,0.0,-18.73011238006754,-9.939348737182522,-20.525011596999793,-10.454003377700612,2718007,T20,0.5146546405180903,1.7948992169322544
0.329513747681173,0.0063219978122016525,1.0,0.16922598478110062,-20.389714537021348,-11.85274914307751,-21.487997625382803,-12.109220921984084,2701086,T20,0.25647177890657424,1.0982830883614554
0.0,0.0,1.0,0.0,-16.123891185475937,-7.721984967854443,-16.26831420665933,-7.674650778257955,2701104,T20,-0.04733418959648805,0.14442302118339256
0.0,0.0,0.08642377935147219,0.0,-19.43138905362376,-11.688315202226146,-19.93001193378249,-12.719743387465774,2717201,T20,1.031428185239628,0.4986228801587309
0.7635243010433298,0.7512345449819925,0.0,0.0,-22.127148449481425,-14.261305786805273,-23.551040550405805,-15.441208459307513,2701124,T20,1.179902672502239,1.4238921009243803
0.860883280757098,0.210104343605921,1.0,0.0,-23.16318336522753,-13.546422811541769,-23.361211618835313,-13.975767437282938,2716272,T20,0.4293446257411695,0.19802825360778442
0.8058553020989846,0.0656883980200467,0.1084030935144171,0.0,-22.13941898524504,-13.58407536057348,-23.062382231417747,-13.072360791319145,2701149,T20,-0.5117145692543357,0.9229632461727064
0.0,0.0,0.015597012403257962,0.0,-17.38593405092851,-7.899459024087304,-17.886023296315894,-8.067661537999332,2722234,T20,0.16820251391202756,0.500089245387386
0.5706630608974359,0.0,0.8150040064102564,0.0,-19.847264387154397,-8.22690350994956,-22.191305117080123,-9.485948977339076,2701287,T20,1.259045467389516,2.3440407299257267
0.20615229638473304,0.02129114900073375,0.8594125035754705,0.0,-19.727733312546647,-11.744943177806897,-20.803507312425857,-12.138099207814093,2701294,T20,0.3931560300071961,1.0757739998792104
0.7528020430085736,0.32808441887466605,1.0,0.0,-22.347868080011203,-13.75107410386977,-22.878617862118194,-14.506667935233224,2725556,T20,0.7555938313634538,0.5307497821069909
0.05159212445308702,0.0,0.0,0.0,-19.039838331133293,-10.873533368744694,-19.986047289395177,-12.119715300673318,2701328,T20,1.246181931928625,0.9462089582618844
0.5476067595182135,0.0001848196787624754,0.46748917235655574,0.0,-21.179441384539697,-10.133724406010932,-22.23189573015027,-10.424343257253742,2701346,T20,0.29061885124280984,1.052454345610574
0.0,0.0,1.0,0.0,-16.245139609993544,-10.250336853073357,-18.101036759535134,-10.520232207845693,2701352,T20,0.26989535477233595,1.8558971495415904
0.3775958354816467,0.05319637965200431,0.09668031233887653,0.0,-19.988968501303283,-12.195944753909039,-21.42782033047021,-13.068754978445686,2701409,T20,0.8728102245366465,1.4388518291669286
0.26794139557983604,0.0,0.0,0.0,-19.873046224969453,-10.305208458423488,-20.714217298083483,-12.252833646535814,2701414,T20,1.947625188112326,0.8411710731140296
0.32333200889165703,0.0,0.039341287142534966,0.0,-20.373780200234663,-6.697662153428635,-21.339809679104754,-7.4543573933777205,2722241,T20,0.7566952399490852,0.9660294788700909
0.0,0.0,1.0,0.0,-17.295101644011353,-11.659543511276768,-18.77552878409301,-12.61807185777747,2701472,T20,0.9585283465007031,1.4804271400816553
0.4663453800897694,0.0,1.0,0.0,-20.283017881771126,-4.632041377274582,-21.838615331535205,-8.261517837105576,2716307,T20,3.629476459830993,1.555597449764079
0.03091111291941303,0.0,0.0,0.0,-19.36263512645215,-9.507760519155092,-19.386908404851894,-10.122706611585775,2722246,T20,0.6149460924306833,0.024273278399743248
0.29307940992030396,0.0,0.9953302607626224,0.0,-20.66109653928271,-9.785953711734091,-21.24600156026844,-11.040324038545878,2716310,T20,1.2543703268117863,0.5849050209857296
0.23212188089559666,0.0,0.0,0.0,-19.343995070694326,-10.985823877633134,-20.3596168425211,-12.063158244834352,2701600,T20,1.0773343672012174,1.0156217718267726
0.4622997197970424,0.05947280733071523,1.0,0.0,-20.712169414610617,-10.529553094765001,-21.846390804483498,-11.104806488403026,2724741,T20,0.5752533936380253,1.1342213898728808
0.888685894024856,0.1529674695803328,1.0,0.0,-22.417810768638283,-13.36089581001863,-23.678415387800825,-13.726248703455225,2702897,T20,0.3653528934365955,1.2606046191625424
0.25582270408163266,0.06494260204081634,5.739795918367347e-05,0.0,-20.201730856098838,-10.099644909108518,-21.04316000341349,-10.683630170250396,2723972,T20,0.5839852611418781,0.8414291473146527
0.025443573808880477,0.0,0.0,0.0,-18.679925020993284,-5.9561955973511775,-20.259634651137663,-8.016718910333024,2701017,T20,2.0605233129818465,1.5797096301443787
0.21208037245773095,0.17838765008576327,1.0,0.0,-21.42172524168519,-12.0351796908595,-21.277068877567288,-12.249034084998431,2701002,T20,0.21385439413893081,-0.14465636411790328
0.19618143190756446,0.031118778324467345,1.0,0.0,-20.851389567075316,-12.037792995923006,-20.81602373144746,-12.400756581373889,2716328,T20,0.36296358545088303,-0.03536583562785722
0.3988389966819987,0.0,0.010751703878768715,0.0,-22.024865233108713,-10.409187933313953,-21.622320302403484,-10.584484469815083,2700976,T20,0.1752965365011292,-0.4025449307052291
0.0006958087753765551,0.0,0.0,0.0,-18.303486753540984,-9.054639260382377,-19.078458850968484,-9.715794371429356,2700952,T20,0.6611551110469787,0.7749720974275007
0.6243037000012032,0.005578056145869449,0.0,0.0,-22.492387309660806,-11.335913585407585,-22.43292102121384,-11.879905010937616,2723974,T20,0.5439914255300309,-0.05946628844696633
1.0,0.9172326799922376,0.0,0.0,-24.036958826820847,-14.293037407310731,-24.864426775308274,-16.583019262408307,2723975,T20,2.289981855097576,0.8274679484874277
0.9485857500895095,0.47017543859649125,0.9999283924095955,0.0,-22.30221175603524,-12.590747993402251,-24.08631164029824,-14.796761021142645,2700900,T20,2.2060130277403935,1.784099884263
0.1254064504789524,0.0,0.0,0.0,-19.145770432317637,-11.126456785973648,-19.76014549667397,-11.824095837413727,2700874,T20,0.6976390514400794,0.6143750643563344
0.3182646556771422,0.0,0.3540616985659742,0.0,-20.259482397444035,-7.699688289256986,-21.420574172406816,-8.686046552568602,2723976,T20,0.9863582633116161,1.161091774962781
0.5268569674647025,0.027982402291794557,1.0,0.0,-20.615956106638627,-10.61058057785217,-21.846810387299097,-12.191713068914588,2700836,T20,1.5811324910624176,1.2308542806604699
0.2605192078512536,0.07753000818150235,1.0,0.0016549796956780007,-20.42381892440406,-12.966394567825848,-21.099634316060836,-13.413991168820404,2725563,T20,0.4475966009945562,0.6758153916567764
0.4034861054444897,0.011559907520739833,1.0,0.0,-21.210319361170107,-11.642378930153075,-21.636787424310988,-12.399188485877081,2700765,T20,0.756809555724006,0.4264680631408808
0.2916822546452175,0.0,0.0,0.0,-19.09075868952851,-11.508249623977834,-21.019250670635714,-12.660850276076877,2700722,T20,1.1526006520990428,1.9284919811072037
0.8811390199282346,0.09184576382517876,1.0,0.0,-22.057911038557393,-11.471937380632195,-23.804360693701284,-12.959055730832548,2700683,T20,1.4871183502003529,1.7464496551438913
0.303383823780185,0.18873862852821466,1.0,0.0007043454406607504,-20.707431497771083,-12.839624067436418,-21.412972241750694,-13.770448232495971,2700680,T20,0.930824165059553,0.7055407439796113
0.02612086948635004,0.0,0.9947697796051639,0.0,-17.808220633400463,-10.549294619295889,-19.498917919321094,-12.197731211156418,2723977,T20,1.6484365918605288,1.6906972859206313
0.44001329959177626,0.004710272087481758,1.0,0.0,-21.202417299040327,-11.42686093117307,-21.770782926931584,-11.915147293675913,2700648,T20,0.4882863625028424,0.5683656278912572
0.8448424216697451,0.13179330679301995,1.0,0.0,-22.799431831058225,-13.396855562291055,-23.745835470779898,-13.603523773630135,2700635,T20,0.2066682113390801,0.9464036397216731
0.7222226596640972,0.2485767828599775,0.0,0.0,-21.85138225823399,-13.282056403669431,-22.738954799855566,-13.93670145521544,2716358,T20,0.6546450515460087,0.8875725416215765
0.4526411740300964,0.23996632476613616,1.0,0.0,-17.416171876962448,-12.031051109433278,-21.894343394130747,-14.215200488981983,2700556,T20,2.184149379548705,4.478171517168299
0.9371758851567631,0.8637564473518684,1.0,0.0,-23.787070564666738,-15.246298710221753,-24.59596620323589,-16.286132425538195,2700521,T20,1.0398337153164423,0.808895638569151
0.7579470309825114,0.07880456066149732,1.0,0.0,-20.862278674621667,-12.772603345538675,-22.848698854485026,-13.612177789168065,2700501,T20,0.8395744436293899,1.9864201798633587
0.8025633556655988,0.48878531896300637,0.0,0.0,-22.01364411699312,-13.331998612091725,-23.278248234888395,-14.748585877162153,2700478,T20,1.4165872650704276,1.2646041178952743
0.03576482032839076,0.0,1.0,0.0,-18.48757327810359,-10.622107472008802,-19.24938299930494,-11.400470972594587,2700468,T20,0.778363500585785,0.7618097212013524
0.8479348742417747,0.3086320581999018,1.0,0.9484570454409634,-25.71330967668784,-19.924604179242696,-23.31410765899857,-14.38647675574417,2700454,T20,-5.538127423498526,-2.3992020176892694
0.6375732762631433,0.2915852485965077,0.0,0.0,-20.760944121413086,-12.738798475695026,-22.1253833995795,-13.421958030221722,2722266,T20,0.6831595545266964,1.3644392781664152
0.8354396472382104,0.3796791076555353,1.0,0.11812299957415828,-20.271443076356494,-11.432291992365244,-23.5338513626239,-14.289567365421606,2700372,T20,2.8572753730563623,3.262408286267405
0.5037584293992697,0.14461446453981144,1.0,0.0,-21.701632956716498,-12.655187175418183,-22.11046475981222,-13.47249001201268,2700351,T20,0.8173028365944965,0.40883180309572253
0.9890956501125993,0.6398842839520806,0.9130768791785742,0.0,-23.62462352690559,-14.902951847077114,-24.765183412755114,-15.371339777252041,2725568,T20,0.4683879301749272,1.1405598858495232
0.8699519957031119,0.10591157809929842,0.0,0.0,-21.00535683853439,-12.083024784918951,-23.348975593638876,-12.497137689413597,2700319,T20,0.41411290449464566,2.3436187551044867
0.16871613874963476,0.0,0.0,0.0,-19.482785328308076,-9.681782861717727,-20.871499786682207,-10.856639044181609,2700296,T20,1.1748561824638823,1.3887144583741318
0.0012811155799183193,0.0,1.0,0.0,-18.209788913496613,-9.23165242478239,-18.574536019653184,-9.38928877059815,2700270,T20,0.15763634581576014,0.364747106156571
0.3887978336777596,0.0,1.0,0.0,-20.887392654443552,-9.77179440213828,-21.54576075457917,-10.769039719809232,2700267,T20,0.9972453176709521,0.6583681001356183
0.027386596137531825,0.0,1.0,0.0,-19.008446830657743,-6.008014798696156,-19.646702812144778,-6.673239653848594,2700264,T20,0.665224855152438,0.6382559814870348
0.5341960412034609,0.0,1.0,0.12992746925145943,-20.784190896427845,-4.954895454022355,-22.079640332021782,-5.992810141908273,2700251,T20,1.0379146878859178,1.2954494355939374
0.7792703440396094,0.19320093309635658,0.3031253967246416,0.0,-22.43521640767058,-12.448003584087505,-23.32592243806259,-13.289975104551582,2700190,T20,0.8419715204640763,0.8907060303920105
0.17068786438539216,0.0,0.9959257286219797,0.0,-20.294056581875488,-8.69882613684709,-20.93483307083796,-9.417215200355615,2725572,T20,0.7183890635085248,0.640776488962473
0.7195747238134207,0.22398603723404253,1.0,0.0,-22.479779831005132,-13.14420520931585,-23.03161535037287,-13.790272590508781,2700136,T20,0.6460673811929318,0.5518355193677387
0.5777165158059608,0.0,0.8351990952078009,0.0,-21.935524357481704,-8.277186847639946,-22.244686262701734,-8.823270093400117,2700129,T20,0.5460832457601708,0.30916190522003006
0.2781608102325139,0.0,0.0,0.0,-19.000308140044872,-10.97292030700866,-20.707612842306037,-11.97097290361417,2700111,T20,0.9980525966055094,1.7073047022611654
0.4783351529994984,0.035816931747764756,0.15484375461064062,0.0,-20.908054938780325,-11.5533763817726,-21.94570054214807,-12.216577295120915,2723981,T20,0.6632009133483159,1.0376456033677464
0.27469124721763477,0.006866159258993321,1.0,0.0,-20.491952133382476,-11.280393829394177,-20.79184150458008,-11.85322659122252,2700039,T20,0.5728327618283426,0.2998893711976045
0.15082326020991887,0.0,1.0,0.0,-20.682629225177745,-8.852328682937156,-20.094661415312405,-9.661243975364934,2700030,T20,0.8089152924277787,-0.58796780986534
0.7016976070680243,0.4321824660678775,1.0,0.0,-22.0842521180046,-13.629070953549729,-22.97304467902779,-14.552065975126512,2723982,T20,0.9229950215767833,0.888792561023191
0.42812693834120874,0.04962153493930943,1.0,0.0,-21.021671849087518,-11.591181428903473,-21.83277898474654,-12.228711099234815,2700016,T20,0.6375296703313413,0.8111071356590216
0.19676587766580733,0.0,0.025826107335364428,0.0,-18.73407347001993,-5.209522968389004,-20.470404010516994,-6.21116484580487,2715753,T20,1.0016418774158655,1.7363305404970646
0.39972327230499366,0.0,1.0,0.0,-20.508811044284347,-1.9845166827871252,-21.563469723708714,-1.9218949343928262,2716388,T20,-0.06262174839429901,1.0546586794243673
0.465178887708112,0.0,0.7039910260951706,0.0,-19.280246324906656,-3.983387963865419,-21.911230403920044,-8.841053438760085,2715710,T20,4.857665474894666,2.6309840790133876
0.11617393398973674,0.0032906197979172326,1.0,0.0,-20.40799578803566,-10.775686640188638,-20.304358048263925,-10.761419961347423,2722277,T20,-0.014266678841215352,-0.10363773977173452
0.9716381640208036,0.7755308759737457,1.0,0.0,-24.37674106946759,-15.434624904040557,-25.41571593669058,-16.063203244782102,2717257,T20,0.6285783407415444,1.03897486722299
0.9076694972368243,0.5577378545433541,0.6372248859106926,0.0,-21.67746237594141,-13.052918816752637,-23.644893816474838,-15.00641048916098,2715693,T20,1.9534916724083438,1.9674314405334279
0.9193146825656818,0.4161370634868637,0.0,0.0,-21.373030224060937,-13.18167488066499,-23.961438249842846,-14.201681123668155,2715585,T20,1.0200062430031647,2.5884080257819093
0.53121874889702,0.023624363212819282,0.1092950339423745,0.0,-21.896527780731514,-11.48537877387234,-22.053901188772862,-12.210323468522413,2723986,T20,0.7249446946500733,0.15737340804134803
0.6431042061912915,0.1811519596501782,0.7243764749433159,0.0,-21.298204639558016,-12.9035832048995,-22.31660085787118,-13.834074751279411,2715571,T20,0.9304915463799119,1.018396218313164
0.7821122595201074,0.28288210006402636,1.0,0.0,-23.33694669502343,-14.074646405051503,-23.286913409272234,-14.043468033050797,2715564,T20,-0.03117837200070639,-0.050033285751194256
0.30280596899074375,0.01979314225835872,0.0,0.0,-19.32215183384444,-10.322609223401265,-20.929734084608167,-11.764391791417747,2717261,T20,1.4417825680164817,1.607582250763727
0.7332574058229077,0.0705412822113791,1.0,0.0,-22.392118157362493,-12.61683978448774,-22.790518040632296,-13.293089213428196,2725578,T20,0.6762494289404568,0.39839988326980347
0.0,0.0,1.0,0.0,-17.287901886600473,-7.7016353785443314,-18.449955137377707,-8.546411150706598,2715507,T20,0.8447757721622668,1.1620532507772339
0.6475499056559331,0.21062901830101338,0.04517357572692042,0.0,-21.529524480987096,-13.072572896468436,-22.71489450299247,-13.551704803741732,2723988,T20,0.47913190727329535,1.1853700220053724
0.29470691199552956,0.06792015580957704,0.0,0.0,-20.989357200407934,-12.721402183332094,-21.18386497685733,-13.524275844015474,2715469,T20,0.80287366068338,0.1945077764493952
0.568329218106996,0.21708641975308643,0.0,0.0,-21.25602965411134,-11.630826187644821,-22.401336539187657,-13.615070932532724,2715458,T20,1.9842447448879028,1.145306885076316
0.6189086715705975,0.09070378977163526,1.0,0.0,-21.377047742077288,-9.57023678134087,-22.4877014442826,-10.110981716553244,2715441,T20,0.5407449352123734,1.1106537022053118
0.08716159462428119,0.0,0.0,0.0,-21.63136649346798,-10.515096234545533,-20.56435518430502,-11.73790191753238,2715440,T20,1.2228056829868468,-1.067011309162961
0.0005803830528148576,0.0,0.0,0.0,-17.93131375288196,-6.771848915638422,-18.393186646178084,-7.9083014251292205,2723989,T20,1.1364525094907982,0.4618728932961247
0.02696929238985314,0.010032424184627122,0.2997901964524128,0.0,-18.78519083370112,-11.113626181952405,-19.415563848967913,-11.344883718636051,2715431,T20,0.23125753668364624,0.6303730152667946
0.2942191995814806,0.03241148075048153,0.0559864932347276,0.0,-20.739842332798577,-11.686323977969769,-21.264133170297253,-12.163977340020198,2715422,T20,0.47765336205042885,0.5242908374986754
0.4742556638601896,0.03782104060981116,1.0,0.0,-20.998500355691036,-11.517099488147592,-21.988843753213594,-12.505775944015864,2715419,T20,0.9886764558682728,0.9903433975225582
0.6490914756370365,0.06674293899608871,1.0,0.0,-22.341095938089257,-13.097623731573556,-22.5282456629683,-13.388225907867664,2715395,T20,0.290602176294108,0.1871497248790419
0.6060492750010388,0.21167930079808434,1.0,0.0,-21.56369898030088,-12.709779362539182,-22.531884285770264,-13.68038507637743,2723990,T20,0.970605713838248,0.9681853054693832
0.6659558080414585,0.06687562051724982,1.0,0.0,-21.596077780263826,-11.437534342275198,-22.57203214237374,-11.306931799560957,2722287,T20,-0.1306025427142412,0.9759543621099134
0.1954182254861207,0.07870306221421643,0.0,0.0,-20.879932532556076,-12.328571849941294,-20.85639722893398,-13.479580308411377,2715341,T20,1.1510084584700824,-0.023535303622097103
0.860247471892469,0.2091577162238553,0.0,0.0,-21.947548185577627,-12.753213689924966,-23.346272254325644,-13.029348683015956,2715333,T20,0.27613499309098977,1.3987240687480167
0.05606038399530998,0.0,0.5618496262641067,0.0,-17.797011097793643,-9.386374031336828,-19.473969681419735,-9.710380948838822,2715317,T20,0.3240069175019933,1.6769585836260923
0.7273478567879281,0.3986086774590057,0.5221591652064755,0.0,-23.074592464129257,-14.166485166330785,-22.859122388470528,-14.49419023299805,2715295,T20,0.3277050666672654,-0.2154700756587289
0.6684760755930838,0.30880579010856446,0.2870426216324888,0.0,-22.97348216586646,-13.951436584647356,-22.767155224478543,-14.17970991026416,2715284,T20,0.22827332561680436,-0.20632694138791763
0.946065389354142,0.5454127457457637,1.0,0.0,-23.16405780322867,-14.239274404343583,-24.15238255239755,-14.967876542383017,2715225,T20,0.7286021380394345,0.988324749168882
0.3023195386272895,0.024241079916344513,1.0,0.0,-20.139057245902137,-12.47490334972526,-21.240760637603803,-12.961790823361403,2716418,T20,0.48688747363614304,1.1017033917016654
0.883346973516221,0.5495466003208173,0.7904311389007105,0.0,-23.579604098842655,-14.431100781290713,-23.867883215552723,-14.990229904954393,2717273,T20,0.5591291236636806,0.28827911671006845
0.927146395156852,0.6968216840946616,0.0,0.0,-23.916870138275993,-14.41757437515981,-23.65189272408861,-15.73831812888991,2715157,T20,1.320743753730099,-0.2649774141873813
0.9583394673994831,0.8311945889357802,1.0,0.0,-23.729754460193224,-15.169840232389875,-24.898160627123097,-16.16703191179719,2715155,T20,0.9971916794073135,1.1684061669298735
0.7478843736908253,0.23586091328026818,1.0,0.0,-20.72574993699492,-12.31940589425371,-23.345646935287043,-14.019503069752597,2715150,T20,1.700097175498886,2.6198969982921234
0.54466885861907,0.2541568811648661,0.0,0.0,-22.34276714542572,-13.481384530098692,-22.077353477996365,-13.71856441278887,2722289,T20,0.2371798826901781,-0.2654136674293568
0.29072895837120516,0.10005453553899289,0.4297582257771314,0.0,-20.064723996830974,-11.56253456966397,-21.348235660467196,-13.017818034082104,2715127,T20,1.4552834644181338,1.2835116636362223
0.4986342090463564,0.08869607134249215,0.0,0.0,-21.542414345904117,-11.533606695417324,-21.857895908589477,-11.955617581734153,2715110,T20,0.42201088631682815,0.31548156268535976
0.3270747758774262,0.03359755980340012,0.3474204276752128,0.0,-20.245426883246935,-11.941913579077307,-21.210463360004148,-12.491392622471253,2715106,T20,0.549479043393946,0.9650364767572128
0.3344185864065047,0.027343334099174558,1.0,0.0,-19.928778407322554,-6.9862401214252134,-21.098527278486916,-7.902756450018922,2723993,T20,0.9165163285937084,1.1697488711643622
0.0,0.0,1.0,0.0,-16.433062274077013,-8.152541171217186,-16.939594215370114,-9.158493023630738,2715086,T20,1.0059518524135527,0.5065319412931011
0.6662832870446004,0.21815389642215313,0.5427217774873387,0.0,-20.703212031951846,-12.18878466101321,-22.480389731131417,-13.168664224477032,2715063,T20,0.9798795634638218,1.7771776991795711
0.10257818371004103,0.0,1.0,0.0,-20.184437075638886,-12.069156318329142,-20.06572369916145,-11.536704425375913,2715049,T20,-0.5324518929532296,-0.1187133764774373
0.5854918656867162,0.014454527091070124,1.0,0.0,-22.051161790249804,-12.092221994967424,-22.410768229519547,-12.516240744667625,2725587,T20,0.4240187497002008,0.35960643926974356
0.7434809544370812,0.31548613588150265,0.0,0.0,-21.60268769696664,-12.893920826780287,-22.99180344269204,-13.847261716590479,2715026,T20,0.9533408898101925,1.3891157457253982
0.7961929708103843,0.740738082850428,0.0,0.0,-22.568359648183012,-14.328075011925199,-23.16755225561191,-15.708104656050478,2715023,T20,1.3800296441252797,0.5991926074288969
0.9980786184136169,0.8659026349299638,1.0,0.0,-24.642402352077628,-16.49264925684158,-25.09503053280224,-16.367377903950693,2715012,T20,-0.12527135289088775,0.45262818072461286
0.06898106402164111,0.0,1.0,0.0,-18.721498551243414,-11.39704443739038,-20.063184018594367,-12.14589195797884,2715005,T20,0.7488475205884608,1.3416854673509526
0.5734342115779097,0.04528864853344699,0.0,0.0,-20.363577306268375,-11.493481068064089,-22.111549658379708,-12.903242112541033,2714926,T20,1.4097610444769444,1.7479723521113328
0.0006016847172081827,0.10794223826714797,0.0,0.0,-19.9205763325619,-13.145660159171923,-20.07952080982481,-13.25761392311713,2714906,T20,0.11195376394520729,0.15894447726291006
0.0,0.0,1.0,0.0,-17.05045954369403,-9.191535361925803,-17.87569566531225,-9.703525353379138,2714899,T20,0.5119899914533352,0.8252361216182216
0.1048293182764901,0.010465600647030742,1.0,0.0,-20.039509663787506,-12.276072204612626,-20.450614203516047,-12.38149555749463,2714887,T20,0.10542335288200277,0.4111045397285409
0.902740440556915,0.484091000280865,0.0,0.0,-21.790859715876266,-13.463983354621515,-23.704911848830356,-14.633998224372187,2723995,T20,1.1700148697506716,1.9140521329540903
0.5355654548067253,0.006722605071943122,1.0,0.0,-21.61857300872773,-11.972505499859176,-22.15362748690357,-11.932105273972468,2714865,T20,-0.04040022588670844,0.5350544781758408
0.16110933457367946,0.0,1.0,0.0,-20.79644591873637,-9.60632540777067,-20.859984748283463,-10.643379777336735,2714864,T20,1.0370543695660643,0.06353882954709178
0.33592274632112584,0.009796040856135387,0.9999892822310108,0.0,-20.528457372256337,-11.117117822036334,-21.33399821034493,-11.64639165572907,2714862,T20,0.5292738336927361,0.8055408380885929
0.6416231454542167,0.043551330935901834,0.0,0.0,-21.398067379625232,-10.803848465904048,-22.447006970040736,-11.916979999283159,2714764,T20,1.1131315333791107,1.0489395904155039
0.0,0.0,1.0,0.0,-17.88781075739037,-13.206974657510571,-19.741553152058845,-12.697856983444009,2714743,T20,-0.5091176740665624,1.8537423946684761
0.7398747163375275,0.009486417110463103,0.0,0.0,-21.56899138660787,-10.43622393765818,-22.92962858061181,-12.355907804070473,2725589,T20,1.9196838664122922,1.3606371940039388
0.778883546630842,0.18054868132645122,1.0,0.0,-20.807533534564723,-12.406825927080241,-22.781891066652,-14.101583162830726,2714720,T20,1.694757235750485,1.9743575320872786
0.36655246252676665,0.016477516059957176,0.9406638115631691,0.0,-21.012773949699643,-10.45862994593112,-21.27124249951197,-10.999061675541478,2714709,T20,0.5404317296103578,0.2584685498123278
0.30122473637961344,0.0017629613356766262,1.0,0.0045364674868189825,-19.30534558903272,-8.877450992592811,-21.259719061012333,-10.841458443471884,2714679,T20,1.9640074508790732,1.9543734719796149
0.0,0.0,1.0,0.0,-17.184725364759338,-8.57309953235579,-17.726956677798793,-8.360124658270776,2714648,T20,-0.21297487408501503,0.5422313130394549
0.9731368254023007,0.45822194242743075,0.22461149726625163,0.0,-22.286431124772665,-13.990909179460088,-24.2531482371946,-14.707043929942856,2723997,T20,0.7161347504827678,1.9667171124219358
0.5743928441416609,0.19220968329086277,0.0,0.0,-21.11613785880066,-12.465563059706025,-22.351027814028907,-13.930857737117297,2714625,T20,1.465294677411272,1.2348899552282475
0.6331406686460181,0.23945468280599427,0.0,0.0,-22.522168735421438,-12.49093875790879,-22.522403682052467,-14.071452338210639,2714567,T20,1.580513580301849,0.00023494663102852087
0.20985029674904773,0.0,0.8970236513420142,0.0,-16.6871176094778,-11.55330087811416,-20.103442742467422,-12.300406281058642,2714566,T20,0.7471054029444826,3.4163251329896234
0.5015147984152878,0.1682979880369766,0.0,0.0,-20.7092294032166,-12.271348017397424,-21.55931333552893,-13.237303931243193,2714503,T20,0.9659559138457698,0.8500839323123301
0.09060743690246582,0.0,0.3254111449843423,0.0,-19.410270657601295,-10.001146240257176,-20.36036729877955,-11.528185715999467,2714500,T20,1.5270394757422903,0.9500966411782557
0.31685096806735724,0.0,1.0,0.0,-21.313956072614427,-11.80353649398097,-21.0844528745141,-11.76328617725487,2714484,T20,-0.04025031672609991,-0.22950319810032838
0.16299985493931624,0.0,0.5457666457134567,0.0,-16.279933515275548,-7.598645594027261,-19.263241874563285,-7.573101230260025,2714473,T20,-0.0255443637672359,2.9833083592877365
0.3348137805491153,0.007252920587191107,1.0,0.00422689918583345,-21.2409744238326,-12.355344286873683,-21.460341192554733,-12.623015769314295,2725591,T20,0.2676714824406119,0.21936676872213212
0.30384469553347987,0.0,0.0,0.0,-20.44323738372719,-9.826285280839418,-21.249816243269724,-10.663760067201416,2714442,T20,0.837474786361998,0.8065788595425332
0.5130904796511627,0.009265988372093022,1.0,0.0,-21.770690309343543,-10.372826502661095,-22.08127409437331,-10.726030336331622,2717293,T20,0.353203833670527,0.3105837850297668
0.08014891391299,0.0,0.0,0.0,-18.880561795256973,-10.970274599023709,-19.680579353760777,-11.3449299379452,2714411,T20,0.3746553389214906,0.8000175585038036
0.7956067506027322,0.472973777420603,0.09871417090811677,0.0,-22.946838612265015,-14.206984826302765,-23.455163473871384,-14.859185221683537,2714388,T20,0.6522003953807722,0.5083248616063685
0.3060430641060983,0.07810346411834972,0.0,0.0,-19.585977162115654,-10.792395744078389,-21.081238198865133,-12.78119990041616,2714378,T20,1.9888041563377712,1.4952610367494792
0.7955132465335473,0.24274486703118572,0.17403130632671776,0.0,-21.75803564879658,-12.830466471565764,-23.235143855717038,-13.960999730685321,2724000,T20,1.1305332591195576,1.4771082069204589
0.6211806804452683,0.086000977598244,1.0,0.0,-21.424052254543927,-12.255289464988653,-22.41682817833761,-13.131851366758955,2722305,T20,0.8765619017703017,0.9927759237936833
0.22232187701800962,0.19914615770969366,0.4732008323168546,0.0,-20.588171692237538,-13.751434606302805,-20.946942955139733,-13.91450125603626,2718539,T20,0.1630666497334552,0.3587712629021951
0.0675039246467818,0.0,0.719096571631134,0.0,-18.88828090933993,-10.409823200099076,-19.72563884513515,-11.277428934509022,2714284,T20,0.8676057344099455,0.8373579357952217
0.8831655511919906,0.022823441562033298,1.0,0.0,-23.129090673796814,-12.148949366965567,-24.041416979076377,-12.312774410011885,2714265,T20,0.16382504304631773,0.9123263052795636
0.45402517776810314,0.15437255115367862,1.0,0.0,-21.58422187655646,-13.082446780181044,-21.877544913073947,-13.638421726775432,2714252,T20,0.5559749465943877,0.2933230365174886
0.0,0.0,0.0,0.0,-17.15253964251901,-10.903986708304709,-17.14305797788685,-11.262483960293048,2714245,T20,0.35849725198833937,-0.009481664632158271
0.333563669532049,0.023964178114375748,0.11319826418640654,0.0,-20.154963096542648,-10.811416792614764,-21.072821093741673,-11.510331824896697,2714235,T20,0.6989150322819331,0.9178579971990253
0.5242952540271892,0.0,0.8372492903481518,0.0,-21.33008707622499,-8.744224487257817,-22.10567168835269,-9.003731978160221,2714220,T20,0.2595074909024042,0.7755846121276981
0.9992675670966616,0.9423862470396157,1.0,0.0,-24.96817685683917,-16.336800996387044,-26.239781885585376,-17.21927471396364,2714197,T20,0.8824737175765947,1.2716050287462046
0.47371227945424643,0.0944920966475564,0.9299253366517043,0.0,-21.031495879907396,-12.254904496776271,-22.032957046397286,-13.26138448963219,2714154,T20,1.006479992855919,1.0014611664898894
0.0,0.0,0.04658662827033504,0.0,-18.447749870245215,-6.897487765963056,-18.307395986424506,-7.740041773445671,2714138,T20,0.8425540074826152,-0.14035388382070835
0.9781591263650545,0.7660518185433302,1.0,0.0,-24.36693060485228,-14.632521729983624,-25.34744981025982,-15.715070400043665,2714135,T20,1.0825486700600404,0.9805192054075427
0.6838993670276001,0.06843813257076758,0.0,0.0,-21.912542148340805,-11.610216048037735,-22.625027511860846,-12.891143760803915,2714134,T20,1.2809277127661804,0.7124853635200417
0.6933573004330421,0.0,1.0,0.0,-21.30838357897718,-10.811983686649729,-22.35077891226906,-11.535172184370087,2714112,T20,0.7231884977203578,1.042395333291882
0.3462651313847063,0.0,1.0,0.0,-19.93839063561811,-7.951370201124346,-21.301457490128914,-8.83107863131714,2714081,T20,0.8797084301927942,1.3630668545108051
0.9715854434594722,0.7700492814965,1.0,0.0,-24.722015399115968,-14.968078416418566,-24.761175923006242,-16.04812887985307,2714066,T20,1.080050463434505,0.039160523890274135
0.2074001711582245,0.008921218775734286,0.8150226327149035,0.06519352182267363,-19.243606604018254,-11.337553331814744,-20.541793467707784,-11.726215677857486,2716489,T20,0.3886623460427412,1.29818686368953
0.9269209920043366,0.5721642498983602,0.0,0.0,-22.607216592999148,-13.916144989581872,-23.578506832730316,-15.056163445447472,2714050,T20,1.1400184558656008,0.971290239731168
0.0,0.0,1.0,0.0,-18.436618157289622,-10.03932940965859,-18.743442424418777,-11.059852138616016,2714040,T20,1.0205227289574257,0.306824267129155
0.995674740484429,0.8754834113576228,1.0,0.0,-24.90902996024283,-15.445278479510412,-25.698510134913874,-16.723827557109228,2714010,T20,1.2785490775988162,0.7894801746710449
0.5905720338983053,0.20206567796610173,1.0,0.0,-21.70614620261743,-13.550410769146527,-22.316674063803102,-13.927986630128188,2713971,T20,0.3775758609816613,0.6105278611856733
0.3396454472199838,0.0,1.0,0.0,-20.269507238431387,-9.462524017868445,-21.296423952211725,-10.19850350961461,2713942,T20,0.735979491746166,1.0269167137803379
0.17947153517623318,0.0,0.0,0.0,-18.476598265366217,-5.072875361804527,-20.94511857449399,-7.987526057242964,2713915,T20,2.9146506954384375,2.468520309127772
0.8682931064420905,0.449759796260925,0.0,0.0,-21.99193185203223,-14.364971065772568,-23.257726918254285,-14.864753671878754,2713867,T20,0.4997826061061854,1.2657950662220543
0.007454408306340683,0.0,1.0,0.0,-18.219282223378666,-10.147246719544881,-19.547735395371802,-11.14618124569525,2713864,T20,0.9989345261503679,1.3284531719931358
0.5630739786074794,0.018128778875201874,1.0,0.0,-22.334452348195995,-12.083631973935324,-22.18245301594304,-12.272312337397677,2713852,T20,0.18868036346235328,-0.1519993322529558
0.017393925424209644,0.0,0.2793489246263232,0.0,-18.523358297931097,-10.696623541535741,-19.536774396223578,-12.15882001026208,2724007,T20,1.4621964687263382,1.0134160982924811
1.0,0.685000843597098,0.6229964568921883,0.0,-22.096397960733043,-12.91372139317019,-24.101476424703822,-15.10234837487976,2713835,T20,2.18862698170957,2.0050784639707793
0.8884766027623172,0.4186131328988473,0.9326229326229326,0.0,-21.90054441739052,-13.957526884278158,-23.78455475248247,-14.386966697166283,2724008,T20,0.42943981288812516,1.8840103350919506
0.9446371339509155,0.8603854765772491,1.0,0.0,-24.145835970579874,-16.207361042513845,-24.920700240435544,-16.30537596904364,2713815,T20,0.09801492652979604,0.7748642698556694
0.38335862869386655,0.19984822783680029,1.0,0.0,-20.5200828512425,-12.772688991441541,-21.7428604977812,-13.940902206110497,2713805,T20,1.1682132146689561,1.2227776465387024
0.02571471789441838,0.0,1.0,0.0,-18.785292121185385,-10.35976519117815,-19.86543756553842,-11.897199935122243,2713777,T20,1.5374347439440932,1.080145444353036
0.5928958140763239,0.4523086403450856,0.019455081649720495,0.0,-21.292183377313407,-14.011127012706705,-22.466137153534195,-14.754424159122427,2713773,T20,0.7432971464157223,1.1739537762207881
0.36876826946284424,0.02872160690820349,1.0,0.0,-21.284653646821102,-12.736727949826987,-21.573392764131782,-12.948005436288064,2713753,T20,0.2112774864610767,0.2887391173106799
0.5665155609798623,0.11703426030860434,0.0,0.0,-21.079532563998807,-12.6221429404699,-22.16444607513537,-12.598341147525197,2713734,T20,-0.023801792944702527,1.0849135111365626
0.1342398038898766,0.005845590216044391,0.7885822423360809,0.0,-20.27799975433166,-10.008405521626281,-19.832065013031166,-10.27474993211682,2725599,T20,0.2663444104905377,-0.44593474130049415
0.12288750947809438,0.0,1.0,0.0,-20.568661161848485,-11.808381969081461,-20.667281928589325,-11.860581707394237,2725600,T20,0.052199738312776134,0.09862076674084008
0.6375508282674154,0.014422647696191025,0.7561298281781362,0.0,-21.77280335422469,-11.772415501336553,-22.44810890881135,-12.320454055851945,2713688,T20,0.5480385545153919,0.6753055545866609
0.09448993960054841,0.05469300033349391,1.0,0.0,-19.17937413045917,-11.693635331750755,-19.781351923181468,-11.771225589506924,2713677,T20,0.07759025775616912,0.6019777927222982
0.33612847920500855,0.002071983131619681,0.33411743675373046,0.004143966263239362,-20.0326765331199,-9.38891579031851,-21.52632750987519,-10.983611180935258,2713673,T20,1.5946953906167476,1.4936509767552906
0.08660799140531385,0.0,0.0,0.0,-17.035304913278317,-10.926373472450912,-19.830273342831802,-11.092748507196937,2713667,T20,0.1663750347460251,2.794968429553485
0.9018752507019657,0.21003810669875655,0.05500401123144806,0.0,-21.942390479433335,-13.031447541750277,-23.552467208855177,-14.097592539322536,2713554,T20,1.066144997572259,1.6100767294218414
0.4352936473034022,0.0,1.0,0.0,-20.074467652725765,-8.061822665653228,-21.358840949702095,-8.742509770762723,2713545,T20,0.6806871051094951,1.2843732969763302
0.6984115788285744,0.24599368017153822,1.0,0.0,-22.00675920907101,-12.727573077320221,-22.61170970275215,-13.36050541089509,2713532,T20,0.6329323335748693,0.604950493681141
0.08070327019008185,0.0,0.0,0.0,-19.035769106748425,-9.85692635766267,-19.518806961454366,-10.45265543663358,2722318,T20,0.5957290789709102,0.48303785470594107
0.7293215859030838,0.5159295154185021,0.0,0.0,-20.982045413242137,-13.468382543785314,-22.900972062829684,-14.931996783124003,2713519,T20,1.463614239338689,1.9189266495875472
0.922590996205643,0.0,1.0,0.0,-23.335511617114243,-6.019261138130805,-23.697896051052073,-6.418667256769122,2725602,T20,0.3994061186383169,0.36238443393783015
0.49639559130175764,0.33929103366100694,0.39436004368980254,0.0,-20.801552537779713,-12.43962488080376,-21.499076323310558,-13.947008893274917,2713487,T20,1.5073840124711566,0.6975237855308443
0.7825109306683323,0.2505309181761399,1.0,0.0,-21.322218850046134,-13.068640936915482,-23.044762697220243,-13.799121834093654,2713452,T20,0.7304808971781718,1.7225438471741086
0.28754216587181575,0.12382226358031868,0.0,0.0,-18.08191982576218,-11.223250929802662,-19.266112125120518,-12.471523855801925,2713396,T20,1.248272925999263,1.1841922993583367
0.3689252934508357,0.0,0.0,0.0,-19.455011376347755,-11.678560126129371,-21.453074262722374,-12.674079883712606,2713392,T20,0.9955197575832351,1.998062886374619
0.8634561351802732,0.19936339522546428,1.0,0.0,-22.800114101431774,-12.903081193899578,-23.84081705925223,-13.566934553823973,2716523,T20,0.6638533599243956,1.0407029578204572
0.7747567673226435,0.29666504826820855,0.0695175701323514,0.0,-21.992136414265474,-13.044606589379557,-22.93812053337598,-14.279726887184347,2713355,T20,1.2351202978047908,0.9459841191105056
0.8916258902994973,0.4969626715115307,1.0,0.0,-23.202149716556814,-14.119269000041887,-24.026384801942203,-14.782934250329065,2713333,T20,0.6636652502871776,0.8242350853853893
0.5824606845513417,0.04353640808774947,1.0,0.0,-22.861443890299764,-12.993848547295919,-22.27498950052825,-12.886925467527469,2713316,T20,-0.10692307976844972,-0.5864543897715144
0.40670442212037516,0.0002057517913265332,1.0,0.0,-20.687424014437777,-11.510314587329937,-21.62794572449981,-11.866906640445437,2722325,T20,0.35659205311550046,0.9405217100620327
0.6393196444989274,0.07137603432424146,0.9415874961691694,0.0,-20.635467297807775,-10.323839590311934,-22.283606121839167,-12.10256599623289,2722327,T20,1.7787264059209562,1.648138824031392
0.1258565390921502,0.03664582884242293,1.0,0.0,-20.404142921597778,-12.077476977303938,-20.720681311677374,-12.714351668266938,2717320,T20,0.6368746909629994,0.3165383900795966
0.7785640317569898,0.06139156070119137,1.0,0.0,-23.76836338174092,-13.45008374368852,-22.97357512052014,-13.388669273554196,2713248,T20,-0.06141447013432355,-0.7947882612207771
0.13827696061817935,0.028807700128787365,0.9458867123071016,0.0,-20.822692437124527,-12.661510499509683,-20.206768350287863,-12.874096968841888,2713236,T20,0.21258646933220504,-0.6159240868366638
0.9568484110061934,0.26665989778996174,0.0,0.0,-22.521660766122565,-13.418939780178935,-23.65482627007523,-14.220033842697722,2713191,T20,0.8010940625187875,1.1331655039526645
0.19008915612689198,0.0,1.0,0.0,-19.756738752832465,-7.397309653679324,-21.030347483932932,-9.120467443501958,2713181,T20,1.7231577898226345,1.2736087311004667
0.7097739275215273,0.079606649496605,0.0,0.0,-20.869855893933433,-12.66282952228385,-22.560152831950106,-13.896792093681043,2713154,T20,1.2339625713971927,1.6902969380166724
0.0,0.0,0.0,0.0,-18.001643215891903,-10.308783078594727,-18.650041515916495,-11.649396584066332,2713135,T20,1.3406135054716053,0.6483983000245921
0.0,0.0,1.0,0.0,-17.040184274427617,-10.47842363602913,-18.239265348747878,-10.6787833077155,2713124,T20,0.20035967168637114,1.1990810743202616
0.7996040901193426,0.20689566777749294,0.6292603036258508,0.0,-21.227734650127058,-11.588804145390998,-23.209124522123744,-13.07445215110856,2722332,T20,1.485648005717561,1.9813898719966865
0.24740501223435066,0.0,0.0,0.0,-21.280139725743755,-3.9701911384935715,-20.772460729707426,-4.0746313135411505,2725607,T20,0.10444017504757896,-0.5076789960363293
0.260303161541793,0.0,1.0,0.0,-19.148402729587087,-9.095178611262243,-20.71729618935619,-10.665134061158266,2713115,T20,1.5699554498960229,1.5688934597691038
0.2042769703533916,0.012846024029621421,1.0,0.0,-20.555548412072692,-12.531218110597601,-20.899910131473796,-12.875378437853527,2716542,T20,0.34416032725592594,0.3443617194011033
0.6984492367337047,0.27320087230433726,0.0,0.0,-22.772501450132644,-11.955163822578193,-22.45658287041353,-13.974842205938511,2713046,T20,2.0196783833603185,-0.3159185797191135
0.6585709588011462,0.07054905706664995,1.0,0.0,-22.56301227162298,-12.658599460939195,-22.508628248916057,-13.182052615620353,2717325,T20,0.5234531546811585,-0.05438402270692322
0.3927928525253192,0.0693994596296971,1.0,0.0,-20.931163820325853,-12.602076987827864,-21.57832965782275,-13.280375739163341,2725609,T20,0.6782987513354772,0.647165837496896
0.0,0.0,1.0,0.0,-18.146570994591332,-7.553847014374208,-19.106983697887646,-8.622042434777763,2713004,T20,1.0681954204035549,0.9604127032963135
0.18708742553534055,0.0,0.093447109966189,0.0,-19.736375817895176,-11.984748186047453,-20.39579932081766,-12.28815021386934,2713001,T20,0.3034020278218872,0.6594235029224826
0.9808690629386991,0.0,1.0,1.0,-23.016267037835902,-4.156841636297259,-24.86014627364956,-8.256262910435817,2717328,T20,4.099421274138558,1.843879235813656
0.0,0.0,1.0,0.0,-15.772426270742368,-8.348933267845805,-17.011918148031018,-8.884869271008787,2712972,T20,0.5359360031629823,1.2394918772886498
0.5871102299943849,0.33355488580498044,0.3589608425105716,0.0,-20.979978141216918,-13.873892069864787,-22.268847418572292,-14.323020651339302,2712956,T20,0.44912858147451473,1.2888692773553743
0.40711381419346016,0.02203847336590699,0.0,0.0,-19.36474417867932,-10.272430141822179,-21.361335504005304,-11.230025828656675,2712929,T20,0.9575956868344964,1.9965913253259835
0.0,0.0,0.7841176004856035,0.0,-16.28453380151909,-9.792450763981345,-17.0082843542756,-11.066388353044102,2712896,T20,1.2739375890627578,0.7237505527565098
0.6132254359960475,0.0,1.0,0.0,-20.90672067590672,-9.534769175207709,-22.230956340337336,-10.425529184296984,2712891,T20,0.8907600090892753,1.324235664430617
0.7567849429019163,0.09545712772351411,1.0,0.0,-22.85630531100069,-12.941163278768734,-23.006129268481768,-13.260833022003311,2716554,T20,0.3196697432345772,0.1498239574810789
0.11452972144737364,0.0,1.0,0.0,-19.513768428960965,-9.804756230910725,-20.205992211955454,-10.381580428570121,2712875,T20,0.5768241976593966,0.6922237829944891
0.8683187886844002,0.0,0.8528655953203107,0.14489587821030456,-21.459459520013098,-6.069050282914484,-23.62541433454614,-9.874697020558603,2716556,T20,3.8056467376441194,2.165954814533041
0.5594050343249425,0.02592931604373251,1.0,0.0,-21.85596761190136,-12.199584176218643,-22.161015805904523,-12.949059700541998,2717335,T20,0.7494755243233548,0.3050481940031631
0.25997396728006467,0.012338928593894407,0.8974973749534266,0.0,-20.015412201667985,-10.851834973723378,-20.997589882540268,-11.713617643366128,2725613,T20,0.86178266964275,0.9821776808722831
0.748537689907722,0.1260035326550489,1.0,0.0,-22.32624276119905,-13.118000223940934,-22.778975825405784,-13.362567606649758,2724013,T20,0.2445673827088246,0.45273306420673265
0.8947844983701558,0.26103378693020124,1.0,0.0,-22.81726409273972,-14.182082937487735,-23.909242551085626,-14.496372003456196,2712736,T20,0.3142890659684614,1.0919784583459062
0.4460862177237635,0.061948210261903884,1.0,0.0,-19.35419013643903,-12.161778062547432,-21.620564886959983,-13.260148708031654,2712684,T20,1.0983706454842217,2.266374750520953
0.02078714944227453,0.0,1.0,0.0,-18.433635980432744,-9.763361170010148,-18.727145575830885,-10.395595958882943,2712672,T20,0.632234788872795,0.2935095953981417
0.12490815576781779,0.020818025961302965,0.21583394562821456,0.0,-17.935810767926437,-10.483532621293385,-19.23269835894753,-10.739480283335984,2722342,T20,0.25594766204259933,1.2968875910210933
0.851165012822555,0.14972460337944332,0.0010708343172195652,0.0,-22.449673430195066,-12.214798765339939,-23.22080240999008,-13.533753543219296,2724014,T20,1.318954777879357,0.7711289797950123
0.7011528189711861,0.0,1.0,0.0,-21.37513830102507,-9.831594245550528,-22.76299997362909,-10.504330763435329,2712586,T20,0.6727365178848004,1.3878616726040178
0.00324193229063552,0.029548604236784813,0.0,0.0,-17.71718291525535,-11.764637343258178,-18.229845684901402,-11.89316080679262,2712561,T20,0.12852346353444233,0.5126627696460524
0.6664654088050315,0.3197987421383648,0.0,0.0,-21.84369895188507,-12.382189282236196,-22.230722381970583,-13.927312166750893,2712558,T20,1.5451228845146971,0.3870234300855131
0.9853333595539272,0.7368513806655389,1.0,0.0,-24.195813505125468,-15.453659242425134,-25.105944985839738,-15.851112287791722,2725615,T20,0.39745304536658743,0.91013148071427
0.533533505081382,0.0,0.9553179449148708,0.9505918589357647,-19.807664122786974,-2.319664270532648,-22.113966597101165,-8.450357125841471,2725616,T20,6.130692855308823,2.30630247431419
0.003214223663635837,0.00017374181965599118,1.0,0.0,-25.960194584302705,-20.79803910639815,-19.209986465757375,-9.99930814409199,2712541,T20,-10.79873096230616,-6.750208118545331
0.03561206516952884,0.0,0.02743835314839278,0.0,-19.150462773903712,-10.18117542126069,-19.655938054774506,-11.215586622453529,2725617,T20,1.0344112011928388,0.5054752808707939
0.5171962616822429,0.04766355140186915,1.0,0.0,-20.00072429637343,-12.630100524883101,-21.384974785590757,-13.303778621630077,2712509,T20,0.6736780967469755,1.384250489217326
0.032050828510379374,0.0,1.0,0.0,-18.285424650265565,-9.727886885872781,-18.996672471227303,-10.01849484441295,2712502,T20,0.2906079585401695,0.7112478209617379
0.016045099739809193,0.029632841861809773,0.0,0.0,-19.256135941792486,-11.742846520200384,-20.086712486263913,-12.690392625570302,2712488,T20,0.9475461053699181,0.8305765444714268
0.04551296290419827,0.0,0.2692420588328627,0.0,-20.706428959397535,-11.053263581117989,-19.322927384592514,-10.486148382153127,2712404,T20,-0.5671151989648617,-1.3835015748050203
0.43787918349793414,0.002580367702397591,0.05065507549111461,0.0,-20.3302017439202,-10.54307194038128,-21.966003047018805,-11.767861495293742,2712399,T20,1.224789554912462,1.6358013030986065
0.46208836637157447,0.0044994857730545085,0.6043401762487651,0.0,-21.246779821299437,-6.815826990028152,-21.761353000433942,-7.548754877856816,2722349,T20,0.732927887828664,0.514573179134505
0.6903087518995512,0.22550168103495172,1.0,0.19214686158649777,-23.038061929389674,-13.967481557681111,-22.74914305694467,-14.174452655387576,2712356,T20,0.2069710977064645,-0.28891887244500225
0.008765871540137067,0.0,1.0,0.0,-17.899459527840847,-9.178143987808616,-18.821684138521654,-9.115029359749142,2712332,T20,-0.06311462805947343,0.9222246106808072
0.2016430737353572,0.003420041016258068,1.0,0.0,-19.815235337127948,-11.84337444281904,-20.73471487879389,-12.215055559454782,2712313,T20,0.37168111663574166,0.9194795416659431
0.3293298837841372,0.0,1.0,0.9240537248938647,-22.017003565049176,-2.925426203045053,-21.523935218961913,-7.9340542455703,2712306,T20,5.008628042525247,-0.4930683460872629
0.2392392998169357,0.0,1.0,0.0,-21.57337869665554,-12.65279588204496,-20.97726304390566,-12.298449064885565,2712297,T20,-0.35434681715939575,-0.5961156527498801
0.581762854676,0.2809031107711259,0.08101616836018685,0.0,-19.93976926518142,-13.060189566454737,-22.2895449873738,-14.237478327539494,2724017,T20,1.1772887610847569,2.3497757221923834
0.6357468597487798,0.19111928954316343,0.4539883190655253,0.0,-22.080270329650755,-13.518088063261969,-22.49478674236102,-13.635917972262689,2712266,T20,0.11782990900072043,0.4145164127102632
0.7330946135061783,0.32658345467628336,1.0,0.0,-23.025532924551474,-12.765729043833772,-23.489894002945945,-13.286790837391512,2712246,T20,0.52106179355774,0.4643610783944716
0.9371690044095815,0.17704801790423014,1.0,0.0,-22.90548870959836,-11.881113462373191,-23.971461968223867,-12.237985164953338,2725620,T20,0.3568717025801469,1.0659732586255082
0.26357225065504314,0.01982270979748757,0.9730513994661704,0.0,-20.497570508032762,-12.395707374843521,-20.904767502827116,-12.338732768481725,2712211,T20,-0.05697460636179663,0.40719699479435434
0.017148879095612184,0.0,1.0,0.0,-20.16532468036697,-8.312862468845953,-18.707687081435683,-10.789182089812002,2712207,T20,2.4763196209660485,-1.4576375989312886
0.9287833827893175,0.612233887350462,0.9293559344428356,0.0,-23.0846338139918,-13.912312930473401,-24.30423703357518,-15.062350403600586,2712197,T20,1.1500374731271847,1.2196032195833801
0.832707097986262,0.2395350202547995,0.24942758175306756,0.0,-21.88507881602747,-14.575442332252889,-23.031677195940524,-14.082321520825255,2712088,T20,-0.49312081142763375,1.1465983799130548
0.3608460374723611,0.0012364715466077038,1.0,0.0,-21.397185422081375,-12.014398246760619,-21.541348780570363,-12.13543942192999,2712084,T20,0.12104117516937052,0.14416335848898854
0.9519452460652205,0.0,0.35956666322329944,0.0,-23.36036771399341,-9.365121927770604,-23.990149633536863,-10.09840884098105,2712068,T20,0.7332869132104456,0.6297819195434542
0.5725863561255802,0.3383429066016209,0.6113777637894406,0.0,-19.977779034969732,-13.503733364312165,-21.68078967154282,-14.319894588527976,2712051,T20,0.8161612242158114,1.7030106365730866
0.9560242057488654,0.7364357034795763,1.0,0.0,-24.018392566908638,-15.570028186143775,-24.617868856944014,-15.62535235662357,2712044,T20,0.05532417047979443,0.5994762900353763
0.8817593427512276,0.21625889189459985,1.0,0.0,-22.0894927500018,-12.373349991752574,-23.660419606116694,-13.850860575027909,2712035,T20,1.4775105832753344,1.5709268561148946
0.620424408139368,0.0635304229755906,1.0,0.0,-22.623421229629603,-13.212762973728978,-22.46185525449273,-13.221796080508971,2712028,T20,0.00903310677999336,-0.16156597513687387
0.4098929039217198,0.42514831651128754,1.0,0.0,-21.324066740475306,-13.140190018714666,-21.711091405075887,-14.631161200497077,2712009,T20,1.4909711817824114,0.38702466460058105
0.7405224733925588,0.07986630310493449,0.0,0.0,-21.341844273864606,-12.384686046983443,-22.619295522485732,-13.619066403961027,2711997,T20,1.2343803569775833,1.2774512486211265
0.5378200438917338,0.06715435259692759,1.0,0.0,-20.315008147544336,-11.124511018801604,-21.564565469911578,-12.551576164909305,2711935,T20,1.4270651461077009,1.2495573223672416
0.34789348668583575,0.03529607867650123,1.0,0.0,-20.737763255243802,-11.488042926811685,-21.054253201701457,-11.814399753484711,2711856,T20,0.3263568266730257,0.31648994645765427
0.6201735752397977,0.026361304251935603,1.0,0.0,-22.307867715960292,-12.534983030717722,-22.49973129457478,-12.891099471481864,2725626,T20,0.35611644076414173,0.19186357861448755
0.5907446276861569,0.0,1.0,0.0,-22.09159764595491,-8.42621924341661,-22.472056027111574,-8.853823157161806,2716618,T20,0.42760391374519635,0.3804583811566644
0.7759815361472162,0.17687484866750122,1.0,0.0,-22.677346545204113,-12.682429926417356,-23.045664609387174,-13.445754503739254,2711817,T20,0.7633245773218977,0.368318064183061
0.0,0.0,1.0,0.0,-17.9560450219386,-13.090921639331741,-17.41074058549894,-12.242555238720836,2711771,T20,-0.8483664006109048,-0.5453044364396611
0.08954879833229774,0.0,0.005111347190763496,0.0,-19.204600238432185,-6.744312155646072,-19.924151785886306,-8.019083339733616,2711735,T20,1.2747711840875438,0.7195515474541203
0.9214298433048433,0.6447683815472276,0.027044981371904437,0.0,-23.516036285001196,-14.495776301277877,-24.146227132222762,-15.381818279276498,2725629,T20,0.8860419779986213,0.6301908472215665
0.0650477016478751,0.020328015825837823,1.0,0.0,-17.081494319358416,-9.56673904674033,-20.234940884956515,-12.336976920969553,2722365,T20,2.770237874229222,3.1534465655980988
0.9706163498898335,0.8336051424038051,1.0,0.0,-23.994306036316445,-14.916867327442526,-25.127419955771487,-16.045283927054562,2725631,T20,1.128416599612036,1.1331139194550417
0.0,0.0,1.0,0.0,-16.82397249558211,-10.453123316046478,-17.634339166581668,-9.894603408321336,2724019,T20,-0.5585199077251417,0.8103666709995565
0.6562404754647972,0.23945951437569848,0.0,0.0,-21.39209823388973,-12.791386320119837,-22.32941929701766,-13.773656842287624,2711685,T20,0.9822705221677861,0.9373210631279321
0.1222650171514052,0.0008339279726953067,1.0,0.5998005450622006,-24.57810906946784,-17.09910936628673,-20.622779845756266,-11.298559860768496,2725632,T20,-5.800549505518234,-3.9553292237115727
0.40437361008154177,0.15752409191994068,0.27188864179227407,0.0,-20.05598208958802,-11.660290961991793,-21.749893852780268,-13.812135761385047,2711678,T20,2.1518447993932543,1.6939117631922471
0.9432322489231713,0.5009086932012334,0.48796933731779873,0.0,-23.276119054462562,-14.371422535958967,-24.098108248096253,-15.024446953005098,2722366,T20,0.6530244170461312,0.8219891936336907
0.9940725585257008,0.9333155421133006,1.0,0.0,-24.738552882729756,-16.112446550624234,-25.430436135054162,-17.037843760592313,2725633,T20,0.9253972099680787,0.6918832523244056
0.5879644470348243,0.32289086405362083,0.5703628150954392,0.0,-21.234062761516036,-13.499110410955394,-21.77082581228836,-13.940346315173123,2711635,T20,0.44123590421772896,0.5367630507723256
0.7888691533451746,0.06410104598381684,0.0,0.0,-19.325683857547695,-11.143105506562986,-22.866249762462797,-13.623709409197536,2711632,T20,2.4806039026345506,3.540565904915102
0.4937114272287293,0.07425126228036766,1.0,0.0017038279334237582,-21.692871391981537,-12.926297967814776,-21.98751928954049,-13.426033688827143,2725634,T20,0.4997357210123674,0.2946478975589528
0.6963618905366481,0.0010242184999466554,1.0,0.0,-19.785463501576864,-10.044027275361733,-22.56280907534429,-13.219713519853466,2717367,T20,3.1756862444917324,2.777345573767427
0.7546087420559837,0.2809149565807984,0.0,0.0,-21.203139287185458,-12.590187997004476,-22.912914223121554,-13.819093373478498,2711589,T20,1.2289053764740228,1.709774935936096
0.4237041329559216,0.0,0.31326661763285557,0.2275094538673561,-23.708805501812126,-14.385772946932752,-21.75938427006778,-12.219949672614094,2722373,T20,-2.165823274318658,-1.9494212317443456
0.7768605401881693,0.4277377661608279,1.0,0.0,-22.586774045402215,-14.362436869339476,-22.96169213802079,-14.86967641781474,2711518,T20,0.5072395484752636,0.3749180926185751
0.4407278614928888,0.0,1.0,0.0,-22.012532533024384,-9.909672931714734,-21.821291330233667,-10.251193721043887,2711515,T20,0.3415207893291523,-0.19124120279071732
0.48693665085117244,0.0539843837561176,1.0,0.0,-20.408418034266806,-12.169218164708534,-21.880923154813686,-13.051294713253197,2711508,T20,0.8820765485446636,1.4725051205468809
0.06040295554568579,0.0,1.0,0.0,-19.19354457592326,-7.516152675377631,-19.676626868619103,-8.788284720940363,2711439,T20,1.2721320455627314,0.483082292695844
0.7418426103646829,0.16805593638607064,0.0,0.0,-21.215626038990933,-12.870599206483899,-22.865924303433253,-13.90888792708269,2717370,T20,1.038288720598791,1.6502982644423199
0.6246881823770927,0.10332205018762058,0.0,0.0,-21.7541784153772,-12.44092585979329,-22.406497703203225,-13.147600498043786,2711428,T20,0.7066746382504956,0.6523192878260247
0.5330382422139809,0.2888503409498744,0.0,0.0,-21.115894912926745,-13.131408706307555,-22.106501582283514,-14.21380681871756,2711415,T20,1.0823981124100044,0.9906066693567688
0.13719159305513248,0.0,1.0,0.0,-19.467729988767854,-10.763969999863411,-20.59713693527963,-11.55890846485514,2711357,T20,0.7949384649917288,1.129406946511775
0.4421396550414102,0.10724868930932299,0.0,0.0,-19.40770132000723,-12.079287901734688,-21.807683590310948,-13.62146583303331,2711346,T20,1.5421779312986228,2.399982270303717
0.6965206689067748,0.36425529420958025,0.0,0.0,-21.642398888382935,-12.738860731298868,-22.860891625897654,-13.771405511194367,2722377,T20,1.032544779895499,1.218492737514719
0.023845146811296052,0.0,1.0,0.0,-18.686327772347603,-9.93848631906279,-19.343311949608278,-11.368092490903516,2711325,T20,1.4296061718407262,0.656984177260675
0.46003395345547143,0.08102850675532289,0.5827261795288958,0.0,-20.24891699062516,-12.035667173626997,-21.98160580836727,-13.91358650167884,2711313,T20,1.877919328051842,1.7326888177421118
0.7250182840485291,0.2401616258020343,0.34057087727124197,0.0,-22.428705780886684,-13.768414895528338,-22.908156400769204,-14.18927499976404,2722378,T20,0.4208601042357021,0.47945061988252036
0.9661741720487186,0.8843374915214249,1.0,0.0,-25.367885333843407,-15.022890223897104,-25.65429756881483,-16.33646047478448,2711307,T20,1.313570250887377,0.2864122349714222
0.3661474544193456,0.013331753273686082,0.0,0.0,-20.21082561676818,-12.382371646974732,-21.51010458311198,-12.655423799847874,2722379,T20,0.27305215287314155,1.299278966343799
0.008096389240627758,0.0,0.13974905030505352,0.0,-18.28248678545259,-7.1822303396254865,-20.09915932606821,-8.225375865922928,2717371,T20,1.0431455262974412,1.8166725406156203
0.4847995456723518,0.06960441549683213,0.923066001739223,0.0,-22.16099511085818,-12.104389784048575,-21.584358624218194,-12.668941837702173,2711280,T20,0.564552053653598,-0.5766364866399876
0.40488183411741085,0.040427905301009495,0.5596095086987549,0.0,-20.679788687163953,-10.62148164423615,-21.613797698380868,-10.813219348782525,2711279,T20,0.19173770454637484,0.934009011216915
0.5163814988958825,0.0,0.0,0.0,-21.165769754603467,-9.91121864862958,-22.17674404120401,-11.082862967509442,2711266,T20,1.1716443188798618,1.0109742866005433
0.7617957332077976,0.23612864571073974,1.0,0.0,-22.2437363310463,-13.818444745963921,-23.039612514881945,-14.196855819749533,2711257,T20,0.3784110737856121,0.7958761838356452
0.6143935100957377,0.0,1.0,0.0,-19.937703622600683,-9.49877681370217,-22.39549646404151,-10.691601026196224,2711249,T20,1.1928242124940542,2.4577928414408277
0.3065511265164644,0.46724436741767755,0.9111265164644714,0.0,-20.359852406523398,-14.054487011272107,-20.38536418210525,-14.874652210695574,2711220,T20,0.8201651994234673,0.025511775581851026
0.6316512549537648,0.4281638044914135,0.0,0.0,-22.435680296223552,-12.9982597262789,-22.14332683276593,-14.30925152295603,2711217,T20,1.310991796677131,-0.2923534634576228
0.24622260055330925,0.0,1.0,0.0,-18.216721511339493,-7.786611070111044,-20.68969974555455,-8.9010178605914,2711170,T20,1.1144067904803565,2.4729782342150557
0.6946295725668004,0.43165470792798344,1.0,0.0,-21.166722400785694,-13.49216461479871,-22.770118432732147,-14.679228362873094,2711157,T20,1.187063748074383,1.6033960319464526
0.7032621507191261,0.2222756358897115,0.866184519294797,0.0,-22.90508833376625,-13.36541856243248,-23.024970058823758,-13.54435569206935,2711142,T20,0.17893712963687136,0.11988172505750683
0.0003740129034451689,0.0,0.20621711449044994,0.0,-17.622492557910064,-9.416290935523538,-18.55899251691929,-10.000337271521277,2711125,T20,0.5840463359977388,0.9364999590092253
0.6995146237048677,0.20998460404994262,0.0025113266707298275,0.0,-21.53709774727744,-12.8631893837869,-22.85368952619022,-13.746743743491455,2724023,T20,0.8835543597045561,1.3165917789127803
0.49845482221839277,0.0,0.9619813506423882,0.0,-21.41198552628369,-8.04643911499938,-21.859736725473965,-8.454860753732541,2711008,T20,0.4084216387331612,0.4477511991902752
0.1560889833973992,0.0,1.0,0.0,-19.62132588563866,-8.471434429008404,-20.711782210820278,-9.399819582719102,2711004,T20,0.928385153710698,1.0904563251816164
0.570643521133994,0.017461866365363874,0.0,0.0,-22.767784544073468,-12.764223851766468,-22.033800565703704,-13.189699596793307,2710952,T20,0.42547574502683894,-0.7339839783697641
0.07668019846639602,0.0,1.0,0.0,-18.096952131585695,-5.2593705815330996,-19.378563206165065,-6.359149656221245,2710874,T20,1.0997790746881453,1.28161107457937
0.4632874256376824,0.32210088827316435,0.0,0.0,-21.189384710599075,-13.186321105760548,-21.765811414415623,-14.172189249760875,2710871,T20,0.9858681440003263,0.5764267038165478
0.7487617245188444,0.2453230602330452,1.0,0.0,-22.93612574308682,-13.356728050820871,-22.942238798357266,-13.781398074630786,2716684,T20,0.4246700238099148,0.006113055270446921
0.5725803303010191,0.2947526646624761,0.06863702026314762,0.0,-21.210807088089645,-12.318057510982902,-22.00632371210083,-13.55126567777303,2710817,T20,1.2332081667901278,0.7955166240111851
0.08542000291163199,0.0,1.0,0.0,-19.512386846964873,-8.161813821232723,-20.382859388286448,-8.753913597003589,2716688,T20,0.5920997757708655,0.8704725413215755
0.7287749079290747,0.11422892124582322,1.0,0.0,-22.0254626882726,-13.335438711562709,-22.86221411501563,-13.192733171534481,2710778,T20,-0.14270554002822777,0.836751426743028
0.20146009160447342,0.0,1.0,0.0,-20.809300827531946,-3.313753247954924,-20.685860334043916,-3.7080255485269515,2710777,T20,0.39427230057202767,-0.12344049348802955
0.012400561534861953,0.00205734755458022,0.722968066738741,0.0,-18.03737120203125,-7.603790296618424,-18.412859423840295,-7.903194052740404,2725641,T20,0.29940375612198,0.3754882218090465
0.7103306089389589,0.44827332302481415,0.0,0.0,-21.42785242429846,-12.67606710440721,-22.58736289128631,-14.527621251781422,2710745,T20,1.8515541473742125,1.1595104669878502
0.01153272126995613,0.0,1.0,0.0,-18.66435507960899,-10.514751686976728,-19.761756887107765,-10.522404365275664,2710727,T20,0.007652678298935456,1.0974018074987768
0.813233834251874,0.1796118166569678,0.3364597952966145,0.0,-20.751578022722317,-13.06414494839509,-23.237610446946245,-14.319332486133764,2710718,T20,1.2551875377386743,2.4860324242239287
0.9495289661747853,0.6379687376993255,0.6245856039467126,0.0,-23.947520891800167,-15.003473189461367,-24.36305787289659,-15.422919550487395,2725642,T20,0.4194463610260275,0.4155369810964231
0.19663958770704174,0.0264844863540299,0.9758606404864383,0.0,-20.351373333764,-11.141712269022193,-20.911111102618726,-12.123496046755998,2710671,T20,0.9817837777338045,0.5597377688547276
0.7512184064377195,0.09452567154029237,0.0,0.0,-21.67868635360058,-13.067972808391627,-22.994253524651068,-13.675864889908649,2710556,T20,0.6078920815170221,1.315567171050489
0.026367187499999997,0.0,1.0,0.0,-19.59433118189662,-9.819814381531762,-19.66403305308949,-9.79645910095823,2716709,T20,-0.02335528057353109,0.06970187119286919
0.3112817665926474,0.0,0.0,0.0,-21.16016415151164,-10.30182213004072,-20.51624198648767,-11.538242085159395,2710541,T20,1.2364199551186754,-0.6439221650239695
0.11351999128445359,0.0,0.0,0.0,-17.9498869408554,-6.788390823739629,-19.722118394350986,-8.949732564040392,2710474,T20,2.161341740300763,1.7722314534955856
0.6609835661968363,0.4707330584107835,0.0,0.0,-21.917149616772214,-13.741768476597521,-22.210477656514968,-14.81562835850089,2710447,T20,1.0738598819033687,0.2933280397427538
0.09878499735868991,0.0,0.9322063743616835,0.0,-19.362784222087424,-9.824003302611303,-19.642804962720945,-10.758264305350604,2710380,T20,0.9342610027393015,0.2800207406335211
0.32512454764487353,0.0,0.46447392418672057,0.0,-20.194466025813202,-5.767758642751833,-21.450291263647422,-8.090685435601559,2722398,T20,2.322926792849726,1.2558252378342196
0.296112063435308,0.0,0.8701427084100158,0.017830663904342247,-19.0646233973432,-3.2008253812483676,-21.270948340804786,-7.145208325827156,2722399,T20,3.944382944578788,2.206324943461585
0.299456788811709,0.01601742525865619,0.0,0.0,-19.317379785233886,-11.620732268106497,-21.108167231678344,-12.51040641649743,2717393,T20,0.8896741483909327,1.7907874464444582
0.07075420313010639,0.009259595482769889,0.0,0.0,-19.621919688454042,-11.521887799185865,-19.944630792129146,-12.069454715625382,2710197,T20,0.547566916439516,0.322711103675104
0.14089687367378698,0.0,0.015249681708869714,0.0,-19.41715937873625,-11.514296866765099,-20.31201543258161,-11.754440066170101,2710196,T20,0.2401431994050025,0.8948560538453592
0.023198198198198197,0.0009009009009009008,0.0,0.0,-18.733220426196485,-11.492310678231785,-20.380824690652094,-10.793355634380104,2710195,T20,-0.6989550438516812,1.6476042644556088
0.02000540686672074,0.0,1.0,0.0,-17.753774076288675,-11.276658409599357,-20.62673385946284,-13.39344839072341,2710144,T20,2.116789981124054,2.8729597831741636
0.5068451677154556,0.03433677450012835,0.6470237998277825,0.0,-20.86416755640743,-10.341269704824409,-22.062781218912665,-10.731042643162375,2716721,T20,0.3897729383379662,1.1986136625052346
0.4081428333055231,0.008658249439160503,0.5762649016445112,0.0,-21.657094037921052,-8.019975317129353,-21.683373140326168,-9.31775129048612,2724028,T20,1.2977759733567673,0.026279102405116106
0.025532460867333837,0.0,0.863176802668719,0.0,-18.082081089654512,-11.4450522020433,-19.435782965868054,-12.53523205355304,2722409,T20,1.09017985150974,1.3537018762135418
0.2741836404784998,0.004599094730035564,0.19161008729388943,0.0,-21.600157299506204,-12.02979898074049,-21.42050649484389,-12.135377920973017,2709934,T20,0.10557894023252778,-0.17965080466231242
0.005508471525162552,0.0,1.0,0.0,-17.650912220699162,-10.543870474788246,-18.63829336195632,-11.083121439324607,2709896,T20,0.539250964536361,0.9873811412571563
0.5717204276666744,0.05692007354777199,1.0,0.0,-21.926542554062305,-11.289997074190822,-22.20101657308393,-11.007747952853459,2724031,T20,-0.28224912133736346,0.2744740190216248
0.9865413328517884,0.7331532678256045,1.0,0.0,-24.72046682186999,-15.390101084347972,-25.512346600262074,-15.754808524796896,2716727,T20,0.36470744044892456,0.791879778392083
0.2121383131541145,0.06377616458034066,1.0,0.0,-21.073216388394947,-13.095827780018546,-21.023116427607928,-13.201744448377235,2717405,T20,0.10591666835868985,-0.05009996078701917
0.39354486560005775,0.14125714353890034,1.0,0.0,-20.802047403020467,-13.102832270477398,-21.652345573736508,-13.624238321840531,2722429,T20,0.5214060513631331,0.8502981707160409
0.44788776014334775,0.0776810710765578,1.0,0.0,-21.94395258561583,-12.91833979607303,-21.94859040746474,-13.165495702839722,2725644,T20,0.24715590676669308,0.004637821848909596
0.5796600654315972,0.1595814700814992,1.0,0.0,-23.255867347596936,-14.08124381484469,-22.426263585523525,-13.838623526634516,2725645,T20,-0.24262028821017445,-0.8296037620734111
0.3871464306330573,0.03504769234998211,1.0,0.0,-23.044914482748936,-13.3513096734904,-21.50094823072504,-11.57169541738753,2722433,T20,-1.7796142561028692,-1.5439662520238961
0.5647857579884343,0.0,0.5203633528726787,0.5203633528726787,-19.770032273871607,-3.2401558018468934,-22.254482195602225,-7.15907298586707,2716751,T20,3.9189171840201764,2.4844499217306186
0.517155874432811,0.0028828728615989292,1.0,0.0,-21.627189918504587,-11.881200398648952,-22.11611634943338,-11.796887001885619,2717419,T20,-0.08431339676333316,0.4889264309287924
0.2874624302275654,0.0179857831210343,0.0,0.0,-20.823580159653392,-10.934926192686595,-21.16990814075789,-11.651707027470321,2715561,T20,0.7167808347837266,0.3463279811044977
0.8300647382326866,0.12986706310603915,1.0,0.0,-22.79514728208775,-13.511078077649106,-23.246675350467342,-13.88891523355366,2725649,T20,0.3778371559045546,0.4515280683795915
0.8674639521986477,0.19275287130129887,0.0,0.0,-22.391897007883443,-12.849845538382759,-23.477077899105144,-13.99771238736704,2716834,T20,1.1478668489842807,1.0851808912217003
0.9225143605626885,0.7985291509189395,1.0,0.0,-25.61397175802093,-16.11422547219884,-25.498545064425283,-16.74056542907159,2716851,T20,0.6263399568727515,-0.11542669359564783
0.9827014639649588,0.7750900071551431,1.0,0.0,-24.0858690883749,-15.140523559404528,-25.263448941535774,-16.085508960925534,2716852,T20,0.9449854015210057,1.177579853160875
0.3145701498288305,0.0,1.0,0.0,-19.936030123179435,-9.36093070759908,-21.079186934933393,-10.216946134354737,2722459,T20,0.8560154267556577,1.1431568117539577
0.542929352513836,0.12953131513335375,1.0,0.02607300441235459,-20.996548854901686,-12.170617930822987,-22.11211274708664,-13.594446245728646,2724038,T20,1.4238283149056592,1.115563892184955
0.7208553073161379,0.29462076900949286,0.0,0.0,-21.86632012486316,-13.822032159132487,-23.085489668275596,-14.10461436232034,2701237,T20,0.28258220318785376,1.219169543412434
0.05643640071373948,0.0,0.0,0.0,-17.055612895782946,-9.288118679287034,-19.314924696909475,-10.52851174904933,2701238,T20,1.2403930697622947,2.259311801126529
0.23952984348639897,0.0,1.0,0.0,-20.229653517821212,-7.303661061607606,-21.077272005118616,-7.606279218410261,2701322,T20,0.30261815680265514,0.8476184872974031
0.02678499394917305,0.0,0.0,0.0,-19.638538001039045,-10.737651074714515,-20.22106092775686,-12.593100146998683,2701363,T20,1.855449072284168,0.5825229267178145
0.6303441084462981,0.35744078653359146,0.0,0.0,-21.708511835373805,-13.646995731394222,-22.746219272811157,-14.190504773005081,2701386,T20,0.543509041610859,1.0377074374373514
0.8982505088790622,0.45237593879413207,1.0,0.0,-23.596747420203936,-14.403307672691431,-23.391579817860745,-14.785857875349848,2701410,T20,0.38255020265841644,-0.20516760234319165
0.3766697065608065,0.07386942760581511,1.0,0.0,-22.169715927991135,-12.932099024226055,-21.379924413662792,-13.067930165291692,2725653,T20,0.13583114106563698,-0.7897915143283427
0.26878109452736315,0.3347014925373134,0.0,0.0,-19.066247408180768,-13.311099036641945,-21.56235227748253,-14.404034350843801,2701444,T20,1.0929353142018563,2.4961048693017602
0.9097859327217126,0.0,0.6660550458715596,0.0,-20.921452222859525,-10.064300452368098,-23.431745039022967,-10.90778075013285,2724039,T20,0.8434802977647529,2.5102928161634424
0.707594874564289,0.02683612352103687,1.0,0.0,-22.62049101353033,-12.808250430703412,-22.555966941637816,-12.998831334874948,2701609,T20,0.1905809041715365,-0.06452407189251375
0.6838987103556834,0.28600733012067786,1.0,0.0,-21.713868252702902,-13.326513835788734,-22.817224079585547,-14.209500416885831,2701670,T20,0.8829865810970965,1.1033558268826447
0.21976233913515106,0.012573344509639562,0.7830481731670037,0.0,-18.36742693852894,-11.329955158695297,-20.87703558598571,-12.8366721604845,2724040,T20,1.5067170017892035,2.509608647456769
0.2502899197145406,0.12618198037466546,1.0,0.0,-19.811330396315906,-11.78652927534196,-20.12026566294757,-12.402404092585613,2724041,T20,0.6158748172436521,0.30893526663166426
0.0,0.0,0.016402367416141046,0.0,-17.62439302958946,-10.26825898568361,-17.696845113503027,-10.928906028473005,2700794,T20,0.6606470427893942,0.07245208391356783
0.2732597993394405,0.0,1.0,0.0,-21.07253870402869,-9.322895140003034,-21.28915369905471,-9.669802097615348,2717065,T20,0.3469069576123136,0.21661499502602055
0.6754443779869583,0.0019424297502424433,1.0,0.0,-19.99595866477124,-4.9675821819143575,-22.63037556144846,-10.705204621828054,2725654,T20,5.737622439913697,2.6344168966772195
0.7727547443490874,0.26918892783754383,0.0,0.0,-21.781371496314613,-13.219381257749196,-22.89607285687506,-14.127789357737797,2700381,T20,0.9084080999886002,1.1147013605604492
0.6776029609356443,0.07507099226086862,1.0,0.0,-21.393602006258355,-9.74329917442477,-22.873219886800378,-10.583074247374215,2725655,T20,0.8397750729494451,1.4796178805420226
0.3662233405224059,0.03564581835609873,0.0,0.0,-20.848292209434074,-11.901880310579575,-21.07801262180859,-13.082496735076358,2700333,T20,1.1806164244967832,0.22972041237451535
0.3642617842912879,0.0,1.0,0.0,-19.494337625530132,-3.981882391136649,-21.604446695081958,-8.287065177665465,2717075,T20,4.305182786528816,2.110109069551825
0.9826602838504299,0.8180535626002339,1.0,0.0,-23.922569506912897,-15.164165001913293,-25.531513080297838,-16.07132546107584,2700174,T20,0.9071604591625473,1.6089435733849413
0.7952080662485707,0.2812619105367104,0.0,0.0,-21.78151249092422,-12.995215189043227,-23.064897815442624,-14.059839784297177,2700134,T20,1.0646245952539495,1.2833853245184024
0.0,0.0,0.0,0.0,-17.82130627493201,-10.525203504945024,-19.003613724118924,-11.407378786197185,2700019,T20,0.8821752812521613,1.182307449186915
0.6559904132871096,0.03864293924140939,0.0,0.0,-21.307341769769476,-8.396618869488295,-22.50993799277078,-8.523906748576218,2715699,T20,0.12728787908792327,1.2025962230013043
0.34213237187741435,0.3873293844965233,0.0,0.0,-19.568396463642713,-12.772280206361012,-21.448277057407907,-14.88564648961457,2715487,T20,2.1133662832535585,1.8798805937651935
0.022707468612235427,0.0,1.0,0.0,-18.87119642644333,-9.644120547043741,-19.832672576632767,-10.77626012150028,2715349,T20,1.1321395744565397,0.9614761501894371
0.1600834054606972,0.0,1.0,0.00975686521362814,-19.903376421441788,-10.594093490734585,-20.43220716023333,-11.563615722435193,2715312,T20,0.9695222317006085,0.528830738791541
0.5874642220102045,0.12488074003401503,0.2700875264446012,0.0,-22.335494677934545,-13.007838498253792,-22.369020271512863,-13.157680066047833,2715289,T20,0.14984156779404145,0.03352559357831808
0.7937044745057233,0.052310093652445364,0.031227887617065554,0.0,-21.997215234944168,-12.073142642070074,-23.244629424254313,-12.85605318428434,2715279,T20,0.7829105422142657,1.2474141893101454
0.4162777855318014,0.0,0.9848230160993756,0.19931548829108747,-20.093728442088853,-7.122279020400763,-21.720205862344663,-8.7275306568323,2724859,T20,1.6052516364315377,1.62647742025581
0.5012754345375809,0.19825591742302903,0.0,0.0,-20.0781781214024,-12.916746036174455,-21.808688742969764,-13.435276568955288,2715138,T20,0.5185305327808329,1.7305106215673653
0.558919657713335,0.10341560362359033,1.0,0.0,-21.747042126954145,-12.960509763169235,-22.30848193481134,-13.321283730652514,2722472,T20,0.3607739674832793,0.5614398078571945
0.86047994868273,0.6739908848189263,0.035073737970984675,0.0,-22.7578850035628,-14.675066560807805,-23.63616782312515,-15.451466947432019,2724045,T20,0.7764003866242142,0.8782828195623473
0.42162847361120503,0.008447323715367792,0.25279369515863415,0.0,-21.094018880375877,-11.773810713536314,-21.60492036971417,-12.106250181787727,2725660,T20,0.3324394682514136,0.5109014893382913
0.8392574926007873,0.6704692393896727,0.0,0.0,-22.31811765483732,-14.326086447902336,-23.575639907862797,-15.332229394331877,2714721,T20,1.0061429464295415,1.2575222530254777
0.7402783300198805,0.0,0.6386481113320077,0.0,-21.75897545390592,-9.255955726276653,-22.866508682632777,-10.867689181805384,2714686,T20,1.6117334555287304,1.107533228726858
0.0025166229568995206,0.07168401811968529,0.4314021563485126,0.0,-17.23266077791296,-12.996271957806375,-19.009587719789874,-13.32159144856178,2714658,T20,0.32531949075540467,1.776926941876912
0.614619571890476,0.3011500839029182,0.0,0.0,-21.589699553392528,-12.554997014142211,-22.459954243928966,-13.98606568133014,2714640,T20,1.4310686671879296,0.8702546905364379
0.0,0.0,1.0,0.0,-16.29832889587016,-10.857362274700542,-16.865352002875955,-11.120850101070392,2714595,T20,0.26348782636985035,0.5670231070057952
0.5735855153903469,0.021103939821006997,1.0,0.0,-21.722715253628934,-10.93652634843768,-22.28492530189484,-11.32411298345392,2714538,T20,0.38758663501624113,0.5622100482659071
0.03988687261230405,0.000189368989592939,0.7844445725200896,0.0,-18.229008246585998,-10.613526920785949,-19.636005285789913,-11.714013491299953,2714408,T20,1.1004865705140041,1.4069970392039153
0.15047462389911243,0.0,1.0,0.0,-19.523204003310195,-10.728970982020183,-20.124846616123094,-11.655759735467475,2714288,T20,0.9267887534472923,0.6016426128128991
0.35142037660556175,0.011447811447811446,1.0,0.0,-22.15028625577329,-13.340447603054908,-21.5710246001904,-13.291213938095215,2717450,T20,-0.04923366495969361,-0.57926165558289
0.36540608948112857,1.8610883644755454e-05,0.0,0.0,-19.167396393603642,-7.061149532629775,-21.69086815474458,-8.606776672767216,2714086,T20,1.5456271401374408,2.5234717611409394
0.0,0.0,0.9659510072827013,0.0,-17.54897878561298,-8.774873999037295,-17.5208980157936,-8.805177669187477,2724046,T20,0.030303670150182427,-0.028080769819382567
0.43415675510826474,0.21332723391277827,0.0,0.0,-21.107500528783323,-12.125236339385998,-21.624242883595464,-13.31628647904376,2714002,T20,1.1910501396577615,0.5167423548121413
0.7152334511318705,0.010542512487558102,0.9062360171310121,0.0,-21.27987004355097,-9.390668502454675,-22.980527905559,-11.855318172708213,2713964,T20,2.4646496702535376,1.700657862008029
0.8580021831525653,0.31072764010497717,1.0,0.18377673781266693,-21.186847484331974,-12.465342251009611,-23.34772067782337,-14.359115050547423,2713953,T20,1.8937727995378122,2.1608731934913976
0.5681301882540671,0.0,1.0,0.0,-21.659410991813687,-9.997803758693571,-22.217750103886836,-10.358796711926507,2713846,T20,0.3609929532329357,0.5583391120731491
0.010710685483870967,0.0,0.0,0.0,-17.610055418809452,-9.223014293965699,-19.675753840921015,-9.691247701848232,2713826,T20,0.46823340788253276,2.065698422111563
0.26527371018043727,0.015630885761505123,1.0,0.0,-19.000744155545508,-10.100701170261614,-21.18814590939395,-11.983665142938417,2725663,T20,1.8829639726768033,2.187401753848441
0.6553237190806315,0.09825018020676617,1.0,0.0,-23.114311318007065,-13.11252044355209,-22.682694531561722,-13.69115785150173,2713762,T20,0.5786374079496408,-0.4316167864453426
0.9452454994151381,0.6856409232261561,1.0,0.0,-23.670096708755317,-14.896923838005916,-24.907530493137312,-15.52606186786542,2724047,T20,0.6291380298595044,1.2374337843819951
0.2512006196746708,0.0,0.0,0.0,-22.092881298344736,-13.10929355944913,-20.807444306190572,-11.436797877167772,2713681,T20,-1.6724956822813581,-1.285436992154164
0.21783847580509194,0.015029427564275999,0.7635756941258581,0.0,-16.65163604531376,-9.478045045957508,-20.399006308691877,-11.61449722380709,2713672,T20,2.1364521778495824,3.747370263378116
0.0,0.0,0.0,0.0,-17.756070501557378,-11.571064369776797,-18.533549141673372,-12.893185694667999,2713656,T20,1.3221213248912012,0.7774786401159943
0.7629729847684723,0.2648278269977743,1.0,0.0,-21.977969005379585,-13.78020697128283,-23.088034536946484,-13.918899095150634,2713559,T20,0.13869212386780383,1.1100655315668995
0.08735868448098665,0.0,0.0,0.0,-20.710758461052592,-8.063784619352012,-20.333317792434872,-8.705969504113884,2724048,T20,0.642184884761873,-0.3774406686177194
0.24606604158173656,0.032450061149612706,0.0,0.0,-20.28418226241231,-10.935391035983077,-20.516865719608745,-12.608907853275735,2713393,T20,1.6735168172926578,0.2326834571964369
0.3263312393588916,0.010315270357541245,0.8058122468150063,0.0,-21.363174747254487,-11.884383956319649,-21.2542857683734,-12.137781433775482,2717458,T20,0.25339747745583274,-0.10888897888108673
0.3049891824559104,0.03339233811927709,0.24849756332087683,0.0,-20.14537529411403,-11.852032433254154,-21.288015494715864,-13.091045132689347,2712708,T20,1.239012699435193,1.1426402006018357
0.4163095047099539,0.0,0.34839907405285236,0.0,-21.03361170979609,-5.460640888600307,-21.741607409335924,-7.541172285720317,2712616,T20,2.0805313971200103,0.7079956995398327
0.12116158711903391,0.0,0.0,0.0,-19.122822728459525,-9.834218577508992,-19.94630624966275,-9.709653935784821,2712604,T20,-0.12456464172417014,0.8234835212032259
0.3203430771923683,0.03845965342201996,1.0,0.0,-20.702397358562738,-11.317468474292001,-21.557253370833195,-11.811208273694213,2712552,T20,0.4937397994022117,0.8548560122704565
0.0,0.0,1.0,0.0,-15.103773627202964,-4.908420753683102,-16.091810420179957,-7.77604959018886,2712444,T20,2.867628836505758,0.9880367929769935
0.36599845601230063,0.07466328945941288,1.0,0.0,-20.186308401822295,-12.442999143357051,-21.368957323303782,-13.097671710115508,2717466,T20,0.6546725667584568,1.182648921481487
0.2517768673051314,0.008531003974672305,1.0,0.0,-19.699811928545692,-11.175597491960502,-21.135238373891433,-12.8034126700154,2717115,T20,1.627815178054897,1.4354264453457404
0.6037407357498988,0.06322598032610159,1.0,0.0,-21.894559562173832,-13.152697869994604,-22.352883355149043,-13.322612658214272,2712154,T20,0.16991478821966766,0.45832379297521086
0.5056556310413409,0.0066239864908974565,1.0,0.0,-21.568065757488558,-10.880529727866474,-22.016842607606687,-11.420022444933457,2725670,T20,0.5394927170669828,0.4487768501181293
0.45074330168589616,0.009074400983313016,1.0,0.0,-21.814494689778773,-11.554937739606714,-21.841812155715647,-11.757505174404379,2717120,T20,0.2025674347976647,0.027317465936874896
0.5587847330866968,0.02544894566024308,1.0,0.0,-22.562085005304365,-13.309316617358208,-22.202126613457352,-12.89142914476075,2725671,T20,-0.4178874725974584,-0.3599583918470124
0.7463031311815513,0.11155135813190531,1.0,0.0,-23.343578965992744,-13.570283050286271,-22.842555143249765,-13.638026058110066,2722493,T20,0.06774300782379505,-0.5010238227429795
0.4122569190349939,0.0,1.0,0.0,-21.16388754640137,-10.074125761218534,-21.679683829690255,-10.629982780218514,2711481,T20,0.5558570189999799,0.5157962832888856
0.0,0.0,1.0,0.0,-18.663460208662233,-6.069662745426352,-18.539598415706475,-6.941598954724784,2711345,T20,0.8719362092984317,-0.12386179295575772
0.5789451183669111,0.23612461924865086,1.0,0.0,-21.782252504356826,-13.10730207998833,-22.329907003500992,-13.838092156051111,2711255,T20,0.7307900760627817,0.5476544991441656
0.8561273738327562,0.37117226493997035,1.0,0.0,-22.993618326723738,-14.039595662202732,-23.627436947177426,-14.600971029611781,2711119,T20,0.5613753674090489,0.6338186204536882
0.0,0.0,0.0,0.0,-18.849543818392682,-9.581084796414414,-20.159564606423267,-8.459497272873683,2710878,T20,-1.1215875235407307,1.3100207880305845
0.5616849652699978,0.0,0.0,0.0,-20.31750059222369,-9.790444830896497,-21.920792069740127,-10.267850194237694,2710838,T20,0.4774053633411963,1.6032914775164357
0.19297584662396924,0.0,1.0,0.0,-19.46248424822142,-9.396642585455032,-20.76598717601714,-11.684703407941592,2710792,T20,2.2880608224865604,1.3035029277957229
0.8371726000789097,0.2631339342620413,0.0,0.0,-21.290824774871076,-12.772052419265489,-23.023515559480188,-13.920275653912963,2710733,T20,1.1482232346474746,1.7326907846091117
0.32578582467283906,0.0,1.0,0.4877996909160512,-22.481615351586434,-10.634572873485476,-21.518992379996913,-10.949742936657604,2724052,T20,0.31517006317212726,-0.9626229715895214
0.01750146170337166,0.0,1.0,0.12492691483141685,-18.05136732782568,-10.297898628261104,-19.455469523368954,-10.987343733336484,2710215,T20,0.6894451050753805,1.404102195543274
0.18362216516902005,0.0025673940949935805,1.0,0.0010697475395806586,-19.183202566201917,-9.608217191579794,-20.43110419073814,-11.429465299753595,2710214,T20,1.8212481081738012,1.2479016245362224
0.2732866702561341,0.0,1.0,1.2819526703074124e-05,-19.409280825064307,-10.498704192362096,-20.99225697287547,-11.832691002220162,2710213,T20,1.3339868098580663,1.5829761478111628
0.15788243543297886,0.3133107397452378,1.0,0.0,-19.6374117493311,-13.357809260402963,-20.918644689435517,-14.463198158553345,2710199,T20,1.105388898150382,1.2812329401044167
0.22974661094060858,0.0,0.0,0.0,-19.36108244717883,-7.1221569705667545,-21.150659745860363,-8.664672215136495,2722504,T20,1.5425152445697403,1.7895772986815324
0.28284364587831184,0.0016433906694077996,1.0,0.0,-21.181584361387383,-12.615830574151145,-21.075775662342103,-12.562390127042589,2717163,T20,-0.053440447108556555,-0.10580869904528001
0.5665041573847069,0.010198490623387738,1.0,0.0,-21.66436638996303,-11.892783232444469,-22.22836277453652,-12.312807796831565,2722516,T20,0.4200245643870968,0.5639963845734925
0.3879410083148383,0.0,0.015745071646265974,0.015745071646265974,-19.994000030503624,-4.576601498792223,-21.614099734902243,-7.676579617154941,2725676,T20,3.099978118362718,1.6200997043986192
0.3860964786204998,0.0,0.4011851892169554,0.0,-20.245390046050552,-4.418033845805111,-21.645873197551904,-6.7340469038610795,2725677,T20,2.316013058055969,1.4004831515013514
0.4563796981149575,0.0,1.0,0.025657909990957354,-18.924131887121415,-3.2352533904134213,-21.9153389856006,-7.625666482271029,2722520,T20,4.390413091857608,2.991207098479183
0.5429992700532592,0.300197355970694,0.0,0.0,-20.95731430602224,-13.237696305597613,-22.04902415397584,-14.0075092244944,2718169,T20,0.7698129188967879,1.0917098479535987
0.6667247235043108,0.6611948097187148,0.0,0.0,-21.62465990032759,-14.46477137630506,-22.246223819063328,-15.227384311628436,2718452,T20,0.762612935323375,0.6215639187357382
0.6110418521816564,0.4460077174235679,0.0,0.0,-23.05505927161605,-13.398871541666194,-22.341681246560984,-14.535578640171096,2718453,T20,1.1367070985049015,-0.7133780250550643
0.0,0.0,0.29183024864460644,0.0,-18.131300213145657,-11.774332149493366,-18.82802413717919,-12.46786577228502,2718960,T20,0.6935336227916533,0.6967239240335346
0.8057964293994899,0.6510085787155114,0.9996290285184326,0.0,-22.26442443158699,-13.216486663452079,-23.64836897147593,-15.12251559461122,2718667,T20,1.9060289311591418,1.3839445398889403
0.6234469763881527,0.5289407054112936,0.9993522934699405,0.0,-19.74169134946066,-14.765888630766412,-22.214521594409156,-15.089299976382526,2718668,T20,0.3234113456161136,2.472830244948497
0.9972412764688339,0.7095138681777512,0.5262451535937965,0.0,-21.594563557374233,-12.54260184714946,-24.670046024421318,-15.257809931151671,2718669,T20,2.715208084002212,3.0754824670470846
0.9187742292781982,0.33016429758168725,0.005815026767583534,0.0,-21.852458849786906,-13.300141191982098,-24.108377990931466,-14.328989737486186,2718670,T20,1.028848545504088,2.2559191411445596
0.8801944561305101,0.17192539615762165,0.22067966157154212,0.0,-21.197808652853517,-11.901915704160233,-23.45452269776605,-13.330814891181866,2718671,T20,1.4288991870216332,2.256714044912531
0.025932664760539164,0.02476728011219683,0.8802081696891451,0.0,-17.206888139880157,-11.783328566000383,-18.1442235429826,-12.481356266562711,2722534,T20,0.6980277005623279,0.9373354031024448
0.7746706974735478,0.4989203195854026,1.0,0.0,-22.59492257771267,-12.716174567036,-23.00260307103675,-13.795150722976382,2718602,T20,1.0789761559403832,0.4076804933240794
0.8529607625514134,0.24400339492067633,0.6695828164784227,0.0,-22.50144684507711,-12.727250463285484,-23.69955042625641,-13.689519587557614,2724057,T20,0.9622691242721295,1.1981035811793
0.1103061134988159,0.0,1.0,0.0,-18.866545833973024,-7.521481292540217,-19.958843981435535,-8.287009102650366,2722535,T20,0.7655278101101493,1.092298147462511
0.16622603706030895,0.0,1.0,0.0,-19.44528060002521,-8.066609848463015,-20.096203362410595,-8.9185144854077,2722536,T20,0.8519046369446848,0.6509227623853846
0.7510674665132716,0.164642945188594,0.35580244884542694,0.0,-22.203849228656043,-12.67039115114697,-23.005300752586145,-13.609233392842487,2722537,T20,0.938842241695518,0.8014515239301012
0.7112629960090494,0.048825592923053454,0.8554932763923843,0.0,-21.5809540010775,-12.153562598073316,-22.632812562791766,-13.090384073369487,2722538,T20,0.9368214752961705,1.0518585617142655
0.7884202876466657,0.4915077420791673,0.0,0.0,-21.96798586139159,-13.719877458652377,-23.095649364971162,-14.892879202039095,2722542,T20,1.1730017433867186,1.1276635035795728
0.024945741003724445,0.0,0.5742209479917472,0.0,-18.57433499850026,-8.909478421283605,-19.025383796978556,-9.638992841916012,2722548,T20,0.7295144206324071,0.45104879847829693
0.06836975526997628,0.0,0.7119849041796261,0.0,-18.249840123499418,-8.756207662097268,-19.948998309333035,-11.122443675415276,2722549,T20,2.3662360133180087,1.6991581858336176
0.01114130434782609,0.0,0.19915458937198074,0.0,-20.149378499138237,-9.479046595000668,-19.575138760430455,-10.439221869571334,2722550,T20,0.9601752745706662,-0.5742397387077816
0.9213434053324943,0.0,1.0,0.24346365602345774,-22.17359396668183,-7.325084349624899,-24.059098494492087,-8.117627093390722,2725678,T20,0.7925427437658223,1.8855045278102587
0.08818548587936445,0.03810330228619813,0.0,0.0,-20.407287698267847,-11.29553235278745,-19.938431641336855,-12.811790598410717,2716470,T20,1.5162582456232663,-0.4688560569309921
0.531223094454292,0.24578374271967576,0.0,0.0,-19.456290824118,-13.283035507276832,-21.95453674974099,-14.008021620589185,2718540,T20,0.7249861133123527,2.4982459256229888
0.6723476301916625,0.006611466171331423,0.0026620771197794777,0.0,-21.85178969496658,-10.415905403013866,-22.74524034411992,-12.072821748860546,2722564,T20,1.65691634584668,0.8934506491533405
0.8997656860192658,0.8285602707628222,0.0,0.0,-23.337411374811634,-14.692625723215635,-24.070967445857704,-16.069536821551647,2718454,T20,1.3769110983360129,0.7335560710460705
0.4191650053672749,0.21494019322189847,0.0,0.0,-20.21090811530454,-11.787706991246889,-21.289955506231045,-12.944984780576386,2722574,T20,1.1572777893294965,1.0790473909265046
0.7903661088475816,0.24312635156008633,0.0,0.0,-23.058821746042465,-14.033224500154782,-23.340062553003545,-13.993464861100572,2722575,T20,-0.03975963905421054,0.28124080696107967
0.8222573341168447,0.06212476730950199,1.0,0.0,-23.06854347306033,-13.340456780395977,-23.170951496046676,-13.39158483979702,2725683,T20,0.05112805940104259,0.10240802298634577
0.06857722129373407,0.0010748450431729425,1.0,0.0,-25.728549126999607,-20.579331171637524,-19.839776553372683,-10.373484336986323,2722605,T20,-10.2058468346512,-5.888772573626923
0.7479496844146335,0.20480154725866126,1.0,0.0,-18.841785535371958,-8.63706590291467,-22.940250176701642,-13.823660781937003,2722611,T20,5.186594879022332,4.098464641329684
0.7323300686728474,0.11262033427057308,1.0,0.0,-20.669196193073194,-11.185022862019467,-22.835805726033932,-13.601034843660628,2722612,T20,2.4160119816411605,2.166609532960738
0.5025806032768791,0.14692396958458778,1.0,0.2019930697006338,-21.479231447959165,-15.468187326924893,-21.936795556916998,-13.720570319029802,2725685,T20,-1.7476170078950908,0.4575641089578326
0.5885520383616639,0.0,1.0,0.0,-21.769824660806762,-11.547263610668884,-22.259167378274352,-11.828872811578083,2722660,T20,0.28160920090919994,0.48934271746758995
0.9405043188596662,0.6538714800325363,0.9806218493904902,0.0,-23.646951725137452,-14.934055939488434,-24.319956717280238,-15.37023853787162,2724063,T20,0.4361825983831853,0.6730049921427863
0.721678385955237,0.0,1.0,0.0,-22.18872142223738,-12.04654269571973,-22.685648701201064,-11.466283544581612,2724064,T20,-0.580259151138117,0.4969272789636854
0.5372600556364033,0.11210190767524972,1.0,0.0,-21.805190171365542,-12.505429186239159,-22.026458510602076,-13.289007991632396,2724065,T20,0.7835788053932369,0.22126833923653422
0.41925116605967677,0.051555811130279225,0.9071433135262924,0.0,-21.14660141827655,-12.390794392964695,-21.8875433569693,-12.817541355494985,2724066,T20,0.42674696253028976,0.7409419386927496
0.683147354224275,0.032308376217780155,1.0,0.0,-22.336734824971046,-12.6281803820262,-22.559538180460702,-13.09616786836161,2712658,T20,0.4679874863354101,0.22280335548965624
0.8990641128152945,0.09892236679508619,1.0,0.0,-23.186634266557423,-12.225727034491625,-24.001673963128784,-12.781336641712475,2722727,T20,0.5556096072208501,0.8150396965713611
0.9172301907389998,0.17124814264487373,1.0,0.0,-22.990086705520785,-13.359147045507541,-23.865380091693964,-13.714505363668025,2722728,T20,0.3553583181604836,0.8752933861731798
0.5967459312879785,0.0009324366325974439,1.0,0.0,-21.449267421268726,-11.25561691122869,-22.392995033023418,-11.827915357937208,2722729,T20,0.5722984467085173,0.9437276117546922
0.9793410771424231,0.8207501245846378,1.0,0.0,-24.32177353896859,-15.901906349270744,-25.382016310858994,-16.404492693766905,2725688,T20,0.5025863444961605,1.0602427718904046
0.8802215375014625,0.5087951948203907,1.0,0.0,-22.075357458163225,-14.184945106154307,-23.66586707477789,-15.085876476505707,2718033,T20,0.9009313703513993,1.5905096166146642
0.07319523513371286,0.0,1.0,0.0,-18.455108818260463,-5.909385940232435,-18.887283689325535,-6.166644137812895,2722741,T20,0.25725819758045976,0.43217487106507235
0.8815002107037508,0.7765416491080209,1.0,0.0,-25.558618943063426,-19.600458119783816,-25.2372145849023,-16.824191222951264,2700652,T20,-2.776266896832553,-0.321404358161125
0.07296789019925635,0.0,1.0,0.0,-19.986835956795588,-2.662581390290623,-20.06673366120727,-2.62182703785001,2722746,T20,-0.04075435244061287,0.07989770441168176
0.15934252660096396,0.011880088645947511,1.0,0.0,-20.588335338584724,-11.921664176246814,-20.616897269650284,-12.161644197916894,2722767,T20,0.23998002167008003,0.028561931065560486
0.9118803484696628,0.6038966045133647,1.0,0.0,-23.24458923854366,-14.583454757922908,-23.824636490601314,-15.269156909626657,2722769,T20,0.6857021517037492,0.5800472520576534
0.9443903292601126,0.6967657266178657,0.7661261629093878,0.0,-23.824448725955467,-14.919755030359765,-24.248527472440347,-15.574160521720739,2724068,T20,0.6544054913609738,0.42407874648488075
0.27429413208936915,0.0,1.0,0.0,-20.61264347783321,-9.12303829827867,-21.142142035791263,-9.84609027600994,2719058,T20,0.7230519777312701,0.5294985579580533
0.22524543715651202,0.007838554442674369,1.0,0.0,-19.30583978632713,-11.584583068458102,-20.904118090906604,-12.213864386230512,2722778,T20,0.6292813177724099,1.5982783045794733
0.538450098526441,0.0,0.0759211292741266,0.0,-19.88929270399368,-2.7863454380493495,-22.00114048549406,-4.322413948147244,2718185,T20,1.5360685100978948,2.11184778150038
0.08479188991512311,0.1040873603102516,0.0,0.0,-17.44767415167069,-11.098232886524048,-19.838432262832768,-13.096183360126954,2722779,T20,1.9979504736029057,2.3907581111620786
0.1249651537038445,0.0,0.0,0.0,-18.64396811491253,-9.23511016651352,-20.06246509025368,-10.0799961644004,2722780,T20,0.8448859978868803,1.418496975341153
0.3167123332532803,0.08165949828613846,0.8646704364342946,0.0,-20.34470164409042,-12.238569111672332,-21.24410898538491,-12.870858311000017,2722795,T20,0.6322891993276851,0.8994073412944878
0.4969045033903059,0.08497695454904983,1.0,0.0,-20.995145560622365,-11.124665326555066,-21.830655264728247,-12.73807907188629,2722799,T20,1.6134137453312238,0.8355097041058812
0.30087509362953757,0.003953450134278459,0.9606883826296656,0.0,-20.74412081268202,-11.26413789955556,-21.157368808659356,-11.669211788827447,2724070,T20,0.40507388927188615,0.4132479959773363
0.7404885950023428,0.10296303421654447,1.0,0.0,-22.124569693568738,-12.534984462206477,-23.112748240487406,-13.272447482088316,2724071,T20,0.7374630198818384,0.9881785469186681
0.5537970008125875,0.12929378739750308,0.9930560685528552,0.0,-21.793451215941744,-12.750941933602832,-22.206585900101697,-13.0574479804564,2722802,T20,0.30650604685356875,0.413134684159953
0.0751411535011345,0.0,0.7937048176877209,0.0,-18.39650918180818,-10.99623591410338,-20.480629511229903,-12.08257106524221,2718218,T20,1.0863351511388295,2.0841203294217223
0.08231674537469709,0.004027755952725557,0.4419862543523747,0.0,-18.57298385018457,-11.152429102867607,-20.351264691646037,-12.020523827213939,2724073,T20,0.8680947243463315,1.7782808414614664
0.3434005643222907,0.0,0.7477897376946389,0.0,-18.96152473707722,-10.085060901983049,-21.34762768628649,-11.207196362378559,2701084,T20,1.1221354603955103,2.3861029492092705
0.3014233351932735,0.0,1.0,2.4050949531487504e-05,-21.462315752204155,-8.698526075085221,-21.44303552758867,-8.930632809514409,2722848,T20,0.2321067344291876,-0.01928022461548551
0.9808660426335247,0.8027639787255928,1.0,0.0,-24.566702445564573,-15.33138105378624,-25.632327653096777,-16.40576868287308,2722849,T20,1.074387629086841,1.0656252075322037
0.21204989409272765,0.0,0.9867419785047463,0.0,-19.188780433993767,-10.721624522331798,-20.2360368098258,-11.774015725850061,2723663,T20,1.0523912035182637,1.0472563758320348
0.45424873382104697,0.294001125492403,1.0,0.0,-19.9274188852275,-13.233371788763376,-21.752668572706533,-13.734378825727017,2722874,T20,0.5010070369636406,1.8252496874790332
0.1521872486606595,0.0,1.0,0.0,-20.110179292181368,-11.194155307087469,-20.35838151473853,-11.911156740742094,2722875,T20,0.7170014336546249,0.24820222255716118
0.5755539338727655,0.0,0.9658297179608497,0.656885780960553,-24.554207498022013,-14.2837540807219,-22.39200008790825,-12.276301994597384,2711919,T20,-2.007452086124516,-2.162207410113762
0.3101877910249194,0.009244571798939092,0.0,0.0,-20.661237050270074,-11.911645398153137,-21.240560586027225,-12.420920886424,2714436,T20,0.5092754882708626,0.5793235357571511
0.6354572207885627,0.0598418044686431,1.0,0.04485181966864521,-21.51335154603118,-12.30309979725564,-22.490117430736852,-13.3678721693544,2722918,T20,1.0647723720987585,0.9767658847056708
0.684462315368892,0.08961950037458032,1.0,0.024763921902313142,-22.091472657337917,-13.190540111081702,-22.63830279579554,-13.546168696142106,2722919,T20,0.35562858506040307,0.5468301384576222
0.9938265404818237,0.9317515587101766,1.0,0.0,-24.906135032343627,-16.824461257888984,-25.642876294622997,-17.003875422780506,2724916,T20,0.17941416489152218,0.7367412622793701
0.38838672889696096,0.017866570927752314,1.0,0.0,-20.288678145770803,-11.393950176840926,-21.662717867458962,-12.076017688001162,2724788,T20,0.6820675111602359,1.3740397216881597
0.3955998339559983,0.0639177159725105,1.0,0.0,-21.021300842680116,-11.784795794471986,-21.52442748778095,-12.379859197129456,2724789,T20,0.5950634026574697,0.5031266451008349
0.20703720369859638,0.004957106153198532,1.0,0.0,-19.73238094797475,-11.535301815269731,-21.037873831070026,-11.87061489338785,2724790,T20,0.3353130781181193,1.3054928830952761
0.5529650613287993,0.18501866528679062,1.0,0.0,-21.593218754864765,-12.480152464335152,-22.293319753040052,-13.008113634611433,2701607,T20,0.5279611702762814,0.7001009981752873
0.7174882541576554,0.10482511745842348,1.0,0.0,-21.276341875028024,-13.689963842678125,-22.631359150047462,-13.77929991017788,2724742,T20,0.08933606749975453,1.3550172750194385
0.36503776046341846,0.027778775148708006,1.0,0.0,-20.748853629807673,-11.81348555744656,-21.629064349768573,-12.370439556386765,2724084,T20,0.5569539989402053,0.8802107199608997
0.6880404675043914,0.16666666666666666,0.10121942980678288,0.0,-21.102691761220974,-12.66403734130162,-22.73219772166716,-13.703830580552019,2724786,T20,1.0397932392503986,1.6295059604461848
0.061746331541479,0.0,0.2245629328296769,0.0,-17.624726702676796,-10.517567012015759,-19.440328659886514,-11.609330198414002,2724825,T20,1.0917631863982429,1.8156019572097186
0.37204773869346736,0.0033919597989949743,0.4246440536013399,0.0,-21.90217292677865,-11.879201358100474,-21.733756136160174,-11.731234848172024,2724822,T20,-0.14796650992844995,-0.16841679061847614
0.49919193674515583,0.0,0.0,0.0,-21.722761826043026,-10.297524742293662,-22.06274220936427,-10.784655679764427,2724827,T20,0.48713093747076464,0.3399803833212438
0.3179465136705974,0.015492720850698014,0.9572034611000019,0.0,-22.144951225174818,-11.07588102130703,-21.343135719779024,-11.553549171599533,2724772,T20,0.4776681502925033,-0.801815505395794
0.7385147891755821,0.28439269981120197,1.0,0.0,-22.137690496395734,-13.354315441874341,-22.775908378837567,-14.258639637496866,2724800,T20,0.9043241956225252,0.6382178824418325
0.6187277214148615,0.0,1.0,0.0,-20.876660695280844,-11.691197057241014,-22.35529006737918,-12.150489580022759,2724820,T20,0.4592925227817446,1.478629372098336
0.5629759812536616,0.0,1.0,0.0,-22.348032603818265,-13.00846859410274,-22.322669906008677,-12.115404171807864,2724821,T20,-0.8930644222948754,-0.02536269780958733
0.2646748533569651,0.04326497024939866,1.0,0.0,-20.420174585971466,-12.016162199929997,-21.1702763320382,-13.327935125713608,2724914,T20,1.311772925783611,0.7501017460667327
0.7710787205798689,0.6374660233043259,0.8555384647801263,0.0,-21.730493311936733,-13.759423365483913,-23.281034186104247,-15.342805134726367,2724087,T20,1.5833817692424539,1.5505408741675133
0.2934580947003307,0.07453416149068323,0.0,0.0,-20.111160996679804,-12.204061198715427,-21.250682247246832,-13.355755707892037,2724815,T20,1.1516945091766093,1.1395212505670287
0.29231091898442135,0.032683546368689045,1.0,0.0,-20.61952856382818,-12.482909946427702,-21.20859835591035,-12.276231905861021,2724872,T20,-0.20667804056668082,0.5890697920821708
0.34626993166287007,0.0,1.0,0.0,-19.190559759162603,-3.7066927795776468,-21.408525932814296,-7.911686322886467,2724756,T20,4.20499354330882,2.2179661736516927
0.7652580013560977,0.002529350368355694,1.0,0.0,-21.915912234439592,-10.164773638075287,-22.896711435256975,-10.448227742073838,2724774,T20,0.283454103998551,0.9807992008173834
0.8046347183813489,0.06987082997864669,0.9997899674449539,0.0,-22.333132651878586,-13.655280157757469,-22.966528522771146,-13.52216223940267,2724823,T20,-0.1331179183547988,0.63339587089256
0.2884188088227325,0.0,1.0,0.0,-20.27028786383002,-8.788272537150402,-21.29489783067231,-9.224422397722368,2724830,T20,0.43614986057196603,1.024609966842288
0.15047316103379718,0.0,1.0,0.0,-19.755605898294004,-8.501631256155273,-20.695943051801535,-8.923735718567071,2724911,T20,0.42210446241179866,0.9403371535075316
0.690531534492522,0.0373258148440006,1.0,0.0,-22.757358655830494,-13.053767239324516,-22.73493751904679,-13.163588840673937,2724889,T20,0.1098216013494202,-0.022421136783702167
0.4579465541490856,0.0,1.0,0.0,-21.132406464660807,-11.102376510628014,-21.990618010890763,-11.558715347164233,2724777,T20,0.45633883653621865,0.8582115462299562
0.37173733858411945,0.0,0.0,0.0,-21.349598345162338,-8.619400298620143,-21.444063902052466,-9.11050132543998,2724099,T20,0.49110102681983747,0.09446555689012825
0.0,0.0,0.0,0.0,-16.75158705586379,-5.304661836364654,-19.68272361783776,-5.898156900157411,2724812,T20,0.5934950637927567,2.931136561973968
0.003247355724624234,0.0,1.0,0.0,-17.37197389931266,-11.104036520243898,-18.842850963862066,-11.631949972836889,2724100,T20,0.5279134525929905,1.4708770645494056
0.5027314112291352,0.14256449165402124,1.0,0.0,-21.686407847097385,-13.106616199313816,-21.722640123488077,-13.015468378361026,2724101,T20,-0.09114782095278962,0.03623227639069171
0.0,0.0,1.0,0.0,-17.395046689338578,-11.923509230552273,-17.9402936498315,-11.629316706218978,2724102,T20,-0.2941925243332957,0.5452469604929213
0.7488896969841489,0.09185261137307969,1.0,0.0,-22.193193138762535,-11.691905661183018,-22.899445355048112,-12.777235966880706,2724862,T20,1.0853303056976884,0.7062522162855771
0.0,0.0,0.9884587482688122,0.0,-16.796068846214286,-4.863774193647228,-17.07454680548395,-6.117997220831022,2724105,T20,1.2542230271837935,0.2784779592696651
0.0,0.0,0.6350569675723048,0.0,-15.652867384360492,-5.096998690101159,-17.916237443376204,-6.107527501046705,2724106,T20,1.0105288109455461,2.2633700590157115
0.0,0.0,0.9083721873099533,0.0,-15.488546636334435,-7.575775507252655,-17.21713970345552,-6.2381542660569504,2724107,T20,-1.3376212411957047,1.7285930671210838
0.0,0.0,0.23831070889894426,0.0,-16.383667109925945,-4.802528466653895,-17.323013041501557,-6.175735239593798,2724108,T20,1.373206772939903,0.9393459315756125
0.0,0.0,0.5738730450781969,0.0,-16.751585481433597,-6.866084097889533,-19.674576067274565,-7.94807128763777,2724109,T20,1.0819871897482374,2.9229905858409673
0.0,0.0,0.99066091954023,0.0,-18.984415120028014,-10.53164554177487,-17.29415102589461,-9.241439749442675,2724110,T20,-1.2902057923321948,-1.6902640941334042
0.39490801928299557,0.02163298123807322,1.0,0.0,-23.4379400442522,-13.841983977772323,-21.780853224762815,-12.75958668928731,2706910,T20,-1.0823972884850122,-1.6570868194893862
0.7646460364561256,0.5461212378126323,0.0,0.0,-20.241084069052906,-12.951225714443748,-22.858381641832437,-15.04253334837059,2724418,T20,2.091307633926842,2.617297572779531
0.9315922822061974,0.42584291561099175,0.3557298772169167,0.0,-22.58221407298828,-13.424812319434665,-23.891258333563076,-14.654845984068631,2724419,T20,1.2300336646339662,1.3090442605747974
0.19855447974907953,0.0,1.0,0.0,-20.10462940972908,-7.886799522269051,-20.635384919460453,-8.537428824800479,2725948,T20,0.6506293025314278,0.5307555097313745
0.014459171378255632,0.0,1.0,0.0,-18.813902326573466,-11.432761534210464,-20.043190709536386,-11.480359054212053,2725949,T20,0.0475975200015899,1.2292883829629204
0.0,0.0,1.0,0.0,-20.929854804267602,-5.805726155853756,-20.935993437200523,-9.112468343155781,2725950,T20,3.3067421873020253,0.006138632932920274
0.021168004287190744,0.0,0.0,0.0,-20.835631998942834,-11.372351504212174,-18.87819359121971,-10.03592741331984,2726554,T20,-1.3364240908923346,-1.9574384077231244
0.9026514360702671,0.09030988099853855,1.0,0.986936681678547,-20.447663141814285,-9.459770051259879,-23.572763985701428,-13.382980833596859,2726556,T20,3.92321078233698,3.125100843887143
0.0824817518248175,0.0,1.0,0.884420620437956,-20.96980871583314,-9.643931725663036,-19.189662139359744,-10.558194761358465,2726568,T20,0.9142630356954289,-1.7801465764733955
0.4884653779834831,0.0,1.0,1.0,-20.52130296301198,-3.1959502756915072,-22.141813571233534,-7.284584772964538,2726604,T20,4.088634497273031,1.6205106082215543
0.6017478479949613,0.0,0.6949303222758765,0.6949303222758765,-22.369204272767536,-4.5360734701538385,-22.35857331485484,-8.800587542933046,2726547,T20,4.264514072779208,-0.010630957912695749
0.9734874069251739,0.0,0.9759856776661107,0.9759856776661107,-22.058240185252092,-4.322875252737608,-24.625601702199717,-9.161297544218714,2726581,T20,4.8384222914811055,2.5673615169476243
0.9514867234536936,0.0,1.0,1.0,-25.105849329131434,-6.805212291230871,-24.31646398308539,-7.934172926248014,2726550,T20,1.128960635017143,-0.7893853460460427
0.7525910571513178,0.0,1.0,0.0,-20.90736378598206,-4.52882721663463,-22.980069361041636,-6.99501419693165,2727142,T20,2.46618698029702,2.072705575059576
0.9325289376593354,0.0,1.0,0.894953525564898,-22.924931833337244,-4.108590343525586,-24.235538372251746,-9.465968319682593,2726570,T20,5.357377976157007,1.3106065389145023
0.4176593834181383,0.33415145166117927,0.9562406465130202,0.0,-19.55044086890139,-13.504256984477248,-21.248049778864726,-13.799310034924751,2725965,T20,0.2950530504475033,1.6976089099633356
0.0,0.0,0.0,0.0,-15.28962051503296,-9.467520929995493,-16.48501072863368,-10.640723354378535,2725966,T20,1.1732024243830423,1.195390213600719
0.0,0.0,0.0,0.0,-15.619847280311873,-8.441748348614142,-15.365095949309614,-9.14612139329903,2725967,T20,0.7043730446848873,-0.2547513310022591
0.0,0.0004511617414843221,1.0,0.7078727723889012,-16.69808206017429,-9.318175425909624,-18.981254837577687,-11.842970909495554,2726539,T20,2.5247954835859296,2.283172777403397
0.01700438218659875,0.0,1.0,0.9076369901494439,-17.930091098777865,-8.76626809947532,-19.74373553763996,-10.60173177564311,2726589,T20,1.8354636761677892,1.8136444388620951
0.0,0.0,1.0,0.0,-15.162707234688618,-9.489084299608644,-15.20742284939178,-10.801559266344757,2725976,T20,1.3124749667361133,0.04471561470316132
0.0,0.05090836494310242,1.0,0.0,-16.160089638671582,-9.223402122192617,-18.44174954132723,-12.84748993489812,2726486,T20,3.6240878127055023,2.2816599026556474
0.0,0.0,0.9615384615384615,0.0,-19.09591077039478,-10.64565659072853,-19.372568233271185,-11.710785156590875,2726482,T20,1.065128565862345,0.276657462876404
0.04028708781908051,0.06906357911842374,1.0,0.0,-18.701256995636466,-10.550612040799152,-19.974016168938334,-11.854365754728152,2726442,T20,1.3037537139289999,1.2727591733018677
0.060311378407216995,0.05788631293044912,1.0,0.0,-19.177276749883177,-11.7740430479862,-19.607367479264354,-12.273466358389905,2726443,T20,0.4994233104037047,0.43009072938117754
0.015480980350634723,0.0,0.2767406350657021,0.0,-21.1534394020651,-10.43377624246496,-18.522124919324025,-9.993944424803905,2725982,T20,-0.43983181766105517,-2.6313144827410753
0.0,0.0,1.0,0.0,-18.42545724594963,-8.968971858790049,-19.316543936977446,-9.30413720190078,2726590,T20,0.3351653431107309,0.8910866910278159
0.0,0.0,0.0,0.0,-17.87217400718376,-7.750344328633283,-17.9185705272194,-4.89322374717607,2726623,T20,-2.857120581457213,0.04639652003564265
0.0,0.0,1.0,0.0,-15.574097082544906,-9.49754355477945,-16.798951953401648,-9.54950361509901,2726559,T20,0.05196006031956024,1.224854870856742
0.980253008330762,0.8389385991977786,1.0,0.0,-23.48740092112617,-15.734869569081482,-25.666708950162594,-16.92508947407597,2726576,T20,1.190219904994489,2.1793080290364237
0.9505398815743643,0.44444444444444436,1.0,0.0,-24.662749259581375,-13.998718752679672,-24.84029948038016,-14.523900101392039,2726532,T20,0.5251813487123673,0.17755022079878557
0.5777886659580121,0.0733955620515546,1.0,0.0,-18.12891575734235,-11.42332329524252,-21.953085344065848,-13.0961112707664,2726665,T20,1.67278797552388,3.824169586723496
0.32716264179831595,0.0,1.0,0.0,-19.82146789340845,-11.122902079754681,-21.239402356002937,-12.705455208424448,2726514,T20,1.5825531286697672,1.4179344625944879
0.0,0.0,0.0,0.0,-17.166779747485492,-2.111389101405053,-19.768350327801087,-3.4323487012720455,2726507,T20,1.3209595998669923,2.6015705803155953
0.36789388197076345,0.0,0.0,0.0,-21.170206401960826,-11.574169761544631,-21.328442093056093,-12.537583219407972,2726035,T20,0.9634134578633411,0.15823569109526758
0.0004745054974851209,0.0,1.0,0.0,-15.619131960114705,-9.060382689418194,-18.3247455082775,-10.838911322931517,2726619,T20,1.7785286335133232,2.705613548162793
0.0,0.0,0.0,0.0,-20.846274395151283,-12.910595607281582,-20.306851873210675,-12.81999394474194,2726039,T20,-0.09060166253964219,-0.5394225219406081
0.0,0.0,0.0,0.0,-19.21747153544037,-10.632633272718234,-15.709175798898727,-9.477315050265851,2726040,T20,-1.155318222452383,-3.508295736541644
0.6303798722202958,0.2816601456094299,0.8530285770888018,0.0,-21.368620747137463,-12.798971082535909,-22.64673455641794,-13.861956056772025,2726645,T20,1.062984974236116,1.2781138092804767
0.7972681023067811,0.12628057704369644,1.0,0.0,-20.408073898931793,-13.091120346930381,-22.813361787139005,-13.935504555003682,2726045,T20,0.8443842080733006,2.405287888207212
0.05976793663847815,0.0,1.0,0.0,-19.704235563435507,-6.916972949464435,-20.197185800481137,-7.444629286828349,2726592,T20,0.5276563373639132,0.4929502370456298
0.0,0.0,1.0,0.0,-17.897635669009425,-11.114949427504076,-19.01496535930785,-10.921923670548876,2726555,T20,-0.1930257569551994,1.1173296902984262
0.2638195643047069,0.03920791155478845,1.0,0.0,-19.48007589247464,-11.29855513869284,-21.14849877065732,-11.710496781950985,2726046,T20,0.4119416432581442,1.6684228781826782
0.09853083839222312,0.0031903509386032457,1.0,0.0,-19.669779350740573,-11.22315317247951,-20.07324437061258,-11.728735236761192,2726047,T20,0.5055820642816826,0.40346501987200867
0.3906333973128598,0.16168905950095966,1.0,0.0,-20.56511754812053,-12.53399863711036,-21.678403767276496,-13.651832913483593,2726048,T20,1.1178342763732338,1.1132862191559667
0.05108551270605144,0.02163403958800601,1.0,0.0,-18.711421458581142,-9.611763034408401,-19.525190110767934,-11.10221441451347,2726049,T20,1.4904513801050694,0.8137686521867913
0.0,0.0,1.0,0.0,-19.608873817393107,-10.188836406188821,-18.058632273715915,-9.86890309488282,2726566,T20,-0.3199333113060021,-1.550241543677192
0.9708967631783603,0.700383931205249,1.0,0.0,-26.676536147355623,-17.02686740173015,-25.956465627758607,-15.77790785611763,2700801,T20,-1.2489595456125215,-0.7200705195970158
0.2949747846655063,0.0,1.0,0.3148123354308921,-19.971835845555585,-11.64227961330552,-21.203241533429697,-11.915229634329656,2726662,T20,0.2729500210241351,1.231405687874112
0.9144802920065651,0.4864775483207175,1.0,0.0,-23.063627933589345,-14.649271219872938,-23.647421766281298,-14.920774153903992,2726253,T20,0.2715029340310533,0.5837938326919527
0.20245890220117013,0.1440512677626079,1.0,0.0,-17.477746479377995,-11.313518772893502,-20.316496426670714,-13.251932579258451,2726269,T20,1.9384138063649488,2.838749947292719
0.2551695616211745,0.0,1.0,0.0,-21.169294371637285,-11.82380361774262,-21.016934874374346,-10.304962110371418,2726573,T20,-1.5188415073712012,-0.15235949726293896
0.16001871563925607,0.0,1.0,0.0,-20.056796077743904,-10.16422863958284,-21.01309110348284,-12.060882332966235,2726265,T20,1.8966536933833957,0.9562950257389353
0.49808414408465035,0.18386841640494803,1.0,0.0,-20.257079620206515,-11.839711097019157,-21.812320078552236,-13.464030714331512,2726503,T20,1.6243196173123557,1.5552404583457218
0.0,0.0,0.4599459945994599,0.0,-16.674293524692988,-9.705198413889905,-18.12188122559301,-10.799883783559755,2726120,T20,1.0946853696698504,1.4475877009000229
0.16637375512595196,0.0,0.0,0.0,-18.60394942376497,-11.114475175422468,-20.67816940169643,-11.867634466731028,2727190,T20,0.7531592913085596,2.0742199779314596
0.797593065946539,0.3046584633326823,0.8555782954162664,0.0,-23.02085697545993,-13.780661958870223,-23.209561461710614,-14.200520413489695,2714782,T20,0.41985845461947235,0.18870448625068192
0.9840036890846927,0.5605558828635179,1.0,0.0,-24.543147752823028,-14.5405874994583,-25.253556425092633,-15.153969294606533,2726144,T20,0.6133817951482321,0.7104086722696046
0.025714043243345183,0.0,1.0,0.0,-20.058061767087207,-11.064236029711513,-19.761297829897,-10.505215973304056,2709053,T30,-0.5590200564074568,-0.29676393719020666
0.22235732345164347,0.0,1.0,0.0,-19.63088933203406,-10.817847956109176,-21.158826724034203,-10.53116400297695,2712163,T30,-0.2866839531322256,1.527937392000144
0.12041192498797879,0.0,0.9840296699969723,0.0,-18.064906418852633,-7.5437583461252675,-20.406475730745214,-10.266639581096566,2717281,T30,2.7228812349712985,2.341569311892581
0.0,0.0,0.0,0.0,-19.643667693301555,-11.27134815053252,-19.707482243914814,-11.317960530135858,4402712,T30,0.04661237960333864,0.0638145506132588
0.011563061744910327,0.0,1.0,0.0,-17.053805351415228,-10.698419121973695,-18.74997205524196,-11.416115853730691,2710511,T30,0.7176967317569964,1.6961667038267336
0.06789229794235808,0.0,1.0,0.0,-19.92997777102394,-11.103366669062043,-20.068355605073954,-11.202854827499229,2722614,T30,0.09948815843718606,0.13837783405001503
0.43066884635981856,0.0028749401054144696,1.0,0.0,-24.384811522469697,-12.676708571164898,-21.818502177033167,-11.62950132624894,2717468,T30,-1.047207244915958,-2.5663093454365296
0.617217833712679,0.0,1.0,0.0,-22.777332862471916,-11.851901728949521,-22.297236004165764,-12.019058844968841,2711497,T30,0.16715711601931993,-0.4800968583061511
0.0646181722094296,0.0,0.9020610773470236,0.0,-17.810258351773836,-8.08991864427315,-19.800508200203755,-9.879088129790578,2718973,T30,1.7891694855174283,1.9902498484299187
0.9806951145122831,0.21302611878223263,1.0,0.0,-20.96579290429164,-12.90882071398884,-24.525223545286252,-14.188042465884484,2715301,T30,1.2792217518956441,3.559430640994613
0.6575846870671196,0.011560256894597654,1.0,0.0,-20.31849780263734,-10.716213494282469,-22.54408729801027,-12.086004005465517,2712724,T30,1.369790511183048,2.2255894953729296
0.9675611076630525,0.12483658404532069,0.7052900550662244,0.0,-25.80513647486164,-15.98315698426661,-23.92089998357417,-13.661955615372952,2722499,T30,-2.321201368893659,-1.8842364912874707
0.18114565201402336,0.0,1.0,0.0,-15.768675718961854,-9.38256247349193,-20.916308154313242,-11.587475032879084,2722883,T30,2.2049125593871537,5.1476324353513885
0.02003738220032154,0.0,1.0,0.0,-21.231784215157628,-12.151216759113971,-20.140865130621183,-11.791792856451158,2722662,T30,-0.35942390266281343,-1.090919084536445
0.022824310267967704,0.0008222299271880727,1.0,0.0,-16.674790739255734,-9.835703922984436,-18.836673292729024,-10.803468017768358,2725630,T30,0.9677640947839219,2.1618825534732906
0.045215308376094665,0.0,1.0,0.0,-19.942496861674577,-10.651405677459973,-20.09571310879137,-10.579094326929965,2716267,T30,-0.0723113505300077,0.1532162471167915
0.769030830370763,0.0,0.0,0.0,-24.380769747338295,-9.526829320828412,-22.957139870171236,-11.429452398814675,4401453,T30,1.902623077986263,-1.423629877167059
0.10474822201708425,0.0,0.8656208963374209,0.0,-21.645454130850723,-11.259938269196171,-20.430722707414738,-11.29059095228442,2723725,T30,0.030652683088248978,-1.2147314234359854
0.010613946469903702,0.0,1.0,1.9181830969705485e-05,-17.88444089333318,-6.782505744487359,-18.823491489213854,-9.832044283571692,2724773,T30,3.049538539084333,0.9390505958806727
0.5990677110865492,0.0,1.0,0.0,-22.58332259974895,-11.336157363941092,-22.279926316438715,-10.934568699675228,2724869,T30,-0.4015886642658639,-0.30339628331023505
0.3619864077522785,0.023127277686438814,0.770333441929887,0.0,-22.19310590577559,-12.862845811722783,-21.602422035111225,-12.948641644070136,2710650,T30,0.08579583234735288,-0.590683870664364
0.018006931043988497,0.0,1.0,0.0,-19.471352400315254,-10.476778500336607,-19.350267878737125,-9.555927994180225,2716771,T30,-0.9208505061563823,-0.12108452157812977
0.5681525010749603,0.0,1.0,0.0,-24.123279872551542,-9.040910675955002,-22.334614632578802,-11.00968378989295,2717151,T30,1.9687731139379476,-1.7886652399727403
0.03812399504118032,0.0,1.0,0.9992297872862738,-25.4525517913228,-13.487415797433139,-19.57619836629343,-8.398548834285027,2724076,T30,-5.088866963148112,-5.876353425029372
0.05950928711395685,0.0,1.0,0.0,-22.67040583672194,-12.684180010735275,-20.269864826439417,-11.386978315690852,2710893,T30,-1.2972016950444232,-2.4005410102825238
0.2473619382611013,0.003238054119947682,1.0,0.0,-19.557202108208138,-10.873346845721546,-21.200421504029134,-12.156321265672721,2723628,T30,1.2829744199511754,1.6432193958209957
0.394890364111849,0.02927300926016055,0.9766581657484377,0.0,-19.911382277848848,-12.435384904252926,-21.48195719036609,-12.454217728940725,2701151,T30,0.018832824687798677,1.570574912517241
0.13240111917393077,0.0,1.0,0.0,-18.969113843587934,-9.614532230052605,-20.57797009009888,-11.310164760983783,2711791,T30,1.695632530931178,1.6088562465109462
0.11632773890090364,0.0,1.0,0.0,-21.053489323885017,-11.454070138503308,-20.25861621426061,-11.085649032247725,2711070,T30,-0.36842110625558355,-0.7948731096244082
0.019068920448641877,0.0,1.0,0.0,-20.119726015585144,-11.565047996449481,-19.013291830829907,-10.920372172826706,2724921,T30,-0.6446758236227748,-1.106434184755237
0.410791130277476,0.040506710765548064,1.0,0.0,-22.892705906370725,-14.08404177613109,-21.585126127975435,-12.66178333691944,2725694,T30,-1.4222584392116495,-1.30757977839529
0.015083966483175306,0.0,1.0,0.0,-20.484136504480432,-10.503627994512842,-19.46590247753019,-10.405723726991654,2717074,T30,-0.0979042675211872,-1.0182340269502426
0.0,0.0,1.0,0.0,-20.58085739283316,-10.808192154164509,-19.044887333554815,-10.120404662920361,2701056,T30,-0.6877874912441477,-1.5359700592783447
0.7934669919429519,0.0007844777992782807,1.0,0.00566669845596311,-23.60157572913198,-12.883022843712427,-23.268434793977455,-12.62400845091288,2725656,T30,-0.2590143927995463,-0.3331409351545247
0.0,0.0,1.0,0.0,-19.92865471074464,-9.119763532865356,-17.94931007241394,-9.722620495104483,2726053,T30,0.6028569622391267,-1.9793446383307014
0.07608491452188616,0.0,0.0027970860208320282,0.0,-17.68224416752486,-11.493482952180551,-20.250367377994948,-12.754808041956117,2709953,T30,1.261325089775566,2.5681232104700875
0.9891376618331504,0.33744966643507623,1.0,0.0,-25.46658701077024,-15.497234134230519,-24.790363895142043,-14.6158724067256,2715549,T30,-0.8813617275049186,-0.676223115628197
0.47442328057471594,0.023108131314576837,1.0,0.0,-25.115251573760514,-15.492408455441428,-22.021025453136055,-12.333349311387485,2717062,T30,-3.159059144053943,-3.094226120624459
0.4688752382032352,0.012694953272061976,1.0,0.0,-23.19017376717334,-13.403065164229307,-21.900281943272766,-11.98646168862134,2716493,T30,-1.4166034756079675,-1.2898918239005752
0.067984557020233,0.0,1.0,0.0,-15.25681689421634,-6.854401606352184,-19.858041795812703,-11.18378660644365,2700505,T30,4.329385000091467,4.601224901596362
0.6262406481274242,0.0,1.0,0.0,-19.61951116977487,-11.661191079062082,-22.484321191921463,-11.84654315965089,2722616,T30,0.18535208058880848,2.8648100221465924
0.03501610967808989,0.0,1.0,0.0,-17.532090046197897,-8.229671556448505,-18.351008397540575,-9.283283941139702,2726521,T30,1.0536123846911973,0.8189183513426777
0.017631768244833895,0.0,1.0,0.0,-17.495547832677616,-10.037081961616133,-19.211040993703886,-11.051687648033473,2715270,T30,1.0146056864173403,1.71549316102627
0.0,0.0,1.0,0.0,-19.016923157278647,-8.985297287714006,-18.6286522968805,-9.490612489545352,2717104,T30,0.5053152018313458,-0.38827086039814773
0.2676047442812214,0.003296744938043932,1.0,0.0,-23.5862083900961,-13.518732258899448,-21.428285612434646,-12.127322447692565,2722274,T30,-1.3914098112068825,-2.1579227776614545
0.4765196741007735,0.0,1.0,0.0,-23.92767797338981,-12.137026037661425,-22.001851506570176,-10.722659890930872,2712460,T30,-1.4143661467305524,-1.9258264668196325
0.04700162074554295,0.0,1.0,0.0,-15.405573501213011,-6.621926575897556,-19.35072988739511,-9.208518891752918,2714434,T30,2.5865923158553628,3.9451563861821004
0.6368767369235324,0.12139603289052726,1.0,0.0,-26.499587640370816,-15.036519996977304,-22.754033688887304,-13.271808150795511,2721882,T30,-1.7647118461817932,-3.7455539514835117
0.19435951195364148,0.0,1.0,0.0,-20.110924143991173,-7.449204697117198,-20.822175816722734,-9.382350468264324,2722455,T30,1.9331457711471263,0.7112516727315601
0.3472596585804134,0.0,1.0,0.0,-23.302676722512373,-13.269847667995556,-21.60117033327492,-12.332163711537753,2723601,T30,-0.9376839564578034,-1.701506389237455
0.2552053530378755,0.0003439915589763607,0.956081539229922,0.0,-22.868064836984637,-13.090523433423291,-20.424686307550623,-9.965882710074721,2725557,T30,-3.12464072334857,-2.443378529434014
0.2247681432861203,0.0,0.2522521325502909,0.0,-23.196031853717912,-13.235134811337696,-20.86764264229729,-11.528373632335999,2710700,T30,-1.7067611790016972,-2.328389211420621
0.897406009405454,0.004622338501339201,0.09819454746757972,0.0,-25.01011859344114,-14.34424914053191,-24.016963510537533,-11.311922659120105,2713360,T30,-3.032326481411804,-0.9931550829036055
0.6097416793644159,0.0,1.0,0.0,-19.922252157097134,-8.050674500071398,-22.415189994630506,-10.626888671910685,2724893,T30,2.576214171839286,2.492937837533372
0.22302292584571734,0.0,1.0,0.7811169815547757,-26.965516803868212,-22.402798044124516,-21.28044089362573,-11.565601969903266,2724462,T30,-10.83719607422125,-5.685075910242482
0.017947783168344597,0.0,1.0,0.0,-20.381037682285285,-10.75350122218428,-19.506594468794084,-10.32736006315726,2712273,T30,-0.4261411590270203,-0.874443213491201
0.025203207878491642,0.0,0.6748257571643222,0.0,-22.805564232015183,-12.977277678702416,-19.392407861916336,-10.94530215596965,2721825,T30,-2.0319755227327665,-3.4131563700988465
0.2002190494817133,0.0,1.0,0.0,-18.24842290971462,-8.69855747483844,-20.809252250299686,-11.443302892022317,2726297,T30,2.7447454171838768,2.560829340585066
0.25812165523479313,0.006115652644634328,1.0,0.0,-22.748476506442536,-13.604800252991344,-21.450871202688926,-11.956326099383727,2725668,T30,-1.6484741536076175,-1.2976053037536097
0.8661791074104095,0.3520619949401909,1.0,0.0,-23.53820372420072,-14.239525789604246,-23.603052910206348,-14.51713071607376,2712392,T30,0.2776049264695146,0.0648491860056275
0.12482871255576802,0.0003585086042065009,1.0,0.0,-22.48997067052774,-11.709089188481647,-20.68021087456872,-11.100442690533692,2716578,T30,-0.6086464979479551,-1.809759795959021
0.565530912219022,0.0075700340352320705,1.0,0.0,-18.332144873346145,-8.767276737774658,-22.28242268654579,-12.152881919903855,2700499,T30,3.385605182129197,3.9502778131996443
0.03484558622574475,0.0,0.004085096589519714,0.0,-19.07150776732425,-9.173935025521901,-19.971665764147854,-9.655408510681344,4400155,T30,0.48147348515944266,0.9001579968236051
0.005985431481421347,0.0,1.0,0.0,-20.265830432646304,-10.609388403646525,-18.793426971398336,-10.169405425641562,2717102,T30,-0.4399829780049629,-1.4724034612479677
0.0008475238244024371,0.0,1.0,0.0,-20.33418497136957,-9.8083753777586,-17.281474019100717,-9.727163238798774,2722483,T30,-0.08121213895982571,-3.0527109522688534
0.04230598880065805,0.0,0.4096301686228608,0.0,-22.07535758606881,-11.453553068942702,-20.18622314305536,-11.121972651558698,2722573,T30,-0.33158041738400357,-1.8891344430134502
0.4185075763451627,0.01499051634784203,1.0,0.0,-22.557926756220123,-12.464222137168836,-21.714252998186254,-12.282411982635756,2709086,T30,-0.18181015453308014,-0.8436737580338693
0.3464128992754364,0.00010205122971731811,1.0,0.0,-21.520720031749224,-11.045208604552776,-21.691998428191464,-11.724634943151967,2724826,T30,0.6794263385991908,0.17127839644223997
0.9960057238847757,0.007148634355751883,1.0,0.0,-22.152647628361372,-10.95117200060879,-25.170135547154363,-12.446330402214269,2722656,T30,1.4951584016054795,3.017487918792991
0.016402116402116397,0.0,1.0,0.0,-20.637118203016744,-11.299016981042302,-19.565189217832454,-10.249687381113498,2713271,T30,-1.0493295999288037,-1.0719289851842895
0.01579656717009553,0.0,1.0,0.0,-21.376671246540337,-12.311317664508936,-19.59225173035795,-11.000666304165822,2712553,T30,-1.3106513603431136,-1.7844195161823855
0.6910498137802603,0.0,1.0,0.0,-22.162554894885957,-10.699646842464777,-22.923752122843375,-11.722375107212512,2700391,T30,1.0227282647477356,0.7611972279574175
0.009011872597667864,0.0,1.0,0.0,-20.330581943419165,-10.716882497741778,-19.379460123502863,-10.239595284874524,2710861,T30,-0.47728721286725495,-0.9511218199163025
0.15971733362213683,0.0,1.0,0.0,-18.118813360467204,-9.703360557751793,-20.518882596640438,-10.149028744677956,2724841,T30,0.44566818692616295,2.400069236173234
0.934274575914024,0.21197977030871357,0.21135812875355597,0.0,-24.952587002112306,-16.715418951194046,-23.74986892993761,-14.231983786276038,2726292,T30,-2.483435164918008,-1.2027180721746973
0.015748721996110535,0.0,1.0,0.0,-17.991453856734122,-9.195073372950306,-19.2020973274051,-10.217285317595085,2716412,T30,1.0222119446447788,1.210643470670977
0.1378588232094535,0.0,1.0,0.0,-24.09929692919719,-12.405151795662942,-20.641774440759495,-11.294319978026891,2710452,T30,-1.1108318176360505,-3.4575224884376965
0.012356743853795541,0.0,0.8482228029620689,0.0,-21.52252306025397,-9.119782481088055,-18.57051286712782,-9.836641479339352,2711746,T30,0.716858998251297,-2.9520101931261493
0.12323142561950291,0.00015524375946853104,0.8380218733103857,0.0,-22.293126170445404,-12.696255825542412,-19.794862915931223,-11.506258154681314,2711873,T30,-1.1899976708610982,-2.498263254514182
0.5558425655554188,0.007401476672487374,1.0,0.0,-18.980896954531733,-11.084286822566252,-22.283845506662004,-12.688835034934941,2725661,T30,1.6045482123686892,3.302948552130271
0.8187822208335802,0.11302947213049407,1.0,0.0,-20.14782733470621,-11.313179787656713,-23.13747138865466,-13.849139823030072,2702867,T30,2.5359600353733587,2.9896440539484495
0.03519481603025837,0.0,1.0,0.0,-21.161819317570846,-11.423121550202445,-19.722777486374497,-11.440238728724808,2715222,T30,0.017117178522362053,-1.4390418311963487
0.7004159685712639,0.056979028251198834,1.0,0.0,-24.261880539941973,-12.544809492608456,-23.26228877318954,-11.965302021879259,2712223,T30,-0.5795074707291974,-0.9995917667524346
0.009175179720015136,0.0,1.0,0.8192584184638667,-23.452213136731732,-11.738471375173136,-19.485666437180985,-10.108152497365248,2710218,T30,-1.6303188778078876,-3.9665466995507472
0.006937018995947355,0.0,0.7733687114701728,0.0,-20.30061292846486,-10.502371083575412,-19.677696877848074,-10.862105248177107,2709534,T30,0.3597341646016954,-0.6229160506167872
0.1203955485443151,0.006684549422084181,0.5572207251723312,0.0,-17.419874799786925,-10.439957864642443,-20.333313348706866,-12.581570578409293,2714751,T30,2.1416127137668504,2.9134385489199417
0.0021451514442688514,0.0,1.0,0.0,-21.98497976776109,-11.278185781858982,-18.59568719942505,-10.45346510867135,2710579,T30,-0.8247206731876311,-3.389292568336039
0.09299906279287727,0.0,1.0,0.0,-21.176666468536396,-10.121864793698073,-20.133277331394446,-10.834161930723361,2725421,T30,0.7122971370252884,-1.0433891371419506
0.01184507073272793,0.0,0.8418626162666921,0.0,-23.258263800132664,-10.426320335743572,-19.150465801505174,-10.13968254932983,2725426,T30,-0.28663778641374194,-4.10779799862749
0.7330809499866907,0.009050309071012392,1.0,0.0,-21.460013909981974,-11.85264536971205,-22.74378902017429,-12.518939527861079,2723638,T30,0.6662941581490287,1.283775110192316
0.028960212030123795,0.0,0.09520346488251076,0.0,-17.135080534410285,-10.262813361263733,-18.88925433305922,-10.016997298156486,4405139,T30,-0.24581606310724702,1.7541737986489352
0.048506529110837845,0.0,0.0,0.0,-21.22754086046303,-10.423464238702083,-19.439275595413648,-10.123644522724298,2711487,T30,-0.2998197159777849,-1.7882652650493824
0.022831772130218832,0.0,1.0,0.9999473011606917,-27.64288666721272,-20.0310912082638,-19.344525686987847,-3.115924267187556,2710438,T30,-16.915166941076244,-8.298360980224874
0.09849920437363405,0.0,1.0,0.0,-25.704658747214136,-14.307527733699091,-20.648767241687075,-11.723445583948827,2700407,T30,-2.584082149750264,-5.055891505527061
0.004448041665200426,0.0,1.0,0.0,-20.831868143428295,-11.27788722678186,-19.60996866694492,-10.449110988129167,2713187,T30,-0.8287762386526936,-1.221899476483376
0.09795475836406874,0.0,1.0,0.0,-16.426152226063632,-8.224644551395983,-20.30576309708888,-11.905331926083816,2722589,T30,3.6806873746878335,3.8796108710252497
0.8795089776474898,0.0,0.3160278490289482,0.0,-24.36291524771892,-7.493560747880373,-23.37335854503679,-10.980579246292903,4404738,T30,3.48701849841253,-0.9895567026821297
0.8728329499977923,0.03863861694142393,1.0,0.0,-25.95343085807508,-14.313914291478588,-24.277111346971033,-12.930584088293523,2715607,T30,-1.3833302031850643,-1.6763195111040474
0.0,0.0,0.6328207402032904,0.0,-20.424105670132757,-10.606455941273321,-17.848153944496243,-10.176609220229329,2713045,T30,-0.429846721043992,-2.5759517256365143
0.011262683247726082,0.0,0.9927291538527337,0.0,-15.065916987362352,-6.723367330871933,-18.289713915255348,-9.376695330299482,2723685,T30,2.6533279994275487,3.2237969278929963
0.5332185486835231,0.0003791762589232167,1.0,0.0,-24.827277634088325,-11.564572146422664,-22.200510857445845,-11.483783943075021,2722533,T30,-0.0807882033476428,-2.62676677664248
0.05880746237889096,0.0,0.09683570397856114,0.0,-22.210082781568687,-10.014046956876989,-19.92307437024646,-10.095735217871505,4404221,T30,0.08168826099451643,-2.287008411322226
0.9998049605045022,0.37670795002654706,0.0,0.0,-26.343503155749495,-15.585151915378374,-25.599664394911823,-14.367632895716303,2726271,T30,-1.2175190196620704,-0.7438387608376722
0.3290169491525423,0.0006610169491525423,1.0,0.0,-21.789020379115662,-12.36606075318293,-21.423302945318685,-11.887559119681173,2714575,T30,-0.47850163350175734,-0.3657174337969771
0.6606633194363507,0.04159008383018784,0.18811733237698192,0.0,-23.985144709653675,-12.554423581313657,-22.71495160727361,-12.291436120927145,4402779,T30,-0.2629874603865119,-1.270193102380066
0.08303654834189635,0.0,1.0,0.0,-22.612227815855025,-11.586319484379377,-20.052714299361096,-10.894144436495765,2716645,T30,-0.6921750478836124,-2.5595135164939293
0.4431165339190383,0.004283358215371628,1.0,0.0,-22.83687782260182,-10.301240244807019,-22.03127461966172,-10.96192662673524,2701289,T30,0.6606863819282207,-0.8056032029401017
0.09653583721196525,0.0,1.0,0.0,-21.961913782819725,-12.435540572952396,-20.07229124333593,-11.691856954579437,2723661,T30,-0.7436836183729589,-1.8896225394837955
0.8010021777279741,0.003594308307080786,1.0,0.0,-23.653155387613534,-12.353221808814899,-23.450173569469555,-12.236566883685777,2724780,T30,-0.11665492512912223,-0.20298181814397864
0.007319605520760698,0.0,1.0,0.0,-21.681135319693798,-11.725560378586016,-19.284076214373297,-11.093183899857477,2722492,T30,-0.6323764787285384,-2.3970591053205013
0.0936108557896877,0.0001574879808036469,0.0,0.0,-21.96113616437204,-10.89383132020778,-19.99089948659538,-10.421173277352318,4405399,T30,-0.4726580428554623,-1.9702366777766578
0.10876319100315814,0.0,1.0,0.0,-19.17473002288217,-8.373622334832447,-20.52713595365147,-9.333970475761792,2726599,T30,0.9603481409293444,1.3524059307693008
0.005832862226064978,0.0,1.0,0.0,-16.882147983418573,-9.017056276553669,-18.665320066389228,-10.327803220733795,2713740,T30,1.310746944180126,1.7831720829706548
0.28133005548599044,0.008334386380084775,0.0,0.0,-22.625894606155686,-11.637258101513288,-21.154802424990745,-11.21544436878015,4401458,T30,-0.4218137327331384,-1.4710921811649413
0.026302738114461023,0.0,1.0,0.0,-22.724662427379005,-13.34457245789666,-19.657179223512895,-10.959397100813614,2714681,T30,-2.385175357083046,-3.067483203866111
0.0016930948580634575,0.0,1.0,0.0,-22.6883682291782,-11.820530932943715,-19.11162789391557,-10.755854255117129,2726059,T30,-1.0646766778265864,-3.5767403352626275
0.1575950868499433,7.907430348717678e-05,0.4787949076148555,0.0,-19.775870448692004,-12.128759298503244,-20.57823580914517,-11.431820598593886,2722714,T30,-0.6969386999093583,0.802365360453166
0.35124076673368626,0.0,1.0,0.0,-21.846853165437828,-12.06456158931484,-21.56696328974546,-11.48885937688839,2711901,T30,-0.5757022124264495,-0.2798898756923691
0.03256744892037083,0.0,0.0,0.0,-18.887638469757235,-11.458069425054696,-19.559399839291856,-10.578319364609616,2717331,T30,-0.8797500604450796,0.6717613695346216
0.022675324022907666,1.8838541143373857e-05,1.0,0.0,-23.589605684852394,-13.11904681362446,-19.73326758900188,-11.146260182740932,2717420,T30,-1.9727866308835278,-3.8563380958505142
0.11782604241368708,0.0,0.0,0.0,-22.372971434030095,-11.640418236888204,-20.44966111173952,-10.862594880992164,4404295,T30,-0.7778233558960395,-1.9233103222905754
0.9214885327258084,0.0,1.0,0.0,-25.704273897553946,-11.594039569314683,-24.14876197352465,-10.87311715843889,2710664,T30,-0.7209224108757937,-1.5555119240292967
0.00409307598618108,0.0,1.0,0.0,-16.211487385411484,-11.008679507702745,-17.294489085753945,-11.099349424765455,2713808,T30,0.09066991706271033,1.0830017003424608
0.933767170465061,0.5140482987817464,1.0,0.0,-27.640287438452344,-21.085948442218772,-25.526597434579976,-15.080299639771122,2717236,T30,-6.00564880244765,-2.1136900038723674
0.2332958117407187,0.00288845467674794,0.0,0.0,-23.93218091087015,-13.939983471207663,-20.87716529384548,-11.455214690467997,4405315,T30,-2.4847687807396657,-3.0550156170246723
0.9976429830629505,0.28754769821257237,0.0012050074755093388,0.0,-20.049044609008238,-11.296480005665373,-25.618895382612866,-14.442255262992962,2723776,T30,3.145775257327589,5.569850773604628
0.4820147613268785,0.0,1.0,0.0,-23.8155231274648,-12.088492097524613,-21.880226961405132,-11.354708352088029,2710571,T30,-0.7337837454365843,-1.9352961660596684
0.02560497170433635,0.0017417167193232185,1.0,0.0,-20.49893625127532,-11.643246592897928,-19.120379770103465,-10.60010443070819,2714218,T30,-1.0431421621897368,-1.3785564811718558
0.04029747594378909,0.0,1.0,0.0,-20.45538051093363,-11.18132257777874,-20.02731717576641,-11.160164109288381,2715315,T30,-0.021158468490359184,-0.42806333516722006
0.11948346624845672,0.006807033935066235,0.0,0.0,-18.16798880635051,-11.3713890867474,-19.22576131290146,-11.365147595307628,4405201,T30,-0.006241491439771707,1.0577725065509505
0.013285019591247605,0.0,1.0,0.0,-19.726198764089013,-10.723233812769257,-19.336156347746346,-10.09645708917494,2725701,T30,-0.6267767235943165,-0.39004241634266634
0.31633585792635144,0.0018354081425379408,1.0,0.0,-21.155800647921335,-11.75184165971694,-21.548177950186247,-11.796879875254325,2715588,T30,0.045038215537385184,0.3923773022649115
0.45291052364006085,0.0,1.0,0.0,-24.297961006018692,-13.788353193655588,-21.761384238208525,-12.046518765875728,2716352,T30,-1.7418344277798603,-2.5365767678101676
0.0033933340650495743,0.0,1.0,0.0,-19.14102294923266,-9.761349254280288,-19.348534395764105,-10.01685726267103,2713158,T30,0.2555080083907413,0.20751144653144493
0.2521922521922522,0.0,0.07346293553190104,0.0,-22.579066309799643,-9.34488193841146,-21.29809687273944,-10.62005839101172,4401925,T30,1.2751764526002596,-1.2809694370602038
0.010150526738024359,0.0,1.0,0.0,-20.707498435210407,-8.755126357987507,-18.954753833187258,-7.628048794756346,2711414,T30,-1.1270775632311612,-1.7527446020231494
0.46404809210861503,0.011483009832390851,1.0,0.0,-22.251199758040894,-13.716912767485343,-21.979928328909295,-12.532905070630218,2724453,T30,-1.1840076968551259,-0.2712714291315983
0.8187722989662428,0.0,0.0,0.0,-25.640220492178234,-14.11697095145964,-23.233875048846812,-12.59185746058807,4404265,T30,-1.5251134908715702,-2.4063454433314213
0.000888361373756203,0.0005060747170168532,1.0,0.0,-16.854953996845335,-9.607587074651537,-16.799789917431013,-9.339808902841948,2713483,T30,-0.2677781718095886,-0.055164079414321776
0.44493365131780116,0.10689170182841073,0.0,0.0,-18.49323046702396,-11.074283617241058,-21.926864059559964,-13.290831526502384,4405554,T30,2.216547909261326,3.4336335925360046
0.013738832569550526,0.00026848122945887144,1.0,0.0,-15.559577609734639,-9.036187441752054,-19.231046404103974,-11.42770674540252,2723026,T30,2.391519303650467,3.6714687943693356
0.3281606194521211,0.0,1.0,0.0,-22.68479944860196,-13.487416026829354,-21.54534739364356,-12.281430271290551,2713587,T30,-1.2059857555388032,-1.1394520549584009
0.3016124866241099,0.0,1.0,0.9353898380133577,-24.406554370695908,-18.585556605805827,-21.106736801023818,-11.28930656772509,2712696,T30,-7.296250038080737,-3.29981756967209
0.12999741608974183,0.003038322062138586,1.0,0.0,-22.901201939930512,-10.69839028935068,-20.39702981647288,-11.049123659137456,2711774,T30,0.3507333697867754,-2.504172123457632
0.19947784939218405,0.014860313057261739,1.0,0.17296238883903076,-21.676663684203586,-11.49516732535626,-20.983112443071807,-12.640215250781264,2710659,T30,1.145047925425004,-0.6935512411317788
0.9791921929058401,0.4875205624465685,1.0,0.0,-26.673869888028758,-19.926999527610917,-25.298705012908936,-14.95807111702988,2717349,T30,-4.968928410581038,-1.3751648751198218
0.04234544604677736,0.0,1.0,0.0,-21.603221163469808,-9.799785519767168,-20.450732535108113,-10.083077078492805,2714697,T30,0.2832915587256366,-1.152488628361695
0.0490606849177827,0.0,0.0,0.0,-20.13691837432063,-10.427740684944483,-20.030331355657278,-11.123352258849485,4405422,T30,0.6956115739050013,-0.10658701866335107
0.008467796658595296,0.0,1.0,0.0,-20.551628754882266,-10.202339235167651,-18.934853285168643,-9.840429710675044,2715375,T30,-0.3619095244926065,-1.6167754697136232
0.7151142257003179,0.22347900440545015,1.0,0.0,-26.46978659756985,-21.482385506954287,-23.362525297860103,-13.287537159626826,2713638,T30,-8.194848347327461,-3.107261299709748
0.18454266837635339,0.0,0.0,0.0,-22.11474649041552,-9.942074980205403,-20.618220489463745,-8.341755266328276,2700401,T30,-1.600319713877127,-1.496526000951775
0.9899753101770029,0.362467472490386,1.0,0.0,-26.456410065031186,-15.986466716583806,-25.367686318338475,-14.553780009144583,2723980,T30,-1.4326867074392222,-1.088723746692711
0.8940589385663227,0.07260548025265808,0.0,0.0,-24.46663457204856,-12.86714426824455,-23.5513801127353,-13.049903106942677,2715311,T30,0.1827588386981276,-0.9152544593132603
0.9974791003967944,0.7027166310829712,1.0,0.0,-25.818450071466646,-16.02244303803987,-26.164576138771107,-15.759595269691276,2700710,T30,-0.26284776834859436,0.3461260673044606
0.21161764889382464,0.0007954729788747333,1.0,0.0,-18.8225480116545,-10.81226438370594,-21.028173997796586,-12.328517887259741,2723815,T30,1.5162535035538003,2.205625986142085
0.923121431002534,0.014465075823469356,1.0,0.0,-26.216420329679053,-14.393601809270592,-23.659183650461603,-12.26723790176171,2715332,T30,-2.126363907508882,-2.55723667921745
0.3138392781280271,0.023229731337196476,1.0,0.0,-25.598701740317587,-22.62537051462001,-21.023796046016614,-10.984882800506437,2723023,T30,-11.640487714113572,-4.574905694300973
0.8380584666298947,0.6130538701967272,1.0,0.0,-24.044807743681968,-15.223231810097893,-24.219347415053083,-15.013163011077822,2726637,T30,-0.21006879902007114,0.17453967137111448
0.0016954410671899687,0.0,1.0,0.0,-19.572346436044413,-12.890296248873986,-17.291911772712307,-10.948334779123556,2715657,T30,-1.9419614697504297,-2.2804346633321053
0.005647374875897915,0.0,1.0,0.0,-18.7056463450034,-10.255269670833238,-18.391786703016646,-10.264792501672924,2711958,T30,0.009522830839685525,-0.3138596419867561
0.04967219892504872,0.0,1.0,0.0,-22.981581566767755,-13.295574476450245,-20.336595966785765,-11.86481048378316,2708872,T30,-1.4307639926670852,-2.6449855999819896
0.018467504456228374,0.0,1.0,0.0,-21.67231846572295,-11.891065198509366,-19.707542525794437,-10.849238245845068,2700018,T30,-1.041826952664298,-1.9647759399285114
0.40569486859649895,0.00021506301346294466,1.0,0.0,-25.07247705734819,-15.364579255417784,-21.700271316447406,-12.298268218270058,2722347,T30,-3.0663110371477256,-3.3722057409007853
0.00047522452158531384,0.0,1.0,0.0,-18.865991575215936,-8.842843337674832,-18.522615206039028,-9.966887092322393,2701441,T30,1.1240437546475608,-0.3433763691769087
0.7821856287425157,0.019476353415617764,1.0,0.0,-20.994669830753594,-11.42595915032861,-23.06086343042378,-12.7463240141196,2710914,T30,1.3203648637909886,2.0661935996701857
2.074678863650509e-05,0.0,0.9968863857977059,0.0,-20.94984188383769,-10.183614809959192,-18.311758148089304,-10.128613086728972,2725430,T30,-0.05500172323021957,-2.638083735748385
0.0016571003146089002,0.0,1.0,0.0,-19.894370627864234,-8.72848493696009,-18.513835009022657,-9.575475771407548,2723615,T30,0.8469908344474586,-1.3805356188415772
0.4961159805591326,0.04547833672579238,1.0,0.08407759730818759,-22.630684195985804,-14.301736911264177,-22.050335650785954,-13.042190912192845,2722719,T30,-1.2595459990713316,-0.5803485451998505
0.17695625026286077,0.0,1.0,0.0,-18.892670259118095,-11.170418323798575,-20.935272615080393,-12.024050592580497,2725650,T30,0.8536322687819222,2.0426023559622983
0.4058091235314358,0.0,1.0,0.0,-24.254730695020417,-11.765016482163285,-21.764383266612054,-11.29563985322751,2722526,T30,-0.46937662893577503,-2.490347428408363
0.03761959327383242,0.0,0.9999682802754858,0.0,-18.972385028576028,-9.942728165012648,-19.66569793917236,-11.226920740613572,2723877,T30,1.2841925756009243,0.6933129105963332
4.525296406914653e-05,0.0020250701420943076,1.0,0.0,-15.075038894913865,-6.115729919293981,-18.054939371454928,-9.91365872504221,2723779,T30,3.797928805748228,2.9799004765410633
0.03299991965935568,0.0,1.0,0.0,-21.315607612581772,-12.115175848418593,-19.424051745417167,-10.978132909917008,2713923,T30,-1.137042938501585,-1.8915558671646053
0.7820937454997973,0.18885770258043302,0.990009210980358,0.0,-22.568024033041638,-13.375153366934699,-23.2488706443591,-13.664479266076695,2725428,T30,0.28932589914199625,0.6808466113174632
0.4733959691428358,0.0,1.0,0.0,-23.465582249762463,-10.888838644760186,-21.998864137182874,-11.004230020804814,2714718,T30,0.11539137604462724,-1.4667181125795885
0.06932932151002713,0.0,1.0,0.0,-19.50835581747442,-9.848317025995051,-20.279295476074008,-10.688456092564138,2700654,T30,0.8401390665690869,0.7709396585995876
0.0014527528851019371,0.0,1.0,0.0,-21.67484474517916,-10.144945154794591,-18.928450649672147,-9.845187005178472,2711870,T30,-0.29975814961611924,-2.7463940955070143
0.14042805633455574,0.0,1.0,0.0,-27.77787282761096,-20.986779921968154,-20.899920996965385,-10.845162939297694,2716614,T30,-10.14161698267046,-6.877951830645575
0.012380507375957786,0.0,1.0,0.0,-17.379461171241495,-9.56516649957049,-17.07759167629641,-9.438757879984246,2700751,T30,-0.12640861958624328,-0.30186949494508397
0.004577384727690485,0.0,1.0,0.0,-15.535531766390038,-7.527152371244145,-18.93007525578878,-11.015842636215801,2722372,T30,3.4886902649716562,3.3945434893987407
0.19998560931077583,0.0,1.0,0.0,-24.019003218686937,-14.405090533790858,-20.98833217121245,-12.441411928018363,2716587,T30,-1.963678605772495,-3.0306710474744882
0.2152715838485842,0.0,1.0,0.0,-22.53665847643902,-12.047370948822962,-20.758921523312647,-11.090758137538195,2716446,T30,-0.9566128112847672,-1.7777369531263716
0.12465108164689459,0.0,1.0,0.0,-17.504164954594046,-8.113995393674276,-20.592448570449562,-10.107692234931063,2717355,T30,1.9936968412567868,3.0882836158555165
0.2529431895961671,0.0,1.0,0.0,-24.31825825465313,-14.6447749843248,-21.259118780240332,-11.953371528974412,2722393,T30,-2.691403455350388,-3.059139474412799
0.1456318640489112,0.0,1.0,0.0,-18.181484874968234,-9.822455159305262,-20.534962962654497,-10.731019881037945,2714609,T30,0.9085647217326827,2.3534780876862627
0.1828018323183038,0.0,1.0,0.0,-22.942843125908684,-11.913911538941878,-20.966563661717178,-11.839183685805612,2718478,T30,-0.07472785313626673,-1.9762794641915065
0.002520492388541398,0.0,1.0,0.0,-15.136563825020772,-9.714214094218086,-15.509304540282633,-9.472837150896108,2711394,T30,-0.24137694332197768,0.3727407152618607
0.027417734995109595,0.0,0.5222008658508125,0.00011013244737897886,-18.449669055934734,-8.032426597243782,-19.37765869919754,-9.632179654349956,4405099,T30,1.5997530571061738,0.927989643262805
0.47944083106583985,0.0,1.0,1.0,-27.710791524698553,-22.46769224920984,-21.92977979718147,-11.324359737248646,2700828,T30,-11.143332511961194,-5.7810117275170825
0.5518536081899077,0.16044799018103711,1.0,0.0,-27.986191613477992,-20.170281193822976,-22.21237851127176,-13.413369092980936,2700252,T30,-6.75691210084204,-5.773813102206233
0.6753404072620215,0.006143686620870134,1.0,0.0,-19.511533430105153,-10.366012207228946,-22.447711449840412,-11.907825568147834,2709047,T30,1.541813360918887,2.9361780197352587
0.01797655162424661,0.0,1.0,0.0,-18.03273355838734,-9.350600280961864,-19.502806424857692,-10.765524636683429,2709167,T30,1.4149243557215652,1.4700728664703533
0.042324511448985705,0.0006192109391793694,1.0,0.0,-24.91693154495797,-19.148001296671563,-19.490444606754128,-11.147508221124106,2712958,T30,-8.000493075547457,-5.4264869382038405
0.1449644998966017,0.0,0.0,0.0,-19.966336159308355,-9.579251763367814,-20.581103511522276,-9.456857162966578,2710649,T30,-0.12239460040123618,0.6147673522139208
0.0,0.0,1.0,0.0,-20.23868686368745,-9.70771693839178,-18.162272432462295,-9.167617601057502,2711027,T30,-0.5400993373342775,-2.0764144312251567
0.07775179213045186,0.0,1.0,0.0,-20.511557324305006,-10.411658902467764,-20.304497459750632,-11.195371900883204,2717202,T30,0.7837129984154405,-0.20705986455437397
0.009442730213019068,0.0,1.0,0.0,-21.42762284577039,-10.367554525924165,-19.499098756084027,-10.792221778031022,2718568,T30,0.4246672521068575,-1.9285240896863627
0.9850573428875421,0.3418000552560883,1.0,0.0,-27.688475616462352,-19.05838213194116,-25.84507294138338,-14.296691643843449,2700825,T30,-4.76169048809771,-1.8434026750789734
0.0035139697522995833,0.0,1.0,0.0,-17.987232493535696,-9.19602373395879,-18.966359905003337,-10.17186290794664,2719069,T30,0.9758391739878505,0.9791274114676405
0.12670095270213313,2.810330775932328e-06,1.0,0.0,-19.236587229933065,-10.965613940497223,-20.434805749290785,-11.058661415445956,2714821,T30,0.09304747494873311,1.1982185193577202
0.10029598390466613,0.0,1.0,0.0,-23.508911842127926,-12.550418907966582,-20.38652971702096,-10.950319834695836,2726541,T30,-1.600099073270746,-3.1223821251069666
0.04360536451609462,0.0,1.0,0.0,-22.333196211658677,-12.668714108024497,-19.734121447465125,-11.819941135628524,2725606,T30,-0.8487729723959738,-2.5990747641935528
0.08445493488853638,0.002422089455837235,1.0,0.0,-18.489779443941615,-9.775948164205657,-20.45243240459724,-11.616664987847233,2722578,T30,1.8407168236415767,1.9626529606556247
0.7917045538739252,0.7262691372493552,1.0,0.0,-23.202999426876307,-15.83907349628923,-23.233199546927626,-15.694985846476897,2711113,T30,-0.14408764981233269,0.03020012005131889
0.9803979711275849,0.6037300039016774,1.0,0.0,-26.611922092602068,-20.16685101529585,-25.82402177851684,-17.245012539448986,4400684,T30,-2.921838475846865,-0.7879003140852276
0.8160868756394752,0.03924053576411495,0.41350804576318473,0.0,-19.58431410973683,-11.06818565098706,-23.389633195724183,-12.801289994302557,2711599,T30,1.7331043433154978,3.805319085987353
0.046535663381451944,0.0,1.0,0.0,-23.417641557388738,-13.629838090898085,-19.86535936764399,-11.388721802899552,2722453,T30,-2.2411162879985334,-3.552282189744748
0.3175159128414105,0.0,1.0,0.0,-24.07556909083193,-14.724124088742695,-21.507290523356264,-11.706426123417096,2726583,T30,-3.017697965325599,-2.568278567475666
0.009253627243457175,0.0,1.0,0.0,-17.62426898366286,-9.209504389065042,-17.777986942209825,-10.217938175095368,2710597,T30,1.0084337860303254,0.15371795854696657
0.025070407566820767,0.0,1.0,0.0,-17.52578682338444,-9.411632923532014,-18.038175397486313,-10.516661475558122,2724770,T30,1.1050285520261074,0.5123885741018732
0.010766867083630732,0.0,1.0,0.0,-19.659114598026356,-11.684870436982017,-19.01325382762967,-11.173181663325954,2714539,T30,-0.5116887736560631,-0.6458607703966877
0.015252958806998344,0.0,0.33409653754497465,0.0,-23.744884503281916,-12.629714241962189,-19.466276837266783,-10.796386271321929,2700475,T30,-1.8333279706402603,-4.278607666015134
0.135661044577949,0.0,0.0,0.0,-22.679140143513937,-11.360142044495996,-20.181734553883736,-10.691146448564167,2724075,T30,-0.668995595931829,-2.497405589630201
0.3510611808474799,0.00373500505324213,1.0,0.9469629282439614,-26.738004582155387,-20.800404922527242,-21.383075968816545,-12.67621025594033,2711601,T30,-8.124194666586913,-5.354928613338842
0.39516817416500266,0.0,1.0,0.0,-22.17197341142035,-11.891859676925561,-21.535718261008938,-11.400197497401953,2722421,T30,-0.49166217952360824,-0.6362551504114116
0.007582642098003972,0.0,1.0,0.0,-18.95807423035087,-10.04576854797636,-19.523410788194283,-10.21240404334125,2722658,T30,0.16663549536488986,0.5653365578434126
0.13539430554662893,0.0,0.9891381194164149,0.0,-23.004932690593645,-10.20681356691509,-20.524635090665445,-10.814445258866083,2724769,T30,0.6076316919509939,-2.4802975999281998
0.0,0.0,1.0,0.0,-15.136143101668644,-8.40398263274911,-15.793264607868705,-8.313718715960523,2724844,T30,-0.09026391678858658,0.6571215062000615
6.274519177619686e-05,0.0,0.15536605843668863,0.0,-14.686668487675805,-7.184920219344758,-16.770155847713855,-8.485599427374098,2724556,T30,1.3006792080293392,2.083487360038051
0.040619510876908516,0.0,0.01217740845831644,0.012785434400756654,-24.86548248108499,-17.58047876266978,-20.431004587422557,-10.4103362218021,2710968,T30,-7.1701425408676815,-4.434477893662432
0.0,0.0,1.0,0.0,-14.969346258995683,-7.893603075576089,-17.57728646501684,-9.427357071583438,2710932,T30,1.5337539960073494,2.6079402060211567
0.08612380184538207,0.0,1.0,0.0,-20.18092451968069,-9.824586913066799,-20.322292920294544,-10.003921075215757,2715307,T30,0.17933416214895814,0.14136840061385314
0.02180393946307704,4.56308464522017e-05,1.0,0.0,-20.644879270266866,-9.83202255912524,-18.903533910435666,-10.369409288683277,2725665,T30,0.5373867295580368,-1.7413453598312003
0.0048640243663780995,0.0,0.0,0.0,-18.537858104711933,-8.728325240478151,-18.83227412715014,-9.569177558966267,4404263,T30,0.8408523184881158,0.29441602243820597
0.10883983842826073,0.006160520088912259,1.0,0.0,-19.671024709326954,-11.59696610634411,-20.116177998959895,-11.235631805699152,2724887,T30,-0.361334300644959,0.4451532896329411
0.19124321257800478,0.012288272955669022,1.0,0.0,-20.590034404295874,-11.958676892822464,-20.81950392389069,-11.919170578342213,2710524,T30,-0.03950631448025099,0.2294695195948151
0.6035177591615655,0.0,1.0,0.0,-22.287001477441425,-12.423472020871676,-22.40311373185132,-12.400842403271275,2722467,T30,-0.022629617600401275,0.11611225440989514
0.0590092572698994,0.0,1.0,0.0,-22.45318378058492,-11.29775893563508,-20.169084673642466,-11.099859767192408,2713153,T30,-0.19789916844267275,-2.2840991069424526
0.15164943120359098,0.006798384273314904,1.0,0.0,-23.080620867356277,-12.387223867700758,-20.727194051791013,-11.961363552695554,2714178,T30,-0.42586031500520427,-2.353426815565264
0.0038593424325959794,0.0,1.0,0.0,-20.882918020330127,-12.08484579458616,-19.61346937700672,-11.120290983019345,2726508,T30,-0.9645548115668152,-1.2694486433234076
0.5820264198114801,0.01245988040136491,1.0,0.0,-18.874960398947938,-9.514911345810445,-22.429757208856422,-12.636722768886036,2722269,T30,3.1218114230755916,3.554796809908485
0.011583162503040197,0.0,1.0,0.0,-20.551582370598087,-10.622829456704665,-19.033226823083634,-10.062559684789825,2713617,T30,-0.5602697719148395,-1.518355547514453
0.7568498949234587,0.17105564574763707,1.0,0.0,-23.3245897619501,-13.47738127201857,-22.874632414728158,-13.900943685779103,2713023,T30,0.42356241376053205,-0.44995734722194314
0.3849569419157582,0.0,0.0,0.0,-20.20462237285985,-9.42130328627767,-21.65012800134864,-9.329959176818056,2726509,T30,-0.09134410945961413,1.4455056284887924
0.029496605721473966,0.0,0.6598997982952698,0.0,-20.434861313267103,-10.320519282390887,-19.08010846362249,-10.335044478330468,2716858,T30,0.014525195939581792,-1.354752849644612
0.08132016165244725,0.0,0.0,0.0,-21.849980694434507,-11.09202235161636,-20.52370008075237,-11.216760362486296,4402999,T30,0.12473801086993674,-1.3262806136821368
0.0003873341725573739,0.0014912365643458894,1.0,0.0,-14.901166991411335,-7.501691630670566,-16.743201603550787,-9.193774565068145,2718646,T30,1.692082934397579,1.842034612139452
0.0152548330404218,0.0,1.0,0.0,-19.865736221076574,-10.461142007194717,-19.622007223947964,-10.381633387042514,2724824,T30,-0.07950862015220217,-0.24372899712860985
0.8485480506978983,0.5247446387507354,0.7802984116797692,0.0,-23.352722669030552,-13.959716374754302,-23.27613580902805,-15.016503154712023,4404602,T30,1.0567867799577204,-0.07658686000250015
0.9061644709000088,0.3464426362505706,1.0,0.0,-26.161006440030608,-15.888782901959638,-25.064308036736858,-14.326471012565142,2724032,T30,-1.562311889394497,-1.0966984032937503
0.7048891240135785,0.0,1.0,0.0,-23.79225391531382,-12.52398094062084,-22.83345340582914,-12.525152998435033,2722949,T30,0.0011720578141929394,-0.9588005094846821
0.22781956471356649,0.0,1.0,0.0,-21.12143539433468,-11.007427801084123,-20.878502393757277,-11.103203915201988,2726602,T30,0.09577611411786435,-0.24293300057740197
0.39232677177793923,0.0,1.0,0.0,-23.123387211778127,-13.140216676478548,-21.63433628874707,-11.546243466617895,2721916,T30,-1.5939732098606534,-1.4890509230310585
0.6406001740448574,0.0,1.0,0.0,-23.988906471242203,-11.019664233701086,-22.546720770586006,-11.606656547092944,2713363,T30,0.5869923133918586,-1.4421857006561964
0.813473445000116,0.0,1.0,0.0,-25.527964468451103,-10.60823681668702,-23.367530666862198,-10.329384234610396,2717470,T30,-0.2788525820766239,-2.160433801588905
0.10635044436690544,0.0,1.0,0.0,-21.42580245017693,-11.642455117665875,-20.658898771335725,-11.702414316392936,2727171,T30,0.05995919872706068,-0.7669036788412065
0.19160680529300572,0.004003113532747693,1.0,0.0,-22.751569028152232,-12.05144391440858,-21.023996326557125,-11.516546103885185,2716331,T30,-0.534897810523395,-1.7275727015951077
0.01791995752306365,0.0,1.0,0.0,-19.607275397783727,-10.691635115061167,-19.527492689188474,-10.398907605694104,2702879,T30,-0.2927275093670634,-0.07978270859525338
0.17332529901314295,0.0,0.9862544908818045,0.0,-24.51251296752244,-14.193322422977387,-20.91495056206846,-12.103967164749664,2715679,T30,-2.089355258227723,-3.5975624054539814
0.036055124467211236,0.0,0.0,0.0,-20.88565107060944,-10.018210947139014,-19.75069755432039,-10.373135551512407,2724009,T30,0.3549246043733927,-1.1349535162890518
0.06404523671071365,0.00038098293597481505,1.0,0.0,-21.98812043008559,-11.621885835230199,-20.39943294645913,-11.270124173355999,2708874,T30,-0.35176166187419966,-1.5886874836264617
0.10685173512398646,0.0,1.0,0.0,-20.62437466774118,-10.471269013080905,-20.204736741538074,-10.684525968412467,2700227,T30,0.21325695533156264,-0.41963792620310514
0.6267661956811518,0.07236779869454169,1.0,0.0,-23.070706498618062,-13.650445567630873,-22.284018965123916,-13.19825686781765,2712931,T30,-0.45218869981322385,-0.7866875334941454
0.17337467167477127,0.0,0.0,0.0,-21.236469434356344,-8.174817906487023,-20.77803671676628,-9.478455401574042,4404601,T30,1.3036374950870186,-0.458432717590064
0.40881737852553846,0.01610867230627202,0.8643291821316201,0.0,-25.08184349464234,-14.823408955798078,-21.7311631045279,-11.606190416880276,2722473,T30,-3.217218538917802,-3.3506803901144373
0.4696106308330849,0.0,1.0,0.0,-28.212089956101572,-20.01059614936657,-22.039326980083608,-10.976777587402022,2717433,T30,-9.033818561964548,-6.172762976017964
0.08776919255084034,0.0,1.0,0.0,-21.654432575461485,-10.821545945751478,-20.39575657552931,-10.604972145790336,2712089,T30,-0.21657379996114123,-1.2586759999321728
0.057508528294583014,0.0,1.0,0.0,-16.21196600328418,-7.267494583138862,-19.580923397152116,-11.25720561179942,2723671,T30,3.989711028660559,3.3689573938679374
0.0,0.0,1.0,0.0,-19.273527526971492,-9.61546153602023,-18.427774437254303,-9.462212311713222,2726530,T30,-0.15324922430700916,-0.8457530897171885
0.02923334878268219,0.0,1.0,0.16379263338695169,-20.7574539038093,-11.609891804798805,-19.477667744198147,-11.128452983165484,2724808,T30,-0.4814388216333203,-1.2797861596111524
0.012376775877065817,0.0,1.0,0.0,-19.723445657617447,-10.722691168887229,-19.37930322970641,-10.2749881749547,2725420,T30,-0.44770299393252877,-0.3441424279110379
0.1144977522864672,0.0,0.0,0.0,-20.37907804809748,-10.860855171708273,-20.68320730403076,-11.673258885174063,2710027,T30,0.8124037134657893,0.30412925593327955
0.9758003011131705,0.4738659848811158,1.0,0.0,-23.044939517302726,-13.67461268643234,-24.78375394370887,-14.968667225791906,2725682,T30,1.294054539359566,1.7388144264061438
0.1040430418777334,0.0016046314067268666,1.0,0.0,-23.567274881638387,-13.874555110707528,-20.75355065283288,-11.522583385552883,2711677,T30,-2.3519717251546446,-2.813724228805505
0.5320548902389318,0.004934880922342347,1.0,0.0,-22.844328346078687,-11.832149591670742,-22.10227738527535,-11.901137770506566,2721919,T30,0.06898817883582353,-0.7420509608033363
0.010868301755201674,0.002470068580727653,1.0,0.0,-15.89567044631453,-9.538973273449834,-19.08658496108494,-10.727514634733598,2715287,T30,1.1885413612837645,3.1909145147704123
0.7162589090281747,0.054990673150534276,1.0,0.0,-22.593103226112934,-12.905468064400198,-22.788348968899854,-13.288521993284386,2711105,T30,0.38305392888418766,0.19524574278691986
0.01907015464244026,0.004325282998380281,1.0,0.0014704152452652628,-16.044133071779612,-9.329840066098225,-19.381019420561323,-12.09875946346341,2715075,T30,2.7689193973651847,3.336886348781711
0.16466537050221813,0.0,0.0,0.0,-16.424952054736163,-5.683526865282684,-20.567985063934145,-8.543379981468876,2711616,T30,2.8598531161861915,4.143033009197982
0.9017680224377075,0.40234236648893895,1.0,0.0,-24.26017930615526,-14.509578507901828,-24.70995662132411,-14.464710866329694,2700123,T30,-0.044867641572134076,0.449777315168852
0.38915257697383304,0.011155099630350622,1.0,0.0,-23.5433678199679,-13.349354558336863,-21.64167987048657,-12.477568890333217,2701298,T30,-0.8717856680036462,-1.9016879494813317
0.0,0.0,0.569057455652185,0.0,-19.663114904071893,-10.242780624653584,-19.22001319356375,-10.50312924681044,2713067,T30,0.2603486221568563,-0.4431017105081416
0.16100591818670917,0.0,1.0,0.9117247204336529,-25.35462133322026,-18.093125482953592,-20.746143825460997,-11.446217737407107,2711683,T30,-6.646907745546486,-4.608477507759261
0.07260307049998832,0.0,0.9333634515473233,0.0,-19.999502279993347,-4.9347794284294775,-19.945195176493765,-9.72157475885353,2716549,T30,4.786795330424052,-0.0543071034995819
0.10776984936006345,0.00047192962585419274,1.0,0.0,-22.112408828963755,-12.961087914018664,-20.110489671198696,-11.953266743131296,2714816,T30,-1.0078211708873681,-2.001919157765059
8.864924622067406e-05,0.0,1.0,0.0,-14.58353199895813,-7.529072406561057,-16.5002553138822,-9.265739137228028,2700088,T30,1.736666730666971,1.91672331492407
0.1460008837825895,0.0,1.0,0.07353071144498453,-22.23113379109516,-11.410314575039425,-20.32871209143454,-10.802253033268931,2724732,T30,-0.6080615417704944,-1.9024216996606214
0.16371967654986516,0.0,1.0,0.0,-23.883548794562373,-7.88383870662314,-21.00616742564168,-9.647597653319798,2710479,T30,1.7637589466966572,-2.877381368920691
0.47357945549832975,0.02100202265633583,1.0,0.0,-23.23345567584441,-13.724781003142386,-21.69200246308618,-12.719114409951802,2702931,T30,-1.0056665931905844,-1.5414532127582312
0.021441567763366556,0.0,1.0,0.0,-16.418242662024067,-7.946131791337876,-18.088314514619363,-9.866752110334849,2710783,T30,1.9206203189969724,1.6700718525952958
0.746708140713881,0.007516884634552924,1.0,0.0,-24.699899061291006,-14.139844201819502,-22.813167689456517,-12.50775205859047,2711461,T30,-1.6320921432290323,-1.8867313718344896
0.0029817194061538942,0.0,1.0,0.0,-13.64454864181061,-5.664102958138417,-17.93143335971214,-9.758366891260838,2724850,T30,4.094263933122421,4.286884717901531
0.012578589379604928,0.0,1.0,0.0,-15.287915605113996,-7.8404724655645115,-18.925019138413646,-10.369526995525739,2710376,T30,2.5290545299612273,3.6371035332996495
0.13607681535019234,0.0,1.0,0.0,-19.95581444561945,-10.248755424810037,-20.548605877328388,-10.38432016703311,2711972,T30,0.1355647422230728,0.5927914317089389
0.9492937191377863,0.5034142781921532,1.0,0.0,-25.696799624784383,-15.55878001310869,-24.852842681779784,-14.843489905368875,2723861,T30,-0.7152901077398148,-0.8439569430045992
0.012217288953782887,0.0,1.0,0.0,-16.209339805132956,-11.025974926442892,-18.767588426547647,-11.519127491709101,2700745,T30,0.4931525652662092,2.558248621414691
0.17308096298474868,0.003747741691525568,1.0,0.0,-21.401594152624742,-12.920211425873596,-20.67464872085021,-11.936726081190274,2700466,T30,-0.9834853446833218,-0.7269454317745314
0.7418580546615023,0.0,0.9571050301506906,0.0,-23.317161435649147,-11.471081985458477,-22.900952458835253,-11.50854958603234,2700763,T30,0.037467600573862114,-0.4162089768138948
0.05430728714740224,0.0,1.0,0.0,-20.36965426480831,-10.702346870863096,-19.92713351860613,-10.260478006116243,2716342,T30,-0.44186886474685316,-0.44252074620218096
0.375874253507965,0.0,1.0,0.0,-22.26136903152874,-11.066945988269909,-21.51732063465529,-11.874346881469878,2709075,T30,0.8074008931999686,-0.744048396873449
0.09403055290566235,0.0032408556904460093,0.02398625249924859,0.0,-16.81569736106681,-8.490789698595602,-20.78091808946987,-11.498246066121606,2714226,T30,3.0074563675260038,3.965220728403061
0.9595337559522069,0.8407700622242995,1.0,0.0,-22.162817223580017,-13.081669190430418,-24.49392796524956,-16.156101335997512,2712942,T30,3.074432145567094,2.3311107416695442
0.6309039355194412,0.0,1.0,0.0,-22.95767253308048,-9.338575380834735,-22.51214167211267,-8.02776537083541,2724778,T30,-1.310810009999324,-0.4455308609678106
0.016838216199626995,0.0,1.0,0.0,-20.84334499811934,-10.445097035871566,-19.43954626342883,-10.716260986531259,2716450,T30,0.2711639506596928,-1.4037987346905076
0.361755407035578,0.0,1.0,0.0,-23.004156501204346,-12.14005525095546,-21.650119754690387,-11.284226580537359,2722436,T30,-0.8558286704181004,-1.3540367465139589
0.16517895618128317,0.0,1.0,0.0,-21.627895874796724,-11.219738436380306,-20.478455540887488,-11.053875182002171,2722772,T30,-0.16586325437813443,-1.1494403339092365
0.8903759345464807,0.0,0.04627474490995439,0.0,-24.173963829641927,-7.736450140966403,-23.383778919232647,-9.234105789358487,4400338,T30,1.4976556483920849,-0.7901849104092804
0.44366777484158804,0.010394112465547133,1.0,0.0,-18.62957091011973,-10.826250056296224,-21.99226955516919,-12.504600613779225,2713430,T30,1.6783505574830002,3.362698645049459
0.30354451387830456,0.0,0.0,0.0,-20.631237671869464,-13.21276334240378,-21.095479635150483,-11.789641608857721,4401168,T30,-1.4231217335460595,0.46424196328101885
0.9561652660244211,0.09660039237504028,1.0,0.0,-23.264348834196355,-12.850786472646801,-24.962977314016168,-12.504958012761959,2722713,T30,-0.34582845988484223,1.6986284798198135
0.1215417003381734,0.0,1.0,0.0,-21.882277442460435,-11.245422899540733,-20.61382875919181,-10.763357580538987,2716365,T30,-0.4820653190017463,-1.2684486832686233
0.2100487264673312,0.0,0.05044739756367663,0.0,-22.33738408434663,-12.422188691592604,-20.83712204434959,-10.306063858501876,4404249,T30,-2.116124833090728,-1.5002620399970397
0.019804788871494762,0.0,1.0,0.0,-20.482180427605524,-11.048491790831841,-19.60101487867982,-10.232545991727031,2723699,T30,-0.81594579910481,-0.8811655489257042
0.0011933386766408412,0.0,1.0,0.0,-22.21277498993806,-13.203034272371179,-18.733912847921474,-10.357322513483018,2722762,T30,-2.845711758888161,-3.478862142016588
0.06331189305082609,0.0,1.0,0.0,-17.271844374729156,-8.514581954341272,-19.740929838287435,-9.894888583015254,2714439,T30,1.3803066286739814,2.4690854635582795
0.39080536673268024,0.009705793145283591,1.0,0.0,-22.79211488477194,-13.603696117225272,-21.528426475862958,-12.614666899473766,2712326,T30,-0.9890292177515061,-1.2636884089089833
0.0,0.0,1.0,0.0,-14.416597020044847,-8.280930944893207,-16.904233339201394,-9.513189585279385,2714902,T30,1.2322586403861777,2.4876363191565467
0.898285002811471,0.10932605028516344,1.0,0.0,-24.352616291835663,-14.256135086396899,-23.788361288970197,-13.712218371282646,2723745,T30,-0.5439167151142534,-0.5642550028654654
0.6370693644198179,0.0,0.0,0.0,-25.348196663233885,-13.914112072391989,-22.557167366925515,-11.336541038233298,4400545,T30,-2.577571034158691,-2.79102929630837
0.6044400342678936,0.0,1.0,0.0,-24.716755286035216,-12.218587839367032,-22.342643432973876,-11.680738094545752,2711235,T30,-0.5378497448212798,-2.37411185306134
0.09887779657382482,0.0,1.0,0.0,-20.567423313636056,-11.90696918378866,-20.728396535719526,-11.715473842339067,2726597,T30,-0.19149534144959368,0.1609732220834701
0.05248751032762712,0.0,1.0,0.0,-20.366849595044584,-11.39484033460772,-20.128302364501142,-11.457085399939464,2712685,T30,0.06224506533174434,-0.23854723054344262
0.011144526670404687,0.0001158474705863273,1.0,0.0,-21.760937776218924,-11.406426837448961,-19.049543162655045,-10.818834867691288,2714874,T30,-0.587591969757673,-2.711394613563879
0.0041075230229817615,0.0,1.0,0.0,-16.33065053072717,-9.269049813973519,-17.794701464188144,-9.791942219476228,2709031,T30,0.5228924055027093,1.4640509334609746
0.053372081239845846,0.0004968797910489721,1.0,0.0,-21.5748902111576,-10.662372470003358,-19.699514282951057,-10.71332198778117,2700732,T30,0.05094951777781098,-1.8753759282065445
0.21129110781592023,0.00047569672847007756,1.0,0.0,-20.56368757039012,-12.185238453825336,-21.055276329452894,-12.33125487822794,2725627,T30,0.1460164244026032,0.49158875906277544
0.022023147496078144,0.0,1.0,0.0,-20.116454468701384,-10.081661031828801,-19.81241387176181,-10.821536831694937,2723992,T30,0.7398757998661356,-0.30404059693957564
0.19308539260730995,5.17405521751728e-05,1.0,0.0,-18.06440036322027,-9.832880143267202,-20.919476125336786,-12.011849728041861,2712283,T30,2.1789695847746593,2.855075762116517
0.015302780423218969,0.0,1.0,0.0,-22.78515961893299,-11.664299109231496,-19.108370417251535,-10.628299747688416,2723865,T30,-1.0359993615430803,-3.676789201681455
0.9780741950607199,0.11326769807782466,0.9955325680927968,0.0,-19.891158689766595,-11.266210508888022,-24.620600340110414,-13.84332250341573,2726303,T30,2.577111994527707,4.729441650343819
0.1925694022937099,0.0011181036961313612,1.0,0.0,-16.568477474802183,-8.587423645596362,-20.75770563498629,-10.628978884821729,2726267,T30,2.0415552392253673,4.189228160184108
0.018707081621337277,0.0,0.00870381164962964,0.0,-15.41207441109844,-6.761995957167421,-17.324307347219335,-9.080491294599627,4404285,T30,2.318495337432206,1.9122329361208958
0.00014932951049786454,0.0,1.0,0.0,-14.745615450516144,-8.528299844116992,-17.439516547500343,-10.19092776318177,2711410,T30,1.6626279190647786,2.6939010969841988
0.4037652571604375,0.002141771043492151,1.0,0.0,-24.208389103237003,-11.895253608914599,-21.572469025643436,-11.320115663184207,2713709,T30,-0.5751379457303916,-2.6359200775935676
0.6782754955680071,0.0,1.0,0.0,-24.101744037078358,-10.517303488545751,-22.715210252598204,-11.52908349603599,2724449,T30,1.0117800074902377,-1.3865337844801537
0.07781101598474992,0.0,1.0,0.0,-22.22922048120864,-11.64112842608768,-19.936065395284142,-11.177189073050105,2710468,T30,-0.46393935303757594,-2.2931550859244965
0.1590019955237188,0.0010735796298879715,1.0,0.0,-23.023026794874085,-13.733110966945285,-20.825391280030285,-11.673365834785358,2719451,T30,-2.059745132159927,-2.1976355148437996
0.055891838783399934,0.002178602704030416,0.9450693094683783,0.0,-23.728167045054853,-11.754153523365275,-20.13975790667813,-11.092294754732178,2722425,T30,-0.6618587686330972,-3.588409138376722
0.0,0.0,1.0,0.0,-15.14304121961068,-7.513477071740304,-17.646434310393694,-9.848984429442453,2717455,T30,2.3355073577021486,2.503393090783014
0.0,0.0,0.9869839813540552,0.0,-15.713601810445954,-10.37516251363835,-16.6086539596239,-11.087283065740158,2716465,T30,0.7121205521018084,0.8950521491779462
0.09890902940264422,0.0,1.0,0.0,-21.56403954887304,-11.658299639357121,-20.53015767619054,-11.585078815913324,2716653,T30,-0.07322082344379766,-1.0338818726824996
0.0,0.0,1.0,0.0,-20.04673287655134,-9.929641867826527,-17.865517364590943,-10.04129495078931,2719370,T30,0.11165308296278198,-2.1812155119603958
0.030103053343853874,0.0,1.0,0.0,-19.875456233569583,-10.80328886329239,-19.449544229963973,-10.747912938769991,2715659,T30,-0.0553759245223997,-0.4259120036056103
0.03533256500528883,0.16133310178241578,0.01553496155728517,0.0,-16.016009977482135,-10.608760601617824,-17.452124159036114,-11.784171585077141,4404391,T30,1.175410983459317,1.4361141815539789
0.06012358345015546,0.0,1.0,0.7217923516097958,-27.14980059571021,-22.401088074571874,-20.180424583253956,-11.230078152090718,2721834,T30,-11.171009922481156,-6.969376012456255
0.14078000807406973,0.0005162110111779541,0.0,0.0,-22.70423081493688,-11.70697469921637,-20.576932669987233,-10.752005732017622,4403473,T30,-0.9549689671987487,-2.1272981449496484
0.13521879688127286,0.0,1.0,0.0,-23.49613498612908,-13.412339967591475,-20.56251636023522,-11.040294312286942,2716693,T30,-2.3720456553045324,-2.933618625893857
0.31248317631224753,0.0,1.0,0.0,-20.92964512830187,-11.843772654528594,-21.215876502576414,-11.99722277821025,2726524,T30,0.15345012368165634,0.2862313742745428
0.04720520566175072,0.0010058947934010803,1.0,0.0,-22.29197317997451,-12.657660068617938,-19.878917045283682,-11.473959054712077,2725672,T30,-1.1837010139058606,-2.4130561346908266
0.0,0.0,1.0,0.0,-15.083779738619505,-7.694828790311771,-15.613897169574209,-7.607737490664065,2724574,T30,-0.08709129964770579,0.5301174309547037
0.03682731717376548,0.0,1.0,0.0,-21.02497235746955,-10.929937940643558,-19.727216334376372,-10.01527366909283,2724528,T30,-0.9146642715507287,-1.2977560230931786
0.20229756876284172,0.00039718608932104085,0.4353846976420894,0.0,-20.769665064800414,-11.634247034571917,-21.159178767247887,-11.765059065266254,4405086,T30,0.13081203069433656,0.3895137024474735
0.032535224852905165,0.011352085296452657,1.0,0.0,-16.935208062473006,-9.79120323972597,-19.139910402299815,-12.454009911525173,2716453,T30,2.6628066717992027,2.2047023398268095
0.36694479947075104,0.014443509253197833,1.0,0.0,-23.403927798369295,-13.671966196110198,-21.443128917944563,-12.76561231934903,2725595,T30,-0.9063538767611679,-1.9607988804247327
0.02431283398777716,0.0,1.0,0.0,-21.06419990876507,-11.250621132813043,-19.332988507281822,-11.182235028813857,2722754,T30,-0.06838610399918643,-1.7312114014832467
0.07246080650570087,0.0,1.0,0.0,-19.957639675583685,-10.769361694855272,-20.25460911260015,-11.539366941174723,2724915,T30,0.7700052463194513,0.2969694370164646
0.08141492378883121,0.0,0.0,0.0,-19.02692002113212,-11.070495650168663,-19.689425019347148,-11.003767464487574,4401268,T30,-0.06672818568108951,0.6625049982150273
0.7615450331440142,0.0,0.20579347877675647,0.10916167001534594,-25.70014869574669,-16.242754352473817,-23.10238241848261,-11.750898800446107,2722403,T30,-4.49185555202771,-2.597766277264082
0.4905445516829392,0.0023801967629324024,1.0,0.0,-21.305512980247453,-12.232091861457402,-21.75722835117353,-12.051388627129608,2715587,T30,-0.1807032343277939,0.4517153709260775
0.4713299985524264,0.00553294838595532,1.0,0.0,-23.226562011504303,-14.223755113434581,-21.856298829788045,-12.562378695838172,2723655,T30,-1.6613764175964096,-1.3702631817162576
0.05291024813209112,0.0,1.0,0.0,-21.122361557334507,-11.556596812548934,-20.056771676618947,-10.983580485350318,2726260,T30,-0.5730163271986157,-1.0655898807155602
0.056862322769438756,0.0,1.0,0.0,-20.934764904563732,-10.621178262668929,-19.643962642352687,-10.771807345762829,2718111,T30,0.1506290830939001,-1.290802262211045
0.4181786019916909,0.001219109906343674,1.0,0.0,-24.723237005101286,-14.095703873126727,-21.803037858703863,-11.874759753340163,2711477,T30,-2.220944119786564,-2.9201991463974224
0.6679096352749045,0.0034703320631464334,0.7876088731627653,0.0,-25.503346301612183,-16.453269016388074,-22.657442504485868,-12.746147092754683,2722468,T30,-3.707121923633391,-2.845903797126315
0.12288009043234757,0.0,1.0,0.0,-20.192173694607295,-10.674013581516512,-20.425714726682536,-11.365446319749779,2721871,T30,0.6914327382332672,0.2335410320752409
0.5715559999215825,0.0691544629379129,1.0,0.0,-24.787744483647216,-14.480365397954314,-22.340485432737143,-13.127826975805332,2710879,T30,-1.3525384221489816,-2.4472590509100733
0.6723794701510234,0.006116102004322577,1.0,0.0,-23.227189993779223,-12.810834622285542,-22.756928623832632,-12.380089000130003,2710933,T30,-0.43074562215553946,-0.4702613699465914
0.6895329375162925,0.05991097771031941,1.0,0.0,-23.452221942892546,-14.143907775153702,-22.757870229707148,-13.023512672975217,2700020,T30,-1.1203951021784846,-0.694351713185398
0.983922184711034,0.0760882887098751,1.0,0.0,-26.06017814446872,-15.822539838143108,-24.67679175875052,-13.579489454796411,2722448,T30,-2.243050383346697,-1.3833863857181967
0.05004746216985873,0.0,1.0,0.0,-17.411178072773836,-10.085956680970597,-19.75120436881024,-11.312987085800906,2700955,T30,1.227030404830309,2.3400262960364024
0.48803678636740505,0.00022932677889958434,1.0,0.0,-24.292054646094517,-13.063464468016488,-22.097600499064534,-11.820716361928616,2714362,T30,-1.2427481060878716,-2.194454147029983
0.03114861641221374,0.0,0.4912571564885498,0.0,-18.79056184284154,-5.904259686335553,-18.94476744640779,-8.592961640510538,4401459,T30,2.6887019541749844,0.15420560356625046
0.0004354671222322714,0.0,1.0,0.0,-21.140022170204382,-11.779816738922875,-19.598265551641234,-9.606733699741854,2713793,T30,-2.173083039181021,-1.5417566185631486
0.03270813696185815,0.002915958889264129,1.0,0.0,-13.795954037591713,-5.667897948892221,-19.332566344729916,-11.81189296272155,2711922,T30,6.14399501382933,5.536612307138203
0.5142975063436906,0.0,1.0,0.0,-22.84766036287707,-5.003530687255527,-22.075689118986592,-9.150367493725772,2712451,T30,4.146836806470246,-0.7719712438904764
0.021004098360655737,0.0,1.0,0.0,-19.653528568896593,-10.349175897153009,-19.241951743344593,-9.330377019628896,2711998,T30,-1.0187988775241124,-0.41157682555200026
0.015585409706686919,0.0,1.0,0.0,-20.448406837815792,-11.515642629578474,-19.359618391586775,-10.911868498689241,2701079,T30,-0.6037741308892333,-1.0887884462290174
0.04253088546537383,0.0,1.0,0.0,-20.109896706261715,-9.377875280561915,-19.883399958549138,-10.30732272568903,2708593,T30,0.9294474451271153,-0.22649674771257722
0.0822034123172447,0.0,1.0,0.0,-23.60807121956295,-13.139665743932792,-20.387579990230908,-11.447387430979227,2724881,T30,-1.6922783129535652,-3.220491229332044
0.49515930800025887,0.0,1.0,0.0,-20.134233548116544,-11.17069689973533,-21.931874461927674,-12.226429676568566,2716882,T30,1.0557327768332367,1.7976409138111293
0.8608967256332859,0.7562230160852786,1.0,0.0,-25.96979422895259,-19.754634053877755,-23.570449704970997,-15.621596599388138,2700725,T30,-4.133037454489617,-2.3993445239815934
0.10809436344164507,0.002985503257728504,1.0,0.0,-21.58055521355934,-10.83806149107579,-20.438826075301584,-10.39142229030523,2716520,T30,-0.4466392007705604,-1.1417291382577552
0.6995077491314194,0.027103691549361264,1.0,0.0,-24.68701266459992,-13.993390263590197,-22.790240533844766,-12.753380587887818,2708953,T30,-1.2400096757023782,-1.8967721307551528
0.028104202796020713,0.0,1.0,0.0,-21.273115856145697,-11.607009403013917,-19.90373260501661,-11.272366740463431,2701012,T30,-0.33464266255048614,-1.3693832511290864
0.0004981399243251264,0.0,1.0,0.0,-16.24985341352553,-9.755441444888202,-18.152432445249715,-10.55632305544864,2714062,T30,0.8008816105604382,1.902579031724187
0.08347252675506128,0.0004515851727721345,1.0,0.0,-21.092868660011092,-11.435662291059819,-20.221118290408402,-12.002198651873824,2713455,T30,0.5665363608140055,-0.8717503696026903
0.5144555711354701,0.1598843095826663,1.0,0.9681354662958055,-26.718348365749122,-19.024380141477312,-22.343184585128853,-12.390937522056129,2708585,T30,-6.633442619421183,-4.3751637806202694
0.011663508510769688,4.875369309225173e-06,1.0,0.0,-18.91081498738776,-10.618468281297101,-19.580746446649325,-10.795299905012063,2723840,T30,0.1768316237149623,0.6699314592615657
0.03899671609934671,0.0,0.9737097943841181,0.0,-25.13602193339444,-12.787009231440486,-19.33647731725958,-10.343734541856145,2717219,T30,-2.4432746895843405,-5.79954461613486
0.016839612227284584,0.028149649760150927,1.0,0.0,-19.051973973008128,-12.719951554741325,-18.470539105451127,-12.238285159105029,2714089,T30,-0.4816663956362959,-0.5814348675570002
0.009405421701529476,0.0,1.0,0.0,-23.642399008627127,-13.694849967808592,-18.746760196570825,-10.613281345277327,2711824,T30,-3.0815686225312646,-4.895638812056301
0.20051847976026244,0.007582171906959039,1.0,0.0,-23.470644454477245,-14.557429766556272,-20.853755079472258,-12.223286740894405,2716601,T30,-2.3341430256618665,-2.6168893750049875
0.04162310157515162,0.00022370167922151815,1.0,0.0,-22.71798753908722,-11.203836868963121,-19.962796755123048,-10.655203733823587,2722449,T30,-0.5486331351395339,-2.7551907839641707
0.033027277318389524,0.0,1.0,0.0,-20.173117365471782,-10.590279214033817,-19.732839291067837,-11.096750364071076,2724050,T30,0.5064711500372585,-0.4402780744039454
0.006834170854271357,0.0,1.0,0.0,-18.394039655062837,-10.12117674994928,-18.17777058794058,-10.081739541129393,2716414,T30,-0.039437208819887104,-0.21626906712225846
0.2618750067919279,0.00797644016039817,1.0,0.0,-22.26516866171512,-13.899663104680256,-21.22291430929586,-12.707749440130362,2725657,T30,-1.1919136645498938,-1.0422543524192598
0.6777993473465954,0.06212731611942585,1.0,0.0,-24.09434852093479,-14.031389817455732,-22.530528677402028,-13.01831712695815,2724783,T30,-1.013072690497582,-1.5638198435327624
0.0016752839770584633,0.0,0.9575134843935801,0.0,-16.007468501307383,-11.078801063380046,-17.408679401844488,-11.617599421590656,2715614,T30,0.5387983582106095,1.4012109005371052
0.0746954039165226,0.0,1.0,0.0,-22.898069821176637,-10.043697457997965,-20.251700940934693,-9.85725791336948,2701517,T30,-0.18643954462848455,-2.646368880241944
0.7304046040325085,0.01864219248740339,1.0,0.0,-24.146102242774624,-13.408701343328358,-22.877097508307948,-13.04049817157674,2715045,T30,-0.36820317175161854,-1.2690047344666766
0.11058973360288346,0.0,0.2101996278230119,0.0,-19.83854478807069,-10.791378992078657,-20.45120804231555,-11.146712028638397,2715503,T30,0.35533303655974,0.6126632542448611
0.39816920352612173,0.014785713594534703,0.35960829470791433,0.0,-18.920426276288765,-10.62350457937053,-21.696953947395798,-12.2414191219783,2713131,T30,1.6179145426077692,2.776527671107033
0.07699686156383309,0.0,1.0,0.0,-21.29381939255696,-11.83397378983425,-20.362526034359213,-11.132946382850134,2711400,T30,-0.7010274069841156,-0.9312933581977454
0.08760638343096663,0.0,1.0,0.0,-21.815743838695866,-11.778719747999647,-20.458704720877062,-11.423268268426636,2718477,T30,-0.35545147957301104,-1.357039117818804
0.010327476547074181,0.0,0.0,0.0,-16.638136149559546,-8.31134502268716,-19.071709309921093,-9.29108714109748,2723984,T30,0.9797421184103197,2.433573160361547
0.567173736752328,0.05054948127848773,0.9750342551942056,0.0,-21.189964566284655,-13.047325803736525,-22.307655798998073,-12.50997158945928,2722496,T30,-0.5373542142772454,1.117691232713419
0.023285113896578044,0.0,1.0,0.0,-15.474485235291883,-7.73972579517695,-18.817707308163676,-9.924541127679095,2716644,T30,2.1848153325021453,3.343222072871793
9.371641828344843e-05,0.0,1.0,0.0,-19.8680743578668,-10.4334534821708,-18.775505981109877,-9.921924492433087,2713319,T30,-0.5115289897377124,-1.0925683767569225
0.08184412073884965,0.0014695471220474972,1.0,0.06888636217364254,-16.84728041171865,-10.989791862577855,-19.417604042654773,-12.06342251636893,2714790,T30,1.073630653791076,2.570323630936123
0.47515579600262176,0.0006750344854574093,1.0,0.0,-19.165830620714043,-9.885010225494355,-21.988033745003367,-11.145548394975213,2712285,T30,1.2605381694808582,2.8222031242893237
0.664633445734982,0.020067440989134506,1.0,0.0,-21.706379020320494,-12.455069885830667,-22.63278930631193,-12.761136663653007,2700684,T4,0.3060667778223394,0.9264102859914374
0.193973694195017,0.0,1.0,0.0,-20.094128049308996,-11.07593137452341,-20.06702786200416,-10.889425998552719,2714201,T4,-0.1865053759706914,-0.027100187304835544
0.06638843405188821,0.016081334615635833,0.004020333653908958,0.0,-17.317454239765546,-10.808525005022892,-18.269195376882504,-11.939766770423677,4404237,T4,1.1312417654007856,0.951741137116958
0.0,0.0,1.0,0.0,-19.794179204288262,-8.838759382598033,-18.631133151591538,-9.354562322014083,2712768,T4,0.5158029394160497,-1.1630460526967248
0.009332494312406214,0.020436613582458005,1.0,0.0,-17.479403543481904,-12.298321039844978,-18.560763762975036,-12.33571836639203,2715413,T4,0.03739732654705108,1.0813602194931313
0.9054973962940458,0.001961432845923681,1.0,0.0,-25.426226484327273,-12.277847848258235,-23.87342952204842,-12.227782152991058,2724036,T4,-0.05006569526717719,-1.5527969622788547
0.010993258704929182,0.0,1.0,0.0,-20.30785037887411,-10.365432940728764,-19.16190490006334,-9.88731836223743,2716842,T4,-0.47811457849133454,-1.14594547881077
0.8018964591838361,0.40230632857862975,1.0,0.0,-22.185038619624024,-12.98691096467206,-23.33455858420364,-14.551006960259027,2700352,T4,1.5640959955869675,1.1495199645796177
0.003996686956864705,0.0,1.0,0.0,-19.83990209766933,-10.114386880583954,-19.291777154126365,-10.393518820024989,2701391,T4,0.27913193944103476,-0.548124943542966
0.23662888515009298,0.0,1.0,0.0,-22.884112643478986,-8.594962934393894,-21.022237997252475,-10.24076360355323,2712939,T4,1.6458006691593354,-1.8618746462265108
0.16308932654625213,0.0,0.08226740020311403,0.0,-17.668166746414503,-8.30696080405099,-20.618537841364702,-10.376202270873844,4404329,T4,2.069241466822854,2.9503710949501993
0.19032021549594352,0.0,1.0,0.0,-18.939150937319784,-11.451694138085386,-21.082095559920393,-12.293441682104955,2726622,T4,0.8417475440195687,2.1429446226006093
0.019971882995085025,0.0,1.0,0.0,-19.677310298938316,-10.410508779711988,-19.416261756591865,-11.167273124643192,2713633,T4,0.756764344931204,-0.26104854234645103
0.0,0.0,0.2806164595738822,0.0,-18.83796542339734,-8.657294799630936,-17.656828904586582,-9.450695382019783,2713631,T4,0.7934005823888466,-1.1811365188107565
0.642235438091762,0.09337655924597978,1.0,0.0,-25.25980107295192,-15.45375524808823,-22.562928096463143,-13.44397372101852,2722608,T4,-2.009781527069711,-2.696872976488777
0.5051450912188793,0.0054084435347890175,0.0,0.0,-21.883180756029347,-11.95830965841581,-21.99506657566705,-11.842775418875124,2717130,T4,-0.1155342395406862,0.11188581963770261
0.13851887846347283,0.0,1.0,0.0,-21.07338377783906,-8.395438201378592,-20.64526354415165,-9.598881060781313,2715308,T4,1.2034428594027204,-0.4281202336874088
0.09523091486349508,0.0,0.0,0.0,-24.087610825508648,-13.922278243194464,-20.61396423898539,-11.328681390470013,2717540,T4,-2.593596852724451,-3.473646586523259
0.0,0.0,1.0,0.0,-18.890161247616977,-9.463672095938286,-16.573833127060016,-7.269187684432961,2716661,T4,-2.194484411505325,-2.3163281205569604
0.664024185421565,0.0,1.0,0.0,-24.107932667564793,-12.377804258536747,-22.892891803466274,-12.045488302294306,2717086,T4,-0.33231595624244115,-1.215040864098519
0.9508118458951522,0.059011993358830055,1.0,0.0,-26.485993084172996,-23.73409571126618,-24.443911145990388,-12.72603123090284,2702902,T4,-11.008064480363338,-2.0420819381826085
0.43120993213872477,0.0,1.0,0.0,-18.594372686004405,-10.423609557570495,-21.623532763899007,-11.603317758596233,2713619,T4,1.179708201025738,3.029160077894602
0.5357940451162825,0.27786305076854806,1.0,0.0,-25.179788694433938,-17.64915289683512,-22.328757720186957,-14.23108318083054,2724543,T4,-3.418069716004579,-2.8510309742469815
0.6399312221194081,0.0,1.0,0.0,-21.114427229455174,-12.567903651524537,-22.46081474280937,-12.139143768829172,2712489,T4,-0.42875988269536514,1.3463875133541947
0.15680031451797316,0.0071609002809533435,0.9401372806765346,0.0,-21.93483574364008,-12.641650612062064,-20.26127583219349,-11.328593577268308,2725647,T4,-1.313057034793756,-1.6735599114465884
0.9553327865637314,0.18640683224276572,1.0,0.0,-20.702444582606276,-11.547260481225447,-24.125005738479018,-13.941364974768906,2713520,T4,2.394104493543459,3.4225611558727422
0.13545316321808681,0.0,1.0,0.0,-21.07665637397136,-11.204360699833908,-20.70051200268136,-10.861365619091632,2712775,T4,-0.34299508074227525,-0.37614437128999967
0.5980087328401934,0.004293459349639125,1.0,0.0,-22.785887533050733,-12.44078532684908,-22.291659795105247,-11.522491048760417,2712238,T4,-0.9182942780886627,-0.49422773794548647
0.6562657418529856,0.3622854264346882,0.9982659743480451,0.0,-21.143703228798614,-11.745988297355076,-22.561093961839806,-14.65138771161148,2718230,T4,2.9053994142564044,1.4173907330411915
0.09472201148802427,0.0010284811876414162,1.0,0.0,-22.01684419234212,-13.580638126084219,-20.062625556559304,-11.526440766757366,2722730,T4,-2.054197359326853,-1.9542186357828157
0.18767788381048034,0.0,1.0,0.0,-18.610783239354863,-9.296499628453367,-20.783302813491243,-11.246524253670232,2712258,T4,1.9500246252168658,2.1725195741363805
0.01048016254945995,0.0,1.0,0.8909304789959266,-23.61092771603471,-13.50412938637862,-19.014763501969483,-10.44163129271495,2713390,T4,-3.0624980936636703,-4.596164214065226
0.19134535721114015,0.0,1.0,0.0,-21.660473990261007,-11.851245556208381,-20.928004436896202,-11.774615515838917,2722369,T4,-0.07663004036946397,-0.7324695533648047
0.2772075864352265,0.0,1.0,0.0,-22.0852133111256,-10.586370449398006,-21.022608054671938,-9.514998600629836,2713373,T4,-1.0713718487681696,-1.0626052564536614
0.7765344755671063,0.008181730676677256,1.0,0.0,-18.83193440939779,-9.66482672319546,-22.887435408974298,-12.689447070367615,2718954,T4,3.0246203471721547,4.055500999576509
0.6446746994256705,0.028424279690027948,1.0,0.0,-23.948727094015304,-13.729919324842827,-22.589901649173143,-12.815062425305507,2726293,T4,-0.9148568995373196,-1.3588254448421608
0.4750957233190733,0.014770700557502587,1.0,0.09409945247508698,-21.886126022570334,-12.682655762063396,-21.966202451874754,-12.668299737868113,2713703,T4,-0.014356024195283368,0.0800764293044196
0.030817677427647232,0.0,1.0,0.0,-20.6258474665321,-11.81210313587554,-19.571696264417735,-10.95674775682985,2718713,T4,-0.8553553790456903,-1.0541512021143653
0.0004814767710169152,0.0,1.0,0.0,-20.548536020903338,-10.481132470084562,-19.029970678842073,-10.080545064995952,2717128,T4,-0.40058740508860957,-1.5185653420612653
0.8583819939854092,0.26688603293191115,1.0,0.0,-22.776733596583956,-13.44837905885888,-23.97357043667108,-13.601828710265693,2722291,T4,0.1534496514068131,1.1968368400871228
0.8766419288526532,0.17623079335214806,1.0,0.0,-23.464779737794522,-14.981387830621703,-23.67588245059293,-14.10702295242058,2715664,T4,-0.8743648782011224,0.2111027127984073
0.9873013000331795,0.11281030374325096,0.12050191536210898,0.0,-23.2281130803462,-12.154881032452394,-25.32956354335661,-13.215587409440245,2700487,T4,1.0607063769878504,2.1014504630104085
0.995190363183619,0.620662433666483,0.2813028414379205,0.0,-24.35814878013159,-15.370410225855723,-26.628807271598852,-15.301835802809693,2715304,T4,-0.06857442304603012,2.2706584914672625
0.01831784175923826,0.0,1.0,0.0,-20.18218579526988,-10.981862131068521,-19.626107489542964,-9.699117298631894,2726564,T4,-1.2827448324366273,-0.556078305726917
0.14154095492986818,5.413626436091294e-05,0.9763762876395067,0.41672235370943383,-16.65432199501217,-8.132167087564554,-20.335403398888197,-11.417747413110307,2716281,T4,3.2855803255457534,3.681081403876025
0.5786241967521175,0.01473662810344212,0.982947380567102,0.0,-24.091963179723066,-14.58216233135881,-22.258746356355463,-12.265464408563812,2717066,T4,-2.3166979227949973,-1.8332168233676036
0.9205988096930794,0.012085880847433528,1.0,0.0,-24.22334869179529,-12.39844574472994,-23.75385089776818,-12.64687894760673,2711469,T4,0.2484332028767895,-0.46949779402710945
0.07422114486752623,0.0,1.0,0.9633185878269398,-27.07686652557296,-20.057994445148044,-19.55564314958703,-6.972791905398502,2726654,T4,-13.085202539749542,-7.5212233759859295
0.9826848463529505,0.8934262268400636,1.0,0.0,-23.649186343871058,-15.28990744561062,-26.161276190458835,-17.200963177204102,2716471,T4,1.911055731593482,2.5120898465877772
0.25915448400893104,0.0,1.0,0.0,-22.67972959506348,-12.925599817069806,-21.145181473298774,-12.46878031504338,2711095,T4,-0.4568195020264252,-1.5345481217647077
0.028666795269744964,1.1691188935458796e-05,1.0,0.0,-20.09221601866895,-11.142679409353258,-20.112774015398877,-11.222505663387325,2711277,T4,0.07982625403406729,0.020557996729927197
0.0317108238301219,0.0,1.0,0.0,-20.51072051380071,-11.851175934179784,-19.60565874035654,-10.819904644549155,2723025,T4,-1.031271289630629,-0.9050617734441708
0.0,0.0,1.0,0.0,-14.7828791161322,-7.468541747936419,-16.544458684705152,-10.034530007974599,2724011,T4,2.5659882600381803,1.7615795685729516
0.03538796825527366,0.0,0.1949175541757474,0.0,-20.897815719986898,-11.991557830832031,-19.719144622072033,-11.706976405485308,2714868,T4,-0.2845814253467225,-1.1786710979148651
0.4572524882509122,0.05883417813178856,1.0,0.0,-24.199540525429942,-15.605909224159944,-21.813589192597505,-12.638017227714673,2711153,T4,-2.967891996445271,-2.3859513328324375
0.8166652993135888,0.004143079826072689,1.0,0.0,-21.01385003204847,-11.908277305079261,-23.115388124273387,-11.742458500955276,2709138,T4,-0.16581880412398498,2.101538092224917
0.000522505038441442,0.0,1.0,0.0,-20.667413955468408,-12.324188101866355,-19.329512305358833,-10.612872396737393,2716878,T4,-1.7113157051289623,-1.3379016501095755
0.06711047473827099,0.007903006861669486,1.0,0.0,-21.6023829129964,-12.316137852525177,-19.851830392189417,-12.382226280327467,2709052,T4,0.06608842780229018,-1.750552520806984
0.7831501561309043,0.04702367780482409,1.0,0.0,-25.133228350154944,-15.53209240449995,-22.846679538779902,-13.127690583104307,2726523,T4,-2.404401821395643,-2.2865488113750416
0.990463708818139,0.1241316114733836,1.0,0.0,-25.05843055489686,-13.860023148430825,-24.652945617393502,-13.445536255378567,2724537,T4,-0.41448689305225805,-0.40548493750335624
0.014197999975874263,0.0,0.6509065248072959,0.0,-19.897574435869505,-11.096502901679743,-19.463618579338668,-10.441339551317162,2713818,T4,-0.6551633503625816,-0.43395585653083657
4.2215319235762006e-05,0.0,1.0,0.0,-18.144127817827204,-11.186294953383008,-17.85772336526788,-11.272553879737979,2725689,T4,0.08625892635497046,-0.28640445255932434
0.9159118156387371,0.28290262421739715,1.0,0.0,-23.512395062020232,-14.579488414873161,-24.77370757816407,-14.139901497248193,2721836,T4,-0.43958691762496827,1.261312516143839
0.0,0.0,0.9990265777831483,0.0,-16.016580777304007,-11.57053577161353,-17.402261064598296,-11.789858459178095,2723872,T4,0.2193226875645653,1.3856802872942886
0.9002850381370474,0.3466028556598546,1.0,0.0,-24.93820230693097,-15.075155999227054,-25.233353509017835,-14.252323197022571,2725445,T4,-0.8228328022044824,0.2951512020868634
0.0659370621426137,0.0,1.0,0.0,-22.46173828331096,-12.342662776953468,-19.958261845725122,-11.491709189031516,2716270,T4,-0.8509535879219516,-2.5034764375858387
0.4259264030671402,0.006549622018272982,1.0,0.0,-25.15977737188238,-14.467640794005133,-21.693095554180633,-12.109162453783263,2712544,T4,-2.35847834022187,-3.4666818177017475
0.010060801753697352,0.0,1.0,0.0,-23.190473296834643,-10.671932336789379,-19.682439679397895,-9.308698113936451,2725566,T4,-1.3632342228529275,-3.508033617436748
0.77340000700599,0.07129470697446318,1.0,0.0,-20.919507237364424,-10.805752260294028,-23.10196086984327,-12.852332523378195,2701350,T4,2.0465802630841665,2.182453632478847
0.610433097859503,0.005639871012832366,1.0,0.0,-19.512125273247882,-10.831341768542284,-22.314639457479203,-12.353688033095125,2713095,T4,1.5223462645528407,2.8025141842313204
0.3757120713673733,0.0016677676112989623,1.0,0.0,-21.51416462503977,-11.974951845560089,-21.529259419357558,-12.416248399976404,2716410,T4,0.441296554416315,0.015094794317789706
0.019864833928873584,0.00017915974081557495,1.0,0.0,-17.404414960861292,-8.76329383342496,-19.07314638739728,-10.695710475625827,2700113,T4,1.9324166422008666,1.668731426535988
0.3716040947726799,0.0,1.0,0.0,-21.992020359739374,-11.748814326246382,-21.73759861507142,-11.683417975445849,2714429,T4,-0.0653963508005333,-0.25442174466795464
0.8600108681021201,0.02458783470514041,1.0,0.0,-25.188578560318692,-16.53037982476608,-23.682576709412462,-12.567727830538354,2716322,T4,-3.962651994227725,-1.5060018509062303
0.06367182506150473,0.0,1.0,0.21508417340438468,-20.197143669059756,-7.787787766273221,-19.648268343994395,-9.667641255977797,2722561,T4,1.8798534897045762,-0.5488753250653602
0.023405098041001025,0.0,1.0,0.0,-15.983742947016903,-6.807865888162233,-19.6329478435952,-10.544177147951997,2709660,T4,3.7363112597897636,3.649204896578297
0.032879587712840115,0.0004072745500399443,1.0,0.0,-21.568360323725727,-11.900822136965697,-19.977581786529637,-11.502323808364276,2710812,T4,-0.39849832860142165,-1.5907785371960905
0.11878596203283086,0.0029450640195926425,1.0,0.18659867377890774,-22.82570772471492,-13.538839715867855,-19.23471661146743,-9.903280374051898,2725643,T4,-3.6355593418159575,-3.5909911132474903
0.03531934856913075,0.0009494448540088914,1.0,0.0,-21.504247017778855,-12.02115121854894,-19.78324609718967,-11.217285036127768,2715719,T4,-0.8038661824211726,-1.7210009205891836
0.9922865484439933,0.022205695391526763,1.0,0.0,-26.29514010872429,-13.401800169447432,-25.360394400229467,-12.243313883162825,2722717,T4,-1.1584862862846066,-0.9347457084948232
0.9536906082736925,0.03371170094734145,1.0,0.0,-24.28616838206591,-14.865196247474254,-24.199344840551866,-12.605556332337322,2713170,T4,-2.2596399151369315,-0.08682354151404326
0.3572919275398617,0.0025780409834858077,1.0,0.0,-21.186135601479414,-11.689110673943379,-21.5636289958716,-12.302172539778013,2700440,T4,0.6130618658346343,0.3774933943921859
0.0055486952406338585,0.0,1.0,0.0,-19.64966800636865,-10.43344389594652,-18.58366255580415,-10.888261854579802,2724018,T4,0.4548179586332832,-1.0660054505645
0.03597516191493623,0.0,1.0,0.0,-20.437081737394237,-10.471627989193104,-20.068607854314738,-11.17195593237713,2723056,T4,0.7003279431840266,-0.36847388307949913
0.7072885459843233,0.0042885870234333325,1.0,0.0,-23.477859225373393,-12.917150661661152,-22.755438102760095,-12.14755972722497,2715462,T4,-0.7695909344361826,-0.7224211226132979
0.7316734897899555,0.003590499959518871,1.0,0.0,-20.317945668165247,-11.90762005899017,-22.781684990083747,-12.590185749228135,2722588,T4,0.6825656902379649,2.4637393219184993
0.8462872718262164,0.13256793590484853,1.0,0.0,-22.48870548113925,-11.508023038318033,-24.612793312353354,-13.320302740069872,2716292,T4,1.812279701751839,2.124087831214105
0.04560551865099646,0.00042467096631634225,1.0,0.0,-19.167594217541087,-10.81925151912839,-19.759003762856292,-11.197426176261345,2722847,T4,0.3781746571329556,0.5914095453152051
0.03231450622697771,0.0,1.0,0.0,-20.89793330222744,-10.611267090856003,-19.449194599990825,-10.663402816962892,2725558,T4,0.052135726106888214,-1.4487387022366143
0.4857163788507171,0.0,1.0,0.29638870008669077,-23.778430976898,-15.132453760710677,-21.986006325567338,-12.481974908029734,2711503,T4,-2.6504788526809424,-1.7924246513306628
0.8326526448353859,0.006863169299717522,0.29490873145695473,0.0,-22.90866456988297,-12.646669420734714,-23.25652559769901,-11.891924674028648,2716678,T4,-0.7547447467060664,0.347861027816041
0.0036112586298459905,0.0,1.0,0.0,-19.79336104765591,-10.198988978414379,-19.345249181190376,-9.9971321908228,2715447,T4,-0.20185678759157888,-0.4481118664655348
0.7071615476462672,0.01079694129004395,0.396201170303754,0.0,-24.291028669865142,-14.161583636153411,-22.73616105500954,-12.762517042826214,2724527,T4,-1.3990665933271966,-1.5548676148556027
0.558557717941882,0.004012263396427619,1.0,0.0,-21.738761852456904,-12.575453672533847,-22.158098732834777,-12.22742007558571,2726305,T4,-0.3480335969481363,0.4193368803778732
0.7684919586166886,0.0,1.0,0.0,-21.766318518035852,-7.220106460734255,-22.895490544988586,-8.713522750296292,2722909,T4,1.4934162895620373,1.1291720269527339
0.16923007936863818,0.0,0.9989750619767213,0.0,-21.879416463182576,-11.350390347026007,-20.966157746563532,-11.124711357775734,2726070,T4,-0.22567898925027308,-0.913258716619044
0.004011173984671584,0.0352768426330492,0.0,0.0,-17.42445842722831,-11.065079941590387,-18.736601772355005,-11.036890554329823,2723968,T4,-0.028189387260564303,1.312143345126696
0.5571291648800668,0.0,1.0,0.0,-23.41098450052891,-11.511717089788908,-22.269249544079237,-11.636365815486275,2715514,T4,0.12464872569736762,-1.1417349564496746
0.047714504430864245,0.0,1.0,0.0,-21.664964965235747,-10.834790334046406,-20.15494499667334,-10.897555955734628,2724842,T4,0.06276562168822153,-1.510019968562407
0.09856033284404744,0.0,1.0,0.0,-18.731324185538398,-9.577068447758288,-20.34637543217265,-10.986707812044097,2711517,T4,1.409639364285809,1.615051246634252
0.8077994428969361,0.0,1.0,0.0,-19.087182262595938,-11.681171701556403,-22.84053622567229,-12.877296361747076,2710519,T4,1.196124660190673,3.7533539630763535
0.0,0.0,1.0,0.0,-19.220996774546563,-10.459516754245978,-17.827658559841975,-9.576654453047487,2724030,T4,-0.8828623011984913,-1.3933382147045883
0.9708139227210404,0.2848448888283073,1.0,0.0,-25.32166805527168,-15.432768104854288,-24.56171021971351,-14.521474184183953,2712424,T4,-0.9112939206703352,-0.7599578355581684
0.21868152176782732,0.0,1.0,0.0,-22.376780865098794,-7.575033131250003,-21.012138938243886,-9.81311127818098,2700367,T4,2.2380781469309765,-1.3646419268549081
0.06480483628096491,0.0,0.09898801263692462,0.0,-18.62976448601341,-8.166032841080524,-19.86636500590422,-9.25653936139223,4404224,T4,1.0905065203117061,1.2366005198908105
0.10155623125976602,0.04442227290003801,1.0,0.0,-17.424630813083944,-10.424734551715142,-20.01083495379968,-12.853277322541521,2716325,T4,2.428542770826379,2.5862041407157363
0.8124269144464461,0.5209274885960198,1.0,0.013979752009523509,-23.037737326634048,-14.577105026733046,-23.931253757158125,-15.037605546482801,2712317,T4,0.4605005197497558,0.8935164305240768
0.03649529744388667,0.0,1.0,0.0,-21.61216085584367,-10.998962265102225,-19.658166527790286,-10.647103577344053,2725700,T4,-0.3518586877581722,-1.9539943280533834
0.5513176915378628,0.0,1.0,0.0,-23.961517638507768,-12.770640592398511,-22.23400919602445,-12.203970441876418,2726546,T4,-0.5666701505220928,-1.7275084424833196
0.08311460498960499,0.0,1.0,0.9152871621621628,-27.355324566504866,-19.380818370922412,-20.581827088750302,-10.82274306512304,2711437,T4,-8.558075305799372,-6.773497477754564
0.3844668230100698,0.033734702323473156,1.0,0.0,-22.654640795639935,-12.945298294287774,-21.579478383149873,-12.730213128504655,2725680,T4,-0.21508516578311898,-1.0751624124900623
0.18382695507487531,0.0,0.7002462562396009,0.0,-22.636497866595043,-12.166618520396591,-20.944718802488726,-11.708753456447747,2711392,T4,-0.4578650639488444,-1.691779064106317
0.00765061652149839,0.0,1.0,0.0,-20.517176658511694,-10.03492464877579,-19.161849723928043,-10.490201225001313,2701659,T4,0.455276576225522,-1.3553269345836512
0.9155909149236494,0.0054536122160913645,1.0,0.0,-18.982399613679625,-7.8855731232592134,-23.97576031638058,-11.876136747601839,2724765,T4,3.9905636243426255,4.993360702700954
0.11227498233801296,0.00236414083806622,1.0,0.0,-20.980181625283283,-11.788638924645568,-19.48154291308289,-10.7694528104023,2717199,T4,-1.0191861142432685,-1.4986387122003926
0.08505223583848465,0.0,0.9554928966489533,0.0,-20.030289925974188,-11.665259884536324,-20.327194073154928,-11.464528668098069,2701063,T4,-0.2007312164382551,0.2969041471807401
0.0,0.0,1.0,0.0,-19.345514329049916,-9.546355800011845,-18.077724959011693,-9.712942907536851,2726531,T4,0.1665871075250056,-1.2677893700382228
0.0,0.0,0.0,0.0,-19.775958036685758,-10.699016019878393,-17.984976010228372,-9.431881791214643,4404660,T4,-1.2671342286637497,-1.7909820264573852
0.11235874365853304,0.018548631166419624,1.0,0.0,-20.167874954525725,-11.677743154560599,-20.096402118456925,-11.821635248098657,2717224,T4,0.14389209353805832,-0.07147283606879995
0.5714206332447961,0.0,0.0,0.0,-18.699792635846403,-9.11921213710099,-22.2353637654241,-10.237627432142311,4402003,T4,1.1184152950413218,3.535571129577697
0.2578251349804683,0.0,1.0,0.0,-21.276980977724353,-11.241815512491682,-21.310830350269555,-11.719734009539355,2712194,T4,0.4779184970476731,0.03384937254520182
0.0,0.0,1.0,0.04121765003511581,-15.012442450300377,-8.304449519579222,-16.441030544819675,-9.685334986119377,2710686,T4,1.380885466540155,1.4285880945192986
0.9528657850135465,0.766617594299358,0.7488154590328208,0.0,-25.285225280532554,-16.927294617469315,-23.91150025386497,-15.63034183214168,2718972,T4,-1.296952785327635,-1.3737250266675858
0.977376941793,0.04499656871919646,1.0,0.0,-24.26303137734598,-13.33234309471097,-25.0040130184402,-12.792298442538389,2712043,T4,-0.5400446521725808,0.7409816410942227
0.6293616201928971,0.07412347494267361,1.0,0.0,-22.968839154654084,-14.285396941248345,-22.503929421192037,-13.289034217752334,2725667,T4,-0.9963627234960111,-0.4649097334620471
0.023521895690556384,0.0,0.8552483834746583,0.0,-20.745709842605052,-10.306967996054182,-19.349888573213292,-9.855598384389264,2722668,T4,-0.4513696116649175,-1.3958212693917602
0.21319117594222686,0.0,0.8415010958215067,0.0,-18.896259532697922,-10.807219634257029,-21.184659300315264,-12.335163611041905,2709233,T4,1.5279439767848757,2.288399767617342
0.49985475806401775,0.0,0.0,0.0,-24.01606222314903,-14.360003764966416,-21.91246763183425,-10.99491955590868,4401879,T4,-3.365084209057736,-2.1035945913147813
0.6426667359336596,0.19161523051297621,1.0,0.0,-25.651601963355,-17.508265876116194,-22.61547465189903,-13.932588658095332,2725603,T4,-3.5756772180208625,-3.0361273114559673
0.7916345955281882,0.0,1.0,0.0,-24.313567280763564,-3.8483530099995953,-22.836466847729543,-6.422162111390508,2726652,T4,2.5738091013909123,-1.4771004330340212
0.24187087921936973,0.0007919720756512585,1.0,0.0,-25.46614472328346,-14.616408921344547,-20.883198193980856,-11.005150524734292,2716512,T4,-3.611258396610255,-4.582946529302603
0.9189323155468536,0.1959156360752435,1.0,0.0,-24.5097675901426,-13.882680079610466,-24.77443202887318,-13.929032691837019,2714210,T4,0.046352612226552736,0.264664438730577
0.5123048615703071,0.015251703418336537,1.0,0.0,-24.92800827174551,-13.934495199794467,-22.078711257992193,-12.718540624897901,2710947,T4,-1.2159545748965659,-2.8492970137533185
0.23425083136875302,0.0,1.0,0.0,-20.37904975546042,-10.411373464043361,-20.913038477631186,-11.141133008919638,2709966,T4,0.729759544876277,0.5339887221707649
0.0964219304671212,0.0,1.0,0.0,-19.17211793225724,-9.973904428780248,-20.401800102134676,-11.285892548535184,2723713,T4,1.3119881197549361,1.2296821698774352
0.27186528056570086,0.004821312090149086,1.0,0.0,-22.09891796662895,-11.988058039072856,-21.15580092987456,-12.313805701348493,2725395,T4,0.3257476622756368,-0.9431170367543906
0.5270048597074347,0.13805623990120855,0.8023739455786497,0.0,-19.359571318944223,-12.13875369841793,-22.148168575286324,-13.681755264549842,2722405,T4,1.5430015661319132,2.7885972563421006
0.013029724678549497,0.00939751556896905,0.023873519874787856,0.0,-18.098673362048178,-12.121136912584895,-18.675704930248877,-12.530383082913353,2711404,T4,0.40924617032845845,0.5770315682006988
0.6152662526790128,0.0,1.0,0.0,-23.146893219439004,-10.979727483845913,-22.31929497958955,-11.182345755341078,2722718,T4,0.2026182714951652,-0.8275982398494541
0.04535501903442785,0.0,1.0,0.0,-20.524686485473243,-10.173837585714692,-19.99153365507218,-9.997303281536581,2700954,T4,-0.17653430417811045,-0.5331528304010646
0.19601865683016792,0.0,1.0,0.0,-18.490755552800355,-8.954149598147238,-21.12052802251671,-11.37866338264112,2722747,T4,2.4245137844938824,2.629772469716354
0.11896631405977201,0.0,1.0,0.0,-20.64120495573497,-10.97838525269097,-20.596261641341876,-11.333978389192097,2714345,T4,0.35559313650112756,-0.044943314393094624
0.5376349029388441,0.005861597342742539,1.0,0.0,-21.963865370809547,-12.477603023533385,-21.957033315972065,-12.95331554934175,2726553,T4,0.4757125258083654,-0.006832054837481394
0.06821121478601118,0.0,1.0,0.0,-22.46771729985683,-11.392727543148931,-20.50872313514058,-11.156882740380379,2723773,T4,-0.23584480276855224,-1.9589941647162483
0.9747156134495998,0.0292819463882011,1.0,0.0,-25.53434741872535,-14.176133891212086,-24.58161907659744,-12.339952869804812,2713562,T4,-1.836181021407274,-0.9527283421279087
0.04810006384964229,0.0896623609087387,0.945700517891543,0.0,-19.432839154771273,-13.937152529147934,-19.71719161382397,-13.55396566879616,2711340,T4,-0.3831868603517741,0.28435245905269824
0.13118925996274916,0.0,1.0,0.0,-24.4624501331668,-11.871872894496379,-20.767372276057287,-10.269051361507557,2716327,T4,-1.6028215329888216,-3.6950778571095135
0.662524728693606,0.5613555295817587,1.0,0.0,-26.537107708558835,-20.703470797994967,-22.54266208553074,-14.99873089058489,2714421,T4,-5.704739907410078,-3.9944456230280956
0.0,0.0,1.0,0.0,-15.518896066728788,-8.282282209676918,-15.872211875942728,-8.599522020646564,2725673,T4,0.31723981096964593,0.35331580921394057
0.058733900643974254,0.7422665593376266,0.0,0.0,-20.662761010118345,-13.159187410861083,-20.28549257150886,-15.636937919382627,2713824,T4,2.4777505085215434,-0.3772684386094838
0.0660654809949252,0.00840546633638565,0.6851011717554066,0.0,-22.738184282085562,-12.170063963448769,-20.11977787824812,-11.976055775132298,2724570,T4,-0.19400818831647015,-2.6184064038374437
0.057978446500858566,0.0,1.0,0.0,-15.68793688017046,-7.157456331941628,-19.37639703700898,-11.570683639859634,2709281,T4,4.413227307918007,3.688460156838522
0.6791286620479039,0.11042389194369764,1.0,0.0,-25.43238920391618,-15.813579630651555,-22.691868019047668,-13.677418826322038,2722432,T4,-2.136160804329517,-2.7405211848685127
0.21031572366364498,0.0,1.0,0.0,-23.32727001372896,-11.757155820385748,-21.133570517408966,-11.684031320087845,2701556,T4,-0.07312450029790263,-2.1936994963199936
0.003990886915927553,0.009122027236405835,1.0,0.0,-19.02425212976169,-13.380426112238604,-17.576346561170748,-11.435599027309886,2715310,T4,-1.9448270849287184,-1.44790556859094
0.0012442065085384291,0.0,1.0,0.0,-19.669983236956636,-10.275650400322144,-19.023396802231915,-9.944077618314255,2717109,T4,-0.3315727820078891,-0.6465864347247212
0.7200854329819929,0.40342194979365265,1.0,0.0,-20.143450966722057,-12.802187424181971,-23.191275673025256,-14.572735378522458,2712274,T4,1.7705479543404863,3.0478247063031993
0.19118309838612046,0.0,0.15897551833025822,0.0,-22.987523167495155,-11.21266567748576,-20.44425616881462,-10.274203999015269,2701135,T4,-0.9384616784704907,-2.5432669986805365
0.1406078116923567,0.0,0.846888709228506,0.0,-21.822291338394297,-10.324472251827482,-19.89854456340441,-9.747520896840262,2701492,T4,-0.5769513549872194,-1.9237467749898869
0.5144046910852385,0.0,0.0,0.0,-21.790101444279806,-11.022281826323223,-22.062302377751664,-10.812402213394348,4404589,T4,-0.2098796129288747,0.2722009334718578
0.14926832938344056,0.005046602947517065,0.9934862940167081,0.0,-23.09325761453464,-12.00702735292252,-20.860554739923614,-11.92273372208214,2722815,T4,-0.08429363084037966,-2.232702874611025
0.8388861263053209,0.009417898527794103,1.0,0.0,-23.069254391059502,-14.21721027583674,-23.610886639115794,-12.669258417637947,2709572,T4,-1.5479518581987932,0.5416322480562918
0.26266738607936424,0.0,0.39503114729974975,0.0,-19.117431179790145,-9.61504563673519,-20.044264227259085,-10.726802245509514,2700272,T4,1.111756608774325,0.9268330474689392
0.00839406665973093,0.0,1.0,0.0,-20.21168515768575,-10.93021736602936,-19.296664359578486,-10.31598614388854,2712591,T4,-0.6142312221408197,-0.915020798107264
0.7089811945959331,0.007248466045911007,1.0,0.0,-24.29306357506286,-12.303758564468508,-22.705088597286498,-12.26520000159655,2700241,T4,-0.038558562871957136,-1.587974977776362
0.7835112636378911,0.05252350486258335,1.0,0.0,-22.98792255946302,-12.796128262804798,-22.99761896554361,-13.291448144047871,2725399,T4,0.49531988124307347,0.009696406080589526
0.25488732385748303,0.0,1.0,0.0,-18.415052744385584,-8.446433279257066,-20.986753311139985,-11.909992739436658,2726534,T4,3.4635594601795923,2.5717005667544015
0.04336163254334479,0.0,1.0,0.0,-15.639741361527024,-7.877681405618136,-19.210926879444862,-10.877203354641981,2715704,T4,2.999521949023845,3.5711855179178382
0.48541845421153595,0.0,1.0,0.0,-26.274749647978158,-14.432508606116665,-21.981363466320364,-11.462007062484862,2718157,T4,-2.970501543631803,-4.2933861816577945
0.38777474519731536,0.16226283243015174,1.0,0.0,-21.740696871559123,-12.770985034134068,-21.637723054931982,-13.709629127997166,2710521,T4,0.9386440938630987,-0.10297381662714145
0.23909703466018245,0.001962187492786075,1.0,0.0,-21.823565896609743,-11.866061297411271,-20.854009895189243,-12.056497309409243,2725580,T4,0.19043601199797244,-0.9695560014205
0.9220905127958309,0.00018564611724583663,1.0,0.0,-21.534029454007737,-12.36127946165707,-24.09770696133449,-12.132237949292797,2709137,T4,-0.2290415123642724,2.563677507326755
0.3792985610174653,0.0,0.8843019411777816,0.0,-24.569166258935617,-14.29553195746329,-21.65965875397202,-11.031503371883012,2723621,T4,-3.2640285855802773,-2.909507504963596
0.5032583870029012,0.15683467617482708,1.0,0.0,-24.136132794679593,-13.414231025802227,-22.010526453403212,-12.938911795459228,2724025,T4,-0.4753192303429987,-2.125606341276381
0.08800410306726576,0.0,1.0,0.0,-21.686387977725172,-12.797677262847328,-20.20862525621402,-11.371956573161587,2714598,T4,-1.4257206896857415,-1.4777627215111515
0.03602161656670653,0.0,1.0,0.0,-21.32917233643541,-10.928783274274092,-19.888462340022595,-10.68609723250067,2724874,T4,-0.2426860417734229,-1.4407099964128136
0.1792665282023756,0.02476021563090709,1.0,0.0,-21.15999514732984,-12.438655983181057,-20.432770151892537,-12.281253138830738,2721848,T4,-0.15740284435031882,-0.7272249954373038
0.0,0.0,1.0,0.0,-20.742223733962675,-10.698687908853426,-19.013612928363745,-10.411155903212007,2726607,T4,-0.28753200564141856,-1.7286108055989295
0.0019882434301521433,0.0,0.27823058684054536,0.0,-18.609398602567808,-11.149285418937069,-18.191887931225658,-10.948095135465051,4404516,T4,-0.20119028347201784,-0.4175106713421499
0.7047175832057881,0.008641089793912836,1.0,0.0,-24.443925170693923,-13.977513086316351,-22.63979237694346,-12.733207448778519,2726606,T4,-1.244305637537833,-1.8041327937504619
0.12692162389933448,0.0,1.0,0.0,-23.198569152139466,-12.133250570562419,-20.383850652140886,-11.375618108187373,2722814,T4,-0.7576324623750459,-2.8147184999985804
0.9929837550254391,0.2938988799834709,0.11390421749498532,0.0,-24.774331713477913,-12.757652313583566,-25.36966321233784,-14.158460075090513,2722256,T4,1.4008077615069467,0.5953314988599274
0.2520694117957793,0.0,1.0,0.0,-25.403598869541433,-14.971525608173257,-21.0387406458241,-10.840621635464013,2716309,T4,-4.130903972709245,-4.364858223717334
0.13093814679519422,0.0,0.20551492112706252,0.0,-21.34152107053316,-9.861297581881034,-20.53065796912919,-10.93372701265642,4402736,T4,1.0724294307753848,-0.8108631014039709
0.002744872201979538,0.002744872201979538,1.0,0.0,-17.283154504194318,-11.811090737912872,-17.991747109222548,-12.046480410424335,2718455,T4,0.23538967251146303,0.7085926050282296
0.9843764842339976,0.16363945425184606,0.7051130142636451,0.0,-26.418751952398285,-14.623405808430796,-25.32950662741416,-13.499705383657554,2717097,T4,-1.1237004247732418,-1.0892453249841267
0.012511393619573038,0.0,0.0,0.0,-21.591640077207884,-12.965643745487807,-19.316688951419668,-11.077399990555936,2709236,T4,-1.888243754931871,-2.274951125788217
0.7442371295476264,0.13102368193258176,1.0,0.0,-23.79972730220747,-14.284036547900168,-22.852931306510403,-13.731661153840092,2717054,T4,-0.5523753940600766,-0.946795995697066
0.06356565292562348,0.002761435460556418,1.0,0.0,-21.780739059239842,-9.925967739340319,-20.26238309581136,-10.955189299325895,2722603,T4,1.0292215599855759,-1.5183559634284833
0.7900902763420853,0.004881354374842074,1.0,0.0,-24.271243890940468,-14.997498180833063,-23.041419331513055,-12.36199269294638,2724888,T4,-2.6355054878866824,-1.2298245594274135
0.006582086209750447,0.0,1.0,0.0,-20.224225107224992,-9.906492382545224,-18.98739591308588,-10.13012581662384,2714523,T4,0.22363343407861613,-1.236829194139112
0.0,0.0,0.0,0.0,-17.356329111201028,-10.397153227477395,-18.232739820904186,-10.488643949370452,4400808,T4,0.09149072189305762,0.8764107097031584
0.029489335969062367,0.0,0.930024443168363,0.0,-21.910809303590316,-12.175426853366567,-19.791670603145363,-11.392402985978956,2700385,T4,-0.7830238673876107,-2.119138700444953
0.03196587498025172,0.001030671892749938,0.1804202432987519,0.0,-14.704695333476794,-8.55176168461186,-18.72248696423653,-11.030765800597653,2714232,T4,2.479004115985793,4.017791630759737
0.1633539443826763,0.0,1.0,0.0,-23.940419136654135,-14.272882159068223,-20.79496736100161,-11.780831236054118,2713900,T4,-2.492050923014105,-3.145451775652525
0.0025670930365224447,0.0010426834679208448,1.0,0.0,-19.38954260333915,-10.21784623832466,-18.81803579922436,-10.645174468816336,2715520,T4,0.42732823049167656,-0.5715068041147902
0.0075358073985539115,0.0,1.0,0.0,-19.493714324771805,-10.284599764254539,-19.327682121308946,-10.498392334722045,2722751,T4,0.21379257046750588,-0.16603220346285852
0.04125102144652244,0.0,0.13796851632001722,0.0,-17.806028004090496,-9.381656644818081,-19.60447570639251,-11.324863816668584,2701483,T4,1.9432071718505028,1.7984477023020133
0.5801621645736205,0.0,1.0,0.0,-21.103843493466705,-11.580260095723352,-22.275170049766185,-11.39727572536447,2717279,T4,-0.1829843703588825,1.17132655629948
0.020201736656935396,0.0,1.0,0.0,-21.305903010855847,-11.201733114255711,-19.823134474097724,-10.665088040935046,2719462,T4,-0.5366450733206651,-1.4827685367581225
0.8341548228613358,0.0924454865929719,1.0,0.0,-21.972415894949325,-13.286678843813508,-23.73118112794455,-13.509164919323215,2714101,T4,0.2224860755097069,1.7587652329952235
0.27074518872800224,0.003950630261302219,1.0,0.0,-23.370715016280588,-13.706986603173242,-21.253024907845514,-12.310035599598613,2716435,T4,-1.3969510035746282,-2.117690108435074
0.1509773330285896,0.0,1.0,0.0,-23.306978977337476,-13.386360712730713,-20.8593063932596,-11.514764059933942,2714130,T4,-1.8715966527967716,-2.447672584077875
0.1406397222910985,0.0,1.0,0.0,-23.32133503350057,-12.877919016766473,-20.666494345962047,-12.00611101751306,2723774,T4,-0.8718079992534129,-2.654840687538524
0.7368679430535102,0.013006139662987972,1.0,0.0,-23.31149723048801,-12.36251266629616,-22.74853835214086,-11.821396470936655,2713658,T4,-0.5411161953595052,-0.5629588783471497
0.936295769113864,0.7232687617226017,0.19909703534016862,0.0,-25.887398383108962,-16.897651532387016,-24.13904967627011,-15.620999393260043,2718591,T4,-1.2766521391269734,-1.7483487068388541
0.002369348718047503,0.0,1.0,0.0,-20.378122811173963,-10.997655452805391,-18.603640702410893,-10.111718421143262,2726593,T4,-0.8859370316621291,-1.7744821087630704
0.33330229959966484,0.005314983269166526,1.0,0.0,-20.70569616712698,-12.626221820079353,-21.544505254195723,-12.678852475916123,2722854,T4,0.0526306558367704,0.8388090870687428
0.43509022704239836,0.011571448019240366,1.0,0.0,-17.968592523296966,-10.14364908591833,-21.79405286028384,-12.543447509413435,2718714,T4,2.3997984234951044,3.8254603369868754
0.0,0.0,0.06044060147785799,0.0,-15.248932581414588,-7.041383058714634,-14.710019237306733,-6.5799462328985,4403777,T4,-0.46143682581613366,-0.5389133441078542
0.12347607955563518,0.0,1.0,0.0,-22.064673292101887,-11.76845845956016,-20.6317112025897,-11.36840508810302,2700060,T4,-0.40005337145714037,-1.4329620895121877
0.638052625972089,0.0016192606796633642,1.0,0.0,-22.912877843025047,-14.27126105369842,-22.420062421081916,-12.476982591301596,2722889,T4,-1.794278462396825,-0.4928154219431313
0.03611388881381586,0.0,1.0,0.0,-21.517975121317438,-10.887377198210055,-19.89165417197513,-10.717961048031015,2712470,T4,-0.16941615017904077,-1.6263209493423076
0.002663782571251177,0.02535266745445199,1.0,0.0,-19.14140781793366,-12.805670907954127,-19.016659925853045,-12.921557261883303,2717136,T4,0.11588635392917546,-0.12474789208061665
0.9210662999341818,0.240028934856619,1.0,0.0,-26.36218375096274,-22.101874717756395,-24.65004833157506,-13.535558941246858,2714588,T4,-8.566315776509537,-1.7121354193876783
0.12896989781828225,0.003475756499783012,1.0,0.9961731171341777,-27.402490560981605,-22.363477887493534,-20.312882883713996,-11.572343468200893,2711728,T4,-10.791134419292641,-7.089607677267608
0.9114553752882488,0.0,1.0,0.0,-26.76976155990434,-23.55843766115951,-23.9668778004395,-11.542905374884187,2715475,T4,-12.015532286275322,-2.8028837594648373
0.06215958495628139,0.0031839412991126973,1.0,0.0,-24.85365424536057,-14.363770118039916,-20.510187725440552,-12.10647766336821,2711792,T4,-2.257292454671706,-4.3434665199200175
0.014134798616121816,0.0,0.8036114040443284,0.5801187767108844,-25.048459031057078,-17.63957580583559,-18.534995614451258,-11.12997976663491,2713906,T4,-6.50959603920068,-6.51346341660582
0.015087150176360023,0.0,0.4833294714348237,0.24167760871244293,-24.079755659586095,-16.431857331580982,-19.027425900130478,-11.399396315426946,2700738,T4,-5.032461016154036,-5.052329759455617
0.28732078188864657,0.006035705965818845,0.45867129757089314,0.0,-26.313492409927527,-14.636599126233374,-21.25147522963528,-11.689715655642692,2724524,T4,-2.9468834705906826,-5.062017180292248
0.08966047786512203,0.0,0.7139454902772032,0.0,-22.729546187101143,-10.921952285158035,-20.13103958791153,-10.02958781587607,2715247,T4,-0.892364469281965,-2.598506599189612
0.4387301270015777,0.013164188267881237,1.0,0.0,-23.637447954884045,-13.078355681432939,-21.909391152662245,-12.858790865160545,2710704,T4,-0.21956481627239377,-1.7280568022218006
0.0,0.0,0.5653949499946648,0.0,-18.352413101078767,-7.150416805770183,-18.655707405272214,-9.040317698661491,4404080,T4,1.8899008928913084,0.3032943041934466
0.019159648635944024,0.002860071700015292,0.07855286035487542,0.0,-17.546467837034093,-10.965491615444165,-18.19882289319532,-12.123928690939406,2712106,T4,1.1584370754952413,0.6523550561612268
0.08258586554187827,0.001170698114831712,0.23908065765688216,0.0,-17.558345611412385,-10.67695280367855,-20.06105638332828,-11.609317247092244,2723971,T4,0.9323644434136948,2.5027107719158934
0.122839026385764,0.0,1.0,0.9695234199222746,-26.744951637860613,-22.337298291787416,-20.821476054804414,-10.500523639141745,2711593,T4,-11.836774652645671,-5.923475583056199
0.3306167400881057,0.011123348017621146,1.0,0.0,-21.66132753855176,-12.755113973162706,-21.171392907532024,-12.910777522137838,2726286,T4,0.15566354897513257,-0.4899346310197359
0.4803600814983151,0.0007052738813572604,1.0,0.0,-21.837957616924314,-11.75462363154111,-21.971858402424825,-12.332482344026708,2711621,T4,0.5778587124855985,0.13390078550051143
0.005860437453610914,0.0,1.0,0.0,-20.597298746362966,-11.542997478874737,-19.245094171351766,-10.765604329166573,2716306,T4,-0.7773931497081641,-1.3522045750112
0.01653461392963725,0.0,1.0,0.0,-20.80713285024306,-10.694897402640088,-19.65025211184194,-10.688600039333888,2700277,T4,-0.006297363306199344,-1.1568807384011208
0.00010104443199250431,0.0,1.0,0.0,-15.782143366401296,-7.867814111834554,-17.596177061931908,-9.689391572024748,2722955,T4,1.821577460190194,1.8140336955306111
0.018095947347985773,0.0,1.0,0.0,-15.909808687771575,-9.05186087508009,-19.428014052751532,-10.760141223361718,2715320,T4,1.7082803482816278,3.5182053649799574
0.04581837155456354,3.6234378453589195e-06,1.0,0.0,-22.54208153076192,-12.403958461235591,-19.97756745536816,-9.921749783107998,2722606,T4,-2.482208678127593,-2.5645140753937596
0.02500794968731231,0.0,1.0,0.0,-18.840786166026103,-10.531169026641898,-19.62291470574335,-10.560954554264887,2722766,T4,0.02978552762298925,0.7821285397172488
0.9802188753102922,0.03497947298071415,0.44007482814588506,0.0,-25.7610081753389,-18.62144922780285,-24.351560964490982,-12.429065821038915,2722515,T4,-6.192383406763934,-1.4094472108479188
0.553212649837692,0.032773568646588445,0.9973499461032163,0.011582403395034083,-23.215277492649335,-12.390459607696267,-22.22400985720205,-12.050705654757921,2724843,T4,-0.3397539529383451,-0.9912676354472865
0.21883967921392966,0.0012600245646990824,0.9453767791344557,0.0,-22.511348084022426,-11.333870813391695,-21.152329580404274,-10.640545667221085,2700120,T4,-0.6933251461706096,-1.3590185036181524
0.01798065258149391,0.0,0.7561799877109229,0.0,-21.12613406792784,-12.028646678233464,-17.834295019611435,-9.552493659779802,2709528,T4,-2.4761530184536618,-3.2918390483164046
0.14499216457546724,0.005363847666726265,1.0,0.0,-21.306814844490653,-11.590411415934438,-20.535710461192767,-11.594425362628497,2701422,T4,0.004013946694058745,-0.7711043832978852
0.1846464608327119,0.0,0.0,0.0,-22.96194507933926,-10.808600354347123,-20.824049558740732,-11.19820650674515,2722525,T4,0.3896061523980272,-2.1378955205985264
0.0024508146846055033,0.0,1.0,0.0,-18.995643761574982,-10.084009735007484,-19.319619621447828,-10.546774497700836,2714722,T4,0.462764762693352,0.3239758598728457
0.07917719153177848,0.0,0.9971795249368508,0.0,-20.942107167203172,-11.810160177301633,-20.128128770750475,-11.585910518607724,2714601,T4,-0.22424965869390867,-0.813978396452697
0.028946451813965428,0.0,0.9885149131973088,0.0,-15.358156496692324,-9.976360628883686,-19.17690902699075,-11.174940771072379,4404469,T4,1.1985801421886926,3.8187525302984255
0.8381347061100992,0.03339332061889671,0.6516590905831909,0.0,-18.708295771322557,-9.452395863701913,-23.143033919586806,-13.412018431413841,2700421,T4,3.9596225677119286,4.434738148264248
0.4844697764526185,0.0,1.0,0.0,-25.70333143345606,-18.14893847595958,-21.89504030294617,-11.192661242877543,2711146,T4,-6.9562772330820355,-3.8082911305098897
0.25847646745468417,0.0770836632736801,1.0,0.0,-24.70364417534906,-16.79397620986449,-21.28703180905061,-13.389471417661518,2724510,T4,-3.404504792202971,-3.4166123662984482
0.128655465025863,0.0,1.0,0.0,-20.394401839826447,-10.942911805272356,-20.479847003747057,-11.721719428382114,2716583,T4,0.778807623109758,0.08544516392061041
0.0,0.0,0.4871974120678786,0.0,-15.526314374727413,-9.364567084788407,-16.292147072926632,-10.133905841768732,2718435,T4,0.769338756980325,0.765832698199219
0.6441829310648126,0.0444472510272845,1.0,0.0,-25.356130650940603,-14.268536703865665,-22.693579010082477,-12.828914449513789,2712873,T4,-1.4396222543518764,-2.6625516408581262
0.6072923274163721,0.0008558281899737212,1.0,0.0,-19.21207312633033,-10.203402364049122,-22.40707618396602,-11.938823505816833,2713509,T4,1.735421141767711,3.195003057635688
0.27399549817598506,0.0013195001422990351,1.0,0.0,-23.018118769260273,-12.537689958489763,-21.340057556046933,-11.840883769668144,2712680,T4,-0.6968061888216184,-1.67806121321334
0.20264995924369078,0.0,1.0,0.0,-22.32313202201199,-9.640529252310822,-20.664811167264197,-10.17269811363633,2725597,T4,0.5321688613255073,-1.6583208547477923
0.04219404754878559,0.0006840972866823707,1.0,0.0,-17.330604829178995,-11.204444882408332,-19.219610655974094,-11.721518464866927,2716467,T4,0.517073582458595,1.889005826795099
0.0046942627130833504,0.0,1.0,0.0,-21.267604721148796,-11.931954869310006,-19.3150865192629,-10.912349799570451,2711639,T4,-1.019605069739555,-1.9525182018858978
0.879806225558627,0.5186424695147318,0.75852154538815,0.0,-23.26292268111719,-14.31607275840436,-24.073610522655247,-14.899178678014039,4405215,T4,0.5831059196096788,0.8106878415380585
0.920733914952758,0.0069490674234726655,1.0,0.0,-25.267831100469266,-12.052775434306454,-24.564439193614483,-11.74106738562945,2711138,T4,-0.31170804867700497,-0.7033919068547831
0.9077766394071203,0.003128815160643186,1.0,0.0,-22.708984836063813,-11.81498608248275,-23.836199758068467,-12.82687604531405,2715681,T4,1.0118899628312992,1.1272149220046543
0.9073319293404258,0.018838165610646142,0.8602989234037144,0.001157386394582524,-24.695238900051358,-12.330457720921002,-24.403794263544544,-11.747093793628821,2710927,T4,-0.5833639272921811,-0.29144463650681374
0.006395916695548063,0.0,1.0,0.0,-16.632489232115784,-8.949773125895458,-17.173946086909105,-9.143930806941423,2718652,T4,0.1941576810459651,0.5414568547933207
0.12093398447719547,0.0,1.0,0.0,-19.410895994719382,-10.690949921903167,-20.435434987299708,-10.851531697185477,2724010,T4,0.16058177528231,1.0245389925803252
0.19070816263297416,0.0,1.0,0.0,-22.01219603220193,-11.274047980436459,-21.234133223011366,-10.794121049460687,2726175,T4,-0.4799269309757719,-0.7780628091905655
0.9518133549756036,0.46007098925383066,1.0,0.9746355200500642,-27.579953833779907,-19.623916594170026,-25.250569412804154,-14.113155980356622,2711250,T4,-5.510760613813405,-2.329384420975753
0.06183053852404521,0.0,0.0,0.0,-18.061257927205645,-10.262053689796494,-19.763121946329107,-11.353042344869296,4405445,T4,1.0909886550728025,1.7018640191234624
0.005079761162106766,0.0,1.0,0.0,-19.952901216170662,-9.5879490535572,-19.730459719030883,-10.542907462400176,2714183,T4,0.9549584088429768,-0.2224414971397799
0.9726205524273782,0.20527630440962122,1.0,0.0,-26.957357117604232,-17.876839973019916,-24.662967076237152,-14.135112151380593,2700891,T4,-3.741727821639323,-2.2943900413670804
0.21086152581838113,0.0,1.0,0.0,-21.804113834453585,-11.504859883215902,-21.08386607548119,-11.955681792361235,2712004,T4,0.4508219091453327,-0.7202477589723948
0.6926359818407494,0.0,0.0,0.0,-22.78466813425967,-11.072379803642757,-22.733340579731202,-11.576070986321406,2716558,T4,0.503691182678649,-0.05132755452846993
0.8326594418463528,0.00024405205564386872,1.0,0.6274116630498593,-24.206698018104056,-12.980729842047095,-23.36863508263342,-12.515725043576007,2712688,T4,-0.4650047984710888,-0.838062935470635
0.1790018390264898,0.0,1.0,0.0,-22.03081076979348,-11.474361791451402,-20.904697402434685,-11.392246739783834,2722445,T4,-0.08211505166756794,-1.1261133673587942
0.8623413313905477,0.10823832309469926,1.0,0.0,-23.350721793642023,-13.866491227979015,-23.46063194645751,-13.526800223668253,2700168,T4,-0.3396910043107617,0.10991015281548755
0.17694367180256487,0.01789230240335031,1.0,0.0,-20.402014855572,-13.192550564816681,-20.01394394186676,-12.393274730664771,2725646,T4,-0.79927583415191,-0.3880709137052385
1.4896746922890716e-05,0.0,1.0,0.0,-18.256792995331445,-8.734549334957538,-18.079437296094543,-9.180587607505151,2700119,T4,0.44603827254761264,-0.17735569923690164
0.14756249553897427,0.0,1.0,0.0,-24.179886044166746,-13.770091592886814,-20.751180463307715,-10.703640836243846,2722773,T4,-3.0664507566429684,-3.428705580859031
0.5503526382019842,0.0016768604957420042,0.375804044365105,0.12829007052764044,-26.634557070054772,-19.82505408209062,-22.35089320699068,-10.508403871424052,4403370,T4,-9.316650210666568,-4.283663863064092
0.20875256247504817,0.005723795468512397,1.0,0.0,-18.634926818464017,-11.876603841324924,-21.05062961835189,-12.467174768799355,2711887,T4,0.5905709274744311,2.4157027998878746
0.9412133454064223,0.49893531278918196,1.0,0.002731370461397626,-24.909795603498864,-17.085394887215756,-24.649460208205884,-14.960141967784205,2700815,T4,-2.125252919431551,-0.2603353952929801
0.29284562258241553,0.0,0.5930410370350543,0.002559795484052308,-22.8495941211471,-7.300857355032954,-21.31699744009106,-9.970845793978764,2724058,T4,2.6699884389458104,-1.532596681056038
0.8800979855627659,0.0,1.0,0.0008599796732077247,-25.25097609730612,-11.923596127329807,-23.776499900669453,-11.612124215171109,2716846,T4,-0.31147191215869796,-1.4744761966366653
0.18631718499696182,0.0,1.0,0.0,-21.00019664193474,-10.088922420735148,-20.860722606053713,-10.487494172594975,2711529,T4,0.3985717518598264,-0.13947403588102603
0.3085334314946955,0.0,1.0,0.0,-24.61149104284486,-14.22327591913046,-21.32326544928021,-10.504697987760396,2716795,T4,-3.7185779313700635,-3.2882255935646505
0.295797171894074,0.017045812941311793,0.7602454834532427,0.0,-17.3153532244316,-8.506765710371488,-19.874221924492055,-11.378049403095662,2726257,T4,2.871283692724175,2.5588687000604544
0.7705376366029613,0.07263042968072407,1.0,0.0,-22.379340535714892,-13.057411966126272,-23.212132393860088,-12.996204290235443,2726306,T4,-0.061207675890829094,0.8327918581451961
0.5051532732419248,0.029076747033906815,0.97481781864172,0.0,-23.5311812187583,-13.9791733162404,-22.07267208388409,-12.35749916227086,2722680,T4,-1.6216741539695398,-1.458509134874209
0.008093549161310965,0.0,1.0,0.0,-20.011913453643363,-11.348839385824368,-19.45819565157883,-9.791078432222001,2724016,T4,-1.5577609536023669,-0.5537178020645328
0.17196389550564017,0.0,1.0,0.0,-23.913045401326773,-12.755093313073639,-20.78516431683534,-10.995920750148043,2716913,T4,-1.7591725629255954,-3.1278810844914346
0.008110349116412447,0.0,0.5269135759816203,0.0,-18.45788671194776,-12.077203567374148,-19.375888416449154,-12.244067260079968,2710417,T4,0.16686369270581913,0.9180017045013926
0.01616849885593434,0.0,1.0,0.011956749265560371,-17.512794654956434,-8.477075056324662,-18.50514310854232,-9.958536652913835,4401004,T4,1.481461596589174,0.9923484535858869
0.9103423412444525,0.13184352435791977,1.0,0.0,-25.546445532651784,-14.07443596057092,-24.525640731041246,-13.764035892109478,2724782,T4,-0.3104000684614423,-1.020804801610538
0.48789747214913143,0.05350246763277435,1.0,0.0,-22.374697675668823,-13.82647723141137,-22.118521931775796,-13.492822875271077,2724514,T4,-0.3336543561402934,-0.2561757438930279
0.026176015606544385,0.0,1.0,0.0,-20.374827094851522,-10.29562897830703,-19.214135139349136,-11.100265273986432,2701495,T4,0.8046362956794013,-1.1606919555023865
0.9335465272468019,0.8358114112128286,1.0,0.0,-25.216565617545985,-15.936413317601465,-25.29802806056976,-16.592655567007935,2717116,T4,0.6562422494064695,0.08146244302377426
0.24367263882868576,0.0,1.0,0.0,-20.25138824504952,-10.746702543687864,-21.223196863937257,-11.804964126953926,2700314,T4,1.058261583266063,0.9718086188877386
0.00206965579249156,0.0,0.14263660576450027,0.0,-19.214063672595557,-11.596160150573674,-19.0384085870651,-10.419182671576834,4405367,T4,-1.1769774789968395,-0.17565508553045817
0.49208038886252564,0.0032704467045439963,1.0,0.0,-24.02946386415693,-14.501492824810098,-22.02145115234017,-12.405360845705927,2717291,T4,-2.0961319791041717,-2.008012711816761
0.050819256042189564,0.023678755746072932,1.0,0.0,-19.417835168390262,-13.379915306164152,-18.932470463398978,-12.187516169161013,2724086,T4,-1.1923991370031395,-0.4853647049912837
0.313292447629548,0.008785832414553472,1.0,0.0,-22.698926146000183,-13.105910809011016,-21.421814920742243,-12.897320198737267,2712272,T4,-0.20859061027374892,-1.27711122525794
0.08905062675011882,0.002920443678384708,1.0,0.0,-21.63873957498831,-12.104041019782338,-20.046876315522546,-11.518897747449582,2701446,T4,-0.5851432723327559,-1.5918632594657645
0.09052717410571845,0.0,1.0,0.0,-25.20321410905261,-14.2055420563417,-20.357739942518773,-11.413687569668097,2709182,T4,-2.7918544866736035,-4.845474166533837
0.5147253332081112,0.0212981876713651,1.0,0.0,-26.137506873562298,-18.203440525306178,-22.127841875339705,-12.31181395160806,2715336,T4,-5.891626573698117,-4.009664998222593
0.00114956914333922,0.0,0.07074022055040255,0.0,-19.228926852917517,-10.292029867641693,-18.850663206838327,-9.32972521532238,4405366,T4,-0.9623046523193128,-0.3782636460791906
0.017056705072492653,0.0,1.0,0.0,-14.021225409826041,-7.216295043641844,-17.82417617025134,-9.84471405111998,2723782,T4,2.6284190074781373,3.8029507604253006
0.20267687758062716,0.0,0.520104480526727,0.0,-22.15764133140603,-11.58174048100472,-20.891530695936122,-11.348608888197342,2700669,T4,-0.2331315928073785,-1.2661106354699072
0.21054528925878915,0.0,1.0,0.0,-22.45245430938639,-12.255114578716674,-21.01617286156614,-11.335524945574551,2722663,T4,-0.919589633142122,-1.4362814478202495
0.2766490397996103,0.00473142220985249,1.0,0.0,-20.171358702881907,-11.525397705527583,-21.03202866669696,-12.009062195679483,2724880,T4,0.4836644901519005,0.8606699638150523
0.500261088342801,0.021546381421059017,1.0,0.0,-23.497917291949587,-13.383946781133764,-22.00479871113061,-12.142078819664752,2723733,T4,-1.241867961469012,-1.493118580818976
0.340068283734203,0.010209801409352978,0.9295651097781141,0.0,-19.21565055523886,-11.122548885274629,-21.50983715202306,-12.773056792384558,2701662,T4,1.6505079071099296,2.2941865967842006
0.3719748557091348,0.028767920722379405,1.0,0.0,-21.87580840308805,-12.40734088675458,-21.61052418581058,-12.505832156800555,2722610,T4,0.09849127004597413,-0.26528421727747187
0.0,0.0,0.007811524426623006,0.0,-18.76188894149258,-10.875147168683126,-18.774739325681463,-10.597382413379158,4405483,T4,-0.27776475530396816,0.012850384188883623
0.0005844954881050041,0.0,0.575563986874487,0.0,-18.68306001863085,-9.067022584070994,-18.463777524166552,-9.942269877085032,2700793,T4,0.8752472930140378,-0.2192824944642986
0.7883428382930402,0.19610878156777908,1.0,0.0,-22.826071578571888,-13.621186864112184,-23.115315586704458,-13.911754724996817,2721874,T4,0.29056786088463227,0.28924400813257023
0.4025583337051224,0.0012407132401523698,1.0,0.0,-23.020479381888,-12.02412952156999,-21.631416782696387,-11.497402948785886,2711270,T4,-0.5267265727841028,-1.389062599191611
0.9612435043380719,0.3751161779181834,1.0,0.0,-26.594403153473632,-15.05503228784072,-26.014331395366764,-14.585824512641723,2725697,T4,-0.46920777519899737,-0.5800717581068682
0.40593968116396356,0.02826465788284758,1.0,0.9949196455738218,-26.388333480019533,-23.347444903142033,-21.497488850658137,-12.644818385391787,2717227,T4,-10.702626517750247,-4.890844629361396
0.005001516679952312,0.0,1.0,0.0,-21.719138850812055,-11.375759080909807,-19.450986991739132,-10.471961114767657,2726250,T4,-0.9037979661421502,-2.2681518590729226
0.0023221505846355585,0.0,1.0,0.0,-21.323167041592765,-12.063568993713773,-19.373926540278585,-10.343735652993344,2716396,T4,-1.7198333407204291,-1.9492405013141791
0.9296791338582668,0.46210629921259805,1.0,0.0,-25.31860832960905,-19.1717237306887,-25.067812440920804,-14.869706418173024,2700966,T4,-4.302017312515677,-0.2507958886882449
0.44996623817547293,0.010868467718016188,0.0,0.0,-21.946003180916733,-12.946991644658384,-21.71405870852932,-12.118827613420642,4400084,T4,-0.8281640312377423,-0.2319444723874149
0.8250365015430583,0.0820649541147656,0.38805798240473194,0.0,-20.53837683238439,-11.699576910655257,-23.204334750840506,-13.47778498777083,2700840,T4,1.7782080771155737,2.6659579184561153
0.036408613599647525,0.0,1.0,0.0,-22.477220223106844,-11.705734646866283,-20.07247563802658,-10.911566945256,2710612,T4,-0.7941677016102826,-2.4047445850802625
0.08697122180539017,0.0,1.0,0.0,-20.50733994037273,-11.322238917451235,-20.540806404869855,-11.821890256328013,2714360,T4,0.4996513388767774,0.03346646449712409
0.836705587150914,0.0908348473460885,1.0,0.0,-25.842486901973263,-15.245594185062721,-23.488217832938723,-13.544767584146829,2722381,T4,-1.7008266009158923,-2.3542690690345403
0.9009942512791069,0.0,0.7977753546980149,0.004935770464091464,-26.054579576936494,-8.946549418089655,-24.41018877785862,-9.370243015362513,2713890,T4,0.4236935972728588,-1.644390799077872
0.27616939058952555,0.0013068679755846308,1.0,0.0,-20.71746085866614,-11.032151993278628,-21.202874857402648,-11.96047112953898,2710837,T4,0.9283191362603525,0.48541399873650803
0.37896851031842044,0.0,1.0,0.0,-18.327614466014733,-10.415723532029531,-21.610129344035656,-11.529136672086622,2700827,T4,1.1134131400570908,3.2825148780209226
0.46512722469917767,0.006983311563692618,0.9997810874117965,0.0,-24.969856956619655,-12.47921084053479,-21.85244054502905,-11.353665746416702,2719059,T4,-1.1255450941180882,-3.117416411590604
0.1628187567394282,0.0,1.0,0.0,-23.47378940042678,-12.837264937285905,-20.772544238919046,-11.095458975289322,2726247,T4,-1.741805961996583,-2.7012451615077353
0.193304021774301,0.0,1.0,0.0011838824492281927,-20.17189899855477,-11.445446742377035,-21.118521224933037,-11.846234472204081,2715421,T4,0.40078772982704614,0.9466222263782669
0.6874668026430405,0.026047974164488914,1.0,0.0,-19.768931023686918,-11.083123316953303,-22.77683281596549,-12.845530274811313,2726273,T4,1.7624069578580102,3.007901792278574
0.7884529118399873,0.04260231680607964,1.0,0.0,-24.8228819100448,-14.652646563586787,-23.02803644929902,-13.354579937560697,2723756,T4,-1.29806662602609,-1.7948454607457798
0.5652808602048446,0.0,1.0,0.0,-24.176415993950084,-6.599979634053566,-22.07915475769987,-9.11543911211295,2726480,T4,2.515459478059384,-2.097261236250212
0.539440718714412,0.0016133114007338978,1.0,0.0,-23.155690214293276,-12.583115593489358,-22.372856867090583,-12.482182352843232,2709239,T4,-0.10093324064612652,-0.7828333472026934
0.03644773154981044,0.0,1.0,0.0,-21.803760853614122,-10.453864434079051,-19.341340225296673,-10.84433895228721,2726315,T4,0.39047451820815837,-2.4624206283174495
0.14026687869464513,0.0,0.0,0.0,-22.837909138159397,-11.047304503589604,-20.39377456423848,-10.690947200404594,4404620,T4,-0.35635730318501047,-2.444134573920916
0.14111007744296516,0.007959929272455072,1.0,0.0,-24.202529011494565,-15.30478487625391,-20.26780212690218,-12.01384477347142,2714657,T4,-3.290940102782489,-3.9347268845923864
0.007216400911161731,0.0,0.41338496583143514,0.0,-17.116528469597274,-8.727751307586992,-19.202187999541028,-11.316898485099403,2716874,T4,2.5891471775124106,2.0856595299437544
0.6631099614005573,0.42709685944364956,0.854348726523331,0.0,-23.026540408936743,-14.828258135744095,-23.56284183757967,-14.435971402712683,2714754,T4,-0.3922867330314119,0.5363014286429255
0.037051691971247004,0.0,1.0,0.0,-20.7182466098505,-9.998890973553113,-19.81490107586465,-10.205468442449993,2725573,T4,0.20657746889687978,-0.9033455339858492
0.7202184242252322,0.005425147152684206,1.0,0.0,-23.982584142984976,-14.616120848582229,-22.853581920597556,-12.894301665425782,2723639,T4,-1.7218191831564464,-1.1290022223874203
0.9104648370205498,0.20909250788091732,0.9734781367185504,0.0,-27.30661738471831,-16.964140183306956,-24.207740020058562,-13.763658888080712,2710772,T4,-3.2004812952262434,-3.0988773646597494
0.1567045854935319,9.437761111390745e-05,1.0,0.0,-24.439241348384847,-17.461228179812206,-19.25475988460835,-10.6249498717034,2726159,T4,-6.836278308108806,-5.184481463776496
0.07472852538449892,0.0,1.0,0.0,-20.678877465119427,-12.664826556540032,-20.238858066811567,-10.7472135085672,2725403,T4,-1.9176130479728322,-0.44001939830786085
0.06002054378783871,0.0,1.0,0.0,-23.041684414745568,-12.400194128174142,-20.082724428099826,-10.69718676216784,2714549,T4,-1.703007366006302,-2.9589599866457412
0.11263079386667246,0.0,1.0,0.0,-21.22549561670598,-10.739290281943703,-20.349170665767826,-10.73087889661181,2726475,T4,-0.008411385331893229,-0.8763249509381552
0.3860231546656021,0.007914329138038507,1.0,0.0,-22.81544482135741,-11.960347981986043,-21.753665843509012,-11.34727161180935,2714159,T4,-0.6130763701766924,-1.0617789778483981
0.9475410855068909,0.3160726433891961,1.0,0.0,-25.027044905033044,-15.78031738298092,-24.799672192992304,-14.305627872390929,2719111,T4,-1.4746895105899913,-0.22737271204074005
0.8953917060597656,0.3497290313704499,1.0,0.0,-22.39600552439459,-13.944715601014611,-24.637764406054462,-14.376088678154261,2726595,T4,0.43137307713965,2.241758881659873
0.2997451166405688,0.005829171000445761,1.0,0.0,-18.118603547259962,-7.6981968375472,-20.984290955310296,-12.523315590105433,2713855,T4,4.825118752558233,2.8656874080503343
0.0,0.001496638320081049,1.0,0.0,-16.897996385259557,-11.910452144905241,-17.616167564273876,-11.681177260634708,2719361,T4,-0.22927488427053255,0.7181711790143197
0.3234822680825487,0.009289448279630609,1.0,0.0,-24.919582239468653,-14.746170991212946,-21.37812022294508,-12.419994515665921,2716427,T4,-2.3261764755470242,-3.5414620165235746
0.3405643787437491,0.0,1.0,0.0,-24.43876425675833,-13.130460165865369,-21.627377576235567,-11.232187268961749,2726584,T4,-1.8982728969036202,-2.8113866805227623
0.8540363298705821,0.08407521327839361,1.0,0.0,-22.104559986029287,-12.566417109914113,-23.316144443194506,-13.565182224766382,2717297,T4,0.9987651148522687,1.2115844571652197
0.8386417372077823,0.014993181249646955,0.0,0.0,-25.169665651596137,-13.017587247328663,-23.0471007101715,-11.740376848202164,2716506,T4,-1.2772103991264991,-2.1225649414246384
0.0069717300178397485,0.0,1.0,0.0,-16.164521230558428,-9.33213089361821,-18.675157193212264,-10.57607112861715,2723778,T4,1.2439402349989397,2.5106359626538364
0.01752580855369208,0.0,1.0,0.0,-20.799647407061734,-12.409295619638257,-19.446372087778585,-9.860120506338827,2716773,T4,-2.5491751132994303,-1.3532753192831493
0.9765191603186604,0.0024771762516718034,1.0,0.0,-26.47979312975348,-13.676127153459616,-24.738113864350364,-12.322868708628317,2726659,T4,-1.3532584448312992,-1.7416792654031177
0.041346550237979215,0.00043098602106209923,1.0,0.0,-18.432848691947775,-10.921763179166126,-19.43207796204949,-11.393729805106435,2700603,T4,0.47196662594030947,0.9992292701017149
0.9858461037660258,0.8636005108173079,1.0,0.0,-27.07106751182352,-21.44605050370576,-26.656605335367676,-19.030905646522548,4401044,T4,-2.4151448571832113,-0.4144621764558458
0.00409119435089417,0.0,1.0,0.0,-15.627504912604035,-8.549432296311462,-17.69267568790364,-9.75339556912977,2716647,T4,1.2039632728183083,2.065170775299606
0.7038475071519269,0.0043599981642112986,1.0,0.0,-21.595297791628642,-11.472840610578805,-22.68759021274851,-12.2797288132191,2712409,T4,0.8068882026402946,1.0922924211198684
0.9409325845389401,0.7969467722221777,0.027328865065226596,0.0,-26.127724987198814,-17.912399162875264,-25.081726969587578,-16.045757307842273,2709234,T4,-1.8666418550329915,-1.045998017611236
0.025702121010898013,0.15888051247998128,1.0,0.0,-26.67595041382054,-19.852406613468688,-18.672533381118548,-11.97026034147802,2710742,T4,-7.882146271990667,-8.003417032701993
0.00045127528660319875,0.0,1.0,0.0,-19.807396377022037,-9.979731601889178,-19.13773684332192,-10.19431330174835,2713043,T4,0.2145816998591723,-0.6696595337001163
0.015275885558583106,0.0,0.5220623297002726,0.0,-19.12315439435823,-8.235201008599994,-19.613472385151546,-9.334188589132314,4402303,T4,1.0989875805323202,0.49031799079331506
0.46304536537686025,0.08707390926924628,1.0,0.0,-18.041054036849335,-9.801368575782886,-21.784043224038466,-13.50340897810821,2714793,T4,3.7020404023253235,3.7429891871891314
0.98999013520571,0.9832704694481519,1.0,0.0,-24.5414214561936,-15.18758520713362,-25.603836453193033,-17.797966063558015,2700757,T4,2.6103808564243938,1.0624149969994328
0.09039598420280101,0.0,1.0,0.0,-23.159791157009597,-13.726914113358767,-20.207660478748483,-11.295937197271414,2701634,T4,-2.430976916087353,-2.9521306782611134
0.6807431693989073,0.06336612021857924,1.0,0.0,-24.243514744870954,-15.024893284389073,-22.759120196664927,-12.920066423766674,2719045,T4,-2.104826860622399,-1.4843945482060263
0.020301199424781792,0.0,0.9326910414504771,0.0,-20.25561990172755,-10.505633450171592,-19.747786253561134,-10.69435389180204,2717230,T4,0.18872044163044777,-0.5078336481664145
0.00984024131381969,0.0,1.0,0.0,-20.079105754593197,-10.075277599506842,-19.246067718710226,-10.570064871884721,2710698,T4,0.494787272377879,-0.8330380358829714
0.1125901598363923,0.0,1.0,0.0,-22.503025555695103,-11.526881469359092,-20.614300311514313,-11.337619139226762,2711247,T4,-0.18926233013232974,-1.8887252441807902
0.019498237187675637,0.0,1.0,0.0,-21.58409147085069,-10.649586761979325,-18.625554886751157,-9.130515408958795,2701551,T4,-1.5190713530205304,-2.9585365840995337
0.05515041239786071,0.00019203625644521682,1.0,0.0,-19.017942974526626,-10.870338825667408,-19.787178525813477,-11.573031901712932,2725624,T4,0.7026930760455237,0.769235551286851
0.0,0.0,0.0,0.0,-18.980528834813676,-7.564310837819795,-18.135544353549953,-8.739585946186986,2724792,T4,1.1752751083671917,-0.8449844812637224
0.8799544360162584,0.0018122038988272453,1.0,0.0,-26.58232776246011,-23.288866748258297,-23.698280774518473,-11.828149697012192,2713663,T4,-11.460717051246105,-2.8840469879416375
0.32480061852377873,0.012947540331504094,1.0,0.0,-17.00907792558981,-9.01071555558425,-21.470439414658987,-12.411263812236152,2700483,T4,3.400548256651902,4.461361489069176
0.0,0.0,1.0,0.0,-13.846576886298406,-7.89002477305425,-15.755415307019728,-9.449440067126021,2714834,T4,1.559415294071771,1.908838420721322
0.2301166578733596,0.0,1.0,0.0,-22.89636706932366,-12.714673528351925,-20.829179218638078,-11.856435714119405,2717173,T4,-0.8582378142325204,-2.067187850685581
0.0240280817736484,0.0,1.0,0.0,-20.997885073403452,-10.469907396031527,-19.489587571983765,-10.778555999019456,2722763,T4,0.3086486029879296,-1.5082975014196869
0.00024717990202687516,0.0,1.0,0.0,-21.261503220597312,-10.792638338318053,-18.967315484653177,-9.112505309534335,2723686,T4,-1.6801330287837182,-2.294187735944135
0.4776455261443712,0.0,1.0,0.08787824954106706,-23.433405716786112,-11.127172245317114,-22.145644350825716,-10.34348883539889,2717169,T4,-0.7836834099182237,-1.287761365960396
0.9715650561093095,0.07705856450902684,0.5936778618416663,0.0,-26.10974386030188,-14.84598241663817,-25.643426624491454,-13.365368188382085,2716562,T4,-1.4806142282560852,-0.4663172358104255
0.03435807835039637,0.0033904668389817044,1.0,0.0,-17.11974898077321,-11.421726953600725,-18.519119788044662,-12.071956405150113,2724001,T4,0.6502294515493876,1.3993708072714526
0.8336203622287316,0.00015088528036045972,0.8335267092960942,0.0,-24.160550155649084,-6.882327410250765,-23.627401271956906,-8.133260136019748,2700324,T4,1.2509327257689833,-0.5331488836921778
0.2931051421610045,0.018543807596329558,1.0,0.0,-22.823089249045687,-14.119181252821956,-21.190297076382212,-12.37945272279853,2711115,T4,-1.7397285300234273,-1.6327921726634749
0.24933643092428306,0.0,1.0,0.0,-21.586969420831895,-11.450204478653042,-21.165641841393345,-11.075136240811851,2716460,T4,-0.3750682378411909,-0.42132757943855026
0.07172374483446535,0.03835557877737138,1.0,0.0,-17.37745429186363,-11.258604672202576,-18.93434921551842,-12.852374594140944,2713555,T4,1.5937699219383674,1.5568949236547915
0.6425979498670591,0.0,1.0,0.0,-20.86506403560863,-8.833226828254512,-22.57337870062781,-10.280171754235935,2722655,T4,1.4469449259814233,1.7083146650191807
0.0,0.0,1.0,0.0,-21.694883862814493,-12.009644181443049,-18.696471246918087,-8.58602626734072,2724549,T4,-3.423617914102328,-2.998412615896406
0.12266216619261354,0.0,1.0,1.0,-26.414596182792735,-18.26355294827761,-20.663283719231497,-11.042475230533192,2713830,T4,-7.221077717744418,-5.751312463561238
0.4378151927887861,0.0,1.0,0.0,-23.2587839661794,-3.9214894950434847,-21.832593346897763,-5.175024221102421,2700415,T4,1.2535347260589367,-1.4261906192816376
0.0130342181820625,0.0,1.0,0.0,-21.139441263149575,-8.499439676054555,-19.367024789770795,-8.98581216624028,2709866,T4,0.48637249018572426,-1.7724164733787795
0.0,0.0,1.0,0.0,-15.05906292303409,-7.578936437821677,-17.64407672268215,-9.496806694808198,2722757,T4,1.9178702569865207,2.5850137996480598
0.0008020592404685517,0.0,1.0,0.0,-14.646012111986689,-6.205067305846678,-16.989600487925784,-8.655241648444393,2718155,T4,2.450174342597715,2.3435883759390954
0.8422692217020845,0.0,1.0,0.0,-20.83714608691535,-9.219355730852069,-23.224177707439924,-10.404236295129943,2724896,T4,1.184880564277874,2.3870316205245743
0.0017005675920404608,0.0,1.0,0.0,-18.046343193919007,-13.141131666253179,-17.796158285503825,-11.4645773750315,2713017,T4,-1.676554291221679,-0.25018490841518215
0.1446436719449749,0.0,1.0,0.0,-22.78797006488746,-12.347906140317198,-20.438990237147333,-10.624052288366185,2712374,T4,-1.723853851951013,-2.348979827740127
0.24577227411660543,0.0,1.0,0.0,-27.83445691642409,-20.66271813698137,-20.939628312278938,-11.580623251738036,2711790,T4,-9.082094885243333,-6.894828604145154
0.28688409579453666,0.0057247731137714435,1.0,0.9505031626565194,-26.33417619593197,-21.38473460294443,-21.29566991134405,-11.84781672419883,2700950,T4,-9.5369178787456,-5.038506284587921
0.1786333818515343,0.0,1.0,0.0,-24.43906091531398,-11.459378138675024,-20.90479741378641,-8.477376574492581,2712233,T4,-2.9820015641824433,-3.534263501527569
