base_vh,base_vv,clear15,opt15,post_vh,post_vv,pre_vh,pre_vv,field_id,crop_class,d_vv,d_vh,unit_id,ACRES,lon,lat,COUNTY,km_to_river,elev_m,vh31,vv31,d_vv_31
0.9186552406064604,0.8748187211601847,0.0,0.0,-22.310206668452693,-16.236866573623516,-24.33454615980122,-16.163312914315696,4400056,T20,-0.0735536593078194,2.0243394913485275,4400056,1.1747717001291642,-121.825596,36.882558,Santa Cruz,2.0927315471939445,39.097549411821475,-24.115687920445865,-15.619234365781605,0.5440785485340918
0.0099457857170716,0.0,0.0,0.0,-19.508976195596954,-10.781956994881645,-19.569158934764832,-11.678465484317533,4400039,T20,0.8965084894358881,0.0601827391678781,4400039,1.9784949112048005,-121.70246,36.950744,Santa Cruz,2.7745279762485335,76.75423317427216,-20.14491453811781,-10.319315613926362,1.359149870391171
0.0,0.0,1.0,0.0,-17.326286924452816,-6.038332173141665,-17.628345872933174,-6.4749282219711,4400035,T20,0.4365960488294345,0.3020589484803579,4400035,0.8260566718763551,-121.789214,37.007027,Santa Cruz,0.4031027018174234,164.73126882112336,-16.900082005651768,-4.680769231643843,1.794158990327257
0.9959846754586312,0.8389449642672953,1.0,0.0,-23.75135461248025,-14.489474602169429,-25.591172805759467,-16.110467475554564,4400031,T20,1.6209928733851378,1.8398181932792177,4400031,2.096335212996828,-121.813282,36.886611,Santa Cruz,0.9966315761990739,42.48050622582428,-24.067251954699856,-15.326601776471062,0.7838656990835027
0.6645363830025788,0.7759091078969991,0.0,0.0,-21.732380011186265,-14.444467774369716,-22.60754714840609,-16.03842556501163,4400011,T20,1.5939577906419142,0.875167137219826,4400011,2.0745258346942586,-121.810757,36.884994,Santa Cruz,0.7719143504420471,31.758190729294,-19.37240084645949,-14.309901178370223,1.7285243866414053
0.0052836600223778,0.0,1.0,0.0,-17.193038560320996,-8.965364455990661,-18.390041514301373,-9.364836125088276,4400006,T20,0.3994716690976148,1.1970029539803768,4400006,3.733910958486627,-121.808163,36.953073,Santa Cruz,0.3534609464413662,72.33688950006096,-18.09706364001864,-8.802953871928123,0.5618822531601531
0.8832459554211831,0.6179280177543341,0.0,0.0,-22.406296336522924,-13.820172999092506,-24.855132459319787,-15.472422758381777,4400005,T20,1.652249759289269,2.4488361227968625,4400005,2.4051222358338857,-121.810058,36.887064,Santa Cruz,0.7096802755103228,29.301358646227076,-22.657590502284467,-14.225906873679504,1.2465158847022728
0.939569652088864,0.5423711052116809,0.0434888919938521,0.0,-23.41713285501024,-13.538342675978845,-24.53459870761369,-15.17338000687721,4400004,T20,1.6350373308983652,1.1174658526034484,4400004,2.213606540389561,-121.817612,36.880117,Santa Cruz,1.3878655354326792,34.46059975744677,-22.56190503662778,-14.053255830850912,1.120124176026298
0.5011545775604456,0.1731866340668296,0.0069274653626731,0.0,-23.087637929847684,-12.652489102004363,-21.18002517115233,-13.955560162220989,4404078,T20,1.3030710602166238,-1.907612758695354,4404078,1.143365312959088,-121.803784,36.890408,Santa Cruz,0.151269407276131,14.210814661773707,-20.0018009211505,-12.955120588789615,1.0004395734313736
0.7732774475001069,0.6384671314315042,0.0281425088747273,0.0,-23.32864885959456,-13.937687942537702,-23.45429963311657,-15.45496529658428,4404045,T20,1.5172773540465787,0.1256507735220076,4404045,1.8058301089394413,-121.81142,36.886309,Santa Cruz,0.8309104905560569,35.592567730590325,-23.06842057194288,-13.656767922562626,1.7981973740216546
0.4119784071430396,0.0780950188042059,0.0,0.0,-20.731213606566445,-10.444524484190069,-21.6519867658524,-10.879627784771078,4405091,T20,0.4351033005810105,0.9207731592859504,4405091,6.045885519061699,-121.818781,36.922842,Santa Cruz,1.4853522358652789,70.41693630897274,-19.77024391920781,-10.815875867726854,0.06375191704422356
0.0,0.0,0.2018543592686579,0.0,-17.431186844040134,-5.468895196389283,-18.13979999850067,-5.9263313123928105,4403743,T20,0.4574361160035272,0.7086131544605365,4403743,8.604928773349535,-121.797137,36.919001,Santa Cruz,0.44014097910502453,35.053853937800106,-19.270465797077872,-5.030007796620121,0.8963235157726892
0.8030436055019022,0.7601697395376061,1.0,0.0,-24.066245258980004,-14.100899632018448,-23.633759238535458,-16.091436338457132,4403738,T20,1.9905367064386856,-0.4324860204445464,4403738,1.065323431843525,-121.821895,36.883378,Santa Cruz,1.763293220391838,32.71341641367198,-20.262046654226253,-11.493417766281912,4.598018572175221
0.9831084182502524,0.2034333975947856,0.0,0.0,-23.9507841000145,-13.183142488724258,-24.692649512568163,-14.36787770189395,4403731,T20,1.1847352131696915,0.7418654125536648,4403731,0.841192333768267,-121.826998,36.914312,Santa Cruz,2.0521673350789893,84.59478371326973,-20.75092250305924,-12.642532349188006,1.7253453527059435
0.3097752300497813,0.2696485141046915,0.0,0.0,-18.934658104013156,-12.00022282642691,-19.691693066531137,-13.017854238110225,4403728,T20,1.017631411683313,0.7570349625179844,4403728,1.0258012467241109,-121.82917,36.916867,Santa Cruz,2.3562298221821365,65.3190032301814,-18.63653832730988,-12.23732824946756,0.7805259886426654
0.0,0.0,0.0,0.0,-17.363010807014053,-9.961074435391266,-18.47822851617716,-10.98134461206622,4403726,T20,1.0202701766749538,1.115217709163108,4403726,0.8082009305459148,-121.701971,36.951819,Santa Cruz,2.882864182661372,85.79710237647795,-17.082380072810164,-9.31241944473806,1.66892516732816
0.6169418546104831,0.0386652082573745,0.0,0.0,-21.801797102061148,-11.873043446210042,-22.38944194247029,-12.914074477400018,4403725,T20,1.0410310311899753,0.5876448404091477,4403725,4.45275772278153,-121.684327,36.925496,Santa Cruz,1.7398512631920275,19.393998936406213,-21.367588711798383,-12.092338327096924,0.821736150303094
0.022901448928272,0.0,0.0,0.0,-18.51148472918335,-10.773893340071362,-18.925194893571646,-10.835012858010703,4404030,T20,0.0611195179393426,0.413710164388295,4404030,10.332055546948308,-121.852279,36.930425,Santa Cruz,3.6008984631366876,33.748852820242824,-18.76542958081017,-10.392854293308908,0.4421585647017956
0.4867163608562692,0.0,0.0,0.0,-21.478207145569023,-10.52407004968282,-21.78940528966115,-11.006200833699442,4405096,T20,0.4821307840166202,0.3111981440921241,4405096,1.6257873710425554,-121.826923,36.90692,Santa Cruz,1.8410717590835273,65.37693797594183,-19.98938670321872,-10.531783477809098,0.47441735589034373
0.9262237949707792,0.4018015119832718,1.0,0.0,-23.459553261972616,-13.54062076281352,-24.87728653590621,-14.637199165597412,4403991,T20,1.0965784027838923,1.4177332739335995,4403991,1.4359245503271898,-121.812029,36.889392,Santa Cruz,0.8850778523779932,27.024892069776882,-21.13799709772576,-14.471291494108112,0.1659076714893004
0.9971058434399118,0.681532524807056,0.8807331863285555,0.0,-25.091107609455825,-15.564536451273533,-25.76138640521368,-16.312910053301128,4403956,T20,0.7483736020275948,0.6702787957578558,4403956,2.8003072492588,-121.824164,36.880757,Santa Cruz,1.966080706992568,41.15862160654286,-24.654612080167315,-14.308990417527088,2.0039196357740394
0.7493433186162185,0.4006594757726483,0.0,0.0,-21.37458563970102,-12.992297520325527,-22.881917440652565,-14.350016952116013,4403933,T20,1.3577194317904837,1.507331800951544,4403933,1.3861742328281037,-121.815846,36.925862,Santa Cruz,1.2242031072289543,60.21147146381137,-22.995453241676657,-12.825000908445396,1.5250160436706164
0.8272902338376892,0.8372489683631361,0.0,0.0,-24.706457450266484,-15.763740298212538,-24.79443285994497,-16.965152407058202,4403904,T20,1.2014121088456644,0.087975409678485,4403904,1.410063610428233,-121.818033,36.88056,Santa Cruz,1.4216731506806057,36.6672506305637,-23.8466742979316,-16.06353288338416,0.901619523674043
0.8773811951866205,0.2854170915765857,0.1978380583316336,0.0,-22.023744885383103,-13.686908119746413,-23.50031128966832,-14.519922930929503,4403896,T20,0.8330148111830926,1.4765664042852151,4403896,1.897697305439742,-121.822784,36.878298,Santa Cruz,1.8715261297435237,37.15175350771954,-22.862383972246825,-13.243085079942809,1.2768378509866949
1.0,0.9771578356113088,0.0882793484366223,0.0,-24.10376206064518,-16.03475667821539,-25.477644330783853,-16.81609795038912,4403892,T20,0.7813412721737301,1.3738822701386724,4403892,2.4777365070234416,-121.821795,36.879693,Santa Cruz,1.7629915093798225,39.51918634082437,-25.785728767541272,-16.277624081996308,0.5384738683928134
1.0,0.8843033822421205,0.0,0.0,-23.95842856050345,-16.402419447433243,-25.19378434673506,-16.60882380680163,4403887,T20,0.2064043593683884,1.2353557862316151,4403887,1.747129976571347,-121.820387,36.877822,Santa Cruz,1.6731556456927408,36.295254616572706,-23.42158327051168,-15.650459126104876,0.9583646806967554
0.958037518037518,0.8190476190476189,0.6653391053391052,0.0,-23.384194732789567,-15.824890423135116,-24.126895894025004,-15.69150526651398,4403881,T20,-0.1333851566211361,0.7427011612354377,4403881,1.3448818716762896,-121.822857,36.883659,Santa Cruz,1.848911323816702,38.378482101242255,-22.516390572337148,-14.208085152484989,1.4834201140289913
0.817496202929418,0.0218455217844194,0.0,0.0,-22.3394660612455,-10.265161436476935,-23.380644840250596,-10.571065706212831,4404594,T20,0.3059042697358958,1.0411787790050937,4404594,13.292854499047692,-121.820907,36.894608,Santa Cruz,1.3552423979878687,33.22248919846789,-21.68806002741364,-9.870945989874052,0.7001197163387793
0.0002327611288914,0.0,0.0,0.0,-18.384530244938077,-11.93287448369972,-19.306150329729697,-12.041975909490777,4404595,T20,0.1091014257910547,0.9216200847916234,4404595,3.980121662745784,-121.845378,36.935135,Santa Cruz,2.8169544993523457,88.97343234803142,-17.430247557669215,-11.73417725630186,0.3077986531889163
1.0,0.8680941484145144,0.0,0.0,-24.13992418426231,-15.188935836674217,-25.31449070815674,-16.197027375779818,4403864,T20,1.0080915391056031,1.1745665238944305,4403864,0.9462928866129624,-121.824874,36.882878,Santa Cruz,2.0284590902350867,30.341418939230692,-23.22560304056492,-14.728208333463476,1.4688190423163423
0.0,0.0,0.0,0.0,-16.46295944270832,-10.661867523267311,-17.115668250177677,-11.192600770272753,4403853,T20,0.5307332470054398,0.6527088074693559,4403853,1.5763704911080176,-121.647339,36.906441,Santa Cruz,0.34295451672821053,44.838480734309115,-15.76828017926358,-10.072022011713129,1.120578758559624
0.2175295186194368,0.0,0.0,0.0,-19.477933667279636,-7.649892705058974,-20.50819934426809,-8.325775992078377,4403852,T20,0.6758832870194027,1.0302656769884564,4403852,1.0178563214580614,-121.816386,36.925571,Santa Cruz,1.2722449905441122,57.16662830025939,-19.30132432922821,-7.550585715056948,0.7751902770214292
0.9712328369473716,0.8921303956573486,0.0622659583732474,0.0,-23.67413375981201,-14.596343610013284,-24.536041443457584,-16.160977461256337,4403848,T20,1.5646338512430518,0.8619076836455726,4403848,2.671325406970798,-121.819352,36.87665,Santa Cruz,1.5921236530800063,21.310647358011643,-25.24229630370938,-14.61326943175898,1.5477080294973575
0.7176843240328885,0.3007143819921822,1.0,0.0,-22.835116701730264,-12.637362224742263,-22.571712723617573,-14.513327835650584,4403840,T20,1.875965610908322,-0.2634039781126915,4403840,1.1510541969604722,-121.811889,36.888385,Santa Cruz,0.8726294034447283,30.613121550364994,-22.25122189135681,-13.446986892435328,1.0663409432152555
1.0,0.8592253478706101,1.0,0.0,-23.00955799900155,-14.779886256157422,-24.24718867242972,-16.187783899971098,4403838,T20,1.4078976438136763,1.2376306734281712,4403838,1.285922836429835,-121.821959,36.88294,Santa Cruz,1.7689998881173197,31.55609772976718,-19.6514865238757,-11.161091099347905,5.026692800623193
0.7213763282579696,0.4881089286535719,0.0,0.0,-21.276715824923755,-14.54116826770077,-22.83573606298949,-14.4623627184902,4403837,T20,-0.0788055492105712,1.5590202380657343,4403837,1.6837984120050418,-121.810588,36.882941,Santa Cruz,0.7568929171947464,13.119408791690027,-22.176810844856213,-13.88015083580821,0.5822118826819889
1.0,0.8518816393552495,0.0407157937066452,0.0,-25.29391950124728,-15.347324249503895,-26.666372189147307,-15.997764542305932,4403812,T20,0.6504402928020365,1.3724526879000258,4403812,2.311280146770014,-121.82485,36.881725,Santa Cruz,2.0263536760857175,43.8468868582487,-24.34677546201612,-15.696551640772393,0.30121290153353897
0.9487136612282924,0.346929269283138,0.4806989465637916,0.0,-23.38035667390437,-10.775165239668498,-24.984093007706395,-12.175409105890813,4404222,T20,1.400243866222315,1.6037363338020256,4404222,6.479674483069837,-121.814891,36.886017,Santa Cruz,1.1398470168849977,33.033265453447356,-22.8552918375293,-11.103992558988615,1.0714165469021975
1.0,0.2513205236163209,0.0,0.0,-21.95817373733965,-12.967063441519608,-24.58281699815602,-14.06027289607325,4403806,T20,1.0932094545536426,2.6246432608163737,4403806,1.0065655145087038,-121.825185,36.884355,Santa Cruz,2.0561005173470437,31.04710540225401,-22.721792746925928,-12.584072654211193,1.476200241862058
0.0158533682456557,0.0,0.0,0.0,-18.898869453378246,-8.967429336137716,-19.32499760716124,-9.692518069440332,4403769,T20,0.7250887333026164,0.4261281537829937,4403769,3.241280571872397,-121.711084,36.936912,Santa Cruz,1.4326485210641589,33.41845435587686,-18.287242347703724,-8.948147221036972,0.74437084840336
0.6914238818219124,0.0742716454657365,1.0,0.0,-20.598107387756027,-12.556996575121026,-23.1898826484895,-12.948001767720378,4403708,T20,0.3910051925993514,2.591775260733474,4403708,1.1326447355472629,-121.812975,36.888747,Santa Cruz,0.9692802503265411,27.243600411350542,-20.227563273156523,-11.599007246646655,1.3489945210737222
0.442959356056842,0.0,0.0,0.0,-21.993746741499884,-10.749038788130475,-22.157621024012425,-11.527668022012984,4403688,T20,0.7786292338825085,0.1638742825125412,4403688,1.56087666210703,-121.828629,36.898041,Santa Cruz,1.991585818341374,35.40386527629233,-21.25923287683516,-8.977352499348575,2.550315522664409
0.926172776211228,0.3224814150217894,0.0,0.0,-21.050656378827835,-13.3409814968113,-23.351674911323737,-14.256968170959604,4403677,T20,0.9159866741483054,2.3010185324959025,4403677,1.818149337405408,-121.820519,36.881393,Santa Cruz,1.640862184059807,32.98994180364283,-18.676843392421954,-11.736578763093917,2.5203894078656877
0.8928719436386241,0.0,0.0,0.0,-22.12897789039225,-12.33645230824338,-23.39927705764577,-11.763504609389877,4403659,T20,-0.572947698853504,1.2702991672535229,4403659,0.3714478710729144,-121.826939,36.910284,Santa Cruz,1.8947812250128977,79.03527364877067,-21.16811314361197,-12.27062478571377,-0.5071201763238928
0.9446622351002782,0.8700642008976761,0.0,0.0,-25.306341408580945,-15.585867379694998,-25.19763196026953,-16.764541585661373,4403658,T20,1.1786742059663755,-0.1087094483114192,4403658,1.3609875585206883,-121.809288,36.88589,Santa Cruz,0.6411579562125493,27.44456791491693,-22.86922416091169,-15.471360288712734,1.2931812969486387
0.9149908592321756,0.8779054583442153,0.0,0.0,-22.134129726519223,-14.199577236778342,-24.49947018320358,-16.996516068429848,4403643,T20,2.796938831651506,2.3653404566843577,4403643,0.5958893423041488,-121.825661,36.883605,Santa Cruz,2.09848813941842,29.587813210755115,-22.071219086873786,-14.904460926923685,2.0920551415061635
0.1951494719460594,0.0,0.7930991778182943,0.0,-20.806149839445183,-10.082331757535616,-21.04458330658253,-10.191892223064777,4403635,T20,0.1095604655291602,0.2384334671373515,4403635,11.232482152539427,-121.754823,36.937287,Santa Cruz,0.2852448428165133,25.593973703262037,-20.052312972059735,-10.105137566866688,0.08675465619808875
0.9890260631001372,0.4272976680384088,0.0,0.0,-22.295461396907267,-13.419651514980776,-24.36693015416639,-14.456621307608296,4403617,T20,1.03696979262752,2.0714687572591224,4403617,0.6788358407477599,-121.827799,36.914219,Santa Cruz,2.1121556582934025,87.22712533791207,-21.491071857495893,-14.214408202266236,0.24221310534205998
0.9876619370758792,0.9497920439394242,0.348828879027283,0.0,-24.048280908072577,-14.953830444722223,-25.12970667285596,-16.5541489505849,4403599,T20,1.600318505862676,1.0814257647833827,4403599,3.8935299598729576,-121.818563,36.878156,Santa Cruz,1.5066072115823728,25.440233416482442,-22.26538545357291,-14.15584875137842,2.3983001992064796
0.7746800379594245,0.0263407627792454,0.0,0.0,-22.51802489235705,-12.565153631448291,-23.012217956214908,-13.20716111670459,4405110,T20,0.6420074852562987,0.4941930638578569,4405110,3.0196428508822915,-121.825896,36.908123,Santa Cruz,1.76052739256463,77.09200028644989,-22.05418167392476,-12.445501099810253,0.7616600168943375
0.8921475875118258,0.1130873541469567,0.0,0.0,-23.559134635207847,-13.65892461811594,-23.393162626920663,-13.79269093901122,4403572,T20,0.1337663208952779,-0.1659720082871842,4403572,1.2308739131965556,-121.824141,36.883732,Santa Cruz,1.9631942847021089,31.238079964028135,-22.58097486882105,-11.361117713296956,2.4315732257142635
0.6970762185299397,0.152206931467759,0.997163667326368,0.0,-21.50525352254765,-12.909540819894042,-22.66967974193734,-13.58793003758787,4405111,T20,0.6783892176938284,1.1644262193896893,4405111,13.440922778363854,-121.753892,36.962834,Santa Cruz,0.5314247561665048,50.06284089109728,-20.671841222295257,-12.343265737087757,1.244664300500114
0.0066736183524504,0.0,0.0,0.0,-17.603911682993903,-6.372394191164639,-18.293530645200452,-7.217235079315395,4403523,T20,0.8448408881507561,0.689618962206552,4403523,0.7432244695713895,-121.831403,36.916999,Santa Cruz,2.537023815307426,77.48574226785128,-16.440187772874793,-4.803961408286748,2.413273671028647
0.0968347843744447,0.0,1.0,0.0,-19.255435469179783,-9.681707048426112,-19.696233024652923,-10.6191794867873,4403518,T20,0.937472438361187,0.4407975554731393,4403518,3.050741565801012,-121.757674,36.934627,Santa Cruz,0.5511577324304159,26.740360781859422,-18.398522746763827,-9.629472201711202,0.9897072850760971
0.8702369285755465,0.0392575085029111,0.0,0.0,-22.06054108944012,-11.41801238615978,-23.91057568479613,-13.274358825916543,4403506,T20,1.8563464397567648,1.8500345953560144,4403506,1.3493903807407774,-121.811542,36.900912,Santa Cruz,0.47099533320470294,32.35474688709795,-20.84295284660934,-11.826042463448095,1.4483163624684483
0.1933753009027816,0.0,0.0291886693426612,0.0,-19.464950228284486,-7.669069115705921,-20.511241302780423,-8.431394618403377,4403500,T20,0.7623255026974567,1.0462910744959366,4403500,26.376894288535517,-121.738156,36.91584,Santa Cruz,0.6025937834059042,11.312620748374501,-19.479942903693,-8.036009464914237,0.3953851534891406
0.5794610740655044,0.1148741033677612,0.0,0.0,-20.92904909865636,-12.71692894427786,-22.298506245501702,-13.351339859683948,4403485,T20,0.6344109154060877,1.3694571468453454,4403485,3.677692054857796,-121.829715,36.915104,Santa Cruz,2.308228991522273,73.94837203629952,-19.486795737077628,-11.908032902773186,1.443306956910762
0.9452207937395196,0.8464118329965173,1.0,0.0,-23.73666361761129,-14.79648293903027,-24.45698345193374,-16.15413407615448,4403476,T20,1.3576511371242113,0.7203198343224493,4403476,1.799234535686774,-121.804342,36.889496,Santa Cruz,0.2009332527725512,17.621705563751046,-24.335566810223924,-14.79838173209506,1.3557523440594217
0.0620313565098841,0.0,0.0,0.0,-19.195033835069104,-12.16596727284166,-20.215299101092903,-12.840935719300708,4403465,T20,0.6749684464590491,1.0202652660238023,4403465,1.3648328009668087,-121.820855,36.910169,Santa Cruz,1.3706880607200658,78.29912055955364,-19.1786268716456,-12.554553282876808,0.2863824364238994
0.627834982165691,0.4023487448684299,0.0,0.0,-22.27130995987796,-13.807655145386985,-22.56448161306848,-14.797062400002224,4403459,T20,0.9894072546152408,0.2931716531905159,4403459,2.300313863246748,-121.822496,36.919603,Santa Cruz,1.815919693230308,53.29814936355932,-20.37060092101877,-13.294222294455263,1.5028401055469605
0.0196306641837368,0.0,0.013112973308504,0.0,-17.92374283742773,-10.782967967066469,-18.81323794183133,-11.228927802880964,4403454,T20,0.4459598358144969,0.889495104403597,4403454,0.9987655915767888,-121.810414,36.887753,Santa Cruz,0.7413585800323597,26.50633338902175,-18.590199627070344,-9.742084972119128,1.4868428307618355
0.9722735674676524,0.1835859519408503,0.1675415896487985,0.0,-21.78222893337943,-11.466946039690798,-23.35445758201541,-13.685544653581582,4403435,T20,2.218598613890784,1.572228648635981,4403435,1.048334391523445,-121.82374,36.882978,Santa Cruz,1.9275216984409949,32.1045115430342,-23.50119929686004,-11.812609647023155,1.8729350065584267
0.7414513086320265,0.569973809044122,0.0427755087089507,0.0,-22.37087042157523,-13.893977283441131,-23.73154372525589,-15.110002856135608,4404226,T20,1.216025572694475,1.3606733036806595,4404226,8.44005928920985,-121.810839,36.929495,Santa Cruz,0.7300332851129289,70.2004647937288,-22.092917645112195,-14.376698388909336,0.7333044672262723
0.7918969957081542,0.801545064377682,1.0,0.0,-23.075735664546688,-14.485122079623071,-22.909121633044684,-15.656801516169478,4403375,T20,1.1716794365464054,-0.1666140315020037,4403375,2.2638900525443044,-121.816948,36.877706,Santa Cruz,1.3804885026343228,16.73032244467019,-22.7956348136073,-13.746233834832037,1.910567681337442
0.9989153172696986,0.8053769272487797,0.0,0.0,-21.89929766841152,-14.69870315409576,-23.474982613004048,-15.772612729696208,4403364,T20,1.0739095756004478,1.5756849445925312,4403364,1.001825381435059,-121.823602,36.884321,Santa Cruz,1.9152047579487792,38.9063181464471,-22.24751735050357,-14.656856218808242,1.115756510887966
0.0678137651821862,0.0,0.5695344129554659,0.0,-17.9916515223661,-11.030667399112248,-19.09545022187468,-11.176691773747311,4403363,T20,0.1460243746350649,1.103798699508577,4403363,0.7622791117644698,-121.810631,36.888214,Santa Cruz,0.7606674152080396,26.804173845993855,-17.75227866112663,-9.93848236655666,1.2382094071906522
0.3068839802702123,0.312602759310887,0.0,0.0,-20.74722753100531,-14.093809465794804,-21.01968842794249,-14.411240628002286,4403362,T20,0.3174311622074821,0.2724608969371793,4403362,1.0810172682298984,-121.814921,36.926221,Santa Cruz,1.1419120954743518,58.911420392516305,-20.509826600097597,-13.42309307955926,0.9881475484430258
0.3653082027918202,0.0,0.0,0.0,-20.945982204952937,-11.246885810864768,-21.398361621486305,-11.155918910446593,4403359,T20,-0.0909669004181754,0.4523794165333648,4403359,3.6983208273485593,-121.82712,36.908834,Santa Cruz,1.879158560904621,70.82621935900946,-20.627599056471844,-10.408160267895576,0.7477586425510161
0.9943774279288488,0.9875281128603556,1.0,0.0,-25.050867539385543,-15.26941345386951,-24.38647798410929,-16.825917247954592,4403340,T20,1.5565037940850832,-0.664389555276248,4403340,0.7587795191718646,-121.813214,36.888116,Santa Cruz,0.9905597054672847,33.6952264037412,-23.916775100009176,-15.482434047457652,1.3434832004969408
0.495001249687578,0.4849412646838288,0.0,0.0,-21.430753500586302,-15.133940717640456,-22.007037850775323,-14.769077233157097,4403328,T20,-0.364863484483358,0.5762843501890167,4403328,1.2403422836819011,-121.822238,36.877441,Santa Cruz,1.8432395739108807,35.87480330377838,-19.948383877905155,-13.4672138529622,1.301863380194897
0.0130303682963601,0.3079905233685117,0.0,0.0,-21.52694954695241,-14.715721189422558,-20.100691729630945,-13.523869401386948,4403308,T20,-1.19185178803561,-1.426257817321467,4403308,0.7176369864406582,-121.818684,36.881758,Santa Cruz,1.4775225589216,32.230156397732216,-20.751582697203624,-11.814368756385123,1.7095006450018246
0.0068472306755934,0.0,0.1816261501557409,0.0,-19.054833785288903,-10.452866752500157,-18.62165920524279,-10.46413885261962,4404603,T20,0.0112721001194646,-0.4331745800461135,4404603,8.633057445756137,-121.730097,36.957123,Santa Cruz,1.5844048445239678,44.435589068131684,-18.45835880966664,-9.886654036653816,0.5774848159658035
0.3821165438713998,0.1893279749944184,0.0,0.0,-21.25060258220167,-12.97094824564947,-21.868477978406244,-13.63452255343118,4403299,T20,0.66357430778171,0.6178753962045747,4403299,1.3899807420075247,-121.831058,36.915757,Santa Cruz,2.4472995640620137,73.85638801283432,-20.438231491648377,-12.728137502701864,0.9063850507293161
0.0,0.0,0.7712455204360293,0.0,-17.01690305755814,-10.205899470635831,-17.232091065490312,-10.593686292317903,4400069,T20,0.3877868216820719,0.2151880079321735,4400069,6.712496476962307,-121.752544,36.948388,Santa Cruz,0.41164698484594,25.21339063542319,-16.598909104876373,-10.370832393609064,0.22285389870883954
0.9908706859515968,0.6954389230989546,0.0,0.0,-23.633667693192617,-14.398954606492737,-24.70810180973487,-15.019264623207256,4400093,T20,0.6203100167145212,1.0744341165422533,4400093,2.168564553297572,-121.823455,36.884884,Santa Cruz,1.9021067534554208,39.46240830711661,-22.24394193076658,-13.42459691753764,1.5946677056696164
0.5458345525226768,0.2972557789574885,0.0,0.0,-21.01669539810633,-13.18617296401599,-22.11780485807268,-14.191144659648376,4405124,T20,1.0049716956323866,1.1011094599663451,4405124,7.410775804211669,-121.815023,36.923484,Santa Cruz,1.151027226567999,48.96375050381492,-20.272639221069475,-12.244802531517063,1.9463421281313131
0.0111691587101423,0.005742208611061,0.0,0.0,-17.730125544970214,-12.04625205205074,-19.523552982264324,-12.949813887665258,4400140,T20,0.903561835614516,1.7934274372941097,4400140,3.4367676155069757,-121.845296,36.933205,Santa Cruz,2.9076435114756163,82.97272052689297,-18.68690668567797,-11.27793064764099,1.6718832400242682
0.8744921488964534,0.5578858753339923,0.0,0.0,-22.56386282564925,-14.6497880300789,-23.59634035093345,-15.14001785516419,4400153,T20,0.4902298250852901,1.032477525284197,4400153,2.1126414692553195,-121.811224,36.883952,Santa Cruz,0.8134910037738242,25.879903981619403,-23.498988212839716,-14.887010441621872,0.2530074135423188
0.893687707641196,0.7805094130675526,1.0,0.0,-24.103565199149063,-13.389966344685748,-25.51624994256726,-15.715030948616835,4400234,T20,2.3250646039310894,1.4126847434181968,4400234,0.7006732189515611,-121.813285,36.889516,Santa Cruz,0.9968604400488884,23.2284764630982,-22.528308458383176,-14.031752375951031,1.6832785726658042
0.5052069425901201,0.0198598130841121,0.0,0.0,-21.01594529694565,-10.932054561755807,-22.190192234750697,-11.738503650067244,4400235,T20,0.806449088311437,1.1742469378050444,4400235,2.321457786872349,-121.826716,36.908416,Santa Cruz,1.8369802082270197,73.06506033338437,-20.16151384733102,-10.700866880309396,1.0376367697578477
0.1948430212229766,0.0,0.0073854902659304,0.0,-19.216858308181056,0.916075616628953,-20.82178056251032,0.6392657874092075,4404235,T20,0.2768098292197455,1.60492225432926,4404235,23.429488538764627,-121.725741,36.919839,Santa Cruz,0.12048354405941146,12.366768681766546,-18.859249510077976,0.2917312390720226,-0.3475345483371849
0.754240685835342,0.0086026401888819,0.0,0.0,-22.86864192925837,-12.043822586907124,-23.44357474536411,-12.170525923537154,4400280,T20,0.1267033366300296,0.5749328161057399,4400280,15.62876578359617,-121.833226,36.897733,Santa Cruz,2.4007653129019646,27.96848269995517,-22.831308271553425,-11.539822735419456,0.6307031881176979
0.8297343568785551,0.6227978130004969,1.0,0.0,-22.2858722640031,-13.666027183461756,-23.49070995950382,-15.056303592005747,4400290,T20,1.3902764085439898,1.2048376955007214,4400290,1.394006697557764,-121.817388,36.878008,Santa Cruz,1.4091057807038676,18.82099425821003,-21.547826736637248,-12.933828226144367,2.12247536586138
0.6286944922132399,0.0,0.0,0.0,-20.3435880177462,-12.136508842548428,-22.4641704572142,-12.899850977976463,4400301,T20,0.7633421354280365,2.120582439468002,4400301,4.813957954523472,-121.828674,36.912935,Santa Cruz,2.1291789363703217,76.86794197049534,-20.249934533210595,-11.48350226875534,1.4163487092211238
0.2916911882724305,0.0545717190091487,1.0,0.0,-21.344140033952748,-12.71293164948518,-21.472023223675315,-12.773996856228631,4400302,T20,0.0610652067434518,0.1278831897225671,4400302,1.45415020244702,-121.812564,36.889093,Santa Cruz,0.9326966179090641,26.323726262704916,-19.960731949362668,-12.900260648262377,-0.12626379203374505
1.0,0.4129353233830845,0.0,0.0,-22.85075182804517,-13.727588561511975,-25.321860960609595,-14.785673478185585,4400334,T20,1.0580849166736073,2.471109132564425,4400334,1.0066055095787825,-121.825459,36.884046,Santa Cruz,2.0804966496398443,30.206718510957305,-23.522651219978847,-13.726849229156327,1.0588242490292572
0.9046936581870296,0.33801504836976,0.1195509375373223,0.0,-22.710057442407905,-14.303541343754986,-24.295978999130018,-14.57852318723778,4400344,T20,0.2749818434827951,1.5859215567221128,4400344,3.231226507736898,-121.806045,36.890386,Santa Cruz,0.35249620620155847,16.448672728092596,-22.861997172937897,-13.578177125935744,1.0003460613020358
0.1019575099730958,0.0,1.0,0.0,-19.09377537400309,-12.127236464968668,-19.911602882363283,-12.387882091717335,4400345,T20,0.2606456267486674,0.8178275083601889,4400345,2.494855400505596,-122.221138,37.03234,Santa Cruz,1.2064397991983387,31.69258694351318,-17.696455412138096,-12.053218798723336,0.33466329299399966
0.5173034663642165,7.08867937903169e-05,1.0,0.0,-21.492712176680996,-8.782691309722704,-22.229603311348573,-9.251125437574748,4405129,T20,0.4684341278520438,0.7368911346675802,4405129,5.45057058280318,-121.75789,36.931118,Santa Cruz,0.9411906338668453,26.033717824468518,-21.11957442620404,-8.72853349475082,0.5225919428239276
0.980557507613024,0.6259857890216286,1.0,0.0,-23.375964254439165,-14.96273925037688,-25.02856103199544,-15.730912017834267,4400365,T20,0.7681727674573864,1.6525967775562762,4400365,0.9940127118662888,-121.810933,36.889047,Santa Cruz,0.787537242804937,30.23777651137095,-24.339072310922077,-15.024619084592958,0.7062929332413095
0.345616995929713,0.0458850392137397,0.0,0.0,-20.50731145371373,-13.350424744924757,-21.63430270991307,-13.790412115272328,4404105,T20,0.4399873703475698,1.1269912561993394,4404105,3.899389017897336,-121.844358,36.933529,Santa Cruz,2.817204930462898,84.6689609874103,-19.19449693960585,-11.966942498637827,1.823469616634501
0.3467126323565624,0.0,0.0,0.0,-20.835409072008733,-12.514494073667665,-21.540504114460287,-13.29616492678419,4400385,T20,0.7816708531165268,0.7050950424515534,4400385,0.9481436342485424,-121.827312,36.913343,Santa Cruz,2.0332058696577757,84.23647664863955,-19.660036851101964,-11.6663354606006,1.6298294661835904
0.868638392857143,0.4512276785714284,0.0,0.0,-23.74545590937649,-14.517421194243289,-23.261726101173952,-14.73471971234508,4400387,T20,0.2172985181017921,-0.4837298082025363,4400387,3.465526964261729,-121.818334,36.907824,Santa Cruz,1.0894580301058716,70.80034226604872,-22.957642810688423,-14.192211238161432,0.5425084741836486
0.915896468011843,0.1905026041479069,0.0,0.0,-23.929443205358474,-13.150294976742906,-24.10678034540464,-13.578979721424451,4400392,T20,0.4286847446815454,0.1773371400461663,4400392,10.745099221224114,-121.811055,36.901867,Santa Cruz,0.4276534458084482,35.137439322782335,-21.94477702663214,-12.455153018305015,1.1238267031194358
0.6573747030167157,0.4153958954618839,0.0,0.0,-21.624837632831973,-13.933688357056132,-22.68518307296268,-14.619432020751162,4400396,T20,0.68574366369503,1.0603454401307069,4400396,10.971899471365557,-121.815008,36.908203,Santa Cruz,0.8090466936239739,72.12107161379394,-21.45728511423933,-13.508977300712903,1.110454720038259
0.0312312884437428,0.0,0.0,0.0,-18.453198399038087,-9.385364610531802,-19.21175187622149,-10.245718725182458,4400414,T20,0.8603541146506561,0.7585534771834048,4400414,5.688987718799765,-121.644735,36.895826,Santa Cruz,0.08760754113165937,24.356361134116792,-18.18258321041729,-9.0536845561895,1.1920341689929579
0.9018481317798314,0.5382884692647649,0.0,0.0,-21.787270813238,-13.90040590184516,-23.447888705735107,-15.193743094067385,4400426,T20,1.2933371922222214,1.6606178924971111,4400426,1.935887048457352,-121.824641,36.885168,Santa Cruz,2.007659712952946,39.42218153858912,-21.29867226518792,-12.875545039093694,2.3181980549736902
0.9344402959115048,0.7217596994503839,0.3564156675401776,0.0,-23.041762734372423,-15.297535926620624,-25.32962716381888,-15.767631970240586,4400462,T20,0.4700960436199608,2.287864429446458,4400462,3.337588123148163,-121.821971,36.88129,Santa Cruz,1.77010644977159,38.914257138777465,-23.363923427644405,-14.214341872383503,1.553290097857083
0.0,0.0,0.0,0.0,-18.18787009429823,-11.55303864982258,-18.73273750469316,-10.903676499841668,4400469,T20,-0.649362149980913,0.5448674103949323,4400469,1.9242272208803792,-121.71983,36.94264,Santa Cruz,1.005284875484874,39.726438920037424,-19.51825157373501,-10.56067787074054,0.3429986291011282
0.2140531276778063,0.0506793977230995,0.0,0.0,-20.346517717324478,-13.837886690761549,-21.054066795466788,-13.483546689767376,4400475,T20,-0.3543400009941724,0.7075490781423142,4400475,3.160736955040021,-121.843355,36.933713,Santa Cruz,2.7294007544203085,82.8492361139005,-19.43359788403232,-11.775149395750535,1.7083972940168408
0.4401020573465088,0.0,0.0,0.0,-20.69740600359697,-10.401213375464286,-21.64620116901077,-10.888364189135258,4400484,T20,0.4871508136709721,0.9487951654137988,4400484,1.9117175644625364,-121.828882,36.898402,Santa Cruz,2.0140907171518623,33.96130960987584,-22.37894771416408,-10.184867687938688,0.7034965011965699
1.0,0.9031712242781508,0.0,0.0,-25.24815858178402,-15.599164891567964,-26.91168531511516,-17.246890640021014,4400496,T20,1.64772574845305,1.6635267333311423,4400496,1.4221665880218664,-121.821648,36.878626,Santa Cruz,1.765671510876985,39.4779221071608,-24.475874221697573,-15.817961051887648,1.4289295881333661
0.596819615256503,0.0119480721729312,0.4127578763404811,0.0,-21.828193629960214,-11.346395409185332,-22.25311600639484,-12.057062399527275,4400497,T20,0.7106669903419451,0.424922376434619,4400497,17.868091473883382,-121.704434,36.91988,Santa Cruz,1.0515530818165424,14.385404605327768,-21.112414035415373,-11.04819627797652,1.0088661215507546
1.0,0.9835926449787836,0.5936350777934936,0.0,-23.339069509829727,-15.82594379782896,-25.336163798466504,-16.376618104913103,4400548,T20,0.550674307084142,1.9970942886367773,4400548,2.740258310160893,-121.818093,36.878779,Santa Cruz,1.4512113898029315,29.16336366780239,-23.730618391910667,-14.66142237928593,1.7151957256271722
0.7006706286462024,0.6705741235483342,0.0,0.0,-22.121158347629382,-13.754385878888971,-23.160419707538395,-15.297145300878372,4400549,T20,1.5427594219893983,1.0392613599090126,4400549,2.8364892732614253,-121.814575,36.924273,Santa Cruz,1.1111615015987562,51.94364498873247,-22.858161785802736,-13.365603317239508,1.9315419836388639
1.0,0.8980749141919119,0.0,0.0,-26.374166003571503,-15.87127281464133,-25.811161369269485,-16.7787069531582,4400557,T20,0.9074341385168694,-0.5630046343020183,4400557,1.555683957416875,-121.820899,36.878643,Santa Cruz,1.6996311879941552,38.17238158583849,-24.422964999272644,-14.310936401799408,2.4677705513587913
0.7902031816034022,0.782012915419751,0.0,0.0,-22.71514295838658,-14.806379118596974,-23.757229302334355,-16.05756173514073,4400564,T20,1.2511826165437565,1.0420863439477763,4400564,1.475149587562957,-121.809678,36.885457,Santa Cruz,0.675873479388759,27.403183551787734,-22.452077941880383,-14.751298671496142,1.3062630636445878
0.7320242838171123,0.0,0.0,0.0,-20.185194869063263,-7.764667524312846,-22.779068798205017,-8.55514223439594,4400579,T20,0.7904747100830933,2.593873929141754,4400579,0.8150608519474478,-121.850195,36.93465,Santa Cruz,3.2308013964091957,47.13688914958133,-19.46317167202564,-7.408358763036465,1.1467834713594742
0.2014825497900841,3.055543672885716e-05,0.7841197284232784,0.0,-20.60740739754213,-9.187405693382836,-20.578074967130803,-9.860347932403544,4400581,T20,0.672942239020708,-0.0293324304113262,4400581,12.66246438966601,-121.754191,36.937991,Santa Cruz,0.2548026217145719,25.19645237569346,-20.897977498071544,-9.376059880335797,0.48428805206774683
0.2565913489330685,0.0576821574886269,0.0,0.0,-21.099073172641965,-14.108977642107682,-21.442789842507977,-13.519474150849389,4404616,T20,-0.5895034912582933,0.3437166698660121,4404616,3.0788563952704564,-121.850196,36.925718,Santa Cruz,3.7273865874425645,45.03136175297875,-20.721744587648715,-12.538721102677254,0.9807530481721347
0.9808529809280672,0.1898933773839916,0.6594083195675028,0.0,-24.99544234321439,-13.798741950655476,-23.74575394743034,-14.317269389436282,4400603,T20,0.5185274387808061,-1.249688395784048,4400603,1.0316387945570955,-121.823751,36.882126,Santa Cruz,1.9285224249018893,33.77679926097026,-23.421700824653747,-12.34845662402148,1.9688127654148015
0.4173859970354868,0.0972185892405615,0.0,0.0,-21.562804311259736,-14.312545680739758,-22.17387964756777,-14.129677807827845,4400607,T20,-0.182867872911915,0.6110753363080299,4400607,0.8815815224866284,-121.815379,36.926054,Santa Cruz,1.182657001785615,60.79107412766825,-22.26963687025161,-13.373844596419955,0.7558332114078894
0.5893460776314257,0.0,0.0,0.0,-20.368309912494134,-7.314537179720523,-22.28480209476344,-7.00802861162063,4400617,T20,-0.3065085680998933,1.9164921822693053,4400617,2.6537830929378448,-121.85029,36.935268,Santa Cruz,3.212852778867628,48.8606728249072,-20.747872898221438,-5.726632266725112,1.2813963448955183
0.3776322887996854,0.0,0.0,0.0,-21.01666628979265,-8.584706130067639,-21.49794968549293,-9.155511430651265,4400642,T20,0.5708053005836256,0.4812833957002809,4400642,25.39363398647975,-121.79569,36.881647,Santa Cruz,0.17816148366930978,3.733914147193223,-20.22467496718208,-8.795194400674625,0.36031702997664006
0.0035339361812701,0.0,0.0,0.0,-17.49856927892699,-9.437306356617958,-19.031377242194147,-10.580565604285717,4400644,T20,1.1432592476677588,1.5328079632671567,4400644,5.941775522987922,-121.729542,36.962114,Santa Cruz,1.633648359942245,50.36684306705461,-17.46432664929132,-10.1296118838776,0.4509537204081173
0.4071574917136688,0.2644981133269521,0.0,0.0,-20.94937246079214,-12.821543719453594,-21.478419172174643,-13.964417040249891,4405302,T20,1.1428733207962996,0.5290467113825024,4405302,9.785825577643308,-121.866361,36.944278,Santa Cruz,4.020688333000184,43.452939503680234,-19.94243892268171,-12.132119199830932,1.8322978404189598
0.025268213383519,0.0,0.0833560990087656,0.0,-18.675621350077368,-9.61313529935359,-19.289600564125752,-9.858707086663095,4405406,T20,0.2455717873095046,0.6139792140483848,4405406,22.93598466102173,-121.797738,36.914461,Santa Cruz,0.38669587160474933,21.143244628251313,-18.518862132995537,-9.31932334887081,0.539383737792285
0.0,0.0,0.0,0.0,-17.496973564380415,-11.363095562178431,-18.816985538174187,-10.84881426269769,4400668,T20,-0.5142812994807429,1.320011973793772,4400668,1.4933403787584676,-121.742931,36.961192,Santa Cruz,0.44317196524923036,32.91274924195933,-17.78425953350271,-10.151818406505187,0.6969958561925029
1.0,0.8508757353185548,0.0,0.0,-24.419057209197486,-15.886274501128325,-25.815571068545,-15.951095346209192,4400685,T20,0.0648208450808685,1.3965138593475146,4400685,2.3303595538807,-121.821022,36.880007,Santa Cruz,1.6913176525122933,39.979560021385204,-23.96324965322366,-15.261960844854894,0.6891345013542978
0.0,0.0,0.0,0.0,-17.05297041966986,-7.626527999447624,-17.30339874045521,-7.3854900596400945,4400692,T20,-0.2410379398075299,0.2504283207853497,4400692,1.567302269239325,-121.644304,36.898265,Santa Cruz,0.01415232729807484,24.427556394179394,-16.805773544261285,-7.279862912489244,0.10562714715085075
0.9104121249870236,0.8129347036229626,0.0,0.0,-24.234780120185704,-13.816684108082717,-23.833623508884035,-15.86123590460044,4400698,T20,2.044551796517723,-0.4011566113016691,4400698,0.7418783796614773,-121.830035,36.91663,Santa Cruz,2.410431929714662,75.439345720264,-24.250239755081697,-14.167484333344264,1.6937515712561755
0.908967667593032,0.837931268216634,0.3468447095505999,0.0,-23.088357338414443,-14.747335140058013,-23.932576026387245,-15.85152082256958,4400699,T20,1.1041856825115683,0.844218687972802,4400699,1.142811966045548,-121.810985,36.887418,Santa Cruz,0.7921822711772721,29.9539709341354,-21.756503579779626,-14.988463870418618,0.863056952150961
0.908916701598898,0.0441942631295287,0.0,0.0,-23.612294566283943,-11.821917970699436,-24.57625530759988,-12.733798654580578,4400713,T20,0.911880683881142,0.9639607413159332,4400713,1.2955242800685849,-121.81927,36.879446,Santa Cruz,1.5428187659026185,39.163053254094876,-22.07275809426765,-11.897767729758282,0.8360309248222961
1.0,0.8265814786210769,0.6891104402162463,0.0,-25.073235080353783,-14.592351015179087,-26.217018396162715,-16.127673276496125,4400719,T20,1.5353222613170363,1.1437833158089283,4400719,1.1043711168045698,-121.812237,36.886803,Santa Cruz,0.9036207041545053,34.6752090024235,-25.17289875260279,-14.4532237783982,1.6744494980979248
0.2956221198156681,0.1075172811059907,0.0,0.0,-20.739954417450974,-12.712241313327358,-20.97830117183229,-13.492242342026625,4400738,T20,0.7800010286992674,0.2383467543813111,4400738,5.375826556944864,-121.870654,36.943939,Santa Cruz,3.9108005813294193,39.43876391879975,-20.519923384000865,-13.66665785540706,-0.17441551338043482
0.4475817613793649,0.0255558496156431,0.0,0.0,-21.293682676854647,-12.426194847135784,-21.848307534245407,-12.757864011125276,4405137,T20,0.331669163989492,0.5546248573907597,4405137,25.41879945043488,-121.686244,36.927548,Santa Cruz,1.9269725443812962,20.45916274250337,-21.55101624231285,-12.27477744648768,0.4830865646375955
0.0651830689421847,0.0,0.4657920457108483,0.0,-17.837522740182205,-8.22535810718082,-19.628916551064822,-8.987672733845416,4400759,T20,0.7623146266645957,1.7913938108826173,4400759,10.290124372270547,-121.776719,36.896165,Santa Cruz,1.2417010257411005,5.330755683277142,-18.0343963810806,-7.877820012282506,1.10985272156291
1.0,0.8109503032882837,0.7098542087900396,0.0,-24.416664136395863,-14.165729575824267,-24.492776750673475,-16.006049835116634,4400762,T20,1.840320259292365,0.0761126142776085,4400762,1.4526421932010742,-121.821532,36.882411,Santa Cruz,1.7310056464904537,27.084706787607878,-20.58473496790163,-11.164231554548325,4.84181828056831
0.3388488495107114,0.0,1.0,0.0,-21.002004351716543,-9.995069442794083,-21.726940317248573,-10.324021451897943,4400773,T20,0.32895200910386,0.7249359655320298,4400773,4.68539577849929,-121.757066,36.936082,Santa Cruz,0.38942870775402993,26.851302748696252,-20.376701333565386,-10.262545933283466,0.06147551861447731
0.98821775512167,0.924256997210734,0.0,0.0,-23.582988864015245,-16.011751635260623,-24.156077621823584,-16.249280511015975,4400774,T20,0.2375288757553519,0.573088757808339,4400774,1.6071931643726476,-121.820984,36.877564,Santa Cruz,1.731506557167753,38.53154473920688,-22.77378070118795,-14.517070199610744,1.7322103114052307
0.2842337375964719,0.0140389562660786,0.0,0.0,-18.329870826459587,-10.529425290632132,-20.471247665970765,-11.28311818394686,4400793,T20,0.753692893314728,2.141376839511178,4400793,1.0548364482097798,-121.820272,36.882983,Santa Cruz,1.618842922625881,27.792780156189885,-15.098040360218478,-8.019469083892174,3.2636491000546854
0.5472228920504781,0.0,0.0,0.0,-21.014558980158988,-8.40015839234901,-22.14920946760036,-9.213425209944864,4404240,T20,0.8132668175958546,1.1346504874413732,4404240,37.529668224397874,-121.733504,36.911828,Santa Cruz,0.15664398258825588,10.486278414948119,-21.024668638984515,-8.489391297987583,0.7240339119572816
0.0282660724601799,0.0,0.0,0.0,-17.88714361152302,-10.27340992933787,-18.872162914336297,-10.40925362265924,4400796,T20,0.1358436933213695,0.985019302813278,4400796,1.8720697962347428,-121.849317,36.934836,Santa Cruz,3.1507839922002896,50.77586987967576,-17.840301913377314,-9.27415849722973,1.13509512542951
0.9399725506248344,0.5951457947075679,0.0,0.0,-23.781771305124657,-15.401260937543736,-24.86123639883515,-15.164991225144083,4400820,T20,-0.2362697123996504,1.0794650937104926,4400820,3.2152420008311595,-121.830674,36.898728,Santa Cruz,2.1735507573465527,29.989231792629152,-24.653099655442297,-14.699917649071883,0.4650735760722
1.0,0.8180994729907773,0.0163043478260869,0.0,-22.792859675386755,-15.42319773038246,-25.17465559890721,-16.423988820169644,4400821,T20,1.0007910897871837,2.381795923520457,4400821,0.9393606664494653,-121.822254,36.878672,Santa Cruz,1.8180784322900956,38.328370276804186,-24.7719394550215,-14.562921694544809,1.8610671256248352
0.8463007639726579,0.5363892239646161,0.0,0.0,-21.9051889363798,-13.91915945208602,-23.311660391599823,-15.047898978656807,4400825,T20,1.1287395265707882,1.4064714552200217,4400825,0.7684373761010191,-121.829384,36.91563,Santa Cruz,2.3074407398605103,73.64405525646201,-22.415315056578745,-14.09690434667506,0.9509946319817466
0.8185977859778597,0.1375645756457564,0.0,0.0,-23.79286364899806,-12.376643382009895,-23.320011479771956,-13.111771787511763,4400838,T20,0.7351284055018681,-0.4728521692261083,4400838,0.5237659633051445,-121.827474,36.915985,Santa Cruz,2.176548479966465,82.2210054731193,-21.00978939327444,-13.42552648337738,-0.313754695865617
0.76774684025468,0.7184263042858497,0.0,0.0,-21.811548105024137,-13.963521220542251,-23.313921501968387,-15.500171249711386,4400843,T20,1.5366500291691343,1.5023733969442503,4400843,0.8121013395708824,-121.818651,36.881332,Santa Cruz,1.4745935317828147,31.02039479461672,-19.250056035968548,-11.105276962439174,4.394894287272212
1.0,0.6107935743938392,0.0,0.0,-23.854741139816507,-14.574506410994909,-25.77868530979048,-15.24823970854178,4400856,T20,0.6737332975468728,1.9239441699739717,4400856,1.2807766358239816,-121.820339,36.880233,Santa Cruz,1.62879379380341,41.7561554635348,-24.09484311569745,-13.787152500925307,1.4610872076164725
0.9274275138803206,0.1121283158544108,0.3355953115360888,0.0,-22.87235346287696,-12.842653439889975,-24.18035412689568,-13.58956903542608,4404131,T20,0.7469155955361018,1.3080006640187172,4404131,3.1369929239854013,-121.814555,36.887891,Santa Cruz,1.1099142314584054,41.01700050612867,-22.82173713426949,-13.479235227260316,0.11033380816576432
0.0,0.0,0.0,0.0,-17.43993536772688,-9.809593964192564,-18.49384740372028,-11.283231269008924,4400862,T20,1.473637304816359,1.0539120359934024,4400862,1.1371155936477937,-121.743493,36.961225,Santa Cruz,0.3932010046932099,32.53197256002298,-18.205168465170868,-10.591061081610468,0.6921701873984567
0.8936438225581316,0.4961699519967316,0.4074490178054675,0.0,-22.874505662114945,-13.549070225941726,-24.024244401104447,-14.959283696730797,4400865,T20,1.4102134707890706,1.1497387389895015,4400865,2.2704417475730096,-121.818661,36.876272,Santa Cruz,1.5219910483067254,14.364363043040317,-21.97742707528449,-12.608315196594882,2.350968500135915
0.849419083340957,0.5510474796450464,0.2475070899277285,0.0,-23.90093982963749,-13.947351426647344,-24.304164637900424,-14.909182808583587,4400880,T20,0.9618313819362464,0.4032248082629301,4400880,1.6950301918248836,-121.804566,36.890422,Santa Cruz,0.22086656995355405,14.6179877844704,-23.389652440511966,-14.152409600512508,0.7567732080710794
0.4333189655172413,0.0,0.0,0.0,-20.10139357960229,-7.024375188043052,-21.414323718003637,-7.927386943554109,4405407,T20,0.9030117555110566,1.312930138401338,4405407,14.346041959017642,-121.725497,36.931484,Santa Cruz,0.1410088117778596,20.52059754897294,-19.66051462096276,-6.921275376830909,1.0061115667231997
0.7351849101440667,0.1010375336827141,0.0,0.0,-21.040768603986063,-12.598120393129769,-22.76417408511279,-13.018037309128072,4400894,T20,0.4199169159983054,1.723405481126722,4400894,3.64672332872667,-121.827538,36.909411,Santa Cruz,1.926576572995964,71.06531844129285,-21.014173304333056,-12.891016512216858,0.12702079691121426
0.9622142089918676,0.9989258861439312,0.2171244437624674,0.0,-22.783600956238534,-16.09879441291298,-25.204812582223116,-16.464128899719118,4400917,T20,0.3653344868061374,2.4212116259845797,4400917,2.008416703318698,-121.812549,36.886004,Santa Cruz,0.9313995072916259,38.174040608525345,-24.368287518762106,-15.135710754804018,1.3284181449150996
0.9468542092304468,0.6722588925559222,0.0,0.0,-23.657735954141422,-14.89085285937963,-24.91221825956092,-15.361780759834014,4405143,T20,0.4709279004543845,1.25448230541949,4405143,5.902426139133166,-121.813319,36.882308,Santa Cruz,0.9999813786615704,26.887308833972412,-23.45347698579876,-14.399997976815555,0.9617827830184584
1.0,0.7423874966316355,0.0,0.0,-24.57576688759711,-14.01093826622458,-25.07633506021685,-15.652720921796853,4400934,T20,1.641782655572273,0.5005681726197437,4400934,1.1524815311159675,-121.827471,36.914779,Santa Cruz,2.1128803778531466,87.37691634056604,-21.60797242342904,-14.325432715853903,1.3272882059429492
0.6644752289269781,0.065743132190655,0.0,0.0,-22.49120338346877,-10.372756356455351,-22.87359860384001,-11.804584298100773,4400967,T20,1.4318279416454214,0.3823952203712402,4400967,0.3331060094608837,-121.829541,36.916379,Santa Cruz,2.3584922317002976,73.12445690856347,-19.95138711358664,-10.45672898362058,1.3478553144801921
0.717136597447133,0.0089064583730234,0.0,0.0,-21.977697643393952,-12.218498226243316,-23.337513472972788,-12.018487257798844,4400977,T20,-0.2000109684444719,1.3598158295788352,4400977,1.6251476209469935,-121.828454,36.897689,Santa Cruz,1.9761787806176505,35.52838969525894,-22.662219917945738,-11.370336864963948,0.6481503928348964
0.0,0.0,0.0,0.0,-18.585298923146173,-9.65124806907915,-18.096447742845005,-9.554949985942166,4404463,T20,-0.0962980831369844,-0.4888511803011681,4404463,1.0173679163470672,-121.759011,36.977315,Santa Cruz,0.4888048864165389,46.77611223779569,-18.010202423475846,-9.505216592878751,0.04973339306341451
0.6123615299323328,0.0,1.0,0.0,-21.12032367530764,-8.261167936182414,-22.20382013508833,-9.21411290187088,4404313,T20,0.9529449656884664,1.0834964597806866,4404313,14.92737526539832,-121.759517,36.930081,Santa Cruz,1.0564608515185057,24.444234194757414,-20.31877909071292,-8.159295574560934,1.0548173273099462
0.7920357481809555,0.1828930718127175,0.0,0.0,-21.587528653978627,-13.686092690577953,-22.8058185967967,-14.177009859160645,4401013,T20,0.4909171685826905,1.218289942818075,4401013,1.9512490428192824,-121.824452,36.884363,Santa Cruz,1.9908588544815098,34.72278680646015,-21.117377636203894,-13.30274039638659,0.8742694627740555
0.0018913414645954,0.0,0.0,0.0,-17.509683802594722,-9.503148722501304,-18.52325866657379,-10.445885972995969,4401027,T20,0.9427372504946624,1.0135748639790665,4401027,23.9600406082283,-121.728361,36.961058,Santa Cruz,1.738681081006103,52.148167839539916,-17.133438740936043,-9.153105980399353,1.292779992596616
0.6064479744336874,0.2652739919165335,0.0,0.0,-22.51529702374893,-12.846468340909624,-22.21076235093534,-13.950478110018596,4401034,T20,1.1040097691089734,-0.3045346728135882,4401034,3.287351204876996,-121.683646,36.926177,Santa Cruz,1.8294347021728963,19.341398756848488,-21.43417798128551,-12.42221004170064,1.5282680683179564
0.1897047810492294,0.0,0.0,0.0,-17.447168774753337,-10.88012441408593,-20.016096538924337,-11.439799587479095,4401046,T20,0.5596751733931651,2.5689277641710007,4401046,1.9646792157749264,-121.848708,36.934173,Santa Cruz,3.1307245573802858,52.01021358436913,-16.501824532866728,-10.836273940907276,0.6035256465718195
0.6480162209557212,0.2608505041648399,0.0,0.0,-19.91248283965656,-12.219374174351511,-22.55152833047877,-13.974928168978847,4401049,T20,1.755553994627336,2.6390454908222125,4401049,1.4080152315261918,-121.819591,36.881693,Santa Cruz,1.5582551656489794,33.32856328599237,-17.07408753100837,-8.257026295162246,5.717901873816601
1.0,0.720050547598989,0.0,0.0,-23.466410635499933,-14.78093404997281,-25.639304130823163,-16.325443045997012,4401053,T20,1.5445089960242022,2.1728934953232297,4401053,0.922942478203584,-121.820234,36.878762,Santa Cruz,1.6390513529238184,36.8760760872125,-22.86608988824494,-14.461089742757116,1.8643533032398967
0.6281879942087093,0.0055128633478115,0.0,0.0,-22.5240866551094,-14.008918995469664,-22.65517492211065,-12.744725231279713,4401074,T20,-1.2641937641899528,0.1310882670012532,4401074,1.3902410060203738,-121.830512,36.915995,Santa Cruz,2.41531870942893,76.74930356900138,-20.924050401498413,-13.194993273038335,-0.4502680417586227
0.9361097790401712,0.1637463572983142,0.0,0.0,-22.574527907595627,-14.363218808158704,-23.437891927778608,-13.97914161188414,4401107,T20,-0.3840771962745641,0.8633640201829813,4401107,2.1056296911255905,-121.829207,36.899314,Santa Cruz,2.0429877927693965,35.62601680249737,-23.25654263595272,-14.469693745886998,-0.4905521340028578
0.8867839397203721,0.3084950584767288,0.0,0.0,-23.25168148555138,-13.37707649048641,-24.009955086383755,-13.932089647038346,4401123,T20,0.5550131565519365,0.7582736008323749,4401123,41.12472450917273,-121.819502,36.901892,Santa Cruz,1.1793139707095486,53.012066575668854,-22.757592947712787,-12.487829017464485,1.4442606295738614
0.8874620060790275,0.8624113475177306,0.0,0.0,-24.94962812900677,-15.918117302776611,-25.46931130790201,-16.954027261067235,4401154,T20,1.035909958290624,0.5196831788952387,4401154,3.056176903818478,-121.818667,36.88083,Santa Cruz,1.4767669237809804,36.2095538856773,-22.971839673528308,-15.438084094391776,1.5159431666754593
0.7340695608022344,0.4351675552170602,0.0,0.0,-21.382010889674365,-13.879210499418791,-22.71068899551803,-14.56310964225199,4401201,T20,0.6838991428331962,1.3286781058436643,4401201,2.435387088435565,-121.811731,36.885489,Santa Cruz,0.8585999418849833,35.18070998716003,-20.391353588800783,-13.516292775356233,1.0468168668957567
0.0,0.0,0.423404438857875,0.0,-14.802054413495991,-9.558626796497007,-16.357560454110914,-10.063526066303924,4401203,T20,0.5048992698069181,1.5555060406149206,4401203,6.28264893599416,-121.753429,36.947962,Santa Cruz,0.48316792482455617,28.836641602941192,-15.498934647194188,-10.0515433619574,0.011982704346523931
0.9973691902952352,0.6021631102016957,1.0,0.0,-23.53861007408476,-12.975321611863407,-25.416721342369875,-15.261735844698372,4401228,T20,2.286414232834966,1.8781112682851135,4401228,0.5326837267342522,-121.811447,36.887937,Santa Cruz,0.8332957230616082,29.329821012620172,-21.703058406018,-12.575380689071991,2.68635515562638
0.4275427986659516,0.1313828114885983,0.0,0.0,-20.718682044255324,-12.294430681762467,-21.757277354608096,-12.999609652972772,4405152,T20,0.7051789712103034,1.038595310352772,4405152,12.538948070888022,-121.832415,36.912331,Santa Cruz,2.4243094533492386,65.95207816944668,-19.21650208446069,-11.70374635168674,1.2958633012860314
0.7640873550822325,0.3050013480722566,0.0,0.0,-22.68797623323392,-13.511846448991562,-23.51983836205543,-14.404137264323433,4401269,T20,0.8922908153318705,0.8318621288215127,4401269,1.1453136996093527,-121.824758,36.885775,Santa Cruz,2.0180571770448683,41.53072123528814,-21.071460920516124,-13.034721623055038,1.3694156412683949
0.1405464418076824,0.0697848133996035,0.5677306288964864,0.0,-18.99979620766165,-12.898466528534104,-20.160192508086748,-13.393965220898757,4405153,T20,0.4954986923646522,1.160396300425102,4405153,2.693713397150378,-121.811762,36.887432,Santa Cruz,0.8613370442041388,29.656018772268265,-18.55241215824279,-11.842398329692246,1.5515668912065106
0.3426772775864116,0.0692481292315001,0.3577028150611711,0.0,-22.192635369580007,-13.064649574743402,-21.45939541578289,-13.327134611988551,4401286,T20,0.262485037245149,-0.7332399537971206,4401286,1.300559830971015,-121.816618,36.880127,Santa Cruz,1.2996726264439824,28.122870287797223,-19.79916820701193,-12.919576264226162,0.4075583477623894
0.7701026008112619,0.0,0.9342638988308276,0.0,-22.729211163203747,-12.889532717076955,-23.031772156096203,-13.062768629183614,4401304,T20,0.1732359121066586,0.3025609928924559,4401304,0.6467809112580003,-121.810613,36.888571,Santa Cruz,0.7590618177003879,27.4775664892267,-21.086373771438534,-12.519798036201491,0.5429705929821225
0.0,0.0,0.5170572470630906,0.0,-16.783208540683066,-10.684899747081008,-18.631163298457384,-11.181578682658277,4401306,T20,0.4966789355772665,1.8479547577743176,4401306,3.836667010427874,-121.778639,36.978671,Santa Cruz,0.32813008804217436,61.96952540726465,-17.407032020998084,-9.68223659011124,1.499342092547037
0.944602230260994,0.892194086519776,0.3921791383897874,0.0,-22.583133798619706,-15.44441450519275,-24.554299845389867,-16.309797937992602,4401313,T20,0.8653834327998524,1.9711660467701613,4401313,2.586698266047749,-121.805261,36.889074,Santa Cruz,0.28272587083351547,17.917542627222772,-23.450007223995147,-15.810845133954675,0.49895280403792697
0.0,0.0,1.0,0.0,-16.411933793448462,-10.317204059364723,-17.16819728636746,-10.691942395974351,4401325,T20,0.3747383366096262,0.7562634929189969,4401325,0.6091627232746106,-121.759577,36.949859,Santa Cruz,0.951333550705951,33.08580334249295,-17.20456481412173,-8.182926196093565,2.5090161998807865
0.5604966425947042,0.6963131889015585,0.0,0.0,-23.120832794687107,-14.726566097549336,-22.29400453939412,-15.75975636920244,4401334,T20,1.0331902716531047,-0.8268282552929875,4401334,0.6065465140819777,-121.827146,36.915945,Santa Cruz,2.1490436470909056,81.90104506814136,-21.466843655671383,-14.3805757195021,1.3791806497003414
0.0010614101592115,0.0,0.0,0.0,-17.92835803261315,-9.65871438929695,-18.36882265557728,-10.1731536428567,4401363,T20,0.5144392535597504,0.4404646229641251,4401363,1.5259609984988871,-121.744863,36.960096,Santa Cruz,0.2713901837571293,22.526430467610897,-17.556558732898505,-9.105592801497805,1.0675608413588957
0.2912277401555054,0.0226674191121143,0.0,0.0,-19.75112266249904,-11.6132429282882,-20.310782309003315,-11.754895350173344,4401369,T20,0.1416524218851442,0.5596596465042794,4401369,2.469510956276219,-121.819849,36.882314,Santa Cruz,1.581206605102112,31.203407800433805,-15.739493879035894,-7.3715732411823,4.383322108991044
0.91285430929682,0.2608612195278008,0.8072173523577965,0.0,-21.86852582816875,-13.312436009445593,-23.83992731957575,-14.141448121943023,4401370,T20,0.8290121124974323,1.9714014914070008,4401370,1.2075701485166717,-121.820878,36.883211,Santa Cruz,1.6727765558914223,24.75062863020836,-18.678550672682267,-9.400380716440251,4.741067405502772
0.5935101525308462,0.0,0.1225347323423686,0.0,-20.99725351525272,-6.830541156894161,-22.183501872590117,-7.063245116660439,4401378,T20,0.2327039597662779,1.1862483573373943,4401378,3.1885267269674613,-121.756315,36.977107,Santa Cruz,0.46569723370653066,44.810108436366555,-21.831983274330057,-6.57504057479079,0.48820454186964923
1.0,0.5305615371873448,1.0,0.0,-24.485526850289023,-14.271157574586438,-25.59751272675639,-14.883175489894152,4401385,T20,0.6120179153077157,1.1119858764673651,4401385,2.339079875167529,-121.823282,36.880742,Santa Cruz,1.8876553270396628,38.53116561121274,-24.497715180218623,-13.84741845734397,1.0357570325501815
0.0,0.0,1.0,0.0,-18.517817201199897,-11.680972029781556,-18.97578517043863,-11.995966910870118,4401387,T20,0.3149948810885608,0.4579679692387337,4401387,2.050684256722676,-121.801185,36.945711,Santa Cruz,0.7129175095620784,63.29480155486392,-18.66771696257544,-11.354612688126243,0.6413542227438747
1.0,0.4547691416992329,0.0,0.0,-22.64837271696997,-14.619108087711592,-25.477184309271514,-15.146626717149168,4401388,T20,0.5275186294375747,2.8288115923015447,4401388,1.610709319332422,-121.819936,36.879831,Santa Cruz,1.5968131918639712,38.66831493483511,-23.46231318828726,-13.985220797018773,1.1614059201303952
0.3902859771524955,0.0003066779115234,0.0,0.0,-21.306296123889727,-10.303909338039322,-21.070691248416058,-11.278766192476668,4405154,T20,0.9748568544373448,-0.235604875473669,4405154,2.017736413323321,-121.814245,36.924973,Santa Cruz,1.081794959950463,51.30564754272286,-20.667982598602087,-10.319243637310532,0.9595225551661368
0.1247506548021716,0.0,0.0,0.0,-19.806356787696373,-10.733511496601553,-20.48235936430353,-11.65032266087493,4401405,T20,0.916811164273378,0.6760025766071571,4401405,13.37179802851817,-121.72651,36.959219,Santa Cruz,1.9033110259574628,53.564974041516315,-19.54739858955483,-10.514399394662252,1.1359232662126786
0.7332380573442359,0.1389188881941681,0.0,0.0,-21.43200515073925,-13.547961034127749,-23.028640601072947,-13.750049607552883,4405155,T20,0.2020885734251365,1.596635450333693,4405155,9.522273509247809,-121.821651,36.918717,Santa Cruz,1.7407648022646658,50.25825780989383,-21.684452663116232,-12.434156864764368,1.315892742788515
0.0,0.0,0.9921684988812142,0.0,-18.24398879265419,-10.734230728417668,-18.189925819296832,-10.88531585704336,4405156,T20,0.1510851286256915,-0.0540629733573574,4405156,3.175932972755429,-121.760444,36.949358,Santa Cruz,0.9701639976741503,30.82364630399946,-16.2531668771727,-11.428922924453692,-0.543607067410333
0.8849666141165143,0.5519052186343574,0.0,0.0,-23.657767350104628,-14.72652924077561,-24.18987566254054,-15.15175949344884,4404637,T20,0.425230252673229,0.5321083124359127,4404637,21.06130926340225,-121.821646,36.907313,Santa Cruz,1.3751029786551008,78.83918336936854,-22.678401465639148,-14.299459063709564,0.8523004297392749
0.8118467866502368,0.2592304621739357,0.0,0.0,-21.93685615029824,-12.723717357041034,-23.473203919454388,-13.282523433562982,4404639,T20,0.5588060765219485,1.5363477691561478,4404639,22.280767299687724,-121.827557,36.911714,Santa Cruz,1.9908390031888676,81.90959898940515,-21.722343266323996,-12.803503268195229,0.4790201653677535
0.9999046620268852,0.9996186481075412,1.0,0.0,-23.55341088496209,-15.415575308511068,-25.194492641750777,-16.2345615531207,4401460,T20,0.818986244609631,1.6410817567886866,4401460,0.8157843823903395,-121.812688,36.887493,Santa Cruz,0.9437525729437272,33.17469367268133,-25.21818868509,-15.337046977110573,0.897514576010126
0.6258166102717011,0.0,1.0,0.0,-19.870559777156448,-8.130814571598739,-22.34757532178796,-9.951781863148774,4401473,T20,1.8209672915500352,2.4770155446315094,4401473,2.2867667020567786,-121.754523,36.965092,Santa Cruz,0.4606002607974162,54.90561030802364,-20.1139797199026,-7.406173841434387,2.5456080217143873
0.0,0.0,0.771641791044776,0.0,-17.681422282246174,-10.25216881247978,-18.0242026190714,-12.364178465082189,4401475,T20,2.112009652602408,0.3427803368252249,4401475,0.4150728717423172,-121.778953,36.978077,Santa Cruz,0.3716353860780971,61.49389566449977,-16.621229216423195,-10.8150743637941,1.5491041012880888
0.3153049578731832,0.0,1.0,0.0,-20.382067530960043,-10.506430762154231,-21.21554761074066,-11.018138149338204,4401478,T20,0.5117073871839732,0.8334800797806174,4401478,9.19975444955856,-121.756785,36.932363,Santa Cruz,0.8028012377918182,26.626895642217352,-20.602608361248645,-10.497051272807594,0.5210868765306103
0.9742629969418962,0.4241467889908256,0.9295902140672784,0.0,-22.92278582517096,-14.521921431698605,-24.872252124986662,-14.672466335627186,4401490,T20,0.1505449039285817,1.949466299815704,4401490,3.1605094580491766,-121.8227,36.88103,Santa Cruz,1.8351633682046664,38.06985894509413,-23.577005875697477,-14.509414946880248,0.16305138874693803
0.7891737891737892,0.684723726977248,0.0,0.0,-21.97500539485176,-15.31906439724044,-23.20249369905985,-15.379405689313757,4401494,T20,0.0603412920733159,1.227488304208098,4401494,1.925393333884219,-121.82152,36.877442,Santa Cruz,1.7810732253525394,37.130961235881855,-21.616075329000147,-14.469276069727297,0.9101296195864599
0.7992994517448437,0.357910538682447,0.3202288747715603,0.0,-21.032610129085523,-13.821007121857988,-23.434545259824876,-14.410605886604014,4401501,T20,0.5895987647460252,2.40193513073935,4401501,3.550969246127514,-121.806548,36.891048,Santa Cruz,0.3972592424666297,15.442137441895724,-21.777239132723235,-12.49122026510408,1.9193856214999343
0.5658157748140381,0.1550611134777337,0.0,0.0,-22.948031994194864,-12.889076430953986,-22.556584122324885,-13.718640455754768,4401540,T20,0.8295640248007814,-0.3914478718699783,4401540,2.3566910945575748,-121.82152,36.920538,Santa Cruz,1.7290687904358673,58.609226883569086,-20.494520379035496,-11.443436319355405,2.2752041363993634
0.3516959526903591,0.0730738083130873,0.0,0.0,-19.418288172486616,-11.284887084153238,-21.10620454986383,-12.409894802409406,4401548,T20,1.1250077182561675,1.6879163773772137,4401548,4.110305843221832,-121.846429,36.922977,Santa Cruz,3.654381668935716,64.19151535506911,-20.25980049965272,-11.154675613191506,1.2552191892179003
0.1920631821041897,0.033294278461238,0.0,0.0,-19.71524086538125,-11.261464998749302,-20.644797298991065,-12.441921326329384,4404642,T20,1.1804563275800817,0.9295564336098144,4404642,7.1276201023729495,-121.825818,36.906329,Santa Cruz,1.7412681642776777,71.73519027833451,-20.15197048273992,-11.05272664893674,1.3891946773926431
1.0,0.7240089753178757,0.0,0.0,-24.74960827236593,-14.296187379348538,-24.792790491971967,-15.933268259623436,4401564,T20,1.6370808802748993,0.0431822196060416,4401564,0.831398426757793,-121.818962,36.879857,Santa Cruz,1.5102665323651465,42.25355103805874,-23.819749404746187,-13.427886136255628,2.5053821233678075
0.6119424614889165,0.1203639096130106,0.0,0.0,-20.97132677265251,-10.53963203055656,-22.54579896831841,-11.370370409015877,4405165,T20,0.8307383784593139,1.5744721956659014,4405165,14.399610710018242,-121.851913,36.926038,Santa Cruz,3.830124112853327,44.50797264664643,-20.310657436547995,-9.855833484794182,1.5145369242216944
1.0,0.0034127684613121,0.0879082082965578,0.0,-26.852006252090483,-9.568442741478536,-25.75190651825019,-10.970344091073068,4401582,T20,1.4019013495945334,-1.1000997338402918,4401582,1.3198019257629998,-121.824745,36.881138,Santa Cruz,2.017061313777003,44.15101257171586,-25.22254285446345,-10.823838944248484,0.14650514682458393
0.9389538363324422,0.9298567609623748,0.9535969357219806,0.0,-24.89633821326234,-15.494122706219509,-25.05192563509912,-16.62400949381803,4401592,T20,1.1298867875985206,0.1555874218367776,4401592,1.9402510420112975,-121.822679,36.879497,Santa Cruz,1.8434919146267676,40.898753195383925,-25.36147703839338,-14.395321599861926,2.228687893956103
0.5614874546846752,0.0008276699106243,0.5128122031270353,0.0033535723250057,-21.571717579121906,-7.715050760011346,-22.2528982133744,-8.63045138616434,4404646,T20,0.9154006261529944,0.6811806342524953,4404646,48.71069477952239,-121.791145,36.891276,Santa Cruz,0.665926577110995,3.7543943766611108,-21.06965915641141,-8.152554722031121,0.47789666413321896
0.4680514738623207,0.0,0.0,0.0,-20.45407479434272,-8.97974170004981,-21.987893840826505,-10.210324084962494,4401617,T20,1.2305823849126831,1.5338190464837886,4401617,3.4727211247691536,-121.829228,36.914046,Santa Cruz,2.220644902737756,76.5798718504006,-20.08114196147956,-8.680931036939503,1.5293930480229907
0.2720058240110714,0.0,0.0,0.0,-20.7490803153154,-10.513982088060995,-21.349128027498995,-11.150877466437118,4401618,T20,0.6368953783761206,0.6000477121835956,4401618,10.730434788304088,-121.802176,36.884935,Santa Cruz,0.008159633473847837,3.0342830987781446,-20.59815438481786,-10.641157557050024,0.5097199093870941
0.191311030524268,0.0,0.0,0.0,-19.19480383071292,-11.206536288790554,-20.9031414632387,-11.963646716471551,4401639,T20,0.757110427680999,1.7083376325257795,4401639,6.435918901544119,-121.823167,36.904487,Santa Cruz,1.5053944201725893,68.1637143782985,-19.89022097477058,-10.577923437857908,1.3857232786136429
0.9947521533283896,0.9293822371798528,0.8631566938565969,0.0,-23.60336078545739,-15.254914578906988,-24.356354555540577,-16.646096008556277,4401642,T20,1.39118142964929,0.7529937700831866,4401642,1.3585495333358202,-121.81703,36.879448,Santa Cruz,1.3453455413229853,28.007105656898503,-23.068160295592836,-15.064778790350593,1.581317218205685
0.9558172276974272,0.0,0.0,0.0,-22.08998912834954,-12.17620206125125,-23.51869620596124,-12.693193979557972,4401652,T20,0.516991918306724,1.4287070776117012,4401652,3.012014634896332,-121.810304,36.900077,Santa Cruz,0.36083380929423164,27.822521849812553,-21.56103527167064,-11.81510675072749,0.8780872288304824
0.4535752881844381,0.1938040345821326,0.0,0.0,-19.531864302641416,-12.445287603506507,-21.40314975282112,-13.463375542749496,4401656,T20,1.018087939242989,1.8712854501797016,4401656,1.7189209959037666,-121.828426,36.91549,Santa Cruz,2.2245078959029057,80.26723740286377,-19.6140747082703,-12.269422382705224,1.1939531600442717
0.1585056220529561,0.0,0.0,0.0,-19.58400625885889,-8.18003658110912,-20.53016731257593,-9.427609347281498,4401659,T20,1.2475727661723788,0.946161053717038,4401659,4.476324275725187,-121.74419,36.958642,Santa Cruz,0.33123786365187696,21.656591231117517,-20.01203228707504,-7.952340643892381,1.4752687033891174
0.544755617723124,0.2488402282310084,1.0,0.0,-21.22590243162809,-12.505012571675037,-22.02483430823559,-13.795643802849773,4401672,T20,1.2906312311747357,0.7989318766075009,4401672,15.37565480068167,-121.770883,36.886372,Santa Cruz,0.10621679096617116,6.322848952463271,-20.9673098788311,-12.477129926212433,1.3185138766373399
0.1261288138704976,0.0,0.0,0.0,-18.821642312502235,-10.640011588144674,-20.18168358112108,-10.703596419629232,4401674,T20,0.0635848314845581,1.3600412686188434,4401674,6.729979362541832,-121.726861,36.941896,Santa Cruz,0.46534764216591834,33.37968414645525,-18.39227095991448,-10.554562604805591,0.14903381482364075
0.0,0.0,0.0,0.0,-21.675993464738465,-9.28328868327837,-19.819548034551723,-10.274276201595468,4401684,T20,0.9909875183170982,-1.856445430186742,4401684,0.1910871605534086,-121.849982,36.934283,Santa Cruz,3.22932869010567,44.70118523111148,-20.148636770159285,-10.044789041399312,0.22948716019615567
1.0,0.9706261114858648,1.0,0.0,-23.656730134838472,-14.472835175828406,-24.991904558674207,-16.85625047954846,4401692,T20,2.3834153037200547,1.3351744238357348,4401692,1.2634136282048007,-121.822662,36.882604,Santa Cruz,1.831580431373302,35.000592714874514,-22.760780302681848,-14.11981929368393,2.7364311858645305
0.2503566862000701,0.0269156147097882,0.0,0.0,-20.465922146745704,-11.921784187467305,-20.636853765521117,-12.311337117177816,4401698,T20,0.3895529297105113,0.170931618775409,4401698,15.663914689099798,-121.72602,36.944442,Santa Cruz,0.7126565943938379,36.33026954606397,-20.16190852800929,-11.395728384155436,0.9156087330223794
0.8024399699546897,0.0115850112669913,0.5425510649124082,0.0,-22.26000261758633,-11.196839764204457,-23.18290928648891,-11.736149870037943,4401713,T20,0.5393101058334882,0.9229066689025808,4401713,25.54561327843415,-121.798337,36.876854,Santa Cruz,0.0375585076522086,3.7183630371236167,-21.799961503296068,-10.886251041021984,0.8498988290159595
0.3514900037721615,0.0051678611844586,0.0,0.0,-20.18561456537144,-13.23835053824627,-21.51748017358375,-13.293852741837316,4401727,T20,0.0555022035910468,1.3318656082123077,4401727,2.0529329898219024,-121.821339,36.909685,Santa Cruz,1.3959244916484161,78.16175653838249,-19.83530669314245,-13.233150198696384,0.060702543140932264
0.2164710602868893,0.0,0.3228508375965492,0.0,-19.34641459994708,-7.867281545802987,-20.780750120794085,-7.899460744113568,4401734,T20,0.0321791983105814,1.4343355208470037,4401734,1.5408404212402926,-121.783284,36.955233,Santa Cruz,0.6561489530493181,52.13014071725987,-18.6399288123276,-8.967842535647906,-1.068381791534338
0.4526760858340585,0.0009207338429264,0.0016970388477467,0.0,-20.42978065034983,-10.597235331294003,-21.42586475610866,-11.202986400859096,4401740,T20,0.6057510695650912,0.996084105758829,4401740,21.435131429177044,-121.800621,36.878942,Santa Cruz,0.058801234959260124,3.443630420676082,-20.56326654028685,-10.661011136533103,0.541975264325993
0.2158033221164172,0.0639006228968282,0.983353619245364,0.0,-19.1481276252745,-11.437644182206665,-20.876832280908484,-12.909953772528098,4404250,T20,1.4723095903214354,1.7287046556339831,4404250,8.637985310268077,-121.714803,36.911067,Santa Cruz,0.07202954560568248,12.122360389302802,-20.009369506527484,-11.798115055731532,1.1118387167965658
0.6514100785945445,0.0,0.0,0.0,-20.87850668307881,-6.52739997664674,-22.77373212356118,-6.235650195776237,4401784,T20,-0.2917497808705036,1.895225440482367,4401784,0.6736083504828787,-121.831068,36.916548,Santa Cruz,2.487310038261686,79.48490662647514,-20.13713468432053,-6.249525092168272,-0.013874896392035652
0.9014878809695224,0.4502639788816893,0.0,0.0,-23.82927999250704,-14.025519981658254,-24.380909481884327,-14.56324575972116,4401802,T20,0.5377257780629066,0.5516294893772908,4401802,3.870432220606752,-121.808424,36.900159,Santa Cruz,0.1935368263506523,24.25013076376985,-23.144842102461148,-13.558842101639543,1.0044036580816176
0.9148642219294392,0.0,0.6096975186649098,0.0,-22.84881083428153,-5.5594847748585545,-24.065774721261125,-8.055116720656091,4404251,T20,2.4956319457975367,1.2169638869795951,4404251,16.924228128897976,-121.779079,36.891634,Santa Cruz,0.7176292742485133,5.306110292985049,-21.6238032797446,-5.645739601820139,2.409377118835952
0.9167936887204418,0.6576635494768064,0.0,0.0,-23.16091083639294,-14.592400949309075,-24.54877692368398,-15.502946085543767,4404650,T20,0.91054513623469,1.3878660872910409,4404650,15.019738345214195,-121.823211,36.908602,Santa Cruz,1.531739157366719,82.6298694009491,-22.63091560906214,-14.510482498106292,0.9924635874374754
1.0,0.6433665314152219,0.2461576294110414,0.0,-23.17290734305429,-14.27100205501171,-25.04746819609323,-15.291497827929597,4401844,T20,1.0204957729178863,1.874560853038936,4401844,1.2588341719551372,-121.818762,36.877199,Santa Cruz,1.551348915436588,18.001326451570687,-21.984373319322728,-13.384266340545947,1.9072314873836493
0.0094956152600122,0.0,0.0,0.0,-17.532214353525756,-11.328733269481788,-19.109454422736366,-11.609089427302676,4401855,T20,0.2803561578208882,1.5772400692106103,4401855,4.15596206473015,-121.85251,36.940951,Santa Cruz,3.2337397507697228,69.63131259177493,-18.19384592348565,-11.07013474034122,0.5389546869614552
0.9155592605305742,0.635463149119796,0.9596430147599668,0.0,-22.25321351742975,-14.066129768636532,-23.413774780389257,-15.28265419013788,4401861,T20,1.216524421501347,1.160561262959508,4401861,1.5777848876924725,-121.821514,36.883868,Santa Cruz,1.7293703075577953,31.7931789681962,-19.7745214059142,-11.40445411960761,3.8782000705302693
0.954086975693105,0.5763104227525767,0.0,0.0,-22.82710797569474,-14.665359528239314,-24.82151507659673,-15.18298801326316,4401875,T20,0.5176284850238453,1.994407100901988,4401875,1.3973233487837444,-121.826635,36.913798,Santa Cruz,1.9985157935605977,86.41488967430418,-22.11380141009122,-15.930732763465311,-0.7477447502021519
1.0,0.8871990422560191,0.0,0.0,-24.36727909658273,-15.381249213940714,-25.57759364319762,-16.3993167880612,4401878,T20,1.0180675741204848,1.2103145466148888,4401878,1.7344939662555483,-121.823441,36.885494,Santa Cruz,1.9008454039942293,40.30580138771126,-23.668649723437955,-14.863224684918066,1.5360921031431332
0.4377287713542195,7.213812045463045e-05,0.0,0.0,-20.821737572247407,-8.690566483821636,-21.808154512243355,-9.403783421009658,4404253,T20,0.7132169371880224,0.986416939995948,4404253,28.928191950785006,-121.734635,36.914466,Santa Cruz,0.44986175679475177,11.144569690314869,-20.40470591717197,-8.89490765105363,0.5088757699560276
0.1202998879728837,0.0168327923476862,0.0,0.0,-20.097576014469084,-12.68622381277864,-20.77133216949665,-13.208382523976825,4401898,T20,0.5221587111981822,0.6737561550275686,4401898,2.689409943221712,-121.82017,36.910495,Santa Cruz,1.3255034546333875,78.35809549248333,-19.94097003521594,-12.064077690172226,1.1443048338045987
1.0,0.742703727100442,0.0,0.0,-22.642797701813087,-14.238153391106136,-25.1702559154253,-15.748379735445988,4401905,T20,1.510226344339852,2.527458213612213,4401905,1.2260295706480693,-121.82132,36.881846,Santa Cruz,1.7121486166948936,29.8344549994791,-19.54823860262388,-10.92588105490257,4.8224986805434185
0.0471912380760107,0.0,0.0,0.0,-18.2867497872584,-10.524760482623709,-19.199307085866188,-11.29768960300396,4401909,T20,0.7729291203802529,0.912557298607787,4401909,4.598457231228968,-121.842345,36.921894,Santa Cruz,3.4460319384327596,60.89173778863232,-17.521068208376494,-10.201247843997304,1.0964417590066553
0.205774495857489,0.0,0.0,0.0,-20.499741956055697,-10.846655877423297,-20.76646571036379,-11.006097255413977,4401950,T20,0.1594413779906798,0.2667237543080922,4401950,10.829018989127857,-121.804951,36.883856,Santa Cruz,0.25515323843568527,2.820429636577879,-21.154602890953704,-11.288152517637904,-0.2820552622239276
0.9989956029730152,0.6079950003347991,0.0,0.0,-24.994186447956224,-14.252022300492053,-25.346627495266524,-15.402949995960514,4401952,T20,1.1509276954684609,0.3524410473103003,4401952,3.468613932920055,-121.81773,36.906489,Santa Cruz,1.0219187773485898,69.21713376224562,-24.429294725079224,-14.858953873317173,0.5439961226433407
0.0256402819270818,5.800968761783217e-05,0.0,0.0,-19.922222412083347,-11.973428506105789,-19.869128289148836,-12.329542467626853,4401954,T20,0.3561139615210624,-0.0530941229345138,4401954,5.336490007018698,-121.643386,36.897462,Santa Cruz,0.03244281678700876,30.05258902678562,-19.639096525689126,-11.525234261586204,0.8043082060406483
0.4781210529170638,0.0,0.0,0.0,-20.73534371905249,-10.116159617649052,-21.72302953992952,-10.444153297011445,4405170,T20,0.3279936793623914,0.9876858208770294,4405170,9.979960708555506,-121.83525,36.913602,Santa Cruz,2.706714463484085,58.93341533824265,-19.79668062966119,-9.89456891502072,0.5495843819907247
0.8291359380720745,0.0,0.3741435221507398,0.0,-24.07984953088968,-7.184816824182802,-23.56084179029361,-7.348384528071521,4404214,T20,0.1635677038887193,-0.5190077405960736,4404214,5.907429088726388,-121.808454,36.928707,Santa Cruz,0.5666086464133662,57.47593155258383,-22.57843158770654,-6.61544743867759,0.7329370893939311
0.7127511337437613,0.5069798079602748,0.6948899191811708,0.0,-21.040669937417736,-13.61768532424233,-22.90248248456817,-14.679649974536378,4401966,T20,1.0619646502940476,1.8618125471504392,4401966,3.061662734818513,-121.818448,36.87576,Santa Cruz,1.4905283024102687,14.175070068960707,-21.61235591666645,-12.9745156986022,1.7051342759341779
0.8420136215575954,0.1632899022801303,0.9602487414865264,0.0,-22.971671665418736,-12.857661650351623,-23.26245605808888,-13.708339532611738,4401981,T20,0.8506778822601131,0.2907843926701403,4401981,26.111515857431726,-121.695288,36.929449,Santa Cruz,2.115199846545937,18.20740987134397,-22.234724402124343,-12.842879156006727,0.8654603766050109
0.0015853443720274,0.0,0.864717280253655,0.0,-19.480014229042787,-10.21880988830101,-20.16504668113751,-10.481174943592851,4401983,T20,0.262365055291843,0.685032452094724,4401983,0.8780255640567569,-121.754823,36.935792,Santa Cruz,0.440326619043657,25.77139702232995,-20.23018404165325,-9.739075267965797,0.7420996756270544
0.0,0.0,0.0,0.0,-17.739250022657032,-9.89165625422256,-18.65400199664139,-10.790022269971407,4401991,T20,0.8983660157488469,0.9147519739843588,4401991,1.4458362375368332,-121.851208,36.942447,Santa Cruz,3.0950284558819443,75.52249866000572,-16.812838786702926,-9.737541839299611,1.052480430671796
0.3061674008810572,0.0,0.0,0.0,-19.618664374918847,-5.229872404777878,-20.81230629463388,-6.383758505926138,4402014,T20,1.1538861011482595,1.1936419197150343,4402014,3.684334357515096,-121.850905,36.935964,Santa Cruz,3.2367855773282876,49.017680829582105,-19.496811156114426,-4.9162640439511245,1.4674944619750132
0.0,0.0,0.0,0.0,-16.16280503427215,-9.603780239632384,-18.238305322323885,-10.157663696541674,4404652,T20,0.5538834569092899,2.0755002880517357,4404652,3.873590110429828,-121.847483,36.936315,Santa Cruz,2.937967499555366,89.04394173293912,-16.955216465078596,-9.50815729795534,0.6495063985863343
1.0,0.715004105090312,1.0,0.0,-25.83101299302433,-14.35790138348657,-26.120741948153803,-15.922214461624648,4402056,T20,1.5643130781380776,0.289728955129469,4402056,0.7546971031524898,-121.811487,36.888739,Santa Cruz,0.8368469574165226,31.922419445463788,-25.33472432647029,-14.712366659415526,1.2098478022091221
0.5181878306878307,0.0,1.0,0.0,-20.68252152388955,-5.37730339956634,-22.130703340257742,-5.823071998796515,4402077,T20,0.4457685992301758,1.4481818163681908,4402077,1.6401374558812618,-121.756111,36.975789,Santa Cruz,0.31943410424252716,43.1919597851356,-21.023300535031503,-5.250685033907479,0.5723869648890361
1.0,0.0,0.0,0.0,-23.33801266735653,-9.85085377138767,-25.480446588516344,-10.428889117695178,4402103,T20,0.5780353463075087,2.142433921159814,4402103,0.9817636149201858,-121.819762,36.877272,Santa Cruz,1.634515170732559,28.009064325420876,-23.665034898746907,-9.999469180149422,0.4294199375457559
0.6807029959896203,0.0,0.999174333569238,0.0,-23.191385332031512,-5.561208730733996,-22.84538463242128,-6.353053176455024,4402138,T20,0.7918444457210283,-0.3460006996102329,4402138,1.964111795582637,-121.756123,36.976326,Santa Cruz,0.37905307261493415,43.63597481399059,-20.764584388759733,-5.226673460188805,1.1263797162662188
0.5451916942769535,0.1592153190788796,0.9902557981602288,0.0,-21.2290897204564,-13.172763642129985,-22.169955886506354,-13.869209152107702,4405174,T20,0.6964455099777194,0.9408661660499577,4405174,15.01792815659109,-121.757481,36.962951,Santa Cruz,0.8033792670608298,50.645480775981326,-20.619350999085054,-12.44215908583326,1.4270500662744414
0.5474116680361544,0.2160230073952341,0.0,0.0,-21.97579214231216,-12.116185325033497,-22.15101700316205,-12.745221168627571,4402146,T20,0.6290358435940764,0.1752248608498838,4402146,0.9445081992291564,-121.830593,36.917011,Santa Cruz,2.474325155393047,80.20017372513757,-20.123027434280782,-11.749441599875384,0.9957795687521873
0.0,0.0,0.0,0.0,-16.835233514805907,-8.682650313687525,-19.210841341071223,-10.06613171945369,4402151,T20,1.3834814057661653,2.375607826265316,4402151,1.7562364724212165,-121.781455,36.95365,Santa Cruz,0.6732365015254617,48.34596310934214,-17.35068260100835,-9.738861759022509,0.32726996043118106
0.763258920646192,0.08284328954376,0.0,0.0,-21.915489566184142,-12.8335510496786,-22.79336558585414,-13.442618098254156,4402160,T20,0.6090670485755556,0.8778760196699977,4402160,13.938813759859295,-121.701947,36.922794,Santa Cruz,1.3754508600667616,15.791835399704,-22.25885420388396,-12.463701276854994,0.9789168213991619
0.4894750865973886,0.1566302513544719,0.0,0.0,-22.50540108230495,-13.811129339052552,-21.29326331304389,-13.441787539818844,4402161,T20,-0.3693417992337071,-1.2121377692610589,4402161,1.7464029599603543,-121.81142,36.882058,Santa Cruz,0.8309570170231486,10.42477609280297,-21.38627267778678,-14.166635577512537,-0.7248480376936932
0.4496284776222568,0.0,1.0,0.0,-21.350842130000903,-8.216620478198005,-21.6798111187269,-10.188415387121124,4402163,T20,1.971794908923119,0.3289689887259968,4402163,1.3423268991927464,-121.812384,36.890136,Santa Cruz,0.9166639296254467,24.1881905290898,-20.1973600130038,-8.72077886278303,1.4676365243380936
0.2206775821233652,0.0,0.3306559571619812,0.0,-18.61911427480712,-5.163265022025131,-21.158990850908705,-6.02839104175886,4402191,T20,0.8651260197337285,2.539876576101588,4402191,0.7526630153868654,-121.79047,37.006521,Santa Cruz,0.2914936509912522,149.10442890697155,-15.872102142197418,-2.793940071770053,3.2344509699888073
0.4551059022597072,0.1664300166256218,0.0,0.0,-21.231560032825108,-12.75121464538894,-21.4774623470357,-13.47751011892216,4402216,T20,0.7262954735332201,0.2459023142105927,4402216,23.593499350915597,-121.857441,36.935844,Santa Cruz,3.792707551328814,37.13511342898587,-20.39415523840437,-12.497401795249798,0.9801083236723613
0.0233037760286938,0.0,0.5279864501345024,0.0,-19.53275560837554,-6.827023895741238,-19.654488388998352,-7.348286245146253,4402234,T20,0.5212623494050153,0.1217327806228141,4402234,7.772483954719818,-121.796861,36.920311,Santa Cruz,0.4646874238843287,36.6766035133735,-20.04320121824348,-6.902579405766732,0.4457068393795218
0.8942457231726285,0.5607007966483639,0.0,0.0,-24.076735627644613,-14.004906262896062,-23.802782159639865,-15.118357002625558,4402243,T20,1.1134507397294957,-0.2739534680047484,4402243,2.429876307468653,-121.829886,36.899047,Santa Cruz,2.1034184086578853,32.429425905866765,-23.637494983196767,-13.258688733278758,1.8596682693468
0.0,0.0,0.0,0.0,-19.675738921373828,-10.512378571623724,-18.78612452586064,-8.236603572160002,4402256,T20,-2.275774999463722,-0.8896143955131919,4402256,0.4021596293001594,-121.849596,36.934157,Santa Cruz,3.203506289033582,45.43742590802845,-17.541116549803018,-9.202265551054984,-0.9656619788949818
0.2784317209316099,0.0,0.0,0.0,-19.674355904915245,-9.28733189064373,-21.02794936173181,-10.425431440716906,4402282,T20,1.1380995500731768,1.3535934568165686,4402282,5.217263350413397,-121.744798,36.959192,Santa Cruz,0.2771731106914937,21.949650513024267,-20.20480967057284,-9.235321380679624,1.1901100600372825
1.0,0.0640641522735283,1.0,0.0,-21.09019457634068,-9.431512753951123,-24.50098304733949,-11.956062097822963,4402285,T20,2.5245493438718416,3.4107884709988063,4402285,0.8842582573353153,-121.811701,36.889756,Santa Cruz,0.8558816921199814,28.61470599539228,-21.018458216078685,-10.606942702838928,1.3491193949840348
1.0,0.8000155569383943,0.0,0.0,-25.00423021426842,-15.485807106903508,-23.971835204643916,-15.991368340319994,4402286,T20,0.5055612334164863,-1.0323950096245085,4402286,0.9887217922983536,-121.82425,36.882727,Santa Cruz,1.9729221427301724,32.01929426104219,-23.851522749192537,-14.331031518238218,1.660336822081776
0.2166173250416046,0.0,0.3014627310151528,0.0008934045721292,-20.14430286859005,-8.101878235392132,-20.96812998506127,-8.668768455096423,4402289,T20,0.5668902197042911,0.8238271164712216,4402289,22.1006467894441,-121.808597,36.866484,Santa Cruz,0.5798041692959939,2.9805127356112338,-20.983164751999624,-8.48565882368449,0.18310963141193248
0.1545466371796539,0.0,0.0,0.0,-19.203328156966403,-9.29151584679845,-20.398828580173216,-10.78196672056681,4402296,T20,1.49045087376836,1.1955004232068127,4402296,1.183639670674294,-121.816156,36.924846,Santa Cruz,1.2517966672056509,56.53033493913413,-18.853265762094235,-9.02108348379184,1.760883236774971
0.3205198184935849,0.0,1.0,0.0,-19.810852660810312,-7.31213745914449,-21.424738981286904,-8.084801749929852,4405440,T20,0.7726642907853618,1.613886320476592,4405440,28.052851426931515,-121.776812,36.88887,Santa Cruz,0.5172177180467983,5.649231142864477,-19.892497214426747,-7.515706257027366,0.5690954929024858
0.2432825528180051,0.0,0.0,0.0,-20.042984025729133,-7.1203818632353215,-20.86863628009612,-7.970130714337269,4402320,T20,0.8497488511019471,0.825652254366986,4402320,6.178788732443238,-121.724349,36.930197,Santa Cruz,0.243128482784535,19.92096657858516,-19.13814424308184,-7.725398457153058,0.24473225718421077
0.925762246072715,0.9624911798566494,0.0,0.0,-22.504019718489943,-15.361092080851115,-23.88524518095119,-16.679814776019445,4402323,T20,1.3187226951683293,1.3812254624612486,4402323,2.081230311607168,-121.808608,36.886299,Santa Cruz,0.580631919160321,28.110201168198422,-21.656292575086077,-14.896174473306385,1.78364030271306
0.1676767165576487,0.0,1.0,0.0,-20.247345083379667,-9.59365901901571,-20.831023566407723,-10.523109746371205,4402327,T20,0.9294507273554942,0.5836784830280557,4402327,6.0998383019302285,-121.757004,36.935219,Santa Cruz,0.4853525379884798,26.59250886329965,-20.159044619374104,-9.882014094540194,0.6410956518310105
0.2235400429233028,0.0645081790456239,0.3440333528439255,0.0,-19.697472025867484,-12.44984883100549,-20.682301861765787,-12.632649208724366,4402336,T20,0.1828003777188769,0.984829835898303,4402336,7.548689713418106,-121.814301,36.92042,Santa Cruz,1.0868418442682124,37.88018521797112,-19.95126202662021,-11.75276302170127,0.8798861870230965
1.0,0.936225471335129,0.9267025779145828,0.0,-23.44818362722937,-14.415742046700874,-25.459720189955707,-16.20692883057653,4402340,T20,1.7911867838756557,2.011536562726341,4402340,0.7953241065275259,-121.823198,36.882356,Santa Cruz,1.8792949269071115,33.218984166123676,-25.22677288495744,-14.806855648439411,1.4000731821371186
0.6068336710259715,0.5952293240007366,0.0,0.0,-20.949521806071917,-13.100532534243886,-22.37435194275299,-14.258189964363542,4402341,T20,1.1576574301196558,1.4248301366810772,4402341,0.8389026452269122,-121.80966,36.886561,Santa Cruz,0.674261588106219,30.828468883470133,-22.069869872692337,-13.12779271218655,1.1303972521769925
0.9817032601463735,0.8300066533599465,1.0,0.0,-25.582032911773894,-15.513024679198711,-26.045206603627783,-16.692921919158,4402376,T20,1.1798972399592866,0.4631736918538927,4402376,1.3967910347024262,-121.823934,36.879975,Santa Cruz,1.9500188800252518,45.321287645419055,-24.255536822555307,-15.723958498187768,0.9689634209702316
0.0,0.0,1.0,0.0,-17.83594921530208,-10.776123424789333,-18.87783896799586,-11.724157917022143,4402430,T20,0.9480344922328126,1.0418897526937805,4402430,1.9584189292296847,-121.801697,36.94615,Santa Cruz,0.6605201270348267,63.86213717807103,-17.496806850836446,-10.937204531654352,0.7869533853677915
0.0724726086854515,0.0102996035004575,0.0,0.0,-19.93233008309592,-11.56776982934887,-19.58505659703439,-12.406467616687666,4402435,T20,0.8386977873387949,-0.3472734860615247,4402435,3.296065258889177,-121.63679,36.904367,Santa Cruz,0.12221724875685237,30.08671363140712,-19.971343113805084,-11.919365567234731,0.48710204945293434
0.0,0.0,1.0,0.0,-16.796031220232926,-8.044850014503504,-16.689203250188584,-8.130361279657595,4402467,T20,0.085511265154091,-0.1068279700443426,4402467,0.8568518879359314,-121.760351,36.950657,Santa Cruz,1.0629307056604849,34.076838264985746,-15.252546374949834,-6.6935978709578166,1.436763408699779
0.4991724038669129,0.0,0.0,0.0,-20.37835116447394,-10.866898942696988,-22.06739273387662,-11.249235868975584,4402481,T20,0.3823369262785974,1.6890415694026792,4402481,3.2290093251144905,-121.829099,36.913449,Santa Cruz,2.184922083545067,75.74527282700201,-19.883538973618087,-9.955535074361569,1.2937007946140149
0.964230607378314,0.8759994389114883,0.0,0.0,-22.33813912527228,-14.86993830566496,-23.802401305947264,-15.897877438291248,4402485,T20,1.0279391326262886,1.4642621806749825,4402485,1.107069528699904,-121.821108,36.881239,Santa Cruz,1.6932926873173666,38.35096569612426,-18.55422777822221,-11.338173642117097,4.559703796174151
0.0,0.0,0.0,0.0,-17.479514121763923,-10.92153958319431,-17.530965005314854,-10.375793499870246,4402488,T20,-0.5457460833240635,0.051450883550931,4402488,0.697916413306769,-121.847376,36.933272,Santa Cruz,3.0675605215356496,52.810609431859106,-18.035189252836755,-9.89867475277862,0.4771187470916267
0.1866457787284468,0.0,0.0,0.0,-19.28724769553356,-10.735229768632149,-20.443872805452013,-10.88347331100424,4402522,T20,0.1482435423720929,1.1566251099184548,4402522,7.694210807538454,-121.833489,36.914597,Santa Cruz,2.5952176034189947,69.0200293529491,-17.971738679011157,-9.926161038855922,0.957312272148318
0.4840580576690236,0.0,0.0,0.0,-20.312676282366017,-10.821642329558104,-21.96450627832566,-11.300812085945116,4402531,T20,0.4791697563870105,1.6518299959596447,4402531,10.356147560240103,-121.800968,36.883681,Santa Cruz,0.09936052814560152,3.141346492106809,-21.002650210119736,-10.858566230216596,0.4422458557285207
1.0,0.7670711708756971,0.0,0.0,-23.465881390713044,-15.36137369462788,-24.940374914943305,-16.441522636515025,4402533,T20,1.0801489418871435,1.4744935242302617,4402533,1.181226088433051,-121.819729,36.879045,Santa Cruz,1.5896049845436548,37.19802170650573,-23.393608681269885,-15.484150920806162,0.957371715708863
0.0,0.0,0.0,0.0,-17.448932539986487,-9.40455056265806,-17.537174069184726,-9.45012943836309,4402547,T20,0.045578875705031,0.088241529198239,4402547,4.009051043590183,-121.642543,36.899024,Santa Cruz,0.16090937129459687,32.4257398131305,-16.640474418973604,-8.340741532504973,1.1093879058581173
0.1297640144462639,0.0,0.9824132439040802,0.0,-19.00584299024145,-7.320310839568552,-19.90958294243536,-7.960652068657636,4405444,T20,0.640341229089084,0.9037399521939092,4405444,13.780172023564589,-121.774128,36.965183,Santa Cruz,0.9837941775762463,57.739274039810056,-18.58224623398708,-7.55320597304538,0.4074460956122552
0.0,0.0,0.9270786684579788,0.0,-18.68965753083407,-5.665293666935388,-19.208103950727804,-6.92981861462917,4402560,T20,1.264524947693782,0.5184464198937349,4402560,1.0341867450385849,-121.790098,37.006996,Santa Cruz,0.3245485979600707,156.5022920254611,-16.11000917556128,-3.988732106169869,2.9410865084593008
0.0,0.0,1.0,0.0,-16.726350509439754,-10.256444196978558,-19.20571983653719,-11.018294701280643,4402570,T20,0.7618505043020853,2.4793693270974373,4402570,1.5657761258982437,-121.80063,36.946808,Santa Cruz,0.6005742882391205,58.3346419760644,-18.186458580811813,-9.526153627103552,1.4921410741770913
0.9950778024769767,0.3609082248332804,0.0,0.0,-20.619113696206067,-13.998049402637786,-24.905388882163635,-14.829530382743483,4402571,T20,0.8314809801056988,4.286275185957567,4402571,1.463848947306607,-121.819842,36.881059,Santa Cruz,1.580752590396059,38.6619057995031,-17.387012514569708,-10.93404370388077,3.8954866788627136
0.1573068884695769,0.0043153414619699,0.0,0.0,-19.72091027259257,-11.790157535559176,-20.098548780359284,-11.818217066838034,4402576,T20,0.028059531278858,0.377638507766715,4402576,9.142222235687251,-121.728753,36.942311,Santa Cruz,0.37570463257004644,27.262418336793164,-19.683237563999064,-11.828369192806742,-0.010152125968707182
1.0,0.903487087782044,0.4702045968547836,0.0,-25.64979369315438,-16.186934358074254,-25.78431144501919,-15.673234191788888,4402608,T20,-0.513700166285366,0.1345177518648093,4402608,1.471954451516967,-121.817852,36.87947,Santa Cruz,1.417393587145332,34.76574272192278,-23.60850328260348,-15.84685902404818,-0.17362483225929282
0.7442165464887829,0.4136570764372486,0.0,0.0,-22.438397392560105,-13.986995431247008,-23.15657579644607,-14.609271347910605,4404667,T20,0.6222759166635967,0.7181784038859682,4404667,15.037899579110563,-121.817952,36.895505,Santa Cruz,1.0753619919393074,33.130274221865896,-22.09693490077954,-13.412682759819855,1.1965885880907496
0.6282038716000979,0.032663562852242,0.0,0.0,-21.55022817837507,-10.189505155500672,-22.41300104980926,-11.644182779935203,4402616,T20,1.454677624434531,0.8627728714341885,4402616,3.1675691299734328,-121.829805,36.914477,Santa Cruz,2.2867299618436214,73.48970862185071,-19.9207417709886,-9.989125330867305,1.6550574490678986
0.9850709285758532,0.9933717400730968,0.0,0.0,-25.50641981487479,-17.12397931074928,-26.196977850480028,-17.54825465494224,4402645,T20,0.4242753441929601,0.690558035605239,4402645,1.2494277056052745,-121.82508,36.882325,Santa Cruz,2.046809606926343,38.893458114077674,-24.1072085952218,-16.863045914853323,0.6852087400889175
0.9779673063255152,0.5875567218850801,0.0,0.0,-24.137686971935597,-15.11438701477326,-24.84047385028053,-15.406315880336017,4402646,T20,0.2919288655627561,0.7027868783449414,4402646,1.4246230006364011,-121.828649,36.899508,Santa Cruz,1.9933270941081864,37.85075631396362,-23.417574701587416,-14.472617072959412,0.9336988073766044
0.9777376334945008,0.3772381913819669,0.0,0.0,-23.70768392552512,-14.793011156977816,-25.013669553832155,-14.821066483888597,4402662,T20,0.0280553269107777,1.305985628307038,4402662,1.460303872759841,-121.809202,36.88724,Santa Cruz,0.6334923232060057,27.347690421446405,-22.97780597385056,-13.720189065479603,1.1008774184089933
0.971063063063063,0.6048288288288287,0.1723963963963963,0.0,-23.528894345067524,-14.986175007238549,-25.14992991942116,-15.17708508226503,4404670,T20,0.1909100750264816,1.621035574353634,4404670,2.1508129091089305,-121.805565,36.88983,Santa Cruz,0.30977895163184116,18.167261605443176,-23.54551202651173,-14.219223658826282,0.9578614234387484
0.5787817236912476,0.0101466346376798,0.0,0.0,-22.9268741592204,-13.772479339430388,-22.29575450115041,-11.910554041043266,4404671,T20,-1.8619252983871208,-0.6311196580699878,4404671,25.00079072181193,-121.806064,36.882028,Santa Cruz,0.35422618275162443,2.7082448998086397,-22.05478357595592,-12.622815310280194,-0.7122612692369277
0.9623084049676912,0.4619096762087932,0.0,0.0,-23.978718575836755,-13.950288146062643,-25.32115266502824,-14.64939221322953,4402696,T20,0.6991040671668856,1.3424340891914852,4402696,13.203415778709696,-121.825053,36.888949,Santa Cruz,1.9477371980287483,45.31105055660664,-23.54628862365743,-13.692182097546375,0.9572101156831554
0.7430659857815162,0.2801642134775208,0.0,0.0,-23.868085150122457,-13.817539034945286,-23.11495991071326,-13.77762911906159,4402698,T20,-0.0399099158836957,-0.7531252394091972,4402698,0.7715721728738176,-121.829836,36.916065,Santa Cruz,2.365292190558838,75.27429375839962,-20.09711190475909,-12.214552575748362,1.5630765433132279
0.6629585258714131,0.0245307775686006,0.1219122596839522,0.0,-21.093569654931787,-10.838205653695152,-22.84797147308628,-12.02959630121017,4402700,T20,1.1913906475150178,1.754401818154495,4402700,1.360376062759661,-121.82352,36.88335,Santa Cruz,1.907930658167686,34.21869881670367,-21.21292539436374,-9.66974864128724,2.359847659922929
0.9536302308149606,0.6757993228049317,0.8031481816537003,0.0,-22.784166496463087,-14.621772220369804,-25.004463716141423,-15.59942580465818,4402702,T20,0.977653584288376,2.2202972196783364,4402702,2.9980694350219994,-121.813885,36.887268,Santa Cruz,1.0502915563964326,41.97656637661747,-24.35387294545238,-14.319426051262388,1.279999753395792
1.0,0.9799630189947888,0.0233988905698436,0.0,-25.29178016345,-15.994429721838792,-25.404100088770065,-17.00768900644526,4402725,T20,1.0132592846064696,0.1123199253200653,4402725,2.307329661083029,-121.819398,36.877932,Santa Cruz,1.5846725488286342,28.53301077333091,-22.841200661005107,-13.63458009182988,3.373108914615381
0.9203179710419228,0.8446105801078829,1.0,0.0,-23.26388582368193,-16.0476907942163,-24.23050883063773,-16.19043845194629,4402769,T20,0.1427476577299877,0.9666230069558032,4402769,2.449598757914876,-121.823501,36.879173,Santa Cruz,1.9202671236157565,39.08801600328474,-24.009213433046405,-15.45952991644886,0.730908535497429
0.6164028686064511,0.0,1.0,0.0,-20.643688187755423,-9.349771671809242,-22.231063480772217,-9.639670165559153,4402771,T20,0.2898984937499094,1.587375293016791,4402771,2.441122023175694,-121.754476,36.96436,Santa Cruz,0.5320789393690133,53.32224411732875,-19.225561857531467,-8.800839057434848,0.838831108124305
0.776387646656495,0.1647778888479682,0.0,0.0,-21.813085916904,-12.561438623636285,-23.138947097049567,-13.445769586461008,4402775,T20,0.8843309628247233,1.3258611801455693,4402775,22.052358770503584,-121.852559,36.933018,Santa Cruz,3.495766108502506,38.18224639107172,-21.0950122150726,-11.99024952482323,1.4555200616377775
0.1558328422455096,0.0,0.8500516709796987,0.0,-19.965377012867062,-9.645002166032114,-20.487179134825837,-9.343610419885737,4402780,T20,-0.3013917461463791,0.5218021219587676,4402780,9.050354105568426,-121.755668,36.936613,Santa Cruz,0.3344223302809259,26.088361881623634,-20.54766212128137,-9.589476632843263,-0.24586621295752664
0.0908774430979891,0.0,0.0,0.0,-19.163193728277683,-10.872692945236436,-20.29959670714716,-11.194731033660958,4402789,T20,0.322038088424522,1.136402978869473,4402789,9.338087877166856,-121.727445,36.938813,Santa Cruz,0.21069306736805296,26.833419248734184,-18.752076106959663,-10.971761318546973,0.2229697151139849
0.0,0.0,0.0,0.0,-16.32716731774236,-10.099829842436288,-18.25052019427336,-10.83641227710124,4402795,T20,0.7365824346649514,1.9233528765309984,4402795,4.046308315625354,-121.849566,36.943338,Santa Cruz,2.9391237804329196,79.57206318741646,-16.963755019345715,-10.091460813347815,0.7449514637534254
0.1135374832663989,0.0115700898833428,0.0,0.0,-19.18792265378069,-11.212660675301091,-20.81388241928256,-11.649248896797893,4404144,T20,0.4365882214968017,1.6259597655018716,4404144,6.473664774664077,-121.841798,36.932485,Santa Cruz,2.682875282842029,74.87945504634455,-18.87375895065716,-10.561828819356332,1.0874200774415606
0.0,0.0,1.0,0.0,-18.68542868754212,-11.116007355496125,-18.93366717518649,-11.601690120589886,4402802,T20,0.4856827650937632,0.2482384876443681,4402802,3.025543095257428,-122.221803,37.03447,Santa Cruz,1.0105234863053383,36.05350202197877,-18.003219514651896,-10.45061871864473,1.1510714019451562
0.0,0.0,0.7171767028627839,0.0,-19.51435074457155,-11.31768702925167,-18.818599090369705,-12.36840828665134,4402870,T20,1.0507212573996707,-0.6957516542018496,4402870,0.9388318651691204,-121.784455,36.962157,Santa Cruz,1.0556210154013492,66.6698093081666,-18.832179552671736,-12.730306313757575,-0.36189802710623553
0.0270794063769347,0.0,0.0,0.0,-17.685495509432975,-9.90630884449854,-19.13468266416181,-10.646125264250092,4404676,T20,0.739816419751552,1.4491871547288362,4404676,5.828563095076391,-121.852968,36.938276,Santa Cruz,3.3361481221925073,51.01134094305933,-17.83992597310796,-10.201603397034996,0.4445218672150961
0.071917323392006,0.0,0.0,0.0,-18.029541045045534,-8.78498156593969,-19.65908993386028,-10.083143792125478,4404677,T20,1.298162226185788,1.629548888814746,4404677,3.2747591476493056,-121.844555,36.931808,Santa Cruz,2.929711691737674,69.96786868423159,-17.867965533424552,-8.791130549743768,1.2920132423817101
0.0087480484626401,0.0,0.0,0.0,-17.516189195898452,-8.790503328949953,-19.03456222321959,-10.46220303376794,4404678,T20,1.6716997048179874,1.5183730273211395,4404678,6.002502876088894,-121.84304,36.931739,Santa Cruz,2.8207885620292465,77.23447735091214,-18.06513790488403,-9.361101854824508,1.1011011789434324
0.0,0.0,0.0,0.0,-20.622586454350422,-10.53691295331943,-18.62802743251052,-10.594489338601727,4403000,T20,0.0575763852822976,-1.9945590218399083,4403000,0.3794931844348556,-121.831688,36.916708,Santa Cruz,2.5444856230578377,72.45088803209025,-20.97801071017622,-9.19888005101017,1.395609287591558
0.43525085369057,0.1215888859702886,0.0,0.0,-21.344398294466476,-13.473350959963112,-21.26724310232128,-13.300340614586576,4403012,T20,-0.1730103453765359,-0.0771551921451916,4403012,2.649354162132463,-121.813078,36.907621,Santa Cruz,0.6264672648717411,65.35240026287568,-19.983146507463346,-13.3597397278338,-0.05939911324722402
0.0750172737143421,0.0201362155759549,0.2257477050636659,0.0,-18.728125314819764,-11.524450281128514,-20.283036873273275,-12.323229378878684,4404261,T20,0.7987790977501685,1.5549115584535116,4404261,15.678356141956206,-121.717544,36.911921,Santa Cruz,0.16698355508918558,11.820608568718683,-19.713834433126657,-11.676079928073367,0.6471494508053173
0.5037523510775902,0.0844513319127929,0.2494860435035273,0.0,-20.516407836802223,-12.70717134034087,-22.10696389821356,-13.393370301566696,4404262,T20,0.6861989612258252,1.590556061411334,4404262,12.376471425308145,-121.714504,36.9131,Santa Cruz,0.29799701737532397,12.558685321279514,-21.12035063651782,-12.637015329853815,0.7563549717128808
0.9907153783216534,0.1031980363558748,0.0,0.0,-23.308989312199653,-12.053035500576897,-24.55289284397237,-13.4944107995418,4403072,T20,1.4413752989649051,1.243903531772716,4403072,2.1632725468086966,-121.817064,36.905981,Santa Cruz,0.9623154352027528,69.69599317356807,-23.08581228218237,-12.6661310774459,0.8282797220958997
0.9783160322952708,0.6264705882352941,0.0,0.0,-23.65887331285152,-15.54123112703667,-23.802855180150143,-15.508028777433651,4403073,T20,-0.0332023496030196,0.1439818672986277,4403073,1.3410208976196851,-121.817549,36.907214,Santa Cruz,1.0111627516177042,66.07625492276343,-23.10500908548935,-15.979078149420332,-0.4710493719866804
0.8559540871276046,0.2577192818799345,0.0,0.0,-22.998525650024074,-12.94968240310529,-23.688462556753134,-13.664137252841911,4404345,T20,0.7144548497366205,0.6899369067290593,4404345,36.49720424927402,-121.8179,36.899813,Santa Cruz,1.0367875697081372,46.705229795011746,-22.056979313452874,-12.402398050538958,1.2617392023029534
0.8193569771295991,0.0,0.0,0.0,-21.739698279559175,-8.415256451984318,-23.552172013793182,-9.484587895470336,4403095,T20,1.0693314434860175,1.812473734234004,4403095,3.2715651295069743,-121.811979,36.899932,Santa Cruz,0.5098890897189127,31.381905063963487,-20.2165464484866,-6.518831256897566,2.9657566385727696
0.9582683550620672,0.0371155885471898,0.0,0.0,-22.256854177280257,-11.78625554119405,-24.25904809486685,-13.243482544293206,4403096,T20,1.457227003099156,2.002193917586592,4403096,3.721867151566512,-121.810125,36.900775,Santa Cruz,0.34490184903371934,27.202162757744873,-21.0354135662762,-11.84636836717666,1.3971141771165456
0.8455216635433834,0.027364475852882,0.0,0.0,-21.659318301367662,-11.895596374829838,-23.298695922860205,-12.948767443240666,4403097,T20,1.053171068410828,1.6393776214925424,4403097,3.4167447296608398,-121.810282,36.899513,Santa Cruz,0.35887874769694605,26.876535857529344,-21.61989629437177,-11.571653165790789,1.377114277449877
0.918971664477388,0.0240195158566335,0.0,0.0,-23.846402415099394,-11.694014030969813,-24.43665387646683,-11.807786516701931,4403098,T20,0.1137724857321185,0.590251461367437,4403098,2.0646471974413902,-121.808635,36.901294,Santa Cruz,0.2123100245617296,19.472592158576166,-21.614389590678236,-10.361896179486816,1.4458903372151148
0.6831068612648885,0.0,0.0,0.0,-21.98446710953243,-12.3950663638456,-22.044605233967477,-13.198241654577426,4403099,T20,0.8031752907318275,0.060138124435042,4403099,0.9264766148840622,-121.808858,36.902567,Santa Cruz,0.2321500578154739,26.221682600678268,-21.679633420628083,-12.20326301647623,0.9949786381011965
0.9566899462392604,0.7856667336582426,0.0,0.0,-23.8912896357521,-15.498068357378193,-25.009160012144296,-15.887334573352652,4404686,T20,0.3892662159744624,1.117870376392197,4404686,12.322986648490373,-121.81908,36.893182,Santa Cruz,1.2572276484411566,36.07322255545557,-23.336155822213385,-14.624837862281847,1.2624967110708045
0.9977330096306896,0.8491406337926265,0.0,0.0,-23.910437330003223,-15.430101571979629,-25.76995613596533,-16.501934709066926,4405204,T20,1.0718331370872978,1.859518805962104,4405204,4.813367213026112,-121.820921,36.892605,Santa Cruz,1.4329083666710412,40.54016223569343,-24.550335982307956,-14.707809902216466,1.7941248068504603
0.8047521294196949,0.6870212635578161,0.0,0.0,-23.34866047044288,-15.169272170218155,-23.682015629332465,-15.796132435348015,4404687,T20,0.6268602651298618,0.3333551588895851,4404687,5.050951620162451,-121.819976,36.89142,Santa Cruz,1.4189924347737273,41.048623148370396,-22.0837190619867,-13.92923262292038,1.8668998124276364
0.8506527210584559,0.5655805936676752,0.0,0.0,-21.90897420824176,-14.117030940242314,-23.46999417342296,-15.035135287923554,4404346,T20,0.9181043476812398,1.561019965181199,4404346,7.901196671449344,-121.816503,36.894216,Santa Cruz,1.0008738658392036,31.48363792344417,-22.45811265511865,-14.441263422719656,0.5938718652038979
0.9372470008095976,0.5162425480238463,0.0,0.0,-23.765768086207657,-13.741631555739785,-24.51932202374439,-15.017561010084274,4404347,T20,1.2759294543444888,0.7535539375367328,4404347,16.819414044434648,-121.827664,36.888761,Santa Cruz,2.160436171756046,44.584066740187474,-22.61535886700957,-13.694416268838014,1.32314474124626
0.755198542890168,0.0,0.0664533931121982,0.0,-22.37186887368212,-9.216584157366093,-22.86680389370318,-10.011289045230592,4404348,T20,0.7947048878644996,0.4949350200210602,4404348,19.87674986530402,-121.78856,36.892623,Santa Cruz,0.801016915842456,3.9257846515625463,-22.22878642250494,-9.152708478414914,0.8585805668156787
0.9899815534833404,0.8648966024197761,0.0023994341218949,0.0,-24.434131545926245,-15.444310100825312,-26.07372789051439,-16.414468282891647,4404349,T20,0.970158182066335,1.6395963445881456,4404349,16.737652904214315,-121.826175,36.886347,Santa Cruz,2.144160271293562,44.27277626957038,-23.59219516354838,-14.5264459094019,1.888022373489747
0.1100266919940393,0.0033920588393544,0.0953659797552571,0.0,-19.892715676120748,-11.600074602506366,-20.21460352356543,-11.719032167190836,4404350,T20,0.1189575646844698,0.3218878474446818,4404350,33.07724781783626,-121.806422,36.879009,Santa Cruz,0.45957088024717313,2.9718397889482695,-19.85963898621081,-11.834334664787391,-0.11530249759655575
0.963292186993918,0.7210566092057439,0.5838341670565375,0.0,-22.908087454724505,-14.165430826295404,-24.28110021794373,-15.550220933750404,4403165,T20,1.3847901074550002,1.3730127632192255,4403165,2.1483580269950733,-121.822328,36.884312,Santa Cruz,1.8018111805201826,35.84353518162549,-22.871794433544625,-14.363546045367924,1.1866748883824805
0.3781248071106721,0.0937596444663909,0.0,0.0,-20.7395780999811,-13.273453542942232,-21.379839557058222,-12.856051428937848,4403200,T20,-0.4174021140043837,0.6402614570771235,4403200,1.2508305335776058,-121.82787,36.91573,Santa Cruz,2.193434386377121,82.58095353456581,-21.0465876896336,-12.435181424328938,0.42087000460890955
0.9433079047075894,0.6844779979333359,0.0,0.0,-23.81330777263989,-14.414595807610429,-24.750689559726347,-15.44525763940869,4403237,T20,1.0306618317982623,0.9373817870864548,4403237,13.686289284601555,-121.812729,36.89802,Santa Cruz,0.5766444764857884,27.218149144523622,-23.002678182252254,-13.756569995316967,1.688687644091722
0.8620178041543026,0.3182657434882953,0.0,0.0,-23.035980509083764,-13.323293402363747,-24.380835414714674,-14.302389777718606,4403242,T20,0.9790963753548568,1.3448549056309105,4403242,2.3484559543177896,-121.810414,36.898899,Santa Cruz,0.3706282022277308,24.88394785465048,-23.61313176590176,-12.347113695715324,1.955276082003282
0.3390499599649927,0.0,0.0,0.0,-21.255652187671792,-6.7216953225454015,-20.82803026324125,-6.458214901106451,4403273,T20,-0.2634804214389508,-0.427621924430543,4403273,4.153301475497409,-121.808507,36.898859,Santa Cruz,0.20092623415293195,24.30775333336563,-18.960686069937974,-5.8449033443281255,0.6133115567783252
0.415224948360119,0.0629653886845685,0.0,0.0,-20.9633665415644,-11.238494495271697,-21.733873092584677,-12.173180134098128,4404269,T20,0.93468563882643,0.7705065510202758,4404269,7.672247748907445,-121.837232,36.913115,Santa Cruz,2.860421064083556,49.70171289750986,-19.058360585969908,-10.43302233632838,1.7401577977697489
0.9820981707307762,0.7178213664630411,0.0017878927142226,0.0,-23.91228207666885,-14.09388297969399,-25.009504237176063,-15.593035386512213,4404365,T20,1.4991524068182205,1.097222160507215,4404365,50.67612809393972,-121.815568,36.883322,Santa Cruz,1.2001454138303849,30.078439002744613,-23.439769067348173,-13.733391547487338,1.8596438390248746
0.0182615460782233,0.0,1.0,0.0,-18.147445382040694,-8.595173129053702,-19.24834026960907,-9.036951065920988,4404479,T20,0.441777936867286,1.1008948875683764,4404479,5.469609269925701,-121.756623,36.933476,Santa Cruz,0.6790883134468377,26.302657199619222,-18.35621626906325,-8.10049127201534,0.936459793905648
0.8180094786729857,0.1517941773865944,0.0,0.0,-20.73343638443741,-14.04393768568358,-23.167547279689146,-14.184476620350765,4404523,T20,0.1405389346671839,2.4341108952517345,4404523,0.5687031765334128,-121.821043,36.920056,Santa Cruz,1.6866438398464847,54.65219436986428,-21.737632323800568,-12.743877760556888,1.4405988597938766
0.6113246162592386,0.0732552586696986,0.0,0.0,-21.9026585848173,-11.508385589776804,-22.537271272439803,-12.30019399220502,4405212,T20,0.7918084024282148,0.6346126876225036,4405212,17.005330073081005,-121.825078,36.910369,Santa Cruz,1.7368069142793192,91.1788005036945,-22.01501192025736,-11.892509288183073,0.407684704021948
0.1036982540037048,0.0,0.6388402065241667,0.0040201269098887,-19.5159268063306,-7.749131467685379,-19.920674074595084,-8.20147329875009,4404699,T20,0.4523418310647109,0.404747268264483,4404699,29.452647347162884,-121.805523,36.866061,Santa Cruz,0.3061367878014302,3.220995365906319,-19.880913857746545,-7.7708036154676,0.4306696832824892
0.4352007884314716,0.1506597638355731,0.4750056273079567,0.0,-21.31278443675725,-12.355052818542102,-21.700273344739184,-13.153830189048854,4404700,T20,0.7987773705067518,0.387488907981929,4404700,12.71728832424241,-121.815996,36.919677,Santa Cruz,1.2376475953582442,40.43267386928969,-19.982117715044463,-12.20864881531351,0.9451813737353447
0.5725162452674737,0.1167254926475538,0.0,0.0,-20.848098885048987,-12.731920296465503,-22.27603736737701,-13.685768991553518,4404702,T20,0.9538486950880128,1.4279384823280274,4404702,24.119652929887398,-121.867545,36.945873,Santa Cruz,3.8155962072659237,45.42637182505179,-19.48919983037015,-11.735283884902111,1.9504851066514064
0.0,0.0,1.0,0.0,-16.212304181631538,-10.527937239802933,-16.422847973023327,-10.634836676348804,4404777,T20,0.1068994365458717,0.2105437913917889,4404777,1.609541067569105,-121.802142,36.946519,Santa Cruz,0.618627464753863,64.67030094157553,-16.656977112069562,-10.058915612228908,0.5759210641198962
0.0,0.0,1.0,0.0,-17.900385417595988,-11.331622412642188,-17.75628559456632,-11.771408980093009,4404760,T20,0.4397865674508221,-0.1440998230296664,4404760,1.2971119330659375,-121.800814,36.945309,Santa Cruz,0.7615265687470677,62.87052700121081,-17.94395536715122,-11.352368590051976,0.4190403900410331
0.0,0.0,0.0,0.0,-17.01309010854185,-8.967706454824286,-17.95786637220379,-10.452112633659222,4404703,T20,1.484406178834936,0.9447762636619396,4404703,0.7702295891915397,-121.848091,36.936771,Santa Cruz,2.970906615047654,87.97717375249248,-16.90905587827326,-8.976144281094022,1.4759683525652
0.1132656498099408,0.0,0.0621661935235529,0.0,-19.112260296636745,-11.745439296055435,-20.06512434886127,-12.345144493231016,4404746,T20,0.5997051971755774,0.9528640522245267,4404746,1.6033048993805148,-121.813507,36.923217,Santa Cruz,1.0161671341177436,45.848436531155365,-18.65027280561139,-11.633398951737746,0.7117455414932703
0.775938901546089,0.5690509965753917,0.0,0.0,-22.634330611656463,-13.997734743418924,-23.237806896100267,-15.117863728358016,4404728,T20,1.1201289849390914,0.6034762844438042,4404728,10.81300691972286,-121.812803,36.927563,Santa Cruz,0.9534843171961644,66.61157249478889,-21.709189445810573,-13.649832619198891,1.4680311091591243
0.0,0.0,0.0,0.0,-15.695961400056582,-9.378566132429455,-17.306877235139407,-9.42098034028618,4404715,T20,0.0424142078567228,1.6109158350828243,4404715,5.1638605919968885,-121.641483,36.901624,Santa Cruz,0.4151467030603557,33.00295169029918,-15.618925509578109,-8.90287842984202,0.5181019104441607
0.0118177059374058,0.0,0.4544026903126537,0.0,-16.535568686270604,-6.231186106377111,-17.94745084022894,-6.106101450801117,4404737,T20,-0.1250846555759937,1.4118821539583344,4404737,4.872975308524496,-121.79981,36.912282,Santa Cruz,0.20235422081511978,19.499453743305786,-15.84004827007078,-5.208641083831377,0.8974603669697405
0.6568396299775425,0.036037997598711,0.0670992304677536,0.0,-22.26757499267202,-12.120082212483783,-22.469884247571823,-12.452536798402225,4404745,T20,0.3324545859184393,0.2023092548998022,4404745,12.425013000431068,-121.702531,36.919753,Santa Cruz,1.03743806424302,14.9217935460553,-21.865621522275607,-11.693248895482848,0.7592879029193771
0.0597336151896019,0.0,1.0,0.0,-19.670651021225726,-5.898131453626384,-20.1476629097533,-6.245600487503557,4405475,T20,0.3474690338771733,0.4770118885275742,4405475,10.100941740011798,-121.775208,36.966613,Santa Cruz,0.9060296295302208,61.033483460122916,-19.393839003587733,-6.103147562046392,0.1424529254571647
0.599368174726989,0.2069734789391575,0.0,0.0,-21.442317371180792,-13.15650875044039,-22.3308553326011,-13.590652772571673,4405476,T20,0.4341440221312815,0.8885379614203082,4405476,19.83186014878222,-121.638415,36.901532,Santa Cruz,0.2668239661425641,29.496878659944635,-21.16322004009773,-12.383453170446616,1.2071996021250566
0.0,0.0,0.0,0.0,-17.278515615468415,-8.94892039910767,-18.427217119764,-9.942452590333698,4405322,T20,0.9935321912260272,1.148701504295584,4405322,6.2654914592188256,-121.727596,36.957838,Santa Cruz,1.8067786432100172,49.65220971202823,-17.052621897617264,-9.132180680693285,0.810271909640413
0.216721649341937,0.0235906799178372,0.0,0.0,-20.748133069721472,-12.374774989752614,-20.674615636752492,-12.614783358485417,4404618,T20,0.240008368732802,-0.0735174329689769,4404618,11.19460368784552,-121.867959,36.943291,Santa Cruz,4.064080598275871,39.01358432860664,-20.04174635890705,-11.77035549950466,0.8444278589807563
0.5265020916655172,0.3916547909100658,0.0,0.0,-20.92316179107126,-13.764228117599632,-22.079888432655007,-14.455441473602423,4405303,T20,0.6912133560027911,1.1567266415837487,4405303,5.037714512884435,-121.865103,36.945235,Santa Cruz,3.974045090777422,46.16493866807841,-20.30485246942605,-12.071820203746046,2.383621269856377
0.0,0.0,1.0,0.0,-16.59994861616572,-11.69961384534565,-17.877188911177466,-11.775831750252758,4405283,T20,0.0762179049071072,1.2772402950117474,4405283,1.2421052044338696,-121.753654,36.949712,Santa Cruz,0.5103514942781948,24.01219009425656,-17.077584670576268,-10.913188114688904,0.8626436355638543
0.0,0.0,0.5221949759610741,0.0,-16.794352407991905,-6.902491961523388,-18.81741115715984,-7.332262481187252,4405292,T20,0.4297705196638635,2.0230587491679337,4405292,4.005814423288171,-121.799957,36.914124,Santa Cruz,0.18927054630003573,24.64971234654756,-17.06754986576907,-6.6427707183365525,0.6894917628506994
0.0,0.0,0.0,0.0,-17.764352942182573,-8.289581361653042,-18.14764510598377,-8.318620152488197,4405479,T20,0.0290387908351554,0.3832921638011974,4405479,8.151469447671928,-121.79604,36.913829,Santa Cruz,0.537772738202576,12.352718759116435,-17.699370669390138,-7.82273567306193,0.4958844794262669
0.0,0.0,0.0,0.0,-16.286692882130016,-9.436439705881234,-17.45121228185133,-9.759750886648249,4405270,T20,0.3233111807670124,1.164519399721314,4405270,1.8256558284101208,-121.797273,36.917591,Santa Cruz,0.4280496299739467,30.36503994294963,-16.99153480701169,-8.846092354474859,0.9136585321733897
0.0,0.0,0.0,0.0,-17.695777607139544,-8.88029987892175,-18.075740653870493,-9.015243477594964,4405305,T20,0.1349435986732121,0.3799630467309498,4405305,1.1504151893108765,-121.644596,36.897501,Santa Cruz,0.07523590543719748,24.584776255224416,-17.607101120485737,-9.42380993261072,-0.4085664550157553
0.1163497256064937,0.0,0.7780584557530916,0.0,-18.979311111477745,-10.267375983675173,-20.416447418168776,-11.392092034539829,4405238,T20,1.124716050864656,1.4371363066910303,4405238,20.25472898625388,-121.781393,36.89069,Santa Cruz,0.5861658872313964,4.906909935350515,-19.288292902128475,-10.489808653995286,0.9022833805445423
0.5531174864025771,0.0,0.0,0.0,-21.07697784728792,-5.607910422731978,-22.1384917193838,-7.295527025089879,4401813,T20,1.6876166023579016,1.0615138720958832,4401813,9.939797582302454,-121.784938,36.894468,Santa Cruz,1.0060852612528421,4.192833419479366,-21.153994461378915,-5.93001456010749,1.3655124649823893
0.4747629713724647,0.1139271578043018,0.0,0.0,-20.295105154448706,-12.712382821495238,-21.79611313420962,-13.283986252635511,4405299,T20,0.5716034311402751,1.5010079797609135,4405299,2.5200871737682458,-121.850481,36.924736,Santa Cruz,3.8138387763269206,52.75486662131003,-19.81081961249684,-11.839131926899418,1.4448543257360935
0.0,0.0,0.9891822885171,0.0,-18.782619749702786,-9.96883784812771,-19.66256806665698,-11.856793164409936,4405529,T20,1.887955316282227,0.8799483169541986,4405529,1.1469104656458846,-121.758703,36.975685,Santa Cruz,0.3076261694456599,40.45113768856634,-16.603364332305034,-9.84244612984689,2.0143470345630465
0.0,0.0,0.0,0.0,-18.947164099126645,-8.840094316118142,-17.457130285990562,-10.063350245980097,4405549,T20,1.2232559298619543,-1.4900338131360833,4405549,0.930225983003696,-121.745513,36.959535,Santa Cruz,0.21359553136013157,22.030103183795124,-18.00225712182751,-9.78104081650926,0.28230942947083726
0.0,0.0,1.0,0.0,-18.070186237154928,-10.471364134361192,-18.088331500696547,-10.632103725975693,4405566,T20,0.1607395916145009,0.0181452635416192,4405566,1.3238421933649898,-121.801115,36.947209,Santa Cruz,0.5487242920379409,60.65898798183717,-16.921284826812517,-10.435806689099952,0.19629703687574107
0.6495723481865447,0.0490261762873632,0.4125439307921059,0.0,-21.802695434635226,-12.502647352439665,-22.461412301032784,-13.243965358692703,4405569,T20,0.7413180062530405,0.6587168663975582,4405569,19.7443427093805,-121.696855,36.92751,Santa Cruz,1.8996647243455844,17.643507960376706,-21.51553593364092,-12.380070823992405,0.8638945347002984
0.1365518539431582,0.0,0.0,0.0,-19.17358248684236,-12.696825632782613,-21.218836046017778,-12.809523972596738,4405574,T20,0.1126983398141252,2.0452535591754213,4405574,0.8202415569724261,-121.825186,36.907637,Santa Cruz,1.6920406601075637,78.30170639270716,-20.36904195958907,-12.47031956051897,0.33920441207776797
0.8021890320373963,0.0336905712005472,0.0,0.0,-20.16103589405761,-13.36032098834264,-23.34099904140754,-13.106610456694437,4405555,T20,-0.2537105316482044,3.179963147349927,4405555,1.3541918264294732,-121.821535,36.90448,Santa Cruz,1.360175147599809,76.26899035367573,-18.59794986429632,-11.937817061833757,1.1687933948606801
0.089465186015092,0.0,0.0613240188486505,0.0,-19.094495178362013,-7.628216377871582,-20.382017009042382,-8.649512247704008,4405525,T20,1.021295869832426,1.2875218306803724,4405525,2.3457741163150265,-121.772758,36.891812,Santa Cruz,0.710877027763755,6.008529018482925,-19.59308523855242,-7.547314131138066,1.1021981165659422
0.4794833090429594,0.0453492608786175,0.8270265112082726,0.0,-20.91614877058356,-12.26241805984961,-21.928454906796,-12.758004447570151,4405506,T20,0.4955863877205431,1.012306136212441,4405506,17.85067869515812,-121.812187,36.876826,Santa Cruz,0.9987443331764208,2.4726286226566447,-20.17942016684112,-12.047088491311715,0.710915956258436
0.0,0.0,0.0,0.0,-15.31658480514543,-9.683028772972756,-16.976365237685993,-9.334208559337627,4405582,T20,-0.3488202136351273,1.659780432540563,4405582,3.607538537407288,-121.642656,36.902807,Santa Cruz,0.41583115536271714,33.81799840479906,-15.701739432021489,-8.542746219077143,0.7914623402604839
0.0,0.0,0.0,0.0,-16.0301058943815,-8.731129974493145,-17.427493029686143,-9.551503524058932,4405583,T20,0.8203735495657867,1.397387135304644,4405583,2.372150975698368,-121.641399,36.900715,Santa Cruz,0.35784292599670875,32.97330875707777,-15.558864774955492,-8.459760885184098,1.091742638874834
0.8218195402423311,0.4039554751875954,0.5560566521932152,0.0,-22.531564016339605,-13.509474854076595,-23.482029826910374,-14.437484864853053,4405552,T20,0.928010010776454,0.9504658105707692,4405552,14.31354578424247,-121.771916,36.888941,Santa Cruz,0.39176274803385674,6.354018931923091,-22.336621036854428,-14.157346180212055,0.2801386846409972
0.9281799826939716,0.0605710989327949,1.0,0.0,-24.155193140690617,-13.548889704037991,-24.22279936397818,-13.616358171463792,4405531,T20,0.0674684674257992,0.0676062232875622,4405531,0.269864282030318,-121.811074,36.888305,Santa Cruz,0.8000941441899335,30.58870241557413,-23.36616422023959,-12.572396796577598,1.0439613748861944
0.0002112043930513,0.0,0.0,0.0,-18.49334552234862,-10.30532081492026,-18.9924278101806,-10.882627861284032,4405534,T20,0.5773070463637726,0.4990822878319818,4405534,20.506207551608316,-121.849872,36.930688,Santa Cruz,3.399519999778416,37.401236597832145,-18.461925298431424,-10.345179734645589,0.5374481266384432
0.0,0.0,0.9568729554709928,0.0,-17.766443288419303,-6.100180286627906,-17.412818052390282,-6.713566373101468,4405542,T20,0.6133860864735619,-0.3536252360290213,4405542,1.1666607711822714,-121.800652,36.913298,Santa Cruz,0.12743696506952923,22.91044548651478,-16.349718349108944,-5.48261364939202,1.2309527237094482
0.0271349174940206,0.0,0.5380353424987526,0.0,-17.832936112787593,-7.936293050618115,-19.449102581918865,-7.903275729686839,4405512,T20,-0.0330173209312762,1.6161664691312725,4405512,4.498426875641692,-121.798181,36.917585,Santa Cruz,0.3472675191387099,33.166459585607576,-17.768797782995435,-7.220396760781334,0.6828789689055048
0.5926235610605579,0.1676317215496406,0.0,0.0,-21.84711304516594,-13.242958817708129,-22.30750185715666,-13.778988187882415,4400729,T20,0.5360293701742869,0.4603888119907182,4400729,48.07761539619631,-121.855302,36.93418,Santa Cruz,3.67234853639166,38.53531593208267,-21.221386050321254,-12.412631632529708,1.3663565553527075
0.5650352125659085,0.071507687769625,0.9580428450278382,0.0,-21.460255722663103,-12.17646008609065,-22.117522305408265,-12.94479617814173,2723788,T20,0.7683360920510793,0.6572665827451623,2723788,52.52761496303827,-121.608912,36.764152,Monterey,0.4447486230814022,71.37036420772141,-21.39281598909506,-11.953616494251522,0.9911796838902074
0.3615693955368492,0.0414352093013564,0.032358885670827,0.0,-20.652923287742844,-11.869903260423763,-21.48090931336362,-12.657733277494044,2723789,T20,0.787830017070279,0.8279860256207776,2723789,18.59490155440471,-121.605612,36.77416,Monterey,0.6215571510006358,90.37891360396503,-20.20244010537132,-11.516884314962248,1.1408489625317966
0.9545792832818386,0.663261240537351,0.8378626252602935,0.0,-23.438129323398872,-14.821654362101787,-23.913784629801015,-15.426021661252918,2716605,T20,0.6043672991511286,0.475655306402146,2716605,10.31749207831361,-121.574266,36.69264,Monterey,0.5963532408331741,61.03761857251876,-23.45865648338378,-13.897445571974094,1.5285760892788236
0.3907223632587122,0.2500961612431726,1.0,0.0,-22.24218144308651,-12.814145947055616,-21.85838118134143,-14.11866944730575,2714956,T20,1.3045235002501343,-0.3838002617450797,2714956,1.0060730338456063,-121.569613,36.648603,Monterey,0.6879026529169164,25.319869933637143,-19.37621140132856,-12.73016816537723,1.3885012819285212
0.4780429037773979,0.0009271390819657,1.0,0.0,-21.34871025124721,-11.487213810747235,-21.77053651412369,-12.012196210037272,2722509,T20,0.5249823992900353,0.4218262628764826,2722509,13.955142315125682,-121.619097,36.721481,Monterey,0.7740710378061193,41.96200589108006,-21.29177090506772,-11.192636636252622,0.8195595737846499
0.5056930706003456,0.0013324763681397,1.0,0.0,-21.097321408934864,-11.502795393932832,-22.04963220899925,-11.591700410407656,2723792,T20,0.0889050164748237,0.9523108000643888,2723792,14.848797086649553,-121.61848,36.722859,Monterey,0.7190234538477674,43.092865965371864,-21.13970626785994,-10.880858266047708,0.7108421443599475
0.3453334315510328,0.0483862481189556,1.0,0.0,-21.246060233339453,-12.497773105616394,-21.42652497406648,-12.992753735017311,2722698,T20,0.4949806294009189,0.1804647407270252,2722698,7.367147785676845,-121.617207,36.72405,Monterey,0.6054682254293238,43.39355381514596,-21.20194382308764,-12.82788869228268,0.16486504273463076
0.7454300387635033,0.2463843686664961,1.0,0.0,-22.866825179092768,-14.414706962585528,-23.313342752850723,-14.19056947959181,2722699,T20,-0.2241374829937168,0.446517573757955,2722699,7.880567189479526,-121.618814,36.724718,Monterey,0.7487964232842741,44.05622453149696,-21.94229027984376,-13.280674519179035,0.9098949604127746
0.770073374763269,0.1776601920496398,1.0,0.0,-23.071527002164107,-13.958384450218134,-23.09503580483082,-13.951237508780338,2722700,T20,-0.0071469414377958,0.0235088026667149,2722700,8.157877477398145,-121.616893,36.726421,Monterey,0.5774433113206656,45.76346157716589,-22.01555213408473,-13.020787298907589,0.930450209872749
0.4886337526566722,0.046412775001436,1.0,0.0,-21.882955200993862,-12.48131784264138,-22.06955942364273,-13.092038151684092,2722702,T20,0.610720309042712,0.1866042226488673,2722702,10.798782558048163,-121.614772,36.727274,Monterey,0.38826436063300523,46.898885224454276,-21.24899808517159,-12.689333230879768,0.4027049208043234
0.4733678474731796,0.0002888765534195,1.0,0.0,-20.91602425301097,-10.244030185786078,-21.91712826520898,-10.990359224122548,2725352,T20,0.7463290383364694,1.0011040121980097,2725352,68.43760414154099,-121.610817,36.724065,Monterey,0.03551850085558737,38.28304925870846,-20.475849479384504,-10.095195912152338,0.8951633119702098
0.3948257835485203,0.0031001531840396,1.0,0.0,-20.38055705628569,-11.494317072173914,-21.596373664144117,-11.761324987574454,2723730,T20,0.2670079154005407,1.2158166078584252,2723730,6.378588952142464,-121.610371,36.715953,Monterey,0.19775556559314994,40.59342190486978,-19.897046468234443,-11.01534180506964,0.7459831825048138
0.8546706656373189,0.385178758087326,1.0,0.0,-23.02998420747462,-13.97660903686296,-23.87074157111981,-14.56710026085544,2724430,T20,0.590491223992478,0.8407573636451922,2724430,11.35481996460918,-121.576781,36.691261,Monterey,0.6753935353589938,57.658238435271905,-22.88018306086426,-13.605175025699353,0.9619252351560874
0.1146393124091935,0.0,1.0,0.0,-19.89131545278625,-10.987271561101585,-20.185652207520647,-11.158027742846464,2725354,T20,0.1707561817448795,0.2943367547343918,2725354,48.78148811305451,-121.616452,36.616475,Monterey,0.5520048298379606,20.750497829278256,-19.58057082491525,-10.986692900888857,0.1713348419576075
0.6034626878718514,0.2080672213814693,1.0,0.0,-22.33936634224728,-13.769287545143236,-22.240614578374373,-13.60537604695518,2701301,T20,-0.1639114981880585,-0.0987517638729045,2701301,14.215357471060246,-121.5619,36.635977,Monterey,0.7276745321000956,27.562924039029948,-21.849371330978933,-12.89064075713634,0.7147352898188402
0.9446837504521792,0.6840439147912419,1.0,0.0,-24.027735155184526,-15.400468290301474,-24.447044561339663,-15.523201978996154,2725357,T20,0.1227336886946801,0.4193094061551399,2725357,53.41656239714164,-121.540393,36.633398,Monterey,1.6297389203027532,44.91847272008773,-23.29457630175101,-14.73251457822183,0.7906874007743241
0.4632284118754404,0.0008834015165059,1.0,0.0,-21.98724876554188,-12.144256789803334,-21.98876708541701,-11.84282474909938,2701531,T20,-0.3014320407039541,0.001518319875128,2701531,22.13205286457732,-121.570667,36.624402,Monterey,0.05325192477795959,24.230483837044034,-22.08119119705685,-11.921125674409398,-0.07830092531001753
0.4328457329059452,0.089441620769653,1.0,0.0,-21.625515236996318,-13.048132824755154,-21.732780077810403,-13.24323090262744,2701578,T20,0.1950980778722861,0.1072648408140892,2701578,8.764594230133667,-121.570874,36.642747,Monterey,0.35179268349264825,25.508866107991413,-21.397133387238167,-12.31273732022042,0.9304935824070206
0.9803908177994382,0.8517561967437024,1.0,0.0,-24.03553190462664,-15.41617237231189,-25.158633828716223,-16.241882998873976,2700885,T20,0.8257106265620866,1.1231019240895854,2700885,25.025493996405192,-121.536605,36.633501,Monterey,1.6395637670841074,47.926871311055294,-23.21747323598737,-14.771574303420431,1.4703086954535447
0.9784476309717856,0.6608631971840961,1.0,0.0,-24.79380035863816,-15.436112250939267,-25.17186860694468,-15.642637031494806,2716341,T20,0.2065247805555365,0.3780682483065192,2716341,19.72448774752044,-121.480014,36.612769,Monterey,1.6624193467499842,93.08856944189694,-24.1656537134356,-14.821382656175771,0.8212543753190342
0.6592173201460515,0.0264811807075771,1.0,0.0,-22.734358548315942,-13.023346514286684,-22.549486270976544,-12.838604051040122,2700718,T20,-0.184742463246561,-0.1848722773394016,2700718,18.70830797808416,-121.585647,36.624443,Monterey,0.19982217792940554,22.408851788847628,-21.73436086727905,-12.070984502388656,0.7676195486514654
0.238226568672759,0.0676217594179996,1.0,0.0,-20.85997088424812,-13.137995089615131,-21.23806715805281,-13.331071113888632,2700533,T20,0.1930760242735019,0.3780962738046938,2700533,5.20918731216585,-121.536296,36.627941,Monterey,1.02162034753938,48.5652584250003,-19.459232629630478,-12.428215899075278,0.9028552148133535
0.6320798075103409,0.2664738165400524,1.0,0.0,-22.6196016960477,-13.901334142664291,-22.50507271665892,-14.14987939733596,2700107,T20,0.2485452546716668,-0.1145289793887833,2700107,14.346757199198969,-121.559728,36.635114,Monterey,0.9263149442205947,28.86710299692187,-21.91396411174741,-13.181560235952745,0.9683191613832154
0.8193246644920087,0.5535546717905179,1.0,0.0,-24.013530795727785,-14.774969349099369,-23.786492523599456,-15.213281541945806,2715531,T20,0.4383121928464373,-0.227038272128329,2715531,5.208466822843537,-121.54349,36.623163,Monterey,0.6021225726556718,41.6989944427666,-22.87984130986113,-13.77132159366861,1.441959948277196
0.5452455967270271,0.0009016941241367,1.0,0.0,-19.489029427299343,-10.6936383561474,-22.12326886231589,-12.259017768822366,2715519,T20,1.5653794126749665,2.634239435016543,2715519,21.95826835470403,-121.60826,36.62116,Monterey,0.3225861435366113,17.197367284548847,-19.553060835692,-10.11064186658496,2.1483759022374063
0.1934792195035453,0.0068992228166654,1.0,0.1688478041246013,-23.57463977967976,-16.90815126345964,-20.86644118759032,-12.54382750936191,2725362,T20,-4.364323754097731,-2.7081985920894383,2725362,33.286025226099355,-121.612811,36.607577,Monterey,0.07416534294842697,16.0296123783795,-21.135009521851345,-12.585291710746416,-0.041464201384506794
0.2293118043683773,0.0044632416639491,1.0,0.0,-20.89476436684101,-11.715099933767409,-21.05036776517794,-11.55309989009299,2725363,T20,-0.162000043674416,0.1556033983369324,2725363,23.566064051707603,-121.618351,36.61429,Monterey,0.5321128507155596,20.689293112415363,-21.62478320238313,-11.670786902730304,-0.11768701263731352
0.1369923268657445,0.2178779140804456,1.0,0.0,-19.85687820959616,-12.428815132202493,-20.63197394144973,-14.008449697564414,2715257,T20,1.579634565361923,0.7750957318535683,2715257,1.584494515469967,-121.535088,36.627856,Monterey,1.012171889463328,49.520887611746744,-19.7235567209182,-13.124648179012102,0.8838015185523123
0.991319869674698,0.9033626253958132,1.0,0.0,-24.12024914701064,-15.642623170543288,-25.286764925862496,-16.573562140143686,2725365,T20,0.9309389696003976,1.1665157788518563,2725365,44.046592310960136,-121.532175,36.636981,Monterey,2.026334314402562,51.075462069481766,-23.154069923448112,-15.2180718332679,1.3554903068757866
0.8632575207845253,0.1839922874380612,0.9629921423092074,0.0,-22.590653344230365,-13.674391181478438,-23.71321520662687,-13.814111378633877,2716527,T20,0.1397201971554373,1.1225618623965057,2716527,14.983628790326062,-121.559124,36.64551,Monterey,0.25755866659535637,30.562721839291306,-21.72408036145962,-12.621830887798572,1.192280490835305
0.8503182241539896,0.2910586774293698,1.0,0.0,-23.340848572663614,-13.38005035829126,-23.444564096570375,-14.167431151022656,2713245,T20,0.7873807927313958,0.1037155239067644,2713245,5.9883457924854335,-121.547025,36.621,Monterey,0.6748375320096416,37.887783121793746,-22.101603755730583,-13.492965481716844,0.6744656693058122
0.1223469971049768,0.0,1.0,0.0,-22.29371635578764,-11.493227148062816,-20.48364830594093,-10.92189136090693,2723811,T20,-0.5713357871558848,-1.8100680498467088,2723811,21.05014393263398,-121.485614,36.609873,Monterey,1.4766469089346475,83.7895587019714,-21.86048394019572,-11.265319577751344,-0.3434282168444138
0.8076460071089203,0.2673894306452876,1.0,0.0,-22.98252932689393,-13.731052065816897,-23.23756838420013,-14.032735420040424,2713020,T20,0.3016833542235275,0.2550390573062024,2713020,10.91225032333853,-121.540616,36.625066,Monterey,0.7081554526318328,44.389192574886266,-22.88756072805914,-13.446026296727789,0.5867091233126356
0.0962559844404548,0.0,1.0,0.0,-20.64386372461164,-12.13003122112293,-20.477764894255525,-12.31344939905896,2712849,T20,0.1834181779360282,-0.1660988303561161,2712849,4.145708591559472,-121.601801,36.596976,Monterey,0.045740222718813964,19.498398367335597,-20.583377948523054,-12.135608590503608,0.17784080855535223
0.6921202316964984,0.069576788603037,1.0,0.0,-22.56751256055225,-12.276820809216575,-22.68639004024694,-12.8368081268229,2712741,T20,0.559987317606323,0.1188774796946887,2712741,14.880713688985448,-121.53825,36.620073,Monterey,0.14717212311554495,44.66657093238999,-21.485653559233853,-12.068301654209645,0.7685064726132556
0.3246822919971619,0.0020978631024145,1.0,0.0,-21.367532431840385,-11.871827196605956,-21.29798889672319,-11.80851179630779,2725373,T20,-0.0633154002981655,-0.0695435351171944,2725373,40.39101273431281,-121.621637,36.610954,Monterey,0.5227900087977295,20.053038305141797,-21.43360307993949,-11.753030444047758,0.055481352260033034
0.6621762135748275,0.0069610559906571,1.0,0.0,-21.94583382220005,-12.582871358870856,-22.555740637172057,-12.382747387339071,2712255,T20,-0.2001239715317844,0.6099068149720033,2712255,15.147698806533782,-121.540343,36.622005,Monterey,0.36823660159900096,43.761879224934354,-21.58193897733857,-11.917019489141603,0.46572789819746774
0.8752166377816292,0.3270649627668691,1.0,0.0,-23.34340292704645,-14.005142504236977,-23.964616113599067,-14.22141468800384,2725376,T20,0.2162721837668648,0.621213186552616,2725376,20.36883443920953,-121.556013,36.616318,Monterey,0.6560940651656594,28.577415128066328,-22.878009406439038,-13.740316877030878,0.4810978109729618
0.3501084606073792,0.058102925376382,1.0,0.0004335024276135,-20.449587933584656,-12.980203742685545,-21.610293544777928,-13.153230911382671,2725377,T20,0.1730271686971267,1.160705611193272,2725377,45.69057442692821,-121.607417,36.610522,Monterey,0.47480031859205846,16.750626327312865,-20.598612310354227,-12.37900948454246,0.7742214268402119
0.9024239635800078,0.2311725106547851,1.0,0.0,-23.576167031938574,-14.097351430157172,-23.473396340501512,-13.904261027520446,2725378,T20,-0.1930904026367255,-0.1027706914370654,2725378,6.402311325601845,-121.540055,36.626555,Monterey,0.8686204920623226,45.14537729675669,-22.47761714408705,-13.132919131911224,0.771341895609222
0.9966310690300562,0.7660156336012329,1.0,0.0,-24.539791654303983,-15.364923801467995,-25.27925853022096,-15.73607652171506,2725380,T20,0.3711527202470659,0.7394668759169747,2725380,17.633327237758106,-121.557421,36.646998,Monterey,0.2864379410722941,30.90222387098602,-23.75346115385561,-15.062487480763624,0.6735890409514358
0.9886103511808386,0.8300429903411316,1.0,0.0,-24.52072249481293,-15.766911234552826,-24.787420746099567,-16.2331357359014,2711350,T20,0.4662245013485737,0.2666982512866411,2711350,13.88493805739681,-121.561113,36.632478,Monterey,0.6123088196987738,28.231430793637823,-23.77335546772412,-15.091255198716416,1.1418805371849832
0.6029234910810878,0.0098070294613429,1.0,0.0,-21.868950740945493,-12.484762476228475,-22.27967359998443,-12.389230023246718,2710853,T20,-0.0955324529817591,0.4107228590389375,2710853,15.431180584395124,-121.536243,36.621425,Monterey,0.2974284807572194,46.72952916784537,-21.08826849275421,-12.019248619732997,0.3699814035137212
0.2568232752393145,0.0054095645132567,1.0,0.0,-21.63037477276456,-11.89781540662636,-21.05733419084359,-11.544061502651006,2725384,T20,-0.3537539039753525,-0.5730405819209672,2725384,23.11902295283169,-121.619835,36.612897,Monterey,0.5384601652164706,20.418095242620222,-21.239329333910728,-11.630255352415036,-0.08619384976402955
0.994382555557664,0.5963220921184978,1.0,0.0,-24.159887853009856,-15.254158486439684,-24.70051379281274,-15.24164479808938,2710485,T20,-0.0125136883503067,0.540625939802883,2710485,4.092072747181563,-121.545049,36.624745,Monterey,0.8261861172205173,40.918712842779584,-23.500977614463597,-13.968598198630549,1.2730465994588318
0.4909651194107441,0.0079857696716126,1.0,0.0,-22.505963013185024,-11.954962627847856,-21.909767638809235,-12.078753951198298,2721846,T20,0.1237913233504421,-0.5961953743757888,2721846,12.388411645300213,-121.572123,36.625892,Monterey,0.1518665360817639,24.08793736023221,-21.714802809165437,-11.645565151717191,0.43318879948110656
0.9431865828092242,0.4457785401181627,1.0,0.0,-24.85238924100167,-14.33274234263644,-23.809474049994357,-14.82676393010631,2708952,T20,0.4940215874698701,-1.042915191007317,2708952,4.079950704691218,-121.546042,36.621663,Monterey,0.6526156371604867,39.09806688213112,-21.969345856953986,-13.784459517184905,1.0423044129214052
0.0566956121023603,0.0,1.0,0.0,-19.20220821541842,-9.522691574011736,-19.704618203895457,-9.609843215708848,2716794,T20,0.0871516416971118,0.5024099884770372,2716794,5.395015405461483,-121.491978,36.609627,Monterey,1.1441438681197675,78.54200459102053,-18.70857866101885,-9.158475131262827,0.4513680844460204
0.5063086884301164,0.1274924573714363,1.0,0.0,-21.712105526455023,-12.851974227985332,-22.143535041790887,-13.574112609929042,2701089,T20,0.7221383819437097,0.4314295153358607,2701089,22.889554214125425,-121.604446,36.624827,Monterey,0.6206424070012811,21.85959637072044,-20.83723525550088,-12.562740423385806,1.0113721865432357
0.7136693934574595,0.1384424781871381,1.0,0.0,-22.77156524375665,-13.417244889458953,-22.948733522754043,-13.387483216010054,2717046,T20,-0.029761673448899,0.1771682789973923,2717046,8.83775229184493,-121.478313,36.61117,Monterey,1.8789259457253071,94.60665338007072,-21.775896896343653,-13.009553159040555,0.37793005696949855
0.1898572068899275,0.0,1.0,0.0,-20.07764238936376,-11.477762437089318,-20.80548285205797,-11.113710617946294,2701633,T20,-0.3640518191430235,0.7278404626942176,2701633,2.41762292348018,-121.599903,36.596488,Monterey,0.0523627574724573,19.279296681724762,-21.05143003723914,-11.021159179492058,0.09255143845423675
0.9881801032916256,0.2549649924756784,1.0,0.0,-23.597092490214827,-13.735221666750654,-24.70556085695684,-14.19225905388879,2721870,T20,0.4570373871381363,1.1084683667420094,2721870,10.992647827074634,-121.557976,36.62983,Monterey,0.5065063095848916,30.73252900776806,-23.102156812945307,-12.980990779234576,1.2112682746542145
0.6904645177105038,0.0294153695305797,1.0,0.0,-21.136431796724352,-12.318484260401332,-22.44374013003825,-13.397331031195977,2714531,T20,1.0788467707946428,1.3073083333139015,2714531,3.797792228930242,-121.600381,36.59573,Monterey,0.03372475458370974,21.662464926892238,-21.327117678242203,-12.67683322235776,0.7204978088382177
0.7423303212723084,0.0880356846154829,1.0,0.0,-22.001755872735878,-13.023371902082522,-22.898995356286918,-13.406001808826971,2714517,T20,0.3826299067444516,0.89723948355104,2714517,18.22002509721355,-121.606503,36.626067,Monterey,0.8136688257187267,21.59449757330395,-21.76502273267218,-12.591440235475051,0.81456157335192
0.1366938082127584,0.0009841251244801,1.0,0.0,-21.02277407530904,-12.370115302000835,-20.90102066496589,-12.192412849062933,2721888,T20,-0.1777024529379041,-0.1217534103431461,2721888,13.261559298622863,-121.583503,36.632605,Monterey,0.15036407649131817,20.414722361924127,-18.58853842453744,-11.267813009454231,0.9245998396087014
0.1143019277447788,0.0,1.0,0.0,-21.082008480608497,-11.842324487333793,-20.54731267014367,-11.63224031861275,2721889,T20,-0.2100841687210426,-0.5346958104648287,2721889,18.759384769524026,-121.58497,36.630669,Monterey,0.0398832993841891,21.247514412599454,-18.64558047759551,-10.376363261262975,1.2558770573497746
0.9738648169651042,0.9240909368697672,1.0,0.0,-24.45751429971265,-15.979444058659992,-25.223900048439024,-16.49984899305498,2725392,T20,0.5204049343949855,0.7663857487263748,2725392,25.41117454501396,-121.556425,36.628605,Monterey,0.5684133490204559,31.623057695336463,-23.97803165555382,-15.544313584151944,0.9555354089030352
0.0917596165537189,0.0191403175334523,1.0,0.0,-19.527433824686128,-11.755993577150257,-20.32429287522842,-12.481678655460678,2723821,T20,0.7256850783104234,0.7968590505422917,2723821,12.135535049185982,-121.620172,36.593633,Monterey,1.4022475408063946,49.17727448297083,-19.070969793355022,-11.672383177740056,0.8092954777206227
0.597061512970182,0.1019601372302318,1.0,0.0,-22.162336123375717,-13.236990832592396,-22.31080464984791,-13.470931670300931,2724509,T20,0.2339408377085359,0.1484685264721967,2724509,11.283636264747567,-121.600792,36.598463,Monterey,0.11549354021691685,18.904075070413754,-21.41937940435577,-13.037395098472874,0.43353657182805705
0.8795837972883194,0.3075483526868841,1.0,0.0,-23.67585619866356,-13.811767160216313,-23.639788632071944,-14.3132848603268,2721920,T20,0.5015177001104885,-0.0360675665916154,2721920,16.578985355467292,-121.55447,36.625945,Monterey,0.7283228602629166,32.40635138701721,-22.42107981854632,-13.009378230655898,1.3039066296709017
0.8765848153480952,0.5486321360470094,0.9749542748180724,0.0,-23.036490327711423,-14.179577103358367,-24.1937622999249,-15.014513143577998,2713637,T20,0.8349360402196311,1.1572719722134757,2713637,9.991305835215153,-121.563051,36.639557,Monterey,0.3984140583897725,27.693618163338073,-22.84109684194474,-13.42141041447243,1.5931027291055688
0.9645476270643596,0.4524961197020588,1.0,0.0,-24.47405951078193,-14.755407117207517,-24.99823377640462,-14.881590272826807,2722153,T20,0.1261831556192927,0.5241742656226869,2722153,9.463377416631472,-121.556998,36.631808,Monterey,0.7192617828304112,31.37564803189895,-23.589370668677883,-14.128651525056316,0.7529387477704912
0.9792532671431562,0.6241514399354047,1.0,0.0,-23.7664572974071,-14.457813169859492,-24.613106035120545,-15.332448078717768,2722154,T20,0.8746349088582761,0.8466487377134442,2722154,10.391334341460118,-121.559055,36.627777,Monterey,0.31730114204033355,29.553641192147794,-23.351686825933324,-13.376700967765837,1.9557471109519309
0.4679522938236346,0.1715960817565155,1.0,0.0,-20.182145537843752,-12.447754110481906,-21.854065034712747,-13.632749368023095,2725394,T20,1.1849952575411908,1.6719194968689948,2725394,13.925847830976863,-121.619054,36.591292,Monterey,1.3953575625039194,59.593278704967254,-19.22588208793452,-11.763215297842605,1.8695340701804906
0.8575349410438172,0.4522537956593565,0.9994755565655948,0.0,-23.793123053589408,-14.46869158562725,-24.453991829641687,-14.79713415199453,2723564,T20,0.328442566367281,0.6608687760522791,2723564,8.86323660145384,-121.564513,36.639998,Monterey,0.26593454703884023,27.365383861171342,-22.26195337521538,-13.562612006311042,1.2345221456834885
0.9376126622223618,0.3551113248852586,1.0,0.0,-23.71146860931524,-14.143113228730702,-24.092755603547463,-14.566027346090422,2716268,T20,0.4229141173597206,0.381286994232223,2716268,34.49150217759315,-121.589577,36.657038,Monterey,1.3957771158789998,28.074575077512797,-22.794726984018677,-13.550227648166294,1.0157996979241286
0.2841188938850021,0.0050110881044854,0.0,0.0,-19.827833467572734,-11.115665816162451,-21.292968142438344,-11.8996659695061,2701233,T20,0.7840001533436478,1.465134674865606,2701233,12.66044268863347,-121.613227,36.769234,Monterey,0.9947023151909228,80.00866358859645,-19.91216522474779,-10.931878076422809,0.9677878930832904
0.5528811841811357,0.0,0.0526796075248021,0.0,-21.83347229501853,-8.824214532708893,-22.199061043775604,-8.999540444114789,2716288,T20,0.1753259114058956,0.365588748757073,2716288,28.464973810921528,-121.595245,36.717081,Monterey,0.5116977829348645,40.45033471367259,-21.52678758395909,-8.73941250487916,0.2601279392356286
0.9678497361450484,0.4422830126691444,1.0,0.0,-24.25809562950268,-14.519631513470705,-24.50365294556307,-14.846684891549453,2725397,T20,0.3270533780787481,0.2455573160603883,2725397,30.23050194350646,-121.590192,36.671508,Monterey,0.1567016400601745,34.19278276680661,-23.15192813734985,-13.911450575076596,0.9352343164728563
0.8698367271576283,0.1669414257578954,0.2936295456144053,0.0,-22.99883517017747,-13.560159968759711,-23.391141340527263,-13.9704070582953,2716297,T20,0.4102470895355861,0.3923061703497978,2716297,35.305520794843176,-121.584458,36.688755,Monterey,1.0352367898518477,49.49461360115068,-22.17650567482297,-12.9958877460108,0.9745193122845013
0.0864946128789776,0.0438820679863024,1.0,0.0,-19.429692657079222,-9.770129414729366,-19.810138038873838,-11.190772715862082,2716298,T20,1.4206433011327153,0.3804453817946118,2716298,4.641248227179473,-121.627858,36.768748,Monterey,2.081930387081032,97.96063726927449,-18.850413957983516,-9.086616655521244,2.104156060340838
0.5301349861726197,0.1370979906786052,0.9996083853874568,0.0,-21.151303627549247,-12.08966553314227,-22.12405571721248,-12.881118041283113,2725398,T20,0.7914525081408428,0.9727520896632348,2725398,80.1682204102463,-121.628743,36.756028,Monterey,1.6337233630553996,68.69452585144607,-20.60029913608328,-11.782868718550215,1.0982493227328973
0.1277517916148135,0.0,0.0,0.0,-20.07185567333627,-12.152468737103256,-20.742285905691038,-12.538554703507945,2725400,T20,0.3860859664046874,0.6704302323547644,2725400,1.803768609104312,-121.616714,36.776403,Monterey,1.557005268601767,120.80682201620408,-20.806831456523515,-12.506156029669825,0.03239867383812012
0.741003338389376,0.0548960124988177,1.0,0.0,-21.664162879202728,-11.096652583612766,-22.863139806494196,-12.084773636501728,2701624,T20,0.988121052888962,1.198976927291465,2701624,22.145866868231398,-121.651951,36.740131,Monterey,1.4636662384414822,40.636680187143895,-21.45948671267618,-11.104505581410738,0.9802680550909901
0.3859406609866168,0.0601341230936819,1.0,0.0,-20.408767403464857,-12.403529149718016,-21.494376884398623,-12.938636169528628,2701640,T20,0.5351070198106136,1.0856094809337655,2701640,63.71861004767903,-121.592246,36.775342,Monterey,0.225698637823629,81.19558067518233,-20.16163897446824,-12.306116471157264,0.6325196983713646
0.3492496589358799,0.0060348286654361,1.0,0.0,-20.975030874742707,-11.394117370698709,-21.53134685744737,-11.390581520165853,2722251,T20,-0.0035358505328559,0.5563159827046675,2722251,4.834705283677381,-121.616822,36.719866,Monterey,0.523242680165137,38.082715061409075,-19.86216524785661,-11.152674942020878,0.2379065781449743
0.4482642787903219,0.2377702916702657,1.0,0.0,-21.38382489486026,-13.858769011507412,-21.605150049737084,-14.02625841490926,2716346,T20,0.1674894034018468,0.2213251548768227,2716346,8.08753412801238,-121.60612,36.720748,Monterey,0.3834423930842023,42.99176355655034,-20.794155573269325,-13.15248103428494,0.8737773806243201
0.0,0.0,1.0,0.0,-19.090387279606357,-11.35506570174221,-19.40852079084589,-10.885971008671175,2700772,T20,-0.4690946930710336,0.3181335112395373,2700772,3.065789550500418,-121.630024,36.734075,Monterey,1.7471189678824233,46.26601643970347,-18.470900923180803,-10.322170251337615,0.5638007573335599
0.2489476459649739,0.0048200127670203,0.0,0.0,-19.14694757798707,-10.6290128978163,-21.06559675238318,-11.503264432230274,2717233,T20,0.8742515344139754,1.9186491743961085,2717233,8.384756839202147,-121.591977,36.710261,Monterey,0.4246578113486021,31.45284055432501,-18.814927980642388,-10.435002293086812,1.068262139143462
0.2931636502666578,0.0446978593248309,0.9243955821021296,0.0,-20.559247178410416,-12.023483981414174,-21.441303838726935,-12.81288986109386,2716357,T20,0.7894058796796859,0.8820566603165219,2716357,19.8494358668128,-121.620974,36.7684,Monterey,1.578972745734124,79.91880426884549,-20.46973936962814,-12.09222986325616,0.7206599978377
0.9316758813494226,0.4990844862851579,0.0555694495306317,0.0,-23.01471020879959,-14.36630049470395,-23.99254687072533,-14.901309728911638,2700543,T20,0.5350092342076884,0.977836661925746,2700543,17.36353051741745,-121.579679,36.684205,Monterey,0.3860965041396223,49.758928086628835,-22.195292680292084,-13.749825643339818,1.1514840855718198
0.61698934070874,0.1413060869962742,1.0,0.0,-21.693835136487195,-12.864531469318296,-22.40993703226184,-13.506533257923694,2700464,T20,0.6420017886053966,0.7161018957746457,2700464,10.18598060130572,-121.567248,36.649167,Monterey,0.5624958935961616,24.574191666033087,-22.048315403936357,-13.050264239302642,0.45626901862105207
0.3748760869838004,0.0021896527925915,0.1074435646794574,0.0,-21.27788041048652,-12.32867725646005,-21.50353457426632,-12.57277561689389,2700459,T20,0.2440983604338402,0.2256541637798008,2700459,12.354494542926682,-121.612526,36.752114,Monterey,0.18788174252438997,55.9284461469235,-20.706017890153078,-11.909664449189048,0.6631111677048427
0.7506363482097401,0.0073794064322523,0.7718077647878393,0.0,-22.194995092373414,-12.0134465432603,-22.826088939806542,-12.570225801412208,2716366,T20,0.5567792581519093,0.6310938474331245,2716366,34.739109679336025,-121.623296,36.74144,Monterey,0.8182557988132175,53.040366793875094,-21.051361191209903,-11.672695481031797,0.8975303203804117
0.8234945237436243,0.3723162389782927,1.0,0.0,-22.82766125933509,-14.162470476093034,-23.54835800123033,-14.654459450058816,2700356,T20,0.4919889739657819,0.7206967418952388,2700356,7.84572784832107,-121.58766,36.680278,Monterey,0.4076844672334537,41.169667059678275,-22.81208863836155,-13.801029117965523,0.8534303320932928
0.6492945901414252,0.1464025813538377,0.9907532953453247,0.0,-21.620066606271983,-13.208726364014504,-22.233088447797336,-13.490535165702653,2700201,T20,0.2818088016881503,0.6130218415253523,2700201,18.0603528678205,-121.587671,36.779785,Monterey,0.1630283317564956,87.28784365200926,-21.3419929141857,-13.326475908094109,0.16405925760854423
0.2060757386600083,0.0038588128475768,0.5749404153898535,0.0,-20.86496126536689,-11.877211666544312,-20.67419799303245,-12.05888965257532,2723831,T20,0.1816779860310067,-0.1907632723344363,2723831,10.233746109336394,-121.615406,36.776341,Monterey,1.4567460672679011,114.36225104280919,-20.033595607457688,-10.789220683573104,1.2696689690022165
0.5699291717127235,0.0842477399782255,0.0,0.0,-20.915645872522227,-12.229923768300145,-22.20112049372066,-13.529667135563594,2717244,T20,1.299743367263451,1.285474621198432,2717244,6.344110962890723,-121.593709,36.710389,Monterey,0.2947404750418433,34.35170054997747,-19.288105081538617,-12.20290347183038,1.3267636637332139
0.1524104789955045,0.0090351440529707,0.5219478707620081,0.0,-19.75760712452904,-11.325540809530596,-20.53580179181345,-11.80796974076707,2700094,T20,0.4824289312364733,0.77819466728441,2700094,17.498171107762992,-121.617249,36.768466,Monterey,1.3245101469767662,81.97468637945877,-19.64446224039457,-11.675416332578903,0.1325534081881674
0.7363691734441619,0.2739063451685715,1.0,0.0,-22.23794623836909,-13.000911882296492,-23.23001383298358,-13.260103276755666,2700053,T20,0.2591913944591741,0.9920675946144896,2700053,10.834356519398998,-121.572356,36.645873,Monterey,0.6889267672645589,22.50494490128682,-21.96638016388677,-12.49545790966897,0.7646453670866968
0.732286266852104,0.1025244791593498,1.0,0.0,-22.17146842239868,-13.31101977416247,-22.859654310634507,-13.583701429994749,2722276,T20,0.2726816558322795,0.6881858882358287,2722276,16.564592975838917,-121.621088,36.716456,Monterey,0.5829434664401001,38.579906530789174,-21.602994707198157,-12.800717204399334,0.7829842255954151
0.6477607031264273,0.1039706177937763,1.0,0.0,-22.706868365471024,-14.321151890705396,-22.495325322058253,-13.80091438464265,2715626,T20,-0.5202375060627453,-0.2115430434127709,2715626,4.243218924018026,-121.594995,36.684618,Monterey,1.1967097011050265,38.69091249251567,-21.547524653069203,-13.75117218261119,0.04974220203146018
0.4155123271609172,0.1811621771643475,1.0,0.0,-21.021103514996245,-13.059028201762544,-21.689172748578603,-13.773856500195569,2722285,T20,0.7148282984330248,0.6680692335823579,2722285,12.441728555639498,-121.595869,36.736447,Monterey,1.2975420814795704,59.16912139083848,-20.503835949283904,-12.861284775123949,0.9125717250716203
0.3037176186831792,0.0217692123348562,0.9230656245893148,0.0,-20.46416391499858,-11.543984030030275,-21.072354391147574,-11.904594923695347,2715449,T20,0.3606108936650702,0.6081904761489945,2715449,10.039228814566169,-121.572071,36.69017,Monterey,0.27175178639808184,63.188702803328184,-20.47479016026573,-11.793611049559663,0.11098387413568389
0.4970279313614972,0.1282910157997387,0.9297332116592408,0.0,-19.77891123968444,-12.314520770964148,-21.986788132869627,-13.640832802112724,2722288,T20,1.326312031148575,2.2078768931851904,2722288,43.32772614020355,-121.623402,36.753918,Monterey,1.157570506604448,56.5241462907718,-19.72276994451522,-11.82954316421462,1.8112896378981045
0.9534141572154868,0.2333554947203753,0.6925655064528745,0.0,-22.898876686152413,-13.598141384798575,-24.20432973756027,-14.18844091432405,2725404,T20,0.590299529525474,1.3054530514078555,2725404,19.847209201568507,-121.57194,36.664211,Monterey,1.6459453317270367,35.39695838971486,-22.30142116624466,-12.915890495361817,1.2725504189622328
0.377477778299036,1.1038410910365345e-05,0.0,0.0,-21.258313082510693,-11.055117767439471,-21.534100755197848,-11.366557151945011,2725405,T20,0.3114393845055403,0.2757876726871551,2725405,28.089892259776203,-121.589916,36.712574,Monterey,0.5279082912871208,38.412521324349406,-20.8176068660674,-10.578795866177732,0.7877612857672798
0.973410803092225,0.5158461765719631,1.0,0.0,-24.48142884709316,-14.727772447635456,-24.721219559286176,-15.021122413150202,2716423,T20,0.2933499655147464,0.2397907121930167,2716423,39.39659356993111,-121.592063,36.655235,Monterey,1.3482583891472466,25.972736177485302,-23.58859111790585,-14.279898572324155,0.7412238408260468
0.9001080674716914,0.2939233862036098,0.4339501905164641,0.0,-23.45519770083073,-13.740786433705033,-23.777924397901756,-14.412100173179498,2715084,T20,0.6713137394744653,0.3227266970710225,2715084,34.70325184420596,-121.582464,36.690043,Monterey,0.986092468510903,51.97818662075026,-22.318544374239423,-13.37654606071844,1.0355541124610586
0.8740433468390251,0.3506013248440413,0.4209595472377646,0.0,-23.153700152226605,-14.277014424503964,-23.69160649088139,-14.573089377937208,2715035,T20,0.2960749534332443,0.5379063386547855,2715035,16.897065263716183,-121.591299,36.684466,Monterey,0.9741565514278987,41.53341038785238,-21.96286936448648,-13.252293451051196,1.3207959268860119
0.772166369917773,0.0,1.0,0.0,-22.49060576692565,-6.010392309835354,-22.976247863032583,-6.012066364154666,2716438,T20,0.0016740543193121,0.485642096106929,2716438,20.081528545626973,-121.602576,36.720547,Monterey,0.6995615272991754,42.114338076667096,-22.225065340167173,-5.2593101479318936,0.7527562162227728
0.4259208119023782,0.0,1.0,0.0,-21.041814374172866,-10.09101293543293,-21.799663667768236,-10.31561365224824,2723834,T20,0.2246007168153099,0.7578492935953669,2723834,31.433828478764426,-121.605775,36.71589,Monterey,0.522044552455446,40.32004966955371,-20.79274441493128,-9.626798920700372,0.6888147315478683
0.3725963159711339,0.0233673594883778,0.7594828236022232,0.0,-20.40700018952085,-10.402655024718127,-21.6505483329084,-10.578279928056354,2723835,T20,0.1756249033382246,1.243548143387546,2723835,19.522057206759094,-121.609038,36.77603,Monterey,0.9898223319106274,114.57643217830875,-19.30633386084591,-9.3121224869504,1.2661574411059533
0.7123566898286718,0.0504739749486621,0.967659071448598,0.0,-22.24226394943019,-13.167242124730834,-22.66033194470405,-12.794241175128985,2716456,T20,-0.3730009496018489,0.4180679952738657,2716456,10.237856164124192,-121.615488,36.750457,Monterey,0.4519867953341105,59.87261866931345,-21.794282143532097,-12.19802727509741,0.5962139000315752
0.4007034292174349,0.0,0.0,0.0,-21.02246451821985,-12.77332741501664,-21.967678265198767,-12.956531845098842,2714591,T20,0.1832044300822026,0.9452137469789186,2714591,0.6136737424991773,-121.617281,36.776357,Monterey,1.596859065255778,123.26554659002615,-19.610258574890423,-11.741379178968977,1.2151526661298657
0.165569351103011,0.0069521965295971,1.0,0.0,-20.14171075133699,-10.466655497116244,-20.4754104169444,-10.808410812026532,2717290,T20,0.3417553149102872,0.3336996656074085,2717290,20.407554504963723,-121.627122,36.761099,Monterey,1.5836908413310433,77.20405081354161,-19.21930330103365,-10.002815550709329,0.8055952613172028
0.9616567702186029,0.6447623257488415,0.3253341475307489,0.0,-23.35746298131105,-14.427233395298463,-24.57797192206773,-15.356261350996627,2714524,T20,0.9290279556981657,1.2205089407566767,2714524,17.057215862068233,-121.577579,36.685368,Monterey,0.3208811290913405,52.03698858928534,-22.717291418503,-13.922749494152704,1.4335118568439231
0.8852416339281489,0.4935864060207318,1.0,0.0,-22.85069051849829,-13.647281201994462,-23.36326092886728,-14.935245271968464,2714354,T20,1.2879640699740025,0.512570410368987,2714354,6.549428506312388,-121.641361,36.76231,Monterey,2.190371936502087,67.96110953631037,-21.3880557845389,-12.746262685630583,2.1889825863378807
0.7694553269736417,0.3235976177509179,1.0,0.0,-21.617373542488863,-12.766963907627504,-23.072954152826707,-14.352588129017702,2714246,T20,1.5856242213901997,1.4555806103378437,2714246,26.488712774982645,-121.610632,36.733741,Monterey,0.019015193863039747,45.260933476262046,-21.4030002952258,-12.841731380446005,1.5108567485716975
0.8235756385068761,0.4669814310159072,1.0,0.0,-22.95266120502954,-14.18718287780768,-23.60729621566149,-14.728970941162697,2723838,T20,0.5417880633550158,0.6546350106319494,2723838,12.249954984047967,-121.567678,36.650318,Monterey,0.6480971379833036,25.00300026127304,-22.483820367232497,-13.78451493867026,0.9444560024924371
0.7924715228802975,0.6608992478096329,1.0,0.0,-21.52991146052004,-13.563407589122734,-23.50327282831261,-15.25013286315068,2716486,T20,1.6867252740279444,1.9733613677925703,2716486,16.5260467132702,-121.610283,36.738405,Monterey,0.012108807962258248,49.195456435585946,-21.762803100165865,-12.85971412382951,2.39041873932117
0.9776411845162564,0.4834434685167184,1.0,0.0,-24.050564882201805,-14.697441652633598,-24.530505504216524,-15.002329735211443,2717296,T20,0.304888082577845,0.4799406220147197,2717296,23.53986225808262,-121.553475,36.654976,Monterey,0.2818711349872847,34.08398510762708,-22.919997722568866,-14.158720105527353,0.8436096296840905
0.5206433238034154,0.0073268037090584,1.0,0.0,-21.664688320669637,-12.252000247607905,-22.129364701463736,-12.355066648130304,2714048,T20,0.1030664005223993,0.4646763807941028,2714048,14.267035033209748,-121.616651,36.748352,Monterey,0.46380979814486056,56.149544684251474,-21.835236154151183,-11.959914613772124,0.3951520343581798
0.4306415235123538,0.1187233970391222,0.622526242602045,0.0,-20.81755594750961,-12.279163995690164,-21.72504748017595,-13.26452159824936,2723839,T20,0.985357602559196,0.9074915326663344,2723839,18.28053865858136,-121.608433,36.770293,Monterey,0.591356285141379,76.66527440410512,-20.822352118265083,-11.7977326720041,1.4667889262452594
0.0478705466952312,0.0030697056256446,0.0426336983257954,0.0,-19.14140683674169,-9.895097724643753,-19.903462037090083,-10.78296254229678,2713811,T20,0.8878648176530302,0.7620552003483887,2713811,15.635844414404758,-121.614628,36.766847,Monterey,1.029660690164771,74.21355961788498,-18.42248526657823,-10.070154310761184,0.712808231535595
0.348762018208117,0.3205564536714029,1.0,0.0,-21.127400517733246,-15.558665896092762,-20.69580932834334,-14.123331913162067,2713782,T20,-1.4353339829306933,-0.4315911893899056,2713782,3.6420244969342006,-121.675604,36.630852,Monterey,0.04447619509616617,12.41878055313095,-20.743983793435245,-11.976145893728733,2.1471860194333345
0.3933308546522306,0.0091382700896356,1.0,0.0,-20.675182131558596,-11.558614888250878,-21.531285845677303,-12.26610927750696,2725412,T20,0.7074943892560821,0.8561037141187136,2725412,17.302461441048234,-121.647424,36.745935,Monterey,2.179930642508467,48.26812668091723,-20.105746564628287,-11.12655051409483,1.1395587634121291
0.5799154154012093,0.0277832969070799,1.0,0.0,-21.71809255662669,-11.689868344593796,-22.284966928406448,-12.303152596471556,2713736,T20,0.6132842518777615,0.5668743717797575,2713736,16.367029697881453,-121.647095,36.743382,Monterey,1.9182406266606962,44.91611223624245,-21.33728288483059,-11.45012938967176,0.8530232067997954
0.0,0.0,0.9802158273381292,0.0,-19.828767639555835,-10.69336820912974,-19.20226241234137,-11.493907216549667,2713586,T20,0.8005390074199283,-0.6265052272144693,2713586,2.290159087219585,-121.55391,36.667511,Monterey,1.0204109965100763,39.37598277296901,-18.732410145809187,-10.53456311335594,0.9593441031937271
0.840118295469821,0.4271649415243985,0.3383142895550478,0.0,-22.7203213592469,-14.045502746972671,-23.69599434763884,-14.829637940657712,2713585,T20,0.7841351936850387,0.9756729883919384,2713585,14.421424546270366,-121.589919,36.683435,Monterey,0.8123484859010599,41.72805481553928,-22.30535340810854,-13.433026804905788,1.3966111357519235
0.7598325437920018,0.3240057287650106,0.9913560054575808,0.0,-22.39266309735936,-13.851280002635765,-23.055417152021437,-14.427768091367678,2713574,T20,0.5764880887319137,0.6627540546620736,2713574,9.160688489192175,-121.571371,36.692474,Monterey,0.38337302385379385,64.72509326864179,-22.17924011878404,-13.504395454571483,0.923372636796195
0.6971785893757396,0.0727641881048485,1.0,0.0,-22.32812073503941,-12.356551530810306,-22.90133281407145,-12.870668254876527,2725414,T20,0.5141167240662234,0.573212079032043,2725414,19.15272054769483,-121.573653,36.666184,Monterey,1.3882624075246797,37.13378825581359,-21.48504895892632,-11.454418965091442,1.4162492897850854
0.1387782640887802,0.0012420645873585,0.5193582447239637,0.0,-20.21708959643911,-10.339185624423662,-20.522563730769736,-10.892516300212934,2717321,T20,0.5533306757892724,0.3054741343306268,2717321,35.39763995895179,-121.591453,36.705859,Monterey,0.7669034150232241,42.00325648574024,-19.488379713831677,-10.213522980403914,0.6789933198090203
0.9232736007707998,0.3846463226795899,0.7819396840339699,0.0,-23.189212783017087,-14.04390697963892,-24.16979830044325,-14.623200996776696,2716539,T20,0.5792940171377747,0.9805855174261672,2716539,35.123062391055434,-121.580341,36.691139,Monterey,0.9146198919866232,54.53700129220585,-22.733922049844285,-13.434650470262604,1.188550526514092
0.952459353776497,0.7376240758623963,1.0,0.0,-23.697516460333517,-15.218548948761518,-24.444933338009157,-15.617380263651215,2713148,T20,0.3988313148896978,0.74741687767564,2713148,9.813197952130242,-121.550262,36.654912,Monterey,0.509884872983736,35.51301706588169,-22.959601204516375,-13.75185627399666,1.8655239896545552
0.6818022697758452,0.1660041781943424,0.1850827169555642,0.0,-22.41419995947077,-13.438089281220826,-22.763540830046257,-13.90268883812851,2713116,T20,0.4645995569076842,0.3493408705754852,2713116,13.712503193073148,-121.610232,36.751467,Monterey,0.0166539839987815,56.41702419108911,-21.81769299607204,-12.52065782389674,1.3820310142317709
0.5557631470358994,0.0593909036724588,1.0,0.0,-21.25465205057913,-12.593166969968111,-22.30521942686361,-13.47528898119788,2723842,T20,0.8821220112297681,1.0505673762844836,2723842,13.517308007243551,-121.605016,36.765079,Monterey,0.23828573363215,65.98452117062573,-21.269030238532597,-12.019417364772826,1.4558716164250534
0.726758692687566,0.0243647590078826,1.0,0.0,-21.881869242602495,-9.39256609407978,-22.80709507930749,-10.03577800039888,2725415,T20,0.6432119063191006,0.925225836704996,2725415,85.08178613300538,-121.653194,36.737015,Monterey,1.1073397184563882,38.67874098868224,-21.894599730878756,-9.175146325723071,0.8606316746758083
0.7960711854517163,0.2492463288923466,1.0,0.0,-21.54716210617935,-13.728885589171965,-23.22553761570486,-14.112415163940698,2712783,T20,0.3835295747687333,1.6783755095255088,2712783,2.401807259127682,-121.595908,36.773069,Monterey,0.12911804349899933,83.57216907874543,-22.28145564669949,-14.523841987814707,-0.41142682387400953
0.7032478341087759,0.0095885809401572,0.6235861543398042,0.0,-21.785359783665985,-11.883932775032491,-22.70613708051977,-12.522318600080933,2716563,T20,0.6383858250484398,0.9207772968537852,2716563,30.90929238829117,-121.622664,36.743372,Monterey,0.7217683714389376,54.0064846830251,-20.784749921951654,-11.23094328419733,1.2913753158836023
0.6494821927338227,0.2200723931409049,1.0,0.0,-21.714009408734217,-12.820125450954627,-22.540670622784507,-13.86216920199962,2712749,T20,1.042043751044993,0.82666121405029,2712749,22.52217150603559,-121.612321,36.736768,Monterey,0.169637936593531,47.19370923529993,-21.552370491212223,-12.51419404201336,1.3479751599862606
0.9831820226557068,0.5756826019983914,1.0,0.0,-24.080579794422963,-15.017682072341984,-24.962574263886665,-15.304059353775909,2712663,T20,0.2863772814339214,0.8819944694636987,2712663,22.77520825519454,-121.555283,36.649382,Monterey,0.4585396045010777,33.03541258789706,-23.152445733549147,-14.137598245110407,1.1664611086655015
0.9845310523462442,0.4083549183784107,0.0,0.0,-22.97591838946529,-14.257893300966757,-24.300059417598018,-14.74774170229842,2718782,T20,0.4898484013316633,1.3241410281327255,2718782,12.867805516412808,-121.575373,36.67786,Monterey,0.3550533018058822,47.42087298801637,-23.423521513659143,-13.774009291470096,0.9737324108283243
0.4567296116671823,0.0960685171808894,0.0311973308568087,0.0,-20.251597335671224,-12.498348571024303,-21.888845758361175,-13.337030752395671,2712311,T20,0.8386821813713681,1.6372484226899535,2712311,9.017124381365466,-121.611136,36.767299,Monterey,0.806860694809908,76.50263509578804,-19.35139130257461,-12.152078080949773,1.1849526714458989
0.760212677850588,0.4498446326344171,1.0,0.0,-21.26914148725909,-13.68537734923292,-23.156604795793825,-14.616180656884696,2717353,T20,0.9308033076517752,1.8874633085347303,2717353,24.508184313174453,-121.643853,36.761026,Monterey,2.0376393784398417,36.831278194679776,-20.478202097063686,-12.708625286777202,1.9075553701074934
0.7310711802231249,0.0107128100214659,0.7729448637971521,0.0,-22.15520817128558,-10.940490187120671,-22.965249889227,-11.598564570322818,2712282,T20,0.6580743832021465,0.8100417179414166,2712282,15.388896005700662,-121.603991,36.711017,Monterey,0.4642187903922393,37.81343305773974,-21.735353958254866,-10.602082786776684,0.9964817835461339
0.6233239436619719,0.1282852112676056,5.28169014084507e-05,0.0,-21.733125849245543,-12.74369329092809,-22.44231773209705,-13.583375365646672,2712026,T20,0.8396820747185831,0.7091918828515063,2712026,22.02534843399636,-121.626304,36.745648,Monterey,1.0661690231582468,53.20277258890447,-21.36404357474191,-12.456417805865254,1.1269575597814185
0.1617928664745781,0.0232743346994291,0.8749664441541243,0.0,-19.525756452537948,-9.182765145909077,-20.211472908694454,-10.291318881721844,2722355,T20,1.1085537358127695,0.6857164561565057,2722355,8.65809038246627,-121.622751,36.768983,Monterey,1.7430909024287504,86.37219797142559,-18.967375275678013,-8.855331248105175,1.4359876336166693
0.0009532462503165,0.0,1.0,0.0,-17.51062711575249,-10.481186357922455,-18.26745037034281,-11.284999292413206,2711800,T20,0.8038129344907485,0.7568232545903193,2711800,5.210270875095283,-121.553191,36.664337,Monterey,0.6730526632328604,39.315700440892655,-17.896394501902893,-11.157572775686884,0.127426516726322
0.5009954344734676,0.0754135169523239,0.8844547563805103,0.0,-21.619086357608943,-12.595815298963483,-22.124764734507902,-13.384197360634673,2723845,T20,0.7883820616711894,0.5056783768989597,2723845,5.179986221931061,-121.612117,36.755256,Monterey,0.15140859355878566,62.90421772430011,-21.95555279252272,-13.085991810809285,0.29820554982538816
0.8183172272173476,0.1254794778075435,0.6728325433925154,0.0,-22.815794641134172,-12.958002071855784,-23.30815743513137,-13.360841082449388,2725417,T20,0.4028390105936044,0.4923627939971986,2725417,42.93547183215965,-121.571432,36.660709,Monterey,1.3667926133201123,32.47683191364772,-22.26895057106256,-12.457210248493046,0.9036308339563419
0.4792553250284627,0.0255115011771988,1.0,0.0,-21.290189898699342,-11.957866046096456,-21.976907356428,-12.229497324862669,2711691,T20,0.2716312787662129,0.6867174577286583,2711691,28.047889718594607,-121.650635,36.744516,Monterey,1.9630697431005029,43.110424469983826,-21.48015400294933,-11.981657235399368,0.24784008946330083
0.7619456382238055,0.3395304229660471,1.0,0.0,-21.6981698153917,-13.355640028931363,-23.12234120142447,-14.520545079193267,2711665,T20,1.1649050502619025,1.4241713860327678,2711665,27.724296265392933,-121.608344,36.735907,Monterey,0.18502943700501795,47.20331329230764,-21.39171140048886,-12.545599182955234,1.974945896238033
0.3042275896560854,0.0015003971639551,1.0,0.0,-20.01241299705484,-9.076852894252896,-21.196530373663787,-10.572506255069552,2717366,T20,1.4956533608166556,1.1841173766089454,2717366,13.177270955251334,-121.613675,36.716358,Monterey,0.06030580879043594,32.90400870885634,-19.731440886574998,-8.899462088088042,1.6730441669815104
0.9473642662924304,0.6035479343917199,0.3412025260942021,0.0,-23.189563313009277,-14.75570947037359,-24.347084070750054,-15.231659697144469,2711595,T20,0.4759502267708768,1.1575207577407802,2711595,17.666037470509835,-121.575516,36.686553,Monterey,0.25977832495578995,54.46859201220982,-22.34326359291025,-13.658640989850957,1.573018707293512
0.8858994987313571,0.4208954762052107,1.0,0.0,-23.93842154886964,-14.29227913362218,-23.965712958191656,-14.845416093102555,2711524,T20,0.5531369594803763,0.0272914093220144,2711524,15.05504276287906,-121.590935,36.669294,Monterey,0.4027717301589439,32.66053559357797,-23.118714755118692,-14.322197329144958,0.5232187639575976
0.1334729064039408,0.0,1.0,0.0,-18.369182440778808,-10.716786126191604,-20.459399917257617,-11.413980153417542,2711438,T20,0.6971940272259385,2.0902174764788093,2711438,3.148853347574614,-121.629043,36.733525,Monterey,1.6609616363185844,46.54435956231478,-18.59713702333343,-10.193366573349264,1.220613580068278
0.4807757210727175,0.0437027081540179,1.0,0.0,-20.585951209028227,-10.216258754340194,-21.76385439657732,-11.62248681923477,2716656,T20,1.4062280648945755,1.177903187549095,2716656,38.82583669054589,-121.611979,36.718904,Monterey,0.11936776268676796,34.56180551602892,-19.853031799784485,-9.697934250139747,1.924552569095022
0.9633012143522892,0.6586469795417504,0.8972729040520872,0.0,-23.258954950623423,-14.575066400150064,-24.361410031754573,-15.290926018430469,2711060,T20,0.7158596182804047,1.1024550811311506,2711060,11.578624624499776,-121.58893,36.681764,Monterey,0.607471830241863,41.41192714661512,-22.91898917989915,-14.30684551067854,0.9840805077519281
0.8569392322258564,0.0,0.9947323119297642,0.0,-22.56973592733248,-6.811010458127516,-23.37522415069226,-6.477483845359134,2722386,T20,-0.3335266127683818,0.8054882233597844,2722386,22.530673288165083,-121.602328,36.724188,Monterey,0.7216481255217693,44.67704310909198,-22.442091270389028,-5.948908739566956,0.5285751057921777
0.7773690367178855,8.468879514309756e-05,0.9922827335425852,0.0,-22.407017847394727,-10.847332844009122,-23.04826324779411,-11.059978221784029,2717377,T20,0.2126453777749049,0.6412454003993844,2717377,14.649474757831408,-121.603257,36.712644,Monterey,0.526358657394773,38.734828573354314,-21.612473547881773,-10.893895410391538,0.16608281139249037
0.996473512395816,0.811339994476586,1.0,0.0,-23.42089268067272,-15.027588763913482,-24.80752928365624,-15.721090083441387,2716683,T20,0.6935013195279058,1.3866366029835149,2716683,10.933061410719192,-121.57197,36.693854,Monterey,0.5210786068126535,64.44677123770053,-23.07692658773115,-14.60398432873302,1.1171057547083674
0.4827187585720444,0.2274187860025863,1.0,0.0,-20.946287860924773,-13.057224553580904,-21.74356969839417,-14.025123567818014,2710825,T20,0.9678990142371084,0.7972818374694022,2710825,3.961290453571468,-121.593411,36.682776,Monterey,0.9536399990705657,38.58168618111658,-20.89782566801069,-12.525091219826246,1.5000323479917679
0.3752130612642448,0.0031046069932794,0.4040128567254311,0.0,-20.82911531961116,-11.661942839756032,-21.516745683975905,-11.488102988834294,2710761,T20,-0.1738398509217393,0.6876303643647432,2710761,12.739715687137505,-121.611376,36.754114,Monterey,0.0853442224571197,57.464583713657476,-20.215899394531583,-11.179611918850505,0.3084910699837895
0.028833326980981,0.0,1.0,0.0,-18.68056759896064,-10.716355022261656,-19.179865004605364,-11.111008940085831,2722389,T20,0.3946539178241774,0.4992974056447252,2722389,4.078113293240101,-121.626576,36.772235,Monterey,2.217267986300341,93.97235285572904,-17.91110502971676,-10.144354209653908,0.9666547304319231
0.0417652804387843,0.0,0.9428321875352192,0.0,-19.732702759497112,-11.0049408817847,-20.43459617218458,-11.598617845605656,2716695,T20,0.5936769638209558,0.7018934126874683,2716695,8.247389890139171,-121.619011,36.774565,Monterey,1.641449867104605,91.13465044368485,-19.581788203397927,-11.044824599938636,0.5537932456670198
0.1492416115382323,0.0109213898325287,1.0,0.0,-19.95273826155992,-11.587711940474252,-20.622159023211758,-12.18230297427639,2710593,T20,0.5945910338021374,0.6694207616518355,2710593,10.401586583705296,-121.644385,36.74482,Monterey,2.155810890636901,50.430367020147145,-20.13856796151744,-11.789518340330025,0.39278463394636454
0.5835345457767537,0.0141217907538267,1.0,0.0,-21.36760147497121,-12.376895484319112,-22.37421515870446,-13.12295023652285,2710539,T20,0.7460547522037384,1.0066136837332529,2710539,7.007761135792172,-121.67107,36.626312,Monterey,0.2152934633077463,14.092899757454804,-19.9902389502671,-11.796312660016246,1.326637576506604
0.7978483334128736,0.2700150671202712,1.0,0.0,-22.44544790670979,-13.724170983978222,-23.20498996121859,-14.226243969998364,2710464,T20,0.502072986020142,0.759542054508799,2710464,11.37305055777757,-121.555298,36.652399,Monterey,0.33447118056272235,32.04806146147263,-21.96470422313538,-13.051293509196372,1.174950460801993
0.0,0.0,0.0,0.0,-19.041779782192776,-12.195755481813311,-19.99380017697787,-12.12595808313258,2709995,T20,-0.069797398680734,0.9520203947850944,2709995,0.441280531174219,-121.617728,36.776125,Monterey,1.6175744825206204,121.14483427867464,-20.51011911579549,-12.776497988511965,-0.6505399053793841
0.4991890952619993,0.1442831215970961,0.7939529675251957,0.0,-20.047569468635366,-12.992326388364964,-21.690978603672058,-13.668040251535926,2722411,T20,0.6757138631709605,1.6434091350366913,2722411,8.025400716547923,-121.583208,36.779979,Monterey,0.06505837078333768,93.03341290816088,-20.12782857604944,-12.733153730900227,0.9348865206356987
0.506920308287729,0.0,0.6873998564113294,0.0,-21.35758995879181,-8.868825191885403,-21.974818559557985,-9.201577340672957,2709503,T20,0.332752148787554,0.6172286007661789,2709503,16.31424908765158,-121.597818,36.720368,Monterey,0.8920815216979163,38.249259998590006,-21.074594577533173,-8.699384107326397,0.50219323334656
0.8141570695655292,0.0,1.0,0.0,-21.42458078287113,-9.342795733401868,-23.05110309382122,-9.476642285791048,2709445,T20,0.1338465523891798,1.6265223109500866,2709445,2.165263433811911,-121.604564,36.709922,Monterey,0.4278952553937819,37.17501627407087,-20.52432077313164,-8.204713758061526,1.2719285277295214
0.5069331766724483,0.0,0.3978463790820418,0.0,-21.15764710493292,-8.047681829838403,-21.977446740264806,-8.392087971702443,2725422,T20,0.3444061418640398,0.8197996353318864,2725422,33.24579013450068,-121.602139,36.707081,Monterey,0.061521720657369744,28.99209101946365,-20.459572040650343,-7.596139427648554,0.7959485440538892
0.9094681541289696,0.4207547849908086,0.0729553400857874,0.0,-23.32675633136118,-14.157225349594704,-24.108377650408546,-14.702271269630115,2709266,T20,0.5450459200354114,0.7816213190473604,2709266,17.228643907408678,-121.580724,36.683625,Monterey,0.4184632643352406,48.67014484931805,-22.63862439776714,-13.656385556204386,1.0458857134257293
0.9584536715866264,0.5895776187780888,0.2388865506581716,0.0,-23.153257477599727,-14.250732110850596,-24.388040621108715,-15.172826659111688,2709265,T20,0.9220945482610928,1.234783143508988,2709265,16.052487125484454,-121.578529,36.684701,Monterey,0.3405799877939189,50.85308104701562,-22.484250852329257,-13.722708294617432,1.4501183644942568
0.9779091517278102,0.5840330589043776,0.3381620086561173,0.0,-22.925565594283277,-14.366393060356437,-24.43566395195261,-15.27518413364446,2709264,T20,0.9087910732880252,1.5100983576693352,2709264,17.06395457349719,-121.576577,36.685996,Monterey,0.2948517964185228,53.22332754338647,-22.37046547192226,-13.792522661883185,1.4826614717612756
0.8876609454769435,0.1289103680276701,0.376145521165243,0.0,-22.39081950220488,-13.395671614409313,-23.49971803713689,-13.676434127512175,2709232,T20,0.2807625131028644,1.1088985349320133,2709232,19.664208444239307,-121.559214,36.680455,Monterey,1.2989282116640304,50.45000055017589,-21.968466939194965,-12.820293639901791,0.856140487610384
0.0152767792954708,0.0,1.0,0.0,-17.111656273973615,-10.663923978587585,-18.656671952258048,-10.767648999729778,2723851,T20,0.1037250211421945,1.5450156782844324,2723851,11.657205085074054,-121.557411,36.658781,Monterey,0.2569472989175438,32.370063368332126,-17.4976154024671,-10.700451171213423,0.06719782851635436
0.8828800493556843,0.5028533755114752,1.0,0.0,-22.970624745207108,-14.71146775045842,-23.754654078266004,-15.017963202721928,2722443,T20,0.3064954522635084,0.7840293330588963,2722443,25.667821555499703,-121.588343,36.673201,Monterey,0.0664843233486632,36.77700039064051,-22.54689407542726,-13.796024511668252,1.2219386910536763
0.1781839066313867,0.0,1.0,0.0,-20.73688656518881,-10.84394909990358,-20.86754680054308,-11.36724500807454,2722446,T20,0.5232959081709598,0.1306602353542629,2722446,18.89319320689746,-121.61371,36.747416,Monterey,0.19416046214682162,52.71343742040256,-20.023266319711382,-10.73484756318047,0.632397444894071
0.4794828990502089,0.0077242038516683,0.7881649714928074,0.0,-21.784108214474127,-10.173996150054812,-22.030034771021302,-10.266314176439408,2701313,T20,0.0923180263845946,0.2459265565471753,2701313,23.038395789009915,-121.597831,36.717239,Monterey,0.5559068156258998,36.44767296316887,-21.372860186282463,-9.800391702234052,0.4659224742053567
0.243656486194663,0.0,1.0,0.0,-19.198920804233943,-10.67306633475891,-20.927717650280798,-11.275928034750052,2719232,T20,0.6028616999911414,1.7287968460468477,2719232,4.020014066116352,-121.610235,36.772663,Monterey,0.8468284115771418,89.60089838447796,-18.791739577800893,-10.097182861774169,1.1787451729758835
0.6489367047056971,0.0,1.0,0.0,-22.61757225601822,-6.027996162263038,-22.628148285570266,-5.757158114045016,2722450,T20,-0.2708380482180219,0.0105760295520411,2722450,23.15384293655372,-121.6024,36.722245,Monterey,0.7152444336310124,43.24371961036337,-21.919560673567982,-5.33357957948451,0.4235785345605061
0.822399361950213,0.0132161263615991,1.0,0.0,-22.229537810338407,-11.90219366376556,-23.130442394932487,-12.49661256595299,2725427,T20,0.5944189021874298,0.9009045845940804,2725427,17.892731890630667,-121.575317,36.668045,Monterey,1.1355864853391542,38.097961079751215,-21.86663976489848,-11.601275547629294,0.8953370183236959
0.7238895357115936,0.0,1.0,0.0,-21.69253945332227,-5.100413322434128,-23.06036388579997,-5.680603744006157,2701450,T20,0.5801904215720288,1.367824432477697,2701450,9.246900042105729,-121.655931,36.746896,Monterey,2.1865058622860216,40.78355591118239,-21.126289259227654,-4.820622484091994,0.8599812599141625
0.6670873515159107,0.0100900137123992,0.6991493174308038,0.0,-21.312893132864943,-11.442364035579065,-22.60046480486165,-12.399655719481158,2717058,T20,0.9572916839020936,1.2875716719967087,2717058,24.14101763366336,-121.62213,36.745262,Monterey,0.6935615460007029,55.15401079269757,-21.032043376310195,-11.06586579130928,1.3337899281718784
0.8500866661568659,0.5197059298343998,0.9983665128767216,0.0,-22.55744865953324,-14.034138565718232,-23.568328311325672,-15.068163659409487,2717084,T20,1.0340250936912572,1.0108796517924326,2717084,36.5271677997698,-121.55553,36.656805,Monterey,0.011524328096449205,33.68950722212354,-21.965359981332124,-13.637413791028038,1.430749868381449
0.7578349004651334,0.1162650986246256,1.0,0.0,-22.701887288102228,-13.107491164546966,-22.977435004650527,-13.81609376449692,2722478,T20,0.7086025999499537,0.2755477165482993,2722478,17.061098819044773,-121.558118,36.653441,Monterey,0.06568887401283335,31.502079782673373,-21.91129925918596,-13.15216911690043,0.66392464759649
0.0066539115646258,0.0,1.0,0.0,-19.43597693429652,-11.720053797404008,-19.4694830002426,-11.135479071995508,2723855,T20,-0.5845747254085012,0.0335060659460779,2723855,7.30447026726625,-121.571175,36.648179,Monterey,0.7671494339927387,25.01974537427329,-19.241528779125424,-11.07910579128577,0.05637328070973879
0.964760666668563,0.5901336693794996,1.0,0.0,-23.219870729543185,-14.811880483350793,-24.273690055393995,-15.341571128860007,2722482,T20,0.5296906455092145,1.0538193258508102,2722482,27.295529432607637,-121.585908,36.674571,Monterey,0.14059976353903386,39.02933461444757,-22.6603021598783,-13.988579628948534,1.3529914999114734
0.8184746374603235,0.3809843075292915,1.0,0.0,-22.097201486637417,-13.966879084432357,-23.36591467302917,-14.481179492978706,2713002,T20,0.5143004085463492,1.2687131863917536,2713002,16.5251025937266,-121.654915,36.745159,Monterey,2.009089860900879,40.67895096579883,-22.24679809099754,-13.911223962954104,0.5699555300246022
0.3405002071719807,0.0072040139136005,1.0,0.0,-21.6247622125426,-11.553605954660574,-21.526909587698487,-11.845467097414666,2722487,T20,0.291861142754092,-0.097852624844112,2722487,22.253393564227835,-121.612455,36.7496,Monterey,0.18155730490336955,54.356920761509045,-20.78672713017814,-11.323148256715337,0.5223188406993291
0.0068252991086962,0.0,1.0,0.0,-18.633360889269756,-10.899009304719836,-19.662067857661167,-10.940039123021403,2712505,T20,0.0410298183015687,1.0287069683914147,2712505,2.895159841046956,-121.62811,36.732973,Monterey,1.5777654390078029,46.96741593488708,-17.77578213229144,-10.859857446414155,0.08018167660724806
0.933042787837663,0.6200406437238327,1.0,0.0,-23.380890468399127,-14.052135025622322,-24.17969677712265,-15.3202195954935,2712382,T20,1.2680845698711778,0.7988063087235275,2712382,22.209591679433792,-121.597613,36.664004,Monterey,0.351651602557123,27.202387303803913,-22.29068962157143,-13.925591993184394,1.3946276023091055
0.9379690406823686,0.7403278458352347,1.0,0.0,-23.38407454099771,-14.763030905842855,-24.20020871924532,-15.646347204282174,2712364,T20,0.8833162984393166,0.8161341782476121,2712364,11.05188754996759,-121.590772,36.680654,Monterey,0.6212785639565831,39.19332710458124,-23.021540534927983,-14.593446342817138,1.0529008614650355
0.74896188850967,0.0076109215017064,0.197192832764505,0.0,-22.18522689842685,-12.058979757308014,-23.1089955429635,-12.41177288626984,2722494,T20,0.3527931289618244,0.9237686445366436,2722494,27.258584477956123,-121.555602,36.674114,Monterey,1.758695481565857,44.2983029763392,-21.670776992534517,-11.545237760895908,0.8665351253739324
0.1038554193923119,0.0,0.1879433637082107,0.0,-19.547059208122874,-11.160940577291182,-19.961136035056683,-11.577353119617335,2723858,T20,0.4164125423261531,0.4140768269338082,2723858,8.133776065301593,-121.607035,36.775,Monterey,0.7789180861623162,101.60459134703584,-18.75010862034479,-10.864402734027871,0.7129503855894637
0.0179962605172951,0.0,1.0,0.0,-21.16641625238121,-10.19972965415892,-19.613543472795204,-10.921834976453002,2709641,T20,0.7221053222940839,-1.5528727795860109,2709641,0.9956461982675542,-121.629212,36.731215,Monterey,1.6760844390244811,45.922067673713784,-18.156724955782817,-10.098304853881762,0.8235301225712401
0.0308779367602897,0.0,1.0,0.0,-18.330081241287026,-11.392477264757812,-19.877686442083604,-11.11130704838251,2709639,T20,-0.2811702163753029,1.5476052007965784,2709639,2.1955645949669784,-121.628714,36.7321,Monterey,1.6316510251791585,46.49464510506779,-18.296529875573345,-10.44914999381571,0.6621570545667996
0.3855426055801745,4.8350872612373496e-05,1.0,0.0,-20.96861230666985,-10.430558609896195,-21.61173230461412,-10.540514796564969,2722510,T20,0.1099561866687715,0.6431199979442646,2722510,32.05832119778528,-121.605548,36.718326,Monterey,0.43700706060618155,41.709706458524614,-20.858586990625856,-9.85406189384478,0.6864529027201893
0.9425504925376093,0.4643727825897369,1.0,0.0,-23.55306224676,-14.95021757590414,-24.05419444567934,-14.913943208603236,2717145,T20,-0.0362743673009049,0.5011321989193398,2717145,7.82087958135266,-121.589636,36.679259,Monterey,0.4450673553787877,39.00423245356937,-22.736845669646147,-14.322395033920516,0.5915481746827194
0.340664003994009,0.0546555167249126,1.0,0.0,-21.96766364920012,-13.410572583608603,-21.579903652764823,-12.985357845345334,2722576,T20,-0.4252147382632696,-0.387759996435296,2722576,12.442454697170415,-121.673323,36.625016,Monterey,0.4623659082070462,14.365851773706247,-19.940747460762523,-11.959991553186374,1.0253662921589601
0.3517765182929427,0.0280532217935311,1.0,0.0,-21.21464527339352,-12.43436832859985,-21.50563439352024,-12.80568861005556,2722579,T20,0.3713202814557093,0.2909891201267207,2722579,23.671902190440782,-121.617948,36.621381,Monterey,0.9977045947173876,20.29307239175202,-21.151089367955123,-12.353300298309149,0.4523883117464109
0.0505749894635438,0.0,1.0,0.0,-22.46280178607099,-13.367425158202208,-19.613866630322786,-11.69084181365946,2725434,T20,-1.6765833445427472,-2.848935155748205,2725434,6.436438737869787,-121.571902,36.647215,Monterey,0.7506912704164207,21.781014493535388,-21.54251769452527,-11.972924177871336,-0.2820823642118757
0.2134405295375332,0.0,1.0,0.0,-19.698704052092555,-11.745016922865972,-20.65525950354716,-12.141242596992177,2723862,T20,0.3962256741262031,0.9565554514546016,2723862,5.288955222396686,-121.573602,36.648135,Monterey,0.9330624710582357,23.456951888280795,-19.29164537658978,-11.206951267509677,0.9342913294824999
0.917392935898571,0.7215131698226174,0.0344645846245957,0.0,-22.10139300701334,-13.722444199009209,-23.90523700454584,-15.544136770978303,2725435,T20,1.8216925719690968,1.8038439975325036,2725435,36.79630720713228,-121.571081,36.68341,Monterey,0.2675373288283603,54.88401115747013,-21.44875845561489,-13.249880941667053,2.2942558293112505
0.9828289096436172,0.6702263033454561,1.0,0.0,-24.15007946295135,-15.135512897753443,-24.7019436183655,-15.451789830497852,2722628,T20,0.3162769327444081,0.551864155414151,2722628,19.77345612525683,-121.595659,36.664983,Monterey,0.4194969323813086,28.603226234732205,-22.94034762296736,-14.697102973512688,0.7546868569851632
0.4810644938864237,0.0523614773642407,1.0,0.0,-21.16576257956061,-13.722080042347924,-21.974434520762177,-13.047593368296493,2722629,T20,-0.6744866740514315,0.8086719412015668,2722629,14.755394172478532,-121.562966,36.652823,Monterey,0.24174219549282197,29.436202236996493,-19.863299032631136,-13.430810629049104,-0.38321726075261076
0.9350354971188438,0.2056286014453534,0.0424373627073318,0.0,-23.27891571714719,-13.75307030055284,-23.946884367473785,-14.039536931097077,2718783,T20,0.2864666305442362,0.6679686503265927,2718783,12.190300524582314,-121.576958,36.676983,Monterey,0.3057698288943754,45.635231181360844,-22.603945230938667,-13.83988421914019,0.19965271195688672
0.8578173781335973,0.2881827455101852,0.2845970758245496,0.0,-23.09926543060316,-13.948060349238382,-23.46221161055003,-14.46386597237948,2718971,T20,0.5158056231410981,0.3629461799468672,2718971,10.047494844202577,-121.577205,36.679857,Monterey,0.08860475563661015,48.01589896302993,-22.201668911001995,-13.135299190814536,1.3285667815649447
0.8235411415627093,0.4484733433302493,7.17863637813866e-05,0.0,-22.40388572837986,-13.942492710242158,-23.171936664439144,-15.000543903582372,2722636,T20,1.058051193340214,0.7680509360592858,2722636,9.724432343746392,-121.573091,36.683088,Monterey,0.1500753256998632,53.690532854352405,-21.81641109642653,-13.34463876404291,1.6559051395394615
0.8968682900987922,0.5809752991101363,0.4613988717503645,0.0,-23.43107316808332,-14.733499196790897,-23.729726318704905,-15.114979900538197,2722637,T20,0.3814807037472985,0.2986531506215897,2722637,13.779611354977655,-121.575874,36.681775,Monterey,0.04777345473282425,50.62147181269879,-22.141131503239013,-14.410041772424211,0.7049381281139855
0.8545860431506143,0.4341987543443102,0.0,0.0,-23.15770735021903,-14.287204395460964,-23.511115123842604,-14.703555552918129,2716573,T20,0.4163511574571643,0.353407773623573,2716573,18.056525236488746,-121.574252,36.679242,Monterey,0.3369025726444294,49.393800958772104,-22.42320260912584,-13.812416181129514,0.8911393717886149
0.0279992406985573,0.0,1.0,0.0,-20.59710685351976,-11.10540641500054,-20.383263225654098,-10.850355275455405,2723866,T20,-0.2550511395451362,-0.2138436278656641,2723866,1.6291202029042515,-121.630585,36.733328,Monterey,1.798486324805194,45.49811988593778,-19.18606771439249,-12.213863209034738,-1.3635079335793332
0.1103763572536533,0.0,1.0,0.0,-18.55644176020912,-9.955860409986396,-20.517136285107277,-11.043001485309004,2718953,T20,1.0871410753226094,1.960694524898152,2718953,1.897573389250322,-121.62978,36.732775,Monterey,1.7267064563845094,45.80051017821648,-17.39255600449501,-10.238248813876476,0.8047526714325279
0.1403472630959388,0.0025014714537963,1.0,0.0,-20.638676582261485,-5.691059039219214,-20.714116710425028,-6.231883509151646,2722688,T20,0.5408244699324323,0.0754401281635424,2722688,7.900988759908848,-121.5991,36.712711,Monterey,0.24184259345304876,29.844980404314786,-19.640775230874706,-5.135306874948487,1.096576634203159
0.4865885685620701,0.0,0.0,0.0,-21.75411012210616,-12.792141842786192,-21.98158976797904,-12.362940799484637,2722690,T20,-0.4292010433015552,0.2274796458728794,2722690,2.632537073399416,-121.593555,36.714277,Monterey,0.28327718112308203,31.067143113387505,-21.824334409281068,-12.063064950667464,0.2998758488171731
0.1705314147314433,0.0,0.0465023507622168,0.0,-20.47883686412209,-9.62669592484021,-20.81915232214072,-10.085372880863597,2725437,T20,0.4586769560233872,0.3403154580186225,2725437,13.616853795279368,-121.593109,36.716682,Monterey,0.524360204839344,36.127986433793055,-19.92025479148237,-9.528063171151285,0.5573097097123121
0.8894455174633835,0.0925680025752454,1.0,0.0,-21.941078884593697,-12.782745086862183,-23.58159731415085,-13.64770055352402,2722693,T20,0.8649554666618364,1.640518429557158,2722693,7.716795065667997,-121.616336,36.717954,Monterey,0.356457256585343,33.78471246013965,-21.60790755669593,-12.18252172111362,1.4651788324104
0.7197517742654371,0.1554222237460144,1.0,0.0,-21.045675645784463,-11.65564482492083,-22.54900085177927,-13.306013298623249,2722694,T20,1.650368473702418,1.5033252059948057,2722694,11.306197470357704,-121.61759,36.716536,Monterey,0.3451000499393192,32.649024148581965,-21.0337199653846,-11.754143255624228,1.5518700429990204
0.8212915650276031,0.1146437283348311,1.0,0.0,-22.51535606630249,-13.062265103094918,-23.140391894409756,-13.541174756853042,2722695,T20,0.4789096537581248,0.6250358281072614,2722695,15.099401974669547,-121.619826,36.719894,Monterey,0.7342107967685207,40.958439175234425,-21.51104050998672,-12.124665755224536,1.4165090016285067
0.5376292875354791,0.0372155674219464,1.0,0.0,-21.85380460101671,-12.537874987443706,-22.08136952554741,-13.083382996289693,2722701,T20,0.5455080088459852,0.2275649245307036,2722701,16.117056551011682,-121.615164,36.725171,Monterey,0.42323862925206235,44.820570212593736,-21.85076222639351,-12.161790447093862,0.9215925491958306
0.7050369255036925,0.2717932171793217,1.0,0.0,-21.798082399108765,-13.724200992295044,-22.86323601992235,-13.958796790392704,2722771,T20,0.2345957980976614,1.065153620813586,2722771,21.646570685993492,-121.654784,36.742983,Monterey,1.7672395243775578,39.771965123638324,-21.891174011716117,-13.107674707254334,0.8511220831383692
0.4132340631745891,0.0,1.0,0.0,-20.76973291706152,-9.441644140954,-21.778913277439727,-9.35195249955588,2723870,T20,-0.0896916413981188,1.009180360378206,2723870,3.5171946533205625,-121.596868,36.77366,Monterey,0.021266480346308916,79.81090991405344,-20.02403064682737,-9.177206355914134,0.17474614364174634
0.64694976009349,0.2621329767509802,1.0,0.0,-21.28532361397601,-12.48097436497764,-22.266191043683342,-14.083915502660352,2723871,T20,1.6029411376827127,0.980867429707331,2723871,6.893563691978013,-121.598347,36.773515,Monterey,0.07149806595161932,73.94323367581056,-20.435615912760078,-12.741053794969384,1.3428617076909681
0.1699403533477391,6.474534845137219e-05,0.2879306577318085,0.0,-19.567693284124392,-10.998631110451266,-20.6315778217792,-11.756884540070642,2713418,T20,0.7582534296193764,1.063884537654804,2713418,9.57795145337216,-121.611108,36.770404,Monterey,0.8251199212533179,82.93143052165898,-19.796863042984786,-10.387366536066242,1.3695180040043997
0.0566312792632102,0.0,1.0,0.0,-19.559025155080263,-11.05995844102972,-19.78300738349226,-11.130671306441638,2716839,T20,0.0707128654119166,0.2239822284119981,2716839,4.51684210473033,-121.609456,36.77221,Monterey,0.7614250162058803,85.99968890567081,-19.88413380177155,-10.955213518996183,0.17545778744545437
0.5410143921222068,0.0690411564196439,0.4146888019189497,0.0,-21.31631097405139,-11.924219863454873,-22.1950684549602,-12.681798120711232,2723873,T20,0.7575782572563607,0.8787574809088063,2723873,4.906957642272972,-121.62022,36.765722,Monterey,1.3403311739689447,69.5643516413989,-20.550390580388537,-11.864203243200045,0.817594877511187
0.3587842779345904,0.0359959866786744,1.0,0.0,-20.807202969959445,-11.736528559440588,-21.419954674464627,-12.570744429127169,2722827,T20,0.8342158696865809,0.6127517045051825,2722827,25.647940896665016,-121.622274,36.764802,Monterey,1.4192154349853536,79.90549155485002,-20.31886113159149,-11.591817746701752,0.978926682425417
0.1567571884984026,0.0202396166134185,0.0926996805111821,0.0,-19.957857380093245,-11.505942418537886,-20.882983620894677,-12.384628271551524,2711466,T20,0.8786858530136392,0.9251262408014292,2711466,4.851688675743119,-121.616519,36.7696,Monterey,1.290163730477652,85.25207764915004,-19.513757259501027,-11.713153331068128,0.671474940483396
0.2856753249195929,0.0339778433991009,1.0,0.0,-20.18589193796844,-11.6588647504594,-21.23200335598312,-12.50340421983034,2723875,T20,0.8445394693709396,1.0461114180146789,2723875,16.473125065243064,-121.625081,36.771631,Monterey,2.074772246848773,81.95918347153165,-19.7381219089865,-11.6462270635231,0.857177156307241
0.6586384819637288,0.1870715020756099,1.0,0.0,-21.179617908200665,-12.842428057309242,-22.53874635245376,-13.860971795069844,2723876,T20,1.018543737760602,1.3591284442530949,2723876,64.25377177861496,-121.634044,36.763731,Monterey,2.264432381967733,46.90053768658363,-20.48757093826385,-12.431318096394817,1.4296536986750272
0.5645346399928524,0.0179436606167231,1.0,0.0,-21.87393238610164,-12.08815664263525,-22.176810638980637,-12.50447901955902,2722842,T20,0.4163223769237696,0.3028782528789975,2722842,22.559504879318037,-121.651493,36.741955,Monterey,1.670104657947547,41.37458686581654,-21.708217124042577,-11.984853421448197,0.5196255981108227
0.7273331097673111,0.0248872253653681,0.9168961824298744,0.0,-22.768685975123702,-12.33904025594338,-22.87781136969705,-12.577062020683725,2722843,T20,0.2380217647403437,0.1091253945733434,2722843,35.81141247332543,-121.624149,36.739629,Monterey,0.9682147977046711,51.96546771343862,-21.64701998611716,-11.643384331073204,0.933677689610521
0.7290249433106576,0.0541858361841846,0.642000795179986,0.0,-22.825718391500097,-12.899790496830349,-22.86447157465222,-12.91245312801368,2722844,T20,0.0126626311833337,0.0387531831521243,2722844,35.50715473501947,-121.625138,36.737898,Monterey,1.144106250624202,50.62226680461795,-21.816698261257425,-12.287044561139924,0.625408566873757
0.5337896016972474,0.0079225586535644,1.0,0.0,-22.08399747779297,-12.138605190800222,-22.227092247922528,-12.261053033818673,2722853,T20,0.122447843018449,0.1430947701295615,2722853,17.45561877763174,-121.648219,36.741225,Monterey,1.6589496266047832,43.286450083698746,-21.560695110286343,-11.680014727706126,0.5810383061125464
0.2714229426995386,0.0103456039626252,0.0699200720477316,0.0,-19.462214601381305,-11.440486005657885,-21.05244955447483,-12.319866158640032,2723658,T20,0.879380152982149,1.5902349530935247,2723658,13.770660781900077,-121.609903,36.768511,Monterey,0.6969358882334658,74.94081913888908,-19.49604412271468,-11.655543084726563,0.6643230739134687
0.3016190699664591,0.0146861930461427,0.915471573106599,0.0,-21.27996752932328,-10.83053833926268,-21.3719767723328,-11.882632467649511,2723659,T20,1.052094128386834,0.0920092430095245,2723659,5.609948396310327,-121.606904,36.771676,Monterey,0.5389097756847591,77.57473209918537,-19.568625652060888,-10.6504421568125,1.2321903108370105
0.6994294309242791,0.1864850065855591,1.0,0.0,-21.509357419890705,-12.753540212332489,-22.76429068179571,-13.710867917651749,2725438,T20,0.95732770531926,1.2549332619050055,2725438,57.611118766416496,-121.624101,36.760227,Monterey,1.2974580415164227,68.04900484529928,-20.847364460821005,-12.54726150458088,1.1636064130708679
0.5877597680970073,0.0,1.0,0.0,-21.9328756023643,-10.27055208089794,-22.25039397941179,-10.253220799728082,2723618,T20,-0.0173312811698576,0.3175183770474881,2723618,20.894424078170964,-121.600281,36.71718,Monterey,0.654092805632121,37.368307737872065,-21.78883164151594,-9.992214422958815,0.2610063767692665
0.8519969189924451,0.3577328373129681,1.0,0.0,-23.159993174363493,-13.93972498078072,-23.43318651855648,-14.466255755766406,2723705,T20,0.5265307749856873,0.2731933441929897,2723705,9.465577856482954,-121.676829,36.62581,Monterey,0.6048509810124619,14.00508733268419,-21.39330992926271,-12.620356108899422,1.8458996468669842
0.9418728238959134,0.0064687557265897,0.0922092201366528,0.0,-22.896422185827607,-12.415559157595744,-23.81159927944127,-12.801957934350714,2716739,T20,0.3863987767549712,0.9151770936136644,2716739,29.64329504776501,-121.557411,36.677659,Monterey,1.6189807964221372,47.5268106812242,-22.303159695298238,-11.7249087885802,1.0770491457705145
0.9363984446000506,0.6011233444078603,1.0,0.0,-23.4143532420396,-14.469031223475062,-24.079870563007976,-15.184466221809362,2723750,T20,0.7154349983343007,0.6655173209683802,2723750,10.42145586084436,-121.551741,36.65308,Monterey,0.5345525821288118,33.00232255557757,-22.992467408697717,-14.540230970677085,0.6442352511322778
0.70172693696282,0.0462212653127628,1.0,0.0,-22.345956078852375,-13.126445279869944,-22.606327217603457,-13.036636943050002,2722916,T20,-0.0898083368199422,0.2603711387510792,2722916,22.44683459066948,-121.678674,36.624287,Monterey,0.6021706002191586,14.117345441434303,-21.477260653158872,-12.399868279240856,0.6367686638091463
0.8043296928568902,0.0,1.0,0.0,-23.231950985911308,-10.543802402599644,-23.25131345523468,-10.132826555172846,2725441,T20,-0.4109758474267977,0.0193624693233687,2725441,21.930924201953747,-121.602261,36.717444,Monterey,0.7419869453878173,40.45679026486971,-22.271463075330335,-9.844996424810711,0.2878301303621349
0.5329286994837678,0.0837689267123139,1.0,0.0,-21.080939859659555,-12.697644346030176,-22.20723218957094,-13.259920798331924,2724566,T20,0.5622764523017469,1.1262923299113865,2724566,14.361318132831713,-121.62046,36.718371,Monterey,0.672414772114168,39.892134530035946,-21.142889072154205,-12.174955918404846,1.0849648799270781
0.6397550205559409,0.1259918452975112,0.0,0.0,-21.32064347910099,-12.683803632670337,-22.326982792126984,-12.932006262161549,2724535,T20,0.248202629491212,1.0063393130259932,2724535,4.594895466267587,-121.609557,36.753063,Monterey,0.07683663238085933,57.42332384928269,-21.12874931035118,-11.55236515158166,1.3796411105798896
0.7732285835036387,0.1542589837259521,1.0,0.0,-21.646597412710523,-13.95549979977621,-22.93460864943949,-13.805387031585257,2724522,T20,-0.1501127681909526,1.288011236728963,2724522,13.377667001254949,-121.589188,36.777636,Monterey,0.2787998644597822,84.29081621559786,-21.07663928876544,-13.181754042895951,0.6236329886893053
0.3755396253316962,0.0020594875044556,0.8511228167452177,0.0,-20.765975114217795,-11.955838752689658,-21.888082237869373,-12.218284769651644,2724545,T20,0.2624460169619862,1.1221071236515776,2724545,1.960729945624284,-121.61686,36.77531,Monterey,1.5054730017620732,103.36199985074921,-19.306308935048783,-11.49952595689483,0.7187588127568141
0.2149653379549393,0.0016551126516464,1.0,0.0,-19.803329516941456,-10.20923721510808,-20.89702979806585,-11.20600006711371,2723883,T20,0.9967628520056292,1.093700281124395,2723883,8.916374563094704,-121.627614,36.765461,Monterey,1.843415569422435,78.50174112878597,-19.34706739193453,-9.77305343449703,1.4329466326166802
0.4144343144624509,0.121191633036153,1.0,0.0,-20.76783545431287,-12.643108638344062,-21.6461770444615,-13.514946913286405,2722264,T20,0.871838274942343,0.8783415901486293,2722264,36.9051010172328,-121.59126,36.73761,Monterey,1.7085441587546966,70.10463752662162,-20.383649505574255,-12.60550479691787,0.9094421163685347
0.973003736908392,0.749337133766406,0.0149352048256661,0.0,-22.96461838900113,-14.478890277144313,-24.609787352299254,-15.804293554113228,2725442,T20,1.325403276968915,1.6451689632981186,2725442,74.90701646967979,-121.567729,36.684652,Monterey,0.4143547313695794,56.190895417036735,-22.523102266211332,-14.09683959606898,1.7074539580442476
0.960399338138125,0.6871036879920932,1.0,0.0,-23.20452866020398,-14.80378680734652,-24.833284482065935,-15.61208883568706,2711876,T20,0.80830202834054,1.628755821861958,2711876,7.0025868211354325,-121.539141,36.626921,Monterey,0.9082658424444169,46.03066735696084,-22.89210554105128,-14.25361700787209,1.3584718278149701
0.384839120159971,0.0,1.0,0.0,-21.06717770723168,-10.994671868223916,-21.71418625491286,-11.278855729749438,2724499,T20,0.2841838615255216,0.6470085476811818,2724499,11.10340207142775,-121.558748,36.616411,Monterey,0.7028029059216956,26.811639177246313,-21.04942261131547,-10.586920737966537,0.691934991782901
0.0,0.0,1.0,0.0,-18.53499153089593,-10.48133392611426,-19.636169704084026,-12.37043623826957,2723887,T20,1.889102312155309,1.1011781731880923,2723887,0.3093564386744006,-121.629873,36.731183,Monterey,1.735036855515227,45.499008090309886,-19.578930200140803,-11.395403169862144,0.9750330684074253
0.0046172315079878,0.0,0.0,0.0,-20.624998445484213,-10.773408475411127,-20.21590137757664,-10.985031411575235,2700165,T20,0.2116229361641064,-0.4090970679075738,2700165,1.6853013605466478,-121.616252,36.776693,Monterey,1.540920985730616,122.5191968026083,-19.43574335343145,-10.78128820118695,0.2037432103882857
0.6490190717068836,0.0,0.9552942784879348,0.0,-20.45357156287567,-11.337166881087196,-22.173495032764247,-11.795713557058834,2725450,T20,0.4585466759716379,1.7199234698885777,2725450,2.270141176026332,-121.617492,36.775142,Monterey,1.5463280241587183,101.58499002166567,-19.711844346862417,-11.575795028874458,0.21991852818437607
0.2676694900362,0.0165887604119073,1.0,0.0,-19.537611199611217,-12.499661957860608,-21.340689185781,-13.53403802561656,2724533,T20,1.0343760677559537,1.8030779861697857,2724533,2.20402624625054,-121.552229,36.668026,Monterey,1.0911946761645694,41.53287815658025,-20.434896559079306,-12.387255724465136,1.1467823011514238
0.5530939702538171,0.3393338888967359,1.0,0.0,-21.024223519954425,-13.532002964086052,-21.97588937556912,-14.42116743335382,2716276,T20,0.8891644692677687,0.9516658556146956,2716276,11.00079153352502,-121.614402,36.583946,Monterey,0.9961727171188917,87.97066625995613,-19.869709274388207,-12.554267699741091,1.866899733612728
0.174581169120092,0.04196036738154,1.0,0.0,-18.821905194863177,-11.793324131611817,-20.90133045502853,-13.253642246935186,2716314,T20,1.4603181153233695,2.0794252601653547,2716314,16.57895515667521,-121.6229,36.580981,Monterey,1.823968787980145,119.46041063386906,-18.90381091501512,-12.072759991350944,1.1808822555842422
0.9563132867865708,0.9275468633332902,1.0,0.0,-22.530832500541106,-15.433127513093345,-24.405052006203466,-17.011821899403536,2715387,T20,1.5786943863101932,1.874219505662364,2715387,5.928900124406265,-121.605144,36.587273,Monterey,0.09084123814495626,45.41511005247755,-22.33576802361809,-14.33007709077811,2.6817448086254263
0.8525755893190652,0.5182852960476504,1.0,0.0,-21.16634321289646,-13.294568031626204,-23.37094992972465,-14.970638867319332,2721833,T20,1.6760708356931282,2.204606716828188,2721833,12.30535776563927,-121.605197,36.591598,Monterey,0.3571210220256627,35.961991992135665,-20.58452476853464,-13.227821124476748,1.7428177428425844
0.2401483463446852,0.0522260418959882,1.0,0.0,-19.00478507260092,-11.410835833819316,-20.72188904448637,-13.032684960627364,2713102,T20,1.6218491268080495,1.7171039718854535,2713102,4.590621355675118,-121.588432,36.575171,Monterey,1.2136322615635848,30.004586992646388,-18.250004168288736,-11.488172090463326,1.5445128701640378
0.0,0.0,1.0,0.0,-17.714047815717567,-9.846578884698552,-18.101584305959623,-11.641933769267428,2716585,T20,1.7953548845688747,0.3875364902420557,2716585,8.16767299701615,-121.619135,36.581892,Monterey,1.4755518606587998,107.52614740100876,-17.68400969307123,-9.975654158966348,1.6662796103010802
0.3700180043589501,0.0595091443191509,1.0,0.0,-21.19184089221539,-12.662503287573657,-21.280637345807428,-13.306464458406651,2711496,T20,0.6439611708329949,0.0887964535920389,2711496,4.09711467184544,-121.587586,36.574704,Monterey,1.1872432424142507,31.44258327789582,-19.374315951527365,-11.925657114978147,1.3808073434285042
0.9715508160290912,0.7169908656690573,1.0,0.0,-27.69352134861024,-20.996787753691866,-26.67899470728345,-16.001206547910286,2711495,T20,-4.99558120578158,-1.014526641326782,2711495,21.539623332374315,-121.575838,36.577702,Monterey,0.16027335755175587,21.123938038496426,-27.3737618478992,-18.792389228220276,-2.7911826803099906
0.5921314825853701,0.4713786936898578,1.0,0.0,-20.93534469806596,-13.320108817513752,-22.32459951593873,-14.787982678160114,2716747,T20,1.4678738606463622,1.389254817872768,2716747,9.127258796446382,-121.61337,36.585843,Monterey,0.8426766355632711,77.85240741772942,-19.988827656834896,-12.784977245433558,2.0030054327265567
0.6917469162141736,0.1780605685377152,1.0,0.0,-22.430873782832386,-13.164356576044831,-22.761034017598337,-13.857204946504108,2725487,T20,0.6928483704592772,0.3301602347659553,2725487,27.86074454964981,-121.608293,36.587324,Monterey,0.36917912667145214,61.869302555228025,-21.738794236249237,-13.244116156714291,0.613088789789817
0.4743579177390606,0.138005006204774,1.0,0.0,-20.844526003756613,-13.037198956616123,-21.84511106123408,-13.746916452129144,2725491,T20,0.7097174955130203,1.000585057477469,2725491,32.97113058259024,-121.610497,36.588255,Monterey,0.5717981914229049,62.450937359278605,-19.871330921088653,-12.652584286200902,1.0943321659282415
0.8183717413037347,0.2858168208966701,1.0,0.0,-21.72079600230088,-13.11605688693854,-23.07806453957762,-14.380733103415922,2711967,T20,1.2646762164773833,1.3572685372767417,2711967,6.063554974102309,-121.603993,36.586992,Monterey,0.058495425963861994,45.94461475416414,-21.126020175554043,-12.79216241182125,1.588570691594672
0.5989951741918428,0.2267389436107623,1.0,0.0,-20.67718418161933,-13.09503657814619,-22.28771378303342,-14.156510661728916,2721900,T20,1.0614740835827252,1.6105296014140895,2721900,29.37130427491084,-121.611318,36.581231,Monterey,0.9453238743095763,91.28996865812253,-20.063500220251854,-12.526684000691802,1.6298266610371144
0.6035369824302739,0.3208701928983905,1.0,0.0,-21.32264787824713,-13.591905183738604,-22.289449013411694,-14.49655919257562,2715362,T20,0.9046540088370154,0.966801135164566,2715362,10.114389043145565,-121.603725,36.584036,Monterey,0.38693692614996616,63.998848665784394,-21.003324295929783,-13.146058424064972,1.3505007685106492
0.4521620208358473,0.1183299143236394,1.0,0.0,-21.101186151471737,-12.582002946258305,-21.792807829088325,-13.231920573207006,2721901,T20,0.6499176269487013,0.6916216776165882,2721901,9.657931999645797,-121.605652,36.583653,Monterey,0.4475989217771364,63.48970223861784,-20.212690451721286,-12.017559261254036,1.2143613119529704
0.0503784558015483,0.0022596219146282,1.0,0.0,-19.47452569664791,-12.123252026514574,-20.062740340941403,-12.735330290177664,2725500,T20,0.6120782636630899,0.5882146442934939,2725500,6.292872107276397,-121.618706,36.584418,Monterey,1.3435134501585517,93.5076068311671,-19.152963326529505,-11.698949720187878,1.0363805699897863
0.0330364924020074,0.0154464133668573,1.0,0.0,-18.814883821762237,-11.2126326496977,-19.37838728501319,-12.098877573667414,2721903,T20,0.8862449239697128,0.5635034632509566,2721903,7.756022939216538,-121.618173,36.587064,Monterey,1.2524208257340648,79.0711432875596,-18.85770994818945,-11.077859243505866,1.0210183301615476
0.0282395922044902,0.0,1.0,0.0,-17.919494001467122,-11.528009962892256,-19.229576962285837,-11.80079703835976,2721904,T20,0.2727870754675052,1.3100829608187112,2721904,6.295518711667221,-121.617055,36.585804,Monterey,1.1669098584498907,83.3402461611297,-18.57802566570872,-11.54720909839697,0.25358793996278983
0.2142380026421647,0.0689931570900562,1.0,0.0,-20.856413280565683,-12.793829489336368,-21.100213911580607,-13.135936636784484,2717510,T20,0.3421071474481163,0.2438006310149241,2717510,5.236566591404907,-121.614225,36.587638,Monterey,0.8988435412836709,70.61785758323599,-19.566141138228787,-12.703168790354209,0.4327678464302753
0.2482128639913268,0.0805608727322006,1.0,0.0,-19.31729688262753,-12.295981472342358,-21.10780806704381,-13.366502451200882,2722224,T20,1.0705209788585233,1.790511184416271,2722224,18.3248593319979,-121.622936,36.583575,Monterey,1.7329034701811257,103.51931806097159,-18.990597592324704,-11.804664329210812,1.5618381219900694
0.6258792302587923,0.0789648307896483,0.0071665560716655,0.0,-21.00580825117283,-11.830866003778713,-22.51744928868252,-12.135361051032378,2702910,T20,0.3044950472536651,1.5116410375096905,2702910,1.7497028972600788,-121.716482,36.80148,Monterey,1.1463598634428358,73.74325845469895,-20.61680029670013,-11.557611873848463,0.5777491771839145
0.3509389671361502,0.2890935355724088,1.0,0.0,-21.23213260547924,-13.29915872565572,-21.37548981143975,-14.159117824735398,2701547,T20,0.8599590990796795,0.1433572059605126,2701547,0.858299155455523,-121.716658,36.876239,Monterey,1.4102692533323349,54.54347163152506,-20.833393023648004,-11.78850061079485,2.370617213940548
0.5224761051373954,0.2001568100358423,0.0,0.0,-20.61481849590563,-13.643178607985211,-21.552126720350444,-13.630469585737368,2700609,T20,-0.0127090222478436,0.9373082244448128,2700609,2.0782964812269524,-121.728235,36.818608,Monterey,1.462770292012115,39.07416841562219,-18.96931060631916,-12.727570666404867,0.9028989193325003
0.4164323225478569,0.0,0.980586142639336,0.0,-19.408718243252626,-8.860274277860205,-21.361501828687768,-9.915360953539237,2722263,T20,1.0550866756790305,1.9527835854351423,2722263,4.57124107653444,-121.703011,36.857694,Monterey,0.2537216274066192,13.772744850875682,-19.992051700195688,-8.905160205425053,1.0102007481141833
0.0,0.0,0.0,0.0,-16.167075801047424,-10.022504586094168,-15.851593326786189,-10.200807624128633,2700262,T20,0.1783030380344659,-0.3154824742612376,2700262,0.910081369364022,-121.721372,36.872034,Monterey,0.839478152565644,36.451795697222394,-16.49068114553213,-9.830728436128016,0.37007918800061645
0.3052639046538025,0.0,0.0051400784232793,0.0,-20.694635035842296,-11.135336109866476,-21.33613422845449,-12.245471631073332,2715149,T20,1.110135521206855,0.6414991926121942,2715149,11.985923669649075,-121.669691,36.895052,Monterey,1.2772773302330367,20.659446857684348,-19.87594837539099,-11.06820913792226,1.1772624931510727
0.5067437705847984,0.0,0.9902886316876784,0.0064770677933095,-20.387851191995885,-9.61104374853016,-22.094541576355496,-11.369072290535986,2712897,T20,1.7580285420058264,1.7066903843596108,2712897,9.153888865917894,-121.70834,36.912809,Monterey,0.26561002585318877,13.4108780808812,-21.22260021408733,-9.638760530177167,1.730311760358818
0.3973145274707393,0.0010431558515522,0.0,0.0,-20.582578146653223,-11.245184575553422,-21.59359752713641,-12.28023948682857,2712848,T20,1.0350549112751484,1.0110193804831873,2712848,26.61444739713056,-121.672716,36.89593,Monterey,1.1471379057889124,20.451719758046057,-20.07026137409574,-11.012113709367323,1.2681257774612469
0.7544831880448318,0.0,0.0,0.0,-20.971115961463116,-7.365220460811637,-23.155305193419668,-7.940630848921241,2712565,T20,0.5754103881096047,2.1841892319565552,2712565,2.4874567353444883,-121.693633,36.781759,Monterey,1.9181176386108363,53.32856127571496,-21.408671162053217,-7.259218418428227,0.6814124304930145
0.1903523645754069,0.0432891354755214,0.9078076224827892,0.0,-19.01305560942812,-12.31222893447485,-20.366512551871185,-12.84715582886996,2712316,T20,0.5349268943951095,1.3534569424430636,2712316,12.929972579041412,-121.706815,36.761735,Monterey,0.3421338416093165,-1.1284840546594406,-18.81208390407752,-12.498574504421892,0.3485813244480678
0.6552990962781541,0.0968827021748228,0.0,0.0,-21.28783244538553,-11.9635654282637,-22.286865658568694,-13.575210088084775,2712271,T20,1.611644659821078,0.9990332131831644,2712271,4.994474139255338,-121.72431,36.818775,Monterey,1.7919245436825066,52.302408381205154,-20.29534117434291,-11.888384266195608,1.6868258218891672
0.0058727569331158,0.0,0.0,0.0,-18.54124267327121,-10.529119719172966,-18.45429167273125,-13.22904920474805,2712127,T20,2.6999294855750837,-0.0869510005399547,2712127,0.4776706950289649,-121.703126,36.87558,Monterey,1.6851729224108172,103.35424506730396,-17.91492024363404,-12.8604771350907,0.3685720696573487
0.5909587843008636,0.0397124740352028,0.0,0.0,-21.488377378719843,-11.28725217704366,-21.967618535783732,-12.012286256962769,2712071,T20,0.7250340799191068,0.4792411570638926,2712071,2.835930758492633,-121.722426,36.818827,Monterey,1.9260605726827347,57.66165424600067,-20.745422112645915,-11.490615843050591,0.5216704139121777
0.0,0.0,0.0,0.0,-16.116938685392803,-9.77599476494125,-17.476819129406394,-10.58710289200656,2711934,T20,0.8111081270653084,1.3598804440135908,2711934,1.0789736907747691,-121.713344,36.800261,Monterey,1.2658488703688147,58.396504324421386,-17.129592502649288,-9.910514610145244,0.6765882818613171
0.1549950071636347,0.0,0.0,0.0,-19.38900245785628,-9.447073016938056,-20.289326992005844,-10.209013766157351,2725545,T20,0.7619407492192956,0.9003245341495614,2725545,5.352412506072407,-121.716313,36.865391,Monterey,0.5148774040106611,16.635196570299524,-18.736551080685704,-9.327418927027708,0.8815948391296438
0.0319911748483177,0.0,0.9232744355897065,0.0,-18.363642451606136,-11.164558328965024,-19.051447865154117,-11.48621999840426,2711369,T20,0.3216616694392353,0.6878054135479772,2711369,4.089743050252847,-121.67303,36.690723,Monterey,0.12686220563660197,10.361127896545348,-18.7169725802376,-11.663460757231697,-0.17724075882743584
0.0,0.0,0.3872781065088757,0.0,-16.914440571398117,-11.08861965693148,-16.754833310688344,-11.433612958457063,2711353,T20,0.3449933015255837,-0.1596072607097731,2711353,1.3112872138109553,-121.73156,36.791407,Monterey,0.260499321265385,17.67032153276297,-16.258413176235482,-10.442369587141156,0.9912433713159068
0.3267462682341617,0.0,0.000148633632252,0.0,-20.274508296010204,-6.989862487986169,-21.441645099890792,-7.852342342002517,2719003,T20,0.8624798540163479,1.167136803880588,2719003,10.922485760816588,-121.691473,36.900969,Monterey,0.7968157610368921,18.423822063825206,-20.3395023671504,-7.191800524429433,0.6605418175730842
0.0326045328045345,0.0,1.0,0.0,-16.964633437238803,-6.299756721080795,-19.332315236127403,-8.516361173122641,2710752,T20,2.216604452041846,2.3676817988886008,2710752,9.09439671497452,-121.716621,36.907066,Monterey,0.3726663611562102,12.560221183439921,-17.292237981344098,-6.601902946359378,1.914458226763263
0.4535965153239416,0.0066711140760507,1.0,0.0,-20.308192678352786,-12.112828764882774,-21.711345795979625,-12.445765388799362,2709714,T20,0.3329366239165878,1.4031531176268397,2709714,5.930803812957799,-121.69591,36.737847,Monterey,1.1963836648983794,14.254583718795454,-20.16619607436588,-12.113501746451597,0.3322636423477654
0.0,0.0,1.0,0.0,-20.1721386277071,-10.982671525387088,-19.8397593199643,-11.34776157066494,2708599,T20,0.3650900452778529,-0.3323793077427979,2708599,0.9299777190692587,-121.675787,36.728485,Monterey,0.15577050464195688,13.965524642182162,-17.21846989802373,-10.146258883863712,1.201502686801227
0.0060854300760678,0.0,1.0,0.0,-21.12417230610794,-12.682285609174722,-19.840162945750084,-12.763776661056456,2709697,T20,0.0814910518817342,-1.2840093603578566,2709697,0.6628081727590917,-121.69179,36.735887,Monterey,0.994060064721558,15.461172094283707,-19.85183545044394,-11.806214441743032,0.9575622193134237
0.4456942622163908,0.0,0.9609907517040546,0.0,-21.12258311114149,-9.966782331907082,-21.440223037524174,-10.982291356994304,2718734,T20,1.0155090250872227,0.3176399263826823,2718734,4.839863407673088,-121.708938,36.913594,Monterey,0.3528662674205495,13.509875987403055,-20.533425228448884,-9.454797467711089,1.5274938892832157
0.7365623801435538,0.0,1.0,0.0,-22.161629597464778,-10.359200191533954,-22.910082120341496,-11.907497372607123,2718735,T20,1.5482971810731687,0.7484525228767183,2718735,4.236827477034816,-121.710037,36.912349,Monterey,0.2144884611469365,12.999640336030676,-21.772052850878435,-10.027950483234184,1.8795468893729392
0.0,0.0,1.0,0.0366598778004073,-17.1830546207659,-5.403258084975309,-18.311827389966982,-7.900546072253318,2719062,T20,2.4972879872780096,1.1287727692010812,2719062,3.500765919080781,-121.718187,36.908574,Monterey,0.2050310843606955,12.57388230731001,-17.442878397962616,-5.714631825809783,2.1859142464435353
0.6693343427242744,0.0,0.0,0.0,-21.16446952047674,-7.866301080642368,-22.478549728453046,-8.647088646917956,2719004,T20,0.7807875662755874,1.314080207976307,2719004,4.290382159866916,-121.693056,36.905293,Monterey,0.5697520223930698,17.855396122197487,-20.168988752427023,-7.092685937854033,1.5544027090639227
0.6893540206532146,0.0,0.0,0.0,-21.836556439876336,-7.335815874903617,-22.52460489779822,-8.149689401530868,2719005,T20,0.8138735266272503,0.6880484579218837,2719005,10.607235266705226,-121.691578,36.903823,Monterey,0.596623607643226,18.242232083805593,-20.782873059976826,-7.246628751843261,0.9030606496876068
0.6553138118818311,0.0,0.0,0.0,-21.461844913182127,-7.924223468175552,-22.548321556105066,-8.429757068908973,2711040,T20,0.505533600733421,1.0864766429229356,2711040,11.914264395254364,-121.691391,36.90281,Monterey,0.6539516565395334,18.338509900750786,-20.84269603412386,-7.532647467837791,0.8971096010711825
0.3768576956241345,0.0,0.0,0.0,-20.5878276682326,-7.296472892864848,-21.715161922739885,-8.08610858270325,2719006,T20,0.789635689838402,1.1273342545072822,2719006,10.685250411797968,-121.691445,36.90188,Monterey,0.7236206491870292,18.376670127794064,-20.240308487186443,-7.307229994750768,0.778878587952482
0.1754566159067565,0.0,0.7020944045014066,0.0,-18.69784034871711,-9.48049305032458,-20.617813342951862,-11.040856030480906,2718008,T20,1.5603629801563257,1.919972994234751,2718008,3.458324235480032,-121.662924,36.860224,Monterey,0.021643420653433363,27.907133352707,-18.593037417277756,-9.96429609061083,1.0765599398700765
0.1752074613796482,0.0,1.0,0.0020485053943975,-19.7465045650259,-8.010517644348266,-20.056519565137634,-7.804530590042379,2722877,T20,-0.2059870543058863,0.3100150001117328,2722877,9.673570675968964,-121.702074,36.745403,Monterey,1.2055664065020388,8.360018410819695,-19.56354653137021,-8.028932767011915,-0.22440217696953546
0.1368017411130687,0.0,0.0,0.0,-17.86816450579156,-11.398393698322584,-20.22946222818158,-10.940839747970411,2723964,T20,-0.4575539503521728,2.3612977223900167,2723964,0.7486106676131731,-121.693136,36.782178,Monterey,1.8889480587185277,50.88308006450297,-18.22245449759624,-10.657254153330069,0.2835855946403427
0.2081395523283725,0.0128308029284685,0.5765835033605378,0.0103966634661545,-20.07801904043183,-11.6487364478913,-20.48186052517283,-11.710704599255097,2715780,T20,0.0619681513637981,0.403841484741001,2715780,20.62735105813422,-121.704199,36.916619,Monterey,0.6890882927147326,13.303833146168671,-20.87042245370161,-11.959657614464888,-0.24895301520979096
0.3957914281293519,0.0742014703023522,1.0,0.0,-21.52597819445073,-12.917557449060832,-21.7042281999033,-12.987226270564294,2715782,T20,0.0696688215034608,0.1782500054525719,2715782,19.541182619798636,-121.736447,36.742945,Monterey,0.16223972005227677,9.3572367178566,-21.019631869157944,-12.415439068223552,0.571787202340742
0.465967123148454,0.0,1.0,0.0,-19.17484410498706,-2.293048617420937,-21.785458376574702,-7.799902552898401,2715784,T20,5.506853935477464,2.610614271587643,2715784,24.369177660409044,-121.739813,36.893976,Monterey,1.4084627859853258,7.98924775193137,-20.38620309129617,-3.2270199757674534,4.572882577130947
0.8376870627822548,0.098991330107951,0.0,0.0,-22.5957544128328,-13.520074348612606,-23.32843662097797,-13.504789701354408,2722227,T20,-0.0152846472581984,0.7326822081451745,2722227,9.637662444586358,-121.673274,36.731368,Monterey,0.4761896556924995,26.989109960437673,-20.987942056776745,-12.194763454717528,1.3100262466368804
0.5066411396842555,0.0125507663521377,0.0339404674303054,0.082448245996757,-21.307748969762304,-10.600463477932768,-21.903879795712243,-11.985890262112742,2725551,T20,1.385426784179975,0.5961308259499383,2725551,35.6506592233233,-121.789806,36.872416,Monterey,0.5982802529989931,3.9352592367285104,-20.670061115349856,-10.47658934107756,1.509300921035182
0.1783472999887264,0.0,0.7765397767840362,0.0,-18.73011238006754,-9.939348737182522,-20.525011596999796,-10.454003377700612,2718007,T20,0.5146546405180903,1.7948992169322544,2718007,4.12290959363588,-121.663014,36.860869,Monterey,0.05004839789682618,27.43445803581455,-19.34297005754386,-10.03329151136645,0.42071186633416247
0.329513747681173,0.0063219978122016,1.0,0.1692259847811006,-20.389714537021348,-11.85274914307751,-21.487997625382803,-12.109220921984084,2701086,T20,0.2564717789065742,1.0982830883614554,2701086,35.56877453114786,-121.769159,36.735193,Monterey,0.5515639226066021,4.91867661845878,-17.371713629807424,-9.775828664442315,2.333392257541769
0.0,0.0,1.0,0.0,-16.123891185475937,-7.721984967854443,-16.26831420665933,-7.674650778257955,2701104,T20,-0.047334189596488,0.1444230211833925,2701104,3.36462436471706,-121.732239,36.757463,Monterey,0.16105873498591852,17.412763124068736,-15.856108204434072,-7.190931722445575,0.4837190558123794
0.0,0.0,0.0864237793514721,0.0,-19.43138905362376,-11.688315202226146,-19.93001193378249,-12.719743387465774,2717201,T20,1.031428185239628,0.4986228801587309,2717201,1.6618043031243863,-121.710022,36.862462,Monterey,0.22708514245452463,15.085640281116696,-18.813014607241563,-11.912534838009536,0.807208549456238
0.7635243010433298,0.7512345449819925,0.0,0.0,-22.127148449481425,-14.261305786805272,-23.551040550405805,-15.441208459307513,2701124,T20,1.179902672502239,1.4238921009243803,2701124,2.078952236804518,-121.712573,36.87758,Monterey,1.713121873788643,83.67075957050874,-21.98152045861705,-13.351633660783255,2.089574798524257
0.860883280757098,0.210104343605921,1.0,0.0,-23.16318336522753,-13.546422811541769,-23.361211618835316,-13.975767437282938,2716272,T20,0.4293446257411695,0.1980282536077844,2716272,15.94560485089796,-121.802704,36.846735,Monterey,0.9085385656178467,7.043602704174511,-21.438985752957077,-12.738621754670069,1.2371456826128693
0.8058553020989846,0.0656883980200467,0.1084030935144171,0.0,-22.13941898524504,-13.58407536057348,-23.062382231417747,-13.072360791319143,2701149,T20,-0.5117145692543357,0.9229632461727064,2701149,11.903876349239086,-121.766325,36.864975,Monterey,1.595876307958973,44.346535565557055,-22.0797795919063,-13.161053402316227,-0.08869261099708403
0.0,0.0,0.0155970124032579,0.0,-17.38593405092851,-7.899459024087304,-17.886023296315894,-8.067661537999332,2722234,T20,0.1682025139120275,0.500089245387386,2722234,4.587100305309295,-121.703761,36.866763,Monterey,0.7051604563786356,53.70263129754547,-17.82794003427235,-8.414755409218893,-0.3470938712195615
0.5706630608974359,0.0,0.8150040064102564,0.0,-19.8472643871544,-8.22690350994956,-22.191305117080123,-9.485948977339076,2701287,T20,1.259045467389516,2.3440407299257267,2701287,1.5495468202883562,-121.720919,36.800855,Monterey,0.8693385778492453,43.737218796442704,-17.74253454142334,-6.698122115473906,2.7878268618651703
0.206152296384733,0.0212911490007337,0.8594125035754705,0.0,-19.727733312546647,-11.744943177806896,-20.803507312425857,-12.138099207814092,2701294,T20,0.3931560300071961,1.0757739998792104,2701294,24.904857854255347,-121.746574,36.843575,Monterey,0.08105411625169873,10.574704735798477,-19.3581588787447,-11.243378702074896,0.8947205057391958
0.7528020430085736,0.328084418874666,1.0,0.0,-22.347868080011203,-13.75107410386977,-22.878617862118197,-14.506667935233224,2725556,T20,0.7555938313634538,0.5307497821069909,2725556,53.59399565771184,-121.700248,36.6373,Monterey,0.28667292857436977,13.21670501126591,-21.544997554271024,-13.440331438551032,1.066336496682192
0.051592124453087,0.0,0.0,0.0,-19.039838331133293,-10.873533368744694,-19.986047289395177,-12.119715300673318,2701328,T20,1.246181931928625,0.9462089582618844,2701328,1.2729467066613105,-121.702876,36.875302,Monterey,1.6542749621369706,99.71260178500607,-19.37931601153005,-11.27818954096184,0.8415257597114785
0.5476067595182135,0.0001848196787624,0.4674891723565557,0.0,-21.179441384539697,-10.133724406010932,-22.23189573015027,-10.424343257253742,2701346,T20,0.2906188512428098,1.052454345610574,2701346,22.18678520879115,-121.777221,36.861443,Monterey,2.1374667498305615,50.53725472899195,-21.09708354807996,-10.088630421389997,0.33571283586374534
0.0,0.0,1.0,0.0,-16.245139609993544,-10.250336853073357,-18.10103675953513,-10.520232207845693,2701352,T20,0.2698953547723359,1.8558971495415904,2701352,1.1539309854181647,-121.70262,36.866048,Monterey,0.6256961642367462,37.70201064969488,-16.67920723306464,-8.354704054695734,2.1655281531499586
0.3775958354816467,0.0531963796520043,0.0966803123388765,0.0,-19.988968501303283,-12.19594475390904,-21.42782033047021,-13.068754978445686,2701409,T20,0.8728102245366465,1.4388518291669286,2701409,24.91293824023788,-121.764104,36.867497,Monterey,1.616766595955261,43.4132425213452,-19.687751427761597,-12.289786098959969,0.778968879485717
0.267941395579836,0.0,0.0,0.0,-19.873046224969453,-10.305208458423488,-20.714217298083483,-12.252833646535814,2701414,T20,1.947625188112326,0.8411710731140296,2701414,0.9361348823573574,-121.706679,36.875316,Monterey,1.6558109276040032,53.78153862269169,-22.569809903283872,-10.231433806422974,2.0213998401128404
0.323332008891657,0.0,0.0393412871425349,0.0,-20.373780200234663,-6.697662153428635,-21.339809679104757,-7.45435739337772,2722241,T20,0.7566952399490852,0.9660294788700908,2722241,14.404646674263486,-121.727866,36.90827,Monterey,0.23881779455591642,11.35405743448668,-19.49044020912766,-6.6063926505338175,0.8479647428439021
0.0,0.0,1.0,0.0,-17.295101644011353,-11.659543511276768,-18.77552878409301,-12.61807185777747,2701472,T20,0.9585283465007032,1.480427140081655,2701472,0.5692940052090641,-121.719301,36.855705,Monterey,0.5262261792702432,41.7320254539468,-18.77061762652255,-11.165406906708736,1.4526649510687353
0.4663453800897694,0.0,1.0,0.0,-20.283017881771126,-4.632041377274582,-21.838615331535205,-8.261517837105576,2716307,T20,3.629476459830993,1.555597449764079,2716307,8.653755970533727,-121.736527,36.894202,Monterey,1.4853536422667675,8.308851313252907,-21.155654911734537,-5.011655320187108,3.2498625169184674
0.030911112919413,0.0,0.0,0.0,-19.36263512645215,-9.507760519155092,-19.38690840485189,-10.122706611585777,2722246,T20,0.6149460924306833,0.0242732783997432,2722246,14.256334866896356,-121.653532,36.907859,Monterey,0.12878538232657818,23.873348382134516,-19.19408025479512,-9.445119856837444,0.677586754748333
0.2930794099203039,0.0,0.9953302607626224,0.0,-20.66109653928271,-9.785953711734091,-21.24600156026844,-11.040324038545878,2716310,T20,1.2543703268117865,0.5849050209857296,2716310,12.709159613253927,-121.759575,36.831962,Monterey,1.4094607489555058,35.05400523460418,-20.09921397846864,-9.515376458553709,1.524947579992169
0.2321218808955966,0.0,0.0,0.0,-19.343995070694326,-10.985823877633134,-20.3596168425211,-12.063158244834352,2701600,T20,1.0773343672012174,1.0156217718267726,2701600,2.172854459602779,-121.740338,36.845088,Monterey,0.619707410780577,45.9061237155014,-19.62745576578568,-10.630379311336986,1.4327789334973655
0.4622997197970424,0.0594728073307152,1.0,0.0,-20.712169414610617,-10.529553094765,-21.846390804483494,-11.104806488403026,2724741,T20,0.5752533936380253,1.1342213898728808,2724741,28.650629102726043,-121.680956,36.755138,Monterey,0.58694464497136,27.947720664435323,-20.422458989173816,-10.302167530080364,0.8026389583226621
0.888685894024856,0.1529674695803328,1.0,0.0,-22.417810768638283,-13.36089581001863,-23.678415387800825,-13.726248703455225,2702897,T20,0.3653528934365955,1.2606046191625424,2702897,13.112880227688642,-121.672125,36.749002,Monterey,1.3437057195049227,30.945770657853203,-22.61366789230217,-12.96772816627159,0.7585205371836352
0.2558227040816326,0.0649426020408163,5.739795918367347e-05,0.0,-20.20173085609884,-10.099644909108518,-21.04316000341349,-10.683630170250396,2723972,T20,0.5839852611418781,0.8414291473146527,2723972,12.141041215028611,-121.692977,36.861496,Monterey,0.13813643468929387,11.40289652663226,-20.063325262703657,-9.77786913745334,0.9057610327970558
0.0254435738088804,0.0,0.0,0.0,-18.679925020993284,-5.9561955973511775,-20.259634651137663,-8.016718910333024,2701017,T20,2.0605233129818465,1.5797096301443787,2701017,1.7184147757722152,-121.675778,36.867753,Monterey,0.129526323507498,22.28182886106993,-18.60646867544704,-6.680460497377746,1.336258412955278
0.2120803724577309,0.1783876500857632,1.0,0.0,-21.42172524168519,-12.0351796908595,-21.277068877567288,-12.249034084998431,2701002,T20,0.2138543941389308,-0.1446563641179032,2701002,1.26377018499995,-121.666185,36.768964,Monterey,0.023955854313254917,17.585504034692477,-20.85611034506524,-11.079739132848225,1.1692949521502065
0.1961814319075644,0.0311187783244673,1.0,0.0,-20.85138956707532,-12.037792995923006,-20.81602373144746,-12.400756581373887,2716328,T20,0.362963585450883,-0.0353658356278572,2716328,13.961904466522949,-121.780322,36.740196,Monterey,0.6989651878919075,4.718778452612457,-20.471456694792646,-11.867928437435912,0.5328281439379747
0.3988389966819987,0.0,0.0107517038787687,0.0,-22.024865233108716,-10.409187933313952,-21.622320302403484,-10.584484469815084,2700976,T20,0.1752965365011292,-0.4025449307052291,2700976,65.04031214850211,-121.66404,36.896663,Monterey,1.326426092771261,22.027842606278025,-21.43062439409037,-10.056194822982478,0.5282896468326062
0.0006958087753765,0.0,0.0,0.0,-18.303486753540984,-9.054639260382377,-19.078458850968484,-9.715794371429356,2700952,T20,0.6611551110469787,0.7749720974275007,2700952,1.8901226046999928,-121.714539,36.876853,Monterey,1.5543985180354611,65.85955314614372,-18.41152288494656,-8.021924605151266,1.6938697662780893
0.6243037000012032,0.0055780561458694,0.0,0.0,-22.492387309660806,-11.335913585407583,-22.43292102121384,-11.879905010937616,2723974,T20,0.5439914255300309,-0.0594662884469663,2723974,70.69565303190622,-121.686096,36.906022,Monterey,0.0630057210305682,15.65119504509432,-22.42188529014725,-11.103605420899346,0.7762995900382705
1.0,0.9172326799922376,0.0,0.0,-24.036958826820847,-14.293037407310733,-24.864426775308274,-16.583019262408307,2723975,T20,2.289981855097576,0.8274679484874277,2723975,1.589571230480894,-121.687734,36.857302,Monterey,0.05532278600719527,14.720857907100353,-20.43728482592285,-13.439398363881406,3.143620898526901
0.9485857500895096,0.4701754385964912,0.9999283924095956,0.0,-22.30221175603524,-12.590747993402251,-24.08631164029824,-14.796761021142643,2700900,T20,2.206013027740393,1.784099884263,2700900,1.0809243524299148,-121.781357,36.840251,Monterey,2.3927151549122683,23.832510789132996,-20.32296673553278,-11.82314713465933,2.9736138864833137
0.1254064504789524,0.0,0.0,0.0,-19.14577043231764,-11.126456785973648,-19.76014549667397,-11.824095837413727,2700874,T20,0.6976390514400794,0.6143750643563344,2700874,0.8805207707424596,-121.706226,36.875973,Monterey,1.7288381702134488,56.2981880751862,-20.15064632684122,-11.636403180001746,0.18769265741198105
0.3182646556771422,0.0,0.3540616985659742,0.0,-20.259482397444035,-7.699688289256986,-21.420574172406816,-8.686046552568602,2723976,T20,0.986358263311616,1.161091774962781,2723976,9.37754247248914,-121.718108,36.800514,Monterey,0.9706919494818127,57.95483920570395,-19.46091366478207,-7.525738201728023,1.1603083508405785
0.5268569674647025,0.0279824022917945,1.0,0.0,-20.615956106638627,-10.61058057785217,-21.846810387299097,-12.191713068914588,2700836,T20,1.5811324910624176,1.23085428066047,2700836,1.5123618912532593,-121.692978,36.770066,Monterey,0.9086597113662398,44.41757610762853,-18.09132108151052,-11.83537717232669,0.35633589658789866
0.2605192078512536,0.0775300081815023,1.0,0.001654979695678,-20.42381892440406,-12.966394567825848,-21.09963431606084,-13.413991168820404,2725563,T20,0.4475966009945562,0.6758153916567764,2725563,20.76176065433671,-121.736425,36.680701,Monterey,0.7612522786760244,8.967502896399367,-20.1007208861613,-12.863746534229834,0.5502446345905696
0.4034861054444897,0.0115599075207398,1.0,0.0,-21.210319361170107,-11.642378930153075,-21.636787424310988,-12.39918848587708,2700765,T20,0.756809555724006,0.4264680631408808,2700765,17.105498913033156,-121.740908,36.727865,Monterey,1.3912802830183428,6.65984160992094,-21.14860412408196,-12.05392502968234,0.34526345619473986
0.2916822546452175,0.0,0.0,0.0,-19.09075868952851,-11.508249623977834,-21.019250670635717,-12.660850276076877,2700722,T20,1.1526006520990428,1.928491981107204,2700722,1.2402487975082424,-121.733112,36.848174,Monterey,1.336435117904361,92.64019582634003,-18.155432066290636,-11.690119197328242,0.970731078748635
0.8811390199282346,0.0918457638251787,1.0,0.0,-22.057911038557396,-11.471937380632196,-23.804360693701284,-12.959055730832548,2700683,T20,1.4871183502003529,1.7464496551438913,2700683,28.509437595563732,-121.763633,36.840064,Monterey,1.0588232240103388,43.57454646042235,-20.796289057212142,-10.969486562446017,1.9895691683865309
0.303383823780185,0.1887386285282146,1.0,0.0007043454406607,-20.707431497771083,-12.839624067436418,-21.41297224175069,-13.770448232495973,2700680,T20,0.930824165059553,0.7055407439796113,2700680,20.92762444651693,-121.73884,36.680645,Monterey,0.5893040950887422,8.845979609846829,-20.80451955185658,-12.992195661757918,0.7782525707380543
0.02612086948635,0.0,0.994769779605164,0.0,-17.808220633400463,-10.549294619295887,-19.49891791932109,-12.197731211156418,2723977,T20,1.6484365918605288,1.6906972859206313,2723977,5.113914081958959,-121.703781,36.77825,Monterey,2.068303064006715,38.85771446644363,-18.144267260576445,-10.76081044712172,1.4369207640346975
0.4400132995917762,0.0047102720874817,1.0,0.0,-21.202417299040327,-11.42686093117307,-21.770782926931584,-11.915147293675911,2700648,T20,0.4882863625028424,0.5683656278912572,2700648,12.601023339018536,-121.751271,36.697266,Monterey,0.07257810366119127,5.328732597844131,-20.75966739576926,-11.193602028026636,0.7215452656492758
0.8448424216697451,0.1317933067930199,1.0,0.0,-22.799431831058225,-13.396855562291057,-23.745835470779895,-13.603523773630137,2700635,T20,0.2066682113390801,0.9464036397216732,2700635,13.522841832291332,-121.676197,36.74812,Monterey,1.3692410575804168,27.446761516463248,-22.488091712297862,-12.98294284335022,0.6205809302799175
0.7222226596640972,0.2485767828599775,0.0,0.0,-21.85138225823399,-13.282056403669433,-22.738954799855566,-13.93670145521544,2716358,T20,0.6546450515460087,0.8875725416215765,2716358,19.692453985756,-121.7033,36.772768,Monterey,1.512155694826999,25.619139474641294,-21.723541128854865,-13.122034134968771,0.8146673202466683
0.4526411740300964,0.2399663247661361,1.0,0.0,-17.416171876962448,-12.031051109433278,-21.894343394130747,-14.215200488981983,2700556,T20,2.184149379548705,4.478171517168299,2700556,25.605224126382016,-121.749168,36.684329,Monterey,0.12705911779740592,7.1787804681866225,-17.968432980526288,-12.599943231155798,1.615257257826185
0.9371758851567632,0.8637564473518684,1.0,0.0,-23.787070564666735,-15.246298710221753,-24.59596620323589,-16.286132425538195,2700521,T20,1.0398337153164423,0.808895638569151,2700521,11.088618070583369,-121.778257,36.697671,Monterey,1.8967158416823513,24.511495098702646,-23.05476863841775,-14.787418783145514,1.4987136423926817
0.7579470309825114,0.0788045606614973,1.0,0.0,-20.862278674621667,-12.772603345538675,-22.848698854485026,-13.612177789168063,2700501,T20,0.8395744436293899,1.9864201798633587,2700501,6.930083889658118,-121.718495,36.727328,Monterey,0.02727108143427868,9.982162196349188,-21.010622779559927,-13.111493180826294,0.5006846083417695
0.8025633556655988,0.4887853189630063,0.0,0.0,-22.01364411699312,-13.331998612091724,-23.278248234888395,-14.748585877162151,2700478,T20,1.4165872650704276,1.2646041178952745,2700478,6.652752771130407,-121.725301,36.867795,Monterey,0.3569610279153459,23.946827144028322,-21.875540605851715,-13.21878921157205,1.5297966655901014
0.0357648203283907,0.0,1.0,0.0,-18.48757327810359,-10.622107472008802,-19.24938299930494,-11.400470972594588,2700468,T20,0.778363500585785,0.7618097212013524,2700468,10.512393664169087,-121.702872,36.759839,Monterey,0.39893371155391555,13.050513646364935,-18.88964716765993,-10.705724461190728,0.69474651140386
0.8479348742417747,0.3086320581999018,1.0,0.9484570454409634,-25.71330967668784,-19.924604179242696,-23.31410765899857,-14.38647675574417,2700454,T20,-5.538127423498526,-2.399202017689269,2700454,27.339691298855005,-121.722633,36.648784,Monterey,1.0977083209997418,10.106548917555685,-21.12457834113448,-12.687251008437409,1.6992257473067607
0.6375732762631433,0.2915852485965077,0.0,0.0,-20.76094412141309,-12.738798475695026,-22.1253833995795,-13.421958030221722,2722266,T20,0.6831595545266964,1.3644392781664152,2722266,4.990203458662356,-121.707398,36.879374,Monterey,2.106855620404337,101.79365755777306,-20.635348762073967,-12.947098414991409,0.4748596152303133
0.8354396472382104,0.3796791076555353,1.0,0.1181229995741582,-20.27144307635649,-11.432291992365244,-23.5338513626239,-14.289567365421606,2700372,T20,2.8572753730563623,3.262408286267405,2700372,11.290975287092968,-121.730762,36.674189,Monterey,0.4124322446370282,9.621096352649092,-20.59838894013394,-11.98049217135057,2.3090751940710366
0.5037584293992697,0.1446144645398114,1.0,0.0,-21.701632956716495,-12.655187175418185,-22.11046475981222,-13.47249001201268,2700351,T20,0.8173028365944965,0.4088318030957225,2700351,15.04778188454245,-121.680248,36.746858,Monterey,1.5072308821641718,23.993136102561106,-20.346963828827825,-11.990416589083386,1.4820734229292931
0.9890956501125991,0.6398842839520806,0.9130768791785742,0.0,-23.62462352690559,-14.902951847077114,-24.765183412755118,-15.37133977725204,2725568,T20,0.4683879301749272,1.1405598858495232,2725568,17.668111170254637,-121.670712,36.742962,Monterey,1.7647999518417918,29.72860079817781,-23.045778442238817,-14.078171607190344,1.293168170061696
0.8699519957031119,0.1059115780992984,0.0,0.0,-21.00535683853439,-12.083024784918951,-23.34897559363888,-12.497137689413597,2700319,T20,0.4141129044946456,2.3436187551044867,2700319,2.304293563634888,-121.718406,36.879436,Monterey,1.6990081403266142,85.19385877494831,-20.912352080513102,-12.844141886238912,-0.34700419682531525
0.1687161387496347,0.0,0.0,0.0,-19.48278532830808,-9.681782861717728,-20.871499786682207,-10.856639044181607,2700296,T20,1.1748561824638823,1.3887144583741318,2700296,3.444035111548968,-121.691922,36.856348,Monterey,0.15581542933644488,12.323826656397728,-20.182437529966894,-9.878686491916106,0.977952552265501
0.0012811155799183,0.0,1.0,0.0,-18.209788913496613,-9.23165242478239,-18.574536019653184,-9.38928877059815,2700270,T20,0.1576363458157601,0.364747106156571,2700270,9.97270305707759,-121.69782,36.763375,Monterey,0.7785164186242824,6.096391628666902,-18.68580680102344,-9.431570133455145,-0.04228136285699513
0.3887978336777596,0.0,1.0,0.0,-20.887392654443552,-9.77179440213828,-21.54576075457917,-10.769039719809232,2700267,T20,0.997245317670952,0.6583681001356183,2700267,2.1785673554509906,-121.659599,36.85247,Monterey,0.8835046637872627,77.37438147346487,-20.9929116198572,-9.659579958779974,1.1094597610292585
0.0273865961375318,0.0,1.0,0.0,-19.008446830657743,-6.008014798696156,-19.646702812144778,-6.673239653848594,2700264,T20,0.665224855152438,0.6382559814870348,2700264,7.767405610870673,-121.73689,36.685191,Monterey,1.041346318261921,8.971069361398644,-18.87028333261604,-6.049624354201005,0.6236152996475886
0.5341960412034609,0.0,1.0,0.1299274692514594,-20.784190896427845,-4.954895454022355,-22.079640332021786,-5.992810141908273,2700251,T20,1.0379146878859178,1.2954494355939374,2700251,46.45103575512607,-121.730361,36.891824,Monterey,1.9976278037030883,10.300932730241197,-20.98869469072208,-4.947624828766041,1.0451853131422322
0.7792703440396094,0.1932009330963565,0.3031253967246416,0.0,-22.43521640767058,-12.448003584087504,-23.32592243806259,-13.289975104551582,2700190,T20,0.8419715204640763,0.8907060303920105,2700190,19.5321749621938,-121.709158,36.776929,Monterey,1.838478513634269,20.54209059275195,-22.086486397008255,-12.446277989649865,0.8436971149017172
0.1706878643853921,0.0,0.9959257286219796,0.0,-20.294056581875488,-8.69882613684709,-20.93483307083796,-9.417215200355615,2725572,T20,0.7183890635085248,0.640776488962473,2725572,26.08166884557892,-121.708008,36.696422,Monterey,0.821863626200241,10.89861865469814,-20.696175738837983,-8.711928929346287,0.705286271009328
0.7195747238134207,0.2239860372340425,1.0,0.0,-22.47977983100513,-13.14420520931585,-23.03161535037287,-13.79027259050878,2700136,T20,0.6460673811929318,0.5518355193677387,2700136,12.1204982935525,-121.673961,36.751689,Monterey,1.0094048646202816,31.56079690099835,-22.195239972344712,-12.766060000035186,1.024212590473594
0.5777165158059608,0.0,0.8351990952078009,0.0,-21.935524357481704,-8.277186847639946,-22.24468626270173,-8.823270093400117,2700129,T20,0.5460832457601708,0.30916190522003,2700129,20.850581587811384,-121.704628,36.694271,Monterey,0.8976244984516886,11.49543337995086,-21.933543321885665,-8.558894772189168,0.26437532121094875
0.2781608102325139,0.0,0.0,0.0,-19.000308140044872,-10.97292030700866,-20.70761284230604,-11.97097290361417,2700111,T20,0.9980525966055094,1.7073047022611654,2700111,1.6324552883701942,-121.717792,36.879319,Monterey,1.7002209486029942,87.79462947739349,-19.363321314245784,-10.934499686535204,1.0364732170789654
0.4783351529994984,0.0358169317477647,0.1548437546106406,0.0,-20.908054938780325,-11.5533763817726,-21.94570054214807,-12.216577295120915,2723981,T20,0.6632009133483159,1.0376456033677464,2723981,26.265407029547383,-121.710905,36.766962,Monterey,0.727244678223309,21.534652579946165,-20.77082464205046,-11.385410623143564,0.8311666719773516
0.2746912472176347,0.0068661592589933,1.0,0.0,-20.49195213338248,-11.280393829394177,-20.79184150458008,-11.85322659122252,2700039,T20,0.5728327618283426,0.2998893711976045,2700039,8.638795926629024,-121.73524,36.790261,Monterey,0.2547340786939706,11.127817118925186,-20.044246153959616,-11.26793973666083,0.5852868545616889
0.1508232602099188,0.0,1.0,0.0,-20.682629225177745,-8.852328682937156,-20.094661415312405,-9.661243975364934,2700030,T20,0.8089152924277787,-0.58796780986534,2700030,1.546631155687942,-121.674817,36.847337,Monterey,1.562828078348444,76.96943958447369,-20.63250859854764,-9.158845483593488,0.5023984917714461
0.7016976070680243,0.4321824660678775,1.0,0.0,-22.0842521180046,-13.629070953549729,-22.97304467902779,-14.552065975126512,2723982,T20,0.9229950215767831,0.888792561023191,2723982,11.618142175238251,-121.660855,36.725333,Monterey,0.19453676459490518,20.70516467527482,-21.40775487748346,-12.941160232899238,1.6109057422272741
0.4281269383412087,0.0496215349393094,1.0,0.0,-21.02167184908752,-11.591181428903472,-21.83277898474654,-12.228711099234816,2700016,T20,0.6375296703313413,0.8111071356590216,2700016,15.374217770397888,-121.67968,36.748744,Monterey,1.2976109990059785,25.639412209946542,-20.58463273335904,-11.226778137390143,1.0019329618446733
0.1967658776658073,0.0,0.0258261073353644,0.0,-18.73407347001993,-5.209522968389004,-20.470404010516997,-6.21116484580487,2715753,T20,1.0016418774158655,1.7363305404970646,2715753,1.651956323083395,-121.715672,36.805095,Monterey,1.5101967009579493,88.02384535237667,-18.838877294079296,-5.159201881896781,1.051962963908089
0.3997232723049936,0.0,1.0,0.0,-20.508811044284347,-1.9845166827871248,-21.563469723708717,-1.9218949343928264,2716388,T20,-0.062621748394299,1.0546586794243673,2716388,6.281701883335282,-121.70086,36.735878,Monterey,0.9775024861286286,11.982433532062105,-19.188116231406745,-1.3879257687851774,0.5339691656076491
0.465178887708112,0.0,0.7039910260951706,0.0,-19.280246324906656,-3.983387963865419,-21.911230403920044,-8.841053438760085,2715710,T20,4.857665474894666,2.630984079013388,2715710,6.547749650016301,-121.723668,36.908257,Monterey,0.38730661652011394,11.553674664803106,-19.32656859602155,-3.97357635325086,4.867477085509225
0.1161739339897367,0.0032906197979172,1.0,0.0,-20.40799578803566,-10.775686640188638,-20.304358048263925,-10.761419961347425,2722277,T20,-0.0142666788412153,-0.1036377397717345,2722277,18.010306233496216,-121.700515,36.7375,Monterey,1.1577815174946027,17.19467231535788,-19.2305387315874,-10.485392445916112,0.27602751543131276
0.9716381640208036,0.7755308759737457,1.0,0.0,-24.37674106946759,-15.434624904040556,-25.41571593669058,-16.063203244782102,2717257,T20,0.6285783407415444,1.03897486722299,2717257,17.0539367803025,-121.790854,36.827447,Monterey,1.56196605001003,10.052827075782293,-24.271508825871223,-14.617524720521216,1.4456785242608863
0.9076694972368244,0.5577378545433541,0.6372248859106926,0.0,-21.67746237594141,-13.052918816752635,-23.64489381647484,-15.00641048916098,2715693,T20,1.953491672408344,1.967431440533428,2715693,4.025619861903629,-121.782252,36.840989,Monterey,2.4402413936856693,24.06756778495431,-21.040477423107568,-12.968860757591866,2.037549731569115
0.9193146825656818,0.4161370634868637,0.0,0.0,-21.373030224060937,-13.18167488066499,-23.96143824984285,-14.201681123668155,2715585,T20,1.020006243003165,2.5884080257819093,2715585,2.3576024521557595,-121.719068,36.879706,Monterey,1.7154454185603565,90.26368989402732,-21.878337125067837,-13.659564151457795,0.5421169722103603
0.53121874889702,0.0236243632128192,0.1092950339423745,0.0,-21.896527780731518,-11.48537877387234,-22.053901188772866,-12.210323468522413,2723986,T20,0.7249446946500733,0.157373408041348,2723986,26.30782314415272,-121.793434,36.876083,Monterey,0.0914085457029605,4.285235220194354,-21.639879072114105,-11.196652816214195,1.0136706523082175
0.6431042061912915,0.1811519596501782,0.7243764749433159,0.0,-21.298204639558016,-12.9035832048995,-22.31660085787118,-13.834074751279411,2715571,T20,0.930491546379912,1.018396218313164,2715571,13.40634532477016,-121.692499,36.77066,Monterey,0.9245189893178188,45.58030729380758,-20.678756931193803,-12.72004954463704,1.1140252066423706
0.7821122595201074,0.2828821000640263,1.0,0.0,-23.33694669502343,-14.074646405051505,-23.286913409272238,-14.043468033050797,2715564,T20,-0.0311783720007063,-0.0500332857511942,2715564,10.161838365094669,-121.797098,36.838915,Monterey,1.8840767505438731,4.449996328378597,-22.91460100156415,-13.841161776055896,0.20230625699490012
0.3028059689907437,0.0197931422583587,0.0,0.0,-19.32215183384444,-10.322609223401264,-20.929734084608167,-11.764391791417747,2717261,T20,1.4417825680164815,1.607582250763727,2717261,7.983079725251736,-121.672905,36.887746,Monterey,2.0566541043408044,19.222063330082058,-18.66418626644136,-10.873026445115412,0.8913653463023348
0.7332574058229077,0.0705412822113791,1.0,0.0,-22.392118157362493,-12.61683978448774,-22.790518040632296,-13.293089213428196,2725578,T20,0.6762494289404568,0.3983998832698034,2725578,40.28834669989179,-121.685596,36.671992,Monterey,1.8508525245161438,10.927170156373053,-22.402993839226195,-12.743203642099378,0.5498855713288187
0.0,0.0,1.0,0.0,-17.287901886600473,-7.7016353785443314,-18.449955137377707,-8.546411150706598,2715507,T20,0.8447757721622668,1.162053250777234,2715507,1.9706154427810332,-121.679947,36.853771,Monterey,0.747956867576806,39.07295698997303,-16.289374081943052,-7.094544034737187,1.451867115969411
0.6475499056559331,0.2106290183010133,0.0451735757269204,0.0,-21.529524480987096,-13.072572896468436,-22.71489450299247,-13.551704803741732,2723988,T20,0.4791319072732953,1.1853700220053724,2723988,31.200516748411093,-121.653353,36.88909,Monterey,0.9993333084938855,31.000992076454423,-21.360775569121664,-12.843484964789246,0.7082198389524859
0.2947069119955295,0.067920155809577,0.0,0.0,-20.98935720040793,-12.721402183332094,-21.18386497685733,-13.524275844015474,2715469,T20,0.80287366068338,0.1945077764493952,2715469,9.419266993760491,-121.667778,36.88796,Monterey,2.083684609243941,19.797347962460034,-20.463479698523752,-12.313931185790969,1.2103446582245052
0.568329218106996,0.2170864197530864,0.0,0.0,-21.25602965411134,-11.63082618764482,-22.401336539187657,-13.615070932532724,2715458,T20,1.9842447448879028,1.145306885076316,2715458,2.3509006187874317,-121.673968,36.867565,Monterey,0.009279097898731442,22.25697273034618,-20.75671179497071,-10.945592336435707,2.669478596097017
0.6189086715705975,0.0907037897716352,1.0,0.0,-21.377047742077288,-9.57023678134087,-22.4877014442826,-10.110981716553244,2715441,T20,0.5407449352123734,1.1106537022053118,2715441,35.45324980141896,-121.786625,36.825298,Monterey,1.119185206683486,10.802978522955687,-21.33786369810537,-9.28958435966001,0.8213973568932342
0.0871615946242811,0.0,0.0,0.0,-21.63136649346798,-10.515096234545531,-20.56435518430502,-11.73790191753238,2715440,T20,1.2228056829868468,-1.067011309162961,2715440,1.1963909816014635,-121.71006,36.877985,Monterey,1.8785450731078233,94.4099436582055,-20.427303227107945,-9.774540762977017,1.963361154555363
0.0005803830528148,0.0,0.0,0.0,-17.93131375288196,-6.771848915638422,-18.393186646178084,-7.90830142512922,2723989,T20,1.1364525094907982,0.4618728932961247,2723989,1.336719921635225,-121.692508,36.857765,Monterey,0.09806891147464775,11.423751755502423,-18.406940574087063,-6.013070862382874,1.8952305627463453
0.0269692923898531,0.0100324241846271,0.2997901964524128,0.0,-18.78519083370112,-11.113626181952403,-19.415563848967917,-11.344883718636051,2715431,T20,0.2312575366836462,0.6303730152667946,2715431,2.028853915622384,-121.717478,36.875594,Monterey,1.3161385730012887,40.48336290806595,-19.484902830264776,-11.189162589988216,0.15572112864783527
0.2942191995814806,0.0324114807504815,0.0559864932347276,0.0,-20.739842332798577,-11.686323977969767,-21.264133170297253,-12.163977340020198,2715422,T20,0.4776533620504288,0.5242908374986754,2715422,16.311144256134334,-121.713503,36.773511,Monterey,1.4551409716730481,32.31253650103687,-20.208598872613177,-11.656769858753828,0.50720748126637
0.4742556638601896,0.0378210406098111,1.0,0.0,-20.99850035569104,-11.517099488147592,-21.988843753213597,-12.505775944015864,2715419,T20,0.9886764558682728,0.9903433975225582,2715419,14.600570541420463,-121.671231,36.750603,Monterey,1.209304638493955,34.47838569396533,-20.15351842657788,-11.104671443444284,1.4011045005715808
0.6490914756370365,0.0667429389960887,1.0,0.0,-22.341095938089257,-13.097623731573556,-22.5282456629683,-13.388225907867664,2715395,T20,0.290602176294108,0.1871497248790419,2715395,16.66986797554874,-121.69789,36.687231,Monterey,1.2436449929489009,10.950214215404593,-22.64415657444163,-12.947278458211423,0.44094744965624066
0.6060492750010388,0.2116793007980843,1.0,0.0,-21.56369898030088,-12.709779362539182,-22.531884285770264,-13.68038507637743,2723990,T20,0.970605713838248,0.9681853054693832,2723990,20.504966017043127,-121.671523,36.764922,Monterey,0.03760334825314152,4.839200587457772,-20.90132720765587,-12.844729455563312,0.8356556208141175
0.6659558080414585,0.0668756205172498,1.0,0.0,-21.596077780263823,-11.437534342275198,-22.57203214237374,-11.306931799560957,2722287,T20,-0.1306025427142412,0.9759543621099134,2722287,17.405579967794196,-121.69505,36.768337,Monterey,0.9309287004331539,34.03875011894649,-21.55439809480009,-11.074344711318185,0.23258708824277186
0.1954182254861207,0.0787030622142164,0.0,0.0,-20.87993253255608,-12.328571849941294,-20.85639722893398,-13.479580308411377,2715341,T20,1.1510084584700824,-0.0235353036220971,2715341,1.6703979691727997,-121.720257,36.815831,Monterey,2.2361574101670163,36.54793851569719,-20.629577569286624,-12.366747425022494,1.112832883388883
0.860247471892469,0.2091577162238553,0.0,0.0,-21.947548185577627,-12.753213689924966,-23.346272254325644,-13.029348683015956,2715333,T20,0.2761349930909897,1.3987240687480167,2715333,3.694968796130196,-121.708142,36.870039,Monterey,1.0692687218427657,66.61563129128342,-21.44901846345378,-12.58548743435285,0.44386124866310617
0.0560603839953099,0.0,0.5618496262641067,0.0,-17.797011097793643,-9.386374031336828,-19.47396968141973,-9.710380948838822,2715317,T20,0.3240069175019933,1.6769585836260923,2715317,1.0559093923608591,-121.703001,36.864322,Monterey,0.43384913585071894,24.144919155595517,-18.19756312600465,-9.53676199537838,0.17361895346044065
0.7273478567879281,0.3986086774590057,0.5221591652064755,0.0,-23.074592464129257,-14.166485166330784,-22.859122388470528,-14.49419023299805,2715295,T20,0.3277050666672654,-0.2154700756587289,2715295,14.798281789703353,-121.763955,36.858566,Monterey,0.9858815919964534,53.93038345854893,-22.28233072077241,-13.86348500762551,0.6307052253725409
0.6684760755930838,0.3088057901085644,0.2870426216324888,0.0,-22.97348216586646,-13.951436584647356,-22.767155224478543,-14.17970991026416,2715284,T20,0.2282733256168043,-0.2063269413879176,2715284,1.542333437870841,-121.6629,36.858764,Monterey,0.18392173984593668,43.718940416204894,-19.49167325776218,-12.923769704546926,1.2559402057172342
0.946065389354142,0.5454127457457637,1.0,0.0,-23.16405780322867,-14.239274404343584,-24.15238255239755,-14.967876542383015,2715225,T20,0.7286021380394345,0.988324749168882,2715225,17.32807612633386,-121.769436,36.845634,Monterey,1.2013491016672173,52.06060027473348,-22.797685902543595,-13.777148743009349,1.1907277993736667
0.3023195386272895,0.0242410799163445,1.0,0.0,-20.139057245902137,-12.47490334972526,-21.240760637603803,-12.961790823361405,2716418,T20,0.486887473636143,1.1017033917016654,2716418,12.232428710263912,-121.746309,36.695086,Monterey,0.515329337355232,7.575617371999204,-19.96272501865321,-12.215028934263913,0.7467618890974919
0.883346973516221,0.5495466003208173,0.7904311389007105,0.0,-23.57960409884265,-14.431100781290713,-23.867883215552723,-14.990229904954392,2717273,T20,0.5591291236636806,0.2882791167100684,2717273,23.62724344954196,-121.765719,36.862075,Monterey,1.352275338869469,49.19673331980585,-22.82359408000469,-14.270601136119042,0.7196287688353493
0.927146395156852,0.6968216840946616,0.0,0.0,-23.916870138275996,-14.41757437515981,-23.65189272408861,-15.73831812888991,2715157,T20,1.320743753730099,-0.2649774141873813,2715157,1.128810569789318,-121.715118,36.878962,Monterey,1.7424786121082971,84.09856651350243,-21.66541999153772,-12.549448898262783,3.1888692306271267
0.9583394673994832,0.8311945889357802,1.0,0.0,-23.729754460193224,-15.169840232389875,-24.898160627123097,-16.16703191179719,2715155,T20,0.9971916794073136,1.1684061669298735,2715155,37.923009187220025,-121.775058,36.704419,Monterey,1.7268438793111518,35.547790636155796,-24.175105390126717,-15.534908511531706,0.632123400265483
0.7478843736908253,0.2358609132802681,1.0,0.0,-20.72574993699492,-12.31940589425371,-23.345646935287043,-14.019503069752597,2715150,T20,1.700097175498886,2.6198969982921234,2715150,0.9219144402891626,-121.782077,36.840089,Monterey,2.4133418214038005,21.4002296195252,-21.331606700451083,-11.845128619851414,2.1743744499011832
0.54466885861907,0.2541568811648661,0.0,0.0,-22.34276714542572,-13.481384530098692,-22.077353477996365,-13.71856441278887,2722289,T20,0.2371798826901781,-0.2654136674293568,2722289,3.286768745187727,-121.705289,36.879027,Monterey,2.068294589973593,97.53077545578124,-21.37019348889369,-13.845933946529856,-0.12736953374098547
0.2907289583712051,0.1000545355389928,0.4297582257771314,0.0,-20.06472399683097,-11.56253456966397,-21.3482356604672,-13.017818034082104,2715127,T20,1.4552834644181338,1.2835116636362225,2715127,4.261925090956636,-121.735853,36.846475,Monterey,1.027868771588429,71.61428171513926,-20.077804121641865,-11.509567735092924,1.5082502989891804
0.4986342090463564,0.0886960713424921,0.0,0.0,-21.54241434590412,-11.533606695417324,-21.85789590858948,-11.955617581734153,2715110,T20,0.4220108863168281,0.3154815626853597,2715110,1.92709714877272,-121.71137,36.876773,Monterey,1.7007064783336368,77.97335682695261,-19.700741547031253,-9.488450683465503,2.4671668982686494
0.3270747758774262,0.0335975598034001,0.3474204276752128,0.0,-20.24542688324693,-11.941913579077308,-21.210463360004148,-12.491392622471253,2715106,T20,0.549479043393946,0.9650364767572128,2715106,12.104318368935152,-121.699046,36.770951,Monterey,1.3905801240416145,34.5347674874605,-20.238835212531992,-11.406620407746376,1.084772214724877
0.3344185864065047,0.0273433340991745,1.0,0.0,-19.928778407322557,-6.986240121425213,-21.09852727848692,-7.902756450018922,2723993,T20,0.9165163285937084,1.1697488711643622,2723993,27.66225060665386,-121.697111,36.767843,Monterey,1.0399001820403813,29.46900121626044,-19.3233325203356,-6.672633333262269,1.230123116756653
0.0,0.0,1.0,0.0,-16.433062274077013,-8.152541171217186,-16.939594215370114,-9.158493023630738,2715086,T20,1.005951852413553,0.5065319412931011,2715086,0.6971699263532076,-121.667902,36.768357,Monterey,0.04350929546872327,18.772849985967678,-16.01016622394236,-7.250136149753069,1.9083568738776693
0.6662832870446004,0.2181538964221531,0.5427217774873387,0.0,-20.703212031951846,-12.18878466101321,-22.480389731131417,-13.168664224477032,2715063,T20,0.9798795634638218,1.7771776991795711,2715063,11.831920938256223,-121.775781,36.837086,Monterey,2.0414924443355202,20.055023610645243,-20.77638297132123,-12.072178581479497,1.0964856429975356
0.102578183710041,0.0,1.0,0.0,-20.184437075638886,-12.069156318329142,-20.06572369916145,-11.536704425375913,2715049,T20,-0.5324518929532296,-0.1187133764774373,2715049,10.72954535422983,-121.706531,36.760519,Monterey,0.2773192266882001,10.85220891372152,-19.996591164489285,-11.822281172984782,-0.28557674760886975
0.5854918656867162,0.0144545270910701,1.0,0.0,-22.051161790249804,-12.092221994967424,-22.410768229519547,-12.516240744667623,2725587,T20,0.4240187497002008,0.3596064392697435,2725587,19.957496644504648,-121.730939,36.705609,Monterey,1.0342500655034563,8.313517183095511,-22.157421147939736,-11.997989672089131,0.5182510725784919
0.7434809544370812,0.3154861358815026,0.0,0.0,-21.60268769696664,-12.893920826780288,-22.99180344269204,-13.84726171659048,2715026,T20,0.9533408898101924,1.3891157457253982,2715026,4.120199261415109,-121.703012,36.870076,Monterey,1.0734045761390028,72.6790948956206,-21.77277082464677,-12.117492663262883,1.7297690533275976
0.7961929708103843,0.740738082850428,0.0,0.0,-22.56835964818301,-14.3280750119252,-23.16755225561191,-15.708104656050478,2715023,T20,1.3800296441252795,0.5991926074288969,2715023,4.316076643736701,-121.683211,36.881817,Monterey,1.7174426851502858,37.78497871871564,-21.691861091157914,-13.71443695592452,1.9936677001259593
0.9980786184136168,0.8659026349299638,1.0,0.0,-24.642402352077628,-16.49264925684158,-25.09503053280224,-16.367377903950693,2715012,T20,-0.1252713528908877,0.4526281807246128,2715012,10.27948966711602,-121.780864,36.692563,Monterey,1.9944895263925175,31.12386285687339,-23.510860403638222,-15.75391430045112,0.6134636034995733
0.0689810640216411,0.0,1.0,0.0,-18.72149855124341,-11.39704443739038,-20.063184018594367,-12.14589195797884,2715005,T20,0.7488475205884608,1.3416854673509526,2715005,0.8562643978780619,-121.737053,36.847532,Monterey,1.0178379147188357,81.6646280190663,-19.487444707136746,-10.83409501988701,1.3117969380918293
0.5734342115779097,0.0452886485334469,0.0,0.0,-20.363577306268372,-11.493481068064089,-22.111549658379708,-12.903242112541031,2714926,T20,1.4097610444769444,1.7479723521113328,2714926,8.722394796754497,-121.709248,36.799187,Monterey,1.5281650772677469,74.01307273775518,-20.67791959105652,-11.754386137501644,1.1488559750393872
0.0006016847172081,0.1079422382671479,0.0,0.0,-19.9205763325619,-13.145660159171925,-20.07952080982481,-13.25761392311713,2714906,T20,0.1119537639452072,0.15894447726291,2714906,0.6456307423089156,-121.684913,36.850301,Monterey,0.7809683147318744,96.26174256087207,-18.9555991858845,-13.252446473994942,0.005167449122188472
0.0,0.0,1.0,0.0,-17.05045954369403,-9.191535361925803,-17.87569566531225,-9.703525353379138,2714899,T20,0.5119899914533352,0.8252361216182216,2714899,14.559166201139703,-121.694923,36.763043,Monterey,0.5539571802221319,17.3977214117895,-17.450975663725682,-9.25552531570034,0.44800003767879915
0.1048293182764901,0.0104656006470307,1.0,0.0,-20.039509663787506,-12.276072204612626,-20.450614203516047,-12.38149555749463,2714887,T20,0.1054233528820027,0.4111045397285409,2714887,25.503117834073976,-121.746029,36.684484,Monterey,0.3562494580442199,8.611567924462179,-19.474271737885555,-12.11858167343879,0.2629138840558394
0.902740440556915,0.484091000280865,0.0,0.0,-21.790859715876262,-13.463983354621517,-23.70491184883036,-14.633998224372188,2723995,T20,1.1700148697506716,1.9140521329540905,2723995,1.9298597154896304,-121.704002,36.783964,Monterey,2.16446814416875,54.27323361780087,-23.0233286413848,-13.846142394578262,0.7878558297939264
0.5355654548067253,0.0067226050719431,1.0,0.0,-21.61857300872773,-11.972505499859176,-22.15362748690357,-11.932105273972468,2714865,T20,-0.0404002258867084,0.5350544781758408,2714865,12.41324786859918,-121.763252,36.741897,Monterey,1.463833329168039,5.313703669953662,-21.08057303844222,-11.615942690808073,0.31616258316439527
0.1611093345736794,0.0,1.0,0.0,-20.79644591873637,-9.60632540777067,-20.859984748283463,-10.643379777336737,2714864,T20,1.0370543695660643,0.0635388295470917,2714864,2.661946690152036,-121.67507,36.847785,Monterey,1.5082432733426459,76.0526448627444,-18.93038383790779,-9.60657320910362,1.036806568233116
0.3359227463211258,0.0097960408561353,0.9999892822310108,0.0,-20.528457372256337,-11.117117822036334,-21.33399821034493,-11.64639165572907,2714862,T20,0.5292738336927361,0.8055408380885929,2714862,36.08067955263768,-121.780216,36.870735,Monterey,1.2017431522213167,48.72529572848231,-20.509022333207,-11.216966787677883,0.4294248680511874
0.6416231454542167,0.0435513309359018,0.0,0.0,-21.398067379625232,-10.803848465904048,-22.447006970040736,-11.91697999928316,2714764,T20,1.1131315333791107,1.048939590415504,2714764,8.563455788873819,-121.724139,36.869199,Monterey,0.5130156092141134,18.637151372176998,-20.920523443527625,-10.919956090236187,0.9970239090469732
0.0,0.0,1.0,0.0,-17.88781075739037,-13.206974657510573,-19.741553152058845,-12.697856983444009,2714743,T20,-0.5091176740665624,1.853742394668476,2714743,0.8794633118257403,-121.72834,36.886724,Monterey,2.4634681163802963,74.067568228198,-19.485395973841666,-11.360171551856013,1.337685431587996
0.7398747163375275,0.0094864171104631,0.0,0.0,-21.56899138660787,-10.43622393765818,-22.92962858061181,-12.355907804070473,2725589,T20,1.919683866412292,1.3606371940039388,2725589,27.0354238863502,-121.789084,36.877622,Monterey,0.4153627263504149,4.389536684907803,-21.836297908376057,-10.794517991090284,1.5613898129801882
0.778883546630842,0.1805486813264512,1.0,0.0,-20.807533534564723,-12.40682592708024,-22.781891066652,-14.101583162830726,2714720,T20,1.694757235750485,1.9743575320872784,2714720,4.390474287473329,-121.754153,36.692504,Monterey,0.05728995134069347,5.74342971266829,-20.943057867646324,-12.067929539683352,2.0336536231473747
0.3665524625267666,0.0164775160599571,0.9406638115631692,0.0,-21.012773949699643,-10.45862994593112,-21.27124249951197,-10.999061675541478,2714709,T20,0.5404317296103578,0.2584685498123278,2714709,7.236498727493718,-121.707593,36.765074,Monterey,0.5754620176820276,12.315963200744264,-20.64470632360694,-10.447165099221102,0.5518965763203756
0.3012247363796134,0.0017629613356766,1.0,0.0045364674868189,-19.30534558903272,-8.877450992592811,-21.259719061012333,-10.841458443471884,2714679,T20,1.9640074508790728,1.9543734719796149,2714679,14.137124535075811,-121.721277,36.654515,Monterey,0.5866287293956104,9.21743054476899,-19.091486123237107,-9.29494088534353,1.546517558128354
0.0,0.0,1.0,0.0,-17.184725364759338,-8.57309953235579,-17.726956677798793,-8.360124658270776,2714648,T20,-0.212974874085015,0.5422313130394549,2714648,1.209871674266297,-121.680041,36.854243,Monterey,0.6948310811842375,34.78902334466442,-16.6357512471553,-7.8866622549997,0.4734624032710757
0.9731368254023008,0.4582219424274307,0.2246114972662516,0.0,-22.286431124772665,-13.990909179460088,-24.2531482371946,-14.707043929942856,2723997,T20,0.7161347504827678,1.966717112421936,2723997,17.953291971443115,-121.785826,36.843736,Monterey,2.28924263447645,20.144976965751372,-22.40841819975513,-13.731238941921369,0.975804988021487
0.5743928441416609,0.1922096832908627,0.0,0.0,-21.11613785880066,-12.465563059706025,-22.351027814028907,-13.930857737117297,2714625,T20,1.465294677411272,1.2348899552282475,2714625,2.980292727359026,-121.726409,36.868032,Monterey,0.3833044082485392,24.73782045752318,-22.244566758822508,-14.2960701579349,-0.36521242081760263
0.6331406686460181,0.2394546828059942,0.0,0.0,-22.52216873542144,-12.49093875790879,-22.522403682052467,-14.07145233821064,2714567,T20,1.580513580301849,0.0002349466310285,2714567,4.4158504514370165,-121.691029,36.858202,Monterey,0.035074698635774774,13.40512034863758,-21.83343116252644,-11.782821652303468,2.2886306859071723
0.2098502967490477,0.0,0.8970236513420142,0.0,-16.6871176094778,-11.55330087811416,-20.103442742467426,-12.300406281058642,2714566,T20,0.7471054029444826,3.416325132989624,2714566,1.7414057444598017,-121.77874,36.863144,Monterey,2.011480104693915,51.15259105095418,-16.63322603290574,-10.639353263197956,1.6610530178606862
0.5015147984152878,0.1682979880369766,0.0,0.0,-20.7092294032166,-12.271348017397424,-21.55931333552893,-13.237303931243192,2714503,T20,0.9659559138457698,0.8500839323123301,2714503,1.9976531847639456,-121.70398,36.875112,Monterey,1.6331492192052945,92.14158745703975,-20.56985783672458,-12.371105351045628,0.8661985801975636
0.0906074369024658,0.0,0.3254111449843423,0.0,-19.41027065760129,-10.001146240257176,-20.36036729877955,-11.528185715999468,2714500,T20,1.5270394757422905,0.9500966411782557,2714500,3.7269160189747694,-121.708987,36.864487,Monterey,0.4521639662427426,34.21068688161257,-18.836441028140307,-10.055274098458222,1.4729116175412464
0.3168509680673572,0.0,1.0,0.0,-21.313956072614427,-11.80353649398097,-21.0844528745141,-11.76328617725487,2714484,T20,-0.0402503167260999,-0.2295031981003283,2714484,9.987277287620966,-121.752901,36.712696,Monterey,0.10178351633773834,7.36903091394105,-20.864201772724552,-11.389670829640076,0.373615347614793
0.1629998549393162,0.0,0.5457666457134567,0.0,-16.279933515275548,-7.598645594027261,-19.263241874563285,-7.573101230260025,2714473,T20,-0.0255443637672359,2.9833083592877365,2714473,1.595897270517689,-121.661582,36.856347,Monterey,0.45257466782949596,58.95759230876047,-17.304611974466912,-6.908132121033275,0.6649691092267496
0.3348137805491153,0.0072529205871911,1.0,0.0042268991858334,-21.2409744238326,-12.355344286873684,-21.460341192554733,-12.623015769314296,2725591,T20,0.2676714824406119,0.2193667687221321,2725591,32.54794475221489,-121.744182,36.70732,Monterey,0.5818458205324628,6.971344701375654,-21.426628058279835,-12.085725343625564,0.5372904256887328
0.3038446955334798,0.0,0.0,0.0,-20.44323738372719,-9.826285280839418,-21.249816243269724,-10.663760067201416,2714442,T20,0.837474786361998,0.8065788595425332,2714442,5.06306467336807,-121.784484,36.841538,Monterey,2.5352837899055642,17.443779872171962,-19.98678303468433,-9.651191779001142,1.0125682882002742
0.5130904796511627,0.009265988372093,1.0,0.0,-21.770690309343543,-10.372826502661097,-22.08127409437331,-10.726030336331622,2717293,T20,0.353203833670527,0.3105837850297668,2717293,17.0674294039297,-121.675851,36.763082,Monterey,0.09956630314059425,2.786777939675863,-20.978650608908907,-10.43059685455909,0.29543348177253215
0.08014891391299,0.0,0.0,0.0,-18.880561795256973,-10.970274599023709,-19.680579353760777,-11.3449299379452,2714411,T20,0.3746553389214906,0.8000175585038036,2714411,2.5154154191457447,-121.703489,36.874482,Monterey,1.5631278112486569,87.91589306596687,-19.35412946246916,-9.795551501626266,1.5493784363189338
0.7956067506027322,0.472973777420603,0.0987141709081167,0.0,-22.94683861226501,-14.206984826302763,-23.455163473871384,-14.859185221683536,2714388,T20,0.6522003953807722,0.5083248616063685,2714388,5.210174924131218,-121.710941,36.785017,Monterey,1.5849348367727563,35.08955405995147,-22.750601984907032,-14.526619701164329,0.33256552051920707
0.3060430641060983,0.0781034641183497,0.0,0.0,-19.58597716211565,-10.792395744078387,-21.081238198865133,-12.78119990041616,2714378,T20,1.9888041563377712,1.4952610367494792,2714378,2.5266392273195457,-121.704966,36.874706,Monterey,1.5880168229786784,78.22850357240743,-20.49797365062837,-11.238386143596426,1.5428137568197346
0.7955132465335473,0.2427448670311857,0.1740313063267177,0.0,-21.75803564879658,-12.830466471565764,-23.23514385571704,-13.96099973068532,2724000,T20,1.1305332591195576,1.4771082069204589,2724000,61.555669343968695,-121.708743,36.787469,Monterey,1.6082046636979896,38.57195114669764,-21.68424281043198,-12.798559886049292,1.1624398446360278
0.6211806804452683,0.086000977598244,1.0,0.0,-21.424052254543927,-12.255289464988651,-22.41682817833761,-13.131851366758957,2722305,T20,0.8765619017703017,0.9927759237936832,2722305,8.390280727125779,-121.696991,36.847711,Monterey,0.9525969001754162,86.57323698633414,-21.148220689104267,-12.271301225393332,0.8605501413656249
0.2223218770180096,0.1991461577096936,0.4732008323168546,0.0,-20.588171692237538,-13.751434606302803,-20.946942955139733,-13.91450125603626,2718539,T20,0.1630666497334552,0.3587712629021951,2718539,2.1571539588136845,-121.7276,36.885486,Monterey,2.3237755401828375,32.898726482819725,-20.06572049215293,-13.328877883264031,0.5856233727722291
0.0675039246467818,0.0,0.719096571631134,0.0,-18.88828090933993,-10.409823200099076,-19.72563884513515,-11.277428934509022,2714284,T20,0.8676057344099455,0.8373579357952217,2714284,1.5299101885359372,-121.708654,36.865684,Monterey,0.585210600532077,47.03852164172436,-18.231260348706964,-10.219264366517171,1.0581645679918505
0.8831655511919906,0.0228234415620332,1.0,0.0,-23.129090673796814,-12.148949366965567,-24.041416979076377,-12.312774410011883,2714265,T20,0.1638250430463177,0.9123263052795636,2714265,11.177793173945236,-121.792478,36.829729,Monterey,1.8358476007994187,10.641224657066942,-22.875381220601856,-12.188832687144856,0.12394172286702698
0.4540251777681031,0.1543725511536786,1.0,0.0,-21.58422187655646,-13.082446780181044,-21.877544913073947,-13.638421726775432,2714252,T20,0.5559749465943877,0.2933230365174886,2714252,17.086061985570968,-121.750589,36.746208,Monterey,0.5944301704843714,4.525773251399194,-21.16076045982918,-13.164793250246392,0.47362847652903994
0.0,0.0,0.0,0.0,-17.15253964251901,-10.903986708304709,-17.14305797788685,-11.262483960293048,2714245,T20,0.3584972519883393,-0.0094816646321582,2714245,1.074316731524941,-121.717871,36.860567,Monterey,0.016482799662495908,6.691836828718428,-17.25617082052557,-11.86175622578904,-0.5992722654959923
0.333563669532049,0.0239641781143757,0.1131982641864065,0.0,-20.154963096542648,-10.811416792614764,-21.072821093741677,-11.510331824896696,2714235,T20,0.6989150322819331,0.9178579971990252,2714235,14.014779633188674,-121.71548,36.77309,Monterey,1.4106161481022428,28.266194394931777,-19.51559232299861,-9.89077748862344,1.6195543362732554
0.5242952540271892,0.0,0.8372492903481518,0.0,-21.33008707622499,-8.744224487257817,-22.10567168835269,-9.003731978160221,2714220,T20,0.2595074909024042,0.7755846121276981,2714220,39.86976580668789,-121.777938,36.828766,Monterey,1.1160510987695915,5.392181392874436,-20.847412805727064,-8.38498636786793,0.6187456102922919
0.9992675670966616,0.9423862470396156,1.0,0.0,-24.96817685683917,-16.336800996387044,-26.239781885585376,-17.21927471396364,2714197,T20,0.8824737175765947,1.2716050287462046,2714197,24.02410503607948,-121.778814,36.694085,Monterey,2.039656871180436,33.42429044257552,-24.462555849470483,-16.1895204692722,1.0297542446914392
0.4737122794542464,0.0944920966475564,0.9299253366517044,0.0,-21.0314958799074,-12.254904496776271,-22.03295704639729,-13.26138448963219,2714154,T20,1.006479992855919,1.0014611664898894,2714154,20.931529335550948,-121.69825,36.778031,Monterey,1.8821702868659496,45.975402425070584,-19.955994887883037,-11.988457165407304,1.2729273242248862
0.0,0.0,0.046586628270335,0.0,-18.44774987024521,-6.897487765963056,-18.307395986424503,-7.740041773445671,2714138,T20,0.8425540074826152,-0.1403538838207083,2714138,22.43537802299509,-121.716978,36.769912,Monterey,1.0765045829105029,24.79397435131012,-18.021392506519582,-6.892156189991621,0.8478855834540502
0.9781591263650544,0.7660518185433302,1.0,0.0,-24.36693060485228,-14.632521729983624,-25.34744981025982,-15.715070400043665,2714135,T20,1.0825486700600404,0.9805192054075428,2714135,5.0555964357180745,-121.792029,36.824995,Monterey,1.5016099725330037,8.188630925384166,-22.89989503178425,-14.33267728248228,1.382393117561385
0.6838993670276001,0.0684381325707675,0.0,0.0,-21.912542148340805,-11.610216048037737,-22.625027511860846,-12.891143760803915,2714134,T20,1.2809277127661804,0.7124853635200417,2714134,2.409927450432156,-121.689671,36.856946,Monterey,0.04216622320423082,13.512865810947687,-21.292010819571725,-11.705047516455156,1.186096244348759
0.6933573004330421,0.0,1.0,0.0,-21.30838357897718,-10.811983686649729,-22.35077891226906,-11.535172184370088,2714112,T20,0.7231884977203578,1.042395333291882,2714112,2.842593195332075,-121.715372,36.80313,Monterey,1.3501085538286763,76.35327513398379,-19.869565177935243,-10.857230198528336,0.6779419858417519
0.3462651313847063,0.0,1.0,0.0,-19.93839063561811,-7.951370201124346,-21.301457490128914,-8.83107863131714,2714081,T20,0.8797084301927942,1.3630668545108051,2714081,1.31637179178896,-121.724152,36.852672,Monterey,0.9863493886962598,50.16915052564298,-18.18937602703328,-8.628225399212539,0.2028532321046015
0.9715854434594722,0.7700492814965,1.0,0.0,-24.722015399115968,-14.968078416418566,-24.76117592300624,-16.04812887985307,2714066,T20,1.080050463434505,0.0391605238902741,2714066,5.216390395581523,-121.78954,36.824947,Monterey,1.306214290904727,10.259471150593148,-23.61232212662685,-14.7481849507271,1.2999439291259698
0.2074001711582245,0.0089212187757342,0.8150226327149035,0.0651935218226736,-19.24360660401825,-11.337553331814744,-20.541793467707784,-11.726215677857486,2716489,T20,0.3886623460427412,1.29818686368953,2716489,28.730370850068727,-121.705943,36.915364,Monterey,0.5495948448471359,13.154922828138023,-19.84510111162576,-11.411005164435494,0.3152105134219916
0.9269209920043366,0.5721642498983602,0.0,0.0,-22.607216592999148,-13.916144989581872,-23.57850683273032,-15.056163445447472,2714050,T20,1.1400184558656008,0.971290239731168,2714050,6.844252974853038,-121.725413,36.869923,Monterey,0.5934878003879313,30.36389191725683,-21.784594754361848,-13.48334521681401,1.5728182286334622
0.0,0.0,1.0,0.0,-18.436618157289622,-10.03932940965859,-18.743442424418777,-11.059852138616016,2714040,T20,1.0205227289574257,0.306824267129155,2714040,7.75603473567838,-121.695488,36.744832,Monterey,1.2690228473008256,15.103301751710129,-17.767206412032113,-10.067360690544191,0.9924914480718243
0.995674740484429,0.8754834113576228,1.0,0.0,-24.90902996024283,-15.445278479510412,-25.698510134913874,-16.723827557109228,2714010,T20,1.2785490775988162,0.7894801746710449,2714010,4.559422291844676,-121.791249,36.825011,Monterey,1.441217687858606,9.187727972071471,-24.76642506941158,-15.308543268191944,1.4152842889172845
0.5905720338983053,0.2020656779661017,1.0,0.0,-21.70614620261743,-13.550410769146527,-22.316674063803102,-13.927986630128188,2713971,T20,0.3775758609816613,0.6105278611856733,2713971,10.826309211343908,-121.670657,36.766956,Monterey,0.007943251731023507,5.158758667439728,-21.154594888153422,-13.655715008299056,0.2722716218291321
0.3396454472199838,0.0,1.0,0.0,-20.269507238431387,-9.462524017868445,-21.296423952211725,-10.19850350961461,2713942,T20,0.735979491746166,1.026916713780338,2713942,14.428588513338008,-121.752191,36.748829,Monterey,0.5235896012778578,4.454212781256513,-20.07466924559534,-9.230314825959873,0.9681886836547378
0.1794715351762331,0.0,0.0,0.0,-18.476598265366217,-5.072875361804527,-20.94511857449399,-7.987526057242964,2713915,T20,2.914650695438437,2.468520309127772,2713915,1.6504422673494323,-121.674918,36.867487,Monterey,0.0512935459944382,21.474525434562334,-19.53144012247638,-5.029147286137057,2.958378771105907
0.8682931064420905,0.449759796260925,0.0,0.0,-21.99193185203223,-14.364971065772568,-23.257726918254285,-14.864753671878754,2713867,T20,0.4997826061061854,1.2657950662220545,2713867,2.674332911931871,-121.715269,36.878298,Monterey,1.6695194089679484,73.91186970682435,-21.572723300862336,-13.294010001702397,1.5707436701763573
0.0074544083063406,0.0,1.0,0.0,-18.219282223378663,-10.14724671954488,-19.5477353953718,-11.14618124569525,2713864,T20,0.998934526150368,1.3284531719931358,2713864,3.492858007620439,-121.672348,36.847452,Monterey,1.5984807719184138,104.74496358791991,-18.31677795709469,-9.927540337069356,1.2186409086258934
0.5630739786074794,0.0181287788752018,1.0,0.0,-22.334452348195995,-12.083631973935324,-22.18245301594304,-12.272312337397675,2713852,T20,0.1886803634623532,-0.1519993322529558,2713852,55.24526888696137,-121.727704,36.730983,Monterey,0.42793710531330215,7.4188737718037885,-21.309177348125708,-12.107450984861948,0.16486135253572698
0.0173939254242096,0.0,0.2793489246263232,0.0,-18.523358297931097,-10.69662354153574,-19.536774396223574,-12.15882001026208,2724007,T20,1.4621964687263382,1.0134160982924811,2724007,4.362952412438688,-121.71759,36.804173,Monterey,1.333372267377396,79.87507079013236,-19.251518794351327,-11.210847566870452,0.9479724433916275
1.0,0.685000843597098,0.6229964568921883,0.0,-22.096397960733043,-12.91372139317019,-24.101476424703822,-15.10234837487976,2713835,T20,2.18862698170957,2.0050784639707797,2713835,0.9227841120841578,-121.787301,36.841964,Monterey,2.3099119335363727,10.474079831929318,-21.086176772269884,-12.820312506343692,2.2820358685360684
0.8884766027623172,0.4186131328988473,0.9326229326229326,0.0,-21.90054441739052,-13.957526884278158,-23.78455475248247,-14.386966697166285,2724008,T20,0.4294398128881251,1.8840103350919504,2724008,9.77693897180986,-121.787972,36.843272,Monterey,2.1723656765517463,15.647181961411384,-21.57599919204513,-13.151355113656845,1.2356115835094403
0.9446371339509156,0.8603854765772491,1.0,0.0,-24.145835970579878,-16.207361042513845,-24.920700240435544,-16.30537596904364,2713815,T20,0.098014926529796,0.7748642698556694,2713815,12.351429757857115,-121.773663,36.702679,Monterey,1.7739251944014602,38.45830926627231,-23.82423624494117,-15.801314123710489,0.5040618453331529
0.3833586286938665,0.1998482278368002,1.0,0.0,-20.5200828512425,-12.77268899144154,-21.7428604977812,-13.940902206110495,2713805,T20,1.168213214668956,1.2227776465387024,2713805,1.7384242414803528,-121.696885,36.813754,Monterey,3.0688197247108238,70.09166610522969,-19.02467985869654,-13.257845838086489,0.6830563680240065
0.0257147178944183,0.0,1.0,0.0,-18.785292121185385,-10.35976519117815,-19.86543756553842,-11.897199935122243,2713777,T20,1.5374347439440932,1.080145444353036,2713777,3.066452357450156,-121.675366,36.848369,Monterey,1.4381901129847727,79.49977274729154,-19.29532150262328,-10.126987501644392,1.7702124334778517
0.5928958140763239,0.4523086403450856,0.0194550816497204,0.0,-21.292183377313407,-14.011127012706703,-22.466137153534195,-14.754424159122427,2713773,T20,0.7432971464157223,1.173953776220788,2713773,1.7560348753909043,-121.662321,36.858775,Monterey,0.18270142133297446,43.13380012779181,-20.50585972786657,-13.648206364385794,1.106217794736633
0.3687682694628442,0.0287216069082034,1.0,0.0,-21.284653646821106,-12.736727949826989,-21.573392764131786,-12.948005436288064,2713753,T20,0.2112774864610767,0.2887391173106799,2713753,14.4401720866976,-121.785471,36.834818,Monterey,1.9361178232846705,6.475539284227628,-20.980781833617648,-12.736970062551556,0.21103537373650738
0.5665155609798623,0.1170342603086043,0.0,0.0,-21.079532563998807,-12.6221429404699,-22.16444607513537,-12.598341147525195,2713734,T20,-0.0238017929447025,1.0849135111365626,2713734,3.544804814621435,-121.708816,36.870095,Monterey,1.075491885798147,67.24223605583192,-20.22736045535821,-12.061695297776623,0.536645849748572
0.1342398038898766,0.0058455902160443,0.7885822423360809,0.0,-20.27799975433166,-10.00840552162628,-19.83206501303117,-10.27474993211682,2725599,T20,0.2663444104905377,-0.4459347413004941,2725599,11.510821088622809,-121.711473,36.763572,Monterey,0.3504586979821358,12.112494582371626,-19.785728704454545,-10.29499250940821,-0.02024257729139123
0.1228875094780943,0.0,1.0,0.0,-20.568661161848485,-11.80838196908146,-20.667281928589325,-11.860581707394235,2725600,T20,0.0521997383127761,0.09862076674084,2725600,18.0893935020978,-121.738501,36.732147,Monterey,0.870893006791929,5.12218768331515,-20.36558062812964,-11.982611088951373,-0.12202938155713738
0.6375508282674154,0.014422647696191,0.7561298281781362,0.0,-21.77280335422469,-11.772415501336551,-22.44810890881135,-12.320454055851943,2713688,T20,0.5480385545153919,0.6753055545866609,2713688,9.559376504384575,-121.694705,36.778296,Monterey,1.734459182904009,38.65542131371672,-21.44351110106806,-11.546771760624384,0.7736822952275588
0.0944899396005484,0.0546930003334939,1.0,0.0,-19.17937413045917,-11.693635331750755,-19.781351923181468,-11.771225589506924,2713677,T20,0.0775902577561691,0.6019777927222982,2713677,2.0880371670361284,-121.779555,36.837214,Monterey,2.0642123529937613,18.414190206557038,-18.47903422280357,-10.821316504956226,0.9499090845506988
0.3361284792050085,0.0020719831316196,0.3341174367537304,0.0041439662632393,-20.0326765331199,-9.38891579031851,-21.52632750987519,-10.983611180935258,2713673,T20,1.5946953906167476,1.4936509767552906,2713673,19.050123270979576,-121.790649,36.879508,Monterey,0.2760490043444829,4.527488846292833,-20.794935688308023,-9.954802717710589,1.028808463224669
0.0866079914053138,0.0,0.0,0.0,-17.035304913278317,-10.926373472450912,-19.8302733428318,-11.092748507196935,2713667,T20,0.1663750347460251,2.794968429553485,2713667,5.614215129213023,-121.675545,36.889158,Monterey,1.8997215526333184,19.38530198720862,-17.024920820312406,-10.41055481682783,0.6821936903691057
0.9018752507019656,0.2100381066987565,0.055004011231448,0.0,-21.94239047943333,-13.031447541750277,-23.552467208855177,-14.097592539322536,2713554,T20,1.066144997572259,1.6100767294218414,2713554,1.5443258299934552,-121.715771,36.877132,Monterey,1.533010175507739,62.011245116238804,-21.568668343863145,-12.037259807254484,2.0603327320680513
0.4352936473034022,0.0,1.0,0.0,-20.074467652725765,-8.061822665653228,-21.358840949702092,-8.742509770762723,2713545,T20,0.6806871051094951,1.2843732969763302,2713545,1.941503570501359,-121.659913,36.853077,Monterey,0.8160366600436748,74.67298682389014,-18.835749867088857,-8.067995070515144,0.6745147002475793
0.6984115788285744,0.2459936801715382,1.0,0.0,-22.00675920907101,-12.72757307732022,-22.61170970275215,-13.36050541089509,2713532,T20,0.6329323335748693,0.604950493681141,2713532,5.489118821250783,-121.675844,36.765319,Monterey,0.2546449166816781,11.60981018802084,-20.999634355768787,-12.814632689886327,0.545872721008763
0.0807032701900818,0.0,0.0,0.0,-19.035769106748425,-9.85692635766267,-19.518806961454366,-10.45265543663358,2722318,T20,0.5957290789709102,0.483037854705941,2722318,18.97129221048544,-121.654124,36.911189,Monterey,0.0881451861842027,21.982695837108878,-18.478920964082928,-9.312157143610312,1.1404982930232688
0.7293215859030838,0.5159295154185021,0.0,0.0,-20.982045413242137,-13.468382543785314,-22.900972062829684,-14.931996783124005,2713519,T20,1.463614239338689,1.9189266495875472,2713519,4.400443210868064,-121.713117,36.863017,Monterey,0.28877650740424926,15.099576905994164,-21.274455393397805,-13.57113233589269,1.3608644472313145
0.922590996205643,0.0,1.0,0.0,-23.335511617114243,-6.019261138130805,-23.697896051052076,-6.418667256769122,2725602,T20,0.3994061186383169,0.3623844339378301,2725602,30.045014243263477,-121.735744,36.713389,Monterey,1.3630136287281291,7.58246432649043,-23.24276673134384,-6.1949868401779975,0.22368041659112414
0.4963955913017576,0.3392910336610069,0.3943600436898025,0.0,-20.801552537779717,-12.43962488080376,-21.49907632331056,-13.947008893274916,2713487,T20,1.5073840124711566,0.6975237855308443,2713487,3.899706941682133,-121.700879,36.870137,Monterey,1.085510334694971,72.53579658165127,-19.911931655102048,-12.49103110217238,1.4559777911025353
0.7825109306683323,0.2505309181761399,1.0,0.0,-21.32221885004613,-13.068640936915482,-23.044762697220243,-13.799121834093654,2713452,T20,0.7304808971781718,1.7225438471741086,2713452,1.2401923896817864,-121.663528,36.858786,Monterey,0.18147357418275537,41.95187263774694,-19.426562318599107,-12.56423085156726,1.2348909825263945
0.2875421658718157,0.1238222635803186,0.0,0.0,-18.08191982576218,-11.223250929802662,-19.26611212512052,-12.471523855801925,2713396,T20,1.248272925999263,1.1841922993583367,2713396,1.3340025539585525,-121.714572,36.879188,Monterey,1.7852199570299951,81.47702218987878,-17.228241669868876,-10.202932636398517,2.268591219403408
0.3689252934508357,0.0,0.0,0.0,-19.455011376347755,-11.678560126129373,-21.45307426272237,-12.674079883712606,2713392,T20,0.9955197575832352,1.998062886374619,2713392,4.229957424646846,-121.739424,36.845364,Monterey,0.7024244077043705,53.16271360054679,-19.869772836757956,-12.786543817029388,-0.11246393331678206
0.8634561351802732,0.1993633952254642,1.0,0.0,-22.80011410143177,-12.903081193899578,-23.84081705925223,-13.566934553823971,2716523,T20,0.6638533599243956,1.0407029578204572,2716523,19.70603473127825,-121.8039,36.848821,Monterey,0.6797971191496799,9.047798767809388,-22.663629480248417,-12.789417412198151,0.77751714162582
0.7747567673226435,0.2966650482682085,0.0695175701323514,0.0,-21.992136414265477,-13.044606589379557,-22.93812053337598,-14.279726887184347,2713355,T20,1.2351202978047908,0.9459841191105056,2713355,12.290364299543285,-121.702406,36.775606,Monterey,1.8328923658873282,20.94828292787171,-21.39500863068308,-13.07313836113343,1.2065885260509166
0.8916258902994973,0.4969626715115307,1.0,0.0,-23.20214971655681,-14.119269000041887,-24.026384801942203,-14.782934250329063,2713333,T20,0.6636652502871776,0.8242350853853893,2713333,20.847467786681296,-121.766298,36.846578,Monterey,0.9071008510931232,49.721454250316505,-22.15303141136876,-13.670158750894412,1.112775499434651
0.5824606845513417,0.0435364080877494,1.0,0.0,-22.861443890299764,-12.99384854729592,-22.27498950052825,-12.886925467527467,2713316,T20,-0.1069230797684497,-0.5864543897715144,2713316,14.661163709809486,-121.687982,36.677605,Monterey,1.648636953056573,11.02163664928088,-21.78547811184144,-12.777481265296494,0.10944420223097318
0.4067044221203751,0.0002057517913265,1.0,0.0,-20.687424014437777,-11.510314587329937,-21.62794572449981,-11.866906640445436,2722325,T20,0.3565920531155004,0.9405217100620328,2722325,15.07908908602355,-121.676907,36.75186,Monterey,0.9514080255112134,33.54195337960864,-20.40867705082325,-11.372903549841489,0.49400309060394676
0.6393196444989274,0.0713760343242414,0.9415874961691694,0.0,-20.63546729780777,-10.323839590311934,-22.283606121839167,-12.10256599623289,2722327,T20,1.7787264059209562,1.648138824031392,2722327,5.0507948044934095,-121.786294,36.839318,Monterey,2.4290592808427873,9.933322845789826,-19.76009517910961,-9.943784993836092,2.1587810023967986
0.1258565390921502,0.0366458288424229,1.0,0.0,-20.404142921597774,-12.077476977303938,-20.72068131167737,-12.714351668266938,2717320,T20,0.6368746909629994,0.3165383900795966,2717320,11.858142132629665,-121.740628,36.694451,Monterey,0.8535160241664682,8.480765808245906,-20.30139558515928,-12.12979530949973,0.5845563587672071
0.7785640317569898,0.0613915607011913,1.0,0.0,-23.76836338174092,-13.45008374368852,-22.97357512052014,-13.388669273554196,2713248,T20,-0.0614144701343235,-0.7947882612207771,2713248,16.62860899967305,-121.689079,36.676318,Monterey,1.8219013171877028,11.00275999987985,-23.33295571248026,-13.209743004981927,0.178926268572269
0.1382769606181793,0.0288077001287873,0.9458867123071016,0.0,-20.822692437124527,-12.661510499509683,-20.206768350287863,-12.874096968841888,2713236,T20,0.212586469332205,-0.6159240868366638,2713236,3.4247281012549875,-121.77788,36.83698,Monterey,2.027664093564596,17.2290662290465,-19.762895642055412,-12.10612766127498,0.7679693075669078
0.9568484110061934,0.2666598977899617,0.0,0.0,-22.521660766122565,-13.418939780178937,-23.65482627007523,-14.220033842697722,2713191,T20,0.8010940625187875,1.1331655039526645,2713191,2.295644956935474,-121.690443,36.857523,Monterey,0.0286132690356118,13.75655121173407,-22.135592182538225,-12.639321315378538,1.580712527319184
0.1900891561268919,0.0,1.0,0.0,-19.756738752832465,-7.397309653679324,-21.03034748393293,-9.120467443501958,2713181,T20,1.7231577898226345,1.273608731100467,2713181,1.8634545338978252,-121.660824,36.854911,Monterey,0.6121871493369352,68.40653717354229,-18.849003495186658,-6.629775950784918,2.4906914927170405
0.7097739275215273,0.079606649496605,0.0,0.0,-20.869855893933437,-12.66282952228385,-22.560152831950106,-13.896792093681045,2713154,T20,1.233962571397193,1.6902969380166724,2713154,2.975232629484946,-121.737901,36.84598,Monterey,0.8510966704577303,60.600334962990544,-20.48971983631269,-12.517569272195646,1.3792228214853992
0.0,0.0,0.0,0.0,-18.001643215891903,-10.308783078594727,-18.65004151591649,-11.649396584066332,2713135,T20,1.3406135054716053,0.6483983000245921,2713135,0.3660728996189559,-121.703679,36.865213,Monterey,0.5328789619622815,47.93961789141893,-17.928327917679503,-10.007215042643937,1.6421815414223957
0.0,0.0,1.0,0.0,-17.040184274427617,-10.47842363602913,-18.23926534874788,-10.6787833077155,2713124,T20,0.2003596716863711,1.1990810743202616,2713124,0.8522057010149132,-121.719488,36.856344,Monterey,0.4576598863950259,39.80092710768216,-16.697082406441247,-10.305691500232356,0.37309180748314397
0.7996040901193426,0.2068956677774929,0.6292603036258508,0.0,-21.227734650127054,-11.588804145390998,-23.209124522123744,-13.07445215110856,2722332,T20,1.485648005717561,1.9813898719966865,2722332,27.182875265837293,-121.783267,36.839376,Monterey,2.357985240142593,18.014584470009137,-21.009940299546603,-10.825326091437873,2.2491260596706866
0.2474050122343506,0.0,0.0,0.0,-21.280139725743755,-3.970191138493572,-20.772460729707426,-4.074631313541151,2725607,T20,0.1044401750475789,-0.5076789960363293,2725607,23.11889751081006,-121.679121,36.90305,Monterey,0.3556223129895119,17.050476342059277,-21.05836982641731,-4.294968464232251,-0.22033715069109938
0.260303161541793,0.0,1.0,0.0,-19.148402729587087,-9.095178611262243,-20.71729618935619,-10.665134061158266,2713115,T20,1.5699554498960229,1.5688934597691038,2713115,4.4701880245872285,-121.672817,36.848105,Monterey,1.5526368784149462,103.33990132182751,-17.947251936806094,-8.847654897953806,1.8174791632044602
0.2042769703533916,0.0128460240296214,1.0,0.0,-20.55554841207269,-12.5312181105976,-20.8999101314738,-12.875378437853527,2716542,T20,0.3441603272559259,0.3443617194011033,2716542,12.323968324438784,-121.738446,36.694445,Monterey,0.8964679918648629,8.423701738218844,-20.21678962644255,-12.90349173940225,-0.028113301548723157
0.6984492367337047,0.2732008723043372,0.0,0.0,-22.772501450132644,-11.955163822578193,-22.45658287041353,-13.974842205938511,2713046,T20,2.0196783833603185,-0.3159185797191135,2713046,1.2771066013296135,-121.713055,36.864488,Monterey,0.45227742563654055,16.46902463630813,-19.82090556317894,-11.852651447547125,2.122190758391387
0.6585709588011462,0.0705490570666499,1.0,0.0,-22.56301227162298,-12.658599460939197,-22.508628248916057,-13.182052615620352,2717325,T20,0.5234531546811585,-0.0543840227069232,2717325,14.853530998894016,-121.667431,36.725324,Monterey,0.19557201146344633,26.53652695601031,-21.137879973111584,-12.314236703226658,0.8678159123936933
0.3927928525253192,0.0693994596296971,1.0,0.0,-20.931163820325853,-12.602076987827864,-21.57832965782275,-13.28037573916334,2725609,T20,0.6782987513354772,0.647165837496896,2725609,23.3455073434258,-121.779373,36.868286,Monterey,1.4554793224770082,46.295423063216745,-21.104574074800556,-12.26600119668237,1.0143745424809705
0.0,0.0,1.0,0.0,-18.14657099459133,-7.553847014374208,-19.10698369788765,-8.622042434777763,2713004,T20,1.0681954204035549,0.9604127032963136,2713004,3.974694783629749,-121.679364,36.853167,Monterey,0.8233523857588989,46.60212742069666,-18.445456209263902,-8.331285768609007,0.29075666616875573
0.1870874255353405,0.0,0.093447109966189,0.0,-19.736375817895176,-11.984748186047453,-20.39579932081766,-12.28815021386934,2713001,T20,0.3034020278218872,0.6594235029224826,2713001,2.4055213923999865,-121.682452,36.850475,Monterey,0.9027206531641837,66.52740900963711,-19.82568677765037,-11.308318336523476,0.9798318773458643
0.9808690629386992,0.0,1.0,1.0,-23.016267037835902,-4.156841636297259,-24.86014627364956,-8.256262910435817,2717328,T20,4.099421274138558,1.843879235813656,2717328,42.33440191930982,-121.750736,36.883882,Monterey,1.3582147040022443,6.84645722102013,-23.57790745199162,-3.880014110099692,4.376248800336125
0.0,0.0,1.0,0.0,-15.772426270742368,-8.348933267845805,-17.011918148031018,-8.884869271008787,2712972,T20,0.5359360031629823,1.2394918772886498,2712972,2.29270923328753,-121.772674,36.835619,Monterey,1.915813267560849,14.240929682639239,-15.03951580609026,-7.582647570045382,1.302221700963405
0.5871102299943849,0.3335548858049804,0.3589608425105716,0.0,-20.97997814121692,-13.873892069864787,-22.26884741857229,-14.323020651339302,2712956,T20,0.4491285814745147,1.2888692773553745,2712956,6.760855225720822,-121.716443,36.772294,Monterey,1.3302471418065824,20.195850787398797,-21.505603379422677,-13.654623880978791,0.6683967703605109
0.4071138141934601,0.0220384733659069,0.0,0.0,-19.36474417867932,-10.27243014182218,-21.361335504005304,-11.230025828656675,2712929,T20,0.9575956868344964,1.9965913253259835,2712929,2.2671748245765864,-121.710394,36.877442,Monterey,1.812621593366789,90.60283173151728,-19.799857457742423,-9.598801496806884,1.6312243318497917
0.0,0.0,0.7841176004856035,0.0,-16.28453380151909,-9.792450763981345,-17.0082843542756,-11.066388353044102,2712896,T20,1.2739375890627578,0.7237505527565098,2712896,2.926989315888292,-121.72001,36.872477,Monterey,0.9147497411196764,56.96764881647176,-15.84412768866116,-10.940593864979862,0.12579448806424054
0.6132254359960475,0.0,1.0,0.0,-20.90672067590672,-9.534769175207709,-22.230956340337336,-10.425529184296984,2712891,T20,0.8907600090892753,1.324235664430617,2712891,2.895330728471517,-121.720582,36.800078,Monterey,0.805954864932444,42.41550561333207,-18.888963558884747,-8.0840270695677,2.341502114729284
0.7567849429019163,0.0954571277235141,1.0,0.0,-22.85630531100069,-12.941163278768734,-23.006129268481768,-13.260833022003313,2716554,T20,0.3196697432345772,0.1498239574810789,2716554,28.24071957070933,-121.672314,36.746999,Monterey,1.5509644145235604,29.61283179146824,-21.928302429003363,-12.50297028506145,0.7578627369418633
0.1145297214473736,0.0,1.0,0.0,-19.513768428960965,-9.804756230910725,-20.20599221195545,-10.38158042857012,2712875,T20,0.5768241976593966,0.6922237829944891,2712875,15.784610280881438,-121.706843,36.759503,Monterey,0.18496514073374634,13.226587719485579,-19.21777334780831,-10.49408158327087,-0.11250115470074995
0.8683187886844002,0.0,0.8528655953203107,0.1448958782103045,-21.459459520013095,-6.069050282914484,-23.62541433454614,-9.874697020558605,2716556,T20,3.80564673764412,2.165954814533041,2716556,35.72301746718195,-121.707707,36.908452,Monterey,0.21867789627816725,13.661223990108013,-21.563464690658563,-6.529779757948569,3.3449172626100356
0.5594050343249425,0.0259293160437325,1.0,0.0,-21.85596761190136,-12.199584176218645,-22.161015805904523,-12.949059700541998,2717335,T20,0.7494755243233548,0.3050481940031631,2717335,15.2396831089787,-121.664748,36.723944,Monterey,0.34894215956879576,28.08818937975243,-21.205186742586235,-12.40787766744116,0.5411820331008386
0.2599739672800646,0.0123389285938944,0.8974973749534266,0.0,-20.015412201667985,-10.851834973723378,-20.997589882540268,-11.713617643366128,2725613,T20,0.86178266964275,0.9821776808722832,2725613,31.985198058615463,-121.755104,36.832582,Monterey,1.0112317037163745,35.490674489446505,-19.904222589539,-10.462090232683618,1.2515274106825096
0.748537689907722,0.1260035326550489,1.0,0.0,-22.32624276119905,-13.118000223940934,-22.778975825405784,-13.362567606649758,2724013,T20,0.2445673827088246,0.4527330642067326,2724013,14.089895839457814,-121.677533,36.766122,Monterey,0.4279408846450705,30.07871378728141,-21.90171589414352,-12.43233370608852,0.9302339005612374
0.8947844983701558,0.2610337869302012,1.0,0.0,-22.81726409273972,-14.182082937487737,-23.909242551085622,-14.496372003456196,2712736,T20,0.3142890659684614,1.0919784583459062,2712736,3.0003032516365065,-121.706556,36.766008,Monterey,0.7102646600940216,17.309437800596054,-23.73625923500169,-13.38074745522525,1.1156245482309455
0.4460862177237635,0.0619482102619038,1.0,0.0,-19.35419013643903,-12.161778062547432,-21.620564886959983,-13.260148708031654,2712684,T20,1.0983706454842217,2.266374750520953,2712684,2.099074633226522,-121.688662,36.858961,Monterey,0.12439960527651137,19.54956738397758,-18.032058813927925,-10.45231961545876,2.8078290925728933
0.0207871494422745,0.0,1.0,0.0,-18.433635980432744,-9.763361170010148,-18.727145575830885,-10.395595958882945,2712672,T20,0.632234788872795,0.2935095953981417,2712672,8.814354667461652,-121.70432,36.73337,Monterey,0.6987390575919398,18.937402549948217,-17.597998727289628,-9.170345522001226,1.2252504368817192
0.1249081557678177,0.0208180259613029,0.2158339456282145,0.0,-17.935810767926437,-10.483532621293383,-19.23269835894753,-10.739480283335984,2722342,T20,0.2559476620425993,1.2968875910210933,2722342,3.795166714744018,-121.685199,36.856186,Monterey,0.3090577020821556,13.734440466736531,-19.01020444956493,-11.045780212445717,-0.30629992910973236
0.851165012822555,0.1497246033794433,0.0010708343172195,0.0,-22.449673430195062,-12.21479876533994,-23.22080240999008,-13.533753543219296,2724014,T20,1.318954777879357,0.7711289797950123,2724014,14.108860420720177,-121.718539,36.798492,Monterey,0.7804969959574048,44.48428364612738,-21.296315499010184,-11.688914557656211,1.8448389855630847
0.7011528189711861,0.0,1.0,0.0,-21.37513830102507,-9.831594245550528,-22.76299997362909,-10.504330763435329,2712586,T20,0.6727365178848004,1.3878616726040178,2712586,17.292024478383603,-121.794466,36.836771,Monterey,2.2170314195613754,7.874263774099769,-21.844474250506494,-9.735557781155922,0.7687729822794065
0.0032419322906355,0.0295486042367848,0.0,0.0,-17.71718291525535,-11.764637343258178,-18.2298456849014,-11.89316080679262,2712561,T20,0.1285234635344423,0.5126627696460524,2712561,3.14069215108232,-121.715161,36.798865,Monterey,1.0448892193265555,48.802701231843784,-17.573916613556413,-11.340917291955364,0.5522435148372562
0.6664654088050315,0.3197987421383648,0.0,0.0,-21.84369895188507,-12.382189282236196,-22.230722381970583,-13.927312166750893,2712558,T20,1.5451228845146971,0.3870234300855131,2712558,1.5416270342159777,-121.707792,36.798773,Monterey,1.6318292169179858,73.29385089418425,-20.934451837827563,-13.11985495767948,0.807457209071412
0.9853333595539272,0.7368513806655389,1.0,0.0,-24.195813505125468,-15.453659242425134,-25.105944985839734,-15.851112287791722,2725615,T20,0.3974530453665874,0.91013148071427,2725615,102.51092851369746,-121.780181,36.704108,Monterey,1.5822000275768098,25.859382818967198,-24.02781120432981,-15.207997367244944,0.6431149205467772
0.533533505081382,0.0,0.9553179449148708,0.9505918589357648,-19.80766412278697,-2.319664270532648,-22.113966597101165,-8.450357125841471,2725616,T20,6.130692855308823,2.30630247431419,2725616,29.95681311845118,-121.766089,36.885087,Monterey,0.20766207068087983,6.680050239541154,-21.07306864336116,-3.2242219953088256,5.226135130532645
0.0032142236636358,0.0001737418196559,1.0,0.0,-25.960194584302705,-20.79803910639815,-19.20998646575737,-9.99930814409199,2712541,T20,-10.79873096230616,-6.750208118545331,2712541,8.045775351918703,-121.703597,36.642949,Monterey,0.13504758947463652,10.725653956786578,-22.132841935740167,-13.180747063709315,-3.1814389196173245
0.0356120651695288,0.0,0.0274383531483927,0.0,-19.150462773903712,-10.18117542126069,-19.655938054774506,-11.215586622453529,2725617,T20,1.0344112011928388,0.5054752808707939,2725617,2.8208228945635785,-121.715263,36.875505,Monterey,1.3921050310181542,44.16171559527392,-18.679652259880356,-10.613142279265638,0.6024443431878908
0.5171962616822429,0.0476635514018691,1.0,0.0,-20.00072429637343,-12.6301005248831,-21.38497478559076,-13.303778621630077,2712509,T20,0.6736780967469755,1.384250489217326,2712509,0.8275788735112276,-121.664236,36.858747,Monterey,0.18580471348190572,38.80684034686221,-19.71157662710406,-12.339144855767437,0.96463376586264
0.0320508285103793,0.0,1.0,0.0,-18.285424650265565,-9.72788688587278,-18.996672471227303,-10.01849484441295,2712502,T20,0.2906079585401695,0.7112478209617379,2712502,10.974046281273054,-121.703507,36.734855,Monterey,0.8637910563291725,18.723421091950325,-17.480892670217113,-9.284312967129022,0.7341818772839286
0.0160450997398091,0.0296328418618097,0.0,0.0,-19.25613594179249,-11.742846520200384,-20.086712486263917,-12.690392625570302,2712488,T20,0.947546105369918,0.8305765444714268,2712488,1.0740833494356776,-121.722052,36.866463,Monterey,0.2226669834121043,15.66918100484295,-18.0846926633674,-12.235926916757675,0.45446570881262716
0.0455129629041982,0.0,0.2692420588328627,0.0,-20.70642895939753,-11.053263581117989,-19.322927384592514,-10.486148382153129,2712404,T20,-0.5671151989648617,-1.3835015748050203,2712404,19.54634721483874,-121.674284,36.729656,Monterey,0.2859135701396572,16.36244185468756,-19.5516315118819,-10.520064543761416,-0.033916161608287254
0.4378791834979341,0.0025803677023975,0.0506550754911146,0.0,-20.3302017439202,-10.54307194038128,-21.966003047018805,-11.767861495293742,2712399,T20,1.224789554912462,1.6358013030986065,2712399,5.029417650268381,-121.78482,36.840956,Monterey,2.552389618121894,16.09712916256774,-20.30155914577804,-10.307821874302906,1.4600396209908357
0.4620883663715744,0.0044994857730545,0.6043401762487651,0.0,-21.24677982129944,-6.815826990028152,-21.761353000433942,-7.548754877856816,2722349,T20,0.732927887828664,0.514573179134505,2722349,30.735420089280467,-121.699798,36.765747,Monterey,1.0555804670699855,18.282042905121557,-20.930941164760505,-6.576233799839446,0.9725210780173708
0.6903087518995512,0.2255016810349517,1.0,0.1921468615864977,-23.038061929389677,-13.967481557681111,-22.74914305694467,-14.174452655387576,2712356,T20,0.2069710977064645,-0.2889188724450022,2712356,21.399299688927133,-121.723607,36.647308,Monterey,1.2793230103147473,10.86533540639369,-22.31345763686448,-13.070927339042754,1.1035253163448218
0.008765871540137,0.0,1.0,0.0,-17.899459527840847,-9.178143987808616,-18.82168413852165,-9.115029359749142,2712332,T20,-0.0631146280594734,0.9222246106808072,2712332,5.839075313833259,-121.662288,36.728059,Monterey,0.108432440146465,25.060157421651954,-17.115785698336552,-8.635673724746411,0.47935563500273126
0.2016430737353572,0.003420041016258,1.0,0.0,-19.815235337127948,-11.84337444281904,-20.73471487879389,-12.215055559454782,2712313,T20,0.3716811166357416,0.9194795416659431,2712313,25.57105926486737,-121.777888,36.741553,Monterey,0.9570044708437276,4.447662599319758,-20.428223629979016,-12.044955831710675,0.1700997277441072
0.3293298837841372,0.0,1.0,0.9240537248938648,-22.017003565049176,-2.925426203045053,-21.523935218961917,-7.9340542455703,2712306,T20,5.008628042525247,-0.4930683460872629,2712306,22.501097789027952,-121.745846,36.885815,Monterey,1.5684521957921356,7.495003786715545,-20.0328019425876,-2.576359533475875,5.357694712094425
0.2392392998169357,0.0,1.0,0.0,-21.57337869665554,-12.65279588204496,-20.97726304390566,-12.298449064885563,2712297,T20,-0.3543468171593957,-0.5961156527498801,2712297,5.12736300699204,-121.70652,36.691887,Monterey,1.200535500867893,11.859074873064111,-21.05429117744485,-12.424534391721409,-0.12608532683584528
0.581762854676,0.2809031107711259,0.0810161683601868,0.0,-19.93976926518142,-13.060189566454737,-22.2895449873738,-14.237478327539494,2724017,T20,1.1772887610847569,2.3497757221923834,2724017,27.513125919977767,-121.793495,36.857322,Monterey,0.8386435796805627,33.09007405293193,-20.417389260120515,-13.352660780974272,0.8848175465652215
0.6357468597487798,0.1911192895431634,0.4539883190655253,0.0,-22.080270329650755,-13.518088063261969,-22.49478674236102,-13.635917972262687,2712266,T20,0.1178299090007204,0.4145164127102632,2712266,4.843456724642977,-121.669554,36.76287,Monterey,0.19046972710366414,3.9128034220513213,-21.16715519985858,-13.301544303630555,0.33437366863213214
0.7330946135061783,0.3265834546762833,1.0,0.0,-23.025532924551477,-12.765729043833772,-23.489894002945945,-13.286790837391512,2712246,T20,0.52106179355774,0.4643610783944716,2712246,13.671311044589093,-121.79703,36.833943,Monterey,2.3425435042173026,8.749148174806702,-21.45729998524176,-12.023700536726386,1.2630903006651266
0.9371690044095816,0.1770480179042301,1.0,0.0,-22.90548870959836,-11.881113462373191,-23.971461968223867,-12.237985164953338,2725620,T20,0.3568717025801469,1.0659732586255082,2725620,14.012197633261554,-121.723324,36.730568,Monterey,0.07585113214742285,8.436789706471878,-22.14582051333311,-11.65861349704596,0.5793716679073775
0.2635722506550431,0.0198227097974875,0.9730513994661704,0.0,-20.49757050803276,-12.39570737484352,-20.90476750282712,-12.338732768481725,2712211,T20,-0.0569746063617966,0.4071969947943543,2712211,6.337236717853068,-121.703064,36.692895,Monterey,0.9974070775630398,12.160759849465666,-20.419087722706298,-11.937009100428837,0.40172366805288817
0.0171488790956121,0.0,1.0,0.0,-20.16532468036697,-8.312862468845953,-18.707687081435683,-10.789182089812002,2712207,T20,2.4763196209660485,-1.4576375989312886,2712207,0.8130196118724586,-121.673662,36.848585,Monterey,1.4787513498534974,100.195983445971,-17.691332208676407,-9.568807117015975,1.2203749727960265
0.9287833827893176,0.612233887350462,0.9293559344428356,0.0,-23.0846338139918,-13.9123129304734,-24.30423703357518,-15.062350403600586,2712197,T20,1.1500374731271847,1.21960321958338,2712197,28.121334308618483,-121.769787,36.84151,Monterey,1.4000977853057337,46.06031350387043,-22.59596613837313,-13.686649841987972,1.3757005616126143
0.832707097986262,0.2395350202547995,0.2494275817530675,0.0,-21.88507881602747,-14.575442332252887,-23.031677195940524,-14.082321520825255,2712088,T20,-0.4931208114276337,1.1465983799130548,2712088,2.639627489061376,-121.7805,36.841329,Monterey,2.280300839211214,27.559197737257573,-20.977796729135573,-12.768760455074908,1.3135610657503474
0.3608460374723611,0.0012364715466077,1.0,0.0,-21.39718542208137,-12.01439824676062,-21.541348780570363,-12.13543942192999,2712084,T20,0.1210411751693705,0.1441633584889885,2712084,16.008254195976274,-121.731424,36.703466,Monterey,0.9267566598176287,8.405319748191069,-20.867665671976727,-11.560642008655211,0.5747974132747782
0.9519452460652204,0.0,0.3595666632232994,0.0,-23.36036771399341,-9.365121927770604,-23.990149633536863,-10.09840884098105,2712068,T20,0.7332869132104456,0.6297819195434542,2712068,35.166599501722125,-121.70715,36.905541,Monterey,0.542240302488299,14.248052823367507,-23.59275822602876,-9.468620135745573,0.6297887052354767
0.5725863561255802,0.3383429066016209,0.6113777637894406,0.0,-19.97777903496973,-13.503733364312165,-21.68078967154282,-14.319894588527976,2712051,T20,0.8161612242158114,1.7030106365730866,2712051,0.9830837118871244,-121.71621,36.876697,Monterey,1.4728838718087303,58.58532710611535,-19.902726980283653,-12.480820876192755,1.839073712335221
0.9560242057488654,0.7364357034795763,1.0,0.0,-24.01839256690864,-15.570028186143777,-24.61786885694401,-15.62535235662357,2712044,T20,0.0553241704797944,0.5994762900353763,2712044,12.786673307798504,-121.791339,36.831533,Monterey,1.905769334750507,14.155828006706864,-24.145678927297705,-15.365455027907684,0.2598973287158852
0.8817593427512276,0.2162588918945998,1.0,0.0,-22.0894927500018,-12.373349991752574,-23.66041960611669,-13.850860575027909,2712035,T20,1.4775105832753344,1.5709268561148946,2712035,19.328029514458414,-121.764138,36.843493,Monterey,0.8573938394735537,47.08157657057262,-21.61171593559575,-11.822554266070028,2.0283063089578803
0.620424408139368,0.0635304229755906,1.0,0.0,-22.623421229629603,-13.212762973728978,-22.46185525449273,-13.221796080508971,2712028,T20,0.0090331067799933,-0.1615659751368738,2712028,12.452429311744352,-121.684917,36.675343,Monterey,1.7300918280810835,11.343180473774174,-22.23518091181985,-13.179248495569228,0.04254758493974364
0.4098929039217198,0.4251483165112875,1.0,0.0,-21.324066740475303,-13.140190018714666,-21.711091405075887,-14.631161200497075,2712009,T20,1.4909711817824114,0.387024664600581,2712009,1.0068047342679542,-121.666504,36.76945,Monterey,0.07797283379138234,18.120504632552024,-21.51100296449947,-13.130192723038496,1.5009684774585796
0.7405224733925588,0.0798663031049344,0.0,0.0,-21.34184427386461,-12.384686046983443,-22.61929552248573,-13.619066403961028,2711997,T20,1.2343803569775833,1.2774512486211265,2711997,1.765202133910241,-121.711197,36.863031,Monterey,0.29032946318688896,19.642476694870563,-21.030121751522817,-12.661321831129026,0.9577445728320022
0.5378200438917338,0.0671543525969275,1.0,0.0,-20.315008147544336,-11.124511018801604,-21.564565469911575,-12.551576164909305,2711935,T20,1.4270651461077009,1.2495573223672416,2711935,2.6524994691645083,-121.773854,36.836907,Monterey,1.9887424974546304,17.83342777503348,-19.72809957391762,-11.716472957693297,0.8351032072160081
0.3478934866858357,0.0352960786765012,1.0,0.0,-20.7377632552438,-11.488042926811683,-21.054253201701457,-11.814399753484713,2711856,T20,0.3263568266730257,0.3164899464576542,2711856,9.30085710484508,-121.738495,36.789413,Monterey,0.08724629540855021,15.85059524507638,-20.321300031663306,-11.72609976116233,0.0882999923223835
0.6201735752397977,0.0263613042519356,1.0,0.0,-22.30786771596029,-12.534983030717722,-22.49973129457478,-12.891099471481864,2725626,T20,0.3561164407641417,0.1918635786144875,2725626,20.03978048694164,-121.749513,36.715662,Monterey,0.5437889405796509,7.209513095824022,-21.84301493852064,-12.291141569361557,0.5999579021203072
0.5907446276861569,0.0,1.0,0.0,-22.09159764595491,-8.42621924341661,-22.472056027111574,-8.853823157161806,2716618,T20,0.4276039137451963,0.3804583811566644,2716618,15.527534632735414,-121.707378,36.693678,Monterey,1.046959761487021,11.442820892119515,-21.26864016999224,-8.504465514341367,0.34935764282043813
0.7759815361472162,0.1768748486675012,1.0,0.0,-22.677346545204117,-12.682429926417356,-23.04566460938717,-13.445754503739254,2711817,T20,0.7633245773218977,0.368318064183061,2711817,15.04733424958454,-121.67743,36.746014,Monterey,1.601036724753965,26.579729397850897,-21.56465350538374,-12.19085801189388,1.2548964918453738
0.0,0.0,1.0,0.0,-17.9560450219386,-13.09092163933174,-17.41074058549894,-12.242555238720836,2711771,T20,-0.8483664006109048,-0.5453044364396611,2711771,0.6094358487819813,-121.649841,36.856177,Monterey,0.1388655217318048,35.748787901180016,-17.418684257374444,-13.34559853669917,-1.1030432979783331
0.0895487983322977,0.0,0.0051113471907634,0.0,-19.204600238432185,-6.744312155646072,-19.924151785886306,-8.019083339733616,2711735,T20,1.2747711840875438,0.7195515474541203,2711735,7.715813104233132,-121.723144,36.869235,Monterey,0.517018270866457,20.21595658449099,-17.990959628695084,-6.63400161952136,1.3850817202122556
0.9214298433048432,0.6447683815472276,0.0270449813719044,0.0,-23.5160362850012,-14.495776301277877,-24.14622713222276,-15.381818279276498,2725629,T20,0.8860419779986213,0.6301908472215665,2725629,22.639155330123828,-121.670854,36.73982,Monterey,1.4155818602414325,29.92256679918038,-22.726402328907216,-13.838352110073334,1.543466169203164
0.0650477016478751,0.0203280158258378,1.0,0.0,-17.081494319358416,-9.56673904674033,-20.234940884956515,-12.336976920969551,2722365,T20,2.770237874229222,3.1534465655980988,2722365,7.946419300497416,-121.765113,36.83357,Monterey,1.6207267834957837,36.77798362216773,-17.036732412047137,-8.906203490797742,3.4307734301718096
0.9706163498898336,0.8336051424038051,1.0,0.0,-23.994306036316445,-14.916867327442526,-25.127419955771487,-16.045283927054562,2725631,T20,1.128416599612036,1.1331139194550417,2725631,43.90095419225089,-121.776393,36.700673,Monterey,1.9590661126008662,26.168399921084475,-23.925124810007297,-15.07184289356853,0.9734410334860328
0.0,0.0,1.0,0.0,-16.82397249558211,-10.453123316046478,-17.634339166581668,-9.894603408321336,2724019,T20,-0.5585199077251417,0.8103666709995565,2724019,1.8220556645071588,-121.678095,36.853825,Monterey,0.7849243993555526,68.52054570187607,-16.950726869435403,-10.23954317793652,-0.34493976961518413
0.6562404754647972,0.2394595143756984,0.0,0.0,-21.39209823388973,-12.791386320119836,-22.32941929701766,-13.773656842287624,2711685,T20,0.982270522167786,0.937321063127932,2711685,6.096253372339048,-121.726426,36.818383,Monterey,1.6234851376007722,44.67280589687646,-20.40326273305729,-12.550122935306725,1.223533906980899
0.1222650171514052,0.0008339279726953,1.0,0.5998005450622006,-24.57810906946784,-17.09910936628673,-20.622779845756263,-11.298559860768496,2725632,T20,-5.800549505518234,-3.9553292237115727,2725632,18.05113017483404,-121.744467,36.717302,Monterey,1.0089995451061757,5.513269415089649,-20.924547298801254,-11.913200851385367,-0.6146409906168717
0.4043736100815417,0.1575240919199406,0.271888641792274,0.0,-20.05598208958802,-11.660290961991793,-21.749893852780268,-13.812135761385049,2711678,T20,2.1518447993932543,1.6939117631922471,2711678,1.88336439478075,-121.741007,36.844757,Monterey,0.5502051387389073,40.166500065159966,-19.553247471516165,-11.50619110086036,2.3059446605246894
0.9432322489231711,0.5009086932012334,0.4879693373177987,0.0,-23.27611905446256,-14.371422535958969,-24.098108248096253,-15.024446953005098,2722366,T20,0.6530244170461312,0.8219891936336907,2722366,35.60927960312849,-121.667615,36.734554,Monterey,0.8302937686789429,30.9859475541518,-22.64471750827605,-13.43362109206571,1.590825860939388
0.9940725585257008,0.9333155421133006,1.0,0.0,-24.73855288272976,-16.112446550624234,-25.43043613505416,-17.037843760592313,2725633,T20,0.9253972099680788,0.6918832523244056,2725633,26.163773284060102,-121.778005,36.695836,Monterey,2.0032689335117206,28.643720219124646,-24.394174613225807,-16.242782671944102,0.795061088648211
0.5879644470348243,0.3228908640536208,0.5703628150954392,0.0,-21.23406276151604,-13.499110410955394,-21.77082581228836,-13.940346315173125,2711635,T20,0.4412359042177289,0.5367630507723256,2711635,2.657063374349028,-121.715506,36.784813,Monterey,1.3048584302144552,20.883512649052552,-21.73983981228045,-14.58322717059593,-0.6428808554228045
0.7888691533451746,0.0641010459838168,0.0,0.0,-19.32568385754769,-11.143105506562986,-22.8662497624628,-13.623709409197536,2711632,T20,2.4806039026345506,3.540565904915102,2711632,1.9599238895909277,-121.738361,36.845261,Monterey,0.7691807531357447,51.113978950375504,-19.875867915911492,-10.866401799123004,2.757307610074532
0.4937114272287293,0.0742512622803676,1.0,0.0017038279334237,-21.692871391981537,-12.926297967814776,-21.98751928954049,-13.426033688827143,2725634,T20,0.4997357210123674,0.2946478975589528,2725634,34.86869942160124,-121.681149,36.634755,Monterey,0.3893025336588253,13.729228001897834,-21.44253122999187,-12.431190469901418,0.994843218925725
0.6963618905366481,0.0010242184999466,1.0,0.0,-19.785463501576864,-10.044027275361731,-22.56280907534429,-13.219713519853466,2717367,T20,3.1756862444917324,2.777345573767427,2717367,3.630475800127893,-121.705849,36.644614,Monterey,0.33611925634649825,10.940708650902167,-18.822717920137084,-10.320862691626887,2.8988508282265784
0.7546087420559837,0.2809149565807984,0.0,0.0,-21.203139287185454,-12.590187997004476,-22.912914223121557,-13.819093373478498,2711589,T20,1.2289053764740228,1.709774935936096,2711589,6.381021513661621,-121.707593,36.772949,Monterey,1.4152732116844884,29.492901623523743,-21.145915625910348,-12.0821127821101,1.7369805913683987
0.4237041329559216,0.0,0.3132666176328555,0.2275094538673561,-23.70880550181213,-14.385772946932752,-21.75938427006778,-12.219949672614094,2722373,T20,-2.165823274318658,-1.9494212317443456,2722373,10.422754812499472,-121.787107,36.871071,Monterey,0.8792668783311463,3.776723961324575,-19.449464338666463,-9.60553229755916,2.614417375054934
0.7768605401881693,0.4277377661608279,1.0,0.0,-22.586774045402212,-14.362436869339476,-22.96169213802079,-14.86967641781474,2711518,T20,0.5072395484752636,0.3749180926185751,2711518,12.376548256879415,-121.753176,36.700933,Monterey,0.2858827862448063,7.730658633910839,-22.16950839019892,-14.5097149372708,0.35996148054393906
0.4407278614928888,0.0,1.0,0.0,-22.012532533024384,-9.909672931714734,-21.821291330233667,-10.251193721043888,2711515,T20,0.3415207893291523,-0.1912412027907173,2711515,16.869856433635086,-121.75434,36.745768,Monterey,0.885938532497879,4.440694906829315,-21.370255749501165,-10.052822149438768,0.19837157160512042
0.4869366508511724,0.0539843837561176,1.0,0.0,-20.40841803426681,-12.169218164708534,-21.880923154813686,-13.051294713253196,2711508,T20,0.8820765485446636,1.4725051205468809,2711508,24.91191956753202,-121.681789,36.744148,Monterey,1.7165662739545533,23.67937097371176,-20.526168241958164,-11.995686556476311,1.0556081567768842
0.0604029555456857,0.0,1.0,0.0,-19.19354457592326,-7.516152675377631,-19.676626868619103,-8.788284720940363,2711439,T20,1.2721320455627314,0.483082292695844,2711439,1.921739527284276,-121.661088,36.855422,Monterey,0.5553891992657173,66.24504294930486,-17.760381823726767,-6.845832493240425,1.9424522276999374
0.7418426103646829,0.1680559363860706,0.0,0.0,-21.215626038990933,-12.8705992064839,-22.865924303433253,-13.90888792708269,2717370,T20,1.038288720598791,1.65029826444232,2717370,2.827205779821485,-121.683267,36.849794,Monterey,0.911553842984203,70.63197980691938,-21.800179058173825,-13.07302543041586,0.8358624966668291
0.6246881823770927,0.1033220501876205,0.0,0.0,-21.7541784153772,-12.44092585979329,-22.406497703203225,-13.147600498043786,2711428,T20,0.7066746382504956,0.6523192878260247,2711428,10.960907937028606,-121.709757,36.77319,Monterey,1.4206891918011093,28.1297021444543,-21.288477655246275,-12.387857705828072,0.7597427922157145
0.5330382422139809,0.2888503409498744,0.0,0.0,-21.115894912926745,-13.131408706307557,-22.106501582283517,-14.21380681871756,2711415,T20,1.0823981124100044,0.9906066693567688,2711415,3.877177071235118,-121.734842,36.847143,Monterey,1.1445523964168522,79.82932743009076,-20.26148086302161,-12.785341066388328,1.428465752329231
0.1371915930551324,0.0,1.0,0.0,-19.467729988767854,-10.763969999863413,-20.59713693527963,-11.55890846485514,2711357,T20,0.7949384649917288,1.129406946511775,2711357,25.44485523830774,-121.776343,36.743618,Monterey,1.218836474856904,4.104100730891929,-19.81171247920448,-10.899975941766968,0.658932523088172
0.4421396550414102,0.1072486893093229,0.0,0.0,-19.40770132000723,-12.079287901734688,-21.807683590310948,-13.62146583303331,2711346,T20,1.5421779312986228,2.399982270303717,2711346,2.04188399784352,-121.733987,36.847826,Monterey,1.2514304004889647,86.4829925694787,-20.872248330810823,-12.793369194597169,0.8280966384361417
0.6965206689067748,0.3642552942095802,0.0,0.0,-21.64239888838293,-12.738860731298868,-22.86089162589765,-13.771405511194368,2722377,T20,1.032544779895499,1.218492737514719,2722377,7.922980132111333,-121.707892,36.877882,Monterey,1.9410183704016475,87.05612700933995,-21.666685302477017,-12.796006703683569,0.9753988075107998
0.023845146811296,0.0,1.0,0.0,-18.686327772347603,-9.93848631906279,-19.34331194960828,-11.368092490903516,2711325,T20,1.4296061718407262,0.656984177260675,2711325,0.8229619940585153,-121.708906,36.861866,Monterey,0.160841006229864,7.576595583786048,-19.63407360366364,-10.241680829899105,1.1264116610044113
0.4600339534554714,0.0810285067553228,0.5827261795288958,0.0,-20.24891699062516,-12.035667173626996,-21.98160580836727,-13.91358650167884,2711313,T20,1.877919328051842,1.7326888177421118,2711313,2.197143631597433,-121.741747,36.844497,Monterey,0.48069719307913483,39.45909552558304,-19.63062500105585,-12.400214193553396,1.5133723081254438
0.7250182840485291,0.2401616258020343,0.3405708772712419,0.0,-22.428705780886684,-13.768414895528338,-22.908156400769204,-14.18927499976404,2722378,T20,0.4208601042357021,0.4794506198825203,2722378,14.932608840824882,-121.766682,36.868401,Monterey,1.7021302912611211,48.62980941940333,-21.72266075302828,-12.726657383512345,1.4626176162516948
0.9661741720487186,0.8843374915214249,1.0,0.0,-25.367885333843407,-15.022890223897104,-25.65429756881483,-16.33646047478448,2711307,T20,1.313570250887377,0.2864122349714222,2711307,5.263433733625414,-121.790428,36.824949,Monterey,1.3741634884813057,10.010660320920296,-23.32792788161631,-14.557955678958882,1.778504795825599
0.3661474544193456,0.013331753273686,0.0,0.0,-20.21082561676818,-12.382371646974732,-21.51010458311198,-12.655423799847874,2722379,T20,0.2730521528731415,1.299278966343799,2722379,22.200284529200736,-121.659098,36.912608,Monterey,0.2195697586146299,21.715403180421717,-20.17359716206124,-12.002305479567507,0.6531183202803668
0.0080963892406277,0.0,0.1397490503050535,0.0,-18.28248678545259,-7.182230339625487,-20.09915932606821,-8.225375865922928,2717371,T20,1.0431455262974412,1.8166725406156203,2717371,2.017837326612885,-121.703976,36.865775,Monterey,0.5953432373146234,52.621722327240754,-19.403186186263422,-6.643779423810913,1.5815964421120148
0.4847995456723518,0.0696044154968321,0.923066001739223,0.0,-22.16099511085818,-12.104389784048577,-21.584358624218197,-12.668941837702173,2711280,T20,0.564552053653598,-0.5766364866399876,2711280,4.369738833262457,-121.706241,36.76668,Monterey,0.7892896621941786,21.16943268306525,-22.470734576452507,-11.587403630242385,1.0815382074597881
0.4048818341174108,0.0404279053010094,0.5596095086987549,0.0,-20.679788687163956,-10.62148164423615,-21.613797698380868,-10.813219348782525,2711279,T20,0.1917377045463748,0.934009011216915,2711279,11.18211232115896,-121.708618,36.767498,Monterey,0.8030262955825421,17.04571979481355,-20.266219467695933,-9.911996445626292,0.9012229031562331
0.5163814988958825,0.0,0.0,0.0,-21.165769754603467,-9.91121864862958,-22.17674404120401,-11.082862967509442,2711266,T20,1.1716443188798618,1.0109742866005431,2711266,5.142042571055012,-121.782882,36.842099,Monterey,2.458237391418714,23.544743520854766,-20.20233103794712,-9.80563691663055,1.277226050878891
0.7617957332077976,0.2361286457107397,1.0,0.0,-22.2437363310463,-13.81844474596392,-23.039612514881945,-14.196855819749532,2711257,T20,0.3784110737856121,0.7958761838356452,2711257,10.873635983133992,-121.753196,36.694205,Monterey,0.0991847954419452,5.247797396522468,-22.18851590863948,-13.84183538566501,0.3550204340845209
0.6143935100957377,0.0,1.0,0.0,-19.937703622600683,-9.49877681370217,-22.39549646404151,-10.691601026196224,2711249,T20,1.1928242124940542,2.457792841440828,2711249,2.5840113023004454,-121.660229,36.85378,Monterey,0.7378982179815817,73.45394203149401,-20.27512386848772,-9.705983111567097,0.9856179146291275
0.3065511265164644,0.4672443674176775,0.9111265164644714,0.0,-20.3598524065234,-14.054487011272109,-20.38536418210525,-14.874652210695574,2711220,T20,0.8201651994234673,0.025511775581851,2711220,1.1119111141920877,-121.697491,36.814204,Monterey,3.1369369169792725,75.84376536351144,-20.312865562528696,-14.8519434716541,0.022708739041474857
0.6316512549537648,0.4281638044914135,0.0,0.0,-22.435680296223552,-12.9982597262789,-22.14332683276593,-14.30925152295603,2711217,T20,1.310991796677131,-0.2923534634576228,2711217,2.926813566998513,-121.712158,36.862992,Monterey,0.2859957675538195,17.13077816909024,-21.446964526740924,-12.737809710741756,1.5714418122142746
0.2462226005533092,0.0,1.0,0.0,-18.216721511339493,-7.786611070111044,-20.68969974555455,-8.9010178605914,2711170,T20,1.1144067904803563,2.472978234215056,2711170,1.090110721423271,-121.661561,36.855839,Monterey,0.5090385998461577,59.30597135981254,-19.798801994383545,-7.4922225720998625,1.4087952884915378
0.6946295725668004,0.4316547079279834,1.0,0.0,-21.16672240078569,-13.49216461479871,-22.770118432732147,-14.679228362873094,2711157,T20,1.187063748074383,1.6033960319464526,2711157,17.602956581433006,-121.683819,36.7403,Monterey,1.469023538541464,22.91398896493033,-21.16747907373532,-12.339799272174329,2.339429090698765
0.7032621507191261,0.2222756358897115,0.866184519294797,0.0,-22.90508833376625,-13.36541856243248,-23.02497005882376,-13.54435569206935,2711142,T20,0.1789371296368713,0.1198817250575068,2711142,21.715202163085344,-121.76318,36.862511,Monterey,1.2061258068186718,47.91414531856955,-22.594006917734355,-12.935874586490645,0.608481105578706
0.0003740129034451,0.0,0.2062171144904499,0.0,-17.622492557910064,-9.416290935523538,-18.55899251691929,-10.000337271521277,2711125,T20,0.5840463359977388,0.9364999590092252,2711125,9.115429530410072,-121.713146,36.770828,Monterey,1.1569350209980023,24.577203600558832,-17.661121350179215,-9.33512034748613,0.6652169240351462
0.6995146237048677,0.2099846040499426,0.0025113266707298,0.0,-21.53709774727744,-12.8631893837869,-22.85368952619022,-13.746743743491455,2724023,T20,0.8835543597045561,1.3165917789127803,2724023,31.63939497191216,-121.707656,36.783642,Monterey,1.9108614287201977,40.72306495642825,-21.197837403273564,-12.806657478080435,0.9400862654110202
0.4984548222183927,0.0,0.9619813506423882,0.0,-21.41198552628369,-8.04643911499938,-21.859736725473965,-8.454860753732541,2711008,T20,0.4084216387331612,0.4477511991902752,2711008,20.216153418578447,-121.774311,36.82949,Monterey,1.219166398912481,4.80094578495674,-21.200165706395538,-8.562197715109036,-0.10733696137649495
0.1560889833973992,0.0,1.0,0.0,-19.62132588563866,-8.471434429008404,-20.71178221082028,-9.399819582719102,2711004,T20,0.928385153710698,1.0904563251816164,2711004,1.8911157919369737,-121.660596,36.854396,Monterey,0.6694295462976979,71.41123054637303,-19.117547151164096,-7.0996169281150285,2.3002026546040737
0.570643521133994,0.0174618663653638,0.0,0.0,-22.767784544073468,-12.764223851766468,-22.033800565703704,-13.189699596793307,2710952,T20,0.4254757450268389,-0.7339839783697641,2710952,4.526566665606102,-121.711179,36.769717,Monterey,1.0334521230751557,34.36539509206908,-22.06621569856686,-12.657116826042792,0.5325827707505155
0.076680198466396,0.0,1.0,0.0,-18.09695213158569,-5.2593705815331,-19.378563206165065,-6.359149656221245,2710874,T20,1.0997790746881453,1.28161107457937,2710874,2.058315704718784,-121.718559,36.805091,Monterey,1.3849618400588752,79.28947835706299,-18.054796710172976,-5.08711516675227,1.2720344894689752
0.4632874256376824,0.3221008882731643,0.0,0.0,-21.189384710599075,-13.186321105760548,-21.765811414415623,-14.172189249760876,2710871,T20,0.9858681440003264,0.5764267038165478,2710871,1.901714328605502,-121.661614,36.858939,Monterey,0.16447532539124504,41.24023468680355,-19.98794309879117,-13.624662736354455,0.5475265134064209
0.7487617245188444,0.2453230602330452,1.0,0.0,-22.93612574308682,-13.356728050820871,-22.942238798357263,-13.781398074630786,2716684,T20,0.4246700238099148,0.0061130552704469,2716684,19.571029208234854,-121.782435,36.835137,Monterey,1.8829385249886692,7.738235915788365,-21.6443276074704,-12.401114845713256,1.3802832289175306
0.5725803303010191,0.2947526646624761,0.0686370202631476,0.0,-21.210807088089645,-12.318057510982902,-22.00632371210083,-13.55126567777303,2710817,T20,1.2332081667901278,0.7955166240111851,2710817,3.954807793615979,-121.673082,36.867382,Monterey,0.08354811138751257,21.68957657542776,-20.2772822958763,-11.979224777433302,1.5720409003397275
0.0854200029116319,0.0,1.0,0.0,-19.512386846964876,-8.161813821232723,-20.382859388286448,-8.753913597003589,2716688,T20,0.5920997757708655,0.8704725413215755,2716688,10.653481193647396,-121.752924,36.750613,Monterey,0.45050726334394164,4.386788118956373,-19.568244100973786,-8.10840025181811,0.6455133451854778
0.7287749079290747,0.1142289212458232,1.0,0.0,-22.0254626882726,-13.335438711562707,-22.86221411501563,-13.19273317153448,2710778,T20,-0.1427055400282277,0.836751426743028,2710778,12.698248647252012,-121.675091,36.749982,Monterey,1.1735190705445429,28.99120502273515,-20.798066683185777,-12.657223156150057,0.535510015384423
0.2014600916044734,0.0,1.0,0.0,-20.809300827531946,-3.313753247954924,-20.68586033404392,-3.708025548526952,2710777,T20,0.3942723005720276,-0.1234404934880295,2710777,3.3306001488517354,-121.708682,36.764335,Monterey,0.46197724917189237,0.7033984289897575,-21.04297368570866,-3.6127832819570114,0.09524226656994061
0.0124005615348619,0.0020573475545802,0.722968066738741,0.0,-18.03737120203125,-7.603790296618424,-18.412859423840292,-7.903194052740404,2725641,T20,0.29940375612198,0.3754882218090465,2725641,9.612064079184949,-121.714518,36.764463,Monterey,0.44949124764019033,14.426960433652615,-18.131127867872628,-7.817997959105797,0.08519609363460745
0.7103306089389589,0.4482733230248141,0.0,0.0,-21.42785242429846,-12.67606710440721,-22.58736289128631,-14.527621251781422,2710745,T20,1.8515541473742123,1.1595104669878502,2710745,1.0516886647587858,-121.718972,36.815972,Monterey,2.3384161211623167,32.39854380340273,-21.025955774751395,-12.833899167220064,1.693722084561358
0.0115327212699561,0.0,1.0,0.0,-18.66435507960899,-10.514751686976728,-19.761756887107765,-10.522404365275664,2710727,T20,0.0076526782989354,1.0974018074987768,2710727,1.711032040439928,-121.703115,36.863502,Monterey,0.34270566518754964,23.022579390656194,-18.051531886221817,-9.36259067320723,1.1598136920684343
0.813233834251874,0.1796118166569678,0.3364597952966145,0.0,-20.75157802272232,-13.06414494839509,-23.237610446946245,-14.319332486133764,2710718,T20,1.2551875377386743,2.4860324242239287,2710718,2.261281522764656,-121.78131,36.841281,Monterey,2.3503984252509538,26.599331070224164,-20.63706680140402,-12.643785874586698,1.675546611547066
0.9495289661747852,0.6379687376993255,0.6245856039467126,0.0,-23.947520891800167,-15.003473189461369,-24.36305787289659,-15.422919550487396,2725642,T20,0.4194463610260275,0.4155369810964231,2725642,17.725078748336983,-121.668958,36.742454,Monterey,1.7083380924960962,30.881872074751865,-23.37943555859183,-14.349044597730106,1.07387495275729
0.1966395877070417,0.0264844863540299,0.9758606404864384,0.0,-20.351373333764,-11.141712269022191,-20.91111110261873,-12.123496046755998,2710671,T20,0.9817837777338044,0.5597377688547276,2710671,11.0154350615286,-121.733251,36.790912,Monterey,0.31551361993991467,16.97238334838016,-20.33332191622013,-11.105323086528363,1.0181729602276341
0.7512184064377195,0.0945256715402923,0.0,0.0,-21.67868635360058,-13.067972808391628,-22.994253524651068,-13.675864889908649,2710556,T20,0.6078920815170221,1.315567171050489,2710556,2.0433331165097965,-121.71258,36.876622,Monterey,1.6239915893181225,68.21974169302273,-21.70388322943714,-12.64521498724085,1.0306499026677987
0.0263671874999999,0.0,1.0,0.0,-19.59433118189662,-9.819814381531762,-19.66403305308949,-9.79645910095823,2716709,T20,-0.023355280573531,0.0697018711928691,2716709,10.71836516696555,-121.701598,36.733571,Monterey,0.7210876072365436,14.308433037965244,-18.753231852478077,-8.996169607382512,0.8002894935757183
0.3112817665926474,0.0,0.0,0.0,-21.16016415151164,-10.30182213004072,-20.51624198648767,-11.538242085159396,2710541,T20,1.2364199551186754,-0.6439221650239695,2710541,2.511397992744971,-121.705887,36.874665,Monterey,1.5834553589458933,65.94127734055084,-18.210118306289814,-10.070185272371978,1.4680568127874185
0.1135199912844535,0.0,0.0,0.0,-17.9498869408554,-6.788390823739629,-19.722118394350986,-8.949732564040392,2710474,T20,2.161341740300763,1.7722314534955856,2710474,2.128825027602002,-121.692394,36.856993,Monterey,0.14379394249658575,11.87115911771283,-19.069479941256084,-7.890401644493068,1.0593309195473246
0.6609835661968363,0.4707330584107835,0.0,0.0,-21.91714961677221,-13.74176847659752,-22.210477656514968,-14.81562835850089,2710447,T20,1.073859881903369,0.2933280397427538,2710447,1.2532109934438456,-121.716329,36.878842,Monterey,1.689881422818274,89.92071670745418,-22.425012360762096,-11.898123233549414,2.917505124951475
0.0987849973586899,0.0,0.9322063743616836,0.0,-19.362784222087424,-9.824003302611304,-19.642804962720945,-10.758264305350604,2710380,T20,0.9342610027393016,0.2800207406335211,2710380,2.629401030257703,-121.736646,36.846652,Monterey,0.9850236798462128,71.98450641001781,-18.94290804889075,-9.380174552726086,1.3780897526245184
0.3251245476448735,0.0,0.4644739241867205,0.0,-20.1944660258132,-5.767758642751833,-21.450291263647426,-8.090685435601559,2722398,T20,2.322926792849726,1.2558252378342196,2722398,16.12268072725675,-121.72543,36.908257,Monterey,0.2816673204542156,11.461341717116014,-19.321022210379308,-5.894372252732481,2.196313182869078
0.296112063435308,0.0,0.8701427084100158,0.0178306639043422,-19.0646233973432,-3.200825381248368,-21.270948340804782,-7.145208325827156,2722399,T20,3.944382944578788,2.206324943461585,2722399,14.706905707924028,-121.7279,36.90561,Monterey,0.5344797502647525,10.835195543864085,-19.61392017353264,-3.752904627822727,3.3923036980044285
0.299456788811709,0.0160174252586561,0.0,0.0,-19.31737978523389,-11.620732268106496,-21.108167231678344,-12.51040641649743,2717393,T20,0.8896741483909327,1.7907874464444582,2717393,5.821294684155544,-121.675613,36.888223,Monterey,2.003647448565247,19.519426845125814,-18.93785303208366,-11.064224966587188,1.4461814499102417
0.0707542031301063,0.0092595954827698,0.0,0.0,-19.62191968845404,-11.521887799185864,-19.944630792129143,-12.069454715625382,2710197,T20,0.547566916439516,0.322711103675104,2710197,4.261715624174822,-121.711092,36.864969,Monterey,0.5057373484688623,28.375879113496424,-19.840869049996087,-11.319434020071393,0.7500206955539888
0.1408968736737869,0.0,0.0152496817088697,0.0,-19.41715937873625,-11.5142968667651,-20.31201543258161,-11.7544400661701,2710196,T20,0.2401431994050025,0.8948560538453592,2710196,2.7345459652768813,-121.709937,36.864969,Monterey,0.5057372420208223,32.86796372980659,-19.28172346158986,-10.38937055355339,1.36506951261671
0.0231981981981981,0.0009009009009009,0.0,0.0,-18.733220426196485,-11.492310678231783,-20.38082469065209,-10.793355634380104,2710195,T20,-0.6989550438516812,1.6476042644556088,2710195,0.6868459026286733,-121.712034,36.864185,Monterey,0.4185970479377479,20.206067440316485,-18.21537309699942,-11.0562177626296,-0.2628621282494965
0.0200054068667207,0.0,1.0,0.0,-17.753774076288675,-11.276658409599357,-20.62673385946284,-13.39344839072341,2710144,T20,2.116789981124054,2.872959783174164,2710144,0.2844940145426679,-121.787931,36.853086,Monterey,1.500778050925902,39.125363805997246,-16.764468972900797,-10.215701267508532,3.1777471232148784
0.5068451677154556,0.0343367745001283,0.6470237998277825,0.0,-20.86416755640743,-10.341269704824407,-22.062781218912665,-10.731042643162375,2716721,T20,0.3897729383379662,1.1986136625052346,2716721,137.86475955195763,-121.776141,36.84208,Monterey,1.8864123847881915,39.336462406080216,-20.28071731881884,-9.964177696880066,0.7668649462823094
0.4081428333055231,0.0086582494391605,0.5762649016445112,0.0,-21.65709403792105,-8.019975317129353,-21.683373140326168,-9.31775129048612,2724028,T20,1.2977759733567673,0.0262791024051161,2724028,4.1780900766337385,-121.717063,36.80226,Monterey,1.1809747375741197,66.05672359121769,-20.198894526280323,-8.079001029951701,1.2387502605344185
0.0255324608673338,0.0,0.863176802668719,0.0,-18.082081089654512,-11.4450522020433,-19.435782965868054,-12.53523205355304,2722409,T20,1.09017985150974,1.3537018762135418,2722409,6.040775765229514,-121.698044,36.776638,Monterey,1.7498765099721194,32.32126596067572,-18.49229135609638,-11.572930235162412,0.9623018183906282
0.2741836404784998,0.0045990947300355,0.1916100872938894,0.0,-21.600157299506204,-12.02979898074049,-21.42050649484389,-12.135377920973015,2709934,T20,0.1055789402325277,-0.1796508046623124,2709934,9.599373821295927,-121.712848,36.764964,Monterey,0.5051735774207069,18.484045519849605,-20.97379420322146,-11.793147169238788,0.34223075173422757
0.0055084715251625,0.0,1.0,0.0,-17.650912220699162,-10.543870474788246,-18.63829336195632,-11.083121439324607,2709896,T20,0.539250964536361,0.9873811412571564,2709896,10.77164048572766,-121.703033,36.757654,Monterey,0.15608046182118482,15.835398491406256,-17.19017689925167,-10.583766014955325,0.4993554243692824
0.5717204276666744,0.0569200735477719,1.0,0.0,-21.926542554062305,-11.289997074190822,-22.20101657308393,-11.00774795285346,2724031,T20,-0.2822491213373634,0.2744740190216248,2724031,20.503003065456976,-121.731692,36.740379,Monterey,0.08864103092714949,6.485267271756256,-21.47198215597524,-11.20577133430288,-0.19802338144942055
0.9865413328517884,0.7331532678256045,1.0,0.0,-24.72046682186999,-15.390101084347972,-25.512346600262077,-15.754808524796896,2716727,T20,0.3647074404489245,0.791879778392083,2716727,70.38549377904137,-121.78968,36.714725,Monterey,0.7346084672040776,19.236848920221835,-24.13846443402364,-14.809426045117034,0.9453824796798624
0.2121383131541145,0.0637761645803406,1.0,0.0,-21.073216388394947,-13.095827780018546,-21.023116427607928,-13.201744448377235,2717405,T20,0.1059166683586898,-0.0500999607870191,2717405,12.119185054859525,-121.742783,36.69445,Monterey,0.8299540708248484,8.156259442834962,-20.62309418251273,-12.917235566316352,0.28450888206088365
0.3935448656000577,0.1412571435389003,1.0,0.0,-20.802047403020467,-13.102832270477398,-21.652345573736508,-13.624238321840531,2722429,T20,0.5214060513631331,0.8502981707160409,2722429,25.995723880290065,-121.7453,36.688447,Monterey,0.6827816624052696,8.314693952907552,-20.36261263866035,-12.80593986072327,0.8182984611172603
0.4478877601433477,0.0776810710765578,1.0,0.0,-21.94395258561583,-12.91833979607303,-21.94859040746474,-13.165495702839722,2725644,T20,0.247155906766693,0.0046378218489095,2725644,31.56257191973589,-121.725941,36.65785,Monterey,0.6791149983447824,10.896452530210684,-20.785478562923583,-12.185122026780036,0.9803736760596866
0.5796600654315972,0.1595814700814992,1.0,0.0,-23.255867347596936,-14.08124381484469,-22.426263585523525,-13.838623526634516,2725645,T20,-0.2426202882101744,-0.8296037620734111,2725645,24.049434339294702,-121.723783,36.65635,Monterey,0.6333183616723326,11.405177568431036,-21.572312187087547,-12.858908336721404,0.9797151899131116
0.3871464306330573,0.0350476923499821,1.0,0.0,-23.044914482748936,-13.3513096734904,-21.50094823072504,-11.57169541738753,2722433,T20,-1.7796142561028692,-1.543966252023896,2722433,5.650025344744787,-121.705188,36.646167,Monterey,0.2770948127846988,10.587451570033167,-20.6236853236961,-10.318551772740769,1.2531436446467623
0.5647857579884343,0.0,0.5203633528726787,0.5203633528726787,-19.770032273871607,-3.240155801846893,-22.254482195602225,-7.15907298586707,2716751,T20,3.918917184020176,2.484449921730618,2716751,31.365778870105363,-121.762718,36.886405,Monterey,0.3503803640518798,6.778066155813652,-20.61541613524227,-4.261649721393148,2.8974232644739217
0.517155874432811,0.0028828728615989,1.0,0.0,-21.627189918504587,-11.881200398648952,-22.11611634943338,-11.79688700188562,2717419,T20,-0.0843133967633331,0.4889264309287924,2717419,16.72623353452814,-121.758942,36.743643,Monterey,1.3538224864428539,5.117315176574159,-20.851813721217585,-11.408013337307006,0.3888736645786146
0.2874624302275654,0.0179857831210343,0.0,0.0,-20.823580159653392,-10.934926192686596,-21.16990814075789,-11.65170702747032,2715561,T20,0.7167808347837266,0.3463279811044977,2715561,3.251090437067629,-121.673066,36.889848,Monterey,1.823016413194298,19.455494701643367,-20.401826561826034,-10.849948996232104,0.8017580312382151
0.8300647382326866,0.1298670631060391,1.0,0.0,-22.79514728208775,-13.511078077649106,-23.246675350467346,-13.88891523355366,2725649,T20,0.3778371559045546,0.4515280683795915,2725649,52.22916001403509,-121.687364,36.669913,Monterey,1.6125537621623844,10.522212495375769,-22.858838873931383,-13.776848132864734,0.11206710068892711
0.8674639521986477,0.1927528713012988,0.0,0.0,-22.391897007883443,-12.84984553838276,-23.477077899105144,-13.99771238736704,2716834,T20,1.1478668489842807,1.0851808912217005,2716834,8.650024999720848,-121.711118,36.87842,Monterey,1.8624102459838627,93.82353497476221,-21.418969444358773,-12.68277384786547,1.3149385395015702
0.9225143605626884,0.7985291509189395,1.0,0.0,-25.61397175802093,-16.11422547219884,-25.498545064425283,-16.74056542907159,2716851,T20,0.6263399568727515,-0.1154266935956478,2716851,5.696582023049518,-121.792679,36.713322,Monterey,0.46709146233059484,17.963067076713063,-24.100141567237383,-14.7161076691232,2.0244577599483904
0.9827014639649588,0.7750900071551431,1.0,0.0,-24.0858690883749,-15.140523559404528,-25.26344894153577,-16.085508960925534,2716852,T20,0.9449854015210056,1.177579853160875,2716852,61.48503983946724,-121.791384,36.707249,Monterey,0.5826604875110759,14.445783422698474,-23.786831879989567,-14.871780749956386,1.2137282109691476
0.3145701498288305,0.0,1.0,0.0,-19.936030123179435,-9.36093070759908,-21.079186934933396,-10.216946134354735,2722459,T20,0.8560154267556577,1.1431568117539577,2722459,20.91244610727785,-121.763604,36.831929,Monterey,1.6670369497622846,35.86210853370822,-19.494686245873478,-9.204460944020523,1.0124851903342122
0.542929352513836,0.1295313151333537,1.0,0.0260730044123545,-20.99654885490169,-12.170617930822988,-22.11211274708664,-13.594446245728646,2724038,T20,1.4238283149056592,1.115563892184955,2724038,29.610131730592567,-121.677283,36.639841,Monterey,0.9545658228431202,14.142993721129974,-21.15372736612432,-12.748253345995703,0.8461928997329426
0.7208553073161379,0.2946207690094928,0.0,0.0,-21.86632012486316,-13.822032159132489,-23.0854896682756,-14.10461436232034,2701237,T20,0.2825822031878537,1.219169543412434,2701237,4.029437680099382,-121.706672,36.869978,Monterey,1.062492736598347,69.69487521549878,-20.59265197170289,-12.715526435377116,1.3890879269432244
0.0564364007137394,0.0,0.0,0.0,-17.055612895782946,-9.288118679287034,-19.314924696909475,-10.52851174904933,2701238,T20,1.240393069762295,2.259311801126529,2701238,1.5171427263034514,-121.712401,36.850114,Monterey,1.1453852956190467,103.7000056161523,-16.495087042583112,-8.600779570147806,1.9277321789015236
0.2395298434863989,0.0,1.0,0.0,-20.22965351782121,-7.303661061607606,-21.077272005118616,-7.606279218410261,2701322,T20,0.3026181568026551,0.8476184872974031,2701322,12.596537504841695,-121.736586,36.683444,Monterey,0.94092896019985,9.184073888354341,-19.761160205924067,-7.396676282190652,0.2096029362196088
0.026784993949173,0.0,0.0,0.0,-19.638538001039045,-10.737651074714517,-20.22106092775686,-12.593100146998683,2701363,T20,1.855449072284168,0.5825229267178145,2701363,0.962427850517218,-121.721421,36.866519,Monterey,0.2530465411266568,12.963647708146503,-17.723502887523733,-11.300632931746444,1.2924672152522394
0.6303441084462981,0.3574407865335914,0.0,0.0,-21.708511835373805,-13.646995731394222,-22.74621927281116,-14.19050477300508,2701386,T20,0.543509041610859,1.0377074374373514,2701386,1.0430166346941248,-121.718616,36.816151,Monterey,2.36196177951187,29.63082128556318,-22.23879140417368,-13.877490258789262,0.3130145142158174
0.8982505088790622,0.452375938794132,1.0,0.0,-23.596747420203936,-14.403307672691431,-23.391579817860745,-14.785857875349848,2701410,T20,0.3825502026584164,-0.2051676023431916,2701410,8.8333524820074,-121.754785,36.695315,Monterey,0.2409661565127978,7.782980661400745,-22.07469531016251,-13.636623117751483,1.1492347575983644
0.3766697065608065,0.0738694276058151,1.0,0.0,-22.16971592799113,-12.932099024226057,-21.379924413662792,-13.067930165291692,2725653,T20,0.1358311410656369,-0.7897915143283427,2725653,14.44543214451881,-121.704242,36.738362,Monterey,1.253574998034126,10.013963314071502,-21.83590325956892,-12.782542088256932,0.2853880770347601
0.2687810945273631,0.3347014925373134,0.0,0.0,-19.066247408180768,-13.311099036641943,-21.56235227748253,-14.4040343508438,2701444,T20,1.0929353142018563,2.49610486930176,2701444,0.620234636702974,-121.720768,36.815876,Monterey,2.191820879527076,36.896764607216,-21.89033288486497,-14.033998797131945,0.3700355537118547
0.9097859327217126,0.0,0.6660550458715596,0.0,-20.921452222859525,-10.064300452368098,-23.431745039022967,-10.90778075013285,2724039,T20,0.8434802977647529,2.5102928161634424,2724039,0.7587704939773615,-121.780294,36.840307,Monterey,2.3022065518939407,25.190711785140508,-21.57378941401433,-8.325926398183494,2.5818543519493566
0.707594874564289,0.0268361235210368,1.0,0.0,-22.62049101353033,-12.808250430703412,-22.555966941637816,-12.998831334874948,2701609,T20,0.1905809041715365,-0.0645240718925137,2701609,12.646125859389564,-121.669337,36.748661,Monterey,1.4780699092117326,31.462943850704132,-21.483857293691955,-12.397285024327076,0.6015463105478727
0.6838987103556834,0.2860073301206778,1.0,0.0,-21.713868252702905,-13.326513835788734,-22.817224079585547,-14.209500416885833,2701670,T20,0.8829865810970965,1.1033558268826449,2701670,80.044900558171,-121.768823,36.778349,Monterey,0.7054076913847149,3.9257746458971843,-21.2760010523498,-12.898343289368045,1.311157127517788
0.219762339135151,0.0125733445096395,0.7830481731670037,0.0,-18.36742693852894,-11.329955158695295,-20.87703558598571,-12.8366721604845,2724040,T20,1.5067170017892035,2.509608647456769,2724040,3.145679804084608,-121.717322,36.803355,Monterey,1.2679172245838066,69.32290344883438,-18.437974033158756,-10.604972498931106,2.231699661553394
0.2502899197145406,0.1261819803746654,1.0,0.0,-19.811330396315903,-11.78652927534196,-20.12026566294757,-12.402404092585613,2724041,T20,0.6158748172436521,0.3089352666316642,2724041,3.476031851216971,-121.719936,36.857976,Monterey,0.29136984807308486,34.38860971857457,-20.1574514187204,-11.325239427996909,1.0771646645887039
0.0,0.0,0.016402367416141,0.0,-17.62439302958946,-10.26825898568361,-17.696845113503027,-10.928906028473005,2700794,T20,0.6606470427893942,0.0724520839135678,2700794,9.950837544561177,-121.713184,36.859484,Monterey,0.10391458536499541,4.314408151257456,-18.40602718289745,-10.539081278014216,0.3898247504587893
0.2732597993394405,0.0,1.0,0.0,-21.07253870402869,-9.322895140003034,-21.28915369905471,-9.669802097615348,2717065,T20,0.3469069576123136,0.2166149950260205,2717065,11.19051590231386,-121.750683,36.751573,Monterey,0.22787801972244345,3.882421213617952,-20.99992152459673,-9.175663305439068,0.49413879217627965
0.6754443779869583,0.0019424297502424,1.0,0.0,-19.99595866477124,-4.9675821819143575,-22.63037556144846,-10.705204621828054,2725654,T20,5.737622439913697,2.6344168966772195,2725654,53.43644554735408,-121.729089,36.67679,Monterey,0.7097914307480789,9.78567867372867,-20.379465253911118,-5.278603403593952,5.426601218234102
0.7727547443490874,0.2691889278375438,0.0,0.0,-21.781371496314613,-13.219381257749196,-22.89607285687506,-14.127789357737797,2700381,T20,0.9084080999886002,1.1147013605604492,2700381,3.847826389837165,-121.70742,36.870095,Monterey,1.0754948985015351,70.06956594396384,-20.822109778974948,-12.459006335866931,1.6687830218708655
0.6776029609356443,0.0750709922608686,1.0,0.0,-21.393602006258355,-9.74329917442477,-22.873219886800378,-10.583074247374215,2725655,T20,0.8397750729494451,1.4796178805420226,2725655,43.691069343851005,-121.782502,36.824745,Monterey,0.823005699282452,9.390611460709838,-20.7724041110692,-9.496478421247604,1.0865958261266115
0.3662233405224059,0.0356458183560987,0.0,0.0,-20.848292209434074,-11.901880310579577,-21.07801262180859,-13.082496735076358,2700333,T20,1.1806164244967832,0.2297204123745153,2700333,3.8721070760678273,-121.717493,36.878461,Monterey,1.6163082857680824,77.86954180590024,-19.772416911882157,-11.119289111840953,1.9632076232354052
0.3642617842912879,0.0,1.0,0.0,-19.49433762553013,-3.981882391136649,-21.60444669508196,-8.287065177665465,2717075,T20,4.305182786528816,2.110109069551825,2717075,5.613240067188873,-121.738902,36.895714,Monterey,1.247956557389086,8.275204785427333,-20.20273044011242,-4.418329949201259,3.868735228464206
0.98266028385043,0.8180535626002339,1.0,0.0,-23.922569506912897,-15.164165001913291,-25.53151308029784,-16.07132546107584,2700174,T20,0.9071604591625472,1.608943573384941,2700174,6.42463421155437,-121.77731,36.698468,Monterey,1.944466741706056,25.275447538787343,-23.951049115272365,-14.885666432184072,1.1856590288917683
0.7952080662485707,0.2812619105367104,0.0,0.0,-21.78151249092422,-12.995215189043227,-23.064897815442624,-14.059839784297177,2700134,T20,1.0646245952539497,1.2833853245184024,2700134,13.408162247270182,-121.704881,36.870227,Monterey,1.0901768454779992,72.89861948810693,-20.894019709905788,-12.69164904678334,1.368190737513837
0.0,0.0,0.0,0.0,-17.82130627493201,-10.525203504945024,-19.003613724118924,-11.407378786197183,2700019,T20,0.8821752812521613,1.182307449186915,2700019,1.1306564569040782,-121.732767,36.847878,Monterey,1.3398680749951664,91.66453237038114,-19.137993106881694,-11.709597095490723,-0.30221830929354
0.6559904132871096,0.0386429392414093,0.0,0.0,-21.30734176976948,-8.396618869488295,-22.50993799277078,-8.523906748576218,2715699,T20,0.1272878790879232,1.2025962230013043,2715699,33.226251063354376,-121.723542,36.817178,Monterey,1.9098854523616726,55.46416307102709,-20.815878288188035,-8.094745034794123,0.42916171378209533
0.3421323718774143,0.3873293844965233,0.0,0.0,-19.568396463642717,-12.772280206361012,-21.448277057407907,-14.88564648961457,2715487,T20,2.1133662832535585,1.8798805937651932,2715487,0.6039514593404626,-121.721275,36.815692,Monterey,2.15722649436851,32.549934444186796,-20.635420058428902,-13.657782697579933,1.227863792034638
0.0227074686122354,0.0,1.0,0.0,-18.87119642644333,-9.64412054704374,-19.832672576632767,-10.77626012150028,2715349,T20,1.1321395744565397,0.9614761501894372,2715349,15.037825857555694,-121.68839,36.72975,Monterey,0.3977808959497727,21.45329399272139,-17.926421156130303,-9.750877935067914,1.025382186432367
0.1600834054606972,0.0,1.0,0.0097568652136281,-19.903376421441788,-10.594093490734585,-20.43220716023333,-11.563615722435191,2715312,T20,0.9695222317006084,0.528830738791541,2715312,1.9687597735437972,-121.798613,36.861955,Monterey,0.30906011911705605,3.033642545289685,-19.41325424609368,-11.241524220256998,0.3220915021781927
0.5874642220102045,0.124880740034015,0.2700875264446012,0.0,-22.335494677934545,-13.007838498253792,-22.369020271512863,-13.157680066047831,2715289,T20,0.1498415677940414,0.033525593578318,2715289,3.733115131130278,-121.667927,36.761944,Monterey,0.2933893088963579,5.297667307816513,-21.82363048665723,-12.569829025231677,0.5878510408161546
0.7937044745057233,0.0523100936524453,0.0312278876170655,0.0,-21.997215234944168,-12.073142642070074,-23.244629424254317,-12.85605318428434,2715279,T20,0.7829105422142657,1.2474141893101454,2715279,7.448526753282135,-121.718293,36.78482,Monterey,1.1586722859837155,32.875310194271535,-22.15020729957703,-11.502791551496308,1.3532616327880316
0.4162777855318014,0.0,0.9848230160993756,0.1993154882910874,-20.093728442088853,-7.122279020400763,-21.720205862344663,-8.7275306568323,2724859,T20,1.6052516364315377,1.62647742025581,2724859,12.77079384326816,-121.78662,36.881433,Monterey,0.4427599091392277,4.758050540460769,-21.009531772990748,-7.495381549667927,1.232149107164373
0.5012754345375809,0.198255917423029,0.0,0.0,-20.0781781214024,-12.916746036174455,-21.808688742969764,-13.435276568955288,2715138,T20,0.5185305327808329,1.7305106215673651,2715138,1.305051003444871,-121.684071,36.850268,Monterey,0.8262716348076649,88.84904341757947,-22.724430310643324,-12.437235551472972,0.9980410174823167
0.558919657713335,0.1034156036235903,1.0,0.0,-21.747042126954145,-12.960509763169236,-22.30848193481134,-13.321283730652514,2722472,T20,0.3607739674832793,0.5614398078571945,2722472,23.4687306080105,-121.747656,36.688525,Monterey,0.5242937617519733,8.24622256615314,-21.06130441800629,-12.66732951784902,0.6539542128034945
0.86047994868273,0.6739908848189263,0.0350737379709846,0.0,-22.7578850035628,-14.675066560807805,-23.63616782312515,-15.45146694743202,2724045,T20,0.7764003866242142,0.8782828195623473,2724045,63.32719221253867,-121.671035,36.735035,Monterey,0.8837529883369388,29.279206215807527,-22.40995592907408,-14.31014342117088,1.1413235262611412
0.421628473611205,0.0084473237153677,0.2527936951586341,0.0,-21.09401888037588,-11.773810713536314,-21.60492036971417,-12.106250181787727,2725660,T20,0.3324394682514136,0.5109014893382913,2725660,29.848963364144925,-121.677478,36.712962,Monterey,1.5459595290786314,22.157770073342565,-20.918061182791607,-11.57933315166163,0.5269170301260981
0.8392574926007873,0.6704692393896727,0.0,0.0,-22.31811765483732,-14.326086447902336,-23.5756399078628,-15.332229394331875,2714721,T20,1.0061429464295415,1.2575222530254777,2714721,2.692169030950903,-121.715878,36.877827,Monterey,1.599857772869539,73.09468787468897,-21.637156180824885,-13.839969553869588,1.492259840462287
0.7402783300198805,0.0,0.6386481113320077,0.0,-21.75897545390592,-9.255955726276651,-22.866508682632777,-10.867689181805384,2714686,T20,1.6117334555287304,1.107533228726858,2714686,0.9698275132499312,-121.780748,36.840172,Monterey,2.345324082282091,24.93793848587551,-20.44471048522008,-8.779869602308946,2.087819579496438
0.0025166229568995,0.0716840181196852,0.4314021563485126,0.0,-17.23266077791296,-12.996271957806377,-19.009587719789877,-13.32159144856178,2714658,T20,0.3253194907554046,1.776926941876912,2714658,2.9189429871873185,-121.683494,36.851117,Monterey,0.7868980031572408,75.07539064361416,-18.17858665470741,-13.08500055997423,0.23659088858754984
0.614619571890476,0.3011500839029182,0.0,0.0,-21.589699553392528,-12.554997014142211,-22.45995424392897,-13.98606568133014,2714640,T20,1.4310686671879296,0.8702546905364379,2714640,3.78084850889169,-121.713633,36.876242,Monterey,1.5369966281056333,64.5515554990399,-21.718858215457303,-12.84374452506991,1.1423211562602305
0.0,0.0,1.0,0.0,-16.29832889587016,-10.857362274700542,-16.865352002875955,-11.120850101070392,2714595,T20,0.2634878263698503,0.5670231070057952,2714595,2.85702786172935,-121.718823,36.872288,Monterey,0.9307073958616477,62.27706810828551,-15.858360600111585,-10.979656997042644,0.14119310402774765
0.5735855153903469,0.0211039398210069,1.0,0.0,-21.72271525362893,-10.93652634843768,-22.28492530189484,-11.32411298345392,2714538,T20,0.3875866350162411,0.5622100482659071,2714538,8.647725683319548,-121.754179,36.698189,Monterey,0.18934117215170684,7.936246931522392,-20.195301308904146,-10.386360882668471,0.937752100785449
0.039886872612304,0.0001893689895929,0.7844445725200896,0.0,-18.229008246586,-10.613526920785947,-19.636005285789917,-11.714013491299951,2714408,T20,1.100486570514004,1.4069970392039153,2714408,18.808880112125586,-121.675884,36.771122,Monterey,0.6209431960465294,59.06512580403478,-17.979341274827167,-10.287324185318775,1.426689305981176
0.1504746238991124,0.0,1.0,0.0,-19.523204003310195,-10.728970982020185,-20.124846616123094,-11.655759735467475,2714288,T20,0.9267887534472924,0.6016426128128991,2714288,2.2558547317644844,-121.700304,36.855363,Monterey,0.22759492728934758,20.778830506003274,-18.59965704488072,-12.09907172519997,-0.44331198973249464
0.3514203766055617,0.0114478114478114,1.0,0.0,-22.15028625577329,-13.340447603054908,-21.5710246001904,-13.291213938095217,2717450,T20,-0.0492336649596936,-0.57926165558289,2717450,15.541406083725327,-121.759486,36.739353,Monterey,1.4977476934285627,5.117301649159512,-21.01911728950257,-13.125533807030768,0.16568013106444823
0.3654060894811285,1.861088364475545e-05,0.0,0.0,-19.16739639360364,-7.061149532629775,-21.69086815474458,-8.606776672767216,2714086,T20,1.5456271401374408,2.5234717611409394,2714086,4.157388903209059,-121.713423,36.878448,Monterey,1.7576084590346561,83.99157739897845,-19.24270326749716,-6.629616210903913,1.9771604618633027
0.0,0.0,0.9659510072827012,0.0,-17.54897878561298,-8.774873999037295,-17.5208980157936,-8.805177669187477,2724046,T20,0.0303036701501824,-0.0280807698193825,2724046,3.273545341913416,-121.729646,36.886841,Monterey,2.4844311478973253,54.48352184230713,-17.435562235044937,-7.702537350970482,1.102640318216995
0.4341567551082647,0.2133272339127782,0.0,0.0,-21.107500528783323,-12.125236339385998,-21.624242883595464,-13.31628647904376,2714002,T20,1.1910501396577615,0.5167423548121413,2714002,2.54143738222006,-121.719556,36.815923,Monterey,2.291216229446011,36.01880123636351,-20.2307180641995,-12.373745637327136,0.9425408417166228
0.7152334511318705,0.0105425124875581,0.906236017131012,0.0,-21.27987004355097,-9.390668502454677,-22.980527905559,-11.855318172708213,2713964,T20,2.4646496702535376,1.700657862008029,2713964,16.974361283299793,-121.767131,36.839277,Monterey,1.3566227012226868,44.280330292126486,-20.647031967122107,-8.650361596356046,3.204956576352167
0.8580021831525653,0.3107276401049771,1.0,0.1837767378126669,-21.18684748433197,-12.465342251009613,-23.34772067782337,-14.359115050547423,2713953,T20,1.893772799537812,2.1608731934913976,2713953,26.73742582203284,-121.721413,36.650262,Monterey,0.902578932978187,10.47144613884616,-21.05927966768917,-12.15891411342033,2.200200937127093
0.5681301882540671,0.0,1.0,0.0,-21.659410991813687,-9.997803758693571,-22.21775010388684,-10.358796711926509,2713846,T20,0.3609929532329357,0.5583391120731491,2713846,12.729567800155404,-121.797013,36.8367,Monterey,2.0854652602989296,6.602395558552835,-21.118824840688717,-9.687855004206416,0.6709417077200932
0.0107106854838709,0.0,0.0,0.0,-17.610055418809452,-9.2230142939657,-19.67575384092101,-9.691247701848232,2713826,T20,0.4682334078825327,2.065698422111563,2713826,1.844301485091946,-121.714095,36.877487,Monterey,1.635189754940417,73.77504751070217,-19.077447548171342,-8.893709806405562,0.7975378954426695
0.2652737101804372,0.0156308857615051,1.0,0.0,-19.000744155545508,-10.100701170261614,-21.18814590939395,-11.983665142938415,2725663,T20,1.8829639726768037,2.187401753848441,2725663,22.86126871450137,-121.719655,36.65574,Monterey,0.3884732955594308,9.762566942796989,-18.95460160713321,-10.460886124087246,1.5227790188511694
0.6553237190806315,0.0982501802067661,1.0,0.0,-23.114311318007065,-13.11252044355209,-22.68269453156172,-13.69115785150173,2713762,T20,0.5786374079496408,-0.4316167864453426,2713762,16.044430943222615,-121.694895,36.685838,Monterey,1.3462266585345009,11.066366007197168,-23.19214486594556,-14.003462305600394,-0.3123044540986637
0.945245499415138,0.6856409232261561,1.0,0.0,-23.67009670875532,-14.896923838005916,-24.907530493137312,-15.52606186786542,2724047,T20,0.6291380298595044,1.2374337843819951,2724047,13.55477924110539,-121.793886,36.82754,Monterey,1.7875784483863784,8.984413201486987,-23.32228121897807,-13.95918355417824,1.5668783136871802
0.2512006196746708,0.0,0.0,0.0,-22.092881298344736,-13.10929355944913,-20.80744430619057,-11.436797877167772,2713681,T20,-1.672495682281358,-1.285436992154164,2713681,1.001483626873233,-121.706921,36.87471,Monterey,1.5884532125995636,53.05875625167125,-21.720636607762888,-10.946272131125289,0.4905257460424828
0.2178384758050919,0.0150294275642759,0.7635756941258581,0.0,-16.65163604531376,-9.478045045957508,-20.39900630869188,-11.61449722380709,2713672,T20,2.1364521778495824,3.747370263378116,2713672,19.732780916874653,-121.714992,36.852367,Monterey,0.8949582105295676,72.53720350713824,-15.331764580452976,-8.81022281543228,2.804274408374811
0.0,0.0,0.0,0.0,-17.756070501557378,-11.571064369776796,-18.53354914167337,-12.893185694668,2713656,T20,1.3221213248912012,0.7774786401159943,2713656,1.5586865068872455,-121.71696,36.860338,Monterey,0.00897642268848976,7.501693898563936,-18.038030437201403,-12.226604483869547,0.6665812107984532
0.7629729847684723,0.2648278269977743,1.0,0.0,-21.977969005379585,-13.78020697128283,-23.088034536946484,-13.918899095150634,2713559,T20,0.1386921238678038,1.1100655315668997,2713559,15.988253304756048,-121.672127,36.769375,Monterey,0.27845000823885696,45.4546764300544,-21.4866987448752,-13.220121468468715,0.6987776266819186
0.0873586844809866,0.0,0.0,0.0,-20.710758461052592,-8.063784619352012,-20.333317792434872,-8.705969504113884,2724048,T20,0.642184884761873,-0.3774406686177194,2724048,1.8064076476723283,-121.69318,36.858329,Monterey,0.10557295811520587,11.579189663923291,-19.48481025290211,-7.923090648939775,0.7828788551741095
0.2460660415817365,0.0324500611496127,0.0,0.0,-20.28418226241231,-10.935391035983075,-20.516865719608745,-12.608907853275737,2713393,T20,1.6735168172926578,0.2326834571964369,2713393,0.95587889225328,-121.711559,36.862229,Monterey,0.20118783490955816,10.03973509457662,-19.590724438424413,-12.88975336550944,-0.2808455122337037
0.3263312393588916,0.0103152703575412,0.8058122468150063,0.0,-21.363174747254487,-11.884383956319647,-21.2542857683734,-12.137781433775482,2717458,T20,0.2533974774558327,-0.1088889788810867,2717458,13.214692672549434,-121.670204,36.726618,Monterey,0.05175342544495716,24.608603118527395,-20.176592845348274,-11.905943075767068,0.2318383580084138
0.3049891824559104,0.033392338119277,0.2484975633208768,0.0,-20.14537529411403,-11.852032433254154,-21.288015494715864,-13.091045132689349,2712708,T20,1.239012699435193,1.1426402006018357,2712708,3.5458754508097723,-121.737311,36.846333,Monterey,0.9166334959157451,63.76522076555336,-19.740629437714837,-11.828505191029189,1.26253994166016
0.4163095047099539,0.0,0.3483990740528523,0.0,-21.03361170979609,-5.460640888600307,-21.741607409335924,-7.541172285720317,2712616,T20,2.0805313971200103,0.7079956995398327,2712616,3.3734705333392845,-121.719047,36.799492,Monterey,0.8298184727898522,47.534730133863114,-21.122559264154702,-5.6404228125097085,1.9007494732106087
0.1211615871190339,0.0,0.0,0.0,-19.122822728459525,-9.834218577508992,-19.94630624966275,-9.70965393578482,2712604,T20,-0.1245646417241701,0.8234835212032259,2712604,2.6994899536564647,-121.721381,36.865792,Monterey,0.19171692835051912,7.672316773764494,-19.092473766885924,-10.039154848072728,-0.3295009122879087
0.3203430771923683,0.0384596534220199,1.0,0.0,-20.702397358562735,-11.317468474292,-21.557253370833195,-11.811208273694213,2712552,T20,0.4937397994022117,0.8548560122704565,2712552,11.087110147155498,-121.755914,36.69066,Monterey,0.05165205574587029,7.975354541065435,-20.59266648150507,-10.992670712377713,0.8185375613165
0.0,0.0,1.0,0.0,-15.103773627202964,-4.908420753683102,-16.091810420179957,-7.77604959018886,2712444,T20,2.867628836505758,0.9880367929769936,2712444,0.6251648329789894,-121.728761,36.887431,Monterey,2.4808110788540363,79.39799247406694,-16.18142236509068,-6.359161036090413,1.4168885540984473
0.3659984560123006,0.0746632894594128,1.0,0.0,-20.18630840182229,-12.442999143357053,-21.368957323303786,-13.097671710115508,2717466,T20,0.6546725667584568,1.182648921481487,2717466,24.289476382522537,-121.675042,36.761728,Monterey,0.050854314116824076,1.8217514749789347,-20.354731349639422,-12.620405670598972,0.477266039516536
0.2517768673051314,0.0085310039746723,1.0,0.0,-19.69981192854569,-11.175597491960502,-21.135238373891436,-12.8034126700154,2717115,T20,1.627815178054897,1.4354264453457404,2717115,15.211138213275513,-121.733765,36.674683,Monterey,0.24537185408339776,9.916060246735707,-19.230520643715597,-11.444439169485706,1.358973500529693
0.6037407357498988,0.0632259803261015,1.0,0.0,-21.894559562173832,-13.152697869994604,-22.352883355149043,-13.322612658214272,2712154,T20,0.1699147882196676,0.4583237929752108,2712154,14.406888240507705,-121.752405,36.695858,Monterey,0.028604038112870697,5.427748074358708,-21.47378857999802,-12.62203370843878,0.7005789497754922
0.5056556310413409,0.0066239864908974,1.0,0.0,-21.56806575748856,-10.880529727866474,-22.016842607606687,-11.420022444933457,2725670,T20,0.5394927170669828,0.4487768501181293,2725670,17.8194310836221,-121.745874,36.725914,Monterey,1.562781710275663,6.68740657278929,-21.550711307392916,-11.003562498352313,0.4164599465811438
0.4507433016858961,0.009074400983313,1.0,0.0,-21.814494689778773,-11.554937739606714,-21.841812155715647,-11.75750517440438,2717120,T20,0.2025674347976647,0.0273174659368748,2717120,30.647878347830986,-121.697261,36.735983,Monterey,0.9891970470467373,19.283484919026485,-21.47262157887957,-11.922666791125843,-0.16516161672146268
0.5587847330866968,0.025448945660243,1.0,0.0,-22.562085005304365,-13.309316617358208,-22.202126613457352,-12.89142914476075,2725671,T20,-0.4178874725974584,-0.3599583918470124,2725671,12.634713038322069,-121.703523,36.739577,Monterey,1.3886179068568647,15.67805057800002,-22.918275053663432,-13.677522972546708,-0.7860938277859582
0.7463031311815513,0.1115513581319053,1.0,0.0,-23.343578965992744,-13.570283050286273,-22.842555143249765,-13.638026058110066,2722493,T20,0.067743007823795,-0.5010238227429795,2722493,12.851293447933651,-121.692218,36.678065,Monterey,1.8391394194315578,10.251870829042087,-22.65817943235344,-13.444371174222027,0.19365488388803875
0.4122569190349939,0.0,1.0,0.0,-21.16388754640137,-10.074125761218534,-21.67968382969025,-10.629982780218514,2711481,T20,0.5558570189999799,0.5157962832888856,2711481,12.919465013038376,-121.751839,36.753326,Monterey,0.18637275230017936,3.4944826025417774,-20.994044752168925,-10.46278241533297,0.16720036488554335
0.0,0.0,1.0,0.0,-18.663460208662237,-6.069662745426352,-18.539598415706475,-6.941598954724784,2711345,T20,0.8719362092984317,-0.1238617929557577,2711345,2.443415559198721,-121.679077,36.852487,Monterey,0.902609835545745,48.342847700995314,-18.40421881459509,-6.427971893371151,0.5136270613536329
0.5789451183669111,0.2361246192486508,1.0,0.0,-21.782252504356823,-13.10730207998833,-22.329907003500992,-13.838092156051111,2711255,T20,0.7307900760627817,0.5476544991441656,2711255,7.265849441612169,-121.74993,36.698965,Monterey,0.07689143957913071,5.460150554026878,-21.72719939402946,-13.267805785953952,0.5702863700971594
0.8561273738327562,0.3711722649399703,1.0,0.0,-22.993618326723738,-14.039595662202732,-23.627436947177426,-14.60097102961178,2711119,T20,0.5613753674090489,0.6338186204536882,2711119,20.68830077044077,-121.753389,36.703869,Monterey,0.25647332452023774,7.295100924365392,-22.09329096339438,-13.50277529047473,1.098195739137049
0.0,0.0,0.0,0.0,-18.84954381839268,-9.581084796414414,-20.159564606423267,-8.459497272873683,2710878,T20,-1.1215875235407309,1.3100207880305843,2710878,1.2137513085415077,-121.709326,36.851304,Monterey,1.0131190843161362,48.75960361503548,-19.19839565707362,-9.457119054333855,-0.9976217814601718
0.5616849652699978,0.0,0.0,0.0,-20.31750059222369,-9.790444830896496,-21.920792069740127,-10.267850194237694,2710838,T20,0.4774053633411963,1.6032914775164355,2710838,1.7237420146376887,-121.709693,36.878636,Monterey,1.9559091184559636,100.93772565468586,-20.809560539392564,-8.783343868464787,1.484506325772907
0.1929758466239692,0.0,1.0,0.0,-19.46248424822142,-9.396642585455032,-20.76598717601714,-11.684703407941592,2710792,T20,2.2880608224865604,1.3035029277957229,2710792,5.569982680352663,-121.796569,36.863239,Monterey,0.49103391677379427,3.344426557055534,-19.38755950438548,-9.605116646711972,2.0795867612296206
0.8371726000789097,0.2631339342620413,0.0,0.0,-21.29082477487108,-12.772052419265489,-23.023515559480188,-13.920275653912965,2710733,T20,1.1482232346474746,1.7326907846091115,2710733,5.0939201623464605,-121.701995,36.870106,Monterey,1.0767754248091335,73.82389104528747,-20.85377110918511,-12.309090578914969,1.6111850749979961
0.325785824672839,0.0,1.0,0.4877996909160512,-22.481615351586434,-10.634572873485476,-21.518992379996916,-10.949742936657604,2724052,T20,0.3151700631721272,-0.9626229715895214,2724052,10.904523350460568,-121.710668,36.911371,Monterey,0.10578624623395269,12.81935212498269,-22.67322989867743,-10.599075529088992,0.35066740756861137
0.0175014617033716,0.0,1.0,0.1249269148314168,-18.05136732782568,-10.297898628261104,-19.455469523368954,-10.987343733336484,2710215,T20,0.6894451050753805,1.404102195543274,2710215,1.990298519518919,-121.79943,36.861239,Monterey,0.2363229265692842,2.6478026629191254,-18.829410666586707,-10.744095218969589,0.2432485143668952
0.18362216516902,0.0025673940949935,1.0,0.0010697475395806,-19.18320256620192,-9.608217191579794,-20.43110419073814,-11.429465299753597,2710214,T20,1.8212481081738008,1.2479016245362224,2710214,2.906130956178791,-121.796727,36.863993,Monterey,0.4769623094810226,3.50697934511486,-20.358637703009958,-9.606899689362864,1.8225656103907326
0.2732866702561341,0.0,1.0,1.2819526703074124e-05,-19.409280825064307,-10.498704192362096,-20.99225697287547,-11.832691002220162,2710213,T20,1.3339868098580665,1.5829761478111628,2710213,6.034919743719923,-121.796998,36.862631,Monterey,0.4528433148470654,3.2146312800064534,-19.60185865552931,-10.41350867304952,1.419182329170642
0.1578824354329788,0.3133107397452378,1.0,0.0,-19.6374117493311,-13.357809260402965,-20.91864468943552,-14.463198158553343,2710199,T20,1.105388898150382,1.281232940104417,2710199,0.6672516617014916,-121.796781,36.86206,Monterey,0.4721667104544145,3.2778312828658653,-19.447740549291595,-13.437275412772497,1.0259227457808464
0.2297466109406085,0.0,0.0,0.0,-19.36108244717883,-7.1221569705667545,-21.150659745860363,-8.664672215136495,2722504,T20,1.5425152445697403,1.7895772986815324,2722504,5.0127356721985885,-121.704869,36.799815,Monterey,1.9162904141153774,72.69787361588727,-19.416080155448743,-7.463791448721796,1.2008807664146985
0.2828436458783118,0.0016433906694077,1.0,0.0,-21.181584361387383,-12.615830574151143,-21.075775662342103,-12.562390127042589,2717163,T20,-0.0534404471085565,-0.10580869904528,2717163,12.010757324318508,-121.736304,36.694513,Monterey,0.96813604480941,8.008529102670828,-21.92221482655685,-13.043683966156555,-0.4812938391139667
0.5665041573847069,0.0101984906233877,1.0,0.0,-21.66436638996303,-11.892783232444469,-22.22836277453652,-12.312807796831564,2722516,T20,0.4200245643870968,0.5639963845734925,2722516,19.381246972450203,-121.685685,36.711349,Monterey,1.331949532476798,19.298918278992716,-21.366792013767608,-11.859542346614296,0.45326545021726794
0.3879410083148383,0.0,0.0157450716462659,0.0157450716462659,-19.994000030503624,-4.576601498792223,-21.614099734902243,-7.676579617154941,2725676,T20,3.099978118362718,1.6200997043986192,2725676,34.35562322823219,-121.725192,36.911279,Monterey,0.07153484184738769,11.097625005414415,-20.501794751452827,-5.027580150951143,2.648999466203798
0.3860964786204998,0.0,0.4011851892169554,0.0,-20.245390046050552,-4.418033845805111,-21.645873197551904,-6.73404690386108,2725677,T20,2.316013058055969,1.4004831515013514,2725677,45.47184468940493,-121.73077,36.907109,Monterey,0.36787512616261464,10.860298841215748,-20.47564592375917,-4.691020159638139,2.0430267442229413
0.4563796981149575,0.0,1.0,0.0256579099909573,-18.924131887121412,-3.2352533904134213,-21.9153389856006,-7.625666482271029,2722520,T20,4.390413091857608,2.991207098479183,2722520,16.682470951734025,-121.725485,36.905574,Monterey,0.5569158950627006,11.006012773795721,-20.02870196795381,-3.486019679621547,4.139646802649482
0.5429992700532592,0.300197355970694,0.0,0.0,-20.95731430602224,-13.237696305597613,-22.04902415397584,-14.0075092244944,2718169,T20,0.7698129188967879,1.0917098479535987,2718169,2.8664172255414746,-121.685165,36.88189,Monterey,1.8227061362170145,51.85566265520065,-21.93893808435601,-13.505213848495885,0.502295375998516
0.6667247235043108,0.6611948097187148,0.0,0.0,-21.62465990032759,-14.46477137630506,-22.246223819063328,-15.227384311628436,2718452,T20,0.762612935323375,0.6215639187357382,2718452,1.779600911449991,-121.682579,36.882502,Monterey,1.7540413398355341,41.144664968543594,-22.900453479195072,-14.860253360600865,0.3671309510275709
0.6110418521816564,0.4460077174235679,0.0,0.0,-23.05505927161605,-13.398871541666194,-22.341681246560984,-14.535578640171096,2718453,T20,1.1367070985049017,-0.7133780250550643,2718453,1.298174222463374,-121.683936,36.88111,Monterey,1.6881734141804683,33.49093346973667,-21.780326094837942,-13.093388166480796,1.4421904736902995
0.0,0.0,0.2918302486446064,0.0,-18.131300213145657,-11.774332149493366,-18.82802413717919,-12.46786577228502,2718960,T20,0.6935336227916533,0.6967239240335346,2718960,0.4159466552427966,-121.742086,36.843912,Monterey,0.4164985321633516,26.88473284527573,-19.42025341836155,-10.255127766251046,2.212738006033973
0.8057964293994899,0.6510085787155114,0.9996290285184326,0.0,-22.26442443158699,-13.21648666345208,-23.64836897147593,-15.12251559461122,2718667,T20,1.9060289311591416,1.3839445398889405,2718667,1.670150470474471,-121.78849,36.840989,Monterey,2.295053598488543,7.726929722522162,-22.79484078399114,-14.555356803565896,0.5671587910453244
0.6234469763881527,0.5289407054112936,0.9993522934699404,0.0,-19.74169134946066,-14.765888630766412,-22.21452159440916,-15.089299976382526,2718668,T20,0.3234113456161136,2.472830244948497,2718668,1.319548939007201,-121.788263,36.84035,Monterey,2.3552441738360472,7.213460764923976,-20.49650796344111,-13.744132066947508,1.345167909435018
0.997241276468834,0.7095138681777512,0.5262451535937965,0.0,-21.594563557374236,-12.54260184714946,-24.67004602442132,-15.257809931151671,2718669,T20,2.715208084002212,3.0754824670470846,2718669,1.0359155312211243,-121.787736,36.841184,Monterey,2.333898506078397,8.73659718335297,-22.524184037022337,-12.54479805424741,2.713011876904261
0.9187742292781982,0.3301642975816872,0.0058150267675835,0.0,-21.852458849786903,-13.300141191982098,-24.108377990931466,-14.328989737486186,2718670,T20,1.028848545504088,2.25591914114456,2718670,0.8363637915358383,-121.787139,36.841288,Monterey,2.3681575776062336,9.683022222198506,-20.654336196826584,-13.69030277705685,0.6386869604293359
0.8801944561305101,0.1719253961576216,0.2206796615715421,0.0,-21.19780865285352,-11.901915704160231,-23.45452269776605,-13.330814891181866,2718671,T20,1.4288991870216332,2.256714044912531,2718671,1.6532409279677702,-121.787218,36.840566,Monterey,2.4128526365489575,9.722951708672252,-21.467372515219708,-11.186646102718024,2.1441687884638423
0.0259326647605391,0.0247672801121968,0.8802081696891451,0.0,-17.206888139880157,-11.783328566000383,-18.1442235429826,-12.481356266562711,2722534,T20,0.6980277005623279,0.9373354031024448,2722534,27.10492977250176,-121.75996,36.839687,Monterey,0.8297599939493754,37.08503247268132,-17.419409058292796,-11.631619659300297,0.8497366072624146
0.7746706974735478,0.4989203195854026,1.0,0.0,-22.59492257771267,-12.716174567036,-23.00260307103675,-13.795150722976382,2718602,T20,1.0789761559403832,0.4076804933240794,2718602,0.719041063595839,-121.787942,36.841918,Monterey,2.2685639861555913,9.47291623349067,-20.402886073542778,-13.10903258172578,0.6861181412506028
0.8529607625514134,0.2440033949206763,0.6695828164784227,0.0,-22.50144684507711,-12.727250463285484,-23.69955042625641,-13.689519587557614,2724057,T20,0.9622691242721296,1.1981035811793,2724057,5.9235565785365285,-121.787947,36.844836,Monterey,2.0653927756292236,19.329897233261065,-21.351881476531293,-12.236126668780235,1.4533929187773786
0.1103061134988159,0.0,1.0,0.0,-18.866545833973024,-7.521481292540217,-19.958843981435532,-8.287009102650366,2722535,T20,0.7655278101101493,1.092298147462511,2722535,4.4221542251318775,-121.805522,36.850282,Monterey,0.4655450408399494,2.7802635313617428,-19.31065999915329,-7.4671594663434,0.8198496363069658
0.1662260370603089,0.0,1.0,0.0,-19.44528060002521,-8.066609848463015,-20.096203362410595,-8.9185144854077,2722536,T20,0.8519046369446848,0.6509227623853846,2722536,6.52834015705244,-121.80546,36.852107,Monterey,0.3430310235113721,2.8543399441064,-19.55134395644316,-8.2862425554347,0.6322719299729993
0.7510674665132716,0.164642945188594,0.3558024488454269,0.0,-22.203849228656043,-12.67039115114697,-23.005300752586145,-13.609233392842487,2722537,T20,0.938842241695518,0.8014515239301012,2722537,47.09352259397229,-121.799477,36.850584,Monterey,0.8646515822165716,11.708612889006082,-21.92455633483162,-12.36842187017269,1.240811522669798
0.7112629960090494,0.0488255929230534,0.8554932763923843,0.0,-21.5809540010775,-12.153562598073316,-22.632812562791766,-13.090384073369489,2722538,T20,0.9368214752961704,1.0518585617142655,2722538,24.349272307763137,-121.802012,36.852082,Monterey,0.5843824704643729,12.083219842307859,-21.442136623449343,-11.991747338839524,1.0986367345299648
0.7884202876466657,0.4915077420791673,0.0,0.0,-21.96798586139159,-13.719877458652377,-23.09564936497116,-14.892879202039095,2722542,T20,1.1730017433867186,1.1276635035795728,2722542,13.201093033972771,-121.69721,36.858027,Monterey,0.07441225067681252,12.311305567856408,-21.8296070658208,-14.474823857618857,0.41805534442023884
0.0249457410037244,0.0,0.5742209479917472,0.0,-18.57433499850026,-8.909478421283605,-19.02538379697856,-9.638992841916012,2722548,T20,0.7295144206324071,0.4510487984782969,2722548,5.784371723940602,-121.779944,36.863451,Monterey,1.90648847625968,47.307566389247036,-17.56351870059042,-7.886071341924315,1.7529214999916976
0.0683697552699762,0.0,0.7119849041796261,0.0,-18.249840123499418,-8.756207662097268,-19.948998309333035,-11.122443675415276,2722549,T20,2.3662360133180087,1.6991581858336176,2722549,26.8347791915202,-121.781704,36.86535,Monterey,1.6522301730294866,46.74766196545738,-17.680810981840658,-8.567405374384611,2.555038301030665
0.011141304347826,0.0,0.1991545893719807,0.0,-20.14937849913824,-9.479046595000668,-19.575138760430452,-10.439221869571334,2722550,T20,0.9601752745706662,-0.5742397387077816,2722550,5.128723560295987,-121.779378,36.865262,Monterey,1.788951848553783,46.76906769482989,-17.88490973473971,-9.01902000129805,1.420201868273283
0.9213434053324944,0.0,1.0,0.2434636560234577,-22.17359396668183,-7.325084349624899,-24.059098494492087,-8.117627093390722,2725678,T20,0.7925427437658223,1.885504527810259,2725678,38.57892031588629,-121.721317,36.902367,Monterey,0.923666415913316,11.412658089220635,-23.072601966861686,-8.119177572001027,-0.001550478610305106
0.0881854858793644,0.0381033022861981,0.0,0.0,-20.407287698267847,-11.29553235278745,-19.93843164133685,-12.811790598410717,2716470,T20,1.5162582456232665,-0.4688560569309921,2716470,3.112267761610908,-121.729363,36.885205,Monterey,2.3010593753496282,29.581894296440055,-18.96301032095037,-11.21692128644355,1.594869311967166
0.531223094454292,0.2457837427196757,0.0,0.0,-19.456290824118,-13.283035507276832,-21.95453674974099,-14.008021620589185,2718540,T20,0.7249861133123527,2.4982459256229888,2718540,1.5325835484599393,-121.728397,36.885253,Monterey,2.3003995105290027,31.242739952978027,-19.92591011515352,-12.395590065406536,1.6124315551826491
0.6723476301916625,0.0066114661713314,0.0026620771197794,0.0,-21.85178969496658,-10.415905403013866,-22.74524034411992,-12.072821748860546,2722564,T20,1.65691634584668,0.8934506491533405,2722564,22.113074524733825,-121.791889,36.87432,Monterey,0.32125375342781864,4.105871637309878,-21.62155029639434,-10.5949691528832,1.477852595977346
0.8997656860192658,0.8285602707628222,0.0,0.0,-23.337411374811637,-14.692625723215636,-24.070967445857704,-16.069536821551647,2718454,T20,1.3769110983360129,0.7335560710460705,2718454,1.1910724198744118,-121.684529,36.880913,Monterey,1.701933191525892,34.23364545752126,-23.135615785046564,-14.520830057589205,1.5487067639624428
0.4191650053672749,0.2149401932218984,0.0,0.0,-20.21090811530454,-11.787706991246887,-21.289955506231045,-12.944984780576386,2722574,T20,1.1572777893294963,1.0790473909265046,2722574,4.044418464622983,-121.703391,36.879904,Monterey,2.165784088975821,95.50186493681574,-19.89088561037844,-12.61495830844309,0.33002647213329617
0.7903661088475816,0.2431263515600863,0.0,0.0,-23.058821746042465,-14.033224500154782,-23.340062553003545,-13.993464861100572,2722575,T20,-0.0397596390542105,0.2812408069610796,2722575,13.275278279158863,-121.70482,36.877746,Monterey,1.9259136701355442,71.49090786957346,-22.17302725495661,-13.901951351088975,0.09151351001159647
0.8222573341168447,0.0621247673095019,1.0,0.0,-23.06854347306033,-13.340456780395977,-23.17095149604668,-13.39158483979702,2725683,T20,0.0511280594010425,0.1024080229863457,2725683,37.74648732226658,-121.69762,36.657766,Monterey,0.9569438715650689,10.904758255702818,-23.11869647087347,-13.508523153135352,-0.11693831333833238
0.068577221293734,0.0010748450431729,1.0,0.0,-25.728549126999607,-20.579331171637524,-19.839776553372683,-10.373484336986325,2722605,T20,-10.2058468346512,-5.888772573626923,2722605,36.845558992546565,-121.710139,36.649537,Monterey,0.4477962816273588,9.63466319661949,-21.97366995652317,-11.760848436049413,-1.3873640990630882
0.7479496844146335,0.2048015472586612,1.0,0.0,-18.84178553537196,-8.63706590291467,-22.94025017670164,-13.823660781937004,2722611,T20,5.186594879022332,4.098464641329684,2722611,31.38358181747721,-121.720118,36.652784,Monterey,0.6264436875941474,10.9344953439664,-19.423665838600343,-9.237353580591288,4.586307201345717
0.7323300686728474,0.112620334270573,1.0,0.0,-20.669196193073198,-11.185022862019467,-22.83580572603393,-13.601034843660628,2722612,T20,2.4160119816411605,2.166609532960738,2722612,29.68117070106241,-121.717325,36.651463,Monterey,0.5856148904653568,11.450497156344785,-20.09961168033675,-11.253725716153436,2.3473091275071916
0.5025806032768791,0.1469239695845877,1.0,0.2019930697006338,-21.479231447959165,-15.468187326924893,-21.936795556917,-13.720570319029802,2725685,T20,-1.7476170078950908,0.4575641089578326,2725685,19.124623230082005,-121.75034,36.68943,Monterey,0.4005498365897463,6.721651611065998,-17.156531328788237,-11.126426709669085,2.5941436093607173
0.5885520383616639,0.0,1.0,0.0,-21.76982466080676,-11.547263610668884,-22.259167378274352,-11.828872811578083,2722660,T20,0.2816092009091999,0.4893427174675899,2722660,43.78261983932676,-121.733937,36.733858,Monterey,0.5850923395671962,5.447638598704664,-21.18437087562223,-11.88214836738389,-0.05327555580580601
0.9405043188596662,0.6538714800325363,0.9806218493904902,0.0,-23.64695172513745,-14.934055939488434,-24.31995671728024,-15.37023853787162,2724063,T20,0.4361825983831853,0.6730049921427863,2724063,14.021144322704824,-121.674634,36.74087,Monterey,1.5322947767967194,27.47934380548835,-22.6655163436456,-14.250270175759493,1.119968362112127
0.721678385955237,0.0,1.0,0.0,-22.18872142223738,-12.04654269571973,-22.685648701201064,-11.466283544581612,2724064,T20,-0.580259151138117,0.4969272789636854,2724064,3.380236272389565,-121.662191,36.724462,Monterey,0.2913540776361261,23.22487615884854,-22.20874982953389,-11.17304491033104,0.2932386342505726
0.5372600556364033,0.1121019076752497,1.0,0.0,-21.805190171365545,-12.50542918623916,-22.02645851060208,-13.289007991632396,2724065,T20,0.7835788053932369,0.2212683392365342,2724065,31.33244339617005,-121.664859,36.726451,Monterey,0.07030321414943407,22.165630322378455,-20.995851559313493,-12.618223660335795,0.6707843312966002
0.4192511660596767,0.0515558111302792,0.9071433135262924,0.0,-21.14660141827655,-12.390794392964697,-21.8875433569693,-12.817541355494985,2724066,T20,0.4267469625302897,0.7409419386927496,2724066,12.14479166532105,-121.669012,36.728021,Monterey,0.10418274357096033,17.908786110161724,-20.4730699999974,-11.86761743159358,0.9499239239014052
0.683147354224275,0.0323083762177801,1.0,0.0,-22.33673482497105,-12.6281803820262,-22.559538180460702,-13.09616786836161,2712658,T20,0.4679874863354101,0.2228033554896562,2712658,10.283628997210332,-121.748209,36.713423,Monterey,0.47889272884639295,7.5047031039243,-21.220248052609108,-12.4339669345889,0.6622009337727093
0.8990641128152945,0.0989223667950861,1.0,0.0,-23.186634266557423,-12.225727034491625,-24.001673963128784,-12.781336641712477,2722727,T20,0.5556096072208501,0.8150396965713611,2722727,42.645565538982346,-121.769231,36.726819,Monterey,0.04307157429859349,3.45822063561589,-22.807181896828997,-12.777409772255508,0.003926869456968518
0.9172301907389998,0.1712481426448737,1.0,0.0,-22.990086705520785,-13.35914704550754,-23.865380091693964,-13.714505363668025,2722728,T20,0.3553583181604836,0.8752933861731798,2722728,10.22438699393677,-121.771407,36.725379,Monterey,0.23715516307312834,3.9661500898277136,-22.63757673068521,-12.894223360836197,0.8202820028318278
0.5967459312879785,0.0009324366325974,1.0,0.0,-21.44926742126873,-11.25561691122869,-22.392995033023418,-11.827915357937208,2722729,T20,0.5722984467085173,0.9437276117546922,2722729,17.2148357430346,-121.771304,36.723291,Monterey,0.22797459691542213,4.927334989090066,-21.325605111715948,-10.312570001314674,1.5153453566225341
0.9793410771424232,0.8207501245846378,1.0,0.0,-24.32177353896859,-15.901906349270744,-25.382016310858997,-16.404492693766905,2725688,T20,0.5025863444961605,1.0602427718904046,2725688,40.30303140758898,-121.771876,36.693911,Monterey,1.4750968566164009,36.16789690342518,-23.41228224925361,-15.217152220416398,1.1873404733505062
0.8802215375014625,0.5087951948203907,1.0,0.0,-22.075357458163225,-14.184945106154307,-23.66586707477789,-15.085876476505709,2718033,T20,0.9009313703513993,1.5905096166146642,2718033,1.9930747853534168,-121.771222,36.702696,Monterey,1.6354273825825685,41.899306743768676,-21.736895467942333,-14.314929519401742,0.7709469571039662
0.0731952351337128,0.0,1.0,0.0,-18.455108818260463,-5.909385940232435,-18.887283689325532,-6.166644137812895,2722741,T20,0.2572581975804597,0.4321748710650723,2722741,17.82409664075524,-121.707254,36.726173,Monterey,0.1011710399882881,7.03221770585425,-17.948162062300828,-5.857762939517257,0.3088811982956381
0.8815002107037508,0.7765416491080209,1.0,0.0,-25.558618943063426,-19.600458119783816,-25.2372145849023,-16.824191222951264,2700652,T20,-2.776266896832553,-0.321404358161125,2700652,2.7599715256020554,-121.700373,36.726845,Monterey,0.026466079276228686,2.266954889731523,-25.90559743590268,-19.66961611042369,-2.8454248874724257
0.0729678901992563,0.0,1.0,0.0,-19.986835956795588,-2.662581390290623,-20.06673366120727,-2.62182703785001,2722746,T20,-0.0407543524406128,0.0798977044116817,2722746,37.87760759324328,-121.705938,36.730257,Monterey,0.35274347747671536,7.512688217734863,-19.00269114492188,-1.8376098740782136,0.7842171637717963
0.1593425266009639,0.0118800886459475,1.0,0.0,-20.588335338584724,-11.921664176246814,-20.616897269650284,-12.161644197916894,2722767,T20,0.23998002167008,0.0285619310655604,2722767,16.196042163986696,-121.747337,36.74336,Monterey,0.5663179558609879,4.73469070431448,-20.986588558456912,-12.14062043504128,0.021023762875614693
0.9118803484696628,0.6038966045133647,1.0,0.0,-23.24458923854366,-14.583454757922908,-23.824636490601318,-15.269156909626656,2722769,T20,0.6857021517037492,0.5800472520576534,2722769,14.062668557671255,-121.677215,36.741594,Monterey,1.612778786333106,26.19868648398432,-22.187611265836203,-13.939195494778374,1.329961414848281
0.9443903292601126,0.6967657266178657,0.7661261629093878,0.0,-23.824448725955467,-14.919755030359765,-24.248527472440347,-15.57416052172074,2724068,T20,0.6544054913609738,0.4240787464848807,2724068,26.598826744086196,-121.672798,36.743753,Monterey,1.8527197174325705,28.420450344056206,-22.521638456172944,-14.13924059709012,1.43491992463062
0.2742941320893691,0.0,1.0,0.0,-20.61264347783321,-9.12303829827867,-21.142142035791263,-9.84609027600994,2719058,T20,0.7230519777312701,0.5294985579580533,2719058,12.63212139511037,-121.755232,36.749564,Monterey,0.6839870435951916,4.197614604446891,-20.632154864284185,-9.10952560420616,0.7365646718037802
0.225245437156512,0.0078385544426743,1.0,0.0,-19.30583978632713,-11.584583068458102,-20.904118090906604,-12.213864386230512,2722778,T20,0.6292813177724099,1.5982783045794733,2722778,14.04255729089942,-121.74292,36.795737,Monterey,0.6599252333059485,11.20759297395692,-19.14040153619465,-11.372604657804729,0.8412597284257828
0.538450098526441,0.0,0.0759211292741266,0.0,-19.88929270399368,-2.786345438049349,-22.00114048549406,-4.322413948147244,2718185,T20,1.5360685100978948,2.11184778150038,2718185,6.255243000769396,-121.719086,36.801467,Monterey,1.006611639124907,53.91974280694833,-19.22795469312749,-3.303491092914488,1.0189228552327565
0.0847918899151231,0.1040873603102516,0.0,0.0,-17.44767415167069,-11.098232886524048,-19.838432262832768,-13.096183360126954,2722779,T20,1.9979504736029057,2.3907581111620786,2722779,22.781393592548795,-121.716449,36.788071,Monterey,0.9895310834225983,34.14215547005219,-16.584235545669845,-10.79995439510386,2.2962289650230936
0.1249651537038445,0.0,0.0,0.0,-18.64396811491253,-9.23511016651352,-20.06246509025368,-10.0799961644004,2722780,T20,0.8448859978868803,1.418496975341153,2722780,3.0524216493249186,-121.703334,36.800192,Monterey,2.0590851428778603,70.76181385012536,-18.06078469109651,-9.088355377895482,0.9916407865049184
0.3167123332532803,0.0816594982861384,0.8646704364342946,0.0,-20.34470164409042,-12.238569111672332,-21.24410898538491,-12.870858311000015,2722795,T20,0.6322891993276851,0.8994073412944878,2722795,28.410749267180968,-121.670791,36.75512,Monterey,0.8133058656823647,35.673632385137175,-20.283591849218418,-12.156021429583795,0.71483688141622
0.4969045033903059,0.0849769545490498,1.0,0.0,-20.995145560622365,-11.124665326555066,-21.830655264728247,-12.73807907188629,2722799,T20,1.6134137453312238,0.8355097041058812,2722799,10.778582402298406,-121.677591,36.758385,Monterey,0.22605462705948562,29.668222541899894,-20.40315689765436,-10.566288359080186,2.1717907128061036
0.3008750936295375,0.0039534501342784,0.9606883826296656,0.0,-20.74412081268202,-11.26413789955556,-21.15736880865936,-11.669211788827448,2724070,T20,0.4050738892718861,0.4132479959773363,2724070,21.21954165462285,-121.673135,36.758228,Monterey,0.4268778549934688,45.61590549665456,-20.042039983128863,-10.966824627700944,0.702387161126504
0.7404885950023428,0.1029630342165444,1.0,0.0,-22.124569693568738,-12.534984462206475,-23.11274824048741,-13.272447482088316,2724071,T20,0.7374630198818384,0.988178546918668,2724071,24.974424209917355,-121.669409,36.757939,Monterey,0.7060996855437239,43.45709479061871,-21.954267432516463,-12.12083872258868,1.151608759499636
0.5537970008125875,0.129293787397503,0.9930560685528552,0.0,-21.793451215941744,-12.750941933602832,-22.206585900101697,-13.0574479804564,2722802,T20,0.3065060468535687,0.413134684159953,2722802,12.597007356085571,-121.669986,36.76019,Monterey,0.4883409108587567,50.68028620539817,-21.404622446747727,-12.51851374689407,0.5389342335623297
0.0751411535011345,0.0,0.7937048176877209,0.0,-18.39650918180818,-10.99623591410338,-20.480629511229903,-12.08257106524221,2718218,T20,1.0863351511388295,2.0841203294217223,2718218,2.9311195783155988,-121.703044,36.778833,Monterey,2.149645542863959,44.459417982596115,-18.572613870382064,-11.3928995757046,0.6896714895376093
0.082316745374697,0.0040277559527255,0.4419862543523747,0.0,-18.57298385018457,-11.152429102867607,-20.35126469164604,-12.02052382721394,2724073,T20,0.8680947243463315,1.7782808414614664,2724073,9.363615862969915,-121.692758,36.778988,Monterey,1.7295756836924563,38.89652108059627,-18.452114593746845,-10.380489691891531,1.6400341353224093
0.3434005643222907,0.0,0.7477897376946389,0.0,-18.96152473707722,-10.085060901983049,-21.34762768628649,-11.20719636237856,2701084,T20,1.1221354603955105,2.3861029492092705,2701084,3.7108342449205822,-121.662865,36.86146,Monterey,0.11573711981417195,27.280638483497757,-19.28690699937489,-9.464921489415213,1.742274872963348
0.3014233351932735,0.0,1.0,2.4050949531487504e-05,-21.462315752204155,-8.698526075085221,-21.44303552758867,-8.930632809514409,2722848,T20,0.2321067344291876,-0.0192802246154855,2722848,32.24213131156644,-121.742284,36.704185,Monterey,0.2334127094390238,6.767730578103826,-21.627224785342182,-8.545043413096295,0.38558939641811385
0.9808660426335248,0.8027639787255928,1.0,0.0,-24.566702445564573,-15.33138105378624,-25.632327653096777,-16.40576868287308,2722849,T20,1.074387629086841,1.0656252075322037,2722849,51.28987594892178,-121.778462,36.689751,Monterey,1.9822312925175851,34.481251152028456,-24.207231802697088,-14.903881639362192,1.501887043510889
0.2120498940927276,0.0,0.9867419785047464,0.0,-19.188780433993767,-10.721624522331798,-20.2360368098258,-11.77401572585006,2723663,T20,1.0523912035182637,1.0472563758320348,2723663,0.9855646928646477,-121.696691,36.814375,Monterey,3.0773791220726223,82.83852745050766,-17.13362413624258,-11.670049140780312,0.1039665850697471
0.4542487338210469,0.294001125492403,1.0,0.0,-19.9274188852275,-13.233371788763376,-21.752668572706533,-13.734378825727015,2722874,T20,0.5010070369636406,1.8252496874790327,2722874,3.442727509509315,-121.670093,36.768364,Monterey,0.0667168554918588,22.4309008974538,-20.23688100632784,-12.839216158795974,0.8951626669310411
0.1521872486606595,0.0,1.0,0.0,-20.110179292181368,-11.194155307087469,-20.35838151473853,-11.911156740742094,2722875,T20,0.7170014336546249,0.2482022225571611,2722875,5.695484905860211,-121.695995,36.764293,Monterey,0.7154319070452975,13.343200784100262,-19.85600719161829,-11.152796493283764,0.7583602474583291
0.5755539338727655,0.0,0.9658297179608496,0.656885780960553,-24.554207498022013,-14.2837540807219,-22.39200008790825,-12.276301994597384,2711919,T20,-2.007452086124516,-2.162207410113762,2711919,9.636571452745237,-121.788943,36.86978,Monterey,0.8414095453763989,3.707385216276729,-20.883637864376546,-10.567444857650658,1.708857136946726
0.3101877910249194,0.009244571798939,0.0,0.0,-20.661237050270078,-11.911645398153135,-21.240560586027225,-12.420920886424,2714436,T20,0.5092754882708626,0.5793235357571511,2714436,4.544229285768636,-121.705583,36.773826,Monterey,1.551248356559035,33.99988093003093,-20.060197081568727,-11.6662252254663,0.7546956609576991
0.6354572207885627,0.0598418044686431,1.0,0.0448518196686452,-21.51335154603118,-12.30309979725564,-22.49011743073685,-13.3678721693544,2722918,T20,1.0647723720987583,0.9767658847056708,2722918,29.56504087588606,-121.678563,36.638185,Monterey,0.7705145983004449,13.95024744599162,-21.541129256430764,-12.365669845256214,1.0022023240981852
0.684462315368892,0.0896195003745803,1.0,0.0247639219023131,-22.09147265733792,-13.190540111081702,-22.63830279579554,-13.546168696142106,2722919,T20,0.355628585060403,0.5468301384576222,2722919,33.56293212151577,-121.679899,36.636538,Monterey,0.5874653367913588,13.621791981895282,-21.63054329540613,-12.976290870504746,0.5698778256373593
0.9938265404818236,0.9317515587101766,1.0,0.0,-24.906135032343627,-16.824461257888984,-25.642876294623,-17.003875422780506,2724916,T20,0.1794141648915221,0.7367412622793701,2724916,41.677258014689,-121.778615,36.691614,Monterey,2.008513315101984,34.65571760306794,-24.716957741479906,-16.576824041071053,0.4270513817094539
0.3883867288969609,0.0178665709277523,1.0,0.0,-20.288678145770803,-11.393950176840926,-21.66271786745896,-12.076017688001162,2724788,T20,0.6820675111602359,1.3740397216881597,2724788,7.341163181047932,-121.679808,36.750932,Monterey,1.0544245279299946,30.524400949342198,-19.38462017015273,-10.671920759420704,1.4040969285804579
0.3955998339559983,0.0639177159725105,1.0,0.0,-21.02130084268012,-11.784795794471986,-21.52442748778095,-12.379859197129456,2724789,T20,0.5950634026574697,0.5031266451008349,2724789,8.407904356995306,-121.67889,36.752757,Monterey,0.8515839697671629,29.633127851421552,-20.429418687423336,-10.989842139234518,1.3900170578949371
0.2070372036985963,0.0049571061531985,1.0,0.0,-19.73238094797475,-11.535301815269731,-21.037873831070023,-11.87061489338785,2724790,T20,0.3353130781181193,1.305492883095276,2724790,10.661748745518569,-121.678054,36.750064,Monterey,1.1508984731842278,28.297907256700782,-20.27963605330641,-11.224824786537166,0.6457901068506846
0.5529650613287993,0.1850186652867906,1.0,0.0,-21.593218754864765,-12.480152464335152,-22.29331975304005,-13.008113634611432,2701607,T20,0.5279611702762814,0.7001009981752873,2701607,29.35115112078249,-121.676281,36.754313,Monterey,0.6823895799985514,38.36309138940067,-21.30356935210339,-12.117821459782318,0.8902921748291135
0.7174882541576554,0.1048251174584234,1.0,0.0,-21.276341875028024,-13.689963842678123,-22.631359150047462,-13.77929991017788,2724742,T20,0.0893360674997545,1.3550172750194385,2724742,5.20254013353353,-121.680336,36.756863,Monterey,0.3952190821413688,40.03699701044489,-20.887599267984008,-12.740137459989608,1.0391624501882717
0.3650377604634184,0.027778775148708,1.0,0.0,-20.748853629807677,-11.81348555744656,-21.629064349768573,-12.370439556386764,2724084,T20,0.5569539989402053,0.8802107199608997,2724084,6.472775549289613,-121.67762,36.764165,Monterey,0.2979004224858436,15.159708343268361,-20.607037526562003,-11.450513587010288,0.9199259693764752
0.6880404675043914,0.1666666666666666,0.1012194298067828,0.0,-21.10269176122097,-12.66403734130162,-22.73219772166716,-13.70383058055202,2724786,T20,1.0397932392503986,1.6295059604461848,2724786,9.1814248437708,-121.704588,36.775133,Monterey,1.7160273345524368,30.323927142655204,-21.15694382207346,-12.41502648253005,1.28880409802197
0.061746331541479,0.0,0.2245629328296769,0.0,-17.624726702676796,-10.51756701201576,-19.440328659886514,-11.609330198414002,2724825,T20,1.0917631863982429,1.8156019572097184,2724825,1.5978470981901989,-121.712818,36.769679,Monterey,1.0292277906705136,26.5619076018449,-16.551549445136065,-10.346435915088788,1.2628942833252133
0.3720477386934673,0.0033919597989949,0.4246440536013399,0.0,-21.90217292677865,-11.879201358100474,-21.73375613616017,-11.731234848172024,2724822,T20,-0.1479665099284499,-0.1684167906184761,2724822,3.701356736237209,-121.708177,36.769336,Monterey,1.0110508300616885,25.73348751393594,-21.487671135424343,-11.1847360748195,0.5464987733525231
0.4991919367451558,0.0,0.0,0.0,-21.722761826043023,-10.297524742293662,-22.06274220936427,-10.784655679764429,2724827,T20,0.4871309374707646,0.3399803833212438,2724827,4.456533502287824,-121.709028,36.77007,Monterey,1.07982716786015,28.99887601362032,-21.885930734879857,-10.61643133142941,0.1682243483350181
0.3179465136705974,0.015492720850698,0.957203461100002,0.0,-22.144951225174815,-11.07588102130703,-21.343135719779024,-11.553549171599531,2724772,T20,0.4776681502925033,-0.801815505395794,2724772,4.15247073226409,-121.706617,36.764866,Monterey,0.5993108982419737,16.361939921679667,-21.713029230693877,-11.170468541739393,0.3830806298601388
0.7385147891755821,0.2843926998112019,1.0,0.0,-22.13769049639573,-13.35431544187434,-22.775908378837567,-14.258639637496866,2724800,T20,0.9043241956225252,0.6382178824418325,2724800,1.2348279683929522,-121.70554,36.765238,Monterey,0.6899661673821821,14.457044737919684,-20.775408960267256,-13.05888092911296,1.1997587083839072
0.6187277214148615,0.0,1.0,0.0,-20.876660695280844,-11.691197057241014,-22.35529006737918,-12.15048958002276,2724820,T20,0.4592925227817446,1.478629372098336,2724820,0.5650027296029471,-121.704692,36.765667,Monterey,0.7751630873634939,14.48335208845753,-19.05618996224801,-11.440525396675948,0.7099641833468127
0.5629759812536616,0.0,1.0,0.0,-22.348032603818265,-13.00846859410274,-22.32266990600868,-12.115404171807864,2724821,T20,-0.8930644222948754,-0.0253626978095873,2724821,1.0582126135213037,-121.705087,36.765966,Monterey,0.7784839133460304,17.048449799339892,-22.00121354410653,-11.130077167386432,0.985327004421432
0.2646748533569651,0.0432649702493986,1.0,0.0,-20.420174585971463,-12.016162199929996,-21.1702763320382,-13.327935125713608,2724914,T20,1.311772925783611,0.7501017460667327,2724914,7.336734899898557,-121.744586,36.797037,Monterey,0.8286446522626119,18.452942867361962,-19.578914868484148,-11.483317812759482,1.8446173129541261
0.7710787205798689,0.6374660233043259,0.8555384647801263,0.0,-21.730493311936733,-13.759423365483912,-23.281034186104247,-15.342805134726367,2724087,T20,1.583381769242454,1.5505408741675133,2724087,29.39766390104861,-121.694195,36.843958,Monterey,1.4057680065142917,89.41284263567798,-21.22118350642122,-13.25321990467806,2.089585230048307
0.2934580947003307,0.0745341614906832,0.0,0.0,-20.111160996679804,-12.204061198715427,-21.250682247246832,-13.355755707892037,2724815,T20,1.151694509176609,1.139521250567029,2724815,0.962237628951918,-121.738597,36.846155,Monterey,0.814857872039517,68.91027039889991,-20.075436332986467,-12.16565521049079,1.1901004974012466
0.2923109189844213,0.032683546368689,1.0,0.0,-20.61952856382818,-12.482909946427702,-21.20859835591035,-12.27623190586102,2724872,T20,-0.2066780405666808,0.5890697920821708,2724872,6.612453617086797,-121.78772,36.835394,Monterey,2.0786661042921257,5.763526513751162,-20.62950320296715,-12.465958533938604,-0.1897266280775849
0.34626993166287,0.0,1.0,0.0,-19.190559759162603,-3.706692779577647,-21.408525932814296,-7.911686322886467,2724756,T20,4.20499354330882,2.2179661736516927,2724756,5.43195047375508,-121.723742,36.905689,Monterey,0.6038939348044943,11.16009227915885,-19.85307562235177,-4.36441937512414,3.5472669477623278
0.7652580013560977,0.0025293503683556,1.0,0.0,-21.915912234439592,-10.164773638075289,-22.89671143525697,-10.448227742073838,2724774,T20,0.283454103998551,0.9807992008173834,2724774,10.164128217792088,-121.674349,36.765257,Monterey,0.14637063814095813,3.6779126847849004,-21.389653274808683,-10.317160636105742,0.13106710596809634
0.8046347183813489,0.0698708299786466,0.999789967444954,0.0,-22.333132651878586,-13.655280157757469,-22.966528522771146,-13.52216223940267,2724823,T20,-0.1331179183547988,0.63339587089256,2724823,2.214685759315256,-121.707455,36.768512,Monterey,0.9375170689233681,20.631363057754697,-21.17063080111918,-12.786258140303447,0.7359040990992227
0.2884188088227325,0.0,1.0,0.0,-20.27028786383002,-8.788272537150402,-21.29489783067231,-9.224422397722368,2724830,T20,0.436149860571966,1.024609966842288,2724830,8.57785835482313,-121.753808,36.752109,Monterey,0.40795311800266676,4.06033773826834,-20.587090251148357,-9.273649067300308,-0.04922666957794064
0.1504731610337971,0.0,1.0,0.0,-19.755605898294004,-8.501631256155273,-20.69594305180153,-8.923735718567071,2724911,T20,0.4221044624117986,0.9403371535075316,2724911,4.872969423444962,-121.755647,36.75095,Monterey,0.6164602563206596,4.110031826607039,-20.686287279612056,-8.611433207541886,0.3123025110251856
0.690531534492522,0.0373258148440006,1.0,0.0,-22.75735865583049,-13.053767239324516,-22.73493751904679,-13.163588840673937,2724889,T20,0.1098216013494202,-0.0224211367837021,2724889,19.580624546076727,-121.697605,36.653945,Monterey,0.7314303823097662,11.310930076550303,-22.38115906831888,-13.41192726259793,-0.24833842192399302
0.4579465541490856,0.0,1.0,0.0,-21.132406464660807,-11.102376510628014,-21.990618010890763,-11.558715347164233,2724777,T20,0.4563388365362186,0.8582115462299562,2724777,1.6527140195828056,-121.715223,36.802511,Monterey,1.3065382634881946,76.19992727681161,-19.91355572442851,-10.699540806153706,0.8591745410105265
0.3717373385841194,0.0,0.0,0.0,-21.349598345162335,-8.619400298620143,-21.444063902052463,-9.11050132543998,2724099,T20,0.4911010268198374,0.0944655568901282,2724099,10.978978663677392,-121.693196,36.860251,Monterey,0.026878071653908285,10.228031531614244,-20.884081122939484,-8.540656592638614,0.569844732801366
0.0,0.0,0.0,0.0,-16.75158705586379,-5.304661836364654,-19.68272361783776,-5.898156900157411,2724812,T20,0.5934950637927567,2.931136561973968,2724812,0.8971110859546187,-121.723065,36.866852,Monterey,0.2521485481135493,19.64087941351763,-16.694973284548798,-5.523255942658807,0.3749009574986042
0.0032473557246242,0.0,1.0,0.0,-17.37197389931266,-11.104036520243898,-18.842850963862062,-11.631949972836887,2724100,T20,0.5279134525929905,1.4708770645494056,2724100,0.8279213803245985,-121.726729,36.887628,Monterey,2.5333823251426835,51.95110675474114,-16.2867665542295,-10.651360710075242,0.9805892627616455
0.5027314112291352,0.1425644916540212,1.0,0.0,-21.686407847097385,-13.106616199313816,-21.72264012348808,-13.015468378361026,2724101,T20,-0.0911478209527896,0.0362322763906917,2724101,1.0203209411321956,-121.727222,36.887486,Monterey,2.54564958095143,52.07758355726784,-19.500362259377415,-12.332007345451265,0.6834610329097615
0.0,0.0,1.0,0.0,-17.395046689338578,-11.923509230552272,-17.9402936498315,-11.629316706218978,2724102,T20,-0.2941925243332957,0.5452469604929213,2724102,0.8116530245595415,-121.726102,36.887206,Monterey,2.5144956046698157,43.72567214463647,-18.45334458307741,-9.8647215043062,1.764595201912778
0.7488896969841489,0.0918526113730796,1.0,0.0,-22.19319313876253,-11.691905661183018,-22.899445355048112,-12.777235966880706,2724862,T20,1.0853303056976884,0.7062522162855771,2724862,12.97245783625232,-121.767058,36.841014,Monterey,1.2308173348994,46.88590363335567,-20.63070415355257,-10.90402030922044,1.8732156576602659
0.0,0.0,0.9884587482688122,0.0,-16.796068846214286,-4.863774193647228,-17.07454680548395,-6.117997220831022,2724105,T20,1.2542230271837935,0.2784779592696651,2724105,1.1726151682332635,-121.720555,36.784829,Monterey,1.0678016357969404,30.39514317493958,-18.901272145388127,-5.333579011641832,0.78441820918919
0.0,0.0,0.6350569675723048,0.0,-15.652867384360492,-5.096998690101159,-17.916237443376204,-6.107527501046705,2724106,T20,1.010528810945546,2.2633700590157115,2724106,0.8810571391859913,-121.720452,36.784196,Monterey,1.1366791209599123,29.62619573039823,-16.407419109912226,-5.5918273983676094,0.5157001026790953
0.0,0.0,0.9083721873099532,0.0,-15.488546636334435,-7.575775507252655,-17.21713970345552,-6.2381542660569504,2724107,T20,-1.3376212411957047,1.7285930671210838,2724107,0.7628173965708593,-121.720574,36.783672,Monterey,1.1876184803173435,25.967055601834918,-16.277735419183344,-6.989647645204877,-0.7514933791479264
0.0,0.0,0.2383107088989442,0.0,-16.383667109925945,-4.802528466653895,-17.323013041501557,-6.175735239593798,2724108,T20,1.373206772939903,0.9393459315756124,2724108,0.7734942243787742,-121.721579,36.78412,Monterey,1.1129812560396732,14.381215296419743,-15.688035240868691,-5.570400172285687,0.6053350673081104
0.0,0.0,0.5738730450781969,0.0,-16.751585481433597,-6.866084097889533,-19.674576067274565,-7.94807128763777,2724109,T20,1.0819871897482374,2.9229905858409677,2724109,0.4223296477675171,-121.722126,36.784486,Monterey,1.0611067461727812,13.097126346612704,-16.450046228033028,-5.859539140749996,2.0885321468877738
0.0,0.0,0.99066091954023,0.0,-18.98441512002801,-10.53164554177487,-17.29415102589461,-9.241439749442677,2724110,T20,-1.2902057923321948,-1.6902640941334042,2724110,0.2160097252263234,-121.721503,36.784827,Monterey,1.039638707185898,20.49487523237865,-16.299986309073223,-9.229198670895489,0.012241078547187811
0.3949080192829955,0.0216329812380732,1.0,0.0,-23.4379400442522,-13.841983977772324,-21.78085322476281,-12.75958668928731,2706910,T20,-1.0823972884850122,-1.6570868194893862,2706910,22.572793988214123,-121.238793,36.348356,Monterey,1.0768514845775923,70.42896138698919,-21.972582474576864,-12.578998574222751,0.18058811506455896
0.7646460364561256,0.5461212378126323,0.0,0.0,-20.241084069052903,-12.951225714443748,-22.85838164183244,-15.04253334837059,2724418,T20,2.091307633926842,2.617297572779531,2724418,1.8300241609391408,-121.687268,36.856659,Monterey,0.13237236588207232,13.393401595039249,-19.57907036996112,-13.041276844788714,2.0012565035818763
0.9315922822061974,0.4258429156109917,0.3557298772169167,0.0,-22.58221407298828,-13.424812319434665,-23.89125833356308,-14.654845984068633,2724419,T20,1.2300336646339662,1.3090442605747974,2724419,1.5894800949623171,-121.688147,36.85789,Monterey,0.014222386952886698,15.284852386008824,-20.283173929306272,-12.039935276344623,2.6149107077240092
0.1985544797490795,0.0,1.0,0.0,-20.10462940972908,-7.886799522269051,-20.635384919460453,-8.537428824800479,2725948,T20,0.6506293025314278,0.5307555097313745,2725948,14.771063213061876,-121.706384,36.746225,Monterey,1.114253277082756,15.274657788075238,-19.474776082794552,-7.840124128964897,0.697304695835582
0.0144591713782556,0.0,1.0,0.0,-18.813902326573466,-11.432761534210464,-20.043190709536383,-11.480359054212052,2725949,T20,0.0475975200015899,1.2292883829629204,2725949,0.83604401392056,-121.705866,36.743943,Monterey,1.3678244235938175,5.315058818770821,-19.67415197404508,-10.982131728317018,0.4982273258950336
0.0,0.0,1.0,0.0,-20.9298548042676,-5.805726155853756,-20.935993437200523,-9.11246834315578,2725950,T20,3.3067421873020253,0.0061386329329202,2725950,0.1530359914697565,-121.705694,36.744603,Monterey,1.2944694533742818,5.643740323706519,-18.4769205724388,-6.975222571727685,2.137245771428094
0.0211680042871907,0.0,0.0,0.0,-20.835631998942837,-11.372351504212174,-18.87819359121971,-10.03592741331984,2726554,T20,-1.3364240908923346,-1.9574384077231244,2726554,6.060109856071165,-121.687164,36.903269,Monterey,0.3659456546251336,16.518977130943785,-21.11507173432605,-12.684549444586732,-2.6486220312668927
0.9026514360702672,0.0903098809985385,1.0,0.986936681678547,-20.447663141814285,-9.45977005125988,-23.572763985701428,-13.38298083359686,2726556,T20,3.92321078233698,3.125100843887143,2726556,2.59472337242424,-121.774053,36.882505,Monterey,0.12337592495719751,5.766920174909264,-21.77476620456235,-11.210728993011662,2.172251840585199
0.0824817518248175,0.0,1.0,0.884420620437956,-20.96980871583314,-9.643931725663036,-19.189662139359744,-10.558194761358465,2726568,T20,0.9142630356954288,-1.7801465764733957,2726568,3.397740234195094,-121.77307,36.882263,Monterey,0.20848491603135488,5.8922973476187135,-19.984593221388582,-10.527343670465772,0.030851090892692667
0.4884653779834831,0.0,1.0,1.0,-20.52130296301198,-3.1959502756915072,-22.14181357123353,-7.284584772964538,2726604,T20,4.088634497273031,1.6205106082215543,2726604,12.786007509614343,-121.763004,36.883809,Monterey,0.5108030319203148,6.3465990185820536,-21.30471309326858,-3.768193303576094,3.516391469388444
0.6017478479949613,0.0,0.6949303222758765,0.6949303222758765,-22.369204272767536,-4.536073470153839,-22.35857331485484,-8.800587542933046,2726547,T20,4.264514072779208,-0.0106309579126957,2726547,23.594859618117244,-121.752847,36.887581,Monterey,0.9545950103500681,6.920870757907932,-22.903129891541163,-4.497256612772191,4.303330930160855
0.973487406925174,0.0,0.9759856776661108,0.9759856776661108,-22.05824018525209,-4.322875252737608,-24.62560170219972,-9.161297544218714,2726581,T20,4.8384222914811055,2.5673615169476243,2726581,9.509533318953126,-121.756181,36.88345,Monterey,1.009867996560165,6.423505418665475,-22.46039316914566,-4.920535187152888,4.240762357065826
0.9514867234536936,0.0,1.0,1.0,-25.105849329131438,-6.805212291230871,-24.31646398308539,-7.934172926248014,2726550,T20,1.128960635017143,-0.7893853460460427,2726550,14.249639977309704,-121.751794,36.885112,Monterey,1.199261420556056,6.536406278927343,-24.89647275668302,-4.75356700467294,3.180605921575074
0.7525910571513178,0.0,1.0,0.0,-20.90736378598206,-4.52882721663463,-22.98006936104164,-6.99501419693165,2727142,T20,2.46618698029702,2.072705575059576,2727142,2.6233783388098577,-121.739143,36.885991,Monterey,2.0806786937905564,8.29160551983893,-20.57183594228973,-4.975721200036291,2.0192929968953592
0.9325289376593354,0.0,1.0,0.894953525564898,-22.924931833337244,-4.108590343525586,-24.235538372251742,-9.465968319682592,2726570,T20,5.357377976157007,1.3106065389145023,2726570,4.884537565446844,-121.749073,36.88201,Monterey,1.6038042318940664,6.821064677021086,-22.32337481828333,-4.755662120905503,4.710306198777088
0.4176593834181383,0.3341514516611792,0.9562406465130202,0.0,-19.55044086890139,-13.504256984477248,-21.24804977886473,-13.799310034924751,2725965,T20,0.2950530504475033,1.6976089099633356,2725965,1.289428463365199,-121.666459,36.877471,Monterey,1.1271843977976064,66.74745241386097,-19.417055430951187,-14.326920395751412,-0.5276103608266602
0.0,0.0,0.0,0.0,-15.28962051503296,-9.467520929995493,-16.48501072863368,-10.640723354378537,2725966,T20,1.1732024243830423,1.195390213600719,2725966,0.2998202507983356,-121.665634,36.877504,Monterey,1.1694064117686578,60.236186649360704,-15.743177304282796,-10.587185700813174,0.05353765356536222
0.0,0.0,0.0,0.0,-15.619847280311872,-8.441748348614142,-15.365095949309614,-9.14612139329903,2725967,T20,0.7043730446848873,-0.2547513310022591,2725967,0.1656770985151769,-121.665529,36.877178,Monterey,1.1447735906229775,56.78515908392993,-13.826698173817295,-8.51815323163498,0.6279681616640502
0.0,0.0004511617414843,1.0,0.7078727723889012,-16.69808206017429,-9.318175425909624,-18.981254837577687,-11.842970909495554,2726539,T20,2.5247954835859296,2.283172777403397,2726539,1.7137543728353273,-121.793505,36.862915,Monterey,0.7638276480656806,2.543939488837123,-17.77635546919771,-10.039605246020496,1.8033656634750574
0.0170043821865987,0.0,1.0,0.907636990149444,-17.930091098777865,-8.76626809947532,-19.74373553763996,-10.60173177564311,2726589,T20,1.8354636761677887,1.8136444388620951,2726589,2.066884493950889,-121.794034,36.86219,Monterey,0.716736978941674,2.441913840038383,-18.543674537865005,-9.54338771884816,1.0583440567949491
0.0,0.0,1.0,0.0,-15.162707234688618,-9.489084299608644,-15.20742284939178,-10.801559266344755,2725976,T20,1.3124749667361133,0.0447156147031613,2725976,0.3233868892751399,-121.718799,36.858023,Monterey,0.26631334988582733,28.811415765924192,-15.991125521842443,-8.630923401028125,2.1706358653166298
0.0,0.0509083649431024,1.0,0.0,-16.160089638671582,-9.223402122192615,-18.44174954132723,-12.84748993489812,2726486,T20,3.6240878127055023,2.2816599026556474,2726486,0.3928743429809,-121.719058,36.855873,Monterey,0.5059985428026914,39.38325102492516,-15.18534208651814,-10.40873649184943,2.4387534430486895
0.0,0.0,0.9615384615384616,0.0,-19.09591077039478,-10.64565659072853,-19.372568233271185,-11.710785156590877,2726482,T20,1.065128565862345,0.276657462876404,2726482,0.1755594109468256,-121.703382,36.866347,Monterey,0.6589246158821858,44.55992606253249,-16.433294230394065,-10.888694499206537,0.8220906573843401
0.0402870878190805,0.0690635791184237,1.0,0.0,-18.701256995636463,-10.550612040799152,-19.97401616893833,-11.854365754728152,2726442,T20,1.303753713929,1.2727591733018675,2726442,3.430157398511535,-121.704895,36.858301,Monterey,0.23539365797660744,10.385951946666731,-17.63650278011596,-9.962944615298223,1.8914211394299283
0.0603113784072169,0.0578863129304491,1.0,0.0,-19.177276749883177,-11.7740430479862,-19.607367479264354,-12.273466358389904,2726443,T20,0.4994233104037047,0.4300907293811775,2726443,3.1972397070606307,-121.70334,36.858779,Monterey,0.18225503189206407,6.774645788996374,-19.493572627020416,-11.882268811673846,0.39119754671605733
0.0154809803506347,0.0,0.2767406350657021,0.0,-21.1534394020651,-10.43377624246496,-18.522124919324025,-9.993944424803905,2725982,T20,-0.4398318176610551,-2.6313144827410757,2725982,13.915307516933698,-121.796044,36.846526,Monterey,1.385249004965827,9.9291534832623,-21.12482463669417,-10.865558976780523,-0.8716145519766183
0.0,0.0,1.0,0.0,-18.42545724594963,-8.968971858790049,-19.31654393697745,-9.30413720190078,2726590,T20,0.3351653431107309,0.8910866910278159,2726590,6.926150473388751,-121.751869,36.847796,Monterey,0.2961118752568602,15.875182576275922,-18.084412602554853,-8.577754777114876,0.7263824247859034
0.0,0.0,0.0,0.0,-17.87217400718376,-7.750344328633283,-17.9185705272194,-4.89322374717607,2726623,T20,-2.857120581457213,0.0463965200356426,2726623,0.6577638377849763,-121.708823,36.851381,Monterey,1.0045599632453122,42.64511944401557,-18.025336129612484,-7.379201617167966,-2.4859778699918955
0.0,0.0,1.0,0.0,-15.574097082544906,-9.49754355477945,-16.798951953401648,-9.54950361509901,2726559,T20,0.0519600603195602,1.224854870856742,2726559,0.1095623210076874,-121.67048,36.849979,Monterey,1.2736122858008918,110.43502503413993,-16.73384409852059,-8.586493251203725,0.9630103638952843
0.980253008330762,0.8389385991977786,1.0,0.0,-23.48740092112617,-15.734869569081482,-25.666708950162597,-16.92508947407597,2726576,T20,1.190219904994489,2.179308029036424,2726576,0.2539227071474774,-121.790454,36.826297,Monterey,1.4569765995174608,10.32889144959843,-22.77011337679336,-14.70735545068264,2.217734023393332
0.9505398815743644,0.4444444444444443,1.0,0.0,-24.66274925958137,-13.998718752679672,-24.84029948038016,-14.52390010139204,2726532,T20,0.5251813487123673,0.1775502207987855,2726532,0.2246724248581074,-121.78956,36.826296,Monterey,1.3925586276419704,10.497737032160533,-23.271934413686928,-14.20201141461631,0.3218886867757309
0.5777886659580121,0.0733955620515546,1.0,0.0,-18.12891575734235,-11.42332329524252,-21.953085344065848,-13.0961112707664,2726665,T20,1.67278797552388,3.824169586723496,2726665,9.41257250768291,-121.09542,36.098016,Monterey,2.077858507256289,209.80838738341862,-17.545620007757194,-10.48241456597647,2.6136967047899304
0.3271626417983159,0.0,1.0,0.0,-19.82146789340845,-11.12290207975468,-21.239402356002937,-12.705455208424448,2726514,T20,1.5825531286697672,1.417934462594488,2726514,1.1135835660813982,-121.696077,36.81357,Monterey,2.9942180256067017,70.49500658490713,-17.80451069803533,-11.14542730676618,1.5600279016582679
0.0,0.0,0.0,0.0,-17.166779747485492,-2.111389101405053,-19.768350327801087,-3.432348701272045,2726507,T20,1.3209595998669923,2.6015705803155957,2726507,1.0609643621329017,-121.720289,36.80323,Monterey,1.1341483566137338,56.747908287886624,-17.72403445805737,-2.7303889884098846,0.7019597128621604
0.3678938819707634,0.0,0.0,0.0,-21.170206401960822,-11.574169761544631,-21.328442093056093,-12.537583219407972,2726035,T20,0.9634134578633412,0.1582356910952675,2726035,0.5723537464534156,-121.705767,36.799272,Monterey,1.8203821288029174,72.77254462125951,-20.571768403848488,-12.158961049036074,0.37862217037189794
0.0004745054974851,0.0,1.0,0.0,-15.619131960114704,-9.060382689418194,-18.3247455082775,-10.838911322931516,2726619,T20,1.7785286335133232,2.705613548162793,2726619,5.720010108530923,-121.76474,36.790489,Monterey,0.36253702777387925,2.1319897477557403,-16.227382304837906,-10.040386269119832,0.7985250538116837
0.0,0.0,0.0,0.0,-20.846274395151283,-12.910595607281582,-20.306851873210675,-12.81999394474194,2726039,T20,-0.0906016625396421,-0.5394225219406081,2726039,0.1425062490994678,-121.716571,36.78579,Monterey,1.1606471180462226,14.579969503410775,-19.836893469896918,-10.06518960882827,2.7548043359136702
0.0,0.0,0.0,0.0,-19.21747153544037,-10.632633272718234,-15.709175798898729,-9.477315050265853,2726040,T20,-1.155318222452383,-3.508295736541644,2726040,0.1027460789865298,-121.71614,36.785362,Monterey,1.2217723077806362,15.002978195529643,-15.55991403944465,-9.900250753447615,-0.42293570318176243
0.6303798722202958,0.2816601456094299,0.8530285770888018,0.0,-21.368620747137463,-12.798971082535909,-22.64673455641794,-13.861956056772025,2726645,T20,1.062984974236116,1.278113809280477,2726645,3.123466986677738,-121.695245,36.77987,Monterey,1.9116020987853233,49.58164804607966,-21.23393553128933,-12.36264163183086,1.499314424941165
0.7972681023067811,0.1262805770436964,1.0,0.0,-20.408073898931796,-13.09112034693038,-22.813361787139005,-13.935504555003682,2726045,T20,0.8443842080733006,2.405287888207212,2726045,1.114424194233843,-121.670162,36.769993,Monterey,0.12601880337637197,35.852033465836925,-22.17365108592377,-12.737941910844947,1.1975626441587348
0.0597679366384781,0.0,1.0,0.0,-19.704235563435507,-6.916972949464435,-20.197185800481137,-7.444629286828349,2726592,T20,0.5276563373639132,0.4929502370456298,2726592,4.343516347707152,-121.704051,36.758181,Monterey,0.21465770270719228,17.314373932606333,-18.808794493172943,-7.362711787110108,0.0819174997182408
0.0,0.0,1.0,0.0,-17.897635669009425,-11.114949427504076,-19.01496535930785,-10.921923670548876,2726555,T20,-0.1930257569551994,1.1173296902984262,2726555,2.274624940657674,-121.705868,36.758188,Monterey,0.1613228852041184,10.397220240487833,-17.30270683819226,-9.554020601901932,1.3679030686469442
0.2638195643047069,0.0392079115547884,1.0,0.0,-19.48007589247464,-11.29855513869284,-21.14849877065732,-11.710496781950985,2726046,T20,0.4119416432581442,1.6684228781826782,2726046,9.972233780814529,-121.63886,36.759225,Monterey,2.5256814043180045,42.12636464914939,-19.896453868888283,-11.331173580306087,0.3793232016448975
0.0985308383922231,0.0031903509386032,1.0,0.0,-19.669779350740573,-11.22315317247951,-20.07324437061258,-11.728735236761192,2726047,T20,0.5055820642816826,0.4034650198720086,2726047,7.755213764884565,-121.639548,36.756107,Monterey,2.5946910274340533,39.86600169014425,-18.40864613032496,-11.040024152035627,0.6887110847255649
0.3906333973128598,0.1616890595009596,1.0,0.0,-20.56511754812053,-12.53399863711036,-21.678403767276496,-13.651832913483592,2726048,T20,1.1178342763732338,1.1132862191559667,2726048,2.010212910122964,-121.638491,36.751333,Monterey,2.292273337349936,38.175145389315254,-20.05585931499717,-12.311981536186346,1.3398513772972453
0.0510855127060514,0.021634039588006,1.0,0.0,-18.711421458581142,-9.6117630344084,-19.525190110767934,-11.10221441451347,2726049,T20,1.4904513801050694,0.8137686521867913,2726049,7.115395254502699,-121.637414,36.752118,Monterey,2.23806462567196,49.766211344006194,-18.882125316445883,-10.21066356562285,0.8915508488906205
0.0,0.0,1.0,0.0,-19.608873817393107,-10.18883640618882,-18.058632273715915,-9.86890309488282,2726566,T20,-0.3199333113060021,-1.550241543677192,2726566,1.4996605113406147,-121.661462,36.72911,Monterey,0.22525168389059386,26.521872589274736,-19.87872126057476,-9.063442987480167,0.8054601074026522
0.9708967631783604,0.700383931205249,1.0,0.0,-26.676536147355623,-17.02686740173015,-25.956465627758607,-15.77790785611763,2700801,T20,-1.2489595456125215,-0.7200705195970158,2700801,34.689461740358,-121.776597,36.718467,Monterey,0.8572401044641312,22.496828262897303,-26.415398911613792,-17.286499308199204,-1.5085914520815749
0.2949747846655063,0.0,1.0,0.3148123354308921,-19.971835845555585,-11.64227961330552,-21.203241533429697,-11.915229634329656,2726662,T20,0.2729500210241351,1.231405687874112,2726662,3.491117875379804,-121.727676,36.674697,Monterey,0.6611135725603411,9.129854829817745,-19.152746553005287,-10.139648049896644,1.7755815844330112
0.9144802920065652,0.4864775483207175,1.0,0.0,-23.063627933589345,-14.649271219872938,-23.647421766281298,-14.920774153903992,2726253,T20,0.2715029340310533,0.5837938326919527,2726253,12.682193212174525,-121.582782,36.675239,Monterey,0.2049164638762125,40.962365479300075,-22.83536192932433,-13.540021972311296,1.3807521815926957
0.2024589022011701,0.1440512677626079,1.0,0.0,-17.477746479377995,-11.313518772893502,-20.316496426670717,-13.251932579258453,2726269,T20,1.9384138063649488,2.838749947292719,2726269,2.2334280499839307,-121.55282,36.667517,Monterey,1.0278789236759083,40.94891326903763,-17.359069550718825,-10.175250694948806,3.0766818843096466
0.2551695616211745,0.0,1.0,0.0,-21.169294371637285,-11.82380361774262,-21.016934874374343,-10.304962110371418,2726573,T20,-1.5188415073712012,-0.1523594972629389,2726573,1.686332708274059,-121.705993,36.645829,Monterey,0.3489710363197334,10.502961015933556,-19.939585673738804,-10.259264975336947,0.04569713503447126
0.160018715639256,0.0,1.0,0.0,-20.056796077743904,-10.16422863958284,-21.01309110348284,-12.060882332966235,2726265,T20,1.896653693383396,0.9562950257389352,2726265,1.3218112683285903,-121.668743,36.635322,Monterey,0.5861562303764654,14.5865431098523,-19.372716708151025,-10.840219431408864,1.2206629015573718
0.4980841440846503,0.183868416404948,1.0,0.0,-20.257079620206515,-11.839711097019157,-21.81232007855224,-13.464030714331512,2726503,T20,1.6243196173123555,1.5552404583457218,2726503,10.081440763675213,-121.665206,36.828604,Monterey,2.7166790465724677,136.53541849866875,-19.46427344934266,-12.06029561403295,1.4037351002985616
0.0,0.0,0.4599459945994599,0.0,-16.674293524692988,-9.705198413889905,-18.12188122559301,-10.799883783559755,2726120,T20,1.0946853696698504,1.4475877009000229,2726120,0.3457781492311228,-121.700769,36.868637,Monterey,0.9209445544599832,51.84359960186922,-16.080517407176732,-9.69065193142794,1.1092318521318152
0.1663737551259519,0.0,0.0,0.0,-18.60394942376497,-11.114475175422468,-20.67816940169643,-11.867634466731028,2727190,T20,0.7531592913085596,2.07421997793146,2727190,1.1964571820740455,-121.711174,36.775066,Monterey,1.6279740335154185,16.129236080214625,-18.486365019185243,-11.182197772200686,0.6854366945303418
0.797593065946539,0.3046584633326823,0.8555782954162664,0.0,-23.02085697545993,-13.780661958870224,-23.209561461710614,-14.200520413489697,2714782,T20,0.4198584546194723,0.1887044862506819,2714782,54.71164351805384,-121.767953,36.857979,Monterey,1.230945425235226,56.296515354524836,-22.291218135859737,-13.594591155311925,0.6059292581777722
0.9840036890846928,0.5605558828635179,1.0,0.0,-24.543147752823028,-14.5405874994583,-25.253556425092636,-15.153969294606531,2726144,T20,0.6133817951482321,0.7104086722696046,2726144,115.69689453799748,-121.770829,36.697504,Monterey,1.5709221327616434,32.2445744198237,-23.644419549735552,-13.974344431358745,1.1796248632477866
