feb_n,feb_ndvi,post_n,post_ndvi,pre_n,pre_ndvi,unit_id,group
4.0,0.3606458348039742,14.0,0.41321168638367994,6.0,0.3809101536565497,4400056,A units
2.9622060142751274,0.377368903647947,10.367721049962949,0.3856409746437058,4.3617925816139484,0.3978427521972493,4400039,A units
10.999906480875339,0.24706913202925768,25.87533900682689,0.2581450007984795,10.999906480875339,0.24706913202925768,4400035,A units
4.2125543358137465,0.40532350091139185,14.0,0.4229663614849786,6.212554335813747,0.4231709306333004,4400031,A units
4.833800500803527,0.4508511765704818,14.0,0.4851444723450664,6.833800500803528,0.49256520605089055,4400011,A units
8.0,0.44800917061313544,28.0,0.3863778953442379,12.0,0.4423225843320015,4400006,A units
4.851146634074171,0.35646849498092836,14.0,0.3896244547086701,6.851146634074172,0.3849940199608289,4400005,A units
4.0,0.4528417525225068,14.0,0.4646507702373302,6.0,0.4810310395004294,4400004,A units
4.710065199674002,0.3672660064074662,14.0,0.4451588232680463,6.710065199674004,0.3904003657398585,4404078,A units
4.923484880886189,0.3921563930547879,14.0,0.38030611720889085,6.923484880886191,0.41232098308306425,4404045,A units
4.638051014403766,0.2895873251906022,14.0,0.4103092756663218,6.638051014403762,0.30424509937384964,4405091,A units
4.0,0.44425750672007497,14.0,0.4470824381859631,6.0,0.4607008180993184,4403743,A units
4.0,0.33015699687236444,14.0,0.46846633277155364,6.0,0.3468341439207955,4403738,A units
6.0,0.3862866368283257,14.0,0.38268492193214604,8.0,0.40947459085463894,4403731,A units
6.0,0.5278622310505787,14.0,0.47167151557417336,8.0,0.5378680513048625,4403728,A units
4.0,0.5710705718063139,14.0,0.4523154438801617,6.0,0.6016068236886252,4403726,A units
2.0,0.09988143787046438,8.0,0.1863859766104641,3.0,0.08570545497862408,4403725,A units
6.0,0.5115270980286628,15.734403065501139,0.470233901494289,8.0,0.5192371001802791,4404030,A units
6.0,0.34838042894466603,14.0,0.367139829897296,8.0,0.37087167374467883,4405096,A units
5.210927028041394,0.4110834635708278,14.0,0.3998299844223058,7.210927028041393,0.44234670871614784,4403991,A units
4.0,0.3398879418385756,14.0,0.3862898360268347,6.0,0.3701335870082742,4403956,A units
4.0,0.0842424258758385,14.0,0.12519450844515093,6.0,0.08395243255506978,4403933,A units
4.0,0.5660749958568293,14.0,0.5457879000434851,6.0,0.5968774783004593,4403904,A units
4.0,0.3506465150851414,14.0,0.339551010785627,6.0,0.3757701465433383,4403896,A units
4.0,0.34694370557933324,14.0,0.24411557114377994,6.0,0.33928795598048817,4403892,A units
4.0,0.4192573426562087,14.0,0.3912082057302739,6.0,0.43969104541437154,4403887,A units
4.0,0.6149146494273672,14.0,0.5482696490869204,6.0,0.6485105045120438,4403881,A units
6.0,0.11151846453892507,14.0,0.16810153228658234,8.0,0.10770640187584814,4404594,A units
6.0,0.5604751195422942,16.0,0.48007733718336826,8.0,0.5746200602173216,4404595,A units
4.0,0.41005247246916104,14.0,0.4278251634348682,6.0,0.4379029416690156,4403864,A units
2.0,0.5709420955504508,7.002252472823426,0.5067640595738585,2.0,0.5709420955504508,4403853,A units
4.0,0.22106526436438126,14.0,0.2951183225311025,6.0,0.22753130142328012,4403852,A units
4.0,0.4555421570586466,14.0,0.46471493421095666,6.0,0.48438024705143373,4403848,A units
6.0,0.48597749232671433,14.0,0.48885835837138475,8.0,0.5007300686574733,4403840,A units
4.0,0.3473417554242546,14.0,0.46504802332804956,6.0,0.36459488636071785,4403838,A units
4.0,0.32705277824578427,14.0,0.23912039225314996,6.0,0.2621499929808282,4403837,A units
4.0,0.3249354181312923,14.0,0.3831539683265919,6.0,0.34087501554609617,4403812,A units
4.189224374746195,0.2718319239970181,14.0,0.3285085932276389,6.189224374746199,0.2837966502882454,4404222,A units
4.0,0.3616876766595525,14.0,0.4101264781153128,6.0,0.377596333860201,4403806,A units
2.0,0.30528034088165235,7.768912163770532,0.38108017040282255,2.7407283980004755,0.31208958024958483,4403769,A units
6.0,0.2650487475151192,14.0,0.3132179156037496,8.0,0.27293495647481847,4403708,A units
5.993987876378815,0.14393639293085878,14.0,0.20178194459915333,7.993987876378813,0.15050594959066355,4403688,A units
4.0,0.2760143354586035,14.0,0.35814944255085146,6.0,0.2885893663425054,4403677,A units
6.0,0.32005500625178274,14.0,0.3423958897985861,8.0,0.34937194178102426,4403659,A units
4.664450883472531,0.6173691504780058,14.0,0.5476625977966313,6.6644508834725285,0.6358840578330878,4403658,A units
4.0,0.4008857666624997,14.0,0.4079762162000028,6.0,0.4287717499366221,4403643,A units
2.0,0.1673959168099333,7.296817915992982,0.25253725792524345,3.0,0.16647360756280244,4403635,A units
6.0,0.43612851422564547,14.0,0.3672929605052632,8.0,0.44324758515327434,4403617,A units
4.0,0.44027130574753626,14.0,0.36581617307253506,6.0,0.45208885321647785,4403599,A units
6.0,0.365837356105503,14.0,0.3918343395359344,8.0,0.3939004713938051,4405110,A units
4.0,0.59559317443958,14.0,0.5764373925122427,6.0,0.6257583204220989,4403572,A units
4.0,0.23499973940978477,16.0,0.3535544853127676,6.0,0.25148085735288367,4405111,A units
6.0,0.5016416371769898,14.0,0.4773282063175166,8.0,0.5232365582670485,4403523,A units
2.0,0.17879065333583544,8.285275528593548,0.2834797793596074,3.0,0.18622443681978487,4403518,A units
4.0,0.250931146083431,14.0,0.3269192139389549,6.0,0.2642771877915796,4403506,A units
2.0,0.1662117898116946,7.509137768760061,0.23263764121220454,3.0,0.16049543756032292,4403500,A units
6.0,0.5126984360697553,14.0,0.48382460861503557,8.0,0.5231674971943407,4403485,A units
4.0,0.2987212453728035,15.758266328417257,0.3346307656823881,6.0,0.30659508380359596,4403476,A units
5.9026925698704815,0.36678941772183715,14.0,0.46828364627933095,7.9026925698704815,0.3799240799640638,4403465,A units
6.0,0.3180040705487012,14.0,0.42897197221897776,8.0,0.3349189459229592,4403459,A units
5.2965549348230905,0.2925902938020481,14.0,0.33381499696469763,7.296554934823091,0.3041289182614551,4403454,A units
4.0,0.5733979273261074,14.0,0.5397714042839855,6.0,0.6055339627984272,4403435,A units
4.0,0.5011584047429309,14.0,0.47357235226645983,6.0,0.529496874299385,4404226,A units
4.0,0.44457596762395196,14.0,0.43450415885294963,6.0,0.46926902747358873,4403375,A units
4.0,0.6192548742936768,14.0,0.5527330106022542,6.0,0.6457510724706452,4403364,A units
5.489979757085024,0.28659321041664626,14.0,0.3048109378017154,7.489979757085023,0.29465312868175736,4403363,A units
4.0,0.13122680488156574,14.0,0.1613597648592561,6.0,0.12851232499927032,4403362,A units
6.0,0.4239263344118925,14.0,0.43964732604281864,8.0,0.451278075296213,4403359,A units
6.0,0.36145339638415197,14.0,0.37201626348705097,8.0,0.3749359237592637,4403340,A units
4.0,0.4169582169083051,14.597225693576604,0.40779567710446346,6.0,0.4340274864190876,4403328,A units
4.0,0.3801704936648992,14.0,0.4093608936146881,6.0,0.4011768106208288,4403308,A units
4.0,0.20511250280513074,14.0,0.25318670158898426,6.0,0.19634487170509063,4404603,A units
6.0,0.5269599716181359,14.0,0.47532645869292317,8.0,0.5355762109197019,4403299,A units
2.0,0.6258286040365314,7.0009909774955865,0.6785721127594885,3.0,0.6421380526039385,4400069,A units
4.0,0.6155792110177196,14.0,0.5731216487998216,6.0,0.6499964912923072,4400093,A units
4.0,0.0786583741894566,14.0,0.1738488927694714,6.0,0.07727616211837475,4405124,A units
6.0,0.3910015548594998,15.99984237074401,0.3249106168954318,8.0,0.40121459351408595,4400140,A units
4.0,0.24957841445765616,14.0,0.2820156925518741,6.0,0.2559020577380993,4400153,A units
6.0,0.36294961184395247,14.0,0.37437232249268926,8.0,0.3731299653451308,4400234,A units
6.0,0.36583168001544564,14.0,0.40419687543795474,8.0,0.4028466595707333,4400235,A units
2.0,0.16079470495292825,8.0,0.28969048622517957,3.0,0.15164426705171039,4404235,A units
6.0,0.14515182986062913,14.0,0.1851970300412289,8.0,0.14837065224925822,4400280,A units
4.0,0.4334173188178852,14.0,0.42505363576777044,6.0,0.4507855559112009,4400290,A units
6.0,0.44053014706753724,14.0,0.443798991647839,8.0,0.4663135121117405,4400301,A units
6.0,0.24233024737535938,14.0,0.29170666043247273,8.0,0.25022497095120205,4400302,A units
4.0,0.41561230091221985,14.0,0.4054728723728833,6.0,0.44028059071135883,4400334,A units
4.204586169831602,0.3033946927653322,14.0,0.37691777088295303,6.204586169831602,0.3192836168240038,4400344,A units
6.0,0.41658457311034286,14.0,0.4862064618670175,8.0,0.43601063048791283,4400345,A units
2.0,0.1180542809347238,7.849294676401788,0.1731277100787813,3.0,0.11107271496686352,4405129,A units
4.4822362770359945,0.38886056489735743,14.0,0.38952165921175425,6.482236277035993,0.41598348684874786,4400365,A units
6.0,0.22715440333794898,16.0,0.34473372020746756,8.0,0.23554897269916952,4404105,A units
6.0,0.42880512661342096,14.0,0.4278288056827341,8.0,0.4556173634731661,4400385,A units
4.9118973214285715,0.31390338837368675,14.0,0.2800760614848696,6.911897321428569,0.31993888224208994,4400387,A units
4.0,0.3200241338538631,14.0,0.33166492636329753,6.0,0.3272888454532386,4400392,A units
4.0,0.25992363399658297,14.0,0.3192057673284855,6.0,0.2738203331918989,4400396,A units
2.0,0.18736055114559838,7.058625006804204,0.287086269844963,3.0,0.1762880142626073,4400414,A units
4.0,0.5830819693481933,14.0,0.5627954975578764,6.0,0.6071713088769516,4400426,A units
4.0,0.32066288125299075,14.0,0.33922412720668943,6.0,0.34648104227196586,4400462,A units
2.0,0.42247292675008963,8.0,0.4031901670057163,2.874013540039258,0.42521966763871344,4400469,A units
6.0,0.23888421034959584,16.0,0.34741578706001947,8.0,0.24956073708014154,4400475,A units
6.0,0.1334966158300635,14.0,0.19449687956865683,8.0,0.14086957505793848,4400484,A units
4.0,0.37559367472717753,14.0,0.3685463189332092,6.0,0.4022853602223908,4400496,A units
2.0,0.6474321789437898,8.0,0.6105523093794675,2.8613469915688663,0.6588936481138442,4400497,A units
4.0,0.4510390545362461,14.0,0.3996105614890471,6.0,0.4687060987713312,4400548,A units
4.0,0.09064845265034067,14.0,0.12026296843542608,6.0,0.0929781038559464,4400549,A units
4.0,0.36765878347326314,14.0,0.36206665009575956,6.0,0.3920975763207852,4400557,A units
4.634168110463591,0.6319204890242792,14.0,0.5885535870808442,6.63416811046359,0.6587725802270291,4400564,A units
6.0,0.6208428796447897,15.93710870802504,0.6002568006600313,8.0,0.6435343605266353,4400579,A units
2.0,0.15998163838804938,7.598721560527262,0.23287266996181366,3.0,0.1574249668903785,4400581,A units
6.0,0.31232901163704263,14.483750973936214,0.4195870550107647,8.0,0.3329305905595659,4404616,A units
4.0,0.5864654410966686,14.0,0.5441735111963535,6.0,0.6235351810129148,4400603,A units
4.0,0.08248339002509096,14.0,0.1160565454898389,6.0,0.07309886098540756,4400607,A units
6.0,0.6461835808167024,15.23936356218674,0.6393870197237408,8.0,0.6632831938037618,4400617,A units
4.0,0.17476788500788812,14.000118870184622,0.2287094246870049,6.0,0.16855934108871712,4400642,A units
4.0,0.19889849039597501,14.0,0.32823440752243555,6.0,0.19176100271120597,4400644,A units
6.0,0.34842829936247377,14.0,0.4238982151894643,8.0,0.3507928335964556,4405302,A units
4.0,0.28250625029973164,14.326203461057204,0.283393952615005,6.0,0.284803639025061,4405406,A units
4.0,0.5794443826072292,14.0,0.6197334433356603,6.0,0.5976898974632348,4400668,A units
4.0,0.25859724558084357,14.0,0.3247076911571521,6.0,0.26523003882429425,4400685,A units
2.0,0.16637136696917249,7.0,0.2137066907281062,3.0,0.16933052773587862,4400692,A units
6.0,0.4794225388043248,14.0,0.4521349926059469,8.0,0.4888304148329931,4400698,A units
5.305564969836645,0.3796883680455153,14.0,0.37664148856795526,7.305564969836643,0.40971051309946344,4400699,A units
4.0,0.4186928931132243,14.0,0.4220281671343382,6.0,0.4438020448333753,4400713,A units
4.664396545671558,0.38119412553529675,14.0,0.38610127797992516,6.664396545671555,0.4024679676919208,4400719,A units
6.0,0.29143746105443324,14.0,0.2948418180320909,8.0,0.2997885399193327,4400738,A units
2.0,0.15691165669229779,7.952973707986166,0.24885068954870931,3.0,0.1527556636922549,4405137,A units
4.0,0.3911140465806856,14.0,0.4759459227308406,6.0,0.41318378585320226,4400759,A units
4.0,0.2987847079407842,14.0,0.395281026375932,6.0,0.3190802670234288,4400762,A units
2.0,0.17693341650631347,8.0,0.2701325549011771,3.0,0.18081892378499181,4400773,A units
4.0,0.4021120201783752,14.0,0.3824137678937613,6.0,0.4203334831771249,4400774,A units
4.0,0.3792754819324376,14.0,0.46639000521955665,6.0,0.4021190126934109,4400793,A units
2.0,0.484437758233617,7.326235214829378,0.5078950668393524,3.0,0.5056327617304552,4404240,A units
6.0,0.6270760764277412,16.0,0.6154438004597407,8.0,0.6464689033507335,4400796,A units
6.0,0.05346014260453595,14.0,0.06095004588059143,8.0,0.04760050884407874,4400820,A units
4.0,0.3659408767321128,14.0,0.32435532680151874,6.0,0.3886058190677986,4400821,A units
6.0,0.4840759748752501,14.0,0.4053648244612036,8.0,0.48497481528814895,4400825,A units
6.0,0.4571019910798302,14.0,0.39667375223223134,8.0,0.4681369196268906,4400838,A units
4.0,0.3707352590676462,14.0,0.4572600852731718,6.0,0.4018308816980887,4400843,A units
4.0,0.38143750248091024,14.0,0.38370945064408013,6.0,0.40410265288666536,4400856,A units
6.0,0.3716942118943877,14.0,0.37731478627194304,8.0,0.381367890036893,4404131,A units
4.0,0.5646034237727589,14.0,0.670851910606828,6.0,0.5950710370312718,4400862,A units
4.0,0.44884334343128135,14.0,0.48683160498443534,6.0,0.47361331811179874,4400865,A units
4.837526301344799,0.3283870983188941,14.003430610191206,0.37717788133679253,6.837526301344802,0.3457641688187174,4400880,A units
2.0,0.257757780547294,8.932737068965519,0.36894159889884376,3.0,0.26335191220259857,4405407,A units
6.0,0.44039429967220695,14.0,0.4429681328345052,8.0,0.4633978505343352,4400894,A units
4.0,0.4513533773809302,14.0,0.38533587286753834,6.0,0.4725450655322271,4400917,A units
4.0,0.2752091664629854,14.0,0.323090044823426,6.0,0.290057160362677,4405143,A units
6.0,0.44639694041815187,14.0,0.4180006676347742,8.0,0.45944755249743313,4400934,A units
6.0,0.47451725644134923,14.0,0.44446010934855906,8.0,0.4895686267630878,4400967,A units
5.027671937511906,0.14190707265603975,14.0,0.18218534081680343,7.027671937511908,0.14087035893545105,4400977,A units
4.0,0.3506908033351237,16.0,0.38843159043641756,6.0,0.3590598904539855,4404463,A units
2.0,0.17543834761951557,7.013953223282663,0.2853353928437086,3.0,0.1829024261795884,4404313,A units
4.0,0.5916842564502042,14.0,0.5684555536692878,6.0,0.6168232969409378,4401013,A units
4.0,0.24901697532930137,14.01329103097475,0.42837783416206016,5.998353951967672,0.2613941257445294,4401027,A units
2.0,0.12696479252010054,8.0,0.20872486780708094,3.0,0.11608807519827584,4401034,A units
6.0,0.6231088334150711,16.0,0.612658793070334,8.0,0.6470035286556021,4401046,A units
4.0,0.3442280173933739,14.0,0.4508958885896133,6.0,0.3548965358756342,4401049,A units
4.0,0.35112094005166533,14.0,0.3076808724505317,6.0,0.349660625192631,4401053,A units
6.0,0.5345275486855853,14.0,0.4662532739035071,8.0,0.5410037749341237,4401074,A units
6.0,0.04599491648167524,14.0,0.0811342197026538,8.0,0.04059864567648601,4401107,A units
5.8272281034213735,0.2908622112343507,14.0,0.3518726645020505,7.827228103421372,0.3004893709447748,4401123,A units
4.0,0.5845061281645009,14.0,0.5498785163871303,6.0,0.6255292877260493,4401154,A units
4.329683929931456,0.4792457480318363,14.0,0.46851902616624747,6.329683929931454,0.49691634214270164,4401201,A units
2.0,0.6577706540975219,7.0,0.6900891161563456,3.0,0.6736404916378601,4401203,A units
6.0,0.36887506259895503,14.0,0.4434726511358834,8.0,0.3869196601175002,4401228,A units
6.0,0.08974956388417676,14.0,0.1757274666571337,8.0,0.08926508377348633,4405152,A units
4.0,0.5415573854920405,14.0,0.5416457941768209,6.0,0.5759213059401377,4401269,A units
5.604677220099405,0.2004842418128108,14.0,0.24629386729057307,7.604677220099405,0.20331547377851492,4405153,A units
4.0,0.466206877050214,14.0,0.4052654643840525,6.0,0.48459938159056476,4401286,A units
4.7550703889286545,0.35482362504364956,14.0,0.3645486000030199,6.7550703889286545,0.3711933742784649,4401304,A units
8.0,0.5453478047813735,29.86328006931711,0.5783019768358694,12.0,0.5596935502748063,4401306,A units
4.0,0.32330372084836834,15.754163054201918,0.28627278323677674,6.0,0.3247781187512421,4401313,A units
2.0,0.34354614524117977,7.0,0.47290544507474547,3.0,0.3696782219974014,4401325,A units
6.0,0.4258019707018049,14.0,0.40088128677893703,8.0,0.43976683411914774,4401334,A units
4.0,0.3475848567803641,14.0,0.3691308800796683,6.0,0.3559531383029974,4401363,A units
4.0,0.35418069722275247,14.0,0.4655125802889715,6.0,0.36947612841114874,4401369,A units
4.0,0.32056742662301596,14.0,0.4173720374725336,6.0,0.34171751393539757,4401370,A units
4.0,0.19152227613123443,14.0,0.37764131231835174,6.0,0.18985964697283958,4401378,A units
4.0,0.3772641238874803,14.0,0.38181601072830823,6.0,0.42061064934047304,4401385,A units
4.0,0.3892878156393515,14.0,0.5425750966587154,6.0,0.40509644387103383,4401387,A units
4.0,0.401150086844037,14.0,0.41334650002852386,6.0,0.43078557142830864,4401388,A units
4.0,0.19057507948187477,14.0,0.21772002124760326,6.0,0.20005821136975224,4405154,A units
4.0,0.13731630069892378,14.51238775852398,0.3081897395583897,6.0,0.13150069071068515,4401405,A units
6.0,0.26978284048928214,14.0,0.3702909244576641,8.0,0.27831787638477956,4405155,A units
2.0,0.33574497816436005,7.0,0.4175093468774793,3.0,0.347842790125519,4405156,A units
5.949529804755974,0.391129709258223,14.0,0.38650204591494475,7.949529804755972,0.40037586637918043,4404637,A units
6.0,0.4055861917850276,14.0,0.3767405092195882,8.0,0.41686443148353175,4404639,A units
5.3570407093145205,0.35003630597304547,14.0,0.36665392396066815,7.3570407093145205,0.3751676319915876,4401460,A units
4.0,0.2453455371200157,16.0,0.35125399482138775,6.0,0.25323487604026623,4401473,A units
8.0,0.5409421506045915,31.911194029850744,0.5419587868196307,12.0,0.5614539319009924,4401475,A units
2.0,0.16633785384448652,7.452645094155954,0.2067071356325476,3.0,0.17209442717745876,4401478,A units
4.0,0.2971348389485562,14.0,0.3349433748361167,6.0,0.304629966186821,4401490,A units
4.0,0.42380802483975016,14.0,0.3980243130343419,6.0,0.44317184976767326,4401494,A units
4.044795927247411,0.3059135767834743,14.0,0.3864791292624895,6.044795927247411,0.3223229000444885,4401501,A units
6.0,0.2833362487958231,14.0,0.4033297898099092,8.0,0.3030801225307983,4401540,A units
6.0,0.19962288547306345,14.0,0.29417238101220894,8.0,0.2144886472649708,4401548,A units
6.0,0.18265362110237632,14.0,0.22587171933282338,8.0,0.18603012888203324,4404642,A units
4.0,0.398133619042725,14.0,0.4120489183504052,6.0,0.42162313116136196,4401564,A units
6.0,0.32646144323143345,14.03866137083356,0.4664004275451012,8.0,0.35329743850510154,4405165,A units
4.0,0.3180293684357858,14.0,0.38523298779912973,6.0,0.3366496344810725,4401582,A units
4.0,0.4004840667251434,14.0,0.37466238644142763,6.0,0.412447914337877,4401592,A units
4.0,0.33276333705198335,14.0,0.4095002141991506,6.0,0.3470003825069257,4404646,A units
6.0,0.4512668991213741,14.0,0.45450712997167414,8.0,0.47528589388024034,4401617,A units
4.969539268827124,0.09844137215868702,14.0,0.200915927092371,6.969539268827124,0.11406500202147911,4401618,A units
6.0,0.12742287812554062,14.0,0.18195013743651797,8.0,0.12392266399496533,4401639,A units
4.0,0.459022699169911,14.0,0.44624104739972836,6.0,0.48123730031108225,4401642,A units
4.0,0.2602233648036973,14.0,0.33124663953086575,6.0,0.2698253520926882,4401652,A units
6.0,0.5371004383694328,14.0,0.45217541344088086,8.0,0.5443010482982727,4401656,A units
4.0,0.32639922295806467,14.46971345665579,0.46891003600661224,6.0,0.34793802796389084,4401659,A units
4.0,0.1318516591598591,14.0,0.18588755531353587,6.0,0.12696545896851605,4401672,A units
2.0,0.12584393554364331,8.0,0.2081166688062961,2.3939001021239483,0.12779786342878896,4401674,A units
6.0,0.6007250095630178,16.0,0.5554907147373472,8.0,0.6175665305098709,4401684,A units
4.0,0.5429782873700234,14.0,0.5018829761301784,6.0,0.5704208434783115,4401692,A units
2.0,0.09300861733494593,8.0,0.15687756410839013,2.0,0.09300861733494593,4401698,A units
4.0,0.12255961048242117,14.0,0.18041686135364332,6.0,0.11721271246772601,4401713,A units
6.0,0.39598828964258587,14.0,0.523730790862966,8.0,0.4130658573916119,4401727,A units
8.0,0.3433315622533308,28.780569766275452,0.4480445504185548,12.0,0.35596372191547104,4401734,A units
4.000028885767621,0.14595312571960353,14.0,0.1939260132659975,6.000028885767622,0.14933699749402002,4401740,A units
2.0,0.5614797106261953,7.573852652681322,0.5373500931903741,2.0,0.5614797106261953,4404250,A units
6.0,0.4715877980806735,14.0,0.4614487801382676,8.0,0.49217249132034907,4401784,A units
4.0,0.2860279671255395,14.0,0.3206241666801607,6.0,0.28842484415305786,4401802,A units
4.0,0.18700214627116665,14.0,0.22734306857815104,6.0,0.19022844204245695,4404251,A units
6.0,0.41309121129052906,14.0,0.39699525526802487,8.0,0.41827053693021504,4404650,A units
4.0,0.43346317394785555,14.0,0.457755359651659,6.0,0.46046272296534985,4401844,A units
6.0,0.18987972917800525,16.0,0.21195625737063928,8.0,0.19732907755316118,4401855,A units
4.0,0.37674703367355156,14.0,0.449997798512982,6.0,0.39404214206984883,4401861,A units
6.0,0.4566530820350035,14.0,0.4090981222329827,8.0,0.4461160279329548,4401875,A units
4.0,0.5943273980525128,14.0,0.5318166239024666,6.0,0.6269368508678949,4401878,A units
2.0,0.4847281762255945,7.799744577617946,0.5138548041246338,3.0,0.503192690708073,4404253,A units
5.389940539453653,0.37511097834062535,14.0,0.45004260437451526,7.389940539453657,0.38753018531283484,4401898,A units
4.0,0.25259632202393634,14.0,0.3342587615501557,6.0,0.26306988253144614,4401905,A units
6.0,0.3160853394089232,15.829472232036206,0.38092082202636096,8.0,0.33004854190987143,4401909,A units
4.590695613012991,0.11785495602962538,14.0,0.17198748400700495,6.590695613012991,0.11906550426652257,4401950,A units
5.941343213624089,0.2804803281524917,14.0,0.301153252446763,7.941343213624089,0.2825534299338281,4401952,A units
2.0,0.23234913976982474,7.0,0.23231522243755315,3.0,0.2122020030656059,4401954,A units
6.0,0.1716823550672162,14.0,0.26898533493791243,8.0,0.17825865699548063,4405170,A units
4.0,0.5512814639882749,14.0,0.5253548150282674,6.0,0.592553491652482,4404214,A units
4.0,0.4588195397335829,14.0,0.48404884219384064,6.0,0.4808262771677447,4401966,A units
2.0,0.670483126575588,8.0,0.6474855357567376,2.3339680189517336,0.6694832868379429,4401981,A units
2.0,0.2685787058619938,7.998238506253302,0.25024293857743574,3.0,0.28041542393757624,4401983,A units
6.0,0.16752079969405312,16.0,0.23058559027290443,8.0,0.1716919294441745,4401991,A units
6.0,0.6512182446903518,15.779022445982797,0.6430150996358334,8.0,0.6664535602565228,4402014,A units
6.0,0.6804163641080637,16.0,0.5213540914058731,8.0,0.6955140085978382,4404652,A units
5.272167487684729,0.3967519867951157,14.0,0.44046381122336314,7.272167487684728,0.416555169052238,4402056,A units
4.0,0.1742117550436658,14.084608843537412,0.3729287629013631,6.0,0.18507997976800458,4402077,A units
4.0,0.4221661453462585,14.0,0.4485508992919233,6.0,0.4468709087788009,4402103,A units
4.0,0.16456799397242547,14.083313674608796,0.3559957328295335,6.0,0.16671835950844466,4402138,A units
4.0,0.2830241522413379,15.308809910892505,0.35249130273744533,6.0,0.3003343832031194,4405174,A units
6.0,0.501025596280615,14.0,0.4672430954218496,8.0,0.5162139928257651,4402146,A units
8.0,0.4162171004598632,28.0,0.23083893675615108,12.0,0.3932237578343393,4402151,A units
2.0,0.6791881814914992,8.0,0.6574237291715523,2.4228874489614767,0.6734893025888091,4402160,A units
4.0,0.4092572852545652,14.0,0.24410077373565256,6.0,0.3075650594589213,4402161,A units
5.200679684349979,0.4095676906849341,14.0,0.42546121026110617,7.200679684349981,0.42490861392310947,4402163,A units
11.0,0.19910416436844763,28.857069302852434,0.1925667962564792,11.0,0.19910416436844763,4402191,A units
6.0,0.31312021403748064,14.0,0.4334059526025941,8.0,0.33298189059716343,4402216,A units
4.0,0.47040694509831005,14.0,0.3997616654808475,6.0,0.4792281291533408,4402234,A units
6.0,0.047007230484952346,14.0,0.0784363831167086,8.0,0.043143130651199485,4402243,A units
6.0,0.6410129681367353,16.0,0.5798766004217242,8.0,0.6594831859592482,4402256,A units
4.0,0.30190038851070183,14.733798249900058,0.4575439650711499,6.0,0.31667748480767394,4402282,A units
4.299436023968981,0.3871153086479024,14.0,0.42068326057243144,6.2994360239689815,0.4079740462160925,4402285,A units
4.0,0.6075395206296634,14.0,0.5459188837175531,6.0,0.6418933383355467,4402286,A units
4.0,0.08951890827302049,14.000241744766575,0.1509364971483277,6.0,0.08740269195700527,4402289,A units
4.0,0.20384620293088984,14.0,0.31712409555989557,6.0,0.21452817438102215,4402296,A units
4.0,0.6042281712762891,14.0,0.6170422497896302,6.0,0.6379253896638222,4405440,A units
2.0,0.6367865068995759,8.43759011974171,0.643088018210747,3.0,0.6570394051997208,4402320,A units
4.037063170795112,0.6131127041095956,14.205889998885874,0.5781592114297236,6.037063170795111,0.6395113742154082,4402323,A units
2.0,0.19118811452598705,7.912081377547792,0.26827755709715934,3.0,0.20049145007967084,4402327,A units
4.2332029204275905,0.2429241470517221,14.0,0.3350994462219676,6.233202920427594,0.2606146679173316,4402336,A units
4.0,0.5515407735697578,14.0,0.39654492523353474,6.0,0.5440527957051752,4402340,A units
4.664118622214036,0.3708843876806537,14.0,0.4014469371958647,6.664118622214033,0.4018716447523317,4402341,A units
4.0,0.295805663110002,14.0,0.34933843604111553,6.0,0.3076318003952727,4402376,A units
4.0,0.46330871390234013,14.0,0.4943074574291543,6.0,0.4734307902303055,4402430,A units
2.0,0.2413452729389456,7.988105013724984,0.32730118540321845,2.6045796870234383,0.2490413064510348,4402435,A units
2.0,0.5933113125387096,6.273290253096395,0.5043532061212539,3.0,0.6128266372322888,4402467,A units
6.0,0.45763285485504596,14.0,0.45246403999552454,8.0,0.48061132844389415,4402481,A units
4.0,0.2674774610614991,14.0,0.34399241807354936,6.0,0.2804346212233863,4402485,A units
6.0,0.5710274852326238,16.0,0.5281209927701439,8.0,0.5916057091882125,4402488,A units
6.0,0.27475724070535507,14.0,0.3625387246275824,8.0,0.2853825069046406,4402522,A units
4.994999925260468,0.11678716196145829,14.0,0.19675132199798018,6.994999925260473,0.12763431043564982,4402531,A units
4.0,0.40136149385476694,14.0,0.3390184169403644,6.0,0.4214658125399294,4402533,A units
2.0,0.4918953422241462,7.0,0.43712386255466046,3.0,0.506243339306334,4402547,A units
8.0,0.22800800894691262,28.818344960631695,0.26926827556830424,12.0,0.22088957945586307,4405444,A units
10.696372592924316,0.17116812318963845,28.656665173906546,0.17967691662098365,10.696372592924316,0.17116812318963845,4402560,A units
4.0,0.47888467449026856,14.0,0.5015913553464727,6.0,0.48448558535080205,4402570,A units
4.0,0.33109473598038724,14.0,0.41253420534216695,6.0,0.34631768277054353,4402571,A units
2.0,0.17926508911934252,8.0,0.23180331228654588,2.763163906822471,0.16535495665968472,4402576,A units
4.0,0.42680702479924065,14.0,0.40496268891017934,6.0,0.4494773802044126,4402608,A units
5.766748613925547,0.10045485386854523,14.0,0.1501404961310392,7.7667486139255475,0.0972166035975917,4404667,A units
6.0,0.461944147862295,14.0,0.46939246089500514,8.0,0.48452194287398065,4402616,A units
4.0,0.3511608508113503,14.0,0.389059539273024,6.0,0.3697896487191655,4402645,A units
6.0,0.07513342306162887,14.0,0.11356017895343917,8.0,0.07203695365202759,4402646,A units
4.048456511343711,0.40539613959529075,14.0,0.37222353688500437,6.048456511343711,0.4206256041764757,4402662,A units
4.225441441441441,0.3000667348987347,14.000252252252254,0.37060781802465237,6.2254414414414425,0.3150566387439634,4404670,A units
4.332514059055763,0.1311100070625644,14.0,0.13937253619445128,6.3325140590557645,0.128195708610318,4404671,A units
4.0,0.25688102581470645,14.0,0.3083983089456932,6.0,0.2713475023579246,4402696,A units
6.0,0.49459611863730446,14.0,0.43645124523098017,8.0,0.5082606878428173,4402698,A units
4.0,0.5523719527284255,14.0,0.5335029359194752,6.0,0.5740507565784309,4402700,A units
5.352218976970199,0.3807532395815583,14.0,0.39571907218357816,7.352218976970199,0.40258581146912537,4402702,A units
4.0,0.430208124220121,14.0,0.36998673423305617,6.0,0.44579353563463725,4402725,A units
4.0,0.29030606258504377,14.0,0.3326161396008576,6.0,0.29333619615873036,4402769,A units
4.0,0.21136987565266363,16.0,0.30875435330257806,6.0,0.2204354461838584,4402771,A units
6.0,0.6005715441188249,15.805566370284634,0.6067466354869149,8.0,0.6182465521358865,4402775,A units
2.0,0.20819685040727998,7.6186169258756316,0.28056911369954846,3.0,0.21264784495688926,4402780,A units
2.0,0.13685831876828491,8.0814863319132,0.2253370827311157,3.0,0.15804926009674466,4402789,A units
6.0,0.29954511742948586,16.0,0.43101640731768653,8.0,0.3132300310668196,4402795,A units
6.0,0.475439833839944,14.987796423790403,0.4531718577226407,8.0,0.5012111881401244,4404144,A units
6.0,0.5219276158735398,14.0,0.5700107852201605,8.0,0.5384847251683893,4402802,A units
8.0,0.4835780722117613,28.0,0.5418701350576159,12.0,0.4682625041181771,4402870,A units
6.0,0.16792603764575903,15.674834735975788,0.2873782385836422,8.0,0.17133588078547873,4404676,A units
6.0,0.277506312317691,16.0,0.4281954839421301,8.0,0.29703291401328236,4404677,A units
6.0,0.2785998067616209,15.678502767634798,0.41435372312262,8.0,0.29874085570162917,4404678,A units
6.0,0.5267345104181222,14.0,0.49655822105214076,8.0,0.540301827646149,4403000,A units
4.0,0.293508879966714,14.0,0.34576351445405173,6.0,0.30907995135050437,4403012,A units
2.0,0.5695548468099983,7.302823018458198,0.5309618885608196,2.4040864672786495,0.5678446642163888,4404261,A units
2.0,0.2767697939137789,8.0,0.39794598717062096,2.003305568226553,0.2766630270174723,4404262,A units
6.0,0.25058009271467163,14.0,0.3063825223410566,8.0,0.2605985791139924,4403072,A units
4.764129181084199,0.278046640875774,14.0,0.29509247866090743,6.764129181084199,0.2866426898301886,4403073,A units
5.9726401173687025,0.27703322666042385,14.0,0.3598570060988441,7.972640117368701,0.2835496760856958,4404345,A units
4.0,0.28059395932878606,14.0,0.34154473664117774,6.0,0.29595492165294895,4403095,A units
4.0,0.24046350450170761,14.0,0.3194811158787723,6.0,0.2509186243462136,4403096,A units
4.0,0.26433399495437426,14.0,0.32859926121437455,6.0,0.2754675880862102,4403097,A units
4.0,0.2987001210937673,14.0,0.33713095128077647,6.0,0.29546482519956707,4403098,A units
4.0,0.2492009496250382,14.0,0.3032451913603159,6.0,0.26618390014644155,4403099,A units
5.538430136160375,0.09641718734784328,14.0,0.1525200175117496,7.53843013616038,0.09424268114962878,4404686,A units
5.580944418541082,0.10579049085413374,14.0,0.15737004100786203,7.580944418541083,0.10425042494443176,4405204,A units
5.021018444757644,0.10939304603863995,14.0,0.16798315815249995,7.021018444757641,0.11550134954271749,4404687,A units
6.0,0.0793555395658687,14.0,0.10708300321120222,8.0,0.07274514791116166,4404346,A units
4.0,0.5614405109234444,14.0,0.5304662363314862,6.0,0.5823262047001743,4404347,A units
4.0,0.10304606684553838,14.0,0.1818931651241576,6.0,0.10211120883920569,4404348,A units
4.0,0.3719681125686068,14.0,0.38058088128940404,6.0,0.38646505306139073,4404349,A units
4.08817715436675,0.0012073722931599334,14.0,0.023098426274182814,6.0881771543667496,-0.0084387003115703,4404350,A units
4.0,0.5822914277043877,14.0,0.5577220821995603,6.0,0.6174135838347059,4403165,A units
6.0,0.5482141510747579,14.0,0.4518844472553309,8.0,0.5539262916661215,4403200,A units
5.566085252714612,0.2929009899566954,14.0,0.3596126035459891,7.566085252714612,0.3071868114799297,4403237,A units
4.0216617210682495,0.3151091953496944,14.0,0.36399812273143173,6.021661721068248,0.33498805326437553,4403242,A units
4.351991508854254,0.28869385401414543,14.0,0.37353931294061077,6.351991508854254,0.30005216691825093,4403273,A units
6.0,0.2416335207113385,14.0,0.32030783785134814,8.0,0.2471417815243906,4404269,A units
4.0,0.25421108651337615,13.947828954701118,0.3003036000296853,5.9848158898010695,0.26393766090810805,4404365,A units
2.0,0.18968645869753925,7.933941580026875,0.27019692737071904,3.0,0.19370049272087994,4404479,A units
6.0,0.29062128558139505,14.0,0.4305565718508444,8.0,0.32715016513679507,4404523,A units
6.0,0.40458665387673826,14.0,0.3842738083394297,8.0,0.4178320137259635,4405212,A units
4.0,0.09849838080723482,14.001566010221108,0.1287698104207462,6.0,0.08772494260057812,4404699,A units
4.50558168113544,0.18656152444403049,14.0,0.28469178620828656,6.505581681135439,0.19833115531246406,4404700,A units
6.0,0.31458112056840615,14.0,0.37669910970651665,8.0,0.32594654633951714,4404702,A units
4.0,0.4638965191626937,14.0,0.4300193568818904,6.0,0.44136378429631223,4404777,A units
4.0,0.49946032816531793,14.0,0.4807736479159538,6.0,0.49340911170231155,4404760,A units
6.0,0.5981168448776527,16.0,0.5490295487639317,8.0,0.6207253318909216,4404703,A units
4.0,0.12204645121350799,14.0,0.14331209589060645,6.0,0.1211710114109823,4404746,A units
4.0,0.5676670904520068,14.0,0.4741439172685883,6.0,0.5694688531356632,4404728,A units
2.0,0.6385792329638597,7.140354816977316,0.5992793849359791,2.934710681937271,0.653222486328129,4404715,A units
4.0,0.3361600075970768,14.002760108500818,0.42490329670536564,6.0,0.34107663829481577,4404737,A units
2.0,0.6432145802881425,8.0,0.6045177762921553,2.9789296223257673,0.6575242607414234,4404745,A units
8.0,0.12770129385989948,28.00061273101874,0.18415862416279127,12.0,0.11272114513041942,4405475,A units
2.0,0.16537029441707585,7.026446957878314,0.26423782024654596,3.0,0.16782005646497059,4405476,A units
4.0,0.3452072785270874,14.147364655672185,0.44348823845138696,6.0,0.34456059367118574,4405322,A units
6.0,0.26440341129570566,14.0,0.366474186448413,8.0,0.27096996473528256,4404618,A units
6.0,0.32820322384651085,14.0,0.4432385923652968,8.0,0.3389992438652107,4405303,A units
2.0,0.5377821560691648,7.870293933708568,0.675914693391999,3.0,0.5629978855877292,4405283,A units
4.0,0.26494520512604236,14.0,0.22800539816159662,6.0,0.2490019442532322,4405292,A units
4.0,0.3421070396195561,14.99161913078142,0.40526249837878286,6.0,0.3534353741755029,4405479,A units
4.0,0.5478916122781755,14.0,0.5255881847082146,6.0,0.5609455097243952,4405270,A units
2.0,0.18158029365858494,7.0,0.2105115342221543,3.0,0.15327506760068216,4405305,A units
4.0,0.1983237588854116,14.0,0.23788292973755676,6.0,0.1997134550116389,4405238,A units
4.0,0.11651483018792766,14.0,0.20307074486884674,6.0,0.11528852378305335,4401813,A units
6.0,0.26125075937968917,15.638611886717191,0.35877185937554784,8.0,0.2855788380829358,4405299,A units
4.0,0.1274936174728421,16.0,0.317411240752703,6.0,0.13355788193492407,4405529,A units
4.0,0.3953037639829334,14.70985538744462,0.18839883522939332,6.0,0.3628191175077069,4405549,A units
4.0,0.4598604880704252,14.0,0.397695847338677,6.0,0.4629523032449129,4405566,A units
2.0,0.6836739700061214,8.0,0.6564010082385118,2.3180530578182115,0.6834386461058933,4405569,A units
6.0,0.21507194638112026,14.0,0.26413465544101816,8.0,0.21493661131884406,4405574,A units
6.0,0.11589341009573628,14.0,0.14790567903589485,8.0,0.10557122900455568,4405555,A units
4.0,0.14195271763876563,14.0,0.19357535698117118,6.0,0.13849531856679784,4405525,A units
4.760462211118053,0.18477619516892907,14.0,0.3973190492915607,6.760462211118053,0.2095076235540451,4405506,A units
2.0,0.5437471706101568,7.114868353123382,0.5419880585933129,2.008604371020478,0.5440350440732277,4405582,A units
2.0,0.6542683126496011,7.811611219830397,0.625162720877558,3.0,0.6752324330830063,4405583,A units
4.0,0.07476436414096674,14.0,0.12310907857925445,6.0,0.06672129437272967,4405552,A units
5.992212287280069,0.49556464047950455,14.0,0.4617246851767728,7.99221228728007,0.5072783892165695,4405531,A units
6.0,0.5067091947307695,15.53736054852798,0.4915168342816218,8.0,0.5261295774410468,4405534,A units
4.0,0.25315122410850993,14.0,0.24234953598585693,6.0,0.24129641285014808,4405542,A units
4.0,0.32710479925419583,14.0,0.446393082439074,6.0,0.3393971875484552,4405512,A units
6.0,0.3485779556448887,14.495487209337844,0.45311684460772145,8.0,0.3718711572841883,4400729,A units
3.0,0.28047661256372164,7.0,0.3900905683804462,4.0,0.2927659978415185,2723788,A units
3.0,0.1633214496057944,7.0,0.20331526336836314,4.0,0.15871486344439906,2723789,A units
3.0,0.16148475826552358,7.0,0.30480518815614616,3.0,0.16148475826552358,2716605,A units
2.9789983844911156,0.1512290961219078,7.0,0.21556991855839927,3.9789983844911148,0.1419484272653098,2714956,A units
2.0,0.19979859787990384,7.062112766760673,0.3278146115482874,2.0,0.19979859787990384,2722509,A units
2.0,0.19269828689411805,7.0,0.3212433616989771,2.0,0.19269828689411805,2723792,A units
2.0,0.17158765380725535,7.0,0.3044401445017292,2.0,0.17158765380725535,2722698,A units
2.0,0.28315920874199935,7.0,0.35836442894743237,2.0,0.28315920874199935,2722699,A units
2.0,0.2764604930466199,7.0,0.3391604992145826,2.0,0.2764604930466199,2722700,A units
2.0,0.23475726173271683,7.0,0.3290929219777135,2.0,0.23475726173271683,2722702,A units
2.0,0.3166585088636427,6.912199653348133,0.467718784082554,2.038709458158214,0.31714401172999157,2725352,A units
2.0,0.14161135818521497,9.0,0.1724021698055174,2.0,0.14161135818521497,2723730,A units
3.0,0.14466719596037958,7.0135272697460564,0.24656689241492374,3.0,0.14466719596037958,2724430,A units
2.075167449876432,0.09098504028366253,8.0,0.18689105652629542,3.07516744987643,0.07978726754248175,2725354,A units
3.0,0.145368748433641,7.0,0.22233623044058573,4.0,0.139479532562537,2701301,A units
3.0681516068530765,0.12050259732241128,8.87841640601279,0.19926097790624747,4.068151606853078,0.1235203867279405,2725357,A units
3.0,0.11801714074223921,7.0,0.1770441732473854,4.0,0.11770761851662401,2701531,A units
2.07783307064303,0.08990929970455377,8.290753891653535,0.16779869530320748,3.0778330706430306,0.08349625236371644,2701578,A units
3.0267364075183534,0.2614706862048021,9.0,0.4229016819371163,4.026736407518354,0.27141702455415156,2700885,A units
3.0,0.060128285884098256,8.774322206735809,0.1165502021050929,4.0,0.05246376965074238,2716341,A units
3.0,0.5804634319903873,7.0,0.5569201108111821,3.9924315747060066,0.5430190624717469,2700718,A units
3.3968604183127358,0.5080411460671966,8.0,0.3795603184256685,4.396860418312736,0.3605486295170863,2700533,A units
3.0,0.14016817442746685,7.0,0.23756477703236392,4.0,0.136506813670546,2700107,A units
3.0,0.14522250567466036,7.0,0.1928470481800746,4.0,0.13905612525722852,2715531,A units
3.0,0.12499331526282301,7.000739035576253,0.15897272938500048,4.0,0.11323204683611339,2715519,A units
2.189676130835584,0.3866068762054348,7.630778419921653,0.2399613032188399,3.189676130835582,0.39061828917269276,2725362,A units
2.0,0.09221751389934907,8.0,0.136426828435031,3.0,0.08144056585938728,2725363,A units
4.0,0.36129116351263274,8.0,0.31963441097075385,5.0,0.2876383529150423,2715257,A units
3.0,0.2821747787677885,9.0,0.39399829011669774,4.0,0.28210782160143755,2725365,A units
3.0,0.12124615949283457,7.0,0.18590520218692386,3.119860883627394,0.11998042976113948,2716527,A units
3.0,0.15139449801886606,7.179033426472111,0.19244714128205306,4.0,0.1453051257612147,2713245,A units
3.0,0.19346709115726884,8.867459571094024,0.19260427916202277,4.0,0.18539322673240194,2723811,A units
3.4161710129855334,0.10327891935383585,7.374023235769692,0.1640123632867546,4.416171012985534,0.09797294147641315,2713020,A units
3.0,0.09630932232479546,8.0,0.14524893042684958,4.0,0.08732593768279896,2712849,A units
3.0,0.1552332774128535,7.612597192506394,0.28275724701878474,4.0,0.15217242457094296,2712741,A units
2.0102124206571252,0.08945297055660731,7.5749202485131315,0.15368970976685276,3.0102124206571252,0.07879967612189602,2725373,A units
3.0,0.28903432321054995,7.0,0.3840029214354571,4.0,0.29334470292328607,2712255,A units
3.0,0.07841225771301656,7.250275201401715,0.15710549257075726,4.0,0.07346680773372846,2725376,A units
2.9924230575691224,0.46153136248442295,8.0,0.37587886957999395,3.992423057569122,0.4606064045300055,2725377,A units
3.512144033320418,0.10658940949086834,8.0,0.18009532453905092,4.5121440333204195,0.10344217401427279,2725378,A units
3.0,0.11738741173946515,7.0,0.18489803278825492,3.713099196300781,0.10889104856272293,2725380,A units
3.0,0.14387803606522173,7.008542236614373,0.22401563881202116,4.0,0.13777749631292868,2711350,A units
3.4908194329131734,0.13796917633578185,7.974941505019245,0.2557635960902653,4.490819432913175,0.13816875457346783,2710853,A units
2.0,0.08933245622791915,8.0,0.13527069947735085,3.0,0.07867275381264963,2725384,A units
3.006015979352097,0.12566991086072274,7.0,0.20074380018020485,4.006015979352096,0.12053556246104864,2710485,A units
3.0,0.12656788827385945,7.0,0.19838776544290568,4.0,0.1266481615383876,2721846,A units
3.0,0.15460671053126196,7.0,0.215128892287257,4.0,0.14764966652470357,2708952,A units
3.0,0.21853916969780826,8.0,0.27259736337308765,4.0,0.20475170646403104,2716794,A units
3.0,0.13007269082898767,7.0,0.27959632300189763,4.0,0.11914801581339775,2701089,A units
3.0,0.060428017275176445,8.653498405222786,0.1061099837109953,4.0,0.055537139094065796,2717046,A units
3.0,0.12290590061230836,8.0,0.19212789933446528,4.0,0.11805748395164253,2701633,A units
3.0,0.13825919443668785,7.0,0.25767351673205174,4.0,0.13113489756454025,2721870,A units
3.0,0.11969421447311453,8.0,0.19844897160089772,4.0,0.11175484053339159,2714531,A units
3.0,0.134548863232474,7.0,0.25428626016517825,4.0,0.12466904118464822,2714517,A units
2.6336125593111133,0.10132335339979524,7.0,0.2102717001233116,3.633612559311113,0.09105012070527915,2721888,A units
2.1211861387943105,0.16425028007554265,7.0,0.2642548517598888,3.1211861387943096,0.15506697147028564,2721889,A units
3.0,0.10429110230998319,7.0,0.17750298643486653,4.0,0.09887378570683854,2725392,A units
3.0,0.3036609009743886,7.031030223911638,0.4287753078297677,4.0,0.30160235099204713,2723821,A units
3.0,0.12194218478377125,8.0,0.19685013830120426,4.0,0.11891221151682331,2724509,A units
3.0,0.13361665649321547,7.0,0.203868003557997,4.0,0.13043424474491933,2721920,A units
3.0,0.1371091865714911,7.0,0.25165206641637244,4.0,0.12898447794868229,2713637,A units
3.0,0.10082536407686893,7.1109888395240155,0.1891378378373278,4.0,0.09635844656469153,2722153,A units
3.0,0.12918317221184641,7.0,0.22721877686988848,4.0,0.12292206406961183,2722154,A units
3.0,0.30561185287300374,7.0,0.46314031488570684,4.0,0.3130098790739474,2725394,A units
3.0,0.12770479599880014,7.1464333476098485,0.22412968346196238,4.0,0.12034877060463772,2723564,A units
2.0,0.13828243572527268,7.0,0.21858034464120718,2.0,0.13828243572527268,2716268,A units
3.0,0.2540217829177237,6.719360688075078,0.38439122454714175,4.0,0.2588392491060955,2701233,A units
2.0,0.3305085287124632,7.0,0.3992715045775609,2.0,0.3305085287124632,2716288,A units
3.0,0.06181785819820981,7.0,0.13655351343907784,3.0,0.06181785819820981,2725397,A units
3.0,0.10769824953173805,7.0,0.23124535192476803,3.0,0.10769824953173805,2716297,A units
2.9627996325064725,0.31201532247604513,7.0,0.4467559090458059,3.9627996325064734,0.3273481737317311,2716298,A units
2.0,0.13918291123067905,6.979226053491655,0.19758784489909278,3.0,0.13822208045227888,2725398,A units
3.0,0.14545875275949188,7.0,0.18502732242749279,4.0,0.14097035617251424,2725400,A units
2.0,0.11987373068990678,6.0,0.18245971270500555,3.0,0.11145135657169437,2701624,A units
3.0,0.11586947689310147,7.0,0.1955147769504199,4.0,0.10502947094350362,2701640,A units
2.0,0.1929762960856679,6.386726586951287,0.2712183860633377,2.0,0.1929762960856679,2722251,A units
2.0,0.11646782608284585,7.024416227577671,0.23440822379592477,2.0,0.11646782608284585,2716346,A units
2.0,0.18112324291335632,7.0,0.26189645961153374,3.0,0.1888981314695712,2700772,A units
2.0252379939125364,0.22668505490001,7.0,0.25269331853260213,2.0252379939125364,0.22668505490001,2717233,A units
3.0,0.3622609465603559,7.0,0.43969744113844933,4.0,0.38486461857524756,2716357,A units
3.0,0.14497660256151032,7.0,0.25255764369374867,3.0,0.14497660256151032,2700543,A units
3.0,0.1572541646883096,7.0,0.26704536711916155,4.0,0.15195208079089143,2700464,A units
2.001694000727793,0.08938663041552246,7.0,0.1871852627946086,3.001694000727792,0.07448536873293553,2700459,A units
2.0,0.4135536395183146,6.98085373368939,0.4619357173694244,3.0,0.4376505031056568,2716366,A units
3.0,0.068805647038585,7.0,0.17206440059762962,3.0,0.068805647038585,2700356,A units
3.0,0.12485371531705605,7.0,0.19831194604515415,4.0,0.11138924603293812,2700201,A units
3.0,0.1761387593875088,7.0,0.200892342141054,4.0,0.16193020122441928,2723831,A units
2.0373958677382658,0.1931306248154124,7.0,0.2518735996737096,2.0373958677382658,0.1931306248154124,2717244,A units
3.0,0.2645399416188886,7.0,0.3412223264146353,4.0,0.2786794029635081,2700094,A units
2.0,0.13606759156817022,7.711819712658088,0.22171102265232182,3.0,0.12447340123974422,2700053,A units
2.0,0.142204326944167,7.896384436358864,0.1875194034604288,2.0,0.142204326944167,2722276,A units
3.0,0.1084729540131072,7.0,0.21877470001634694,3.0,0.1084729540131072,2715626,A units
2.9924658687639156,0.13649069447567636,7.0,0.2201026439107456,3.389772791058832,0.1464013539966233,2722285,A units
3.0,0.11268565157311453,9.0,0.1651202795841789,3.0,0.11268565157311453,2715449,A units
2.034485658561025,0.2289422524102662,7.0,0.4239463132657558,3.0344856585610245,0.24224317646509008,2722288,A units
3.0,0.5741810028663497,7.317559640203361,0.5644428543654976,3.151830269847477,0.5710935528728472,2725404,A units
2.0,0.154710962967987,7.0,0.24107313089696505,2.0,0.154710962967987,2725405,A units
2.0,0.2760063426215137,7.660260968043723,0.2907761949965372,2.0,0.2760063426215137,2716423,A units
3.0,0.10853086330248685,7.028605437382398,0.22877991760521998,3.0,0.10853086330248685,2715084,A units
3.0,0.08815547475032401,7.0,0.21857210506562627,3.0,0.08815547475032401,2715035,A units
2.0,0.15276893097615157,7.0,0.19597497308310227,2.0,0.15276893097615157,2716438,A units
2.0058634106409308,0.15556516092060207,7.520129892545228,0.200679518522667,2.0058634106409308,0.15556516092060207,2723834,A units
3.0,0.2113694554270604,7.0,0.35473740722029523,4.0,0.2323262428455014,2723835,A units
2.0,0.35309195040545194,6.992270912108148,0.369167719296015,3.0,0.3636554925166516,2716456,A units
3.0,0.14487954895747332,7.0,0.20149641310789826,4.0,0.14241521855969028,2714591,A units
2.0,0.09859070571330902,7.0,0.14624653615417596,3.0,0.09328431416509855,2717290,A units
3.0,0.1402480958525603,7.0,0.25867230686541176,3.0,0.1402480958525603,2714524,A units
2.0,0.09753021635376112,6.996296208642971,0.22592629263849404,3.0,0.08663795432954415,2714354,A units
2.0147192307467074,0.08862294445084146,7.0,0.18209969313475144,2.8986607169000314,0.0864441379158044,2714246,A units
3.0,0.15643978867540773,7.0,0.24437569825868644,4.0,0.14692391534823737,2723838,A units
2.0,0.4241643846907477,7.0,0.4801815252790885,2.6677356346664913,0.4382905374434167,2716486,A units
3.0,0.13082935758067782,7.0,0.22066631737366005,4.0,0.12288002521597713,2717296,A units
2.0,0.289519854873596,7.0,0.3247740434903064,3.0,0.29483295989280695,2714048,A units
3.0,0.13438263879583057,7.0,0.2169459737108227,4.0,0.1374867126194902,2723839,A units
3.0,0.23905443208670332,6.897886415932714,0.3584429776507513,4.0,0.2542513816604203,2713811,A units
2.0,0.19176982391581565,7.0,0.13422586456591606,2.0,0.19176982391581565,2713782,A units
2.0,0.24302534642204734,6.0,0.25882908741125876,3.0,0.2416848252013742,2725412,A units
2.0,0.3990919698638215,6.0,0.418525893615166,3.0,0.41447239277640413,2713736,A units
3.0,0.6293444053082947,9.0,0.6468317619915147,4.0,0.6261171752303024,2713586,A units
3.0,0.10654614781613053,7.0,0.2681021674596941,3.0,0.10654614781613053,2713585,A units
3.0,0.11895237943305252,8.811323632850566,0.20353201841928653,3.0,0.11895237943305252,2713574,A units
3.0,0.5925989255778203,7.0,0.5993521141424918,3.0,0.5925989255778203,2725414,A units
3.0,0.2694377596163518,7.070434043522646,0.4053693062087363,3.0,0.2694377596163518,2717321,A units
3.0,0.11397624123590495,7.0,0.23372796210220603,3.0,0.11397624123590495,2716539,A units
3.0,0.1364771818862553,7.0,0.2485140422905366,4.0,0.1336996042060187,2713148,A units
2.226384732652022,0.09922068317250243,7.0,0.211248009283009,3.226384732652024,0.08836040343851793,2713116,A units
3.0,0.1736699066160596,7.0,0.3049849901168331,4.0,0.17086072443506167,2723842,A units
2.0,0.1868853645421792,6.0,0.24789916130238265,3.0,0.18735771335115295,2725415,A units
3.0,0.09098855850559304,7.0,0.16548835344499324,4.0,0.07903826646646867,2712783,A units
2.0,0.4259777885160029,6.9143996670944965,0.4920708471014899,3.0,0.45104339801872667,2716563,A units
2.043701073498669,0.09390302707207128,7.0,0.20280831153780512,3.016338394883575,0.09449023958876204,2712749,A units
3.0,0.13895844051612607,7.0,0.20999900979393893,4.0,0.12810500946247977,2712663,A units
3.0,0.06669446925969982,7.0,0.1381516893791201,3.0,0.06669446925969982,2718782,A units
3.0,0.2529028131944098,6.309230213600242,0.42409091372720326,4.0,0.2726829871587834,2712311,A units
2.0,0.10291196784908722,6.514558380512536,0.24005066149512988,3.0,0.09408498246239232,2717353,A units
2.0049230552168265,0.15524662763542732,6.821167625747026,0.20537332740704703,2.0049230552168265,0.15524662763542732,2712282,A units
2.0,0.36623942473614723,6.684225352112676,0.4375101736637594,3.0,0.38706707046013067,2712026,A units
3.0,0.18287627514719293,7.0,0.3339506150315235,4.0,0.18732189409003983,2722355,A units
3.0,0.6344430405387387,8.95062482312814,0.45532416684151605,4.0,0.6146100220668302,2711800,A units
2.6776139510515677,0.10685848747937364,7.0,0.13257991937387492,3.6776139510515677,0.10172756605748642,2723845,A units
3.0,0.17561706224537835,8.094876049789766,0.22617213666905137,3.0,0.17561706224537835,2725417,A units
2.0,0.3964404211900679,6.0,0.39590814381972605,3.0,0.4121540575260286,2711691,A units
2.2307173953769284,0.4093828540197752,7.0,0.46876528855880256,2.334064047466594,0.41148919051441946,2711665,A units
2.0,0.15908678361463735,7.0331852549204195,0.24058566238147105,2.0,0.15908678361463735,2717366,A units
3.0,0.14219430510032124,7.297570388562404,0.2519812958815434,3.0,0.14219430510032124,2711595,A units
3.0,0.06304554126697653,7.0,0.1388238198356429,3.0,0.06304554126697653,2711524,A units
2.0,0.10540218449431686,7.0,0.22342588774639677,3.0,0.1290941595996322,2711438,A units
2.0,0.145180342581578,6.692056068234061,0.22685975315343979,2.0,0.145180342581578,2716656,A units
3.0,0.08296250865605985,7.0,0.2167352027057761,3.0,0.08296250865605985,2711060,A units
2.0,0.16462093996689214,7.0,0.20266515187427908,2.0,0.16462093996689214,2722386,A units
2.0,0.16180717398709024,6.221736437883412,0.2106132401167237,2.0,0.16180717398709024,2717377,A units
3.0,0.1357379787322741,7.333366379401913,0.28921538813123765,3.0,0.1357379787322741,2716683,A units
3.0,0.1283365185627816,7.0,0.2776429146233945,3.0,0.1283365185627816,2710825,A units
2.534911610012662,0.09354842456256415,7.0,0.1993394066128176,3.534911610012663,0.08365667259996505,2710761,A units
3.0,0.24935784616737997,7.0,0.33167987353621264,4.0,0.2586469077916753,2722389,A units
3.0,0.1596735336693702,6.996769224989669,0.23530919048121368,4.0,0.15251278547333114,2716695,A units
2.0,0.24611794596530293,6.077254305977713,0.23558408260588357,3.0,0.23718074682068263,2710593,A units
2.0,0.579954224279897,7.0,0.5297326758035847,2.0,0.579954224279897,2710539,A units
3.0,0.16814711040351604,7.0,0.27540558310241003,4.0,0.16322942248183098,2710464,A units
3.0,0.18187393696345602,7.0,0.23039040867281096,4.0,0.1792831255287832,2709995,A units
3.0,0.08867825223638331,7.0,0.2299379613972621,4.0,0.07992774899958247,2722411,A units
2.0,0.5102997135617366,7.0,0.4952605454051545,2.0,0.5102997135617366,2709503,A units
2.1163850321099273,0.52819171239741,7.0,0.5223006203070836,2.1163850321099273,0.52819171239741,2709445,A units
2.879420074973424,0.4879800954808579,6.941809339972771,0.4970711019028681,2.879420074973424,0.4879800954808579,2725422,A units
3.0,0.14333849905377458,7.0,0.25414639748897444,3.0,0.14333849905377458,2709266,A units
3.0,0.14394349998836362,7.0,0.2553040389680386,3.0,0.14394349998836362,2709265,A units
3.0,0.1410356948567652,7.0,0.26272438087382394,3.0,0.1410356948567652,2709264,A units
3.0,0.17708548829977017,9.0,0.22962601491593473,3.0,0.17708548829977017,2709232,A units
3.0,0.3831695415791581,7.171426098996188,0.2922986565532661,4.0,0.3728694757287694,2723851,A units
3.0,0.10006279502963462,7.0,0.2037994624521545,3.0,0.10006279502963462,2722443,A units
2.0,0.09587041859311962,7.0,0.1944804038118062,3.0,0.08569472012695421,2722446,A units
2.0,0.23405460340500972,7.0,0.31821985299921557,2.0,0.23405460340500972,2701313,A units
3.0,0.26977979110046185,7.0,0.33355168270335916,4.0,0.279847610173263,2719232,A units
2.0,0.1676393974971049,6.97266816947075,0.21204515623595843,2.0,0.1676393974971049,2722450,A units
3.0,0.5793134081426229,6.988946827739564,0.5958996289536721,3.0,0.5793134081426229,2725427,A units
2.0,0.20116768788453937,6.0,0.21640736181080064,3.0,0.20676471993940118,2701450,A units
2.0,0.41431755473179543,6.999958252648552,0.4764518244928245,3.0,0.4371302137838853,2717058,A units
3.0,0.18560877573860685,7.071939282710103,0.3147795171256622,4.0,0.17772373256766077,2717084,A units
3.0,0.1554400009890819,7.0,0.2474106556160944,3.846983916039357,0.1485906723752821,2722478,A units
2.5067176870748304,0.5377612176495383,7.147852891156462,0.5365885867292164,3.506717687074832,0.5334885707424422,2723855,A units
3.0,0.08426702036874455,6.992746181789217,0.19814915880848902,3.0,0.08426702036874455,2722482,A units
2.0,0.422145231965102,6.0,0.39970139000604255,3.0,0.4403085389972377,2713002,A units
2.0,0.1020975726588067,7.0,0.19028324805554922,3.0,0.08833972321234503,2722487,A units
2.0,0.4309541461462061,7.0,0.28582872855296676,3.0,0.3986251854190752,2712505,A units
2.6447031993816,0.1252373255548953,7.0,0.21546200021575368,2.6447031993816,0.1252373255548953,2712382,A units
3.0,0.07961236283737791,7.0,0.19868941345470167,3.0,0.07961236283737791,2712364,A units
3.0,0.15770685514104604,9.0,0.20857968812861372,3.0,0.15770685514104604,2722494,A units
3.0,0.283954131868684,7.0,0.33890468149954717,4.0,0.2861916675776745,2723858,A units
2.0,0.3016758616856973,7.0,0.38588447057595326,3.0,0.30009782238842814,2709641,A units
2.0,0.32787930574745194,7.0,0.3807494857989948,3.0,0.3255540168394872,2709639,A units
2.0,0.1420294015140171,7.073222561484183,0.19132706292433505,2.0,0.1420294015140171,2722510,A units
3.0,0.059009669084390835,6.926704061205479,0.17209344993622352,3.0,0.059009669084390835,2717145,A units
2.0,0.5517237055135396,6.720837493759362,0.5187246857306774,2.0,0.5517237055135396,2722576,A units
2.679315420093555,0.09918780018370377,7.998259375932185,0.17284194096544173,3.679315420093554,0.08860980020433165,2722579,A units
2.0004455415738454,0.39702471886075763,7.785983502920098,0.2211266729171231,3.000445541573846,0.3606781538536636,2725434,A units
2.2843188940632047,0.6200935721137287,8.955803532202792,0.6002926023578409,3.2843188940632047,0.6155896389360108,2723862,A units
3.0,0.10482739380947943,7.9007656922642315,0.21595309074831928,3.0,0.10482739380947943,2725435,A units
2.6289599157941033,0.07819468577674996,7.0,0.15257468705135493,2.6289599157941033,0.07819468577674996,2722628,A units
3.0,0.23110784987897226,7.0,0.32072825619053147,3.0936379857569194,0.2321891968856571,2722629,A units
3.0,0.07246559948935964,7.0,0.15010004246662026,3.0,0.07246559948935964,2718783,A units
3.0,0.09543148807968022,7.0,0.187522780390613,3.0,0.09543148807968022,2718971,A units
3.0,0.1121190231904298,7.0,0.22731048636523768,3.0,0.1121190231904298,2722636,A units
3.0,0.0826222976801628,7.0,0.17146633574932077,3.0,0.0826222976801628,2722637,A units
3.0,0.08664598627739444,7.0,0.16508183023667658,3.0,0.08664598627739444,2716573,A units
2.0,0.1468524386220235,7.0,0.2409003954486824,3.0,0.14555637900390145,2723866,A units
2.0,0.12302021747376682,7.0,0.25519168208616966,3.0,0.14614084394035387,2718953,A units
2.0,0.31607916065105657,6.871336080047085,0.37033994221759814,2.0,0.31607916065105657,2722688,A units
2.0,0.060664131077822495,7.0,0.10105803323965537,2.0,0.060664131077822495,2722690,A units
2.0,0.10987159330727438,7.0,0.16540588842474815,2.0,0.10987159330727438,2725437,A units
2.0,0.16896284522247967,6.337799774666019,0.23852397661021166,2.0,0.16896284522247967,2722693,A units
2.0,0.16998630577014595,6.969924915143826,0.24984338726042057,2.0,0.16998630577014595,2722694,A units
2.0,0.247724976519333,7.205037873924765,0.3462409363625245,2.0,0.247724976519333,2722695,A units
2.0,0.1761885863285495,7.0,0.27387036999112563,2.0,0.1761885863285495,2722701,A units
2.0,0.4292044995225886,6.0,0.41059951279399176,3.0,0.447202455349314,2722771,A units
3.0,0.18680560168976318,6.981761311070971,0.23332424706539934,4.0,0.16588350178853492,2723870,A units
3.0,0.08011218015082629,6.536244423718713,0.16561179977650972,4.0,0.07418882333398746,2723871,A units
3.0,0.2307347222825459,7.0,0.36523497822598505,4.0,0.2400936505818905,2713418,A units
3.0,0.2781564604795053,7.0,0.3941841524528227,4.0,0.28633977085551787,2716839,A units
3.0,0.16092954312726668,7.0,0.26397684769625696,4.0,0.16292765439734788,2723873,A units
2.727051840748509,0.13533600158784093,7.0,0.22210046637883196,3.7270518407485094,0.13319450265673194,2722827,A units
3.0,0.2945129794075181,7.0,0.3988634568557572,4.0,0.3129209396881036,2711466,A units
3.0,0.1864629541217296,7.0,0.24159278525562794,4.0,0.18388554518079125,2723875,A units
2.0,0.13430340518245498,6.999001101442493,0.2836939407114022,3.0,0.13659903403343768,2723876,A units
2.0,0.35694503639808045,6.0,0.37228067693866934,3.0,0.378688990918796,2722842,A units
2.0,0.4118323243063718,6.454648911197413,0.4175022000000302,3.0,0.4367408352551051,2722843,A units
2.0,0.4119411883179228,6.647331122558208,0.40900510534258633,3.0,0.4353082138297415,2722844,A units
2.0,0.36354339497996346,6.0,0.3861280698617404,3.0,0.38592982948734866,2722853,A units
3.0,0.2610533085185878,6.999375211077341,0.3955371465062598,4.0,0.2890120113373548,2723658,A units
3.0,0.25171442900927815,7.0,0.3878382186393702,4.0,0.2621839809403573,2723659,A units
2.096007899980224,0.17256114423861418,7.0,0.2392406060600879,3.0960078999802225,0.17498024824123187,2725438,A units
2.0,0.21487019458658033,7.0,0.30468134434929783,2.0,0.21487019458658033,2723618,A units
2.0,0.5455302398922113,6.559579803012177,0.5126570989146185,2.0,0.5455302398922113,2723705,A units
3.0,0.1655245068954555,9.0,0.20752941995715599,3.0,0.1655245068954555,2716739,A units
3.0,0.1867076447496772,7.0,0.2693784319147291,4.0,0.17931515344427565,2723750,A units
2.0,0.6089478856864614,6.958801355519169,0.5726307916912772,2.0,0.6089478856864614,2722916,A units
2.0,0.23355930596695376,7.0,0.30771435919444795,2.0,0.23355930596695376,2725441,A units
2.0,0.15546249064797515,7.086285288463615,0.21041295648327313,2.0,0.15546249064797515,2724566,A units
3.0,0.11687585017951359,7.0,0.20422884634275357,4.0,0.10831025196430792,2724535,A units
3.0,0.09724190010379971,7.0,0.1538560675886557,4.0,0.08630707936537317,2724522,A units
3.0,0.1253552707792617,7.0,0.1929630995182722,4.0,0.12355786217573188,2724545,A units
2.0,0.1922511439700087,7.0,0.28993626516609355,3.0,0.19696874832259928,2723883,A units
3.0,0.13308040980807004,7.0,0.2691168754100747,3.281725717789247,0.1401816051214592,2722264,A units
3.0,0.08606766704364854,8.577873317976934,0.15734783250853301,3.0,0.08606766704364854,2725442,A units
3.6804295439149795,0.11316020187606453,8.0,0.1777071963508072,4.680429543914981,0.11211245262060801,2711876,A units
3.0,0.18085082530402968,7.014626711227335,0.2527395405729908,4.0,0.17317195937399826,2724499,A units
2.0,0.29571210052864977,7.0,0.3406866393401581,3.0,0.3009710713207572,2723887,A units
3.0,0.22271888956643615,7.0,0.18503510729627434,4.0,0.20903819558409428,2700165,A units
3.0,0.1155672215240547,7.0,0.1895375196592229,4.0,0.10968206609219924,2725450,A units
3.0,0.7037742606934414,9.0,0.6861398008938469,4.0,0.7081690063058597,2724533,A units
3.065664769276402,0.15112504079486686,7.357681605672398,0.27506339826724996,3.9930436870577264,0.15648862086548498,2716276,A units
3.000210761974793,0.33049649935696196,7.182496452173422,0.45234797279823136,3.0304152947623306,0.3307827409737036,2716314,A units
3.9244946881672536,0.12121473629152585,7.999724911251128,0.24826911230218876,4.924494688167253,0.1181994689194827,2715387,A units
3.188544243097268,0.12089652896615101,8.0,0.27318669008613394,4.188544243097268,0.12243367543242928,2721833,A units
4.0,0.48092724978964196,8.0,0.6133501665093788,5.0,0.4870584834265408,2713102,A units
3.1980795976299796,0.5242412137690039,7.0,0.3258498945269751,3.9301472689515897,0.5035761485992357,2716585,A units
4.0,0.32495349934473783,8.0,0.5098823504767962,5.0,0.33330237550635744,2711496,A units
4.0,0.10922141470462621,8.0,0.06428893976582711,5.0,0.10398836615843386,2711495,A units
3.0,0.1463471682640247,7.230605467086777,0.26448490811764236,3.9371455335093244,0.1481097433307777,2716747,A units
3.209566359612793,0.13833797589761912,7.223611076250318,0.21100965366484964,4.209566359612795,0.1337518180390182,2725487,A units
3.040854963701484,0.15106834573938702,7.1765075717081155,0.28671243769881605,4.0408549637014834,0.14728990181018148,2725491,A units
3.7570172515444367,0.13413522810628914,8.0,0.24565648952263786,4.757017251544436,0.13402234552048203,2711967,A units
3.998159582204007,0.1722329485530091,7.9784253321874825,0.2874162584253224,4.758654062272759,0.16871368763908146,2721900,A units
4.0,0.17622340915124818,7.809958225826269,0.26299741914746894,5.0,0.18021235534006336,2715362,A units
4.0,0.2055577772995294,7.956574554523149,0.2949849401474152,5.0,0.20106856765295283,2721901,A units
3.290145331966858,0.28726250614371973,7.0,0.36362510139103127,3.8138590144097204,0.29030834343768036,2725500,A units
3.0,0.3092057443754807,7.0,0.426080302616494,3.7118973444590244,0.3144790378857136,2721903,A units
3.0,0.3781670737029068,7.121894323693862,0.4217274376933064,3.003270756964247,0.3781198274997895,2721904,A units
3.0,0.1752748225713668,7.985037628582879,0.2792110662955416,3.9912867936291176,0.18204396910653897,2717510,A units
3.003108430877645,0.290813677112816,7.0035912116951495,0.38380153301910835,3.5748310267138717,0.29302329628231705,2722224,A units
2.0,0.10979356294124167,7.0,0.1938613981044786,3.0,0.10421355961006425,2702910,A units
2.0,0.1802988002704354,8.0,0.1498349063345976,2.0,0.1802988002704354,2701547,A units
2.0,0.18295203375083754,7.0,0.20488302666012953,3.0,0.1786455766216094,2700609,A units
2.0,0.2070230420259182,7.0,0.31249221678852895,3.0,0.20985373077520006,2722263,A units
2.0,0.6431198273360136,8.0,0.6140798728484536,2.0,0.6431198273360136,2700262,A units
2.0,0.10401146621631215,8.0,0.2347676579759469,2.0,0.10401146621631215,2715149,A units
2.0,0.09069743874326058,8.0,0.11931871255043958,2.0,0.09069743874326058,2712897,A units
2.0,0.10419959906034326,8.0,0.25801200988163336,2.19800492811232,0.10251732796130056,2712848,A units
2.0,0.29979363358898514,7.83085305105853,0.4701885468821746,3.0,0.3205721325434716,2712565,A units
2.0,0.5303937951416845,7.0,0.408826127178733,3.0,0.574368270925041,2712316,A units
2.0,0.14416387470124967,7.0,0.21931434319769227,3.0,0.14109535245112087,2712271,A units
2.0,0.5147707695332867,6.994127243066885,0.48660954028416614,2.2083197389885814,0.5139202858942759,2712127,A units
2.0,0.14023200064505334,7.0,0.21950992336491623,3.0,0.1356495953933664,2712071,A units
2.0,0.3748461870438109,7.0,0.31723340315077064,3.0,0.3595704800469627,2711934,A units
2.0,0.21851055469322891,6.486577229771774,0.23541534113235113,3.0,0.20598739866864332,2725545,A units
2.0,0.41194227354293095,6.0,0.37792152037551374,3.0,0.4467411905062209,2711369,A units
2.0,0.6141957016968164,7.0,0.6271442496547331,3.0,0.644363179843454,2711353,A units
2.0,0.14705069964370587,7.996588504250214,0.2979593073697717,2.034546702810591,0.1469383277896787,2719003,A units
2.0,0.24021377970837834,6.9074715529493815,0.18613207024000286,2.0,0.24021377970837834,2710752,A units
2.0,0.6077721550276916,6.939554474224647,0.596524175238997,3.0,0.6318297712650449,2709714,A units
2.0,0.30630333372675467,6.0,0.4304573420983009,3.0,0.2717150911860426,2708599,A units
2.0,0.44171470664027424,6.759742539496783,0.3832323806075899,3.0,0.455731361412109,2709697,A units
2.0,0.10763769646109723,8.0,0.10937258038562406,2.5171045473455145,0.10490899383575898,2718734,A units
2.0,0.1255583606399508,8.0,0.12590019700418462,2.0,0.1255583606399508,2718735,A units
2.0,0.1651474034412376,7.0,0.14578470805745491,2.0,0.1651474034412376,2719062,A units
2.0,0.14611341900945318,8.0,0.2165914736104623,2.0,0.14611341900945318,2719004,A units
2.0,0.12438049352299245,8.0,0.23442295638983093,2.2635806213504255,0.12083221233246937,2719005,A units
2.0,0.1407572848294836,8.0,0.2714637429082976,2.3035182802407035,0.13594169962936584,2711040,A units
2.0,0.1296035671994137,8.0,0.27908942445177454,2.259914352170542,0.12585832028552077,2719006,A units
2.0,0.2815712185515255,7.0437860045549945,0.4651516847655485,3.0,0.29870390343740866,2718008,A units
2.0,0.2859161447738818,7.0,0.34593412593749145,3.0,0.30476696495631084,2722877,A units
2.0,0.3801995647940096,7.7570732718416435,0.4805704730726275,3.0,0.41155644734080743,2723964,A units
2.0,0.0783946178439799,7.73200087013922,0.12628047530486466,2.59696051368219,0.07425509637479172,2715780,A units
2.0,0.3704225387883477,9.0,0.43448306902812506,3.0,0.388685191912847,2715782,A units
2.0,0.12107285912304092,8.0,0.08490482461077956,3.0,0.11086141997882747,2715784,A units
2.0,0.24357787605898984,6.0325624079276805,0.3209808138144909,3.0,0.25472044393480314,2722227,A units
4.0,0.0925416238879133,14.0,0.10109373287281895,6.0,0.08418951429545748,2725551,A units
2.0,0.2903493604723959,7.0,0.4476136057627656,3.0,0.3043861856513229,2718007,A units
2.54254354392886,0.16774710396059306,11.441445947679872,0.549596520998015,3.8138153158932893,0.18983920604179874,2701086,A units
2.0,0.6692219220683203,9.0,0.6414474647643961,3.0,0.6438699859272629,2701104,A units
2.0,0.12801001681482807,7.0,0.21742087823904258,2.9948285501304497,0.13657103744802346,2717201,A units
2.0,0.11987082116280656,8.0,0.21050703525045272,2.0,0.11987082116280656,2701124,A units
4.0,0.4391275014515877,14.006415918466397,0.41997743018750766,6.0,0.4643933525773341,2716272,A units
2.0,0.6224642010000363,7.0,0.5475441562002569,3.0,0.635973531946551,2701149,A units
2.0,0.3978199551724951,7.0,0.5379087327359724,2.8595592956842064,0.40549677548453966,2722234,A units
2.0,0.1987862155469767,7.0,0.3183403856595619,3.0,0.2074377583615924,2701287,A units
2.0,0.29421618903028984,7.0,0.40441228258991563,2.1261892325485956,0.29652746229733584,2701294,A units
2.0,0.08988369645281424,6.960159016483629,0.16988615338227758,2.0,0.08988369645281424,2725556,A units
2.0,0.18808686615845788,7.044299951385514,0.2270307773719671,2.0,0.18808686615845788,2701328,A units
4.0,0.32680982926629915,14.0,0.40640342646486916,6.0,0.3401068895682649,2701346,A units
2.0,0.3910653384179914,7.008502945902519,0.5120984763545534,3.0,0.40706592392182367,2701352,A units
2.0,0.6855333508350819,7.0,0.5991598427933837,3.0,0.6995708081366533,2701409,A units
2.0,0.1870126706352149,7.0,0.24791318621967764,2.0,0.1870126706352149,2701414,A units
2.0,0.14079107726780798,7.0,0.29050702622377705,3.0,0.12589104085927993,2722241,A units
2.0,0.578380459134228,7.0,0.5897265563163098,3.0,0.5990897706441103,2701472,A units
2.0,0.15726750987664995,8.0,0.1657267727953855,3.0,0.14853409482216298,2716307,A units
2.0,0.13700903882419693,8.0,0.21120648576062848,2.0,0.13700903882419693,2722246,A units
2.0,0.22775636312105144,7.0,0.2700968884149235,3.0,0.225925197177221,2716310,A units
2.0,0.2375267476092197,7.0,0.44061480885457016,2.924073612643719,0.27003928940312627,2701600,A units
2.0,0.21043436287968004,7.0,0.26103313730499306,3.0,0.21874709310492285,2724741,A units
2.0,0.22512830223833147,6.394645665566949,0.28545002839216305,3.0,0.23214112276307353,2702897,A units
2.0,0.15534060497884633,6.773252551020408,0.26301010063345714,3.0,0.15168117869547948,2723972,A units
2.0,0.19847222617563537,7.0,0.3160483946655178,2.0,0.19847222617563537,2701017,A units
2.0,0.3442080953021284,7.0175202156334215,0.4728380776275405,3.0,0.3633058164547149,2701002,A units
4.0,0.09723831304053522,18.0,0.1600806221677215,6.0,0.09606863598826879,2716328,A units
2.0,0.161226386592507,7.997724595176473,0.23061257955746878,2.734131904528103,0.16021495294231078,2700976,A units
2.0,0.18932491841896157,8.0,0.2486207772381164,2.0,0.18932491841896157,2700952,A units
2.0,0.1644374746527128,7.934279561236666,0.1702996367924253,2.9880071792863805,0.1686994061353919,2723974,A units
2.0,0.20253827787072556,7.599214050067918,0.28130852855783905,3.0,0.2110329839732956,2723975,A units
4.0,0.35313343407857634,14.0,0.3787534766883522,6.0,0.37099695222761064,2700900,A units
2.0,0.17119445542292777,7.048422532735739,0.21556972007030065,2.0,0.17119445542292777,2700874,A units
2.0,0.4900610490636746,7.0,0.5178466530043615,3.0,0.5096933645331249,2723976,A units
2.0,0.28341177561902947,7.0,0.37939251205118407,3.0,0.3150822513685139,2700836,A units
2.0,0.0998728895057771,6.001236564964494,0.22388892729463938,3.0,0.10065958563583127,2725563,A units
2.0,0.5782970283424503,9.0,0.547976187054289,3.0,0.5984342170166155,2700765,A units
2.0,0.24067229239802237,7.0,0.36316131857367917,2.0,0.24067229239802237,2700722,A units
2.0,0.504460741971025,7.0,0.52712628387424,3.0,0.5284158812662189,2700683,A units
2.0,0.08935458248840727,6.038572180579345,0.1881999482292384,3.0,0.09032283047619491,2700680,A units
2.0,0.3752303846502773,8.892447924539715,0.40940992911363594,3.0,0.39140645196031176,2723977,A units
2.0,0.11167244599045754,9.0,0.13535725443014981,3.0,0.10445539150127509,2700648,A units
2.0,0.25865110871935787,6.383172905934859,0.3402463587791066,3.0,0.2681503344261435,2700635,A units
2.0,0.13928151795471094,7.0,0.21114534252901654,3.0,0.14415795072377155,2716358,A units
2.0,0.0701461244736684,8.654168672947467,0.13888498093786816,3.0,0.06840725273917386,2700556,A units
4.0,0.18313992671661555,18.0,0.24520093705315857,6.0,0.18742883610664968,2700521,A units
2.0,0.3989991238663878,6.0,0.4794446321287731,3.0,0.4274783048937958,2700501,A units
2.0,0.1797794233146646,6.306577337605596,0.2636898698504312,2.472379842703175,0.17959150634178642,2700478,A units
2.0,0.27540414293816307,7.0,0.3098357240034005,3.0,0.2853838830020708,2700468,A units
2.0,0.07306371422528045,7.653846263017915,0.04515735866288088,2.972960775241766,0.07111486962881167,2700454,A units
2.0,0.15747309749722022,8.307543190347694,0.24763142537797161,2.0,0.15747309749722022,2722266,A units
2.0,0.6035634409086907,6.739494759399418,0.5224764545930166,3.0,0.6187980953182668,2700372,A units
2.0,0.3092165412288525,7.0,0.3848756441020973,3.0,0.3302626769403328,2700351,A units
2.0,0.6291002663088364,6.0,0.5828631244616926,3.0,0.6619731533903714,2725568,A units
2.0,0.20927147678146754,8.0,0.32274407448195247,2.0491120883547618,0.2098198654212326,2700319,A units
2.0,0.20414830108748722,6.999865117010998,0.333400038978641,3.0,0.21938644933722823,2700296,A units
2.0,0.34196438893386777,7.0,0.4424195299316535,3.0,0.3589108873843103,2700270,A units
2.0,0.1293649875625213,7.0,0.2837848904803645,3.0,0.12848659818408653,2700267,A units
2.0,0.13803248452132824,7.0556814212286145,0.20330769824244943,3.0,0.13286229159545984,2700264,A units
2.0,0.1074337539048936,7.698193809488124,0.17729342302904552,3.0,0.09373344726630285,2700251,A units
2.0,0.11701150560043105,7.695105211374893,0.16583943654476496,3.0,0.11381866698659593,2700190,A units
2.0,0.0958355452400681,6.050641199246459,0.1461579721836437,3.0,0.09978357655507766,2725572,A units
2.0,0.597879622185221,6.092624795417346,0.5600914272799614,3.0,0.6223512210287022,2700136,A units
2.0,0.1084919976314262,6.000840801961376,0.17452186981780632,3.0,0.11005222320999422,2700129,A units
2.0,0.2321118982957369,8.0,0.3183913932060425,2.0,0.2321118982957369,2700111,A units
2.0,0.13721704679782604,7.0,0.21914796594478347,3.0,0.13953874151357426,2723981,A units
2.0,0.16940623402794858,7.0,0.15427382839092663,3.0,0.1379846283747228,2700039,A units
2.0,0.23227306663328823,6.783713873551211,0.2780825471525813,3.0,0.21123966415969256,2700030,A units
2.0,0.21559569041153664,6.0,0.3654731827276324,3.0,0.22966853657207847,2723982,A units
2.0,0.2699587357970313,7.0,0.34675667978760344,3.0,0.2881458645377749,2700016,A units
2.0,0.2591664563241987,7.0,0.26791688810683867,3.0,0.259672550197393,2715753,A units
2.0,0.5665242518577341,7.0,0.5766511229104234,3.0,0.5904114414385235,2716388,A units
2.0,0.14724260585703475,7.38434289762664,0.1780210971775092,2.7272641398039905,0.1402642655110807,2715710,A units
2.0,0.3368011522959136,6.964594651559926,0.40963636361612593,3.0,0.3498415604205348,2722277,A units
4.0,0.4805606924709278,14.0,0.4486721395461413,6.0,0.5036117024885713,2717257,A units
4.0,0.39030114534448335,14.0,0.43271797815148366,6.0,0.41164952435813557,2715693,A units
2.0,0.14582649705936304,8.0,0.2489903379845048,2.8099325165432747,0.1616397761069626,2715585,A units
4.0,0.10695069523101706,14.0,0.1224439228328123,6.0,0.10071395891706353,2723986,A units
2.0,0.3415375981992024,7.0570658460968945,0.4350658819344173,3.0,0.3655693584979911,2715571,A units
4.0,0.3642669033503974,14.0,0.36394963847429695,6.0,0.38570046069918784,2715564,A units
2.0,0.26142745850530724,7.299313061533384,0.5088867741770975,2.0,0.26142745850530724,2717261,A units
2.0,0.6567385545209011,6.682453422133833,0.6356659785441954,2.0453657239321976,0.6585303049231807,2725578,A units
2.0,0.6030073001668808,5.412844036697249,0.5533419705919778,3.0,0.5975236209487857,2715507,A units
2.0,0.10276930377535631,8.31567698376687,0.1742705662522668,2.278011261780611,0.10251243170275187,2723988,A units
2.0,0.07014822418838274,8.0,0.11613656168233043,2.0,0.07014822418838274,2715469,A units
2.0,0.21215029610527888,6.0,0.34240057092831466,3.0,0.22333605767964335,2715458,A units
4.0,0.4037643851246433,14.0,0.4185968156060059,6.0,0.42657766308879047,2715441,A units
2.0,0.1429687265383494,8.116043160819281,0.23488053712682633,2.0,0.1429687265383494,2715440,A units
2.0,0.18098277792602657,7.1790481717933785,0.2441144534411017,3.0,0.18209274514376664,2723989,A units
2.0,0.24030115553015363,8.0,0.2198081252875843,2.0,0.24030115553015363,2715431,A units
2.0,0.18635621397643468,7.7458825767483885,0.2674082742026112,3.0,0.1964271216736314,2715422,A units
2.0,0.611990208364316,6.944283020371305,0.5339249724377826,3.0,0.6397616547370336,2715419,A units
2.0,0.6652008554577074,6.0,0.6471971770862903,3.0,0.6745373460222591,2715395,A units
2.0,0.3033038858367754,6.9717290063793875,0.40249975197015614,3.0,0.32031845758773664,2723990,A units
2.0,0.2910741458344297,7.0,0.36547643688179954,3.0,0.30986268758119945,2722287,A units
2.0,0.3645694597617489,7.0,0.47067544110916665,3.0,0.37778744736429026,2715341,A units
2.0,0.3174084636090256,7.201494880974816,0.38665760425949464,2.0,0.3174084636090256,2715333,A units
2.0,0.526767468720644,7.0,0.49133398144166157,3.0,0.5169253554945902,2715317,A units
2.0,0.6194472089959701,7.0,0.536836755112518,3.0,0.6404103534205501,2715295,A units
2.0,0.25487715557852697,7.0,0.41450354397135125,3.0,0.2684528230137861,2715284,A units
3.4800992803956934,0.6644522044492704,12.180347481384926,0.570549964231209,5.22014892059354,0.6736564229672737,2715225,A units
2.0,0.07799596632130495,9.0,0.12927948869601905,3.0,0.06846981834921491,2716418,A units
2.0,0.6468079619298656,7.0,0.5661713813272569,3.0,0.6621675247021673,2717273,A units
2.0,0.15592233045308568,7.976678591084205,0.20144122590279606,2.0,0.15592233045308568,2715157,A units
4.0,0.0974812025925819,18.0,0.11639136277657999,6.0,0.0910767914334625,2715155,A units
4.0,0.33418585045546445,14.0,0.3963992621167516,6.0,0.3553623188700596,2715150,A units
2.0,0.12034879873207949,8.073203381869423,0.19207910471829856,2.0,0.12034879873207949,2722289,A units
2.0,0.15342023927685214,7.0,0.2563976993370876,2.0,0.15342023927685214,2715127,A units
2.0,0.122850229251644,8.0,0.18578188567773024,2.0,0.122850229251644,2715110,A units
2.0,0.29655522645645804,7.0,0.3616859432516046,3.0,0.3166602076213906,2715106,A units
2.0,0.2782824474381907,7.0,0.3591519706453266,3.0,0.2972527583806397,2723993,A units
2.0,0.35368371355205835,7.0,0.42588493590615023,3.0,0.3737920097868509,2715086,A units
4.0,0.31705513536749924,14.0,0.38805636973951446,6.0,0.3288629881570957,2715063,A units
2.0,0.33163778771119207,7.0,0.3266021479062229,3.0,0.3427109441220506,2715049,A units
2.0,0.06760070735483405,7.535089423061983,0.09782112964385994,3.0,0.06215983858802757,2725587,A units
2.0,0.32092757328861077,6.844650534101789,0.4307487351858303,2.0,0.32092757328861077,2715026,A units
2.0,0.13878236617757642,8.119144584581715,0.1652443920835749,2.8081415167118187,0.1260128607151559,2715023,A units
4.0,0.1518619234403096,18.0,0.209976193628193,6.0,0.15205374399611898,2715012,A units
2.0,0.2580118056228829,7.0,0.36236517140465446,2.296844003606853,0.26236319541662423,2715005,A units
2.0,0.5826572122419857,7.0,0.542373752575945,3.0,0.605611805162839,2714926,A units
2.0,0.2545142210984129,6.0,0.26736335728573013,3.0,0.24662810833104815,2714906,A units
2.0,0.2617278368206466,7.0,0.3107889976266461,3.0,0.25870910850087775,2714899,A units
2.0,0.07955841783093441,7.012898047049593,0.170244687419303,3.0,0.08004011397233177,2714887,A units
2.0,0.3667015462637864,7.111062071179231,0.3791366474220832,3.0,0.3903167191881653,2723995,A units
2.0,0.15383047050199788,9.0,0.21406217986509954,3.0,0.15189200151792404,2714865,A units
2.0,0.23869687392140243,7.232710253205035,0.31019365094625273,3.0,0.21733192364988763,2714864,A units
4.0,0.31520158147582034,14.0,0.3798024298730706,6.0,0.3183989117414179,2714862,A units
2.0,0.21524632270953564,6.643050761696513,0.28575565110724627,2.0990205468312344,0.21453952942520368,2714764,A units
2.0,0.5526808559228616,8.0,0.5372544979188124,3.0,0.5638142802254489,2714743,A units
4.0,0.07421942806536364,14.0,0.07663001935811334,6.0,0.06487343416939997,2725589,A units
2.0,0.17586951568761708,9.0,0.24751650968520839,3.0,0.16488695695452624,2714720,A units
2.0,0.08979983843905012,7.0,0.11493867914996071,3.0,0.08104796887404034,2714709,A units
2.0,0.1358855788198649,7.370282293497363,0.2136277932616817,2.8575955623901597,0.12212668715240456,2714679,A units
2.0,0.590403340730754,6.410346367289661,0.5845835773762509,3.0,0.5759143198111336,2714648,A units
4.0,0.4339524391866324,14.0,0.4020618219064469,6.0,0.4543013783136209,2723997,A units
2.0,0.2019643401872864,6.017655624317438,0.28113537016957485,2.8220136252535233,0.19193215852867662,2714625,A units
2.0,0.17749395926528835,7.39630364891692,0.2527322959216953,3.0,0.1714383195449877,2714567,A units
4.0,0.3005051424962625,14.0,0.7171584858939966,6.0,0.3238682611814497,2714566,A units
2.0,0.13519919343951933,6.210828866620054,0.2227389869096904,2.7586032781791343,0.1314958534674087,2714503,A units
2.0,0.17886313402677959,7.0,0.2930751262076717,2.0,0.17886313402677959,2714500,A units
2.0,0.14118018580822994,9.0,0.23266687336325498,3.0,0.1492492435125154,2714484,A units
2.0,0.16023465045620378,7.158889802233933,0.28111728983473927,3.0,0.15351840381675688,2714473,A units
2.0,0.04089607028017504,9.0,0.08443693128196818,3.0,0.034806328479405506,2725591,A units
4.0,0.5724778489291988,14.0,0.556521214353918,6.0,0.6081041856862329,2714442,A units
2.0,0.42966439812836726,6.945989280523255,0.4995370253406161,3.0,0.4528122944382377,2717293,A units
2.0,0.1409125610100373,6.048920066457451,0.20143440756521575,2.249646175619962,0.13752424739208136,2714411,A units
2.0,0.3459406860025717,8.550138405214748,0.35554511635124203,3.0,0.3592085199091896,2714388,A units
2.0,0.18815532255864276,6.0,0.29718815547059363,3.0,0.1970762963286622,2714378,A units
2.0,0.3620595975181402,7.3195002467047345,0.4171506877341159,3.0,0.3832515580892213,2724000,A units
2.0,0.2299813037982018,5.5096422543784405,0.29912425468254855,2.70447020631012,0.2329142022402809,2722305,A units
2.0,0.3867109395959734,8.0,0.34130355272416174,3.0,0.3775320046284563,2718539,A units
2.0,0.170753784515441,7.0,0.2716225216966669,2.0,0.170753784515441,2714284,A units
4.0,0.3723886761126335,14.0,0.3793044468886926,6.0,0.3921311322787779,2714265,A units
2.0,0.025569501677308835,9.0,0.07048774847951088,3.0,0.01492562871243492,2714252,A units
2.0,0.617063340166682,7.0,0.6746945697787318,3.0,0.6393623736914925,2714245,A units
2.0,0.16195966381204946,8.35984410846071,0.25712352949076583,3.0,0.17492522931881666,2714235,A units
4.0,0.4105305688482767,14.0,0.4402519007555874,6.0,0.4303452934315902,2714220,A units
4.0,0.1303227701523282,18.0,0.18531499101313625,6.0,0.1261008734140283,2714197,A units
2.0,0.2009671893480425,7.246996429788306,0.3530351832285974,3.0,0.22509535426858876,2714154,A units
2.0,0.3550779029015038,8.22629320018922,0.4279464307098616,3.0,0.3718994298468816,2714138,A units
4.0,0.4011403979639974,14.0,0.4014400267810417,6.0,0.417975458054153,2714135,A units
2.0,0.16771437086485025,7.633711403142369,0.2501614021699747,3.0,0.16258174348606397,2714134,A units
2.0,0.1790499433109673,7.0,0.26599289467537207,3.0,0.18190348711933454,2714112,A units
2.0,0.5695776107408389,7.0,0.6231044013485432,3.0,0.5580211851267396,2714081,A units
4.0,0.4312519069308244,14.0,0.40721188378799617,6.0,0.4523771650246452,2714066,A units
2.0,0.0649911176332388,7.763694003541577,0.1111287304447553,2.4130753042364352,0.06257535031172033,2716489,A units
2.0,0.11774103360660108,6.493867732755116,0.1970051091551234,2.0,0.11774103360660108,2714050,A units
2.0,0.4415008699548418,7.0,0.4992397956002776,3.0,0.46480055941664394,2714040,A units
4.0,0.42371367898354734,14.0,0.40496537252296116,6.0,0.4430570371438379,2714010,A units
2.0,0.38955544634089495,7.0,0.4181260886442974,3.0,0.41095196300084263,2713971,A units
2.0,0.18470767456190637,9.0,0.25568584388761845,3.0,0.18463817319689396,2713942,A units
2.0,0.18285589566810176,6.74083634486319,0.3045595909793638,2.439433050171305,0.1897111178121434,2713915,A units
2.0,0.13579662185367797,7.851247323030618,0.1627706741173386,2.0,0.13579662185367797,2713867,A units
2.0,0.16916118193543905,6.088876070461905,0.283079539381165,3.0,0.17223815837343662,2713864,A units
2.0,0.34955177415010047,6.909941221784281,0.43144048741700436,3.0,0.37046706163800774,2713852,A units
2.0,0.1456989848104765,7.0,0.22816573662442638,3.0,0.1592598272654204,2724007,A units
4.0,0.3626078593403086,14.0,0.36082567433085433,6.0,0.3883672646055621,2713835,A units
4.0,0.4319395845463496,14.0,0.4134094290130617,6.0,0.46008054676083787,2724008,A units
4.0,0.14170179619607295,18.0,0.18089204962517735,6.0,0.13867887044997976,2713815,A units
2.0,0.22564975527748665,6.0,0.32511571998889294,3.0,0.2502985828887958,2713805,A units
2.0,0.28551546196096245,7.577976100438662,0.33263715324393794,3.0,0.2625115802091295,2713777,A units
2.0,0.2925660435555188,7.735111580615345,0.39924867769887823,3.0,0.2996729256471197,2713773,A units
4.0,0.39883068097325375,14.0,0.42678682240062193,6.0,0.4091508744693364,2713753,A units
2.0,0.3289097801455566,7.0935184377996725,0.3515695081459475,2.0,0.3289097801455566,2713734,A units
2.0,0.046215897286580855,7.0,0.08405738087676175,3.0,0.03787882173797644,2725599,A units
2.0,0.03040108815185644,9.0,0.05715585553207858,3.0,0.025102156885064487,2725600,A units
2.0,0.1694828062173324,6.677004114959134,0.18595364305932388,3.0,0.1621175740275161,2713688,A units
4.0,0.159852715399967,14.0,0.2007026907741112,6.0,0.1565493667001908,2713677,A units
4.0,0.11613068101409403,14.002112610251846,0.13920550628251047,6.0,0.1109213721751421,2713673,A units
2.0,0.40471775755474027,7.973623679462281,0.802673646483635,2.0,0.40471775755474027,2713667,A units
2.0,0.1364309428471921,8.0,0.15721186650547095,2.0,0.1364309428471921,2713554,A units
2.0,0.12707629480974786,6.889817295006596,0.26889872125548797,3.0,0.12160337220449814,2713545,A units
2.0,0.43591306083120424,7.0,0.4739356678508531,3.0,0.4663379648514325,2713532,A units
2.0,0.13454969434302572,7.602947409605164,0.2178784647957644,2.2775137752274133,0.1310386880261799,2722318,A units
2.0,0.09714146807645387,7.0,0.17427857498082813,2.6330044052863437,0.10532396685223747,2713519,A units
2.0,0.09451897575234625,8.978791841746178,0.12740868539275965,3.0,0.09675581778996883,2725602,A units
2.0,0.3352790484467704,7.094250819183796,0.41092606671350557,2.0,0.3352790484467704,2713487,A units
2.0,0.29794401094587347,7.0,0.41938005308297777,3.0,0.3015106459508308,2713452,A units
2.0,0.21016955629772843,8.0,0.21457960481742544,2.0,0.21016955629772843,2713396,A units
2.0,0.2014911031270055,7.0,0.36395158213179996,3.0,0.2253404565197192,2713392,A units
4.0,0.5906142936348737,14.656917182434425,0.5628317904972422,6.0,0.6168263051106755,2716523,A units
2.0,0.14386302964679065,7.0,0.22775539474471884,3.0,0.14766174806253093,2713355,A units
2.0,0.6458908556026868,7.0,0.5633910735011048,3.0,0.6621817085195779,2713333,A units
2.0,0.07292205290453625,6.967638430025115,0.15677300739228472,3.0,0.06729650627079783,2713316,A units
2.0,0.2510956654100346,6.600121393556881,0.327125993409472,3.0,0.26314665670136667,2722325,A units
4.0,0.3692547047977118,14.0,0.4052746090335856,6.0,0.3847624653003312,2722327,A units
2.0,0.06339603220259388,7.0,0.15444479237649386,3.0,0.06792811375956892,2717320,A units
2.0,0.04675918505942525,6.851136777094665,0.10164775150988983,3.0,0.03839965161977906,2713248,A units
4.0,0.4068566798085093,14.0,0.39988594632017954,6.0,0.410736363418098,2713236,A units
2.0,0.18095970938228864,7.11919991877348,0.2590541781678387,3.0,0.17807544628664104,2713191,A units
2.0,0.13028380297790196,7.984325108853412,0.2530181367745074,3.0,0.12378193086023626,2713181,A units
2.0,0.17768315365958368,7.0,0.31910159634479784,3.0,0.195233345751618,2713154,A units
2.0,0.4189389986714546,7.0,0.48529044426922296,3.0,0.43597189728759755,2713135,A units
2.0,0.5127677985130575,7.0,0.5970445437569505,3.0,0.5318835514265723,2713124,A units
4.0,0.38465030790538235,14.0,0.4184294867409541,6.0,0.40624119257311686,2722332,A units
2.0,0.09606798698224903,8.0,0.1086301144148303,2.9377571138313443,0.08500176612158511,2725607,A units
2.0,0.17921366489413704,6.690861844954527,0.27799922909840924,3.0,0.18306473618103036,2713115,A units
2.0,0.06762189293091031,7.0,0.16571250389571263,3.0,0.07595793094075898,2716542,A units
2.0,0.18140311045416455,7.0,0.30642653174151335,2.0,0.18140311045416455,2713046,A units
2.0,0.3235953158837611,6.0,0.43619016050185766,3.0,0.3452782302328426,2717325,A units
4.0,0.31007803613996593,14.0,0.4026642708561096,6.0,0.32173993285671815,2725609,A units
2.0,0.5425614587486651,5.1272628177677415,0.533786071851857,3.0,0.5676531375989455,2713004,A units
2.0,0.1303627004071703,6.0,0.14871304298398227,3.0,0.12473243699227479,2713001,A units
2.0,0.09613471714056758,7.0,0.06879178529702401,3.0,0.08414792103272771,2717328,A units
4.0,0.5681194193342192,14.0,0.5900845963174919,6.0,0.5754908723457822,2712972,A units
2.0,0.19116533799974122,8.805553327297941,0.2959824427278404,3.0,0.19755055783279246,2712956,A units
2.0,0.14414304861798946,8.034236512112619,0.23285579200253995,2.0,0.14414304861798946,2712929,A units
2.0,0.5961796409827487,8.0,0.6378082258403198,2.0,0.5961796409827487,2712896,A units
2.0,0.19409058905595317,7.0,0.315711332213416,3.0,0.20826360553298487,2712891,A units
2.0,0.26983104203526,6.0,0.32825548383904346,3.0,0.27857813648807656,2716554,A units
2.0,0.20206018261468328,7.0,0.2181426240656324,3.0,0.20444749221020567,2712875,A units
2.0,0.11838766488151346,6.968279603646588,0.1142121480504171,2.588680503387017,0.11243174638637699,2716556,A units
2.0,0.3334957055987335,6.0,0.4369482528650363,3.0,0.35264258240648644,2717335,A units
2.0,0.21941624644133015,7.0,0.2610855793783267,3.0,0.22019574788478302,2725613,A units
2.0,0.5492683861359131,7.0,0.4221399068993273,3.0,0.5638417696011426,2724013,A units
2.0,0.10128333013368471,7.0,0.13560236540263576,3.0,0.09136636760392294,2712736,A units
2.0,0.2633704844186411,8.040486129068006,0.3752597132984278,3.0,0.2828588894468994,2712684,A units
2.0,0.11308150275506923,7.0,0.183057085301665,3.0,0.10987737081389015,2712672,A units
2.0,0.28942139083786456,6.672177320597601,0.3362542610352115,3.0,0.3077548542979571,2722342,A units
2.0,0.14018953400366924,7.0,0.23057498890400696,3.0,0.13454443843801672,2724014,A units
4.0,0.34833720049557043,14.0,0.3704881252438288,6.0,0.36414305101465083,2712586,A units
2.0,0.4288595862416699,7.0,0.429832301510436,3.0,0.4304996063697505,2712561,A units
2.0,0.6053240810925103,7.0,0.5720591948962062,3.0,0.6209550452397304,2712558,A units
4.0,0.14258624502644068,17.99845701890001,0.1535730208923599,6.0,0.13621150002764892,2725615,A units
2.1227645406601012,0.13782831616440847,7.429675892310352,0.08440752824371746,3.184146810990153,0.12733710106679025,2725616,A units
2.0,0.09905679995638048,7.0,0.07776027262302607,2.0,0.09905679995638048,2712541,A units
2.0,0.212923981011068,8.0,0.2134311735723947,2.0,0.212923981011068,2725617,A units
2.0,0.322148686594495,7.0,0.4395950424866141,3.0,0.3222553897252149,2712509,A units
2.0,0.14781388843302373,7.0,0.23640830800774137,3.0,0.15489147789383595,2712502,A units
2.0,0.39856829810656025,8.0,0.39030537846271757,3.0,0.3918796537062205,2712488,A units
2.0,0.22265030426249469,6.176411322311426,0.23325458870500193,3.0,0.2059476752298973,2712404,A units
4.0,0.5714811330716767,14.0,0.5594507143054077,6.0,0.5964140194772923,2712399,A units
2.0,0.2651565948816711,7.0,0.34611050558192474,3.0,0.28251702169568627,2722349,A units
2.0,0.1007979141168867,7.623484439092857,0.17401042651328497,2.8085215959495575,0.10165403590543892,2712356,A units
2.0,0.3214044143346686,6.0,0.48784519142558286,3.0,0.3301359337164227,2712332,A units
4.0,0.08243389873408447,18.0,0.10224085285014387,6.0,0.07509602326932209,2712313,A units
2.0,0.11725675050286966,7.0,0.0505261371503123,2.7491416264716206,0.11376377540713314,2712306,A units
2.0,0.045061072175371114,6.739277123016176,0.11780328460969128,3.0,0.03777237585048635,2712297,A units
4.0,0.13464521212965913,14.0,0.18348626389035785,6.0,0.14933578953974655,2724017,A units
2.0,0.15215053046912763,6.591759340747258,0.17708364441956284,3.0,0.1461204344000933,2712266,A units
4.0,0.4250317145952922,14.0,0.4344385662370951,6.0,0.4524825072552871,2712246,A units
2.0,0.33151038938016375,6.186493164040862,0.3563828161759982,3.0,0.35970513305689905,2725620,A units
2.0,0.060886110127288555,6.050983177020838,0.1433783967888918,3.0,0.055398923847049385,2712211,A units
2.0,0.20247936233075828,7.726001149645526,0.2753584304659228,3.0,0.20713729146117793,2712207,A units
3.9915934002411317,0.5871921245984701,13.970576900843959,0.5755700565999312,5.987390100361698,0.5967607917426995,2712197,A units
4.0,0.3572202714486292,14.0,0.40196998292493963,6.0,0.3743132689786988,2712088,A units
2.0,0.04225162524836093,7.189146204274798,0.07952284434182533,3.0,0.035529994518800165,2712084,A units
2.0,0.09710351469771131,7.0,0.1447167055322735,2.9593895129686727,0.08470291840015273,2712068,A units
2.0,0.15833337256359978,8.0,0.1598967010748453,2.0,0.15833337256359978,2712051,A units
4.0,0.39127599567540106,14.0,0.3598228771979617,6.0,0.41154535476315585,2712044,A units
2.0,0.2778689018495934,7.0,0.3501801019511667,3.0,0.2917506250397212,2712035,A units
2.0,0.07632444742788475,6.681893206604672,0.18398955442125461,3.0,0.0663129866920589,2712028,A units
2.0,0.3738779681853497,7.228831188843517,0.49315039017771944,3.0,0.39399750236232656,2712009,A units
2.0,0.11197560303236273,7.0,0.2241798676127692,2.249714134928314,0.11627730898207177,2711997,A units
4.0,0.33844616182851567,14.0,0.40617548802253023,6.0,0.35137034065111244,2711935,A units
2.0,0.08388691043594787,7.0,0.09848386504717914,3.0,0.06636964703766686,2711856,A units
2.0,0.09604277841746893,9.0,0.20181546115937557,3.0,0.09869174105610953,2725626,A units
2.0,0.12520381505653705,6.0,0.22258498939371366,3.0,0.13195588257214033,2716618,A units
2.0,0.6383590395695848,6.70970949311985,0.5621587436863801,3.0,0.6679752131998201,2711817,A units
2.0,0.5532082820262085,6.152546711031483,0.55400608031073,3.0,0.5277825072617491,2711771,A units
2.0,0.22933660275001624,7.2700094209144295,0.30372111694321835,2.0916835374531457,0.22911701144728205,2711735,A units
2.0,0.6301075176059511,6.13609467455621,0.5662261242199107,3.0,0.664116478783956,2725629,A units
2.0,0.43201475862833255,7.0,0.43717340512814573,3.0,0.4500266538886143,2722365,A units
4.0,0.1787113482914902,18.0,0.22357389762904975,6.0,0.18078769011409404,2725631,A units
2.0,0.5605441764393241,5.461224836490274,0.5403700992281489,3.0,0.4802412505913516,2724019,A units
2.0,0.15347209824427976,7.0,0.2252485001472775,3.0,0.15325289912910522,2711685,A units
2.0,0.07331284133466276,9.0,0.06717075847215608,3.0,0.06766914223796727,2725632,A units
2.0,0.1820087630721158,7.0,0.3726686314374304,3.0,0.20154356556307018,2711678,A units
2.0,0.23317703768362472,6.351230055000424,0.3619950189759525,3.0,0.24919834490514506,2722366,A units
4.0,0.1448865490370222,18.0,0.19843239573909205,6.0,0.1417433082735958,2725633,A units
2.0,0.11933297878499023,7.865306717179077,0.13892774696018242,3.0,0.1100392542916301,2711635,A units
2.0,0.1956017168222952,7.0,0.3642170546051074,3.0,0.22356292906834654,2711632,A units
2.0,0.10644322540281008,6.975850187866513,0.17397839760801448,2.0,0.10644322540281008,2725634,A units
2.0,0.19053493122637097,7.0,0.1723324441388655,2.0,0.19053493122637097,2717367,A units
2.0,0.11493698666553999,7.0,0.20405074007131796,3.0,0.1146715774568135,2711589,A units
4.0,0.09188508604247794,14.0,0.08259915012729177,6.0,0.08678302613879398,2722373,A units
2.0,0.1324834488129822,9.0,0.21045439361345714,3.0,0.1391787307652895,2711518,A units
2.0,0.14653819737520105,9.0,0.24167161663405662,3.0,0.13918659120672042,2711515,A units
2.0,0.311878403445423,6.315422597476992,0.38371273080047696,3.0,0.33656262942897625,2711508,A units
2.0,0.15814587006294026,7.722089877659789,0.2825794824085329,3.0,0.16078307216667162,2711439,A units
2.0,0.12062239195617261,6.0,0.18707979189628823,3.0,0.12102574921668403,2717370,A units
2.0,0.18467369863631708,7.0,0.27302812417117117,3.0,0.19336513244127665,2711428,A units
2.0,0.11727528055870512,7.0,0.25156058911447315,2.0,0.11727528055870512,2711415,A units
4.0,0.07757495352995537,18.0,0.10232671967946715,6.0,0.07072308382631583,2711357,A units
2.0,0.2284800369488089,7.0,0.35416024739112223,2.0,0.2284800369488089,2711346,A units
2.0,0.10244799987134386,8.91494100179729,0.1587748262151411,2.0,0.10244799987134386,2722377,A units
2.0,0.10261919511451116,7.0,0.2070218356431077,3.0,0.11994104884907658,2711325,A units
2.0,0.16652676041584594,7.0,0.37477925430874987,3.0,0.19307308149098917,2711313,A units
2.0,0.586347009652642,7.0,0.5292369033782188,3.0,0.5955676090724366,2722378,A units
4.0,0.4013210846695476,14.0,0.39462947606576343,6.0,0.4200673006109573,2711307,A units
2.0,0.05752652294366021,8.0,0.1721624357339598,2.9662262250399953,0.05889705092839423,2722379,A units
2.0,0.3495419188138323,7.0,0.49976108693060156,3.0,0.3610422896680635,2717371,A units
2.0,0.11068171639997222,7.0,0.13995618759508932,3.0,0.10253925125685694,2711280,A units
2.0,0.09507925423311504,7.0,0.12066480799674326,3.0,0.08647595028974818,2711279,A units
4.0,0.33150772211604285,14.0,0.3783451372629375,6.0,0.35246981774833575,2711266,A units
2.0,0.09242079007849653,9.0,0.12799064337087843,3.0,0.08288287291996221,2711257,A units
2.0,0.11569191174637589,7.76465149572012,0.22802202126534615,3.0,0.10848086573615297,2711249,A units
2.0,0.32278172841001834,6.0,0.33801552677071883,3.0,0.32481088862778607,2711220,A units
2.0,0.08052106048759258,7.0,0.15613467629551103,2.5094848084544257,0.08566759934690703,2711217,A units
2.0,0.16004052221819454,7.085550117046181,0.30566231252208975,3.0,0.1607668477165333,2711170,A units
2.0,0.1498233475023912,6.002790861469384,0.3025173685002003,3.0,0.1656818241021011,2711157,A units
2.0,0.646584997692657,7.0,0.5651058757781258,3.0,0.6615238143976643,2711142,A units
2.0,0.35632438990041243,7.293889139175303,0.454687245632265,3.0,0.3700564512922561,2711125,A units
2.0,0.3482240231811548,8.209659061703737,0.3935213149489105,3.0,0.3667522953922798,2724023,A units
4.0,0.4555919889159592,14.0,0.48280154504216466,6.0,0.47282632844297945,2711008,A units
2.0,0.13587061692081945,8.0,0.24483750961642342,3.0,0.12958505805702153,2711004,A units
2.0,0.11083091760565929,7.0,0.13619022241436765,3.0,0.10057461041680803,2710952,A units
2.0,0.2914154321625168,7.0,0.3902539705678119,3.0,0.30096293717887124,2710874,A units
2.0,0.3527105158630088,8.0,0.4339276507767632,3.0,0.3648105959423392,2710871,A units
4.0,0.4165114638084609,14.0,0.40302574167910243,6.0,0.4303202104284629,2716684,A units
2.0,0.191829986362103,6.126303049232814,0.32468581918000305,3.0,0.20254192385357547,2710817,A units
2.0,0.22404846981317478,9.0,0.30866153543899894,3.0,0.22695572190567004,2716688,A units
2.0,0.28016953996276167,6.02423721372649,0.3297954744483482,3.0,0.2841473480046946,2710778,A units
2.0,0.1390779014364226,7.0,0.17585998423002075,3.0,0.13402397476426156,2710777,A units
2.0,0.28349891105616,7.327158601326381,0.33841649843133537,3.0,0.29566987351266183,2725641,A units
2.0,0.21481588252388534,7.0,0.29155956533479027,3.0,0.21848208521747267,2710745,A units
2.0,0.48407116506581804,7.0,0.48962143313301926,3.0,0.48392084590411016,2710727,A units
4.0,0.37419373246245635,14.0,0.4216646654827528,6.0,0.39349107517126725,2710718,A units
2.0,0.6387540488274754,6.090874102324116,0.5750945347171935,3.0,0.6640844715650371,2725642,A units
2.0,0.0607879493710586,7.0,0.08822713002055765,3.0,0.04481926964928281,2710671,A units
2.0,0.14406971992635084,8.0,0.26307112093488644,2.0,0.14406971992635084,2710556,A units
2.0,0.1307448101346381,7.0,0.21238789116522866,3.0,0.13172808075539283,2716709,A units
2.0,0.21192867131759,6.581051073279052,0.31105723644358835,2.8239884036516165,0.22172071575652463,2710541,A units
2.0,0.20978434555245778,6.715510041035697,0.34574482247829175,3.0,0.2156067535204881,2710474,A units
2.0,0.19310702312713168,8.0,0.2347032299687504,2.0,0.19310702312713168,2710447,A units
2.0,0.2313416434160356,7.0,0.3508368711010066,2.1473851030110938,0.2321606423350933,2710380,A units
2.0,0.15979101753298827,7.286497979400442,0.26808935722410066,2.9239323459112856,0.15008967131527454,2722398,A units
2.0,0.11895573215505273,7.105159377004705,0.147076146311812,3.0,0.10330478463526309,2722399,A units
2.0,0.29719650876506554,7.819053564076343,0.5516109030711632,2.0,0.29719650876506554,2717393,A units
2.0,0.1716831755502471,7.0,0.2741934032951454,2.0,0.1716831755502471,2710197,A units
2.0,0.1557738816652546,7.0,0.2510251127298322,2.0,0.1557738816652546,2710196,A units
2.0,0.16621646726050887,7.0,0.28299605862849997,2.0,0.16621646726050887,2710195,A units
4.0,0.3172120271211833,14.0,0.3942041643876326,6.0,0.3566000087578963,2710144,A units
4.0,0.38825217359053626,14.0,0.41025726638563464,6.0,0.40303911719473845,2716721,A units
2.0,0.15177364758704442,7.0,0.22251688250014645,3.0,0.14378136502644154,2724028,A units
2.0,0.35960959651365704,7.0,0.4175180634612268,3.0,0.38489988827081345,2722409,A units
2.0,0.2718574789436046,7.069940187520207,0.27561876199413254,3.0,0.26721611298143294,2709934,A units
2.0,0.560941783087875,7.0,0.6036142616921351,3.0,0.589279127325309,2709896,A units
2.0,0.2918747859931803,9.0,0.38907950761985777,3.0,0.30592516842315376,2724031,A units
4.0,0.1368856436139772,17.838271371125803,0.1849924031074536,6.0,0.13921218840544938,2716727,A units
2.0,0.0644445817571493,7.7205969115534545,0.13372457652408554,3.0,0.06196354025391575,2717405,A units
2.0,0.05835865347913398,6.964529868642415,0.1338561593151583,3.0,0.05460444524274907,2722429,A units
2.0,0.06197243322204869,7.8871505715964165,0.13128783572078642,3.0,0.05913814010666158,2725644,A units
2.0,0.05684170811216006,7.699217918191146,0.11262997974222637,2.9507746610656196,0.04891000806426002,2725645,A units
2.0,0.16083609439157553,7.0,0.11599263336909141,2.0,0.16083609439157553,2722433,A units
2.0,0.19818233872073987,7.0,0.14065682078424455,2.5682594193459254,0.1954211034722388,2716751,A units
2.0,0.11828417140804144,9.0,0.19527137474493553,3.0,0.10589244830077374,2717419,A units
2.0,0.3113618992959677,8.0,0.39102412434950173,2.0,0.3113618992959677,2715561,A units
2.0,0.6622075912986689,6.217421847037176,0.6434547906233218,2.0171759041297914,0.6633518928870141,2725649,A units
2.0,0.14825981101070826,8.062578267558772,0.25504839621238234,2.0,0.14825981101070826,2716834,A units
4.0,0.1311642725445931,18.0,0.16818920660165873,6.0,0.12371165665462207,2716851,A units
4.0,0.16360845179381456,18.0,0.21649431640290667,6.0,0.1638817321121404,2716852,A units
2.0,0.22927964006037704,7.0,0.27733068185382753,3.0,0.23379101648235304,2722459,A units
2.0,0.10600478491635477,7.0,0.20523914797373197,2.0,0.10600478491635477,2724038,A units
2.0,0.30419109463605987,7.249343177677634,0.38271127010348527,2.0,0.30419109463605987,2701237,A units
2.0,0.3598730886078232,8.244353810859034,0.5043667462295699,3.0,0.3821076388037572,2701238,A units
2.0,0.14553100736966465,6.110741684830126,0.19459318366209394,3.0,0.13848957577165322,2701322,A units
2.0,0.35909097707526433,8.0,0.4571537997271563,3.0,0.38956791559935294,2701363,A units
2.0,0.1709017118065328,7.0,0.251828080649465,3.0,0.1641819254523921,2701386,A units
2.0,0.07433155199059566,9.0,0.14892828327185859,3.0,0.06999613901554091,2701410,A units
2.0,0.3002151242019719,7.0,0.365287284886697,3.0,0.3305290099623683,2725653,A units
2.0,0.3846745312899647,7.0,0.4693836794786192,3.0,0.39995697035977784,2701444,A units
4.0,0.3155632115771404,14.0,0.38207035365758446,6.0,0.3297571385657143,2724039,A units
2.0,0.2468327083565232,6.135727085276645,0.3148541332457673,3.0,0.2531169612262235,2701609,A units
2.709749680057463,0.5893435538250273,10.832468213878442,0.5522527381479999,4.0646245200861975,0.6168212594920621,2701670,A units
2.0,0.18202987226498363,7.0,0.26935203693703164,3.0,0.17665560750952833,2724040,A units
2.0,0.4643815809872457,7.0,0.4941037437168218,3.0,0.4766406765102968,2724041,A units
2.0,0.49359422577381556,7.0,0.40354937784369294,3.0,0.4218191025251391,2700794,A units
2.0,0.1526096584353071,9.0,0.2072213300311063,3.0,0.14608429970810652,2717065,A units
2.0,0.19390259148929537,6.15113787476701,0.27579863158581386,3.0,0.2005581414887194,2725654,A units
2.0,0.3371842522871326,7.222853459043476,0.4057167594505431,2.0,0.3371842522871326,2700381,A units
4.0,0.42579701059653347,14.0,0.44954323947766367,6.0,0.4438629945218362,2725655,A units
2.0,0.22868420944755735,8.0,0.33042400750147904,2.0,0.22868420944755735,2700333,A units
2.0,0.1593432645394911,7.956612852081121,0.13250016290769195,3.0,0.1649359466840509,2717075,A units
4.0,0.18274166772202446,18.0,0.23179880764063493,6.0,0.18483892443285568,2700174,A units
2.0,0.29467009462531224,7.0,0.3836524275731527,2.0,0.29467009462531224,2700134,A units
2.0,0.2657803557708345,7.0,0.38067547816515507,2.0,0.2657803557708345,2700019,A units
2.0,0.18728657905460747,7.0,0.2811190058925492,3.0,0.19494516080828891,2715699,A units
2.0,0.4826027502373201,7.0,0.5054272397635003,3.0,0.5078701030769024,2715487,A units
2.0,0.4102783450657378,5.579654025625823,0.4924605539579943,3.0,0.4451696248828541,2715349,A units
4.0,0.30615641206364563,14.0,0.3314496575332156,6.0,0.32487812587338133,2715312,A units
2.0,0.15147489347232934,6.769714190898909,0.17309136197252808,3.0,0.1443732262212329,2715289,A units
2.0,0.12939928741139067,9.0,0.1552965833709559,3.0,0.12176988427464258,2715279,A units
4.0,0.12908992071041608,14.0,0.1440117986214348,6.0,0.12022173673890924,2724859,A units
2.0,0.1534002912752059,6.0,0.18738791855100623,3.0,0.15971150897262532,2715138,A units
2.0,0.05841347831007456,7.524998019174396,0.13840379544114387,3.0,0.056639796640506807,2722472,A units
2.0,0.21636620882406746,6.32067907242076,0.30306278071519804,3.0,0.2298505794532652,2724045,A units
2.0,0.614144986548588,6.0,0.6194350321391786,3.0,0.6446147903845996,2725660,A units
2.0,0.14551767286845918,8.0,0.18229581300857636,2.0,0.14551767286845918,2714721,A units
4.0,0.33458533721700096,14.0,0.404597877173964,6.0,0.350527840454583,2714686,A units
2.0,0.6847136221813643,6.0,0.7498494262897295,3.0,0.7024102142368484,2714658,A units
2.0,0.14559008623821165,8.0,0.23514949225271375,2.0,0.14559008623821165,2714640,A units
2.0,0.5687481345673969,8.0,0.6694871350571082,2.0,0.5687481345673969,2714595,A units
2.0,0.1310328916335871,9.0,0.17494891350960562,3.0,0.12763838423994958,2714538,A units
2.0,0.519699285140865,7.062491766565673,0.5654624878025112,3.0,0.5418566734325879,2714408,A units
2.0,0.20157714234401733,6.0,0.24816743752470932,2.732223021829272,0.20859498137135246,2714288,A units
2.0,0.051799353408152296,9.0,0.11161021444870803,3.0,0.0427174009783528,2717450,A units
2.0,0.21623225393991063,8.0,0.2747986365903105,2.0,0.21623225393991063,2714086,A units
2.0,0.5570066947203525,8.0,0.4523046974585645,3.0,0.556888377964271,2724046,A units
2.0,0.28158483367098575,7.0,0.35987990508176954,3.0,0.295527736058265,2714002,A units
2.0699394570309293,0.6110416385610374,7.244788099608252,0.6082222324799281,3.104909185546395,0.641749734131486,2713964,A units
2.0,0.07037416828324217,7.634144854495206,0.12498636929536815,2.5973651206540174,0.06533638736678846,2713953,A units
4.0,0.28983021668365283,14.0,0.3312315775148413,6.0,0.3046241844924425,2713846,A units
2.0,0.2255046644425822,8.0,0.2918774205571671,2.0,0.2255046644425822,2713826,A units
2.0,0.12895522405783183,7.369762414608736,0.21348523667287728,2.684307690219327,0.12179750139949051,2725663,A units
2.0,0.6679555463276586,6.0,0.6350897504545842,3.0,0.6736439628564154,2713762,A units
4.0,0.42688830014855905,14.0,0.4101457419882576,6.0,0.4502434187875162,2724047,A units
2.0,0.17142118771266882,7.0,0.2456691334856563,2.0,0.17142118771266882,2713681,A units
2.0,0.30136930890358876,7.088494430132571,0.4233798738718964,3.0,0.31777212071330796,2713672,A units
2.0,0.6980693000512741,7.0,0.7289234991700922,3.0,0.7112852261709011,2713656,A units
2.0,0.2630028200598877,7.834780837661299,0.31693604228142674,3.0,0.2780759881251558,2713559,A units
2.0,0.19172558053158947,7.0,0.2857519810640902,3.0,0.193645333506246,2724048,A units
2.0,0.08422264328057111,7.0,0.1932569484837289,3.0,0.09308919636141602,2713393,A units
2.0,0.2917572385009544,5.9371983796160395,0.42629674553725944,3.0,0.30976469649441224,2717458,A units
2.0,0.16403704674395445,7.0,0.3231493047291188,2.881706330994996,0.18182472486798978,2712708,A units
2.0,0.474932316508735,7.0,0.47648434393992967,3.0,0.5070775109405454,2712616,A units
2.0,0.42158830957535426,8.0,0.32020462370119324,3.0,0.40703613160969604,2712604,A units
2.0,0.19611487376722264,9.0,0.27811597058949583,3.0,0.20076727539128772,2712552,A units
2.0,0.630774670722496,8.0,0.5727874060047972,3.0,0.6427966302158638,2712444,A units
2.0,0.1580863053818197,6.542029004000329,0.22300952717209216,3.0,0.15871478876214934,2717466,A units
2.0,0.24549439093183537,6.1544560719624855,0.31622554155923854,3.0,0.25359279434087345,2717115,A units
2.0,0.09449236933577174,9.0,0.12058851328922277,3.0,0.08511629405304069,2712154,A units
2.0,0.11425428765642581,9.0,0.17629675012086382,3.0,0.11785675247538985,2725670,A units
2.0,0.2688436847707192,6.879546684606397,0.37983431467418916,3.0,0.2816505625592859,2717120,A units
2.0,0.28566106461452456,7.0,0.34516326464430097,3.0,0.31981200811677457,2725671,A units
2.0,0.02586771844750197,6.763436580305885,0.08099138981691859,3.0,0.01960703601871214,2722493,A units
2.0,0.3485008835719159,9.0,0.33590748640618623,3.0,0.348932085200799,2711481,A units
2.0,0.4888075169918099,5.307988632775498,0.5309137526185572,3.0,0.5180874649530561,2711345,A units
2.0,0.09127981003557215,9.0,0.1316703803957143,3.0,0.0847122888976066,2711255,A units
2.0,0.08976348948940226,9.0,0.11390828995428673,3.0,0.08062016680023804,2711119,A units
2.0,0.49900464565909425,6.288561966628456,0.5457738882594771,3.0,0.526747649349296,2710878,A units
2.0,0.18393269816595903,8.395115393233251,0.2919311740841535,2.0,0.18393269816595903,2710838,A units
4.0,0.3047406261028085,14.0,0.38084770783199623,6.0,0.31887940742354176,2710792,A units
2.0,0.32026476657000025,6.681765759203617,0.4199614283919077,2.0,0.32026476657000025,2710733,A units
2.0,0.10085874351341231,7.780748890558762,0.1072488717691081,2.0,0.10085874351341231,2724052,A units
4.0,0.25357275211109415,14.0,0.21511601797032598,6.0,0.26872414521215204,2710215,A units
4.0,0.29518138145319356,14.0,0.3696061967990441,6.0,0.31337716180917263,2710214,A units
4.0,0.26726462053422967,14.0,0.31474260692636197,6.0,0.280367173939795,2710213,A units
4.0,0.2902201881761291,14.0,0.31942534508013604,6.0,0.3186756565938754,2710199,A units
2.0,0.3708277506867358,7.0,0.5328621135876108,3.0,0.3929265094371315,2722504,A units
2.0,0.6132405423120527,7.0,0.5806555629862301,3.0,0.6347043429749344,2717163,A units
2.0,0.6014178830725478,5.635110003719453,0.5749675732372975,3.0,0.6274060758145725,2722516,A units
2.0,0.12499923375236334,7.107791278198196,0.09095260715891122,3.0,0.10948227362459077,2725676,A units
2.0,0.13126777074739568,7.094990330366392,0.17700448055444212,3.0,0.12197787340477857,2725677,A units
2.0,0.12839308057231122,7.158779475526907,0.14448913784739587,2.996897679055855,0.11356540312515699,2722520,A units
2.0,0.15770596886892782,8.0,0.21212777346489436,2.5892292303117146,0.17235954032715922,2718169,A units
2.0,0.19199500291330168,8.007358704171384,0.19462546683263304,2.64020726291039,0.1593192017436946,2718452,A units
2.0,0.09655087140241446,7.954170376966461,0.16956598530469572,3.0,0.08561897283139659,2718453,A units
2.0,0.2528780483769399,7.0,0.4856629652784436,3.0,0.2850856163313866,2718960,A units
4.0,0.3824239833260148,14.0,0.40162247997299855,6.0,0.39888445238709985,2718667,A units
4.0,0.4151532883456828,14.0,0.4302914739760635,6.0,0.44003711738491247,2718668,A units
4.0,0.32764338261883647,14.0,0.3764238360032656,6.0,0.3424924568181745,2718669,A units
4.0,0.3808353799973794,14.0,0.3693127044388372,6.0,0.4109877546843797,2718670,A units
4.0,0.3488339364217997,14.0,0.4091373231755296,6.0,0.3619105821104564,2718671,A units
2.0,0.6435952107087977,7.0,0.21940284729671455,3.0,0.6597636138410776,2722534,A units
4.0,0.35915748910309553,14.0,0.3505953986948238,6.0,0.38569570816868287,2718602,A units
4.0,0.39816537687577214,14.0,0.40483306580485034,6.0,0.4237408876074678,2724057,A units
4.0,0.6450143218108433,17.81447241470046,0.6068838732282946,6.0,0.6712961035489555,2722535,A units
4.0,0.6422441531940422,16.950242445079372,0.6056602241865781,6.0,0.6646877506475762,2722536,A units
4.0,0.4528673322189854,14.0,0.4413106429976556,6.0,0.4762385662947865,2722537,A units
4.0,0.5979605905171689,14.106621291847786,0.5711567080043592,6.0,0.6314572910242595,2722538,A units
2.0,0.13777381716627263,5.390573535100159,0.22266381740353136,2.9820660391733957,0.13413682651023745,2722542,A units
4.0,0.2053882878404786,14.0,0.1714191840916807,6.0,0.2097693111000169,2722548,A units
4.0,0.214675751897719,14.0,0.1721444536669543,6.0,0.21922170814632624,2722549,A units
4.0,0.2035288020102353,14.0,0.17234935871604393,6.0,0.20462594721331345,2722550,A units
2.0,0.10884161437017448,7.014885527547346,0.13824809567821159,2.5995879272298725,0.10019152335222539,2725678,A units
2.0,0.47965882075297817,8.0,0.4192638149574148,3.0,0.4856247076908598,2716470,A units
2.0,0.36749996553798,8.0,0.3437028649019935,3.0,0.3629683648122657,2718540,A units
4.0,0.07044808301558061,14.0,0.09069729302380725,6.0,0.060324782597269304,2722564,A units
2.0,0.10711320868599458,7.683350689924498,0.17084077064726727,3.0,0.12623738823567662,2718454,A units
2.0,0.15825496543398196,8.0,0.25850754248724117,2.0,0.15825496543398196,2722574,A units
2.0,0.0992985011115021,7.471668969054737,0.1563243871105651,2.0,0.0992985011115021,2722575,A units
2.0,0.05097772983298399,7.0,0.11345843069175492,2.0,0.05097772983298399,2725683,A units
2.0,0.09752009976542073,7.0,0.06142991962516495,2.0422645931290004,0.09652436173346686,2722605,A units
2.0,0.14153533819705016,7.361221582477591,0.18466093436429548,2.19290526503235,0.1404756963053013,2722611,A units
2.0,0.1462175548750267,7.045314149533299,0.25175306139236264,2.022642702595353,0.14610405536847534,2722612,A units
2.0,0.09648038665392601,8.845151630730264,0.1435804580806027,3.0,0.10764527995015805,2725685,A units
2.0,0.3116355858185367,8.946217202211214,0.45572721890235424,3.0,0.32177447367851064,2722660,A units
2.0,0.6670399638193975,6.0,0.617165082005558,3.0,0.6974325074969929,2724063,A units
2.0,0.23219201034074918,6.0,0.3605081124326326,3.0,0.2440265931674946,2724064,A units
2.0,0.269313831848973,5.975864492689057,0.35905116281256305,3.0,0.2902090218903831,2724065,A units
2.0,0.2535041872061836,6.348373905820713,0.3633000515006721,3.0,0.2710860616282512,2724066,A units
2.0,0.08829377146245761,9.0,0.1763883522419844,3.0,0.08069319413648822,2712658,A units
2.1352220687649925,0.09452661742129148,9.602386058006836,0.14371048936238817,3.202833103147489,0.09694153371748124,2722727,A units
3.7785274585317037,0.12431063712895792,16.802415319768322,0.17156963224418306,5.6677911877975555,0.12655831098840745,2722728,A units
3.457547106068046,0.16082385867853957,15.51665998495488,0.22773463566605912,5.186320659102068,0.16690797501111718,2722729,A units
3.202758371221815,0.12130211574728209,14.388861844776208,0.1662821516065585,4.804137556832721,0.11623555170189159,2725688,A units
3.592573813331253,0.20204800631913578,16.16658215999064,0.22393769980234793,5.388860719996878,0.19411610710153135,2718033,A units
2.0,0.6083580410902829,6.627043530071801,0.6396271938990984,3.0,0.6041274955447463,2722741,A units
2.0,0.16963218179357278,6.999887624666387,-0.08449138927700327,3.0,0.13809658282885545,2700652,A units
2.0,0.10567072686239996,6.018834912118071,0.20385238761511584,3.0,0.10656223818492451,2722746,A units
2.0,0.02249292585668271,9.0,0.08272085164268089,3.0,0.014717888827271259,2722767,A units
2.0,0.6656750968666673,6.0,0.6204138344830591,3.0,0.6991874117117473,2722769,A units
2.0,0.6675890268149477,6.0,0.6368618938389502,3.0,0.6969942504767968,2724068,A units
2.0,0.15464945182486878,9.0,0.23983663102630665,3.0,0.15139875209835663,2719058,A units
2.0,0.2933648512988897,7.0,0.43775051933445286,3.0,0.31433759731333993,2722778,A units
2.0,0.2139867028977104,7.0,0.3124048280254848,3.0,0.2217973580359297,2718185,A units
2.0,0.6537056011989874,8.866200608936746,0.6022857688780381,3.0,0.6715519393910373,2722779,A units
2.0,0.3474553464047917,7.0,0.474355463453738,3.0,0.36644626908069833,2722780,A units
2.0,0.2511519184098168,7.0,0.3676331074198299,3.0,0.2625312313410296,2722795,A units
2.0,0.20274308568218083,7.0,0.25776962060731895,3.0,0.20501301068245462,2722799,A units
2.0,0.20253773737801356,6.645771598735773,0.24336901433715658,3.0,0.19868737894710328,2724070,A units
2.0,0.1737905783586655,6.746018102776856,0.21967476408539807,3.0,0.16906391724060826,2724071,A units
2.0,0.21705188599558045,6.229008150501094,0.2230251115492906,3.0,0.2091008947776422,2722802,A units
2.0,0.36165005615374496,8.948551527623874,0.39436305645649034,3.0,0.3895155041088915,2718218,A units
2.0,0.36658110071493605,6.219756680533615,0.5141021154729165,3.0,0.3945474477979773,2724073,A units
2.0,0.26128959179123884,7.0,0.39691348525595543,3.0,0.2769242752154601,2701084,A units
2.0,0.05481519073826275,9.0,0.06547606175969156,3.0,0.04611438992799819,2722848,A units
4.0,0.1554365633465753,18.0,0.2032653127528527,6.0,0.15420368112849686,2722849,A units
2.0,0.2644837755410916,6.0,0.37681455348270615,3.0,0.2883369707741849,2723663,A units
2.0,0.3357904513246502,7.628835115362972,0.35150860661593597,3.0,0.3553475245687488,2722874,A units
2.0,0.33302159608873,7.0,0.40619429560685394,3.0,0.34609950533157074,2722875,A units
4.0,0.0931443732148297,14.0,0.08212190425394819,6.0,0.09169996090895995,2711919,A units
2.0,0.22664129317241918,7.0,0.30530438444973856,3.0,0.2399042422190261,2714436,A units
2.0,0.08670984087921989,7.0,0.17876570668794436,2.0,0.08670984087921989,2722918,A units
2.0,0.08192950462080428,7.0,0.1622465788767358,2.0,0.08192950462080428,2722919,A units
4.0,0.1420305214263025,18.0,0.17847745180229901,6.0,0.13684446702758565,2724916,A units
2.0,0.28495088275202185,7.0,0.33337050712252597,3.0,0.2937296600503525,2724788,A units
2.0,0.2557453242454421,7.0,0.3273857628098879,3.0,0.27179912824985597,2724789,A units
2.0,0.32328871586362806,6.96522767850663,0.3660891885965987,3.0,0.3387309458377727,2724790,A units
2.0,0.4488694389913819,7.04336577097931,0.44734963055563903,3.0,0.47075804515016306,2701607,A units
2.0,0.19679834067741492,7.0,0.23643345484971662,3.0,0.2036660998239552,2724742,A units
2.0,0.46870375552665455,7.0,0.35697569328468837,3.0,0.4631752818944132,2724084,A units
2.0,0.1873752629933553,7.0,0.24906021484710272,3.0,0.19038311163434896,2724786,A units
2.0,0.46291762620572924,7.0,0.6106954434589529,3.0,0.5013970944634811,2724825,A units
2.0,0.030763618321566464,7.0,0.06220848918482942,3.0,0.022482404802744823,2724822,A units
2.0,0.08091783677763087,7.0,0.09288779065078959,3.0,0.07033607621836391,2724827,A units
2.0,0.09330015500141398,7.0,0.11055389164075972,3.0,0.0841391743737846,2724772,A units
2.0,0.12908330415267102,7.0,0.16493408631901457,3.0,0.11960150222402463,2724800,A units
2.0,0.1282923847686143,7.0,0.1846700555185014,3.0,0.12940716767575863,2724820,A units
2.0,0.07487243536055553,7.0,0.10685219223636702,3.0,0.06351448727897673,2724821,A units
2.0,0.28836655937160055,7.0111828501498055,0.4680790788059261,3.0,0.304721914017821,2724914,A units
2.0,0.0901255454698451,6.0,0.22723779966453259,2.5505409932784096,0.09830293580082876,2724087,A units
2.0,0.12619490576163506,7.0,0.2341737545052488,3.0,0.1363417415449126,2724815,A units
4.0,0.37579707856746286,14.0,0.39080076566943067,6.0,0.3862787557087462,2724872,A units
2.0,0.14154261558312395,7.024174259681087,0.18021518674833956,3.0,0.13143887429249915,2724756,A units
2.0,0.437166380969246,6.957618144279632,0.4855149795875532,3.0,0.46178785982505055,2724774,A units
2.0,0.02916685862832936,7.0,0.06193691954778514,3.0,0.018259962773405216,2724823,A units
2.0,0.14208918305179427,9.0,0.18717342804558346,3.0,0.13459360135325266,2724830,A units
2.0,0.13380090481362805,9.0,0.16438070764669607,3.0,0.12858381548126932,2724911,A units
2.0,0.06183681976002154,7.0,0.13460320292311234,2.0,0.06183681976002154,2724889,A units
2.0,0.12106846911711304,7.0,0.21367744349687237,3.0,0.11763800208033727,2724777,A units
2.0,0.14308187799112912,6.874791295342625,0.23989949165032964,3.0,0.13993149505800365,2724099,A units
2.0,0.23037392187868413,7.999655320982336,0.2777201837915021,3.0,0.23040785314912487,2724812,A units
2.0,0.4878103145366919,7.17424383002412,0.4722314353560136,2.2436444609389485,0.49147900563762725,2724100,A units
2.0,0.5197507122941369,7.838088012139607,0.5152811706179191,2.717071320182094,0.529947054169066,2724101,A units
2.0,0.47616925426229045,7.6530573309167185,0.458251863007303,2.0,0.47616925426229045,2724102,A units
2.0198155555688033,0.4805504710722806,7.069354444490808,0.5013448765843196,3.0297233333532043,0.5010275322077666,2724862,A units
2.0,0.36130541064101157,9.0,0.35321146567291745,3.0,0.38137870554004005,2724105,A units
2.0,0.2971086121070395,9.0,0.32298788051141336,3.0,0.3142356062436917,2724106,A units
2.0,0.4590888525841325,9.0,0.5859597883008447,3.0,0.4896453861203804,2724107,A units
2.0,0.46941395359401317,9.0,0.5861539040935166,3.0,0.4967458149037091,2724108,A units
2.0,0.5120455356892251,9.0,0.6195372183222012,3.0,0.5382430192682869,2724109,A units
2.0,0.4453882092567184,9.0,0.4257577565637815,3.0,0.49022874968319136,2724110,A units
7.0,0.2116409486723003,14.0,0.2637528560743047,9.00330240278271,0.20836991940500516,2706910,A units
2.0,0.20442468320643717,7.0929207291225085,0.27198865904854536,3.0,0.2132112551797947,2724418,A units
2.0,0.20884650975939142,8.845205612940946,0.28935789510308585,3.0,0.22059148912252888,2724419,A units
2.0,0.15454897734357,7.0,0.21355182479368964,3.0,0.15859790248233718,2725948,A units
2.0,0.16018128103866383,7.0,0.14402512357430305,3.0,0.15921047854288448,2725949,A units
2.0,0.2096187558958802,7.0,0.3291082949578007,3.0,0.24791581369653531,2725950,A units
2.0,0.2061642536008022,8.0,0.18743547336229693,3.0,0.21496583824815702,2726554,A units
4.0,0.16621920815964125,14.0,0.09098856391321809,6.0,0.16838810741439186,2726556,A units
4.0,0.18953802634785147,14.0,0.09912602855512921,6.0,0.18884765039449616,2726568,A units
2.0,0.15903391920377885,7.0,0.05831339059073417,3.0,0.16311773971813118,2726604,A units
2.0,0.649723048199206,7.750288683602773,0.3267199477603579,2.349379330254041,0.6484874392551283,2726547,A units
2.0,0.10590700150871817,7.0,0.06901589454076165,3.0,0.09051576653019404,2726581,A units
2.0,0.10367937045815503,7.0,0.05206382972909531,3.0,0.09676353759976715,2726550,A units
2.0,0.5722061187977582,7.0,0.49314907729881635,3.0,0.5975415379872401,2727142,A units
2.0,0.1267262155039779,7.0,0.07967053482221771,3.0,0.1192012609749928,2726570,A units
2.0,0.3149635945803319,7.280454953606706,0.47628826305417377,2.0,0.3149635945803319,2725965,A units
2.0,0.361718495625669,8.0,0.5490901990214587,2.0,0.361718495625669,2725966,A units
2.0,0.49873209757391695,8.0,0.6597770122303205,2.0,0.49873209757391695,2725967,A units
4.0,0.3183488457601709,14.0,0.22391763155586203,6.0,0.33541421233572377,2726539,A units
4.0,0.3224867483668437,14.0,0.18356098299562468,6.0,0.33711159022217224,2726589,A units
2.0,0.7201129844417079,7.0,0.6709254104790168,3.0,0.726846732760598,2725976,A units
2.0,0.5490550597726908,7.0,0.41878173607841274,3.0,0.5531255953574661,2726486,A units
2.0,0.5053167104009608,7.0,0.5979478254347751,3.0,0.5459644655070404,2726482,A units
2.0,0.1789204265394208,7.0,0.28751801216298567,3.0,0.18411635636555537,2726442,A units
2.0,0.22203963092909607,7.0,0.2180611882028143,3.0,0.22639683410503642,2726443,A units
4.0,0.22702128920751166,14.0,0.18331508829660897,6.0,0.21685650577707039,2725982,A units
2.0,0.36478760099560165,7.0,0.5526429194755997,3.0,0.3844756922589615,2726590,A units
2.0,0.544925731766377,6.0,0.5123509850609146,3.0,0.5742844912132461,2726623,A units
2.0,0.3975938231006222,6.0,0.3470309948068503,3.0,0.4114951603431202,2726559,A units
4.0,0.19983725470916913,14.0,0.219471280137465,6.0,0.21216893968980138,2726576,A units
4.0,0.20547714486889465,14.0,0.22140952977973055,6.0,0.2121495816380418,2726532,A units
13.860658052086112,0.299438278757307,27.766808397555156,0.5545937928066462,17.860658052086105,0.31178897935261024,2726665,A units
2.0,0.2912925557738365,6.0,0.345276157779579,3.0,0.31708220667539233,2726514,A units
2.0,0.23669698973237102,7.0,0.3164208835125352,3.0,0.2371857866265177,2726507,A units
2.0,0.23913050748702322,7.0,0.20257539864635557,3.0,0.24252129246091994,2726035,A units
2.0,0.5444865852216195,7.0,0.5031892939454764,3.0,0.5651928442217773,2726619,A units
2.0,0.25508040251174896,9.0,0.2849420290322183,3.0,0.24926201354940652,2726039,A units
2.0,0.3067938599850598,9.0,0.34677271593218917,3.0,0.3138722328759713,2726040,A units
2.0,0.15351270731027641,7.074488633549599,0.2374170787684495,3.0,0.1533944128384432,2726645,A units
2.0,0.3114869710291892,8.0,0.38995802418281256,3.0,0.3295236386790227,2726045,A units
2.0,0.21790797169687137,7.0,0.2420596187703868,3.0,0.2321229328701615,2726592,A units
2.0,0.4146141837860559,7.0,0.5342959935915508,3.0,0.44588314616341584,2726555,A units
2.0,0.12458262081251321,7.0,0.23068755392245677,3.0,0.12983997722120616,2726046,A units
2.0,0.19084927274939176,6.678824670713779,0.24850537939940437,3.0,0.19750604659730536,2726047,A units
2.0,0.24571312513609986,6.111324376199613,0.37373366174565165,3.0,0.2579380614452078,2726048,A units
2.0,0.15073515316104596,6.5716525488317385,0.27216124814480286,3.0,0.1659461768963845,2726049,A units
2.0,0.39207145787181513,6.0,0.21611359435000121,3.0,0.28773313838389347,2726566,A units
4.0,0.1885592225667936,18.0,0.1635226804443161,6.0,0.19812913168325316,2700801,A units
2.0,0.5650448879268519,7.049225688400933,0.445144645637639,3.0,0.5969917210231358,2726662,A units
3.0,0.08384514833903824,7.0,0.19321166849657853,3.0,0.08384514833903824,2726253,A units
3.0,0.5742104556686565,9.0,0.6652384024003388,4.0,0.5983428849656247,2726269,A units
2.0,0.1880160950774076,7.0,0.1458951384031113,2.0,0.1880160950774076,2726573,A units
2.0,0.2400701283691313,7.0,0.24633182753093166,2.0,0.2400701283691313,2726265,A units
2.0,0.27714131531154773,7.510876993603567,0.3865279720538041,3.0,0.2927056850504064,2726503,A units
2.0,0.49993739239569723,7.0,0.5203880761908476,2.0,0.49993739239569723,2726120,A units
2.0,0.4282290800714341,7.0,0.5026313818514457,3.0,0.4402394856255416,2727190,A units
2.8155212287450713,0.6298292147647359,9.85432430060775,0.542445629389576,4.223281843117606,0.6457132542174814,2714782,A units
2.9304040499501,0.12810179265670896,13.146824096211114,0.17730442782825268,4.395606074925149,0.1259863328922887,2726144,A units
4.008218474445681,0.2909767426588872,14.0,0.3346412251854795,6.00821847444568,0.3038448924561517,4400044,B/C fields
4.0,0.5060112953605191,14.0,0.8473689136658664,6.0,0.5356449732987423,4404583,B/C fields
4.0,0.3324575439770207,14.0,0.3368802340648415,6.0,0.3504923215676711,4404056,B/C fields
6.0,0.41195109540295455,14.0,0.8015676253352336,8.0,0.4725727534697441,4403724,B/C fields
2.0,0.24432103122792315,8.0,0.6278610456146853,3.0,0.2564378940534897,4403554,B/C fields
2.0,0.2828294430336933,8.0,0.7703722738258957,2.673855523199953,0.3005440950329139,4404294,B/C fields
4.503057169061449,0.296167844727075,14.0,0.34150624159496873,6.503057169061448,0.3091506761450061,4403543,B/C fields
4.0,0.2571223706731156,14.0,0.5753775924825312,6.0,0.26818470489549656,4404225,B/C fields
6.0,0.40440882261453587,14.0,0.7397682519596116,8.0,0.44812358360997373,4404600,B/C fields
6.0,0.47767170992887237,14.0,0.19108417359130053,8.0,0.4960974370671772,4403474,B/C fields
4.0,0.28834882185375194,14.0,0.31925565774922493,6.0,0.30176459418283413,4400366,B/C fields
5.533241648586594,0.32949923016560667,14.0,0.692045734886167,7.533241648586593,0.36030615050333586,4404617,B/C fields
2.0,0.31048592245397316,8.0,0.8498846833225732,2.525947636757715,0.3235409368839861,4400688,B/C fields
6.0,0.3881944946866304,14.0,0.7896285196417417,8.0,0.43645204256916914,4404623,B/C fields
6.0,0.26757366607003924,14.0,0.6831526573375477,8.0,0.29505667130385427,4400844,B/C fields
6.0,0.5030781631717418,14.0,0.6256421486564496,8.0,0.5366457688688395,4400892,B/C fields
4.0,0.5394959424208917,14.833513715245386,0.7664442294067491,6.0,0.5870673133123943,4400996,B/C fields
4.0,0.6114524508761361,14.009149644849302,0.7975132520257469,6.0,0.6549917830375476,4401213,B/C fields
4.399619252172216,0.5350716195882012,14.0,0.7741986971396172,6.399619252172215,0.5697624338215234,4404634,B/C fields
4.052413411938099,0.42717549212238504,14.0,0.3309009261470488,6.052413411938099,0.4643938591485527,4401419,B/C fields
5.905656337589537,0.39254188674381124,14.0,0.8531409343672677,7.905656337589536,0.4236583403937868,4404317,B/C fields
6.0,0.21419148947552227,14.0,0.5242024304278534,8.0,0.23371490544967397,4401498,B/C fields
4.0,0.5150211663774591,14.0,0.794589735155904,6.0,0.5633485005458997,4404645,B/C fields
5.6260446351381646,0.3320730423174209,14.0,0.6716340499277939,7.626044635138165,0.37049248799744167,4401828,B/C fields
6.0,0.25726982661514514,14.0,0.6231080227176844,8.0,0.2936886484005864,4401843,B/C fields
4.915978022959753,0.3132815101572213,14.0,0.3348981992096505,6.9159780229597505,0.3360943634735443,4401961,B/C fields
6.0,0.3735038061724899,14.796879533380682,0.5257569636552534,8.0,0.3901644161961934,4404659,B/C fields
5.9456429674654965,0.29634404410506265,14.0,0.8035599222383266,7.945642967465495,0.32537062453152177,4402221,B/C fields
5.264589672555522,0.33278128058577755,14.0,0.8060794119652128,7.264589672555522,0.34215420862435064,4402242,B/C fields
6.0,0.24040674587100574,14.0,0.4386237547483249,8.0,0.25921928812699746,4402329,B/C fields
4.0,0.37240925660185165,14.0,0.7037977810922199,6.0,0.3974437002048413,4404663,B/C fields
6.0,0.2677798697640583,14.0,0.6723811337512302,8.0,0.28529935721193994,4402556,B/C fields
6.0,0.36475776765208073,14.0,0.8308160552334595,8.0,0.4108390755439265,4405184,B/C fields
6.0,0.21865813174920462,14.0,0.47677292383361836,8.0,0.2372907850823577,4402591,B/C fields
6.0,0.654634247168156,14.0,0.8288114224173763,8.0,0.6942926604236634,4402621,B/C fields
2.0,0.3009530910010596,8.0,0.7736773296019125,2.9988347385016105,0.31768922933767196,4402643,B/C fields
2.0,0.4014149791992023,7.389279080566522,0.2336095298667244,2.9452345019735304,0.44165927665444327,4404682,B/C fields
4.092674807589604,0.5821471957613411,14.0,0.8275356925650095,6.092674807589602,0.617196382698987,4405205,B/C fields
2.0,0.24902581558523282,8.0,0.6452878611350645,2.7603464487676956,0.2587770775886451,4404352,B/C fields
4.0,0.24456627721756924,14.0,0.440818478312794,6.0,0.2617864788886391,4403249,B/C fields
4.0,0.5806177865252309,14.0,0.8653024524233313,6.0,0.6085495344104896,4405371,B/C fields
3.0,0.3823676030703887,7.6761263977198,0.7116785759152837,3.0,0.3823676030703887,2722255,B/C fields
3.0,0.5341374279911143,7.0,0.8729234502860682,3.0,0.5341374279911143,2700643,B/C fields
3.0,0.3161546780715977,8.894112883970553,0.6946974686274251,3.0,0.3161546780715977,2723829,B/C fields
3.0,0.40663876349075506,6.466177047968777,0.8256992532142141,3.0,0.40663876349075506,2722280,B/C fields
2.0,0.4270662664510513,6.7966692718474375,0.5954259055214167,3.0,0.46031027598008095,2723836,B/C fields
3.0,0.6238493213398459,7.0,0.8784135859970534,3.0,0.6238493213398459,2716617,B/C fields
3.0,0.4053196718183474,7.0,0.8336056192044824,3.0,0.4053196718183474,2722383,B/C fields
3.0,0.2624556978078019,9.0,0.6476910990372117,3.0,0.2624556978078019,2710942,B/C fields
3.0,0.2528874681467031,9.0,0.7096859454730151,3.0,0.2528874681467031,2716677,B/C fields
3.0,0.31238716248636283,7.207117922723799,0.44090163205086186,3.0,0.31238716248636283,2725423,B/C fields
3.0,0.5579702853639393,7.0,0.8798610221650325,3.0,0.5579702853639393,2722638,B/C fields
3.0,0.4819624299714475,7.730208416331826,0.8737979935337525,3.0,0.4819624299714475,2722684,B/C fields
3.0,0.488114009720981,7.0,0.8306751699181136,3.0,0.488114009720981,2722685,B/C fields
3.0,0.23614885018814863,8.578495904268703,0.5279540793119311,3.0,0.23614885018814863,2722850,B/C fields
3.0,0.48364010639643085,8.722321863513573,0.870120621548825,3.0,0.48364010639643085,2725439,B/C fields
2.8000345420987034,0.3399290308500222,9.800120897345478,0.40999847796524796,4.2000518131480575,0.3644098496110286,2725552,B/C fields
2.0,0.49904965281809976,6.0,0.5484018879728948,3.0,0.5438914523692611,2701419,B/C fields
4.0,0.35277316081735705,14.0,0.43327893666720724,6.0,0.38572506612173624,2701484,B/C fields
2.0,0.8418088943894095,8.0,0.7815502536641755,2.0,0.8418088943894095,2701641,B/C fields
4.0,0.2945874180932206,14.0,0.39697405943613767,6.0,0.3174150504208916,2700309,B/C fields
4.0,0.30693004425365966,14.0,0.3905783041046581,6.0,0.3383276776156642,2700297,B/C fields
2.0,0.417130502542272,6.0,0.5108093002757849,3.0,0.47104064089156894,2715622,B/C fields
2.0,0.38028851092608823,6.829490422051792,0.5630121300525077,3.0,0.4230035905930217,2715111,B/C fields
2.0,0.24228797484421627,7.0,0.3736230447676651,3.0,0.2628334086097716,2714946,B/C fields
4.0,0.330562445708191,14.0,0.4344421084116097,6.0,0.3763867532480108,2714247,B/C fields
4.0,0.3429779636913977,14.0,0.46225800249496823,6.0,0.37776959851921843,2713738,B/C fields
4.0,0.3515620523339323,14.0,0.5255983482033713,6.0,0.398953646874648,2713584,B/C fields
2.0,0.3607180991328069,6.074230877787187,0.44630988894728085,3.0,0.3837394222297508,2722346,B/C fields
4.0,0.3437384009608326,14.0,0.39928377954323235,6.0,0.373191342067552,2712426,B/C fields
2.0,0.8067877594102996,8.0,0.7423271786656938,2.0,0.8067877594102996,2712270,B/C fields
4.0,0.34635381646087793,14.0,0.44936716059983195,6.0,0.3868421271136039,2712153,B/C fields
2.0,0.34613725912408244,6.974360005469007,0.5105202431596778,3.0,0.38015923372728166,2711948,B/C fields
2.0,0.6156855831719927,7.000381664188616,0.33024135962099566,3.000076332837726,0.6419222897466907,2722357,B/C fields
2.0,0.43701163413101746,5.0,0.7570676768443173,3.0,0.46929833537550636,2711908,B/C fields
4.0,0.3106629604733257,14.0,0.4882909325061307,6.0,0.35129385688953507,2711896,B/C fields
2.0,0.542307554783278,8.0,0.5512879092021423,3.0,0.5979202863347753,2722360,B/C fields
4.0,0.27838485399187646,14.0,0.31378939319987087,6.0,0.3005012896522555,2711697,B/C fields
2.0,0.5105745892880011,6.537609307131513,0.6648384224920615,3.0,0.5386249425593204,2711498,B/C fields
4.0,0.35980997871662024,14.0,0.39138522016843863,6.0,0.38835791128479263,2711479,B/C fields
4.0,0.3574086384066142,14.0,0.44743414361512807,6.0,0.3853303046691886,2711467,B/C fields
4.0,0.29798040106471596,14.0,0.3832807018346703,6.0,0.32079320982473297,2711408,B/C fields
4.0,0.24092279080734116,14.0,0.3482437331773021,6.0,0.26155391582928245,2711160,B/C fields
2.0,0.6774475953120698,7.0,0.533392087698705,3.0,0.678205880006884,2711041,B/C fields
4.0,0.29430311796488834,14.0,0.2987007969648647,6.0,0.31843447619784404,2710934,B/C fields
4.0,0.3028651399927522,14.0,0.4177618292717953,6.0,0.3363654716289784,2710801,B/C fields
4.0,0.323838921333184,14.0,0.3979696374212066,6.0,0.35290021680435624,2710770,B/C fields
4.0,0.413803928183877,14.0,0.43411851258713074,6.0,0.4558644291614407,2710619,B/C fields
2.0,0.28551243953781913,7.0,0.4742720992606049,3.0,0.3194926491966951,2700667,B/C fields
2.0,0.4238358817603367,5.177732774000672,0.7229155941578348,3.0,0.4507681216132623,2713675,B/C fields
4.0,0.18542561518508932,14.0,0.16823606181486722,6.0,0.1893203299813754,2722491,B/C fields
2.0,0.389857849243155,7.243014029491347,0.34936607854155677,3.0,0.426547460386819,2722523,B/C fields
4.0,0.32341996462056266,14.0,0.7518897661286493,6.0,0.3731767508745503,2722539,B/C fields
4.0,0.374710109573053,14.0,0.7387243912995907,6.0,0.4108943232393451,2722545,B/C fields
2.0,0.4149541761010826,7.0,0.5195928982096768,3.0,0.4318069300208121,2722565,B/C fields
2.0,0.4119755280298898,7.0,0.467470598460541,3.0,0.4343726878351104,2718958,B/C fields
2.0,0.33800382844374616,9.0,0.7151483205648784,3.0,0.3747725491286835,2722648,B/C fields
2.0,0.45778190878983166,8.998411304039026,0.8396949563056495,3.0,0.49982662795277144,2722675,B/C fields
2.0,0.5431075031731438,8.997433975174967,0.8450220643732683,3.0,0.5896036081425533,2722676,B/C fields
2.0,0.4626840807380938,9.0,0.7800959228105195,3.0,0.49964074553260246,2722677,B/C fields
2.0,0.4265972095638181,9.0,0.669449661944028,3.0,0.4513498646447709,2724067,B/C fields
2.0,0.5850758052478953,9.0,0.8148247902140071,3.0,0.6253848617764469,2724083,B/C fields
2.0,0.45613276867444785,5.232506931984995,0.6367543991567008,3.0,0.48221517628284544,2724831,B/C fields
2.0,0.49751711571490514,7.23913043478261,0.7043137391775304,3.0,0.5239391010418268,2724832,B/C fields
2.0,0.32752720800383106,9.0,0.6734915064074357,3.0,0.3650787211009281,2722674,B/C fields
4.0,0.3899292556349437,14.0,0.23586446271416692,6.0,0.43454496098052575,2727140,B/C fields
5.855576646157874,0.45990310091194175,14.0,0.1834575115701949,7.855576646157872,0.47775635841863084,4402716,B/C fields
4.0,0.32957204217486424,14.000374953130862,0.7484906006444284,6.0,0.35942912279298267,2717220,B/C fields
4.0,0.543251050440798,14.0,0.2711890519729594,6.0,0.5972685797145686,2715162,B/C fields
2.0,0.4633856124611157,7.832856811683796,0.5393362794931871,3.0,0.49233366058489214,2710403,B/C fields
4.0,0.39288648609536503,14.0,0.8013947581426508,6.0,0.42550459307414046,2722568,B/C fields
4.0,0.37717939982899346,14.0,0.7977748476610057,6.0,0.4048679675977047,2722569,B/C fields
4.0,0.4645450752700335,14.0,0.8899853150006091,6.0,0.5150306635990772,2722570,B/C fields
4.0,0.4536517599939206,14.0,0.8774358932354775,6.0,0.5048198432202149,2722571,B/C fields
4.0,0.2501099482541472,14.0,0.5023197934255842,6.0,0.2692346459216239,2722924,B/C fields
4.0,0.3990903217967732,14.0,0.48910200256756803,6.0,0.42058220144735137,4404610,B/C fields
2.0,0.7691231091069036,8.933885477652439,0.7133447339025735,3.0,0.7938363108758049,4400570,B/C fields
2.0,0.6449172840093412,9.0,0.6244348754968203,3.0,0.671056352031057,4405149,B/C fields
6.0,0.5302166243093935,14.0,0.2109089650789883,8.0,0.5491633995896535,4401249,B/C fields
6.0,0.46668145299543273,14.0,0.1862403019434154,8.0,0.47963783163034557,4401331,B/C fields
2.0,0.7642175658502526,9.0,0.7296154815299717,3.0,0.7834513208204448,4405166,B/C fields
2.0,0.7413891190424048,8.386892451577019,0.6887162406632154,3.0,0.7653142436271475,4404326,B/C fields
2.0,0.7199202029446463,8.961151533150195,0.670858476999936,3.0,0.7477954555540998,4405181,B/C fields
4.552434103850069,0.46887315918904865,14.0,0.79127998639454,6.552434103850067,0.4862922014071348,4403122,B/C fields
5.716152185493595,0.2008854254738056,14.0,0.3343959292698492,7.716152185493593,0.21062899251262548,4403121,B/C fields
5.385093167701864,0.3217047966701788,14.0,0.6035846697730634,7.3850931677018625,0.3463689837045488,4404566,B/C fields
4.410401356698699,0.29481251227815264,14.0,0.6108846109191876,6.410401356698702,0.3160896935288205,4404567,B/C fields
4.3909090909090915,0.32910475741268747,14.0,0.6543757152356111,6.390909090909091,0.34859626387001624,4404568,B/C fields
4.036359523876841,0.23071611426871172,14.0,0.5094959254149432,6.036359523876842,0.24667169618896087,4404569,B/C fields
4.070429878193279,0.169348914718802,14.0,0.23126150374291288,6.070429878193279,0.1731904798586214,4404570,B/C fields
4.522676522676523,0.1909891044989353,14.0,0.36580166001283904,6.522676522676521,0.19980562611917532,4404571,B/C fields
5.616049018160343,0.20276983806671744,14.0,0.2736493463677634,7.616049018160342,0.21070013475126798,4404572,B/C fields
4.984396070121363,0.19431214856690374,14.0,0.4012453186100926,6.984396070121366,0.1983378291979757,4404573,B/C fields
5.0,0.1759495800942567,14.0,0.28181433157124597,7.0,0.1798290961620934,4404574,B/C fields
4.0,0.20790569925287672,14.0,0.40345321635297576,6.0,0.21921520473789152,4404575,B/C fields
2.0,0.5465506002483018,8.0,0.4784667487420854,3.0,0.5745858730770979,4404324,B/C fields
3.0,0.6135864231129384,8.0,0.16432170187105405,4.0,0.6500215966943108,2723813,B/C fields
3.0,0.4774063038774458,7.940954394442767,0.15818485713877112,4.0,0.5177749563971652,2711922,B/C fields
2.0,0.4876727901130897,8.599732882441291,0.5482206098402365,3.0,0.5251430276285216,2715075,B/C fields
2.0,0.546669046828815,6.371489361702128,0.23874338338453685,3.0,0.5832493213226582,2714091,B/C fields
4.0,0.5242452488730438,18.0,0.868097399384698,6.0,0.5592643178830509,2713808,B/C fields
2.0,0.4633898565226656,6.828602094581412,0.21518269109154442,3.0,0.5068057548713454,2713356,B/C fields
2.0,0.44692671063516026,6.589460549642657,0.2028356602218771,3.0,0.4915516793773801,2712900,B/C fields
2.737805621236867,0.4464673707861254,9.645881578626627,0.8213447083350864,4.11942081271482,0.5046164420755105,2722566,B/C fields
3.467281480979182,0.47725619649892337,12.309206957347257,0.8315492273075492,5.2356665762527985,0.5397999891571107,2722567,B/C fields
3.4512829714695847,0.24609140777970773,12.079490400143547,0.43367536118825256,5.1769244572043736,0.2633835512452215,2722226,B/C fields
3.4925642052279358,0.5207327504123864,12.299953287955915,0.8654276503815697,5.2540420217735315,0.5782089782092665,2722488,B/C fields
2.8680906239033006,0.509966602598672,10.038317183661555,0.8134584234619342,4.30213593585495,0.555134746181777,2722529,B/C fields
2.998457788169743,0.616841656578634,10.494602258594087,0.8787201180911537,4.497686682254614,0.6702000669204792,2722543,B/C fields
3.5679989400697796,0.5485169894285528,12.487996290244228,0.8805081958936432,5.351998410104667,0.6080583936239792,2722544,B/C fields
3.0,0.5676991868703167,7.995414297697828,0.19356277664722832,4.0,0.6243868760892144,2701235,B/C fields
2.0198547862208573,0.6640288754873163,7.131247671729701,0.8737036994691144,3.029782179331285,0.6948752694266312,4405432,B/C fields
4.0,0.4834713957346933,18.0,0.8111653359428357,6.0,0.5126817507780844,4402210,B/C fields
3.0,0.2707004970767066,7.0,0.4790097004736317,4.0,0.2622122241990959,2713417,B/C fields
3.0,0.2624401786924229,7.0,0.2687262507920041,4.0,0.2540963714610978,2717509,B/C fields
4.0,0.6124422469517067,14.0,0.25764885734044923,6.0,0.6709918906694736,2724001,B/C fields
4.0,0.5052157528989435,14.0,0.22590728896164686,6.0,0.5620321679044995,2716720,B/C fields
4.0,0.36849523469358714,14.0,0.1844080777997493,6.0,0.41704817988705745,2724423,B/C fields
8.0,0.3512221621424484,28.0,0.35360812608208425,12.0,0.3343021210858608,4403720,B/C fields
4.072760374160336,0.21345010003888512,14.001600853788693,0.36550441732190103,6.072760374160336,0.22861924670406056,4405457,B/C fields
5.327175010324415,0.3962974235268792,14.0,0.4231544820343004,7.327175010324415,0.41304345224525313,4404695,B/C fields
3.0,0.2405387434754031,9.0,0.32477269883862864,4.0,0.24534142971143216,2723822,B/C fields
3.0,0.19961834323065678,7.938769864792387,0.15562812197467332,3.572896378468398,0.1926091438622391,2721930,B/C fields
2.0,0.23704023443836233,6.210366034997564,0.1999686095452023,3.0,0.2289617648778903,2725401,B/C fields
3.0,0.2212463852192415,7.0,0.19650827960857806,3.0,0.2212463852192415,2717542,B/C fields
3.0,0.21714787669715982,7.0,0.25702888653442685,4.0,0.23311957049856372,2722818,B/C fields
3.0236895067074583,0.22731031249866776,8.0,0.19791655551398019,4.023689506707457,0.2013903490070797,2721907,B/C fields
2.0,0.06118210485779376,5.0,0.07122163157957977,2.948888476722925,0.06349302652984105,2700022,B/C fields
2.0,0.19706749245004504,9.0,0.1817782204339555,3.0,0.2014981406577271,2717288,B/C fields
2.0,0.09114846254049795,5.0,0.1102548051373685,3.0,0.09620519649011243,2712312,B/C fields
4.0,0.189000749185162,14.0,0.3322994345473068,6.0,0.21071237220336766,2722384,B/C fields
2.0,0.1798696455420826,9.0,0.7562456550486127,3.0,0.19381754834696654,2700958,B/C fields
4.0,0.38982810890017966,18.0,0.8134350435260791,6.0,0.41776399019931404,2700210,B/C fields
4.0,0.5675823847398419,18.0,0.8457209953473774,6.0,0.6063427102179634,2718168,B/C fields
3.998662200339434,0.18308977025124046,14.0,0.1667431191991919,5.9986622003394325,0.19017945743675244,4405099,B/C fields
4.224660370113481,0.23913129976373132,14.0,0.23317117996293554,6.2246603701134795,0.2514247641176181,4405116,B/C fields
4.367195227004435,0.3321001745326142,14.0,0.16665794605973197,6.36719522700443,0.3029281983539321,4404602,B/C fields
4.455253646382178,0.20328909460856578,14.0,0.15997038317066686,6.455253646382178,0.20413563075837793,4404613,B/C fields
4.0,0.17795888386973938,14.0,0.1570919547447261,6.0,0.18200217791127227,4401459,B/C fields
4.0,0.19449797991674436,14.0,0.20655643058481435,6.0,0.20052626602143214,4405163,B/C fields
2.0,0.19107152686154957,7.882468268524418,0.14844631663158941,2.761414331097089,0.18987918300334006,4404252,B/C fields
3.5916364718803564,0.16094091821187706,12.57072765158125,0.12646482165391948,5.387454707820535,0.14984384525772287,4405441,B/C fields
4.018530630041421,0.20252542501685653,14.034614732456465,0.19663659410173862,6.018530630041424,0.20935354337192116,4404668,B/C fields
2.0,0.18871273362350185,8.0,0.1905371253446524,2.662812723758983,0.1901571954448322,4404259,B/C fields
2.7097852761831955,0.2040632850240002,9.484248466641185,0.13223863193047258,4.064677914274795,0.1910369534245907,4404263,B/C fields
4.0,0.2916340602083558,13.923664713123319,0.16565927385642912,6.0,0.30611647876488995,4405464,B/C fields
4.1212660120106195,0.244831277582683,14.0,0.2089980179786009,6.121266012010616,0.26152580446578805,4404694,B/C fields
4.0,0.19444913819381596,14.0,0.19580798541819514,6.0,0.2033471691504847,4404486,B/C fields
2.0,0.21366357807176523,8.0,0.16703122915201096,3.0,0.22132851605334303,4403473,B/C fields
4.0,0.17731952492447636,14.0,0.1705095265522752,6.0,0.18195888021167972,4405225,B/C fields
4.0,0.2719065118101125,14.015396259614574,0.31495742439542357,6.0,0.28373048824042146,4405234,B/C fields
4.0,0.1877426670877862,14.0,0.1800736237798614,6.0,0.19302102148774994,4405567,B/C fields
4.0,0.23641694168337082,13.976967197073469,0.1431068794180369,6.0,0.21209180589057833,4404693,B/C fields
2.0,0.21843467893756935,6.497118659885213,0.2120176908557012,2.999661705006766,0.17669462962237292,2700807,B/C fields
2.0,0.22524935481975955,6.0,0.20973557407178167,3.0,0.17856781553890202,2714323,B/C fields
3.0,0.21549013028187405,7.044942396313367,0.1877634459414652,4.0,0.21082320196039048,2712160,B/C fields
3.0,0.17253463504666128,7.00822870608506,0.19939952120423715,3.8901572259315107,0.17497392247702637,2723814,B/C fields
3.0,0.151843709136849,7.018467446158557,0.16311983842246908,4.0,0.14953989729970024,2721845,B/C fields
2.8678449650338615,0.19714497616082174,7.0,0.21124600250862202,3.8678449650338615,0.20012650349132097,2722261,B/C fields
2.2400157470580004,0.21370180743241937,6.136057509296948,0.19327400269650838,3.104571527106741,0.18806435165813853,2723840,B/C fields
2.0,0.140726790202158,7.0,0.12836391793801957,2.0,0.140726790202158,2716639,B/C fields
2.0,0.20213930334853575,6.0,0.1978034950292377,3.0,0.20851717019542718,2725421,B/C fields
2.5781860347139185,0.2248276007461298,8.0,0.4923126387029501,3.5781860347139194,0.20801183981788884,2717069,B/C fields
2.0,0.39535555139835793,6.566324894588812,0.16178703566324032,3.0,0.2987550098395723,2725430,B/C fields
2.0,0.4361459817520351,6.386730760902516,0.18984955042451557,3.0,0.4100922985262705,2722507,B/C fields
2.0,0.12975406002566908,6.83294571662237,0.13811793035160744,2.0,0.12975406002566908,2726299,B/C fields
2.0,0.3036984997894168,7.008482458424793,0.24287456878017744,2.0,0.3036984997894168,2718568,B/C fields
2.7616751460260702,0.2821461835529779,7.0,0.23579916908964962,3.7616751460260693,0.2747660088702021,2723877,B/C fields
3.0,0.18330408901910172,7.0,0.19552784060772646,4.0,0.18910858715364437,2723888,B/C fields
3.0,0.40419754153316095,7.0,0.4568919614980689,4.0,0.4173396400366253,2721829,B/C fields
3.0,0.37984032866086126,7.0,0.36999573827243737,4.0,0.38543803171445656,2722225,B/C fields
3.0,0.4570331718903375,7.0,0.41692390338359453,4.0,0.4527905033158127,2724724,B/C fields
2.0,0.7595609233391529,7.0,0.2406189230849677,3.0,0.7055723702548088,2701327,B/C fields
2.0,0.1975060891377787,6.00343770942148,0.1938811652655638,3.0,0.20255193157411033,2701355,B/C fields
4.0,0.2079394518198382,14.0,0.15949103216445415,6.0,0.19843150793241307,2722238,B/C fields
2.0,0.21981975850957594,7.092767999552288,0.18147732916598439,3.0,0.20347607905202506,2700128,B/C fields
2.0,0.25013172227035985,7.0864364632188614,0.25919353851211907,3.0,0.24076220056095368,2715771,B/C fields
2.0,0.27921851855653285,7.0,0.17822111287431425,3.0,0.2690856842373041,2715728,B/C fields
4.0,0.21816857864767808,14.0,0.19633551482608524,6.0,0.2209013400093889,2722301,B/C fields
2.0,0.27539472539597626,9.0,0.20196258801290654,3.0,0.27399619554508214,2723998,B/C fields
2.0,0.19653794512919742,6.882516768691306,0.28188964503619685,2.0,0.19653794512919742,2716494,B/C fields
2.0,0.20202474334469236,8.644644076274682,0.16203379861627273,3.0,0.2121859063388331,2716496,B/C fields
2.0,0.3868738703716929,6.94623683627236,0.21099498178913864,3.0,0.4301791011375247,2713883,B/C fields
4.0,0.20294670104944526,14.0,0.15367755662852636,6.0,0.19415496416797717,2722324,B/C fields
2.0,0.20994448928557857,7.625120461450582,0.1577402739516113,3.0,0.21555347072611994,2713187,B/C fields
2.0,0.19956490982344577,9.0,0.18905219343866905,3.0,0.20512639593432658,2712876,B/C fields
2.0,0.22539991751084615,6.510264742184942,0.20303802663354947,3.0,0.22853721940466482,2722344,B/C fields
4.0,0.3069986426031864,14.0,0.43914938717502505,6.0,0.32936911521137985,2710141,B/C fields
2.0,0.2694031497446154,8.872942317422856,0.18253249022464121,3.0,0.2684694029657381,2724044,B/C fields
2.0,0.24381773051941016,6.051898928285426,0.19748318773759224,3.0,0.22346182648807278,2710795,B/C fields
4.0,0.22472279392225616,14.0,0.1869107364916303,6.0,0.21110460856061392,2722497,B/C fields
2.0,0.18714950848310952,7.240843602793635,0.16294751257744913,3.0,0.19746105656521967,2710571,B/C fields
2.0,0.4198994138175879,8.880455263508493,0.42089894241342934,3.0,0.4352745228370074,2710027,B/C fields
4.0,0.24159411430756603,14.0,0.2066054420334163,6.0,0.2440709640816289,2722526,B/C fields
2.0,0.23119237939110096,7.0,0.4665654218446464,3.0,0.24295387225261497,2722530,B/C fields
4.0,0.17458078220193707,14.0,0.14361228129833611,6.0,0.1720700880337004,2722532,B/C fields
2.0,0.1925104619999327,7.0,0.28727981294778426,2.0,0.1925104619999327,2717530,B/C fields
2.0,0.27935626810842923,6.080677890511763,0.20461689456286644,3.0,0.27585501371473964,2722754,B/C fields
2.0,0.1801362571950893,7.570799173798075,0.13487449594140233,2.688321905321104,0.17944542425658586,2722834,B/C fields
2.0,0.18802720328859857,8.0,0.19177260274175584,2.8754791111887212,0.2065031439170014,2726511,B/C fields
2.0,0.24547731036555132,6.266996268999614,0.22394607456950075,3.0,0.23761062075055356,2726052,B/C fields
2.0,0.24044578403679956,6.036434770130134,0.2021530880931983,3.0,0.23216364174234244,2726053,B/C fields
2.0,0.43487506404164283,6.988294883170659,0.1384558141639214,3.0,0.3884828851786071,2726059,B/C fields
2.0,0.4131328034824942,6.740876280490437,0.15516572989618835,3.0,0.30313067626956786,2719370,B/C fields
2.0,0.2165493304064929,6.025563431134084,0.17982902495129902,2.99757715110976,0.22447138850907905,2726473,B/C fields
2.0,0.2102995058936381,6.36184607404818,0.15590859049996203,2.0,0.2102995058936381,2726537,B/C fields
2.0,0.13885204178741312,6.828054930675018,0.13701244702524157,2.0,0.13885204178741312,2726300,B/C fields
3.0,0.17458641811655184,7.0,0.21392891419580487,3.985790421266309,0.17306139950024577,2726207,B/C fields
2.0,0.3466653965670791,6.060791128287957,0.15440689271362565,3.0,0.27989347775752116,2722414,B/C fields
2.0,0.32969642539430144,7.0,0.4507683697126092,3.0,0.34557138096529766,2722503,B/C fields
4.0,0.18961936850961753,14.0,0.15271504125656146,6.0,0.19490910580373222,4404601,B/C fields
2.0,0.23744393443523074,8.0,0.2425187866395437,2.620117810158347,0.24028276384298447,4403380,B/C fields
4.0,0.2812446011639216,14.0,0.19231792681230683,6.0,0.26486694184521625,4404238,B/C fields
4.0,0.18126068646708615,14.0,0.13754617332132618,6.0,0.17949195573965526,4400785,B/C fields
4.0,0.2344058225961228,14.00024318394102,0.18788278589540777,6.0,0.24505749476441027,4401139,B/C fields
4.31265111885707,0.22677126709550557,14.0,0.1990591167543508,6.312651118857071,0.23792935550119368,4405422,B/C fields
2.0,0.18332773733409083,7.00848121448765,0.13437532594681037,3.0,0.14857198631921498,4404266,B/C fields
3.1814412286497644,0.215122824898589,7.856771984954035,0.18461055349610508,4.181441228649765,0.20273430022668615,2721817,B/C fields
2.0724879387360007,0.25704985655418644,7.563132936965068,0.3295534336817533,3.072487938736,0.23336436502573768,2723810,B/C fields
2.147244477944347,0.24930794352317215,6.507194724385759,0.6812792390644943,3.147244477944348,0.2578173625242966,2723815,B/C fields
2.0,0.2229640945216916,7.76482638302662,0.4325583942185457,3.0,0.21276847393073706,2717411,B/C fields
2.0,0.22035342378459877,8.0,0.4247326217386588,3.0,0.2116924043685302,2717412,B/C fields
3.0,0.1834017805568063,9.0,0.1821747505144566,4.0,0.17317822886551276,2717160,B/C fields
3.0870509674564555,0.22295144918229015,8.0,0.18458957271599857,4.087050967456455,0.20854371628310853,2721921,B/C fields
3.0,0.26985407917685145,8.798169192327512,0.18701547580132594,4.0,0.22961182958970558,2721926,B/C fields
3.0,0.21958210315347926,9.0,0.20102827441234353,4.0,0.20236995203622857,2721927,B/C fields
3.0,0.21625947256059092,9.0,0.19152755957254794,4.0,0.2034697539138042,2721928,B/C fields
2.0,0.1357293105731299,7.0,0.13810323845001532,2.0,0.1357293105731299,2715758,B/C fields
3.0,0.23248983358767725,7.0,0.2878202897064297,3.0,0.23248983358767725,2715707,B/C fields
2.0,0.22962727036366584,7.0,0.19771574781814324,2.0,0.22962727036366584,2714178,B/C fields
3.0,0.20836169651693617,7.0,0.20106123798964318,3.0,0.20836169651693617,2717341,B/C fields
3.0,0.22115383614030099,7.0,0.1982748175316838,3.0,0.22115383614030099,2709218,B/C fields
2.9035366912239318,0.18796045192664085,7.818352289167353,0.5347825307298295,3.903536691223931,0.17908850762092723,2717049,B/C fields
3.0,0.23706211854433323,7.0,0.3555888918038971,3.0,0.23706211854433323,2722624,B/C fields
3.0,0.22615363777663958,7.0,0.2839211178553844,3.0,0.22615363777663958,2722625,B/C fields
3.0,0.22202061694711533,7.0,0.331929600637649,3.0,0.22202061694711533,2722626,B/C fields
2.0,0.19414406575801219,6.654348055976595,0.1592797324704316,3.0,0.19214588448443623,2701273,B/C fields
2.0,0.16754465001206803,7.0,0.15769458736268643,2.0,0.16754465001206803,2701504,B/C fields
2.0,0.21899214742601592,6.9392083757349,0.171549897699017,2.0,0.21899214742601592,2716331,B/C fields
2.0,0.236311624660559,7.0,0.47337762471486605,2.0,0.236311624660559,2716359,B/C fields
2.0,0.2596953481012819,7.0,0.5736001969946631,3.0,0.2798075035443198,2722273,B/C fields
2.0,0.17948149713607253,6.4597715668545765,0.18756119017440215,3.0,0.17318048754963758,2715390,B/C fields
2.0,0.1945495146052926,9.0,0.17409317998983587,3.0,0.19208293456067035,2723992,B/C fields
2.0,0.18065447588552333,7.0,0.14862081191553153,2.0242432589216777,0.18045095890078347,2716479,B/C fields
2.0,0.16172269803666375,7.0,0.14739239245358057,2.0,0.16172269803666375,2713079,B/C fields
2.0,0.22944716665538134,7.2356639309764255,0.16033777733578775,3.0,0.2416546215283251,2712756,B/C fields
2.0,0.18013435058547228,6.765004260040817,0.27393197555652515,3.0,0.19918087388279435,2712553,B/C fields
2.0,0.2114176216524949,6.291565131143229,0.21225862720950736,3.0,0.20707615700644033,2716601,B/C fields
2.0,0.19561376584802956,7.0,0.1787255108263913,2.0,0.19561376584802956,2711400,B/C fields
2.0,0.2264219103181073,6.9198582363482535,0.18482344128760628,2.0,0.2264219103181073,2717064,B/C fields
4.0,0.2456657710736419,14.0,0.16725682764708966,6.0,0.23575597922574418,2722473,B/C fields
2.0,0.2239940796087859,8.0,0.32299456612389793,2.1544930849412958,0.22506335725172227,2726512,B/C fields
2.0,0.14826197956684461,6.438948240165631,0.14889662278003943,2.0,0.14826197956684461,2723861,B/C fields
2.0,0.21159375411478248,7.391102391314693,0.19556645107184775,2.243523903996019,0.20764333339804378,2726629,B/C fields
4.0,0.17405502673667225,14.0,0.1573648295894836,6.0,0.17978390154396098,4401004,B/C fields
4.0,0.17613092241648487,14.0,0.16642053022767167,6.0,0.1806970247073912,4402540,B/C fields
3.0,0.22694830038452063,7.0,0.21931000934560987,3.0,0.22694830038452063,2714657,B/C fields
3.0,0.19281138902779388,7.0,0.20556706479838235,4.0,0.18343931648767126,2711478,B/C fields
3.0,0.23585421791699915,7.0,0.4019942393557457,3.740825655001371,0.22312373319548293,2717088,B/C fields
3.0,0.22736726714734753,8.0,0.3327448272252996,4.0,0.21463802697731096,2721838,B/C fields
2.0,0.19833541295189952,6.845168159594018,0.18771215316271347,3.0,0.2123339992642089,2715637,B/C fields
2.0,0.15154541693329096,6.846422720733552,0.14295685803471103,3.0,0.1597070825418428,2714017,B/C fields
2.0,0.2595658409345705,6.411611431316042,0.23310708542382141,2.0,0.2595658409345705,2717327,B/C fields
2.0,0.22114278696212106,7.0,0.6100229091693901,2.0,0.22114278696212106,2726564,B/C fields
2.0,0.20456890129852803,6.035401627707012,0.27360804554931434,3.0,0.21193197707538572,2722680,B/C fields
2.0,0.17302297255740082,7.798854423863172,0.5170131685141856,3.0,0.18877795717903717,2722840,B/C fields
2.0,0.2529882741875919,6.0,0.19216951355909978,3.0,0.26191596626723057,2723985,B/C fields
4.690136197523532,0.2493834477834238,14.0,0.17444657701293811,6.69013619752353,0.24994223286725653,4402736,B/C fields
4.0,0.19332235075660492,13.7905959641628,0.21013428675996557,6.0,0.19949688043037928,4405215,B/C fields
3.0,0.1591017490527589,7.0,0.352267149799789,4.0,0.16701391361474302,2701260,B/C fields
3.0,0.21775385526725802,6.206715689464441,0.22546217832875529,3.0,0.21775385526725802,2714955,B/C fields
2.081550375130386,0.23968177424909762,7.0,0.21945159325853725,2.081550375130386,0.23968177424909762,2725425,B/C fields
2.0,0.4497512144611935,6.326366937677343,0.14465435828423656,3.0,0.41985404112580565,2725432,B/C fields
3.0,0.22850486621270563,7.0,0.21282653901363327,3.0,0.22850486621270563,2717540,B/C fields
4.0,0.0986659273952172,8.0,0.06635718215272134,5.0,0.09197101008922844,2700433,B/C fields
3.0,0.3121860743007422,7.0,0.48498081373034624,4.0,0.30417104867166195,2714663,B/C fields
3.0,0.2527737835666051,7.0,0.2925134017204817,4.0,0.24331284597161174,2723915,B/C fields
3.8903029166751115,0.1938842793733562,7.206766726797332,0.20069917508568577,4.890302916675109,0.18950481614209735,2723933,B/C fields
2.0,0.2867463569455633,7.0,0.320371629744897,3.0,0.29150968510308534,2701054,B/C fields
2.0,0.3045417002767842,7.0,0.4021610088339782,3.0,0.30760423493752653,2723968,B/C fields
2.0,0.23473570178874603,6.0,0.3510402574792617,3.0,0.24794919990519582,2723971,B/C fields
2.0,0.330149664539828,7.0,0.4174430221298292,3.0,0.33846692846577076,2700603,B/C fields
2.0,0.26085364215937745,5.876271883884478,0.8179967788377107,3.0,0.28944467821596165,2722267,B/C fields
2.0,0.2819990223283646,7.0,0.3479199197024411,2.9580454096742352,0.26957326520099917,2723991,B/C fields
4.0,0.18127819865624817,18.0,0.1722156337696539,6.0,0.18669884496689376,2714997,B/C fields
2.0,0.2627294406434473,6.0,0.177881287030948,3.0,0.274827398088286,2725588,B/C fields
2.0,0.18996724123775505,7.0,0.2682166238026996,2.0,0.18996724123775505,2717291,B/C fields
4.0,0.1614470018649395,14.513755197804644,0.20970442135457432,6.0,0.1665325290812068,2716471,B/C fields
4.0,0.3544176474215005,14.0,0.17872272794182895,6.0,0.267675774333692,2716512,B/C fields
2.0,0.37829236200859806,7.950543056633049,0.48905714986074067,3.0,0.4041340002288667,2713627,B/C fields
2.0,0.35388715263453807,6.023640859918421,0.18653597194849628,3.0,0.34899976486004497,2713143,B/C fields
4.0,0.21460216890720246,14.0,0.3446881486135335,6.0,0.24090419620858047,2712823,B/C fields
2.0,0.2886795092189678,7.0,0.3933545769936286,3.0,0.29787630503647333,2712290,B/C fields
2.0,0.20464917427040616,7.991063371466826,0.5332997784836163,3.0,0.22467799633589558,2712274,B/C fields
4.0,0.36296280023000943,14.0,0.1810125128792862,6.0,0.25403324043984393,2722356,B/C fields
4.0,0.17584317521157228,14.0,0.2386941265644244,6.0,0.18217875062403235,2716616,B/C fields
2.0,0.22965547402633749,9.0,0.29643178786301566,3.0,0.22772690823111724,2716623,B/C fields
2.0,0.2449173084733557,7.0,0.38663738815270515,3.0,0.2546939230395303,2717364,B/C fields
4.0,0.1831800920766095,14.0,0.13751002839357246,6.0,0.16533143791758378,2716632,B/C fields
2.0,0.6575574034125821,7.0,0.8644384304866786,3.0,0.7066809344486287,2710775,B/C fields
4.0,0.2329712715024895,14.0,0.31044981907073893,6.0,0.25338406326195234,2722405,B/C fields
2.0,0.20932927856732636,9.0,0.17234172388606145,3.0,0.2255574771488893,2724030,B/C fields
2.0,0.2869781451811428,6.0,0.45994266851183224,3.0,0.3035697868385517,2701103,B/C fields
4.0,0.18409508788867293,18.0,0.18651054977220577,6.0,0.18986639337826855,2714479,B/C fields
2.0,0.383012424987099,6.992019888129274,0.6634069870628138,2.0,0.383012424987099,2713963,B/C fields
4.0,0.16527037866754682,18.0,0.20756080818381983,6.0,0.16642855904443166,2713571,B/C fields
2.0,0.26884637958920904,6.0,0.2065849464695915,3.0,0.2854747971293021,2722508,B/C fields
2.0,0.25696563876542267,7.0,0.7817272613825667,2.0,0.25696563876542267,2722604,B/C fields
2.0,0.2501033508079117,5.48287649113393,0.3097855908541225,3.0,0.25913587025166235,2722743,B/C fields
2.0,0.23167179417227485,7.0,0.2146992158561957,3.0,0.22516313487399617,2722744,B/C fields
2.0,0.23769487025007743,7.0,0.20284608243798166,3.0,0.2322701838657224,2722745,B/C fields
2.0,0.2293521578124639,7.0,0.18358462865556932,3.0,0.2208031809788558,2722748,B/C fields
2.0,0.24638857778396364,8.399262018554962,0.19969784088410789,3.0,0.2562800437481672,2722750,B/C fields
2.0,0.28600586269351363,8.825132087374811,0.1688654289573758,3.0,0.2682256074251389,2722751,B/C fields
2.0,0.3498946783007251,7.426885972740168,0.1827107397747132,3.0,0.334408819080908,2722752,B/C fields
2.0,0.2645541668660021,7.0,0.20480491832724945,3.0,0.26256550673525975,2722756,B/C fields
2.0,0.22927139254310108,7.0,0.17735308304753494,3.0,0.2251476663991017,2722757,B/C fields
2.0,0.2372517217742125,7.0,0.18799803124825576,3.0,0.2316754481181091,2722758,B/C fields
2.0,0.2795563476840511,6.0,0.3782233257001975,3.0,0.26976487650151587,2718977,B/C fields
2.0,0.2962327346775952,6.077466261380017,0.2524763570319054,3.0,0.30660187832947333,2722763,B/C fields
2.0,0.27393180919931875,6.429187369309574,0.2515264955568025,3.0,0.27938755606071825,2722765,B/C fields
2.0,0.2760435274030767,6.18967809173375,0.18352763878338596,3.0,0.27931751411240835,2722766,B/C fields
2.0,0.18465958487969575,6.0,0.33339035376883963,3.0,0.19601314786306337,2724860,B/C fields
2.0,0.21981771216389043,9.0,0.3160017748310674,3.0,0.23475278272277625,2726642,B/C fields
2.0,0.2536286695871772,8.577589975229495,0.32125379892628037,3.0,0.25652778395954395,2726646,B/C fields
2.0,0.19908055341193542,9.0,0.22929020967264335,3.0,0.20022913894910663,2726527,B/C fields
2.0,0.20386368893111043,9.0,0.32249178720692306,3.0,0.2086818939580082,2726528,B/C fields
2.0,0.16354695989551907,6.013766876722811,0.16995817205378583,3.0,0.16988541540794194,2726545,B/C fields
2.0,0.23338314843393476,7.0,0.6695434269129226,2.0,0.23338314843393476,2724016,B/C fields
2.0,0.16658477859868814,7.0,0.18443384696836718,2.0,0.16658477859868814,2726565,B/C fields
2.0,0.25380201003916614,7.0,0.18082167669888927,2.0,0.25380201003916614,2726083,B/C fields
2.0,0.2035924722713108,9.0,0.15648415601317067,3.0,0.21162613402127456,2726593,B/C fields
2.0636335522366336,0.27203573815640997,7.0,0.22668932265146155,2.0636335522366336,0.27203573815640997,2726123,B/C fields
3.0,0.21573149251471968,7.0,0.4174291320332972,4.0,0.20815966371965455,2700554,B/C fields
2.0,0.49147770554569004,8.39885180500146,0.8547355842063796,3.0,0.5139820182018565,2722739,B/C fields
2.0,0.2491086571292784,7.555043574802805,0.4524688427145632,3.0,0.23976362237115462,2701298,B/C fields
2.0,0.222728299819176,6.2528564627469665,0.4656098668008397,3.0,0.24293005320216277,2715659,B/C fields
2.0,0.20270944458874557,7.0,0.20077981492252284,2.0,0.20270944458874557,2712960,B/C fields
2.0,0.5779026304261637,9.0,0.21657947308760153,3.0,0.6109931963643583,2710679,B/C fields
2.0,0.20487490426098529,9.0,0.17658299076899261,3.0,0.21192948761273575,2724033,B/C fields
2.0,0.16364809764520827,9.0,0.19012536044587158,3.0,0.17166001155106653,2700257,B/C fields
2.0,0.2977776016065429,6.894783676993058,0.7811875740988371,3.0,0.335659332443832,2725662,B/C fields
2.0,0.32095658108362224,6.82397637764843,0.765670778930248,3.0,0.33230284538634697,2717144,B/C fields
4.0,0.2916137935668192,14.0,0.732715564976646,6.0,0.32345317151411856,2724056,B/C fields
2.0,0.6956465496733395,7.0,0.8610436844994335,2.0,0.6956465496733395,2716555,B/C fields
2.0,0.3132925521277567,5.999746999382556,0.46245781850046297,2.8648253843952824,0.3347566157539026,2712293,B/C fields
2.0,0.226143559818254,9.0,0.18347742350675797,3.0,0.22373795780385514,2726597,B/C fields
2.0,0.7344274641793014,7.0,0.19702339743023717,2.0,0.7344274641793014,2710511,B/C fields
2.0,0.5672048711751526,7.014040206654711,0.7202849857894661,2.6469497015284955,0.5860103558919387,2716467,B/C fields
3.0,0.21640945535436681,9.0,0.4839676952891203,4.0,0.1966731860050646,2726234,B/C fields
4.0,0.29862180897116947,14.499397537249827,0.33944729201005824,6.0,0.2947211184211253,4400034,B/C fields
4.0,0.18110047097670823,14.0,0.14314316219011022,6.0,0.1830011928668597,4405090,B/C fields
5.328592740745598,0.1779510537947712,14.0,0.22767220737233074,7.328592740745595,0.18484692531185146,4405093,B/C fields
6.0,0.1871503808353914,14.0,0.30705107754755134,8.0,0.19560675686736384,4403875,B/C fields
2.0,0.27726775751835037,7.174306976554789,0.28366896787921503,3.0,0.2964938732542394,4405386,B/C fields
5.562835524833642,0.187903023137154,14.0,0.1788243197049215,7.562835524833645,0.1921639932595114,4403654,B/C fields
4.0,0.24977350886568955,14.116807348560078,0.2574596418102033,6.0,0.25683918557321245,4405114,B/C fields
4.0,0.4559247779137434,14.0,0.47790374861195417,6.0,0.476867411017734,4403504,B/C fields
4.0,0.4262487441902997,15.354399666376008,0.1959660225782826,6.0,0.39858339856463354,4405118,B/C fields
6.0,0.2204877805184188,15.426065564831951,0.2061870137909644,8.0,0.23016881759117333,4404604,B/C fields
4.0,0.5438175710131857,14.0,0.44274954443497794,6.0,0.5156650739254711,4400325,B/C fields
2.0,0.2169673136793547,7.364322798892889,0.28750624958921833,3.0,0.23254878107612617,4404612,B/C fields
6.0,0.28484031477292143,14.0,0.3705500227459132,8.0,0.30870049284278217,4400601,B/C fields
2.0,0.22728870267055612,8.0,0.1773971344094152,2.9969290411100755,0.2268585947559351,4400604,B/C fields
4.0,0.2723376609996897,15.527743271221533,0.39438444833284697,6.0,0.28499470715577474,4400664,B/C fields
4.0,0.26987470200661434,14.0,0.392018347560891,6.0,0.28419781975326713,4400683,B/C fields
2.0,0.3676364849798364,7.010093376541867,0.5036417104465025,3.0,0.3898871072785028,4404622,B/C fields
4.0,0.4077972125313287,15.732469063052443,0.5915595696795279,6.0,0.42781559694407933,4400746,B/C fields
4.0,0.23458287018090196,15.346410346647897,0.26029327673620895,6.0,0.222164045284287,4405162,B/C fields
4.0,0.40886778924322104,15.359822669225167,0.34507676655749403,6.0,0.3823237995573524,4401622,B/C fields
2.0,0.47945296176935104,7.619891788669639,0.5044450384590189,3.0,0.502776297914335,4402038,B/C fields
6.0,0.1933322521071523,14.0,0.2849194313310015,8.0,0.20365451383549354,4402041,B/C fields
5.715879019839432,0.1839698282415169,14.0,0.2418412461306326,7.715879019839429,0.19210554808585403,4402215,B/C fields
4.0,0.12277047279429575,14.0,0.24880365861798387,6.0,0.11322199993448563,4405442,B/C fields
4.0,0.24967429784492298,15.179633867276886,0.34384421310519614,6.0,0.26947166276806994,4405185,B/C fields
4.0,0.41315383553046253,16.0,0.47588256009323876,6.0,0.43321281823386987,4402855,B/C fields
2.0,0.23274050382393152,7.3000431216742925,0.2767852090199283,3.0,0.2504590374190587,4405454,B/C fields
2.0,0.2778925692649921,8.0,0.2552708784557612,2.5139059189804636,0.2893792802239003,4404683,B/C fields
2.0,0.27763263691949647,7.703010415180483,0.37438852801049444,3.0,0.29176441389163255,4405543,B/C fields
4.615075614366729,0.22219482013191644,14.0,0.20878064994381595,6.61507561436673,0.22996450491277728,4405528,B/C fields
4.3087362171331645,0.2522755986912155,14.0,0.22019422515607467,6.308736217133165,0.2758846936891199,4405530,B/C fields
4.008017061323915,0.16281601667926193,14.0,0.23154610732258163,6.008017061323916,0.17294085371761428,4405505,B/C fields
6.0,0.5486918567834737,14.993263880172375,0.47805889599569623,8.0,0.544977042504458,4405535,B/C fields
6.0,0.5506704884872896,16.0,0.4690507606573544,8.0,0.5474877983090125,4405536,B/C fields
5.734077007189444,0.1918731066109836,14.0,0.25306994619921774,7.734077007189445,0.19891497322286256,4404614,B/C fields
3.5499294829899206,0.41290725246884263,7.0,0.355496409198029,4.549929482989921,0.4120097102761445,2700305,B/C fields
3.0,0.22645703124445338,8.353497660452167,0.24269513538199564,4.0,0.20985547607828434,2721818,B/C fields
3.2821633568648143,0.3766925803064255,8.0,0.23033514755969786,4.282163356864816,0.3527142997209773,2700486,B/C fields
3.257030441885872,0.24845990058400094,8.0,0.1869123270587042,4.257030441885869,0.2424477334315202,2715691,B/C fields
3.0,0.5130368926019393,7.0,0.20245414036591491,4.0,0.49025195870818095,2714822,B/C fields
3.0,0.4807056155423334,7.0,0.18833295878616851,4.0,0.4611084411563414,2713144,B/C fields
3.453221026816345,0.292451498197496,7.0,0.19362587179061033,4.453221026816343,0.2966593446120651,2712120,B/C fields
3.0,0.410438185602752,7.0,0.2090818408971569,4.0,0.3886979272521407,2715205,B/C fields
3.0,0.2648918765773303,8.748004023738565,0.32892581364614865,3.0,0.2648918765773303,2722242,B/C fields
3.0,0.4172119624500868,6.030961221122113,0.2170379150523605,4.0,0.4125607620282314,2718116,B/C fields
2.0,0.44238611712507986,7.0,0.5933912525010192,3.0,0.4676463696960678,2717237,B/C fields
2.0,0.2682801256165428,6.9487452814808295,0.4560100406951739,3.0,0.2797800552323772,2714441,B/C fields
2.0,0.36025478269259414,6.937046337149012,0.41471568462571495,3.0,0.37926500891838316,2712710,B/C fields
2.0,0.49855340405788656,6.566439414521496,0.6023829178019279,3.0,0.5368770611184327,2722358,B/C fields
2.0,0.38042722763064335,7.324625346147584,0.18061421976090547,2.0,0.38042722763064335,2722380,B/C fields
3.0,0.6072878073837411,7.0,0.2461553708379525,4.0,0.6273811249891422,2717400,B/C fields
3.0,0.1828288475566317,7.431460457892661,0.2084940900161921,3.0,0.1828288475566317,2722427,B/C fields
3.0,0.17466929181571025,7.0,0.1635891775855669,4.0,0.16829749160027216,2717448,B/C fields
3.0,0.15409327982499274,7.0,0.2025957551672171,4.0,0.16249660222596898,2723856,B/C fields
3.0,0.17387049817327066,6.950645104277127,0.22333144832806728,4.0,0.17923760703166028,2710844,B/C fields
3.0,0.15891204172893547,7.0,0.19743749031371927,4.0,0.16369069259781047,2710819,B/C fields
3.0,0.15271271442543224,7.0,0.19997334692988322,4.0,0.1585482685384497,2709954,B/C fields
3.0,0.5391702288928929,7.0,0.24570529358632776,4.0,0.5585198405034151,2709913,B/C fields
3.0,0.4837020470652721,7.0,0.24882612372519924,4.0,0.5017901626256829,2722506,B/C fields
3.0,0.44060859327774027,8.214092971390144,0.2216910450935139,4.0,0.4127102505040931,2722630,B/C fields
3.0,0.5250216178922121,7.7000910205047,0.3841798676448173,4.0,0.5029234256468313,2722631,B/C fields
3.0,0.5227087853490389,7.328757586751249,0.2850701545320601,4.0,0.5133557532432952,2722632,B/C fields
3.0,0.5974117499337159,8.40261684651801,0.3729346440743784,4.0,0.576600112963034,2722635,B/C fields
3.0,0.2245497453571127,8.213839435673497,0.5393047450644853,3.0,0.2245497453571127,2722640,B/C fields
2.2168591866689216,0.33096395751711993,6.928106465289108,0.3462254930782533,2.2168591866689216,0.33096395751711993,2722686,B/C fields
2.0,0.32505950273876194,7.0,0.16945984849923812,2.0,0.32505950273876194,2722687,B/C fields
2.0241241644389545,0.29322920464844365,7.0,0.1506472001745602,2.0241241644389545,0.29322920464844365,2722689,B/C fields
2.0,0.4878022287330372,7.0,0.5741887710275421,2.0,0.4878022287330372,2722691,B/C fields
3.0,0.1689409576200677,7.0,0.1576436891684767,4.0,0.1671793785021633,2722822,B/C fields
3.0,0.16371014702935743,7.0,0.16354575552752607,4.0,0.16515943761369864,2722823,B/C fields
3.0,0.5390430028809052,6.979244845061705,0.22328579408575336,4.0,0.4940583978309899,2716312,B/C fields
3.0,0.5417041324783515,6.260826850057086,0.22164716494711387,4.0,0.4881494126012906,2718117,B/C fields
3.0,0.45286201543205523,6.127431037904342,0.2128986399720575,4.0,0.4427866249915049,2718118,B/C fields
3.0,0.17605238566307457,7.0,0.2424923748028288,4.0,0.17795541636848433,2722825,B/C fields
3.0,0.1785603274094691,7.0,0.2048050871344681,4.0,0.1798720100280063,2722826,B/C fields
3.0,0.2391968211741863,7.0,0.2283464629276343,4.0,0.24081480684029802,2723874,B/C fields
3.034179150371805,0.15314312914040812,7.0910736636047496,0.13634519800031708,4.034179150371805,0.1525640219025229,2706339,B/C fields
2.0,0.4402365262936004,7.0,0.11576438458877969,3.0,0.46788212114414685,2701482,B/C fields
2.0,0.47685382802817555,7.0,0.10855892357010555,3.0,0.5249197969934614,2711770,B/C fields
2.0,0.46023748425858374,6.087160674981657,0.4834417743710848,3.0,0.47650625011497616,2718493,B/C fields
2.0,0.33834297004578584,6.608698412698412,0.3881221059295864,3.0,0.34949389871339925,2712624,B/C fields
2.0,0.22154538173142962,6.158402725208176,0.3848790339082141,3.0,0.23690107708348945,2717617,B/C fields
4.0,0.1933076454299952,14.0,0.15176795134232726,6.0,0.1883624908767378,2715786,B/C fields
2.0,0.2899282712621894,7.0,0.17813527392686557,3.0,0.26025461200245514,2701110,B/C fields
2.0,0.2696054983057145,7.0,0.3333319049583572,3.0,0.27792503650319567,2701326,B/C fields
4.0,0.2782864166103333,14.0,0.43035831397628926,6.0,0.3075850028484886,2701400,B/C fields
2.0,0.20891867583236787,7.0,0.30498512837082986,3.0,0.2229053192063712,2722249,B/C fields
2.0,0.24812657585814477,7.972978827096983,0.48886926060260744,3.0,0.2625208362293868,2701567,B/C fields
2.0,0.40713938437101344,7.0,0.3742978239368279,3.0,0.39020237070096175,2723973,B/C fields
2.0,0.4929332844682356,8.0,0.48098586285775147,2.0,0.4929332844682356,2701007,B/C fields
2.0,0.2439538767907772,8.0,0.5139088885036457,3.0,0.26753255261462144,2700887,B/C fields
2.0,0.23895223137410604,7.0,0.16758761541421116,3.0,0.23268360165773164,2700857,B/C fields
2.0,0.1592173798789182,7.0,0.14441546741182668,3.0,0.16637754260023271,2700844,B/C fields
2.0,0.47730820886260644,7.0,0.5569416928798265,3.0,0.4979688543191328,2700664,B/C fields
2.0,0.239440950531694,8.0,0.19989940910829243,2.0,0.239440950531694,2700559,B/C fields
2.0,0.4850951779069649,8.021870915933174,0.6192304110595175,3.0,0.5015258465769549,2717238,B/C fields
2.0,0.45457536137299753,7.467282183135626,0.4997910963536727,3.0,0.4740800459485366,2700430,B/C fields
2.0,0.23939023366280443,6.0221752562063,0.3621590041454748,3.0,0.2559734721674232,2722268,B/C fields
2.0,0.32613233239349476,7.998551706497618,0.33381484872378797,2.0,0.32613233239349476,2722272,B/C fields
2.0,0.41437982510103627,7.0,0.4952656911836368,3.0,0.3786507397481995,2700090,B/C fields
4.0,0.2441748178348723,14.0,0.4172701770558483,6.0,0.27982495967046866,2715739,B/C fields
2.0,0.5879715111380095,8.988939288681843,0.6894467319465698,3.0,0.613559183612036,2715590,B/C fields
2.0,0.2925405398287056,7.0,0.2995477363503716,3.0,0.30138720341084524,2715566,B/C fields
2.0,0.2685115910463278,8.0,0.5903314117806819,3.0,0.29699247712843313,2715367,B/C fields
2.0,0.17856815528913017,7.0130123462663825,0.23797936053981128,3.0,0.18735606685370482,2716420,B/C fields
2.0,0.48412688138771026,6.098577007676076,0.5310535530186845,3.0,0.5124893616922571,2714726,B/C fields
2.0,0.5176069611895981,7.381049983695905,0.5387738243411082,2.0,0.5176069611895981,2714692,B/C fields
2.0,0.4214097860972415,7.399592829271053,0.39550364945954564,2.0,0.4214097860972415,2714677,B/C fields
2.0,0.1632041781911147,8.0,0.27385427843366394,3.0,0.17615619927865767,2714465,B/C fields
2.0,0.17958256002371242,7.0,0.31301650533605424,3.0,0.18928685103023923,2723649,B/C fields
2.0,0.2674713783965346,7.0,0.49639083896201436,3.0,0.28846927455060006,2714223,B/C fields
4.0,0.3544515381388383,14.0,0.3566407708446147,6.0,0.3709208677530499,2714136,B/C fields
2.0,0.19254158697667934,6.793805844473923,0.30700452225638725,3.0,0.21253672506363291,2722310,B/C fields
2.0,0.2551219740122876,8.0,0.462204473434888,3.0,0.27830463696459357,2714035,B/C fields
2.0,0.2610599414998764,7.044253199947577,0.15264359877546416,3.0,0.24851360156442778,2724003,B/C fields
2.0,0.2907868152080713,7.0,0.6562518392015636,3.0,0.33224791246326996,2713797,B/C fields
2.0,0.1856527805786529,8.0,0.3729337904859966,3.0,0.20512375988068862,2713547,B/C fields
2.0,0.2372856640394039,6.952534163639511,0.5985252962242749,3.0,0.2689092369848543,2722319,B/C fields
2.0,0.27190984677046626,8.0,0.5957324661011222,3.0,0.293347580713541,2713426,B/C fields
2.0,0.16079262932723057,8.0,0.24926359567950437,3.0,0.1674804246426776,2713203,B/C fields
2.0,0.4324918027360694,7.0,0.580550440440294,2.8956903989154106,0.4401578769436124,2713177,B/C fields
2.0,0.16040388785531168,7.0,0.16214394506683585,3.0,0.16806723773639828,2722339,B/C fields
2.0,0.32944289704001867,7.0,0.4244927879256253,3.0,0.34914056401582716,2712713,B/C fields
4.0,0.30923588285762404,14.0,0.3879790879694341,6.0,0.3231651465565131,2712690,B/C fields
2.0,0.35135381253130765,6.425210581732037,0.3616349024805514,3.0,0.3642525046663744,2710183,B/C fields
2.0,0.21580204985667734,8.422196886793628,0.3874162745264041,3.0,0.2345467790054848,2722345,B/C fields
2.0,0.4291509615989467,8.0,0.4007714800856762,2.0,0.4291509615989467,2712234,B/C fields
2.0,0.32803060570340087,7.810748094702071,0.37453062180328284,2.0,0.32803060570340087,2722354,B/C fields
2.0,0.45207539439592637,6.9916068848598245,0.4903773554052433,3.0,0.47539256356181214,2712139,B/C fields
2.0,0.49702161288431135,6.98790394255039,0.4934561078745345,3.0,0.520607036256698,2712053,B/C fields
2.0,0.16408275322698399,8.0,0.3021385698198963,3.0,0.17694422773800408,2712005,B/C fields
2.0,0.19585764990561289,6.189572466955745,0.39765873861040973,3.0,0.2120343969191458,2711866,B/C fields
2.0,0.34736284949443225,7.0,0.28340639318724936,3.0,0.36286739564184267,2711855,B/C fields
2.0,0.5043714026482216,7.43567727292193,0.6491345713377472,3.0,0.5339891671551141,2722362,B/C fields
2.0,0.49236394432891767,7.999935547630301,0.4418592224798687,2.0,0.49236394432891767,2722368,B/C fields
2.0,0.2077717666558025,7.018130787511268,0.2111592451325702,2.0,0.2077717666558025,2716637,B/C fields
2.0,0.4699866220576686,7.565186481461229,0.5046819225067738,2.0,0.4699866220576686,2711564,B/C fields
2.0,0.48613367040589517,7.0,0.3866480351911332,3.0,0.4888286444539928,2711443,B/C fields
2.0,0.40145881973315706,7.0,0.4889735176903701,3.0,0.4283129511853712,2711383,B/C fields
2.0,0.26743034821953976,8.0,0.5703506790082078,3.0,0.2950288090267757,2711156,B/C fields
2.0,0.578141927708489,6.857459636337485,0.7232483773721663,3.0,0.605527337684238,2722387,B/C fields
2.0,0.2602217482320551,8.0,0.6807569588660592,3.0,0.28986514287738496,2710912,B/C fields
2.0,0.3358323742859752,7.0,0.46279000192269487,3.0,0.3647255656060082,2722390,B/C fields
2.0,0.12774921880937606,8.0,0.18673861425494803,3.0,0.133702914959777,2724026,B/C fields
2.0,0.29873829742551766,6.697805851063829,0.5959876083119952,3.0,0.3270816089216363,2710540,B/C fields
4.0,0.5697576187908706,14.0,0.28783076062918544,6.0,0.5846372366288453,2710412,B/C fields
2.0,0.4667782768704011,7.0,0.17788801754380681,3.0,0.524219328438618,2722397,B/C fields
4.0,0.18383991581212625,14.0,0.1234462140720327,6.0,0.18764797911707928,2722404,B/C fields
2.0,0.4998162888671427,7.065376683778685,0.6223126787851352,3.0,0.5179862250702613,2710193,B/C fields
2.0,0.3566646631244385,6.9548771121351765,0.4289504161120773,3.0,0.3700506751980163,2710182,B/C fields
2.0,0.4144383986159449,7.0,0.3679625557209294,2.887902551085524,0.4377505788045463,2722406,B/C fields
2.0,0.4084050379972999,7.0,0.1619433703093703,2.395385709755658,0.4023844205069919,2722407,B/C fields
2.0,0.16320971305005824,7.0,0.13698998017246297,3.0,0.16554595830117308,2722408,B/C fields
2.0,0.3699558323206225,7.0,0.3171118454440305,3.0,0.370044774181458,2709927,B/C fields
2.0,0.3020790322038435,7.155913978494623,0.3726906783811508,3.0,0.3073007580349522,2709926,B/C fields
2.0,0.2509134818047665,6.0,0.22123461380889897,3.0,0.26204172331225817,2722415,B/C fields
2.0,0.1871990277207781,6.439615330750198,0.26414848412519754,3.0,0.19544980522209407,2722416,B/C fields
2.0,0.2687866403534834,6.8786411611588365,0.41704073163170113,3.0,0.298720374541097,2716838,B/C fields
2.0,0.43654686567340734,6.504318829168887,0.6280124982990593,3.0,0.45716254136416207,2700754,B/C fields
4.0,0.19073308668327246,14.0,0.41780868391292336,6.0,0.1974471184248192,2711295,B/C fields
2.0,0.19575591123506936,6.0,0.36742339728601847,2.9281296308227556,0.21156779510824653,2714713,B/C fields
2.0,0.22890337072129346,6.0,0.36943377654269544,2.9677079653685423,0.23984193448332736,2714480,B/C fields
2.0,0.1728569303678313,7.0,0.15470978589988157,3.0,0.17831217107182734,2722477,B/C fields
4.0,0.17872734504507837,14.0,0.35152615667712006,6.0,0.18828171836536386,2722479,B/C fields
2.0,0.35380322816568344,9.0,0.26915404413466926,3.0,0.3827634724135588,2714007,B/C fields
4.0,0.20003137374437438,14.0,0.1306816279596669,6.0,0.20244959970239354,2724053,B/C fields
2.0,0.1606837574347367,7.0,0.13827623150814009,3.0,0.16140032594024115,2710060,B/C fields
2.0,0.2142501974622667,6.993134611179943,0.32193198282955526,3.0,0.23384136764904018,2717483,B/C fields
2.0,0.422907814308152,8.0,0.42994913791411116,3.0,0.46139507700317783,2722521,B/C fields
2.0,0.47070700525609577,7.8318615147258654,0.4833146965589545,3.0,0.5205796305608317,2722522,B/C fields
4.0,0.22048437586469202,14.0,0.5861090312165641,6.0,0.23369048629335926,2722531,B/C fields
4.0,0.2009114101724035,14.0,0.17108692635551578,6.0,0.2066534576312867,2722546,B/C fields
4.0,0.19914811668050467,14.0,0.1647357173619167,6.0,0.2016273797991231,2722547,B/C fields
2.0,0.6058236369228022,8.0,0.6135849852980227,2.86111483332917,0.650382939194817,2722556,B/C fields
4.0,0.1574806455916672,14.113174445688799,0.15640036767423818,6.0,0.16159301489147054,2722469,B/C fields
2.0,0.25827438075874914,6.768048128342249,0.3581118880033577,3.0,0.2657375174602544,2722666,B/C fields
2.0,0.24114535187297018,6.703140730878444,0.3352343692599948,3.0,0.25008115464205255,2722667,B/C fields
2.0,0.23665389557494637,5.850167264672638,0.2818189408069108,3.0,0.23387928069489233,2722669,B/C fields
2.0,0.2288766297791301,6.0122311091044,0.3042836939389727,3.0,0.22027901399027752,2722670,B/C fields
2.0,0.4011172329095297,6.182651941488559,0.23302668958001646,3.0,0.41491454684365675,2722764,B/C fields
2.0,0.1929070553642091,7.049253970800582,0.2830646952866706,3.0,0.2009218293008617,2722804,B/C fields
2.0,0.18360412292136621,6.994263381126155,0.3447843501926085,3.0,0.19434971015553512,2722805,B/C fields
2.0,0.18508732762937716,7.0,0.2977703739936373,3.0,0.20028669656208037,2722806,B/C fields
2.0,0.18895481118518415,6.878322658964376,0.2281329427833729,3.0,0.19893685960633425,2722807,B/C fields
2.0,0.2576145954995047,8.530946610345543,0.2843579771121892,3.0,0.26741531849955824,2722808,B/C fields
2.0,0.25237775991699957,7.0,0.24076649591475618,3.0,0.2596048905580029,2722809,B/C fields
2.0,0.4077363579924895,8.99739740912078,0.3172610075054028,3.0,0.4269287211987886,2724074,B/C fields
2.0,0.27965732660188664,8.974261348005507,0.2866527507095259,3.0,0.29187607115007025,2722811,B/C fields
2.0,0.16807279652284812,7.0,0.2790445802012354,3.0,0.17538041771651336,2722812,B/C fields
2.0,0.16464645507422618,7.0,0.24699925878478024,3.0,0.1719927599985993,2724077,B/C fields
2.0,0.20104770791421034,7.0,0.09773420739022887,3.0,0.20845264930858795,2713172,B/C fields
4.0,0.2115763222016284,14.0,0.24913255234464488,6.0,0.22961637833325205,2715711,B/C fields
4.0,0.21033467310251952,14.0,0.3227668379387293,6.0,0.22136142252417626,2710827,B/C fields
4.0,0.1974182136941747,14.0,0.2857916120264196,6.0,0.20570887794900225,2700159,B/C fields
4.0,0.18433373890125498,14.0,0.40056348592376073,6.0,0.19295151980683953,2701205,B/C fields
4.0,0.20190302522606488,14.0,0.565658365026484,6.0,0.21541029814273538,2710577,B/C fields
4.0,0.2567744911214984,14.0,0.5626102067334768,6.0,0.2931887559864189,2715217,B/C fields
2.0,0.26756340760750175,7.0,0.4140540699674516,3.0,0.29182228190739595,2722873,B/C fields
2.0,0.49567992358957114,8.494507552115845,0.46262656292266485,3.0,0.5232228729453052,2723787,B/C fields
2.0,0.5294063266714004,7.125259453117951,0.5406103188375545,3.0,0.5394638615974118,2724089,B/C fields
2.0,0.41548226613478345,7.869257818345054,0.408159669691572,2.0,0.41548226613478345,2724805,B/C fields
2.0,0.45112351398238854,7.2384468794664105,0.6800518220751101,3.0,0.49831232160557,2724836,B/C fields
2.0,0.3258606327837923,7.62669649515287,0.5577782096256523,3.0,0.3469608545303344,2724098,B/C fields
2.0,0.5438328575637188,6.7012218056516115,0.6830716734210187,3.0,0.5697129481861934,2724828,B/C fields
2.0,0.3106577591374126,7.0,0.46374906294517554,3.0,0.3496396664614515,2724833,B/C fields
2.0,0.184453494285297,7.0,0.2945404968504705,3.0,0.18698122818816287,2724912,B/C fields
2.0,0.21020937517499072,6.930295638598889,0.3310777154151656,3.0,0.22156952329060658,2724913,B/C fields
2.0,0.21042268674936865,8.0,0.2100017852972198,2.0,0.21042268674936865,2726513,B/C fields
2.0,0.18657073213316366,8.0,0.21975332135694128,2.108477654703128,0.18717653928816083,2723983,B/C fields
2.0,0.18715000369725718,7.0,0.30528859160991983,3.0,0.20405456594921453,2726617,B/C fields
2.0,0.6326301671263562,7.0,0.6372784183524083,3.0,0.6971174276228256,2726041,B/C fields
2.0,0.2584158530968605,7.520846708366197,0.31652467340574797,3.0,0.26432820589838846,2726643,B/C fields
2.0,0.2358998245088705,7.111672051696284,0.46752028209676366,3.0,0.2678250454886785,2726644,B/C fields
2.0,0.43744827661952007,6.997684962927402,0.13289848252790706,3.0,0.4116875252329698,2726058,B/C fields
2.0,0.4073090858924503,6.7744272808559165,0.16050591100483616,3.0,0.3183094211559277,2722682,B/C fields
2.0,0.375893650980672,6.002619515389653,0.15817799726422924,3.0,0.28331479610197813,2727165,B/C fields
2.3857910746281092,0.47950525360855695,6.744239343305971,0.42397466388720917,2.3857910746281092,0.47950525360855695,2726277,B/C fields
2.0,0.29854677031574706,7.0,0.2553108953467229,2.0,0.29854677031574706,2726308,B/C fields
3.0,0.3791784293233726,8.0,0.18906417825654015,4.0,0.2906285156379132,2724472,B/C fields
2.0,0.4111484431993021,7.52137014736353,0.4178642109143924,3.0,0.4269670710242253,2723987,B/C fields
2.0,0.2089905060362947,6.777534173181717,0.3182535820966883,3.0,0.22691050082992023,2722813,B/C fields
4.0,0.6988459797301008,14.0,0.2897957368022216,6.0,0.6866910065402694,4405577,B/C fields
2.0,0.11097242378754829,9.0,0.14418176304359054,3.0,0.11232522712114536,4404651,B/C fields
2.0,0.18933879701288528,8.0,0.14312724541079944,3.0,0.1860291205381511,4405213,B/C fields
2.0,0.11593922446336428,6.0,0.17647891525831172,3.0,0.12376733118956644,2722679,B/C fields
2.0,0.2029247871631837,7.0,0.15644113566950993,2.8790102060466016,0.19818305260105998,2726249,not cropped (X)
4.0,0.17890844604982517,14.0,0.11288166712557181,6.0,0.17894526492612287,2713151,not cropped (X)
4.0,0.2147167758037301,18.0,0.1770338042926935,6.0,0.20829172724430725,2716828,not cropped (X)
2.0,0.2657579839242821,9.0,0.2118721287429108,3.0,0.26541590926426634,2717582,not cropped (X)
2.0,0.16636598296611613,9.0,0.17883602445697466,3.0,0.162537428462321,2713757,not cropped (X)
2.0,0.2742499754272261,6.998236207139832,0.281777182088528,3.0,0.30396288443533886,2715141,not cropped (X)
4.0,0.2485246423448751,14.0,0.5873915947278783,6.0,0.22316038365858393,2722333,not cropped (X)
2.0,0.2418484336125097,7.0,0.20402684434559168,3.0,0.2464199628155324,2709772,not cropped (X)
3.0,0.400971534228972,7.0,0.22660243926475204,4.0,0.4042905480661486,2722371,not cropped (X)
2.0,0.4110073431097609,7.0,0.13568836323830366,3.0,0.4620911357393291,2712140,not cropped (X)
2.0,0.5967188426995186,7.0,0.22460338048344913,3.0,0.4329118755249446,2713444,not cropped (X)
2.0,0.24241153472076088,8.0,0.20833850258987757,2.0,0.24241153472076088,2700289,not cropped (X)
2.0,0.3976411324894513,6.113853119085613,0.6016190270741724,3.0,0.42933928426564577,2724564,not cropped (X)
2.0,0.8175518867635415,6.736822518438331,0.8469069630580118,3.0,0.8506003336485504,2710008,not cropped (X)
2.0,0.7991041248483136,6.014954075048708,0.5287439421598632,3.0,0.7926824682539388,2708613,not cropped (X)
2.0,0.7205359877825098,7.827397061885064,0.5973606862699725,2.999264566116637,0.7385384433591168,4403449,not cropped (X)
2.8146533643407725,0.18146761905228792,7.0,0.087486817511777,3.8146533643407734,0.16628781116377434,2725372,not cropped (X)
2.0,0.13735879895113307,7.0,0.08392131150519898,2.0,0.13735879895113307,2726601,not cropped (X)
2.0,0.6719791455577979,6.0,0.6386616520600951,3.0,0.6844236942297329,2725538,not cropped (X)
6.0,0.8622782178913221,14.0,0.8029577575059489,8.0,0.8665624097768977,4403491,not cropped (X)
4.0,0.17104807190355806,14.0,0.16005421819793045,6.0,0.1690425651780911,2725666,not cropped (X)
4.0,0.6529757747942226,14.0,0.6311673395548472,6.0,0.6776188020227211,4402706,not cropped (X)
3.617104801962846,0.2254300131465191,16.23777076761304,0.19635404557532854,5.425657202944268,0.2134227589641877,2708576,not cropped (X)
2.5787708990953164,0.843558137091067,7.0,0.8296362331778442,2.5787708990953164,0.843558137091067,2700345,not cropped (X)
2.0,0.7241283235411852,7.265444599321465,0.650217461583804,3.0,0.7177217398738729,2711539,not cropped (X)
4.0,0.17733067869380892,14.0,0.13687599238269024,6.0,0.17450839186674152,2726614,not cropped (X)
2.0,0.3726210474693296,8.0,0.35971989405247484,3.0,0.39022789029689037,4402118,not cropped (X)
3.0,0.19804415605035577,7.076116370395342,0.2736529802502283,3.0,0.19804415605035577,2723827,not cropped (X)
2.0,0.511688376600592,6.295100621603433,0.5940679994360527,3.0,0.5618366674337635,2722486,not cropped (X)
2.0,0.24836905432844333,6.0,0.2677861784178636,3.0,0.25439993236200303,2726262,not cropped (X)
2.0,-0.47959431076478937,7.8503280950297825,-0.3944403795554829,3.0,-0.47175992402852096,4400118,not cropped (X)
3.8485352673492588,0.8135393787878941,13.469873435722404,0.7571349874657998,5.772802901023889,0.8236760525831754,2700047,not cropped (X)
2.0,0.7107223541427083,7.0,0.6650426364256526,3.0,0.7138989979657517,2714419,not cropped (X)
2.0,0.0736983625752769,7.842779959059029,0.07755589056145627,2.0,0.0736983625752769,2726627,not cropped (X)
4.0,0.13761567942415567,18.0,0.1250388882358926,6.0,0.14418096404720987,2726474,not cropped (X)
3.0,0.2526924860636301,7.0,0.2953649482802416,4.0,0.2548434795442127,2722828,not cropped (X)
2.0,0.8836823854072914,7.0,0.8778914626210461,3.0,0.9073057982718491,2724006,not cropped (X)
2.0,0.7720751579758777,8.878350641168941,0.7630847916414344,3.0,0.8075463656728004,4404117,not cropped (X)
2.0,0.41506807589165823,8.0,0.5172500853218128,2.389566882029193,0.42077365524543964,4400367,not cropped (X)
4.259132017307658,0.2768194630832907,14.0,0.17988485498126064,6.259132017307658,0.2856689993756751,4403550,not cropped (X)
4.0,0.1906439978440533,15.088048842117779,0.16235079660372922,6.0,0.18526833298669237,4405390,not cropped (X)
4.0,0.16635008956392452,14.0,0.12564689542689714,6.0,0.16673155324567646,2712829,not cropped (X)
4.0,0.2095321478391676,14.0,0.15604195189901068,6.0,0.2216972320848861,2710217,not cropped (X)
2.0,0.1490038502174254,7.248765680430093,0.09286401851948571,2.7527932194711635,0.1551851024294991,2712342,not cropped (X)
2.0,0.7803015820577031,6.077420300476364,0.8086785905247894,3.0,0.8075788037474375,2723706,not cropped (X)
2.0,0.262115781436651,7.146201369176831,0.40062278717119343,3.0,0.27347633776874347,2713147,not cropped (X)
3.0,0.20695564362114813,7.0,0.3809024053693296,4.0,0.22477845242864852,2711806,not cropped (X)
2.0738524349491754,0.07140414037596492,6.007927741502495,0.061588123878218375,3.0738524349491763,0.059809222205415666,2711071,not cropped (X)
2.0,0.5837318930128476,7.0,0.7185754347526953,2.22907790226711,0.5904784799946784,4405169,not cropped (X)
2.0,0.3953454796999097,7.0,0.11081949508833296,3.0,0.4331642303883962,2722260,not cropped (X)
4.0,0.6611633528723472,14.0,0.6506967802790127,6.0,0.6566211337201651,4405561,not cropped (X)
2.0,0.2896180955560375,9.0,0.5288888122386761,3.0,0.3115492783613042,2726608,not cropped (X)
2.0,0.26144705167432086,9.0,0.20745149248670622,3.0,0.2345560811644728,2712769,not cropped (X)
2.0,0.4540602258838764,7.0,0.4375606714226963,3.0,0.4694265214981746,2700493,not cropped (X)
2.3940701260703867,0.2970640267924961,7.0,0.25067331223518907,3.3940701260703867,0.2927356261689428,2726311,not cropped (X)
2.0,0.7106478750544014,7.360609110401263,0.6671124414605178,3.0,0.7100280762756805,2712252,not cropped (X)
2.0,0.30132695197515824,8.0,0.5355449943281618,2.523774990522969,0.32144921192694864,4400483,not cropped (X)
2.7892767758082404,0.7223165245056706,7.0,0.7679702979518641,2.7892767758082404,0.7223165245056706,2723718,not cropped (X)
8.0,0.507743281755283,28.00683445432849,0.5410046739788116,12.0,0.5228265001305668,4405533,not cropped (X)
3.2439232264003,-0.37791734424410744,12.96584052091501,-0.2662155997122131,4.86588483960045,-0.36860622298760043,4402713,not cropped (X)
2.0,0.1570796078660021,9.0,0.14877777163629416,3.0,0.17227538983006016,2725640,not cropped (X)
3.0,0.1235216094426203,7.8790202885230425,0.02545748092491796,4.0,0.12030984960102725,2725382,not cropped (X)
4.0,0.6011662441571859,14.0,0.6969991121647694,6.0,0.638212143635203,4405418,not cropped (X)
3.0,0.2069853450199109,6.984007942839922,0.24579163017682845,4.0,0.2286139728456427,2712198,not cropped (X)
2.0,0.6029764305822031,6.424636844963344,0.467380975971634,3.0,0.6147392863873941,2715230,not cropped (X)
2.0,0.3018895894501775,8.0,0.3241153742471741,3.0,0.31303979623059186,4403525,not cropped (X)
3.0,0.22953326052516151,7.0,0.1949638704513951,4.0,0.24349693398229985,2722824,not cropped (X)
4.0,-0.30734438332918923,14.0,-0.3057990173444204,6.0,-0.3803144979841172,4405474,not cropped (X)
3.0,0.6688047003778385,7.9395973861720055,0.5281295084449483,3.0,0.6688047003778385,2723878,not cropped (X)
2.0,0.17074974385426436,7.631355843794555,0.13032120390159016,2.721865980456932,0.17387901229999778,4404258,not cropped (X)
8.0,0.5819132230429234,29.34369830049632,0.41164282900452365,12.0,0.5658622783725319,4403661,not cropped (X)
2.0,0.185760894269616,8.0,0.13661787907240086,3.0,0.1850903883478621,4401441,not cropped (X)
4.0,0.16473403507754966,14.0,0.11951215783054489,6.0,0.1594843051043278,2713353,not cropped (X)
2.0,0.2890855125334163,8.17029619292832,0.5448516418283851,3.0,0.31492185436754266,2726579,not cropped (X)
2.0,0.41939663422724816,8.0,0.530864222633671,2.1774705902886864,0.42179903815286734,4402528,not cropped (X)
4.0,0.7325661410325706,14.0,0.6591171203277336,6.0,0.7325625064991989,4400327,not cropped (X)
4.0,0.642488872374354,15.150873950509041,0.6621966275436117,6.0,0.6385421196316332,4403953,not cropped (X)
2.8971714441520255,0.78805238809997,7.0,0.2203377099827801,3.897171444152026,0.8173577616741423,2710991,not cropped (X)
8.0,0.7219507435797399,27.861528967840528,0.6320667949621006,12.0,0.7176498536358674,4401394,not cropped (X)
2.0,0.7381975809607105,7.0,0.7656696138368216,3.0,0.7819514382448938,4405164,not cropped (X)
2.0,0.6337300611793297,7.0,0.6847775949887216,3.0,0.653107335929356,2715743,not cropped (X)
4.0,0.2976888360601994,16.0,0.20534089840856143,6.0,0.31050095671311795,4404529,not cropped (X)
2.0,0.1769893497771044,8.0,0.20988567547499254,3.0,0.18396430295787197,4405216,not cropped (X)
2.0,0.6921467722197311,6.2216400425985094,0.6733941777537041,3.0,0.6946430922966287,2713025,not cropped (X)
3.0,0.24638618387951494,7.0,0.650399383085184,4.0,0.26538577243280265,2722829,not cropped (X)
8.0,0.6184627229966962,29.591127977803996,0.4449055082904755,12.0,0.6030088764311429,4400871,not cropped (X)
2.0,0.45756377476408533,6.836965086946887,0.5862243485103622,3.0,0.47710368163827543,2724420,not cropped (X)
4.0,0.15160020504269953,14.0,0.112128106846321,6.0,0.14939007943216223,2712755,not cropped (X)
2.0,0.7049233021192954,8.0,0.7038731031212835,2.6763237193284537,0.6986922903251812,4403261,not cropped (X)
4.0,0.2038740879696431,14.0,0.15536774643182888,6.0,0.21327410873373712,2717164,not cropped (X)
3.0,0.6113068754204354,9.0,0.5449149874542452,4.0,0.6006492537508308,2715265,not cropped (X)
3.34887135804134,0.7527815378675272,11.721049753144689,0.6899095089861549,4.681028476389544,0.7299987735545935,4405453,not cropped (X)
2.0,0.16342253895279327,7.2958797159703,0.14132209400474094,3.0,0.17247442975403826,2711657,not cropped (X)
2.0,0.7605007145880486,6.550405430888175,0.7013278456829457,3.0,0.7393767105269695,2712025,not cropped (X)
2.0,0.43965033359579225,8.0,0.22686657511839795,2.7729093013797197,0.4760366418240612,2722247,not cropped (X)
2.0,0.3809817840813168,7.0,0.22733334512758396,3.0,0.3994648705328425,2713513,not cropped (X)
3.0,0.42402695287074604,7.0,0.5643430610490229,4.0,0.44808120388964295,2726312,not cropped (X)
2.0,0.3421841483840744,7.497826623388952,0.14540489402641457,2.9184873045701027,0.346942253919813,2716540,not cropped (X)
2.0,0.31275486900871025,9.0,0.22044580990813126,3.0,0.3000854204210264,2711159,not cropped (X)
4.0,0.1781622290938164,14.0,0.12625565451146778,6.0,0.18314810325343248,2722502,not cropped (X)
2.0,0.15540396237000964,8.0,0.1280600069873424,2.551097950841151,0.15364161471518867,4402632,not cropped (X)
2.0,0.12958165023693216,7.0,0.3025075038451455,3.0,0.12201705057884228,4405400,not cropped (X)
4.0,0.30079303833085425,15.33803566942979,0.2211140809772422,6.0,0.30913881487236705,4401546,not cropped (X)
4.0,0.3873418318470547,14.0,0.3593971693745793,6.0,0.39186406810915764,4405452,not cropped (X)
4.0,0.22074330496344274,18.0,0.19245467141102998,6.0,0.21032113386198256,2701536,not cropped (X)
4.0,0.3263139314262037,14.0,0.3443785979150331,6.0,0.346165454870993,4400886,not cropped (X)
4.0,0.18930354616718548,14.0,0.12207726914464696,6.0,0.1921650649586748,2712277,not cropped (X)
6.0832636857501035,0.744745422744671,18.24979105725032,0.608075345532071,9.12489552862516,0.7311054597279104,4402792,not cropped (X)
2.0,0.10415758145799256,7.0,0.055672467476008944,3.0,0.09298967412298503,2712124,not cropped (X)
2.0,0.23559724533366633,6.698457726198566,0.2100443958549261,3.0,0.24601387398895408,2726520,not cropped (X)
4.0,0.23411411052994052,14.0,0.5420946857888508,6.0,0.22435542152423882,2713961,not cropped (X)
2.0,0.17021541028887555,9.0,0.14613908153409633,3.0,0.16931235332756742,2711390,not cropped (X)
4.0,0.34314921019937383,14.0,0.514612999580153,6.0,0.35495106195299975,4405368,not cropped (X)
2.0,0.36957838872493687,6.0,0.22624250728872494,2.9219313783375984,0.3956039358708162,2712179,not cropped (X)
4.0,0.7388032720200112,14.0,0.7035951778163851,6.0,0.7438708224472321,4403784,not cropped (X)
4.0,0.2960770009672805,16.0,0.1985281877387163,6.0,0.3103036879086441,4404528,not cropped (X)
2.0,0.19940138199350083,9.0,0.2053536275744499,3.0,0.21505545594760883,2716530,not cropped (X)
2.0,0.23826193232970722,7.0,0.23316138119381344,3.0,0.24236498874723586,2726061,not cropped (X)
7.94404580267988,0.19214374154382038,27.80416030937955,0.1710108790573613,11.91606870401982,0.1881292393026134,4402697,not cropped (X)
4.0,0.26164324824624163,14.0,0.23239468166698354,6.0,0.2748263456322738,2711430,not cropped (X)
4.0,0.3458407664794598,15.217013998063164,0.4670813259630476,6.0,0.36563853430890564,4400082,not cropped (X)
4.0,0.14763108791392224,14.0,0.13377152933074932,6.0,0.1502457360520778,2724042,not cropped (X)
3.0,0.12900633268043665,7.0,0.20705118812157117,4.0,0.1337259363780712,2712090,not cropped (X)
2.0,0.10115076465579348,7.0,0.06764601024800553,2.3317324713307164,0.09351925681652881,2726632,not cropped (X)
3.0,0.09415045981373231,7.230247449533316,0.08091572612655024,3.5992647058823524,0.09183734003727353,2724457,not cropped (X)
2.0,0.2575079683293279,7.0,0.12530520692649563,3.0,0.27694859333538596,2700141,not cropped (X)
2.0,0.26305639518598767,7.0,0.34623036565938187,3.0,0.27839275147226333,2726519,not cropped (X)
2.0,0.21736698347040265,7.583361626678739,0.34888746931117975,3.0,0.23659765450021095,2722810,not cropped (X)
3.0,0.3228839329066991,6.810697015012326,0.6372501681996909,4.0,0.3569956705072857,2722490,not cropped (X)
3.0,0.21069118341911222,7.0,0.32000324095616356,4.0,0.22172233149337153,2710971,not cropped (X)
2.0,0.8174665426130143,6.564333071804605,0.6558423028483845,3.0,0.7972787210882155,2713422,not cropped (X)
2.0,0.23915551405556204,6.80519935426883,0.16363372275300928,2.2601707735575123,0.23662827411651965,2712419,not cropped (X)
2.0,0.7417992130340171,8.271653122326777,0.7668170168640533,3.0,0.7555310065838947,2725540,not cropped (X)
8.0,0.4815162959943401,30.9032961088543,0.577819253976764,12.0,0.51254802333331,4405376,not cropped (X)
3.0,0.7695487976462052,7.0,0.7958115226638837,3.024477510442062,0.7697641751143641,2710488,not cropped (X)
2.0478932911968473,0.7839003518832404,7.0,0.7898597025747542,2.0478932911968473,0.7839003518832404,2710421,not cropped (X)
2.993339099374346,0.05936901297216732,6.0,0.07038270706282601,3.993339099374347,0.05268197790612498,2702917,not cropped (X)
4.0,0.23287213698743545,14.898604736552238,0.25934184243974734,6.0,0.23463905359602477,4405450,not cropped (X)
4.0,0.3054104698445098,15.883363558270496,0.2348914319559874,6.0,0.31530307038008,4401525,not cropped (X)
2.0,0.5540891411799965,7.294941614740816,0.5454804216423661,3.0,0.5748366924723634,2723837,not cropped (X)
4.0,0.20153509362415561,18.0,0.2794807577199712,6.0,0.1938190815558632,2727189,not cropped (X)
8.0,0.8370320308521304,28.0,0.7912484347700762,12.0,0.8294815351243037,4404635,not cropped (X)
2.0,0.8560139374261957,6.950860080638061,0.8428146602764938,3.0,0.8565947234969202,2723828,not cropped (X)
2.0,0.6274045252767617,6.258569677501163,0.6247644995726285,3.0,0.6517668672951829,2722792,not cropped (X)
2.0,0.21375071227703996,6.84313095659601,0.16485889189827765,3.0,0.22286733580684792,2714645,not cropped (X)
4.0,0.18372109037200451,14.0,0.1484412605189521,6.0,0.17991518205315518,2725679,not cropped (X)
2.0,0.7928379749119852,6.375369906669699,0.8160035350853304,3.0,0.823872343178914,2726591,not cropped (X)
5.586038678204309,0.49313726435088245,19.551135373715077,0.6649455699172471,8.379058017306463,0.5098400501922363,4403477,not cropped (X)
2.0,0.228882883692728,8.020750607479409,0.12918073947095646,2.2397728619688255,0.2259930276725849,2725353,not cropped (X)
3.0,0.19873122608087673,7.0,0.3032141061808183,4.0,0.20613117105220677,2714384,not cropped (X)
4.0,0.16704572126244277,14.0,0.11408386222582056,6.0,0.173055577810061,2725564,not cropped (X)
2.0,0.23590638555973764,6.0,0.20406567752044583,3.0,0.25211087578136104,2726650,not cropped (X)
2.0,0.17429309845237337,8.27844339475084,0.18528306313847515,3.0,0.19285672525812197,2726051,not cropped (X)
3.0,0.1317534326221049,7.392336732173728,0.09844861496088088,4.0,0.12702811674270398,2726165,not cropped (X)
2.0,0.18114518210277886,8.0,0.11032471842478593,3.0,0.1768686942501368,2723719,not cropped (X)
4.0,0.23639510807827657,14.0,0.17307801022664482,6.0,0.24835609013354434,2700211,not cropped (X)
3.0,0.2086805385742056,7.0,0.2811721129273364,4.0,0.21107881010387317,2711097,not cropped (X)
2.0,0.46011819915583013,6.0,0.3457589654355217,3.0,0.397129640213085,2724744,not cropped (X)
4.0,0.29989713641187193,16.0,0.31337889528727086,6.0,0.30372317680280053,4400111,not cropped (X)
4.0,0.27589046969146314,14.0,0.43471230958416607,6.0,0.2398351069663975,2701664,not cropped (X)
3.0,0.36660187152510637,7.0,0.2572347418288286,4.0,0.37844496101226,2716348,not cropped (X)
2.0,0.17480262318025483,8.0,0.14795449393644144,3.0,0.1721424032240059,4401964,not cropped (X)
4.0,0.323852455387964,14.908564944004164,0.2195408217481135,6.0,0.3407142756659056,4404484,not cropped (X)
4.0,0.39788801987591366,12.840383684337933,0.6494025454065814,6.0,0.4241992598679826,4405132,not cropped (X)
8.0,0.5271593806002111,28.0,0.4333390687049417,12.0,0.5069209088824268,4404586,not cropped (X)
2.0,0.215621176543942,7.910524285012737,0.17278378123703977,3.0,0.2236244233350256,2700860,not cropped (X)
2.0,0.23637877344869265,6.999976632784211,0.23374867112520414,3.0,0.24733004381388116,2709771,not cropped (X)
2.0,0.3956328921135254,8.0,0.4818591979959905,2.071734437484517,0.3934437018452747,4402642,not cropped (X)
3.0,0.3919773938332239,7.0,0.22178888604989222,4.0,0.4277789717156655,2710802,not cropped (X)
2.0,0.13035441433430212,7.0,0.09073956181410758,3.0,0.12314426268655009,2714351,not cropped (X)
2.0,0.08886895654183527,7.0,0.04508124619568524,3.0,0.07464816197630267,2726551,not cropped (X)
8.0,0.7640828056775429,31.457912573169477,0.6515292294864904,12.0,0.7478344298441882,4400588,not cropped (X)
2.789872954940134,0.7077371633271102,9.764555342290464,0.7081083531355801,4.184809432410197,0.7292911685592124,4405178,not cropped (X)
4.0,0.20105856307301803,14.0,0.1751887905452926,6.0,0.19582366034801535,2714014,not cropped (X)
4.530488836469627,0.13978694272954553,14.0,0.10134983078881427,6.530488836469627,0.14517464846236042,4403135,not cropped (X)
2.0,0.7363260796117164,6.115652474418222,0.5587941497898428,3.0,0.7239990111878374,2710628,not cropped (X)
2.0,0.19812247584065928,7.0,0.1751826666173477,3.0,0.20848133637548902,2723736,not cropped (X)
2.0,0.508827685148705,8.0,0.2603094096482167,3.0,0.5327756351383068,2715244,not cropped (X)
4.0,0.2786161761282948,15.539140066056662,0.217430670791941,6.0,0.28740323083380365,4401874,not cropped (X)
6.628594284698456,0.729053202601126,23.20007999644459,0.6926670717194253,9.94289142704768,0.7382218082789354,4401559,not cropped (X)
2.0,0.49995875671284207,7.0,0.5795716226551832,3.0,0.4958294436264761,2715065,not cropped (X)
2.0,0.08128934071033304,7.0,0.04464838682263059,3.0,0.06711994528116177,2717376,not cropped (X)
2.0,0.5705302654118227,6.8766260136398225,0.4683889650397313,3.0,0.5861564843103644,2712746,not cropped (X)
2.0,0.12642960923460908,8.0,0.11393162695169468,2.6468820810437648,0.12464482519595538,4401635,not cropped (X)
2.0,0.32654161253411335,6.903712058495062,0.47986455333116246,3.0,0.35640777365643156,2722794,not cropped (X)
2.0,0.7042866886849718,6.283684120893982,0.6807763500020424,3.0,0.7243692591219884,2715249,not cropped (X)
2.0,0.18489146889401653,8.0,0.11540949756256579,2.908636260723002,0.1832326076249861,2722557,not cropped (X)
4.0,0.22349414617081417,14.0,0.26336889988529416,6.0,0.23065133383165073,2726481,not cropped (X)
6.0,0.38582332143880177,14.0,0.3566016620748215,8.0,0.4387120080532232,4401749,not cropped (X)
4.0,0.32583572444721187,14.0,0.12374999016602811,6.0,0.33862576600667427,2710212,not cropped (X)
2.0,0.4594879140058931,7.0,0.6482695136566564,3.0,0.4846949973069738,2722326,not cropped (X)
2.0,0.0821386312271381,7.0,0.04335559548730886,2.3912974051896208,0.07908336587420324,2726567,not cropped (X)
2.0,0.19185467739759687,6.799922240154853,0.1463838043509665,3.0,0.19509777523705532,2712890,not cropped (X)
2.0,0.2796818559517179,8.0,0.24288238551761035,3.0,0.2944557197461512,4401578,not cropped (X)
4.0,0.16833427529981213,14.0,0.12100061714592811,6.0,0.16616674807553264,2714843,not cropped (X)
2.0,0.19358853484918756,7.0,0.13934881725529855,2.0,0.19358853484918756,2716392,not cropped (X)
3.0,0.4239502567744606,7.0,0.3352577774682789,4.0,0.3906675364908762,2714526,not cropped (X)
4.0,0.19414956137861072,18.0,0.16586546425284307,6.0,0.1869404288783397,2727188,not cropped (X)
4.0,0.2941645073346922,14.0,0.16330006907192327,6.0,0.3098206177863924,2700234,not cropped (X)
3.0,0.40479276803303527,7.0,0.25705889050626185,4.0,0.4188858015874358,2718201,not cropped (X)
2.0,0.5114087192232536,6.8842088916901965,0.20636386964191633,2.9994975930138117,0.5278626042596878,2724747,not cropped (X)
2.0,0.654824188424887,7.0,0.6954690934822888,3.0,0.6696805572891158,2712322,not cropped (X)
4.0,0.1687319724392892,14.0,0.10427836596002368,6.0,0.16718368103816478,2712847,not cropped (X)
2.0,0.2023011092726045,7.0,0.12701273899134155,2.0,0.2023011092726045,2726574,not cropped (X)
3.0,0.11780990982252897,8.0,0.08995974041571264,4.0,0.11340195135884625,2713026,not cropped (X)
2.0,0.8023109477438414,7.0,0.8273612450420694,2.0,0.8023109477438414,2701653,not cropped (X)
4.0,0.17462350223121526,15.99943704259711,0.14400118609011928,6.0,0.16903515721541962,4405421,not cropped (X)
2.0,0.11176520667051822,7.0,0.06200391730346163,3.0,0.10263490162814996,2717386,not cropped (X)
3.0,0.7817966922784153,7.0,0.8038885136274446,3.0788309834857186,0.7826888014589317,2714670,not cropped (X)
2.816025641025641,0.3271625441995229,7.0,0.3430844576774625,2.816025641025641,0.3271625441995229,2722423,not cropped (X)
4.0,0.230960035100682,18.0,0.14772314990179514,6.0,0.21565771024189773,2700318,not cropped (X)
2.0,0.24382428956192798,7.026337222324029,0.15918087775770862,2.3258454991550104,0.2447357516652887,2711526,not cropped (X)
4.0,0.8118667393123646,14.0,0.7538963977861058,6.0,0.8027968190637169,4402317,not cropped (X)
4.0,0.20035472678372393,18.0,0.18300076921142952,6.0,0.21244318806557105,2723626,not cropped (X)
4.0,0.2918952811888943,14.46652613657092,0.2065497524446624,6.0,0.30436802870034313,4404505,not cropped (X)
4.0,0.3395400330426326,14.0,0.15810159834236734,6.0,0.354085978614614,2713321,not cropped (X)
2.408191748816428,0.3816087722080799,7.0,0.3183154527780422,3.3731764802328197,0.36926509670014884,2723843,not cropped (X)
2.0,0.17595123611426872,6.995830898110262,0.23386646202380204,2.0,0.17595123611426872,2726279,not cropped (X)
3.0,0.1904970932425609,7.103256805000921,0.11441949095290986,4.0,0.1879829712814929,2714745,not cropped (X)
2.0,0.18606609004958088,7.0,0.16703591130455075,3.0,0.1955393832445797,2713385,not cropped (X)
4.0,0.771586664624092,14.0,0.8512398713898044,6.0,0.7866080567746286,4402004,not cropped (X)
4.3223555031951735,0.2192510433759969,14.11647210024634,0.18594628612644756,6.322355503195176,0.21147129139563223,4401182,not cropped (X)
2.0,0.2643429378677284,6.168732644356017,0.20890934099050396,3.0,0.2544438975415855,2726282,not cropped (X)
6.0,0.5342947987146922,14.0,0.5932175069788275,8.0,0.5571686124284142,4400073,not cropped (X)
3.0,0.3180037915910912,7.0,0.2123487355052348,4.0,0.354828961068419,2714172,not cropped (X)
4.0,0.4419167219388398,14.0,0.2665423500031415,6.0,0.4658292737120904,2724837,not cropped (X)
3.0,0.2567020651564289,7.0,0.19966756769856508,4.0,0.23218411583887827,2714202,not cropped (X)
4.0,0.29910573581596417,18.0,0.23055837778740532,6.0,0.2821338328264008,2723696,not cropped (X)
2.0,0.34189798291316936,6.999860045904941,0.30971085679869753,3.0,0.3559894791884492,2715578,not cropped (X)
4.0,0.3277802348918554,15.994558084445725,0.26012215582251386,6.0,0.3407611358179669,4403984,not cropped (X)
4.0,0.16248548711022515,14.0,0.11765014206434617,6.0,0.16506781258395747,2701584,not cropped (X)
2.0,0.2422635477124442,7.0,0.2180231204831361,2.0,0.2422635477124442,2709053,lettuce (T30)
2.0,0.24458525065715364,7.0,0.6117331645387014,2.0,0.24458525065715364,2712163,lettuce (T30)
2.0,0.28852015222782684,7.4998130042207585,0.4597038912063461,2.006344499652722,0.28856648098289883,2717281,lettuce (T30)
2.0,0.3262190042210747,9.0,0.23621396197278977,3.0,0.33976204327425175,4402712,lettuce (T30)
2.0,0.7353165174471455,7.0,0.19698617211076788,2.0,0.7353165174471455,2710511,lettuce (T30)
2.0,0.244602991693443,7.0,0.5703292395019929,2.0,0.244602991693443,2722614,lettuce (T30)
2.0,0.17512578790420816,8.042715409115246,0.16629672850654864,3.0,0.18182676237280943,2717468,lettuce (T30)
3.0,0.21270005527117147,7.041899852724594,0.21189313485913203,4.0,0.22571301085682155,2711497,lettuce (T30)
2.0,0.22993471933922743,6.116817032199615,0.6387418808078386,2.9480125325582267,0.23770252952611548,2718973,lettuce (T30)
3.0,0.19755733975855433,7.0,0.8161117936805908,4.0,0.20640648285363214,2715301,lettuce (T30)
4.0,0.18910119930340166,18.0,0.4343525372556106,6.0,0.1841224389669352,2712724,lettuce (T30)
2.0,0.25159239870537375,7.0,0.3192850599731234,3.0,0.24552583835998087,2722499,lettuce (T30)
2.0,0.3441766524488445,7.0,0.8500256035565966,2.0,0.3441766524488445,2722883,lettuce (T30)
4.0,0.17895698371190216,18.0,0.1394361522265538,6.0,0.18279070922091134,2722662,lettuce (T30)
2.0,0.5028399478842124,6.68939273862004,0.7289015864448456,2.0,0.5028399478842124,2725630,lettuce (T30)
2.0,0.24019074827492548,7.0,0.25939906573760324,2.0,0.24019074827492548,2716267,lettuce (T30)
4.881739437864591,0.24939476861585982,14.143408035930587,0.16993330758580866,6.881739437864597,0.24650942832672487,4401453,lettuce (T30)
2.0,0.22473668087771115,6.327772938254911,0.1733446725740352,3.0,0.23420196999915804,2723725,lettuce (T30)
2.0,0.20034317734154236,7.0,0.14516882994453073,2.0,0.20034317734154236,2724773,lettuce (T30)
2.0,0.1656235377298711,9.0,0.25568390302564736,3.0,0.1742974946207036,2724869,lettuce (T30)
2.0,0.24328524397336881,7.850951230045383,0.46488484547550474,3.0,0.22748212075404525,2710650,lettuce (T30)
2.0,0.2610321306083898,6.484326389162367,0.38847656654384594,3.0,0.27461535566978723,2716771,lettuce (T30)
2.0,0.2364993273681607,9.0,0.11730032294610906,3.0,0.15498579252452452,2717151,lettuce (T30)
4.0,0.19276465467790493,14.0,0.13373677329129197,6.0,0.18634773552140854,2724076,lettuce (T30)
2.0,0.21417274211850504,7.0,0.1852274036235068,2.0,0.21417274211850504,2710893,lettuce (T30)
2.0,0.19914650610353365,9.0,0.15491578102517112,3.0,0.19786367813392927,2723628,lettuce (T30)
2.0,0.2783093806407562,6.0,0.6510242076573967,3.0,0.2880252506343275,2701151,lettuce (T30)
2.0,0.2650186254780531,7.0,0.227066617932047,2.0,0.2650186254780531,2711791,lettuce (T30)
2.0,0.21860285149219,6.487357021273097,0.21722412403713942,3.0,0.21774346882941173,2711070,lettuce (T30)
2.0,0.2080868777610107,6.891601909626311,0.2672430118599621,3.0,0.21234921313461308,2724921,lettuce (T30)
2.0,0.2654605387129202,6.0,0.31674064778692734,3.0,0.2526427538003094,2725694,lettuce (T30)
3.0,0.5286447698360005,7.416905624045043,0.19917931777918904,3.1189693785712835,0.514333554326928,2717074,lettuce (T30)
2.0,0.24101088920734978,6.118568846796147,0.2225813827575535,2.9762542035550057,0.2452286360691549,2701056,lettuce (T30)
2.0,0.17912013195705948,9.0,0.1840673580315972,3.0,0.18457115998294277,2725656,lettuce (T30)
2.0,0.2401552499253008,6.036397117330119,0.20182973245955832,3.0,0.23196330974850113,2726053,lettuce (T30)
3.0,0.3573412046651073,7.0,0.21159501701607697,4.0,0.3994490496137265,2709953,lettuce (T30)
2.0,0.1434506312547795,7.0,0.11391578945659431,3.0,0.1486422079945676,2715549,lettuce (T30)
3.0,0.11933038564250523,7.98180400125934,0.10267484240372939,4.0,0.11784457480200915,2717062,lettuce (T30)
2.0,0.19967259021440256,6.244904732534762,0.3993201569901387,2.0,0.19967259021440256,2716493,lettuce (T30)
2.0,0.36856580255989935,7.0,0.8737092345763413,2.0,0.36856580255989935,2700505,lettuce (T30)
2.0,0.21084048038197095,7.0,0.4030799078411225,2.0,0.21084048038197095,2722616,lettuce (T30)
4.0,0.24166889845721193,18.0,0.33828462293010586,6.0,0.25191324887836336,2726521,lettuce (T30)
4.0,0.18230074888539594,18.0,0.4102360711919241,6.0,0.197669689894466,2715270,lettuce (T30)
2.0,0.19916841360973078,9.0,0.1719264980846246,3.0,0.20683026000148208,2717104,lettuce (T30)
2.0,0.22633597599665614,7.0,0.19661256447742173,3.0,0.22069556861022313,2722274,lettuce (T30)
3.0,0.19370504371679767,6.968883757603065,0.18621460111484317,3.522837350754674,0.18627414716042737,2712460,lettuce (T30)
2.0,0.3609011471436309,9.0,0.740903104219608,3.0,0.3871233722183132,2714434,lettuce (T30)
3.0,0.16826057328006017,7.0,0.17426655239766145,4.0,0.16962189141360415,2721882,lettuce (T30)
2.0,0.23999568733292131,6.997277307009118,0.4503762004914629,3.0,0.23985115841852486,2722455,lettuce (T30)
2.0,0.21425671556969536,9.0,0.20043670002665243,3.0,0.21714346955759156,2723601,lettuce (T30)
2.0,0.24305553555818607,6.0,0.21752648706164818,3.0,0.23710603375388845,2725557,lettuce (T30)
2.838696819111903,0.25631925676803313,7.0,0.36916323265510737,3.8386968191118984,0.2532974852252538,2710700,lettuce (T30)
2.0,0.22741840425121176,6.703932824449802,0.1782880684588808,2.571193147976952,0.23080743145358515,2713360,lettuce (T30)
2.0,0.2039402130105616,7.0,0.7010631198197282,3.0,0.21180593923982438,2724893,lettuce (T30)
3.0,0.17475683210855375,6.383872563662163,0.10428694660527985,3.836032596520051,0.16087921168194746,2724462,lettuce (T30)
2.0,0.2679584496551272,6.000392607756806,0.20070455172173474,3.0,0.26835142366128234,2712273,lettuce (T30)
3.0,0.2165178438583671,7.0,0.5896572811877535,3.43620268288709,0.2131619426517501,2721825,lettuce (T30)
2.0,0.2742472827728307,7.0,0.22726029625464483,2.0,0.2742472827728307,2726297,lettuce (T30)
2.0,0.2136672860109238,6.682058011333656,0.48994871764483533,2.0,0.2136672860109238,2725668,lettuce (T30)
2.6269895365116787,0.23859529890033748,7.0,0.39575891920479733,3.6269895365116804,0.20498850609324332,2712392,lettuce (T30)
2.0,0.22242644232323236,7.0,0.20173981395791063,2.0,0.22242644232323236,2716578,lettuce (T30)
2.0,0.19332419176614762,7.999880315667427,0.33087410379694243,3.0,0.20521809010939798,2700499,lettuce (T30)
4.0,0.2633154216211067,16.0,0.23137773948558654,6.0,0.2735777874478212,4400155,lettuce (T30)
2.0,0.21040139218876558,9.0,0.18288775443715596,3.0,0.2214514476163637,2717102,lettuce (T30)
2.0,0.3436984478520604,6.4804171223246385,0.22971906990524035,3.0,0.2905693862755991,2722483,lettuce (T30)
4.0,0.16290910687945664,14.0,0.14688024316042578,6.0,0.157377522793745,2722573,lettuce (T30)
2.0,0.22834383207784897,6.745915683633827,0.6525265725961206,2.0,0.22834383207784897,2709086,lettuce (T30)
2.0,0.1680030619248662,9.0,0.16988046232798798,3.0,0.1897708653862541,2724826,lettuce (T30)
2.0,0.20913241186434117,7.0,0.5825626105424264,3.0,0.21791308738464166,2722656,lettuce (T30)
2.0,0.23025860823835437,7.0,0.17164991526744566,2.0,0.23025860823835437,2713271,lettuce (T30)
2.0,0.18018517101704587,6.764689948600045,0.2740672079618873,3.0,0.1992289169562943,2712553,lettuce (T30)
2.0,0.20554247590257074,6.72912787088765,0.1765825896533142,3.0,0.2153723402296249,2700391,lettuce (T30)
2.0,0.2667911724676611,7.0,0.22814810762860496,2.0,0.2667911724676611,2710861,lettuce (T30)
2.0,0.24379217018055455,7.0,0.8354233209327975,2.0,0.24379217018055455,2724841,lettuce (T30)
2.0,0.20047715962460683,6.183426403961648,0.22278143729943525,3.0,0.18545690238877718,2726292,lettuce (T30)
2.0,0.2165243494308614,7.0,0.30409777184252423,2.0,0.2165243494308614,2716412,lettuce (T30)
3.0,0.1640108918082993,7.198642896966238,0.19353413577643588,4.0,0.1666082663079078,2710452,lettuce (T30)
4.0,0.20126845243088134,14.0,0.16843827333013825,6.0,0.19504955273299635,2711746,lettuce (T30)
4.0,0.39310178883282354,14.0,0.16045699403042749,6.0,0.2275933031663548,2711873,lettuce (T30)
2.0,0.20616704666799723,7.309304195981538,0.7118490314314216,3.0,0.2201563723315532,2725661,lettuce (T30)
2.0,0.2330711848254512,6.291957787677836,0.7608987996454188,3.0,0.2467850697139743,2702867,lettuce (T30)
2.0,0.22852760870616262,6.0,0.19474795815575888,2.0,0.22852760870616262,2715222,lettuce (T30)
2.0,0.17135655746148884,7.471055520249585,0.18810914475622534,3.0,0.17935180922265231,2712223,lettuce (T30)
4.0,0.15805025239768614,14.0,0.12410159995423498,6.0,0.16312987465401566,2710218,lettuce (T30)
2.0,0.19088876461679166,6.0,0.2147723368389316,3.0,0.20088745584319517,2709534,lettuce (T30)
3.0,0.26709637095975064,7.0,0.7996484326971949,4.0,0.2982520898260354,2714751,lettuce (T30)
2.0,0.27242933232048294,6.443173454891915,0.1807500390361241,3.0,0.2413956239380939,2710579,lettuce (T30)
2.0,0.2021340947021679,6.0,0.19780555818959614,3.0,0.20851993282254302,2725421,lettuce (T30)
2.0,0.2429517576383061,6.254953493323154,0.21540264671827547,3.0,0.24277134229543829,2725426,lettuce (T30)
2.0,0.22421515311777307,6.697063085977936,0.505451351064131,3.0,0.23327828861297256,2723638,lettuce (T30)
3.513171078573968,0.2516292876225109,13.984081579882998,0.34669702584962153,5.269756617860953,0.26916665125372996,4405139,lettuce (T30)
2.0,0.21489258567344305,7.0,0.18922185475599423,2.3904637185854747,0.21368614236461417,2711487,lettuce (T30)
4.0,0.1805138636283305,14.0,0.12458162633272597,6.0,0.17324374949298546,2710438,lettuce (T30)
3.0,0.22812215198554125,7.244201171320474,0.1824877506079403,3.0,0.22812215198554125,2700407,lettuce (T30)
2.0,0.21000408203245677,7.624650737234763,0.157817530701709,3.0,0.2155984416903468,2713187,lettuce (T30)
2.0,0.25928213391006555,6.974106926438124,0.8516455910242771,2.0,0.25928213391006555,2722589,lettuce (T30)
2.0,0.21237979564279277,8.0,0.23449191789867982,2.997801392451447,0.2153124439079667,4404738,lettuce (T30)
3.0,0.21864685349978685,6.644593764676134,0.18540273577241523,3.0,0.21864685349978685,2715607,lettuce (T30)
2.0,0.2601261296711092,6.00317767431861,0.23308614709166,3.0,0.2792682827735122,2713045,lettuce (T30)
2.0,0.3821537938815404,6.532792127119647,0.8457550127295562,3.0,0.41820160874980006,2723685,lettuce (T30)
4.0,0.1717076160468139,14.0,0.1642041141708409,6.0,0.17822682197311648,2722533,lettuce (T30)
4.0,0.1389079368968731,14.0,0.1262389097219151,6.0,0.13416178253575495,4404221,lettuce (T30)
3.0,0.24131495316039261,7.0,0.4064046826855935,3.0,0.24131495316039261,2726271,lettuce (T30)
2.0,0.21166966558285685,7.0,0.7322089765852287,2.0,0.21166966558285685,2714575,lettuce (T30)
2.0,0.2556615674077506,8.0,0.214605187784769,2.945641129092513,0.24949299983074702,4402779,lettuce (T30)
2.0,0.3566026513601918,6.030315857076135,0.21789206108342257,3.0,0.3112858852239482,2716645,lettuce (T30)
2.0,0.182575791081216,9.0,0.15795343281145616,3.0,0.1860074850433804,2701289,lettuce (T30)
4.0,0.3274267833192192,18.0,0.23096100284581464,6.0,0.30701114850134725,2723661,lettuce (T30)
4.0,0.21750287485200723,17.888118344362923,0.18846592007021773,6.0,0.22529208468236167,2724780,lettuce (T30)
2.0,0.25507024817102303,6.0,0.22540124202717515,3.0,0.25621227056319495,2722492,lettuce (T30)
2.0,0.19431524265479222,8.0,0.15565476414564539,3.0,0.1976695210415751,4405399,lettuce (T30)
2.0,0.25197817333095995,6.150505815595552,0.49907679565525004,3.0,0.26759270648356626,2726599,lettuce (T30)
2.0,0.25584734287838284,6.989730970037576,0.8131279776207619,3.0,0.2981873685035511,2713740,lettuce (T30)
2.0,0.20974820780845696,8.0,0.17060008485054498,3.0,0.20661077317079848,4401458,lettuce (T30)
2.018064750524786,0.2065999444164173,7.0,0.15910237322121185,2.018064750524786,0.2065999444164173,2714681,lettuce (T30)
2.0,0.4355334591176107,6.989028446977044,0.13817374880640157,3.0,0.3894155371291723,2726059,lettuce (T30)
3.0,0.30190226971276746,7.0,0.4555075537872797,3.0,0.30190226971276746,2722714,lettuce (T30)
2.0,0.2130027980588356,7.0,0.6509865628382085,2.0,0.2130027980588356,2711901,lettuce (T30)
3.0,0.4730556001192519,7.0,0.23073192500406772,3.0,0.4730556001192519,2717331,lettuce (T30)
2.0,0.19591246320199157,9.0,0.18690842496288101,3.0,0.19563756805044472,2717420,lettuce (T30)
2.0,0.22010803512607555,8.0,0.23015010259089863,3.0,0.21573852135110655,4404295,lettuce (T30)
2.0,0.1321485004490688,7.357382805981411,0.15067144850610617,2.320873268662889,0.13351764167050187,2710664,lettuce (T30)
4.0,0.5247115314014735,18.0,0.8685820398717666,6.0,0.559758457960392,2713808,lettuce (T30)
2.0,0.17839311352173276,7.10161390195992,0.17264987767226314,2.0,0.17839311352173276,2717236,lettuce (T30)
2.0,0.221729768184886,8.0,0.2434662270905861,3.0,0.22410016503049265,4405315,lettuce (T30)
3.0,0.19906156423788648,8.089056189052284,0.6239526515355112,3.0,0.19906156423788648,2723776,lettuce (T30)
2.0,0.1872307655000658,7.2415493778908315,0.16330054649041603,3.0,0.19754825456698524,2710571,lettuce (T30)
2.0,0.26705362501655655,7.0,0.2001059033949844,2.0,0.26705362501655655,2714218,lettuce (T30)
4.0,0.18265755226123767,17.88769042654364,0.16623028896293027,6.0,0.18880363375348294,2715315,lettuce (T30)
6.0,0.4214632914583543,14.0,0.5218949867769015,8.0,0.46151328346431275,4405201,lettuce (T30)
2.0,0.19372817435662143,7.168465837171604,0.16022899264485793,3.0,0.20107409229715129,2725701,lettuce (T30)
2.0,0.21665550947348447,7.0,0.22174074548871966,2.0,0.21665550947348447,2715588,lettuce (T30)
2.0,0.21590189745951974,7.0,0.18383944806659286,3.0,0.2348057958309268,2716352,lettuce (T30)
4.0,0.25775835568888283,18.0,0.17671551709446848,6.0,0.24751094139494173,2713158,lettuce (T30)
4.0,0.2623186568281456,14.0,0.1905068822937717,6.0,0.27834892470845407,4401925,lettuce (T30)
2.0,0.24011831922186033,6.0479912175143085,0.36220651292251266,2.9171195135854107,0.25851003742958945,2711414,lettuce (T30)
3.0,0.20403446794061805,7.038050843140251,0.26154699634728923,4.0,0.2068041474910797,2724453,lettuce (T30)
2.419155564329358,0.1485287107246759,8.467044475152752,0.14048158386273382,3.6287333464940383,0.1373592963475183,4404265,lettuce (T30)
2.1547277936962748,0.34128953567100895,7.0,0.20880469553190786,2.9667701874660937,0.4277662915433298,2713483,lettuce (T30)
2.0,0.40164871984943673,9.0,0.4286381948100906,3.0,0.42509495199732655,4405554,lettuce (T30)
3.0,0.33812796927111494,7.003434708142389,0.8655656101278411,4.0,0.3870617793694043,2723026,lettuce (T30)
2.0,0.23302180342294354,6.87925523108468,0.6488927270977471,2.0,0.23302180342294354,2713587,lettuce (T30)
2.0,0.15361017537162758,7.0,0.10061529611792101,2.0,0.15361017537162758,2712696,lettuce (T30)
3.0,0.1918460311384687,7.0,0.1877500619100173,4.0,0.1795427349713859,2711774,lettuce (T30)
2.0,0.21838631979067524,6.3458898122355745,0.1454211833014377,2.0,0.21838631979067524,2710659,lettuce (T30)
2.0209837259616124,0.14263735392274804,7.0,0.10243149849648166,3.0209837259616137,0.13687433433129642,2717349,lettuce (T30)
2.0,0.2411319753512886,6.0,0.1738421893381214,3.0,0.27774932885939563,2714697,lettuce (T30)
4.312646908467839,0.22685730508466415,14.0,0.19911791835198142,6.3126469084678405,0.23803290000483968,4405422,lettuce (T30)
2.0,0.1969213064290401,6.925004107113524,0.14660176268741446,3.0,0.1968310503182202,2715375,lettuce (T30)
3.0,0.14284137252939175,7.0,0.10401598522372257,3.910812870606168,0.14709626100456735,2713638,lettuce (T30)
2.0,0.15876425188654156,8.0,0.08778772726131055,3.0,0.17322565921235697,2700401,lettuce (T30)
2.0,0.1529974999375716,9.0,0.15291076544126841,3.0,0.1462775885476046,2723980,lettuce (T30)
2.0,0.20301023708822608,7.314286570608641,0.6384370375235011,2.0,0.20301023708822608,2715311,lettuce (T30)
2.0,0.1845239894339422,8.993216672971029,0.17756248171898545,2.0,0.1845239894339422,2700710,lettuce (T30)
2.147187457106849,0.24914540987345077,6.506812992101421,0.6819017688930277,3.147187457106849,0.2575659574401003,2723815,lettuce (T30)
2.0,0.16205037867806982,9.0,0.14470896170360942,3.0,0.1533599824363606,2715332,lettuce (T30)
3.0,0.13817011378170582,7.0,0.1056481399017967,4.0,0.14207184162733263,2723023,lettuce (T30)
2.0,0.21661952579135418,6.6107666850524,0.24284402998022164,3.0,0.23478779019651252,2726637,lettuce (T30)
2.0,0.7553781045056884,7.0,0.5052904675290955,2.7184052753468424,0.7734678750761422,2715657,lettuce (T30)
2.0,0.2726931700424768,9.0,0.28101397850133275,3.0,0.2812545901382735,2711958,lettuce (T30)
3.0,0.23525426466222366,7.943098458448997,0.18182662681795103,4.0,0.22778667891031185,2708872,lettuce (T30)
2.0,0.2350052138194474,7.0,0.18602344979283686,2.0,0.2350052138194474,2700018,lettuce (T30)
3.0,0.23525739181125813,7.0,0.23805650794846805,3.3351542001806536,0.2266632141354335,2722347,lettuce (T30)
2.0,0.1958390748195118,9.0,0.2027195462212027,3.0,0.1900553110256172,2701441,lettuce (T30)
2.0,0.2184258876402548,7.0,0.6772017823974956,2.0,0.2184258876402548,2710914,lettuce (T30)
2.0,0.39541302142396584,6.56607453204022,0.16176606758468012,3.0,0.29877491541590906,2725430,lettuce (T30)
4.0,0.18591526749573437,18.0,0.1775065900160079,6.0,0.1929382714800662,2723615,lettuce (T30)
2.0,0.2139348680075727,9.0,0.3933830557374411,3.0,0.21294657319371907,2722719,lettuce (T30)
2.0,0.18625058568048578,7.0,0.17028549507892482,3.0,0.20244733100382326,2725650,lettuce (T30)
4.0,0.2413807414310588,14.0,0.20639804689343555,6.0,0.24384326281096785,2722526,lettuce (T30)
2.7610632451657167,0.2820571256150345,7.0,0.23590553132990147,3.761063245165716,0.27470628823057314,2723877,lettuce (T30)
2.0,0.4297797461881114,7.0,0.8559303614665362,2.0,0.4297797461881114,2723779,lettuce (T30)
2.0,0.17768038669829295,9.0,0.18001133833359476,3.0,0.18300995191168173,2713923,lettuce (T30)
2.0,0.21580525828386057,7.0,0.6487830964196579,3.0,0.22023751590301352,2725428,lettuce (T30)
2.0,0.17025290611433225,7.0,0.2166514897605571,2.0,0.17025290611433225,2714718,lettuce (T30)
2.0,0.20381113133091822,9.0,0.1946055573172886,3.0,0.21863755607251514,2700654,lettuce (T30)
2.0,0.22186279588875776,6.803947733542268,0.21327337856577583,2.6305151559668962,0.22227661278413008,2711870,lettuce (T30)
3.0,0.1513424706657795,8.0,0.12150728980495402,4.0,0.15116549123604617,2716614,lettuce (T30)
3.00358346127227,0.5889640644208767,7.0,0.5405635261053724,4.003583461272269,0.5947788443656347,2700751,lettuce (T30)
2.0,0.3139026040644665,7.0,0.8584606539530567,2.0,0.3139026040644665,2722372,lettuce (T30)
2.0,0.22011453899069083,7.0,0.25506797797872915,2.0,0.22011453899069083,2716587,lettuce (T30)
2.0,0.21249460243254634,7.0,0.7268946436265561,2.0,0.21249460243254634,2716446,lettuce (T30)
2.0,0.24134884953751085,6.0,0.661615144572864,3.0,0.2657008201064405,2717355,lettuce (T30)
3.0,0.2380563256755972,7.0,0.24619084997287483,3.707340862422999,0.21625581071657907,2722393,lettuce (T30)
2.0,0.26172559238635296,9.0,0.4710155451272832,3.0,0.2727162434782011,2714609,lettuce (T30)
2.0,0.19378538608440127,7.0,0.16044922694983613,2.0,0.19378538608440127,2718478,lettuce (T30)
4.0,0.7621158107242098,17.874114614571724,0.7154067664718432,6.0,0.7816511513532585,2711394,lettuce (T30)
3.998662677424684,0.18308575850297162,14.0,0.16671831234381307,5.998662677424685,0.19017001844523973,4405099,lettuce (T30)
2.0,0.17658318516765223,7.8285749688957225,-0.15576362242510058,3.0,0.17283698945800902,2700828,lettuce (T30)
3.0,0.1388303355955182,7.629677257385142,0.07973162322688204,4.0,0.1482885286298426,2700252,lettuce (T30)
2.999979555119397,0.22708826852878747,7.093274656526004,0.255992493209026,2.999979555119397,0.22708826852878747,2709047,lettuce (T30)
2.0,0.2264679753607843,7.0,0.6108472111422294,2.0,0.2264679753607843,2709167,lettuce (T30)
2.0,0.150973395733886,6.00413555907048,0.11824476225202755,2.0,0.150973395733886,2712958,lettuce (T30)
4.0,0.26243249339835345,14.0,0.2567167464127308,6.0,0.2688216350894074,2710649,lettuce (T30)
4.0,0.16831961311932786,18.0,0.20423689569849907,6.0,0.17178636890560617,2711027,lettuce (T30)
2.0,0.1733747869076241,6.006072435480375,0.17797447486019127,3.0,0.17874164654927283,2717202,lettuce (T30)
2.0,0.3036180640188547,7.0084464106472355,0.2427798048318233,2.0,0.3036180640188547,2718568,lettuce (T30)
2.0,0.1952559762914653,9.0,0.155187941732502,2.0,0.1952559762914653,2700825,lettuce (T30)
2.0,0.23866446770304878,6.954332173493641,0.21773406588557284,3.0,0.2563773883087437,2719069,lettuce (T30)
2.921035325857855,0.19795616255960102,7.0,0.20700318968834922,3.1033302419694824,0.19567100214707933,2714821,lettuce (T30)
2.0,0.22134135117601417,6.594850266965877,0.1955674684770157,3.0,0.2309293068689139,2726541,lettuce (T30)
2.0,0.26952855569479145,6.0,0.18786238911127992,3.0,0.25727482570670396,2725606,lettuce (T30)
2.9757791054416267,0.20293962145444208,7.0,0.27112045573854876,3.8668040767089975,0.18088790033448526,2722578,lettuce (T30)
2.0500380555948463,0.217585747029152,8.81214680703456,0.18493475013688992,2.0500380555948463,0.217585747029152,2711113,lettuce (T30)
2.0,-0.1852546572576285,7.689520093640264,-0.11290045076214066,3.0,-0.2233134470589553,4400684,lettuce (T30)
2.0,0.22960118096435814,7.0,0.6673209798275319,3.0,0.2670194340407025,2711599,lettuce (T30)
2.0,0.19141740550338154,7.0,0.18592792177917092,3.0,0.19897710700104823,2722453,lettuce (T30)
2.0,0.22051958641346542,9.0,0.20883802448237232,3.0,0.2050553892453036,2726583,lettuce (T30)
2.613245419819469,0.1792915231171553,11.759604389187615,0.1729765112769065,3.919868129729202,0.18411535819149785,2710597,lettuce (T30)
2.0,0.41362514991414767,6.847685849407515,0.47053885500773385,2.0,0.41362514991414767,2724770,lettuce (T30)
2.0,0.2199332531598776,6.20541730683152,0.20506983556781647,3.0,0.21329168951656968,2714539,lettuce (T30)
3.0,0.21591471967321865,7.0,0.19448954094673132,4.0,0.2079463590922259,2700475,lettuce (T30)
2.0,0.19939163981266603,7.4185989036269735,0.21276097473156572,3.0,0.1922326880995538,2724075,lettuce (T30)
2.0,0.14664746543487397,7.031579101548197,0.0918168922655651,3.0,0.136872334466483,2711601,lettuce (T30)
2.0,0.20212880967705574,6.0,0.19239925796656843,3.0,0.20664455539968574,2722421,lettuce (T30)
2.0,0.21623925181439743,6.847944340248927,0.1838354855711538,3.0,0.2158143215929548,2722658,lettuce (T30)
2.0,0.20731404872098905,7.0,0.14058219801137253,2.1991901793174367,0.2064339244710088,2724769,lettuce (T30)
2.0,0.653160371442151,7.0,0.7718736919196232,2.0,0.653160371442151,2724844,lettuce (T30)
3.0,0.4904414747654049,9.0,0.8517233861532061,3.042717524134489,0.49169108773044345,2724556,lettuce (T30)
4.0,0.1692146697208595,14.0,0.13709189944671918,6.0,0.17667887586515876,2710968,lettuce (T30)
2.0,0.569882951080423,6.0,0.8037089791165957,3.0,0.6035227826094897,2710932,lettuce (T30)
2.0,0.15230387331910705,6.168513840365493,0.15746928504175856,3.0,0.16032991262791693,2715307,lettuce (T30)
4.0,0.3879761593641604,18.0,0.21859032587806318,6.0,0.4071882501497217,2725665,lettuce (T30)
2.7084609828389254,0.2039891573989986,9.479613439936237,0.1322196337748725,4.062691474258387,0.1909562580500256,4404263,lettuce (T30)
2.0,0.2585924537641607,7.0,0.6797656606459967,2.0,0.2585924537641607,2724887,lettuce (T30)
2.0,0.1946255010042851,5.312738066293867,0.1617736024155595,3.0,0.20647571674973117,2710524,lettuce (T30)
2.0,0.17264308598060554,7.0,0.1587085009589929,2.014727826015439,0.17265997038951802,2722467,lettuce (T30)
3.0,0.1648267616011452,7.0,0.16187516174835131,4.0,0.15826822120916828,2713153,lettuce (T30)
2.0,0.22965634441183425,7.0,0.19771999413551167,2.0,0.22965634441183425,2714178,lettuce (T30)
2.0,0.21704973932281754,6.7503664358233015,0.4000501628578658,3.0,0.2284515643032848,2726508,lettuce (T30)
3.0,0.17074866337380928,7.0,0.17497748577931854,3.0,0.17074866337380928,2722269,lettuce (T30)
2.0,0.21946882840952284,6.0363694798651855,0.19487872000872075,3.0,0.24546283240373135,2713617,lettuce (T30)
3.0,0.2558358926130316,7.0,0.5565511732840132,4.0,0.23375513065334502,2713023,lettuce (T30)
2.0,0.23549518597577196,8.0,0.2319531738494801,3.0,0.24290188676916352,2726509,lettuce (T30)
2.0,0.20522903180692648,6.0,0.21329864046583746,3.0,0.227494676447532,2716858,lettuce (T30)
2.0,0.21876892504145554,8.0,0.18057868942989727,2.96851145038168,0.21776023219248794,4402999,lettuce (T30)
2.0,0.6000544591469815,7.0,0.786385146720753,2.029650430909267,0.6009207241787644,2718646,lettuce (T30)
2.0,0.23638593639486655,6.0,0.23611626398153696,3.0,0.26463136079161925,2724824,lettuce (T30)
4.363559548638965,0.3326442092574212,14.0,0.16648633161010745,6.363559548638967,0.3033491596390688,4404602,lettuce (T30)
3.999737579857961,0.22381338767622505,17.99881910936082,0.17955085367454676,5.999606369786941,0.2143940405446783,2724032,lettuce (T30)
3.0,0.19536337210512122,7.0,0.16508086075422637,4.0,0.20653696674997807,2722949,lettuce (T30)
2.0,0.2228096383764962,7.0,0.31080662098920847,2.0,0.2228096383764962,2726602,lettuce (T30)
3.0,0.16430660702864675,8.0,0.22900067960420936,4.0,0.15636504690966677,2721916,lettuce (T30)
2.0,0.18193932910638336,6.8712629480953025,0.15463652554994053,3.0,0.19209676552340593,2713363,lettuce (T30)
2.0,0.21113573965424798,7.426708045728242,0.29836958175219397,2.0,0.21113573965424798,2717470,lettuce (T30)
2.0,0.2058343514994285,6.9091664785205555,0.17837605968031162,3.0,0.21375186886506967,2727171,lettuce (T30)
2.0,0.21901149602238837,6.9393261425553225,0.17153655657850242,2.0,0.21901149602238837,2716331,lettuce (T30)
2.873405455631513,0.4235993656719413,7.0,0.18166424924730393,3.8498838521271654,0.34567978392574156,2702879,lettuce (T30)
3.0,0.22800608689117144,7.0,0.18757894037297249,4.0,0.2212088608414516,2715679,lettuce (T30)
2.0,0.1985597240725217,8.0,0.16284440078975979,2.0,0.1985597240725217,2724009,lettuce (T30)
3.0,0.21539842027316256,7.0,0.1661222187306658,4.0,0.2233686939648879,2708874,lettuce (T30)
4.0,0.18050528715484848,18.0,0.17748942437586124,6.0,0.18666026331276822,2700227,lettuce (T30)
2.0,0.23154992030212526,7.0,0.4244086838000707,2.0,0.23154992030212526,2712931,lettuce (T30)
4.0,0.18960327847840017,14.0,0.15272323613841127,6.0,0.19489821062427307,4404601,lettuce (T30)
4.0,0.245582154789722,14.0,0.16717770618281833,6.0,0.23572719996243707,2722473,lettuce (T30)
3.0,0.1621445811587965,8.0,0.06945644249760861,4.0,0.14824345833177385,2717433,lettuce (T30)
2.0,0.21391570948617167,6.0,0.20982445584176343,3.0,0.22149862595588357,2712089,lettuce (T30)
2.0,0.3625215228086482,9.0,0.776877251716851,3.0,0.388341641919379,2723671,lettuce (T30)
2.0,0.224778728888076,6.77481950669637,0.2228344376245648,3.0,0.23663998005661618,2726530,lettuce (T30)
2.0,0.19636362701847002,9.0,0.18241815229342528,3.0,0.20456448116691983,2724808,lettuce (T30)
2.0,0.25222285872810807,7.0,0.16823734524272327,2.0,0.25222285872810807,2725420,lettuce (T30)
2.0,0.4208974540204739,8.878487831343975,0.4225921508942883,3.0,0.43649140766334865,2710027,lettuce (T30)
2.0,0.21285927903016913,7.0,0.7785462168871885,2.0,0.21285927903016913,2725682,lettuce (T30)
3.0,0.16809378693889046,7.0,0.21509809616048392,4.0,0.18249209181116122,2711677,lettuce (T30)
3.0,0.20410309277522748,7.0,0.1585398931992266,4.0,0.19364794164303678,2721919,lettuce (T30)
2.950274129179744,0.3768283868820314,7.0,0.7481186932942363,3.950274129179743,0.40085671104849024,2715287,lettuce (T30)
2.0,0.22618576788043526,7.0,0.454164218401389,2.0,0.22618576788043526,2711105,lettuce (T30)
2.0,0.48902415787389564,8.6020151475392,0.550145582234393,3.0,0.5264539420211658,2715075,lettuce (T30)
2.0,0.2566024639563497,7.961584013363273,0.7584065780447777,2.0213422147981817,0.2568083986941119,2711616,lettuce (T30)
2.0,0.17894169454602046,6.129016818708302,0.20363056791533393,3.0,0.18658374328444133,2700123,lettuce (T30)
2.0,0.24944913628741575,7.554729251879231,0.4536553561257571,3.0,0.23998969361289574,2701298,lettuce (T30)
4.0,0.1720638043316286,14.0,0.16795654270646843,6.0,0.17428625417235835,2713067,lettuce (T30)
2.0,0.11159714905939681,7.8867850304008495,0.09766815179701822,3.0,0.10226727454498054,2711683,lettuce (T30)
4.0,0.2855887018936817,14.0,0.23393102842336339,6.0,0.2738566378414322,2716549,lettuce (T30)
2.0,0.21978690695596617,6.0,0.17787638419837765,3.0,0.22854118716882676,2714816,lettuce (T30)
2.608874311012844,0.5871275321871907,6.998670261306689,0.8143196019628872,3.608874311012844,0.6105112778074412,2700088,lettuce (T30)
2.0,0.19297138422800011,7.961268228015907,0.23248059659985584,2.0,0.19297138422800011,2724732,lettuce (T30)
2.0,0.1891720053786537,7.0,0.1622795963241164,3.0,0.19466197808436303,2710479,lettuce (T30)
3.0,0.17725785835749586,7.0,0.24925771295002452,4.0,0.16881200386311082,2702931,lettuce (T30)
2.168022935550103,0.38651703218719524,7.0,0.6635229806116241,3.1300849650291287,0.4503472422464294,2710783,lettuce (T30)
2.0,0.17349773946120775,6.0,0.14482374093842393,3.0,0.17759303259227063,2711461,lettuce (T30)
2.0,0.4093660442664098,7.0139641257005465,0.6979829262244962,3.0,0.443884620503323,2724850,lettuce (T30)
3.0,0.2606538977361084,6.516116719702879,0.8421476029748352,3.0,0.2606538977361084,2710376,lettuce (T30)
2.0,0.16470760837454676,9.0,0.1520788712779952,3.0,0.17410642104135962,2711972,lettuce (T30)
2.0,0.14826361464983723,6.437288810205936,0.14890841109036623,2.0,0.14826361464983723,2723861,lettuce (T30)
3.0,0.33961514533580667,8.0,0.6595367628653298,4.0,0.3813117948505632,2700745,lettuce (T30)
2.0,0.22389038266267164,7.037889164320829,0.5827382431780912,2.3562875509432395,0.2273948322821166,2700466,lettuce (T30)
2.0,0.22508149077611914,7.239170299996224,0.5906495090117416,3.0,0.23732201188494065,2700763,lettuce (T30)
2.0,0.21829503000271855,7.0,0.2989525499604041,2.0,0.21829503000271855,2716342,lettuce (T30)
3.0,0.15186094910409853,7.0,0.18239529575962563,3.6639946267174794,0.15431309087329206,2709075,lettuce (T30)
3.0,0.23510894324912998,7.0,0.8515819329255556,3.3426747513819377,0.24364586131657673,2714226,lettuce (T30)
2.907627589027489,0.20824115041755795,7.0,0.6191564385007312,2.907627589027489,0.20824115041755795,2712942,lettuce (T30)
2.0,0.1784996485643793,6.001877182388615,0.26192424400816194,3.0,0.16322280410690398,2724778,lettuce (T30)
2.0,0.19366857563861428,9.0,0.16983222397676492,3.0,0.20095639294558412,2716450,lettuce (T30)
2.0,0.2211801531169702,7.0,0.5885692358746389,2.0,0.2211801531169702,2722436,lettuce (T30)
2.0,0.22095399316081782,6.346929981162507,0.19059685034173768,3.0,0.2157243679805714,2722772,lettuce (T30)
2.0,0.21453252637407708,8.0,0.22274328205851876,2.9996532186015896,0.2106860134884258,4400338,lettuce (T30)
2.0,0.21441477999602213,6.0,0.7128448568573074,2.9956298127468557,0.22650344564732092,2713430,lettuce (T30)
2.0,0.2748349435489551,8.983522159562403,0.4281301735624411,3.0,0.28692792440047615,4401168,lettuce (T30)
2.0,0.2387364232040925,7.0,0.5758142859440273,2.018396240227226,0.23870443114720982,2722713,lettuce (T30)
