feb_n,feb_ndvi,post_n,post_ndvi,pre_n,pre_ndvi,unit_id,COUNTY,ACRES,lon,lat,sequence,d_ndvi
4.0,0.3606458348039742,14.0,0.41321168638367994,6.0,0.3809101536565497,4400056,Santa Cruz,1.1747717001291642,-121.825596,36.882558,A,0.03230153272713027
2.9622060142751274,0.377368903647947,10.367721049962949,0.3856409746437058,4.3617925816139484,0.3978427521972493,4400039,Santa Cruz,1.9784949112048005,-121.70246,36.950744,A,-0.012201777553543514
10.999906480875339,0.24706913202925768,25.87533900682689,0.2581450007984795,10.999906480875339,0.24706913202925768,4400035,Santa Cruz,0.8260566718763551,-121.789214,37.007027,A,0.011075868769221842
4.2125543358137465,0.40532350091139185,14.0,0.4229663614849786,6.212554335813747,0.4231709306333004,4400031,Santa Cruz,2.096335212996828,-121.813282,36.886611,A,-0.00020456914832178708
4.833800500803527,0.4508511765704818,14.0,0.4851444723450664,6.833800500803528,0.49256520605089055,4400011,Santa Cruz,2.0745258346942586,-121.810757,36.884994,A,-0.007420733705824134
8.0,0.44800917061313544,28.0,0.3863778953442379,12.0,0.4423225843320015,4400006,Santa Cruz,3.733910958486627,-121.808163,36.953073,A,-0.05594468898776361
4.851146634074171,0.35646849498092836,14.0,0.3896244547086701,6.851146634074172,0.3849940199608289,4400005,Santa Cruz,2.4051222358338857,-121.810058,36.887064,A,0.0046304347478411945
4.0,0.4528417525225068,14.0,0.4646507702373302,6.0,0.4810310395004294,4400004,Santa Cruz,2.213606540389561,-121.817612,36.880117,A,-0.016380269263099212
4.710065199674002,0.3672660064074662,14.0,0.4451588232680463,6.710065199674004,0.3904003657398585,4404078,Santa Cruz,1.143365312959088,-121.803784,36.890408,A,0.05475845752818781
4.923484880886189,0.3921563930547879,14.0,0.38030611720889085,6.923484880886191,0.41232098308306425,4404045,Santa Cruz,1.8058301089394413,-121.81142,36.886309,A,-0.032014865874173404
4.638051014403766,0.2895873251906022,14.0,0.4103092756663218,6.638051014403762,0.30424509937384964,4405091,Santa Cruz,6.045885519061699,-121.818781,36.922842,A,0.10606417629247217
4.0,0.44425750672007497,14.0,0.4470824381859631,6.0,0.4607008180993184,4403743,Santa Cruz,8.604928773349535,-121.797137,36.919001,A,-0.013618379913355294
4.0,0.33015699687236444,14.0,0.46846633277155364,6.0,0.3468341439207955,4403738,Santa Cruz,1.065323431843525,-121.821895,36.883378,A,0.12163218885075816
6.0,0.3862866368283257,14.0,0.38268492193214604,8.0,0.40947459085463894,4403731,Santa Cruz,0.841192333768267,-121.826998,36.914312,A,-0.026789668922492904
6.0,0.5278622310505787,14.0,0.47167151557417336,8.0,0.5378680513048625,4403728,Santa Cruz,1.0258012467241109,-121.82917,36.916867,A,-0.06619653573068912
4.0,0.5710705718063139,14.0,0.4523154438801617,6.0,0.6016068236886252,4403726,Santa Cruz,0.8082009305459148,-121.701971,36.951819,A,-0.14929137980846346
2.0,0.09988143787046438,8.0,0.1863859766104641,3.0,0.08570545497862408,4403725,Santa Cruz,4.45275772278153,-121.684327,36.925496,A,0.10068052163184002
6.0,0.5115270980286628,15.734403065501139,0.470233901494289,8.0,0.5192371001802791,4404030,Santa Cruz,10.332055546948308,-121.852279,36.930425,A,-0.049003198685990124
6.0,0.34838042894466603,14.0,0.367139829897296,8.0,0.37087167374467883,4405096,Santa Cruz,1.6257873710425554,-121.826923,36.90692,A,-0.003731843847382843
5.210927028041394,0.4110834635708278,14.0,0.3998299844223058,7.210927028041393,0.44234670871614784,4403991,Santa Cruz,1.4359245503271898,-121.812029,36.889392,A,-0.04251672429384207
4.0,0.3398879418385756,14.0,0.3862898360268347,6.0,0.3701335870082742,4403956,Santa Cruz,2.8003072492588,-121.824164,36.880757,A,0.016156249018560498
4.0,0.0842424258758385,14.0,0.12519450844515093,6.0,0.08395243255506978,4403933,Santa Cruz,1.3861742328281037,-121.815846,36.925862,A,0.04124207589008115
4.0,0.5660749958568293,14.0,0.5457879000434851,6.0,0.5968774783004593,4403904,Santa Cruz,1.410063610428233,-121.818033,36.88056,A,-0.051089578256974244
4.0,0.3506465150851414,14.0,0.339551010785627,6.0,0.3757701465433383,4403896,Santa Cruz,1.897697305439742,-121.822784,36.878298,A,-0.036219135757711296
4.0,0.34694370557933324,14.0,0.24411557114377994,6.0,0.33928795598048817,4403892,Santa Cruz,2.4777365070234416,-121.821795,36.879693,A,-0.09517238483670823
4.0,0.4192573426562087,14.0,0.3912082057302739,6.0,0.43969104541437154,4403887,Santa Cruz,1.747129976571347,-121.820387,36.877822,A,-0.04848283968409767
4.0,0.6149146494273672,14.0,0.5482696490869204,6.0,0.6485105045120438,4403881,Santa Cruz,1.3448818716762896,-121.822857,36.883659,A,-0.1002408554251234
6.0,0.11151846453892507,14.0,0.16810153228658234,8.0,0.10770640187584814,4404594,Santa Cruz,13.292854499047692,-121.820907,36.894608,A,0.0603951304107342
6.0,0.5604751195422942,16.0,0.48007733718336826,8.0,0.5746200602173216,4404595,Santa Cruz,3.980121662745784,-121.845378,36.935135,A,-0.09454272303395334
4.0,0.41005247246916104,14.0,0.4278251634348682,6.0,0.4379029416690156,4403864,Santa Cruz,0.9462928866129624,-121.824874,36.882878,A,-0.010077778234147405
2.0,0.5709420955504508,7.002252472823426,0.5067640595738585,2.0,0.5709420955504508,4403853,Santa Cruz,1.5763704911080176,-121.647339,36.906441,A,-0.06417803597659233
4.0,0.22106526436438126,14.0,0.2951183225311025,6.0,0.22753130142328012,4403852,Santa Cruz,1.0178563214580614,-121.816386,36.925571,A,0.06758702110782236
4.0,0.4555421570586466,14.0,0.46471493421095666,6.0,0.48438024705143373,4403848,Santa Cruz,2.671325406970798,-121.819352,36.87665,A,-0.019665312840477067
6.0,0.48597749232671433,14.0,0.48885835837138475,8.0,0.5007300686574733,4403840,Santa Cruz,1.1510541969604722,-121.811889,36.888385,A,-0.011871710286088522
4.0,0.3473417554242546,14.0,0.46504802332804956,6.0,0.36459488636071785,4403838,Santa Cruz,1.285922836429835,-121.821959,36.88294,A,0.10045313696733171
4.0,0.32705277824578427,14.0,0.23912039225314996,6.0,0.2621499929808282,4403837,Santa Cruz,1.6837984120050418,-121.810588,36.882941,A,-0.023029600727678234
4.0,0.3249354181312923,14.0,0.3831539683265919,6.0,0.34087501554609617,4403812,Santa Cruz,2.311280146770014,-121.82485,36.881725,A,0.042278952780495704
4.189224374746195,0.2718319239970181,14.0,0.3285085932276389,6.189224374746199,0.2837966502882454,4404222,Santa Cruz,6.479674483069837,-121.814891,36.886017,A,0.04471194293939351
4.0,0.3616876766595525,14.0,0.4101264781153128,6.0,0.377596333860201,4403806,Santa Cruz,1.0065655145087038,-121.825185,36.884355,A,0.03253014425511175
2.0,0.30528034088165235,7.768912163770532,0.38108017040282255,2.7407283980004755,0.31208958024958483,4403769,Santa Cruz,3.241280571872397,-121.711084,36.936912,A,0.06899059015323772
6.0,0.2650487475151192,14.0,0.3132179156037496,8.0,0.27293495647481847,4403708,Santa Cruz,1.1326447355472629,-121.812975,36.888747,A,0.04028295912893115
5.993987876378815,0.14393639293085878,14.0,0.20178194459915333,7.993987876378813,0.15050594959066355,4403688,Santa Cruz,1.56087666210703,-121.828629,36.898041,A,0.05127599500848978
4.0,0.2760143354586035,14.0,0.35814944255085146,6.0,0.2885893663425054,4403677,Santa Cruz,1.818149337405408,-121.820519,36.881393,A,0.06956007620834603
6.0,0.32005500625178274,14.0,0.3423958897985861,8.0,0.34937194178102426,4403659,Santa Cruz,0.3714478710729144,-121.826939,36.910284,A,-0.0069760519824381695
4.664450883472531,0.6173691504780058,14.0,0.5476625977966313,6.6644508834725285,0.6358840578330878,4403658,Santa Cruz,1.3609875585206883,-121.809288,36.88589,A,-0.08822146003645648
4.0,0.4008857666624997,14.0,0.4079762162000028,6.0,0.4287717499366221,4403643,Santa Cruz,0.5958893423041488,-121.825661,36.883605,A,-0.0207955337366193
2.0,0.1673959168099333,7.296817915992982,0.25253725792524345,3.0,0.16647360756280244,4403635,Santa Cruz,11.232482152539427,-121.754823,36.937287,A,0.08606365036244101
6.0,0.43612851422564547,14.0,0.3672929605052632,8.0,0.44324758515327434,4403617,Santa Cruz,0.6788358407477599,-121.827799,36.914219,A,-0.07595462464801112
4.0,0.44027130574753626,14.0,0.36581617307253506,6.0,0.45208885321647785,4403599,Santa Cruz,3.8935299598729576,-121.818563,36.878156,A,-0.08627268014394279
6.0,0.365837356105503,14.0,0.3918343395359344,8.0,0.3939004713938051,4405110,Santa Cruz,3.0196428508822915,-121.825896,36.908123,A,-0.00206613185787069
4.0,0.59559317443958,14.0,0.5764373925122427,6.0,0.6257583204220989,4403572,Santa Cruz,1.2308739131965556,-121.824141,36.883732,A,-0.049320927909856205
4.0,0.23499973940978477,16.0,0.3535544853127676,6.0,0.25148085735288367,4405111,Santa Cruz,13.440922778363854,-121.753892,36.962834,A,0.10207362795988395
6.0,0.5016416371769898,14.0,0.4773282063175166,8.0,0.5232365582670485,4403523,Santa Cruz,0.7432244695713895,-121.831403,36.916999,A,-0.04590835194953191
2.0,0.17879065333583544,8.285275528593548,0.2834797793596074,3.0,0.18622443681978487,4403518,Santa Cruz,3.050741565801012,-121.757674,36.934627,A,0.09725534253982251
4.0,0.250931146083431,14.0,0.3269192139389549,6.0,0.2642771877915796,4403506,Santa Cruz,1.3493903807407774,-121.811542,36.900912,A,0.0626420261473753
2.0,0.1662117898116946,7.509137768760061,0.23263764121220454,3.0,0.16049543756032292,4403500,Santa Cruz,26.376894288535517,-121.738156,36.91584,A,0.07214220365188162
6.0,0.5126984360697553,14.0,0.48382460861503557,8.0,0.5231674971943407,4403485,Santa Cruz,3.677692054857796,-121.829715,36.915104,A,-0.03934288857930518
4.0,0.2987212453728035,15.758266328417257,0.3346307656823881,6.0,0.30659508380359596,4403476,Santa Cruz,1.799234535686774,-121.804342,36.889496,A,0.02803568187879213
5.9026925698704815,0.36678941772183715,14.0,0.46828364627933095,7.9026925698704815,0.3799240799640638,4403465,Santa Cruz,1.3648328009668087,-121.820855,36.910169,A,0.08835956631526715
6.0,0.3180040705487012,14.0,0.42897197221897776,8.0,0.3349189459229592,4403459,Santa Cruz,2.300313863246748,-121.822496,36.919603,A,0.09405302629601858
5.2965549348230905,0.2925902938020481,14.0,0.33381499696469763,7.296554934823091,0.3041289182614551,4403454,Santa Cruz,0.9987655915767888,-121.810414,36.887753,A,0.029686078703242524
4.0,0.5733979273261074,14.0,0.5397714042839855,6.0,0.6055339627984272,4403435,Santa Cruz,1.048334391523445,-121.82374,36.882978,A,-0.06576255851444168
4.0,0.5011584047429309,14.0,0.47357235226645983,6.0,0.529496874299385,4404226,Santa Cruz,8.44005928920985,-121.810839,36.929495,A,-0.05592452203292514
4.0,0.44457596762395196,14.0,0.43450415885294963,6.0,0.46926902747358873,4403375,Santa Cruz,2.2638900525443044,-121.816948,36.877706,A,-0.0347648686206391
4.0,0.6192548742936768,14.0,0.5527330106022542,6.0,0.6457510724706452,4403364,Santa Cruz,1.001825381435059,-121.823602,36.884321,A,-0.09301806186839101
5.489979757085024,0.28659321041664626,14.0,0.3048109378017154,7.489979757085023,0.29465312868175736,4403363,Santa Cruz,0.7622791117644698,-121.810631,36.888214,A,0.010157809119958061
4.0,0.13122680488156574,14.0,0.1613597648592561,6.0,0.12851232499927032,4403362,Santa Cruz,1.0810172682298984,-121.814921,36.926221,A,0.03284743985998578
6.0,0.4239263344118925,14.0,0.43964732604281864,8.0,0.451278075296213,4403359,Santa Cruz,3.6983208273485593,-121.82712,36.908834,A,-0.011630749253394357
6.0,0.36145339638415197,14.0,0.37201626348705097,8.0,0.3749359237592637,4403340,Santa Cruz,0.7587795191718646,-121.813214,36.888116,A,-0.002919660272212743
4.0,0.4169582169083051,14.597225693576604,0.40779567710446346,6.0,0.4340274864190876,4403328,Santa Cruz,1.2403422836819011,-121.822238,36.877441,A,-0.026231809314624155
4.0,0.3801704936648992,14.0,0.4093608936146881,6.0,0.4011768106208288,4403308,Santa Cruz,0.7176369864406582,-121.818684,36.881758,A,0.008184082993859254
4.0,0.20511250280513074,14.0,0.25318670158898426,6.0,0.19634487170509063,4404603,Santa Cruz,8.633057445756137,-121.730097,36.957123,A,0.056841829883893635
6.0,0.5269599716181359,14.0,0.47532645869292317,8.0,0.5355762109197019,4403299,Santa Cruz,1.3899807420075247,-121.831058,36.915757,A,-0.0602497522267787
2.0,0.6258286040365314,7.0009909774955865,0.6785721127594885,3.0,0.6421380526039385,4400069,Santa Cruz,6.712496476962307,-121.752544,36.948388,A,0.03643406015554995
4.0,0.6155792110177196,14.0,0.5731216487998216,6.0,0.6499964912923072,4400093,Santa Cruz,2.168564553297572,-121.823455,36.884884,A,-0.07687484249248555
4.0,0.0786583741894566,14.0,0.1738488927694714,6.0,0.07727616211837475,4405124,Santa Cruz,7.410775804211669,-121.815023,36.923484,A,0.09657273065109666
6.0,0.3910015548594998,15.99984237074401,0.3249106168954318,8.0,0.40121459351408595,4400140,Santa Cruz,3.4367676155069757,-121.845296,36.933205,A,-0.07630397661865412
4.0,0.24957841445765616,14.0,0.2820156925518741,6.0,0.2559020577380993,4400153,Santa Cruz,2.1126414692553195,-121.811224,36.883952,A,0.026113634813774766
6.0,0.36294961184395247,14.0,0.37437232249268926,8.0,0.3731299653451308,4400234,Santa Cruz,0.7006732189515611,-121.813285,36.889516,A,0.0012423571475584372
6.0,0.36583168001544564,14.0,0.40419687543795474,8.0,0.4028466595707333,4400235,Santa Cruz,2.321457786872349,-121.826716,36.908416,A,0.0013502158672214493
2.0,0.16079470495292825,8.0,0.28969048622517957,3.0,0.15164426705171039,4404235,Santa Cruz,23.429488538764627,-121.725741,36.919839,A,0.13804621917346918
6.0,0.14515182986062913,14.0,0.1851970300412289,8.0,0.14837065224925822,4400280,Santa Cruz,15.62876578359617,-121.833226,36.897733,A,0.03682637779197068
4.0,0.4334173188178852,14.0,0.42505363576777044,6.0,0.4507855559112009,4400290,Santa Cruz,1.394006697557764,-121.817388,36.878008,A,-0.025731920143430453
6.0,0.44053014706753724,14.0,0.443798991647839,8.0,0.4663135121117405,4400301,Santa Cruz,4.813957954523472,-121.828674,36.912935,A,-0.02251452046390151
6.0,0.24233024737535938,14.0,0.29170666043247273,8.0,0.25022497095120205,4400302,Santa Cruz,1.45415020244702,-121.812564,36.889093,A,0.04148168948127068
4.0,0.41561230091221985,14.0,0.4054728723728833,6.0,0.44028059071135883,4400334,Santa Cruz,1.0066055095787825,-121.825459,36.884046,A,-0.03480771833847551
4.204586169831602,0.3033946927653322,14.0,0.37691777088295303,6.204586169831602,0.3192836168240038,4400344,Santa Cruz,3.231226507736898,-121.806045,36.890386,A,0.05763415405894923
6.0,0.41658457311034286,14.0,0.4862064618670175,8.0,0.43601063048791283,4400345,Santa Cruz,2.494855400505596,-122.221138,37.03234,A,0.05019583137910466
2.0,0.1180542809347238,7.849294676401788,0.1731277100787813,3.0,0.11107271496686352,4405129,Santa Cruz,5.45057058280318,-121.75789,36.931118,A,0.06205499511191778
4.4822362770359945,0.38886056489735743,14.0,0.38952165921175425,6.482236277035993,0.41598348684874786,4400365,Santa Cruz,0.9940127118662888,-121.810933,36.889047,A,-0.026461827636993618
6.0,0.22715440333794898,16.0,0.34473372020746756,8.0,0.23554897269916952,4404105,Santa Cruz,3.899389017897336,-121.844358,36.933529,A,0.10918474750829804
6.0,0.42880512661342096,14.0,0.4278288056827341,8.0,0.4556173634731661,4400385,Santa Cruz,0.9481436342485424,-121.827312,36.913343,A,-0.02778855779043199
4.9118973214285715,0.31390338837368675,14.0,0.2800760614848696,6.911897321428569,0.31993888224208994,4400387,Santa Cruz,3.465526964261729,-121.818334,36.907824,A,-0.03986282075722036
4.0,0.3200241338538631,14.0,0.33166492636329753,6.0,0.3272888454532386,4400392,Santa Cruz,10.745099221224114,-121.811055,36.901867,A,0.0043760809100589215
4.0,0.25992363399658297,14.0,0.3192057673284855,6.0,0.2738203331918989,4400396,Santa Cruz,10.971899471365557,-121.815008,36.908203,A,0.04538543413658658
2.0,0.18736055114559838,7.058625006804204,0.287086269844963,3.0,0.1762880142626073,4400414,Santa Cruz,5.688987718799765,-121.644735,36.895826,A,0.1107982555823557
4.0,0.5830819693481933,14.0,0.5627954975578764,6.0,0.6071713088769516,4400426,Santa Cruz,1.935887048457352,-121.824641,36.885168,A,-0.0443758113190752
4.0,0.32066288125299075,14.0,0.33922412720668943,6.0,0.34648104227196586,4400462,Santa Cruz,3.337588123148163,-121.821971,36.88129,A,-0.007256915065276426
2.0,0.42247292675008963,8.0,0.4031901670057163,2.874013540039258,0.42521966763871344,4400469,Santa Cruz,1.9242272208803792,-121.71983,36.94264,A,-0.022029500632997134
6.0,0.23888421034959584,16.0,0.34741578706001947,8.0,0.24956073708014154,4400475,Santa Cruz,3.160736955040021,-121.843355,36.933713,A,0.09785504997987793
6.0,0.1334966158300635,14.0,0.19449687956865683,8.0,0.14086957505793848,4400484,Santa Cruz,1.9117175644625364,-121.828882,36.898402,A,0.05362730451071834
4.0,0.37559367472717753,14.0,0.3685463189332092,6.0,0.4022853602223908,4400496,Santa Cruz,1.4221665880218664,-121.821648,36.878626,A,-0.03373904128918159
2.0,0.6474321789437898,8.0,0.6105523093794675,2.8613469915688663,0.6588936481138442,4400497,Santa Cruz,17.868091473883382,-121.704434,36.91988,A,-0.04834133873437674
4.0,0.4510390545362461,14.0,0.3996105614890471,6.0,0.4687060987713312,4400548,Santa Cruz,2.740258310160893,-121.818093,36.878779,A,-0.06909553728228407
4.0,0.09064845265034067,14.0,0.12026296843542608,6.0,0.0929781038559464,4400549,Santa Cruz,2.8364892732614253,-121.814575,36.924273,A,0.02728486457947968
4.0,0.36765878347326314,14.0,0.36206665009575956,6.0,0.3920975763207852,4400557,Santa Cruz,1.555683957416875,-121.820899,36.878643,A,-0.030030926225025623
4.634168110463591,0.6319204890242792,14.0,0.5885535870808442,6.63416811046359,0.6587725802270291,4400564,Santa Cruz,1.475149587562957,-121.809678,36.885457,A,-0.07021899314618496
6.0,0.6208428796447897,15.93710870802504,0.6002568006600313,8.0,0.6435343605266353,4400579,Santa Cruz,0.8150608519474478,-121.850195,36.93465,A,-0.043277559866603976
2.0,0.15998163838804938,7.598721560527262,0.23287266996181366,3.0,0.1574249668903785,4400581,Santa Cruz,12.66246438966601,-121.754191,36.937991,A,0.07544770307143517
6.0,0.31232901163704263,14.483750973936214,0.4195870550107647,8.0,0.3329305905595659,4404616,Santa Cruz,3.0788563952704564,-121.850196,36.925718,A,0.08665646445119879
4.0,0.5864654410966686,14.0,0.5441735111963535,6.0,0.6235351810129148,4400603,Santa Cruz,1.0316387945570955,-121.823751,36.882126,A,-0.07936166981656134
4.0,0.08248339002509096,14.0,0.1160565454898389,6.0,0.07309886098540756,4400607,Santa Cruz,0.8815815224866284,-121.815379,36.926054,A,0.04295768450443134
6.0,0.6461835808167024,15.23936356218674,0.6393870197237408,8.0,0.6632831938037618,4400617,Santa Cruz,2.6537830929378448,-121.85029,36.935268,A,-0.023896174080020982
4.0,0.17476788500788812,14.000118870184622,0.2287094246870049,6.0,0.16855934108871712,4400642,Santa Cruz,25.39363398647975,-121.79569,36.881647,A,0.060150083598287774
4.0,0.19889849039597501,14.0,0.32823440752243555,6.0,0.19176100271120597,4400644,Santa Cruz,5.941775522987922,-121.729542,36.962114,A,0.13647340481122958
6.0,0.34842829936247377,14.0,0.4238982151894643,8.0,0.3507928335964556,4405302,Santa Cruz,9.785825577643308,-121.866361,36.944278,A,0.07310538159300872
4.0,0.28250625029973164,14.326203461057204,0.283393952615005,6.0,0.284803639025061,4405406,Santa Cruz,22.93598466102173,-121.797738,36.914461,A,-0.0014096864100560103
4.0,0.5794443826072292,14.0,0.6197334433356603,6.0,0.5976898974632348,4400668,Santa Cruz,1.4933403787584676,-121.742931,36.961192,A,0.02204354587242552
4.0,0.25859724558084357,14.0,0.3247076911571521,6.0,0.26523003882429425,4400685,Santa Cruz,2.3303595538807,-121.821022,36.880007,A,0.059477652332857844
2.0,0.16637136696917249,7.0,0.2137066907281062,3.0,0.16933052773587862,4400692,Santa Cruz,1.567302269239325,-121.644304,36.898265,A,0.044376162992227575
6.0,0.4794225388043248,14.0,0.4521349926059469,8.0,0.4888304148329931,4400698,Santa Cruz,0.7418783796614773,-121.830035,36.91663,A,-0.03669542222704619
5.305564969836645,0.3796883680455153,14.0,0.37664148856795526,7.305564969836643,0.40971051309946344,4400699,Santa Cruz,1.142811966045548,-121.810985,36.887418,A,-0.03306902453150817
4.0,0.4186928931132243,14.0,0.4220281671343382,6.0,0.4438020448333753,4400713,Santa Cruz,1.2955242800685849,-121.81927,36.879446,A,-0.021773877699037103
4.664396545671558,0.38119412553529675,14.0,0.38610127797992516,6.664396545671555,0.4024679676919208,4400719,Santa Cruz,1.1043711168045698,-121.812237,36.886803,A,-0.01636668971199562
6.0,0.29143746105443324,14.0,0.2948418180320909,8.0,0.2997885399193327,4400738,Santa Cruz,5.375826556944864,-121.870654,36.943939,A,-0.004946721887241767
2.0,0.15691165669229779,7.952973707986166,0.24885068954870931,3.0,0.1527556636922549,4405137,Santa Cruz,25.41879945043488,-121.686244,36.927548,A,0.09609502585645441
4.0,0.3911140465806856,14.0,0.4759459227308406,6.0,0.41318378585320226,4400759,Santa Cruz,10.290124372270547,-121.776719,36.896165,A,0.06276213687763832
4.0,0.2987847079407842,14.0,0.395281026375932,6.0,0.3190802670234288,4400762,Santa Cruz,1.4526421932010742,-121.821532,36.882411,A,0.0762007593525032
2.0,0.17693341650631347,8.0,0.2701325549011771,3.0,0.18081892378499181,4400773,Santa Cruz,4.68539577849929,-121.757066,36.936082,A,0.08931363111618529
4.0,0.4021120201783752,14.0,0.3824137678937613,6.0,0.4203334831771249,4400774,Santa Cruz,1.6071931643726476,-121.820984,36.877564,A,-0.037919715283363575
4.0,0.3792754819324376,14.0,0.46639000521955665,6.0,0.4021190126934109,4400793,Santa Cruz,1.0548364482097798,-121.820272,36.882983,A,0.06427099252614576
2.0,0.484437758233617,7.326235214829378,0.5078950668393524,3.0,0.5056327617304552,4404240,Santa Cruz,37.529668224397874,-121.733504,36.911828,A,0.0022623051088971335
6.0,0.6270760764277412,16.0,0.6154438004597407,8.0,0.6464689033507335,4400796,Santa Cruz,1.8720697962347428,-121.849317,36.934836,A,-0.031025102890992806
6.0,0.05346014260453595,14.0,0.06095004588059143,8.0,0.04760050884407874,4400820,Santa Cruz,3.2152420008311595,-121.830674,36.898728,A,0.01334953703651269
4.0,0.3659408767321128,14.0,0.32435532680151874,6.0,0.3886058190677986,4400821,Santa Cruz,0.9393606664494653,-121.822254,36.878672,A,-0.06425049226627988
6.0,0.4840759748752501,14.0,0.4053648244612036,8.0,0.48497481528814895,4400825,Santa Cruz,0.7684373761010191,-121.829384,36.91563,A,-0.07960999082694536
6.0,0.4571019910798302,14.0,0.39667375223223134,8.0,0.4681369196268906,4400838,Santa Cruz,0.5237659633051445,-121.827474,36.915985,A,-0.07146316739465924
4.0,0.3707352590676462,14.0,0.4572600852731718,6.0,0.4018308816980887,4400843,Santa Cruz,0.8121013395708824,-121.818651,36.881332,A,0.055429203575083075
4.0,0.38143750248091024,14.0,0.38370945064408013,6.0,0.40410265288666536,4400856,Santa Cruz,1.2807766358239816,-121.820339,36.880233,A,-0.02039320224258523
6.0,0.3716942118943877,14.0,0.37731478627194304,8.0,0.381367890036893,4404131,Santa Cruz,3.1369929239854013,-121.814555,36.887891,A,-0.004053103764949939
4.0,0.5646034237727589,14.0,0.670851910606828,6.0,0.5950710370312718,4400862,Santa Cruz,1.1371155936477937,-121.743493,36.961225,A,0.07578087357555618
4.0,0.44884334343128135,14.0,0.48683160498443534,6.0,0.47361331811179874,4400865,Santa Cruz,2.2704417475730096,-121.818661,36.876272,A,0.013218286872636598
4.837526301344799,0.3283870983188941,14.003430610191206,0.37717788133679253,6.837526301344802,0.3457641688187174,4400880,Santa Cruz,1.6950301918248836,-121.804566,36.890422,A,0.03141371251807512
2.0,0.257757780547294,8.932737068965519,0.36894159889884376,3.0,0.26335191220259857,4405407,Santa Cruz,14.346041959017642,-121.725497,36.931484,A,0.10558968669624519
6.0,0.44039429967220695,14.0,0.4429681328345052,8.0,0.4633978505343352,4400894,Santa Cruz,3.64672332872667,-121.827538,36.909411,A,-0.020429717699829986
4.0,0.4513533773809302,14.0,0.38533587286753834,6.0,0.4725450655322271,4400917,Santa Cruz,2.008416703318698,-121.812549,36.886004,A,-0.08720919266468874
4.0,0.2752091664629854,14.0,0.323090044823426,6.0,0.290057160362677,4405143,Santa Cruz,5.902426139133166,-121.813319,36.882308,A,0.033032884460749035
6.0,0.44639694041815187,14.0,0.4180006676347742,8.0,0.45944755249743313,4400934,Santa Cruz,1.1524815311159675,-121.827471,36.914779,A,-0.041446884862658906
6.0,0.47451725644134923,14.0,0.44446010934855906,8.0,0.4895686267630878,4400967,Santa Cruz,0.3331060094608837,-121.829541,36.916379,A,-0.04510851741452876
5.027671937511906,0.14190707265603975,14.0,0.18218534081680343,7.027671937511908,0.14087035893545105,4400977,Santa Cruz,1.6251476209469935,-121.828454,36.897689,A,0.04131498188135238
4.0,0.3506908033351237,16.0,0.38843159043641756,6.0,0.3590598904539855,4404463,Santa Cruz,1.0173679163470672,-121.759011,36.977315,A,0.029371699982432053
2.0,0.17543834761951557,7.013953223282663,0.2853353928437086,3.0,0.1829024261795884,4404313,Santa Cruz,14.92737526539832,-121.759517,36.930081,A,0.10243296666412022
4.0,0.5916842564502042,14.0,0.5684555536692878,6.0,0.6168232969409378,4401013,Santa Cruz,1.9512490428192824,-121.824452,36.884363,A,-0.048367743271650054
4.0,0.24901697532930137,14.01329103097475,0.42837783416206016,5.998353951967672,0.2613941257445294,4401027,Santa Cruz,23.9600406082283,-121.728361,36.961058,A,0.16698370841753074
2.0,0.12696479252010054,8.0,0.20872486780708094,3.0,0.11608807519827584,4401034,Santa Cruz,3.287351204876996,-121.683646,36.926177,A,0.0926367926088051
6.0,0.6231088334150711,16.0,0.612658793070334,8.0,0.6470035286556021,4401046,Santa Cruz,1.9646792157749264,-121.848708,36.934173,A,-0.03434473558526807
4.0,0.3442280173933739,14.0,0.4508958885896133,6.0,0.3548965358756342,4401049,Santa Cruz,1.4080152315261918,-121.819591,36.881693,A,0.09599935271397914
4.0,0.35112094005166533,14.0,0.3076808724505317,6.0,0.349660625192631,4401053,Santa Cruz,0.922942478203584,-121.820234,36.878762,A,-0.04197975274209931
6.0,0.5345275486855853,14.0,0.4662532739035071,8.0,0.5410037749341237,4401074,Santa Cruz,1.3902410060203738,-121.830512,36.915995,A,-0.07475050103061653
6.0,0.04599491648167524,14.0,0.0811342197026538,8.0,0.04059864567648601,4401107,Santa Cruz,2.1056296911255905,-121.829207,36.899314,A,0.040535574026167795
5.8272281034213735,0.2908622112343507,14.0,0.3518726645020505,7.827228103421372,0.3004893709447748,4401123,Santa Cruz,41.12472450917273,-121.819502,36.901892,A,0.05138329355727572
4.0,0.5845061281645009,14.0,0.5498785163871303,6.0,0.6255292877260493,4401154,Santa Cruz,3.056176903818478,-121.818667,36.88083,A,-0.07565077133891907
4.329683929931456,0.4792457480318363,14.0,0.46851902616624747,6.329683929931454,0.49691634214270164,4401201,Santa Cruz,2.435387088435565,-121.811731,36.885489,A,-0.028397315976454174
2.0,0.6577706540975219,7.0,0.6900891161563456,3.0,0.6736404916378601,4401203,Santa Cruz,6.28264893599416,-121.753429,36.947962,A,0.0164486245184855
6.0,0.36887506259895503,14.0,0.4434726511358834,8.0,0.3869196601175002,4401228,Santa Cruz,0.5326837267342522,-121.811447,36.887937,A,0.056552991018383236
6.0,0.08974956388417676,14.0,0.1757274666571337,8.0,0.08926508377348633,4405152,Santa Cruz,12.538948070888022,-121.832415,36.912331,A,0.08646238288364738
4.0,0.5415573854920405,14.0,0.5416457941768209,6.0,0.5759213059401377,4401269,Santa Cruz,1.1453136996093527,-121.824758,36.885775,A,-0.03427551176331678
5.604677220099405,0.2004842418128108,14.0,0.24629386729057307,7.604677220099405,0.20331547377851492,4405153,Santa Cruz,2.693713397150378,-121.811762,36.887432,A,0.04297839351205815
4.0,0.466206877050214,14.0,0.4052654643840525,6.0,0.48459938159056476,4401286,Santa Cruz,1.300559830971015,-121.816618,36.880127,A,-0.07933391720651228
4.7550703889286545,0.35482362504364956,14.0,0.3645486000030199,6.7550703889286545,0.3711933742784649,4401304,Santa Cruz,0.6467809112580003,-121.810613,36.888571,A,-0.006644774275444965
8.0,0.5453478047813735,29.86328006931711,0.5783019768358694,12.0,0.5596935502748063,4401306,Santa Cruz,3.836667010427874,-121.778639,36.978671,A,0.018608426561063096
4.0,0.32330372084836834,15.754163054201918,0.28627278323677674,6.0,0.3247781187512421,4401313,Santa Cruz,2.586698266047749,-121.805261,36.889074,A,-0.03850533551446533
2.0,0.34354614524117977,7.0,0.47290544507474547,3.0,0.3696782219974014,4401325,Santa Cruz,0.6091627232746106,-121.759577,36.949859,A,0.10322722307734405
6.0,0.4258019707018049,14.0,0.40088128677893703,8.0,0.43976683411914774,4401334,Santa Cruz,0.6065465140819777,-121.827146,36.915945,A,-0.03888554734021071
4.0,0.3475848567803641,14.0,0.3691308800796683,6.0,0.3559531383029974,4401363,Santa Cruz,1.5259609984988871,-121.744863,36.960096,A,0.013177741776670915
4.0,0.35418069722275247,14.0,0.4655125802889715,6.0,0.36947612841114874,4401369,Santa Cruz,2.469510956276219,-121.819849,36.882314,A,0.09603645187782278
4.0,0.32056742662301596,14.0,0.4173720374725336,6.0,0.34171751393539757,4401370,Santa Cruz,1.2075701485166717,-121.820878,36.883211,A,0.07565452353713603
4.0,0.19152227613123443,14.0,0.37764131231835174,6.0,0.18985964697283958,4401378,Santa Cruz,3.1885267269674613,-121.756315,36.977107,A,0.18778166534551216
4.0,0.3772641238874803,14.0,0.38181601072830823,6.0,0.42061064934047304,4401385,Santa Cruz,2.339079875167529,-121.823282,36.880742,A,-0.03879463861216481
4.0,0.3892878156393515,14.0,0.5425750966587154,6.0,0.40509644387103383,4401387,Santa Cruz,2.050684256722676,-121.801185,36.945711,A,0.13747865278768157
4.0,0.401150086844037,14.0,0.41334650002852386,6.0,0.43078557142830864,4401388,Santa Cruz,1.610709319332422,-121.819936,36.879831,A,-0.01743907139978479
4.0,0.19057507948187477,14.0,0.21772002124760326,6.0,0.20005821136975224,4405154,Santa Cruz,2.017736413323321,-121.814245,36.924973,A,0.017661809877851015
4.0,0.13731630069892378,14.51238775852398,0.3081897395583897,6.0,0.13150069071068515,4401405,Santa Cruz,13.37179802851817,-121.72651,36.959219,A,0.17668904884770453
6.0,0.26978284048928214,14.0,0.3702909244576641,8.0,0.27831787638477956,4405155,Santa Cruz,9.522273509247809,-121.821651,36.918717,A,0.09197304807288453
2.0,0.33574497816436005,7.0,0.4175093468774793,3.0,0.347842790125519,4405156,Santa Cruz,3.175932972755429,-121.760444,36.949358,A,0.06966655675196032
5.949529804755974,0.391129709258223,14.0,0.38650204591494475,7.949529804755972,0.40037586637918043,4404637,Santa Cruz,21.06130926340225,-121.821646,36.907313,A,-0.013873820464235687
6.0,0.4055861917850276,14.0,0.3767405092195882,8.0,0.41686443148353175,4404639,Santa Cruz,22.280767299687724,-121.827557,36.911714,A,-0.04012392226394357
5.3570407093145205,0.35003630597304547,14.0,0.36665392396066815,7.3570407093145205,0.3751676319915876,4401460,Santa Cruz,0.8157843823903395,-121.812688,36.887493,A,-0.008513708030919442
4.0,0.2453455371200157,16.0,0.35125399482138775,6.0,0.25323487604026623,4401473,Santa Cruz,2.2867667020567786,-121.754523,36.965092,A,0.09801911878112152
8.0,0.5409421506045915,31.911194029850744,0.5419587868196307,12.0,0.5614539319009924,4401475,Santa Cruz,0.4150728717423172,-121.778953,36.978077,A,-0.01949514508136163
2.0,0.16633785384448652,7.452645094155954,0.2067071356325476,3.0,0.17209442717745876,4401478,Santa Cruz,9.19975444955856,-121.756785,36.932363,A,0.03461270845508885
4.0,0.2971348389485562,14.0,0.3349433748361167,6.0,0.304629966186821,4401490,Santa Cruz,3.1605094580491766,-121.8227,36.88103,A,0.030313408649295714
4.0,0.42380802483975016,14.0,0.3980243130343419,6.0,0.44317184976767326,4401494,Santa Cruz,1.925393333884219,-121.82152,36.877442,A,-0.045147536733331384
4.044795927247411,0.3059135767834743,14.0,0.3864791292624895,6.044795927247411,0.3223229000444885,4401501,Santa Cruz,3.550969246127514,-121.806548,36.891048,A,0.06415622921800102
6.0,0.2833362487958231,14.0,0.4033297898099092,8.0,0.3030801225307983,4401540,Santa Cruz,2.3566910945575748,-121.82152,36.920538,A,0.10024966727911089
6.0,0.19962288547306345,14.0,0.29417238101220894,8.0,0.2144886472649708,4401548,Santa Cruz,4.110305843221832,-121.846429,36.922977,A,0.07968373374723814
6.0,0.18265362110237632,14.0,0.22587171933282338,8.0,0.18603012888203324,4404642,Santa Cruz,7.1276201023729495,-121.825818,36.906329,A,0.03984159045079014
4.0,0.398133619042725,14.0,0.4120489183504052,6.0,0.42162313116136196,4401564,Santa Cruz,0.831398426757793,-121.818962,36.879857,A,-0.009574212810956773
6.0,0.32646144323143345,14.03866137083356,0.4664004275451012,8.0,0.35329743850510154,4405165,Santa Cruz,14.399610710018242,-121.851913,36.926038,A,0.11310298903999966
4.0,0.3180293684357858,14.0,0.38523298779912973,6.0,0.3366496344810725,4401582,Santa Cruz,1.3198019257629998,-121.824745,36.881138,A,0.04858335331805724
4.0,0.4004840667251434,14.0,0.37466238644142763,6.0,0.412447914337877,4401592,Santa Cruz,1.9402510420112975,-121.822679,36.879497,A,-0.037785527896449345
4.0,0.33276333705198335,14.0,0.4095002141991506,6.0,0.3470003825069257,4404646,Santa Cruz,48.71069477952239,-121.791145,36.891276,A,0.062499831692224894
6.0,0.4512668991213741,14.0,0.45450712997167414,8.0,0.47528589388024034,4401617,Santa Cruz,3.4727211247691536,-121.829228,36.914046,A,-0.0207787639085662
4.969539268827124,0.09844137215868702,14.0,0.200915927092371,6.969539268827124,0.11406500202147911,4401618,Santa Cruz,10.730434788304088,-121.802176,36.884935,A,0.08685092507089189
6.0,0.12742287812554062,14.0,0.18195013743651797,8.0,0.12392266399496533,4401639,Santa Cruz,6.435918901544119,-121.823167,36.904487,A,0.05802747344155264
4.0,0.459022699169911,14.0,0.44624104739972836,6.0,0.48123730031108225,4401642,Santa Cruz,1.3585495333358202,-121.81703,36.879448,A,-0.03499625291135389
4.0,0.2602233648036973,14.0,0.33124663953086575,6.0,0.2698253520926882,4401652,Santa Cruz,3.012014634896332,-121.810304,36.900077,A,0.06142128743817754
6.0,0.5371004383694328,14.0,0.45217541344088086,8.0,0.5443010482982727,4401656,Santa Cruz,1.7189209959037666,-121.828426,36.91549,A,-0.09212563485739189
4.0,0.32639922295806467,14.46971345665579,0.46891003600661224,6.0,0.34793802796389084,4401659,Santa Cruz,4.476324275725187,-121.74419,36.958642,A,0.1209720080427214
4.0,0.1318516591598591,14.0,0.18588755531353587,6.0,0.12696545896851605,4401672,Santa Cruz,15.37565480068167,-121.770883,36.886372,A,0.058922096345019825
2.0,0.12584393554364331,8.0,0.2081166688062961,2.3939001021239483,0.12779786342878896,4401674,Santa Cruz,6.729979362541832,-121.726861,36.941896,A,0.08031880537750713
6.0,0.6007250095630178,16.0,0.5554907147373472,8.0,0.6175665305098709,4401684,Santa Cruz,0.1910871605534086,-121.849982,36.934283,A,-0.062075815772523635
4.0,0.5429782873700234,14.0,0.5018829761301784,6.0,0.5704208434783115,4401692,Santa Cruz,1.2634136282048007,-121.822662,36.882604,A,-0.06853786734813305
2.0,0.09300861733494593,8.0,0.15687756410839013,2.0,0.09300861733494593,4401698,Santa Cruz,15.663914689099798,-121.72602,36.944442,A,0.0638689467734442
4.0,0.12255961048242117,14.0,0.18041686135364332,6.0,0.11721271246772601,4401713,Santa Cruz,25.54561327843415,-121.798337,36.876854,A,0.06320414888591731
6.0,0.39598828964258587,14.0,0.523730790862966,8.0,0.4130658573916119,4401727,Santa Cruz,2.0529329898219024,-121.821339,36.909685,A,0.11066493347135414
8.0,0.3433315622533308,28.780569766275452,0.4480445504185548,12.0,0.35596372191547104,4401734,Santa Cruz,1.5408404212402926,-121.783284,36.955233,A,0.09208082850308374
4.000028885767621,0.14595312571960353,14.0,0.1939260132659975,6.000028885767622,0.14933699749402002,4401740,Santa Cruz,21.435131429177044,-121.800621,36.878942,A,0.04458901577197749
2.0,0.5614797106261953,7.573852652681322,0.5373500931903741,2.0,0.5614797106261953,4404250,Santa Cruz,8.637985310268077,-121.714803,36.911067,A,-0.024129617435821205
6.0,0.4715877980806735,14.0,0.4614487801382676,8.0,0.49217249132034907,4401784,Santa Cruz,0.6736083504828787,-121.831068,36.916548,A,-0.030723711182081448
4.0,0.2860279671255395,14.0,0.3206241666801607,6.0,0.28842484415305786,4401802,Santa Cruz,3.870432220606752,-121.808424,36.900159,A,0.032199322527102836
4.0,0.18700214627116665,14.0,0.22734306857815104,6.0,0.19022844204245695,4404251,Santa Cruz,16.924228128897976,-121.779079,36.891634,A,0.037114626535694084
6.0,0.41309121129052906,14.0,0.39699525526802487,8.0,0.41827053693021504,4404650,Santa Cruz,15.019738345214195,-121.823211,36.908602,A,-0.02127528166219017
4.0,0.43346317394785555,14.0,0.457755359651659,6.0,0.46046272296534985,4401844,Santa Cruz,1.2588341719551372,-121.818762,36.877199,A,-0.0027073633136908692
6.0,0.18987972917800525,16.0,0.21195625737063928,8.0,0.19732907755316118,4401855,Santa Cruz,4.15596206473015,-121.85251,36.940951,A,0.014627179817478103
4.0,0.37674703367355156,14.0,0.449997798512982,6.0,0.39404214206984883,4401861,Santa Cruz,1.5777848876924725,-121.821514,36.883868,A,0.05595565644313316
6.0,0.4566530820350035,14.0,0.4090981222329827,8.0,0.4461160279329548,4401875,Santa Cruz,1.3973233487837444,-121.826635,36.913798,A,-0.0370179056999721
4.0,0.5943273980525128,14.0,0.5318166239024666,6.0,0.6269368508678949,4401878,Santa Cruz,1.7344939662555483,-121.823441,36.885494,A,-0.09512022696542821
2.0,0.4847281762255945,7.799744577617946,0.5138548041246338,3.0,0.503192690708073,4404253,Santa Cruz,28.928191950785006,-121.734635,36.914466,A,0.010662113416560759
5.389940539453653,0.37511097834062535,14.0,0.45004260437451526,7.389940539453657,0.38753018531283484,4401898,Santa Cruz,2.689409943221712,-121.82017,36.910495,A,0.06251241906168042
4.0,0.25259632202393634,14.0,0.3342587615501557,6.0,0.26306988253144614,4401905,Santa Cruz,1.2260295706480693,-121.82132,36.881846,A,0.07118887901870957
6.0,0.3160853394089232,15.829472232036206,0.38092082202636096,8.0,0.33004854190987143,4401909,Santa Cruz,4.598457231228968,-121.842345,36.921894,A,0.05087228011648953
4.590695613012991,0.11785495602962538,14.0,0.17198748400700495,6.590695613012991,0.11906550426652257,4401950,Santa Cruz,10.829018989127857,-121.804951,36.883856,A,0.05292197974048238
5.941343213624089,0.2804803281524917,14.0,0.301153252446763,7.941343213624089,0.2825534299338281,4401952,Santa Cruz,3.468613932920055,-121.81773,36.906489,A,0.018599822512934905
2.0,0.23234913976982474,7.0,0.23231522243755315,3.0,0.2122020030656059,4401954,Santa Cruz,5.336490007018698,-121.643386,36.897462,A,0.02011321937194724
6.0,0.1716823550672162,14.0,0.26898533493791243,8.0,0.17825865699548063,4405170,Santa Cruz,9.979960708555506,-121.83525,36.913602,A,0.0907266779424318
4.0,0.5512814639882749,14.0,0.5253548150282674,6.0,0.592553491652482,4404214,Santa Cruz,5.907429088726388,-121.808454,36.928707,A,-0.06719867662421453
4.0,0.4588195397335829,14.0,0.48404884219384064,6.0,0.4808262771677447,4401966,Santa Cruz,3.061662734818513,-121.818448,36.87576,A,0.0032225650260959693
2.0,0.670483126575588,8.0,0.6474855357567376,2.3339680189517336,0.6694832868379429,4401981,Santa Cruz,26.111515857431726,-121.695288,36.929449,A,-0.021997751081205275
2.0,0.2685787058619938,7.998238506253302,0.25024293857743574,3.0,0.28041542393757624,4401983,Santa Cruz,0.8780255640567569,-121.754823,36.935792,A,-0.0301724853601405
6.0,0.16752079969405312,16.0,0.23058559027290443,8.0,0.1716919294441745,4401991,Santa Cruz,1.4458362375368332,-121.851208,36.942447,A,0.05889366082872993
6.0,0.6512182446903518,15.779022445982797,0.6430150996358334,8.0,0.6664535602565228,4402014,Santa Cruz,3.684334357515096,-121.850905,36.935964,A,-0.02343846062068944
6.0,0.6804163641080637,16.0,0.5213540914058731,8.0,0.6955140085978382,4404652,Santa Cruz,3.873590110429828,-121.847483,36.936315,A,-0.1741599171919651
5.272167487684729,0.3967519867951157,14.0,0.44046381122336314,7.272167487684728,0.416555169052238,4402056,Santa Cruz,0.7546971031524898,-121.811487,36.888739,A,0.02390864217112515
4.0,0.1742117550436658,14.084608843537412,0.3729287629013631,6.0,0.18507997976800458,4402077,Santa Cruz,1.6401374558812618,-121.756111,36.975789,A,0.18784878313335854
4.0,0.4221661453462585,14.0,0.4485508992919233,6.0,0.4468709087788009,4402103,Santa Cruz,0.9817636149201858,-121.819762,36.877272,A,0.001679990513122398
4.0,0.16456799397242547,14.083313674608796,0.3559957328295335,6.0,0.16671835950844466,4402138,Santa Cruz,1.964111795582637,-121.756123,36.976326,A,0.18927737332108885
4.0,0.2830241522413379,15.308809910892505,0.35249130273744533,6.0,0.3003343832031194,4405174,Santa Cruz,15.01792815659109,-121.757481,36.962951,A,0.05215691953432594
6.0,0.501025596280615,14.0,0.4672430954218496,8.0,0.5162139928257651,4402146,Santa Cruz,0.9445081992291564,-121.830593,36.917011,A,-0.04897089740391547
8.0,0.4162171004598632,28.0,0.23083893675615108,12.0,0.3932237578343393,4402151,Santa Cruz,1.7562364724212165,-121.781455,36.95365,A,-0.16238482107818825
2.0,0.6791881814914992,8.0,0.6574237291715523,2.4228874489614767,0.6734893025888091,4402160,Santa Cruz,13.938813759859295,-121.701947,36.922794,A,-0.016065573417256784
4.0,0.4092572852545652,14.0,0.24410077373565256,6.0,0.3075650594589213,4402161,Santa Cruz,1.7464029599603543,-121.81142,36.882058,A,-0.06346428572326876
5.200679684349979,0.4095676906849341,14.0,0.42546121026110617,7.200679684349981,0.42490861392310947,4402163,Santa Cruz,1.3423268991927464,-121.812384,36.890136,A,0.0005525963379967025
11.0,0.19910416436844763,28.857069302852434,0.1925667962564792,11.0,0.19910416436844763,4402191,Santa Cruz,0.7526630153868654,-121.79047,37.006521,A,-0.006537368111968422
6.0,0.31312021403748064,14.0,0.4334059526025941,8.0,0.33298189059716343,4402216,Santa Cruz,23.593499350915597,-121.857441,36.935844,A,0.10042406200543069
4.0,0.47040694509831005,14.0,0.3997616654808475,6.0,0.4792281291533408,4402234,Santa Cruz,7.772483954719818,-121.796861,36.920311,A,-0.07946646367249327
6.0,0.047007230484952346,14.0,0.0784363831167086,8.0,0.043143130651199485,4402243,Santa Cruz,2.429876307468653,-121.829886,36.899047,A,0.035293252465509115
6.0,0.6410129681367353,16.0,0.5798766004217242,8.0,0.6594831859592482,4402256,Santa Cruz,0.4021596293001594,-121.849596,36.934157,A,-0.07960658553752398
4.0,0.30190038851070183,14.733798249900058,0.4575439650711499,6.0,0.31667748480767394,4402282,Santa Cruz,5.217263350413397,-121.744798,36.959192,A,0.14086648026347598
4.299436023968981,0.3871153086479024,14.0,0.42068326057243144,6.2994360239689815,0.4079740462160925,4402285,Santa Cruz,0.8842582573353153,-121.811701,36.889756,A,0.012709214356338927
4.0,0.6075395206296634,14.0,0.5459188837175531,6.0,0.6418933383355467,4402286,Santa Cruz,0.9887217922983536,-121.82425,36.882727,A,-0.09597445461799359
4.0,0.08951890827302049,14.000241744766575,0.1509364971483277,6.0,0.08740269195700527,4402289,Santa Cruz,22.1006467894441,-121.808597,36.866484,A,0.06353380519132241
4.0,0.20384620293088984,14.0,0.31712409555989557,6.0,0.21452817438102215,4402296,Santa Cruz,1.183639670674294,-121.816156,36.924846,A,0.10259592117887342
4.0,0.6042281712762891,14.0,0.6170422497896302,6.0,0.6379253896638222,4405440,Santa Cruz,28.052851426931515,-121.776812,36.88887,A,-0.02088313987419199
2.0,0.6367865068995759,8.43759011974171,0.643088018210747,3.0,0.6570394051997208,4402320,Santa Cruz,6.178788732443238,-121.724349,36.930197,A,-0.013951386988973802
4.037063170795112,0.6131127041095956,14.205889998885874,0.5781592114297236,6.037063170795111,0.6395113742154082,4402323,Santa Cruz,2.081230311607168,-121.808608,36.886299,A,-0.06135216278568456
2.0,0.19118811452598705,7.912081377547792,0.26827755709715934,3.0,0.20049145007967084,4402327,Santa Cruz,6.0998383019302285,-121.757004,36.935219,A,0.0677861070174885
4.2332029204275905,0.2429241470517221,14.0,0.3350994462219676,6.233202920427594,0.2606146679173316,4402336,Santa Cruz,7.548689713418106,-121.814301,36.92042,A,0.07448477830463596
4.0,0.5515407735697578,14.0,0.39654492523353474,6.0,0.5440527957051752,4402340,Santa Cruz,0.7953241065275259,-121.823198,36.882356,A,-0.14750787047164043
4.664118622214036,0.3708843876806537,14.0,0.4014469371958647,6.664118622214033,0.4018716447523317,4402341,Santa Cruz,0.8389026452269122,-121.80966,36.886561,A,-0.00042470755646700775
4.0,0.295805663110002,14.0,0.34933843604111553,6.0,0.3076318003952727,4402376,Santa Cruz,1.3967910347024262,-121.823934,36.879975,A,0.041706635645842816
4.0,0.46330871390234013,14.0,0.4943074574291543,6.0,0.4734307902303055,4402430,Santa Cruz,1.9584189292296847,-121.801697,36.94615,A,0.020876667198848786
2.0,0.2413452729389456,7.988105013724984,0.32730118540321845,2.6045796870234383,0.2490413064510348,4402435,Santa Cruz,3.296065258889177,-121.63679,36.904367,A,0.07825987895218364
2.0,0.5933113125387096,6.273290253096395,0.5043532061212539,3.0,0.6128266372322888,4402467,Santa Cruz,0.8568518879359314,-121.760351,36.950657,A,-0.10847343111103491
6.0,0.45763285485504596,14.0,0.45246403999552454,8.0,0.48061132844389415,4402481,Santa Cruz,3.2290093251144905,-121.829099,36.913449,A,-0.028147288448369612
4.0,0.2674774610614991,14.0,0.34399241807354936,6.0,0.2804346212233863,4402485,Santa Cruz,1.107069528699904,-121.821108,36.881239,A,0.06355779685016305
6.0,0.5710274852326238,16.0,0.5281209927701439,8.0,0.5916057091882125,4402488,Santa Cruz,0.697916413306769,-121.847376,36.933272,A,-0.06348471641806863
6.0,0.27475724070535507,14.0,0.3625387246275824,8.0,0.2853825069046406,4402522,Santa Cruz,7.694210807538454,-121.833489,36.914597,A,0.07715621772294179
4.994999925260468,0.11678716196145829,14.0,0.19675132199798018,6.994999925260473,0.12763431043564982,4402531,Santa Cruz,10.356147560240103,-121.800968,36.883681,A,0.06911701156233035
4.0,0.40136149385476694,14.0,0.3390184169403644,6.0,0.4214658125399294,4402533,Santa Cruz,1.181226088433051,-121.819729,36.879045,A,-0.08244739559956499
2.0,0.4918953422241462,7.0,0.43712386255466046,3.0,0.506243339306334,4402547,Santa Cruz,4.009051043590183,-121.642543,36.899024,A,-0.06911947675167357
8.0,0.22800800894691262,28.818344960631695,0.26926827556830424,12.0,0.22088957945586307,4405444,Santa Cruz,13.780172023564589,-121.774128,36.965183,A,0.048378696112441166
10.696372592924316,0.17116812318963845,28.656665173906546,0.17967691662098365,10.696372592924316,0.17116812318963845,4402560,Santa Cruz,1.0341867450385849,-121.790098,37.006996,A,0.008508793431345196
4.0,0.47888467449026856,14.0,0.5015913553464727,6.0,0.48448558535080205,4402570,Santa Cruz,1.5657761258982437,-121.80063,36.946808,A,0.01710576999567065
4.0,0.33109473598038724,14.0,0.41253420534216695,6.0,0.34631768277054353,4402571,Santa Cruz,1.463848947306607,-121.819842,36.881059,A,0.06621652257162342
2.0,0.17926508911934252,8.0,0.23180331228654588,2.763163906822471,0.16535495665968472,4402576,Santa Cruz,9.142222235687251,-121.728753,36.942311,A,0.06644835562686116
4.0,0.42680702479924065,14.0,0.40496268891017934,6.0,0.4494773802044126,4402608,Santa Cruz,1.471954451516967,-121.817852,36.87947,A,-0.044514691294233244
5.766748613925547,0.10045485386854523,14.0,0.1501404961310392,7.7667486139255475,0.0972166035975917,4404667,Santa Cruz,15.037899579110563,-121.817952,36.895505,A,0.052923892533447495
6.0,0.461944147862295,14.0,0.46939246089500514,8.0,0.48452194287398065,4402616,Santa Cruz,3.1675691299734328,-121.829805,36.914477,A,-0.015129481978975512
4.0,0.3511608508113503,14.0,0.389059539273024,6.0,0.3697896487191655,4402645,Santa Cruz,1.2494277056052745,-121.82508,36.882325,A,0.019269890553858526
6.0,0.07513342306162887,14.0,0.11356017895343917,8.0,0.07203695365202759,4402646,Santa Cruz,1.4246230006364011,-121.828649,36.899508,A,0.04152322530141159
4.048456511343711,0.40539613959529075,14.0,0.37222353688500437,6.048456511343711,0.4206256041764757,4402662,Santa Cruz,1.460303872759841,-121.809202,36.88724,A,-0.04840206729147134
4.225441441441441,0.3000667348987347,14.000252252252254,0.37060781802465237,6.2254414414414425,0.3150566387439634,4404670,Santa Cruz,2.1508129091089305,-121.805565,36.88983,A,0.05555117928068898
4.332514059055763,0.1311100070625644,14.0,0.13937253619445128,6.3325140590557645,0.128195708610318,4404671,Santa Cruz,25.00079072181193,-121.806064,36.882028,A,0.01117682758413327
4.0,0.25688102581470645,14.0,0.3083983089456932,6.0,0.2713475023579246,4402696,Santa Cruz,13.203415778709696,-121.825053,36.888949,A,0.0370508065877686
6.0,0.49459611863730446,14.0,0.43645124523098017,8.0,0.5082606878428173,4402698,Santa Cruz,0.7715721728738176,-121.829836,36.916065,A,-0.07180944261183714
4.0,0.5523719527284255,14.0,0.5335029359194752,6.0,0.5740507565784309,4402700,Santa Cruz,1.360376062759661,-121.82352,36.88335,A,-0.04054782065895568
5.352218976970199,0.3807532395815583,14.0,0.39571907218357816,7.352218976970199,0.40258581146912537,4402702,Santa Cruz,2.9980694350219994,-121.813885,36.887268,A,-0.006866739285547208
4.0,0.430208124220121,14.0,0.36998673423305617,6.0,0.44579353563463725,4402725,Santa Cruz,2.307329661083029,-121.819398,36.877932,A,-0.07580680140158108
4.0,0.29030606258504377,14.0,0.3326161396008576,6.0,0.29333619615873036,4402769,Santa Cruz,2.449598757914876,-121.823501,36.879173,A,0.03927994344212726
4.0,0.21136987565266363,16.0,0.30875435330257806,6.0,0.2204354461838584,4402771,Santa Cruz,2.441122023175694,-121.754476,36.96436,A,0.08831890711871965
6.0,0.6005715441188249,15.805566370284634,0.6067466354869149,8.0,0.6182465521358865,4402775,Santa Cruz,22.052358770503584,-121.852559,36.933018,A,-0.011499916648971653
2.0,0.20819685040727998,7.6186169258756316,0.28056911369954846,3.0,0.21264784495688926,4402780,Santa Cruz,9.050354105568426,-121.755668,36.936613,A,0.06792126874265919
2.0,0.13685831876828491,8.0814863319132,0.2253370827311157,3.0,0.15804926009674466,4402789,Santa Cruz,9.338087877166856,-121.727445,36.938813,A,0.06728782263437103
6.0,0.29954511742948586,16.0,0.43101640731768653,8.0,0.3132300310668196,4402795,Santa Cruz,4.046308315625354,-121.849566,36.943338,A,0.11778637625086691
6.0,0.475439833839944,14.987796423790403,0.4531718577226407,8.0,0.5012111881401244,4404144,Santa Cruz,6.473664774664077,-121.841798,36.932485,A,-0.04803933041748376
6.0,0.5219276158735398,14.0,0.5700107852201605,8.0,0.5384847251683893,4402802,Santa Cruz,3.025543095257428,-122.221803,37.03447,A,0.031526060051771165
8.0,0.4835780722117613,28.0,0.5418701350576159,12.0,0.4682625041181771,4402870,Santa Cruz,0.9388318651691204,-121.784455,36.962157,A,0.07360763093943884
6.0,0.16792603764575903,15.674834735975788,0.2873782385836422,8.0,0.17133588078547873,4404676,Santa Cruz,5.828563095076391,-121.852968,36.938276,A,0.11604235779816346
6.0,0.277506312317691,16.0,0.4281954839421301,8.0,0.29703291401328236,4404677,Santa Cruz,3.2747591476493056,-121.844555,36.931808,A,0.13116256992884773
6.0,0.2785998067616209,15.678502767634798,0.41435372312262,8.0,0.29874085570162917,4404678,Santa Cruz,6.002502876088894,-121.84304,36.931739,A,0.1156128674209908
6.0,0.5267345104181222,14.0,0.49655822105214076,8.0,0.540301827646149,4403000,Santa Cruz,0.3794931844348556,-121.831688,36.916708,A,-0.04374360659400822
4.0,0.293508879966714,14.0,0.34576351445405173,6.0,0.30907995135050437,4403012,Santa Cruz,2.649354162132463,-121.813078,36.907621,A,0.03668356310354737
2.0,0.5695548468099983,7.302823018458198,0.5309618885608196,2.4040864672786495,0.5678446642163888,4404261,Santa Cruz,15.678356141956206,-121.717544,36.911921,A,-0.03688277565556919
2.0,0.2767697939137789,8.0,0.39794598717062096,2.003305568226553,0.2766630270174723,4404262,Santa Cruz,12.376471425308145,-121.714504,36.9131,A,0.12128296015314866
6.0,0.25058009271467163,14.0,0.3063825223410566,8.0,0.2605985791139924,4403072,Santa Cruz,2.1632725468086966,-121.817064,36.905981,A,0.045783943227064194
4.764129181084199,0.278046640875774,14.0,0.29509247866090743,6.764129181084199,0.2866426898301886,4403073,Santa Cruz,1.3410208976196851,-121.817549,36.907214,A,0.00844978883071884
5.9726401173687025,0.27703322666042385,14.0,0.3598570060988441,7.972640117368701,0.2835496760856958,4404345,Santa Cruz,36.49720424927402,-121.8179,36.899813,A,0.07630733001314827
4.0,0.28059395932878606,14.0,0.34154473664117774,6.0,0.29595492165294895,4403095,Santa Cruz,3.2715651295069743,-121.811979,36.899932,A,0.04558981498822878
4.0,0.24046350450170761,14.0,0.3194811158787723,6.0,0.2509186243462136,4403096,Santa Cruz,3.721867151566512,-121.810125,36.900775,A,0.06856249153255872
4.0,0.26433399495437426,14.0,0.32859926121437455,6.0,0.2754675880862102,4403097,Santa Cruz,3.4167447296608398,-121.810282,36.899513,A,0.05313167312816436
4.0,0.2987001210937673,14.0,0.33713095128077647,6.0,0.29546482519956707,4403098,Santa Cruz,2.0646471974413902,-121.808635,36.901294,A,0.0416661260812094
4.0,0.2492009496250382,14.0,0.3032451913603159,6.0,0.26618390014644155,4403099,Santa Cruz,0.9264766148840622,-121.808858,36.902567,A,0.03706129121387436
5.538430136160375,0.09641718734784328,14.0,0.1525200175117496,7.53843013616038,0.09424268114962878,4404686,Santa Cruz,12.322986648490373,-121.81908,36.893182,A,0.05827733636212082
5.580944418541082,0.10579049085413374,14.0,0.15737004100786203,7.580944418541083,0.10425042494443176,4405204,Santa Cruz,4.813367213026112,-121.820921,36.892605,A,0.05311961606343027
5.021018444757644,0.10939304603863995,14.0,0.16798315815249995,7.021018444757641,0.11550134954271749,4404687,Santa Cruz,5.050951620162451,-121.819976,36.89142,A,0.052481808609782465
6.0,0.0793555395658687,14.0,0.10708300321120222,8.0,0.07274514791116166,4404346,Santa Cruz,7.901196671449344,-121.816503,36.894216,A,0.03433785530004056
4.0,0.5614405109234444,14.0,0.5304662363314862,6.0,0.5823262047001743,4404347,Santa Cruz,16.819414044434648,-121.827664,36.888761,A,-0.051859968368688114
4.0,0.10304606684553838,14.0,0.1818931651241576,6.0,0.10211120883920569,4404348,Santa Cruz,19.87674986530402,-121.78856,36.892623,A,0.07978195628495191
4.0,0.3719681125686068,14.0,0.38058088128940404,6.0,0.38646505306139073,4404349,Santa Cruz,16.737652904214315,-121.826175,36.886347,A,-0.00588417177198669
4.08817715436675,0.0012073722931599334,14.0,0.023098426274182814,6.0881771543667496,-0.0084387003115703,4404350,Santa Cruz,33.07724781783626,-121.806422,36.879009,A,0.03153712658575311
4.0,0.5822914277043877,14.0,0.5577220821995603,6.0,0.6174135838347059,4403165,Santa Cruz,2.1483580269950733,-121.822328,36.884312,A,-0.05969150163514558
6.0,0.5482141510747579,14.0,0.4518844472553309,8.0,0.5539262916661215,4403200,Santa Cruz,1.2508305335776058,-121.82787,36.91573,A,-0.10204184441079062
5.566085252714612,0.2929009899566954,14.0,0.3596126035459891,7.566085252714612,0.3071868114799297,4403237,Santa Cruz,13.686289284601555,-121.812729,36.89802,A,0.05242579206605941
4.0216617210682495,0.3151091953496944,14.0,0.36399812273143173,6.021661721068248,0.33498805326437553,4403242,Santa Cruz,2.3484559543177896,-121.810414,36.898899,A,0.0290100694670562
4.351991508854254,0.28869385401414543,14.0,0.37353931294061077,6.351991508854254,0.30005216691825093,4403273,Santa Cruz,4.153301475497409,-121.808507,36.898859,A,0.07348714602235984
6.0,0.2416335207113385,14.0,0.32030783785134814,8.0,0.2471417815243906,4404269,Santa Cruz,7.672247748907445,-121.837232,36.913115,A,0.07316605632695755
4.0,0.25421108651337615,13.947828954701118,0.3003036000296853,5.9848158898010695,0.26393766090810805,4404365,Santa Cruz,50.67612809393972,-121.815568,36.883322,A,0.03636593912157726
2.0,0.18968645869753925,7.933941580026875,0.27019692737071904,3.0,0.19370049272087994,4404479,Santa Cruz,5.469609269925701,-121.756623,36.933476,A,0.0764964346498391
6.0,0.29062128558139505,14.0,0.4305565718508444,8.0,0.32715016513679507,4404523,Santa Cruz,0.5687031765334128,-121.821043,36.920056,A,0.10340640671404933
6.0,0.40458665387673826,14.0,0.3842738083394297,8.0,0.4178320137259635,4405212,Santa Cruz,17.005330073081005,-121.825078,36.910369,A,-0.03355820538653381
4.0,0.09849838080723482,14.001566010221108,0.1287698104207462,6.0,0.08772494260057812,4404699,Santa Cruz,29.452647347162884,-121.805523,36.866061,A,0.041044867820168085
4.50558168113544,0.18656152444403049,14.0,0.28469178620828656,6.505581681135439,0.19833115531246406,4404700,Santa Cruz,12.71728832424241,-121.815996,36.919677,A,0.0863606308958225
6.0,0.31458112056840615,14.0,0.37669910970651665,8.0,0.32594654633951714,4404702,Santa Cruz,24.119652929887398,-121.867545,36.945873,A,0.050752563366999515
4.0,0.4638965191626937,14.0,0.4300193568818904,6.0,0.44136378429631223,4404777,Santa Cruz,1.609541067569105,-121.802142,36.946519,A,-0.01134442741442182
4.0,0.49946032816531793,14.0,0.4807736479159538,6.0,0.49340911170231155,4404760,Santa Cruz,1.2971119330659375,-121.800814,36.945309,A,-0.01263546378635777
6.0,0.5981168448776527,16.0,0.5490295487639317,8.0,0.6207253318909216,4404703,Santa Cruz,0.7702295891915397,-121.848091,36.936771,A,-0.07169578312698988
4.0,0.12204645121350799,14.0,0.14331209589060645,6.0,0.1211710114109823,4404746,Santa Cruz,1.6033048993805148,-121.813507,36.923217,A,0.02214108447962415
4.0,0.5676670904520068,14.0,0.4741439172685883,6.0,0.5694688531356632,4404728,Santa Cruz,10.81300691972286,-121.812803,36.927563,A,-0.09532493586707491
2.0,0.6385792329638597,7.140354816977316,0.5992793849359791,2.934710681937271,0.653222486328129,4404715,Santa Cruz,5.1638605919968885,-121.641483,36.901624,A,-0.05394310139214986
4.0,0.3361600075970768,14.002760108500818,0.42490329670536564,6.0,0.34107663829481577,4404737,Santa Cruz,4.872975308524496,-121.79981,36.912282,A,0.08382665841054987
2.0,0.6432145802881425,8.0,0.6045177762921553,2.9789296223257673,0.6575242607414234,4404745,Santa Cruz,12.425013000431068,-121.702531,36.919753,A,-0.05300648444926814
8.0,0.12770129385989948,28.00061273101874,0.18415862416279127,12.0,0.11272114513041942,4405475,Santa Cruz,10.100941740011798,-121.775208,36.966613,A,0.07143747903237185
2.0,0.16537029441707585,7.026446957878314,0.26423782024654596,3.0,0.16782005646497059,4405476,Santa Cruz,19.83186014878222,-121.638415,36.901532,A,0.09641776378157538
4.0,0.3452072785270874,14.147364655672185,0.44348823845138696,6.0,0.34456059367118574,4405322,Santa Cruz,6.2654914592188256,-121.727596,36.957838,A,0.09892764478020122
6.0,0.26440341129570566,14.0,0.366474186448413,8.0,0.27096996473528256,4404618,Santa Cruz,11.19460368784552,-121.867959,36.943291,A,0.09550422171313044
6.0,0.32820322384651085,14.0,0.4432385923652968,8.0,0.3389992438652107,4405303,Santa Cruz,5.037714512884435,-121.865103,36.945235,A,0.1042393485000861
2.0,0.5377821560691648,7.870293933708568,0.675914693391999,3.0,0.5629978855877292,4405283,Santa Cruz,1.2421052044338696,-121.753654,36.949712,A,0.11291680780426983
4.0,0.26494520512604236,14.0,0.22800539816159662,6.0,0.2490019442532322,4405292,Santa Cruz,4.005814423288171,-121.799957,36.914124,A,-0.020996546091635565
4.0,0.3421070396195561,14.99161913078142,0.40526249837878286,6.0,0.3534353741755029,4405479,Santa Cruz,8.151469447671928,-121.79604,36.913829,A,0.05182712420327995
4.0,0.5478916122781755,14.0,0.5255881847082146,6.0,0.5609455097243952,4405270,Santa Cruz,1.8256558284101208,-121.797273,36.917591,A,-0.03535732501618061
2.0,0.18158029365858494,7.0,0.2105115342221543,3.0,0.15327506760068216,4405305,Santa Cruz,1.1504151893108765,-121.644596,36.897501,A,0.05723646662147214
4.0,0.1983237588854116,14.0,0.23788292973755676,6.0,0.1997134550116389,4405238,Santa Cruz,20.25472898625388,-121.781393,36.89069,A,0.03816947472591786
4.0,0.11651483018792766,14.0,0.20307074486884674,6.0,0.11528852378305335,4401813,Santa Cruz,9.939797582302454,-121.784938,36.894468,A,0.0877822210857934
6.0,0.26125075937968917,15.638611886717191,0.35877185937554784,8.0,0.2855788380829358,4405299,Santa Cruz,2.5200871737682458,-121.850481,36.924736,A,0.07319302129261201
4.0,0.1274936174728421,16.0,0.317411240752703,6.0,0.13355788193492407,4405529,Santa Cruz,1.1469104656458846,-121.758703,36.975685,A,0.18385335881777892
4.0,0.3953037639829334,14.70985538744462,0.18839883522939332,6.0,0.3628191175077069,4405549,Santa Cruz,0.930225983003696,-121.745513,36.959535,A,-0.17442028227831358
4.0,0.4598604880704252,14.0,0.397695847338677,6.0,0.4629523032449129,4405566,Santa Cruz,1.3238421933649898,-121.801115,36.947209,A,-0.06525645590623586
2.0,0.6836739700061214,8.0,0.6564010082385118,2.3180530578182115,0.6834386461058933,4405569,Santa Cruz,19.7443427093805,-121.696855,36.92751,A,-0.02703763786738156
6.0,0.21507194638112026,14.0,0.26413465544101816,8.0,0.21493661131884406,4405574,Santa Cruz,0.8202415569724261,-121.825186,36.907637,A,0.0491980441221741
6.0,0.11589341009573628,14.0,0.14790567903589485,8.0,0.10557122900455568,4405555,Santa Cruz,1.3541918264294732,-121.821535,36.90448,A,0.04233445003133918
4.0,0.14195271763876563,14.0,0.19357535698117118,6.0,0.13849531856679784,4405525,Santa Cruz,2.3457741163150265,-121.772758,36.891812,A,0.05508003841437334
4.760462211118053,0.18477619516892907,14.0,0.3973190492915607,6.760462211118053,0.2095076235540451,4405506,Santa Cruz,17.85067869515812,-121.812187,36.876826,A,0.1878114257375156
2.0,0.5437471706101568,7.114868353123382,0.5419880585933129,2.008604371020478,0.5440350440732277,4405582,Santa Cruz,3.607538537407288,-121.642656,36.902807,A,-0.0020469854799147758
2.0,0.6542683126496011,7.811611219830397,0.625162720877558,3.0,0.6752324330830063,4405583,Santa Cruz,2.372150975698368,-121.641399,36.900715,A,-0.05006971220544831
4.0,0.07476436414096674,14.0,0.12310907857925445,6.0,0.06672129437272967,4405552,Santa Cruz,14.31354578424247,-121.771916,36.888941,A,0.05638778420652478
5.992212287280069,0.49556464047950455,14.0,0.4617246851767728,7.99221228728007,0.5072783892165695,4405531,Santa Cruz,0.269864282030318,-121.811074,36.888305,A,-0.04555370403979675
6.0,0.5067091947307695,15.53736054852798,0.4915168342816218,8.0,0.5261295774410468,4405534,Santa Cruz,20.506207551608316,-121.849872,36.930688,A,-0.03461274315942503
4.0,0.25315122410850993,14.0,0.24234953598585693,6.0,0.24129641285014808,4405542,Santa Cruz,1.1666607711822714,-121.800652,36.913298,A,0.00105312313570885
4.0,0.32710479925419583,14.0,0.446393082439074,6.0,0.3393971875484552,4405512,Santa Cruz,4.498426875641692,-121.798181,36.917585,A,0.10699589489061878
6.0,0.3485779556448887,14.495487209337844,0.45311684460772145,8.0,0.3718711572841883,4400729,Santa Cruz,48.07761539619631,-121.855302,36.93418,A,0.08124568732353316
3.0,0.28047661256372164,7.0,0.3900905683804462,4.0,0.2927659978415185,2723788,Monterey,52.52761496303827,-121.608912,36.764152,A,0.09732457053892768
3.0,0.1633214496057944,7.0,0.20331526336836314,4.0,0.15871486344439906,2723789,Monterey,18.59490155440471,-121.605612,36.77416,A,0.044600399923964085
3.0,0.16148475826552358,7.0,0.30480518815614616,3.0,0.16148475826552358,2716605,Monterey,10.31749207831361,-121.574266,36.69264,A,0.14332042989062257
2.9789983844911156,0.1512290961219078,7.0,0.21556991855839927,3.9789983844911148,0.1419484272653098,2714956,Monterey,1.0060730338456063,-121.569613,36.648603,A,0.07362149129308948
2.0,0.19979859787990384,7.062112766760673,0.3278146115482874,2.0,0.19979859787990384,2722509,Monterey,13.955142315125682,-121.619097,36.721481,A,0.12801601366838355
2.0,0.19269828689411805,7.0,0.3212433616989771,2.0,0.19269828689411805,2723792,Monterey,14.848797086649553,-121.61848,36.722859,A,0.12854507480485905
2.0,0.17158765380725535,7.0,0.3044401445017292,2.0,0.17158765380725535,2722698,Monterey,7.367147785676845,-121.617207,36.72405,A,0.13285249069447383
2.0,0.28315920874199935,7.0,0.35836442894743237,2.0,0.28315920874199935,2722699,Monterey,7.880567189479526,-121.618814,36.724718,A,0.07520522020543302
2.0,0.2764604930466199,7.0,0.3391604992145826,2.0,0.2764604930466199,2722700,Monterey,8.157877477398145,-121.616893,36.726421,A,0.06270000616796267
2.0,0.23475726173271683,7.0,0.3290929219777135,2.0,0.23475726173271683,2722702,Monterey,10.798782558048163,-121.614772,36.727274,A,0.09433566024499668
2.0,0.3166585088636427,6.912199653348133,0.467718784082554,2.038709458158214,0.31714401172999157,2725352,Monterey,68.43760414154099,-121.610817,36.724065,A,0.15057477235256245
2.0,0.14161135818521497,9.0,0.1724021698055174,2.0,0.14161135818521497,2723730,Monterey,6.378588952142464,-121.610371,36.715953,A,0.030790811620302422
3.0,0.14466719596037958,7.0135272697460564,0.24656689241492374,3.0,0.14466719596037958,2724430,Monterey,11.35481996460918,-121.576781,36.691261,A,0.10189969645454416
2.075167449876432,0.09098504028366253,8.0,0.18689105652629542,3.07516744987643,0.07978726754248175,2725354,Monterey,48.78148811305451,-121.616452,36.616475,A,0.10710378898381367
3.0,0.145368748433641,7.0,0.22233623044058573,4.0,0.139479532562537,2701301,Monterey,14.215357471060246,-121.5619,36.635977,A,0.08285669787804872
3.0681516068530765,0.12050259732241128,8.87841640601279,0.19926097790624747,4.068151606853078,0.1235203867279405,2725357,Monterey,53.41656239714164,-121.540393,36.633398,A,0.07574059117830698
3.0,0.11801714074223921,7.0,0.1770441732473854,4.0,0.11770761851662401,2701531,Monterey,22.13205286457732,-121.570667,36.624402,A,0.05933655473076138
2.07783307064303,0.08990929970455377,8.290753891653535,0.16779869530320748,3.0778330706430306,0.08349625236371644,2701578,Monterey,8.764594230133667,-121.570874,36.642747,A,0.08430244293949105
3.0267364075183534,0.2614706862048021,9.0,0.4229016819371163,4.026736407518354,0.27141702455415156,2700885,Monterey,25.025493996405192,-121.536605,36.633501,A,0.15148465738296474
3.0,0.060128285884098256,8.774322206735809,0.1165502021050929,4.0,0.05246376965074238,2716341,Monterey,19.72448774752044,-121.480014,36.612769,A,0.06408643245435053
3.0,0.5804634319903873,7.0,0.5569201108111821,3.9924315747060066,0.5430190624717469,2700718,Monterey,18.70830797808416,-121.585647,36.624443,A,0.013901048339435174
3.3968604183127358,0.5080411460671966,8.0,0.3795603184256685,4.396860418312736,0.3605486295170863,2700533,Monterey,5.20918731216585,-121.536296,36.627941,A,0.01901168890858218
3.0,0.14016817442746685,7.0,0.23756477703236392,4.0,0.136506813670546,2700107,Monterey,14.346757199198969,-121.559728,36.635114,A,0.10105796336181791
3.0,0.14522250567466036,7.0,0.1928470481800746,4.0,0.13905612525722852,2715531,Monterey,5.208466822843537,-121.54349,36.623163,A,0.05379092292284607
3.0,0.12499331526282301,7.000739035576253,0.15897272938500048,4.0,0.11323204683611339,2715519,Monterey,21.95826835470403,-121.60826,36.62116,A,0.04574068254888709
2.189676130835584,0.3866068762054348,7.630778419921653,0.2399613032188399,3.189676130835582,0.39061828917269276,2725362,Monterey,33.286025226099355,-121.612811,36.607577,A,-0.15065698595385285
2.0,0.09221751389934907,8.0,0.136426828435031,3.0,0.08144056585938728,2725363,Monterey,23.566064051707603,-121.618351,36.61429,A,0.054986262575643735
4.0,0.36129116351263274,8.0,0.31963441097075385,5.0,0.2876383529150423,2715257,Monterey,1.584494515469967,-121.535088,36.627856,A,0.03199605805571154
3.0,0.2821747787677885,9.0,0.39399829011669774,4.0,0.28210782160143755,2725365,Monterey,44.046592310960136,-121.532175,36.636981,A,0.11189046851526019
3.0,0.12124615949283457,7.0,0.18590520218692386,3.119860883627394,0.11998042976113948,2716527,Monterey,14.983628790326062,-121.559124,36.64551,A,0.06592477242578437
3.0,0.15139449801886606,7.179033426472111,0.19244714128205306,4.0,0.1453051257612147,2713245,Monterey,5.9883457924854335,-121.547025,36.621,A,0.047142015520838354
3.0,0.19346709115726884,8.867459571094024,0.19260427916202277,4.0,0.18539322673240194,2723811,Monterey,21.05014393263398,-121.485614,36.609873,A,0.0072110524296208345
3.4161710129855334,0.10327891935383585,7.374023235769692,0.1640123632867546,4.416171012985534,0.09797294147641315,2713020,Monterey,10.91225032333853,-121.540616,36.625066,A,0.06603942181034143
3.0,0.09630932232479546,8.0,0.14524893042684958,4.0,0.08732593768279896,2712849,Monterey,4.145708591559472,-121.601801,36.596976,A,0.05792299274405062
3.0,0.1552332774128535,7.612597192506394,0.28275724701878474,4.0,0.15217242457094296,2712741,Monterey,14.880713688985448,-121.53825,36.620073,A,0.13058482244784178
2.0102124206571252,0.08945297055660731,7.5749202485131315,0.15368970976685276,3.0102124206571252,0.07879967612189602,2725373,Monterey,40.39101273431281,-121.621637,36.610954,A,0.07489003364495674
3.0,0.28903432321054995,7.0,0.3840029214354571,4.0,0.29334470292328607,2712255,Monterey,15.147698806533782,-121.540343,36.622005,A,0.09065821851217104
3.0,0.07841225771301656,7.250275201401715,0.15710549257075726,4.0,0.07346680773372846,2725376,Monterey,20.36883443920953,-121.556013,36.616318,A,0.0836386848370288
2.9924230575691224,0.46153136248442295,8.0,0.37587886957999395,3.992423057569122,0.4606064045300055,2725377,Monterey,45.69057442692821,-121.607417,36.610522,A,-0.08472753495001156
3.512144033320418,0.10658940949086834,8.0,0.18009532453905092,4.5121440333204195,0.10344217401427279,2725378,Monterey,6.402311325601845,-121.540055,36.626555,A,0.07665315052477813
3.0,0.11738741173946515,7.0,0.18489803278825492,3.713099196300781,0.10889104856272293,2725380,Monterey,17.633327237758106,-121.557421,36.646998,A,0.076006984225532
3.0,0.14387803606522173,7.008542236614373,0.22401563881202116,4.0,0.13777749631292868,2711350,Monterey,13.88493805739681,-121.561113,36.632478,A,0.08623814249909248
3.4908194329131734,0.13796917633578185,7.974941505019245,0.2557635960902653,4.490819432913175,0.13816875457346783,2710853,Monterey,15.431180584395124,-121.536243,36.621425,A,0.11759484151679744
2.0,0.08933245622791915,8.0,0.13527069947735085,3.0,0.07867275381264963,2725384,Monterey,23.11902295283169,-121.619835,36.612897,A,0.05659794566470122
3.006015979352097,0.12566991086072274,7.0,0.20074380018020485,4.006015979352096,0.12053556246104864,2710485,Monterey,4.092072747181563,-121.545049,36.624745,A,0.08020823771915621
3.0,0.12656788827385945,7.0,0.19838776544290568,4.0,0.1266481615383876,2721846,Monterey,12.388411645300213,-121.572123,36.625892,A,0.07173960390451808
3.0,0.15460671053126196,7.0,0.215128892287257,4.0,0.14764966652470357,2708952,Monterey,4.079950704691218,-121.546042,36.621663,A,0.06747922576255344
3.0,0.21853916969780826,8.0,0.27259736337308765,4.0,0.20475170646403104,2716794,Monterey,5.395015405461483,-121.491978,36.609627,A,0.06784565690905661
3.0,0.13007269082898767,7.0,0.27959632300189763,4.0,0.11914801581339775,2701089,Monterey,22.889554214125425,-121.604446,36.624827,A,0.1604483071884999
3.0,0.060428017275176445,8.653498405222786,0.1061099837109953,4.0,0.055537139094065796,2717046,Monterey,8.83775229184493,-121.478313,36.61117,A,0.0505728446169295
3.0,0.12290590061230836,8.0,0.19212789933446528,4.0,0.11805748395164253,2701633,Monterey,2.41762292348018,-121.599903,36.596488,A,0.07407041538282275
3.0,0.13825919443668785,7.0,0.25767351673205174,4.0,0.13113489756454025,2721870,Monterey,10.992647827074634,-121.557976,36.62983,A,0.1265386191675115
3.0,0.11969421447311453,8.0,0.19844897160089772,4.0,0.11175484053339159,2714531,Monterey,3.797792228930242,-121.600381,36.59573,A,0.08669413106750613
3.0,0.134548863232474,7.0,0.25428626016517825,4.0,0.12466904118464822,2714517,Monterey,18.22002509721355,-121.606503,36.626067,A,0.12961721898053002
2.6336125593111133,0.10132335339979524,7.0,0.2102717001233116,3.633612559311113,0.09105012070527915,2721888,Monterey,13.261559298622863,-121.583503,36.632605,A,0.11922157941803244
2.1211861387943105,0.16425028007554265,7.0,0.2642548517598888,3.1211861387943096,0.15506697147028564,2721889,Monterey,18.759384769524026,-121.58497,36.630669,A,0.10918788028960313
3.0,0.10429110230998319,7.0,0.17750298643486653,4.0,0.09887378570683854,2725392,Monterey,25.41117454501396,-121.556425,36.628605,A,0.078629200728028
3.0,0.3036609009743886,7.031030223911638,0.4287753078297677,4.0,0.30160235099204713,2723821,Monterey,12.135535049185982,-121.620172,36.593633,A,0.12717295683772056
3.0,0.12194218478377125,8.0,0.19685013830120426,4.0,0.11891221151682331,2724509,Monterey,11.283636264747567,-121.600792,36.598463,A,0.07793792678438095
3.0,0.13361665649321547,7.0,0.203868003557997,4.0,0.13043424474491933,2721920,Monterey,16.578985355467292,-121.55447,36.625945,A,0.07343375881307768
3.0,0.1371091865714911,7.0,0.25165206641637244,4.0,0.12898447794868229,2713637,Monterey,9.991305835215153,-121.563051,36.639557,A,0.12266758846769016
3.0,0.10082536407686893,7.1109888395240155,0.1891378378373278,4.0,0.09635844656469153,2722153,Monterey,9.463377416631472,-121.556998,36.631808,A,0.09277939127263626
3.0,0.12918317221184641,7.0,0.22721877686988848,4.0,0.12292206406961183,2722154,Monterey,10.391334341460118,-121.559055,36.627777,A,0.10429671280027665
3.0,0.30561185287300374,7.0,0.46314031488570684,4.0,0.3130098790739474,2725394,Monterey,13.925847830976863,-121.619054,36.591292,A,0.15013043581175944
3.0,0.12770479599880014,7.1464333476098485,0.22412968346196238,4.0,0.12034877060463772,2723564,Monterey,8.86323660145384,-121.564513,36.639998,A,0.10378091285732466
2.0,0.13828243572527268,7.0,0.21858034464120718,2.0,0.13828243572527268,2716268,Monterey,34.49150217759315,-121.589577,36.657038,A,0.0802979089159345
3.0,0.2540217829177237,6.719360688075078,0.38439122454714175,4.0,0.2588392491060955,2701233,Monterey,12.66044268863347,-121.613227,36.769234,A,0.12555197544104624
2.0,0.3305085287124632,7.0,0.3992715045775609,2.0,0.3305085287124632,2716288,Monterey,28.464973810921528,-121.595245,36.717081,A,0.06876297586509766
3.0,0.06181785819820981,7.0,0.13655351343907784,3.0,0.06181785819820981,2725397,Monterey,30.23050194350646,-121.590192,36.671508,A,0.07473565524086803
3.0,0.10769824953173805,7.0,0.23124535192476803,3.0,0.10769824953173805,2716297,Monterey,35.305520794843176,-121.584458,36.688755,A,0.12354710239302998
2.9627996325064725,0.31201532247604513,7.0,0.4467559090458059,3.9627996325064734,0.3273481737317311,2716298,Monterey,4.641248227179473,-121.627858,36.768748,A,0.11940773531407484
2.0,0.13918291123067905,6.979226053491655,0.19758784489909278,3.0,0.13822208045227888,2725398,Monterey,80.1682204102463,-121.628743,36.756028,A,0.05936576444681391
3.0,0.14545875275949188,7.0,0.18502732242749279,4.0,0.14097035617251424,2725400,Monterey,1.803768609104312,-121.616714,36.776403,A,0.04405696625497854
2.0,0.11987373068990678,6.0,0.18245971270500555,3.0,0.11145135657169437,2701624,Monterey,22.145866868231398,-121.651951,36.740131,A,0.07100835613331118
3.0,0.11586947689310147,7.0,0.1955147769504199,4.0,0.10502947094350362,2701640,Monterey,63.71861004767903,-121.592246,36.775342,A,0.09048530600691629
2.0,0.1929762960856679,6.386726586951287,0.2712183860633377,2.0,0.1929762960856679,2722251,Monterey,4.834705283677381,-121.616822,36.719866,A,0.0782420899776698
2.0,0.11646782608284585,7.024416227577671,0.23440822379592477,2.0,0.11646782608284585,2716346,Monterey,8.08753412801238,-121.60612,36.720748,A,0.11794039771307892
2.0,0.18112324291335632,7.0,0.26189645961153374,3.0,0.1888981314695712,2700772,Monterey,3.065789550500418,-121.630024,36.734075,A,0.07299832814196253
2.0252379939125364,0.22668505490001,7.0,0.25269331853260213,2.0252379939125364,0.22668505490001,2717233,Monterey,8.384756839202147,-121.591977,36.710261,A,0.02600826363259212
3.0,0.3622609465603559,7.0,0.43969744113844933,4.0,0.38486461857524756,2716357,Monterey,19.8494358668128,-121.620974,36.7684,A,0.054832822563201766
3.0,0.14497660256151032,7.0,0.25255764369374867,3.0,0.14497660256151032,2700543,Monterey,17.36353051741745,-121.579679,36.684205,A,0.10758104113223835
3.0,0.1572541646883096,7.0,0.26704536711916155,4.0,0.15195208079089143,2700464,Monterey,10.18598060130572,-121.567248,36.649167,A,0.11509328632827012
2.001694000727793,0.08938663041552246,7.0,0.1871852627946086,3.001694000727792,0.07448536873293553,2700459,Monterey,12.354494542926682,-121.612526,36.752114,A,0.11269989406167306
2.0,0.4135536395183146,6.98085373368939,0.4619357173694244,3.0,0.4376505031056568,2716366,Monterey,34.739109679336025,-121.623296,36.74144,A,0.02428521426376762
3.0,0.068805647038585,7.0,0.17206440059762962,3.0,0.068805647038585,2700356,Monterey,7.84572784832107,-121.58766,36.680278,A,0.10325875355904462
3.0,0.12485371531705605,7.0,0.19831194604515415,4.0,0.11138924603293812,2700201,Monterey,18.0603528678205,-121.587671,36.779785,A,0.08692270001221603
3.0,0.1761387593875088,7.0,0.200892342141054,4.0,0.16193020122441928,2723831,Monterey,10.233746109336394,-121.615406,36.776341,A,0.03896214091663472
2.0373958677382658,0.1931306248154124,7.0,0.2518735996737096,2.0373958677382658,0.1931306248154124,2717244,Monterey,6.344110962890723,-121.593709,36.710389,A,0.05874297485829719
3.0,0.2645399416188886,7.0,0.3412223264146353,4.0,0.2786794029635081,2700094,Monterey,17.498171107762992,-121.617249,36.768466,A,0.06254292345112716
2.0,0.13606759156817022,7.711819712658088,0.22171102265232182,3.0,0.12447340123974422,2700053,Monterey,10.834356519398998,-121.572356,36.645873,A,0.0972376214125776
2.0,0.142204326944167,7.896384436358864,0.1875194034604288,2.0,0.142204326944167,2722276,Monterey,16.564592975838917,-121.621088,36.716456,A,0.04531507651626182
3.0,0.1084729540131072,7.0,0.21877470001634694,3.0,0.1084729540131072,2715626,Monterey,4.243218924018026,-121.594995,36.684618,A,0.11030174600323973
2.9924658687639156,0.13649069447567636,7.0,0.2201026439107456,3.389772791058832,0.1464013539966233,2722285,Monterey,12.441728555639498,-121.595869,36.736447,A,0.07370128991412231
3.0,0.11268565157311453,9.0,0.1651202795841789,3.0,0.11268565157311453,2715449,Monterey,10.039228814566169,-121.572071,36.69017,A,0.05243462801106438
2.034485658561025,0.2289422524102662,7.0,0.4239463132657558,3.0344856585610245,0.24224317646509008,2722288,Monterey,43.32772614020355,-121.623402,36.753918,A,0.18170313680066574
3.0,0.5741810028663497,7.317559640203361,0.5644428543654976,3.151830269847477,0.5710935528728472,2725404,Monterey,19.847209201568507,-121.57194,36.664211,A,-0.006650698507349673
2.0,0.154710962967987,7.0,0.24107313089696505,2.0,0.154710962967987,2725405,Monterey,28.089892259776203,-121.589916,36.712574,A,0.08636216792897805
2.0,0.2760063426215137,7.660260968043723,0.2907761949965372,2.0,0.2760063426215137,2716423,Monterey,39.39659356993111,-121.592063,36.655235,A,0.014769852375023484
3.0,0.10853086330248685,7.028605437382398,0.22877991760521998,3.0,0.10853086330248685,2715084,Monterey,34.70325184420596,-121.582464,36.690043,A,0.12024905430273314
3.0,0.08815547475032401,7.0,0.21857210506562627,3.0,0.08815547475032401,2715035,Monterey,16.897065263716183,-121.591299,36.684466,A,0.13041663031530226
2.0,0.15276893097615157,7.0,0.19597497308310227,2.0,0.15276893097615157,2716438,Monterey,20.081528545626973,-121.602576,36.720547,A,0.0432060421069507
2.0058634106409308,0.15556516092060207,7.520129892545228,0.200679518522667,2.0058634106409308,0.15556516092060207,2723834,Monterey,31.433828478764426,-121.605775,36.71589,A,0.04511435760206492
3.0,0.2113694554270604,7.0,0.35473740722029523,4.0,0.2323262428455014,2723835,Monterey,19.522057206759094,-121.609038,36.77603,A,0.12241116437479382
2.0,0.35309195040545194,6.992270912108148,0.369167719296015,3.0,0.3636554925166516,2716456,Monterey,10.237856164124192,-121.615488,36.750457,A,0.005512226779363416
3.0,0.14487954895747332,7.0,0.20149641310789826,4.0,0.14241521855969028,2714591,Monterey,0.6136737424991773,-121.617281,36.776357,A,0.05908119454820798
2.0,0.09859070571330902,7.0,0.14624653615417596,3.0,0.09328431416509855,2717290,Monterey,20.407554504963723,-121.627122,36.761099,A,0.05296222198907741
3.0,0.1402480958525603,7.0,0.25867230686541176,3.0,0.1402480958525603,2714524,Monterey,17.057215862068233,-121.577579,36.685368,A,0.11842421101285147
2.0,0.09753021635376112,6.996296208642971,0.22592629263849404,3.0,0.08663795432954415,2714354,Monterey,6.549428506312388,-121.641361,36.76231,A,0.13928833830894988
2.0147192307467074,0.08862294445084146,7.0,0.18209969313475144,2.8986607169000314,0.0864441379158044,2714246,Monterey,26.488712774982645,-121.610632,36.733741,A,0.09565555521894704
3.0,0.15643978867540773,7.0,0.24437569825868644,4.0,0.14692391534823737,2723838,Monterey,12.249954984047967,-121.567678,36.650318,A,0.09745178291044906
2.0,0.4241643846907477,7.0,0.4801815252790885,2.6677356346664913,0.4382905374434167,2716486,Monterey,16.5260467132702,-121.610283,36.738405,A,0.0418909878356718
3.0,0.13082935758067782,7.0,0.22066631737366005,4.0,0.12288002521597713,2717296,Monterey,23.53986225808262,-121.553475,36.654976,A,0.09778629215768292
2.0,0.289519854873596,7.0,0.3247740434903064,3.0,0.29483295989280695,2714048,Monterey,14.267035033209748,-121.616651,36.748352,A,0.029941083597499474
3.0,0.13438263879583057,7.0,0.2169459737108227,4.0,0.1374867126194902,2723839,Monterey,18.28053865858136,-121.608433,36.770293,A,0.0794592610913325
3.0,0.23905443208670332,6.897886415932714,0.3584429776507513,4.0,0.2542513816604203,2713811,Monterey,15.635844414404758,-121.614628,36.766847,A,0.10419159599033101
2.0,0.19176982391581565,7.0,0.13422586456591606,2.0,0.19176982391581565,2713782,Monterey,3.6420244969342006,-121.675604,36.630852,A,-0.05754395934989959
2.0,0.24302534642204734,6.0,0.25882908741125876,3.0,0.2416848252013742,2725412,Monterey,17.302461441048234,-121.647424,36.745935,A,0.017144262209884575
2.0,0.3990919698638215,6.0,0.418525893615166,3.0,0.41447239277640413,2713736,Monterey,16.367029697881453,-121.647095,36.743382,A,0.004053500838761881
3.0,0.6293444053082947,9.0,0.6468317619915147,4.0,0.6261171752303024,2713586,Monterey,2.290159087219585,-121.55391,36.667511,A,0.020714586761212295
3.0,0.10654614781613053,7.0,0.2681021674596941,3.0,0.10654614781613053,2713585,Monterey,14.421424546270366,-121.589919,36.683435,A,0.1615560196435636
3.0,0.11895237943305252,8.811323632850566,0.20353201841928653,3.0,0.11895237943305252,2713574,Monterey,9.160688489192175,-121.571371,36.692474,A,0.08457963898623401
3.0,0.5925989255778203,7.0,0.5993521141424918,3.0,0.5925989255778203,2725414,Monterey,19.15272054769483,-121.573653,36.666184,A,0.006753188564671442
3.0,0.2694377596163518,7.070434043522646,0.4053693062087363,3.0,0.2694377596163518,2717321,Monterey,35.39763995895179,-121.591453,36.705859,A,0.1359315465923845
3.0,0.11397624123590495,7.0,0.23372796210220603,3.0,0.11397624123590495,2716539,Monterey,35.123062391055434,-121.580341,36.691139,A,0.11975172086630108
3.0,0.1364771818862553,7.0,0.2485140422905366,4.0,0.1336996042060187,2713148,Monterey,9.813197952130242,-121.550262,36.654912,A,0.11481443808451791
2.226384732652022,0.09922068317250243,7.0,0.211248009283009,3.226384732652024,0.08836040343851793,2713116,Monterey,13.712503193073148,-121.610232,36.751467,A,0.12288760584449106
3.0,0.1736699066160596,7.0,0.3049849901168331,4.0,0.17086072443506167,2723842,Monterey,13.517308007243551,-121.605016,36.765079,A,0.13412426568177144
2.0,0.1868853645421792,6.0,0.24789916130238265,3.0,0.18735771335115295,2725415,Monterey,85.08178613300538,-121.653194,36.737015,A,0.060541447951229704
3.0,0.09098855850559304,7.0,0.16548835344499324,4.0,0.07903826646646867,2712783,Monterey,2.401807259127682,-121.595908,36.773069,A,0.08645008697852458
2.0,0.4259777885160029,6.9143996670944965,0.4920708471014899,3.0,0.45104339801872667,2716563,Monterey,30.90929238829117,-121.622664,36.743372,A,0.041027449082763234
2.043701073498669,0.09390302707207128,7.0,0.20280831153780512,3.016338394883575,0.09449023958876204,2712749,Monterey,22.52217150603559,-121.612321,36.736768,A,0.10831807194904308
3.0,0.13895844051612607,7.0,0.20999900979393893,4.0,0.12810500946247977,2712663,Monterey,22.77520825519454,-121.555283,36.649382,A,0.08189400033145916
3.0,0.06669446925969982,7.0,0.1381516893791201,3.0,0.06669446925969982,2718782,Monterey,12.867805516412808,-121.575373,36.67786,A,0.07145722011942027
3.0,0.2529028131944098,6.309230213600242,0.42409091372720326,4.0,0.2726829871587834,2712311,Monterey,9.017124381365466,-121.611136,36.767299,A,0.15140792656841984
2.0,0.10291196784908722,6.514558380512536,0.24005066149512988,3.0,0.09408498246239232,2717353,Monterey,24.508184313174453,-121.643853,36.761026,A,0.14596567903273755
2.0049230552168265,0.15524662763542732,6.821167625747026,0.20537332740704703,2.0049230552168265,0.15524662763542732,2712282,Monterey,15.388896005700662,-121.603991,36.711017,A,0.05012669977161971
2.0,0.36623942473614723,6.684225352112676,0.4375101736637594,3.0,0.38706707046013067,2712026,Monterey,22.02534843399636,-121.626304,36.745648,A,0.050443103203628714
3.0,0.18287627514719293,7.0,0.3339506150315235,4.0,0.18732189409003983,2722355,Monterey,8.65809038246627,-121.622751,36.768983,A,0.1466287209414837
3.0,0.6344430405387387,8.95062482312814,0.45532416684151605,4.0,0.6146100220668302,2711800,Monterey,5.210270875095283,-121.553191,36.664337,A,-0.1592858552253142
2.6776139510515677,0.10685848747937364,7.0,0.13257991937387492,3.6776139510515677,0.10172756605748642,2723845,Monterey,5.179986221931061,-121.612117,36.755256,A,0.030852353316388498
3.0,0.17561706224537835,8.094876049789766,0.22617213666905137,3.0,0.17561706224537835,2725417,Monterey,42.93547183215965,-121.571432,36.660709,A,0.05055507442367302
2.0,0.3964404211900679,6.0,0.39590814381972605,3.0,0.4121540575260286,2711691,Monterey,28.047889718594607,-121.650635,36.744516,A,-0.016245913706302573
2.2307173953769284,0.4093828540197752,7.0,0.46876528855880256,2.334064047466594,0.41148919051441946,2711665,Monterey,27.724296265392933,-121.608344,36.735907,A,0.057276098044383106
2.0,0.15908678361463735,7.0331852549204195,0.24058566238147105,2.0,0.15908678361463735,2717366,Monterey,13.177270955251334,-121.613675,36.716358,A,0.0814988787668337
3.0,0.14219430510032124,7.297570388562404,0.2519812958815434,3.0,0.14219430510032124,2711595,Monterey,17.666037470509835,-121.575516,36.686553,A,0.10978699078122214
3.0,0.06304554126697653,7.0,0.1388238198356429,3.0,0.06304554126697653,2711524,Monterey,15.05504276287906,-121.590935,36.669294,A,0.07577827856866637
2.0,0.10540218449431686,7.0,0.22342588774639677,3.0,0.1290941595996322,2711438,Monterey,3.148853347574614,-121.629043,36.733525,A,0.09433172814676458
2.0,0.145180342581578,6.692056068234061,0.22685975315343979,2.0,0.145180342581578,2716656,Monterey,38.82583669054589,-121.611979,36.718904,A,0.08167941057186179
3.0,0.08296250865605985,7.0,0.2167352027057761,3.0,0.08296250865605985,2711060,Monterey,11.578624624499776,-121.58893,36.681764,A,0.13377269404971626
2.0,0.16462093996689214,7.0,0.20266515187427908,2.0,0.16462093996689214,2722386,Monterey,22.530673288165083,-121.602328,36.724188,A,0.03804421190738694
2.0,0.16180717398709024,6.221736437883412,0.2106132401167237,2.0,0.16180717398709024,2717377,Monterey,14.649474757831408,-121.603257,36.712644,A,0.04880606612963345
3.0,0.1357379787322741,7.333366379401913,0.28921538813123765,3.0,0.1357379787322741,2716683,Monterey,10.933061410719192,-121.57197,36.693854,A,0.15347740939896354
3.0,0.1283365185627816,7.0,0.2776429146233945,3.0,0.1283365185627816,2710825,Monterey,3.961290453571468,-121.593411,36.682776,A,0.1493063960606129
2.534911610012662,0.09354842456256415,7.0,0.1993394066128176,3.534911610012663,0.08365667259996505,2710761,Monterey,12.739715687137505,-121.611376,36.754114,A,0.11568273401285255
3.0,0.24935784616737997,7.0,0.33167987353621264,4.0,0.2586469077916753,2722389,Monterey,4.078113293240101,-121.626576,36.772235,A,0.07303296574453733
3.0,0.1596735336693702,6.996769224989669,0.23530919048121368,4.0,0.15251278547333114,2716695,Monterey,8.247389890139171,-121.619011,36.774565,A,0.08279640500788255
2.0,0.24611794596530293,6.077254305977713,0.23558408260588357,3.0,0.23718074682068263,2710593,Monterey,10.401586583705296,-121.644385,36.74482,A,-0.001596664214799065
2.0,0.579954224279897,7.0,0.5297326758035847,2.0,0.579954224279897,2710539,Monterey,7.007761135792172,-121.67107,36.626312,A,-0.05022154847631222
3.0,0.16814711040351604,7.0,0.27540558310241003,4.0,0.16322942248183098,2710464,Monterey,11.37305055777757,-121.555298,36.652399,A,0.11217616062057906
3.0,0.18187393696345602,7.0,0.23039040867281096,4.0,0.1792831255287832,2709995,Monterey,0.441280531174219,-121.617728,36.776125,A,0.051107283144027765
3.0,0.08867825223638331,7.0,0.2299379613972621,4.0,0.07992774899958247,2722411,Monterey,8.025400716547923,-121.583208,36.779979,A,0.15001021239767964
2.0,0.5102997135617366,7.0,0.4952605454051545,2.0,0.5102997135617366,2709503,Monterey,16.31424908765158,-121.597818,36.720368,A,-0.015039168156582128
2.1163850321099273,0.52819171239741,7.0,0.5223006203070836,2.1163850321099273,0.52819171239741,2709445,Monterey,2.165263433811911,-121.604564,36.709922,A,-0.005891092090326455
2.879420074973424,0.4879800954808579,6.941809339972771,0.4970711019028681,2.879420074973424,0.4879800954808579,2725422,Monterey,33.24579013450068,-121.602139,36.707081,A,0.009091006422010162
3.0,0.14333849905377458,7.0,0.25414639748897444,3.0,0.14333849905377458,2709266,Monterey,17.228643907408678,-121.580724,36.683625,A,0.11080789843519986
3.0,0.14394349998836362,7.0,0.2553040389680386,3.0,0.14394349998836362,2709265,Monterey,16.052487125484454,-121.578529,36.684701,A,0.11136053897967499
3.0,0.1410356948567652,7.0,0.26272438087382394,3.0,0.1410356948567652,2709264,Monterey,17.06395457349719,-121.576577,36.685996,A,0.12168868601705873
3.0,0.17708548829977017,9.0,0.22962601491593473,3.0,0.17708548829977017,2709232,Monterey,19.664208444239307,-121.559214,36.680455,A,0.05254052661616457
3.0,0.3831695415791581,7.171426098996188,0.2922986565532661,4.0,0.3728694757287694,2723851,Monterey,11.657205085074054,-121.557411,36.658781,A,-0.0805708191755033
3.0,0.10006279502963462,7.0,0.2037994624521545,3.0,0.10006279502963462,2722443,Monterey,25.667821555499703,-121.588343,36.673201,A,0.10373666742251987
2.0,0.09587041859311962,7.0,0.1944804038118062,3.0,0.08569472012695421,2722446,Monterey,18.89319320689746,-121.61371,36.747416,A,0.10878568368485199
2.0,0.23405460340500972,7.0,0.31821985299921557,2.0,0.23405460340500972,2701313,Monterey,23.038395789009915,-121.597831,36.717239,A,0.08416524959420585
3.0,0.26977979110046185,7.0,0.33355168270335916,4.0,0.279847610173263,2719232,Monterey,4.020014066116352,-121.610235,36.772663,A,0.05370407253009618
2.0,0.1676393974971049,6.97266816947075,0.21204515623595843,2.0,0.1676393974971049,2722450,Monterey,23.15384293655372,-121.6024,36.722245,A,0.044405758738853524
3.0,0.5793134081426229,6.988946827739564,0.5958996289536721,3.0,0.5793134081426229,2725427,Monterey,17.892731890630667,-121.575317,36.668045,A,0.016586220811049213
2.0,0.20116768788453937,6.0,0.21640736181080064,3.0,0.20676471993940118,2701450,Monterey,9.246900042105729,-121.655931,36.746896,A,0.00964264187139946
2.0,0.41431755473179543,6.999958252648552,0.4764518244928245,3.0,0.4371302137838853,2717058,Monterey,24.14101763366336,-121.62213,36.745262,A,0.03932161070893925
3.0,0.18560877573860685,7.071939282710103,0.3147795171256622,4.0,0.17772373256766077,2717084,Monterey,36.5271677997698,-121.55553,36.656805,A,0.13705578455800144
3.0,0.1554400009890819,7.0,0.2474106556160944,3.846983916039357,0.1485906723752821,2722478,Monterey,17.061098819044773,-121.558118,36.653441,A,0.09881998324081231
2.5067176870748304,0.5377612176495383,7.147852891156462,0.5365885867292164,3.506717687074832,0.5334885707424422,2723855,Monterey,7.30447026726625,-121.571175,36.648179,A,0.0031000159867742294
3.0,0.08426702036874455,6.992746181789217,0.19814915880848902,3.0,0.08426702036874455,2722482,Monterey,27.295529432607637,-121.585908,36.674571,A,0.11388213843974447
2.0,0.422145231965102,6.0,0.39970139000604255,3.0,0.4403085389972377,2713002,Monterey,16.5251025937266,-121.654915,36.745159,A,-0.04060714899119516
2.0,0.1020975726588067,7.0,0.19028324805554922,3.0,0.08833972321234503,2722487,Monterey,22.253393564227835,-121.612455,36.7496,A,0.1019435248432042
2.0,0.4309541461462061,7.0,0.28582872855296676,3.0,0.3986251854190752,2712505,Monterey,2.895159841046956,-121.62811,36.732973,A,-0.11279645686610845
2.6447031993816,0.1252373255548953,7.0,0.21546200021575368,2.6447031993816,0.1252373255548953,2712382,Monterey,22.209591679433792,-121.597613,36.664004,A,0.09022467466085837
3.0,0.07961236283737791,7.0,0.19868941345470167,3.0,0.07961236283737791,2712364,Monterey,11.05188754996759,-121.590772,36.680654,A,0.11907705061732377
3.0,0.15770685514104604,9.0,0.20857968812861372,3.0,0.15770685514104604,2722494,Monterey,27.258584477956123,-121.555602,36.674114,A,0.05087283298756767
3.0,0.283954131868684,7.0,0.33890468149954717,4.0,0.2861916675776745,2723858,Monterey,8.133776065301593,-121.607035,36.775,A,0.052713013921872665
2.0,0.3016758616856973,7.0,0.38588447057595326,3.0,0.30009782238842814,2709641,Monterey,0.9956461982675542,-121.629212,36.731215,A,0.08578664818752513
2.0,0.32787930574745194,7.0,0.3807494857989948,3.0,0.3255540168394872,2709639,Monterey,2.1955645949669784,-121.628714,36.7321,A,0.05519546895950761
2.0,0.1420294015140171,7.073222561484183,0.19132706292433505,2.0,0.1420294015140171,2722510,Monterey,32.05832119778528,-121.605548,36.718326,A,0.04929766141031794
3.0,0.059009669084390835,6.926704061205479,0.17209344993622352,3.0,0.059009669084390835,2717145,Monterey,7.82087958135266,-121.589636,36.679259,A,0.11308378085183268
2.0,0.5517237055135396,6.720837493759362,0.5187246857306774,2.0,0.5517237055135396,2722576,Monterey,12.442454697170415,-121.673323,36.625016,A,-0.03299901978286213
2.679315420093555,0.09918780018370377,7.998259375932185,0.17284194096544173,3.679315420093554,0.08860980020433165,2722579,Monterey,23.671902190440782,-121.617948,36.621381,A,0.08423214076111007
2.0004455415738454,0.39702471886075763,7.785983502920098,0.2211266729171231,3.000445541573846,0.3606781538536636,2725434,Monterey,6.436438737869787,-121.571902,36.647215,A,-0.1395514809365405
2.2843188940632047,0.6200935721137287,8.955803532202792,0.6002926023578409,3.2843188940632047,0.6155896389360108,2723862,Monterey,5.288955222396686,-121.573602,36.648135,A,-0.015297036578169942
3.0,0.10482739380947943,7.9007656922642315,0.21595309074831928,3.0,0.10482739380947943,2725435,Monterey,36.79630720713228,-121.571081,36.68341,A,0.11112569693883985
2.6289599157941033,0.07819468577674996,7.0,0.15257468705135493,2.6289599157941033,0.07819468577674996,2722628,Monterey,19.77345612525683,-121.595659,36.664983,A,0.07438000127460498
3.0,0.23110784987897226,7.0,0.32072825619053147,3.0936379857569194,0.2321891968856571,2722629,Monterey,14.755394172478532,-121.562966,36.652823,A,0.08853905930487438
3.0,0.07246559948935964,7.0,0.15010004246662026,3.0,0.07246559948935964,2718783,Monterey,12.190300524582314,-121.576958,36.676983,A,0.07763444297726062
3.0,0.09543148807968022,7.0,0.187522780390613,3.0,0.09543148807968022,2718971,Monterey,10.047494844202577,-121.577205,36.679857,A,0.09209129231093277
3.0,0.1121190231904298,7.0,0.22731048636523768,3.0,0.1121190231904298,2722636,Monterey,9.724432343746392,-121.573091,36.683088,A,0.11519146317480788
3.0,0.0826222976801628,7.0,0.17146633574932077,3.0,0.0826222976801628,2722637,Monterey,13.779611354977655,-121.575874,36.681775,A,0.08884403806915797
3.0,0.08664598627739444,7.0,0.16508183023667658,3.0,0.08664598627739444,2716573,Monterey,18.056525236488746,-121.574252,36.679242,A,0.07843584395928214
2.0,0.1468524386220235,7.0,0.2409003954486824,3.0,0.14555637900390145,2723866,Monterey,1.6291202029042515,-121.630585,36.733328,A,0.09534401644478094
2.0,0.12302021747376682,7.0,0.25519168208616966,3.0,0.14614084394035387,2718953,Monterey,1.897573389250322,-121.62978,36.732775,A,0.10905083814581579
2.0,0.31607916065105657,6.871336080047085,0.37033994221759814,2.0,0.31607916065105657,2722688,Monterey,7.900988759908848,-121.5991,36.712711,A,0.05426078156654157
2.0,0.060664131077822495,7.0,0.10105803323965537,2.0,0.060664131077822495,2722690,Monterey,2.632537073399416,-121.593555,36.714277,A,0.040393902161832876
2.0,0.10987159330727438,7.0,0.16540588842474815,2.0,0.10987159330727438,2725437,Monterey,13.616853795279368,-121.593109,36.716682,A,0.05553429511747378
2.0,0.16896284522247967,6.337799774666019,0.23852397661021166,2.0,0.16896284522247967,2722693,Monterey,7.716795065667997,-121.616336,36.717954,A,0.06956113138773198
2.0,0.16998630577014595,6.969924915143826,0.24984338726042057,2.0,0.16998630577014595,2722694,Monterey,11.306197470357704,-121.61759,36.716536,A,0.07985708149027462
2.0,0.247724976519333,7.205037873924765,0.3462409363625245,2.0,0.247724976519333,2722695,Monterey,15.099401974669547,-121.619826,36.719894,A,0.0985159598431915
2.0,0.1761885863285495,7.0,0.27387036999112563,2.0,0.1761885863285495,2722701,Monterey,16.117056551011682,-121.615164,36.725171,A,0.09768178366257613
2.0,0.4292044995225886,6.0,0.41059951279399176,3.0,0.447202455349314,2722771,Monterey,21.646570685993492,-121.654784,36.742983,A,-0.03660294255532226
3.0,0.18680560168976318,6.981761311070971,0.23332424706539934,4.0,0.16588350178853492,2723870,Monterey,3.5171946533205625,-121.596868,36.77366,A,0.06744074527686442
3.0,0.08011218015082629,6.536244423718713,0.16561179977650972,4.0,0.07418882333398746,2723871,Monterey,6.893563691978013,-121.598347,36.773515,A,0.09142297644252226
3.0,0.2307347222825459,7.0,0.36523497822598505,4.0,0.2400936505818905,2713418,Monterey,9.57795145337216,-121.611108,36.770404,A,0.12514132764409455
3.0,0.2781564604795053,7.0,0.3941841524528227,4.0,0.28633977085551787,2716839,Monterey,4.51684210473033,-121.609456,36.77221,A,0.1078443815973048
3.0,0.16092954312726668,7.0,0.26397684769625696,4.0,0.16292765439734788,2723873,Monterey,4.906957642272972,-121.62022,36.765722,A,0.10104919329890907
2.727051840748509,0.13533600158784093,7.0,0.22210046637883196,3.7270518407485094,0.13319450265673194,2722827,Monterey,25.647940896665016,-121.622274,36.764802,A,0.08890596372210002
3.0,0.2945129794075181,7.0,0.3988634568557572,4.0,0.3129209396881036,2711466,Monterey,4.851688675743119,-121.616519,36.7696,A,0.08594251716765361
3.0,0.1864629541217296,7.0,0.24159278525562794,4.0,0.18388554518079125,2723875,Monterey,16.473125065243064,-121.625081,36.771631,A,0.057707240074836685
2.0,0.13430340518245498,6.999001101442493,0.2836939407114022,3.0,0.13659903403343768,2723876,Monterey,64.25377177861496,-121.634044,36.763731,A,0.14709490667796452
2.0,0.35694503639808045,6.0,0.37228067693866934,3.0,0.378688990918796,2722842,Monterey,22.559504879318037,-121.651493,36.741955,A,-0.006408313980126645
2.0,0.4118323243063718,6.454648911197413,0.4175022000000302,3.0,0.4367408352551051,2722843,Monterey,35.81141247332543,-121.624149,36.739629,A,-0.01923863525507491
2.0,0.4119411883179228,6.647331122558208,0.40900510534258633,3.0,0.4353082138297415,2722844,Monterey,35.50715473501947,-121.625138,36.737898,A,-0.02630310848715517
2.0,0.36354339497996346,6.0,0.3861280698617404,3.0,0.38592982948734866,2722853,Monterey,17.45561877763174,-121.648219,36.741225,A,0.000198240374391756
3.0,0.2610533085185878,6.999375211077341,0.3955371465062598,4.0,0.2890120113373548,2723658,Monterey,13.770660781900077,-121.609903,36.768511,A,0.106525135168905
3.0,0.25171442900927815,7.0,0.3878382186393702,4.0,0.2621839809403573,2723659,Monterey,5.609948396310327,-121.606904,36.771676,A,0.1256542376990129
2.096007899980224,0.17256114423861418,7.0,0.2392406060600879,3.0960078999802225,0.17498024824123187,2725438,Monterey,57.611118766416496,-121.624101,36.760227,A,0.06426035781885603
2.0,0.21487019458658033,7.0,0.30468134434929783,2.0,0.21487019458658033,2723618,Monterey,20.894424078170964,-121.600281,36.71718,A,0.08981114976271751
2.0,0.5455302398922113,6.559579803012177,0.5126570989146185,2.0,0.5455302398922113,2723705,Monterey,9.465577856482954,-121.676829,36.62581,A,-0.03287314097759275
3.0,0.1655245068954555,9.0,0.20752941995715599,3.0,0.1655245068954555,2716739,Monterey,29.64329504776501,-121.557411,36.677659,A,0.04200491306170048
3.0,0.1867076447496772,7.0,0.2693784319147291,4.0,0.17931515344427565,2723750,Monterey,10.42145586084436,-121.551741,36.65308,A,0.09006327847045345
2.0,0.6089478856864614,6.958801355519169,0.5726307916912772,2.0,0.6089478856864614,2722916,Monterey,22.44683459066948,-121.678674,36.624287,A,-0.036317093995184235
2.0,0.23355930596695376,7.0,0.30771435919444795,2.0,0.23355930596695376,2725441,Monterey,21.930924201953747,-121.602261,36.717444,A,0.07415505322749419
2.0,0.15546249064797515,7.086285288463615,0.21041295648327313,2.0,0.15546249064797515,2724566,Monterey,14.361318132831713,-121.62046,36.718371,A,0.054950465835297974
3.0,0.11687585017951359,7.0,0.20422884634275357,4.0,0.10831025196430792,2724535,Monterey,4.594895466267587,-121.609557,36.753063,A,0.09591859437844565
3.0,0.09724190010379971,7.0,0.1538560675886557,4.0,0.08630707936537317,2724522,Monterey,13.377667001254949,-121.589188,36.777636,A,0.06754898822328252
3.0,0.1253552707792617,7.0,0.1929630995182722,4.0,0.12355786217573188,2724545,Monterey,1.960729945624284,-121.61686,36.77531,A,0.06940523734254032
2.0,0.1922511439700087,7.0,0.28993626516609355,3.0,0.19696874832259928,2723883,Monterey,8.916374563094704,-121.627614,36.765461,A,0.09296751684349427
3.0,0.13308040980807004,7.0,0.2691168754100747,3.281725717789247,0.1401816051214592,2722264,Monterey,36.9051010172328,-121.59126,36.73761,A,0.12893527028861548
3.0,0.08606766704364854,8.577873317976934,0.15734783250853301,3.0,0.08606766704364854,2725442,Monterey,74.90701646967979,-121.567729,36.684652,A,0.07128016546488447
3.6804295439149795,0.11316020187606453,8.0,0.1777071963508072,4.680429543914981,0.11211245262060801,2711876,Monterey,7.0025868211354325,-121.539141,36.626921,A,0.06559474373019919
3.0,0.18085082530402968,7.014626711227335,0.2527395405729908,4.0,0.17317195937399826,2724499,Monterey,11.10340207142775,-121.558748,36.616411,A,0.07956758119899254
2.0,0.29571210052864977,7.0,0.3406866393401581,3.0,0.3009710713207572,2723887,Monterey,0.3093564386744006,-121.629873,36.731183,A,0.039715568019400904
3.0,0.22271888956643615,7.0,0.18503510729627434,4.0,0.20903819558409428,2700165,Monterey,1.6853013605466478,-121.616252,36.776693,A,-0.02400308828781994
3.0,0.1155672215240547,7.0,0.1895375196592229,4.0,0.10968206609219924,2725450,Monterey,2.270141176026332,-121.617492,36.775142,A,0.07985545356702364
3.0,0.7037742606934414,9.0,0.6861398008938469,4.0,0.7081690063058597,2724533,Monterey,2.20402624625054,-121.552229,36.668026,A,-0.02202920541201281
3.065664769276402,0.15112504079486686,7.357681605672398,0.27506339826724996,3.9930436870577264,0.15648862086548498,2716276,Monterey,11.00079153352502,-121.614402,36.583946,A,0.11857477740176497
3.000210761974793,0.33049649935696196,7.182496452173422,0.45234797279823136,3.0304152947623306,0.3307827409737036,2716314,Monterey,16.57895515667521,-121.6229,36.580981,A,0.12156523182452778
3.9244946881672536,0.12121473629152585,7.999724911251128,0.24826911230218876,4.924494688167253,0.1181994689194827,2715387,Monterey,5.928900124406265,-121.605144,36.587273,A,0.13006964338270605
3.188544243097268,0.12089652896615101,8.0,0.27318669008613394,4.188544243097268,0.12243367543242928,2721833,Monterey,12.30535776563927,-121.605197,36.591598,A,0.15075301465370466
4.0,0.48092724978964196,8.0,0.6133501665093788,5.0,0.4870584834265408,2713102,Monterey,4.590621355675118,-121.588432,36.575171,A,0.126291683082838
3.1980795976299796,0.5242412137690039,7.0,0.3258498945269751,3.9301472689515897,0.5035761485992357,2716585,Monterey,8.16767299701615,-121.619135,36.581892,A,-0.17772625407226061
4.0,0.32495349934473783,8.0,0.5098823504767962,5.0,0.33330237550635744,2711496,Monterey,4.09711467184544,-121.587586,36.574704,A,0.17657997497043876
4.0,0.10922141470462621,8.0,0.06428893976582711,5.0,0.10398836615843386,2711495,Monterey,21.539623332374315,-121.575838,36.577702,A,-0.03969942639260675
3.0,0.1463471682640247,7.230605467086777,0.26448490811764236,3.9371455335093244,0.1481097433307777,2716747,Monterey,9.127258796446382,-121.61337,36.585843,A,0.11637516478686466
3.209566359612793,0.13833797589761912,7.223611076250318,0.21100965366484964,4.209566359612795,0.1337518180390182,2725487,Monterey,27.86074454964981,-121.608293,36.587324,A,0.07725783562583144
3.040854963701484,0.15106834573938702,7.1765075717081155,0.28671243769881605,4.0408549637014834,0.14728990181018148,2725491,Monterey,32.97113058259024,-121.610497,36.588255,A,0.13942253588863457
3.7570172515444367,0.13413522810628914,8.0,0.24565648952263786,4.757017251544436,0.13402234552048203,2711967,Monterey,6.063554974102309,-121.603993,36.586992,A,0.11163414400215582
3.998159582204007,0.1722329485530091,7.9784253321874825,0.2874162584253224,4.758654062272759,0.16871368763908146,2721900,Monterey,29.37130427491084,-121.611318,36.581231,A,0.11870257078624097
4.0,0.17622340915124818,7.809958225826269,0.26299741914746894,5.0,0.18021235534006336,2715362,Monterey,10.114389043145565,-121.603725,36.584036,A,0.08278506380740558
4.0,0.2055577772995294,7.956574554523149,0.2949849401474152,5.0,0.20106856765295283,2721901,Monterey,9.657931999645797,-121.605652,36.583653,A,0.09391637249446239
3.290145331966858,0.28726250614371973,7.0,0.36362510139103127,3.8138590144097204,0.29030834343768036,2725500,Monterey,6.292872107276397,-121.618706,36.584418,A,0.07331675795335091
3.0,0.3092057443754807,7.0,0.426080302616494,3.7118973444590244,0.3144790378857136,2721903,Monterey,7.756022939216538,-121.618173,36.587064,A,0.11160126473078041
3.0,0.3781670737029068,7.121894323693862,0.4217274376933064,3.003270756964247,0.3781198274997895,2721904,Monterey,6.295518711667221,-121.617055,36.585804,A,0.04360761019351689
3.0,0.1752748225713668,7.985037628582879,0.2792110662955416,3.9912867936291176,0.18204396910653897,2717510,Monterey,5.236566591404907,-121.614225,36.587638,A,0.09716709718900263
3.003108430877645,0.290813677112816,7.0035912116951495,0.38380153301910835,3.5748310267138717,0.29302329628231705,2722224,Monterey,18.3248593319979,-121.622936,36.583575,A,0.0907782367367913
2.0,0.10979356294124167,7.0,0.1938613981044786,3.0,0.10421355961006425,2702910,Monterey,1.7497028972600788,-121.716482,36.80148,A,0.08964783849441436
2.0,0.1802988002704354,8.0,0.1498349063345976,2.0,0.1802988002704354,2701547,Monterey,0.858299155455523,-121.716658,36.876239,A,-0.030463893935837816
2.0,0.18295203375083754,7.0,0.20488302666012953,3.0,0.1786455766216094,2700609,Monterey,2.0782964812269524,-121.728235,36.818608,A,0.026237450038520127
2.0,0.2070230420259182,7.0,0.31249221678852895,3.0,0.20985373077520006,2722263,Monterey,4.57124107653444,-121.703011,36.857694,A,0.1026384860133289
2.0,0.6431198273360136,8.0,0.6140798728484536,2.0,0.6431198273360136,2700262,Monterey,0.910081369364022,-121.721372,36.872034,A,-0.029039954487560027
2.0,0.10401146621631215,8.0,0.2347676579759469,2.0,0.10401146621631215,2715149,Monterey,11.985923669649075,-121.669691,36.895052,A,0.13075619175963477
2.0,0.09069743874326058,8.0,0.11931871255043958,2.0,0.09069743874326058,2712897,Monterey,9.153888865917894,-121.70834,36.912809,A,0.028621273807178993
2.0,0.10419959906034326,8.0,0.25801200988163336,2.19800492811232,0.10251732796130056,2712848,Monterey,26.61444739713056,-121.672716,36.89593,A,0.1554946819203328
2.0,0.29979363358898514,7.83085305105853,0.4701885468821746,3.0,0.3205721325434716,2712565,Monterey,2.4874567353444883,-121.693633,36.781759,A,0.14961641433870299
2.0,0.5303937951416845,7.0,0.408826127178733,3.0,0.574368270925041,2712316,Monterey,12.929972579041412,-121.706815,36.761735,A,-0.16554214374630793
2.0,0.14416387470124967,7.0,0.21931434319769227,3.0,0.14109535245112087,2712271,Monterey,4.994474139255338,-121.72431,36.818775,A,0.0782189907465714
2.0,0.5147707695332867,6.994127243066885,0.48660954028416614,2.2083197389885814,0.5139202858942759,2712127,Monterey,0.4776706950289649,-121.703126,36.87558,A,-0.02731074561010971
2.0,0.14023200064505334,7.0,0.21950992336491623,3.0,0.1356495953933664,2712071,Monterey,2.835930758492633,-121.722426,36.818827,A,0.08386032797154983
2.0,0.3748461870438109,7.0,0.31723340315077064,3.0,0.3595704800469627,2711934,Monterey,1.0789736907747691,-121.713344,36.800261,A,-0.04233707689619204
2.0,0.21851055469322891,6.486577229771774,0.23541534113235113,3.0,0.20598739866864332,2725545,Monterey,5.352412506072407,-121.716313,36.865391,A,0.029427942463707807
2.0,0.41194227354293095,6.0,0.37792152037551374,3.0,0.4467411905062209,2711369,Monterey,4.089743050252847,-121.67303,36.690723,A,-0.06881967013070717
2.0,0.6141957016968164,7.0,0.6271442496547331,3.0,0.644363179843454,2711353,Monterey,1.3112872138109553,-121.73156,36.791407,A,-0.017218930188720893
2.0,0.14705069964370587,7.996588504250214,0.2979593073697717,2.034546702810591,0.1469383277896787,2719003,Monterey,10.922485760816588,-121.691473,36.900969,A,0.15102097958009303
2.0,0.24021377970837834,6.9074715529493815,0.18613207024000286,2.0,0.24021377970837834,2710752,Monterey,9.09439671497452,-121.716621,36.907066,A,-0.05408170946837548
2.0,0.6077721550276916,6.939554474224647,0.596524175238997,3.0,0.6318297712650449,2709714,Monterey,5.930803812957799,-121.69591,36.737847,A,-0.03530559602604788
2.0,0.30630333372675467,6.0,0.4304573420983009,3.0,0.2717150911860426,2708599,Monterey,0.9299777190692587,-121.675787,36.728485,A,0.1587422509122583
2.0,0.44171470664027424,6.759742539496783,0.3832323806075899,3.0,0.455731361412109,2709697,Monterey,0.6628081727590917,-121.69179,36.735887,A,-0.07249898080451911
2.0,0.10763769646109723,8.0,0.10937258038562406,2.5171045473455145,0.10490899383575898,2718734,Monterey,4.839863407673088,-121.708938,36.913594,A,0.004463586549865076
2.0,0.1255583606399508,8.0,0.12590019700418462,2.0,0.1255583606399508,2718735,Monterey,4.236827477034816,-121.710037,36.912349,A,0.0003418363642338218
2.0,0.1651474034412376,7.0,0.14578470805745491,2.0,0.1651474034412376,2719062,Monterey,3.500765919080781,-121.718187,36.908574,A,-0.019362695383782685
2.0,0.14611341900945318,8.0,0.2165914736104623,2.0,0.14611341900945318,2719004,Monterey,4.290382159866916,-121.693056,36.905293,A,0.07047805460100912
2.0,0.12438049352299245,8.0,0.23442295638983093,2.2635806213504255,0.12083221233246937,2719005,Monterey,10.607235266705226,-121.691578,36.903823,A,0.11359074405736157
2.0,0.1407572848294836,8.0,0.2714637429082976,2.3035182802407035,0.13594169962936584,2711040,Monterey,11.914264395254364,-121.691391,36.90281,A,0.13552204327893178
2.0,0.1296035671994137,8.0,0.27908942445177454,2.259914352170542,0.12585832028552077,2719006,Monterey,10.685250411797968,-121.691445,36.90188,A,0.15323110416625377
2.0,0.2815712185515255,7.0437860045549945,0.4651516847655485,3.0,0.29870390343740866,2718008,Monterey,3.458324235480032,-121.662924,36.860224,A,0.16644778132813987
2.0,0.2859161447738818,7.0,0.34593412593749145,3.0,0.30476696495631084,2722877,Monterey,9.673570675968964,-121.702074,36.745403,A,0.04116716098118062
2.0,0.3801995647940096,7.7570732718416435,0.4805704730726275,3.0,0.41155644734080743,2723964,Monterey,0.7486106676131731,-121.693136,36.782178,A,0.06901402573182008
2.0,0.0783946178439799,7.73200087013922,0.12628047530486466,2.59696051368219,0.07425509637479172,2715780,Monterey,20.62735105813422,-121.704199,36.916619,A,0.052025378930072946
2.0,0.3704225387883477,9.0,0.43448306902812506,3.0,0.388685191912847,2715782,Monterey,19.541182619798636,-121.736447,36.742945,A,0.04579787711527805
2.0,0.12107285912304092,8.0,0.08490482461077956,3.0,0.11086141997882747,2715784,Monterey,24.369177660409044,-121.739813,36.893976,A,-0.02595659536804791
2.0,0.24357787605898984,6.0325624079276805,0.3209808138144909,3.0,0.25472044393480314,2722227,Monterey,9.637662444586358,-121.673274,36.731368,A,0.06626036987968775
4.0,0.0925416238879133,14.0,0.10109373287281895,6.0,0.08418951429545748,2725551,Monterey,35.6506592233233,-121.789806,36.872416,A,0.016904218577361463
2.0,0.2903493604723959,7.0,0.4476136057627656,3.0,0.3043861856513229,2718007,Monterey,4.12290959363588,-121.663014,36.860869,A,0.14322742011144268
2.54254354392886,0.16774710396059306,11.441445947679872,0.549596520998015,3.8138153158932893,0.18983920604179874,2701086,Monterey,35.56877453114786,-121.769159,36.735193,A,0.3597573149562163
2.0,0.6692219220683203,9.0,0.6414474647643961,3.0,0.6438699859272629,2701104,Monterey,3.36462436471706,-121.732239,36.757463,A,-0.0024225211628667864
2.0,0.12801001681482807,7.0,0.21742087823904258,2.9948285501304497,0.13657103744802346,2717201,Monterey,1.6618043031243863,-121.710022,36.862462,A,0.08084984079101912
2.0,0.11987082116280656,8.0,0.21050703525045272,2.0,0.11987082116280656,2701124,Monterey,2.078952236804518,-121.712573,36.87758,A,0.09063621408764616
4.0,0.4391275014515877,14.006415918466397,0.41997743018750766,6.0,0.4643933525773341,2716272,Monterey,15.94560485089796,-121.802704,36.846735,A,-0.044415922389826445
2.0,0.6224642010000363,7.0,0.5475441562002569,3.0,0.635973531946551,2701149,Monterey,11.903876349239086,-121.766325,36.864975,A,-0.08842937574629417
2.0,0.3978199551724951,7.0,0.5379087327359724,2.8595592956842064,0.40549677548453966,2722234,Monterey,4.587100305309295,-121.703761,36.866763,A,0.13241195725143273
2.0,0.1987862155469767,7.0,0.3183403856595619,3.0,0.2074377583615924,2701287,Monterey,1.5495468202883562,-121.720919,36.800855,A,0.11090262729796951
2.0,0.29421618903028984,7.0,0.40441228258991563,2.1261892325485956,0.29652746229733584,2701294,Monterey,24.904857854255347,-121.746574,36.843575,A,0.10788482029257979
2.0,0.08988369645281424,6.960159016483629,0.16988615338227758,2.0,0.08988369645281424,2725556,Monterey,53.59399565771184,-121.700248,36.6373,A,0.08000245692946334
2.0,0.18808686615845788,7.044299951385514,0.2270307773719671,2.0,0.18808686615845788,2701328,Monterey,1.2729467066613105,-121.702876,36.875302,A,0.038943911213509236
4.0,0.32680982926629915,14.0,0.40640342646486916,6.0,0.3401068895682649,2701346,Monterey,22.18678520879115,-121.777221,36.861443,A,0.06629653689660425
2.0,0.3910653384179914,7.008502945902519,0.5120984763545534,3.0,0.40706592392182367,2701352,Monterey,1.1539309854181647,-121.70262,36.866048,A,0.10503255243272974
2.0,0.6855333508350819,7.0,0.5991598427933837,3.0,0.6995708081366533,2701409,Monterey,24.91293824023788,-121.764104,36.867497,A,-0.10041096534326954
2.0,0.1870126706352149,7.0,0.24791318621967764,2.0,0.1870126706352149,2701414,Monterey,0.9361348823573574,-121.706679,36.875316,A,0.060900515584462744
2.0,0.14079107726780798,7.0,0.29050702622377705,3.0,0.12589104085927993,2722241,Monterey,14.404646674263486,-121.727866,36.90827,A,0.16461598536449712
2.0,0.578380459134228,7.0,0.5897265563163098,3.0,0.5990897706441103,2701472,Monterey,0.5692940052090641,-121.719301,36.855705,A,-0.009363214327800518
2.0,0.15726750987664995,8.0,0.1657267727953855,3.0,0.14853409482216298,2716307,Monterey,8.653755970533727,-121.736527,36.894202,A,0.01719267797322252
2.0,0.13700903882419693,8.0,0.21120648576062848,2.0,0.13700903882419693,2722246,Monterey,14.256334866896356,-121.653532,36.907859,A,0.07419744693643154
2.0,0.22775636312105144,7.0,0.2700968884149235,3.0,0.225925197177221,2716310,Monterey,12.709159613253927,-121.759575,36.831962,A,0.04417169123770251
2.0,0.2375267476092197,7.0,0.44061480885457016,2.924073612643719,0.27003928940312627,2701600,Monterey,2.172854459602779,-121.740338,36.845088,A,0.1705755194514439
2.0,0.21043436287968004,7.0,0.26103313730499306,3.0,0.21874709310492285,2724741,Monterey,28.650629102726043,-121.680956,36.755138,A,0.042286044200070205
2.0,0.22512830223833147,6.394645665566949,0.28545002839216305,3.0,0.23214112276307353,2702897,Monterey,13.112880227688642,-121.672125,36.749002,A,0.05330890562908952
2.0,0.15534060497884633,6.773252551020408,0.26301010063345714,3.0,0.15168117869547948,2723972,Monterey,12.141041215028611,-121.692977,36.861496,A,0.11132892193797767
2.0,0.19847222617563537,7.0,0.3160483946655178,2.0,0.19847222617563537,2701017,Monterey,1.7184147757722152,-121.675778,36.867753,A,0.11757616848988245
2.0,0.3442080953021284,7.0175202156334215,0.4728380776275405,3.0,0.3633058164547149,2701002,Monterey,1.26377018499995,-121.666185,36.768964,A,0.1095322611728256
4.0,0.09723831304053522,18.0,0.1600806221677215,6.0,0.09606863598826879,2716328,Monterey,13.961904466522949,-121.780322,36.740196,A,0.06401198617945272
2.0,0.161226386592507,7.997724595176473,0.23061257955746878,2.734131904528103,0.16021495294231078,2700976,Monterey,65.04031214850211,-121.66404,36.896663,A,0.070397626615158
2.0,0.18932491841896157,8.0,0.2486207772381164,2.0,0.18932491841896157,2700952,Monterey,1.8901226046999928,-121.714539,36.876853,A,0.059295858819154834
2.0,0.1644374746527128,7.934279561236666,0.1702996367924253,2.9880071792863805,0.1686994061353919,2723974,Monterey,70.69565303190622,-121.686096,36.906022,A,0.001600230657033408
2.0,0.20253827787072556,7.599214050067918,0.28130852855783905,3.0,0.2110329839732956,2723975,Monterey,1.589571230480894,-121.687734,36.857302,A,0.07027554458454346
4.0,0.35313343407857634,14.0,0.3787534766883522,6.0,0.37099695222761064,2700900,Monterey,1.0809243524299148,-121.781357,36.840251,A,0.007756524460741543
2.0,0.17119445542292777,7.048422532735739,0.21556972007030065,2.0,0.17119445542292777,2700874,Monterey,0.8805207707424596,-121.706226,36.875973,A,0.044375264647372875
2.0,0.4900610490636746,7.0,0.5178466530043615,3.0,0.5096933645331249,2723976,Monterey,9.37754247248914,-121.718108,36.800514,A,0.008153288471236642
2.0,0.28341177561902947,7.0,0.37939251205118407,3.0,0.3150822513685139,2700836,Monterey,1.5123618912532593,-121.692978,36.770066,A,0.06431026068267015
2.0,0.0998728895057771,6.001236564964494,0.22388892729463938,3.0,0.10065958563583127,2725563,Monterey,20.76176065433671,-121.736425,36.680701,A,0.12322934165880811
2.0,0.5782970283424503,9.0,0.547976187054289,3.0,0.5984342170166155,2700765,Monterey,17.105498913033156,-121.740908,36.727865,A,-0.05045802996232651
2.0,0.24067229239802237,7.0,0.36316131857367917,2.0,0.24067229239802237,2700722,Monterey,1.2402487975082424,-121.733112,36.848174,A,0.1224890261756568
2.0,0.504460741971025,7.0,0.52712628387424,3.0,0.5284158812662189,2700683,Monterey,28.509437595563732,-121.763633,36.840064,A,-0.0012895973919788695
2.0,0.08935458248840727,6.038572180579345,0.1881999482292384,3.0,0.09032283047619491,2700680,Monterey,20.92762444651693,-121.73884,36.680645,A,0.0978771177530435
2.0,0.3752303846502773,8.892447924539715,0.40940992911363594,3.0,0.39140645196031176,2723977,Monterey,5.113914081958959,-121.703781,36.77825,A,0.018003477153324177
2.0,0.11167244599045754,9.0,0.13535725443014981,3.0,0.10445539150127509,2700648,Monterey,12.601023339018536,-121.751271,36.697266,A,0.03090186292887473
2.0,0.25865110871935787,6.383172905934859,0.3402463587791066,3.0,0.2681503344261435,2700635,Monterey,13.522841832291332,-121.676197,36.74812,A,0.07209602435296308
2.0,0.13928151795471094,7.0,0.21114534252901654,3.0,0.14415795072377155,2716358,Monterey,19.692453985756,-121.7033,36.772768,A,0.06698739180524499
2.0,0.0701461244736684,8.654168672947467,0.13888498093786816,3.0,0.06840725273917386,2700556,Monterey,25.605224126382016,-121.749168,36.684329,A,0.0704777281986943
4.0,0.18313992671661555,18.0,0.24520093705315857,6.0,0.18742883610664968,2700521,Monterey,11.088618070583369,-121.778257,36.697671,A,0.05777210094650889
2.0,0.3989991238663878,6.0,0.4794446321287731,3.0,0.4274783048937958,2700501,Monterey,6.930083889658118,-121.718495,36.727328,A,0.051966327234977294
2.0,0.1797794233146646,6.306577337605596,0.2636898698504312,2.472379842703175,0.17959150634178642,2700478,Monterey,6.652752771130407,-121.725301,36.867795,A,0.08409836350864477
2.0,0.27540414293816307,7.0,0.3098357240034005,3.0,0.2853838830020708,2700468,Monterey,10.512393664169087,-121.702872,36.759839,A,0.02445184100132969
2.0,0.07306371422528045,7.653846263017915,0.04515735866288088,2.972960775241766,0.07111486962881167,2700454,Monterey,27.339691298855005,-121.722633,36.648784,A,-0.02595751096593079
2.0,0.15747309749722022,8.307543190347694,0.24763142537797161,2.0,0.15747309749722022,2722266,Monterey,4.990203458662356,-121.707398,36.879374,A,0.0901583278807514
2.0,0.6035634409086907,6.739494759399418,0.5224764545930166,3.0,0.6187980953182668,2700372,Monterey,11.290975287092968,-121.730762,36.674189,A,-0.09632164072525018
2.0,0.3092165412288525,7.0,0.3848756441020973,3.0,0.3302626769403328,2700351,Monterey,15.04778188454245,-121.680248,36.746858,A,0.0546129671617645
2.0,0.6291002663088364,6.0,0.5828631244616926,3.0,0.6619731533903714,2725568,Monterey,17.668111170254637,-121.670712,36.742962,A,-0.0791100289286788
2.0,0.20927147678146754,8.0,0.32274407448195247,2.0491120883547618,0.2098198654212326,2700319,Monterey,2.304293563634888,-121.718406,36.879436,A,0.11292420906071987
2.0,0.20414830108748722,6.999865117010998,0.333400038978641,3.0,0.21938644933722823,2700296,Monterey,3.444035111548968,-121.691922,36.856348,A,0.11401358964141278
2.0,0.34196438893386777,7.0,0.4424195299316535,3.0,0.3589108873843103,2700270,Monterey,9.97270305707759,-121.69782,36.763375,A,0.08350864254734319
2.0,0.1293649875625213,7.0,0.2837848904803645,3.0,0.12848659818408653,2700267,Monterey,2.1785673554509906,-121.659599,36.85247,A,0.15529829229627795
2.0,0.13803248452132824,7.0556814212286145,0.20330769824244943,3.0,0.13286229159545984,2700264,Monterey,7.767405610870673,-121.73689,36.685191,A,0.07044540664698959
2.0,0.1074337539048936,7.698193809488124,0.17729342302904552,3.0,0.09373344726630285,2700251,Monterey,46.45103575512607,-121.730361,36.891824,A,0.08355997576274267
2.0,0.11701150560043105,7.695105211374893,0.16583943654476496,3.0,0.11381866698659593,2700190,Monterey,19.5321749621938,-121.709158,36.776929,A,0.05202076955816903
2.0,0.0958355452400681,6.050641199246459,0.1461579721836437,3.0,0.09978357655507766,2725572,Monterey,26.08166884557892,-121.708008,36.696422,A,0.046374395628566045
2.0,0.597879622185221,6.092624795417346,0.5600914272799614,3.0,0.6223512210287022,2700136,Monterey,12.1204982935525,-121.673961,36.751689,A,-0.0622597937487408
2.0,0.1084919976314262,6.000840801961376,0.17452186981780632,3.0,0.11005222320999422,2700129,Monterey,20.850581587811384,-121.704628,36.694271,A,0.0644696466078121
2.0,0.2321118982957369,8.0,0.3183913932060425,2.0,0.2321118982957369,2700111,Monterey,1.6324552883701942,-121.717792,36.879319,A,0.08627949491030559
2.0,0.13721704679782604,7.0,0.21914796594478347,3.0,0.13953874151357426,2723981,Monterey,26.265407029547383,-121.710905,36.766962,A,0.07960922443120921
2.0,0.16940623402794858,7.0,0.15427382839092663,3.0,0.1379846283747228,2700039,Monterey,8.638795926629024,-121.73524,36.790261,A,0.01628920001620382
2.0,0.23227306663328823,6.783713873551211,0.2780825471525813,3.0,0.21123966415969256,2700030,Monterey,1.546631155687942,-121.674817,36.847337,A,0.06684288299288874
2.0,0.21559569041153664,6.0,0.3654731827276324,3.0,0.22966853657207847,2723982,Monterey,11.618142175238251,-121.660855,36.725333,A,0.13580464615555393
2.0,0.2699587357970313,7.0,0.34675667978760344,3.0,0.2881458645377749,2700016,Monterey,15.374217770397888,-121.67968,36.748744,A,0.05861081524982853
2.0,0.2591664563241987,7.0,0.26791688810683867,3.0,0.259672550197393,2715753,Monterey,1.651956323083395,-121.715672,36.805095,A,0.008244337909445676
2.0,0.5665242518577341,7.0,0.5766511229104234,3.0,0.5904114414385235,2716388,Monterey,6.281701883335282,-121.70086,36.735878,A,-0.013760318528100113
2.0,0.14724260585703475,7.38434289762664,0.1780210971775092,2.7272641398039905,0.1402642655110807,2715710,Monterey,6.547749650016301,-121.723668,36.908257,A,0.037756831666428486
2.0,0.3368011522959136,6.964594651559926,0.40963636361612593,3.0,0.3498415604205348,2722277,Monterey,18.010306233496216,-121.700515,36.7375,A,0.059794803195591106
4.0,0.4805606924709278,14.0,0.4486721395461413,6.0,0.5036117024885713,2717257,Monterey,17.0539367803025,-121.790854,36.827447,A,-0.05493956294243002
4.0,0.39030114534448335,14.0,0.43271797815148366,6.0,0.41164952435813557,2715693,Monterey,4.025619861903629,-121.782252,36.840989,A,0.021068453793348096
2.0,0.14582649705936304,8.0,0.2489903379845048,2.8099325165432747,0.1616397761069626,2715585,Monterey,2.3576024521557595,-121.719068,36.879706,A,0.0873505618775422
4.0,0.10695069523101706,14.0,0.1224439228328123,6.0,0.10071395891706353,2723986,Monterey,26.30782314415272,-121.793434,36.876083,A,0.021729963915748773
2.0,0.3415375981992024,7.0570658460968945,0.4350658819344173,3.0,0.3655693584979911,2715571,Monterey,13.40634532477016,-121.692499,36.77066,A,0.0694965234364262
4.0,0.3642669033503974,14.0,0.36394963847429695,6.0,0.38570046069918784,2715564,Monterey,10.161838365094669,-121.797098,36.838915,A,-0.021750822224890887
2.0,0.26142745850530724,7.299313061533384,0.5088867741770975,2.0,0.26142745850530724,2717261,Monterey,7.983079725251736,-121.672905,36.887746,A,0.24745931567179025
2.0,0.6567385545209011,6.682453422133833,0.6356659785441954,2.0453657239321976,0.6585303049231807,2725578,Monterey,40.28834669989179,-121.685596,36.671992,A,-0.022864326378985278
2.0,0.6030073001668808,5.412844036697249,0.5533419705919778,3.0,0.5975236209487857,2715507,Monterey,1.9706154427810332,-121.679947,36.853771,A,-0.04418165035680799
2.0,0.10276930377535631,8.31567698376687,0.1742705662522668,2.278011261780611,0.10251243170275187,2723988,Monterey,31.200516748411093,-121.653353,36.88909,A,0.07175813454951493
2.0,0.07014822418838274,8.0,0.11613656168233043,2.0,0.07014822418838274,2715469,Monterey,9.419266993760491,-121.667778,36.88796,A,0.04598833749394769
2.0,0.21215029610527888,6.0,0.34240057092831466,3.0,0.22333605767964335,2715458,Monterey,2.3509006187874317,-121.673968,36.867565,A,0.11906451324867132
4.0,0.4037643851246433,14.0,0.4185968156060059,6.0,0.42657766308879047,2715441,Monterey,35.45324980141896,-121.786625,36.825298,A,-0.007980847482784548
2.0,0.1429687265383494,8.116043160819281,0.23488053712682633,2.0,0.1429687265383494,2715440,Monterey,1.1963909816014635,-121.71006,36.877985,A,0.09191181058847692
2.0,0.18098277792602657,7.1790481717933785,0.2441144534411017,3.0,0.18209274514376664,2723989,Monterey,1.336719921635225,-121.692508,36.857765,A,0.062021708297335054
2.0,0.24030115553015363,8.0,0.2198081252875843,2.0,0.24030115553015363,2715431,Monterey,2.028853915622384,-121.717478,36.875594,A,-0.02049303024256932
2.0,0.18635621397643468,7.7458825767483885,0.2674082742026112,3.0,0.1964271216736314,2715422,Monterey,16.311144256134334,-121.713503,36.773511,A,0.0709811525289798
2.0,0.611990208364316,6.944283020371305,0.5339249724377826,3.0,0.6397616547370336,2715419,Monterey,14.600570541420463,-121.671231,36.750603,A,-0.10583668229925103
2.0,0.6652008554577074,6.0,0.6471971770862903,3.0,0.6745373460222591,2715395,Monterey,16.66986797554874,-121.69789,36.687231,A,-0.0273401689359688
2.0,0.3033038858367754,6.9717290063793875,0.40249975197015614,3.0,0.32031845758773664,2723990,Monterey,20.504966017043127,-121.671523,36.764922,A,0.0821812943824195
2.0,0.2910741458344297,7.0,0.36547643688179954,3.0,0.30986268758119945,2722287,Monterey,17.405579967794196,-121.69505,36.768337,A,0.05561374930060009
2.0,0.3645694597617489,7.0,0.47067544110916665,3.0,0.37778744736429026,2715341,Monterey,1.6703979691727997,-121.720257,36.815831,A,0.09288799374487638
2.0,0.3174084636090256,7.201494880974816,0.38665760425949464,2.0,0.3174084636090256,2715333,Monterey,3.694968796130196,-121.708142,36.870039,A,0.06924914065046905
2.0,0.526767468720644,7.0,0.49133398144166157,3.0,0.5169253554945902,2715317,Monterey,1.0559093923608591,-121.703001,36.864322,A,-0.025591374052928606
2.0,0.6194472089959701,7.0,0.536836755112518,3.0,0.6404103534205501,2715295,Monterey,14.798281789703353,-121.763955,36.858566,A,-0.10357359830803203
2.0,0.25487715557852697,7.0,0.41450354397135125,3.0,0.2684528230137861,2715284,Monterey,1.542333437870841,-121.6629,36.858764,A,0.14605072095756516
3.4800992803956934,0.6644522044492704,12.180347481384926,0.570549964231209,5.22014892059354,0.6736564229672737,2715225,Monterey,17.32807612633386,-121.769436,36.845634,A,-0.10310645873606472
2.0,0.07799596632130495,9.0,0.12927948869601905,3.0,0.06846981834921491,2716418,Monterey,12.232428710263912,-121.746309,36.695086,A,0.06080967034680414
2.0,0.6468079619298656,7.0,0.5661713813272569,3.0,0.6621675247021673,2717273,Monterey,23.62724344954196,-121.765719,36.862075,A,-0.09599614337491047
2.0,0.15592233045308568,7.976678591084205,0.20144122590279606,2.0,0.15592233045308568,2715157,Monterey,1.128810569789318,-121.715118,36.878962,A,0.045518895449710384
4.0,0.0974812025925819,18.0,0.11639136277657999,6.0,0.0910767914334625,2715155,Monterey,37.923009187220025,-121.775058,36.704419,A,0.025314571343117487
4.0,0.33418585045546445,14.0,0.3963992621167516,6.0,0.3553623188700596,2715150,Monterey,0.9219144402891626,-121.782077,36.840089,A,0.04103694324669199
2.0,0.12034879873207949,8.073203381869423,0.19207910471829856,2.0,0.12034879873207949,2722289,Monterey,3.286768745187727,-121.705289,36.879027,A,0.07173030598621907
2.0,0.15342023927685214,7.0,0.2563976993370876,2.0,0.15342023927685214,2715127,Monterey,4.261925090956636,-121.735853,36.846475,A,0.10297746006023548
2.0,0.122850229251644,8.0,0.18578188567773024,2.0,0.122850229251644,2715110,Monterey,1.92709714877272,-121.71137,36.876773,A,0.06293165642608624
2.0,0.29655522645645804,7.0,0.3616859432516046,3.0,0.3166602076213906,2715106,Monterey,12.104318368935152,-121.699046,36.770951,A,0.045025735630214
2.0,0.2782824474381907,7.0,0.3591519706453266,3.0,0.2972527583806397,2723993,Monterey,27.66225060665386,-121.697111,36.767843,A,0.06189921226468692
2.0,0.35368371355205835,7.0,0.42588493590615023,3.0,0.3737920097868509,2715086,Monterey,0.6971699263532076,-121.667902,36.768357,A,0.05209292611929933
4.0,0.31705513536749924,14.0,0.38805636973951446,6.0,0.3288629881570957,2715063,Monterey,11.831920938256223,-121.775781,36.837086,A,0.05919338158241877
2.0,0.33163778771119207,7.0,0.3266021479062229,3.0,0.3427109441220506,2715049,Monterey,10.72954535422983,-121.706531,36.760519,A,-0.016108796215827725
2.0,0.06760070735483405,7.535089423061983,0.09782112964385994,3.0,0.06215983858802757,2725587,Monterey,19.957496644504648,-121.730939,36.705609,A,0.03566129105583237
2.0,0.32092757328861077,6.844650534101789,0.4307487351858303,2.0,0.32092757328861077,2715026,Monterey,4.120199261415109,-121.703012,36.870076,A,0.10982116189721952
2.0,0.13878236617757642,8.119144584581715,0.1652443920835749,2.8081415167118187,0.1260128607151559,2715023,Monterey,4.316076643736701,-121.683211,36.881817,A,0.039231531368418976
4.0,0.1518619234403096,18.0,0.209976193628193,6.0,0.15205374399611898,2715012,Monterey,10.27948966711602,-121.780864,36.692563,A,0.05792244963207402
2.0,0.2580118056228829,7.0,0.36236517140465446,2.296844003606853,0.26236319541662423,2715005,Monterey,0.8562643978780619,-121.737053,36.847532,A,0.10000197598803023
2.0,0.5826572122419857,7.0,0.542373752575945,3.0,0.605611805162839,2714926,Monterey,8.722394796754497,-121.709248,36.799187,A,-0.06323805258689397
2.0,0.2545142210984129,6.0,0.26736335728573013,3.0,0.24662810833104815,2714906,Monterey,0.6456307423089156,-121.684913,36.850301,A,0.020735248954681984
2.0,0.2617278368206466,7.0,0.3107889976266461,3.0,0.25870910850087775,2714899,Monterey,14.559166201139703,-121.694923,36.763043,A,0.05207988912576833
2.0,0.07955841783093441,7.012898047049593,0.170244687419303,3.0,0.08004011397233177,2714887,Monterey,25.503117834073976,-121.746029,36.684484,A,0.09020457344697122
2.0,0.3667015462637864,7.111062071179231,0.3791366474220832,3.0,0.3903167191881653,2723995,Monterey,1.9298597154896304,-121.704002,36.783964,A,-0.0111800717660821
2.0,0.15383047050199788,9.0,0.21406217986509954,3.0,0.15189200151792404,2714865,Monterey,12.41324786859918,-121.763252,36.741897,A,0.0621701783471755
2.0,0.23869687392140243,7.232710253205035,0.31019365094625273,3.0,0.21733192364988763,2714864,Monterey,2.661946690152036,-121.67507,36.847785,A,0.0928617272963651
4.0,0.31520158147582034,14.0,0.3798024298730706,6.0,0.3183989117414179,2714862,Monterey,36.08067955263768,-121.780216,36.870735,A,0.061403518131652735
2.0,0.21524632270953564,6.643050761696513,0.28575565110724627,2.0990205468312344,0.21453952942520368,2714764,Monterey,8.563455788873819,-121.724139,36.869199,A,0.07121612168204258
2.0,0.5526808559228616,8.0,0.5372544979188124,3.0,0.5638142802254489,2714743,Monterey,0.8794633118257403,-121.72834,36.886724,A,-0.02655978230663647
4.0,0.07421942806536364,14.0,0.07663001935811334,6.0,0.06487343416939997,2725589,Monterey,27.0354238863502,-121.789084,36.877622,A,0.011756585188713364
2.0,0.17586951568761708,9.0,0.24751650968520839,3.0,0.16488695695452624,2714720,Monterey,4.390474287473329,-121.754153,36.692504,A,0.08262955273068215
2.0,0.08979983843905012,7.0,0.11493867914996071,3.0,0.08104796887404034,2714709,Monterey,7.236498727493718,-121.707593,36.765074,A,0.033890710275920374
2.0,0.1358855788198649,7.370282293497363,0.2136277932616817,2.8575955623901597,0.12212668715240456,2714679,Monterey,14.137124535075811,-121.721277,36.654515,A,0.09150110610927713
2.0,0.590403340730754,6.410346367289661,0.5845835773762509,3.0,0.5759143198111336,2714648,Monterey,1.209871674266297,-121.680041,36.854243,A,0.008669257565117272
4.0,0.4339524391866324,14.0,0.4020618219064469,6.0,0.4543013783136209,2723997,Monterey,17.953291971443115,-121.785826,36.843736,A,-0.05223955640717398
2.0,0.2019643401872864,6.017655624317438,0.28113537016957485,2.8220136252535233,0.19193215852867662,2714625,Monterey,2.980292727359026,-121.726409,36.868032,A,0.08920321164089823
2.0,0.17749395926528835,7.39630364891692,0.2527322959216953,3.0,0.1714383195449877,2714567,Monterey,4.4158504514370165,-121.691029,36.858202,A,0.08129397637670763
4.0,0.3005051424962625,14.0,0.7171584858939966,6.0,0.3238682611814497,2714566,Monterey,1.7414057444598017,-121.77874,36.863144,A,0.3932902247125469
2.0,0.13519919343951933,6.210828866620054,0.2227389869096904,2.7586032781791343,0.1314958534674087,2714503,Monterey,1.9976531847639456,-121.70398,36.875112,A,0.09124313344228172
2.0,0.17886313402677959,7.0,0.2930751262076717,2.0,0.17886313402677959,2714500,Monterey,3.7269160189747694,-121.708987,36.864487,A,0.11421199218089209
2.0,0.14118018580822994,9.0,0.23266687336325498,3.0,0.1492492435125154,2714484,Monterey,9.987277287620966,-121.752901,36.712696,A,0.08341762985073958
2.0,0.16023465045620378,7.158889802233933,0.28111728983473927,3.0,0.15351840381675688,2714473,Monterey,1.595897270517689,-121.661582,36.856347,A,0.1275988860179824
2.0,0.04089607028017504,9.0,0.08443693128196818,3.0,0.034806328479405506,2725591,Monterey,32.54794475221489,-121.744182,36.70732,A,0.04963060280256267
4.0,0.5724778489291988,14.0,0.556521214353918,6.0,0.6081041856862329,2714442,Monterey,5.06306467336807,-121.784484,36.841538,A,-0.05158297133231493
2.0,0.42966439812836726,6.945989280523255,0.4995370253406161,3.0,0.4528122944382377,2717293,Monterey,17.0674294039297,-121.675851,36.763082,A,0.04672473090237844
2.0,0.1409125610100373,6.048920066457451,0.20143440756521575,2.249646175619962,0.13752424739208136,2714411,Monterey,2.5154154191457447,-121.703489,36.874482,A,0.06391016017313439
2.0,0.3459406860025717,8.550138405214748,0.35554511635124203,3.0,0.3592085199091896,2714388,Monterey,5.210174924131218,-121.710941,36.785017,A,-0.0036634035579475865
2.0,0.18815532255864276,6.0,0.29718815547059363,3.0,0.1970762963286622,2714378,Monterey,2.5266392273195457,-121.704966,36.874706,A,0.10011185914193144
2.0,0.3620595975181402,7.3195002467047345,0.4171506877341159,3.0,0.3832515580892213,2724000,Monterey,61.555669343968695,-121.708743,36.787469,A,0.03389912964489461
2.0,0.2299813037982018,5.5096422543784405,0.29912425468254855,2.70447020631012,0.2329142022402809,2722305,Monterey,8.390280727125779,-121.696991,36.847711,A,0.06621005244226766
2.0,0.3867109395959734,8.0,0.34130355272416174,3.0,0.3775320046284563,2718539,Monterey,2.1571539588136845,-121.7276,36.885486,A,-0.03622845190429458
2.0,0.170753784515441,7.0,0.2716225216966669,2.0,0.170753784515441,2714284,Monterey,1.5299101885359372,-121.708654,36.865684,A,0.10086873718122591
4.0,0.3723886761126335,14.0,0.3793044468886926,6.0,0.3921311322787779,2714265,Monterey,11.177793173945236,-121.792478,36.829729,A,-0.012826685390085302
2.0,0.025569501677308835,9.0,0.07048774847951088,3.0,0.01492562871243492,2714252,Monterey,17.086061985570968,-121.750589,36.746208,A,0.05556211976707596
2.0,0.617063340166682,7.0,0.6746945697787318,3.0,0.6393623736914925,2714245,Monterey,1.074316731524941,-121.717871,36.860567,A,0.035332196087239254
2.0,0.16195966381204946,8.35984410846071,0.25712352949076583,3.0,0.17492522931881666,2714235,Monterey,14.014779633188674,-121.71548,36.77309,A,0.08219830017194918
4.0,0.4105305688482767,14.0,0.4402519007555874,6.0,0.4303452934315902,2714220,Monterey,39.86976580668789,-121.777938,36.828766,A,0.009906607323997174
4.0,0.1303227701523282,18.0,0.18531499101313625,6.0,0.1261008734140283,2714197,Monterey,24.02410503607948,-121.778814,36.694085,A,0.05921411759910794
2.0,0.2009671893480425,7.246996429788306,0.3530351832285974,3.0,0.22509535426858876,2714154,Monterey,20.931529335550948,-121.69825,36.778031,A,0.12793982896000863
2.0,0.3550779029015038,8.22629320018922,0.4279464307098616,3.0,0.3718994298468816,2714138,Monterey,22.43537802299509,-121.716978,36.769912,A,0.05604700086297998
4.0,0.4011403979639974,14.0,0.4014400267810417,6.0,0.417975458054153,2714135,Monterey,5.0555964357180745,-121.792029,36.824995,A,-0.0165354312731113
2.0,0.16771437086485025,7.633711403142369,0.2501614021699747,3.0,0.16258174348606397,2714134,Monterey,2.409927450432156,-121.689671,36.856946,A,0.08757965868391071
2.0,0.1790499433109673,7.0,0.26599289467537207,3.0,0.18190348711933454,2714112,Monterey,2.842593195332075,-121.715372,36.80313,A,0.08408940755603753
2.0,0.5695776107408389,7.0,0.6231044013485432,3.0,0.5580211851267396,2714081,Monterey,1.31637179178896,-121.724152,36.852672,A,0.06508321622180357
4.0,0.4312519069308244,14.0,0.40721188378799617,6.0,0.4523771650246452,2714066,Monterey,5.216390395581523,-121.78954,36.824947,A,-0.045165281236649035
2.0,0.0649911176332388,7.763694003541577,0.1111287304447553,2.4130753042364352,0.06257535031172033,2716489,Monterey,28.730370850068727,-121.705943,36.915364,A,0.048553380133034965
2.0,0.11774103360660108,6.493867732755116,0.1970051091551234,2.0,0.11774103360660108,2714050,Monterey,6.844252974853038,-121.725413,36.869923,A,0.07926407554852231
2.0,0.4415008699548418,7.0,0.4992397956002776,3.0,0.46480055941664394,2714040,Monterey,7.75603473567838,-121.695488,36.744832,A,0.03443923618363365
4.0,0.42371367898354734,14.0,0.40496537252296116,6.0,0.4430570371438379,2714010,Monterey,4.559422291844676,-121.791249,36.825011,A,-0.03809166462087671
2.0,0.38955544634089495,7.0,0.4181260886442974,3.0,0.41095196300084263,2713971,Monterey,10.826309211343908,-121.670657,36.766956,A,0.007174125643454765
2.0,0.18470767456190637,9.0,0.25568584388761845,3.0,0.18463817319689396,2713942,Monterey,14.428588513338008,-121.752191,36.748829,A,0.07104767069072448
2.0,0.18285589566810176,6.74083634486319,0.3045595909793638,2.439433050171305,0.1897111178121434,2713915,Monterey,1.6504422673494323,-121.674918,36.867487,A,0.11484847316722041
2.0,0.13579662185367797,7.851247323030618,0.1627706741173386,2.0,0.13579662185367797,2713867,Monterey,2.674332911931871,-121.715269,36.878298,A,0.02697405226366062
2.0,0.16916118193543905,6.088876070461905,0.283079539381165,3.0,0.17223815837343662,2713864,Monterey,3.492858007620439,-121.672348,36.847452,A,0.11084138100772836
2.0,0.34955177415010047,6.909941221784281,0.43144048741700436,3.0,0.37046706163800774,2713852,Monterey,55.24526888696137,-121.727704,36.730983,A,0.060973425778996615
2.0,0.1456989848104765,7.0,0.22816573662442638,3.0,0.1592598272654204,2724007,Monterey,4.362952412438688,-121.71759,36.804173,A,0.06890590935900598
4.0,0.3626078593403086,14.0,0.36082567433085433,6.0,0.3883672646055621,2713835,Monterey,0.9227841120841578,-121.787301,36.841964,A,-0.02754159027470776
4.0,0.4319395845463496,14.0,0.4134094290130617,6.0,0.46008054676083787,2724008,Monterey,9.77693897180986,-121.787972,36.843272,A,-0.04667111774777616
4.0,0.14170179619607295,18.0,0.18089204962517735,6.0,0.13867887044997976,2713815,Monterey,12.351429757857115,-121.773663,36.702679,A,0.042213179175197596
2.0,0.22564975527748665,6.0,0.32511571998889294,3.0,0.2502985828887958,2713805,Monterey,1.7384242414803528,-121.696885,36.813754,A,0.07481713710009713
2.0,0.28551546196096245,7.577976100438662,0.33263715324393794,3.0,0.2625115802091295,2713777,Monterey,3.066452357450156,-121.675366,36.848369,A,0.07012557303480843
2.0,0.2925660435555188,7.735111580615345,0.39924867769887823,3.0,0.2996729256471197,2713773,Monterey,1.7560348753909043,-121.662321,36.858775,A,0.0995757520517585
4.0,0.39883068097325375,14.0,0.42678682240062193,6.0,0.4091508744693364,2713753,Monterey,14.4401720866976,-121.785471,36.834818,A,0.017635947931285534
2.0,0.3289097801455566,7.0935184377996725,0.3515695081459475,2.0,0.3289097801455566,2713734,Monterey,3.544804814621435,-121.708816,36.870095,A,0.0226597280003909
2.0,0.046215897286580855,7.0,0.08405738087676175,3.0,0.03787882173797644,2725599,Monterey,11.510821088622809,-121.711473,36.763572,A,0.04617855913878531
2.0,0.03040108815185644,9.0,0.05715585553207858,3.0,0.025102156885064487,2725600,Monterey,18.0893935020978,-121.738501,36.732147,A,0.032053698647014094
2.0,0.1694828062173324,6.677004114959134,0.18595364305932388,3.0,0.1621175740275161,2713688,Monterey,9.559376504384575,-121.694705,36.778296,A,0.023836069031807794
4.0,0.159852715399967,14.0,0.2007026907741112,6.0,0.1565493667001908,2713677,Monterey,2.0880371670361284,-121.779555,36.837214,A,0.04415332407392042
4.0,0.11613068101409403,14.002112610251846,0.13920550628251047,6.0,0.1109213721751421,2713673,Monterey,19.050123270979576,-121.790649,36.879508,A,0.028284134107368367
2.0,0.40471775755474027,7.973623679462281,0.802673646483635,2.0,0.40471775755474027,2713667,Monterey,5.614215129213023,-121.675545,36.889158,A,0.3979558889288948
2.0,0.1364309428471921,8.0,0.15721186650547095,2.0,0.1364309428471921,2713554,Monterey,1.5443258299934552,-121.715771,36.877132,A,0.020780923658278855
2.0,0.12707629480974786,6.889817295006596,0.26889872125548797,3.0,0.12160337220449814,2713545,Monterey,1.941503570501359,-121.659913,36.853077,A,0.14729534905098984
2.0,0.43591306083120424,7.0,0.4739356678508531,3.0,0.4663379648514325,2713532,Monterey,5.489118821250783,-121.675844,36.765319,A,0.007597702999420641
2.0,0.13454969434302572,7.602947409605164,0.2178784647957644,2.2775137752274133,0.1310386880261799,2722318,Monterey,18.97129221048544,-121.654124,36.911189,A,0.08683977676958449
2.0,0.09714146807645387,7.0,0.17427857498082813,2.6330044052863437,0.10532396685223747,2713519,Monterey,4.400443210868064,-121.713117,36.863017,A,0.06895460812859067
2.0,0.09451897575234625,8.978791841746178,0.12740868539275965,3.0,0.09675581778996883,2725602,Monterey,30.045014243263477,-121.735744,36.713389,A,0.030652867602790818
2.0,0.3352790484467704,7.094250819183796,0.41092606671350557,2.0,0.3352790484467704,2713487,Monterey,3.899706941682133,-121.700879,36.870137,A,0.07564701826673514
2.0,0.29794401094587347,7.0,0.41938005308297777,3.0,0.3015106459508308,2713452,Monterey,1.2401923896817864,-121.663528,36.858786,A,0.11786940713214694
2.0,0.21016955629772843,8.0,0.21457960481742544,2.0,0.21016955629772843,2713396,Monterey,1.3340025539585525,-121.714572,36.879188,A,0.004410048519697007
2.0,0.2014911031270055,7.0,0.36395158213179996,3.0,0.2253404565197192,2713392,Monterey,4.229957424646846,-121.739424,36.845364,A,0.13861112561208075
4.0,0.5906142936348737,14.656917182434425,0.5628317904972422,6.0,0.6168263051106755,2716523,Monterey,19.70603473127825,-121.8039,36.848821,A,-0.0539945146134333
2.0,0.14386302964679065,7.0,0.22775539474471884,3.0,0.14766174806253093,2713355,Monterey,12.290364299543285,-121.702406,36.775606,A,0.08009364668218791
2.0,0.6458908556026868,7.0,0.5633910735011048,3.0,0.6621817085195779,2713333,Monterey,20.847467786681296,-121.766298,36.846578,A,-0.09879063501847307
2.0,0.07292205290453625,6.967638430025115,0.15677300739228472,3.0,0.06729650627079783,2713316,Monterey,14.661163709809486,-121.687982,36.677605,A,0.08947650112148689
2.0,0.2510956654100346,6.600121393556881,0.327125993409472,3.0,0.26314665670136667,2722325,Monterey,15.07908908602355,-121.676907,36.75186,A,0.06397933670810535
4.0,0.3692547047977118,14.0,0.4052746090335856,6.0,0.3847624653003312,2722327,Monterey,5.0507948044934095,-121.786294,36.839318,A,0.020512143733254384
2.0,0.06339603220259388,7.0,0.15444479237649386,3.0,0.06792811375956892,2717320,Monterey,11.858142132629665,-121.740628,36.694451,A,0.08651667861692494
2.0,0.04675918505942525,6.851136777094665,0.10164775150988983,3.0,0.03839965161977906,2713248,Monterey,16.62860899967305,-121.689079,36.676318,A,0.06324809989011076
4.0,0.4068566798085093,14.0,0.39988594632017954,6.0,0.410736363418098,2713236,Monterey,3.4247281012549875,-121.77788,36.83698,A,-0.010850417097918452
2.0,0.18095970938228864,7.11919991877348,0.2590541781678387,3.0,0.17807544628664104,2713191,Monterey,2.295644956935474,-121.690443,36.857523,A,0.08097873188119767
2.0,0.13028380297790196,7.984325108853412,0.2530181367745074,3.0,0.12378193086023626,2713181,Monterey,1.8634545338978252,-121.660824,36.854911,A,0.12923620591427115
2.0,0.17768315365958368,7.0,0.31910159634479784,3.0,0.195233345751618,2713154,Monterey,2.975232629484946,-121.737901,36.84598,A,0.12386825059317985
2.0,0.4189389986714546,7.0,0.48529044426922296,3.0,0.43597189728759755,2713135,Monterey,0.3660728996189559,-121.703679,36.865213,A,0.04931854698162541
2.0,0.5127677985130575,7.0,0.5970445437569505,3.0,0.5318835514265723,2713124,Monterey,0.8522057010149132,-121.719488,36.856344,A,0.0651609923303782
4.0,0.38465030790538235,14.0,0.4184294867409541,6.0,0.40624119257311686,2722332,Monterey,27.182875265837293,-121.783267,36.839376,A,0.012188294167837233
2.0,0.09606798698224903,8.0,0.1086301144148303,2.9377571138313443,0.08500176612158511,2725607,Monterey,23.11889751081006,-121.679121,36.90305,A,0.023628348293245185
2.0,0.17921366489413704,6.690861844954527,0.27799922909840924,3.0,0.18306473618103036,2713115,Monterey,4.4701880245872285,-121.672817,36.848105,A,0.09493449291737888
2.0,0.06762189293091031,7.0,0.16571250389571263,3.0,0.07595793094075898,2716542,Monterey,12.323968324438784,-121.738446,36.694445,A,0.08975457295495365
2.0,0.18140311045416455,7.0,0.30642653174151335,2.0,0.18140311045416455,2713046,Monterey,1.2771066013296135,-121.713055,36.864488,A,0.1250234212873488
2.0,0.3235953158837611,6.0,0.43619016050185766,3.0,0.3452782302328426,2717325,Monterey,14.853530998894016,-121.667431,36.725324,A,0.09091193026901506
4.0,0.31007803613996593,14.0,0.4026642708561096,6.0,0.32173993285671815,2725609,Monterey,23.3455073434258,-121.779373,36.868286,A,0.08092433799939147
2.0,0.5425614587486651,5.1272628177677415,0.533786071851857,3.0,0.5676531375989455,2713004,Monterey,3.974694783629749,-121.679364,36.853167,A,-0.03386706574708853
2.0,0.1303627004071703,6.0,0.14871304298398227,3.0,0.12473243699227479,2713001,Monterey,2.4055213923999865,-121.682452,36.850475,A,0.023980605991707482
2.0,0.09613471714056758,7.0,0.06879178529702401,3.0,0.08414792103272771,2717328,Monterey,42.33440191930982,-121.750736,36.883882,A,-0.0153561357357037
4.0,0.5681194193342192,14.0,0.5900845963174919,6.0,0.5754908723457822,2712972,Monterey,2.29270923328753,-121.772674,36.835619,A,0.01459372397170966
2.0,0.19116533799974122,8.805553327297941,0.2959824427278404,3.0,0.19755055783279246,2712956,Monterey,6.760855225720822,-121.716443,36.772294,A,0.09843188489504795
2.0,0.14414304861798946,8.034236512112619,0.23285579200253995,2.0,0.14414304861798946,2712929,Monterey,2.2671748245765864,-121.710394,36.877442,A,0.08871274338455049
2.0,0.5961796409827487,8.0,0.6378082258403198,2.0,0.5961796409827487,2712896,Monterey,2.926989315888292,-121.72001,36.872477,A,0.04162858485757115
2.0,0.19409058905595317,7.0,0.315711332213416,3.0,0.20826360553298487,2712891,Monterey,2.895330728471517,-121.720582,36.800078,A,0.10744772668043115
2.0,0.26983104203526,6.0,0.32825548383904346,3.0,0.27857813648807656,2716554,Monterey,28.24071957070933,-121.672314,36.746999,A,0.049677347350966905
2.0,0.20206018261468328,7.0,0.2181426240656324,3.0,0.20444749221020567,2712875,Monterey,15.784610280881438,-121.706843,36.759503,A,0.013695131855426729
2.0,0.11838766488151346,6.968279603646588,0.1142121480504171,2.588680503387017,0.11243174638637699,2716556,Monterey,35.72301746718195,-121.707707,36.908452,A,0.0017804016640401155
2.0,0.3334957055987335,6.0,0.4369482528650363,3.0,0.35264258240648644,2717335,Monterey,15.2396831089787,-121.664748,36.723944,A,0.08430567045854986
2.0,0.21941624644133015,7.0,0.2610855793783267,3.0,0.22019574788478302,2725613,Monterey,31.985198058615463,-121.755104,36.832582,A,0.040889831493543694
2.0,0.5492683861359131,7.0,0.4221399068993273,3.0,0.5638417696011426,2724013,Monterey,14.089895839457814,-121.677533,36.766122,A,-0.14170186270181534
2.0,0.10128333013368471,7.0,0.13560236540263576,3.0,0.09136636760392294,2712736,Monterey,3.0003032516365065,-121.706556,36.766008,A,0.04423599779871282
2.0,0.2633704844186411,8.040486129068006,0.3752597132984278,3.0,0.2828588894468994,2712684,Monterey,2.099074633226522,-121.688662,36.858961,A,0.09240082385152837
2.0,0.11308150275506923,7.0,0.183057085301665,3.0,0.10987737081389015,2712672,Monterey,8.814354667461652,-121.70432,36.73337,A,0.07317971448777486
2.0,0.28942139083786456,6.672177320597601,0.3362542610352115,3.0,0.3077548542979571,2722342,Monterey,3.795166714744018,-121.685199,36.856186,A,0.028499406737254374
2.0,0.14018953400366924,7.0,0.23057498890400696,3.0,0.13454443843801672,2724014,Monterey,14.108860420720177,-121.718539,36.798492,A,0.09603055046599024
4.0,0.34833720049557043,14.0,0.3704881252438288,6.0,0.36414305101465083,2712586,Monterey,17.292024478383603,-121.794466,36.836771,A,0.0063450742291779605
2.0,0.4288595862416699,7.0,0.429832301510436,3.0,0.4304996063697505,2712561,Monterey,3.14069215108232,-121.715161,36.798865,A,-0.0006673048593144881
2.0,0.6053240810925103,7.0,0.5720591948962062,3.0,0.6209550452397304,2712558,Monterey,1.5416270342159777,-121.707792,36.798773,A,-0.04889585034352428
4.0,0.14258624502644068,17.99845701890001,0.1535730208923599,6.0,0.13621150002764892,2725615,Monterey,102.51092851369746,-121.780181,36.704108,A,0.01736152086471099
2.1227645406601012,0.13782831616440847,7.429675892310352,0.08440752824371746,3.184146810990153,0.12733710106679025,2725616,Monterey,29.95681311845118,-121.766089,36.885087,A,-0.04292957282307279
2.0,0.09905679995638048,7.0,0.07776027262302607,2.0,0.09905679995638048,2712541,Monterey,8.045775351918703,-121.703597,36.642949,A,-0.02129652733335441
2.0,0.212923981011068,8.0,0.2134311735723947,2.0,0.212923981011068,2725617,Monterey,2.8208228945635785,-121.715263,36.875505,A,0.000507192561326697
2.0,0.322148686594495,7.0,0.4395950424866141,3.0,0.3222553897252149,2712509,Monterey,0.8275788735112276,-121.664236,36.858747,A,0.11733965276139918
2.0,0.14781388843302373,7.0,0.23640830800774137,3.0,0.15489147789383595,2712502,Monterey,10.974046281273054,-121.703507,36.734855,A,0.08151683011390543
2.0,0.39856829810656025,8.0,0.39030537846271757,3.0,0.3918796537062205,2712488,Monterey,1.0740833494356776,-121.722052,36.866463,A,-0.0015742752435029539
2.0,0.22265030426249469,6.176411322311426,0.23325458870500193,3.0,0.2059476752298973,2712404,Monterey,19.54634721483874,-121.674284,36.729656,A,0.02730691347510464
4.0,0.5714811330716767,14.0,0.5594507143054077,6.0,0.5964140194772923,2712399,Monterey,5.029417650268381,-121.78482,36.840956,A,-0.03696330517188462
2.0,0.2651565948816711,7.0,0.34611050558192474,3.0,0.28251702169568627,2722349,Monterey,30.735420089280467,-121.699798,36.765747,A,0.06359348388623848
2.0,0.1007979141168867,7.623484439092857,0.17401042651328497,2.8085215959495575,0.10165403590543892,2712356,Monterey,21.399299688927133,-121.723607,36.647308,A,0.07235639060784604
2.0,0.3214044143346686,6.0,0.48784519142558286,3.0,0.3301359337164227,2712332,Monterey,5.839075313833259,-121.662288,36.728059,A,0.15770925770916017
4.0,0.08243389873408447,18.0,0.10224085285014387,6.0,0.07509602326932209,2712313,Monterey,25.57105926486737,-121.777888,36.741553,A,0.027144829580821775
2.0,0.11725675050286966,7.0,0.0505261371503123,2.7491416264716206,0.11376377540713314,2712306,Monterey,22.501097789027952,-121.745846,36.885815,A,-0.06323763825682084
2.0,0.045061072175371114,6.739277123016176,0.11780328460969128,3.0,0.03777237585048635,2712297,Monterey,5.12736300699204,-121.70652,36.691887,A,0.08003090875920493
4.0,0.13464521212965913,14.0,0.18348626389035785,6.0,0.14933578953974655,2724017,Monterey,27.513125919977767,-121.793495,36.857322,A,0.034150474350611304
2.0,0.15215053046912763,6.591759340747258,0.17708364441956284,3.0,0.1461204344000933,2712266,Monterey,4.843456724642977,-121.669554,36.76287,A,0.030963210019469528
4.0,0.4250317145952922,14.0,0.4344385662370951,6.0,0.4524825072552871,2712246,Monterey,13.671311044589093,-121.79703,36.833943,A,-0.01804394101819201
2.0,0.33151038938016375,6.186493164040862,0.3563828161759982,3.0,0.35970513305689905,2725620,Monterey,14.012197633261554,-121.723324,36.730568,A,-0.003322316880900844
2.0,0.060886110127288555,6.050983177020838,0.1433783967888918,3.0,0.055398923847049385,2712211,Monterey,6.337236717853068,-121.703064,36.692895,A,0.08797947294184241
2.0,0.20247936233075828,7.726001149645526,0.2753584304659228,3.0,0.20713729146117793,2712207,Monterey,0.8130196118724586,-121.673662,36.848585,A,0.06822113900474486
3.9915934002411317,0.5871921245984701,13.970576900843959,0.5755700565999312,5.987390100361698,0.5967607917426995,2712197,Monterey,28.121334308618483,-121.769787,36.84151,A,-0.021190735142768258
4.0,0.3572202714486292,14.0,0.40196998292493963,6.0,0.3743132689786988,2712088,Monterey,2.639627489061376,-121.7805,36.841329,A,0.027656713946240807
2.0,0.04225162524836093,7.189146204274798,0.07952284434182533,3.0,0.035529994518800165,2712084,Monterey,16.008254195976274,-121.731424,36.703466,A,0.04399284982302516
2.0,0.09710351469771131,7.0,0.1447167055322735,2.9593895129686727,0.08470291840015273,2712068,Monterey,35.166599501722125,-121.70715,36.905541,A,0.06001378713212077
2.0,0.15833337256359978,8.0,0.1598967010748453,2.0,0.15833337256359978,2712051,Monterey,0.9830837118871244,-121.71621,36.876697,A,0.0015633285112455209
4.0,0.39127599567540106,14.0,0.3598228771979617,6.0,0.41154535476315585,2712044,Monterey,12.786673307798504,-121.791339,36.831533,A,-0.05172247756519416
2.0,0.2778689018495934,7.0,0.3501801019511667,3.0,0.2917506250397212,2712035,Monterey,19.328029514458414,-121.764138,36.843493,A,0.05842947691144551
2.0,0.07632444742788475,6.681893206604672,0.18398955442125461,3.0,0.0663129866920589,2712028,Monterey,12.452429311744352,-121.684917,36.675343,A,0.11767656772919571
2.0,0.3738779681853497,7.228831188843517,0.49315039017771944,3.0,0.39399750236232656,2712009,Monterey,1.0068047342679542,-121.666504,36.76945,A,0.09915288781539289
2.0,0.11197560303236273,7.0,0.2241798676127692,2.249714134928314,0.11627730898207177,2711997,Monterey,1.765202133910241,-121.711197,36.863031,A,0.10790255863069743
4.0,0.33844616182851567,14.0,0.40617548802253023,6.0,0.35137034065111244,2711935,Monterey,2.6524994691645083,-121.773854,36.836907,A,0.054805147371417784
2.0,0.08388691043594787,7.0,0.09848386504717914,3.0,0.06636964703766686,2711856,Monterey,9.30085710484508,-121.738495,36.789413,A,0.03211421800951228
2.0,0.09604277841746893,9.0,0.20181546115937557,3.0,0.09869174105610953,2725626,Monterey,20.03978048694164,-121.749513,36.715662,A,0.10312372010326604
2.0,0.12520381505653705,6.0,0.22258498939371366,3.0,0.13195588257214033,2716618,Monterey,15.527534632735414,-121.707378,36.693678,A,0.09062910682157332
2.0,0.6383590395695848,6.70970949311985,0.5621587436863801,3.0,0.6679752131998201,2711817,Monterey,15.04733424958454,-121.67743,36.746014,A,-0.10581646951344004
2.0,0.5532082820262085,6.152546711031483,0.55400608031073,3.0,0.5277825072617491,2711771,Monterey,0.6094358487819813,-121.649841,36.856177,A,0.02622357304898082
2.0,0.22933660275001624,7.2700094209144295,0.30372111694321835,2.0916835374531457,0.22911701144728205,2711735,Monterey,7.715813104233132,-121.723144,36.869235,A,0.0746041054959363
2.0,0.6301075176059511,6.13609467455621,0.5662261242199107,3.0,0.664116478783956,2725629,Monterey,22.639155330123828,-121.670854,36.73982,A,-0.09789035456404527
2.0,0.43201475862833255,7.0,0.43717340512814573,3.0,0.4500266538886143,2722365,Monterey,7.946419300497416,-121.765113,36.83357,A,-0.01285324876046856
4.0,0.1787113482914902,18.0,0.22357389762904975,6.0,0.18078769011409404,2725631,Monterey,43.90095419225089,-121.776393,36.700673,A,0.04278620751495571
2.0,0.5605441764393241,5.461224836490274,0.5403700992281489,3.0,0.4802412505913516,2724019,Monterey,1.8220556645071588,-121.678095,36.853825,A,0.06012884863679735
2.0,0.15347209824427976,7.0,0.2252485001472775,3.0,0.15325289912910522,2711685,Monterey,6.096253372339048,-121.726426,36.818383,A,0.07199560101817226
2.0,0.07331284133466276,9.0,0.06717075847215608,3.0,0.06766914223796727,2725632,Monterey,18.05113017483404,-121.744467,36.717302,A,-0.0004983837658111973
2.0,0.1820087630721158,7.0,0.3726686314374304,3.0,0.20154356556307018,2711678,Monterey,1.88336439478075,-121.741007,36.844757,A,0.17112506587436022
2.0,0.23317703768362472,6.351230055000424,0.3619950189759525,3.0,0.24919834490514506,2722366,Monterey,35.60927960312849,-121.667615,36.734554,A,0.11279667407080743
4.0,0.1448865490370222,18.0,0.19843239573909205,6.0,0.1417433082735958,2725633,Monterey,26.163773284060102,-121.778005,36.695836,A,0.05668908746549625
2.0,0.11933297878499023,7.865306717179077,0.13892774696018242,3.0,0.1100392542916301,2711635,Monterey,2.657063374349028,-121.715506,36.784813,A,0.028888492668552326
2.0,0.1956017168222952,7.0,0.3642170546051074,3.0,0.22356292906834654,2711632,Monterey,1.9599238895909277,-121.738361,36.845261,A,0.14065412553676085
2.0,0.10644322540281008,6.975850187866513,0.17397839760801448,2.0,0.10644322540281008,2725634,Monterey,34.86869942160124,-121.681149,36.634755,A,0.0675351722052044
2.0,0.19053493122637097,7.0,0.1723324441388655,2.0,0.19053493122637097,2717367,Monterey,3.630475800127893,-121.705849,36.644614,A,-0.018202487087505465
2.0,0.11493698666553999,7.0,0.20405074007131796,3.0,0.1146715774568135,2711589,Monterey,6.381021513661621,-121.707593,36.772949,A,0.08937916261450446
4.0,0.09188508604247794,14.0,0.08259915012729177,6.0,0.08678302613879398,2722373,Monterey,10.422754812499472,-121.787107,36.871071,A,-0.004183876011502205
2.0,0.1324834488129822,9.0,0.21045439361345714,3.0,0.1391787307652895,2711518,Monterey,12.376548256879415,-121.753176,36.700933,A,0.07127566284816764
2.0,0.14653819737520105,9.0,0.24167161663405662,3.0,0.13918659120672042,2711515,Monterey,16.869856433635086,-121.75434,36.745768,A,0.1024850254273362
2.0,0.311878403445423,6.315422597476992,0.38371273080047696,3.0,0.33656262942897625,2711508,Monterey,24.91191956753202,-121.681789,36.744148,A,0.04715010137150072
2.0,0.15814587006294026,7.722089877659789,0.2825794824085329,3.0,0.16078307216667162,2711439,Monterey,1.921739527284276,-121.661088,36.855422,A,0.1217964102418613
2.0,0.12062239195617261,6.0,0.18707979189628823,3.0,0.12102574921668403,2717370,Monterey,2.827205779821485,-121.683267,36.849794,A,0.0660540426796042
2.0,0.18467369863631708,7.0,0.27302812417117117,3.0,0.19336513244127665,2711428,Monterey,10.960907937028606,-121.709757,36.77319,A,0.07966299172989452
2.0,0.11727528055870512,7.0,0.25156058911447315,2.0,0.11727528055870512,2711415,Monterey,3.877177071235118,-121.734842,36.847143,A,0.13428530855576803
4.0,0.07757495352995537,18.0,0.10232671967946715,6.0,0.07072308382631583,2711357,Monterey,25.44485523830774,-121.776343,36.743618,A,0.03160363585315132
2.0,0.2284800369488089,7.0,0.35416024739112223,2.0,0.2284800369488089,2711346,Monterey,2.04188399784352,-121.733987,36.847826,A,0.12568021044231334
2.0,0.10244799987134386,8.91494100179729,0.1587748262151411,2.0,0.10244799987134386,2722377,Monterey,7.922980132111333,-121.707892,36.877882,A,0.05632682634379725
2.0,0.10261919511451116,7.0,0.2070218356431077,3.0,0.11994104884907658,2711325,Monterey,0.8229619940585153,-121.708906,36.861866,A,0.08708078679403111
2.0,0.16652676041584594,7.0,0.37477925430874987,3.0,0.19307308149098917,2711313,Monterey,2.197143631597433,-121.741747,36.844497,A,0.1817061728177607
2.0,0.586347009652642,7.0,0.5292369033782188,3.0,0.5955676090724366,2722378,Monterey,14.932608840824882,-121.766682,36.868401,A,-0.06633070569421773
4.0,0.4013210846695476,14.0,0.39462947606576343,6.0,0.4200673006109573,2711307,Monterey,5.263433733625414,-121.790428,36.824949,A,-0.025437824545193888
2.0,0.05752652294366021,8.0,0.1721624357339598,2.9662262250399953,0.05889705092839423,2722379,Monterey,22.200284529200736,-121.659098,36.912608,A,0.11326538480556558
2.0,0.3495419188138323,7.0,0.49976108693060156,3.0,0.3610422896680635,2717371,Monterey,2.017837326612885,-121.703976,36.865775,A,0.13871879726253805
2.0,0.11068171639997222,7.0,0.13995618759508932,3.0,0.10253925125685694,2711280,Monterey,4.369738833262457,-121.706241,36.76668,A,0.037416936338232384
2.0,0.09507925423311504,7.0,0.12066480799674326,3.0,0.08647595028974818,2711279,Monterey,11.18211232115896,-121.708618,36.767498,A,0.03418885770699508
4.0,0.33150772211604285,14.0,0.3783451372629375,6.0,0.35246981774833575,2711266,Monterey,5.142042571055012,-121.782882,36.842099,A,0.025875319514601758
2.0,0.09242079007849653,9.0,0.12799064337087843,3.0,0.08288287291996221,2711257,Monterey,10.873635983133992,-121.753196,36.694205,A,0.04510777045091621
2.0,0.11569191174637589,7.76465149572012,0.22802202126534615,3.0,0.10848086573615297,2711249,Monterey,2.5840113023004454,-121.660229,36.85378,A,0.11954115552919319
2.0,0.32278172841001834,6.0,0.33801552677071883,3.0,0.32481088862778607,2711220,Monterey,1.1119111141920877,-121.697491,36.814204,A,0.013204638142932767
2.0,0.08052106048759258,7.0,0.15613467629551103,2.5094848084544257,0.08566759934690703,2711217,Monterey,2.926813566998513,-121.712158,36.862992,A,0.070467076948604
2.0,0.16004052221819454,7.085550117046181,0.30566231252208975,3.0,0.1607668477165333,2711170,Monterey,1.090110721423271,-121.661561,36.855839,A,0.14489546480555646
2.0,0.1498233475023912,6.002790861469384,0.3025173685002003,3.0,0.1656818241021011,2711157,Monterey,17.602956581433006,-121.683819,36.7403,A,0.13683554439809917
2.0,0.646584997692657,7.0,0.5651058757781258,3.0,0.6615238143976643,2711142,Monterey,21.715202163085344,-121.76318,36.862511,A,-0.09641793861953851
2.0,0.35632438990041243,7.293889139175303,0.454687245632265,3.0,0.3700564512922561,2711125,Monterey,9.115429530410072,-121.713146,36.770828,A,0.08463079434000886
2.0,0.3482240231811548,8.209659061703737,0.3935213149489105,3.0,0.3667522953922798,2724023,Monterey,31.63939497191216,-121.707656,36.783642,A,0.02676901955663069
4.0,0.4555919889159592,14.0,0.48280154504216466,6.0,0.47282632844297945,2711008,Monterey,20.216153418578447,-121.774311,36.82949,A,0.00997521659918521
2.0,0.13587061692081945,8.0,0.24483750961642342,3.0,0.12958505805702153,2711004,Monterey,1.8911157919369737,-121.660596,36.854396,A,0.11525245155940189
2.0,0.11083091760565929,7.0,0.13619022241436765,3.0,0.10057461041680803,2710952,Monterey,4.526566665606102,-121.711179,36.769717,A,0.035615611997559624
2.0,0.2914154321625168,7.0,0.3902539705678119,3.0,0.30096293717887124,2710874,Monterey,2.058315704718784,-121.718559,36.805091,A,0.08929103338894068
2.0,0.3527105158630088,8.0,0.4339276507767632,3.0,0.3648105959423392,2710871,Monterey,1.901714328605502,-121.661614,36.858939,A,0.06911705483442399
4.0,0.4165114638084609,14.0,0.40302574167910243,6.0,0.4303202104284629,2716684,Monterey,19.571029208234854,-121.782435,36.835137,A,-0.02729446874936048
2.0,0.191829986362103,6.126303049232814,0.32468581918000305,3.0,0.20254192385357547,2710817,Monterey,3.954807793615979,-121.673082,36.867382,A,0.12214389532642758
2.0,0.22404846981317478,9.0,0.30866153543899894,3.0,0.22695572190567004,2716688,Monterey,10.653481193647396,-121.752924,36.750613,A,0.0817058135333289
2.0,0.28016953996276167,6.02423721372649,0.3297954744483482,3.0,0.2841473480046946,2710778,Monterey,12.698248647252012,-121.675091,36.749982,A,0.045648126443653625
2.0,0.1390779014364226,7.0,0.17585998423002075,3.0,0.13402397476426156,2710777,Monterey,3.3306001488517354,-121.708682,36.764335,A,0.04183600946575919
2.0,0.28349891105616,7.327158601326381,0.33841649843133537,3.0,0.29566987351266183,2725641,Monterey,9.612064079184949,-121.714518,36.764463,A,0.04274662491867354
2.0,0.21481588252388534,7.0,0.29155956533479027,3.0,0.21848208521747267,2710745,Monterey,1.0516886647587858,-121.718972,36.815972,A,0.0730774801173176
2.0,0.48407116506581804,7.0,0.48962143313301926,3.0,0.48392084590411016,2710727,Monterey,1.711032040439928,-121.703115,36.863502,A,0.005700587228909093
4.0,0.37419373246245635,14.0,0.4216646654827528,6.0,0.39349107517126725,2710718,Monterey,2.261281522764656,-121.78131,36.841281,A,0.02817359031148553
2.0,0.6387540488274754,6.090874102324116,0.5750945347171935,3.0,0.6640844715650371,2725642,Monterey,17.725078748336983,-121.668958,36.742454,A,-0.08898993684784362
2.0,0.0607879493710586,7.0,0.08822713002055765,3.0,0.04481926964928281,2710671,Monterey,11.0154350615286,-121.733251,36.790912,A,0.043407860371274844
2.0,0.14406971992635084,8.0,0.26307112093488644,2.0,0.14406971992635084,2710556,Monterey,2.0433331165097965,-121.71258,36.876622,A,0.1190014010085356
2.0,0.1307448101346381,7.0,0.21238789116522866,3.0,0.13172808075539283,2716709,Monterey,10.71836516696555,-121.701598,36.733571,A,0.08065981040983583
2.0,0.21192867131759,6.581051073279052,0.31105723644358835,2.8239884036516165,0.22172071575652463,2710541,Monterey,2.511397992744971,-121.705887,36.874665,A,0.08933652068706371
2.0,0.20978434555245778,6.715510041035697,0.34574482247829175,3.0,0.2156067535204881,2710474,Monterey,2.128825027602002,-121.692394,36.856993,A,0.13013806895780364
2.0,0.19310702312713168,8.0,0.2347032299687504,2.0,0.19310702312713168,2710447,Monterey,1.2532109934438456,-121.716329,36.878842,A,0.041596206841618716
2.0,0.2313416434160356,7.0,0.3508368711010066,2.1473851030110938,0.2321606423350933,2710380,Monterey,2.629401030257703,-121.736646,36.846652,A,0.1186762287659133
2.0,0.15979101753298827,7.286497979400442,0.26808935722410066,2.9239323459112856,0.15008967131527454,2722398,Monterey,16.12268072725675,-121.72543,36.908257,A,0.11799968590882612
2.0,0.11895573215505273,7.105159377004705,0.147076146311812,3.0,0.10330478463526309,2722399,Monterey,14.706905707924028,-121.7279,36.90561,A,0.04377136167654892
2.0,0.29719650876506554,7.819053564076343,0.5516109030711632,2.0,0.29719650876506554,2717393,Monterey,5.821294684155544,-121.675613,36.888223,A,0.2544143943060977
2.0,0.1716831755502471,7.0,0.2741934032951454,2.0,0.1716831755502471,2710197,Monterey,4.261715624174822,-121.711092,36.864969,A,0.10251022774489832
2.0,0.1557738816652546,7.0,0.2510251127298322,2.0,0.1557738816652546,2710196,Monterey,2.7345459652768813,-121.709937,36.864969,A,0.09525123106457759
2.0,0.16621646726050887,7.0,0.28299605862849997,2.0,0.16621646726050887,2710195,Monterey,0.6868459026286733,-121.712034,36.864185,A,0.1167795913679911
4.0,0.3172120271211833,14.0,0.3942041643876326,6.0,0.3566000087578963,2710144,Monterey,0.2844940145426679,-121.787931,36.853086,A,0.03760415562973629
4.0,0.38825217359053626,14.0,0.41025726638563464,6.0,0.40303911719473845,2716721,Monterey,137.86475955195763,-121.776141,36.84208,A,0.007218149190896195
2.0,0.15177364758704442,7.0,0.22251688250014645,3.0,0.14378136502644154,2724028,Monterey,4.1780900766337385,-121.717063,36.80226,A,0.07873551747370491
2.0,0.35960959651365704,7.0,0.4175180634612268,3.0,0.38489988827081345,2722409,Monterey,6.040775765229514,-121.698044,36.776638,A,0.03261817519041332
2.0,0.2718574789436046,7.069940187520207,0.27561876199413254,3.0,0.26721611298143294,2709934,Monterey,9.599373821295927,-121.712848,36.764964,A,0.008402649012699603
2.0,0.560941783087875,7.0,0.6036142616921351,3.0,0.589279127325309,2709896,Monterey,10.77164048572766,-121.703033,36.757654,A,0.014335134366826097
2.0,0.2918747859931803,9.0,0.38907950761985777,3.0,0.30592516842315376,2724031,Monterey,20.503003065456976,-121.731692,36.740379,A,0.08315433919670401
4.0,0.1368856436139772,17.838271371125803,0.1849924031074536,6.0,0.13921218840544938,2716727,Monterey,70.38549377904137,-121.78968,36.714725,A,0.04578021470200422
2.0,0.0644445817571493,7.7205969115534545,0.13372457652408554,3.0,0.06196354025391575,2717405,Monterey,12.119185054859525,-121.742783,36.69445,A,0.07176103627016979
2.0,0.05835865347913398,6.964529868642415,0.1338561593151583,3.0,0.05460444524274907,2722429,Monterey,25.995723880290065,-121.7453,36.688447,A,0.07925171407240922
2.0,0.06197243322204869,7.8871505715964165,0.13128783572078642,3.0,0.05913814010666158,2725644,Monterey,31.56257191973589,-121.725941,36.65785,A,0.07214969561412485
2.0,0.05684170811216006,7.699217918191146,0.11262997974222637,2.9507746610656196,0.04891000806426002,2725645,Monterey,24.049434339294702,-121.723783,36.65635,A,0.06371997167796635
2.0,0.16083609439157553,7.0,0.11599263336909141,2.0,0.16083609439157553,2722433,Monterey,5.650025344744787,-121.705188,36.646167,A,-0.04484346102248413
2.0,0.19818233872073987,7.0,0.14065682078424455,2.5682594193459254,0.1954211034722388,2716751,Monterey,31.365778870105363,-121.762718,36.886405,A,-0.05476428268799424
2.0,0.11828417140804144,9.0,0.19527137474493553,3.0,0.10589244830077374,2717419,Monterey,16.72623353452814,-121.758942,36.743643,A,0.08937892644416179
2.0,0.3113618992959677,8.0,0.39102412434950173,2.0,0.3113618992959677,2715561,Monterey,3.251090437067629,-121.673066,36.889848,A,0.07966222505353404
2.0,0.6622075912986689,6.217421847037176,0.6434547906233218,2.0171759041297914,0.6633518928870141,2725649,Monterey,52.22916001403509,-121.687364,36.669913,A,-0.019897102263692346
2.0,0.14825981101070826,8.062578267558772,0.25504839621238234,2.0,0.14825981101070826,2716834,Monterey,8.650024999720848,-121.711118,36.87842,A,0.10678858520167409
4.0,0.1311642725445931,18.0,0.16818920660165873,6.0,0.12371165665462207,2716851,Monterey,5.696582023049518,-121.792679,36.713322,A,0.04447754994703666
4.0,0.16360845179381456,18.0,0.21649431640290667,6.0,0.1638817321121404,2716852,Monterey,61.48503983946724,-121.791384,36.707249,A,0.05261258429076626
2.0,0.22927964006037704,7.0,0.27733068185382753,3.0,0.23379101648235304,2722459,Monterey,20.91244610727785,-121.763604,36.831929,A,0.043539665371474495
2.0,0.10600478491635477,7.0,0.20523914797373197,2.0,0.10600478491635477,2724038,Monterey,29.610131730592567,-121.677283,36.639841,A,0.09923436305737719
2.0,0.30419109463605987,7.249343177677634,0.38271127010348527,2.0,0.30419109463605987,2701237,Monterey,4.029437680099382,-121.706672,36.869978,A,0.0785201754674254
2.0,0.3598730886078232,8.244353810859034,0.5043667462295699,3.0,0.3821076388037572,2701238,Monterey,1.5171427263034514,-121.712401,36.850114,A,0.1222591074258127
2.0,0.14553100736966465,6.110741684830126,0.19459318366209394,3.0,0.13848957577165322,2701322,Monterey,12.596537504841695,-121.736586,36.683444,A,0.05610360789044072
2.0,0.35909097707526433,8.0,0.4571537997271563,3.0,0.38956791559935294,2701363,Monterey,0.962427850517218,-121.721421,36.866519,A,0.06758588412780336
2.0,0.1709017118065328,7.0,0.251828080649465,3.0,0.1641819254523921,2701386,Monterey,1.0430166346941248,-121.718616,36.816151,A,0.08764615519707289
2.0,0.07433155199059566,9.0,0.14892828327185859,3.0,0.06999613901554091,2701410,Monterey,8.8333524820074,-121.754785,36.695315,A,0.07893214425631767
2.0,0.3002151242019719,7.0,0.365287284886697,3.0,0.3305290099623683,2725653,Monterey,14.44543214451881,-121.704242,36.738362,A,0.0347582749243287
2.0,0.3846745312899647,7.0,0.4693836794786192,3.0,0.39995697035977784,2701444,Monterey,0.620234636702974,-121.720768,36.815876,A,0.06942670911884136
4.0,0.3155632115771404,14.0,0.38207035365758446,6.0,0.3297571385657143,2724039,Monterey,0.7587704939773615,-121.780294,36.840307,A,0.05231321509187015
2.0,0.2468327083565232,6.135727085276645,0.3148541332457673,3.0,0.2531169612262235,2701609,Monterey,12.646125859389564,-121.669337,36.748661,A,0.06173717201954376
2.709749680057463,0.5893435538250273,10.832468213878442,0.5522527381479999,4.0646245200861975,0.6168212594920621,2701670,Monterey,80.044900558171,-121.768823,36.778349,A,-0.06456852134406221
2.0,0.18202987226498363,7.0,0.26935203693703164,3.0,0.17665560750952833,2724040,Monterey,3.145679804084608,-121.717322,36.803355,A,0.09269642942750331
2.0,0.4643815809872457,7.0,0.4941037437168218,3.0,0.4766406765102968,2724041,Monterey,3.476031851216971,-121.719936,36.857976,A,0.017463067206525018
2.0,0.49359422577381556,7.0,0.40354937784369294,3.0,0.4218191025251391,2700794,Monterey,9.950837544561177,-121.713184,36.859484,A,-0.018269724681446164
2.0,0.1526096584353071,9.0,0.2072213300311063,3.0,0.14608429970810652,2717065,Monterey,11.19051590231386,-121.750683,36.751573,A,0.061137030322999775
2.0,0.19390259148929537,6.15113787476701,0.27579863158581386,3.0,0.2005581414887194,2725654,Monterey,53.43644554735408,-121.729089,36.67679,A,0.07524049009709446
2.0,0.3371842522871326,7.222853459043476,0.4057167594505431,2.0,0.3371842522871326,2700381,Monterey,3.847826389837165,-121.70742,36.870095,A,0.06853250716341047
4.0,0.42579701059653347,14.0,0.44954323947766367,6.0,0.4438629945218362,2725655,Monterey,43.691069343851005,-121.782502,36.824745,A,0.005680244955827474
2.0,0.22868420944755735,8.0,0.33042400750147904,2.0,0.22868420944755735,2700333,Monterey,3.8721070760678273,-121.717493,36.878461,A,0.10173979805392169
2.0,0.1593432645394911,7.956612852081121,0.13250016290769195,3.0,0.1649359466840509,2717075,Monterey,5.613240067188873,-121.738902,36.895714,A,-0.032435783776358945
4.0,0.18274166772202446,18.0,0.23179880764063493,6.0,0.18483892443285568,2700174,Monterey,6.42463421155437,-121.77731,36.698468,A,0.046959883207779246
2.0,0.29467009462531224,7.0,0.3836524275731527,2.0,0.29467009462531224,2700134,Monterey,13.408162247270182,-121.704881,36.870227,A,0.08898233294784047
2.0,0.2657803557708345,7.0,0.38067547816515507,2.0,0.2657803557708345,2700019,Monterey,1.1306564569040782,-121.732767,36.847878,A,0.11489512239432059
2.0,0.18728657905460747,7.0,0.2811190058925492,3.0,0.19494516080828891,2715699,Monterey,33.226251063354376,-121.723542,36.817178,A,0.08617384508426026
2.0,0.4826027502373201,7.0,0.5054272397635003,3.0,0.5078701030769024,2715487,Monterey,0.6039514593404626,-121.721275,36.815692,A,-0.002442863313402044
2.0,0.4102783450657378,5.579654025625823,0.4924605539579943,3.0,0.4451696248828541,2715349,Monterey,15.037825857555694,-121.68839,36.72975,A,0.04729092907514021
4.0,0.30615641206364563,14.0,0.3314496575332156,6.0,0.32487812587338133,2715312,Monterey,1.9687597735437972,-121.798613,36.861955,A,0.006571531659834262
2.0,0.15147489347232934,6.769714190898909,0.17309136197252808,3.0,0.1443732262212329,2715289,Monterey,3.733115131130278,-121.667927,36.761944,A,0.0287181357512952
2.0,0.12939928741139067,9.0,0.1552965833709559,3.0,0.12176988427464258,2715279,Monterey,7.448526753282135,-121.718293,36.78482,A,0.03352669909631331
4.0,0.12908992071041608,14.0,0.1440117986214348,6.0,0.12022173673890924,2724859,Monterey,12.77079384326816,-121.78662,36.881433,A,0.023790061882525554
2.0,0.1534002912752059,6.0,0.18738791855100623,3.0,0.15971150897262532,2715138,Monterey,1.305051003444871,-121.684071,36.850268,A,0.02767640957838091
2.0,0.05841347831007456,7.524998019174396,0.13840379544114387,3.0,0.056639796640506807,2722472,Monterey,23.4687306080105,-121.747656,36.688525,A,0.08176399880063706
2.0,0.21636620882406746,6.32067907242076,0.30306278071519804,3.0,0.2298505794532652,2724045,Monterey,63.32719221253867,-121.671035,36.735035,A,0.07321220126193284
2.0,0.614144986548588,6.0,0.6194350321391786,3.0,0.6446147903845996,2725660,Monterey,29.848963364144925,-121.677478,36.712962,A,-0.025179758245420958
2.0,0.14551767286845918,8.0,0.18229581300857636,2.0,0.14551767286845918,2714721,Monterey,2.692169030950903,-121.715878,36.877827,A,0.03677814014011718
4.0,0.33458533721700096,14.0,0.404597877173964,6.0,0.350527840454583,2714686,Monterey,0.9698275132499312,-121.780748,36.840172,A,0.05407003671938099
2.0,0.6847136221813643,6.0,0.7498494262897295,3.0,0.7024102142368484,2714658,Monterey,2.9189429871873185,-121.683494,36.851117,A,0.04743921205288115
2.0,0.14559008623821165,8.0,0.23514949225271375,2.0,0.14559008623821165,2714640,Monterey,3.78084850889169,-121.713633,36.876242,A,0.0895594060145021
2.0,0.5687481345673969,8.0,0.6694871350571082,2.0,0.5687481345673969,2714595,Monterey,2.85702786172935,-121.718823,36.872288,A,0.1007390004897113
2.0,0.1310328916335871,9.0,0.17494891350960562,3.0,0.12763838423994958,2714538,Monterey,8.647725683319548,-121.754179,36.698189,A,0.04731052926965604
2.0,0.519699285140865,7.062491766565673,0.5654624878025112,3.0,0.5418566734325879,2714408,Monterey,18.808880112125586,-121.675884,36.771122,A,0.02360581436992326
2.0,0.20157714234401733,6.0,0.24816743752470932,2.732223021829272,0.20859498137135246,2714288,Monterey,2.2558547317644844,-121.700304,36.855363,A,0.03957245615335686
2.0,0.051799353408152296,9.0,0.11161021444870803,3.0,0.0427174009783528,2717450,Monterey,15.541406083725327,-121.759486,36.739353,A,0.06889281347035522
2.0,0.21623225393991063,8.0,0.2747986365903105,2.0,0.21623225393991063,2714086,Monterey,4.157388903209059,-121.713423,36.878448,A,0.05856638265039987
2.0,0.5570066947203525,8.0,0.4523046974585645,3.0,0.556888377964271,2724046,Monterey,3.273545341913416,-121.729646,36.886841,A,-0.10458368050570654
2.0,0.28158483367098575,7.0,0.35987990508176954,3.0,0.295527736058265,2714002,Monterey,2.54143738222006,-121.719556,36.815923,A,0.06435216902350455
2.0699394570309293,0.6110416385610374,7.244788099608252,0.6082222324799281,3.104909185546395,0.641749734131486,2713964,Monterey,16.974361283299793,-121.767131,36.839277,A,-0.03352750165155782
2.0,0.07037416828324217,7.634144854495206,0.12498636929536815,2.5973651206540174,0.06533638736678846,2713953,Monterey,26.73742582203284,-121.721413,36.650262,A,0.05964998192857969
4.0,0.28983021668365283,14.0,0.3312315775148413,6.0,0.3046241844924425,2713846,Monterey,12.729567800155404,-121.797013,36.8367,A,0.026607393022398784
2.0,0.2255046644425822,8.0,0.2918774205571671,2.0,0.2255046644425822,2713826,Monterey,1.844301485091946,-121.714095,36.877487,A,0.0663727561145849
2.0,0.12895522405783183,7.369762414608736,0.21348523667287728,2.684307690219327,0.12179750139949051,2725663,Monterey,22.86126871450137,-121.719655,36.65574,A,0.09168773527338676
2.0,0.6679555463276586,6.0,0.6350897504545842,3.0,0.6736439628564154,2713762,Monterey,16.044430943222615,-121.694895,36.685838,A,-0.03855421240183121
4.0,0.42688830014855905,14.0,0.4101457419882576,6.0,0.4502434187875162,2724047,Monterey,13.55477924110539,-121.793886,36.82754,A,-0.04009767679925863
2.0,0.17142118771266882,7.0,0.2456691334856563,2.0,0.17142118771266882,2713681,Monterey,1.001483626873233,-121.706921,36.87471,A,0.07424794577298749
2.0,0.30136930890358876,7.088494430132571,0.4233798738718964,3.0,0.31777212071330796,2713672,Monterey,19.732780916874653,-121.714992,36.852367,A,0.10560775315858845
2.0,0.6980693000512741,7.0,0.7289234991700922,3.0,0.7112852261709011,2713656,Monterey,1.5586865068872455,-121.71696,36.860338,A,0.017638272999191185
2.0,0.2630028200598877,7.834780837661299,0.31693604228142674,3.0,0.2780759881251558,2713559,Monterey,15.988253304756048,-121.672127,36.769375,A,0.03886005415627092
2.0,0.19172558053158947,7.0,0.2857519810640902,3.0,0.193645333506246,2724048,Monterey,1.8064076476723283,-121.69318,36.858329,A,0.09210664755784423
2.0,0.08422264328057111,7.0,0.1932569484837289,3.0,0.09308919636141602,2713393,Monterey,0.95587889225328,-121.711559,36.862229,A,0.10016775212231288
2.0,0.2917572385009544,5.9371983796160395,0.42629674553725944,3.0,0.30976469649441224,2717458,Monterey,13.214692672549434,-121.670204,36.726618,A,0.1165320490428472
2.0,0.16403704674395445,7.0,0.3231493047291188,2.881706330994996,0.18182472486798978,2712708,Monterey,3.5458754508097723,-121.737311,36.846333,A,0.141324579861129
2.0,0.474932316508735,7.0,0.47648434393992967,3.0,0.5070775109405454,2712616,Monterey,3.3734705333392845,-121.719047,36.799492,A,-0.030593167000615762
2.0,0.42158830957535426,8.0,0.32020462370119324,3.0,0.40703613160969604,2712604,Monterey,2.6994899536564647,-121.721381,36.865792,A,-0.0868315079085028
2.0,0.19611487376722264,9.0,0.27811597058949583,3.0,0.20076727539128772,2712552,Monterey,11.087110147155498,-121.755914,36.69066,A,0.07734869519820811
2.0,0.630774670722496,8.0,0.5727874060047972,3.0,0.6427966302158638,2712444,Monterey,0.6251648329789894,-121.728761,36.887431,A,-0.07000922421106659
2.0,0.1580863053818197,6.542029004000329,0.22300952717209216,3.0,0.15871478876214934,2717466,Monterey,24.289476382522537,-121.675042,36.761728,A,0.06429473840994282
2.0,0.24549439093183537,6.1544560719624855,0.31622554155923854,3.0,0.25359279434087345,2717115,Monterey,15.211138213275513,-121.733765,36.674683,A,0.06263274721836509
2.0,0.09449236933577174,9.0,0.12058851328922277,3.0,0.08511629405304069,2712154,Monterey,14.406888240507705,-121.752405,36.695858,A,0.03547221923618207
2.0,0.11425428765642581,9.0,0.17629675012086382,3.0,0.11785675247538985,2725670,Monterey,17.8194310836221,-121.745874,36.725914,A,0.05843999764547397
2.0,0.2688436847707192,6.879546684606397,0.37983431467418916,3.0,0.2816505625592859,2717120,Monterey,30.647878347830986,-121.697261,36.735983,A,0.09818375211490327
2.0,0.28566106461452456,7.0,0.34516326464430097,3.0,0.31981200811677457,2725671,Monterey,12.634713038322069,-121.703523,36.739577,A,0.0253512565275264
2.0,0.02586771844750197,6.763436580305885,0.08099138981691859,3.0,0.01960703601871214,2722493,Monterey,12.851293447933651,-121.692218,36.678065,A,0.06138435379820645
2.0,0.3485008835719159,9.0,0.33590748640618623,3.0,0.348932085200799,2711481,Monterey,12.919465013038376,-121.751839,36.753326,A,-0.013024598794612763
2.0,0.4888075169918099,5.307988632775498,0.5309137526185572,3.0,0.5180874649530561,2711345,Monterey,2.443415559198721,-121.679077,36.852487,A,0.01282628766550109
2.0,0.09127981003557215,9.0,0.1316703803957143,3.0,0.0847122888976066,2711255,Monterey,7.265849441612169,-121.74993,36.698965,A,0.0469580914981077
2.0,0.08976348948940226,9.0,0.11390828995428673,3.0,0.08062016680023804,2711119,Monterey,20.68830077044077,-121.753389,36.703869,A,0.03328812315404869
2.0,0.49900464565909425,6.288561966628456,0.5457738882594771,3.0,0.526747649349296,2710878,Monterey,1.2137513085415077,-121.709326,36.851304,A,0.01902623891018118
2.0,0.18393269816595903,8.395115393233251,0.2919311740841535,2.0,0.18393269816595903,2710838,Monterey,1.7237420146376887,-121.709693,36.878636,A,0.10799847591819445
4.0,0.3047406261028085,14.0,0.38084770783199623,6.0,0.31887940742354176,2710792,Monterey,5.569982680352663,-121.796569,36.863239,A,0.06196830040845447
2.0,0.32026476657000025,6.681765759203617,0.4199614283919077,2.0,0.32026476657000025,2710733,Monterey,5.0939201623464605,-121.701995,36.870106,A,0.09969666182190745
2.0,0.10085874351341231,7.780748890558762,0.1072488717691081,2.0,0.10085874351341231,2724052,Monterey,10.904523350460568,-121.710668,36.911371,A,0.006390128255695793
4.0,0.25357275211109415,14.0,0.21511601797032598,6.0,0.26872414521215204,2710215,Monterey,1.990298519518919,-121.79943,36.861239,A,-0.053608127241826065
4.0,0.29518138145319356,14.0,0.3696061967990441,6.0,0.31337716180917263,2710214,Monterey,2.906130956178791,-121.796727,36.863993,A,0.056229034989871474
4.0,0.26726462053422967,14.0,0.31474260692636197,6.0,0.280367173939795,2710213,Monterey,6.034919743719923,-121.796998,36.862631,A,0.03437543298656698
4.0,0.2902201881761291,14.0,0.31942534508013604,6.0,0.3186756565938754,2710199,Monterey,0.6672516617014916,-121.796781,36.86206,A,0.0007496884862606135
2.0,0.3708277506867358,7.0,0.5328621135876108,3.0,0.3929265094371315,2722504,Monterey,5.0127356721985885,-121.704869,36.799815,A,0.13993560415047934
2.0,0.6132405423120527,7.0,0.5806555629862301,3.0,0.6347043429749344,2717163,Monterey,12.010757324318508,-121.736304,36.694513,A,-0.054048779988704276
2.0,0.6014178830725478,5.635110003719453,0.5749675732372975,3.0,0.6274060758145725,2722516,Monterey,19.381246972450203,-121.685685,36.711349,A,-0.052438502577275004
2.0,0.12499923375236334,7.107791278198196,0.09095260715891122,3.0,0.10948227362459077,2725676,Monterey,34.35562322823219,-121.725192,36.911279,A,-0.01852966646567955
2.0,0.13126777074739568,7.094990330366392,0.17700448055444212,3.0,0.12197787340477857,2725677,Monterey,45.47184468940493,-121.73077,36.907109,A,0.05502660714966355
2.0,0.12839308057231122,7.158779475526907,0.14448913784739587,2.996897679055855,0.11356540312515699,2722520,Monterey,16.682470951734025,-121.725485,36.905574,A,0.030923734722238874
2.0,0.15770596886892782,8.0,0.21212777346489436,2.5892292303117146,0.17235954032715922,2718169,Monterey,2.8664172255414746,-121.685165,36.88189,A,0.03976823313773514
2.0,0.19199500291330168,8.007358704171384,0.19462546683263304,2.64020726291039,0.1593192017436946,2718452,Monterey,1.779600911449991,-121.682579,36.882502,A,0.03530626508893844
2.0,0.09655087140241446,7.954170376966461,0.16956598530469572,3.0,0.08561897283139659,2718453,Monterey,1.298174222463374,-121.683936,36.88111,A,0.08394701247329912
2.0,0.2528780483769399,7.0,0.4856629652784436,3.0,0.2850856163313866,2718960,Monterey,0.4159466552427966,-121.742086,36.843912,A,0.20057734894705698
4.0,0.3824239833260148,14.0,0.40162247997299855,6.0,0.39888445238709985,2718667,Monterey,1.670150470474471,-121.78849,36.840989,A,0.0027380275858986947
4.0,0.4151532883456828,14.0,0.4302914739760635,6.0,0.44003711738491247,2718668,Monterey,1.319548939007201,-121.788263,36.84035,A,-0.00974564340884898
4.0,0.32764338261883647,14.0,0.3764238360032656,6.0,0.3424924568181745,2718669,Monterey,1.0359155312211243,-121.787736,36.841184,A,0.03393137918509115
4.0,0.3808353799973794,14.0,0.3693127044388372,6.0,0.4109877546843797,2718670,Monterey,0.8363637915358383,-121.787139,36.841288,A,-0.04167505024554252
4.0,0.3488339364217997,14.0,0.4091373231755296,6.0,0.3619105821104564,2718671,Monterey,1.6532409279677702,-121.787218,36.840566,A,0.047226741065073186
2.0,0.6435952107087977,7.0,0.21940284729671455,3.0,0.6597636138410776,2722534,Monterey,27.10492977250176,-121.75996,36.839687,A,-0.44036076654436307
4.0,0.35915748910309553,14.0,0.3505953986948238,6.0,0.38569570816868287,2718602,Monterey,0.719041063595839,-121.787942,36.841918,A,-0.03510030947385906
4.0,0.39816537687577214,14.0,0.40483306580485034,6.0,0.4237408876074678,2724057,Monterey,5.9235565785365285,-121.787947,36.844836,A,-0.018907821802617464
4.0,0.6450143218108433,17.81447241470046,0.6068838732282946,6.0,0.6712961035489555,2722535,Monterey,4.4221542251318775,-121.805522,36.850282,A,-0.0644122303206609
4.0,0.6422441531940422,16.950242445079372,0.6056602241865781,6.0,0.6646877506475762,2722536,Monterey,6.52834015705244,-121.80546,36.852107,A,-0.05902752646099818
4.0,0.4528673322189854,14.0,0.4413106429976556,6.0,0.4762385662947865,2722537,Monterey,47.09352259397229,-121.799477,36.850584,A,-0.0349279232971309
4.0,0.5979605905171689,14.106621291847786,0.5711567080043592,6.0,0.6314572910242595,2722538,Monterey,24.349272307763137,-121.802012,36.852082,A,-0.06030058301990027
2.0,0.13777381716627263,5.390573535100159,0.22266381740353136,2.9820660391733957,0.13413682651023745,2722542,Monterey,13.201093033972771,-121.69721,36.858027,A,0.08852699089329391
4.0,0.2053882878404786,14.0,0.1714191840916807,6.0,0.2097693111000169,2722548,Monterey,5.784371723940602,-121.779944,36.863451,A,-0.038350127008336204
4.0,0.214675751897719,14.0,0.1721444536669543,6.0,0.21922170814632624,2722549,Monterey,26.8347791915202,-121.781704,36.86535,A,-0.047077254479371944
4.0,0.2035288020102353,14.0,0.17234935871604393,6.0,0.20462594721331345,2722550,Monterey,5.128723560295987,-121.779378,36.865262,A,-0.032276588497269526
2.0,0.10884161437017448,7.014885527547346,0.13824809567821159,2.5995879272298725,0.10019152335222539,2725678,Monterey,38.57892031588629,-121.721317,36.902367,A,0.03805657232598619
2.0,0.47965882075297817,8.0,0.4192638149574148,3.0,0.4856247076908598,2716470,Monterey,3.112267761610908,-121.729363,36.885205,A,-0.06636089273344498
2.0,0.36749996553798,8.0,0.3437028649019935,3.0,0.3629683648122657,2718540,Monterey,1.5325835484599393,-121.728397,36.885253,A,-0.01926549991027221
4.0,0.07044808301558061,14.0,0.09069729302380725,6.0,0.060324782597269304,2722564,Monterey,22.113074524733825,-121.791889,36.87432,A,0.030372510426537942
2.0,0.10711320868599458,7.683350689924498,0.17084077064726727,3.0,0.12623738823567662,2718454,Monterey,1.1910724198744118,-121.684529,36.880913,A,0.04460338241159065
2.0,0.15825496543398196,8.0,0.25850754248724117,2.0,0.15825496543398196,2722574,Monterey,4.044418464622983,-121.703391,36.879904,A,0.10025257705325921
2.0,0.0992985011115021,7.471668969054737,0.1563243871105651,2.0,0.0992985011115021,2722575,Monterey,13.275278279158863,-121.70482,36.877746,A,0.057025885999063
2.0,0.05097772983298399,7.0,0.11345843069175492,2.0,0.05097772983298399,2725683,Monterey,37.74648732226658,-121.69762,36.657766,A,0.06248070085877093
2.0,0.09752009976542073,7.0,0.06142991962516495,2.0422645931290004,0.09652436173346686,2722605,Monterey,36.845558992546565,-121.710139,36.649537,A,-0.03509444210830191
2.0,0.14153533819705016,7.361221582477591,0.18466093436429548,2.19290526503235,0.1404756963053013,2722611,Monterey,31.38358181747721,-121.720118,36.652784,A,0.044185238058994186
2.0,0.1462175548750267,7.045314149533299,0.25175306139236264,2.022642702595353,0.14610405536847534,2722612,Monterey,29.68117070106241,-121.717325,36.651463,A,0.1056490060238873
2.0,0.09648038665392601,8.845151630730264,0.1435804580806027,3.0,0.10764527995015805,2725685,Monterey,19.124623230082005,-121.75034,36.68943,A,0.03593517813044467
2.0,0.3116355858185367,8.946217202211214,0.45572721890235424,3.0,0.32177447367851064,2722660,Monterey,43.78261983932676,-121.733937,36.733858,A,0.1339527452238436
2.0,0.6670399638193975,6.0,0.617165082005558,3.0,0.6974325074969929,2724063,Monterey,14.021144322704824,-121.674634,36.74087,A,-0.08026742549143495
2.0,0.23219201034074918,6.0,0.3605081124326326,3.0,0.2440265931674946,2724064,Monterey,3.380236272389565,-121.662191,36.724462,A,0.116481519265138
2.0,0.269313831848973,5.975864492689057,0.35905116281256305,3.0,0.2902090218903831,2724065,Monterey,31.33244339617005,-121.664859,36.726451,A,0.06884214092217994
2.0,0.2535041872061836,6.348373905820713,0.3633000515006721,3.0,0.2710860616282512,2724066,Monterey,12.14479166532105,-121.669012,36.728021,A,0.09221398987242091
2.0,0.08829377146245761,9.0,0.1763883522419844,3.0,0.08069319413648822,2712658,Monterey,10.283628997210332,-121.748209,36.713423,A,0.09569515810549618
2.1352220687649925,0.09452661742129148,9.602386058006836,0.14371048936238817,3.202833103147489,0.09694153371748124,2722727,Monterey,42.645565538982346,-121.769231,36.726819,A,0.046768955644906934
3.7785274585317037,0.12431063712895792,16.802415319768322,0.17156963224418306,5.6677911877975555,0.12655831098840745,2722728,Monterey,10.22438699393677,-121.771407,36.725379,A,0.045011321255775616
3.457547106068046,0.16082385867853957,15.51665998495488,0.22773463566605912,5.186320659102068,0.16690797501111718,2722729,Monterey,17.2148357430346,-121.771304,36.723291,A,0.06082666065494194
3.202758371221815,0.12130211574728209,14.388861844776208,0.1662821516065585,4.804137556832721,0.11623555170189159,2725688,Monterey,40.30303140758898,-121.771876,36.693911,A,0.050046599904666894
3.592573813331253,0.20204800631913578,16.16658215999064,0.22393769980234793,5.388860719996878,0.19411610710153135,2718033,Monterey,1.9930747853534168,-121.771222,36.702696,A,0.02982159270081658
2.0,0.6083580410902829,6.627043530071801,0.6396271938990984,3.0,0.6041274955447463,2722741,Monterey,17.82409664075524,-121.707254,36.726173,A,0.03549969835435207
2.0,0.16963218179357278,6.999887624666387,-0.08449138927700327,3.0,0.13809658282885545,2700652,Monterey,2.7599715256020554,-121.700373,36.726845,A,-0.22258797210585873
2.0,0.10567072686239996,6.018834912118071,0.20385238761511584,3.0,0.10656223818492451,2722746,Monterey,37.87760759324328,-121.705938,36.730257,A,0.09729014943019133
2.0,0.02249292585668271,9.0,0.08272085164268089,3.0,0.014717888827271259,2722767,Monterey,16.196042163986696,-121.747337,36.74336,A,0.06800296281540963
2.0,0.6656750968666673,6.0,0.6204138344830591,3.0,0.6991874117117473,2722769,Monterey,14.062668557671255,-121.677215,36.741594,A,-0.07877357722868816
2.0,0.6675890268149477,6.0,0.6368618938389502,3.0,0.6969942504767968,2724068,Monterey,26.598826744086196,-121.672798,36.743753,A,-0.06013235663784655
2.0,0.15464945182486878,9.0,0.23983663102630665,3.0,0.15139875209835663,2719058,Monterey,12.63212139511037,-121.755232,36.749564,A,0.08843787892795002
2.0,0.2933648512988897,7.0,0.43775051933445286,3.0,0.31433759731333993,2722778,Monterey,14.04255729089942,-121.74292,36.795737,A,0.12341292202111293
2.0,0.2139867028977104,7.0,0.3124048280254848,3.0,0.2217973580359297,2718185,Monterey,6.255243000769396,-121.719086,36.801467,A,0.0906074699895551
2.0,0.6537056011989874,8.866200608936746,0.6022857688780381,3.0,0.6715519393910373,2722779,Monterey,22.781393592548795,-121.716449,36.788071,A,-0.06926617051299921
2.0,0.3474553464047917,7.0,0.474355463453738,3.0,0.36644626908069833,2722780,Monterey,3.0524216493249186,-121.703334,36.800192,A,0.1079091943730397
2.0,0.2511519184098168,7.0,0.3676331074198299,3.0,0.2625312313410296,2722795,Monterey,28.410749267180968,-121.670791,36.75512,A,0.10510187607880028
2.0,0.20274308568218083,7.0,0.25776962060731895,3.0,0.20501301068245462,2722799,Monterey,10.778582402298406,-121.677591,36.758385,A,0.052756609924864334
2.0,0.20253773737801356,6.645771598735773,0.24336901433715658,3.0,0.19868737894710328,2724070,Monterey,21.21954165462285,-121.673135,36.758228,A,0.04468163539005329
2.0,0.1737905783586655,6.746018102776856,0.21967476408539807,3.0,0.16906391724060826,2724071,Monterey,24.974424209917355,-121.669409,36.757939,A,0.05061084684478981
2.0,0.21705188599558045,6.229008150501094,0.2230251115492906,3.0,0.2091008947776422,2722802,Monterey,12.597007356085571,-121.669986,36.76019,A,0.013924216771648401
2.0,0.36165005615374496,8.948551527623874,0.39436305645649034,3.0,0.3895155041088915,2718218,Monterey,2.9311195783155988,-121.703044,36.778833,A,0.004847552347598816
2.0,0.36658110071493605,6.219756680533615,0.5141021154729165,3.0,0.3945474477979773,2724073,Monterey,9.363615862969915,-121.692758,36.778988,A,0.11955466767493922
2.0,0.26128959179123884,7.0,0.39691348525595543,3.0,0.2769242752154601,2701084,Monterey,3.7108342449205822,-121.662865,36.86146,A,0.11998921004049534
2.0,0.05481519073826275,9.0,0.06547606175969156,3.0,0.04611438992799819,2722848,Monterey,32.24213131156644,-121.742284,36.704185,A,0.01936167183169337
4.0,0.1554365633465753,18.0,0.2032653127528527,6.0,0.15420368112849686,2722849,Monterey,51.28987594892178,-121.778462,36.689751,A,0.04906163162435584
2.0,0.2644837755410916,6.0,0.37681455348270615,3.0,0.2883369707741849,2723663,Monterey,0.9855646928646477,-121.696691,36.814375,A,0.08847758270852124
2.0,0.3357904513246502,7.628835115362972,0.35150860661593597,3.0,0.3553475245687488,2722874,Monterey,3.442727509509315,-121.670093,36.768364,A,-0.003838917952812826
2.0,0.33302159608873,7.0,0.40619429560685394,3.0,0.34609950533157074,2722875,Monterey,5.695484905860211,-121.695995,36.764293,A,0.060094790275283194
4.0,0.0931443732148297,14.0,0.08212190425394819,6.0,0.09169996090895995,2711919,Monterey,9.636571452745237,-121.788943,36.86978,A,-0.009578056655011755
2.0,0.22664129317241918,7.0,0.30530438444973856,3.0,0.2399042422190261,2714436,Monterey,4.544229285768636,-121.705583,36.773826,A,0.06540014223071247
2.0,0.08670984087921989,7.0,0.17876570668794436,2.0,0.08670984087921989,2722918,Monterey,29.56504087588606,-121.678563,36.638185,A,0.09205586580872448
2.0,0.08192950462080428,7.0,0.1622465788767358,2.0,0.08192950462080428,2722919,Monterey,33.56293212151577,-121.679899,36.636538,A,0.08031707425593151
4.0,0.1420305214263025,18.0,0.17847745180229901,6.0,0.13684446702758565,2724916,Monterey,41.677258014689,-121.778615,36.691614,A,0.04163298477471336
2.0,0.28495088275202185,7.0,0.33337050712252597,3.0,0.2937296600503525,2724788,Monterey,7.341163181047932,-121.679808,36.750932,A,0.03964084707217347
2.0,0.2557453242454421,7.0,0.3273857628098879,3.0,0.27179912824985597,2724789,Monterey,8.407904356995306,-121.67889,36.752757,A,0.05558663456003193
2.0,0.32328871586362806,6.96522767850663,0.3660891885965987,3.0,0.3387309458377727,2724790,Monterey,10.661748745518569,-121.678054,36.750064,A,0.027358242758826035
2.0,0.4488694389913819,7.04336577097931,0.44734963055563903,3.0,0.47075804515016306,2701607,Monterey,29.35115112078249,-121.676281,36.754313,A,-0.02340841459452403
2.0,0.19679834067741492,7.0,0.23643345484971662,3.0,0.2036660998239552,2724742,Monterey,5.20254013353353,-121.680336,36.756863,A,0.03276735502576142
2.0,0.46870375552665455,7.0,0.35697569328468837,3.0,0.4631752818944132,2724084,Monterey,6.472775549289613,-121.67762,36.764165,A,-0.10619958860972484
2.0,0.1873752629933553,7.0,0.24906021484710272,3.0,0.19038311163434896,2724786,Monterey,9.1814248437708,-121.704588,36.775133,A,0.05867710321275377
2.0,0.46291762620572924,7.0,0.6106954434589529,3.0,0.5013970944634811,2724825,Monterey,1.5978470981901989,-121.712818,36.769679,A,0.10929834899547175
2.0,0.030763618321566464,7.0,0.06220848918482942,3.0,0.022482404802744823,2724822,Monterey,3.701356736237209,-121.708177,36.769336,A,0.039726084382084595
2.0,0.08091783677763087,7.0,0.09288779065078959,3.0,0.07033607621836391,2724827,Monterey,4.456533502287824,-121.709028,36.77007,A,0.02255171443242568
2.0,0.09330015500141398,7.0,0.11055389164075972,3.0,0.0841391743737846,2724772,Monterey,4.15247073226409,-121.706617,36.764866,A,0.026414717266975127
2.0,0.12908330415267102,7.0,0.16493408631901457,3.0,0.11960150222402463,2724800,Monterey,1.2348279683929522,-121.70554,36.765238,A,0.04533258409498994
2.0,0.1282923847686143,7.0,0.1846700555185014,3.0,0.12940716767575863,2724820,Monterey,0.5650027296029471,-121.704692,36.765667,A,0.055262887842742775
2.0,0.07487243536055553,7.0,0.10685219223636702,3.0,0.06351448727897673,2724821,Monterey,1.0582126135213037,-121.705087,36.765966,A,0.0433377049573903
2.0,0.28836655937160055,7.0111828501498055,0.4680790788059261,3.0,0.304721914017821,2724914,Monterey,7.336734899898557,-121.744586,36.797037,A,0.16335716478810508
2.0,0.0901255454698451,6.0,0.22723779966453259,2.5505409932784096,0.09830293580082876,2724087,Monterey,29.39766390104861,-121.694195,36.843958,A,0.12893486386370384
2.0,0.12619490576163506,7.0,0.2341737545052488,3.0,0.1363417415449126,2724815,Monterey,0.962237628951918,-121.738597,36.846155,A,0.0978320129603362
4.0,0.37579707856746286,14.0,0.39080076566943067,6.0,0.3862787557087462,2724872,Monterey,6.612453617086797,-121.78772,36.835394,A,0.00452200996068447
2.0,0.14154261558312395,7.024174259681087,0.18021518674833956,3.0,0.13143887429249915,2724756,Monterey,5.43195047375508,-121.723742,36.905689,A,0.04877631245584041
2.0,0.437166380969246,6.957618144279632,0.4855149795875532,3.0,0.46178785982505055,2724774,Monterey,10.164128217792088,-121.674349,36.765257,A,0.023727119762502635
2.0,0.02916685862832936,7.0,0.06193691954778514,3.0,0.018259962773405216,2724823,Monterey,2.214685759315256,-121.707455,36.768512,A,0.043676956774379924
2.0,0.14208918305179427,9.0,0.18717342804558346,3.0,0.13459360135325266,2724830,Monterey,8.57785835482313,-121.753808,36.752109,A,0.0525798266923308
2.0,0.13380090481362805,9.0,0.16438070764669607,3.0,0.12858381548126932,2724911,Monterey,4.872969423444962,-121.755647,36.75095,A,0.03579689216542675
2.0,0.06183681976002154,7.0,0.13460320292311234,2.0,0.06183681976002154,2724889,Monterey,19.580624546076727,-121.697605,36.653945,A,0.07276638316309081
2.0,0.12106846911711304,7.0,0.21367744349687237,3.0,0.11763800208033727,2724777,Monterey,1.6527140195828056,-121.715223,36.802511,A,0.0960394414165351
2.0,0.14308187799112912,6.874791295342625,0.23989949165032964,3.0,0.13993149505800365,2724099,Monterey,10.978978663677392,-121.693196,36.860251,A,0.099967996592326
2.0,0.23037392187868413,7.999655320982336,0.2777201837915021,3.0,0.23040785314912487,2724812,Monterey,0.8971110859546187,-121.723065,36.866852,A,0.04731233064237722
2.0,0.4878103145366919,7.17424383002412,0.4722314353560136,2.2436444609389485,0.49147900563762725,2724100,Monterey,0.8279213803245985,-121.726729,36.887628,A,-0.01924757028161367
2.0,0.5197507122941369,7.838088012139607,0.5152811706179191,2.717071320182094,0.529947054169066,2724101,Monterey,1.0203209411321956,-121.727222,36.887486,A,-0.014665883551146841
2.0,0.47616925426229045,7.6530573309167185,0.458251863007303,2.0,0.47616925426229045,2724102,Monterey,0.8116530245595415,-121.726102,36.887206,A,-0.01791739125498748
2.0198155555688033,0.4805504710722806,7.069354444490808,0.5013448765843196,3.0297233333532043,0.5010275322077666,2724862,Monterey,12.97245783625232,-121.767058,36.841014,A,0.00031734437655295267
2.0,0.36130541064101157,9.0,0.35321146567291745,3.0,0.38137870554004005,2724105,Monterey,1.1726151682332635,-121.720555,36.784829,A,-0.028167239867122607
2.0,0.2971086121070395,9.0,0.32298788051141336,3.0,0.3142356062436917,2724106,Monterey,0.8810571391859913,-121.720452,36.784196,A,0.008752274267721682
2.0,0.4590888525841325,9.0,0.5859597883008447,3.0,0.4896453861203804,2724107,Monterey,0.7628173965708593,-121.720574,36.783672,A,0.09631440218046433
2.0,0.46941395359401317,9.0,0.5861539040935166,3.0,0.4967458149037091,2724108,Monterey,0.7734942243787742,-121.721579,36.78412,A,0.08940808918980753
2.0,0.5120455356892251,9.0,0.6195372183222012,3.0,0.5382430192682869,2724109,Monterey,0.4223296477675171,-121.722126,36.784486,A,0.08129419905391433
2.0,0.4453882092567184,9.0,0.4257577565637815,3.0,0.49022874968319136,2724110,Monterey,0.2160097252263234,-121.721503,36.784827,A,-0.06447099311940985
7.0,0.2116409486723003,14.0,0.2637528560743047,9.00330240278271,0.20836991940500516,2706910,Monterey,22.572793988214123,-121.238793,36.348356,A,0.055382936669299554
2.0,0.20442468320643717,7.0929207291225085,0.27198865904854536,3.0,0.2132112551797947,2724418,Monterey,1.8300241609391408,-121.687268,36.856659,A,0.05877740386875066
2.0,0.20884650975939142,8.845205612940946,0.28935789510308585,3.0,0.22059148912252888,2724419,Monterey,1.5894800949623171,-121.688147,36.85789,A,0.06876640598055697
2.0,0.15454897734357,7.0,0.21355182479368964,3.0,0.15859790248233718,2725948,Monterey,14.771063213061876,-121.706384,36.746225,A,0.05495392231135246
2.0,0.16018128103866383,7.0,0.14402512357430305,3.0,0.15921047854288448,2725949,Monterey,0.83604401392056,-121.705866,36.743943,A,-0.015185354968581422
2.0,0.2096187558958802,7.0,0.3291082949578007,3.0,0.24791581369653531,2725950,Monterey,0.1530359914697565,-121.705694,36.744603,A,0.08119248126126538
2.0,0.2061642536008022,8.0,0.18743547336229693,3.0,0.21496583824815702,2726554,Monterey,6.060109856071165,-121.687164,36.903269,A,-0.02753036488586008
4.0,0.16621920815964125,14.0,0.09098856391321809,6.0,0.16838810741439186,2726556,Monterey,2.59472337242424,-121.774053,36.882505,A,-0.07739954350117377
4.0,0.18953802634785147,14.0,0.09912602855512921,6.0,0.18884765039449616,2726568,Monterey,3.397740234195094,-121.77307,36.882263,A,-0.08972162183936695
2.0,0.15903391920377885,7.0,0.05831339059073417,3.0,0.16311773971813118,2726604,Monterey,12.786007509614343,-121.763004,36.883809,A,-0.104804349127397
2.0,0.649723048199206,7.750288683602773,0.3267199477603579,2.349379330254041,0.6484874392551283,2726547,Monterey,23.594859618117244,-121.752847,36.887581,A,-0.3217674914947704
2.0,0.10590700150871817,7.0,0.06901589454076165,3.0,0.09051576653019404,2726581,Monterey,9.509533318953126,-121.756181,36.88345,A,-0.021499871989432387
2.0,0.10367937045815503,7.0,0.05206382972909531,3.0,0.09676353759976715,2726550,Monterey,14.249639977309704,-121.751794,36.885112,A,-0.04469970787067184
2.0,0.5722061187977582,7.0,0.49314907729881635,3.0,0.5975415379872401,2727142,Monterey,2.6233783388098577,-121.739143,36.885991,A,-0.10439246068842373
2.0,0.1267262155039779,7.0,0.07967053482221771,3.0,0.1192012609749928,2726570,Monterey,4.884537565446844,-121.749073,36.88201,A,-0.039530726152775086
2.0,0.3149635945803319,7.280454953606706,0.47628826305417377,2.0,0.3149635945803319,2725965,Monterey,1.289428463365199,-121.666459,36.877471,A,0.16132466847384186
2.0,0.361718495625669,8.0,0.5490901990214587,2.0,0.361718495625669,2725966,Monterey,0.2998202507983356,-121.665634,36.877504,A,0.18737170339578973
2.0,0.49873209757391695,8.0,0.6597770122303205,2.0,0.49873209757391695,2725967,Monterey,0.1656770985151769,-121.665529,36.877178,A,0.16104491465640353
4.0,0.3183488457601709,14.0,0.22391763155586203,6.0,0.33541421233572377,2726539,Monterey,1.7137543728353273,-121.793505,36.862915,A,-0.11149658077986174
4.0,0.3224867483668437,14.0,0.18356098299562468,6.0,0.33711159022217224,2726589,Monterey,2.066884493950889,-121.794034,36.86219,A,-0.15355060722654756
2.0,0.7201129844417079,7.0,0.6709254104790168,3.0,0.726846732760598,2725976,Monterey,0.3233868892751399,-121.718799,36.858023,A,-0.0559213222815812
2.0,0.5490550597726908,7.0,0.41878173607841274,3.0,0.5531255953574661,2726486,Monterey,0.3928743429809,-121.719058,36.855873,A,-0.13434385927905335
2.0,0.5053167104009608,7.0,0.5979478254347751,3.0,0.5459644655070404,2726482,Monterey,0.1755594109468256,-121.703382,36.866347,A,0.05198335992773473
2.0,0.1789204265394208,7.0,0.28751801216298567,3.0,0.18411635636555537,2726442,Monterey,3.430157398511535,-121.704895,36.858301,A,0.1034016557974303
2.0,0.22203963092909607,7.0,0.2180611882028143,3.0,0.22639683410503642,2726443,Monterey,3.1972397070606307,-121.70334,36.858779,A,-0.008335645902222105
4.0,0.22702128920751166,14.0,0.18331508829660897,6.0,0.21685650577707039,2725982,Monterey,13.915307516933698,-121.796044,36.846526,A,-0.03354141748046141
2.0,0.36478760099560165,7.0,0.5526429194755997,3.0,0.3844756922589615,2726590,Monterey,6.926150473388751,-121.751869,36.847796,A,0.16816722721663824
2.0,0.544925731766377,6.0,0.5123509850609146,3.0,0.5742844912132461,2726623,Monterey,0.6577638377849763,-121.708823,36.851381,A,-0.06193350615233151
2.0,0.3975938231006222,6.0,0.3470309948068503,3.0,0.4114951603431202,2726559,Monterey,0.1095623210076874,-121.67048,36.849979,A,-0.06446416553626994
4.0,0.19983725470916913,14.0,0.219471280137465,6.0,0.21216893968980138,2726576,Monterey,0.2539227071474774,-121.790454,36.826297,A,0.007302340447663619
4.0,0.20547714486889465,14.0,0.22140952977973055,6.0,0.2121495816380418,2726532,Monterey,0.2246724248581074,-121.78956,36.826296,A,0.009259948141688762
13.860658052086112,0.299438278757307,27.766808397555156,0.5545937928066462,17.860658052086105,0.31178897935261024,2726665,Monterey,9.41257250768291,-121.09542,36.098016,A,0.24280481345403598
2.0,0.2912925557738365,6.0,0.345276157779579,3.0,0.31708220667539233,2726514,Monterey,1.1135835660813982,-121.696077,36.81357,A,0.028193951104186654
2.0,0.23669698973237102,7.0,0.3164208835125352,3.0,0.2371857866265177,2726507,Monterey,1.0609643621329017,-121.720289,36.80323,A,0.07923509688601751
2.0,0.23913050748702322,7.0,0.20257539864635557,3.0,0.24252129246091994,2726035,Monterey,0.5723537464534156,-121.705767,36.799272,A,-0.03994589381456437
2.0,0.5444865852216195,7.0,0.5031892939454764,3.0,0.5651928442217773,2726619,Monterey,5.720010108530923,-121.76474,36.790489,A,-0.06200355027630089
2.0,0.25508040251174896,9.0,0.2849420290322183,3.0,0.24926201354940652,2726039,Monterey,0.1425062490994678,-121.716571,36.78579,A,0.0356800154828118
2.0,0.3067938599850598,9.0,0.34677271593218917,3.0,0.3138722328759713,2726040,Monterey,0.1027460789865298,-121.71614,36.785362,A,0.032900483056217844
2.0,0.15351270731027641,7.074488633549599,0.2374170787684495,3.0,0.1533944128384432,2726645,Monterey,3.123466986677738,-121.695245,36.77987,A,0.08402266593000629
2.0,0.3114869710291892,8.0,0.38995802418281256,3.0,0.3295236386790227,2726045,Monterey,1.114424194233843,-121.670162,36.769993,A,0.06043438550378988
2.0,0.21790797169687137,7.0,0.2420596187703868,3.0,0.2321229328701615,2726592,Monterey,4.343516347707152,-121.704051,36.758181,A,0.009936685900225284
2.0,0.4146141837860559,7.0,0.5342959935915508,3.0,0.44588314616341584,2726555,Monterey,2.274624940657674,-121.705868,36.758188,A,0.08841284742813493
2.0,0.12458262081251321,7.0,0.23068755392245677,3.0,0.12983997722120616,2726046,Monterey,9.972233780814529,-121.63886,36.759225,A,0.10084757670125061
2.0,0.19084927274939176,6.678824670713779,0.24850537939940437,3.0,0.19750604659730536,2726047,Monterey,7.755213764884565,-121.639548,36.756107,A,0.05099933280209901
2.0,0.24571312513609986,6.111324376199613,0.37373366174565165,3.0,0.2579380614452078,2726048,Monterey,2.010212910122964,-121.638491,36.751333,A,0.11579560030044384
2.0,0.15073515316104596,6.5716525488317385,0.27216124814480286,3.0,0.1659461768963845,2726049,Monterey,7.115395254502699,-121.637414,36.752118,A,0.10621507124841836
2.0,0.39207145787181513,6.0,0.21611359435000121,3.0,0.28773313838389347,2726566,Monterey,1.4996605113406147,-121.661462,36.72911,A,-0.07161954403389226
4.0,0.1885592225667936,18.0,0.1635226804443161,6.0,0.19812913168325316,2700801,Monterey,34.689461740358,-121.776597,36.718467,A,-0.034606451238937075
2.0,0.5650448879268519,7.049225688400933,0.445144645637639,3.0,0.5969917210231358,2726662,Monterey,3.491117875379804,-121.727676,36.674697,A,-0.1518470753854968
3.0,0.08384514833903824,7.0,0.19321166849657853,3.0,0.08384514833903824,2726253,Monterey,12.682193212174525,-121.582782,36.675239,A,0.1093665201575403
3.0,0.5742104556686565,9.0,0.6652384024003388,4.0,0.5983428849656247,2726269,Monterey,2.2334280499839307,-121.55282,36.667517,A,0.06689551743471411
2.0,0.1880160950774076,7.0,0.1458951384031113,2.0,0.1880160950774076,2726573,Monterey,1.686332708274059,-121.705993,36.645829,A,-0.0421209566742963
2.0,0.2400701283691313,7.0,0.24633182753093166,2.0,0.2400701283691313,2726265,Monterey,1.3218112683285903,-121.668743,36.635322,A,0.00626169916180036
2.0,0.27714131531154773,7.510876993603567,0.3865279720538041,3.0,0.2927056850504064,2726503,Monterey,10.081440763675213,-121.665206,36.828604,A,0.09382228700339773
2.0,0.49993739239569723,7.0,0.5203880761908476,2.0,0.49993739239569723,2726120,Monterey,0.3457781492311228,-121.700769,36.868637,A,0.02045068379515036
2.0,0.4282290800714341,7.0,0.5026313818514457,3.0,0.4402394856255416,2727190,Monterey,1.1964571820740455,-121.711174,36.775066,A,0.06239189622590413
2.8155212287450713,0.6298292147647359,9.85432430060775,0.542445629389576,4.223281843117606,0.6457132542174814,2714782,Monterey,54.71164351805384,-121.767953,36.857979,A,-0.10326762482790541
2.9304040499501,0.12810179265670896,13.146824096211114,0.17730442782825268,4.395606074925149,0.1259863328922887,2726144,Monterey,115.69689453799748,-121.770829,36.697504,A,0.05131809493596398
