15_Mar_only,15_Mar_only_n,20_31_Mar,20_31_Mar_n,20_Mar_only,20_Mar_only_n,25_Mar_only,25_Mar_only_n,pre,pre_n,unit_id
,0.0,0.4024773473026884,4.0,0.40791202365919893,2.0,0.3992618436139906,2.0,0.3809101536565497,6.0,4400056
,0.0,0.4147102886199849,1.4811030071375637,,0.0,0.4147102886199849,1.4811030071375637,0.3978427521972493,4.3617925816139484,4400039
0.25524138556325626,4.0,0.24393295568957427,5.694379500607874,0.13321209116464713,1.6943795006078737,0.2494804267225883,4.0,0.24706913202925768,10.999906480875339,4400035
0.3546640136306818,2.0,0.43959014379775296,4.0,0.444510512409122,2.0,0.43581247554991376,2.0,0.4231709306333004,6.212554335813747,4400031
,0.0,0.4838600036116171,4.0,0.4967981067711619,2.0,0.473494495409181,2.0,0.49256520605089055,6.833800500803528,4400011
0.41209854486679665,4.0,0.4207861763790469,8.0,0.411304299447348,4.0,0.4245163210121984,4.0,0.4423225843320015,12.0,4400006
,0.0,0.399899286264747,4.0,0.40310737279868536,2.0,0.3969076696974656,2.0,0.3849940199608289,6.851146634074172,4400005
0.3019773725315661,0.11939360067067208,0.4763886503447395,4.0,0.4763554372033944,2.0,0.47605485200311476,2.0,0.4810310395004294,6.0,4400004
0.2346955362480266,0.15620755229557182,0.37860451953845387,4.0,0.3736607948704214,2.0,0.3820029313483014,2.0,0.3904003657398585,6.710065199674004,4404078
0.3263026910649945,0.10799367007399167,0.38376705522161153,4.0,0.3944687679652799,2.0,0.37374780724928214,2.0,0.41232098308306425,6.923484880886191,4404045
,0.0,0.38458969536770815,4.0,0.39369736384667753,2.0,0.3786003064435389,2.0,0.30424509937384964,6.638051014403762,4405091
0.42553818957183187,0.3998529424951354,0.40570382032125146,4.0,0.41677483367782664,2.0,0.39487949623486995,2.0,0.4607008180993184,6.0,4403743
0.46489195465574945,2.0,0.46482307063445655,4.0,0.4789197510503557,2.0,0.45404755105317657,2.0,0.3468341439207955,6.0,4403738
,0.0,0.38784057927352705,4.0,0.40827305099091504,2.0,0.37543869344265374,2.0,0.40947459085463894,8.0,4403731
,0.0,0.4588132805954836,4.0,0.45332449375189426,2.0,0.46148781450306575,2.0,0.5378680513048625,8.0,4403728
,0.0,0.6537112956546338,2.0,,0.0,0.6537112956546338,2.0,0.6016068236886252,6.0,4403726
,0.0,0.12324857495105926,2.0,0.09956850484692682,1.0,0.1469286452309879,1.0,0.08570545497862408,3.0,4403725
,0.0,0.48285200577135584,5.734403065501141,0.49639240629304554,2.0,0.4840862923979256,2.0,0.5192371001802791,8.0,4404030
,0.0,0.3686896422650062,4.0,0.39780304704676034,2.0,0.34521415216324186,2.0,0.37087167374467883,8.0,4405096
0.40503426533807396,2.0,0.41314046983776176,4.0,0.42239063043187475,2.0,0.40485794342102366,2.0,0.44234670871614784,7.210927028041393,4403991
0.31563841153219613,1.8807331863285555,0.3735762074203644,4.0,0.3748980817386042,2.0,0.372299792500913,2.0,0.3701335870082742,6.0,4403956
,0.0,0.11517834373329387,4.0,0.10753190766097455,2.0,0.11496677322289554,2.0,0.08395243255506978,6.0,4403933
,0.0,0.5696623595151155,4.0,0.5920104519537096,2.0,0.5523010728431371,2.0,0.5968774783004593,6.0,4403904
0.3347659926865173,0.39151539873546803,0.357829543881919,4.0,0.3676299265786237,2.0,0.3510091209530758,2.0,0.3757701465433383,6.0,4403896
0.206599334865208,0.16785246208575172,0.2472316889835268,4.0,0.23960173873279983,2.0,0.251269616368896,2.0,0.33928795598048817,6.0,4403892
,0.0,0.4264071893502309,4.0,0.43751124497280935,2.0,0.4183181473362176,2.0,0.43969104541437154,6.0,4403887
0.4956978477289393,1.417200577200577,0.5847068756586548,4.0,0.6123888171785665,2.0,0.5662685416701209,2.0,0.6485105045120438,6.0,4403881
,0.0,0.14702869865319027,4.0,0.14335261453456105,2.0,0.14821681543272194,2.0,0.10770640187584814,8.0,4404594
,0.0,0.5376047443041756,6.0,0.5538688431539012,2.0,0.536528406289093,2.0,0.5746200602173216,8.0,4404595
,0.0,0.44398022525867403,4.0,0.4437210686059121,2.0,0.44430757827640305,2.0,0.4379029416690156,6.0,4403864
,0.0,0.5377608867028867,1.0022524728234257,0.663112998008728,0.002252472823425717,0.5377805511805629,1.0,0.5709420955504508,2.0,4403853
,0.0,0.2754202122796386,4.0,0.2844982449176218,2.0,0.2718868435496115,2.0,0.22753130142328012,6.0,4403852
0.35246782478045774,0.14819007808644666,0.4886548150907272,4.0,0.4891982235146585,2.0,0.48785383787784,2.0,0.48438024705143373,6.0,4403848
0.4848006513672208,2.0,0.506347598980252,4.0,0.5136914290553044,2.0,0.49933211764511287,2.0,0.5007300686574733,8.0,4403840
0.4732950616861981,2.0,0.4688784385882158,4.0,0.4837566727042936,2.0,0.45850358952955905,2.0,0.36459488636071785,6.0,4403838
,0.0,0.23740986693672594,4.0,0.2410268491249119,2.0,0.23412736033915132,2.0,0.2621499929808282,6.0,4403837
0.31196685559336107,0.3460004691531785,0.36126558969864636,4.0,0.3631754443271643,2.0,0.3599944201457445,2.0,0.34087501554609617,6.0,4403812
0.24184563199201572,1.1993287628693603,0.3073254024463407,4.0,0.31004953864576823,2.0,0.3048368379480095,2.0,0.2837966502882454,6.189224374746199,4404222
,0.0,0.41650314950075135,4.0,0.41551072219425056,2.0,0.41718395313510837,2.0,0.377596333860201,6.0,4403806
,0.0,0.36397598539433634,1.768912163770531,0.3532363479844772,0.7689121637705308,0.3726759404238421,1.0,0.31208958024958483,2.7407283980004755,4403769
0.2796193846156066,2.0,0.31019724548095345,4.0,0.309773382032322,2.0,0.30870147933081593,2.0,0.27293495647481847,8.0,4403708
,0.0,0.18806952548085676,4.0,0.1998251099370825,2.0,0.1826465864537441,2.0,0.15050594959066355,7.993987876378813,4403688
,0.0,0.3688111069502306,4.0,0.37774991822527454,2.0,0.35990354689835263,2.0,0.2885893663425054,6.0,4403677
,0.0,0.3523398537236627,4.0,0.38743175536245916,2.0,0.32523257421214596,2.0,0.34937194178102426,8.0,4403659
,0.0,0.6056492991877118,4.0,0.6174304697362679,2.0,0.5970760617674186,2.0,0.6358840578330878,6.6644508834725285,4403658
,0.0,0.42558629939624004,4.0,0.4373772334892153,2.0,0.4192883754117461,2.0,0.4287717499366221,6.0,4403643
0.19190925978844245,0.7930991778182943,0.2092681297171149,2.075537514190375,0.20151533037003752,1.0,0.21757526686168066,1.0,0.16647360756280244,3.0,4403635
,0.0,0.3872595875365144,4.0,0.41609063677772523,2.0,0.36595016186115786,2.0,0.44324758515327434,8.0,4403617
0.3609764278389332,0.7535173429384487,0.40609225582306424,4.0,0.4079328442996503,2.0,0.4043685749633681,2.0,0.45208885321647785,6.0,4403599
,0.0,0.4027180371218839,4.0,0.43123498990986164,2.0,0.3789140289935675,2.0,0.3939004713938051,8.0,4405110
,0.0,0.6245418280391278,4.0,0.6289161179709305,2.0,0.6230235079379159,2.0,0.6257583204220989,6.0,4403572
0.23407604620474054,1.9690534818428678,0.29824997071279125,4.0,0.2874227144891776,2.0,0.31118368195871277,2.0,0.25148085735288367,6.0,4405111
,0.0,0.5002428407247669,4.0,0.5290692838594485,2.0,0.4744165100196105,2.0,0.5232365582670485,8.0,4403523
0.2166452967368956,1.0,0.23690753112357446,2.4907480264994803,0.22634139568628034,1.0,0.2608606398323483,1.0,0.18622443681978487,3.0,4403518
,0.0,0.30730819752228433,4.0,0.31459142145038094,2.0,0.30203532247802556,2.0,0.2642771877915796,6.0,4403506
0.1660808921975445,0.029188669342661202,0.19486785968583017,2.5087595328640084,0.1856082767890763,1.0,0.2215588517092759,1.0,0.16049543756032292,3.0,4403500
,0.0,0.4986393300199665,4.0,0.5158037260049687,2.0,0.48306616713222394,2.0,0.5231674971943407,8.0,4403485
0.27291879556234105,2.0,0.30672542619744675,5.758266328417254,0.3002655359537927,2.0,0.31411111640331496,2.0,0.30659508380359596,6.0,4403476
,0.0,0.41818516049428256,4.0,0.4152890844687469,2.0,0.4187548054973459,2.0,0.3799240799640638,7.9026925698704815,4403465
,0.0,0.3782205740855451,4.0,0.392658296902064,2.0,0.37174452485074044,2.0,0.3349189459229592,8.0,4403459
0.29190490204574804,0.18691806331471134,0.33990412173083967,4.0,0.33548001799683885,2.0,0.34223447175156535,2.0,0.3041289182614551,7.296554934823091,4403454
0.36946283774273536,0.4361552680221813,0.5737311387921439,4.0,0.5930968762678053,2.0,0.5622178509649642,2.0,0.6055339627984272,6.0,4403435
0.538211017774461,0.08788622502243634,0.4921751438267641,4.0,0.528473134351192,2.0,0.4613431573090706,2.0,0.529496874299385,6.0,4404226
0.35803575346705224,2.0,0.450468463973426,4.0,0.45897396791441736,2.0,0.4444763244815136,2.0,0.46926902747358873,6.0,4403375
,0.0,0.5990313036312315,4.0,0.6233019344644302,2.0,0.5836969184092273,2.0,0.6457510724706452,6.0,4403364
0.28807371414011307,1.4917004048583002,0.3037084611879309,4.0,0.2943427467469867,2.0,0.30832946974376935,2.0,0.29465312868175736,7.489979757085023,4403363
,0.0,0.14991350616148996,4.0,0.13366763174759666,2.0,0.15460795977605796,2.0,0.12851232499927032,6.0,4403362
,0.0,0.4479461355569343,4.0,0.47805654153982036,2.0,0.4197609858076012,2.0,0.451278075296213,8.0,4403359
0.3349160473284193,2.0,0.38382265221101336,4.0,0.40019027577559657,2.0,0.36901001808157574,2.0,0.3749359237592637,8.0,4403340
0.3073713481426239,0.008185453636590848,0.43684661485044324,4.597225693576604,0.45214310785631195,2.0,0.43215268294279696,2.0,0.4340274864190876,6.0,4403328
,0.0,0.4158937335736454,4.0,0.42601299570560863,2.0,0.407271578184251,2.0,0.4011768106208288,6.0,4403308
0.1948695202730192,0.3198686047760552,0.1923115896016049,2.0,,0.0,0.1923115896016049,2.0,0.19634487170509063,6.0,4404603
,0.0,0.4895395429292994,4.0,0.5045716796343973,2.0,0.47603457455996767,2.0,0.5355762109197019,8.0,4403299
0.4291425098533733,0.7712455204360293,0.6737220652804863,2.0,0.6716265400200708,1.0,0.6758175939765697,1.0,0.6421380526039385,3.0,4400069
,0.0,0.6144832197235869,4.0,0.6352641346029375,2.0,0.6031716632769187,2.0,0.6499964912923072,6.0,4400093
,0.0,0.13825096985066637,4.0,0.12636953656527136,2.0,0.14131753316258655,2.0,0.07727616211837475,6.0,4405124
,0.0,0.4699587277464744,5.999842370744009,0.48145693258139605,2.0,0.48362437501674543,2.0,0.40121459351408595,8.0,4400140
,0.0,0.2780439741493629,4.0,0.283779081973956,2.0,0.2755051343419018,2.0,0.2559020577380993,6.0,4400153
0.36325212474809265,2.0,0.3783225378044287,4.0,0.3905636785005282,2.0,0.367116745963181,2.0,0.3731299653451308,8.0,4400234
,0.0,0.408389690889416,4.0,0.4401840652807928,2.0,0.38029337676020664,2.0,0.4028466595707333,8.0,4400235
0.16411343604898607,0.007385490265930431,0.27089247028662794,2.0,0.23837228940991287,1.0,0.30341265102050585,1.0,0.15164426705171039,3.0,4404235
,0.0,0.1910469803373631,4.0,0.1812334018394863,2.0,0.1944238673552168,2.0,0.14837065224925822,8.0,4400280
0.3655282466741232,2.0,0.43915398309204057,4.0,0.44806710162931473,2.0,0.4310170177851939,2.0,0.4507855559112009,6.0,4400290
,0.0,0.4535657066404431,4.0,0.475447706276233,2.0,0.43591495002556235,2.0,0.4663135121117405,8.0,4400301
0.2573489584245969,2.0,0.28292075522791277,4.0,0.2745259299560992,2.0,0.28621756151134387,2.0,0.25022497095120205,8.0,4400302
,0.0,0.4285616887354823,4.0,0.44070578678969075,2.0,0.4226251267743576,2.0,0.44028059071135883,6.0,4400334
0.2733116115304943,0.3423862414905052,0.33875487358406664,4.0,0.3514413899494361,2.0,0.329402762589511,2.0,0.3192836168240038,6.204586169831602,4400344
0.5184568673336325,2.0,0.4975665681075418,4.0,,0.0,0.5119049541849658,2.0,0.43601063048791283,8.0,4400345
0.11971292697200069,1.0,0.1279026936613192,2.8492946764017875,0.12311735813161138,1.0,0.15846584311951797,1.0,0.11107271496686352,3.0,4405129
0.36745614813326694,2.0,0.4197895451373739,4.0,0.4274438445854029,2.0,0.4126163165249291,2.0,0.41598348684874786,6.482236277035993,4400365
,0.0,0.3609446617190798,6.0,0.36421359619252397,2.0,0.35849577043962544,2.0,0.23554897269916952,8.0,4404105
,0.0,0.4392286840403383,4.0,0.4672456506652257,2.0,0.41631829497174827,2.0,0.4556173634731661,8.0,4400385
,0.0,0.30941207230190865,4.0,0.3400696166684585,2.0,0.28907906385803867,2.0,0.31993888224208994,6.911897321428569,4400387
,0.0,0.32407067632522235,4.0,0.3316324624431623,2.0,0.31924051254962194,2.0,0.3272888454532386,6.0,4400392
,0.0,0.2992435049156341,4.0,0.31274969647414824,2.0,0.2926028182370571,2.0,0.2738203331918989,6.0,4400396
,0.0,0.23098595066175628,1.0586250068042027,0.21958771377400654,0.058625006804202295,0.23282514848912095,1.0,0.1762880142626073,3.0,4400414
,0.0,0.6102832718276745,4.0,0.6232855663068706,2.0,0.6049139249044614,2.0,0.6071713088769516,6.0,4400426
0.31438432823652973,0.7684886714130007,0.33639264341770087,4.0,0.34408387931742423,2.0,0.3301105053874182,2.0,0.34648104227196586,6.0,4400462
,0.0,0.41854476492235804,2.0,0.4044486188597965,1.0,0.43264091248142267,1.0,0.42521966763871344,2.874013540039258,4400469
,0.0,0.35741842425479525,6.0,0.36382598178902403,2.0,0.35474348709777076,2.0,0.24956073708014154,8.0,4400475
,0.0,0.1856706988421885,4.0,0.2016914673406065,2.0,0.17705900701559163,2.0,0.14086957505793848,8.0,4400484
,0.0,0.3787013781120485,4.0,0.37880219366068174,2.0,0.37800023150843537,2.0,0.4022853602223908,6.0,4400496
0.4743755551327904,0.41275787634048117,0.6121942473455637,2.0,0.625524794190019,1.0,0.5988636983664953,1.0,0.6588936481138442,2.8613469915688663,4400497
0.3368799746336616,1.2678925035360677,0.432128604409381,4.0,0.43384548340272006,2.0,0.43066600366056884,2.0,0.4687060987713312,6.0,4400548
,0.0,0.1094206415754967,4.0,0.09710148614151598,2.0,0.11170773698394484,2.0,0.0929781038559464,6.0,4400549
,0.0,0.37056950484008006,4.0,0.37516327740534944,2.0,0.3674185030176789,2.0,0.3920975763207852,6.0,4400557
,0.0,0.6301183661652021,4.0,0.6340502870829516,2.0,0.6280990626838803,2.0,0.6587725802270291,6.63416811046359,4400564
,0.0,0.6525728689795356,5.9371087080250415,0.6675504043972528,2.0,0.6437528060596867,2.0,0.6435343605266353,8.0,4400579
0.16805262644643731,0.7841197284232784,0.18853071992698558,2.2429584996058347,0.17576343142621217,1.0,0.2052209362132865,1.0,0.1574249668903785,3.0,4400581
,0.0,0.4054394155807403,4.483750973936212,0.4090489383268108,2.0,0.40025310390128066,2.0,0.3329305905595659,8.0,4404616
0.4096291074021945,1.5208740051058718,0.579059292356573,4.0,0.5989064551506125,2.0,0.5656606438040357,2.0,0.6235351810129148,6.0,4400603
,0.0,0.11119845688891328,4.0,0.1035025739929131,2.0,0.11115091408904393,2.0,0.07309886098540756,6.0,4400607
,0.0,0.6598518683313142,5.239363562186736,0.6739983883913144,2.0,0.6567398213064604,2.0,0.6632831938037618,8.0,4400617
,0.0,0.19823070949829544,4.0001188701846155,0.1783834690459209,2.0,0.20660846921963175,2.0,0.16855934108871712,6.0,4400642
,0.0,0.2331607245098927,2.0,,0.0,0.2331607245098927,2.0,0.19176100271120597,6.0,4400644
,0.0,0.37415991737164017,4.0,0.3691871186089134,2.0,0.3772616030919513,2.0,0.3507928335964556,8.0,4405302
0.19485622770074612,0.16520797709267146,0.2966319525762569,4.326203461057204,0.3048243118572817,2.0,0.294521684287642,2.0,0.284803639025061,6.0,4405406
,0.0,0.5900084376566925,2.0,,0.0,0.5900084376566925,2.0,0.5976898974632348,6.0,4400668
,0.0,0.3101171574316169,4.0,0.30237471284179823,2.0,0.31503748865558856,2.0,0.26523003882429425,6.0,4400685
,0.0,0.18209899407396063,1.0,,0.0,0.18209899407396063,1.0,0.16933052773587862,3.0,4400692
,0.0,0.4625422838295309,4.0,0.477295019446436,2.0,0.45357510013755037,2.0,0.4888304148329931,8.0,4400698
0.36475566466729226,0.9034094760387719,0.3886037897329966,4.0,0.396979883853552,2.0,0.37961998200191127,2.0,0.40971051309946344,7.305564969836643,4400699
,0.0,0.4322599435689256,4.0,0.44171832962959595,2.0,0.4265201235986112,2.0,0.4438020448333753,6.0,4400713
0.35036141104744006,1.5291722249526079,0.39131745881246865,4.0,0.4011959050454626,2.0,0.38197544753501245,2.0,0.4024679676919208,6.664396545671555,4400719
,0.0,0.28743035083482127,4.0,0.2901684216665713,2.0,0.2841174741537406,2.0,0.2997885399193327,8.0,4400738
,0.0,0.18999275767307217,2.0,0.16476138016561262,1.0,0.21522413600770168,1.0,0.1527556636922549,3.0,4405137
0.3682283500119191,1.0642207352830608,0.5027603671470041,4.0,0.4907870158802387,2.0,0.5106039423666657,2.0,0.41318378585320226,6.0,4400759
0.3641527774188663,1.4450356496754289,0.38039879695435747,4.0,0.396170332372138,2.0,0.3667495278539501,2.0,0.3190802670234288,6.0,4400762
0.20397474468532728,1.0,0.2329082848817993,2.0,0.21841808912412997,1.0,0.24739848026506753,1.0,0.18081892378499181,3.0,4400773
,0.0,0.40967243613016513,4.0,0.41834720772204426,2.0,0.40351861508001863,2.0,0.4203334831771249,6.0,4400774
0.34743376889012073,0.006468210216832048,0.47908326194856776,4.0,0.5014089005127501,2.0,0.46170354425600457,2.0,0.4021190126934109,6.0,4400793
,0.0,0.5028025016509156,2.0,0.4923047150212091,1.0,0.5133002879536684,1.0,0.5056327617304552,3.0,4404240
,0.0,0.6398139633481195,6.0,0.6713778035304938,2.0,0.6335895192918776,2.0,0.6464689033507335,8.0,4400796
,0.0,0.06489501439015384,4.0,0.057735159237457395,2.0,0.06610589625717031,2.0,0.04760050884407874,8.0,4400820
0.32012685471110874,0.019433465085638996,0.3439877053528867,4.0,0.34718881907709653,2.0,0.34227837285956997,2.0,0.3886058190677986,6.0,4400821
,0.0,0.42662714468783347,4.0,0.45013821854510355,2.0,0.40914470787790347,2.0,0.48497481528814895,8.0,4400825
,0.0,0.4006590297169351,4.0,0.4257764152055297,2.0,0.3843480208615095,2.0,0.4681369196268906,8.0,4400838
,0.0,0.4781328916994321,4.0,0.4981187200841936,2.0,0.4612318661648387,2.0,0.4018308816980887,6.0,4400843
,0.0,0.40449289987681264,4.0,0.4122503747629365,2.0,0.3984996669649339,2.0,0.40410265288666536,6.0,4400856
0.29351086477863597,0.9123997532387415,0.3921632551808625,4.0,0.4076035221456967,2.0,0.37773062078361513,2.0,0.381367890036893,8.0,4404131
,0.0,0.6449468518182072,2.0,,0.0,0.6449468518182072,2.0,0.5950710370312718,6.0,4400862
0.3970901294515608,0.8470363939672487,0.5090245950225261,4.0,0.5067130171795672,2.0,0.5097485193177052,2.0,0.47361331811179874,6.0,4400865
0.23365609891075306,0.6784832128807978,0.328131776945462,4.0034306101912005,0.3305372728283469,2.0,0.3254505632670657,2.0,0.3457641688187174,6.837526301344802,4400880
,0.0,0.3050237095287745,3.0,0.3036295217208179,1.0,0.35081302210881277,1.0,0.26335191220259857,3.0,4405407
,0.0,0.4526943456716615,4.0,0.4838128849035339,2.0,0.42397898839651216,2.0,0.4633978505343352,8.0,4400894
0.35419680151385435,0.6354917907012428,0.43967508819844253,4.0,0.445584092240621,2.0,0.4340276280388028,2.0,0.4725450655322271,6.0,4400917
,0.0,0.3038071790390332,4.0,0.308791054553331,2.0,0.2996202647817539,2.0,0.290057160362677,6.0,4405143
,0.0,0.43826723020052977,4.0,0.4591148896672371,2.0,0.4230952926765103,2.0,0.45944755249743313,8.0,4400934
,0.0,0.4568287881292851,4.0,0.46841822655919174,2.0,0.45090670328404486,2.0,0.4895686267630878,8.0,4400967
,0.0,0.17595781728477677,4.0,0.1830547913975671,2.0,0.17094397276163012,2.0,0.14087035893545105,7.027671937511908,4400977
,0.0,0.3530028375952995,4.0,0.3534792772178548,2.0,0.3525892783986713,2.0,0.3590598904539855,6.0,4404463
0.20676072073850044,1.0,0.2295906200326795,2.0139532232826607,0.2192591304691937,1.0,0.24048401184753065,1.0,0.1829024261795884,3.0,4404313
,0.0,0.619408306019597,4.0,0.6325163011713444,2.0,0.6137688329224718,2.0,0.6168232969409378,6.0,4401013
,0.0,0.3327953713855017,2.0132910309747514,0.3996768732182749,0.01329103097475091,0.33300425557147395,2.0,0.2613941257445294,5.998353951967672,4401027
,0.0,0.15345500887143387,2.0,0.1322851408718027,1.0,0.17462487729615211,1.0,0.11608807519827584,3.0,4401034
,0.0,0.6599881384941809,6.0,0.6832400707787226,2.0,0.6543636072605729,2.0,0.6470035286556021,8.0,4401046
,0.0,0.4484878458639591,4.0,0.46820640770725813,2.0,0.43114384819199403,2.0,0.3548965358756342,6.0,4401049
,0.0,0.30220340629435427,4.0,0.2939429532005291,2.0,0.3090410184337999,2.0,0.349660625192631,6.0,4401053
,0.0,0.48754339022842996,4.0,0.5111522289526756,2.0,0.467761978420745,2.0,0.5410037749341237,8.0,4401074
,0.0,0.07670736761937597,4.0,0.06664325424252437,2.0,0.07849525209198711,2.0,0.04059864567648601,8.0,4401107
,0.0,0.32517731856530524,4.0,0.3320878801878184,2.0,0.32000299308457597,2.0,0.3004893709447748,7.827228103421372,4401123
,0.0,0.5793411627766631,4.0,0.6017946965599918,2.0,0.5624819866120213,2.0,0.6255292877260493,6.0,4401154
,0.0,0.4811449310831929,4.0,0.4853153467967096,2.0,0.47694553659841576,2.0,0.49691634214270164,6.329683929931454,4401201
0.48031114946335857,0.42340443885787504,0.7121922655572865,2.0,0.7073742542579514,1.0,0.7170102808722795,1.0,0.6736404916378601,3.0,4401203
0.4246836609918452,2.0,0.4388871922788479,4.0,0.446827438949354,2.0,0.43198073205413706,2.0,0.3869196601175002,8.0,4401228
,0.0,0.15644910650384797,4.0,0.14471921389274248,2.0,0.15856829737114983,2.0,0.08926508377348633,8.0,4405152
,0.0,0.5959821138465683,4.0,0.6151070241201405,2.0,0.5851554247239557,2.0,0.5759213059401377,6.0,4401269
0.22664171883402626,1.2136926480305688,0.23142961795161474,4.0,0.22197689920780278,2.0,0.235218348984255,2.0,0.20331547377851492,7.604677220099405,4405153
0.2999716898742364,0.8394702458724312,0.4281655071949939,4.0,0.42830104012343595,2.0,0.4281276025418743,2.0,0.48459938159056476,6.0,4401286
0.34615597452064345,1.934263898830827,0.3934513393996637,4.0,0.3984575796435936,2.0,0.38799582350313766,2.0,0.3711933742784649,6.7550703889286545,4401304
0.5143958536517499,2.0528139923831787,0.5603379260024316,8.0,0.5482600747759487,4.0,0.5839200689045002,4.0,0.5596935502748063,12.0,4401306
0.24367630246965669,1.3706239349457383,0.27465764127874187,5.7541630542019195,0.27514848982253554,2.0,0.2769427661918168,2.0,0.3247781187512421,6.0,4401313
0.4356513386743091,1.0,0.3960866946236868,2.0,0.30780484885738985,1.0,0.4843685360406695,1.0,0.3696782219974014,3.0,4401325
,0.0,0.4092129966831474,4.0,0.4381260429968569,2.0,0.3876901827436368,2.0,0.43976683411914774,8.0,4401334
,0.0,0.3532970475697113,2.0,,0.0,0.3532970475697113,2.0,0.3559531383029974,6.0,4401363
,0.0,0.4501278989240321,4.0,0.46609395204505755,2.0,0.4360778683323272,2.0,0.36947612841114874,6.0,4401369
0.39674417074802565,1.6489858596199372,0.41585518419933265,4.0,0.4295954950679645,2.0,0.4043856351743909,2.0,0.34171751393539757,6.0,4401370
0.2075814743787493,0.21410181676867773,0.272744137536089,2.0,,0.0,0.272744137536089,2.0,0.18985964697283958,6.0,4401378
0.32896680541636436,2.0,0.38258495620293426,4.0,0.3832542515554353,2.0,0.38235227671881195,2.0,0.42061064934047304,6.0,4401385
0.47424322349301307,2.0,0.5006963758672103,4.0,0.48498171239875615,2.0,0.513744490200921,2.0,0.40509644387103383,6.0,4401387
,0.0,0.4319191349897381,4.0,0.4355893113833753,2.0,0.42910395625123365,2.0,0.43078557142830864,6.0,4401388
,0.0,0.2039568043401533,4.0,0.19978640972025632,2.0,0.20532371186877857,2.0,0.20005821136975224,6.0,4405154
,0.0,0.20144942224158052,2.512387758523992,0.16933292958989046,0.5123877585239918,0.2079742627360168,2.0,0.13150069071068515,6.0,4401405
,0.0,0.32705900356322465,4.0,0.33375327882726075,2.0,0.32305516111358606,2.0,0.27831787638477956,8.0,4405155
0.33973992297890404,0.9921684988812142,0.40824265887369865,2.0,0.3848114964916544,1.0,0.43167382359478584,1.0,0.347842790125519,3.0,4405156
,0.0,0.389063908739256,4.0,0.40958183407150467,2.0,0.37496002974576803,2.0,0.40037586637918043,7.949529804755972,4404637
,0.0,0.38198953222571774,4.0,0.40773870743572316,2.0,0.3632940126437995,2.0,0.4168644314835317,8.0,4404639
0.33870503740680497,2.0,0.37287030806673505,4.0,0.38428819864854785,2.0,0.36241315307221905,2.0,0.3751676319915876,7.3570407093145205,4401460
0.255739850952436,2.0,0.29685942305474666,4.0,0.2830896027386937,2.0,0.31253842240027035,2.0,0.25323487604026623,6.0,4401473
0.4982037357121304,2.5100746268656713,0.5206531398443144,8.0,0.5105466124671165,4.0,0.5391641937085053,4.0,0.5614539319009924,12.0,4401475
0.1916454001362821,1.0,0.1846939070749671,2.400187976234433,0.18242160693875914,1.0,0.19290814358571098,1.0,0.17209442717745876,3.0,4401478
0.30067948314638665,1.8753516819571872,0.3269777468964231,4.0,0.3232421161468605,2.0,0.33035245852331874,2.0,0.304629966186821,6.0,4401490
,0.0,0.4380823935142782,4.0,0.4476228680538331,2.0,0.43090174167811357,2.0,0.44317184976767326,6.0,4401494
0.3031704062756377,0.7168436167435381,0.3569023099051745,4.0,0.3757607389097839,2.0,0.3416759528753968,2.0,0.3223229000444885,6.044795927247411,4401501
,0.0,0.35237833122512635,4.0,0.3705411898321049,2.0,0.34303170860020726,2.0,0.3030801225307983,8.0,4401540
,0.0,0.2613260632522461,4.0,0.2720696447678452,2.0,0.25275788174957825,2.0,0.2144886472649708,8.0,4401548
,0.0,0.23659382311798982,4.0,0.25098920561554766,2.0,0.2262564149873271,2.0,0.18603012888203324,8.0,4404642
,0.0,0.4251281032053142,4.0,0.4360516722033341,2.0,0.41697958335781954,2.0,0.42162313116136196,6.0,4401564
,0.0,0.5021049843262179,4.038661370833558,0.5262544407793547,2.0,0.4840727904656037,2.0,0.35329743850510154,8.0,4405165
0.3105733706815087,0.9777581641659309,0.36797560893040815,4.0,0.37412238951885324,2.0,0.36375235443116644,2.0,0.3366496344810725,6.0,4401582
0.34303848959474387,1.905039300961577,0.3938113482092953,4.0,0.4010147535965744,2.0,0.38926606367373817,2.0,0.412447914337877,6.0,4401592
0.2525288286238493,1.1299267011714467,0.3946981132416819,4.0,0.3827395601607767,2.0,0.4049310729804314,2.0,0.3470003825069257,6.0,4404646
,0.0,0.4656315967988004,4.0,0.48816908528516234,2.0,0.44652291238095626,2.0,0.47528589388024034,8.0,4401617
,0.0,0.17446766956835533,4.0,0.14953145945053528,2.0,0.18582830229071035,2.0,0.11406500202147911,6.969539268827124,4401618
,0.0,0.166298532563744,4.0,0.15645796761128566,2.0,0.1676481765804714,2.0,0.12392266399496533,8.0,4401639
0.3302498328310162,1.7837544920426676,0.44948695847294684,4.0,0.4513333636735471,2.0,0.4487450495349532,2.0,0.48123730031108225,6.0,4401642
,0.0,0.31149401397912896,4.0,0.3177143763575804,2.0,0.30739485486802137,2.0,0.2698253520926882,6.0,4401652
,0.0,0.4636063498172439,4.0,0.4863212729431153,2.0,0.445153386104632,2.0,0.5443010482982727,8.0,4401656
,0.0,0.42671997872789064,2.469713456655784,0.28891810817407826,0.46971345665578534,0.4353072069146372,2.0,0.34793802796389084,6.0,4401659
0.13292278055936377,2.0,0.16328927682199448,4.0,0.1450396133487515,2.0,0.174123509603079,2.0,0.12696545896851605,6.0,4401672
,0.0,0.20528352940835834,2.0,0.19554496687075965,1.0,0.2150220921913204,1.0,0.12779786342878896,2.3939001021239483,4401674
,0.0,0.5889929695518649,6.0,0.593870820804518,2.0,0.5923513055212642,2.0,0.6175665305098709,8.0,4401684
0.4883054528704542,2.0,0.5309996609397002,4.0,0.5513358686847837,2.0,0.5146378577797243,2.0,0.5704208434783115,6.0,4401692
,0.0,0.1357598789438488,2.0,0.1412219796795492,1.0,0.1302977785142137,1.0,0.09300861733494593,2.0,4401698
0.08562255209121963,1.2053742337234377,0.15278530852248454,4.0,0.13351241675157716,2.0,0.15879849891797154,2.0,0.11721271246772601,6.0,4401713
,0.0,0.4629550633914783,4.0,0.4551917337822672,2.0,0.4693742590034202,2.0,0.4130658573916119,8.0,4401727
0.3947636047557805,1.3118166315578292,0.4427947360730383,8.780569766275457,0.43559063374786916,4.0,0.44989273998255186,4.0,0.35596372191547104,12.0,4401734
0.10643919429344574,0.007225052626257886,0.18201917562188893,4.0,0.16674640085735198,2.0,0.18597942123022798,2.0,0.14933699749402002,6.000028885767622,4401740
0.4388086318290553,0.9833536192453641,0.5429374347877989,2.0,0.5258373682216272,1.0,0.560037503397319,1.0,0.5614797106261953,2.0,4404250
,0.0,0.4756136202476004,4.0,0.49356301723050666,2.0,0.4621744263732923,2.0,0.49217249132034907,8.0,4401784
,0.0,0.3048659108216194,4.0,0.3067170823786046,2.0,0.30350142925931206,2.0,0.28842484415305786,6.0,4401802
0.13751238231761043,1.259350753915971,0.22126564222665807,4.0,0.20667370720069794,2.0,0.2269935141890301,2.0,0.19022844204245695,6.0,4404251
,0.0,0.40571547969950134,4.0,0.41977895512505337,2.0,0.3953114967805351,2.0,0.41827053693021504,8.0,4404650
0.3830697916411353,0.5451862781261527,0.4852973152788879,4.0,0.4867060284250398,2.0,0.48350638141549857,2.0,0.46046272296534985,6.0,4401844
,0.0,0.22267367852467387,6.0,0.33205426658760656,2.0,0.21654067061557533,2.0,0.19732907755316118,8.0,4401855
0.41412945402850776,1.950031873682146,0.4721027532031513,4.0,0.4910637240599133,2.0,0.45838057948004696,2.0,0.39404214206984883,6.0,4401861
,0.0,0.423464543184845,4.0,0.4485681829688134,2.0,0.4046635900243263,2.0,0.4461160279329548,8.0,4401875
,0.0,0.5854801615738199,4.0,0.6130633469984356,2.0,0.5667972690530908,2.0,0.6269368508678949,6.0,4401878
,0.0,0.5210168946509173,2.0,0.5139324550730019,1.0,0.5281013350239913,1.0,0.503192690708073,3.0,4404253
,0.0,0.4357656741888423,4.0,0.43192404108720983,2.0,0.43731011604254677,2.0,0.38753018531283484,7.389940539453657,4401898
,0.0,0.343237196006921,4.0,0.3559515366327213,2.0,0.33093260751727704,2.0,0.26306988253144614,6.0,4401905
,0.0,0.37181094606834736,5.829472232036203,0.3938418924297081,2.0,0.3701292251999685,2.0,0.33004854190987143,8.0,4401909
0.1038063184191271,0.1736280389732006,0.15402971343008204,4.0,0.14019919226474525,2.0,0.1587408665257558,2.0,0.11906550426652257,6.590695613012991,4401950
,0.0,0.2777046906319622,4.0,0.2829890485025715,2.0,0.2755766067267837,2.0,0.2825534299338281,7.941343213624089,4401952
,0.0,0.20008745459149735,1.0,,0.0,0.20008745459149735,1.0,0.2122020030656059,3.0,4401954
,0.0,0.2507302495163206,4.0,0.24954276871662415,2.0,0.249355248185802,2.0,0.17825865699548063,8.0,4405170
0.4527538743707119,0.7416182854751814,0.560298695086901,4.0,0.5974043714344061,2.0,0.5239101977819841,2.0,0.592553491652482,6.0,4404214
0.41612889513692425,1.4131640951584703,0.5018710941948356,4.0,0.49566475718028824,2.0,0.5045202777055063,2.0,0.4808262771677447,6.0,4401966
0.625988060369073,0.9602487414865264,0.6507357552330774,2.0,0.6544138582374242,1.0,0.6470576530604064,1.0,0.6694832868379429,2.3339680189517336,4401981
0.2791684018779999,0.864717280253655,0.2722185274623155,2.0,0.2934250633009347,1.0,0.2510119905973877,1.0,0.28041542393757624,3.0,4401983
,0.0,0.23488093884727992,6.0,0.23409228022566433,2.0,0.23688438120138555,2.0,0.1716919294441745,8.0,4401991
,0.0,0.6482068569649682,5.779022445982796,0.66857504908934,2.0,0.6498175804422964,2.0,0.6664535602565228,8.0,4402014
,0.0,0.5832199453804389,6.0,0.6178974054043541,2.0,0.5828651848424743,2.0,0.6955140085978382,8.0,4404652
0.4096918444199662,2.0,0.43998515500101354,4.0,0.44514739522266955,2.0,0.4348777756094933,2.0,0.416555169052238,7.272167487684728,4402056
0.23849213823960497,2.0,0.27149751400384986,2.6223072562358274,0.255287052798063,0.6223072562358275,0.2743316818161032,2.0,0.18507997976800458,6.0,4402077
,0.0,0.4731465388470782,4.0,0.47883147644333374,2.0,0.4699009221344561,2.0,0.4468709087788009,6.0,4402103
0.22902022068955427,1.9933553511048203,0.2504972203449322,2.093103719430683,0.2234395479506536,0.09310371943068331,0.25063195110440684,2.0,0.16671835950844466,6.0,4402138
0.3148014355574311,1.9605807420821926,0.34252822445926884,4.0,0.3329950330663845,2.0,0.35522709699656985,2.0,0.3003343832031194,6.0,4405174
,0.0,0.4857720921763455,4.0,0.5137152083016069,2.0,0.46233090918722347,2.0,0.5162139928257651,8.0,4402146
,0.0,0.23468355772038266,8.0,0.23828150155120617,4.0,0.22828017469734868,4.0,0.3932237578343393,12.0,4402151
,0.0,0.6642490150380504,2.0,0.6590818749703027,1.0,0.6694161583728673,1.0,0.6734893025888091,2.4228874489614767,4402160
,0.0,0.2508301836296945,4.0,0.25612336631693233,2.0,0.24568839357241565,2.0,0.3075650594589213,6.0,4402161
0.4335486966391107,2.0,0.43912845059828465,4.0,0.44772427119467023,2.0,0.43164804198625056,2.0,0.42490861392310947,7.200679684349981,4402163
0.2335086734590054,1.5657501802080116,0.18982903926493566,6.032128514056225,0.1451012226041891,2.0321285140562253,0.19498370686645136,4.0,0.19910416436844763,11.0,4402191
,0.0,0.388048216967694,4.0,0.3955318648088189,2.0,0.3821632611884798,2.0,0.33298189059716343,8.0,4402216
0.32244628327316305,1.1014048022317426,0.41258274606704926,4.0,0.39855366542043125,2.0,0.42528396642450383,2.0,0.4792281291533408,6.0,4402234
,0.0,0.07425327946322244,4.0,0.06670131200673443,2.0,0.07578413729024819,2.0,0.043143130651199485,8.0,4402243
,0.0,0.6300013962966636,6.0,0.652000151482771,2.0,0.6251528599975382,2.0,0.6594831859592482,8.0,4402256
,0.0,0.40094102601945425,2.733798249900058,0.27001678487879793,0.7337982499000577,0.4179117769032922,2.0,0.31667748480767394,6.0,4402282
0.4464551332023599,2.0,0.4573563836360002,4.0,0.46922805166849574,2.0,0.4467358673395176,2.0,0.4079740462160925,6.2994360239689815,4402285
0.36143040657043457,0.0017112632233976348,0.5871937014139356,4.0,0.6101303797542084,2.0,0.573744754229893,2.0,0.6418933383355467,6.0,4402286
0.11834612526479353,0.6512078479460454,0.12995173204662483,4.000241744766576,0.11556441541649894,2.0,0.13265394070232628,2.0,0.08740269195700527,6.0,4402289
,0.0,0.28174366290022335,4.0,0.273725550374106,2.0,0.2834480299332198,2.0,0.21452817438102215,6.0,4402296
0.6303283580867555,2.0,0.6258008937421442,4.0,0.63680465886085,2.0,0.6175576905412659,2.0,0.6379253896638222,6.0,4405440
,0.0,0.6586286100289133,2.4375901197417087,0.6569042793307348,1.0,0.6619986241420275,1.0,0.6570394051997208,3.0,4402320
,0.0,0.6111155048205864,4.205889998885876,0.6317031672406674,2.0,0.5986473140326035,2.0,0.6395113742154082,6.037063170795111,4402323
0.21910607435298343,1.0,0.24275717885612416,2.034021179417756,0.23112655325710332,1.0,0.2553558086522501,1.0,0.20049145007967084,3.0,4402327
0.3096515922795742,0.6859718842097697,0.2984545417789875,4.0,0.31145739037873943,2.0,0.2888654752551752,2.0,0.2606146679173316,6.233202920427594,4402336
0.4203224725126877,1.9267025779145825,0.4016937587314177,4.0,0.4087282987243398,2.0,0.3950623940359679,2.0,0.5440527957051752,6.0,4402340
,0.0,0.40177081992342273,4.0,0.405635846411299,2.0,0.39759313811538277,2.0,0.4018716447523317,6.664118622214033,4402341
0.27207525259713733,2.0,0.31484137695504927,4.0,0.3158799841410107,2.0,0.3141210725835432,2.0,0.3076318003952727,6.0,4402376
0.49183984307895184,2.0,0.5117962179806143,4.0,0.5073524383122963,2.0,0.5156980844044516,2.0,0.4734307902303055,6.0,4402430
,0.0,0.2648630407756949,1.988105013724984,0.22558887157352497,0.9881050137249843,0.3043975178011171,1.0,0.2490413064510348,2.6045796870234383,4402435
0.5222308937666812,1.0,0.49762774018256173,1.273290253096392,0.359351329791722,0.2732902530963921,0.5235624014555585,1.0,0.6128266372322888,3.0,4402467
,0.0,0.4684479407172411,4.0,0.49373181190537496,2.0,0.4465683906870798,2.0,0.48061132844389415,8.0,4402481
,0.0,0.35621910943257934,4.0,0.36911218677242297,2.0,0.34429637282597675,2.0,0.2804346212233863,6.0,4402485
,0.0,0.5434939893223911,6.0,0.6011518240607509,2.0,0.5342205502925119,2.0,0.5916057091882125,8.0,4402488
,0.0,0.36064386667096043,4.0,0.3655396983561529,2.0,0.3560150169581856,2.0,0.2853825069046406,8.0,4402522
,0.0,0.17899849379712535,4.0,0.15140699726960163,2.0,0.1922801200643867,2.0,0.12763431043564982,6.994999925260473,4402531
,0.0,0.3726470278311496,4.0,0.38322418079723414,2.0,0.36363569809476376,2.0,0.4214658125399294,6.0,4402533
,0.0,0.5012784528651494,1.0,,0.0,0.5012784528651494,1.0,0.506243339306334,3.0,4402547
0.22999654518024074,3.889544404315933,0.23544226471150756,8.0,0.2264376476711816,4.0,0.2343755620961162,4.0,0.22088957945586307,12.0,4405444
0.22691200086943322,3.864905209732796,0.15456827703247786,6.403791610688161,0.09906930377636351,2.403791610688162,0.16453850950647025,4.0,0.17116812318963845,10.696372592924316,4402560
0.48511140975721684,2.0,0.5125544320384064,4.0,0.5054982265078672,2.0,0.5169585273086728,2.0,0.48448558535080205,6.0,4402570
,0.0,0.4240809134469406,4.0,0.44179869554617474,2.0,0.4086021813839544,2.0,0.34631768277054353,6.0,4402571
,0.0,0.2113745347448122,2.0,0.19812402748353897,1.0,0.22462504256886798,1.0,0.16535495665968472,2.763163906822471,4402576
0.3089414974059133,1.047230842055436,0.419928485941349,4.0,0.4306848717580393,2.0,0.41147445418692613,2.0,0.4494773802044126,6.0,4402608
,0.0,0.13202451134543586,4.0,0.12176319872172316,2.0,0.1336105829293408,2.0,0.0972166035975917,7.7667486139255475,4404667
,0.0,0.48102324571687777,4.0,0.4970820236292955,2.0,0.4680426591804173,2.0,0.48452194287398065,8.0,4402616
,0.0,0.375131150215951,4.0,0.3808194727660007,2.0,0.3721564094616947,2.0,0.3697896487191655,6.0,4402645
,0.0,0.1086895480325511,4.0,0.09255018212513413,2.0,0.11295042303982715,2.0,0.07203695365202759,8.0,4402646
,0.0,0.38965972976954133,4.0,0.3943273017693513,2.0,0.38468652571098283,2.0,0.4206256041764757,6.048456511343711,4402662
0.25503301417428476,0.788036036036036,0.3234910631840293,4.000252252252252,0.3316849198121208,2.0,0.31751372567383007,2.0,0.3150566387439634,6.2254414414414425,4404670
,0.0,0.099039845910568,4.0,0.1133819826191776,2.0,0.07857673728759876,2.0,0.128195708610318,6.3325140590557645,4404671
,0.0,0.30612785363015316,4.0,0.30574859039157953,2.0,0.30646226671484217,2.0,0.2713475023579246,6.0,4402696
,0.0,0.4639162940312712,4.0,0.4969146728539499,2.0,0.43563671929468395,2.0,0.5082606878428173,8.0,4402698
0.38045834602589595,0.36710593873010433,0.5734050399606011,4.0,0.595530364788009,2.0,0.559203733796503,2.0,0.5740507565784309,6.0,4402700
0.3371582195662512,1.7642223887926802,0.41590979383731846,4.0,0.4243753318333497,2.0,0.408555232696918,2.0,0.40258581146912537,7.352218976970199,4402702
0.3229339968686724,0.053151790216843166,0.4120808374257544,4.0,0.41325171586244447,2.0,0.4107758908071202,2.0,0.44579353563463725,6.0,4402725
0.2995236407985281,1.998296583703984,0.322193757228372,4.0,0.31839947385884376,2.0,0.3249444976975002,2.0,0.2933361961587303,6.0,4402769
0.2217986601005666,2.0,0.2699019106710081,4.0,0.25935306479549514,2.0,0.28160951168886333,2.0,0.2204354461838584,6.0,4402771
,0.0,0.621377077146627,5.805566370284631,0.6309403019422976,2.0,0.6146763040690124,2.0,0.6182465521358865,8.0,4402775
0.23391897405504186,0.8500516709796987,0.2601052524349391,2.0,0.2588977698228336,1.0,0.26131273539753425,1.0,0.21264784495688926,3.0,4402780
,0.0,0.2558729642734409,2.081486331913201,0.2848937743855568,1.0,0.23216075274771003,1.0,0.15804926009674466,3.0,4402789
,0.0,0.4310277367969112,6.0,0.43336871232946317,2.0,0.44442484897401596,2.0,0.3132300310668196,8.0,4402795
,0.0,0.5970189932549967,4.9877964237904,0.6122856880962949,2.0,0.596910808069411,2.0,0.5012111881401244,8.0,4404144
0.6095687866785241,2.0,0.558382924229749,4.0,,0.0,0.5493598616117732,2.0,0.5384847251683893,8.0,4402802
0.4466329227691124,2.5666337611056274,0.5102243276338077,8.0,0.47431398185804213,4.0,0.5492809420624977,4.0,0.4682625041181771,12.0,4402870
,0.0,0.25816599451175376,5.674834735975789,0.2531735667036162,2.0,0.26212051537533815,2.0,0.17133588078547873,8.0,4404676
,0.0,0.4297542265785077,6.0,0.4404662934499202,2.0,0.4201449595701503,2.0,0.29703291401328236,8.0,4404677
,0.0,0.4044403636151601,5.678502767634798,0.4201472789687851,2.0,0.3820865163312453,2.0,0.29874085570162917,8.0,4404678
,0.0,0.5122734149458444,4.0,0.5230113534092298,2.0,0.5034019516325239,2.0,0.540301827646149,8.0,4403000
,0.0,0.32895817123656823,4.0,0.3412513263442904,2.0,0.3224545433828974,2.0,0.30907995135050437,6.0,4403012
0.3560891718099762,0.22574770506366593,0.5383940288621438,2.0,0.5238008680534527,1.0,0.5529871896863152,1.0,0.5678446642163888,2.4040864672786495,4404261
0.22998827216222195,0.24948604350352738,0.3629356015821824,2.0,0.3430019318118419,1.0,0.3828692734326684,1.0,0.2766630270174723,2.003305568226553,4404262
,0.0,0.292472068595278,4.0,0.30495469077013154,2.0,0.28506317681975063,2.0,0.2605985791139924,8.0,4403072
,0.0,0.29247849407802406,4.0,0.29959924892364487,2.0,0.28972059903879066,2.0,0.2866426898301886,6.764129181084199,4403073
,0.0,0.3323053831631069,4.0,0.3416087673347784,2.0,0.3251275436081862,2.0,0.2835496760856958,7.972640117368701,4404345
,0.0,0.32298252199906513,4.0,0.33045057072227224,2.0,0.3166964274220656,2.0,0.29595492165294895,6.0,4403095
,0.0,0.30013910682171197,4.0,0.30429570909457937,2.0,0.2982012132515448,2.0,0.2509186243462136,6.0,4403096
,0.0,0.3086384108700488,4.0,0.31830956878634337,2.0,0.30251715767535914,2.0,0.2754675880862102,6.0,4403097
,0.0,0.3238682267214663,4.0,0.32259523167207965,2.0,0.32273448666358096,2.0,0.29546482519956707,6.0,4403098
,0.0,0.27760609408512127,4.0,0.28115376237185535,2.0,0.27638700002617855,2.0,0.26618390014644155,6.0,4403099
,0.0,0.13668897812291836,4.0,0.1264877776362264,2.0,0.13874402821963538,2.0,0.09424268114962878,7.53843013616038,4404686
,0.0,0.14088492155245647,4.0,0.13161175299871825,2.0,0.1426018482535602,2.0,0.10425042494443176,7.580944418541083,4405204
,0.0,0.1577361599671236,4.0,0.15172948531469294,2.0,0.15766402540407834,2.0,0.11550134954271749,7.021018444757641,4404687
,0.0,0.10029408987092565,4.0,0.08662575014774154,2.0,0.10292859593523303,2.0,0.07274514791116166,8.0,4404346
,0.0,0.545663552197665,4.0,0.5616340974789702,2.0,0.535098060510193,2.0,0.5823262047001743,6.0,4404347
0.12615553673222935,0.30542096229961824,0.1558116796091938,4.0,0.1321589258490937,2.0,0.1638640529132508,2.0,0.10211120883920569,6.0,4404348
0.5229436783317427,0.0023994341218949522,0.40315252589238176,4.0,0.4052280920570394,2.0,0.4016720809326247,2.0,0.38646505306139073,6.0,4404349
0.054366162276720975,0.23868163539344373,0.02456228512694364,4.0,0.003844051055162269,2.0,0.0301629003091252,2.0,-0.0084387003115703,6.0881771543667496,4404350
0.5109903859241869,1.2220822686867963,0.5871760039587449,4.0,0.6150789575114822,2.0,0.5683305190539152,2.0,0.6174135838347059,6.0,4403165
,0.0,0.46934874504519486,4.0,0.49212794527287285,2.0,0.4509943527584054,2.0,0.5539262916661215,8.0,4403200
,0.0,0.33885751471500714,4.0,0.3477356327188254,2.0,0.33148153630304705,2.0,0.3071868114799297,7.566085252714612,4403237
,0.0,0.35788536771537427,4.0,0.37722787221705123,2.0,0.34249022219672753,2.0,0.33498805326437553,6.021661721068248,4403242
,0.0,0.3521075413068611,4.0,0.3646585035813117,2.0,0.34314042883070456,2.0,0.30005216691825093,6.351991508854254,4403273
,0.0,0.2911089231859341,4.0,0.2886475002302758,2.0,0.289841411710296,2.0,0.2471417815243906,8.0,4404269
0.2516510192809857,0.010876983515048984,0.2853676598972524,3.9513329801316415,0.28545023941539055,1.9587303671516318,0.2842532977720177,1.9926026129800094,0.26393766090810805,5.9848158898010695,4404365
0.2145073786821601,1.0,0.22387378476019992,2.361058066341326,0.21569987788845957,1.0,0.23839089585287293,1.0,0.19370049272087994,3.0,4404479
,0.0,0.40184158121482205,4.0,0.4017105266300504,2.0,0.40328678961896225,2.0,0.32715016513679507,8.0,4404523
,0.0,0.39839809438509993,4.0,0.42646158726822603,2.0,0.37645863844258615,2.0,0.4178320137259635,8.0,4405212
0.09424559654352196,1.3369234205236673,0.11467353708968954,4.001566010221107,0.10337643610369794,2.0,0.11611627002522598,2.0,0.08772494260057812,6.0,4404699
0.29885726760935477,0.9333787573687319,0.2525681681123805,4.0,0.2530076429734207,2.0,0.24974540017383737,2.0,0.19833115531246406,6.505581681135439,4404700
,0.0,0.3862443874484207,4.0,0.38036067681557467,2.0,0.3910588577070661,2.0,0.32594654633951714,8.0,4404702
0.4155798359407536,2.0,0.4333572272674088,4.0,0.4310124989887261,2.0,0.4343136620717621,2.0,0.44136378429631223,6.0,4404777
0.5246428166779867,2.0,0.5308130661829752,4.0,0.5386400914197912,2.0,0.5237182656714532,2.0,0.49340911170231155,6.0,4404760
,0.0,0.5803214414771899,6.0,0.6027380414756306,2.0,0.5804813995103546,2.0,0.6207253318909216,8.0,4404703
0.3633246742656731,0.12500601453110716,0.1334042043961494,4.0,0.12169433480779944,2.0,0.13699041639654927,2.0,0.1211710114109823,6.0,4404746
,0.0,0.5056816330168498,4.0,0.5439996486813287,2.0,0.471392513105935,2.0,0.5694688531356632,6.0,4404728
,0.0,0.6812567049737407,1.1403548169773186,0.6610275087420145,0.14035481697731864,0.6924546726552727,1.0,0.653222486328129,2.934710681937271,4404715
0.3589363616957745,1.0554242477118065,0.418054004562088,4.0027601085008175,0.4259704215206041,2.0,0.4097750576131188,2.0,0.34107663829481577,6.0,4404737
0.4309707235882704,0.06709923046775369,0.6067602453717882,2.0,0.6207327634806503,1.0,0.5927877249848836,1.0,0.6575242607414234,2.9789296223257673,4404745
0.17076704872010326,3.998215420907914,0.1478360291336544,8.0,0.12880082943529947,4.0,0.15059117646284786,4.0,0.11272114513041942,12.0,4405475
,0.0,0.22087220236571872,1.0264469578783153,0.13761837753391584,0.026446957878315133,0.22210812251718476,1.0,0.16782005646497059,3.0,4405476
,0.0,0.3833257278653076,2.147364655672188,0.25579588498699746,0.14736465567218848,0.3854825567474822,2.0,0.34456059367118574,6.0,4405322
,0.0,0.32394192054059884,4.0,0.32385916420341826,2.0,0.32370739154454126,2.0,0.27096996473528256,8.0,4404618
,0.0,0.4127632486910458,4.0,0.4024679286294099,2.0,0.422282150088503,2.0,0.3389992438652107,8.0,4405303
0.543707755365362,1.0,0.6442003001318576,2.0,0.6319354576287587,1.0,0.6564651372175596,1.0,0.5629978855877292,3.0,4405283
0.1840719580424539,1.101986831688903,0.2301330385666624,4.0,0.22794834387698634,2.0,0.22891628317489887,2.0,0.2490019442532322,6.0,4405292
,0.0,0.4233787544579767,4.991619130781422,0.432151501591882,2.0,0.4261798269734216,2.0,0.3534353741755029,6.0,4405479
,0.0,0.5814028792300049,4.0,0.5935615325261601,2.0,0.570560889386292,2.0,0.5609455097243952,6.0,4405270
,0.0,0.1660381798973422,1.0,,0.0,0.1660381798973422,1.0,0.15327506760068216,3.0,4405305
0.14751685867203118,1.582535885167464,0.2305091831353903,4.0,0.2167237462786831,2.0,0.2357169235668484,2.0,0.1997134550116389,6.0,4405238
,0.0,0.17752850272486484,4.0,0.15677426846098874,2.0,0.1855365034152132,2.0,0.11528852378305335,6.0,4401813
,0.0,0.33690800454404324,5.638611886717193,0.3526639817534884,2.0,0.32806324233975065,2.0,0.2855788380829358,8.0,4405299
0.2298094527172161,1.8220116911912922,0.24320929499933377,4.0,0.2292616343390898,2.0,0.2576147185074484,2.0,0.13355788193492407,6.0,4405529
,0.0,0.20429860336205768,2.7098553874446205,0.17187630013508787,0.7098553874446207,0.20989436539461262,2.0,0.3628191175077069,6.0,4405549
0.46086827528475327,2.0,0.4642992565293671,4.0,0.4732423050280438,2.0,0.4573903239259163,2.0,0.4629523032449129,6.0,4405566
0.569091053913553,0.4125439307921059,0.6570651349790105,2.0,0.6575495718014087,1.0,0.65658069829498,1.0,0.6834386461058933,2.3180530578182115,4405569
,0.0,0.30368409035581895,4.0,0.30507885274993884,2.0,0.301319311177486,2.0,0.21493661131884406,8.0,4405574
,0.0,0.14463581771028858,4.0,0.1316973015527122,2.0,0.1483729250394398,2.0,0.10557122900455568,8.0,4405555
0.1406421230464793,0.13609252973934816,0.17875401481795034,4.0,0.1645026480206453,2.0,0.18652620176581622,2.0,0.13849531856679784,6.0,4405525
0.2015338900640453,1.8176183288222643,0.35533157465828213,4.0,0.3398973344315821,2.0,0.36465233802253044,2.0,0.2095076235540451,6.760462211118053,4405506
,0.0,0.6333821418491128,1.1148683531233865,0.4163521981585339,0.11486835312338659,0.6452527755739672,1.0,0.5440350440732277,2.008604371020478,4405582
,0.0,0.687356169353648,1.8116112198303977,0.6186010806104644,0.8116112198303977,0.7388974826416,1.0,0.6752324330830063,3.0,4405583
0.10093369978503272,1.193307201715158,0.10946618827799066,4.0,0.09194058421281409,2.0,0.11752580308649845,2.0,0.06672129437272967,6.0,4405552
0.4650792327881683,2.0,0.49151611070674883,4.0,0.5013636030172938,2.0,0.4826796938508601,2.0,0.5072783892165695,7.99221228728007,4405531
,0.0,0.5028115112187556,5.537360548527981,0.5242142116315327,2.0,0.4958825167790189,2.0,0.5261295774410468,8.0,4405534
0.20705514387266252,1.9137459109419857,0.26882993180651205,4.0,0.27859534146737347,2.0,0.26024341864283934,2.0,0.24129641285014808,6.0,4405542
0.3309962559429326,0.9454892716416885,0.4505729009287959,4.0,0.4607772324585194,2.0,0.4384966986608809,2.0,0.3393971875484552,6.0,4405512
,0.0,0.42928471741845825,4.495487209337849,0.43596774144086753,2.0,0.42247962146785273,2.0,0.3718711572841883,8.0,4400729
0.27984597466609545,0.9580428450278382,0.33430957429322267,1.0,,0.0,0.33430957429322267,1.0,0.2927659978415185,4.0,2723788
0.22295125034534005,0.03235888567082701,0.17624867487455614,1.0,,0.0,0.17624867487455614,1.0,0.15871486344439906,4.0,2723789
0.2644156192444112,0.8378626252602935,0.24683013692497427,1.0,,0.0,0.24683013692497427,1.0,0.16148475826552358,3.0,2716605
0.17308992882473337,1.0,0.22002847220899693,1.0,,0.0,0.22002847220899693,1.0,0.1419484272653098,3.9789983844911148,2714956
0.22379632129360527,1.0,0.263128215848833,1.0621127667606758,,0.0,0.26417801883547753,1.0,0.19979859787990384,2.0,2722509
0.2211316804282993,1.0,0.2587788547467391,1.0,,0.0,0.2587788547467391,1.0,0.19269828689411805,2.0,2723792
0.19192786045913554,1.0,0.23444571931893643,1.0,,0.0,0.23444571931893643,1.0,0.17158765380725535,2.0,2722698
0.3087645026401008,1.0,0.32035213418791486,1.0,,0.0,0.32035213418791486,1.0,0.28315920874199935,2.0,2722699
0.29766724705134523,1.0,0.301076185843728,1.0,,0.0,0.301076185843728,1.0,0.2764604930466199,2.0,2722700
0.27272142089415036,1.0,0.2814834770083761,1.0,,0.0,0.2814834770083761,1.0,0.23475726173271683,2.0,2722702
0.38423023382318156,1.0,0.4094696412507371,1.0,,0.0,0.4094696412507371,1.0,0.31714401172999157,2.038709458158214,2725352
0.12431719790617224,1.0,0.11539331871463562,3.0,,0.0,0.17110740578156539,1.0,0.14161135818521497,2.0,2723730
0.19288761978752839,1.0,0.19999932471204562,1.0135272697460562,,0.0,0.20008880399266438,1.0,0.14466719596037958,3.0,2724430
0.10996698874298051,1.0,0.1288333291661688,2.0,,0.0,0.1450297298442743,1.0,0.07978726754248175,3.07516744987643,2725354
0.1629683978088437,1.0,0.19485892349686312,1.0,,0.0,0.19485892349686312,1.0,0.139479532562537,4.0,2701301
0.1669986014020134,1.0,0.17484642407243528,2.8784164060127857,,0.0,0.19005998471005245,1.0,0.1235203867279405,4.068151606853078,2725357
0.12685480667182347,1.0,0.14819324212394264,1.0,,0.0,0.14819324212394264,1.0,0.11770761851662401,4.0,2701531
0.11129797546890569,1.0,0.13746507485888546,2.2907538916535324,,0.0,0.1402527777237661,1.0,0.08349625236371644,3.0778330706430306,2701578
0.34154975480422295,1.0,0.3899365004531186,3.0,,0.0,0.36208606903895,1.0,0.27141702455415156,4.026736407518354,2700885
0.04294146334669449,1.0,0.08628586990293365,2.7743222067358047,0.13382806058032962,0.9980589481309993,0.08068455918252215,1.0,0.05246376965074238,4.0,2716341
0.6422369535040379,1.0,0.5775205438680037,1.0,,0.0,0.5775205438680037,1.0,0.5430190624717469,3.9924315747060066,2700718
0.24040292511317202,1.0,0.30524739832173403,2.0,,0.0,0.3045396541820593,1.0,0.3605486295170863,4.396860418312736,2700533
0.1722009536701625,1.0,0.2108816125519474,1.0,,0.0,0.2108816125519474,1.0,0.136506813670546,4.0,2700107
0.14135361368912697,1.0,0.16259441522446821,1.0,,0.0,0.16259441522446821,1.0,0.13905612525722852,4.0,2715531
0.1200997305157564,1.0,0.14867369884138806,1.000739035576253,,0.0,0.1486782643609606,1.0,0.11323204683611339,4.0,2715519
-0.0695432727482513,1.0,0.1928251801504639,1.6307784199216517,,0.0,0.19891133213157736,1.0,0.39061828917269276,3.189676130835582,2725362
0.09156910526052375,1.0,0.08447517605517328,2.0,,0.0,0.11768819253941619,1.0,0.08144056585938728,3.0,2725363
0.2126322028617094,1.0,0.2650949893276494,2.0,,0.0,0.2650472538779776,1.0,0.2876383529150423,5.0,2715257
0.34428373287071695,1.0,0.36107652465723006,3.0,,0.0,0.3437366009879633,1.0,0.28210782160143755,4.0,2725365
0.10847222871796587,0.9629921423092074,0.15410272436561684,1.0,,0.0,0.15410272436561684,1.0,0.11998042976113948,3.119860883627394,2716527
0.14691193639217404,1.0,0.1641272886264054,1.17903342647211,,0.0,0.16453367968814764,1.0,0.1453051257612147,4.0,2713245
0.16971825920088648,1.0,0.18245491068032274,2.867459571094023,0.17231902371442098,1.0,0.1861554566579619,1.0,0.18539322673240194,4.0,2723811
0.11502967987850156,1.0,0.13591059684720297,1.374023235769693,,0.0,0.140675876020665,1.0,0.09797294147641315,4.416171012985534,2713020
0.10710536897235971,1.0,0.12101829700358097,2.0,,0.0,0.13288427405488498,1.0,0.08732593768279896,4.0,2712849
0.18078325575355908,1.0,0.21480794961711544,1.6125971925063927,,0.0,0.21860096678444918,1.0,0.15217242457094296,4.0,2712741
0.09446221886633828,1.0,0.09733124362500714,1.5749202485131322,,0.0,0.12040783009464495,1.0,0.07879967612189602,3.0102124206571252,2725373
0.31756159536147166,1.0,0.31920037638878584,1.0,,0.0,0.31920037638878584,1.0,0.29334470292328607,4.0,2712255
0.0944385692811677,1.0,0.11827828055245354,1.2502752014017178,,0.0,0.12135289434022106,1.0,0.07346680773372846,4.0,2725376
0.29900325194613453,1.0,0.36119687409090895,2.0,,0.0,0.35308004954586386,1.0,0.4606064045300055,3.992423057569122,2725377
0.1299848583477656,1.0,0.14880348249166808,2.0,,0.0,0.15657141600668376,1.0,0.10344217401427279,4.5121440333204195,2725378
0.11415266810856789,1.0,0.15880116162548297,1.0,,0.0,0.15880116162548297,1.0,0.10889104856272293,3.713099196300781,2725380
0.15857699706964942,1.0,0.19197622933965003,1.008542236614371,,0.0,0.192271266588297,1.0,0.13777749631292868,4.0,2711350
0.1698417698165142,1.0,0.196934598962112,1.9749415050192465,,0.0,0.2023235070261381,1.0,0.13816875457346783,4.490819432913175,2710853
0.08956337440799937,1.0,0.06558795408053507,2.0,,0.0,0.11344650838604953,1.0,0.07867275381264963,3.0,2725384
0.13565552520707955,1.0,0.15952335354054198,1.0,,0.0,0.15952335354054198,1.0,0.12053556246104864,4.006015979352096,2710485
0.15774306698707105,1.0,0.17453312370402677,1.0,,0.0,0.17453312370402677,1.0,0.1266481615383876,4.0,2721846
0.1479891103559763,1.0,0.17142218901857958,1.0,,0.0,0.17142218901857958,1.0,0.14764966652470357,4.0,2708952
0.2552063378163319,1.0,0.2790621530378187,2.0,,0.0,0.28248379246606203,1.0,0.20475170646403104,4.0,2716794
0.18277589424448462,1.0,0.21112110663310574,1.0,,0.0,0.21112110663310574,1.0,0.11914801581339775,4.0,2701089
0.042414282827143525,1.0,0.07235550562923916,2.6534984052227855,0.1629667328807112,0.6534984052227857,0.07671110795223413,1.0,0.055537139094065796,4.0,2717046
0.15675454115912646,1.0,0.16920616857293866,2.0,,0.0,0.173660131784276,1.0,0.11805748395164253,4.0,2701633
0.14150942653672788,1.0,0.19181821539074445,1.0,,0.0,0.19181821539074445,1.0,0.13113489756454025,4.0,2721870
0.15415911367679383,1.0,0.1721308390763371,2.0,,0.0,0.17934364508128992,1.0,0.11175484053339159,4.0,2714531
0.17485411807473872,1.0,0.19284669256213666,1.0,,0.0,0.19284669256213666,1.0,0.12466904118464822,4.0,2714517
0.11812967240066692,1.0,0.15149577353979998,1.0,,0.0,0.15149577353979998,1.0,0.09105012070527915,3.633612559311113,2721888
0.19370252059493637,1.0,0.22119116050058185,1.0,,0.0,0.22119116050058185,1.0,0.15506697147028564,3.1211861387943096,2721889
0.11938476600736427,1.0,0.14993851149843682,1.0,,0.0,0.14993851149843682,1.0,0.09887378570683854,4.0,2725392
0.40690882226068215,1.0,0.42080161976352515,1.0310302239116387,,0.0,0.42160554915563403,1.0,0.30160235099204713,4.0,2723821
0.1498239951249713,1.0,0.16983614736413447,2.0,,0.0,0.17348962771272033,1.0,0.11891221151682331,4.0,2724509
0.14903181597154444,1.0,0.17121082996997425,1.0,,0.0,0.17121082996997425,1.0,0.13043424474491933,4.0,2721920
0.15634532963868109,0.9749542748180721,0.2040132086512532,1.0,,0.0,0.2040132086512532,1.0,0.12898447794868229,4.0,2713637
0.12223338995376277,1.0,0.14740943961825492,1.1109888395240166,,0.0,0.15173767174957653,1.0,0.09635844656469153,4.0,2722153
0.157177928252224,1.0,0.18346535872612654,1.0,,0.0,0.18346535872612654,1.0,0.12292206406961183,4.0,2722154
0.46309135163158643,1.0,0.49461110228360416,1.0,,0.0,0.49461110228360416,1.0,0.3130098790739474,4.0,2725394
0.14619409475957615,0.9994755565655947,0.18104480312622712,1.146433347609849,,0.0,0.18313218950028312,1.0,0.12034877060463772,4.0,2723564
0.14267383985069712,1.0,0.17332853639409282,1.0,,0.0,0.17332853639409282,1.0,0.13828243572527268,2.0,2716268
,0.0,0.3552684767549909,1.0,,0.0,0.3552684767549909,1.0,0.2588392491060955,4.0,2701233
0.39284795640502934,0.0526796075248021,0.37218591819012725,1.0,,0.0,0.37218591819012725,1.0,0.3305085287124632,2.0,2716288
0.0678903329495384,1.0,0.09928299215986376,1.0,,0.0,0.09928299215986376,1.0,0.06181785819820981,3.0,2725397
0.10558960463974529,0.29362954561440535,0.17533254003589305,1.0,,0.0,0.17533254003589305,1.0,0.10769824953173804,3.0,2716297
0.4570312937698115,1.0,0.40116725648956914,1.0,,0.0,0.40116725648956914,1.0,0.3273481737317311,3.9627996325064734,2716298
0.17100206877361282,0.9996083853874568,0.17870951563274562,1.0,,0.0,0.17870951563274562,1.0,0.13822208045227888,3.0,2725398
,0.0,0.14205644347979948,1.0,,0.0,0.14205644347979948,1.0,0.14097035617251424,4.0,2725400
0.13405633414938828,1.0,0.16114513746685716,1.0,,0.0,0.16114513746685716,1.0,0.11145135657169437,3.0,2701624
0.15173070251548237,1.0,0.19579051882201776,1.0,,0.0,0.19579051882201776,1.0,0.10502947094350362,4.0,2701640
0.23404358689950594,1.0,0.23848942878237017,1.0,,0.0,0.23848942878237017,1.0,0.1929762960856679,2.0,2722251
0.12204370146472797,1.0,0.16525176939997888,1.0244162275776683,,0.0,0.16548353826127962,1.0,0.11646782608284585,2.0,2716346
0.23190235455654848,1.0,0.24401663392744502,1.0,,0.0,0.24401663392744502,1.0,0.1888981314695712,3.0,2700772
,0.0,0.2837630332652487,1.0,,0.0,0.2837630332652487,1.0,0.22668505490001,2.0252379939125364,2717233
0.4077363081654445,0.9243955821021296,0.43137810893442596,1.0,,0.0,0.43137810893442596,1.0,0.38486461857524756,4.0,2716357
0.14302076582132905,0.05556944953063174,0.19700882082022625,1.0,,0.0,0.19700882082022625,1.0,0.14497660256151032,3.0,2700543
0.23538441070184446,1.0,0.21720447014828442,1.0,,0.0,0.21720447014828442,1.0,0.15195208079089143,4.0,2700464
0.11635433921761756,0.10744356467945743,0.13036127290587543,1.0,,0.0,0.13036127290587543,1.0,0.07448536873293553,3.001694000727792,2700459
0.4596631136395274,0.7718077647878393,0.46732567894894705,1.0,,0.0,0.46732567894894705,1.0,0.4376505031056568,3.0,2716366
0.0935988028731024,1.0,0.13160533696586257,1.0,,0.0,0.13160533696586257,1.0,0.068805647038585,3.0,2700356
0.1624948157006121,0.9907532953453249,0.15331032048482088,1.0,,0.0,0.15331032048482088,1.0,0.11138924603293812,4.0,2700201
0.20925829484477354,0.5749404153898535,0.15315229538689318,1.0,,0.0,0.15315229538689318,1.0,0.16193020122441928,4.0,2723831
,0.0,0.268515844966196,1.0,,0.0,0.268515844966196,1.0,0.1931306248154124,2.0373958677382658,2717244
0.30650187569391124,0.5219478707620081,0.32429369240731926,1.0,,0.0,0.32429369240731926,1.0,0.2786794029635081,4.0,2700094
0.1677297875674348,1.0,0.16931255780306448,1.711819712658092,,0.0,0.1886349636910936,1.0,0.12447340123974422,3.0,2700053
0.14875731096827532,1.0,0.13453886779621058,2.244585551793732,,0.0,0.17479896880825657,1.0,0.142204326944167,2.0,2722276
0.1614160030543306,1.0,0.18543893375469395,1.0,,0.0,0.18543893375469395,1.0,0.1084729540131072,3.0,2715626
0.20452223712074358,1.0,0.2110588798115173,1.0,,0.0,0.2110588798115173,1.0,0.1464013539966233,3.389772791058832,2722285
0.1935455134070218,0.9230656245893148,0.1580679408739781,3.0,,0.0,0.15801240846738063,1.0,0.11268565157311453,3.0,2715449
0.34461212838981997,0.9297332116592409,0.38914604785431184,1.0,,0.0,0.38914604785431184,1.0,0.24224317646509008,3.0344856585610245,2722288
0.5007938100832269,0.6925655064528745,0.5387879558754329,1.3175596402033625,,0.0,0.5512961164139588,1.0,0.5710935528728472,3.151830269847477,2725404
,0.0,0.1876103628454927,1.0,,0.0,0.1876103628454927,1.0,0.154710962967987,2.0,2725405
0.26527146203886665,1.0,0.26485981158621985,1.6602609680437233,,0.0,0.27641308970897205,1.0,0.2760063426215137,2.0,2716423
0.11691784377518445,0.4339501905164641,0.17308668997309895,1.0286054373823956,,0.0,0.17341162773618363,1.0,0.10853086330248685,3.0,2715084
0.1649641700207927,0.4209595472377646,0.16914761947311518,1.0,,0.0,0.16914761947311518,1.0,0.08815547475032401,3.0,2715035
0.12928781376753543,1.0,0.16071286441835586,1.0,,0.0,0.16071286441835586,1.0,0.15276893097615157,2.0,2716438
0.15155316267600902,1.0,0.15327370013916783,1.5358437344353317,,0.0,0.17456941379049215,1.0,0.15556516092060207,2.0058634106409308,2723834
0.2652609504825631,0.7594828236022232,0.2538335702455233,1.0,,0.0,0.2538335702455233,1.0,0.2323262428455014,4.0,2723835
0.3319065697102772,0.967659071448598,0.34202642546153794,1.0,,0.0,0.34202642546153794,1.0,0.3636554925166516,3.0,2716456
,0.0,0.14969076666568723,1.0,,0.0,0.14969076666568723,1.0,0.14241521855969028,4.0,2714591
0.10381764404166062,1.0,0.13573176880730725,1.0,,0.0,0.13573176880730725,1.0,0.09328431416509855,3.0,2717290
0.13155452302092968,0.32533414753074896,0.19531897621330552,1.0,,0.0,0.19531897621330552,1.0,0.1402480958525603,3.0,2714524
0.11627259434040756,1.0,0.15314958877378365,1.0,,0.0,0.15314958877378365,1.0,0.08663795432954415,3.0,2714354
0.09180594669882071,1.0,0.1278423014931705,1.0,,0.0,0.1278423014931705,1.0,0.0864441379158044,2.8986607169000314,2714246
0.19169529687406195,1.0,0.20930317108125632,1.0,,0.0,0.20930317108125632,1.0,0.14692391534823737,4.0,2723838
0.4845860469993108,1.0,0.47689320831232346,1.0,,0.0,0.47689320831232346,1.0,0.4382905374434167,2.6677356346664913,2716486
0.1509983771805694,1.0,0.1813364684068543,1.0,,0.0,0.1813364684068543,1.0,0.12288002521597713,4.0,2717296
0.2925910525533946,1.0,0.28492457485707534,1.0,,0.0,0.28492457485707534,1.0,0.29483295989280695,3.0,2714048
0.21396894151281434,0.622526242602045,0.15652930900569112,1.0,,0.0,0.15652930900569112,1.0,0.1374867126194902,4.0,2723839
0.2225520285850654,0.04263369832579545,0.3239698196274109,1.0,,0.0,0.3239698196274109,1.0,0.2542513816604203,4.0,2713811
0.1030665343146497,1.0,0.11639490051747019,1.0,,0.0,0.11639490051747019,1.0,0.19176982391581565,2.0,2713782
0.266712500847888,1.0,0.23870432973183034,1.0,,0.0,0.23870432973183034,1.0,0.2416848252013742,3.0,2725412
0.43473746433192745,1.0,0.4225300148450347,1.0,,0.0,0.4225300148450347,1.0,0.4144723927764041,3.0,2713736
0.5123085231326621,0.9802158273381293,0.6747181787449743,3.0,,0.0,0.6532225153730424,1.0,0.6261171752303024,4.0,2713586
0.18474999767503422,0.33831428955504783,0.20865826213146715,1.0,,0.0,0.20865826213146715,1.0,0.10654614781613053,3.0,2713585
0.18554910864649837,0.9913560054575808,0.19827311262843839,2.8113236328505686,,0.0,0.16990097887691744,1.0,0.11895237943305252,3.0,2713574
0.5688571717524454,1.0,0.5907023395455229,1.0,,0.0,0.5907023395455229,1.0,0.5925989255778203,3.0,2725414
0.4283799616921614,0.5193582447239637,0.3855249459035923,1.070434043522644,,0.0,0.38586532937513585,1.0,0.2694377596163518,3.0,2717321
0.1360685446812562,0.7819396840339699,0.18001753540652818,1.0,,0.0,0.18001753540652818,1.0,0.11397624123590495,3.0,2716539
0.16787709364072495,1.0,0.19538998298382018,1.0,,0.0,0.19538998298382018,1.0,0.1336996042060187,4.0,2713148
0.12473962127394142,0.18508271695556422,0.15138837729642363,1.0,,0.0,0.15138837729642363,1.0,0.08836040343851793,3.226384732652024,2713116
0.18707528590456074,1.0,0.23379687481163094,1.0,,0.0,0.23379687481163094,1.0,0.17086072443506167,4.0,2723842
0.20728787253655878,1.0,0.2302367789470543,1.0,,0.0,0.2302367789470543,1.0,0.1873577133511529,3.0,2725415
0.06170705694129772,1.0,0.11387377209103303,1.0,,0.0,0.11387377209103303,1.0,0.07903826646646867,4.0,2712783
0.491949557323694,0.6235861543398042,0.48920453640059486,1.0,,0.0,0.48920453640059486,1.0,0.45104339801872667,3.0,2716563
0.10407408046537622,1.0,0.13983531911061656,1.0,,0.0,0.13983531911061656,1.0,0.09449023958876204,3.016338394883575,2712749
0.13862887837911275,1.0,0.1781924147325984,1.0,,0.0,0.1781924147325984,1.0,0.12810500946247977,4.0,2712663
,0.0,0.1031386575209262,1.0,,0.0,0.1031386575209262,1.0,0.06669446925969982,3.0,2718782
0.27094717996960954,0.031197330856808713,0.46675760583864306,1.0,,0.0,0.46675760583864306,1.0,0.2726829871587834,4.0,2712311
0.14494284188255127,1.0,0.1708747015668929,1.0,,0.0,0.1708747015668929,1.0,0.09408498246239232,3.0,2717353
0.14133285878880347,0.7729448637971521,0.17322011610293767,1.0,,0.0,0.17322011610293767,1.0,0.15524662763542732,2.0049230552168265,2712282
0.34401220083236694,5.28169014084507e-05,0.3982047750173845,1.0,,0.0,0.3982047750173845,1.0,0.38706707046013067,3.0,2712026
0.21134891530421313,0.8749664441541243,0.2515311101521353,1.0,,0.0,0.2515311101521353,1.0,0.18732189409003983,4.0,2722355
0.45901908987361806,1.0,0.4546587974628535,2.950624823128136,,0.0,0.4775957348042591,1.0,0.6146100220668302,4.0,2711800
0.090669664446075,0.8844547563805103,0.13052679880428575,1.0,,0.0,0.13052679880428575,1.0,0.10172756605748642,3.6776139510515677,2723845
0.18771861567235568,0.6728325433925154,0.1979672097764541,2.0982201928395563,,0.0,0.2033788581926963,1.0,0.17561706224537835,3.0,2725417
0.43274908339469215,1.0,0.4081674971679309,1.0,,0.0,0.4081674971679309,1.0,0.4121540575260286,3.0,2711691
0.48060912468621414,1.0,0.47640291374479865,1.0,,0.0,0.47640291374479865,1.0,0.41148919051441946,2.334064047466594,2711665
0.19496260156904252,1.0,0.21542240624588632,1.0426348150981142,,0.0,0.21739074119424603,1.0,0.15908678361463735,2.0,2717366
0.13849777866900104,0.34120252609420215,0.19350447372647991,1.2975703885624073,,0.0,0.19598377101602352,1.0,0.14219430510032124,3.0,2711595
0.07434237838707033,1.0,0.101762636754848,1.0,,0.0,0.101762636754848,1.0,0.06304554126697653,3.0,2711524
0.28874602902075047,1.0,0.2741792394723651,1.0,,0.0,0.2741792394723651,1.0,0.1290941595996322,3.0,2711438
0.16488707539498587,1.0,0.199094766616497,1.1987231076771308,,0.0,0.20646559558944136,1.0,0.145180342581578,2.0,2716656
0.11788487420795943,0.8972729040520872,0.16455874939742568,1.0,,0.0,0.16455874939742568,1.0,0.08296250865605985,3.0,2711060
0.14917572052463654,0.9947323119297642,0.1685412927958226,1.0,,0.0,0.1685412927958226,1.0,0.16462093996689214,2.0,2722386
0.14769613516889404,0.9922827335425852,0.18411802741343525,1.0854139429515104,,0.0,0.18505969058744706,1.0,0.16180717398709024,2.0,2717377
0.22196150163670306,1.0,0.23482425944558333,1.3333663794019128,,0.0,0.23021565444759398,1.0,0.1357379787322741,3.0,2716683
0.20122890825960696,1.0,0.23492711003967726,1.0,,0.0,0.23492711003967726,1.0,0.1283365185627816,3.0,2710825
0.14457091393872912,0.4040128567254311,0.13289485344152743,1.0,,0.0,0.13289485344152743,1.0,0.08365667259996505,3.534911610012663,2710761
0.2925053455283984,1.0,0.2893215745338767,1.0,,0.0,0.2893215745338767,1.0,0.2586469077916753,4.0,2722389
0.19536653925336603,0.9428321875352191,0.17889860507668043,1.0,,0.0,0.17889860507668043,1.0,0.15251278547333114,4.0,2716695
0.2631377232971969,1.0,0.21093500136949,1.0,,0.0,0.21093500136949,1.0,0.23718074682068263,3.0,2710593
0.5981546288799616,1.0,0.5790354869991564,1.0,,0.0,0.5790354869991564,1.0,0.579954224279897,2.0,2710539
0.18771270765168985,1.0,0.225405128174247,1.0,,0.0,0.225405128174247,1.0,0.16322942248183098,4.0,2710464
,0.0,0.17663081512744588,1.0,,0.0,0.17663081512744588,1.0,0.1792831255287832,4.0,2709995
0.13905198830759427,0.7939529675251957,0.13274304622079355,1.0,,0.0,0.13274304622079355,1.0,0.07992774899958247,4.0,2722411
0.5267409250211721,0.6873998564113294,0.5140292331357638,1.0,,0.0,0.5140292331357638,1.0,0.5102997135617366,2.0,2709503
0.46284361473882674,1.0,0.5395608579238265,1.0,,0.0,0.5395608579238265,1.0,0.52819171239741,2.1163850321099273,2709445
0.49565484767497814,0.3978463790820418,0.5019794190615661,1.0,,0.0,0.5019794190615661,1.0,0.4879800954808579,2.879420074973424,2725422
0.14537591075896478,0.07295534008578741,0.1957479366298882,1.0,,0.0,0.1957479366298882,1.0,0.14333849905377458,3.0,2709266
0.14209697834993476,0.2388865506581716,0.1990433215931475,1.0,,0.0,0.1990433215931475,1.0,0.14394349998836362,3.0,2709265
0.13302996944420326,0.3381620086561173,0.19539511522250572,1.0,,0.0,0.19539511522250572,1.0,0.1410356948567652,3.0,2709264
0.14898328171100989,0.376145521165243,0.2127135066846027,3.0,,0.0,0.21266777558648273,1.0,0.17708548829977017,3.0,2709232
0.3962654458013652,1.0,0.39010073352101393,1.1714260989961922,,0.0,0.3978703278578735,1.0,0.3728694757287694,4.0,2723851
0.12332159003732299,1.0,0.15468497668559794,1.0,,0.0,0.15468497668559794,1.0,0.10006279502963462,3.0,2722443
0.09553699924343131,1.0,0.1405034313509714,1.0,,0.0,0.1405034313509714,1.0,0.08569472012695421,3.0,2722446
0.24557555523102645,0.7881649714928074,0.2666568627665895,1.0,,0.0,0.2666568627665895,1.0,0.23405460340500972,2.0,2701313
0.30944562853750274,1.0,0.2994822497489243,1.0,,0.0,0.2994822497489243,1.0,0.279847610173263,4.0,2719232
0.1521550807189451,1.0,0.17858883284409996,1.0,,0.0,0.17858883284409996,1.0,0.1676393974971049,2.0,2722450
0.6067306043088913,1.0,0.5842156171547321,1.0,,0.0,0.5842156171547321,1.0,0.5793134081426229,3.0,2725427
0.23659489507966716,1.0,0.22469870910627995,1.0,,0.0,0.22469870910627995,1.0,0.20676471993940118,3.0,2701450
0.4736008399269343,0.6991493174308038,0.46788566096303924,1.0,,0.0,0.46788566096303924,1.0,0.4371302137838853,3.0,2717058
0.22479895440498956,0.9983665128767216,0.26424243695947053,1.0719392827101017,,0.0,0.26610497952892814,1.0,0.17772373256766077,4.0,2717084
0.18904958147446366,1.0,0.22345180282007493,1.0,,0.0,0.22345180282007493,1.0,0.1485906723752821,3.846983916039357,2722478
0.516625979947061,1.0,0.5415808950771014,1.147852891156463,,0.0,0.5432562249486151,1.0,0.5334885707424422,3.506717687074832,2723855
0.1126436632676251,1.0,0.1483678084247725,1.0,,0.0,0.1483678084247725,1.0,0.08426702036874455,3.0,2722482
0.45257405060018,1.0,0.4128729493587624,1.0,,0.0,0.4128729493587624,1.0,0.4403085389972377,3.0,2713002
0.09947431208126988,1.0,0.14275846251972765,1.0,,0.0,0.14275846251972765,1.0,0.08833972321234503,3.0,2722487
0.25996944333806865,1.0,0.28090802742307536,1.0,,0.0,0.28090802742307536,1.0,0.3986251854190752,3.0,2712505
0.1505189148427539,1.0,0.1738798117801887,1.0,,0.0,0.1738798117801887,1.0,0.1252373255548953,2.6447031993816,2712382
0.11869942201018031,1.0,0.1532403412436802,1.0,,0.0,0.1532403412436802,1.0,0.07961236283737792,3.0,2712364
0.18861717119319296,0.19719283276450508,0.1944756076503566,3.0,,0.0,0.19439508626743968,1.0,0.15770685514104604,3.0,2722494
0.2788903590637881,0.18794336370821074,0.29842309685541785,1.0,,0.0,0.29842309685541785,1.0,0.2861916675776745,4.0,2723858
0.2946905390986051,1.0,0.3286441422002863,1.0,,0.0,0.3286441422002863,1.0,0.30009782238842814,3.0,2709641
0.315789859179283,1.0,0.34615718370938203,1.0,,0.0,0.34615718370938203,1.0,0.3255540168394872,3.0,2709639
0.1370761943588907,1.0,0.16071761361249826,1.074337049097894,,0.0,0.16243313914735596,1.0,0.1420294015140171,2.0,2722510
0.09111187076672503,1.0,0.12731799030420968,1.0,,0.0,0.12731799030420968,1.0,0.059009669084390835,3.0,2717145
0.5817064033189803,1.0,0.5554063867083858,1.0,,0.0,0.5554063867083858,1.0,0.5517237055135396,2.0,2722576
0.11280601142420969,1.0,0.12382415265197277,1.9982593759321845,,0.0,0.14287565266771593,1.0,0.08860980020433165,3.679315420093554,2722579
0.10449060404961323,1.0,0.2524098086957504,1.7859835029201034,,0.0,0.2632982394217123,1.0,0.3606781538536636,3.000445541573846,2725434
0.6530460611549191,1.0,0.6196649726446966,2.9558035322027942,,0.0,0.6308148811986648,1.0,0.6155896389360108,3.2843188940632047,2723862
0.1386084147440263,0.03446458462459575,0.1785434960567412,1.9007656922642318,,0.0,0.17954874142022909,1.0,0.10482739380947943,3.0,2725435
0.08832259547818853,1.0,0.12054641285786448,1.0,,0.0,0.12054641285786448,1.0,0.07819468577674996,2.6289599157941033,2722628
0.33654347556251524,1.0,0.31238293077514556,1.0,,0.0,0.31238293077514556,1.0,0.2321891968856571,3.0936379857569194,2722629
0.09391795411448861,0.042437362707331804,0.10771804669954521,1.0,,0.0,0.10771804669954521,1.0,0.07246559948935964,3.0,2718783
0.0875940739048803,0.2845970758245496,0.13724291575088887,1.0,,0.0,0.13724291575088887,1.0,0.09543148807968022,3.0,2718971
0.11929046362638474,7.17863637813866e-05,0.16553918297382925,1.0,,0.0,0.16553918297382925,1.0,0.1121190231904298,3.0,2722636
0.08379851936767463,0.4613988717503645,0.1313188734705566,1.0,,0.0,0.1313188734705566,1.0,0.0826222976801628,3.0,2722637
,0.0,0.12704326942023897,1.0,,0.0,0.12704326942023897,1.0,0.08664598627739444,3.0,2716573
0.20651183190317818,1.0,0.19001734758258412,1.0,,0.0,0.19001734758258412,1.0,0.14555637900390145,3.0,2723866
0.31192513611369904,1.0,0.2367509573373232,1.0,,0.0,0.2367509573373232,1.0,0.14614084394035387,3.0,2718953
0.32803144140882734,1.0,0.33831864040317916,1.0,,0.0,0.33831864040317916,1.0,0.31607916065105657,2.0,2722688
,0.0,0.08240131809844713,1.0,,0.0,0.08240131809844713,1.0,0.060664131077822495,2.0,2722690
0.1363639630144462,0.04650235076221685,0.14642239123226183,1.0,,0.0,0.14642239123226183,1.0,0.10987159330727438,2.0,2725437
0.17728802456276005,1.0,0.20241456534206836,1.0,,0.0,0.20241456534206836,1.0,0.16896284522247967,2.0,2722693
0.18257079392126985,1.0,0.20454554634832461,1.007069633489903,,0.0,0.20482841650061165,1.0,0.16998630577014595,2.0,2722694
0.31523040555969467,1.0,0.32992557416496054,1.4629246373090257,,0.0,0.3362921779928472,1.0,0.247724976519333,2.0,2722695
0.20664681156563797,1.0,0.2239157495919391,1.0,,0.0,0.2239157495919391,1.0,0.17618858632854953,2.0,2722701
0.45806221973535327,1.0,0.420465741623862,1.0,,0.0,0.420465741623862,1.0,0.447202455349314,3.0,2722771
0.14694437341524708,1.0,0.18307309859103268,1.0,,0.0,0.18307309859103268,1.0,0.16588350178853492,4.0,2723870
0.11701933193366247,1.0,0.1183234381792325,1.0,,0.0,0.1183234381792325,1.0,0.07418882333398746,4.0,2723871
0.25586951004172814,0.2879306577318085,0.31673730164675873,1.0,,0.0,0.31673730164675873,1.0,0.2400936505818905,4.0,2713418
0.3304938102565546,1.0,0.33381769162470737,1.0,,0.0,0.33381769162470737,1.0,0.28633977085551787,4.0,2716839
0.1809478759824032,0.4146888019189497,0.20932133605059633,1.0,,0.0,0.20932133605059633,1.0,0.16292765439734788,4.0,2723873
0.15492658585178773,1.0,0.16863579398636946,1.0,,0.0,0.16863579398636946,1.0,0.13319450265673194,3.7270518407485094,2722827
0.29614058160820894,0.09269968051118212,0.3698889136811891,1.0,,0.0,0.3698889136811891,1.0,0.3129209396881036,4.0,2711466
0.20793986724040114,1.0,0.21682197601387862,1.0,,0.0,0.21682197601387862,1.0,0.18388554518079125,4.0,2723875
0.18742328706184588,1.0,0.22137194275640668,1.0,,0.0,0.22137194275640668,1.0,0.13659903403343768,3.0,2723876
0.40002413029476863,1.0,0.3674598137744152,1.0,,0.0,0.3674598137744152,1.0,0.378688990918796,3.0,2722842
0.40615302599077335,0.9168961824298743,0.428409953533438,1.0,,0.0,0.428409953533438,1.0,0.4367408352551051,3.0,2722843
0.43262245313169867,0.642000795179986,0.42163502317401946,1.0,,0.0,0.42163502317401946,1.0,0.4353082138297415,3.0,2722844
0.3910001939964347,1.0,0.381699816678669,1.0,,0.0,0.381699816678669,1.0,0.38592982948734866,3.0,2722853
0.31739585001079806,0.06992007204773165,0.46199179576944943,1.0,,0.0,0.46199179576944943,1.0,0.2890120113373548,4.0,2723658
0.32888143126801894,0.915471573106599,0.3384539388494199,1.0,,0.0,0.3384539388494199,1.0,0.2621839809403573,4.0,2723659
0.20248638133153535,1.0,0.21792165137977268,1.0,,0.0,0.21792165137977268,1.0,0.1749802482412319,3.096007899980223,2725438
0.2250390810439009,1.0,0.24932597559121222,1.0,,0.0,0.24932597559121222,1.0,0.21487019458658033,2.0,2723618
0.5541198226519923,1.0,0.5210696658178383,1.0,,0.0,0.5210696658178383,1.0,0.5455302398922113,2.0,2723705
0.1510572934930042,0.0922092201366528,0.1888017675661848,3.0,,0.0,0.1883078656780736,1.0,0.1655245068954555,3.0,2716739
0.1889613728455627,1.0,0.22762910533221933,1.0,,0.0,0.22762910533221933,1.0,0.1793151534442756,4.0,2723750
0.6140808561522483,1.0,0.5817020600954772,1.0,,0.0,0.5817020600954772,1.0,0.6089478856864614,2.0,2722916
0.25067853508812415,1.0,0.2654983861934955,1.0,,0.0,0.2654983861934955,1.0,0.23355930596695376,2.0,2725441
0.17427704086360699,1.0,0.19201057758869047,1.3548934056202344,,0.0,0.19816307136433103,1.0,0.15546249064797515,2.0,2724566
,0.0,0.15450354052323179,1.0,,0.0,0.15450354052323179,1.0,0.10831025196430792,4.0,2724535
0.10995278357004971,1.0,0.11456971820657491,1.0,,0.0,0.11456971820657491,1.0,0.08630707936537317,4.0,2724522
0.22305304417226293,0.8511228167452177,0.14701190991995902,1.0,,0.0,0.14701190991995902,1.0,0.12355786217573188,4.0,2724545
0.23227192151833145,1.0,0.23901594132611095,1.0,,0.0,0.23901594132611095,1.0,0.19696874832259928,3.0,2723883
0.2024249329020215,1.0,0.21448397728088195,1.0,,0.0,0.21448397728088195,1.0,0.1401816051214592,3.281725717789247,2722264
0.1353290818078797,0.014935204825666182,0.13670567040171677,2.5778733179769318,,0.0,0.14035780571076892,1.0,0.08606766704364854,3.0,2725442
0.13989590009992917,1.0,0.15631584803340356,2.0,,0.0,0.16528385555058828,1.0,0.11211245262060801,4.680429543914981,2711876
0.2099544159159438,1.0,0.24282763113463843,1.0146267112273293,,0.0,0.24313615323373264,1.0,0.17317195937399826,4.0,2724499
0.29865014359392505,1.0,0.3081412954279398,1.0,,0.0,0.3081412954279398,1.0,0.3009710713207572,3.0,2723887
,0.0,0.14418654985122484,1.0,,0.0,0.14418654985122484,1.0,0.20903819558409428,4.0,2700165
0.21644174953666057,0.9552942784879347,0.13644966927838753,1.0,,0.0,0.13644966927838753,1.0,0.10968206609219924,4.0,2725450
0.7161105641626416,1.0,0.7013282853168238,3.0,,0.0,0.7047381935488573,1.0,0.7081690063058597,4.0,2724533
0.22082054984240118,1.0,0.272950447759781,1.3576816056723968,,0.0,0.2704017763618602,1.0,0.15648862086548498,3.9930436870577264,2716276
0.5330315828673013,1.0,0.48330961855987153,1.182496452173424,,0.0,0.49225732893173624,1.0,0.3307827409737036,3.0304152947623306,2716314
0.16416202033084445,1.0,0.2016097899628788,1.9997249112511297,,0.0,0.19657381851378403,1.0,0.1181994689194827,4.924494688167253,2715387
0.17458382456006205,1.0,0.25017027202752945,2.0,,0.0,0.2433353219627711,1.0,0.12243367543242928,4.188544243097268,2721833
0.6223902463909429,1.0,0.6479414184527691,2.0,,0.0,0.6459792697434812,1.0,0.4870584834265408,5.0,2713102
0.3819778807268643,1.0,0.3828416455059222,1.0,,0.0,0.3828416455059222,1.0,0.5035761485992357,3.9301472689515897,2716585
0.47242935096569133,1.0,0.5200017564640468,2.0,,0.0,0.5134870538059301,1.0,0.33330237550635744,5.0,2711496
0.041907998452948125,1.0,0.023849296671195928,2.0,,0.0,0.05495341423106343,1.0,0.10398836615843386,5.0,2711495
0.20766206943358387,1.0,0.26537713544348235,1.230605467086775,,0.0,0.26522039238379047,1.0,0.1481097433307777,3.9371455335093244,2716747
0.1750892830681193,1.0,0.19865786353737827,1.223611076250317,,0.0,0.20206514298409703,1.0,0.1337518180390182,4.209566359612795,2725487
0.20987748278994395,1.0,0.272405682783668,1.176507571708114,,0.0,0.27700000278579445,1.0,0.1472899018101815,4.0408549637014834,2725491
0.18432246331446442,1.0,0.20337656329557025,2.0,,0.0,0.2056171048247045,1.0,0.13402234552048203,4.757017251544436,2711967
0.2743961797838149,1.0,0.2976025450700511,1.9784253321874803,,0.0,0.30017322127428375,1.0,0.16871368763908146,4.758654062272759,2721900
0.23471998562201002,1.0,0.23740393635029042,1.8099582258262685,,0.0,0.2462463781244697,1.0,0.18021235534006336,5.0,2715362
0.281635562879006,1.0,0.27425218875163343,1.9565745545231488,,0.0,0.2926118346307807,1.0,0.20106856765295283,5.0,2721901
0.43807880453377074,1.0,0.4071222152071293,1.0,,0.0,0.4071222152071293,1.0,0.29030834343768036,3.8138590144097204,2725500
0.41069912406894743,1.0,0.5139433278224294,1.0,,0.0,0.5139433278224294,1.0,0.3144790378857136,3.7118973444590244,2721903
0.4732726432319703,1.0,0.4175323352551117,1.1218943236938572,,0.0,0.4187754462637528,1.0,0.3781198274997895,3.003270756964247,2721904
0.2485717690548921,1.0,0.28198170686411694,1.9850376285828797,,0.0,0.288355516217133,1.0,0.18204396910653897,3.9912867936291176,2717510
0.43707980033617116,1.0,0.43431044904847343,1.0035912116951535,,0.0,0.43417220423126635,1.0,0.29302329628231705,3.5748310267138717,2722224
0.27978816628456116,0.007166556071665562,0.166221592495384,2.0,0.15998797800570724,1.0,0.17245520984564866,1.0,0.10421355961006425,3.0,2702910
0.1792429055549062,1.0,0.1385618104630023,3.0,0.13236016787537475,1.0,0.14496856341969241,1.0,0.1802988002704354,2.0,2701547
,0.0,0.18544806995214352,2.0,0.18027471915263518,1.0,0.1906214215861702,1.0,0.1786455766216094,3.0,2700609
0.2309738878151963,0.9805861426393359,0.26146009841496193,2.0,0.24481467642805133,1.0,0.27810551868709055,1.0,0.20985373077520006,3.0,2722263
,0.0,0.6284400001746407,3.0,0.6102601412292676,1.0,0.6282586431863151,1.0,0.6431198273360136,2.0,2700262
0.16367988500608557,0.005140078423279334,0.17558819183180455,2.0,0.1446239051528521,1.0,0.206552478439065,1.0,0.10401146621631215,2.0,2715149
0.04357953794066677,0.9902886316876783,0.11151686925473032,2.0,0.10361519688071302,1.0,0.11941854194428504,1.0,0.09069743874326058,2.0,2712897
,0.0,0.1766451509929195,2.0,0.14419504169266503,1.0,0.2090952600974636,1.0,0.10251732796130056,2.19800492811232,2712848
,0.0,0.4278476969906097,2.83085305105853,0.44205576603765945,1.0,0.43057259555122035,1.0,0.3205721325434716,3.0,2712565
0.10225084103614339,0.9078076224827891,0.3414149424246271,2.0,0.33366948599412916,1.0,0.34916039938425136,1.0,0.574368270925041,3.0,2712316
,0.0,0.18738545376195162,2.0,0.17991422580692557,1.0,0.19485668197960934,1.0,0.14109535245112087,3.0,2712271
,0.0,0.4883157819728284,2.0,0.4791241153612807,1.0,0.49750745780219074,1.0,0.5139202858942759,2.2083197389885814,2712127
,0.0,0.1779027260172832,2.0,0.16567902822235883,1.0,0.19012642294397353,1.0,0.1356495953933664,3.0,2712071
,0.0,0.3475867736134057,2.0,0.33713004541509556,1.0,0.3580435029937791,1.0,0.3595704800469627,3.0,2711934
,0.0,0.2419196914961635,2.0,0.2376226008065185,1.0,0.24621678139415926,1.0,0.20598739866864332,3.0,2725545
0.16856332214182485,0.9232744355897063,0.2774051942930486,1.0,,0.0,0.2774051942930486,1.0,0.4467411905062209,3.0,2711369
0.5628211552218867,0.38727810650887573,0.638173981447368,2.0,0.6289506699603339,1.0,0.6473972971137814,1.0,0.644363179843454,3.0,2711353
0.07607951015233994,0.00014863363225208262,0.23342465243055693,2.0,0.19738850581978148,1.0,0.2694608001496885,1.0,0.1469383277896787,2.034546702810591,2719003
0.10713348643372451,1.0,0.14896785825226083,2.0,0.11734173756697314,1.0,0.18059397856827705,1.0,0.24021377970837834,2.0,2710752
0.6716434349473298,1.0,0.5903826060503305,1.9999476775366585,0.5603332785633302,0.9999476775366585,0.6204284623558229,1.0,0.6318297712650449,3.0,2709714
0.2134360808315151,1.0,0.32378271318868884,1.0,,0.0,0.32378271318868884,1.0,0.2717150911860426,3.0,2708599
0.4496203385367597,1.0,0.3867996030205379,2.0,0.3694562882638382,1.0,0.40414291649899886,1.0,0.455731361412109,3.0,2709697
0.050345259343393026,0.9609907517040546,0.09036878348190808,2.0,0.07770182475128877,1.0,0.10303574226492158,1.0,0.10490899383575898,2.5171045473455145,2718734
0.06637798393938495,1.0,0.12751713140275198,2.0,0.12098033843594702,1.0,0.1340539252017989,1.0,0.12555836063995082,2.0,2718735
0.10822039025764961,1.0,0.14818005174525467,2.0,0.1225640154159988,1.0,0.17379608792913834,1.0,0.1651474034412376,2.0,2719062
,0.0,0.1613405805159223,2.0,0.1296594554166959,1.0,0.1930217070040328,1.0,0.14611341900945318,2.0,2719004
,0.0,0.16640513937436896,2.0,0.13247203382625222,1.0,0.2003382450800394,1.0,0.12083221233246937,2.2635806213504255,2719005
,0.0,0.2100153393989508,2.0,0.17854111808918172,1.0,0.24148956117207518,1.0,0.13594169962936584,2.3035182802407035,2711040
,0.0,0.2030247356244185,2.0,0.16891830840642005,1.0,0.2371311634688276,1.0,0.12585832028552077,2.259914352170542,2719006
0.32021373980133044,0.7020944045014066,0.4210257377620732,1.0437860045549947,,0.0,0.42223711957092747,1.0,0.29870390343740866,3.0,2718008
0.33181574636232386,1.0,0.2980778686446274,2.0,0.2697866864709611,1.0,0.3263690509067267,1.0,0.30476696495631084,3.0,2722877
,0.0,0.43659292514651094,2.7570732718416426,0.44237075977553264,1.0,0.45315911629580763,1.0,0.41155644734080743,3.0,2723964
0.02932492104229928,0.5765835033605378,0.09665365215056208,2.0,0.07986668363398869,1.0,0.11344062033154022,1.0,0.07425509637479172,2.59696051368219,2715780
0.4418962500678505,1.0,0.4416377215495314,4.0,0.364796292294601,1.0,0.42379973321262643,1.0,0.388685191912847,3.0,2715782
0.12579530832727337,1.0,0.06974185122518371,3.0,0.0667865571383826,1.0,0.09343613929227233,1.0,0.11086141997882747,3.0,2715784
,0.0,0.31100998803987967,1.0325624079276783,0.16601717315512918,0.03256240792767845,0.31323466494737157,1.0,0.25472044393480314,3.0,2722227
-0.054491614904249495,0.1888757925628786,0.0927674593336313,4.0,0.08434658055372583,2.0,0.09458974011363051,2.0,0.08418951429545748,6.0,2725551
0.32083911586393055,0.7765397767840362,0.4331198044764942,1.0,,0.0,0.4331198044764942,1.0,0.3043861856513229,3.0,2718007
0.2709924345824888,1.27127177196443,0.516671015873741,5.08508708785772,0.44878410552260706,1.27127177196443,0.445427450316327,1.27127177196443,0.18983920604179874,3.8138153158932893,2701086
0.6870868019438197,1.0,0.6658545710133703,4.0,0.603781705874432,1.0,0.6297737746508717,1.0,0.6438699859272629,3.0,2701104
0.21764148802288139,0.08642377935147219,0.19260473615075777,2.0,0.18460618720212513,1.0,0.20060328399554928,1.0,0.13657103744802346,2.9948285501304497,2717201
,0.0,0.1807824495204823,3.0,0.16142940969580782,1.0,0.183922981552126,1.0,0.11987082116280656,2.0,2701124
0.4673811844258858,2.0,0.42416393896787696,4.0064159184663914,0.45457187380071307,2.0,0.4031383679910964,2.0,0.4643933525773341,6.0,2716272
0.49687503202614136,0.1084030935144171,0.5650660828806193,2.0,0.5889097502721571,1.0,0.5412224166462064,1.0,0.635973531946551,3.0,2701149
0.3505578103070657,0.015597012403257962,0.48064801338747176,2.0,0.46616840375088586,1.0,0.49512762060675514,1.0,0.40549677548453966,2.8595592956842064,2722234
0.2644228966016433,0.8150040064102564,0.29699025268499285,2.0,0.2965682758949697,1.0,0.29741222866906375,1.0,0.2074377583615924,3.0,2701287
0.3413995101390565,0.8594125035754705,0.3707398596238957,2.0,0.3802734360748932,1.0,0.3612062834427199,1.0,0.29652746229733584,2.1261892325485956,2701294
0.0955606999368061,1.0,0.12286119252999599,1.0,,0.0,0.12286119252999599,1.0,0.08988369645281424,2.0,2725556
,0.0,0.17302606714817867,2.0,0.1546107005707351,1.0,0.1914414352120258,1.0,0.18808686615845788,2.0,2701328
0.3256423608987783,0.9883214886004622,0.37734679133884735,4.0,0.37772130661944386,2.0,0.3798214311985146,2.0,0.3401068895682649,6.0,2701346
0.43685363353807205,1.0,0.4528787453575574,2.0,0.4269947580929325,1.0,0.47876272300865846,1.0,0.40706592392182367,3.0,2701352
0.5360870822738963,0.09668031233887653,0.6529477649211571,2.0,0.6714773354060901,1.0,0.6344181941759285,1.0,0.6995708081366533,3.0,2701409
,0.0,0.2181385469776087,2.0,0.20485257173823396,1.0,0.2314245212814209,1.0,0.1870126706352149,2.0,2701414
0.12109758335168096,0.039341287142534966,0.20942191885126246,2.0,0.1810578365495807,1.0,0.23778600045610007,1.0,0.12589104085927993,3.0,2722241
0.560516159435797,1.0,0.612764738414618,2.0,0.6035838108627968,1.0,0.6219456503792652,1.0,0.5990897706441103,3.0,2701472
0.14830622221453887,1.0,0.14473738276559936,3.0,0.1325450846208412,1.0,0.16846362930309824,1.0,0.14853409482216298,3.0,2716307
,0.0,0.13213613194407653,2.0,0.08719621601704461,1.0,0.17707604736325758,1.0,0.13700903882419693,2.0,2722246
0.3066898258541376,0.9953302607626224,0.28571942715550297,2.0,0.280803100800959,1.0,0.29063575363515387,1.0,0.225925197177221,3.0,2716310
,0.0,0.3953220948295271,2.0,0.3835755558193494,1.0,0.40706863826767253,1.0,0.27003928940312627,2.924073612643719,2701600
0.2463603196580508,1.0,0.2242142019587182,2.0,0.1987433817082691,1.0,0.24968502232330436,1.0,0.21874709310492285,3.0,2724741
0.24345366894005552,1.0,0.23608622731199566,1.3946456655669472,0.19085474193170726,0.39464566556694697,0.24375189844520373,1.0,0.23214112276307353,3.0,2702897
0.48972650369008386,5.739795918367347e-05,0.18917954892495045,1.7732525510204085,0.15441888319714173,0.7732525510204082,0.21147392805352128,1.0,0.15168117869547948,3.0,2723972
,0.0,0.24568327356072509,2.0,0.23160419726931677,1.0,0.2597623488838195,1.0,0.19847222617563537,2.0,2701017
0.4030236017120524,1.0,0.3805622172995369,2.0,0.34837089597638476,1.0,0.41275353639719103,1.0,0.3633058164547149,3.0,2701002
0.10592246706578191,2.0,0.14033673372216718,8.0,0.1367043867237802,2.0,0.1501320015629437,2.0,0.09606863598826879,6.0,2716328
0.09134753703064342,0.010751703878768715,0.16365092133920195,1.997724595176474,0.12753022034624323,0.9977245951764743,0.19954429880718175,1.0,0.16021495294231078,2.734131904528103,2700976
,0.0,0.21820228039036962,3.0,0.20420169061615198,1.0,0.22636989059311544,1.0,0.18932491841896157,2.0,2700952
,0.0,0.156026003636791,2.0,0.14166750154939647,1.0,0.1703845060484871,1.0,0.16869940613539186,2.98800717928638,2723974
,0.0,0.2653832439446702,2.0686493304870956,0.2608753651056664,1.0,0.2721768083951263,1.0,0.2110329839732956,3.0,2723975
0.33117633354394954,1.9999283924095954,0.3716927211813033,4.0,0.3907882998461712,2.0,0.35543196999254173,2.0,0.37099695222761064,6.0,2700900
,0.0,0.19726723181634614,2.0,0.1837107196243327,1.0,0.2108237433450818,1.0,0.17119445542292777,2.0,2700874
0.6004857812739686,0.3540616985659742,0.5427440341755536,2.0,0.577440167019561,1.0,0.5080479018394051,1.0,0.5096933645331249,3.0,2723976
0.34447836682599886,1.0,0.33203640814732616,2.0,0.310987382730824,1.0,0.35308543123809477,1.0,0.3150822513685139,3.0,2700836
0.14363305611770655,1.0,0.18623326169685367,1.001236564964491,,0.0,0.1862746406347436,1.0,0.10065958563583127,3.0,2725563
0.5995382361770119,1.0,0.5686071643219182,4.0,0.4295229966002368,1.0,0.5504439041561936,1.0,0.5984342170166156,3.0,2700765
,0.0,0.30338152776648686,2.0,0.29532471899380336,1.0,0.3114383368309127,1.0,0.24067229239802237,2.0,2700722
0.5540477099420845,1.0,0.532043858018585,2.0,0.5435619400358401,1.0,0.5205257780259706,1.0,0.5284158812662189,3.0,2700683
0.12784153433117504,1.0,0.16619392057348154,1.0385721805793429,,0.0,0.16689301241381124,1.0,0.09032283047619491,3.0,2700680
0.3988675107527774,0.9947697796051639,0.4093219547086196,3.8924479245397112,0.4110184355002057,1.0,0.4317103077744215,1.0,0.39140645196031176,3.0,2723977
0.15512715229387222,1.0,0.10396231037562008,4.0,0.11149537820163506,1.0,0.14485793379248646,1.0,0.10445539150127509,3.0,2700648
0.2959219033200648,1.0,0.2658997672772896,1.383172905934858,0.1340961816670485,0.3831729059348577,0.29578176990554694,1.0,0.2681503344261435,3.0,2700635
,0.0,0.17801183310627475,2.0,0.16789874507585975,1.0,0.18812492121412847,1.0,0.14415795072377155,3.0,2716358
0.09030262346846735,1.0,0.11653289612179109,3.6541686729474647,0.10389625905862575,1.0,0.13919659512823407,1.0,0.06840725273917386,3.0,2700556
0.21505077584628793,2.0,0.23042209201634048,8.0,0.20642280966878507,2.0,0.23018045203066126,2.0,0.18742883610664968,6.0,2700521
0.5587944095428289,1.0,0.5284172367114199,1.0,,0.0,0.5284172367114199,1.0,0.4274783048937958,3.0,2700501
,0.0,0.2246152751045743,2.0,0.21588222394818096,1.0,0.23334832602675107,1.0,0.17959150634178642,2.472379842703175,2700478
0.2770556030994349,1.0,0.2792330563006453,2.0,0.2617153538081259,1.0,0.296750761017599,1.0,0.2853838830020708,3.0,2700468
-0.2476373349732619,1.0,0.052630307886617295,1.653846263017914,,0.0,0.07383498955881469,1.0,0.07111486962881167,2.972960775241766,2700454
,0.0,0.20706344293133214,3.0,0.19671073319119292,1.0,0.2143428713042365,1.0,0.15747309749722022,2.0,2722266
0.37409396863342587,1.0,0.5090577365160651,1.5625849966344765,,0.0,0.5245923063637401,1.0,0.6187980953182668,3.0,2700372
0.3824338172802592,1.0,0.3108142746464118,2.0,0.27019872259715766,1.0,0.3514298266871388,1.0,0.3302626769403328,3.0,2700351
0.5265726118649136,0.9130768791785742,0.5558732605094314,1.0,,0.0,0.5558732605094314,1.0,0.6619731533903714,3.0,2725568
,0.0,0.29657438036045997,3.0,0.28683876457133206,1.0,0.29785623960903534,1.0,0.2098198654212326,2.0491120883547618,2700319
,0.0,0.25203486908345885,1.0,,0.0,0.25203486908345885,1.0,0.21938644933722823,3.0,2700296
0.37905130154128897,1.0,0.3617173696662889,2.0,0.3383423512748335,1.0,0.385092387626886,1.0,0.3589108873843103,3.0,2700270
0.17105963572712163,1.0,0.19959195024204948,1.0,,0.0,0.19959195024204948,1.0,0.12848659818408653,3.0,2700267
0.17913475775841842,1.0,0.1716067344027607,2.0556814212286043,0.14176228991513298,1.0,0.20179859841959744,1.0,0.13286229159545984,3.0,2700264
0.09111216256277598,1.0,0.12025378189397956,2.6981938094881217,0.11232321342795804,1.0,0.1608681837471691,1.0,0.09373344726630285,3.0,2700251
0.13826890632985836,0.3031253967246416,0.1456939167135226,2.6951052113748877,0.1441328209458462,0.9767320997841817,0.15224528988128438,1.0,0.11381866698659593,3.0,2700190
0.10655091218889244,0.9959257286219797,0.1246173162339345,1.050641199246453,0.05689073908814858,0.05064119924645326,0.126715539365325,1.0,0.09978357655507766,3.0,2725572
0.6096531971346904,1.0,0.5633880845996978,1.0926247954173485,0.39726536458719197,0.09262479541734857,0.568152943558788,1.0,0.6223512210287022,3.0,2700136
0.11596397815279895,0.8351990952078009,0.14740120041749635,1.000840801961375,0.18554518312479543,0.0008408019613751949,0.14741990747505088,1.0,0.11005222320999422,3.0,2700129
,0.0,0.2979950248524827,3.0,0.29456667009019966,1.0,0.2905537919507353,1.0,0.2321118982957369,2.0,2700111
0.15253991096246353,0.15484375461064062,0.18095273170846102,2.0,0.1694341037256266,1.0,0.19247136000571202,1.0,0.13953874151357426,3.0,2723981
0.11360509770839429,1.0,0.12480256959876597,2.0,0.1128237707606218,1.0,0.13678136901613538,1.0,0.1379846283747228,3.0,2700039
0.18470371309902234,1.0,0.20251157623656624,2.0,0.18873623464837846,1.0,0.21628691825319124,1.0,0.21123966415969256,3.0,2700030
0.3093844610033275,1.0,0.31346004775568104,1.0,,0.0,0.31346004775568104,1.0,0.22966853657207847,3.0,2723982
0.3415154224064924,1.0,0.2779746077925725,2.0,0.23085075895760399,1.0,0.3250984570798716,1.0,0.2881458645377749,3.0,2700016
0.2720230613884173,0.025826107335364428,0.27034264642501676,2.0,0.2591866779598386,1.0,0.28149861498308704,1.0,0.259672550197393,3.0,2715753
0.6465740082201238,1.0,0.5433559985327676,2.0,0.4902776195830261,1.0,0.5964343751874875,1.0,0.5904114414385235,3.0,2716388
0.07893051558806567,0.7039910260951706,0.13676185811061428,2.0,0.11301419690835511,1.0,0.16050951952674,1.0,0.1402642655110807,2.7272641398039905,2715710
0.4067128447432469,1.0,0.3596101629519906,1.9645946515599255,0.31516428241083405,0.9645946515599259,0.4022792433251385,1.0,0.3498415604205348,3.0,2722277
0.49879447029409124,2.0,0.46574489047963136,4.0,0.47927571698813076,2.0,0.45494538534900775,2.0,0.5036117024885713,6.0,2717257
0.3295047975554825,1.2940904627115706,0.42324338783778576,4.0,0.44897242914686236,2.0,0.3985342184622215,2.0,0.41164952435813557,6.0,2715693
,0.0,0.2239807381911624,3.0,0.20867632568875427,1.0,0.22824666342181033,1.0,0.1616397761069626,2.8099325165432747,2715585
0.06232564415921217,0.3004723696130453,0.11786435538598625,4.0,0.09773710289168576,2.0,0.12438328343781481,2.0,0.10071395891706353,6.0,2723986
0.387095804411221,0.7243764749433159,0.38680317906528267,2.0570658460968954,0.3472882058485404,1.0,0.4269849797882725,1.0,0.3655693584979911,3.0,2715571
0.3938853869210056,2.0,0.3583394593169259,4.0,0.37450224743003907,2.0,0.3463294442902982,2.0,0.38570046069918784,6.0,2715564
,0.0,0.43534595433626855,1.2993130615333863,0.48108835569803393,0.29931306153338644,0.4415140794730175,1.0,0.26142745850530724,2.0,2717261
0.6950843174106343,1.0,0.6349691618838965,1.0,,0.0,0.6349691618838965,1.0,0.6585303049231807,2.0453657239321976,2725578
0.5872317915122892,1.0,0.6099741894745655,1.0,,0.0,0.6099741894745655,1.0,0.5975236209487857,3.0,2715507
0.09921530794716867,0.04517357572692042,0.12411326957597052,2.8554415823024906,0.08104493334777782,0.8554415823024912,0.15321289812583083,1.0,0.10251243170275187,2.278011261780611,2723988
,0.0,0.08260237772970795,2.0,0.07073415072024844,1.0,0.09447060513173378,1.0,0.07014822418838274,2.0,2715469
,0.0,0.27610143072075316,1.0,,0.0,0.27610143072075316,1.0,0.22333605767964335,3.0,2715458
0.448477144156024,2.0,0.4195295620903691,4.0,0.4301264805002959,2.0,0.40988531695209574,2.0,0.42657766308879047,6.0,2715441
,0.0,0.202530215430369,3.0,0.1878026436819135,1.0,0.20818698052585274,1.0,0.1429687265383494,2.0,2715440
,0.0,0.2086816323656227,1.6915264074289025,0.19535801746952594,0.6908879860708067,0.21597250559547224,1.0,0.18209274514376664,3.0,2723989
0.20116563106268806,0.2997901964524128,0.1944986940314132,3.0,0.17671851461997318,1.0,0.20066240862532014,1.0,0.24030115553015363,2.0,2715431
0.24982795576877304,0.0559864932347276,0.25064889991353995,2.7458825767483885,0.24473987227777086,1.0,0.2612566017854812,1.0,0.1964271216736314,3.0,2715422
0.6102217767341422,1.0,0.5091097228559712,1.944283020371305,0.4574926874896033,0.9442830203713047,0.5520376412499672,1.0,0.6397616547370336,3.0,2715419
0.6886160271916953,1.0,0.6525241892115775,1.0,,0.0,0.6525241892115775,1.0,0.6745373460222591,3.0,2715395
0.34608996260947994,1.0,0.34347492671084384,1.9717290063793866,0.30968064035546505,0.9717290063793868,0.3772035735307578,1.0,0.32031845758773664,3.0,2723990
0.3252242534653329,1.0,0.3189341618589584,2.0,0.3086338073955479,1.0,0.32923451750063726,1.0,0.30986268758119945,3.0,2722287
,0.0,0.4476351781046355,2.0,0.44553409100079894,1.0,0.44973626857535953,1.0,0.37778744736429026,3.0,2715341
,0.0,0.3573191412014896,2.0,0.34933122276705736,1.0,0.36530705898637644,1.0,0.3174084636090256,2.0,2715333
0.45788270636986783,0.5618496262641067,0.47592739771358716,2.0,0.46727699950112456,1.0,0.48457780123307326,1.0,0.5169253554945902,3.0,2715317
0.5467792748219727,0.5221591652064755,0.5790542050095959,2.0,0.6105752728324707,1.0,0.5475331368282705,1.0,0.6404103534205501,3.0,2715295
0.287141138950281,0.2870426216324888,0.3069372027917684,1.0,,0.0,0.3069372027917684,1.0,0.2684528230137861,3.0,2715284
0.6444546520926048,1.7400496401978467,0.6025327102061989,3.4800992803956934,0.6294303934692492,1.7400496401978467,0.5781345364360437,1.7400496401978467,0.6736564229672737,5.22014892059354,2715225
0.0824950565988488,1.0,0.08195966434555774,4.0,0.0808019157011428,1.0,0.12430667606211264,1.0,0.06846981834921491,3.0,2716418
0.5421958694836074,0.7904311389007105,0.591800471012103,2.0,0.6139504831433437,1.0,0.5696504593014047,1.0,0.6621675247021673,3.0,2717273
,0.0,0.1771052593317131,3.0,0.16805968596869097,1.0,0.18139499749211282,1.0,0.15592233045308568,2.0,2715157
0.09980518586121007,2.0,0.1012203014425816,8.0,0.09980128069961572,2.0,0.11683007835688373,2.0,0.0910767914334625,6.0,2715155
0.30629816547716626,2.0,0.38759194120583706,4.0,0.41172622389058267,2.0,0.3655423223123324,2.0,0.3553623188700596,6.0,2715150
,0.0,0.1643901320449927,2.9851103804603105,0.14339256060828956,1.0,0.17030030061688117,1.0,0.12034879873207949,2.0,2722289
0.2824680820756048,0.4297582257771314,0.22261938716924373,2.0,0.21166544111722851,1.0,0.23357333205647085,1.0,0.15342023927685214,2.0,2715127
,0.0,0.16261328732596492,3.0,0.14146016785186438,1.0,0.17867421960191637,1.0,0.122850229251644,2.0,2715110
0.28345303740684963,0.3474204276752128,0.33121383424797257,2.0,0.315700948491129,1.0,0.34672672052608394,1.0,0.3166602076213906,3.0,2715106
0.32410014052880204,1.0,0.32673609851400937,2.0,0.3240208830746526,1.0,0.32945131364436725,1.0,0.2972527583806397,3.0,2723993
0.36726232551288385,1.0,0.374128739382453,2.0,0.34070842504475013,1.0,0.40754905297970506,1.0,0.3737920097868509,3.0,2715086
0.3578951773318223,1.109851331481784,0.37706211696965114,4.0,0.3882990018333256,2.0,0.36893944251574545,2.0,0.3288629881570957,6.0,2715063
0.28205550379335764,1.0,0.28958613182926196,2.0,0.2681471477049212,1.0,0.3110251180004777,1.0,0.3427109441220506,3.0,2715049
0.044441095018216414,1.0,0.05581573824341844,2.535089423061982,0.040645730211875064,1.0,0.09134776239906266,1.0,0.06215983858802757,3.0,2725587
,0.0,0.3924955223902973,2.0,0.3941692558480197,1.0,0.39082178953906155,1.0,0.32092757328861077,2.0,2715026
,0.0,0.10460591415313703,2.1191445845817114,0.0895136812657694,1.0,0.12507831172608894,1.0,0.1260128607151559,2.8081415167118187,2715023
0.1749293945474694,2.0,0.19665194999441235,8.0,0.1733721916313423,2.0,0.19399130021379124,2.0,0.15205374399611898,6.0,2715012
0.2999035615443753,1.0,0.35671856793817686,2.0,0.34961750227873983,1.0,0.36381962573721777,1.0,0.26236319541662423,2.296844003606853,2715005
,0.0,0.5702911825318613,2.0,0.5932725379820178,1.0,0.5473098273983563,1.0,0.605611805162839,3.0,2714926
,0.0,0.23717918241784308,2.0,0.2591998897250808,1.0,0.21515847488108086,1.0,0.24662810833104815,3.0,2714906
0.2648863288214954,1.0,0.2668969545016188,2.0,0.2526411815753278,1.0,0.2811527270209398,1.0,0.25870910850087775,3.0,2714899
0.1186345466189193,1.0,0.13685454850639497,2.012898047049594,0.11417961507091581,1.0,0.15970915456050175,1.0,0.08004011397233177,3.0,2714887
,0.0,0.34819537122344396,2.111062071179232,0.3454206678024605,1.0,0.34689517756557453,1.0,0.3903167191881653,3.0,2723995
0.1928808899235563,1.0,0.19979767001025733,4.0,0.1639094677017956,1.0,0.20979817433287593,1.0,0.15189200151792404,3.0,2714865
0.21951587782011409,1.0,0.23776746381091188,2.0,0.22721007180196942,1.0,0.24832485583891448,1.0,0.21733192364988763,3.0,2714864
0.3094264551948794,1.9999892822310108,0.3325843655988529,4.0,0.3364644994645311,2.0,0.32808469621676206,2.0,0.3183989117414179,6.0,2714862
,0.0,0.23128862499610175,2.249173247555885,0.22325264672682985,1.0,0.24342624045418224,1.0,0.21453952942520368,2.0990205468312344,2714764
0.46505665596634504,1.0,0.5014910316303681,3.0,0.4700878545519982,1.0,0.5062659710024299,1.0,0.5638142802254489,3.0,2714743
0.06046298530217324,0.0014909270933789675,0.07759583106071659,4.0,0.06620606394020527,2.0,0.08035131382288817,2.0,0.06487343416939997,6.0,2725589
0.2105346765248802,1.0,0.24401845100679445,4.0,0.24093851649450593,1.0,0.26321776776837885,1.0,0.16488695695452624,3.0,2714720
0.10175709599620697,0.9406638115631691,0.0926270021738413,2.0,0.07869554096417443,1.0,0.10655846300171952,1.0,0.08104796887404034,3.0,2714709
0.10520904443821444,1.0,0.16773013443516666,1.3702822934973646,,0.0,0.17856929659260765,1.0,0.12212668715240456,2.8575955623901597,2714679
0.5792237060740869,1.0,0.5630211958001902,1.5448746571410343,0.4426008697535501,0.5448746571410346,0.6110442286472414,1.0,0.5759143198111336,3.0,2714648
0.39133210306677163,0.4416555994411771,0.4228897996947296,4.0,0.4452937024969068,2.0,0.40262208095024665,2.0,0.4543013783136209,6.0,2723997
,0.0,0.2367536423219223,2.0,0.22728208273725162,1.0,0.2462252005012547,1.0,0.19193215852867662,2.8220136252535233,2714625
,0.0,0.20785757783129602,2.05628854025755,0.19746788752534528,0.8951529312555998,0.22152473647987428,1.0,0.1714383195449877,3.0,2714567
0.5638214174049246,1.8813446718044118,0.6752652680787282,4.0,0.6626391923201076,2.0,0.6859332495515452,2.0,0.3238682611814497,6.0,2714566
,0.0,0.1707792882960566,2.0,0.16225323288449778,1.0,0.17930534354005992,1.0,0.1314958534674087,2.7586032781791343,2714503
0.2933636702130381,0.3254111449843423,0.2798051127541275,2.0,0.2813735831349742,1.0,0.2782366403166803,1.0,0.17886313402677959,2.0,2714500
0.18587928132296383,1.0,0.21298568288682937,4.0,0.14436248418167605,1.0,0.2201027828817714,1.0,0.1492492435125154,3.0,2714484
0.2269546158279743,0.5457666457134567,0.2084346137680413,1.1588898022339345,,0.0,0.20733838864483206,1.0,0.15351840381675688,3.0,2714473
0.023864160941649594,1.0,0.024969738574940673,4.0,0.02541086452196858,1.0,0.07460726601115014,1.0,0.034806328479405506,3.0,2725591
,0.0,0.5939052065836522,4.0,0.6199358323548428,2.0,0.5713967303325024,2.0,0.6081041856862329,6.0,2714442
0.45938011257588435,1.0,0.4359339637369144,1.9459892805232557,0.40524857276565285,0.9459892805232558,0.4763858833038898,1.0,0.4528122944382377,3.0,2717293
,0.0,0.15992449799809427,2.0,0.14522576582038152,1.0,0.17462323044710587,1.0,0.13752424739208136,2.249646175619962,2714411
0.35926537619409177,0.09871417090811677,0.3453384204236659,3.5501384052147507,0.3108608413142815,0.5501384052147513,0.3350622577852028,1.0,0.3592085199091896,3.0,2714388
,0.0,0.24807342857851755,2.0,0.2420401762189801,1.0,0.2541066812354027,1.0,0.1970762963286622,3.0,2714378
0.36246742329964043,0.17403130632671776,0.3901990558411172,2.3195002467047297,0.38492201539171855,0.9931111480329073,0.39446324627977764,1.0,0.3832515580892213,3.0,2724000
0.22487702892411776,1.0,0.2458114845929515,1.5096422543784411,0.22109768312900363,0.5096422543784411,0.24793432305223548,1.0,0.23291420224028095,2.7044702063101203,2722305
0.3774460525450333,0.4732008323168546,0.3181354489308172,3.0,0.2888800912762747,1.0,0.3282866541609246,1.0,0.3775320046284563,3.0,2718539
0.2510927890545465,0.719096571631134,0.22503052475153967,2.0,0.22343046410090292,1.0,0.22663058683441442,1.0,0.170753784515441,2.0,2714284
0.4221814071493872,2.0,0.3912152178594597,4.0,0.400702398880604,2.0,0.3835805090810559,2.0,0.3921311322787779,6.0,2714265
0.028833148420696106,1.0,0.04276890415760406,4.0,0.039436547371813555,1.0,0.06962859223078717,1.0,0.01492562871243492,3.0,2714252
,0.0,0.6779435534752437,2.0,0.6626409912119705,1.0,0.6932461083159217,1.0,0.6393623736914925,3.0,2714245
0.2864960166666838,0.11319826418640654,0.24169025220461476,3.359844108460709,0.23853135936335154,1.0,0.24301653890354516,1.0,0.17492522931881666,3.0,2714235
0.4020159878793268,1.6940929376769267,0.4379504667586541,4.0,0.4718285326399151,2.0,0.4063715584239173,2.0,0.4303452934315902,6.0,2714220
0.1460460132771281,2.0,0.16609258414787798,8.0,0.14581050604272117,2.0,0.16921107128517263,2.0,0.1261008734140283,6.0,2714197
0.2733110769360988,0.9299253366517043,0.2940673796828157,2.2469964297883056,0.28519687640427155,1.0,0.30884620729177276,1.0,0.22509535426858876,3.0,2714154
0.38893992979087205,0.04658662827033504,0.3913730330640139,3.226293200189219,0.37716411356926177,1.0,0.3997386844080021,1.0,0.3718994298468816,3.0,2714138
0.4295326660454651,2.0,0.40624620465359534,4.0,0.41304795738766703,2.0,0.4016321212778506,2.0,0.417975458054153,6.0,2714135
,0.0,0.19217879023733647,1.6986473026379205,0.1775058019595856,0.6913536612794395,0.20308306101337714,1.0,0.16258174348606397,3.0,2714134
0.20560930697594632,1.0,0.2344935224404583,2.0,0.2329693468817763,1.0,0.2360176998221654,1.0,0.18190348711933454,3.0,2714112
0.6335845778535383,1.0,0.6238364831972589,2.0,0.6256274689535563,1.0,0.6220455058704341,1.0,0.5580211851267396,3.0,2714081
0.4448985884740162,2.0,0.41584889590850466,4.0,0.42852121960574113,2.0,0.4065011787232131,2.0,0.4523771650246452,6.0,2714066
-0.012700736426393428,0.8150226327149035,0.08865208126012597,2.0,0.07339713279921281,1.0,0.10390703021744209,1.0,0.06257535031172033,2.4130753042364352,2716489
,0.0,0.14837443736169914,2.254686723584948,0.13407194008648948,1.0,0.15818166945498344,1.0,0.11774103360660108,2.0,2714050
0.5074168130789681,1.0,0.4518226055411443,2.0,0.40771526506145467,1.0,0.49592994499540166,1.0,0.46480055941664394,3.0,2714040
0.43977491273936187,2.0,0.4140182491704044,4.0,0.42296750069400574,2.0,0.4079155269892704,2.0,0.4430570371438379,6.0,2714010
0.3923386349007865,1.0,0.3744313290636634,2.0,0.3330147546399053,1.0,0.41584790423369544,1.0,0.41095196300084263,3.0,2713971
0.22631917910824978,1.0,0.2458250032317693,4.0,0.2127581296035463,1.0,0.24580521879002762,1.0,0.18463817319689396,3.0,2713942
,0.0,0.21781399479265165,1.7408363448631907,0.15989464524617705,0.7408363448631907,0.2524945829568065,1.0,0.1897111178121434,2.439433050171305,2713915
,0.0,0.15023725615812067,3.0,0.15659072863699947,1.0,0.15276660787168803,1.0,0.13579662185367797,2.0,2713867
0.1727521784513343,1.0,0.22593497587836092,1.0429072192394728,0.19423110209860006,0.04290721923947287,0.22646426703082842,1.0,0.17223815837343662,3.0,2713864
0.48554766708498004,1.0,0.39150555504460643,1.909941221784281,0.22045971231653666,0.531679760453163,0.44853102526119387,1.0,0.37046706163800774,3.0,2713852
0.3018569288566655,0.2793489246263232,0.23111009768854074,2.0,0.23818074111607768,1.0,0.2240394559733468,1.0,0.1592598272654204,3.0,2724007
0.342533895536783,1.1599460097857264,0.37222276089242523,4.0,0.3887730345924427,2.0,0.3565467047524409,2.0,0.3883672646055621,6.0,2713835
0.3917234551177212,1.8834419548705263,0.434519017062336,4.0,0.46259371929114407,2.0,0.4093010506397737,2.0,0.46008054676083787,6.0,2724008
0.16220361724583654,2.0,0.17378197212042606,8.0,0.1656502284138239,2.0,0.17941330072925615,2.0,0.13867887044997976,6.0,2713815
0.32536857267270486,1.0,0.33091768382271647,2.0,0.32294108285806866,1.0,0.33889428875377886,1.0,0.2502985828887958,3.0,2713805
0.2603596199587679,1.0,0.2731238060747266,2.0,0.2678733430778403,1.0,0.27837427018809185,1.0,0.2625115802091295,3.0,2713777
0.29462292830868547,0.019455081649720495,0.3140108875654508,1.7351115806153443,,0.0,0.31321808389492595,1.0,0.2996729256471197,3.0,2713773
0.4188229493469341,2.0,0.4165572935198767,4.0,0.4295557905649786,2.0,0.4053746002159333,2.0,0.4091508744693364,6.0,2713753
,0.0,0.34423898702217653,2.0,0.3423238459981998,1.0,0.34615412705369514,1.0,0.3289097801455566,2.0,2713734
0.06086484966382798,0.7885822423360809,0.05631928275704219,2.0,0.045158201383479576,1.0,0.06748036423143264,1.0,0.03787882173797644,3.0,2725599
0.020069165942801195,1.0,0.03033960178283759,4.0,0.020691284290632113,1.0,0.05694122431943405,1.0,0.025102156885064487,3.0,2725600
0.16818418269982777,0.7561298281781362,0.1643146280709393,2.0,0.15851117718132818,1.0,0.17011807886778774,1.0,0.1621175740275161,3.0,2713688
0.14345050073712018,2.0,0.18720306630737452,4.0,0.1758253038333716,2.0,0.1908148279089946,2.0,0.1565493667001908,6.0,2713677
0.06937867228897221,1.0202851211297586,0.13382311161603588,4.002112610251848,0.11729395535127758,2.0,0.13805720082407444,2.0,0.1109213721751421,6.0,2713673
,0.0,0.763467288295745,2.0,0.7396558605065421,1.0,0.7872787144639489,1.0,0.40471775755474027,2.0,2713667
0.20558949786093203,0.05500401123144806,0.14307907333756686,3.0,0.14238939442097653,1.0,0.15068187356156568,1.0,0.1364309428471921,2.0,2713554
0.16426200129957647,1.0,0.1862200172361492,1.008875384799904,,0.0,0.18643392184187385,1.0,0.12160337220449814,3.0,2713545
0.4453656488001402,1.0,0.4082406800738049,2.0,0.3495189528190244,1.0,0.46696240908370934,1.0,0.4663379648514325,3.0,2713532
,0.0,0.14072543052603737,1.6029474096051646,0.09949360315332764,0.6029474096051645,0.16439122980792292,1.0,0.1310386880261799,2.2775137752274133,2722318
,0.0,0.14756408362911133,2.0,0.13502054134405128,1.0,0.16010762703550008,1.0,0.10532396685223747,2.6330044052863437,2713519
0.07337593087343554,1.0,0.04148197476526411,3.9787918417461783,0.05310907457954197,1.0,0.1250203116066001,1.0,0.09675581778996883,3.0,2725602
0.36499289398089374,0.39436004368980254,0.38306215946646655,2.0,0.380789858789338,1.0,0.3853344608319101,1.0,0.3352790484467704,2.0,2713487
0.3039189567739408,1.0,0.31863301553292833,1.0,,0.0,0.31863301553292833,1.0,0.3015106459508308,3.0,2713452
,0.0,0.1905094839765108,3.0,0.15349197262811207,1.0,0.212535400227851,1.0,0.21016955629772843,2.0,2713396
,0.0,0.310586421914873,2.0,0.29661666536236814,1.0,0.32455617788597824,1.0,0.2253404565197192,3.0,2713392
0.6243630464187786,2.0,0.5734720006873513,4.656917182434424,0.6172915639889262,2.0,0.5596221836400954,2.0,0.6168263051106755,6.0,2716523
0.18235660412617005,0.0695175701323514,0.2033572534872347,2.0,0.1898750124989395,1.0,0.2168394948504713,1.0,0.14766174806253093,3.0,2713355
0.6300999734400029,1.0,0.5947136240472893,2.0,0.6224742198592906,1.0,0.5669530277045176,1.0,0.6621817085195779,3.0,2713333
0.06343817332961596,1.0,0.10970774097564806,1.0,,0.0,0.10970774097564806,1.0,0.06729650627079783,3.0,2713316
0.29272270926616445,1.0,0.26066844980183196,1.6001213935568814,0.13876780219713045,0.5981307449757985,0.292883309780943,1.0,0.26314665670136667,3.0,2722325
0.362155976803587,1.8793594851363773,0.4089053184859205,4.0,0.4283016029775023,2.0,0.3898804240546366,2.0,0.3847624653003312,6.0,2722327
0.08818095473744986,1.0,0.10129509796699472,2.0,0.06339806998135115,1.0,0.13919212575198237,1.0,0.06792811375956892,3.0,2717320
0.025553982426171663,1.0,0.06852593057273319,1.0,,0.0,0.06852593057273319,1.0,0.03839965161977906,3.0,2713248
0.41144811883751664,1.9031609390180528,0.3888130575723505,4.0,0.39850949798824803,2.0,0.38198887255108366,2.0,0.410736363418098,6.0,2713236
,0.0,0.21039363076827097,1.7592987443733712,0.18613843551217338,0.6954005482790131,0.22624342171727133,1.0,0.17807544628664104,3.0,2713191
0.15998299543494982,1.0,0.18102264226582843,1.9843251088534108,,0.0,0.18729167122416251,1.0,0.12378193086023626,3.0,2713181
,0.0,0.27609525312478383,2.0,0.26371814388857456,1.0,0.28847235913994795,1.0,0.195233345751618,3.0,2713154
,0.0,0.4649412641287912,2.0,0.4680946399972738,1.0,0.46178788761504513,1.0,0.43597189728759755,3.0,2713135
0.5127113410898988,1.0,0.5671413307976514,2.0,0.544678801698249,1.0,0.589603873521823,1.0,0.5318835514265723,3.0,2713124
0.351578601825435,1.4041983536984817,0.4179671037714784,4.0,0.4443666448087546,2.0,0.3939404053316498,2.0,0.40624119257311686,6.0,2722332
,0.0,0.07726364303842566,2.0,0.042792962069382434,1.0,0.11173432430500636,1.0,0.08500176612158511,2.9377571138313443,2725607
0.21685474302614868,1.0,0.24794702646147898,1.4880554352533566,0.2679744246950826,0.4880554352533565,0.24529801505476226,1.0,0.18306473618103036,3.0,2713115
0.10396242445793967,1.0,0.12188361232424168,2.0,0.09158814559724644,1.0,0.15217907904171296,1.0,0.07595793094075898,3.0,2716542
,0.0,0.26717408088800654,2.0,0.25771622997574345,1.0,0.2766319356916501,1.0,0.18140311045416455,2.0,2713046
0.3602440468156307,1.0,0.37979556023936095,1.0,,0.0,0.37979556023936095,1.0,0.3452782302328426,3.0,2717325
0.3407640890106284,2.0,0.3462436657164598,4.0,0.3648325817032086,2.0,0.3345686101949412,2.0,0.32173993285671815,6.0,2725609
0.5654767904203373,1.0,0.5795004777463826,1.1272628177677426,0.4029941136281254,0.12726281776774245,0.5920868085727532,1.0,0.5676531375989456,3.0,2713004
0.3248792053819689,0.093447109966189,0.12683818584472667,2.0,0.13363319640381482,1.0,0.12004317593572006,1.0,0.12473243699227479,3.0,2713001
-0.34798588090392163,1.0,0.10302581117889607,2.0,0.1138223653617169,1.0,0.09222925704903277,1.0,0.08414792103272771,3.0,2717328
0.5906504924333452,2.0,0.6168181310591113,4.0,0.6162254693213552,2.0,0.6173406796362143,2.0,0.5754908723457822,6.0,2712972
0.24575404292171124,0.3589608425105716,0.256420233710758,3.8055533272979383,0.24668409038530312,1.0,0.26999191105199777,1.0,0.19755055783279246,3.0,2712956
,0.0,0.19899161829620365,3.0,0.1838727670081426,1.0,0.2070730980800711,1.0,0.14414304861798946,2.0,2712929
0.5765364265276186,0.7841176004856035,0.667996327855604,3.0,0.6587798702227136,1.0,0.6612761850049964,1.0,0.5961796409827487,2.0,2712896
0.24630247498468835,1.0,0.29060140431438275,2.0,0.2911180042639166,1.0,0.29008480433778694,1.0,0.20826360553298487,3.0,2712891
0.26426298478868,1.0,0.29187732914017456,1.0,,0.0,0.29187732914017456,1.0,0.27857813648807656,3.0,2716554
0.20000418916159338,1.0,0.2094221559603411,2.0,0.1987040303919747,1.0,0.22014028277259923,1.0,0.20444749221020567,3.0,2712875
0.0029987365228092227,0.8528655953203107,0.10797574690346588,2.0,0.09722313729764971,1.0,0.11872835681266126,1.0,0.11243174638637699,2.588680503387017,2716556
0.4177114882948531,1.0,0.39096012392943924,1.0,,0.0,0.39096012392943924,1.0,0.35264258240648644,3.0,2717335
0.27727121708292407,0.8974973749534266,0.2695484864504204,2.0,0.2720666816281767,1.0,0.26703029225677105,1.0,0.22019574788478302,3.0,2725613
0.5223459749414381,1.0,0.46212896068754916,2.0,0.4587853804576628,1.0,0.4654725413071563,1.0,0.5638417696011426,3.0,2724013
0.09234290213133355,1.0,0.1050282000328064,2.0,0.09102180146320642,1.0,0.11903459797987015,1.0,0.09136636760392294,3.0,2712736
0.38432360200800325,1.0,0.3705968128630181,3.0,0.3754287946987573,1.0,0.37238595006886105,1.0,0.2828588894468994,3.0,2712684
0.12687248667014078,1.0,0.14124358848988905,2.0,0.11393098233999052,1.0,0.16855619414166653,1.0,0.10987737081389015,3.0,2712672
0.3250236024163294,0.21583394562821456,0.3118857656813795,2.0,0.29162541578952417,1.0,0.33214611476409656,1.0,0.3077548542979571,3.0,2722342
0.3117699921131134,0.0010708343172195652,0.20207654299362882,2.0,0.19628324576727535,1.0,0.20786983893011005,1.0,0.13454443843801672,3.0,2724014
0.42702356812126174,2.0,0.382270550819662,4.0,0.4108860467681715,2.0,0.3570579394003343,2.0,0.36414305101465083,6.0,2712586
,0.0,0.4361944896058564,2.0,0.4328157857216793,1.0,0.43957319280855084,1.0,0.4304996063697505,3.0,2712561
,0.0,0.6085546882572415,2.0,0.6144976806655621,1.0,0.6026116981251435,1.0,0.6209550452397304,3.0,2712558
0.14348290433985833,2.0,0.14644947192161334,7.998457018900006,0.1464766683889488,2.0,0.15887730710379985,2.0,0.13621150002764895,6.0,2725615
-0.3042650026345634,1.0167002152449216,0.08963919113210478,2.1227645406601012,0.0861660233408004,1.0613822703300506,0.09326492007784878,1.0613822703300506,0.12733710106679025,3.184146810990153,2725616
0.052916568713545685,1.0,-0.16710312254668724,1.0,,0.0,-0.16710312254668724,1.0,0.09905679995638048,2.0,2712541
0.1757968940371376,0.02743835314839278,0.19851890081135404,3.0,0.19755014033581306,1.0,0.20147621841754282,1.0,0.212923981011068,2.0,2725617
0.3253338163102341,1.0,0.33500735128733594,1.0,,0.0,0.33500735128733594,1.0,0.3222553897252149,3.0,2712509
0.18515843307959803,1.0,0.1896534882012805,2.0,0.15846180502333676,1.0,0.22084517070980123,1.0,0.15489147789383595,3.0,2712502
,0.0,0.4251483307085687,3.0,0.4226992530734785,1.0,0.4166464279582128,1.0,0.3918796537062205,3.0,2712488
0.14171284526485112,0.2692420588328627,0.17859346877541324,1.1764113223114265,0.11385552097203579,0.17641132231142703,0.18246847668468386,1.0,0.2059476752298973,3.0,2712404
0.457839502004727,0.10131015098222922,0.5847302341291081,4.0,0.6186845813982259,2.0,0.5545311665121903,2.0,0.5964140194772923,6.0,2712399
0.3212297356364028,0.6043401762487651,0.3282941490437001,2.0,0.32429096238766625,1.0,0.3322973362034356,1.0,0.28251702169568627,3.0,2722349
0.016595943838650824,1.0,0.13825345435890202,1.6234844390928576,,0.0,0.1418004786684814,1.0,0.10165403590543892,2.8085215959495575,2712356
0.37992587423926083,1.0,0.41122537049079116,1.0,,0.0,0.41122537049079116,1.0,0.3301359337164227,3.0,2712332
0.08165606433868468,2.0,0.0930482332938258,8.0,0.09506918103651085,2.0,0.10698541946374915,2.0,0.07509602326932209,6.0,2712313
-0.24734466748836115,1.0,0.08940312125318177,2.0,0.1135395505321428,1.0,0.06526669220683202,1.0,0.11376377540713314,2.7491416264716206,2712306
0.0639748712088139,1.0,0.078315239637233,1.1112304643175936,0.05753373020501874,0.11123046431759384,0.08120172562822932,1.0,0.03777237585048635,3.0,2712297
0.20114380112411648,0.17224970540342152,0.24572151127261824,4.0,0.23891613788506919,2.0,0.24914284211216275,2.0,0.14933578953974655,6.0,2724017
0.2339985740376168,0.4539883190655253,0.1555294349449846,1.5917593407472599,0.18174220339736236,0.5917593407472599,0.15455904260166875,1.0,0.1461204344000933,3.0,2712266
0.46133415069123584,2.0,0.4315574648819004,4.0,0.4410500120662284,2.0,0.4243565794248865,2.0,0.4524825072552871,6.0,2712246
0.45382763207648547,1.0,0.4771685316223766,1.1864931640408605,0.17910798316737417,0.1701677413636465,0.5075694068890894,1.0,0.35970513305689905,3.0,2725620
0.09731385010971452,0.9730513994661704,0.11278005921746816,1.050983177020839,0.09714891131847424,0.05098317702083893,0.11494837368318718,1.0,0.055398923847049385,3.0,2712211
0.24206067114914254,1.0,0.24844480145306486,2.0,0.2555504904542076,1.0,0.24133911913446038,1.0,0.20713729146117793,3.0,2712207
0.5656594642347975,1.8967893064968093,0.579547548984617,3.9915934002411317,0.5912612420746647,1.9957967001205659,0.5682713493182147,1.9957967001205659,0.5967607917426995,5.987390100361698,2712197
0.33765595533306153,0.5206364116714614,0.3916789435100858,4.0,0.4198555183637752,2.0,0.36485847586473136,2.0,0.3743132689786988,6.0,2712088
0.028467505063779153,1.0,0.04612788536592352,2.189146204274797,0.027847439280028405,1.0,0.07167494609936834,1.0,0.035529994518800165,3.0,2712084
0.060722581903577155,0.35956666322329944,0.10398464447935123,2.0,0.07816273973209772,1.0,0.12980654950248213,1.0,0.08470291840015273,2.9593895129686727,2712068
0.15445619429937507,0.6113777637894406,0.14825066204421478,3.0,0.1475008509086441,1.0,0.15365994380984432,1.0,0.15833337256359978,2.0,2712051
0.4071612786317918,2.0,0.3849167757866604,4.0,0.3854294069687103,2.0,0.38431086095044886,2.0,0.41154535476315585,6.0,2712044
0.33803519246092967,1.0,0.3432391794092036,2.0,0.34815265438579607,1.0,0.3383257030131716,1.0,0.2917506250397212,3.0,2712035
0.0866520156588824,1.0,0.1328999122498424,1.0,,0.0,0.1328999122498424,1.0,0.0663129866920589,3.0,2712028
0.415743983286042,1.0,0.3890396034357517,2.0,0.35373406452719863,1.0,0.42434513702861176,1.0,0.39399750236232656,3.0,2712009
,0.0,0.19061102827753532,2.0,0.18254778293925678,1.0,0.1986742729145982,1.0,0.11627730898207177,2.249714134928314,2711997
0.38034765466077547,2.0,0.3957775493634384,4.0,0.40213564491263254,2.0,0.3923303053862176,2.0,0.35137034065111244,6.0,2711935
0.05577944979495272,1.0,0.0682069316982972,2.0,0.05697958682719312,1.0,0.07943427657029582,1.0,0.06636964703766686,3.0,2711856
0.13471532626893878,1.0,0.17271179753975502,4.0,0.11254916907972004,1.0,0.18416905687845225,1.0,0.09869174105610953,3.0,2725626
0.1454252729577378,1.0,0.1869200280947292,1.0,,0.0,0.1869200280947292,1.0,0.13195588257214033,3.0,2716618
0.6374915569831981,1.0,0.531387521036892,1.7097094931198442,0.44738840114929185,0.7097094931198449,0.5794452581491143,1.0,0.6679752131998201,3.0,2711817
0.5232890305736959,1.0,0.547497842194847,1.1525467110314822,,0.0,0.5518044695498423,1.0,0.5277825072617491,3.0,2711771
0.2318752184510231,0.005111347190763496,0.2640235811431914,2.4747840205255662,0.26353676243757784,1.0,0.2725910546738641,1.0,0.22911701144728205,2.0916835374531457,2711735
0.5360958905582579,0.027044981371904437,0.5600174620117188,1.1360946745562128,,0.0,0.5624964550847179,1.0,0.664116478783956,3.0,2725629
0.5678482974724621,1.0,0.5345583267145676,2.0,0.5391285943227213,1.0,0.5299880593062244,1.0,0.4500266538886143,3.0,2722365
0.19704202263758655,2.0,0.21024640053949425,8.0,0.19814831687404724,2.0,0.2136033649848085,2.0,0.18078769011409404,6.0,2725631
0.5008276472564137,1.0,0.5258490116905254,1.0,,0.0,0.5258490116905254,1.0,0.4802412505913516,3.0,2724019
,0.0,0.19052545036914306,2.0,0.18450724128819188,1.0,0.19654365992535935,1.0,0.15325289912910522,3.0,2711685
-0.2524433988701278,1.0,0.029938753241481725,4.0,-0.020726598372647155,1.0,0.015653189151243734,1.0,0.06766914223796727,3.0,2725632
0.2140463950308263,0.27188864179227407,0.292937973066066,2.0,0.27903774467702447,1.0,0.3068382012286626,1.0,0.20154356556307018,3.0,2711678
0.26361665459776407,0.48796933731779873,0.3202619853974944,1.3512300550004244,0.20650954099500513,0.04218730615451918,0.3303413325324205,1.0,0.24919834490514506,3.0,2722366
0.1643431251110861,2.0,0.1811789662415592,8.0,0.16100424276548184,2.0,0.1852503413569415,2.0,0.1417433082735958,6.0,2725633
0.13452959791071,0.5703628150954392,0.1340893027379307,2.865306717179077,0.11839671880549597,1.0,0.1296817492724602,1.0,0.1100392542916301,3.0,2711635
,0.0,0.31930643272736325,2.0,0.30492146447880253,1.0,0.3336913961365021,1.0,0.22356292906834654,3.0,2711632
0.10344440600970758,1.0,0.13494943067011253,1.0,,0.0,0.13494943067011253,1.0,0.10644322540281005,2.0,2725634
0.08788755743738606,1.0,0.173014684068372,1.0,,0.0,0.173014684068372,1.0,0.19053493122637097,2.0,2717367
,0.0,0.16490956862063424,2.0,0.15233858292639085,1.0,0.17748055501482668,1.0,0.1146715774568135,3.0,2711589
-0.04240786993340281,0.8557885899807579,0.09016593420416781,4.0,0.07771606889473404,2.0,0.09393900681759959,2.0,0.08678302613879398,6.0,2722373
0.1970199937112148,1.0,0.2018268031754953,4.0,0.18803267220064648,1.0,0.21684580128933337,1.0,0.1391787307652895,3.0,2711518
0.19173499960739845,1.0,0.22953973496129362,4.0,0.18412008115598885,1.0,0.22941144394724683,1.0,0.13918659120672042,3.0,2711515
0.36858264000963203,1.0,0.32972115566604804,1.3154225974769926,0.2412923134893161,0.31542259747699275,0.34339172690365455,1.0,0.33656262942897625,3.0,2711508
0.20435709909591926,1.0,0.21920669288503278,1.7220898776597895,,0.0,0.22066521341659576,1.0,0.16078307216667162,3.0,2711439
,0.0,0.1650883302891339,2.0,0.1753343316783332,1.0,0.15484232811532006,1.0,0.12102574921668403,3.0,2717370
,0.0,0.23660081155054127,2.0,0.22849426754534777,1.0,0.24470735351519518,1.0,0.19336513244127665,3.0,2711428
,0.0,0.1917908334520099,2.0,0.17738838307819457,1.0,0.20619328349915478,1.0,0.11727528055870512,2.0,2711415
0.09031784895808638,2.0,0.09339649334652031,8.0,0.09333543201228206,2.0,0.10808892295508897,2.0,0.07072308382631583,6.0,2711357
,0.0,0.3149607086006599,2.0,0.30503792336554375,1.0,0.32488349354479523,1.0,0.2284800369488089,2.0,2711346
,0.0,0.12412686698968652,2.914941001797296,0.12379405469230667,1.0,0.13344883751155798,1.0,0.10244799987134386,2.0,2722377
0.19413161006334095,1.0,0.1684887083374453,2.0,0.15297670670345562,1.0,0.18400070977984065,1.0,0.11994104884907658,3.0,2711325
0.28021256893811697,0.5827261795288958,0.3012042812438616,2.0,0.2902235370857961,1.0,0.31218502854511626,1.0,0.19307308149098917,3.0,2711313
0.4928879811870738,0.34057087727124197,0.5518211991610631,2.0,0.5653036724019712,1.0,0.5383387280706449,1.0,0.5955676090724366,3.0,2722378
0.42635000742906637,2.0,0.4011547900739627,4.0,0.40952002082868516,2.0,0.39523359628731464,2.0,0.4200673006109573,6.0,2711307
,0.0,0.10154069948608126,2.0,0.08394663045647363,1.0,0.11913476843503734,1.0,0.05889705092839423,2.9662262250399953,2722379
0.4379293445880305,0.13974905030505352,0.4284793589043877,2.0,0.417852745216571,1.0,0.4391059750234132,1.0,0.3610422896680635,3.0,2717371
0.12781328066880093,0.923066001739223,0.12179821968164038,2.0,0.11262583323918546,1.0,0.13097060458471138,1.0,0.10253925125685694,3.0,2711280
0.09024961635281092,0.5596095086987549,0.0972943017151158,2.0,0.08547843469186953,1.0,0.10911016837653417,1.0,0.08647595028974818,3.0,2711279
,0.0,0.3879785406998518,4.0,0.4082756737594153,2.0,0.36898501636068004,2.0,0.35246981774833575,6.0,2711266
0.0913637904434022,1.0,0.10038724399387312,4.0,0.10676757068915381,1.0,0.13966233467820027,1.0,0.08288287291996221,3.0,2711257
0.1447144227575212,1.0,0.14995665429516922,1.8250469742610869,,0.0,0.16656542969137889,1.0,0.10848086573615297,3.0,2711249
0.3487683868716362,0.9111265164644714,0.35456728712111646,2.0,0.34461013930044293,1.0,0.364524434982594,1.0,0.32481088862778607,3.0,2711220
,0.0,0.1309012292500689,2.0,0.12130072265774841,1.0,0.1405017371326095,1.0,0.08566759934690703,2.5094848084544257,2711217
0.20991737705397673,1.0,0.23409229264455017,1.08555011704618,,0.0,0.23581823611175742,1.0,0.1607668477165333,3.0,2711170
0.1624519268141884,1.0,0.2512091202792996,1.0027908614693841,0.15281755705173086,0.002790861469384162,0.25135597536110704,1.0,0.1656818241021011,3.0,2711157
0.6045804459916271,0.866184519294797,0.5875928007243237,2.0,0.613355885525192,1.0,0.5618297135572218,1.0,0.6615238143976643,3.0,2711142
0.36109832988380897,0.20621711449044994,0.4033813800420796,2.2938891391753016,0.38561718874307577,1.0,0.4206398689697863,1.0,0.3700564512922561,3.0,2711125
0.3198268714471635,0.0025113266707298275,0.37006284916895565,3.2098573243356374,0.354058083479371,0.9872891623770956,0.37407219275228204,1.0,0.36675229539227977,3.0,2724023
0.48303720631377656,1.9329733662664905,0.4849924804146811,4.0,0.5086771646155074,2.0,0.4638697254328948,2.0,0.47282632844297945,6.0,2711008
0.15010819611674073,1.0,0.1628369276756193,2.0,,0.0,0.1739700530472343,1.0,0.12958505805702153,3.0,2711004
,0.0,0.10725132175070644,2.0,0.09364580104637948,1.0,0.12085684227512404,1.0,0.10057461041680803,3.0,2710952
0.31745086069867273,1.0,0.37393455624013544,2.0,0.36078567832087766,1.0,0.3870834320494597,1.0,0.30096293717887124,3.0,2710874
,0.0,0.3767865916140145,2.0,,0.0,0.39170296794505916,1.0,0.3648105959423392,3.0,2710871
0.4106663560991701,2.0,0.3981572853996001,4.0,0.4255098373996856,2.0,0.3738807513627568,2.0,0.4303202104284629,6.0,2716684
0.26438362451865677,0.06863702026314762,0.2734789392001756,1.0,,0.0,0.2734789392001756,1.0,0.20254192385357547,3.0,2710817
0.2831341569996207,1.0,0.3049963964400184,4.0,0.27326213511135194,1.0,0.29158276107657394,1.0,0.22695572190567004,3.0,2716688
0.2966443910981826,1.0,0.29702774011553934,1.0242372137264946,0.13161295192421607,0.024237213726494462,0.2998767511389025,1.0,0.2841473480046946,3.0,2710778
0.1429899320852056,1.0,0.1499446710137156,2.0,0.14391491322748443,1.0,0.15597442819158058,1.0,0.13402397476426156,3.0,2710777
0.2726109432155634,0.722968066738741,0.3056506278347707,2.3271586013263836,0.29772895432959023,1.0,0.32149818491920956,1.0,0.29566987351266183,3.0,2725641
,0.0,0.24995138753839452,2.0,0.23768682844591776,1.0,0.2622159460526435,1.0,0.21848208521747267,3.0,2710745
0.4407000342097309,1.0,0.4540572848953927,2.0,0.44958846289031856,1.0,0.4585261044824233,1.0,0.48392084590411016,3.0,2710727
0.3480685109378533,0.672919590593229,0.4191405246284144,4.0,0.4454029068451279,2.0,0.39391864257318643,2.0,0.39349107517126725,6.0,2710718
0.5049680848463729,0.6245856039467126,0.562000551217514,1.0908741023241173,,0.0,0.5641760503788488,1.0,0.6640844715650371,3.0,2725642
0.10252747587622688,0.9758606404864383,0.06303433087720828,2.0,0.04975854867004568,1.0,0.07631011339062868,1.0,0.04481926964928281,3.0,2710671
,0.0,0.22283456893333417,3.0,0.2002604624402933,1.0,0.22434311410506264,1.0,0.14406971992635084,2.0,2710556
0.15159966498101343,1.0,0.15256981194079675,2.0,0.11248417517525483,1.0,0.19265544826732903,1.0,0.13172808075539283,3.0,2716709
,0.0,0.265734557123051,2.0,0.2586123914807821,1.0,0.2728567280173082,1.0,0.22172071575652463,2.8239884036516165,2710541
,0.0,0.2676805425385924,1.126230163053346,0.21107486353491056,0.1229255183934342,0.2727533986572605,1.0,0.2156067535204881,3.0,2710474
,0.0,0.2177808853515758,3.0,0.21074907250590943,1.0,0.21928228264006272,1.0,0.19310702312713168,2.0,2710447
0.28291900120107927,0.9322063743616835,0.3188267832483849,2.0,0.3136067778141473,1.0,0.32404679234603234,1.0,0.2321606423350933,2.1473851030110938,2710380
0.12507332949806513,0.46447392418672057,0.2029837168565339,2.0,0.17490262323417508,1.0,0.2310648106088776,1.0,0.15008967131527454,2.9239323459112856,2722398
0.04972433493690294,0.8701427084100158,0.10905361622600211,2.029314642072164,0.07954354790288555,1.0,0.1404277931705964,1.0,0.10330478463526309,3.0,2722399
,0.0,0.5022419036893709,1.9916725326391567,0.47924787354567316,0.9916725326391564,0.5261463123121068,1.0,0.29719650876506554,2.0,2717393
,0.0,0.256480723793693,2.0,0.25581390534517895,1.0,0.25714754571845927,1.0,0.1716831755502471,2.0,2710197
0.23196034208078334,0.015249681708869714,0.23948744345519077,2.0,0.23858896393868012,1.0,0.24038592107411683,1.0,0.1557738816652546,2.0,2710196
,0.0,0.24496437010632163,2.0,0.24152806727299553,1.0,0.24840067358570045,1.0,0.16621646726050887,2.0,2710195
0.4282050402011702,2.0,0.4190966110514383,4.0,0.42855702906597243,2.0,0.4102321173829561,2.0,0.3566000087578963,6.0,2710144
0.3941712169135879,1.4102798000569565,0.42186874496129734,4.0,0.42818404464032406,2.0,0.416554100659177,2.0,0.40303911719473845,6.0,2716721
0.18539517872540326,0.5762649016445112,0.18463403829066324,2.0,0.17790674867715664,1.0,0.19136133035979336,1.0,0.14378136502644154,3.0,2724028
0.36716170955190863,0.863176802668719,0.4208460615205556,2.0,0.4191697677313012,1.0,0.4225223568511646,1.0,0.38489988827081345,3.0,2722409
0.2660114913418264,0.19161008729388943,0.2592408550869177,2.069940187520207,0.25366192301182006,1.0,0.26424636685700753,1.0,0.26721611298143294,3.0,2709934
0.5881289193257542,1.0,0.6090508323940084,2.0,0.5939656630238573,1.0,0.6241359993658442,1.0,0.589279127325309,3.0,2709896
0.4058250386409204,1.0,0.36539412470405835,4.0,0.2303310250955959,1.0,0.3774463406616991,1.0,0.30592516842315376,3.0,2724031
0.15466967888552735,2.0,0.17055065200173522,7.838271371125801,0.16176693945617734,2.0,0.17420070443451846,2.0,0.13921218840544936,6.0,2716727
0.07937863424059263,1.0,0.09479574604942174,2.720596911553458,0.06775213002824794,1.0,0.12590333207431284,1.0,0.06196354025391575,3.0,2717405
0.07979269685866366,1.0,0.10500599282240809,1.9645298686424,0.08538270606497497,0.9598470477349463,0.12286959384716084,1.0,0.05460444524274907,3.0,2722429
0.06951024229588366,1.0,0.09215699731607907,1.887150571596415,,0.0,0.10929629926747311,1.0,0.05913814010666158,3.0,2725644
0.060495650654719166,1.0,0.0774568417983023,1.6992179181911453,,0.0,0.09319060272401808,1.0,0.04891000806426002,2.9507746610656196,2725645
0.05804882155714269,1.0,0.12049526425747241,1.0,,0.0,0.12049526425747241,1.0,0.16083609439157553,2.0,2722433
-0.32527010011451385,0.5203633528726787,0.14022587744877293,2.0,0.13275994410753647,1.0,0.14769181107080134,1.0,0.1954211034722388,2.5682594193459254,2716751
0.15062526389312794,1.0,0.1753082362020714,4.0,0.14311591207323549,1.0,0.19163845033939125,1.0,0.10589244830077374,3.0,2717419
,0.0,0.34178424539397007,2.0,0.32203886700465034,1.0,0.36152962473091865,1.0,0.3113618992959677,2.0,2715561
0.6992180490789236,1.0,0.646201451048776,1.0,,0.0,0.646201451048776,1.0,0.6633518928870141,2.0171759041297914,2725649
,0.0,0.2202280688204629,2.91108805323983,0.2001539209588837,0.9110880532398298,0.2201817440559949,1.0,0.14825981101070826,2.0,2716834
0.12966695255366545,2.0,0.14836191869650522,8.0,0.13694440744726477,2.0,0.15640573322665624,2.0,0.12371165665462207,6.0,2716851
0.18702465746893165,2.0,0.20399592931720653,8.0,0.18916258853278042,2.0,0.20505265072559956,2.0,0.1638817321121404,6.0,2716852
0.2841169335383545,1.0,0.27613845111219953,2.0,0.27193128582748943,1.0,0.28034561600377156,1.0,0.23379101648235304,3.0,2722459
0.09321062926748037,1.0,0.16075787111684384,1.0,,0.0,0.16075787111684384,1.0,0.10600478491635477,2.0,2724038
,0.0,0.3582852156421851,2.0,0.3588660485873185,1.0,0.357704381025904,1.0,0.30419109463605987,2.0,2701237
,0.0,0.4980277738506139,3.244353810859037,0.473172174620136,1.0,0.511748614436262,1.0,0.3821076388037572,3.0,2701238
0.1495610407949403,1.0,0.19094393455395903,1.1107416848301255,0.11119510495141903,0.1107416848301255,0.19367901192431225,1.0,0.13848957577165322,3.0,2701322
,0.0,0.46828772781981043,3.0,0.46825422461882077,1.0,0.44297754087001856,1.0,0.38956791559935294,3.0,2701363
,0.0,0.20519453445836536,2.0,0.1844765275897691,1.0,0.22591254404781644,1.0,0.1641819254523921,3.0,2701386
0.10209713531784868,1.0,0.12119019553430056,4.0,0.11566560552372135,1.0,0.15028094179605894,1.0,0.06999613901554091,3.0,2701410
0.3880016009044376,1.0,0.3042605315232025,2.0,0.2702644946629043,1.0,0.33825657080469895,1.0,0.3305290099623683,3.0,2725653
,0.0,0.4373878908357513,2.0,0.43464707299622135,1.0,0.4401287145653173,1.0,0.39995697035977784,3.0,2701444
0.3346338180127489,1.625993883792049,0.3645104934787045,4.0,0.3906975143561548,2.0,0.33965605845509694,2.0,0.3297571385657143,6.0,2724039
0.2554335621637294,1.0,0.26865650837873095,1.1357270852766461,0.18220625384660402,0.13572708527664593,0.2745070756323014,1.0,0.2531169612262235,3.0,2701609
0.6228109002155172,1.3548748400287316,0.5606926882610568,4.05809401373478,0.5964467611206143,1.3548748400287316,0.5643748705610181,1.3548748400287316,0.6168212594920621,4.0646245200861975,2701670
0.2278334087180885,0.7830481731670037,0.2424824391919464,2.0,0.22874638622790242,1.0,0.25621849121185625,1.0,0.17665560750952833,3.0,2724040
0.4919681078276656,1.0,0.49710541116331275,2.0,0.48897349330547607,1.0,0.5052373341185827,1.0,0.4766406765102968,3.0,2724041
0.38291114189998976,0.016402367416141046,0.36836630014499455,2.0,0.3418196263906915,1.0,0.39491297638480655,1.0,0.4218191025251391,3.0,2700794
0.17540665928937038,1.0,0.18973685781079905,4.0,0.14750920655211333,1.0,0.20673353490503824,1.0,0.14608429970810652,3.0,2717065
0.18992899696570634,1.0,0.25322349539485933,1.1013083091860392,0.13168620354624386,0.10130830918603785,0.2595467803981623,1.0,0.2005581414887194,3.0,2725654
,0.0,0.39219470459922373,2.0,0.39761317384383993,1.0,0.38677623682286955,1.0,0.3371842522871326,2.0,2700381
0.4649553004323768,2.0,0.4404313209498244,4.0,0.4544300734135445,2.0,0.42729079301870093,2.0,0.4438629945218362,6.0,2725655
,0.0,0.31052909142378127,3.0,0.29557168740091466,1.0,0.309634978360657,1.0,0.22868420944755735,2.0,2700333
0.1567618269559341,1.0,0.12851855585093325,2.956612852081122,0.1176989033440929,1.0,0.1456163996262824,1.0,0.1649359466840509,3.0,2717075
0.2064538802042162,2.0,0.22020454261613182,8.0,0.2050781002544524,2.0,0.22242263695401557,2.0,0.18483892443285568,6.0,2700174
,0.0,0.3548149361472613,2.0,0.35746284686730684,1.0,0.3521670258523952,1.0,0.29467009462531224,2.0,2700134
,0.0,0.34688746321504854,2.0,0.34313109957045285,1.0,0.35064382681873774,1.0,0.2657803557708345,2.0,2700019
,0.0,0.2505056182062651,2.0,0.24554204995661666,1.0,0.25546918691230025,1.0,0.19494516080828891,3.0,2715699
,0.0,0.47651163412835096,2.0,0.4669707833515625,1.0,0.486052488807916,1.0,0.5078701030769024,3.0,2715487
0.4671813008090782,1.0,0.5352913588756425,1.5719508107968758,0.4497627598908654,0.5719508107968756,0.5667975579337899,1.0,0.4451696248828541,3.0,2715349
0.19642513099610215,2.0,0.30034907158554774,4.0,0.29208895121230233,2.0,0.30480504564214583,2.0,0.32487812587338133,6.0,2715312
0.2769973249678292,0.2700875264446012,0.1686756194435849,1.769714190898909,0.17266170461588962,0.7697141908989092,0.172086921170247,1.0,0.1443732262212329,3.0,2715289
0.2478025640916205,0.031227887617065554,0.15269694945260368,4.0,0.12532453579773867,1.0,0.13575387690301588,1.0,0.12176988427464258,3.0,2715279
0.0633256747792434,1.9847926742683069,0.13241204240686733,4.0,0.10523879810031427,2.0,0.14239968725273985,2.0,0.12022173673890924,6.0,2724859
,0.0,0.14661301337653243,2.0,0.13547863883991812,1.0,0.1577473875826231,1.0,0.15971150897262532,3.0,2715138
0.08533704283439664,1.0,0.10499876669462907,2.524998019174392,0.08642678661035799,1.0,0.12972520764833412,1.0,0.056639796640506807,3.0,2722472
0.09899122562353181,0.035073737970984675,0.28600243904861683,1.320679072420762,0.0897263439213384,0.030699773161018937,0.29571320308658905,1.0,0.2298505794532652,3.0,2724045
0.7209894748770743,0.25279369515863415,0.6098698764611579,1.0,,0.0,0.6098698764611579,1.0,0.6446147903845996,3.0,2725660
,0.0,0.16593519292009862,3.0,0.16159976636723555,1.0,0.17156884552233487,1.0,0.14551767286845918,2.0,2714721
0.36458386015228433,1.6386481113320075,0.38965489641098555,4.0,0.4135499841034056,2.0,0.3670010935620331,2.0,0.350527840454583,6.0,2714686
0.5643896446441776,0.4314021563485126,0.725434462664418,2.0,0.6838109589122948,1.0,0.7670579693881673,1.0,0.7024102142368484,3.0,2714658
,0.0,0.2090534314082328,3.0,0.18950412913020095,1.0,0.21389166323939,1.0,0.14559008623821165,2.0,2714640
0.6269779450904641,1.0,0.6570662569727803,3.0,0.6412914844131078,1.0,0.6469003950262405,1.0,0.5687481345673969,2.0,2714595
0.17215885903104997,1.0,0.1601359047631475,4.0,0.15414749186719187,1.0,0.18079074246138768,1.0,0.12763838423994958,3.0,2714538
0.4923930658895231,0.7844445725200896,0.5562125677565544,2.0,0.5480448924314328,1.0,0.56438024246836,1.0,0.5418566734325879,3.0,2714408
0.25046144486176275,1.0,0.21327664489527487,2.0,0.19962801218493947,1.0,0.22692527995317782,1.0,0.20859498137135246,2.732223021829272,2714288
0.07710082875386537,1.0,0.08144180894917251,4.0,0.07356970753285662,1.0,0.11434607735808419,1.0,0.0427174009783528,3.0,2717450
,0.0,0.2532859864819212,3.0,0.24484418143178477,1.0,0.25363031332927044,1.0,0.21623225393991063,2.0,2714086
0.4131703071524553,0.9659510072827013,0.4325888974707129,3.0,0.4227595940326704,1.0,0.4402547448910163,1.0,0.556888377964271,3.0,2724046
,0.0,0.33323823528323965,2.0,0.33130495174151425,1.0,0.33517151822055674,1.0,0.295527736058265,3.0,2714002
0.6501678143542322,0.9330557305792219,0.6272133747018696,2.0699394570309293,0.6495323683013505,1.0349697285154646,0.6049674939019288,1.0349697285154646,0.641749734131486,3.104909185546395,2713964
-0.011311260079695807,1.0,0.0889278370393769,1.6341448544952042,,0.0,0.10966535823734488,1.0,0.06533638736678846,2.5973651206540174,2713953
0.3391364547396142,2.0,0.31584990111499867,4.0,0.3330783505860854,2.0,0.3018088539740914,2.0,0.3046241844924425,6.0,2713846
,0.0,0.26620756058580675,3.0,0.2566782899672836,1.0,0.2641233050912839,1.0,0.2255046644425822,2.0,2713826
0.1301868572753822,1.0,0.15962404930401608,1.3697624146087357,,0.0,0.17390690332910294,1.0,0.12179750139949051,2.684307690219327,2725663
0.6895743109165052,1.0,0.6452827350188166,1.0,,0.0,0.6452827350188166,1.0,0.6736439628564154,3.0,2713762
0.4475255425645636,2.0,0.4218429833192302,4.0,0.4268426166174636,2.0,0.4181982050190019,2.0,0.4502434187875162,6.0,2724047
,0.0,0.1982958650815219,2.0,0.1796935585374337,1.0,0.21689816964898428,1.0,0.17142118771266882,2.0,2713681
0.48148680078310063,0.7635756941258581,0.4678886852808519,2.0884944301325707,0.45361830025653904,1.0,0.4824323364642391,1.0,0.31777212071330796,3.0,2713672
,0.0,0.732249901857419,2.0,0.7196072978459543,1.0,0.7448925147869528,1.0,0.7112852261709011,3.0,2713656
0.30406920924128317,1.0,0.2916480745582911,2.0,0.2705913249049728,1.0,0.31270482549804757,1.0,0.2780759881251558,3.0,2713559
,0.0,0.22945027379047886,2.0,0.21115195409099044,1.0,0.24774859352123454,1.0,0.193645333506246,3.0,2724048
,0.0,0.1524383061189968,2.0,0.14326197655314915,1.0,0.16161463413853763,1.0,0.09308919636141602,3.0,2713393
0.32226811664473093,0.8058122468150063,0.36970647311981175,1.0315152938413668,0.1552120372125582,0.031515293841366754,0.3729638354934044,1.0,0.30976469649441224,3.0,2717458
0.2571245472301291,0.24849756332087683,0.2810161126204681,2.0,0.26770411406389133,1.0,0.29432810968885,1.0,0.18182472486798978,2.881706330994996,2712708
0.45380782659732455,0.34839907405285236,0.5013716512810006,2.0,0.5122578223932727,1.0,0.49048548693676713,1.0,0.5070775109405454,3.0,2712616
,0.0,0.33060077526802084,3.0,0.3416350429580943,1.0,0.3267466918542302,1.0,0.40703613160969604,3.0,2712604
0.25256169643123333,1.0,0.26610695090411585,4.0,0.24542175147170558,1.0,0.2788504059101266,1.0,0.20076727539128772,3.0,2712552
0.5566386382179385,1.0,0.5515624468319473,3.0,0.5326614053173653,1.0,0.5495401714537763,1.0,0.6427966302158638,3.0,2712444
0.2169314004381061,1.0,0.1912738789159763,1.5420290040003317,0.17587881392363752,0.5420290040003316,0.19124888679220625,1.0,0.15871478876214934,3.0,2717466
0.24238648744994856,1.0,0.2807019102326207,1.154456071962488,,0.0,0.28831424118698634,1.0,0.25359279434087345,3.0,2717115
0.09220525128681806,1.0,0.08714110725628944,4.0,0.09157826609956721,1.0,0.12870642394474005,1.0,0.08511629405304069,3.0,2712154
0.13469954876840487,1.0,0.1538161041292147,4.0,0.10632019586129172,1.0,0.16798504776714557,1.0,0.11785675247538983,3.0,2725670
0.3938907673810202,1.0,0.3417155666415301,1.8801106732962733,0.30487109176426214,0.8801106732962736,0.3685038881445399,1.0,0.2816505625592859,3.0,2717120
0.40100324639561735,1.0,0.3172081898128046,2.0,0.25998995300618105,1.0,0.3744264264584793,1.0,0.31981200811677457,3.0,2725671
0.005160063933221565,1.0,0.049965705212616625,1.0,,0.0,0.049965705212616625,1.0,0.01960703601871214,3.0,2722493
0.3676547746600488,1.0,0.3346616870491596,4.0,0.30225340796054195,1.0,0.3543959876595558,1.0,0.348932085200799,3.0,2711481
0.5723836923835027,1.0,0.581074341089898,1.3079886327754973,0.43987001494560085,0.3079886327754973,0.6060515973896946,1.0,0.5180874649530561,3.0,2711345
0.1174342233431829,1.0,0.09989493453869913,4.0,0.10741128343625948,1.0,0.13833750463862513,1.0,0.0847122888976066,3.0,2711255
0.08775301278913362,1.0,0.09995458277787832,4.0,0.09853490217770274,1.0,0.11816966963724562,1.0,0.08062016680023804,3.0,2711119
,0.0,0.519406722618689,2.0,0.5115433332609107,1.0,0.5272701078938794,1.0,0.526747649349296,3.0,2710878
,0.0,0.25128728078735424,2.9988796773470745,0.232847829036057,0.9988796773470761,0.2519497750106211,1.0,0.18393269816595903,2.0,2710838
0.22536636863063367,2.0,0.3349559543844857,4.0,0.31592001261224867,2.0,0.34815236289816043,2.0,0.31887940742354176,6.0,2710792
,0.0,0.38735051350113764,2.0,0.3909814945934877,1.0,0.3837195328571929,1.0,0.32026476657000025,2.0,2710733
-0.07823425626283866,1.0,0.11484815062275076,2.0,0.10490577625968059,1.0,0.12479052528863839,1.0,0.10085874351341231,2.0,2724052
0.02479239757477878,2.0,0.2205208841407073,4.0,0.2083663924358156,2.0,0.22802895325023836,2.0,0.26872414521215204,6.0,2710215
0.22387872267614892,2.0,0.33441104115794734,4.0,0.3283280361659751,2.0,0.3386022828556804,2.0,0.31337716180917263,6.0,2710214
0.16945490604254113,2.0,0.28128046985882116,4.0,0.2575390840888764,2.0,0.2971052575566184,2.0,0.280367173939795,6.0,2710213
0.23868119934036333,2.0,0.31469909526887485,4.0,0.3043431628334811,2.0,0.32083028444859896,2.0,0.3186756565938754,6.0,2710199
,0.0,0.4704655766208131,2.0,0.44840139902008874,1.0,0.49252975449478287,1.0,0.3929265094371315,3.0,2722504
0.6447078247893726,1.0,0.5704304137293925,2.0,0.5492480468574586,1.0,0.591612777687059,1.0,0.6347043429749344,3.0,2717163
0.6416307200147553,1.0,0.5675948471595651,1.0,,0.0,0.5675948471595651,1.0,0.6274060758145725,3.0,2722516
-0.2065285390523862,0.015745071646265974,0.07997472885477952,2.0,0.06916263399567117,1.0,0.0907868238648535,1.0,0.10948227362459077,3.0,2725676
0.057684037194519686,0.4011851892169554,0.12710406246273961,2.0949903303663917,0.10159301878219401,1.0,0.15867891179278243,1.0,0.12197787340477857,3.0,2725677
0.05211925312987453,1.0,0.10687021385448955,2.0,0.07825021955984492,1.0,0.1354902081868551,1.0,0.11356540312515699,2.996897679055855,2722520
,0.0,0.15357146974679292,2.0,0.1416399614541161,1.0,0.16550297819879847,1.0,0.17235954032715922,2.5892292303117146,2718169
,0.0,0.1188285129356795,2.007358704171384,0.0925962150287367,1.0,0.1453803047582574,1.0,0.1593192017436946,2.64020726291039,2718452
,0.0,0.08779316887803516,2.0,0.07464572681928469,1.0,0.10094061076605701,1.0,0.08561897283139659,3.0,2718453
0.3856621915754946,0.29183024864460644,0.44035208867094994,2.0,0.42824494661538703,1.0,0.4524592270882782,1.0,0.2850856163313866,3.0,2718960
0.3662195224511069,1.9992580570368652,0.4079047681739152,4.0,0.41767239037105686,2.0,0.39910967673112213,2.0,0.39888445238709985,6.0,2718667
0.3687090145183879,1.974739445327681,0.43874865965301874,4.0,0.4576527178638473,2.0,0.4203091255453151,2.0,0.44003711738491247,6.0,2718668
0.3003332491433124,0.9193259767372501,0.3777855021755194,4.0,0.39094275496333447,2.0,0.3663201469415839,2.0,0.3424924568181745,6.0,2718669
0.2664961516857147,0.005815026767583534,0.38559838853816353,4.0,0.40725473751353003,2.0,0.36541104646809147,2.0,0.4109877546843797,6.0,2718670
0.3223128773996421,0.35534988080213153,0.41465219900862493,4.0,0.444514390059052,2.0,0.38563876418633747,2.0,0.3619105821104564,6.0,2718671
0.6225156478739516,0.8802081696891451,0.615966079548374,2.0,0.6146100604666501,1.0,0.6173220984956426,1.0,0.6597636138410777,3.0,2722534
0.3617736541717775,2.0,0.36564404711117626,4.0,0.3794671071319645,2.0,0.3517762271522883,2.0,0.38569570816868287,6.0,2718602
0.3761748491535727,1.3724619703597312,0.43794760065032967,4.0,0.46423548826966166,2.0,0.41512918560274686,2.0,0.4237408876074678,6.0,2724057
0.6522468911222322,2.0,0.5728107377286858,7.814472414700465,0.6515001691241985,2.0,0.6598853750021226,2.0,0.6712961035489555,6.0,2722535
0.6441193698789486,2.0,0.6036167074439661,6.950242445079374,0.6550234478340176,2.0,0.6505165414624531,2.0,0.6646877506475762,6.0,2722536
0.4213136498871092,0.7338614512285315,0.4439376829839967,4.0,0.47277245055094597,2.0,0.419920406283731,2.0,0.4762385662947865,6.0,2722537
0.5984613060098083,1.737032588525382,0.5993998122320496,4.106621291847784,0.6360609416481942,2.0,0.5726970148215353,2.0,0.6314572910242595,6.0,2722538
,0.0,0.17539619498948072,1.0029889934711005,0.08298755437135696,0.002988993471100536,0.17549028611936457,1.0,0.13413682651023745,2.9820660391733957,2722542
0.18850197136630575,1.268079633450336,0.18722913139382313,4.0,0.21291636575998296,2.0,0.17566209591863052,2.0,0.2097693111000169,6.0,2722548
0.19807984614842172,1.606441114182338,0.20055356100507288,4.0,0.2216857321607289,2.0,0.19167586720765628,2.0,0.21922170814632624,6.0,2722549
0.23206819452690783,0.44240640096618367,0.18223791011375182,4.0,0.20301027030679553,2.0,0.17727770352902597,2.0,0.20462594721331345,6.0,2722550
-0.02460667457509243,1.0,0.11163994436965168,2.0,0.07376709884811135,1.0,0.14951279010461233,1.0,0.10019152335222539,2.5995879272298725,2725678
,0.0,0.4038092271261684,3.0,0.38538922100061307,1.0,0.41442319554102675,1.0,0.4856247076908598,3.0,2716470
,0.0,0.31788505373513676,3.0,0.3091262938916517,1.0,0.32815053749232387,1.0,0.3629683648122657,3.0,2718540
0.05566179811193386,0.0885446728723497,0.0941134114144,4.0,0.08021355018941474,2.0,0.0964682715974159,2.0,0.060324782597269304,6.0,2722564
,0.0,0.10649460467804041,2.0,0.10053184729062682,1.0,0.1124573618879668,1.0,0.12623738823567662,3.0,2718454
,0.0,0.22996965887759377,3.0,0.20480817453580125,1.0,0.2361131039655313,1.0,0.15825496543398196,2.0,2722574
,0.0,0.11411763341671005,2.239955467734507,0.10276534859261091,1.0,0.12845703419963364,1.0,0.0992985011115021,2.0,2722575
0.03104896232661125,1.0,0.06902063884718451,1.0,,0.0,0.06902063884718451,1.0,0.05097772983298399,2.0,2725683
0.05780295582615341,1.0,0.054921721153029075,1.0,,0.0,0.054921721153029075,1.0,0.09652436173346686,2.0422645931290004,2722605
0.13030254893210316,1.0,0.14671432486892116,1.3612215824775922,,0.0,0.16715888370114304,1.0,0.1404756963053013,2.19290526503235,2722611
0.1582453432377605,1.0,0.18463352740297592,1.0453141495332965,,0.0,0.18728762999143644,1.0,0.14610405536847534,2.022642702595353,2722612
0.016233462917710596,1.0,0.11134398166052151,3.8451516307302778,0.10296545281581336,1.0,0.14462112898987217,1.0,0.10764527995015805,3.0,2725685
0.4236955441804523,1.0,0.45753506323334825,3.9462172022112116,0.26890686722003737,0.9462172022112122,0.43243494967300844,1.0,0.32177447367851064,3.0,2722660
0.580138706961821,0.9806218493904902,0.6030834682262242,1.0,,0.0,0.6030834682262242,1.0,0.6974325074969929,3.0,2724063
0.3692949513060145,1.0,0.3205378784430977,1.0,,0.0,0.3205378784430977,1.0,0.2440265931674946,3.0,2724064
0.3352359419954352,1.0,0.3112131715643714,1.0,,0.0,0.3112131715643714,1.0,0.2902090218903831,3.0,2724065
0.2947704062292239,0.9071433135262924,0.29607337483368956,1.3483739058207143,0.17423932148357776,0.3483739058207144,0.3170001445975911,1.0,0.2710860616282512,3.0,2724066
0.10581992858490374,1.0,0.13239557958416914,4.0,0.051324502662131344,1.0,0.1609047113148808,1.0,0.08069319413648822,3.0,2712658
0.1202878667390372,1.0664080104673985,0.13444582062616423,4.264330886094352,0.12284818987713515,1.0676110343824963,0.1481832840714349,1.0676110343824963,0.09694153371748124,3.202833103147489,2722727
0.14941840823137095,1.8390469114837609,0.16577748630427327,7.4024926463899074,0.14540226536699838,1.8583330806319553,0.16679883313830107,1.8892637292658518,0.12655831098840745,5.6677911877975555,2722728
0.21246917622026634,1.7265753449339867,0.21791564054458826,6.872792219784776,0.1952354133667308,1.727624899211258,0.2065866091882766,1.728773553034023,0.16690797501111718,5.186320659102068,2722729
0.13521108843189153,1.6013791856109074,0.15305554944647234,6.381965916721664,0.1305309351735174,1.5778283598889418,0.1616103138406346,1.6013791856109074,0.11623555170189159,4.804137556832721,2725688
0.20855670153311248,1.7962869066656264,0.2099258781956819,7.185147626662506,0.19350887421740726,1.7962869066656264,0.21829635476986067,1.7962869066656264,0.19411610710153135,5.388860719996878,2718033
0.5768138096587413,1.0,0.5795723850219423,1.6270435300718038,0.48243077177054694,0.6270435300718036,0.6486305143430319,1.0,0.6041274955447463,3.0,2722741
0.12062151294642746,1.0,0.07130008736440328,1.999887624666386,0.08494124905607177,0.9998876246663858,0.05766423804362865,1.0,0.13809658282885545,3.0,2700652
0.122927637798462,1.0,0.16991804961860915,1.0188349121180684,0.11437156366209454,0.018834912118068127,0.17034601343511105,1.0,0.1065622381849245,3.0,2722746
0.031071402183870812,1.0,0.05122381889172002,4.0,0.04890177889465085,1.0,0.07894645065261632,1.0,0.014717888827271257,3.0,2722767
0.6582622833978562,1.0,0.6026428509839014,1.0,,0.0,0.6026428509839014,1.0,0.6991874117117473,3.0,2722769
0.5721309726188615,0.7661261629093878,0.608606811207103,1.0,,0.0,0.608606811207103,1.0,0.6969942504767968,3.0,2724068
0.19981041699620478,1.0,0.22945800723250537,4.0,0.18747094730242247,1.0,0.2335007742461639,1.0,0.15139875209835663,3.0,2719058
0.46125117099574736,1.0,0.4448416576529291,2.0,0.4449653070240941,1.0,0.4447180074836061,1.0,0.31433759731333993,3.0,2722778
0.2599175398013306,0.0759211292741266,0.2897362700288169,2.0,0.29006836044331696,1.0,0.2894041806401808,1.0,0.2217973580359297,3.0,2718185
,0.0,0.6319943300099076,3.866200608936743,0.6370386691166123,1.0,0.6585421062769322,1.0,0.6715519393910373,3.0,2722779
,0.0,0.4426147378744145,2.0,0.4346854448648539,1.0,0.45054403060943404,1.0,0.36644626908069833,3.0,2722780
0.29324803401492217,0.8646704364342946,0.2823603406313937,2.0,0.2301682913510798,1.0,0.33455238991148367,1.0,0.2625312313410296,3.0,2722795
0.22633025686714248,1.0,0.2173640934958529,2.0,0.2095522286652821,1.0,0.22517595940710178,1.0,0.20501301068245462,3.0,2722799
0.21332608896365876,0.9606883826296656,0.20843860718886828,1.645771598735773,0.21388799669991126,0.645771598735773,0.21354885585344074,1.0,0.19868737894710328,3.0,2724070
0.18443334702022837,1.0,0.1812877841625685,1.7460181027768558,0.1650227601024235,0.7460181027768555,0.19410035881711193,1.0,0.1690639172406083,3.0,2724071
0.22556085575224827,0.9930560685528552,0.1978518683311979,1.229008150501095,0.16476037282398456,0.2290081505010956,0.2000848566531476,1.0,0.2091008947776422,3.0,2722802
0.3832893751900203,0.7937048176877209,0.396594312526948,3.9485515276238714,0.39338514332635804,1.0,0.41678663954735545,1.0,0.3895155041088915,3.0,2718218
0.44600931719586556,0.4419862543523747,0.4985531559159692,2.0,0.48919484434354293,1.0,0.5079114678170786,1.0,0.3945474477979773,3.0,2724073
0.29393450915063757,0.7477897376946389,0.3637635983974411,1.0,,0.0,0.3637635983974411,1.0,0.2769242752154601,3.0,2701084
0.027070624194341458,1.0,-0.005638598795971188,4.0,0.022451300931438472,1.0,0.06838075745408831,1.0,0.04611438992799819,3.0,2722848
0.17189979334073419,2.0,0.1921869133760376,8.0,0.1699375361283942,2.0,0.19277818098224783,2.0,0.15420368112849686,6.0,2722849
0.3493488747813132,0.9867419785047463,0.35561798600259453,2.0,0.3406791880304807,1.0,0.370556790049968,1.0,0.2883369707741849,3.0,2723663
0.35314422028515546,1.0,0.34680238327687557,2.0,0.3329514042956815,1.0,0.36065336335993387,1.0,0.3553475245687488,3.0,2722874
0.35796170841072145,1.0,0.35823919196872916,2.0,0.34006452230690626,1.0,0.37641386320411496,1.0,0.34609950533157074,3.0,2722875
-0.06586509135562539,1.9639291413724247,0.0901344526809132,4.0,0.07242748876645148,2.0,0.09700692195727101,2.0,0.09169996090895995,6.0,2711919
,0.0,0.28593462778937406,2.0,0.2885281499879674,1.0,0.28334110551605796,1.0,0.2399042422190261,3.0,2714436
0.07586057029875255,1.0,0.13599312955101736,1.0,,0.0,0.13599312955101736,1.0,0.08670984087921989,2.0,2722918
0.07715723585508313,1.0,0.12130054451466361,1.0,,0.0,0.12130054451466361,1.0,0.08192950462080428,2.0,2722919
0.1498184405185711,2.0,0.16627194432846842,8.0,0.14871920968345745,2.0,0.17038467348013095,2.0,0.13684446702758565,6.0,2724916
0.3134012020411105,1.0,0.2813742787724667,2.0,0.2558661632625163,1.0,0.3068823937623821,1.0,0.2937296600503525,3.0,2724788
0.3055551843710049,1.0,0.25135062517562445,2.0,0.20395984033288558,1.0,0.2987414110198842,1.0,0.27179912824985597,3.0,2724789
0.37443816076849884,1.0,0.31089689292267714,1.965227678506627,0.22843674859950752,0.9652276785066265,0.38931101730594075,1.0,0.3387309458377727,3.0,2724790
0.4784485101254104,1.0,0.4154924072662333,2.0433657709793067,0.37589506266709677,0.9977031400978937,0.45512492863678355,1.0,0.47075804515016306,3.0,2701607
0.22623787609929347,1.0,0.19808811673713805,2.0,0.1723802375266933,1.0,0.22379599721588742,1.0,0.2036660998239552,3.0,2724742
0.4206894438363743,1.0,0.3734387812084135,2.0,0.37584657201389243,1.0,0.3710309896244632,1.0,0.4631752818944132,3.0,2724084
0.1956015236995245,0.10121942980678288,0.2138374274700513,2.0,0.192568508957355,1.0,0.2351063475540793,1.0,0.19038311163434896,3.0,2724786
0.4167099169726411,0.2245629328296769,0.5901552225317906,2.0,0.5846528546377973,1.0,0.5956575895713613,1.0,0.5013970944634811,3.0,2724825
0.040519173195269154,0.4246440536013399,0.04021198324891512,2.0,0.027869255266647405,1.0,0.05255471166294267,1.0,0.022482404802744823,3.0,2724822
,0.0,0.07143138364722597,2.0,0.06087029406438174,1.0,0.08199247350960445,1.0,0.07033607621836391,3.0,2724827
0.10776119369866338,0.9572034611000019,0.09300986199224055,2.0,0.08180555784757888,1.0,0.104214166264237,1.0,0.0841391743737846,3.0,2724772
0.1224782123580303,1.0,0.13833864597290702,2.0,0.12634999512585174,1.0,0.15032729853279866,1.0,0.11960150222402463,3.0,2724800
0.1491670121985542,1.0,0.1668821292803456,2.0,0.15406805879944868,1.0,0.17969620020762347,1.0,0.12940716767575863,3.0,2724820
0.09895133130813234,1.0,0.08354996119619869,2.0,0.07136695317740707,1.0,0.09573297039401082,1.0,0.06351448727897673,3.0,2724821
0.5042873292258405,1.0,0.41961718737122,2.011182850149808,0.4335969695058567,1.0,0.40565889790036674,1.0,0.304721914017821,3.0,2724914
0.1706652382512664,0.8555384647801263,0.18489331376440124,2.0,0.17769967163992528,1.0,0.19208695586389607,1.0,0.09830293580082876,2.5505409932784096,2724087
,0.0,0.2055143447901017,2.0,0.19437218027566058,1.0,0.21665651091041122,1.0,0.1363417415449126,3.0,2724815
0.3877508667156295,2.0,0.3865570982281866,4.0,0.40606389291706113,2.0,0.3706050807190607,2.0,0.3862787557087462,6.0,2724872
0.06074314699884807,1.0,0.1876936030218798,2.0,0.15579514664214356,1.0,0.21959206018181066,1.0,0.13143887429249915,3.0,2724756
0.4490912696179406,1.0,0.4140318392172873,1.9576181442796303,0.3583140263051533,0.9576181442796303,0.4708277662586258,1.0,0.46178785982505055,3.0,2724774
0.014773800129267243,0.9997899674449539,0.04283858504014368,2.0,0.031067812711689284,1.0,0.054609357625940824,1.0,0.018259962773405216,3.0,2724823
0.15709273685862415,1.0,0.1662056381514598,4.0,0.15044372579350723,1.0,0.1849977183932056,1.0,0.13459360135325266,3.0,2724830
0.14047693009843407,1.0,0.14388007369264222,4.0,0.12675707336258937,1.0,0.1707107846981015,1.0,0.12858381548126932,3.0,2724911
0.04356243458847928,1.0,0.08129085132256104,1.0,,0.0,0.08129085132256104,1.0,0.06183681976002153,2.0,2724889
0.1510214472027994,1.0,0.17323170634631924,2.0,0.1684757824314769,1.0,0.17798763041834673,1.0,0.11763800208033727,3.0,2724777
,0.0,0.16068716861764634,1.8747912953426278,0.12084383561304068,0.8743967818974686,0.1902016619046127,1.0,0.13993149505800365,3.0,2724099
,0.0,0.25002869633521985,3.0,0.27146503486570644,1.0,0.2513013912397744,1.0,0.23040785314912487,3.0,2724812
0.44139593129289406,1.0,0.4547057211105975,2.174243830024123,0.44508498288258297,1.0,0.46609635415524486,1.0,0.49147900563762725,2.2436444609389485,2724100
0.48414695639168903,1.0,0.49311992840358065,2.8380880121396053,0.48918843146113944,1.0,0.5163306298562537,1.0,0.529947054169066,2.717071320182094,2724101
0.42344581885816795,1.0,0.42814210573532746,2.653057330916722,0.42141864371245175,1.0,0.4405672694223704,1.0,0.47616925426229045,2.0,2724102
0.5296021129137631,1.0099077777844017,0.5110517043116877,2.0198155555688033,0.5230758267030404,1.0099077777844017,0.49906932253568226,1.0099077777844017,0.5010275322077666,3.0297233333532043,2724862
0.35392843870372015,0.9884587482688122,0.3614496714152675,4.0,0.3596808381404693,1.0,0.3624881583484065,1.0,0.38137870554004005,3.0,2724105
0.3217977129093626,0.6350569675723048,0.33224262913311897,4.0,0.31952737632756884,1.0,0.3205549538109408,1.0,0.3142356062436917,3.0,2724106
0.47719610856396644,0.9083721873099533,0.5230268315402099,4.0,0.5459128338824705,1.0,0.5753874441304072,1.0,0.4896453861203804,3.0,2724107
0.4021193147711614,0.23831070889894426,0.5600085261600469,4.0,0.5415188325835931,1.0,0.5651195653423465,1.0,0.4967458149037091,3.0,2724108
0.46693307527291084,0.5738730450781969,0.5670631544076751,4.0,0.5598473820098518,1.0,0.5944740951719261,1.0,0.5382430192682869,3.0,2724109
0.43947551458360845,0.99066091954023,0.4281904414809985,4.0,0.47192783523136866,1.0,0.4391361373615849,1.0,0.49022874968319136,3.0,2724110
0.22851429539794926,1.0,0.2099584920259981,3.0,,0.0,0.21286897697364401,1.0,0.20836991940500516,9.003302402782712,2706910
,0.0,0.26695570241866756,2.0,0.2628967034849589,1.0,0.2710147034419497,1.0,0.2132112551797947,3.0,2724418
0.32907618805735483,0.3557298772169167,0.27109419660328005,2.853001364256479,0.26560775721977486,1.0,0.289732783556542,1.0,0.22059148912252888,3.0,2724419
0.18742576945943124,1.0,0.18224423151182648,2.0,0.1642347221542075,1.0,0.20025374027172427,1.0,0.15859790248233718,3.0,2725948
0.136417011705426,1.0,0.1496097863463545,2.0,0.14252559354896344,1.0,0.15669398131973772,1.0,0.15921047854288448,3.0,2725949
0.32756301315524916,1.0,0.32779863460154474,2.0,0.29743494067010995,1.0,0.3581623272805274,1.0,0.24791581369653531,3.0,2725950
,0.0,0.1631213692445825,2.0,0.12940073559826235,1.0,0.19684200234472662,1.0,0.21496583824815702,3.0,2726554
-0.2309170172208909,2.0,0.12233376467208862,4.0,0.09091335065984817,2.0,0.13899718125717508,2.0,0.16838810741439186,6.0,2726556
-0.14553545834472714,2.0,0.12701902745136937,4.0,0.09198784203546131,2.0,0.14800410443266002,2.0,0.18884765039449616,6.0,2726568
-0.37261027803610564,1.0,0.09030834644934616,2.0,0.10081363751784274,1.0,0.07980305576527896,1.0,0.16311773971813118,3.0,2726604
-0.24958140122142078,0.6949303222758765,0.28663052073631945,2.750288683602771,0.2654091120209606,1.0,0.30739303287892983,1.0,0.6484874392551283,2.349379330254041,2726547
-0.2688398081405175,0.9759856776661107,0.10209520416254765,2.0,0.11480699154400291,1.0,0.08938341681643999,1.0,0.09051576653019404,3.0,2726581
-0.3029295894000696,1.0,0.10281203411304696,2.0,0.12057315701400671,1.0,0.08505091156801797,1.0,0.09676353759976715,3.0,2726550
0.2967015290028878,1.0,0.4382563457969629,2.0,0.386111947413129,1.0,0.4904007417040355,1.0,0.5975415379872401,3.0,2727142
-0.23514312295462184,1.0,0.10520590459301606,2.0,0.1155394355600437,1.0,0.09487237373263929,1.0,0.1192012609749928,3.0,2726570
0.47358326407932305,0.9562406465130202,0.5249814424836613,1.2804549536067047,0.4421512792306368,0.28045495360670464,0.5301886226095437,1.0,0.3149635945803319,2.0,2725965
,0.0,0.4641747157528427,2.0,0.42501839578595274,1.0,0.5033310328672139,1.0,0.361718495625669,2.0,2725966
,0.0,0.5681186259695978,2.0,0.49576987633763847,1.0,0.6404673667963258,1.0,0.49873209757391695,2.0,2725967
-0.13350395788080419,2.0,0.2190395472470831,4.0,0.19305294080240956,2.0,0.23377711151527167,2.0,0.33541421233572377,6.0,2726539
-0.20842190483268044,2.0,0.1911428372216848,4.0,0.16973542902015745,2.0,0.20280299390357795,2.0,0.33711159022217224,6.0,2726589
0.556308342394932,1.0,0.672855142178999,2.0,0.6757560648344633,1.0,0.6699542097759724,1.0,0.726846732760598,3.0,2725976
0.5646249392380566,1.0,0.538817011148636,2.0,0.5346515547981708,1.0,0.5429824642088865,1.0,0.5531255953574661,3.0,2726486
0.521540346721123,0.9615384615384615,0.5918954733485781,2.0,0.5949234220962627,1.0,0.5888675110699538,1.0,0.5459644655070404,3.0,2726482
0.20933644075354352,1.0,0.22978781221135272,2.0,0.21257305159473036,1.0,0.24700257395076702,1.0,0.18411635636555537,3.0,2726442
0.19174211103303265,1.0,0.22627370189725401,2.0,0.21461802182141115,1.0,0.237929382805135,1.0,0.22639683410503642,3.0,2726443
0.16382188063345707,0.5561394514227119,0.17458706670268054,4.0,0.1852148197094808,2.0,0.1705189406789668,2.0,0.21685650577707039,6.0,2725982
0.4895210851645178,1.0,0.4928648885572147,2.0,0.4850940422462211,1.0,0.5006357320026769,1.0,0.3844756922589615,3.0,2726590
,0.0,0.5804185367077641,2.0,0.5706169194511007,1.0,0.5902201602630197,1.0,0.5742844912132461,3.0,2726623
0.3961266808148484,1.0,0.39739690244028997,1.0,,0.0,0.39739690244028997,1.0,0.4114951603431202,3.0,2726559
0.2616600870938995,2.0,0.27033539994544215,4.0,0.29573137771748575,2.0,0.24662172678020114,2.0,0.21216893968980138,6.0,2726576
0.2522067713253758,2.0,0.2509687805541175,4.0,0.27839357198551123,2.0,0.2262099877399504,2.0,0.2121495816380418,6.0,2726532
0.5479412886779138,2.0,0.5570963679006261,6.0,,0.0,0.5483192330369351,2.0,0.31178897935261024,17.860658052086105,2726665
0.38922352981418895,1.0,0.40517743987648513,2.0,0.39499990793477946,1.0,0.4153549721635238,1.0,0.31708220667539233,3.0,2726514
,0.0,0.29368233537664373,2.0,0.2888174651638995,1.0,0.2985471974550533,1.0,0.2371857866265177,3.0,2726507
,0.0,0.2314814036469009,2.0,0.22830658865075018,1.0,0.23465622040585812,1.0,0.24252129246091994,3.0,2726035
0.6015356048587879,1.0,0.5566345109063504,2.0,0.564223594865874,1.0,0.5490454275092495,1.0,0.5651928442217773,3.0,2726619
,0.0,0.27552356251198445,4.0,0.23655452513791636,1.0,0.2556243962854399,1.0,0.24926201354940652,3.0,2726039
,0.0,0.3404227052313453,4.0,0.29231894231866695,1.0,0.3327086430994658,1.0,0.3138722328759713,3.0,2726040
0.1985170550089178,0.8530285770888018,0.2022893113758909,2.0744886335496013,0.18910167137224826,1.0,0.21344259145536928,1.0,0.1533944128384432,3.0,2726645
0.3642317328550929,1.0,0.36710417070649004,2.0,0.3504552227184743,1.0,0.38375311933317147,1.0,0.3295236386790227,3.0,2726045
0.27158544644711513,1.0,0.26120110282013154,2.0,0.24568777067750514,1.0,0.27671443644813204,1.0,0.2321229328701615,3.0,2726592
0.5807225716502922,1.0,0.5769654828918703,2.0,0.5556674981545909,1.0,0.598263468664777,1.0,0.44588314616341584,3.0,2726555
0.2150648206769442,1.0,0.19908901503226284,1.0,,0.0,0.19908901503226284,1.0,0.12983997722120616,3.0,2726046
0.2825123372423203,1.0,0.24208040386548643,1.0,,0.0,0.24208040386548643,1.0,0.19750604659730536,3.0,2726047
0.3392686784421871,1.0,0.3769783276571193,1.0,,0.0,0.3769783276571193,1.0,0.2579380614452078,3.0,2726048
0.2112485280542459,1.0,0.2359754245943953,1.0,,0.0,0.2359754245943953,1.0,0.1659461768963845,3.0,2726049
0.19065515900448868,1.0,0.1822418110493614,1.0,,0.0,0.1822418110493614,1.0,0.28773313838389347,3.0,2726566
0.15630370940504634,2.0,0.1745782698501871,8.0,0.18259221328472658,2.0,0.2006013949327307,2.0,0.19812913168325316,6.0,2700801
0.08249359802109692,1.0,0.4043683066735382,1.835029231936448,0.31493022158469924,0.8250769848707992,0.46339995901114406,1.0,0.5969917210231358,3.0,2726662
0.10295134180690564,1.0,0.1412118810726663,1.0,,0.0,0.1412118810726663,1.0,0.08384514833903824,3.0,2726253
0.6449273110035981,1.0,0.6928890895733684,3.0,,0.0,0.6677539971584177,1.0,0.5983428849656247,4.0,2726269
0.052761208472124475,1.0,0.148357854167823,1.0,,0.0,0.148357854167823,1.0,0.1880160950774076,2.0,2726573
0.18658094010930798,1.0,0.23783275920186134,1.0,,0.0,0.23783275920186134,1.0,0.2400701283691313,2.0,2726265
0.34071547453363477,1.0,0.33131367496353203,1.5108769936035717,0.28392566287840604,0.5108769936035747,0.34337884607286584,1.0,0.2927056850504064,3.0,2726503
0.5177116728079764,0.4599459945994599,0.5634870907202914,2.0,0.5608008716969638,1.0,0.5661733054583616,1.0,0.49993739239569723,2.0,2726120
,0.0,0.49516995608213005,2.0,0.49269774619593926,1.0,0.4976421687345846,1.0,0.4402394856255416,3.0,2727190
0.503375701358247,1.197490028901325,0.5786539696521186,2.8155212287450713,0.6103348845192432,1.4077606143725356,0.546936957654382,1.4077606143725356,0.6457132542174814,4.223281843117606,2714782
0.1470241917363598,1.4652020249750497,0.16229145268652534,5.835854498317324,0.14548998351304895,1.4652020249750497,0.1742839162461071,1.4652020249750497,0.1259863328922887,4.395606074925149,2726144
