unit_id,COUNTY,ACRES,lon,lat,group,opt15,cpc_event_poly,cpc_jan_poly,daymet_event_poly,daymet_jan_poly,imerg_event_poly,imerg_jan_poly,prism_event_poly,prism_jan_poly,cpc_event,cpc_jan,daymet_event,daymet_jan,imerg_event,imerg_jan,prism_event,prism_jan
4400056,Santa Cruz,1.1747717001291642,-121.825596,36.882558,dry,0.0,79.23750667572023,151.53327037096025,112.0700011253357,209.69000244140625,67.69999848026782,191.6849961988628,109.97149848937988,193.0911934375763,79.23750667572023,151.53327037096025,112.0700011253357,209.69000244140625,67.69999848026782,191.6849961988628,109.97149848937988,193.0911934375763
4400039,Santa Cruz,1.9784949112048005,-121.70246,36.950744,dry,0.0,79.23750667572023,151.53327037096025,121.94000291824341,218.49999928474426,69.51999836880714,182.43499598558992,153.09749460220337,282.29499101638794,79.23750667572023,151.53327037096025,121.94000291824341,218.49999928474426,69.51999836880714,182.43499598558992,153.09749460220337,282.29499101638794
4400035,Santa Cruz,0.8260566718763551,-121.789214,37.007027,dry,0.0,93.41878204345704,265.14551376700405,143.0500030517578,286.07000279426575,76.09999848809093,179.06999479606748,176.05749702453613,337.0701928138733,93.41878204345704,265.14551376700405,143.0500030517578,286.07000279426575,76.09999848809093,179.06999479606748,176.05749702453613,337.0701928138733
4400031,Santa Cruz,2.096335212996828,-121.813282,36.886611,dry,0.0,79.23750667572023,151.53327037096025,110.84999990463257,204.68999910354614,67.69999848026782,191.6849961988628,109.97149848937988,193.0911934375763,79.23750667572023,151.53327037096025,110.84999990463257,204.68999910354614,67.69999848026782,191.6849961988628,109.97149848937988,193.0911934375763
4400011,Santa Cruz,2.0745258346942586,-121.810757,36.884994,dry,0.0,79.23750667572023,151.53327037096025,108.98700017929077,201.96899862289428,67.69999848026782,191.6849961988628,97.86939859390259,183.5908932685852,79.23750667572023,151.53327037096025,110.84999990463257,204.68999910354614,67.69999848026782,191.6849961988628,97.86939859390259,183.5908932685852
4400006,Santa Cruz,3.733910958486627,-121.808163,36.953073,dry,0.0,79.23750667572023,151.53327037096025,128.98000240325928,243.32999980449677,76.7449983721599,187.7149960519746,138.15709829330444,250.71009016036987,79.23750667572023,151.53327037096025,128.98000240325928,243.32999980449677,76.7449983721599,187.7149960519746,138.15709829330444,250.71009016036987
4400005,Santa Cruz,2.4051222358338857,-121.810058,36.887064,dry,0.0,79.23750667572023,151.53327037096025,110.84999990463257,204.68999910354614,67.69999848026782,191.6849961988628,97.86939859390259,183.5908932685852,79.23750667572023,151.53327037096025,110.84999990463257,204.68999910354614,67.69999848026782,191.6849961988628,97.86939859390259,183.5908932685852
4400004,Santa Cruz,2.213606540389561,-121.817612,36.880117,dry,0.0,79.23750667572023,151.53327037096025,107.05999946594238,202.0200023651123,67.69999848026782,191.6849961988628,109.97149848937988,193.0911934375763,79.23750667572023,151.53327037096025,107.05999946594238,202.0200023651123,67.69999848026782,191.6849961988628,109.97149848937988,193.0911934375763
4404078,Santa Cruz,1.143365312959088,-121.803784,36.890408,dry,0.0,79.23750667572023,151.53327037096025,106.75000071525574,197.81000089645386,67.69999848026782,191.6849961988628,97.86939859390259,183.5908932685852,79.23750667572023,151.53327037096025,106.75000071525574,197.81000089645386,67.69999848026782,191.6849961988628,97.86939859390259,183.5908932685852
4404045,Santa Cruz,1.8058301089394413,-121.81142,36.886309,dry,0.0,79.23750667572023,151.53327037096025,110.84999990463257,204.68999910354614,67.69999848026782,191.6849961988628,103.92044854164122,188.34104335308075,79.23750667572023,151.53327037096025,110.84999990463257,204.68999910354614,67.69999848026782,191.6849961988628,97.86939859390259,183.5908932685852
4405091,Santa Cruz,6.045885519061699,-121.818781,36.922842,dry,0.0,79.23750667572023,151.53327037096025,125.01999759674072,229.32999597489834,76.7449983721599,187.7149960519746,134.08640003204346,240.07619261741638,79.23750667572023,151.53327037096025,125.01999759674072,229.32999597489834,76.7449983721599,187.7149960519746,134.08640003204346,240.07619261741638
4403743,Santa Cruz,8.604928773349535,-121.797137,36.919001,dry,0.0,79.23750667572023,151.53327037096025,115.53000116348267,212.82999968528748,70.96499836947768,183.49099599886685,120.51449966430664,212.02269220352173,79.23750667572023,151.53327037096025,115.53000116348267,212.82999968528748,69.51999836880714,182.43499598558992,120.51449966430664,212.02269220352173
4403738,Santa Cruz,1.065323431843525,-121.821895,36.883378,dry,0.0,79.23750667572023,151.53327037096025,112.0700011253357,209.69000244140625,67.69999848026782,191.6849961988628,109.97149848937988,193.0911934375763,79.23750667572023,151.53327037096025,112.0700011253357,209.69000244140625,67.69999848026782,191.6849961988628,109.97149848937988,193.0911934375763
4403731,Santa Cruz,0.841192333768267,-121.826998,36.914312,dry,0.0,79.23750667572023,151.53327037096025,122.69000291824341,223.79000115394592,76.7449983721599,187.7149960519746,134.08640003204346,240.07619261741638,79.23750667572023,151.53327037096025,122.69000291824341,223.79000115394592,76.7449983721599,187.7149960519746,134.08640003204346,240.07619261741638
4403728,Santa Cruz,1.0258012467241109,-121.82917,36.916867,dry,0.0,79.23750667572023,151.53327037096025,122.69000291824341,223.79000115394592,76.7449983721599,187.7149960519746,134.08640003204346,240.07619261741638,79.23750667572023,151.53327037096025,122.69000291824341,223.79000115394592,76.7449983721599,187.7149960519746,134.08640003204346,240.07619261741638
4403726,Santa Cruz,0.8082009305459148,-121.701971,36.951819,dry,0.0,79.23750667572023,151.53327037096025,121.94000291824341,218.49999928474426,69.51999836880714,182.43499598558992,153.09749460220337,282.29499101638794,79.23750667572023,151.53327037096025,121.94000291824341,218.49999928474426,69.51999836880714,182.43499598558992,153.09749460220337,282.29499101638794
4403725,Santa Cruz,4.45275772278153,-121.684327,36.925496,dry,0.0,79.23750667572023,151.53327037096025,109.92000138759613,196.69000148773193,66.27499858662486,167.63999602384865,107.02599740028381,207.34269618988037,79.23750667572023,151.53327037096025,109.92000138759613,196.69000148773193,66.27499858662486,167.63999602384865,107.02599740028381,207.34269618988037
4404030,Santa Cruz,10.332055546948308,-121.852279,36.930425,dry,0.0,79.23750667572023,151.53327037096025,124.39999747276306,242.30999898910522,76.7449983721599,187.7149960519746,130.2170557121061,237.523860683981,79.23750667572023,151.53327037096025,124.39999747276306,242.30999898910522,76.7449983721599,187.7149960519746,127.87199854850769,235.97699284553528
4405096,Santa Cruz,1.6257873710425554,-121.826923,36.90692,dry,0.0,79.23750667572023,151.53327037096025,117.87000274658203,220.7500021457672,76.7449983721599,187.7149960519746,134.08640003204346,240.07619261741638,79.23750667572023,151.53327037096025,117.87000274658203,220.7500021457672,76.7449983721599,187.7149960519746,134.08640003204346,240.07619261741638
4403991,Santa Cruz,1.4359245503271898,-121.812029,36.889392,dry,0.0,79.23750667572023,151.53327037096025,110.84999990463257,204.68999910354614,67.69999848026782,191.6849961988628,109.97149848937988,193.0911934375763,79.23750667572023,151.53327037096025,110.84999990463257,204.68999910354614,67.69999848026782,191.6849961988628,109.97149848937988,193.0911934375763
4403956,Santa Cruz,2.8003072492588,-121.824164,36.880757,dry,0.0,79.23750667572023,151.53327037096025,112.0700011253357,209.69000244140625,67.69999848026782,191.6849961988628,109.97149848937988,193.0911934375763,79.23750667572023,151.53327037096025,112.0700011253357,209.69000244140625,67.69999848026782,191.6849961988628,109.97149848937988,193.0911934375763
4403933,Santa Cruz,1.3861742328281037,-121.815846,36.925862,dry,0.0,79.23750667572023,151.53327037096025,123.62000155448914,225.92999809980392,76.7449983721599,187.7149960519746,134.08640003204346,240.07619261741638,79.23750667572023,151.53327037096025,123.62000155448914,225.92999809980392,76.7449983721599,187.7149960519746,134.08640003204346,240.07619261741638
4403904,Santa Cruz,1.410063610428233,-121.818033,36.88056,dry,0.0,79.23750667572023,151.53327037096025,112.0700011253357,209.69000244140625,67.69999848026782,191.6849961988628,109.97149848937988,193.0911934375763,79.23750667572023,151.53327037096025,112.0700011253357,209.69000244140625,67.69999848026782,191.6849961988628,109.97149848937988,193.0911934375763
4403896,Santa Cruz,1.897697305439742,-121.822784,36.878298,dry,0.0,79.23750667572023,151.53327037096025,107.05999946594238,202.0200023651123,67.69999848026782,191.6849961988628,109.97149848937988,193.0911934375763,79.23750667572023,151.53327037096025,107.05999946594238,202.0200023651123,67.69999848026782,191.6849961988628,109.97149848937988,193.0911934375763
4403892,Santa Cruz,2.4777365070234416,-121.821795,36.879693,dry,0.0,79.23750667572023,151.53327037096025,107.05999946594238,202.0200023651123,67.69999848026782,191.6849961988628,109.97149848937988,193.0911934375763,79.23750667572023,151.53327037096025,107.05999946594238,202.0200023651123,67.69999848026782,191.6849961988628,109.97149848937988,193.0911934375763
4403887,Santa Cruz,1.747129976571347,-121.820387,36.877822,dry,0.0,79.23750667572023,151.53327037096025,107.05999946594238,202.0200023651123,67.69999848026782,191.6849961988628,109.97149848937988,193.0911934375763,79.23750667572023,151.53327037096025,107.05999946594238,202.0200023651123,67.69999848026782,191.6849961988628,109.97149848937988,193.0911934375763
4403881,Santa Cruz,1.3448818716762896,-121.822857,36.883659,dry,0.0,79.23750667572023,151.53327037096025,112.0700011253357,209.69000244140625,67.69999848026782,191.6849961988628,109.97149848937988,193.0911934375763,79.23750667572023,151.53327037096025,112.0700011253357,209.69000244140625,67.69999848026782,191.6849961988628,109.97149848937988,193.0911934375763
4404594,Santa Cruz,13.292854499047692,-121.820907,36.894608,dry,0.0,79.23750667572023,151.53327037096025,114.59941098269294,213.4635288855609,67.69999848026782,191.6849961988628,131.60398369676926,235.23950152537404,79.23750667572023,151.53327037096025,114.90999984741211,215.13999795913696,67.69999848026782,191.6849961988628,134.08640003204346,240.07619261741638
4404595,Santa Cruz,3.980121662745784,-121.845378,36.935135,dry,0.0,79.23750667572023,151.53327037096025,134.21000146865845,249.25999796390533,76.7449983721599,187.7149960519746,134.08640003204346,240.07619261741638,79.23750667572023,151.53327037096025,134.21000146865845,249.25999796390533,76.7449983721599,187.7149960519746,134.08640003204346,240.07619261741638
4403864,Santa Cruz,0.9462928866129624,-121.824874,36.882878,dry,0.0,79.23750667572023,151.53327037096025,112.0700011253357,209.69000244140625,67.69999848026782,191.6849961988628,109.97149848937988,193.0911934375763,79.23750667572023,151.53327037096025,112.0700011253357,209.69000244140625,67.69999848026782,191.6849961988628,109.97149848937988,193.0911934375763
4403853,Santa Cruz,1.5763704911080176,-121.647339,36.906441,dry,0.0,79.23750667572023,151.53327037096025,105.69000124931335,185.1400020122528,66.27499858662486,167.63999602384865,107.02599740028381,207.34269618988037,79.23750667572023,151.53327037096025,105.69000124931335,185.1400020122528,66.27499858662486,167.63999602384865,107.02599740028381,207.34269618988037
4403852,Santa Cruz,1.0178563214580614,-121.816386,36.925571,dry,0.0,79.23750667572023,151.53327037096025,123.62000155448914,225.92999809980392,76.7449983721599,187.7149960519746,134.08640003204346,240.07619261741638,79.23750667572023,151.53327037096025,123.62000155448914,225.92999809980392,76.7449983721599,187.7149960519746,134.08640003204346,240.07619261741638
4403848,Santa Cruz,2.671325406970798,-121.819352,36.87665,dry,0.0,79.23750667572023,151.53327037096025,107.05999946594238,202.0200023651123,67.69999848026782,191.6849961988628,109.97149848937988,193.0911934375763,79.23750667572023,151.53327037096025,107.05999946594238,202.0200023651123,67.69999848026782,191.6849961988628,109.97149848937988,193.0911934375763
4403840,Santa Cruz,1.1510541969604722,-121.811889,36.888385,dry,0.0,79.23750667572023,151.53327037096025,110.84999990463257,204.68999910354614,67.69999848026782,191.6849961988628,109.97149848937988,193.0911934375763,79.23750667572023,151.53327037096025,110.84999990463257,204.68999910354614,67.69999848026782,191.6849961988628,109.97149848937988,193.0911934375763
4403838,Santa Cruz,1.285922836429835,-121.821959,36.88294,dry,0.0,79.23750667572023,151.53327037096025,112.0700011253357,209.69000244140625,67.69999848026782,191.6849961988628,109.97149848937988,193.0911934375763,79.23750667572023,151.53327037096025,112.0700011253357,209.69000244140625,67.69999848026782,191.6849961988628,109.97149848937988,193.0911934375763
4403837,Santa Cruz,1.6837984120050418,-121.810588,36.882941,dry,0.0,79.23750667572023,151.53327037096025,104.64000082015991,195.6199975013733,67.69999848026782,191.6849961988628,97.86939859390259,183.5908932685852,79.23750667572023,151.53327037096025,104.64000082015991,195.6199975013733,67.69999848026782,191.6849961988628,97.86939859390259,183.5908932685852
4403812,Santa Cruz,2.311280146770014,-121.82485,36.881725,dry,0.0,79.23750667572023,151.53327037096025,112.0700011253357,209.69000244140625,67.69999848026782,191.6849961988628,109.97149848937988,193.0911934375763,79.23750667572023,151.53327037096025,112.0700011253357,209.69000244140625,67.69999848026782,191.6849961988628,109.97149848937988,193.0911934375763
4404222,Santa Cruz,6.479674483069837,-121.814891,36.886017,dry,0.0,79.23750667572023,151.53327037096025,110.84999990463257,204.68999910354614,67.69999848026782,191.6849961988628,109.97149848937988,193.0911934375763,79.23750667572023,151.53327037096025,110.84999990463257,204.68999910354614,67.69999848026782,191.6849961988628,109.97149848937988,193.0911934375763
4403806,Santa Cruz,1.0065655145087038,-121.825185,36.884355,dry,0.0,79.23750667572023,151.53327037096025,112.0700011253357,209.69000244140625,67.69999848026782,191.6849961988628,109.97149848937988,193.0911934375763,79.23750667572023,151.53327037096025,112.0700011253357,209.69000244140625,67.69999848026782,191.6849961988628,109.97149848937988,193.0911934375763
4403769,Santa Cruz,3.241280571872397,-121.711084,36.936912,dry,0.0,79.23750667572023,151.53327037096025,113.59000205993652,207.2199993133545,69.51999836880714,182.43499598558992,104.31609773635864,198.88559532165527,79.23750667572023,151.53327037096025,113.59000205993652,207.2199993133545,69.51999836880714,182.43499598558992,104.31609773635864,198.88559532165527
4403708,Santa Cruz,1.1326447355472629,-121.812975,36.888747,dry,0.0,79.23750667572023,151.53327037096025,110.84999990463257,204.68999910354614,67.69999848026782,191.6849961988628,109.97149848937988,193.0911934375763,79.23750667572023,151.53327037096025,110.84999990463257,204.68999910354614,67.69999848026782,191.6849961988628,109.97149848937988,193.0911934375763
4403688,Santa Cruz,1.56087666210703,-121.828629,36.898041,dry,0.0,79.23750667572023,151.53327037096025,114.90999984741211,215.13999795913696,67.69999848026782,191.6849961988628,134.08640003204346,240.07619261741638,79.23750667572023,151.53327037096025,114.90999984741211,215.13999795913696,67.69999848026782,191.6849961988628,134.08640003204346,240.07619261741638
4403677,Santa Cruz,1.818149337405408,-121.820519,36.881393,dry,0.0,79.23750667572023,151.53327037096025,112.0700011253357,209.69000244140625,67.69999848026782,191.6849961988628,109.97149848937988,193.0911934375763,79.23750667572023,151.53327037096025,112.0700011253357,209.69000244140625,67.69999848026782,191.6849961988628,109.97149848937988,193.0911934375763
4403659,Santa Cruz,0.3714478710729144,-121.826939,36.910284,dry,0.0,79.23750667572023,151.53327037096025,122.74000096321106,228.06000423431396,76.7449983721599,187.7149960519746,134.08640003204346,240.07619261741638,79.23750667572023,151.53327037096025,122.74000096321106,228.06000423431396,76.7449983721599,187.7149960519746,134.08640003204346,240.07619261741638
4403658,Santa Cruz,1.3609875585206883,-121.809288,36.88589,dry,0.0,79.23750667572023,151.53327037096025,110.84999990463257,204.68999910354614,67.69999848026782,191.6849961988628,97.86939859390259,183.5908932685852,79.23750667572023,151.53327037096025,110.84999990463257,204.68999910354614,67.69999848026782,191.6849961988628,97.86939859390259,183.5908932685852
4403643,Santa Cruz,0.5958893423041488,-121.825661,36.883605,dry,0.0,79.23750667572023,151.53327037096025,112.0700011253357,209.69000244140625,67.69999848026782,191.6849961988628,109.97149848937988,193.0911934375763,79.23750667572023,151.53327037096025,112.0700011253357,209.69000244140625,67.69999848026782,191.6849961988628,109.97149848937988,193.0911934375763
4403635,Santa Cruz,11.232482152539427,-121.754823,36.937287,dry,0.0,79.23750667572023,151.53327037096025,114.88000011444092,213.82999992370605,69.51999836880714,182.43499598558992,101.1646978855133,198.14249396324158,79.23750667572023,151.53327037096025,114.88000011444092,213.82999992370605,69.51999836880714,182.43499598558992,101.1646978855133,198.14249396324158
4403617,Santa Cruz,0.6788358407477599,-121.827799,36.914219,dry,0.0,79.23750667572023,151.53327037096025,122.69000291824341,223.79000115394592,76.7449983721599,187.7149960519746,134.08640003204346,240.07619261741638,79.23750667572023,151.53327037096025,122.69000291824341,223.79000115394592,76.7449983721599,187.7149960519746,134.08640003204346,240.07619261741638
4403599,Santa Cruz,3.8935299598729576,-121.818563,36.878156,dry,0.0,79.23750667572023,151.53327037096025,107.05999946594238,202.0200023651123,67.69999848026782,191.6849961988628,109.97149848937988,193.0911934375763,79.23750667572023,151.53327037096025,107.05999946594238,202.0200023651123,67.69999848026782,191.6849961988628,109.97149848937988,193.0911934375763
4405110,Santa Cruz,3.0196428508822915,-121.825896,36.908123,dry,0.0,79.23750667572023,151.53327037096025,122.74000096321106,228.06000423431396,76.7449983721599,187.7149960519746,134.08640003204346,240.07619261741638,79.23750667572023,151.53327037096025,122.74000096321106,228.06000423431396,76.7449983721599,187.7149960519746,134.08640003204346,240.07619261741638
4403572,Santa Cruz,1.2308739131965556,-121.824141,36.883732,dry,0.0,79.23750667572023,151.53327037096025,112.0700011253357,209.69000244140625,67.69999848026782,191.6849961988628,109.97149848937988,193.0911934375763,79.23750667572023,151.53327037096025,112.0700011253357,209.69000244140625,67.69999848026782,191.6849961988628,109.97149848937988,193.0911934375763
4405111,Santa Cruz,13.440922778363854,-121.753892,36.962834,dry,0.0,79.23750667572023,151.53327037096025,118.52999758720398,225.26000094413757,69.51999836880714,182.43499598558992,129.63119411468506,222.34979557991028,79.23750667572023,151.53327037096025,118.52999758720398,225.26000094413757,69.51999836880714,182.43499598558992,129.63119411468506,222.34979557991028
4403523,Santa Cruz,0.7432244695713895,-121.831403,36.916999,dry,0.0,79.23750667572023,151.53327037096025,125.30999660491943,233.42999815940857,76.7449983721599,187.7149960519746,134.08640003204346,240.07619261741638,79.23750667572023,151.53327037096025,125.30999660491943,233.42999815940857,76.7449983721599,187.7149960519746,134.08640003204346,240.07619261741638
4403518,Santa Cruz,3.050741565801012,-121.757674,36.934627,dry,0.0,79.23750667572023,151.53327037096025,114.88000011444092,213.82999992370605,69.51999836880714,182.43499598558992,101.1646978855133,198.14249396324158,79.23750667572023,151.53327037096025,114.88000011444092,213.82999992370605,69.51999836880714,182.43499598558992,101.1646978855133,198.14249396324158
4403506,Santa Cruz,1.3493903807407774,-121.811542,36.900912,dry,0.0,79.23750667572023,151.53327037096025,111.875,206.88500106334686,76.7449983721599,187.7149960519746,127.30044984817505,226.04944241046906,79.23750667572023,151.53327037096025,109.72000193595886,203.37999987602234,76.7449983721599,187.7149960519746,120.51449966430664,212.02269220352173
4403500,Santa Cruz,26.376894288535517,-121.738156,36.91584,dry,0.0,79.23750667572023,151.53327037096025,106.90000188350677,195.38000321388245,69.51999836880714,182.43499598558992,101.1646978855133,198.14249396324158,79.23750667572023,151.53327037096025,106.90000188350677,195.38000321388245,69.51999836880714,182.43499598558992,101.1646978855133,198.14249396324158
4403485,Santa Cruz,3.677692054857796,-121.829715,36.915104,dry,0.0,79.23750667572023,151.53327037096025,122.7220016670227,226.52280312538147,76.7449983721599,187.7149960519746,134.08640003204346,240.07619261741638,79.23750667572023,151.53327037096025,122.74000096321106,228.06000423431396,76.7449983721599,187.7149960519746,134.08640003204346,240.07619261741638
4403476,Santa Cruz,1.799234535686774,-121.804342,36.889496,dry,0.0,79.23750667572023,151.53327037096025,106.75000071525574,197.81000089645386,67.69999848026782,191.6849961988628,97.86939859390259,183.5908932685852,79.23750667572023,151.53327037096025,106.75000071525574,197.81000089645386,67.69999848026782,191.6849961988628,97.86939859390259,183.5908932685852
4403465,Santa Cruz,1.3648328009668087,-121.820855,36.910169,dry,0.0,79.23750667572023,151.53327037096025,120.10999941825867,218.81000065803528,76.7449983721599,187.7149960519746,134.08640003204346,240.07619261741638,79.23750667572023,151.53327037096025,120.10999941825867,218.81000065803528,76.7449983721599,187.7149960519746,134.08640003204346,240.07619261741638
4403459,Santa Cruz,2.300313863246748,-121.822496,36.919603,dry,0.0,79.23750667572023,151.53327037096025,122.69000291824341,223.79000115394592,76.7449983721599,187.7149960519746,134.08640003204346,240.07619261741638,79.23750667572023,151.53327037096025,122.69000291824341,223.79000115394592,76.7449983721599,187.7149960519746,134.08640003204346,240.07619261741638
4403454,Santa Cruz,0.9987655915767888,-121.810414,36.887753,dry,0.0,79.23750667572023,151.53327037096025,110.84999990463257,204.68999910354614,67.69999848026782,191.6849961988628,97.86939859390259,183.5908932685852,79.23750667572023,151.53327037096025,110.84999990463257,204.68999910354614,67.69999848026782,191.6849961988628,97.86939859390259,183.5908932685852
4403435,Santa Cruz,1.048334391523445,-121.82374,36.882978,dry,0.0,79.23750667572023,151.53327037096025,112.0700011253357,209.69000244140625,67.69999848026782,191.6849961988628,109.97149848937988,193.0911934375763,79.23750667572023,151.53327037096025,112.0700011253357,209.69000244140625,67.69999848026782,191.6849961988628,109.97149848937988,193.0911934375763
4404226,Santa Cruz,8.44005928920985,-121.810839,36.929495,dry,0.0,79.23750667572023,151.53327037096025,123.62000155448914,225.92999809980392,76.7449983721599,187.7149960519746,123.4649127877277,218.12127925002056,79.23750667572023,151.53327037096025,123.62000155448914,225.92999809980392,76.7449983721599,187.7149960519746,120.51449966430664,212.02269220352173
4403375,Santa Cruz,2.2638900525443044,-121.816948,36.877706,dry,0.0,79.23750667572023,151.53327037096025,107.05999946594238,202.0200023651123,67.69999848026782,191.6849961988628,109.97149848937988,193.0911934375763,79.23750667572023,151.53327037096025,107.05999946594238,202.0200023651123,67.69999848026782,191.6849961988628,109.97149848937988,193.0911934375763
4403364,Santa Cruz,1.001825381435059,-121.823602,36.884321,dry,0.0,79.23750667572023,151.53327037096025,112.0700011253357,209.69000244140625,67.69999848026782,191.6849961988628,109.97149848937988,193.0911934375763,79.23750667572023,151.53327037096025,112.0700011253357,209.69000244140625,67.69999848026782,191.6849961988628,109.97149848937988,193.0911934375763
4403363,Santa Cruz,0.7622791117644698,-121.810631,36.888214,dry,0.0,,,,,,,,,79.23750667572023,151.53327037096025,110.84999990463257,204.68999910354614,67.69999848026782,191.6849961988628,97.86939859390259,183.5908932685852
4403362,Santa Cruz,1.0810172682298984,-121.814921,36.926221,dry,0.0,79.23750667572023,151.53327037096025,123.62000155448914,225.92999809980392,76.7449983721599,187.7149960519746,134.08640003204346,240.07619261741638,79.23750667572023,151.53327037096025,123.62000155448914,225.92999809980392,76.7449983721599,187.7149960519746,134.08640003204346,240.07619261741638
4403359,Santa Cruz,3.6983208273485593,-121.82712,36.908834,dry,0.0,79.23750667572023,151.53327037096025,122.74000096321106,228.06000423431396,76.7449983721599,187.7149960519746,134.08640003204346,240.07619261741638,79.23750667572023,151.53327037096025,122.74000096321106,228.06000423431396,76.7449983721599,187.7149960519746,134.08640003204346,240.07619261741638
4403340,Santa Cruz,0.7587795191718646,-121.813214,36.888116,dry,0.0,79.23750667572023,151.53327037096025,110.84999990463257,204.68999910354614,67.69999848026782,191.6849961988628,109.97149848937988,193.0911934375763,79.23750667572023,151.53327037096025,110.84999990463257,204.68999910354614,67.69999848026782,191.6849961988628,109.97149848937988,193.0911934375763
4403328,Santa Cruz,1.2403422836819011,-121.822238,36.877441,dry,0.0,79.23750667572023,151.53327037096025,107.05999946594238,202.0200023651123,67.69999848026782,191.6849961988628,109.97149848937988,193.0911934375763,79.23750667572023,151.53327037096025,107.05999946594238,202.0200023651123,67.69999848026782,191.6849961988628,109.97149848937988,193.0911934375763
4403308,Santa Cruz,0.7176369864406582,-121.818684,36.881758,dry,0.0,79.23750667572023,151.53327037096025,112.0700011253357,209.69000244140625,67.69999848026782,191.6849961988628,109.97149848937988,193.0911934375763,79.23750667572023,151.53327037096025,112.0700011253357,209.69000244140625,67.69999848026782,191.6849961988628,109.97149848937988,193.0911934375763
4404603,Santa Cruz,8.633057445756137,-121.730097,36.957123,dry,0.0,79.23750667572023,151.53327037096025,117.99708074827991,219.81333250304064,69.51999836880714,182.43499598558992,148.6975632607937,271.0552668720484,79.23750667572023,151.53327037096025,117.75999617576599,218.7999997138977,69.51999836880714,182.43499598558992,153.09749460220337,282.29499101638794
4403299,Santa Cruz,1.3899807420075247,-121.831058,36.915757,dry,0.0,79.23750667572023,151.53327037096025,122.74000096321106,228.06000423431396,76.7449983721599,187.7149960519746,134.08640003204346,240.07619261741638,79.23750667572023,151.53327037096025,122.74000096321106,228.06000423431396,76.7449983721599,187.7149960519746,134.08640003204346,240.07619261741638
4400069,Santa Cruz,6.712496476962307,-121.752544,36.948388,dry,0.0,79.23750667572023,151.53327037096025,115.88558486629934,218.4632340038524,69.51999836880714,182.43499598558992,129.63119411468506,222.34979557991028,79.23750667572023,151.53327037096025,115.47999691963196,217.9299988746643,69.51999836880714,182.43499598558992,129.63119411468506,222.34979557991028
4400093,Santa Cruz,2.168564553297572,-121.823455,36.884884,dry,0.0,79.23750667572023,151.53327037096025,112.0700011253357,209.69000244140625,67.69999848026782,191.6849961988628,109.97149848937988,193.0911934375763,79.23750667572023,151.53327037096025,112.0700011253357,209.69000244140625,67.69999848026782,191.6849961988628,109.97149848937988,193.0911934375763
4405124,Santa Cruz,7.410775804211669,-121.815023,36.923484,dry,0.0,79.23750667572023,151.53327037096025,123.69179622332256,226.10435696519338,76.7449983721599,187.7149960519746,134.08640003204346,240.07619261741638,79.23750667572023,151.53327037096025,123.62000155448914,225.92999809980392,76.7449983721599,187.7149960519746,134.08640003204346,240.07619261741638
4400140,Santa Cruz,3.4367676155069757,-121.845296,36.933205,dry,0.0,79.23750667572023,151.53327037096025,127.95000171661377,239.2799981124699,76.7449983721599,187.7149960519746,134.08640003204346,240.07619261741638,79.23750667572023,151.53327037096025,127.95000171661377,239.2799981124699,76.7449983721599,187.7149960519746,134.08640003204346,240.07619261741638
4400153,Santa Cruz,2.1126414692553195,-121.811224,36.883952,dry,0.0,79.23750667572023,151.53327037096025,104.64000082015991,195.6199975013733,67.69999848026782,191.6849961988628,100.28981857299804,185.49095330238342,79.23750667572023,151.53327037096025,104.64000082015991,195.6199975013733,67.69999848026782,191.6849961988628,97.86939859390259,183.5908932685852
4400234,Santa Cruz,0.7006732189515611,-121.813285,36.889516,dry,0.0,79.23750667572023,151.53327037096025,110.84999990463257,204.68999910354614,67.69999848026782,191.6849961988628,109.97149848937988,193.0911934375763,79.23750667572023,151.53327037096025,110.84999990463257,204.68999910354614,67.69999848026782,191.6849961988628,109.97149848937988,193.0911934375763
4400235,Santa Cruz,2.321457786872349,-121.826716,36.908416,dry,0.0,79.23750667572023,151.53327037096025,122.74000096321106,228.06000423431396,76.7449983721599,187.7149960519746,134.08640003204346,240.07619261741638,79.23750667572023,151.53327037096025,122.74000096321106,228.06000423431396,76.7449983721599,187.7149960519746,134.08640003204346,240.07619261741638
4404235,Santa Cruz,23.429488538764627,-121.725741,36.919839,dry,0.0,79.23750667572023,151.53327037096025,107.64589766355662,195.34153926678195,69.51999836880714,182.43499598558992,104.31609773635864,198.88559532165527,79.23750667572023,151.53327037096025,107.25000023841858,194.16000056266785,69.51999836880714,182.43499598558992,104.31609773635864,198.88559532165527
4400280,Santa Cruz,15.62876578359617,-121.833226,36.897733,dry,0.0,79.23750667572023,151.53327037096025,114.47538488950485,216.35987085256824,69.20749846224984,191.02332950771478,134.08640003204346,240.07619261741638,79.23750667572023,151.53327037096025,114.90999984741211,215.13999795913696,67.69999848026782,191.6849961988628,134.08640003204346,240.07619261741638
4400290,Santa Cruz,1.394006697557764,-121.817388,36.878008,dry,0.0,79.23750667572023,151.53327037096025,107.05999946594238,202.0200023651123,67.69999848026782,191.6849961988628,109.97149848937988,193.0911934375763,79.23750667572023,151.53327037096025,107.05999946594238,202.0200023651123,67.69999848026782,191.6849961988628,109.97149848937988,193.0911934375763
4400301,Santa Cruz,4.813957954523472,-121.828674,36.912935,dry,0.0,79.23750667572023,151.53327037096025,122.69833592573802,224.50166833400723,76.7449983721599,187.7149960519746,134.08640003204346,240.07619261741638,79.23750667572023,151.53327037096025,122.69000291824341,223.79000115394592,76.7449983721599,187.7149960519746,134.08640003204346,240.07619261741638
4400302,Santa Cruz,1.45415020244702,-121.812564,36.889093,dry,0.0,79.23750667572023,151.53327037096025,110.84999990463257,204.68999910354614,67.69999848026782,191.6849961988628,109.97149848937988,193.0911934375763,79.23750667572023,151.53327037096025,110.84999990463257,204.68999910354614,67.69999848026782,191.6849961988628,109.97149848937988,193.0911934375763
4400334,Santa Cruz,1.0066055095787825,-121.825459,36.884046,dry,0.0,79.23750667572023,151.53327037096025,112.0700011253357,209.69000244140625,67.69999848026782,191.6849961988628,109.97149848937988,193.0911934375763,79.23750667572023,151.53327037096025,112.0700011253357,209.69000244140625,67.69999848026782,191.6849961988628,109.97149848937988,193.0911934375763
4400344,Santa Cruz,3.231226507736898,-121.806045,36.890386,dry,0.0,79.23750667572023,151.53327037096025,106.75000071525574,197.81000089645386,67.69999848026782,191.6849961988628,97.86939859390259,183.5908932685852,79.23750667572023,151.53327037096025,106.75000071525574,197.81000089645386,67.69999848026782,191.6849961988628,97.86939859390259,183.5908932685852
4400345,Santa Cruz,2.494855400505596,-122.221138,37.03234,dry,0.0,143.29941444396974,387.2854312002659,171.839994430542,473.21999740600586,88.85499844513834,219.46999588422477,177.3479986190796,354.27118991315365,143.29941444396974,387.2854312002659,171.839994430542,473.21999740600586,88.85499844513834,219.46999588422477,177.3479986190796,354.27118991315365
4405129,Santa Cruz,5.45057058280318,-121.75789,36.931118,dry,0.0,79.23750667572023,151.53327037096025,112.1899995803833,207.65999698638916,69.51999836880714,182.43499598558992,101.1646978855133,198.14249396324158,79.23750667572023,151.53327037096025,112.1899995803833,207.65999698638916,69.51999836880714,182.43499598558992,101.1646978855133,198.14249396324158
4400365,Santa Cruz,0.9940127118662888,-121.810933,36.889047,dry,0.0,79.23750667572023,151.53327037096025,110.84999990463257,204.68999910354614,67.69999848026782,191.6849961988628,97.86939859390259,183.5908932685852,79.23750667572023,151.53327037096025,110.84999990463257,204.68999910354614,67.69999848026782,191.6849961988628,97.86939859390259,183.5908932685852
4404105,Santa Cruz,3.899389017897336,-121.844358,36.933529,dry,0.0,79.23750667572023,151.53327037096025,127.95000171661377,239.2799981124699,76.7449983721599,187.7149960519746,134.08640003204346,240.07619261741638,79.23750667572023,151.53327037096025,127.95000171661377,239.2799981124699,76.7449983721599,187.7149960519746,134.08640003204346,240.07619261741638
4400385,Santa Cruz,0.9481436342485424,-121.827312,36.913343,dry,0.0,79.23750667572023,151.53327037096025,122.69000291824341,223.79000115394592,76.7449983721599,187.7149960519746,134.08640003204346,240.07619261741638,79.23750667572023,151.53327037096025,122.69000291824341,223.79000115394592,76.7449983721599,187.7149960519746,134.08640003204346,240.07619261741638
4400387,Santa Cruz,3.465526964261729,-121.818334,36.907824,dry,0.0,79.23750667572023,151.53327037096025,120.10999941825867,218.81000065803528,76.7449983721599,187.7149960519746,134.08640003204346,240.07619261741638,79.23750667572023,151.53327037096025,120.10999941825867,218.81000065803528,76.7449983721599,187.7149960519746,134.08640003204346,240.07619261741638
4400392,Santa Cruz,10.745099221224114,-121.811055,36.901867,dry,0.0,79.23750667572023,151.53327037096025,110.94116750558219,205.36616721550627,76.7449983721599,187.7149960519746,124.3598714351654,219.97118398745855,79.23750667572023,151.53327037096025,109.72000193595886,203.37999987602234,76.7449983721599,187.7149960519746,120.51449966430664,212.02269220352173
4400396,Santa Cruz,10.971899471365557,-121.815008,36.908203,dry,0.0,79.23750667572023,151.53327037096025,120.10999941825867,218.81000065803528,76.7449983721599,187.7149960519746,134.08640003204346,240.07619261741638,79.23750667572023,151.53327037096025,120.10999941825867,218.81000065803528,76.7449983721599,187.7149960519746,134.08640003204346,240.07619261741638
4400414,Santa Cruz,5.688987718799765,-121.644735,36.895826,dry,0.0,79.23750667572023,151.53327037096025,102.24000036716461,178.12000024318695,68.78499916661531,163.3999965954572,107.35369508266449,221.83177185058594,79.23750667572023,151.53327037096025,102.24000036716461,178.12000024318695,68.78499916661531,163.3999965954572,107.36499500274658,222.33139514923096
4400426,Santa Cruz,1.935887048457352,-121.824641,36.885168,dry,0.0,79.23750667572023,151.53327037096025,112.0700011253357,209.69000244140625,67.69999848026782,191.6849961988628,109.97149848937988,193.0911934375763,79.23750667572023,151.53327037096025,112.0700011253357,209.69000244140625,67.69999848026782,191.6849961988628,109.97149848937988,193.0911934375763
4400462,Santa Cruz,3.337588123148163,-121.821971,36.88129,dry,0.0,79.23750667572023,151.53327037096025,112.0700011253357,209.69000244140625,67.69999848026782,191.6849961988628,109.97149848937988,193.0911934375763,79.23750667572023,151.53327037096025,112.0700011253357,209.69000244140625,67.69999848026782,191.6849961988628,109.97149848937988,193.0911934375763
4400469,Santa Cruz,1.9242272208803792,-121.71983,36.94264,dry,0.0,79.23750667572023,151.53327037096025,112.34999799728394,205.8599989414215,69.51999836880714,182.43499598558992,153.09749460220337,282.29499101638794,79.23750667572023,151.53327037096025,112.34999799728394,205.8599989414215,69.51999836880714,182.43499598558992,153.09749460220337,282.29499101638794
4400475,Santa Cruz,3.160736955040021,-121.843355,36.933713,dry,0.0,79.23750667572023,151.53327037096025,127.95000171661377,239.2799981124699,76.7449983721599,187.7149960519746,134.08640003204346,240.07619261741638,79.23750667572023,151.53327037096025,127.95000171661377,239.2799981124699,76.7449983721599,187.7149960519746,134.08640003204346,240.07619261741638
4400484,Santa Cruz,1.9117175644625364,-121.828882,36.898402,dry,0.0,79.23750667572023,151.53327037096025,117.27800216674804,219.62800130844116,74.93599839378149,188.50899608135225,134.08640003204346,240.07619261741638,79.23750667572023,151.53327037096025,117.87000274658203,220.7500021457672,76.7449983721599,187.7149960519746,134.08640003204346,240.07619261741638
4400496,Santa Cruz,1.4221665880218664,-121.821648,36.878626,dry,0.0,79.23750667572023,151.53327037096025,107.05999946594238,202.0200023651123,67.69999848026782,191.6849961988628,109.97149848937988,193.0911934375763,79.23750667572023,151.53327037096025,107.05999946594238,202.0200023651123,67.69999848026782,191.6849961988628,109.97149848937988,193.0911934375763
4400497,Santa Cruz,17.868091473883382,-121.704434,36.91988,dry,0.0,79.23750667572023,151.53327037096025,109.00999987125397,193.81999814510345,69.51999836880714,182.43499598558992,104.31609773635864,198.88559532165527,79.23750667572023,151.53327037096025,109.00999987125397,193.81999814510345,69.51999836880714,182.43499598558992,104.31609773635864,198.88559532165527
4400548,Santa Cruz,2.740258310160893,-121.818093,36.878779,dry,0.0,79.23750667572023,151.53327037096025,107.05999946594238,202.0200023651123,67.69999848026782,191.6849961988628,109.97149848937988,193.0911934375763,79.23750667572023,151.53327037096025,107.05999946594238,202.0200023651123,67.69999848026782,191.6849961988628,109.97149848937988,193.0911934375763
4400549,Santa Cruz,2.8364892732614253,-121.814575,36.924273,dry,0.0,79.23750667572023,151.53327037096025,123.62000155448914,225.92999809980392,76.7449983721599,187.7149960519746,134.08640003204346,240.07619261741638,79.23750667572023,151.53327037096025,123.62000155448914,225.92999809980392,76.7449983721599,187.7149960519746,134.08640003204346,240.07619261741638
4400557,Santa Cruz,1.555683957416875,-121.820899,36.878643,dry,0.0,79.23750667572023,151.53327037096025,107.05999946594238,202.0200023651123,67.69999848026782,191.6849961988628,109.97149848937988,193.0911934375763,79.23750667572023,151.53327037096025,107.05999946594238,202.0200023651123,67.69999848026782,191.6849961988628,109.97149848937988,193.0911934375763
4400564,Santa Cruz,1.475149587562957,-121.809678,36.885457,dry,0.0,79.23750667572023,151.53327037096025,110.84999990463257,204.68999910354614,67.69999848026782,191.6849961988628,97.86939859390259,183.5908932685852,79.23750667572023,151.53327037096025,110.84999990463257,204.68999910354614,67.69999848026782,191.6849961988628,97.86939859390259,183.5908932685852
4400579,Santa Cruz,0.8150608519474478,-121.850195,36.93465,dry,0.0,79.23750667572023,151.53327037096025,127.6300003528595,249.25000524520874,76.7449983721599,187.7149960519746,134.08640003204346,240.07619261741638,79.23750667572023,151.53327037096025,127.6300003528595,249.25000524520874,76.7449983721599,187.7149960519746,134.08640003204346,240.07619261741638
4400581,Santa Cruz,12.66246438966601,-121.754191,36.937991,dry,0.0,79.23750667572023,151.53327037096025,114.88000011444092,213.82999992370605,69.51999836880714,182.43499598558992,101.1646978855133,198.14249396324158,79.23750667572023,151.53327037096025,114.88000011444092,213.82999992370605,69.51999836880714,182.43499598558992,101.1646978855133,198.14249396324158
4404616,Santa Cruz,3.0788563952704564,-121.850196,36.925718,dry,0.0,79.23750667572023,151.53327037096025,124.39999747276306,242.30999898910522,76.7449983721599,187.7149960519746,134.08640003204346,240.07619261741638,79.23750667572023,151.53327037096025,124.39999747276306,242.30999898910522,76.7449983721599,187.7149960519746,134.08640003204346,240.07619261741638
4400603,Santa Cruz,1.0316387945570955,-121.823751,36.882126,dry,0.0,79.23750667572023,151.53327037096025,112.0700011253357,209.69000244140625,67.69999848026782,191.6849961988628,109.97149848937988,193.0911934375763,79.23750667572023,151.53327037096025,112.0700011253357,209.69000244140625,67.69999848026782,191.6849961988628,109.97149848937988,193.0911934375763
4400607,Santa Cruz,0.8815815224866284,-121.815379,36.926054,dry,0.0,79.23750667572023,151.53327037096025,123.62000155448914,225.92999809980392,76.7449983721599,187.7149960519746,134.08640003204346,240.07619261741638,79.23750667572023,151.53327037096025,123.62000155448914,225.92999809980392,76.7449983721599,187.7149960519746,134.08640003204346,240.07619261741638
4400617,Santa Cruz,2.6537830929378448,-121.85029,36.935268,dry,0.0,79.23750667572023,151.53327037096025,127.6300003528595,249.25000524520874,76.7449983721599,187.7149960519746,134.08640003204346,240.07619261741638,79.23750667572023,151.53327037096025,127.6300003528595,249.25000524520874,76.7449983721599,187.7149960519746,134.08640003204346,240.07619261741638
4400642,Santa Cruz,25.39363398647975,-121.79569,36.881647,dry,0.0,79.23750667572023,151.53327037096025,104.1199996471405,192.62000036239624,65.42499778792262,177.3949949434027,97.86939859390259,183.5908932685852,79.23750667572023,151.53327037096025,104.1199996471405,192.62000036239624,65.42499778792262,177.3949949434027,97.86939859390259,183.5908932685852
4400644,Santa Cruz,5.941775522987922,-121.729542,36.962114,dry,0.0,79.23750667572023,151.53327037096025,119.23900283177693,224.70632994969688,69.51999836880714,182.43499598558992,151.53307456970214,278.2986446539561,79.23750667572023,151.53327037096025,119.29000306129456,224.909996509552,69.51999836880714,182.43499598558992,153.09749460220337,282.29499101638794
4405302,Santa Cruz,9.785825577643308,-121.866361,36.944278,dry,0.0,79.23750667572023,151.53327037096025,127.91999912261963,259.00999784469604,76.7449983721599,187.7149960519746,146.06649541854858,284.6426968574524,79.23750667572023,151.53327037096025,127.91999912261963,259.00999784469604,76.7449983721599,187.7149960519746,146.06649541854858,284.6426968574524
4405406,Santa Cruz,22.93598466102173,-121.797738,36.914461,dry,0.0,79.23750667572023,151.53327037096025,112.61983606463576,207.35852467818341,71.77040820591701,184.07958617020157,120.51449966430664,212.02269220352173,79.23750667572023,151.53327037096025,112.35999989509583,206.87000012397766,69.51999836880714,182.43499598558992,120.51449966430664,212.02269220352173
4400668,Santa Cruz,1.4933403787584676,-121.742931,36.961192,dry,0.0,79.23750667572023,151.53327037096025,117.91000294685364,223.89000153541565,69.51999836880714,182.43499598558992,129.63119411468506,222.34979557991028,79.23750667572023,151.53327037096025,117.91000294685364,223.89000153541565,69.51999836880714,182.43499598558992,129.63119411468506,222.34979557991028
4400685,Santa Cruz,2.3303595538807,-121.821022,36.880007,dry,0.0,79.23750667572023,151.53327037096025,107.89499974250793,203.29833571116131,67.69999848026782,191.6849961988628,109.97149848937988,193.0911934375763,79.23750667572023,151.53327037096025,107.05999946594238,202.0200023651123,67.69999848026782,191.6849961988628,109.97149848937988,193.0911934375763
4400692,Santa Cruz,1.567302269239325,-121.644304,36.898265,dry,0.0,79.23750667572023,151.53327037096025,103.77333409256407,181.24000102943845,67.66944335328623,165.2844407858534,107.36499500274658,222.33139514923096,79.23750667572023,151.53327037096025,102.24000036716461,178.12000024318695,68.78499916661531,163.3999965954572,107.36499500274658,222.33139514923096
4400698,Santa Cruz,0.7418783796614773,-121.830035,36.91663,dry,0.0,79.23750667572023,151.53327037096025,125.30999660491943,233.42999815940857,76.7449983721599,187.7149960519746,134.08640003204346,240.07619261741638,79.23750667572023,151.53327037096025,125.30999660491943,233.42999815940857,76.7449983721599,187.7149960519746,134.08640003204346,240.07619261741638
4400699,Santa Cruz,1.142811966045548,-121.810985,36.887418,dry,0.0,79.23750667572023,151.53327037096025,110.84999990463257,204.68999910354614,67.69999848026782,191.6849961988628,97.86939859390259,183.5908932685852,79.23750667572023,151.53327037096025,110.84999990463257,204.68999910354614,67.69999848026782,191.6849961988628,97.86939859390259,183.5908932685852
4400713,Santa Cruz,1.2955242800685849,-121.81927,36.879446,dry,0.0,79.23750667572023,151.53327037096025,107.05999946594238,202.0200023651123,67.69999848026782,191.6849961988628,109.97149848937988,193.0911934375763,79.23750667572023,151.53327037096025,107.05999946594238,202.0200023651123,67.69999848026782,191.6849961988628,109.97149848937988,193.0911934375763
4400719,Santa Cruz,1.1043711168045698,-121.812237,36.886803,dry,0.0,79.23750667572023,151.53327037096025,110.84999990463257,204.68999910354614,67.69999848026782,191.6849961988628,109.97149848937988,193.0911934375763,79.23750667572023,151.53327037096025,110.84999990463257,204.68999910354614,67.69999848026782,191.6849961988628,109.97149848937988,193.0911934375763
4400738,Santa Cruz,5.375826556944864,-121.870654,36.943939,dry,0.0,79.23750667572023,151.53327037096025,127.91999912261963,259.00999784469604,76.7449983721599,187.7149960519746,146.06649541854858,284.6426968574524,79.23750667572023,151.53327037096025,127.91999912261963,259.00999784469604,76.7449983721599,187.7149960519746,146.06649541854858,284.6426968574524
4405137,Santa Cruz,25.41879945043488,-121.686244,36.927548,dry,0.0,79.23750667572023,151.53327037096025,109.07639248389052,195.10503632681713,66.27499858662486,167.63999602384865,105.29410663762488,201.9377821011651,79.23750667572023,151.53327037096025,108.60000157356262,194.20999717712402,66.27499858662486,167.63999602384865,104.31609773635864,198.88559532165527
4400759,Santa Cruz,10.290124372270547,-121.776719,36.896165,dry,0.0,79.23750667572023,151.53327037096025,106.76000165939331,192.6499992609024,65.42499778792262,177.3949949434027,120.51449966430664,212.02269220352173,79.23750667572023,151.53327037096025,106.76000165939331,192.6499992609024,65.42499778792262,177.3949949434027,120.51449966430664,212.02269220352173
4400762,Santa Cruz,1.4526421932010742,-121.821532,36.882411,dry,0.0,79.23750667572023,151.53327037096025,112.0700011253357,209.69000244140625,67.69999848026782,191.6849961988628,109.97149848937988,193.0911934375763,79.23750667572023,151.53327037096025,112.0700011253357,209.69000244140625,67.69999848026782,191.6849961988628,109.97149848937988,193.0911934375763
4400773,Santa Cruz,4.68539577849929,-121.757066,36.936082,dry,0.0,79.23750667572023,151.53327037096025,114.88000011444092,213.82999992370605,69.51999836880714,182.43499598558992,101.1646978855133,198.14249396324158,79.23750667572023,151.53327037096025,114.88000011444092,213.82999992370605,69.51999836880714,182.43499598558992,101.1646978855133,198.14249396324158
4400774,Santa Cruz,1.6071931643726476,-121.820984,36.877564,dry,0.0,79.23750667572023,151.53327037096025,107.05999946594238,202.0200023651123,67.69999848026782,191.6849961988628,109.97149848937988,193.0911934375763,79.23750667572023,151.53327037096025,107.05999946594238,202.0200023651123,67.69999848026782,191.6849961988628,109.97149848937988,193.0911934375763
4400793,Santa Cruz,1.0548364482097798,-121.820272,36.882983,dry,0.0,79.23750667572023,151.53327037096025,112.0700011253357,209.69000244140625,67.69999848026782,191.6849961988628,109.97149848937988,193.0911934375763,79.23750667572023,151.53327037096025,112.0700011253357,209.69000244140625,67.69999848026782,191.6849961988628,109.97149848937988,193.0911934375763
4404240,Santa Cruz,37.529668224397874,-121.733504,36.911828,dry,0.0,79.23750667572023,151.53327037096025,106.31290892009832,193.20857369960572,69.51999836880714,182.43499598558992,101.18077645618088,198.1462852967029,79.23750667572023,151.53327037096025,106.90000188350677,195.38000321388245,69.51999836880714,182.43499598558992,101.1646978855133,198.14249396324158
4400796,Santa Cruz,1.8720697962347428,-121.849317,36.934836,dry,0.0,79.23750667572023,151.53327037096025,127.6300003528595,249.25000524520874,76.7449983721599,187.7149960519746,134.08640003204346,240.07619261741638,79.23750667572023,151.53327037096025,127.6300003528595,249.25000524520874,76.7449983721599,187.7149960519746,134.08640003204346,240.07619261741638
4400820,Santa Cruz,3.2152420008311595,-121.830674,36.898728,dry,0.0,79.23750667572023,151.53327037096025,117.31500220298769,219.69812636077404,75.04906089243013,188.4593710795161,134.08640003204346,240.07619261741638,79.23750667572023,151.53327037096025,117.87000274658203,220.7500021457672,76.7449983721599,187.7149960519746,134.08640003204346,240.07619261741638
4400821,Santa Cruz,0.9393606664494653,-121.822254,36.878672,dry,0.0,79.23750667572023,151.53327037096025,107.05999946594238,202.0200023651123,67.69999848026782,191.6849961988628,109.97149848937988,193.0911934375763,79.23750667572023,151.53327037096025,107.05999946594238,202.0200023651123,67.69999848026782,191.6849961988628,109.97149848937988,193.0911934375763
4400825,Santa Cruz,0.7684373761010191,-121.829384,36.91563,dry,0.0,79.23750667572023,151.53327037096025,122.69000291824341,223.79000115394592,76.7449983721599,187.7149960519746,134.08640003204346,240.07619261741638,79.23750667572023,151.53327037096025,122.69000291824341,223.79000115394592,76.7449983721599,187.7149960519746,134.08640003204346,240.07619261741638
4400838,Santa Cruz,0.5237659633051445,-121.827474,36.915985,dry,0.0,79.23750667572023,151.53327037096025,122.69000291824341,223.79000115394592,76.7449983721599,187.7149960519746,134.08640003204346,240.07619261741638,79.23750667572023,151.53327037096025,122.69000291824341,223.79000115394592,76.7449983721599,187.7149960519746,134.08640003204346,240.07619261741638
4400843,Santa Cruz,0.8121013395708824,-121.818651,36.881332,dry,0.0,79.23750667572023,151.53327037096025,112.0700011253357,209.69000244140625,67.69999848026782,191.6849961988628,109.97149848937988,193.0911934375763,79.23750667572023,151.53327037096025,112.0700011253357,209.69000244140625,67.69999848026782,191.6849961988628,109.97149848937988,193.0911934375763
4400856,Santa Cruz,1.2807766358239816,-121.820339,36.880233,dry,0.0,79.23750667572023,151.53327037096025,109.06400012969969,205.0880023956299,67.69999848026782,191.6849961988628,109.97149848937988,193.0911934375763,79.23750667572023,151.53327037096025,107.05999946594238,202.0200023651123,67.69999848026782,191.6849961988628,109.97149848937988,193.0911934375763
4404131,Santa Cruz,3.1369929239854013,-121.814555,36.887891,dry,0.0,79.23750667572023,151.53327037096025,110.84999990463257,204.68999910354614,67.69999848026782,191.6849961988628,109.97149848937988,193.0911934375763,79.23750667572023,151.53327037096025,110.84999990463257,204.68999910354614,67.69999848026782,191.6849961988628,109.97149848937988,193.0911934375763
4400862,Santa Cruz,1.1371155936477937,-121.743493,36.961225,dry,0.0,79.23750667572023,151.53327037096025,117.91000294685364,223.89000153541565,69.51999836880714,182.43499598558992,129.63119411468506,222.34979557991028,79.23750667572023,151.53327037096025,117.91000294685364,223.89000153541565,69.51999836880714,182.43499598558992,129.63119411468506,222.34979557991028
4400865,Santa Cruz,2.2704417475730096,-121.818661,36.876272,dry,0.0,79.23750667572023,151.53327037096025,107.05999946594238,202.0200023651123,67.69999848026782,191.6849961988628,109.97149848937988,193.0911934375763,79.23750667572023,151.53327037096025,107.05999946594238,202.0200023651123,67.69999848026782,191.6849961988628,109.97149848937988,193.0911934375763
4400880,Santa Cruz,1.6950301918248836,-121.804566,36.890422,dry,0.0,79.23750667572023,151.53327037096025,106.75000071525574,197.81000089645386,67.69999848026782,191.6849961988628,97.86939859390259,183.5908932685852,79.23750667572023,151.53327037096025,106.75000071525574,197.81000089645386,67.69999848026782,191.6849961988628,97.86939859390259,183.5908932685852
4405407,Santa Cruz,14.346041959017642,-121.725497,36.931484,dry,0.0,79.23750667572023,151.53327037096025,112.16233647024477,205.83350514436697,69.51999836880714,182.43499598558992,104.31609773635864,198.88559532165527,79.23750667572023,151.53327037096025,112.34999799728394,205.8599989414215,69.51999836880714,182.43499598558992,104.31609773635864,198.88559532165527
4400894,Santa Cruz,3.64672332872667,-121.827538,36.909411,dry,0.0,79.23750667572023,151.53327037096025,122.74000096321106,228.06000423431396,76.7449983721599,187.7149960519746,134.08640003204346,240.07619261741638,79.23750667572023,151.53327037096025,122.74000096321106,228.06000423431396,76.7449983721599,187.7149960519746,134.08640003204346,240.07619261741638
4400917,Santa Cruz,2.008416703318698,-121.812549,36.886004,dry,0.0,79.23750667572023,151.53327037096025,110.84999990463257,204.68999910354614,67.69999848026782,191.6849961988628,109.97149848937988,193.0911934375763,79.23750667572023,151.53327037096025,110.84999990463257,204.68999910354614,67.69999848026782,191.6849961988628,109.97149848937988,193.0911934375763
4405143,Santa Cruz,5.902426139133166,-121.813319,36.882308,dry,0.0,79.23750667572023,151.53327037096025,104.64000082015991,195.6199975013733,67.69999848026782,191.6849961988628,109.97149848937988,193.0911934375763,79.23750667572023,151.53327037096025,104.64000082015991,195.6199975013733,67.69999848026782,191.6849961988628,109.97149848937988,193.0911934375763
4400934,Santa Cruz,1.1524815311159675,-121.827471,36.914779,dry,0.0,79.23750667572023,151.53327037096025,122.69000291824341,223.79000115394592,76.7449983721599,187.7149960519746,134.08640003204346,240.07619261741638,79.23750667572023,151.53327037096025,122.69000291824341,223.79000115394592,76.7449983721599,187.7149960519746,134.08640003204346,240.07619261741638
4400967,Santa Cruz,0.3331060094608837,-121.829541,36.916379,dry,0.0,,,,,,,,,79.23750667572023,151.53327037096025,125.30999660491943,233.42999815940857,76.7449983721599,187.7149960519746,134.08640003204346,240.07619261741638
4400977,Santa Cruz,1.6251476209469935,-121.828454,36.897689,dry,0.0,79.23750667572023,151.53327037096025,114.90999984741211,215.13999795913696,67.69999848026782,191.6849961988628,134.08640003204346,240.07619261741638,79.23750667572023,151.53327037096025,114.90999984741211,215.13999795913696,67.69999848026782,191.6849961988628,134.08640003204346,240.07619261741638
4404463,Santa Cruz,1.0173679163470672,-121.759011,36.977315,dry,0.0,79.23750667572023,151.53327037096025,122.37999749183655,239.3499998152256,69.51999836880714,182.43499598558992,129.63119411468506,222.34979557991028,79.23750667572023,151.53327037096025,122.37999749183655,239.3499998152256,69.51999836880714,182.43499598558992,129.63119411468506,222.34979557991028
4404313,Santa Cruz,14.92737526539832,-121.759517,36.930081,dry,0.0,79.23750667572023,151.53327037096025,112.53297205229062,208.15256556304726,69.51999836880714,182.43499598558992,101.1646978855133,198.14249396324158,79.23750667572023,151.53327037096025,112.1899995803833,207.65999698638916,69.51999836880714,182.43499598558992,101.1646978855133,198.14249396324158
4401013,Santa Cruz,1.9512490428192824,-121.824452,36.884363,dry,0.0,79.23750667572023,151.53327037096025,112.0700011253357,209.69000244140625,67.69999848026782,191.6849961988628,109.97149848937988,193.0911934375763,79.23750667572023,151.53327037096025,112.0700011253357,209.69000244140625,67.69999848026782,191.6849961988628,109.97149848937988,193.0911934375763
4401027,Santa Cruz,23.9600406082283,-121.728361,36.961058,dry,0.0,79.23750667572023,151.53327037096025,118.48146283723476,221.68113641428755,69.51999836880714,182.43499598558992,153.09749460220337,282.29499101638794,79.23750667572023,151.53327037096025,117.75999617576599,218.7999997138977,69.51999836880714,182.43499598558992,153.09749460220337,282.29499101638794
4401034,Santa Cruz,3.287351204876996,-121.683646,36.926177,dry,0.0,79.23750667572023,151.53327037096025,109.92000138759613,196.69000148773193,66.27499858662486,167.63999602384865,107.02599740028381,207.34269618988037,79.23750667572023,151.53327037096025,109.92000138759613,196.69000148773193,66.27499858662486,167.63999602384865,107.02599740028381,207.34269618988037
4401046,Santa Cruz,1.9646792157749264,-121.848708,36.934173,dry,0.0,79.23750667572023,151.53327037096025,125.09214094706944,243.79714318684174,76.7449983721599,187.7149960519746,134.08640003204346,240.07619261741638,79.23750667572023,151.53327037096025,124.39999747276306,242.30999898910522,76.7449983721599,187.7149960519746,134.08640003204346,240.07619261741638
4401049,Santa Cruz,1.4080152315261918,-121.819591,36.881693,dry,0.0,79.23750667572023,151.53327037096025,112.0700011253357,209.69000244140625,67.69999848026782,191.6849961988628,109.97149848937988,193.0911934375763,79.23750667572023,151.53327037096025,112.0700011253357,209.69000244140625,67.69999848026782,191.6849961988628,109.97149848937988,193.0911934375763
4401053,Santa Cruz,0.922942478203584,-121.820234,36.878762,dry,0.0,79.23750667572023,151.53327037096025,107.05999946594238,202.0200023651123,67.69999848026782,191.6849961988628,109.97149848937988,193.0911934375763,79.23750667572023,151.53327037096025,107.05999946594238,202.0200023651123,67.69999848026782,191.6849961988628,109.97149848937988,193.0911934375763
4401074,Santa Cruz,1.3902410060203738,-121.830512,36.915995,dry,0.0,79.23750667572023,151.53327037096025,122.74000096321106,228.06000423431396,76.7449983721599,187.7149960519746,134.08640003204346,240.07619261741638,79.23750667572023,151.53327037096025,122.74000096321106,228.06000423431396,76.7449983721599,187.7149960519746,134.08640003204346,240.07619261741638
4401107,Santa Cruz,2.1056296911255905,-121.829207,36.899314,dry,0.0,79.23750667572023,151.53327037096025,117.87000274658203,220.7500021457672,76.7449983721599,187.7149960519746,134.08640003204346,240.07619261741638,79.23750667572023,151.53327037096025,117.87000274658203,220.7500021457672,76.7449983721599,187.7149960519746,134.08640003204346,240.07619261741638
4401123,Santa Cruz,41.12472450917273,-121.819502,36.901892,dry,0.0,79.23750667572023,151.53327037096025,116.77028036453352,214.18493111032834,76.7449983721599,187.7149960519746,134.08640003204346,240.07619261741638,79.23750667572023,151.53327037096025,114.02999806404114,210.3900022506714,76.7449983721599,187.7149960519746,134.08640003204346,240.07619261741638
4401154,Santa Cruz,3.056176903818478,-121.818667,36.88083,dry,0.0,79.23750667572023,151.53327037096025,112.0700011253357,209.69000244140625,67.69999848026782,191.6849961988628,109.97149848937988,193.0911934375763,79.23750667572023,151.53327037096025,112.0700011253357,209.69000244140625,67.69999848026782,191.6849961988628,109.97149848937988,193.0911934375763
4401201,Santa Cruz,2.435387088435565,-121.811731,36.885489,dry,0.0,79.23750667572023,151.53327037096025,110.84999990463257,204.68999910354614,67.69999848026782,191.6849961988628,105.93746519088745,189.92442671457925,79.23750667572023,151.53327037096025,110.84999990463257,204.68999910354614,67.69999848026782,191.6849961988628,109.97149848937988,193.0911934375763
4401203,Santa Cruz,6.28264893599416,-121.753429,36.947962,dry,0.0,79.23750667572023,151.53327037096025,116.79332931836447,219.65666500727335,69.51999836880714,182.43499598558992,129.63119411468506,222.34979557991028,79.23750667572023,151.53327037096025,117.44999551773071,220.51999807357788,69.51999836880714,182.43499598558992,129.63119411468506,222.34979557991028
4401228,Santa Cruz,0.5326837267342522,-121.811447,36.887937,dry,0.0,79.23750667572023,151.53327037096025,110.84999990463257,204.68999910354614,67.69999848026782,191.6849961988628,102.7102385520935,187.39101333618166,79.23750667572023,151.53327037096025,110.84999990463257,204.68999910354614,67.69999848026782,191.6849961988628,97.86939859390259,183.5908932685852
4405152,Santa Cruz,12.538948070888022,-121.832415,36.912331,dry,0.0,79.23750667572023,151.53327037096025,122.74000096321106,228.06000423431396,76.7449983721599,187.7149960519746,134.08640003204346,240.07619261741638,79.23750667572023,151.53327037096025,122.74000096321106,228.06000423431396,76.7449983721599,187.7149960519746,134.08640003204346,240.07619261741638
4401269,Santa Cruz,1.1453136996093527,-121.824758,36.885775,dry,0.0,79.23750667572023,151.53327037096025,112.0700011253357,209.69000244140625,67.69999848026782,191.6849961988628,109.97149848937988,193.0911934375763,79.23750667572023,151.53327037096025,112.0700011253357,209.69000244140625,67.69999848026782,191.6849961988628,109.97149848937988,193.0911934375763
4405153,Santa Cruz,2.693713397150378,-121.811762,36.887432,dry,0.0,79.23750667572023,151.53327037096025,110.84999990463257,204.68999910354614,67.69999848026782,191.6849961988628,105.31684468342708,189.4372318341182,79.23750667572023,151.53327037096025,110.84999990463257,204.68999910354614,67.69999848026782,191.6849961988628,109.97149848937988,193.0911934375763
4401286,Santa Cruz,1.300559830971015,-121.816618,36.880127,dry,0.0,79.23750667572023,151.53327037096025,107.89499974250793,203.29833571116131,67.69999848026782,191.6849961988628,109.97149848937988,193.0911934375763,79.23750667572023,151.53327037096025,107.05999946594238,202.0200023651123,67.69999848026782,191.6849961988628,109.97149848937988,193.0911934375763
4401304,Santa Cruz,0.6467809112580003,-121.810613,36.888571,dry,0.0,79.23750667572023,151.53327037096025,110.84999990463257,204.68999910354614,67.69999848026782,191.6849961988628,97.86939859390259,183.5908932685852,79.23750667572023,151.53327037096025,110.84999990463257,204.68999910354614,67.69999848026782,191.6849961988628,97.86939859390259,183.5908932685852
4401306,Santa Cruz,3.836667010427874,-121.778639,36.978671,dry,0.0,79.23750667572023,151.53327037096025,126.29999852180481,245.07999914884567,69.51999836880714,182.43499598558992,138.15709829330444,250.71009016036987,79.23750667572023,151.53327037096025,126.29999852180481,245.07999914884567,69.51999836880714,182.43499598558992,138.15709829330444,250.71009016036987
4401313,Santa Cruz,2.586698266047749,-121.805261,36.889074,dry,0.0,79.23750667572023,151.53327037096025,106.75000071525574,197.81000089645386,67.69999848026782,191.6849961988628,97.86939859390259,183.5908932685852,79.23750667572023,151.53327037096025,106.75000071525574,197.81000089645386,67.69999848026782,191.6849961988628,97.86939859390259,183.5908932685852
4401325,Santa Cruz,0.6091627232746106,-121.759577,36.949859,dry,0.0,79.23750667572023,151.53327037096025,117.44999551773071,220.51999807357788,69.51999836880714,182.43499598558992,129.63119411468506,222.34979557991028,79.23750667572023,151.53327037096025,117.44999551773071,220.51999807357788,69.51999836880714,182.43499598558992,129.63119411468506,222.34979557991028
4401334,Santa Cruz,0.6065465140819777,-121.827146,36.915945,dry,0.0,79.23750667572023,151.53327037096025,122.69000291824341,223.79000115394592,76.7449983721599,187.7149960519746,134.08640003204346,240.07619261741638,79.23750667572023,151.53327037096025,122.69000291824341,223.79000115394592,76.7449983721599,187.7149960519746,134.08640003204346,240.07619261741638
4401363,Santa Cruz,1.5259609984988871,-121.744863,36.960096,dry,0.0,79.23750667572023,151.53327037096025,118.52999758720398,225.26000094413757,69.51999836880714,182.43499598558992,129.63119411468506,222.34979557991028,79.23750667572023,151.53327037096025,118.52999758720398,225.26000094413757,69.51999836880714,182.43499598558992,129.63119411468506,222.34979557991028
4401369,Santa Cruz,2.469510956276219,-121.819849,36.882314,dry,0.0,79.23750667572023,151.53327037096025,112.0700011253357,209.69000244140625,67.69999848026782,191.6849961988628,109.97149848937988,193.0911934375763,79.23750667572023,151.53327037096025,112.0700011253357,209.69000244140625,67.69999848026782,191.6849961988628,109.97149848937988,193.0911934375763
4401370,Santa Cruz,1.2075701485166717,-121.820878,36.883211,dry,0.0,79.23750667572023,151.53327037096025,112.0700011253357,209.69000244140625,67.69999848026782,191.6849961988628,109.97149848937988,193.0911934375763,79.23750667572023,151.53327037096025,112.0700011253357,209.69000244140625,67.69999848026782,191.6849961988628,109.97149848937988,193.0911934375763
4401378,Santa Cruz,3.1885267269674613,-121.756315,36.977107,dry,0.0,79.23750667572023,151.53327037096025,122.37999749183655,239.3499998152256,69.51999836880714,182.43499598558992,129.63119411468506,222.34979557991028,79.23750667572023,151.53327037096025,122.37999749183655,239.3499998152256,69.51999836880714,182.43499598558992,129.63119411468506,222.34979557991028
4401385,Santa Cruz,2.339079875167529,-121.823282,36.880742,dry,0.0,79.23750667572023,151.53327037096025,110.52846215321468,207.33000241793118,67.69999848026782,191.6849961988628,109.97149848937988,193.0911934375763,79.23750667572023,151.53327037096025,112.0700011253357,209.69000244140625,67.69999848026782,191.6849961988628,109.97149848937988,193.0911934375763
4401387,Santa Cruz,2.050684256722676,-121.801185,36.945711,dry,0.0,79.23750667572023,151.53327037096025,123.52000331878662,232.57000055909157,76.7449983721599,187.7149960519746,138.15709829330444,250.71009016036987,79.23750667572023,151.53327037096025,123.52000331878662,232.57000055909157,76.7449983721599,187.7149960519746,138.15709829330444,250.71009016036987
4401388,Santa Cruz,1.610709319332422,-121.819936,36.879831,dry,0.0,79.23750667572023,151.53327037096025,107.05999946594238,202.0200023651123,67.69999848026782,191.6849961988628,109.97149848937988,193.0911934375763,79.23750667572023,151.53327037096025,107.05999946594238,202.0200023651123,67.69999848026782,191.6849961988628,109.97149848937988,193.0911934375763
4405154,Santa Cruz,2.017736413323321,-121.814245,36.924973,dry,0.0,79.23750667572023,151.53327037096025,123.62000155448914,225.92999809980392,76.7449983721599,187.7149960519746,134.08640003204346,240.07619261741638,79.23750667572023,151.53327037096025,123.62000155448914,225.92999809980392,76.7449983721599,187.7149960519746,134.08640003204346,240.07619261741638
4401405,Santa Cruz,13.37179802851817,-121.72651,36.959219,dry,0.0,79.23750667572023,151.53327037096025,117.75999617576599,218.7999997138977,69.51999836880714,182.43499598558992,153.09749460220337,282.29499101638794,79.23750667572023,151.53327037096025,117.75999617576599,218.7999997138977,69.51999836880714,182.43499598558992,153.09749460220337,282.29499101638794
4405155,Santa Cruz,9.522273509247809,-121.821651,36.918717,dry,0.0,79.23750667572023,151.53327037096025,122.69000291824341,223.79000115394592,76.7449983721599,187.7149960519746,134.08640003204346,240.07619261741638,79.23750667572023,151.53327037096025,122.69000291824341,223.79000115394592,76.7449983721599,187.7149960519746,134.08640003204346,240.07619261741638
4405156,Santa Cruz,3.175932972755429,-121.760444,36.949358,dry,0.0,79.23750667572023,151.53327037096025,117.44999551773071,220.51999807357788,69.51999836880714,182.43499598558992,129.63119411468506,222.34979557991028,79.23750667572023,151.53327037096025,117.44999551773071,220.51999807357788,69.51999836880714,182.43499598558992,129.63119411468506,222.34979557991028
4404637,Santa Cruz,21.06130926340225,-121.821646,36.907313,dry,0.0,79.23750667572023,151.53327037096025,120.10999941825867,218.81000065803528,76.7449983721599,187.7149960519746,134.08640003204346,240.07619261741638,79.23750667572023,151.53327037096025,120.10999941825867,218.81000065803528,76.7449983721599,187.7149960519746,134.08640003204346,240.07619261741638
4404639,Santa Cruz,22.280767299687724,-121.827557,36.911714,dry,0.0,79.23750667572023,151.53327037096025,122.71478455792302,225.90643746334572,76.7449983721599,187.7149960519746,134.08640003204346,240.07619261741638,79.23750667572023,151.53327037096025,122.74000096321106,228.06000423431396,76.7449983721599,187.7149960519746,134.08640003204346,240.07619261741638
4401460,Santa Cruz,0.8157843823903395,-121.812688,36.887493,dry,0.0,79.23750667572023,151.53327037096025,110.84999990463257,204.68999910354614,67.69999848026782,191.6849961988628,109.97149848937988,193.0911934375763,79.23750667572023,151.53327037096025,110.84999990463257,204.68999910354614,67.69999848026782,191.6849961988628,109.97149848937988,193.0911934375763
4401473,Santa Cruz,2.2867667020567786,-121.754523,36.965092,dry,0.0,79.23750667572023,151.53327037096025,118.52999758720398,225.26000094413757,69.51999836880714,182.43499598558992,129.63119411468506,222.34979557991028,79.23750667572023,151.53327037096025,118.52999758720398,225.26000094413757,69.51999836880714,182.43499598558992,129.63119411468506,222.34979557991028
4401475,Santa Cruz,0.4150728717423172,-121.778953,36.978077,dry,0.0,,,,,,,,,79.23750667572023,151.53327037096025,126.29999852180481,245.07999914884567,69.51999836880714,182.43499598558992,138.15709829330444,250.71009016036987
4401478,Santa Cruz,9.19975444955856,-121.756785,36.932363,dry,0.0,79.23750667572023,151.53327037096025,112.1899995803833,207.65999698638916,69.51999836880714,182.43499598558992,101.1646978855133,198.14249396324158,79.23750667572023,151.53327037096025,112.1899995803833,207.65999698638916,69.51999836880714,182.43499598558992,101.1646978855133,198.14249396324158
4401490,Santa Cruz,3.1605094580491766,-121.8227,36.88103,dry,0.0,79.23750667572023,151.53327037096025,112.0700011253357,209.69000244140625,67.69999848026782,191.6849961988628,109.97149848937988,193.0911934375763,79.23750667572023,151.53327037096025,112.0700011253357,209.69000244140625,67.69999848026782,191.6849961988628,109.97149848937988,193.0911934375763
4401494,Santa Cruz,1.925393333884219,-121.82152,36.877442,dry,0.0,79.23750667572023,151.53327037096025,107.05999946594238,202.0200023651123,67.69999848026782,191.6849961988628,109.97149848937988,193.0911934375763,79.23750667572023,151.53327037096025,107.05999946594238,202.0200023651123,67.69999848026782,191.6849961988628,109.97149848937988,193.0911934375763
4401501,Santa Cruz,3.550969246127514,-121.806548,36.891048,dry,0.0,79.23750667572023,151.53327037096025,107.43333391348521,198.95666726430255,67.69999848026782,191.6849961988628,97.86939859390259,183.5908932685852,79.23750667572023,151.53327037096025,106.75000071525574,197.81000089645386,67.69999848026782,191.6849961988628,97.86939859390259,183.5908932685852
4401540,Santa Cruz,2.3566910945575748,-121.82152,36.920538,dry,0.0,79.23750667572023,151.53327037096025,123.46666781107584,225.6366660942634,76.7449983721599,187.7149960519746,134.08640003204346,240.07619261741638,79.23750667572023,151.53327037096025,122.69000291824341,223.79000115394592,76.7449983721599,187.7149960519746,134.08640003204346,240.07619261741638
4401548,Santa Cruz,4.110305843221832,-121.846429,36.922977,dry,0.0,79.23750667572023,151.53327037096025,122.28000092506409,236.46000218391418,76.7449983721599,187.7149960519746,134.08640003204346,240.07619261741638,79.23750667572023,151.53327037096025,122.28000092506409,236.46000218391418,76.7449983721599,187.7149960519746,134.08640003204346,240.07619261741638
4404642,Santa Cruz,7.1276201023729495,-121.825818,36.906329,dry,0.0,79.23750667572023,151.53327037096025,118.1057918699164,220.54579146284806,76.7449983721599,187.7149960519746,134.08640003204346,240.07619261741638,79.23750667572023,151.53327037096025,117.87000274658203,220.7500021457672,76.7449983721599,187.7149960519746,134.08640003204346,240.07619261741638
4401564,Santa Cruz,0.831398426757793,-121.818962,36.879857,dry,0.0,79.23750667572023,151.53327037096025,107.05999946594238,202.0200023651123,67.69999848026782,191.6849961988628,109.97149848937988,193.0911934375763,79.23750667572023,151.53327037096025,107.05999946594238,202.0200023651123,67.69999848026782,191.6849961988628,109.97149848937988,193.0911934375763
4405165,Santa Cruz,14.399610710018242,-121.851913,36.926038,dry,0.0,79.23750667572023,151.53327037096025,124.28540306477933,241.9937829455814,76.7449983721599,187.7149960519746,131.14715608712788,238.13738191449966,79.23750667572023,151.53327037096025,124.39999747276306,242.30999898910522,76.7449983721599,187.7149960519746,134.08640003204346,240.07619261741638
4401582,Santa Cruz,1.3198019257629998,-121.824745,36.881138,dry,0.0,79.23750667572023,151.53327037096025,112.0700011253357,209.69000244140625,67.69999848026782,191.6849961988628,109.97149848937988,193.0911934375763,79.23750667572023,151.53327037096025,112.0700011253357,209.69000244140625,67.69999848026782,191.6849961988628,109.97149848937988,193.0911934375763
4401592,Santa Cruz,1.9402510420112975,-121.822679,36.879497,dry,0.0,79.23750667572023,151.53327037096025,107.05999946594238,202.0200023651123,67.69999848026782,191.6849961988628,109.97149848937988,193.0911934375763,79.23750667572023,151.53327037096025,107.05999946594238,202.0200023651123,67.69999848026782,191.6849961988628,109.97149848937988,193.0911934375763
4404646,Santa Cruz,48.71069477952239,-121.791145,36.891276,dry,0.0033535723250057,79.23750667572023,151.53327037096025,106.1765315955685,194.37402800783036,65.42499778792262,177.3949949434027,97.86939859390259,183.5908932685852,79.23750667572023,151.53327037096025,106.36999917030334,194.82999527454376,65.42499778792262,177.3949949434027,97.86939859390259,183.5908932685852
4401617,Santa Cruz,3.4727211247691536,-121.829228,36.914046,dry,0.0,79.23750667572023,151.53327037096025,122.7105903485242,225.5482377164504,76.7449983721599,187.7149960519746,134.08640003204346,240.07619261741638,79.23750667572023,151.53327037096025,122.69000291824341,223.79000115394592,76.7449983721599,187.7149960519746,134.08640003204346,240.07619261741638
4401618,Santa Cruz,10.730434788304088,-121.802176,36.884935,dry,0.0,79.23750667572023,151.53327037096025,105.7357412400069,196.21055564173946,67.69999848026782,191.6849961988628,97.86939859390259,183.5908932685852,79.23750667572023,151.53327037096025,106.75000071525574,197.81000089645386,67.69999848026782,191.6849961988628,97.86939859390259,183.5908932685852
4401639,Santa Cruz,6.435918901544119,-121.823167,36.904487,dry,0.0,79.23750667572023,151.53327037096025,120.10999941825867,218.81000065803528,76.7449983721599,187.7149960519746,134.08640003204346,240.07619261741638,79.23750667572023,151.53327037096025,120.10999941825867,218.81000065803528,76.7449983721599,187.7149960519746,134.08640003204346,240.07619261741638
4401642,Santa Cruz,1.3585495333358202,-121.81703,36.879448,dry,0.0,79.23750667572023,151.53327037096025,107.05999946594238,202.0200023651123,67.69999848026782,191.6849961988628,109.97149848937988,193.0911934375763,79.23750667572023,151.53327037096025,107.05999946594238,202.0200023651123,67.69999848026782,191.6849961988628,109.97149848937988,193.0911934375763
4401652,Santa Cruz,3.012014634896332,-121.810304,36.900077,dry,0.0,79.23750667572023,151.53327037096025,109.72000193595886,203.37999987602234,76.7449983721599,187.7149960519746,120.51449966430664,212.02269220352173,79.23750667572023,151.53327037096025,109.72000193595886,203.37999987602234,76.7449983721599,187.7149960519746,120.51449966430664,212.02269220352173
4401656,Santa Cruz,1.7189209959037666,-121.828426,36.91549,dry,0.0,79.23750667572023,151.53327037096025,122.69000291824341,223.79000115394592,76.7449983721599,187.7149960519746,134.08640003204346,240.07619261741638,79.23750667572023,151.53327037096025,122.69000291824341,223.79000115394592,76.7449983721599,187.7149960519746,134.08640003204346,240.07619261741638
4401659,Santa Cruz,4.476324275725187,-121.74419,36.958642,dry,0.0,79.23750667572023,151.53327037096025,118.1941671570142,224.51791793107986,69.51999836880714,182.43499598558992,129.63119411468506,222.34979557991028,79.23750667572023,151.53327037096025,118.52999758720398,225.26000094413757,69.51999836880714,182.43499598558992,129.63119411468506,222.34979557991028
4401672,Santa Cruz,15.37565480068167,-121.770883,36.886372,dry,0.0,79.23750667572023,151.53327037096025,105.16874913871291,187.66412418782713,65.42499778792262,177.3949949434027,94.6267504632473,179.2374609291554,79.23750667572023,151.53327037096025,104.87999892234802,187.33000147342682,65.42499778792262,177.3949949434027,92.34999752044678,176.18079566955566
4401674,Santa Cruz,6.729979362541832,-121.726861,36.941896,dry,0.0,79.23750667572023,151.53327037096025,113.67222062746684,210.49555582470364,69.51999836880714,182.43499598558992,153.09749460220337,282.29499101638794,79.23750667572023,151.53327037096025,114.04999852180481,211.82000064849854,69.51999836880714,182.43499598558992,153.09749460220337,282.29499101638794
4401684,Santa Cruz,0.1910871605534086,-121.849982,36.934283,dry,0.0,,,,,,,,,79.23750667572023,151.53327037096025,127.6300003528595,249.25000524520874,76.7449983721599,187.7149960519746,134.08640003204346,240.07619261741638
4401692,Santa Cruz,1.2634136282048007,-121.822662,36.882604,dry,0.0,79.23750667572023,151.53327037096025,112.0700011253357,209.69000244140625,67.69999848026782,191.6849961988628,109.97149848937988,193.0911934375763,79.23750667572023,151.53327037096025,112.0700011253357,209.69000244140625,67.69999848026782,191.6849961988628,109.97149848937988,193.0911934375763
4401698,Santa Cruz,15.663914689099798,-121.72602,36.944442,dry,0.0,79.23750667572023,151.53327037096025,115.05195131243728,212.39804795893227,69.51999836880714,182.43499598558992,153.09749460220337,282.29499101638794,79.23750667572023,151.53327037096025,115.09000015258789,212.41999912261963,69.51999836880714,182.43499598558992,153.09749460220337,282.29499101638794
4401713,Santa Cruz,25.54561327843415,-121.798337,36.876854,dry,0.0,79.23750667572023,151.53327037096025,103.80580151172084,191.7319088051707,66.76221193533162,185.79446133019982,97.86939859390259,183.5908932685852,79.23750667572023,151.53327037096025,104.1199996471405,192.62000036239624,67.69999848026782,191.6849961988628,97.86939859390259,183.5908932685852
4401727,Santa Cruz,2.0529329898219024,-121.821339,36.909685,dry,0.0,79.23750667572023,151.53327037096025,120.10999941825867,218.81000065803528,76.7449983721599,187.7149960519746,134.08640003204346,240.07619261741638,79.23750667572023,151.53327037096025,120.10999941825867,218.81000065803528,76.7449983721599,187.7149960519746,134.08640003204346,240.07619261741638
4401734,Santa Cruz,1.5408404212402926,-121.783284,36.955233,dry,0.0,79.23750667572023,151.53327037096025,122.0,230.5499987900257,69.51999836880714,182.43499598558992,138.15709829330444,250.71009016036987,79.23750667572023,151.53327037096025,122.0,230.5499987900257,69.51999836880714,182.43499598558992,138.15709829330444,250.71009016036987
4401740,Santa Cruz,21.435131429177044,-121.800621,36.878942,dry,0.0,79.23750667572023,151.53327037096025,104.1247269305316,192.64727306365967,67.69999848026782,191.6849961988628,97.86939859390259,183.5908932685852,79.23750667572023,151.53327037096025,104.1199996471405,192.62000036239624,67.69999848026782,191.6849961988628,97.86939859390259,183.5908932685852
4404250,Santa Cruz,8.637985310268077,-121.714803,36.911067,dry,0.0,79.23750667572023,151.53327037096025,109.19454623352398,190.5927267291329,69.51999836880714,182.43499598558992,104.31609773635864,198.88559532165527,79.23750667572023,151.53327037096025,109.24000072479248,190.33999955654144,69.51999836880714,182.43499598558992,104.31609773635864,198.88559532165527
4401784,Santa Cruz,0.6736083504828787,-121.831068,36.916548,dry,0.0,79.23750667572023,151.53327037096025,125.30999660491943,233.42999815940857,76.7449983721599,187.7149960519746,134.08640003204346,240.07619261741638,79.23750667572023,151.53327037096025,125.30999660491943,233.42999815940857,76.7449983721599,187.7149960519746,134.08640003204346,240.07619261741638
4401802,Santa Cruz,3.870432220606752,-121.808424,36.900159,dry,0.0,79.23750667572023,151.53327037096025,109.72000193595886,203.37999987602234,76.7449983721599,187.7149960519746,120.51449966430664,212.02269220352173,79.23750667572023,151.53327037096025,109.72000193595886,203.37999987602234,76.7449983721599,187.7149960519746,120.51449966430664,212.02269220352173
4404251,Santa Cruz,16.924228128897976,-121.779079,36.891634,dry,0.0,79.23750667572023,151.53327037096025,106.76000165939331,192.6499992609024,65.42499778792262,177.3949949434027,97.86939859390259,183.5908932685852,79.23750667572023,151.53327037096025,106.76000165939331,192.6499992609024,65.42499778792262,177.3949949434027,97.86939859390259,183.5908932685852
4404650,Santa Cruz,15.019738345214195,-121.823211,36.908602,dry,0.0,79.23750667572023,151.53327037096025,120.10999941825867,218.81000065803528,76.7449983721599,187.7149960519746,134.08640003204346,240.07619261741638,79.23750667572023,151.53327037096025,120.10999941825867,218.81000065803528,76.7449983721599,187.7149960519746,134.08640003204346,240.07619261741638
4401844,Santa Cruz,1.2588341719551372,-121.818762,36.877199,dry,0.0,79.23750667572023,151.53327037096025,107.05999946594238,202.0200023651123,67.69999848026782,191.6849961988628,109.97149848937988,193.0911934375763,79.23750667572023,151.53327037096025,107.05999946594238,202.0200023651123,67.69999848026782,191.6849961988628,109.97149848937988,193.0911934375763
4401855,Santa Cruz,4.15596206473015,-121.85251,36.940951,dry,0.0,79.23750667572023,151.53327037096025,127.6300003528595,249.25000524520874,76.7449983721599,187.7149960519746,146.9207372916372,285.214433338297,79.23750667572023,151.53327037096025,127.6300003528595,249.25000524520874,76.7449983721599,187.7149960519746,146.06649541854858,284.6426968574524
4401861,Santa Cruz,1.5777848876924725,-121.821514,36.883868,dry,0.0,79.23750667572023,151.53327037096025,112.0700011253357,209.69000244140625,67.69999848026782,191.6849961988628,109.97149848937988,193.0911934375763,79.23750667572023,151.53327037096025,112.0700011253357,209.69000244140625,67.69999848026782,191.6849961988628,109.97149848937988,193.0911934375763
4401875,Santa Cruz,1.3973233487837444,-121.826635,36.913798,dry,0.0,79.23750667572023,151.53327037096025,122.69000291824341,223.79000115394592,76.7449983721599,187.7149960519746,134.08640003204346,240.07619261741638,79.23750667572023,151.53327037096025,122.69000291824341,223.79000115394592,76.7449983721599,187.7149960519746,134.08640003204346,240.07619261741638
4401878,Santa Cruz,1.7344939662555483,-121.823441,36.885494,dry,0.0,79.23750667572023,151.53327037096025,112.0700011253357,209.69000244140625,67.69999848026782,191.6849961988628,109.97149848937988,193.0911934375763,79.23750667572023,151.53327037096025,112.0700011253357,209.69000244140625,67.69999848026782,191.6849961988628,109.97149848937988,193.0911934375763
4404253,Santa Cruz,28.928191950785006,-121.734635,36.914466,dry,0.0,79.23750667572023,151.53327037096025,106.90000188350677,195.38000321388245,69.51999836880714,182.43499598558992,101.1646978855133,198.14249396324158,79.23750667572023,151.53327037096025,106.90000188350677,195.38000321388245,69.51999836880714,182.43499598558992,101.1646978855133,198.14249396324158
4401898,Santa Cruz,2.689409943221712,-121.82017,36.910495,dry,0.0,79.23750667572023,151.53327037096025,120.10999941825867,218.81000065803528,76.7449983721599,187.7149960519746,134.08640003204346,240.07619261741638,79.23750667572023,151.53327037096025,120.10999941825867,218.81000065803528,76.7449983721599,187.7149960519746,134.08640003204346,240.07619261741638
4401905,Santa Cruz,1.2260295706480693,-121.82132,36.881846,dry,0.0,79.23750667572023,151.53327037096025,112.0700011253357,209.69000244140625,67.69999848026782,191.6849961988628,109.97149848937988,193.0911934375763,79.23750667572023,151.53327037096025,112.0700011253357,209.69000244140625,67.69999848026782,191.6849961988628,109.97149848937988,193.0911934375763
4401909,Santa Cruz,4.598457231228968,-121.842345,36.921894,dry,0.0,79.23750667572023,151.53327037096025,124.93124714493753,233.80874866247177,76.7449983721599,187.7149960519746,134.08640003204346,240.07619261741638,79.23750667572023,151.53327037096025,125.30999660491943,233.42999815940857,76.7449983721599,187.7149960519746,134.08640003204346,240.07619261741638
4401950,Santa Cruz,10.829018989127857,-121.804951,36.883856,dry,0.0,79.23750667572023,151.53327037096025,104.64000082015991,195.6199975013733,67.69999848026782,191.6849961988628,97.86939859390259,183.5908932685852,79.23750667572023,151.53327037096025,104.64000082015991,195.6199975013733,67.69999848026782,191.6849961988628,97.86939859390259,183.5908932685852
4401952,Santa Cruz,3.468613932920055,-121.81773,36.906489,dry,0.0,79.23750667572023,151.53327037096025,120.10999941825867,218.81000065803528,76.7449983721599,187.7149960519746,134.08640003204346,240.07619261741638,79.23750667572023,151.53327037096025,120.10999941825867,218.81000065803528,76.7449983721599,187.7149960519746,134.08640003204346,240.07619261741638
4401954,Santa Cruz,5.336490007018698,-121.643386,36.897462,dry,0.0,79.23750667572023,151.53327037096025,102.24000036716461,178.12000024318695,68.78499916661531,163.3999965954572,107.36499500274658,222.33139514923096,79.23750667572023,151.53327037096025,102.24000036716461,178.12000024318695,68.78499916661531,163.3999965954572,107.36499500274658,222.33139514923096
4405170,Santa Cruz,9.979960708555506,-121.83525,36.913602,dry,0.0,79.23750667572023,151.53327037096025,122.74000096321106,228.06000423431396,76.7449983721599,187.7149960519746,134.08640003204346,240.07619261741638,79.23750667572023,151.53327037096025,122.74000096321106,228.06000423431396,76.7449983721599,187.7149960519746,134.08640003204346,240.07619261741638
4404214,Santa Cruz,5.907429088726388,-121.808454,36.928707,dry,0.0,79.23750667572023,151.53327037096025,123.62000155448914,225.92999809980392,76.7449983721599,187.7149960519746,120.51449966430664,212.02269220352173,79.23750667572023,151.53327037096025,123.62000155448914,225.92999809980392,76.7449983721599,187.7149960519746,120.51449966430664,212.02269220352173
4401966,Santa Cruz,3.061662734818513,-121.818448,36.87576,dry,0.0,79.23750667572023,151.53327037096025,107.05999946594238,202.0200023651123,67.69999848026782,191.6849961988628,109.97149848937988,193.0911934375763,79.23750667572023,151.53327037096025,107.05999946594238,202.0200023651123,67.69999848026782,191.6849961988628,109.97149848937988,193.0911934375763
4401981,Santa Cruz,26.111515857431726,-121.695288,36.929449,dry,0.0,79.23750667572023,151.53327037096025,110.15918587137152,198.8300721557052,66.27499858662486,167.63999602384865,104.31609773635864,198.88559532165527,79.23750667572023,151.53327037096025,110.77000033855438,200.63999843597412,66.27499858662486,167.63999602384865,104.31609773635864,198.88559532165527
4401983,Santa Cruz,0.8780255640567569,-121.754823,36.935792,dry,0.0,79.23750667572023,151.53327037096025,114.88000011444092,213.82999992370605,69.51999836880714,182.43499598558992,101.1646978855133,198.14249396324158,79.23750667572023,151.53327037096025,114.88000011444092,213.82999992370605,69.51999836880714,182.43499598558992,101.1646978855133,198.14249396324158
4401991,Santa Cruz,1.4458362375368332,-121.851208,36.942447,dry,0.0,79.23750667572023,151.53327037096025,127.6300003528595,249.25000524520874,76.7449983721599,187.7149960519746,154.18179321289062,290.07419342547655,79.23750667572023,151.53327037096025,127.6300003528595,249.25000524520874,76.7449983721599,187.7149960519746,154.18179321289062,290.07419342547655
4402014,Santa Cruz,3.684334357515096,-121.850905,36.935964,dry,0.0,79.23750667572023,151.53327037096025,127.6300003528595,249.25000524520874,76.7449983721599,187.7149960519746,134.08640003204346,240.07619261741638,79.23750667572023,151.53327037096025,127.6300003528595,249.25000524520874,76.7449983721599,187.7149960519746,134.08640003204346,240.07619261741638
4404652,Santa Cruz,3.873590110429828,-121.847483,36.936315,dry,0.0,79.23750667572023,151.53327037096025,131.09315883485894,249.2552645708385,76.7449983721599,187.7149960519746,134.08640003204346,240.07619261741638,79.23750667572023,151.53327037096025,134.21000146865845,249.25999796390533,76.7449983721599,187.7149960519746,134.08640003204346,240.07619261741638
4402056,Santa Cruz,0.7546971031524898,-121.811487,36.888739,dry,0.0,79.23750667572023,151.53327037096025,110.84999990463257,204.68999910354614,67.69999848026782,191.6849961988628,101.90343189239502,186.75765999158224,79.23750667572023,151.53327037096025,110.84999990463257,204.68999910354614,67.69999848026782,191.6849961988628,97.86939859390259,183.5908932685852
4402077,Santa Cruz,1.6401374558812618,-121.756111,36.975789,dry,0.0,79.23750667572023,151.53327037096025,122.37999749183655,239.3499998152256,69.51999836880714,182.43499598558992,129.63119411468506,222.34979557991028,79.23750667572023,151.53327037096025,122.37999749183655,239.3499998152256,69.51999836880714,182.43499598558992,129.63119411468506,222.34979557991028
4402103,Santa Cruz,0.9817636149201858,-121.819762,36.877272,dry,0.0,79.23750667572023,151.53327037096025,107.05999946594238,202.0200023651123,67.69999848026782,191.6849961988628,109.97149848937988,193.0911934375763,79.23750667572023,151.53327037096025,107.05999946594238,202.0200023651123,67.69999848026782,191.6849961988628,109.97149848937988,193.0911934375763
4402138,Santa Cruz,1.964111795582637,-121.756123,36.976326,dry,0.0,79.23750667572023,151.53327037096025,122.37999749183655,239.3499998152256,69.51999836880714,182.43499598558992,129.63119411468506,222.34979557991028,79.23750667572023,151.53327037096025,122.37999749183655,239.3499998152256,69.51999836880714,182.43499598558992,129.63119411468506,222.34979557991028
4405174,Santa Cruz,15.01792815659109,-121.757481,36.962951,dry,0.0,79.23750667572023,151.53327037096025,120.36354853260902,229.61806593402738,69.51999836880714,182.43499598558992,129.63119411468506,222.34979557991028,79.23750667572023,151.53327037096025,118.52999758720398,225.26000094413757,69.51999836880714,182.43499598558992,129.63119411468506,222.34979557991028
4402146,Santa Cruz,0.9445081992291564,-121.830593,36.917011,dry,0.0,79.23750667572023,151.53327037096025,125.30999660491943,233.42999815940857,76.7449983721599,187.7149960519746,134.08640003204346,240.07619261741638,79.23750667572023,151.53327037096025,125.30999660491943,233.42999815940857,76.7449983721599,187.7149960519746,134.08640003204346,240.07619261741638
4402151,Santa Cruz,1.7562364724212165,-121.781455,36.95365,dry,0.0,79.23750667572023,151.53327037096025,122.0,230.5499987900257,69.51999836880714,182.43499598558992,138.15709829330444,250.71009016036987,79.23750667572023,151.53327037096025,122.0,230.5499987900257,69.51999836880714,182.43499598558992,138.15709829330444,250.71009016036987
4402160,Santa Cruz,13.938813759859295,-121.701947,36.922794,dry,0.0,79.23750667572023,151.53327037096025,109.00999987125397,193.81999814510345,69.51999836880714,182.43499598558992,104.31609773635864,198.88559532165527,79.23750667572023,151.53327037096025,109.00999987125397,193.81999814510345,69.51999836880714,182.43499598558992,104.31609773635864,198.88559532165527
4402161,Santa Cruz,1.7464029599603543,-121.81142,36.882058,dry,0.0,79.23750667572023,151.53327037096025,104.64000082015991,195.6199975013733,67.69999848026782,191.6849961988628,101.50002856254578,186.44098331928254,79.23750667572023,151.53327037096025,104.64000082015991,195.6199975013733,67.69999848026782,191.6849961988628,97.86939859390259,183.5908932685852
4402163,Santa Cruz,1.3423268991927464,-121.812384,36.890136,dry,0.0,79.23750667572023,151.53327037096025,110.84999990463257,204.68999910354614,67.69999848026782,191.6849961988628,109.97149848937988,193.0911934375763,79.23750667572023,151.53327037096025,110.84999990463257,204.68999910354614,67.69999848026782,191.6849961988628,109.97149848937988,193.0911934375763
4402191,Santa Cruz,0.7526630153868654,-121.79047,37.006521,dry,0.0,93.41878204345704,265.14551376700405,143.0500030517578,286.07000279426575,76.09999848809093,179.06999479606748,176.05749702453613,337.0701928138733,93.41878204345704,265.14551376700405,143.0500030517578,286.07000279426575,76.09999848809093,179.06999479606748,176.05749702453613,337.0701928138733
4402216,Santa Cruz,23.593499350915597,-121.857441,36.935844,dry,0.0,79.23750667572023,151.53327037096025,127.22336096646357,249.43664443297465,76.7449983721599,187.7149960519746,127.87199854850769,235.97699284553528,79.23750667572023,151.53327037096025,127.6300003528595,249.25000524520874,76.7449983721599,187.7149960519746,127.87199854850769,235.97699284553528
4402234,Santa Cruz,7.772483954719818,-121.796861,36.920311,dry,0.0,79.23750667572023,151.53327037096025,115.53000116348267,212.82999968528748,70.32277614695745,183.02166265963265,120.51449966430664,212.02269220352173,79.23750667572023,151.53327037096025,115.53000116348267,212.82999968528748,69.51999836880714,182.43499598558992,120.51449966430664,212.02269220352173
4402243,Santa Cruz,2.429876307468653,-121.829886,36.899047,dry,0.0,79.23750667572023,151.53327037096025,117.87000274658203,220.7500021457672,76.7449983721599,187.7149960519746,134.08640003204346,240.07619261741638,79.23750667572023,151.53327037096025,117.87000274658203,220.7500021457672,76.7449983721599,187.7149960519746,134.08640003204346,240.07619261741638
4402256,Santa Cruz,0.4021596293001594,-121.849596,36.934157,dry,0.0,79.23750667572023,151.53327037096025,124.39999747276306,242.30999898910522,76.7449983721599,187.7149960519746,134.08640003204346,240.07619261741638,79.23750667572023,151.53327037096025,124.39999747276306,242.30999898910522,76.7449983721599,187.7149960519746,134.08640003204346,240.07619261741638
4402282,Santa Cruz,5.217263350413397,-121.744798,36.959192,dry,0.0,79.23750667572023,151.53327037096025,118.3630759532635,224.89115494948166,69.51999836880714,182.43499598558992,129.63119411468506,222.34979557991028,79.23750667572023,151.53327037096025,118.52999758720398,225.26000094413757,69.51999836880714,182.43499598558992,129.63119411468506,222.34979557991028
4402285,Santa Cruz,0.8842582573353153,-121.811701,36.889756,dry,0.0,79.23750667572023,151.53327037096025,110.84999990463257,204.68999910354614,67.69999848026782,191.6849961988628,101.90343189239502,186.75765999158224,79.23750667572023,151.53327037096025,110.84999990463257,204.68999910354614,67.69999848026782,191.6849961988628,109.97149848937988,193.0911934375763
4402286,Santa Cruz,0.9887217922983536,-121.82425,36.882727,dry,0.0,79.23750667572023,151.53327037096025,112.0700011253357,209.69000244140625,67.69999848026782,191.6849961988628,109.97149848937988,193.0911934375763,79.23750667572023,151.53327037096025,112.0700011253357,209.69000244140625,67.69999848026782,191.6849961988628,109.97149848937988,193.0911934375763
4402289,Santa Cruz,22.1006467894441,-121.808597,36.866484,dry,0.0008934045721292,79.23750667572023,151.53327037096025,101.76921779383783,190.16417574986167,67.69999848026782,191.6849961988628,97.86939859390259,183.5908932685852,79.23750667572023,151.53327037096025,101.83000040054321,190.31000185012817,67.69999848026782,191.6849961988628,97.86939859390259,183.5908932685852
4402296,Santa Cruz,1.183639670674294,-121.816156,36.924846,dry,0.0,79.23750667572023,151.53327037096025,124.45999917984008,227.96999682486057,76.7449983721599,187.7149960519746,134.08640003204346,240.07619261741638,79.23750667572023,151.53327037096025,125.01999759674072,229.32999597489834,76.7449983721599,187.7149960519746,134.08640003204346,240.07619261741638
4405440,Santa Cruz,28.052851426931515,-121.776812,36.88887,dry,0.0,79.23750667572023,151.53327037096025,105.91365524489304,189.41523825300152,65.42499778792262,177.3949949434027,97.86939859390259,183.5908932685852,79.23750667572023,151.53327037096025,105.5799994468689,188.13999593257904,65.42499778792262,177.3949949434027,97.86939859390259,183.5908932685852
4402320,Santa Cruz,6.178788732443238,-121.724349,36.930197,dry,0.0,79.23750667572023,151.53327037096025,111.3989986538887,204.07799978256224,69.51999836880714,182.43499598558992,104.31609773635864,198.88559532165527,79.23750667572023,151.53327037096025,112.34999799728394,205.8599989414215,69.51999836880714,182.43499598558992,104.31609773635864,198.88559532165527
4402323,Santa Cruz,2.081230311607168,-121.808608,36.886299,dry,0.0,79.23750667572023,151.53327037096025,110.84999990463257,204.68999910354614,67.69999848026782,191.6849961988628,97.86939859390259,183.5908932685852,79.23750667572023,151.53327037096025,110.84999990463257,204.68999910354614,67.69999848026782,191.6849961988628,97.86939859390259,183.5908932685852
4402327,Santa Cruz,6.0998383019302285,-121.757004,36.935219,dry,0.0,79.23750667572023,151.53327037096025,114.88000011444092,213.82999992370605,69.51999836880714,182.43499598558992,101.1646978855133,198.14249396324158,79.23750667572023,151.53327037096025,114.88000011444092,213.82999992370605,69.51999836880714,182.43499598558992,101.1646978855133,198.14249396324158
4402336,Santa Cruz,7.548689713418106,-121.814301,36.92042,dry,0.0,79.23750667572023,151.53327037096025,118.81099929809571,218.74800048470496,76.7449983721599,187.7149960519746,134.08640003204346,240.07619261741638,79.23750667572023,151.53327037096025,116.74999833106995,215.67000150680542,76.7449983721599,187.7149960519746,134.08640003204346,240.07619261741638
4402340,Santa Cruz,0.7953241065275259,-121.823198,36.882356,dry,0.0,79.23750667572023,151.53327037096025,112.0700011253357,209.69000244140625,67.69999848026782,191.6849961988628,109.97149848937988,193.0911934375763,79.23750667572023,151.53327037096025,112.0700011253357,209.69000244140625,67.69999848026782,191.6849961988628,109.97149848937988,193.0911934375763
4402341,Santa Cruz,0.8389026452269122,-121.80966,36.886561,dry,0.0,79.23750667572023,151.53327037096025,110.84999990463257,204.68999910354614,67.69999848026782,191.6849961988628,97.86939859390259,183.5908932685852,79.23750667572023,151.53327037096025,110.84999990463257,204.68999910354614,67.69999848026782,191.6849961988628,97.86939859390259,183.5908932685852
4402376,Santa Cruz,1.3967910347024262,-121.823934,36.879975,dry,0.0,79.23750667572023,151.53327037096025,107.05999946594238,202.0200023651123,67.69999848026782,191.6849961988628,109.97149848937988,193.0911934375763,79.23750667572023,151.53327037096025,107.05999946594238,202.0200023651123,67.69999848026782,191.6849961988628,109.97149848937988,193.0911934375763
4402430,Santa Cruz,1.9584189292296847,-121.801697,36.94615,dry,0.0,79.23750667572023,151.53327037096025,123.52000331878662,232.57000055909157,76.7449983721599,187.7149960519746,138.15709829330444,250.71009016036987,79.23750667572023,151.53327037096025,123.52000331878662,232.57000055909157,76.7449983721599,187.7149960519746,138.15709829330444,250.71009016036987
4402435,Santa Cruz,3.296065258889177,-121.63679,36.904367,dry,0.0,79.23750667572023,151.53327037096025,108.4799976348877,190.43999791145325,66.27499858662486,167.63999602384865,107.36499500274658,222.33139514923096,79.23750667572023,151.53327037096025,108.4799976348877,190.43999791145325,66.27499858662486,167.63999602384865,107.36499500274658,222.33139514923096
4402467,Santa Cruz,0.8568518879359314,-121.760351,36.950657,dry,0.0,79.23750667572023,151.53327037096025,117.44999551773071,220.51999807357788,69.51999836880714,182.43499598558992,129.63119411468506,222.34979557991028,79.23750667572023,151.53327037096025,117.44999551773071,220.51999807357788,69.51999836880714,182.43499598558992,129.63119411468506,222.34979557991028
4402481,Santa Cruz,3.2290093251144905,-121.829099,36.913449,dry,0.0,79.23750667572023,151.53327037096025,122.70470822558684,225.0458844128777,76.7449983721599,187.7149960519746,134.08640003204346,240.07619261741638,79.23750667572023,151.53327037096025,122.69000291824341,223.79000115394592,76.7449983721599,187.7149960519746,134.08640003204346,240.07619261741638
4402485,Santa Cruz,1.107069528699904,-121.821108,36.881239,dry,0.0,79.23750667572023,151.53327037096025,112.0700011253357,209.69000244140625,67.69999848026782,191.6849961988628,109.97149848937988,193.0911934375763,79.23750667572023,151.53327037096025,112.0700011253357,209.69000244140625,67.69999848026782,191.6849961988628,109.97149848937988,193.0911934375763
4402488,Santa Cruz,0.697916413306769,-121.847376,36.933272,dry,0.0,79.23750667572023,151.53327037096025,126.76666696866353,240.28999840468168,76.7449983721599,187.7149960519746,134.08640003204346,240.07619261741638,79.23750667572023,151.53327037096025,127.95000171661377,239.2799981124699,76.7449983721599,187.7149960519746,134.08640003204346,240.07619261741638
4402522,Santa Cruz,7.694210807538454,-121.833489,36.914597,dry,0.0,79.23750667572023,151.53327037096025,122.74000096321106,228.06000423431396,76.7449983721599,187.7149960519746,134.08640003204346,240.07619261741638,79.23750667572023,151.53327037096025,122.74000096321106,228.06000423431396,76.7449983721599,187.7149960519746,134.08640003204346,240.07619261741638
4402531,Santa Cruz,10.356147560240103,-121.800968,36.883681,dry,0.0,79.23750667572023,151.53327037096025,104.1199996471405,192.62000036239624,67.69999848026782,191.6849961988628,97.86939859390259,183.5908932685852,79.23750667572023,151.53327037096025,104.1199996471405,192.62000036239624,67.69999848026782,191.6849961988628,97.86939859390259,183.5908932685852
4402533,Santa Cruz,1.181226088433051,-121.819729,36.879045,dry,0.0,79.23750667572023,151.53327037096025,107.05999946594238,202.0200023651123,67.69999848026782,191.6849961988628,109.97149848937988,193.0911934375763,79.23750667572023,151.53327037096025,107.05999946594238,202.0200023651123,67.69999848026782,191.6849961988628,109.97149848937988,193.0911934375763
4402547,Santa Cruz,4.009051043590183,-121.642543,36.899024,dry,0.0,79.23750667572023,151.53327037096025,105.69000124931335,185.1400020122528,66.27499858662486,167.63999602384865,107.36499500274658,222.33139514923096,79.23750667572023,151.53327037096025,105.69000124931335,185.1400020122528,66.27499858662486,167.63999602384865,107.36499500274658,222.33139514923096
4405444,Santa Cruz,13.780172023564589,-121.774128,36.965183,dry,0.0,79.23750667572023,151.53327037096025,123.10999822616577,236.22999688982964,69.51999836880714,182.43499598558992,138.15709829330444,250.71009016036987,79.23750667572023,151.53327037096025,123.10999822616577,236.22999688982964,69.51999836880714,182.43499598558992,138.15709829330444,250.71009016036987
4402560,Santa Cruz,1.0341867450385849,-121.790098,37.006996,dry,0.0,93.41878204345704,265.14551376700405,143.0500030517578,286.07000279426575,76.09999848809093,179.06999479606748,176.05749702453613,337.0701928138733,93.41878204345704,265.14551376700405,143.0500030517578,286.07000279426575,76.09999848809093,179.06999479606748,176.05749702453613,337.0701928138733
4402570,Santa Cruz,1.5657761258982437,-121.80063,36.946808,dry,0.0,79.23750667572023,151.53327037096025,123.52000331878662,232.57000055909157,76.7449983721599,187.7149960519746,138.15709829330444,250.71009016036987,79.23750667572023,151.53327037096025,123.52000331878662,232.57000055909157,76.7449983721599,187.7149960519746,138.15709829330444,250.71009016036987
4402571,Santa Cruz,1.463848947306607,-121.819842,36.881059,dry,0.0,79.23750667572023,151.53327037096025,112.0700011253357,209.69000244140625,67.69999848026782,191.6849961988628,109.97149848937988,193.0911934375763,79.23750667572023,151.53327037096025,112.0700011253357,209.69000244140625,67.69999848026782,191.6849961988628,109.97149848937988,193.0911934375763
4402576,Santa Cruz,9.142222235687251,-121.728753,36.942311,dry,0.0,79.23750667572023,151.53327037096025,114.14043344622073,211.8721744288569,69.51999836880714,182.43499598558992,153.09749460220337,282.29499101638794,79.23750667572023,151.53327037096025,114.04999852180481,211.82000064849854,69.51999836880714,182.43499598558992,153.09749460220337,282.29499101638794
4402608,Santa Cruz,1.471954451516967,-121.817852,36.87947,dry,0.0,79.23750667572023,151.53327037096025,107.05999946594238,202.0200023651123,67.69999848026782,191.6849961988628,109.97149848937988,193.0911934375763,79.23750667572023,151.53327037096025,107.05999946594238,202.0200023651123,67.69999848026782,191.6849961988628,109.97149848937988,193.0911934375763
4404667,Santa Cruz,15.037899579110563,-121.817952,36.895505,dry,0.0,79.23750667572023,151.53327037096025,114.02999806404114,210.3900022506714,67.69999848026782,191.6849961988628,134.08640003204346,240.07619261741638,79.23750667572023,151.53327037096025,114.02999806404114,210.3900022506714,67.69999848026782,191.6849961988628,134.08640003204346,240.07619261741638
4402616,Santa Cruz,3.1675691299734328,-121.829805,36.914477,dry,0.0,79.23750667572023,151.53327037096025,122.73444562488132,227.5855594476064,76.7449983721599,187.7149960519746,134.08640003204346,240.07619261741638,79.23750667572023,151.53327037096025,122.74000096321106,228.06000423431396,76.7449983721599,187.7149960519746,134.08640003204346,240.07619261741638
4402645,Santa Cruz,1.2494277056052745,-121.82508,36.882325,dry,0.0,79.23750667572023,151.53327037096025,112.0700011253357,209.69000244140625,67.69999848026782,191.6849961988628,109.97149848937988,193.0911934375763,79.23750667572023,151.53327037096025,112.0700011253357,209.69000244140625,67.69999848026782,191.6849961988628,109.97149848937988,193.0911934375763
4402646,Santa Cruz,1.4246230006364011,-121.828649,36.899508,dry,0.0,79.23750667572023,151.53327037096025,117.87000274658203,220.7500021457672,76.7449983721599,187.7149960519746,134.08640003204346,240.07619261741638,79.23750667572023,151.53327037096025,117.87000274658203,220.7500021457672,76.7449983721599,187.7149960519746,134.08640003204346,240.07619261741638
4402662,Santa Cruz,1.460303872759841,-121.809202,36.88724,dry,0.0,79.23750667572023,151.53327037096025,110.84999990463257,204.68999910354614,67.69999848026782,191.6849961988628,97.86939859390259,183.5908932685852,79.23750667572023,151.53327037096025,110.84999990463257,204.68999910354614,67.69999848026782,191.6849961988628,97.86939859390259,183.5908932685852
4404670,Santa Cruz,2.1508129091089305,-121.805565,36.88983,dry,0.0,79.23750667572023,151.53327037096025,106.75000071525574,197.81000089645386,67.69999848026782,191.6849961988628,97.86939859390259,183.5908932685852,79.23750667572023,151.53327037096025,106.75000071525574,197.81000089645386,67.69999848026782,191.6849961988628,97.86939859390259,183.5908932685852
4404671,Santa Cruz,25.00079072181193,-121.806064,36.882028,dry,0.0,79.23750667572023,151.53327037096025,104.64000082015991,195.6199975013733,67.69999848026782,191.6849961988628,97.86939859390259,183.5908932685852,79.23750667572023,151.53327037096025,104.64000082015991,195.6199975013733,67.69999848026782,191.6849961988628,97.86939859390259,183.5908932685852
4402696,Santa Cruz,13.203415778709696,-121.825053,36.888949,dry,0.0,79.23750667572023,151.53327037096025,113.04625068604946,211.56343840062618,67.69999848026782,191.6849961988628,109.97149848937988,193.0911934375763,79.23750667572023,151.53327037096025,112.0700011253357,209.69000244140625,67.69999848026782,191.6849961988628,109.97149848937988,193.0911934375763
4402698,Santa Cruz,0.7715721728738176,-121.829836,36.916065,dry,0.0,79.23750667572023,151.53327037096025,122.73000135421752,227.20600361824037,76.7449983721599,187.7149960519746,134.08640003204346,240.07619261741638,79.23750667572023,151.53327037096025,122.74000096321106,228.06000423431396,76.7449983721599,187.7149960519746,134.08640003204346,240.07619261741638
4402700,Santa Cruz,1.360376062759661,-121.82352,36.88335,dry,0.0,79.23750667572023,151.53327037096025,112.0700011253357,209.69000244140625,67.69999848026782,191.6849961988628,109.97149848937988,193.0911934375763,79.23750667572023,151.53327037096025,112.0700011253357,209.69000244140625,67.69999848026782,191.6849961988628,109.97149848937988,193.0911934375763
4402702,Santa Cruz,2.9980694350219994,-121.813885,36.887268,dry,0.0,79.23750667572023,151.53327037096025,110.84999990463257,204.68999910354614,67.69999848026782,191.6849961988628,109.97149848937988,193.0911934375763,79.23750667572023,151.53327037096025,110.84999990463257,204.68999910354614,67.69999848026782,191.6849961988628,109.97149848937988,193.0911934375763
4402725,Santa Cruz,2.307329661083029,-121.819398,36.877932,dry,0.0,79.23750667572023,151.53327037096025,107.05999946594238,202.0200023651123,67.69999848026782,191.6849961988628,109.97149848937988,193.0911934375763,79.23750667572023,151.53327037096025,107.05999946594238,202.0200023651123,67.69999848026782,191.6849961988628,109.97149848937988,193.0911934375763
4402769,Santa Cruz,2.449598757914876,-121.823501,36.879173,dry,0.0,79.23750667572023,151.53327037096025,107.05999946594238,202.0200023651123,67.69999848026782,191.6849961988628,109.97149848937988,193.0911934375763,79.23750667572023,151.53327037096025,107.05999946594238,202.0200023651123,67.69999848026782,191.6849961988628,109.97149848937988,193.0911934375763
4402771,Santa Cruz,2.441122023175694,-121.754476,36.96436,dry,0.0,79.23750667572023,151.53327037096025,118.52999758720398,225.26000094413757,69.51999836880714,182.43499598558992,129.63119411468506,222.34979557991028,79.23750667572023,151.53327037096025,118.52999758720398,225.26000094413757,69.51999836880714,182.43499598558992,129.63119411468506,222.34979557991028
4402775,Santa Cruz,22.052358770503584,-121.852559,36.933018,dry,0.0,79.23750667572023,151.53327037096025,124.7259610661673,243.0103665929322,76.7449983721599,187.7149960519746,130.32355142733374,237.59410835187376,79.23750667572023,151.53327037096025,124.39999747276306,242.30999898910522,76.7449983721599,187.7149960519746,127.87199854850769,235.97699284553528
4402780,Santa Cruz,9.050354105568426,-121.755668,36.936613,dry,0.0,79.23750667572023,151.53327037096025,114.88000011444092,213.82999992370605,69.51999836880714,182.43499598558992,101.1646978855133,198.14249396324158,79.23750667572023,151.53327037096025,114.88000011444092,213.82999992370605,69.51999836880714,182.43499598558992,101.1646978855133,198.14249396324158
4402789,Santa Cruz,9.338087877166856,-121.727445,36.938813,dry,0.0,79.23750667572023,151.53327037096025,113.02653034365909,209.34081576794998,69.51999836880714,182.43499598558992,133.18672037124634,248.25033971241547,79.23750667572023,151.53327037096025,114.04999852180481,211.82000064849854,69.51999836880714,182.43499598558992,153.09749460220337,282.29499101638794
4402795,Santa Cruz,4.046308315625354,-121.849566,36.943338,dry,0.0,79.23750667572023,151.53327037096025,134.1959989309311,253.98900185227396,76.7449983721599,187.7149960519746,154.18179321289062,290.07419342547655,79.23750667572023,151.53327037096025,137.0099983215332,256.020000398159,76.7449983721599,187.7149960519746,154.18179321289062,290.07419342547655
4404144,Santa Cruz,6.473664774664077,-121.841798,36.932485,dry,0.0,79.23750667572023,151.53327037096025,127.95000171661377,239.2799981124699,76.7449983721599,187.7149960519746,134.08640003204346,240.07619261741638,79.23750667572023,151.53327037096025,127.95000171661377,239.2799981124699,76.7449983721599,187.7149960519746,134.08640003204346,240.07619261741638
4402802,Santa Cruz,3.025543095257428,-122.221803,37.03447,dry,0.0,143.29941444396974,387.2854312002659,171.839994430542,473.21999740600586,88.85499844513834,219.46999588422477,177.3479986190796,354.27118991315365,143.29941444396974,387.2854312002659,171.839994430542,473.21999740600586,88.85499844513834,219.46999588422477,177.3479986190796,354.27118991315365
4402870,Santa Cruz,0.9388318651691204,-121.784455,36.962157,dry,0.0,79.23750667572023,151.53327037096025,123.79499894380571,237.04499768465757,69.51999836880714,182.43499598558992,138.15709829330444,250.71009016036987,79.23750667572023,151.53327037096025,123.10999822616577,236.22999688982964,69.51999836880714,182.43499598558992,138.15709829330444,250.71009016036987
4404676,Santa Cruz,5.828563095076391,-121.852968,36.938276,dry,0.0,79.23750667572023,151.53327037096025,127.6300003528595,249.25000524520874,76.7449983721599,187.7149960519746,130.5684413909912,242.64680326605838,79.23750667572023,151.53327037096025,127.6300003528595,249.25000524520874,76.7449983721599,187.7149960519746,127.87199854850769,235.97699284553528
4404677,Santa Cruz,3.2747591476493056,-121.844555,36.931808,dry,0.0,79.23750667572023,151.53327037096025,127.95000171661377,239.2799981124699,76.7449983721599,187.7149960519746,134.08640003204346,240.07619261741638,79.23750667572023,151.53327037096025,127.95000171661377,239.2799981124699,76.7449983721599,187.7149960519746,134.08640003204346,240.07619261741638
4404678,Santa Cruz,6.002502876088894,-121.84304,36.931739,dry,0.0,79.23750667572023,151.53327037096025,127.95000171661377,239.2799981124699,76.7449983721599,187.7149960519746,134.08640003204346,240.07619261741638,79.23750667572023,151.53327037096025,127.95000171661377,239.2799981124699,76.7449983721599,187.7149960519746,134.08640003204346,240.07619261741638
4403000,Santa Cruz,0.3794931844348556,-121.831688,36.916708,dry,0.0,79.23750667572023,151.53327037096025,125.30999660491943,233.42999815940857,76.7449983721599,187.7149960519746,134.08640003204346,240.07619261741638,79.23750667572023,151.53327037096025,125.30999660491943,233.42999815940857,76.7449983721599,187.7149960519746,134.08640003204346,240.07619261741638
4403012,Santa Cruz,2.649354162132463,-121.813078,36.907621,dry,0.0,79.23750667572023,151.53327037096025,120.10999941825867,218.81000065803528,76.7449983721599,187.7149960519746,134.08640003204346,240.07619261741638,79.23750667572023,151.53327037096025,120.10999941825867,218.81000065803528,76.7449983721599,187.7149960519746,134.08640003204346,240.07619261741638
4404261,Santa Cruz,15.678356141956206,-121.717544,36.911921,dry,0.0,79.23750667572023,151.53327037096025,108.01859024090646,192.41692270376745,69.51999836880714,182.43499598558992,104.31609773635864,198.88559532165527,79.23750667572023,151.53327037096025,107.25000023841858,194.16000056266785,69.51999836880714,182.43499598558992,104.31609773635864,198.88559532165527
4404262,Santa Cruz,12.376471425308145,-121.714504,36.9131,dry,0.0,79.23750667572023,151.53327037096025,108.74000132083893,193.1199984550476,69.51999836880714,182.43499598558992,104.31609773635864,198.88559532165527,79.23750667572023,151.53327037096025,108.74000132083893,193.1199984550476,69.51999836880714,182.43499598558992,104.31609773635864,198.88559532165527
4403072,Santa Cruz,2.1632725468086966,-121.817064,36.905981,dry,0.0,79.23750667572023,151.53327037096025,120.10999941825867,218.81000065803528,76.7449983721599,187.7149960519746,134.08640003204346,240.07619261741638,79.23750667572023,151.53327037096025,120.10999941825867,218.81000065803528,76.7449983721599,187.7149960519746,134.08640003204346,240.07619261741638
4403073,Santa Cruz,1.3410208976196851,-121.817549,36.907214,dry,0.0,79.23750667572023,151.53327037096025,120.10999941825867,218.81000065803528,76.7449983721599,187.7149960519746,134.08640003204346,240.07619261741638,79.23750667572023,151.53327037096025,120.10999941825867,218.81000065803528,76.7449983721599,187.7149960519746,134.08640003204346,240.07619261741638
4404345,Santa Cruz,36.49720424927402,-121.8179,36.899813,dry,0.0,79.23750667572023,151.53327037096025,114.73031235614997,211.35984499916356,76.7449983721599,187.7149960519746,134.08640003204346,240.07619261741638,79.23750667572023,151.53327037096025,114.02999806404114,210.3900022506714,76.7449983721599,187.7149960519746,134.08640003204346,240.07619261741638
4403095,Santa Cruz,3.2715651295069743,-121.811979,36.899932,dry,0.0,79.23750667572023,151.53327037096025,114.02999806404114,210.3900022506714,76.7449983721599,187.7149960519746,134.08640003204346,240.07619261741638,79.23750667572023,151.53327037096025,114.02999806404114,210.3900022506714,76.7449983721599,187.7149960519746,134.08640003204346,240.07619261741638
4403096,Santa Cruz,3.721867151566512,-121.810125,36.900775,dry,0.0,79.23750667572023,151.53327037096025,109.72000193595886,203.37999987602234,76.7449983721599,187.7149960519746,120.51449966430664,212.02269220352173,79.23750667572023,151.53327037096025,109.72000193595886,203.37999987602234,76.7449983721599,187.7149960519746,120.51449966430664,212.02269220352173
4403097,Santa Cruz,3.4167447296608398,-121.810282,36.899513,dry,0.0,79.23750667572023,151.53327037096025,109.72000193595886,203.37999987602234,76.7449983721599,187.7149960519746,120.51449966430664,212.02269220352173,79.23750667572023,151.53327037096025,109.72000193595886,203.37999987602234,76.7449983721599,187.7149960519746,120.51449966430664,212.02269220352173
4403098,Santa Cruz,2.0646471974413902,-121.808635,36.901294,dry,0.0,79.23750667572023,151.53327037096025,109.72000193595886,203.37999987602234,76.7449983721599,187.7149960519746,120.51449966430664,212.02269220352173,79.23750667572023,151.53327037096025,109.72000193595886,203.37999987602234,76.7449983721599,187.7149960519746,120.51449966430664,212.02269220352173
4403099,Santa Cruz,0.9264766148840622,-121.808858,36.902567,dry,0.0,79.23750667572023,151.53327037096025,109.72000193595886,203.37999987602234,76.7449983721599,187.7149960519746,120.51449966430664,212.02269220352173,79.23750667572023,151.53327037096025,109.72000193595886,203.37999987602234,76.7449983721599,187.7149960519746,120.51449966430664,212.02269220352173
4404686,Santa Cruz,12.322986648490373,-121.81908,36.893182,dry,0.0,79.23750667572023,151.53327037096025,111.67338414925797,206.31230737246003,67.69999848026782,191.6849961988628,114.79447879791262,202.4881932735443,79.23750667572023,151.53327037096025,110.84999990463257,204.68999910354614,67.69999848026782,191.6849961988628,109.97149848937988,193.0911934375763
4405204,Santa Cruz,4.813367213026112,-121.820921,36.892605,dry,0.0,79.23750667572023,151.53327037096025,114.09799985885621,213.0499981880188,67.69999848026782,191.6849961988628,109.97149848937988,193.0911934375763,79.23750667572023,151.53327037096025,114.90999984741211,215.13999795913696,67.69999848026782,191.6849961988628,109.97149848937988,193.0911934375763
4404687,Santa Cruz,5.050951620162451,-121.819976,36.89142,dry,0.0,79.23750667572023,151.53327037096025,111.47461528044481,206.2976912351755,67.69999848026782,191.6849961988628,109.97149848937988,193.0911934375763,79.23750667572023,151.53327037096025,110.84999990463257,204.68999910354614,67.69999848026782,191.6849961988628,109.97149848937988,193.0911934375763
4404346,Santa Cruz,7.901196671449344,-121.816503,36.894216,dry,0.0,79.23750667572023,151.53327037096025,113.09926689543374,208.72170864663474,67.69999848026782,191.6849961988628,127.02838006833703,226.32448554039004,79.23750667572023,151.53327037096025,114.02999806404114,210.3900022506714,67.69999848026782,191.6849961988628,134.08640003204346,240.07619261741638
4404347,Santa Cruz,16.819414044434648,-121.827664,36.888761,dry,0.0,79.23750667572023,151.53327037096025,112.79651242633197,211.08418734129086,67.69999848026782,191.6849961988628,109.97149848937988,193.0911934375763,79.23750667572023,151.53327037096025,112.0700011253357,209.69000244140625,67.69999848026782,191.6849961988628,109.97149848937988,193.0911934375763
4404348,Santa Cruz,19.87674986530402,-121.78856,36.892623,dry,0.0,79.23750667572023,151.53327037096025,106.36999917030334,194.82999527454376,65.42499778792262,177.3949949434027,102.35357702368557,189.22095246362213,79.23750667572023,151.53327037096025,106.36999917030334,194.82999527454376,65.42499778792262,177.3949949434027,97.86939859390259,183.5908932685852
4404349,Santa Cruz,16.737652904214315,-121.826175,36.886347,dry,0.0,79.23750667572023,151.53327037096025,112.0700011253357,209.69000244140625,67.69999848026782,191.6849961988628,109.97149848937988,193.0911934375763,79.23750667572023,151.53327037096025,112.0700011253357,209.69000244140625,67.69999848026782,191.6849961988628,109.97149848937988,193.0911934375763
4404350,Santa Cruz,33.07724781783626,-121.806422,36.879009,dry,0.0,79.23750667572023,151.53327037096025,104.64000082015991,195.6199975013733,67.69999848026782,191.6849961988628,97.86939859390259,183.5908932685852,79.23750667572023,151.53327037096025,104.64000082015991,195.6199975013733,67.69999848026782,191.6849961988628,97.86939859390259,183.5908932685852
4403165,Santa Cruz,2.1483580269950733,-121.822328,36.884312,dry,0.0,79.23750667572023,151.53327037096025,112.0700011253357,209.69000244140625,67.69999848026782,191.6849961988628,109.97149848937988,193.0911934375763,79.23750667572023,151.53327037096025,112.0700011253357,209.69000244140625,67.69999848026782,191.6849961988628,109.97149848937988,193.0911934375763
4403200,Santa Cruz,1.2508305335776058,-121.82787,36.91573,dry,0.0,79.23750667572023,151.53327037096025,122.69000291824341,223.79000115394592,76.7449983721599,187.7149960519746,134.08640003204346,240.07619261741638,79.23750667572023,151.53327037096025,122.69000291824341,223.79000115394592,76.7449983721599,187.7149960519746,134.08640003204346,240.07619261741638
4403237,Santa Cruz,13.686289284601555,-121.812729,36.89802,dry,0.0,79.23750667572023,151.53327037096025,113.84528394426619,210.08957357747215,70.80114130034511,190.32385329135823,132.72920999526977,237.27084257602687,79.23750667572023,151.53327037096025,114.02999806404114,210.3900022506714,67.69999848026782,191.6849961988628,134.08640003204346,240.07619261741638
4403242,Santa Cruz,2.3484559543177896,-121.810414,36.898899,dry,0.0,79.23750667572023,151.53327037096025,109.72000193595886,203.37999987602234,76.7449983721599,187.7149960519746,120.51449966430664,212.02269220352173,79.23750667572023,151.53327037096025,109.72000193595886,203.37999987602234,76.7449983721599,187.7149960519746,120.51449966430664,212.02269220352173
4403273,Santa Cruz,4.153301475497409,-121.808507,36.898859,dry,0.0,79.23750667572023,151.53327037096025,109.72000193595886,203.37999987602234,76.7449983721599,187.7149960519746,120.51449966430664,212.02269220352173,79.23750667572023,151.53327037096025,109.72000193595886,203.37999987602234,76.7449983721599,187.7149960519746,120.51449966430664,212.02269220352173
4404269,Santa Cruz,7.672247748907445,-121.837232,36.913115,dry,0.0,79.23750667572023,151.53327037096025,122.74000096321106,228.06000423431396,76.7449983721599,187.7149960519746,134.08640003204346,240.07619261741638,79.23750667572023,151.53327037096025,122.74000096321106,228.06000423431396,76.7449983721599,187.7149960519746,134.08640003204346,240.07619261741638
4404365,Santa Cruz,50.67612809393972,-121.815568,36.883322,dry,0.0,79.23750667572023,151.53327037096025,108.2905777491056,202.20196115603815,67.69999848026782,191.6849961988628,109.97149848937988,193.0911934375763,79.23750667572023,151.53327037096025,104.64000082015991,195.6199975013733,67.69999848026782,191.6849961988628,109.97149848937988,193.0911934375763
4404479,Santa Cruz,5.469609269925701,-121.756623,36.933476,dry,0.0,79.23750667572023,151.53327037096025,112.1899995803833,207.65999698638916,69.51999836880714,182.43499598558992,101.1646978855133,198.14249396324158,79.23750667572023,151.53327037096025,112.1899995803833,207.65999698638916,69.51999836880714,182.43499598558992,101.1646978855133,198.14249396324158
4404523,Santa Cruz,0.5687031765334128,-121.821043,36.920056,dry,0.0,79.23750667572023,151.53327037096025,122.69000291824341,223.79000115394592,76.7449983721599,187.7149960519746,134.08640003204346,240.07619261741638,79.23750667572023,151.53327037096025,122.69000291824341,223.79000115394592,76.7449983721599,187.7149960519746,134.08640003204346,240.07619261741638
4405212,Santa Cruz,17.005330073081005,-121.825078,36.910369,dry,0.0,79.23750667572023,151.53327037096025,121.55816130254462,223.66804843113343,76.7449983721599,187.7149960519746,134.08640003204346,240.07619261741638,79.23750667572023,151.53327037096025,122.74000096321106,228.06000423431396,76.7449983721599,187.7149960519746,134.08640003204346,240.07619261741638
4404699,Santa Cruz,29.452647347162884,-121.805523,36.866061,dry,0.0040201269098887,79.23750667572023,151.53327037096025,100.20980177809862,186.42291540262715,67.69999848026782,191.6849961988628,97.86939859390259,183.5908932685852,79.23750667572023,151.53327037096025,99.50000047683716,184.72000133991241,67.69999848026782,191.6849961988628,97.86939859390259,183.5908932685852
4404700,Santa Cruz,12.71728832424241,-121.815996,36.919677,dry,0.0,79.23750667572023,151.53327037096025,120.24419328089685,220.87838745333497,76.7449983721599,187.7149960519746,134.08640003204346,240.07619261741638,79.23750667572023,151.53327037096025,116.74999833106995,215.67000150680542,76.7449983721599,187.7149960519746,134.08640003204346,240.07619261741638
4404702,Santa Cruz,24.119652929887398,-121.867545,36.945873,dry,0.0,79.23750667572023,151.53327037096025,127.91999912261963,259.00999784469604,76.7449983721599,187.7149960519746,146.06649541854858,284.6426968574524,79.23750667572023,151.53327037096025,127.91999912261963,259.00999784469604,76.7449983721599,187.7149960519746,146.06649541854858,284.6426968574524
4404777,Santa Cruz,1.609541067569105,-121.802142,36.946519,dry,0.0,79.23750667572023,151.53327037096025,123.89800300598145,233.0540000796318,76.7449983721599,187.7149960519746,138.15709829330444,250.71009016036987,79.23750667572023,151.53327037096025,123.52000331878662,232.57000055909157,76.7449983721599,187.7149960519746,138.15709829330444,250.71009016036987
4404760,Santa Cruz,1.2971119330659375,-121.800814,36.945309,dry,0.0,79.23750667572023,151.53327037096025,123.52000331878662,232.57000055909157,76.7449983721599,187.7149960519746,138.15709829330444,250.71009016036987,79.23750667572023,151.53327037096025,123.52000331878662,232.57000055909157,76.7449983721599,187.7149960519746,138.15709829330444,250.71009016036987
4404703,Santa Cruz,0.7702295891915397,-121.848091,36.936771,dry,0.0,79.23750667572023,151.53327037096025,127.6300003528595,249.25000524520874,76.7449983721599,187.7149960519746,134.08640003204346,240.07619261741638,79.23750667572023,151.53327037096025,127.6300003528595,249.25000524520874,76.7449983721599,187.7149960519746,134.08640003204346,240.07619261741638
4404746,Santa Cruz,1.6033048993805148,-121.813507,36.923217,dry,0.0,79.23750667572023,151.53327037096025,123.62000155448914,225.92999809980392,76.7449983721599,187.7149960519746,134.08640003204346,240.07619261741638,79.23750667572023,151.53327037096025,123.62000155448914,225.92999809980392,76.7449983721599,187.7149960519746,134.08640003204346,240.07619261741638
4404728,Santa Cruz,10.81300691972286,-121.812803,36.927563,dry,0.0,79.23750667572023,151.53327037096025,123.62000155448914,225.92999809980392,76.7449983721599,187.7149960519746,133.11697857720512,238.07237115928106,79.23750667572023,151.53327037096025,123.62000155448914,225.92999809980392,76.7449983721599,187.7149960519746,134.08640003204346,240.07619261741638
4404715,Santa Cruz,5.1638605919968885,-121.641483,36.901624,dry,0.0,79.23750667572023,151.53327037096025,105.32200102806092,184.31400146484376,66.27499858662486,167.63999602384865,107.36499500274658,222.33139514923096,79.23750667572023,151.53327037096025,105.69000124931335,185.1400020122528,66.27499858662486,167.63999602384865,107.36499500274658,222.33139514923096
4404737,Santa Cruz,4.872975308524496,-121.79981,36.912282,dry,0.0,79.23750667572023,151.53327037096025,112.35999989509583,206.87000012397766,76.7449983721599,187.7149960519746,120.51449966430664,212.02269220352173,79.23750667572023,151.53327037096025,112.35999989509583,206.87000012397766,76.7449983721599,187.7149960519746,120.51449966430664,212.02269220352173
4404745,Santa Cruz,12.425013000431068,-121.702531,36.919753,dry,0.0,79.23750667572023,151.53327037096025,109.00999987125397,193.81999814510345,69.51999836880714,182.43499598558992,104.31609773635864,198.88559532165527,79.23750667572023,151.53327037096025,109.00999987125397,193.81999814510345,69.51999836880714,182.43499598558992,104.31609773635864,198.88559532165527
4405475,Santa Cruz,10.100941740011798,-121.775208,36.966613,dry,0.0,79.23750667572023,151.53327037096025,123.10999822616577,236.22999688982964,69.51999836880714,182.43499598558992,138.15709829330444,250.71009016036987,79.23750667572023,151.53327037096025,123.10999822616577,236.22999688982964,69.51999836880714,182.43499598558992,138.15709829330444,250.71009016036987
4405476,Santa Cruz,19.83186014878222,-121.638415,36.901532,dry,0.0,79.23750667572023,151.53327037096025,104.68339969158171,182.70739902973173,66.27499858662486,167.63999602384865,107.36499500274658,222.33139514923096,79.23750667572023,151.53327037096025,103.85000014305115,181.00999927520752,66.27499858662486,167.63999602384865,107.36499500274658,222.33139514923096
4405322,Santa Cruz,6.2654914592188256,-121.727596,36.957838,dry,0.0,79.23750667572023,151.53327037096025,117.75999617576599,218.7999997138977,69.51999836880714,182.43499598558992,153.09749460220337,282.29499101638794,79.23750667572023,151.53327037096025,117.75999617576599,218.7999997138977,69.51999836880714,182.43499598558992,153.09749460220337,282.29499101638794
4404618,Santa Cruz,11.19460368784552,-121.867959,36.943291,dry,0.0,79.23750667572023,151.53327037096025,127.91999912261963,259.00999784469604,76.7449983721599,187.7149960519746,146.06649541854858,284.6426968574524,79.23750667572023,151.53327037096025,127.91999912261963,259.00999784469604,76.7449983721599,187.7149960519746,146.06649541854858,284.6426968574524
4405303,Santa Cruz,5.037714512884435,-121.865103,36.945235,dry,0.0,79.23750667572023,151.53327037096025,127.91999912261963,259.00999784469604,76.7449983721599,187.7149960519746,146.06649541854858,284.6426968574524,79.23750667572023,151.53327037096025,127.91999912261963,259.00999784469604,76.7449983721599,187.7149960519746,146.06649541854858,284.6426968574524
4405283,Santa Cruz,1.2421052044338696,-121.753654,36.949712,dry,0.0,79.23750667572023,151.53327037096025,117.44999551773071,220.51999807357788,69.51999836880714,182.43499598558992,129.63119411468506,222.34979557991028,79.23750667572023,151.53327037096025,117.44999551773071,220.51999807357788,69.51999836880714,182.43499598558992,129.63119411468506,222.34979557991028
4405292,Santa Cruz,4.005814423288171,-121.799957,36.914124,dry,0.0,79.23750667572023,151.53327037096025,112.35999989509583,206.87000012397766,76.7449983721599,187.7149960519746,120.51449966430664,212.02269220352173,79.23750667572023,151.53327037096025,112.35999989509583,206.87000012397766,76.7449983721599,187.7149960519746,120.51449966430664,212.02269220352173
4405479,Santa Cruz,8.151469447671928,-121.79604,36.913829,dry,0.0,79.23750667572023,151.53327037096025,112.35999989509583,206.87000012397766,69.51999836880714,182.43499598558992,120.51449966430664,212.02269220352173,79.23750667572023,151.53327037096025,112.35999989509583,206.87000012397766,69.51999836880714,182.43499598558992,120.51449966430664,212.02269220352173
4405270,Santa Cruz,1.8256558284101208,-121.797273,36.917591,dry,0.0,79.23750667572023,151.53327037096025,115.53000116348267,212.82999968528748,69.51999836880714,182.43499598558992,120.51449966430664,212.02269220352173,79.23750667572023,151.53327037096025,115.53000116348267,212.82999968528748,69.51999836880714,182.43499598558992,120.51449966430664,212.02269220352173
4405305,Santa Cruz,1.1504151893108765,-121.644596,36.897501,dry,0.0,79.23750667572023,151.53327037096025,102.24000036716461,178.12000024318695,68.78499916661531,163.3999965954572,107.36499500274658,222.33139514923096,79.23750667572023,151.53327037096025,102.24000036716461,178.12000024318695,68.78499916661531,163.3999965954572,107.36499500274658,222.33139514923096
4405238,Santa Cruz,20.25472898625388,-121.781393,36.89069,dry,0.0,79.23750667572023,151.53327037096025,106.62327082799032,192.48730694330655,65.42499778792262,177.3949949434027,97.86939859390259,183.5908932685852,79.23750667572023,151.53327037096025,106.76000165939331,192.6499992609024,65.42499778792262,177.3949949434027,97.86939859390259,183.5908932685852
4401813,Santa Cruz,9.939797582302454,-121.784938,36.894468,dry,0.0,79.23750667572023,151.53327037096025,106.48249988831007,194.2011502706087,65.42499778792262,177.3949949434027,114.41774168381326,204.36797710565418,79.23750667572023,151.53327037096025,106.36999917030334,194.82999527454376,65.42499778792262,177.3949949434027,120.51449966430664,212.02269220352173
4405299,Santa Cruz,2.5200871737682458,-121.850481,36.924736,dry,0.0,79.23750667572023,151.53327037096025,122.28000092506409,236.46000218391418,76.7449983721599,187.7149960519746,134.08640003204346,240.07619261741638,79.23750667572023,151.53327037096025,122.28000092506409,236.46000218391418,76.7449983721599,187.7149960519746,134.08640003204346,240.07619261741638
4405529,Santa Cruz,1.1469104656458846,-121.758703,36.975685,dry,0.0,79.23750667572023,151.53327037096025,122.37999749183655,239.3499998152256,69.51999836880714,182.43499598558992,129.63119411468506,222.34979557991028,79.23750667572023,151.53327037096025,122.37999749183655,239.3499998152256,69.51999836880714,182.43499598558992,129.63119411468506,222.34979557991028
4405549,Santa Cruz,0.930225983003696,-121.745513,36.959535,dry,0.0,79.23750667572023,151.53327037096025,118.52999758720398,225.26000094413757,69.51999836880714,182.43499598558992,129.63119411468506,222.34979557991028,79.23750667572023,151.53327037096025,118.52999758720398,225.26000094413757,69.51999836880714,182.43499598558992,129.63119411468506,222.34979557991028
4405566,Santa Cruz,1.3238421933649898,-121.801115,36.947209,dry,0.0,79.23750667572023,151.53327037096025,123.52000331878662,232.57000055909157,76.7449983721599,187.7149960519746,138.15709829330444,250.71009016036987,79.23750667572023,151.53327037096025,123.52000331878662,232.57000055909157,76.7449983721599,187.7149960519746,138.15709829330444,250.71009016036987
4405569,Santa Cruz,19.7443427093805,-121.696855,36.92751,dry,0.0,79.23750667572023,151.53327037096025,110.77000033855438,200.63999843597412,66.27499858662486,167.63999602384865,104.31609773635864,198.88559532165527,79.23750667572023,151.53327037096025,110.77000033855438,200.63999843597412,66.27499858662486,167.63999602384865,104.31609773635864,198.88559532165527
4405574,Santa Cruz,0.8202415569724261,-121.825186,36.907637,dry,0.0,79.23750667572023,151.53327037096025,122.08250057697296,225.7475033402443,76.7449983721599,187.7149960519746,134.08640003204346,240.07619261741638,79.23750667572023,151.53327037096025,122.74000096321106,228.06000423431396,76.7449983721599,187.7149960519746,134.08640003204346,240.07619261741638
4405555,Santa Cruz,1.3541918264294732,-121.821535,36.90448,dry,0.0,79.23750667572023,151.53327037096025,120.10999941825867,218.81000065803528,76.7449983721599,187.7149960519746,134.08640003204346,240.07619261741638,79.23750667572023,151.53327037096025,120.10999941825867,218.81000065803528,76.7449983721599,187.7149960519746,134.08640003204346,240.07619261741638
4405525,Santa Cruz,2.3457741163150265,-121.772758,36.891812,dry,0.0,79.23750667572023,151.53327037096025,105.5799994468689,188.13999593257904,65.42499778792262,177.3949949434027,97.86939859390259,183.5908932685852,79.23750667572023,151.53327037096025,105.5799994468689,188.13999593257904,65.42499778792262,177.3949949434027,97.86939859390259,183.5908932685852
4405506,Santa Cruz,17.85067869515812,-121.812187,36.876826,dry,0.0,79.23750667572023,151.53327037096025,104.39296781623756,195.15318469686824,67.69999848026782,191.6849961988628,106.11478533587614,190.06362525185386,79.23750667572023,151.53327037096025,104.64000082015991,195.6199975013733,67.69999848026782,191.6849961988628,109.97149848937988,193.0911934375763
4405582,Santa Cruz,3.607538537407288,-121.642656,36.902807,dry,0.0,79.23750667572023,151.53327037096025,105.69000124931335,185.1400020122528,66.27499858662486,167.63999602384865,107.36499500274658,222.33139514923096,79.23750667572023,151.53327037096025,105.69000124931335,185.1400020122528,66.27499858662486,167.63999602384865,107.36499500274658,222.33139514923096
4405583,Santa Cruz,2.372150975698368,-121.641399,36.900715,dry,0.0,79.23750667572023,151.53327037096025,105.5366678237915,184.79583511749905,66.27499858662486,167.63999602384865,107.36499500274658,222.33139514923096,79.23750667572023,151.53327037096025,105.69000124931335,185.1400020122528,66.27499858662486,167.63999602384865,107.36499500274658,222.33139514923096
4405552,Santa Cruz,14.31354578424247,-121.771916,36.888941,dry,0.0,79.23750667572023,151.53327037096025,105.50328706062004,188.05122941650762,65.42499778792262,177.3949949434027,97.26453272283895,182.77882777828063,79.23750667572023,151.53327037096025,105.5799994468689,188.13999593257904,65.42499778792262,177.3949949434027,97.86939859390259,183.5908932685852
4405531,Santa Cruz,0.269864282030318,-121.811074,36.888305,dry,0.0,79.23750667572023,151.53327037096025,110.84999990463257,204.68999910354614,67.69999848026782,191.6849961988628,97.86939859390259,183.5908932685852,79.23750667572023,151.53327037096025,110.84999990463257,204.68999910354614,67.69999848026782,191.6849961988628,97.86939859390259,183.5908932685852
4405534,Santa Cruz,20.506207551608316,-121.849872,36.930688,dry,0.0,79.23750667572023,151.53327037096025,124.39999747276306,242.30999898910522,76.7449983721599,187.7149960519746,134.08640003204346,240.07619261741638,79.23750667572023,151.53327037096025,124.39999747276306,242.30999898910522,76.7449983721599,187.7149960519746,134.08640003204346,240.07619261741638
4405542,Santa Cruz,1.1666607711822714,-121.800652,36.913298,dry,0.0,79.23750667572023,151.53327037096025,112.35999989509583,206.87000012397766,76.7449983721599,187.7149960519746,120.51449966430664,212.02269220352173,79.23750667572023,151.53327037096025,112.35999989509583,206.87000012397766,76.7449983721599,187.7149960519746,120.51449966430664,212.02269220352173
4405512,Santa Cruz,4.498426875641692,-121.798181,36.917585,dry,0.0,79.23750667572023,151.53327037096025,115.53000116348267,212.82999968528748,73.85499837081879,185.6029960254207,120.51449966430664,212.02269220352173,79.23750667572023,151.53327037096025,115.53000116348267,212.82999968528748,76.7449983721599,187.7149960519746,120.51449966430664,212.02269220352173
4400729,Santa Cruz,48.07761539619631,-121.855302,36.93418,dry,0.0,79.23750667572023,151.53327037096025,125.69462750470342,247.66723443456917,76.7449983721599,187.7149960519746,127.97471592840085,236.04474821366554,79.23750667572023,151.53327037096025,124.39999747276306,242.30999898910522,76.7449983721599,187.7149960519746,127.87199854850769,235.97699284553528
2723788,Monterey,52.52761496303827,-121.608912,36.764152,dry,0.0,79.23750667572023,151.53327037096025,68.72118541752852,127.2579993247986,64.07499833405018,159.3199963029474,75.66589742898941,145.40639805793762,79.23750667572023,151.53327037096025,68.67999792098999,126.27999687194824,64.07499833405018,159.3199963029474,75.66589742898941,145.40639805793762
2723789,Monterey,18.59490155440471,-121.605612,36.77416,dry,0.0,79.23750667572023,151.53327037096025,71.05343916267157,134.07843594253063,64.07499833405018,159.3199963029474,88.76053168190022,180.83805626879135,79.23750667572023,151.53327037096025,71.13000178337097,134.32999849319458,64.07499833405018,159.3199963029474,88.0411993265152,177.53199672698975
2716605,Monterey,10.31749207831361,-121.574266,36.69264,dry,0.0,79.23750667572023,151.53327037096025,60.4290560303994,96.19509410858154,64.07999862823635,150.48499644175172,73.9185996055603,145.1719937324524,79.23750667572023,151.53327037096025,60.17999970912933,96.47999954223633,64.07999862823635,150.48499644175172,73.9185996055603,145.1719937324524
2714956,Monterey,1.0060730338456063,-121.569613,36.648603,dry,0.0,79.23750667572023,151.53327037096025,56.74000024795532,83.29999995231628,64.07999862823635,150.48499644175172,71.53239694237709,128.10999476909637,79.23750667572023,151.53327037096025,56.74000024795532,83.29999995231628,64.07999862823635,150.48499644175172,71.53239694237709,128.10999476909637
2722509,Monterey,13.955142315125682,-121.619097,36.721481,dry,0.0,79.23750667572023,151.53327037096025,60.90985278346959,104.02823643123403,64.07499833405018,159.3199963029474,68.79999887943268,115.69179797172546,79.23750667572023,151.53327037096025,61.14999997615814,105.53000164031982,64.07499833405018,159.3199963029474,68.79999887943268,115.69179797172546
2723792,Monterey,14.848797086649553,-121.61848,36.722859,dry,0.0,79.23750667572023,151.53327037096025,60.92213336785634,103.81040095647177,64.07499833405018,159.3199963029474,68.79999887943268,115.69179797172546,79.23750667572023,151.53327037096025,61.14999997615814,105.53000164031982,64.07499833405018,159.3199963029474,68.79999887943268,115.69179797172546
2722698,Monterey,7.367147785676845,-121.617207,36.72405,dry,0.0,79.23750667572023,151.53327037096025,61.63611328932974,105.50083384248947,64.07499833405018,159.3199963029474,68.79999887943268,115.69179797172546,79.23750667572023,151.53327037096025,61.650002241134644,105.50000047683716,64.07499833405018,159.3199963029474,68.79999887943268,115.69179797172546
2722699,Monterey,7.880567189479526,-121.618814,36.724718,dry,0.0,79.23750667572023,151.53327037096025,61.28953549196554,105.5216292226037,64.07499833405018,159.3199963029474,68.79999887943268,115.69179797172546,79.23750667572023,151.53327037096025,61.14999997615814,105.53000164031982,64.07499833405018,159.3199963029474,68.79999887943268,115.69179797172546
2722700,Monterey,8.157877477398145,-121.616893,36.726421,dry,0.0,79.23750667572023,151.53327037096025,61.650002241134644,105.50000047683716,64.07499833405018,159.3199963029474,68.79999887943268,115.69179797172546,79.23750667572023,151.53327037096025,61.650002241134644,105.50000047683716,64.07499833405018,159.3199963029474,68.79999887943268,115.69179797172546
2722702,Monterey,10.798782558048163,-121.614772,36.727274,dry,0.0,79.23750667572023,151.53327037096025,61.650002241134644,105.50000047683716,64.07499833405018,159.3199963029474,71.59721680702987,127.79774615499709,79.23750667572023,151.53327037096025,61.650002241134644,105.50000047683716,64.07499833405018,159.3199963029474,68.79999887943268,115.69179797172546
2725352,Monterey,68.43760414154099,-121.610817,36.724065,dry,0.0,79.23750667572023,151.53327037096025,61.262946729957214,103.79124669245213,64.07499833405018,159.3199963029474,68.79999887943268,115.69179797172546,79.23750667572023,151.53327037096025,61.650002241134644,105.50000047683716,64.07499833405018,159.3199963029474,68.79999887943268,115.69179797172546
2723730,Monterey,6.378588952142464,-121.610371,36.715953,dry,0.0,79.23750667572023,151.53327037096025,60.4399995803833,101.09000015258789,64.07499833405018,159.3199963029474,68.79999887943268,115.69179797172546,79.23750667572023,151.53327037096025,60.4399995803833,101.09000015258789,64.07499833405018,159.3199963029474,68.79999887943268,115.69179797172546
2724430,Monterey,11.35481996460918,-121.576781,36.691261,dry,0.0,79.23750667572023,151.53327037096025,59.69896605508082,93.82655194710043,64.07999862823635,150.48499644175172,73.9185996055603,145.1719937324524,79.23750667572023,151.53327037096025,59.56000077724457,93.0600004196167,64.07999862823635,150.48499644175172,73.9185996055603,145.1719937324524
2725354,Monterey,48.78148811305451,-121.616452,36.616475,dry,0.0,79.23750667572023,151.53327037096025,55.25383441815734,86.10660075952885,69.01499871443957,159.37999580148607,70.22369799017906,129.16409540176392,79.23750667572023,151.53327037096025,55.2400004863739,85.99000000953674,69.01499871443957,159.37999580148607,70.22369799017906,129.16409540176392
2701301,Monterey,14.215357471060246,-121.5619,36.635977,dry,0.0,79.23750667572023,151.53327037096025,57.49999928474426,82.84000062942505,64.07999862823635,150.48499644175172,73.45779949426651,149.02059602737427,79.23750667572023,151.53327037096025,57.49999928474426,82.84000062942505,64.07999862823635,150.48499644175172,73.45779949426651,149.02059602737427
2725357,Monterey,53.41656239714164,-121.540393,36.633398,dry,0.0,79.23750667572023,151.53327037096025,61.578043566233866,102.52499946303989,64.07999862823635,150.48499644175172,73.45779949426651,149.02059602737427,79.23750667572023,151.53327037096025,61.700000047683716,103.01999950408936,64.07999862823635,150.48499644175172,73.45779949426651,149.02059602737427
2701531,Monterey,22.13205286457732,-121.570667,36.624402,dry,0.0,79.23750667572023,151.53327037096025,58.12052622594332,96.66473727477225,64.07999862823635,150.48499644175172,72.10789903998375,133.1843979358673,79.23750667572023,151.53327037096025,57.500000953674316,91.26000118255615,64.07999862823635,150.48499644175172,72.10789903998375,133.1843979358673
2701578,Monterey,8.764594230133667,-121.570874,36.642747,dry,0.0,79.23750667572023,151.53327037096025,56.72400029500326,83.28666650454203,64.07999862823635,150.48499644175172,72.10789903998375,133.1843979358673,79.23750667572023,151.53327037096025,56.74000024795532,83.29999995231628,64.07999862823635,150.48499644175172,72.10789903998375,133.1843979358673
2700885,Monterey,25.025493996405192,-121.536605,36.633501,dry,0.0,79.23750667572023,151.53327037096025,62.033134223809874,105.19462672276283,64.07999862823635,150.48499644175172,73.45779949426651,149.02059602737427,79.23750667572023,151.53327037096025,61.700000047683716,103.01999950408936,64.07999862823635,150.48499644175172,73.45779949426651,149.02059602737427
2716341,Monterey,19.72448774752044,-121.480014,36.612769,dry,0.0,67.2694429397583,130.8699892103672,72.94000101089478,161.6699981689453,63.6199984382838,143.3249965114519,73.80431306834268,158.02166397972863,67.2694429397583,130.8699892103672,72.94000101089478,161.6699981689453,63.6199984382838,143.3249965114519,73.37579786777496,157.26659512519836
2700718,Monterey,18.70830797808416,-121.585647,36.624443,dry,0.0,79.23750667572023,151.53327037096025,56.828210489373454,88.09410444560804,64.07999862823635,150.48499644175172,72.10789903998375,133.1843979358673,79.23750667572023,151.53327037096025,56.949999928474426,88.60999917984009,64.07999862823635,150.48499644175172,72.10789903998375,133.1843979358673
2700533,Monterey,5.20918731216585,-121.536296,36.627941,dry,0.0,79.23750667572023,151.53327037096025,63.13999938964844,112.42000102996826,64.07999862823635,150.48499644175172,73.45779949426651,149.02059602737427,79.23750667572023,151.53327037096025,63.13999938964844,112.42000102996826,64.07999862823635,150.48499644175172,73.45779949426651,149.02059602737427
2700107,Monterey,14.346757199198969,-121.559728,36.635114,dry,0.0,79.23750667572023,151.53327037096025,58.29135158255294,92.80324426857202,64.07999862823635,150.48499644175172,73.45779949426651,149.02059602737427,79.23750667572023,151.53327037096025,58.72000074386597,98.20000123977661,64.07999862823635,150.48499644175172,73.45779949426651,149.02059602737427
2715531,Monterey,5.208466822843537,-121.54349,36.623163,dry,0.0,79.23750667572023,151.53327037096025,61.53999853134155,105.86999893188477,64.07999862823635,150.48499644175172,73.45779949426651,149.02059602737427,79.23750667572023,151.53327037096025,61.53999853134155,105.86999893188477,64.07999862823635,150.48499644175172,73.45779949426651,149.02059602737427
2715519,Monterey,21.95826835470403,-121.60826,36.62116,dry,0.0,79.23750667572023,151.53327037096025,55.43684755359684,85.06567595456096,69.01499871443957,159.37999580148607,70.22369799017906,129.16409540176392,79.23750667572023,151.53327037096025,55.47000074386597,84.91000032424927,69.01499871443957,159.37999580148607,70.22369799017906,129.16409540176392
2725362,Monterey,33.286025226099355,-121.612811,36.607577,partial,0.1688478041246013,79.23750667572023,151.53327037096025,55.62894099600174,87.1645879352794,69.01499871443957,159.37999580148607,70.9917781047523,136.61107516288757,79.23750667572023,151.53327037096025,55.44999980926514,86.16999959945679,69.01499871443957,159.37999580148607,70.22369799017906,129.16409540176392
2725363,Monterey,23.566064051707603,-121.618351,36.61429,dry,0.0,79.23750667572023,151.53327037096025,55.213166447480525,86.41933302879332,69.01499871443957,159.37999580148607,70.22369799017906,129.16409540176392,79.23750667572023,151.53327037096025,55.44999980926514,86.16999959945679,69.01499871443957,159.37999580148607,70.22369799017906,129.16409540176392
2715257,Monterey,1.584494515469967,-121.535088,36.627856,dry,0.0,79.23750667572023,151.53327037096025,63.13999938964844,112.42000102996826,64.07999862823635,150.48499644175172,73.45779949426651,149.02059602737427,79.23750667572023,151.53327037096025,63.13999938964844,112.42000102996826,64.07999862823635,150.48499644175172,73.45779949426651,149.02059602737427
2725365,Monterey,44.046592310960136,-121.532175,36.636981,dry,0.0,79.23750667572023,151.53327037096025,62.03473702229951,104.36736784483256,64.07999862823635,150.48499644175172,73.45779949426651,149.02059602737427,79.23750667572023,151.53327037096025,61.700000047683716,103.01999950408936,64.07999862823635,150.48499644175172,73.45779949426651,149.02059602737427
2716527,Monterey,14.983628790326062,-121.559124,36.64551,dry,0.0,79.23750667572023,151.53327037096025,57.49999928474426,82.84000062942505,64.07999862823635,150.48499644175172,73.45779949426651,149.02059602737427,79.23750667572023,151.53327037096025,57.49999928474426,82.84000062942505,64.07999862823635,150.48499644175172,73.45779949426651,149.02059602737427
2713245,Monterey,5.9883457924854335,-121.547025,36.621,dry,0.0,79.23750667572023,151.53327037096025,61.53999853134155,105.86999893188477,64.07999862823635,150.48499644175172,73.45779949426651,149.02059602737427,79.23750667572023,151.53327037096025,61.53999853134155,105.86999893188477,64.07999862823635,150.48499644175172,73.45779949426651,149.02059602737427
2723811,Monterey,21.05014393263398,-121.485614,36.609873,dry,0.0,67.2694429397583,130.8699892103672,71.47592627119134,156.36620341848442,63.6199984382838,143.3249965114519,73.37579786777496,157.26659512519836,67.2694429397583,130.8699892103672,71.41000032424927,156.5299997329712,63.6199984382838,143.3249965114519,73.37579786777496,157.26659512519836
2713020,Monterey,10.91225032333853,-121.540616,36.625066,dry,0.0,79.23750667572023,151.53327037096025,61.53999853134155,105.86999893188477,64.07999862823635,150.48499644175172,73.45779949426651,149.02059602737427,79.23750667572023,151.53327037096025,61.53999853134155,105.86999893188477,64.07999862823635,150.48499644175172,73.45779949426651,149.02059602737427
2712849,Monterey,4.145708591559472,-121.601801,36.596976,dry,0.0,79.23750667572023,151.53327037096025,58.42090793089433,104.86272707852451,78.58999841380864,154.49499620776623,67.11589819192886,150.39239692687988,79.23750667572023,151.53327037096025,58.60999870300293,106.14999985694885,78.58999841380864,154.49499620776623,67.11589819192886,150.39239692687988
2712741,Monterey,14.880713688985448,-121.53825,36.620073,dry,0.0,79.23750667572023,151.53327037096025,62.361485713237045,110.61851346814954,64.07999862823635,150.48499644175172,73.45779949426651,149.02059602737427,79.23750667572023,151.53327037096025,61.53999853134155,105.86999893188477,64.07999862823635,150.48499644175172,73.45779949426651,149.02059602737427
2725373,Monterey,40.39101273431281,-121.621637,36.610954,dry,0.0,79.23750667572023,151.53327037096025,54.981723820634656,86.65709335580834,69.01499871443957,159.37999580148607,70.22369799017906,129.16409540176392,79.23750667572023,151.53327037096025,54.959999322891235,86.64999961853027,69.01499871443957,159.37999580148607,70.22369799017906,129.16409540176392
2712255,Monterey,15.147698806533782,-121.540343,36.622005,dry,0.0,79.23750667572023,151.53327037096025,61.53999853134155,105.86999893188477,64.07999862823635,150.48499644175172,73.45779949426651,149.02059602737427,79.23750667572023,151.53327037096025,61.53999853134155,105.86999893188477,64.07999862823635,150.48499644175172,73.45779949426651,149.02059602737427
2725376,Monterey,20.36883443920953,-121.556013,36.616318,dry,0.0,79.23750667572023,151.53327037096025,60.550096085438355,114.56557646623025,64.07999862823635,150.48499644175172,73.45779949426651,149.02059602737427,79.23750667572023,151.53327037096025,60.00999903678894,109.8899998664856,64.07999862823635,150.48499644175172,73.45779949426651,149.02059602737427
2725377,Monterey,45.69057442692821,-121.607417,36.610522,dry,0.0004335024276135,79.23750667572023,151.53327037096025,55.47649555124788,86.2071791123121,69.01499871443957,159.37999580148607,70.30421940256387,129.3359032023666,79.23750667572023,151.53327037096025,55.44999980926514,86.16999959945679,69.01499871443957,159.37999580148607,70.22369799017906,129.16409540176392
2725378,Monterey,6.402311325601845,-121.540055,36.626555,dry,0.0,79.23750667572023,151.53327037096025,61.53999853134155,105.86999893188477,64.07999862823635,150.48499644175172,73.45779949426651,149.02059602737427,79.23750667572023,151.53327037096025,61.53999853134155,105.86999893188477,64.07999862823635,150.48499644175172,73.45779949426651,149.02059602737427
2725380,Monterey,17.633327237758106,-121.557421,36.646998,dry,0.0,79.23750667572023,151.53327037096025,57.73433265884717,81.8330002307892,64.07999862823635,150.48499644175172,75.19617156386377,151.4968039353689,79.23750667572023,151.53327037096025,57.86999934911728,81.25,64.07999862823635,150.48499644175172,76.20259749889374,152.93039798736572
2711350,Monterey,13.88493805739681,-121.561113,36.632478,dry,0.0,79.23750667572023,151.53327037096025,58.52550775762918,95.75130549030028,64.07999862823635,150.48499644175172,73.45779949426651,149.02059602737427,79.23750667572023,151.53327037096025,58.72000074386597,98.20000123977661,64.07999862823635,150.48499644175172,73.45779949426651,149.02059602737427
2710853,Monterey,15.431180584395124,-121.536243,36.621425,dry,0.0,79.23750667572023,151.53327037096025,63.058986687962005,112.08835535411595,64.07999862823635,150.48499644175172,73.45779949426651,149.02059602737427,79.23750667572023,151.53327037096025,63.13999938964844,112.42000102996826,64.07999862823635,150.48499644175172,73.45779949426651,149.02059602737427
2725384,Monterey,23.11902295283169,-121.619835,36.612897,dry,0.0,79.23750667572023,151.53327037096025,55.053139911210245,86.55875994548325,69.01499871443957,159.37999580148607,70.22369799017906,129.16409540176392,79.23750667572023,151.53327037096025,54.959999322891235,86.64999961853027,69.01499871443957,159.37999580148607,70.22369799017906,129.16409540176392
2710485,Monterey,4.092072747181563,-121.545049,36.624745,dry,0.0,79.23750667572023,151.53327037096025,61.53999853134155,105.86999893188477,64.07999862823635,150.48499644175172,73.45779949426651,149.02059602737427,79.23750667572023,151.53327037096025,61.53999853134155,105.86999893188477,64.07999862823635,150.48499644175172,73.45779949426651,149.02059602737427
2721846,Monterey,12.388411645300213,-121.572123,36.625892,dry,0.0,79.23750667572023,151.53327037096025,57.500000953674316,91.26000118255615,64.07999862823635,150.48499644175172,72.10789903998375,133.1843979358673,79.23750667572023,151.53327037096025,57.500000953674316,91.26000118255615,64.07999862823635,150.48499644175172,72.10789903998375,133.1843979358673
2708952,Monterey,4.079950704691218,-121.546042,36.621663,dry,0.0,79.23750667572023,151.53327037096025,61.53999853134155,105.86999893188477,64.07999862823635,150.48499644175172,73.45779949426651,149.02059602737427,79.23750667572023,151.53327037096025,61.53999853134155,105.86999893188477,64.07999862823635,150.48499644175172,73.45779949426651,149.02059602737427
2716794,Monterey,5.395015405461483,-121.491978,36.609627,dry,0.0,67.2694429397583,130.8699892103672,71.41000032424927,156.5299997329712,63.6199984382838,143.3249965114519,73.37579786777496,157.26659512519836,67.2694429397583,130.8699892103672,71.41000032424927,156.5299997329712,63.6199984382838,143.3249965114519,73.37579786777496,157.26659512519836
2701089,Monterey,22.889554214125425,-121.604446,36.624827,dry,0.0,79.23750667572023,151.53327037096025,55.49344883293941,84.97482784863175,69.01499871443957,159.37999580148607,71.52314699004437,131.9367178390766,79.23750667572023,151.53327037096025,55.47000074386597,84.91000032424927,69.01499871443957,159.37999580148607,72.10789903998375,133.1843979358673
2717046,Monterey,8.83775229184493,-121.478313,36.61117,dry,0.0,67.2694429397583,130.8699892103672,72.94000101089478,161.6699981689453,63.6199984382838,143.3249965114519,74.98728854225037,160.10613597707544,67.2694429397583,130.8699892103672,72.94000101089478,161.6699981689453,63.6199984382838,143.3249965114519,75.53979963064194,161.07969284057617
2701633,Monterey,2.41762292348018,-121.599903,36.596488,dry,0.0,79.23750667572023,151.53327037096025,58.818332433700554,110.47499990463257,68.53583179802324,152.0533297151948,67.11589819192886,150.39239692687988,79.23750667572023,151.53327037096025,58.85999917984009,111.33999991416931,66.52499847486615,151.56499641668051,67.11589819192886,150.39239692687988
2721870,Monterey,10.992647827074634,-121.557976,36.62983,dry,0.0,79.23750667572023,151.53327037096025,58.743036427668166,98.40875121525356,64.07999862823635,150.48499644175172,73.45779949426651,149.02059602737427,79.23750667572023,151.53327037096025,58.72000074386597,98.20000123977661,64.07999862823635,150.48499644175172,73.45779949426651,149.02059602737427
2714531,Monterey,3.797792228930242,-121.600381,36.59573,dry,0.0,79.23750667572023,151.53327037096025,58.762776772181205,109.32166655858357,71.216942895566,152.7044407798805,67.11589819192886,150.39239692687988,79.23750667572023,151.53327037096025,58.85999917984009,111.33999991416931,66.52499847486615,151.56499641668051,67.11589819192886,150.39239692687988
2714517,Monterey,18.22002509721355,-121.606503,36.626067,dry,0.0,79.23750667572023,151.53327037096025,55.63630376691404,85.36978249446207,69.01499871443957,159.37999580148607,70.24417843637261,129.207794342352,79.23750667572023,151.53327037096025,55.63999938964844,85.37999987602234,69.01499871443957,159.37999580148607,70.22369799017906,129.16409540176392
2721888,Monterey,13.261559298622863,-121.583503,36.632605,dry,0.0,79.23750667572023,151.53327037096025,56.38835706995494,84.39373058347559,64.07999862823635,150.48499644175172,72.10789903998375,133.1843979358673,79.23750667572023,151.53327037096025,56.23999857902527,83.27999925613403,64.07999862823635,150.48499644175172,72.10789903998375,133.1843979358673
2721889,Monterey,18.759384769524026,-121.58497,36.630669,dry,0.0,79.23750667572023,151.53327037096025,56.247394426415376,83.33552008867264,64.07999862823635,150.48499644175172,72.10789903998375,133.1843979358673,79.23750667572023,151.53327037096025,56.23999857902527,83.27999925613403,64.07999862823635,150.48499644175172,72.10789903998375,133.1843979358673
2725392,Monterey,25.41117454501396,-121.556425,36.628605,dry,0.0,79.23750667572023,151.53327037096025,59.4199998175451,104.54341134729312,64.07999862823635,150.48499644175172,73.45779949426651,149.02059602737427,79.23750667572023,151.53327037096025,60.00999903678894,109.8899998664856,64.07999862823635,150.48499644175172,73.45779949426651,149.02059602737427
2723821,Monterey,12.135535049185982,-121.620172,36.593633,dry,0.0,79.23750667572023,151.53327037096025,56.10999941825867,90.0700011253357,78.58999841380864,154.49499620776623,74.06409856304526,166.3989942073822,79.23750667572023,151.53327037096025,56.10999941825867,90.0700011253357,78.58999841380864,154.49499620776623,74.06409856304526,166.3989942073822
2724509,Monterey,11.283636264747567,-121.600792,36.598463,dry,0.0,79.23750667572023,151.53327037096025,56.77107163837978,93.54571378231049,74.71196271914854,153.55321056063156,67.11589819192886,150.39239692687988,79.23750667572023,151.53327037096025,56.53000020980835,91.989999294281,78.58999841380864,154.49499620776623,67.11589819192886,150.39239692687988
2721920,Monterey,16.578985355467292,-121.55447,36.625945,dry,0.0,79.23750667572023,151.53327037096025,60.00999903678894,109.8899998664856,64.07999862823635,150.48499644175172,73.45779949426651,149.02059602737427,79.23750667572023,151.53327037096025,60.00999903678894,109.8899998664856,64.07999862823635,150.48499644175172,73.45779949426651,149.02059602737427
2713637,Monterey,9.991305835215153,-121.563051,36.639557,dry,0.0,79.23750667572023,151.53327037096025,57.49999928474426,82.84000062942505,64.07999862823635,150.48499644175172,73.43232967437439,148.7217998369685,79.23750667572023,151.53327037096025,57.49999928474426,82.84000062942505,64.07999862823635,150.48499644175172,73.45779949426651,149.02059602737427
2722153,Monterey,9.463377416631472,-121.556998,36.631808,dry,0.0,79.23750667572023,151.53327037096025,58.72000074386597,98.20000123977661,64.07999862823635,150.48499644175172,73.45779949426651,149.02059602737427,79.23750667572023,151.53327037096025,58.72000074386597,98.20000123977661,64.07999862823635,150.48499644175172,73.45779949426651,149.02059602737427
2722154,Monterey,10.391334341460118,-121.559055,36.627777,dry,0.0,79.23750667572023,151.53327037096025,59.96038371783036,109.4403845346891,64.07999862823635,150.48499644175172,73.45779949426651,149.02059602737427,79.23750667572023,151.53327037096025,60.00999903678894,109.8899998664856,64.07999862823635,150.48499644175172,73.45779949426651,149.02059602737427
2725394,Monterey,13.925847830976863,-121.619054,36.591292,dry,0.0,79.23750667572023,151.53327037096025,58.78666724761327,104.59000039100647,78.58999841380864,154.49499620776623,74.06409856304526,166.3989942073822,79.23750667572023,151.53327037096025,59.03000068664551,105.91000032424927,78.58999841380864,154.49499620776623,74.06409856304526,166.3989942073822
2723564,Monterey,8.86323660145384,-121.564513,36.639998,dry,0.0,79.23750667572023,151.53327037096025,57.49999928474426,82.84000062942505,64.07999862823635,150.48499644175172,72.78284926712513,141.1024969816208,79.23750667572023,151.53327037096025,57.49999928474426,82.84000062942505,64.07999862823635,150.48499644175172,73.45779949426651,149.02059602737427
2716268,Monterey,34.49150217759315,-121.589577,36.657038,dry,0.0,79.23750667572023,151.53327037096025,56.74260024229686,84.68593170009764,64.07999862823635,150.48499644175172,71.53239694237709,128.10999476909637,79.23750667572023,151.53327037096025,56.720001339912415,84.60999941825867,64.07999862823635,150.48499644175172,71.53239694237709,128.10999476909637
2701233,Monterey,12.66044268863347,-121.613227,36.769234,dry,0.0,79.23750667572023,151.53327037096025,68.39500206167048,127.52181926640598,64.07499833405018,159.3199963029474,75.66589742898941,145.40639805793762,79.23750667572023,151.53327037096025,68.02000212669373,126.1800012588501,64.07499833405018,159.3199963029474,75.66589742898941,145.40639805793762
2716288,Monterey,28.464973810921528,-121.595245,36.717081,dry,0.0,79.23750667572023,151.53327037096025,61.34408169376607,102.40340059792915,67.56999816000462,152.74999651312828,73.9185996055603,145.1719937324524,79.23750667572023,151.53327037096025,61.21999979019165,102.13999915122986,67.56999816000462,152.74999651312828,73.9185996055603,145.1719937324524
2725397,Monterey,30.23050194350646,-121.590192,36.671508,dry,0.0,79.23750667572023,151.53327037096025,58.083973798996354,88.35756423534491,64.07999862823635,150.48499644175172,71.53239694237709,128.10999476909637,79.23750667572023,151.53327037096025,58.27999925613403,88.69999980926514,64.07999862823635,150.48499644175172,71.53239694237709,128.10999476909637
2716297,Monterey,35.305520794843176,-121.584458,36.688755,dry,0.0,79.23750667572023,151.53327037096025,59.19530782020291,94.12134036671513,64.07999862823635,150.48499644175172,73.51867737150725,142.31244083356592,79.23750667572023,151.53327037096025,59.260000586509705,94.66999959945679,64.07999862823635,150.48499644175172,73.9185996055603,145.1719937324524
2716298,Monterey,4.641248227179473,-121.627858,36.768748,dry,0.0,79.23750667572023,151.53327037096025,69.93908973173662,133.41045171564278,64.07499833405018,159.3199963029474,75.66589742898941,145.40639805793762,79.23750667572023,151.53327037096025,70.0699987411499,133.8099970817566,64.07499833405018,159.3199963029474,75.66589742898941,145.40639805793762
2725398,Monterey,80.1682204102463,-121.628743,36.756028,dry,0.0,79.23750667572023,151.53327037096025,65.30280940248853,118.76711885474977,64.07499833405018,159.3199963029474,75.66589742898941,145.40639805793762,79.23750667572023,151.53327037096025,65.32999992370605,118.55999994277954,64.07499833405018,159.3199963029474,75.66589742898941,145.40639805793762
2725400,Monterey,1.803768609104312,-121.616714,36.776403,dry,0.0,79.23750667572023,151.53327037096025,70.77000164985657,136.0199999809265,64.07499833405018,159.3199963029474,88.0411993265152,177.53199672698975,79.23750667572023,151.53327037096025,70.77000164985657,136.0199999809265,64.07499833405018,159.3199963029474,88.0411993265152,177.53199672698975
2701624,Monterey,22.145866868231398,-121.651951,36.740131,dry,0.0,79.23750667572023,151.53327037096025,62.090085309127275,113.284741504439,64.07499833405018,159.3199963029474,69.93129867315292,132.36049795150757,79.23750667572023,151.53327037096025,61.89999866485596,112.84000039100647,64.07499833405018,159.3199963029474,69.93129867315292,132.36049795150757
2701640,Monterey,63.71861004767903,-121.592246,36.775342,dry,0.0,79.23750667572023,151.53327037096025,72.83030828649616,135.5153391964642,67.56999816000462,152.74999651312828,92.65779983997345,195.52149724960327,79.23750667572023,151.53327037096025,72.06999945640564,133.6099991798401,67.56999816000462,152.74999651312828,92.65779983997345,195.52149724960327
2722251,Monterey,4.834705283677381,-121.616822,36.719866,dry,0.0,79.23750667572023,151.53327037096025,60.4399995803833,101.09000015258789,64.07499833405018,159.3199963029474,68.79999887943268,115.69179797172546,79.23750667572023,151.53327037096025,60.4399995803833,101.09000015258789,64.07499833405018,159.3199963029474,68.79999887943268,115.69179797172546
2716346,Monterey,8.08753412801238,-121.60612,36.720748,dry,0.0,79.23750667572023,151.53327037096025,60.4399995803833,101.09000015258789,64.07499833405018,159.3199963029474,68.79999887943268,115.69179797172546,79.23750667572023,151.53327037096025,60.4399995803833,101.09000015258789,64.07499833405018,159.3199963029474,68.79999887943268,115.69179797172546
2700772,Monterey,3.065789550500418,-121.630024,36.734075,dry,0.0,79.23750667572023,151.53327037096025,62.139999747276306,109.04000043869019,64.07499833405018,159.3199963029474,75.66589742898941,145.40639805793762,79.23750667572023,151.53327037096025,62.139999747276306,109.04000043869019,64.07499833405018,159.3199963029474,75.66589742898941,145.40639805793762
2717233,Monterey,8.384756839202147,-121.591977,36.710261,dry,0.0,79.23750667572023,151.53327037096025,60.259544659744606,98.1840908256444,67.56999816000462,152.74999651312828,73.9185996055603,145.1719937324524,79.23750667572023,151.53327037096025,60.01999914646149,97.70000004768372,67.56999816000462,152.74999651312828,73.9185996055603,145.1719937324524
2716357,Monterey,19.8494358668128,-121.620974,36.7684,dry,0.0,79.23750667572023,151.53327037096025,69.71853124394137,132.2576475283679,64.07499833405018,159.3199963029474,75.66589742898941,145.40639805793762,79.23750667572023,151.53327037096025,70.77000164985657,136.0199999809265,64.07499833405018,159.3199963029474,75.66589742898941,145.40639805793762
2700543,Monterey,17.36353051741745,-121.579679,36.684205,dry,0.0,79.23750667572023,151.53327037096025,59.516782394770914,92.4080465141384,64.07999862823635,150.48499644175172,71.53239694237709,128.10999476909637,79.23750667572023,151.53327037096025,59.56000077724457,93.0600004196167,64.07999862823635,150.48499644175172,71.53239694237709,128.10999476909637
2700464,Monterey,10.18598060130572,-121.567248,36.649167,dry,0.0,79.23750667572023,151.53327037096025,57.11269208330375,80.07326898666528,64.07999862823635,150.48499644175172,71.53239694237709,128.10999476909637,79.23750667572023,151.53327037096025,57.11999976634979,80.00999975204468,64.07999862823635,150.48499644175172,71.53239694237709,128.10999476909637
2700459,Monterey,12.354494542926682,-121.612526,36.752114,dry,0.0,79.23750667572023,151.53327037096025,66.13000011444092,119.739999294281,64.07499833405018,159.3199963029474,75.66589742898941,145.40639805793762,79.23750667572023,151.53327037096025,66.13000011444092,119.739999294281,64.07499833405018,159.3199963029474,75.66589742898941,145.40639805793762
2716366,Monterey,34.739109679336025,-121.623296,36.74144,dry,0.0,79.23750667572023,151.53327037096025,63.63275273261445,112.69617973284777,64.07499833405018,159.3199963029474,75.66589742898941,145.40639805793762,79.23750667572023,151.53327037096025,64.09000062942505,114.23000001907349,64.07499833405018,159.3199963029474,75.66589742898941,145.40639805793762
2700356,Monterey,7.84572784832107,-121.58766,36.680278,dry,0.0,79.23750667572023,151.53327037096025,58.60000026226044,91.23999905586243,64.07999862823635,150.48499644175172,71.53239694237709,128.10999476909637,79.23750667572023,151.53327037096025,58.60000026226044,91.23999905586243,64.07999862823635,150.48499644175172,71.53239694237709,128.10999476909637
2700201,Monterey,18.0603528678205,-121.587671,36.779785,dry,0.0,79.23750667572023,151.53327037096025,76.43000030517578,133.25999975204468,67.56999816000462,152.74999651312828,92.65779983997345,195.52149724960327,79.23750667572023,151.53327037096025,76.43000030517578,133.25999975204468,67.56999816000462,152.74999651312828,92.65779983997345,195.52149724960327
2723831,Monterey,10.233746109336394,-121.615406,36.776341,dry,0.0,79.23750667572023,151.53327037096025,70.77000164985657,136.0199999809265,64.07499833405018,159.3199963029474,88.0411993265152,177.53199672698975,79.23750667572023,151.53327037096025,70.77000164985657,136.0199999809265,64.07499833405018,159.3199963029474,88.0411993265152,177.53199672698975
2717244,Monterey,6.344110962890723,-121.593709,36.710389,dry,0.0,79.23750667572023,151.53327037096025,60.01999914646149,97.70000004768372,67.56999816000462,152.74999651312828,73.9185996055603,145.1719937324524,79.23750667572023,151.53327037096025,60.01999914646149,97.70000004768372,67.56999816000462,152.74999651312828,73.9185996055603,145.1719937324524
2700094,Monterey,17.498171107762992,-121.617249,36.768466,dry,0.0,79.23750667572023,151.53327037096025,69.97555734316508,133.17733368343778,64.07499833405018,159.3199963029474,75.66589742898941,145.40639805793762,79.23750667572023,151.53327037096025,70.77000164985657,136.0199999809265,64.07499833405018,159.3199963029474,75.66589742898941,145.40639805793762
2700053,Monterey,10.834356519398998,-121.572356,36.645873,dry,0.0,79.23750667572023,151.53327037096025,56.74000024795532,83.29999995231628,64.07999862823635,150.48499644175172,72.10789903998375,133.1843979358673,79.23750667572023,151.53327037096025,56.74000024795532,83.29999995231628,64.07999862823635,150.48499644175172,72.10789903998375,133.1843979358673
2722276,Monterey,16.564592975838917,-121.621088,36.716456,dry,0.0,79.23750667572023,151.53327037096025,59.989999890327454,101.24000072479248,64.07499833405018,159.3199963029474,68.79999887943268,115.69179797172546,79.23750667572023,151.53327037096025,59.989999890327454,101.24000072479248,64.07499833405018,159.3199963029474,68.79999887943268,115.69179797172546
2715626,Monterey,4.243218924018026,-121.594995,36.684618,dry,0.0,79.23750667572023,151.53327037096025,58.60000026226044,91.23999905586243,64.07999862823635,150.48499644175172,71.53239694237709,128.10999476909637,79.23750667572023,151.53327037096025,58.60000026226044,91.23999905586243,64.07999862823635,150.48499644175172,71.53239694237709,128.10999476909637
2722285,Monterey,12.441728555639498,-121.595869,36.736447,dry,0.0,79.23750667572023,151.53327037096025,64.67761872306703,112.8899997832283,67.56999816000462,152.74999651312828,87.01379537582397,197.11109232902527,79.23750667572023,151.53327037096025,63.82999897003174,109.88999938964844,67.56999816000462,152.74999651312828,87.01379537582397,197.11109232902527
2715449,Monterey,10.039228814566169,-121.572071,36.69017,dry,0.0,79.23750667572023,151.53327037096025,61.51999855041504,93.80000019073486,64.07999862823635,150.48499644175172,73.9185996055603,145.1719937324524,79.23750667572023,151.53327037096025,61.51999855041504,93.80000019073486,64.07999862823635,150.48499644175172,73.9185996055603,145.1719937324524
2722288,Monterey,43.32772614020355,-121.623402,36.753918,dry,0.0,79.23750667572023,151.53327037096025,65.32999992370605,118.55999994277954,64.07499833405018,159.3199963029474,75.66589742898941,145.40639805793762,79.23750667572023,151.53327037096025,65.32999992370605,118.55999994277954,64.07499833405018,159.3199963029474,75.66589742898941,145.40639805793762
2725404,Monterey,19.847209201568507,-121.57194,36.664211,dry,0.0,79.23750667572023,151.53327037096025,57.84019537065544,82.16607770265317,64.07999862823635,150.48499644175172,71.53239694237709,128.10999476909637,79.23750667572023,151.53327037096025,57.64999878406525,81.36999893188477,64.07999862823635,150.48499644175172,71.53239694237709,128.10999476909637
2725405,Monterey,28.089892259776203,-121.589916,36.712574,dry,0.0,79.23750667572023,151.53327037096025,60.94999915844686,99.65216174641169,67.56999816000462,152.74999651312828,73.9185996055603,145.1719937324524,79.23750667572023,151.53327037096025,61.1299991607666,100.02999949455261,67.56999816000462,152.74999651312828,73.9185996055603,145.1719937324524
2716423,Monterey,39.39659356993111,-121.592063,36.655235,dry,0.0,79.23750667572023,151.53327037096025,56.79389307123099,84.85827553683312,64.07999862823635,150.48499644175172,71.53239694237709,128.10999476909637,79.23750667572023,151.53327037096025,56.720001339912415,84.60999941825867,64.07999862823635,150.48499644175172,71.53239694237709,128.10999476909637
2715084,Monterey,34.70325184420596,-121.582464,36.690043,dry,0.0,79.23750667572023,151.53327037096025,59.540899436125585,94.11016854543364,64.07999862823635,150.48499644175172,73.9185996055603,145.1719937324524,79.23750667572023,151.53327037096025,59.56000077724457,93.0600004196167,64.07999862823635,150.48499644175172,73.9185996055603,145.1719937324524
2715035,Monterey,16.897065263716183,-121.591299,36.684466,dry,0.0,79.23750667572023,151.53327037096025,58.60000026226044,91.23999905586243,64.07999862823635,150.48499644175172,71.53239694237709,128.10999476909637,79.23750667572023,151.53327037096025,58.60000026226044,91.23999905586243,64.07999862823635,150.48499644175172,71.53239694237709,128.10999476909637
2716438,Monterey,20.081528545626973,-121.602576,36.720547,dry,0.0,79.23750667572023,151.53327037096025,61.21195855091528,102.12917441928508,64.32721481633556,158.8458726067749,73.8658305259095,144.86807418852737,79.23750667572023,151.53327037096025,61.21999979019165,102.13999915122986,64.07499833405018,159.3199963029474,73.9185996055603,145.1719937324524
2723834,Monterey,31.433828478764426,-121.605775,36.71589,dry,0.0,79.23750667572023,151.53327037096025,60.70981097371323,101.45320735337599,64.07499833405018,159.3199963029474,70.57058403626928,125.88934996442974,79.23750667572023,151.53327037096025,60.4399995803833,101.09000015258789,64.07499833405018,159.3199963029474,68.79999887943268,115.69179797172546
2723835,Monterey,19.522057206759094,-121.609038,36.77603,dry,0.0,79.23750667572023,151.53327037096025,71.13000178337097,134.32999849319458,64.07499833405018,159.3199963029474,88.0411993265152,177.53199672698975,79.23750667572023,151.53327037096025,71.13000178337097,134.32999849319458,64.07499833405018,159.3199963029474,88.0411993265152,177.53199672698975
2716456,Monterey,10.237856164124192,-121.615488,36.750457,dry,0.0,79.23750667572023,151.53327037096025,65.36018898801983,117.66075428476873,64.07499833405018,159.3199963029474,75.66589742898941,145.40639805793762,79.23750667572023,151.53327037096025,66.13000011444092,119.739999294281,64.07499833405018,159.3199963029474,75.66589742898941,145.40639805793762
2714591,Monterey,0.6136737424991773,-121.617281,36.776357,dry,0.0,79.23750667572023,151.53327037096025,70.77000164985657,136.0199999809265,64.07499833405018,159.3199963029474,88.0411993265152,177.53199672698975,79.23750667572023,151.53327037096025,70.77000164985657,136.0199999809265,64.07499833405018,159.3199963029474,88.0411993265152,177.53199672698975
2717290,Monterey,20.407554504963723,-121.627122,36.761099,dry,0.0,79.23750667572023,151.53327037096025,67.17228624253046,124.9584752264477,64.07499833405018,159.3199963029474,75.66589742898941,145.40639805793762,79.23750667572023,151.53327037096025,67.19000053405762,125.0199990272522,64.07499833405018,159.3199963029474,75.66589742898941,145.40639805793762
2714524,Monterey,17.057215862068233,-121.577579,36.685368,dry,0.0,79.23750667572023,151.53327037096025,59.56000077724457,93.0600004196167,64.07999862823635,150.48499644175172,71.80986236832861,130.09394813692847,79.23750667572023,151.53327037096025,59.56000077724457,93.0600004196167,64.07999862823635,150.48499644175172,71.53239694237709,128.10999476909637
2714354,Monterey,6.549428506312388,-121.641361,36.76231,dry,0.0,79.23750667572023,151.53327037096025,65.23000073432922,119.18000078201294,64.07499833405018,159.3199963029474,75.66589742898941,145.40639805793762,79.23750667572023,151.53327037096025,65.23000073432922,119.18000078201294,64.07499833405018,159.3199963029474,75.66589742898941,145.40639805793762
2714246,Monterey,26.488712774982645,-121.610632,36.733741,dry,0.0,79.23750667572023,151.53327037096025,63.02499919077929,110.13132334106109,64.07499833405018,159.3199963029474,75.66589742898941,145.40639805793762,79.23750667572023,151.53327037096025,62.89999878406525,110.00999975204468,64.07499833405018,159.3199963029474,75.66589742898941,145.40639805793762
2723838,Monterey,12.249954984047967,-121.567678,36.650318,dry,0.0,79.23750667572023,151.53327037096025,57.08935464389864,80.27532234884079,64.07999862823635,150.48499644175172,71.53239694237709,128.10999476909637,79.23750667572023,151.53327037096025,57.11999976634979,80.00999975204468,64.07999862823635,150.48499644175172,71.53239694237709,128.10999476909637
2716486,Monterey,16.5260467132702,-121.610283,36.738405,dry,0.0,79.23750667572023,151.53327037096025,63.58000099658966,110.67000007629395,64.07499833405018,159.3199963029474,75.66589742898941,145.40639805793762,79.23750667572023,151.53327037096025,63.58000099658966,110.67000007629395,64.07499833405018,159.3199963029474,75.66589742898941,145.40639805793762
2717296,Monterey,23.53986225808262,-121.553475,36.654976,dry,0.0,79.23750667572023,151.53327037096025,57.90381309895193,81.28203378289433,64.07999862823635,150.48499644175172,76.20259749889374,152.93039798736572,79.23750667572023,151.53327037096025,57.86999934911728,81.25,64.07999862823635,150.48499644175172,76.20259749889374,152.93039798736572
2714048,Monterey,14.267035033209748,-121.616651,36.748352,dry,0.0,79.23750667572023,151.53327037096025,64.09000062942505,114.23000001907349,64.07499833405018,159.3199963029474,75.66589742898941,145.40639805793762,79.23750667572023,151.53327037096025,64.09000062942505,114.23000001907349,64.07499833405018,159.3199963029474,75.66589742898941,145.40639805793762
2723839,Monterey,18.28053865858136,-121.608433,36.770293,dry,0.0,79.23750667572023,151.53327037096025,68.58273538288317,126.26526067633377,64.07499833405018,159.3199963029474,75.66589742898941,145.40639805793762,79.23750667572023,151.53327037096025,68.67999792098999,126.27999687194824,64.07499833405018,159.3199963029474,75.66589742898941,145.40639805793762
2713811,Monterey,15.635844414404758,-121.614628,36.766847,dry,0.0,79.23750667572023,151.53327037096025,68.26062708497048,127.04100114703178,64.07499833405018,159.3199963029474,75.66589742898941,145.40639805793762,79.23750667572023,151.53327037096025,68.02000212669373,126.1800012588501,64.07499833405018,159.3199963029474,75.66589742898941,145.40639805793762
2713782,Monterey,3.6420244969342006,-121.675604,36.630852,dry,0.0,79.23750667572023,151.53327037096025,53.81999921798706,89.26999926567078,69.01499871443957,159.37999580148607,71.37129786610603,131.64919638633728,79.23750667572023,151.53327037096025,53.81999921798706,89.26999926567078,69.01499871443957,159.37999580148607,71.37129786610603,131.64919638633728
2725412,Monterey,17.302461441048234,-121.647424,36.745935,dry,0.0,79.23750667572023,151.53327037096025,63.22229980874336,116.17988417340422,64.07499833405018,159.3199963029474,69.93129867315292,132.36049795150757,79.23750667572023,151.53327037096025,63.56000113487244,117.18999886512756,64.07499833405018,159.3199963029474,69.93129867315292,132.36049795150757
2713736,Monterey,16.367029697881453,-121.647095,36.743382,dry,0.0,79.23750667572023,151.53327037096025,62.43000054359436,113.80999970436096,64.07499833405018,159.3199963029474,69.93129867315292,132.36049795150757,79.23750667572023,151.53327037096025,62.43000054359436,113.80999970436096,64.07499833405018,159.3199963029474,69.93129867315292,132.36049795150757
2713586,Monterey,2.290159087219585,-121.55391,36.667511,dry,0.0,79.23750667572023,151.53327037096025,58.58000028133392,83.10999965667725,64.07999862823635,150.48499644175172,76.20259749889374,152.93039798736572,79.23750667572023,151.53327037096025,58.58000028133392,83.10999965667725,64.07999862823635,150.48499644175172,76.20259749889374,152.93039798736572
2713585,Monterey,14.421424546270366,-121.589919,36.683435,dry,0.0,79.23750667572023,151.53327037096025,58.60000026226044,91.23999905586243,64.07999862823635,150.48499644175172,71.53239694237709,128.10999476909637,79.23750667572023,151.53327037096025,58.60000026226044,91.23999905586243,64.07999862823635,150.48499644175172,71.53239694237709,128.10999476909637
2713574,Monterey,9.160688489192175,-121.571371,36.692474,dry,0.0,79.23750667572023,151.53327037096025,61.50163089255898,94.87449049463078,64.07999862823635,150.48499644175172,73.9185996055603,145.1719937324524,79.23750667572023,151.53327037096025,61.49999821186066,94.97000074386597,64.07999862823635,150.48499644175172,73.9185996055603,145.1719937324524
2725414,Monterey,19.15272054769483,-121.573653,36.666184,dry,0.0,79.23750667572023,151.53327037096025,58.4200005531311,83.59999990463257,64.07999862823635,150.48499644175172,71.53239694237709,128.10999476909637,79.23750667572023,151.53327037096025,58.4200005531311,83.59999990463257,64.07999862823635,150.48499644175172,71.53239694237709,128.10999476909637
2717321,Monterey,35.39763995895179,-121.591453,36.705859,dry,0.0,79.23750667572023,151.53327037096025,60.17773534316384,97.53795555810244,67.56999816000462,152.74999651312828,73.9185996055603,145.1719937324524,79.23750667572023,151.53327037096025,60.57000160217285,98.02999925613403,67.56999816000462,152.74999651312828,73.9185996055603,145.1719937324524
2716539,Monterey,35.123062391055434,-121.580341,36.691139,dry,0.0,79.23750667572023,151.53327037096025,59.79977936968619,94.38265201399999,64.07999862823635,150.48499644175172,73.9185996055603,145.1719937324524,79.23750667572023,151.53327037096025,59.56000077724457,93.0600004196167,64.07999862823635,150.48499644175172,73.9185996055603,145.1719937324524
2713148,Monterey,9.813197952130242,-121.550262,36.654912,dry,0.0,79.23750667572023,151.53327037096025,57.86999934911728,81.25,64.07999862823635,150.48499644175172,76.20259749889374,152.93039798736572,79.23750667572023,151.53327037096025,57.86999934911728,81.25,64.07999862823635,150.48499644175172,76.20259749889374,152.93039798736572
2713116,Monterey,13.712503193073148,-121.610232,36.751467,dry,0.0,79.23750667572023,151.53327037096025,66.13000011444092,119.739999294281,64.07499833405018,159.3199963029474,75.66589742898941,145.40639805793762,79.23750667572023,151.53327037096025,66.13000011444092,119.739999294281,64.07499833405018,159.3199963029474,75.66589742898941,145.40639805793762
2723842,Monterey,13.517308007243551,-121.605016,36.765079,dry,0.0,79.23750667572023,151.53327037096025,68.74142670631407,126.51785424777437,64.07499833405018,159.3199963029474,80.691395091159,168.30419123513357,79.23750667572023,151.53327037096025,68.67999792098999,126.27999687194824,64.07499833405018,159.3199963029474,75.66589742898941,145.40639805793762
2725415,Monterey,85.08178613300538,-121.653194,36.737015,dry,0.0,79.23750667572023,151.53327037096025,61.90965701344345,112.85767691607897,64.07499833405018,159.3199963029474,69.93129867315292,132.36049795150757,79.23750667572023,151.53327037096025,61.89999866485596,112.84000039100647,64.07499833405018,159.3199963029474,69.93129867315292,132.36049795150757
2712783,Monterey,2.401807259127682,-121.595908,36.773069,dry,0.0,79.23750667572023,151.53327037096025,72.06999945640564,133.6099991798401,67.56999816000462,152.74999651312828,92.65779983997345,195.52149724960327,79.23750667572023,151.53327037096025,72.06999945640564,133.6099991798401,67.56999816000462,152.74999651312828,92.65779983997345,195.52149724960327
2716563,Monterey,30.90929238829117,-121.622664,36.743372,dry,0.0,79.23750667572023,151.53327037096025,64.08251634108944,114.20345913689091,64.07499833405018,159.3199963029474,75.66589742898941,145.40639805793762,79.23750667572023,151.53327037096025,64.09000062942505,114.23000001907349,64.07499833405018,159.3199963029474,75.66589742898941,145.40639805793762
2712749,Monterey,22.52217150603559,-121.612321,36.736768,dry,0.0,79.23750667572023,151.53327037096025,63.29026092342707,110.3887825468312,64.07499833405018,159.3199963029474,75.66589742898941,145.40639805793762,79.23750667572023,151.53327037096025,63.58000099658966,110.67000007629395,64.07499833405018,159.3199963029474,75.66589742898941,145.40639805793762
2712663,Monterey,22.77520825519454,-121.555283,36.649382,dry,0.0,79.23750667572023,151.53327037096025,57.86999934911728,81.25,64.07999862823635,150.48499644175172,76.20259749889374,152.93039798736572,79.23750667572023,151.53327037096025,57.86999934911728,81.25,64.07999862823635,150.48499644175172,76.20259749889374,152.93039798736572
2718782,Monterey,12.867805516412808,-121.575373,36.67786,dry,0.0,79.23750667572023,151.53327037096025,59.09000086784363,85.97000169754028,64.07999862823635,150.48499644175172,71.53239694237709,128.10999476909637,79.23750667572023,151.53327037096025,59.09000086784363,85.97000169754028,64.07999862823635,150.48499644175172,71.53239694237709,128.10999476909637
2712311,Monterey,9.017124381365466,-121.611136,36.767299,dry,0.0,79.23750667572023,151.53327037096025,68.02000212669373,126.1800012588501,64.07499833405018,159.3199963029474,75.66589742898941,145.40639805793762,79.23750667572023,151.53327037096025,68.02000212669373,126.1800012588501,64.07499833405018,159.3199963029474,75.66589742898941,145.40639805793762
2717353,Monterey,24.508184313174453,-121.643853,36.761026,dry,0.0,79.23750667572023,151.53327037096025,64.9788371296816,119.15441896749097,64.07499833405018,159.3199963029474,74.33226981135302,142.3724678006283,79.23750667572023,151.53327037096025,65.23000073432922,119.18000078201294,64.07499833405018,159.3199963029474,75.66589742898941,145.40639805793762
2712282,Monterey,15.388896005700662,-121.603991,36.711017,dry,0.0,79.23750667572023,151.53327037096025,59.9209993749857,97.74050016999244,64.07499833405018,159.3199963029474,72.76691444218159,138.53894968628882,79.23750667572023,151.53327037096025,60.01999914646149,97.70000004768372,64.07499833405018,159.3199963029474,73.9185996055603,145.1719937324524
2712026,Monterey,22.02534843399636,-121.626304,36.745648,dry,0.0,79.23750667572023,151.53327037096025,63.98097391888104,114.03672574895674,64.07499833405018,159.3199963029474,75.66589742898941,145.40639805793762,79.23750667572023,151.53327037096025,64.09000062942505,114.23000001907349,64.07499833405018,159.3199963029474,75.66589742898941,145.40639805793762
2722355,Monterey,8.65809038246627,-121.622751,36.768983,dry,0.0,79.23750667572023,151.53327037096025,70.21521793241087,134.29478149828705,64.07499833405018,159.3199963029474,75.66589742898941,145.40639805793762,79.23750667572023,151.53327037096025,70.77000164985657,136.0199999809265,64.07499833405018,159.3199963029474,75.66589742898941,145.40639805793762
2711800,Monterey,5.210270875095283,-121.553191,36.664337,dry,0.0,79.23750667572023,151.53327037096025,58.1800003877053,81.81769172961896,64.07999862823635,150.48499644175172,76.20259749889374,152.93039798736572,79.23750667572023,151.53327037096025,58.0600004196167,81.42999935150146,64.07999862823635,150.48499644175172,76.20259749889374,152.93039798736572
2723845,Monterey,5.179986221931061,-121.612117,36.755256,dry,0.0,79.23750667572023,151.53327037096025,66.13000011444092,119.739999294281,64.07499833405018,159.3199963029474,75.66589742898941,145.40639805793762,79.23750667572023,151.53327037096025,66.13000011444092,119.739999294281,64.07499833405018,159.3199963029474,75.66589742898941,145.40639805793762
2725417,Monterey,42.93547183215965,-121.571432,36.660709,dry,0.0,79.23750667572023,151.53327037096025,57.64746495231784,81.67723887862122,64.07999862823635,150.48499644175172,71.53239694237709,128.10999476909637,79.23750667572023,151.53327037096025,57.64999878406525,81.36999893188477,64.07999862823635,150.48499644175172,71.53239694237709,128.10999476909637
2711691,Monterey,28.047889718594607,-121.650635,36.744516,dry,0.0,79.23750667572023,151.53327037096025,62.77588947015265,115.55328670266555,64.07499833405018,159.3199963029474,69.93129867315292,132.36049795150757,79.23750667572023,151.53327037096025,62.92999839782715,116.32999873161316,64.07499833405018,159.3199963029474,69.93129867315292,132.36049795150757
2711665,Monterey,27.724296265392933,-121.608344,36.735907,dry,0.0,79.23750667572023,151.53327037096025,63.45943322841157,110.55297874220717,64.07499833405018,159.3199963029474,75.66589742898941,145.40639805793762,79.23750667572023,151.53327037096025,63.58000099658966,110.67000007629395,64.07499833405018,159.3199963029474,75.66589742898941,145.40639805793762
2717366,Monterey,13.177270955251334,-121.613675,36.716358,dry,0.0,79.23750667572023,151.53327037096025,60.4399995803833,101.09000015258789,64.07499833405018,159.3199963029474,68.79999887943268,115.69179797172546,79.23750667572023,151.53327037096025,60.4399995803833,101.09000015258789,64.07499833405018,159.3199963029474,68.79999887943268,115.69179797172546
2711595,Monterey,17.666037470509835,-121.575516,36.686553,dry,0.0,79.23750667572023,151.53327037096025,59.56000077724457,93.0600004196167,64.07999862823635,150.48499644175172,72.40733791887762,134.36606105566025,79.23750667572023,151.53327037096025,59.56000077724457,93.0600004196167,64.07999862823635,150.48499644175172,71.53239694237709,128.10999476909637
2711524,Monterey,15.05504276287906,-121.590935,36.669294,dry,0.0,79.23750667572023,151.53327037096025,57.510779715203626,86.9464938671558,64.07999862823635,150.48499644175172,71.53239694237709,128.10999476909637,79.23750667572023,151.53327037096025,58.27999925613403,88.69999980926514,64.07999862823635,150.48499644175172,71.53239694237709,128.10999476909637
2711438,Monterey,3.148853347574614,-121.629043,36.733525,dry,0.0,79.23750667572023,151.53327037096025,62.139999747276306,109.04000043869019,64.07499833405018,159.3199963029474,75.66589742898941,145.40639805793762,79.23750667572023,151.53327037096025,62.139999747276306,109.04000043869019,64.07499833405018,159.3199963029474,75.66589742898941,145.40639805793762
2716656,Monterey,38.82583669054589,-121.611979,36.718904,dry,0.0,79.23750667572023,151.53327037096025,60.4399995803833,101.09000015258789,64.07499833405018,159.3199963029474,68.79999887943268,115.69179797172546,79.23750667572023,151.53327037096025,60.4399995803833,101.09000015258789,64.07499833405018,159.3199963029474,68.79999887943268,115.69179797172546
2711060,Monterey,11.578624624499776,-121.58893,36.681764,dry,0.0,79.23750667572023,151.53327037096025,58.60000026226044,91.23999905586243,64.07999862823635,150.48499644175172,71.53239694237709,128.10999476909637,79.23750667572023,151.53327037096025,58.60000026226044,91.23999905586243,64.07999862823635,150.48499644175172,71.53239694237709,128.10999476909637
2722386,Monterey,22.530673288165083,-121.602328,36.724188,dry,0.0,79.23750667572023,151.53327037096025,62.29999840259552,105.98999977111816,64.31812875672527,158.86295283930778,73.9185996055603,145.1719937324524,79.23750667572023,151.53327037096025,62.29999840259552,105.98999977111816,64.07499833405018,159.3199963029474,73.9185996055603,145.1719937324524
2717377,Monterey,14.649474757831408,-121.603257,36.712644,dry,0.0,79.23750667572023,151.53327037096025,60.01999914646149,97.70000004768372,64.07499833405018,159.3199963029474,73.9185996055603,145.1719937324524,79.23750667572023,151.53327037096025,60.01999914646149,97.70000004768372,64.07499833405018,159.3199963029474,73.9185996055603,145.1719937324524
2716683,Monterey,10.933061410719192,-121.57197,36.693854,dry,0.0,79.23750667572023,151.53327037096025,61.49999821186066,94.97000074386597,64.07999862823635,150.48499644175172,73.9185996055603,145.1719937324524,79.23750667572023,151.53327037096025,61.49999821186066,94.97000074386597,64.07999862823635,150.48499644175172,73.9185996055603,145.1719937324524
2710825,Monterey,3.961290453571468,-121.593411,36.682776,dry,0.0,79.23750667572023,151.53327037096025,58.216842130610814,90.57473603047822,64.07999862823635,150.48499644175172,71.53239694237709,128.10999476909637,79.23750667572023,151.53327037096025,58.60000026226044,91.23999905586243,64.07999862823635,150.48499644175172,71.53239694237709,128.10999476909637
2710761,Monterey,12.739715687137505,-121.611376,36.754114,dry,0.0,79.23750667572023,151.53327037096025,66.13000011444092,119.739999294281,64.07499833405018,159.3199963029474,75.66589742898941,145.40639805793762,79.23750667572023,151.53327037096025,66.13000011444092,119.739999294281,64.07499833405018,159.3199963029474,75.66589742898941,145.40639805793762
2722389,Monterey,4.078113293240101,-121.626576,36.772235,dry,0.0,79.23750667572023,151.53327037096025,70.0699987411499,133.8099970817566,64.07499833405018,159.3199963029474,79.790998061498,156.11493094762167,79.23750667572023,151.53327037096025,70.0699987411499,133.8099970817566,64.07499833405018,159.3199963029474,75.66589742898941,145.40639805793762
2716695,Monterey,8.247389890139171,-121.619011,36.774565,dry,0.0,79.23750667572023,151.53327037096025,70.77000164985657,136.0199999809265,64.07499833405018,159.3199963029474,88.0411993265152,177.53199672698975,79.23750667572023,151.53327037096025,70.77000164985657,136.0199999809265,64.07499833405018,159.3199963029474,88.0411993265152,177.53199672698975
2710593,Monterey,10.401586583705296,-121.644385,36.74482,dry,0.0,79.23750667572023,151.53327037096025,62.512182404778216,114.05581782514399,64.07499833405018,159.3199963029474,75.24883570129221,144.45760532292454,79.23750667572023,151.53327037096025,62.43000054359436,113.80999970436096,64.07499833405018,159.3199963029474,75.66589742898941,145.40639805793762
2710539,Monterey,7.007761135792172,-121.67107,36.626312,dry,0.0,79.23750667572023,151.53327037096025,54.12999987602234,88.56999897956848,69.01499871443957,159.37999580148607,71.37129786610603,131.64919638633728,79.23750667572023,151.53327037096025,54.12999987602234,88.56999897956848,69.01499871443957,159.37999580148607,71.37129786610603,131.64919638633728
2710464,Monterey,11.37305055777757,-121.555298,36.652399,dry,0.0,79.23750667572023,151.53327037096025,57.86999934911728,81.25,64.07999862823635,150.48499644175172,76.20259749889374,152.93039798736572,79.23750667572023,151.53327037096025,57.86999934911728,81.25,64.07999862823635,150.48499644175172,76.20259749889374,152.93039798736572
2709995,Monterey,0.441280531174219,-121.617728,36.776125,dry,0.0,79.23750667572023,151.53327037096025,70.77000164985657,136.0199999809265,64.07499833405018,159.3199963029474,88.0411993265152,177.53199672698975,79.23750667572023,151.53327037096025,70.77000164985657,136.0199999809265,64.07499833405018,159.3199963029474,88.0411993265152,177.53199672698975
2722411,Monterey,8.025400716547923,-121.583208,36.779979,dry,0.0,79.23750667572023,151.53327037096025,76.43000030517578,133.25999975204468,67.56999816000462,152.74999651312828,92.65779983997345,195.52149724960327,79.23750667572023,151.53327037096025,76.43000030517578,133.25999975204468,67.56999816000462,152.74999651312828,92.65779983997345,195.52149724960327
2709503,Monterey,16.31424908765158,-121.597818,36.720368,dry,0.0,79.23750667572023,151.53327037096025,61.31279069046641,102.33697595984437,67.56999816000462,152.74999651312828,73.9185996055603,145.1719937324524,79.23750667572023,151.53327037096025,61.21999979019165,102.13999915122986,67.56999816000462,152.74999651312828,73.9185996055603,145.1719937324524
2709445,Monterey,2.165263433811911,-121.604564,36.709922,dry,0.0,79.23750667572023,151.53327037096025,59.85999951579354,97.76545479080895,64.07499833405018,159.3199963029474,72.98794492808256,139.81195813959297,79.23750667572023,151.53327037096025,60.01999914646149,97.70000004768372,64.07499833405018,159.3199963029474,73.9185996055603,145.1719937324524
2725422,Monterey,33.24579013450068,-121.602139,36.707081,dry,0.0,79.23750667572023,151.53327037096025,59.45426063495275,97.25899433666433,64.3438444745082,158.81461170373055,73.9185996055603,145.1719937324524,79.23750667572023,151.53327037096025,59.580000162124634,97.88000059127808,64.07499833405018,159.3199963029474,73.9185996055603,145.1719937324524
2709266,Monterey,17.228643907408678,-121.580724,36.683625,dry,0.0,79.23750667572023,151.53327037096025,59.48363709991629,92.91522758386351,64.07999862823635,150.48499644175172,71.53239694237709,128.10999476909637,79.23750667572023,151.53327037096025,59.56000077724457,93.0600004196167,64.07999862823635,150.48499644175172,71.53239694237709,128.10999476909637
2709265,Monterey,16.052487125484454,-121.578529,36.684701,dry,0.0,79.23750667572023,151.53327037096025,59.53098843715809,92.62234617751321,64.07999862823635,150.48499644175172,71.53239694237709,128.10999476909637,79.23750667572023,151.53327037096025,59.56000077724457,93.0600004196167,64.07999862823635,150.48499644175172,71.53239694237709,128.10999476909637
2709264,Monterey,17.06395457349719,-121.576577,36.685996,dry,0.0,79.23750667572023,151.53327037096025,59.56000077724457,93.0600004196167,64.07999862823635,150.48499644175172,72.13580451237745,132.4245232425887,79.23750667572023,151.53327037096025,59.56000077724457,93.0600004196167,64.07999862823635,150.48499644175172,71.53239694237709,128.10999476909637
2709232,Monterey,19.664208444239307,-121.559214,36.680455,dry,0.0,79.23750667572023,151.53327037096025,59.5,86.0799994468689,64.07999862823635,150.48499644175172,76.20259749889374,152.93039798736572,79.23750667572023,151.53327037096025,59.5,86.0799994468689,64.07999862823635,150.48499644175172,76.20259749889374,152.93039798736572
2723851,Monterey,11.657205085074054,-121.557411,36.658781,dry,0.0,79.23750667572023,151.53327037096025,58.0600004196167,81.42999935150146,64.07999862823635,150.48499644175172,76.20259749889374,152.93039798736572,79.23750667572023,151.53327037096025,58.0600004196167,81.42999935150146,64.07999862823635,150.48499644175172,76.20259749889374,152.93039798736572
2722443,Monterey,25.667821555499703,-121.588343,36.673201,dry,0.0,79.23750667572023,151.53327037096025,58.27999925613403,88.69999980926514,64.07999862823635,150.48499644175172,71.53239694237709,128.10999476909637,79.23750667572023,151.53327037096025,58.27999925613403,88.69999980926514,64.07999862823635,150.48499644175172,71.53239694237709,128.10999476909637
2722446,Monterey,18.89319320689746,-121.61371,36.747416,dry,0.0,79.23750667572023,151.53327037096025,64.48673494494692,114.65979579030254,64.07499833405018,159.3199963029474,75.66589742898941,145.40639805793762,79.23750667572023,151.53327037096025,64.80999994277954,115.00999975204468,64.07499833405018,159.3199963029474,75.66589742898941,145.40639805793762
2701313,Monterey,23.038395789009915,-121.597831,36.717239,dry,0.0,79.23750667572023,151.53327037096025,61.21999979019165,102.13999915122986,67.56999816000462,152.74999651312828,73.9185996055603,145.1719937324524,79.23750667572023,151.53327037096025,61.21999979019165,102.13999915122986,67.56999816000462,152.74999651312828,73.9185996055603,145.1719937324524
2719232,Monterey,4.020014066116352,-121.610235,36.772663,dry,0.0,79.23750667572023,151.53327037096025,69.73050193786621,130.66249973773955,64.07499833405018,159.3199963029474,82.47231347262858,163.0754773259163,79.23750667572023,151.53327037096025,71.13000178337097,134.32999849319458,64.07499833405018,159.3199963029474,88.0411993265152,177.53199672698975
2722450,Monterey,23.15384293655372,-121.6024,36.722245,dry,0.0,79.23750667572023,151.53327037096025,61.25786858406224,102.28917951271184,64.56200650651924,158.4045045289562,73.87664386190353,144.930352783594,79.23750667572023,151.53327037096025,61.21999979019165,102.13999915122986,64.07499833405018,159.3199963029474,73.9185996055603,145.1719937324524
2725427,Monterey,17.892731890630667,-121.575317,36.668045,dry,0.0,79.23750667572023,151.53327037096025,58.4200005531311,83.59999990463257,64.07999862823635,150.48499644175172,71.53239694237709,128.10999476909637,79.23750667572023,151.53327037096025,58.4200005531311,83.59999990463257,64.07999862823635,150.48499644175172,71.53239694237709,128.10999476909637
2701450,Monterey,9.246900042105729,-121.655931,36.746896,dry,0.0,79.23750667572023,151.53327037096025,62.92999839782715,116.32999873161316,64.07499833405018,159.3199963029474,69.93129867315292,132.36049795150757,79.23750667572023,151.53327037096025,62.92999839782715,116.32999873161316,64.07499833405018,159.3199963029474,69.93129867315292,132.36049795150757
2717058,Monterey,24.14101763366336,-121.62213,36.745262,dry,0.0,79.23750667572023,151.53327037096025,64.09000062942505,114.23000001907349,64.07499833405018,159.3199963029474,75.66589742898941,145.40639805793762,79.23750667572023,151.53327037096025,64.09000062942505,114.23000001907349,64.07499833405018,159.3199963029474,75.66589742898941,145.40639805793762
2717084,Monterey,36.5271677997698,-121.55553,36.656805,dry,0.0,79.23750667572023,151.53327037096025,58.00790335189912,81.3806446906059,64.07999862823635,150.48499644175172,76.20259749889374,152.93039798736572,79.23750667572023,151.53327037096025,58.0600004196167,81.42999935150146,64.07999862823635,150.48499644175172,76.20259749889374,152.93039798736572
2722478,Monterey,17.061098819044773,-121.558118,36.653441,dry,0.0,79.23750667572023,151.53327037096025,57.86147662658583,81.23590908809142,64.07999862823635,150.48499644175172,76.20259749889374,152.93039798736572,79.23750667572023,151.53327037096025,57.86999934911728,81.25,64.07999862823635,150.48499644175172,76.20259749889374,152.93039798736572
2723855,Monterey,7.30447026726625,-121.571175,36.648179,dry,0.0,79.23750667572023,151.53327037096025,56.74000024795532,83.29999995231628,64.07999862823635,150.48499644175172,71.53239694237709,128.10999476909637,79.23750667572023,151.53327037096025,56.74000024795532,83.29999995231628,64.07999862823635,150.48499644175172,71.53239694237709,128.10999476909637
2722482,Monterey,27.295529432607637,-121.585908,36.674571,dry,0.0,79.23750667572023,151.53327037096025,58.27999925613403,88.69999980926514,64.07999862823635,150.48499644175172,71.53239694237709,128.10999476909637,79.23750667572023,151.53327037096025,58.27999925613403,88.69999980926514,64.07999862823635,150.48499644175172,71.53239694237709,128.10999476909637
2713002,Monterey,16.5251025937266,-121.654915,36.745159,dry,0.0,79.23750667572023,151.53327037096025,62.92999839782715,116.32999873161316,64.07499833405018,159.3199963029474,69.93129867315292,132.36049795150757,79.23750667572023,151.53327037096025,62.92999839782715,116.32999873161316,64.07499833405018,159.3199963029474,69.93129867315292,132.36049795150757
2722487,Monterey,22.253393564227835,-121.612455,36.7496,dry,0.0,79.23750667572023,151.53327037096025,65.13000003915084,116.28298209842883,64.07499833405018,159.3199963029474,75.66589742898941,145.40639805793762,79.23750667572023,151.53327037096025,64.80999994277954,115.00999975204468,64.07499833405018,159.3199963029474,75.66589742898941,145.40639805793762
2712505,Monterey,2.895159841046956,-121.62811,36.732973,dry,0.0,79.23750667572023,151.53327037096025,62.139999747276306,109.04000043869019,64.07499833405018,159.3199963029474,75.66589742898941,145.40639805793762,79.23750667572023,151.53327037096025,62.139999747276306,109.04000043869019,64.07499833405018,159.3199963029474,75.66589742898941,145.40639805793762
2712382,Monterey,22.209591679433792,-121.597613,36.664004,dry,0.0,79.23750667572023,151.53327037096025,57.129293201243996,86.03141648368499,64.07999862823635,150.48499644175172,71.53239694237709,128.10999476909637,79.23750667572023,151.53327037096025,56.97000169754028,85.4500002861023,64.07999862823635,150.48499644175172,71.53239694237709,128.10999476909637
2712364,Monterey,11.05188754996759,-121.590772,36.680654,dry,0.0,79.23750667572023,151.53327037096025,58.474482943271774,91.02206806478829,64.07999862823635,150.48499644175172,71.53239694237709,128.10999476909637,79.23750667572023,151.53327037096025,58.60000026226044,91.23999905586243,64.07999862823635,150.48499644175172,71.53239694237709,128.10999476909637
2722494,Monterey,27.258584477956123,-121.555602,36.674114,dry,0.0,79.23750667572023,151.53327037096025,59.78514286194529,86.53192854268208,64.07999862823635,150.48499644175172,76.20259749889374,152.93039798736572,79.23750667572023,151.53327037096025,59.5,86.0799994468689,64.07999862823635,150.48499644175172,76.20259749889374,152.93039798736572
2723858,Monterey,8.133776065301593,-121.607035,36.775,dry,0.0,79.23750667572023,151.53327037096025,71.13000178337097,134.32999849319458,64.07499833405018,159.3199963029474,88.0411993265152,177.53199672698975,79.23750667572023,151.53327037096025,71.13000178337097,134.32999849319458,64.07499833405018,159.3199963029474,88.0411993265152,177.53199672698975
2709641,Monterey,0.9956461982675542,-121.629212,36.731215,dry,0.0,79.23750667572023,151.53327037096025,62.139999747276306,109.04000043869019,64.07499833405018,159.3199963029474,75.66589742898941,145.40639805793762,79.23750667572023,151.53327037096025,62.139999747276306,109.04000043869019,64.07499833405018,159.3199963029474,75.66589742898941,145.40639805793762
2709639,Monterey,2.1955645949669784,-121.628714,36.7321,dry,0.0,79.23750667572023,151.53327037096025,62.139999747276306,109.04000043869019,64.07499833405018,159.3199963029474,75.66589742898941,145.40639805793762,79.23750667572023,151.53327037096025,62.139999747276306,109.04000043869019,64.07499833405018,159.3199963029474,75.66589742898941,145.40639805793762
2722510,Monterey,32.05832119778528,-121.605548,36.718326,dry,0.0,79.23750667572023,151.53327037096025,60.74147205411292,101.49582798641885,64.07499833405018,159.3199963029474,70.77835376131021,127.08598406329477,79.23750667572023,151.53327037096025,60.4399995803833,101.09000015258789,64.07499833405018,159.3199963029474,68.79999887943268,115.69179797172546
2717145,Monterey,7.82087958135266,-121.589636,36.679259,dry,0.0,79.23750667572023,151.53327037096025,58.60000026226044,91.23999905586243,64.07999862823635,150.48499644175172,71.53239694237709,128.10999476909637,79.23750667572023,151.53327037096025,58.60000026226044,91.23999905586243,64.07999862823635,150.48499644175172,71.53239694237709,128.10999476909637
2722576,Monterey,12.442454697170415,-121.673323,36.625016,dry,0.0,79.23750667572023,151.53327037096025,54.29938472234286,90.6947695842156,69.01499871443957,159.37999580148607,71.37129786610603,131.64919638633728,79.23750667572023,151.53327037096025,54.32000017166138,91.1000006198883,69.01499871443957,159.37999580148607,71.37129786610603,131.64919638633728
2722579,Monterey,23.671902190440782,-121.617948,36.621381,dry,0.0,79.23750667572023,151.53327037096025,55.2400004863739,85.99000000953674,69.01499871443957,159.37999580148607,70.22369799017906,129.16409540176392,79.23750667572023,151.53327037096025,55.2400004863739,85.99000000953674,69.01499871443957,159.37999580148607,70.22369799017906,129.16409540176392
2725434,Monterey,6.436438737869787,-121.571902,36.647215,dry,0.0,79.23750667572023,151.53327037096025,56.74000024795532,83.29999995231628,64.07999862823635,150.48499644175172,71.53239694237709,128.10999476909637,79.23750667572023,151.53327037096025,56.74000024795532,83.29999995231628,64.07999862823635,150.48499644175172,71.53239694237709,128.10999476909637
2723862,Monterey,5.288955222396686,-121.573602,36.648135,dry,0.0,79.23750667572023,151.53327037096025,56.74000024795532,83.29999995231628,64.07999862823635,150.48499644175172,71.53239694237709,128.10999476909637,79.23750667572023,151.53327037096025,56.74000024795532,83.29999995231628,64.07999862823635,150.48499644175172,71.53239694237709,128.10999476909637
2725435,Monterey,36.79630720713228,-121.571081,36.68341,dry,0.0,79.23750667572023,151.53327037096025,59.39381032330649,90.4004770889484,64.07999862823635,150.48499644175172,71.54502235329339,128.2002698958866,79.23750667572023,151.53327037096025,59.56000077724457,93.0600004196167,64.07999862823635,150.48499644175172,71.53239694237709,128.10999476909637
2722628,Monterey,19.77345612525683,-121.595659,36.664983,dry,0.0,79.23750667572023,151.53327037096025,57.17588336327496,86.20147122121324,64.07999862823635,150.48499644175172,71.53239694237709,128.10999476909637,79.23750667572023,151.53327037096025,56.97000169754028,85.4500002861023,64.07999862823635,150.48499644175172,71.53239694237709,128.10999476909637
2722629,Monterey,14.755394172478532,-121.562966,36.652823,dry,0.0,79.23750667572023,151.53327037096025,57.11999976634979,80.00999975204468,64.07999862823635,150.48499644175172,75.8338974549582,150.97089247013392,79.23750667572023,151.53327037096025,57.11999976634979,80.00999975204468,64.07999862823635,150.48499644175172,76.20259749889374,152.93039798736572
2718783,Monterey,12.190300524582314,-121.576958,36.676983,dry,0.0,79.23750667572023,151.53327037096025,59.02467815722188,86.19016283558261,64.07999862823635,150.48499644175172,71.53239694237709,128.10999476909637,79.23750667572023,151.53327037096025,59.09000086784363,85.97000169754028,64.07999862823635,150.48499644175172,71.53239694237709,128.10999476909637
2718971,Monterey,10.047494844202577,-121.577205,36.679857,dry,0.0,79.23750667572023,151.53327037096025,59.13607929033392,86.66509961146933,64.07999862823635,150.48499644175172,71.53239694237709,128.10999476909637,79.23750667572023,151.53327037096025,59.09000086784363,85.97000169754028,64.07999862823635,150.48499644175172,71.53239694237709,128.10999476909637
2722636,Monterey,9.724432343746392,-121.573091,36.683088,dry,0.0,79.23750667572023,151.53327037096025,59.437800800800325,91.21660075187683,64.07999862823635,150.48499644175172,71.53239694237709,128.10999476909637,79.23750667572023,151.53327037096025,59.56000077724457,93.0600004196167,64.07999862823635,150.48499644175172,71.53239694237709,128.10999476909637
2722637,Monterey,13.779611354977655,-121.575874,36.681775,dry,0.0,79.23750667572023,151.53327037096025,59.12671961076558,86.5239078477025,64.07999862823635,150.48499644175172,71.53239694237709,128.10999476909637,79.23750667572023,151.53327037096025,59.09000086784363,85.97000169754028,64.07999862823635,150.48499644175172,71.53239694237709,128.10999476909637
2716573,Monterey,18.056525236488746,-121.574252,36.679242,dry,0.0,79.23750667572023,151.53327037096025,59.09000086784363,85.97000169754028,64.07999862823635,150.48499644175172,71.53239694237709,128.10999476909637,79.23750667572023,151.53327037096025,59.09000086784363,85.97000169754028,64.07999862823635,150.48499644175172,71.53239694237709,128.10999476909637
2723866,Monterey,1.6291202029042515,-121.630585,36.733328,dry,0.0,79.23750667572023,151.53327037096025,62.139999747276306,109.04000043869019,64.07499833405018,159.3199963029474,75.66589742898941,145.40639805793762,79.23750667572023,151.53327037096025,62.139999747276306,109.04000043869019,64.07499833405018,159.3199963029474,75.66589742898941,145.40639805793762
2718953,Monterey,1.897573389250322,-121.62978,36.732775,dry,0.0,79.23750667572023,151.53327037096025,62.139999747276306,109.04000043869019,64.07499833405018,159.3199963029474,75.66589742898941,145.40639805793762,79.23750667572023,151.53327037096025,62.139999747276306,109.04000043869019,64.07499833405018,159.3199963029474,75.66589742898941,145.40639805793762
2722688,Monterey,7.900988759908848,-121.5991,36.712711,dry,0.0,79.23750667572023,151.53327037096025,60.28341392191446,98.67463399724264,67.56999816000462,152.74999651312828,73.9185996055603,145.1719937324524,79.23750667572023,151.53327037096025,60.01999914646149,97.70000004768372,67.56999816000462,152.74999651312828,73.9185996055603,145.1719937324524
2722690,Monterey,2.632537073399416,-121.593555,36.714277,dry,0.0,79.23750667572023,151.53327037096025,60.78363591974432,100.52545402266763,67.56999816000462,152.74999651312828,73.9185996055603,145.1719937324524,79.23750667572023,151.53327037096025,61.21999979019165,102.13999915122986,67.56999816000462,152.74999651312828,73.9185996055603,145.1719937324524
2725437,Monterey,13.616853795279368,-121.593109,36.716682,dry,0.0,79.23750667572023,151.53327037096025,61.251232735098235,102.20630054277918,67.56999816000462,152.74999651312828,73.9185996055603,145.1719937324524,79.23750667572023,151.53327037096025,61.21999979019165,102.13999915122986,67.56999816000462,152.74999651312828,73.9185996055603,145.1719937324524
2722693,Monterey,7.716795065667997,-121.616336,36.717954,dry,0.0,79.23750667572023,151.53327037096025,60.4399995803833,101.09000015258789,64.07499833405018,159.3199963029474,68.79999887943268,115.69179797172546,79.23750667572023,151.53327037096025,60.4399995803833,101.09000015258789,64.07499833405018,159.3199963029474,68.79999887943268,115.69179797172546
2722694,Monterey,11.306197470357704,-121.61759,36.716536,dry,0.0,79.23750667572023,151.53327037096025,60.38660978664785,101.10779683064605,64.07499833405018,159.3199963029474,68.79999887943268,115.69179797172546,79.23750667572023,151.53327037096025,60.4399995803833,101.09000015258789,64.07499833405018,159.3199963029474,68.79999887943268,115.69179797172546
2722695,Monterey,15.099401974669547,-121.619826,36.719894,dry,0.0,79.23750667572023,151.53327037096025,61.077179422745346,105.07461687234732,64.07499833405018,159.3199963029474,68.79999887943268,115.69179797172546,79.23750667572023,151.53327037096025,61.14999997615814,105.53000164031982,64.07499833405018,159.3199963029474,68.79999887943268,115.69179797172546
2722701,Monterey,16.117056551011682,-121.615164,36.725171,dry,0.0,79.23750667572023,151.53327037096025,61.650002241134644,105.50000047683716,64.07499833405018,159.3199963029474,68.79999887943268,115.69179797172546,79.23750667572023,151.53327037096025,61.650002241134644,105.50000047683716,64.07499833405018,159.3199963029474,68.79999887943268,115.69179797172546
2722771,Monterey,21.646570685993492,-121.654784,36.742983,dry,0.0,79.23750667572023,151.53327037096025,62.92999839782715,116.32999873161316,64.07499833405018,159.3199963029474,69.93129867315292,132.36049795150757,79.23750667572023,151.53327037096025,62.92999839782715,116.32999873161316,64.07499833405018,159.3199963029474,69.93129867315292,132.36049795150757
2723870,Monterey,3.5171946533205625,-121.596868,36.77366,dry,0.0,79.23750667572023,151.53327037096025,72.06999945640564,133.6099991798401,67.56999816000462,152.74999651312828,92.65779983997345,195.52149724960327,79.23750667572023,151.53327037096025,72.06999945640564,133.6099991798401,67.56999816000462,152.74999651312828,92.65779983997345,195.52149724960327
2723871,Monterey,6.893563691978013,-121.598347,36.773515,dry,0.0,79.23750667572023,151.53327037096025,72.06999945640564,133.6099991798401,67.56999816000462,152.74999651312828,92.65779983997345,195.52149724960327,79.23750667572023,151.53327037096025,72.06999945640564,133.6099991798401,67.56999816000462,152.74999651312828,92.65779983997345,195.52149724960327
2713418,Monterey,9.57795145337216,-121.611108,36.770404,dry,0.0,79.23750667572023,151.53327037096025,68.02000212669373,126.1800012588501,64.07499833405018,159.3199963029474,75.66589742898941,145.40639805793762,79.23750667572023,151.53327037096025,68.02000212669373,126.1800012588501,64.07499833405018,159.3199963029474,75.66589742898941,145.40639805793762
2716839,Monterey,4.51684210473033,-121.609456,36.77221,dry,0.0,79.23750667572023,151.53327037096025,68.99550077915191,128.24749925136567,64.07499833405018,159.3199963029474,78.75972290337086,153.43779772520068,79.23750667572023,151.53327037096025,68.02000212669373,126.1800012588501,64.07499833405018,159.3199963029474,75.66589742898941,145.40639805793762
2723873,Monterey,4.906957642272972,-121.62022,36.765722,dry,0.0,79.23750667572023,151.53327037096025,68.02000212669373,126.1800012588501,64.07499833405018,159.3199963029474,75.66589742898941,145.40639805793762,79.23750667572023,151.53327037096025,68.02000212669373,126.1800012588501,64.07499833405018,159.3199963029474,75.66589742898941,145.40639805793762
2722827,Monterey,25.647940896665016,-121.622274,36.764802,dry,0.0,79.23750667572023,151.53327037096025,67.7012333990871,125.73449315541033,64.07499833405018,159.3199963029474,75.66589742898941,145.40639805793762,79.23750667572023,151.53327037096025,68.02000212669373,126.1800012588501,64.07499833405018,159.3199963029474,75.66589742898941,145.40639805793762
2711466,Monterey,4.851688675743119,-121.616519,36.7696,dry,0.0,79.23750667572023,151.53327037096025,70.77000164985657,136.0199999809265,64.07499833405018,159.3199963029474,75.66589742898941,145.40639805793762,79.23750667572023,151.53327037096025,70.77000164985657,136.0199999809265,64.07499833405018,159.3199963029474,75.66589742898941,145.40639805793762
2723875,Monterey,16.473125065243064,-121.625081,36.771631,dry,0.0,79.23750667572023,151.53327037096025,70.08666547707148,133.86261619840346,64.07499833405018,159.3199963029474,76.54984756452696,147.7010836771556,79.23750667572023,151.53327037096025,70.0699987411499,133.8099970817566,64.07499833405018,159.3199963029474,75.66589742898941,145.40639805793762
2723876,Monterey,64.25377177861496,-121.634044,36.763731,dry,0.0,79.23750667572023,151.53327037096025,66.01958398024242,121.49398830674944,64.07499833405018,159.3199963029474,75.66589742898941,145.40639805793762,79.23750667572023,151.53327037096025,65.23000073432922,119.18000078201294,64.07499833405018,159.3199963029474,75.66589742898941,145.40639805793762
2722842,Monterey,22.559504879318037,-121.651493,36.741955,dry,0.0,79.23750667572023,151.53327037096025,62.7741724739904,115.75173812327175,64.07499833405018,159.3199963029474,69.93129867315292,132.36049795150757,79.23750667572023,151.53327037096025,62.92999839782715,116.32999873161316,64.07499833405018,159.3199963029474,69.93129867315292,132.36049795150757
2722843,Monterey,35.81141247332543,-121.624149,36.739629,dry,0.0,79.23750667572023,151.53327037096025,63.21442553449851,112.02049204560578,64.07499833405018,159.3199963029474,75.66589742898941,145.40639805793762,79.23750667572023,151.53327037096025,63.209999322891235,112.6700005531311,64.07499833405018,159.3199963029474,75.66589742898941,145.40639805793762
2722844,Monterey,35.50715473501947,-121.625138,36.737898,dry,0.0,79.23750667572023,151.53327037096025,63.091104240048665,112.01784572548628,64.07499833405018,159.3199963029474,75.66589742898941,145.40639805793762,79.23750667572023,151.53327037096025,63.209999322891235,112.6700005531311,64.07499833405018,159.3199963029474,75.66589742898941,145.40639805793762
2722853,Monterey,17.45561877763174,-121.648219,36.741225,dry,0.0,79.23750667572023,151.53327037096025,62.42417634712471,113.79934037124717,64.07499833405018,159.3199963029474,69.93129867315292,132.36049795150757,79.23750667572023,151.53327037096025,62.43000054359436,113.80999970436096,64.07499833405018,159.3199963029474,69.93129867315292,132.36049795150757
2723658,Monterey,13.770660781900077,-121.609903,36.768511,dry,0.0,79.23750667572023,151.53327037096025,68.21411853678084,126.20941173329071,64.07499833405018,159.3199963029474,75.66589742898941,145.40639805793762,79.23750667572023,151.53327037096025,68.02000212669373,126.1800012588501,64.07499833405018,159.3199963029474,75.66589742898941,145.40639805793762
2723659,Monterey,5.609948396310327,-121.606904,36.771676,dry,0.0,79.23750667572023,151.53327037096025,68.67999792098999,126.27999687194824,64.07499833405018,159.3199963029474,75.66589742898941,145.40639805793762,79.23750667572023,151.53327037096025,68.67999792098999,126.27999687194824,64.07499833405018,159.3199963029474,75.66589742898941,145.40639805793762
2725438,Monterey,57.611118766416496,-121.624101,36.760227,dry,0.0,79.23750667572023,151.53327037096025,66.63074359378301,123.07763443766416,64.07499833405018,159.3199963029474,75.66589742898941,145.40639805793762,79.23750667572023,151.53327037096025,67.19000053405762,125.0199990272522,64.07499833405018,159.3199963029474,75.66589742898941,145.40639805793762
2723618,Monterey,20.894424078170964,-121.600281,36.71718,dry,0.0,79.23750667572023,151.53327037096025,61.21999979019165,102.13999915122986,66.02032842585503,155.66310962748204,73.9185996055603,145.1719937324524,79.23750667572023,151.53327037096025,61.21999979019165,102.13999915122986,67.56999816000462,152.74999651312828,73.9185996055603,145.1719937324524
2723705,Monterey,9.465577856482954,-121.676829,36.62581,dry,0.0,79.23750667572023,151.53327037096025,54.32000017166138,91.1000006198883,69.01499871443957,159.37999580148607,71.37129786610603,131.64919638633728,79.23750667572023,151.53327037096025,54.32000017166138,91.1000006198883,69.01499871443957,159.37999580148607,71.37129786610603,131.64919638633728
2716739,Monterey,29.64329504776501,-121.557411,36.677659,dry,0.0,79.23750667572023,151.53327037096025,59.505430463134054,86.0913239567485,64.07999862823635,150.48499644175172,76.20259749889374,152.93039798736572,79.23750667572023,151.53327037096025,59.5,86.0799994468689,64.07999862823635,150.48499644175172,76.20259749889374,152.93039798736572
2723750,Monterey,10.42145586084436,-121.551741,36.65308,dry,0.0,79.23750667572023,151.53327037096025,57.86999934911728,81.25,64.07999862823635,150.48499644175172,76.20259749889374,152.93039798736572,79.23750667572023,151.53327037096025,57.86999934911728,81.25,64.07999862823635,150.48499644175172,76.20259749889374,152.93039798736572
2722916,Monterey,22.44683459066948,-121.678674,36.624287,dry,0.0,79.23750667572023,151.53327037096025,54.32000017166138,91.1000006198883,69.01499871443957,159.37999580148607,71.37129786610603,131.64919638633728,79.23750667572023,151.53327037096025,54.32000017166138,91.1000006198883,69.01499871443957,159.37999580148607,71.37129786610603,131.64919638633728
2725441,Monterey,21.930924201953747,-121.602261,36.717444,dry,0.0,79.23750667572023,151.53327037096025,61.21999979019165,102.13999915122986,64.07499833405018,159.3199963029474,73.9185996055603,145.1719937324524,79.23750667572023,151.53327037096025,61.21999979019165,102.13999915122986,64.07499833405018,159.3199963029474,73.9185996055603,145.1719937324524
2724566,Monterey,14.361318132831713,-121.62046,36.718371,dry,0.0,79.23750667572023,151.53327037096025,60.39397426599111,102.66423177719116,64.07499833405018,159.3199963029474,68.79999887943268,115.69179797172546,79.23750667572023,151.53327037096025,59.989999890327454,101.24000072479248,64.07499833405018,159.3199963029474,68.79999887943268,115.69179797172546
2724535,Monterey,4.594895466267587,-121.609557,36.753063,dry,0.0,79.23750667572023,151.53327037096025,66.13000011444092,119.739999294281,64.07499833405018,159.3199963029474,75.66589742898941,145.40639805793762,79.23750667572023,151.53327037096025,66.13000011444092,119.739999294281,64.07499833405018,159.3199963029474,75.66589742898941,145.40639805793762
2724522,Monterey,13.377667001254949,-121.589188,36.777636,dry,0.0,79.23750667572023,151.53327037096025,76.11405823196189,134.13246365561,67.56999816000462,152.74999651312828,92.65779983997345,195.52149724960327,79.23750667572023,151.53327037096025,76.43000030517578,133.25999975204468,67.56999816000462,152.74999651312828,92.65779983997345,195.52149724960327
2724545,Monterey,1.960729945624284,-121.61686,36.77531,dry,0.0,79.23750667572023,151.53327037096025,70.77000164985657,136.0199999809265,64.07499833405018,159.3199963029474,88.0411993265152,177.53199672698975,79.23750667572023,151.53327037096025,70.77000164985657,136.0199999809265,64.07499833405018,159.3199963029474,88.0411993265152,177.53199672698975
2723883,Monterey,8.916374563094704,-121.627614,36.765461,dry,0.0,79.23750667572023,151.53327037096025,67.19000053405762,125.0199990272522,64.07499833405018,159.3199963029474,75.66589742898941,145.40639805793762,79.23750667572023,151.53327037096025,67.19000053405762,125.0199990272522,64.07499833405018,159.3199963029474,75.66589742898941,145.40639805793762
2722264,Monterey,36.9051010172328,-121.59126,36.73761,dry,0.0,79.23750667572023,151.53327037096025,65.84320920163934,117.01540139397197,67.56999816000462,152.74999651312828,87.01379537582397,197.11109232902527,79.23750667572023,151.53327037096025,66.5000011920929,119.34000062942505,67.56999816000462,152.74999651312828,87.01379537582397,197.11109232902527
2725442,Monterey,74.90701646967979,-121.567729,36.684652,dry,0.0,79.23750667572023,151.53327037096025,60.756683177898594,91.67844586792388,64.07999862823635,150.48499644175172,71.99391912263602,131.23232939237138,79.23750667572023,151.53327037096025,61.51999855041504,93.80000019073486,64.07999862823635,150.48499644175172,71.53239694237709,128.10999476909637
2711876,Monterey,7.0025868211354325,-121.539141,36.626921,dry,0.0,79.23750667572023,151.53327037096025,61.53999853134155,105.86999893188477,64.07999862823635,150.48499644175172,73.45779949426651,149.02059602737427,79.23750667572023,151.53327037096025,61.53999853134155,105.86999893188477,64.07999862823635,150.48499644175172,73.45779949426651,149.02059602737427
2724499,Monterey,11.10340207142775,-121.558748,36.616411,dry,0.0,79.23750667572023,151.53327037096025,60.00999903678894,109.8899998664856,64.07999862823635,150.48499644175172,73.45779949426651,149.02059602737427,79.23750667572023,151.53327037096025,60.00999903678894,109.8899998664856,64.07999862823635,150.48499644175172,73.45779949426651,149.02059602737427
2723887,Monterey,0.3093564386744006,-121.629873,36.731183,dry,0.0,79.23750667572023,151.53327037096025,62.139999747276306,109.04000043869019,64.07499833405018,159.3199963029474,75.66589742898941,145.40639805793762,79.23750667572023,151.53327037096025,62.139999747276306,109.04000043869019,64.07499833405018,159.3199963029474,75.66589742898941,145.40639805793762
2700165,Monterey,1.6853013605466478,-121.616252,36.776693,dry,0.0,79.23750667572023,151.53327037096025,70.77000164985657,136.0199999809265,64.07499833405018,159.3199963029474,88.0411993265152,177.53199672698975,79.23750667572023,151.53327037096025,70.77000164985657,136.0199999809265,64.07499833405018,159.3199963029474,88.0411993265152,177.53199672698975
2725450,Monterey,2.270141176026332,-121.617492,36.775142,dry,0.0,79.23750667572023,151.53327037096025,70.77000164985657,136.0199999809265,64.07499833405018,159.3199963029474,88.0411993265152,177.53199672698975,79.23750667572023,151.53327037096025,70.77000164985657,136.0199999809265,64.07499833405018,159.3199963029474,88.0411993265152,177.53199672698975
2724533,Monterey,2.20402624625054,-121.552229,36.668026,dry,0.0,79.23750667572023,151.53327037096025,58.58000028133392,83.10999965667725,64.07999862823635,150.48499644175172,76.20259749889374,152.93039798736572,79.23750667572023,151.53327037096025,58.58000028133392,83.10999965667725,64.07999862823635,150.48499644175172,76.20259749889374,152.93039798736572
2716276,Monterey,11.00079153352502,-121.614402,36.583946,dry,0.0,79.23750667572023,151.53327037096025,61.79785774435315,118.75374957067628,78.58999841380864,154.49499620776623,74.06409856304526,166.3989942073822,79.23750667572023,151.53327037096025,59.03000068664551,105.91000032424927,78.58999841380864,154.49499620776623,74.06409856304526,166.3989942073822
2716314,Monterey,16.57895515667521,-121.6229,36.580981,dry,0.0,79.23750667572023,151.53327037096025,66.83116289072258,139.57244155711905,78.58999841380864,154.49499620776623,74.06409856304526,166.3989942073822,79.23750667572023,151.53327037096025,65.23000049591064,134.67999863624573,78.58999841380864,154.49499620776623,74.06409856304526,166.3989942073822
2715387,Monterey,5.928900124406265,-121.605144,36.587273,dry,0.0,79.23750667572023,151.53327037096025,62.96448398458548,129.8631023291884,78.58999841380864,154.49499620776623,71.42857428434594,160.32752627339858,79.23750667572023,151.53327037096025,63.12000131607056,130.70999884605408,78.58999841380864,154.49499620776623,74.06409856304526,166.3989942073822
2721833,Monterey,12.30535776563927,-121.605197,36.591598,dry,0.0,79.23750667572023,151.53327037096025,58.60999870300293,106.14999985694885,78.58999841380864,154.49499620776623,71.48654036085692,160.46106295816355,79.23750667572023,151.53327037096025,58.60999870300293,106.14999985694885,78.58999841380864,154.49499620776623,74.06409856304526,166.3989942073822
2713102,Monterey,4.590621355675118,-121.588432,36.575171,dry,0.0,79.23750667572023,151.53327037096025,67.89999914169312,157.76000118255615,66.52499847486615,151.56499641668051,67.11589819192886,150.39239692687988,79.23750667572023,151.53327037096025,67.89999914169312,157.76000118255615,66.52499847486615,151.56499641668051,67.11589819192886,150.39239692687988
2716585,Monterey,8.16767299701615,-121.619135,36.581892,dry,0.0,79.23750667572023,151.53327037096025,65.23000049591064,134.67999863624573,78.58999841380864,154.49499620776623,74.06409856304526,166.3989942073822,79.23750667572023,151.53327037096025,65.23000049591064,134.67999863624573,78.58999841380864,154.49499620776623,74.06409856304526,166.3989942073822
2711496,Monterey,4.09711467184544,-121.587586,36.574704,dry,0.0,79.23750667572023,151.53327037096025,67.89999914169312,157.76000118255615,66.52499847486615,151.56499641668051,67.11589819192886,150.39239692687988,79.23750667572023,151.53327037096025,67.89999914169312,157.76000118255615,66.52499847486615,151.56499641668051,67.11589819192886,150.39239692687988
2711495,Monterey,21.539623332374315,-121.575838,36.577702,dry,0.0,79.23750667572023,151.53327037096025,66.79000043869019,159.4899983406067,66.52499847486615,151.56499641668051,67.11589819192886,150.39239692687988,79.23750667572023,151.53327037096025,66.79000043869019,159.4899983406067,66.52499847486615,151.56499641668051,67.11589819192886,150.39239692687988
2716747,Monterey,9.127258796446382,-121.61337,36.585843,dry,0.0,79.23750667572023,151.53327037096025,59.03000068664551,105.91000032424927,78.58999841380864,154.49499620776623,74.06409856304526,166.3989942073822,79.23750667572023,151.53327037096025,59.03000068664551,105.91000032424927,78.58999841380864,154.49499620776623,74.06409856304526,166.3989942073822
2725487,Monterey,27.86074454964981,-121.608293,36.587324,dry,0.0,79.23750667572023,151.53327037096025,61.294097830851875,120.25777714616724,78.58999841380864,154.49499620776623,74.06409856304526,166.3989942073822,79.23750667572023,151.53327037096025,63.12000131607056,130.70999884605408,78.58999841380864,154.49499620776623,74.06409856304526,166.3989942073822
2725491,Monterey,32.97113058259024,-121.610497,36.588255,dry,0.0,79.23750667572023,151.53327037096025,58.98844338034442,106.25874272078099,78.58999841380864,154.49499620776623,74.06409856304526,166.3989942073822,79.23750667572023,151.53327037096025,59.03000068664551,105.91000032424927,78.58999841380864,154.49499620776623,74.06409856304526,166.3989942073822
2711967,Monterey,6.063554974102309,-121.603993,36.586992,dry,0.0,79.23750667572023,151.53327037096025,63.12000131607056,130.70999884605408,78.58999841380864,154.49499620776623,67.34003368777132,150.90873877463804,79.23750667572023,151.53327037096025,63.12000131607056,130.70999884605408,78.58999841380864,154.49499620776623,67.11589819192886,150.39239692687988
2721900,Monterey,29.37130427491084,-121.611318,36.581231,dry,0.0,79.23750667572023,151.53327037096025,65.18862796297262,134.60215550310474,78.58999841380864,154.49499620776623,74.06409856304526,166.3989942073822,79.23750667572023,151.53327037096025,65.23000049591064,134.67999863624573,78.58999841380864,154.49499620776623,74.06409856304526,166.3989942073822
2715362,Monterey,10.114389043145565,-121.603725,36.584036,dry,0.0,79.23750667572023,151.53327037096025,63.12000131607056,130.70999884605408,78.58999841380864,154.49499620776623,67.37809443234835,150.99641946576676,79.23750667572023,151.53327037096025,63.12000131607056,130.70999884605408,78.58999841380864,154.49499620776623,67.11589819192886,150.39239692687988
2721901,Monterey,9.657931999645797,-121.605652,36.583653,dry,0.0,79.23750667572023,151.53327037096025,63.12000131607056,130.70999884605408,78.58999841380864,154.49499620776623,73.1104240023038,164.20201026692112,79.23750667572023,151.53327037096025,63.12000131607056,130.70999884605408,78.58999841380864,154.49499620776623,74.06409856304526,166.3989942073822
2725500,Monterey,6.292872107276397,-121.618706,36.584418,dry,0.0,79.23750667572023,151.53327037096025,59.759412428912,109.29470600801355,78.58999841380864,154.49499620776623,74.06409856304526,166.3989942073822,79.23750667572023,151.53327037096025,59.03000068664551,105.91000032424927,78.58999841380864,154.49499620776623,74.06409856304526,166.3989942073822
2721903,Monterey,7.756022939216538,-121.618173,36.587064,dry,0.0,79.23750667572023,151.53327037096025,59.03000068664551,105.91000032424927,78.58999841380864,154.49499620776623,74.06409856304526,166.3989942073822,79.23750667572023,151.53327037096025,59.03000068664551,105.91000032424927,78.58999841380864,154.49499620776623,74.06409856304526,166.3989942073822
2721904,Monterey,6.295518711667221,-121.617055,36.585804,dry,0.0,79.23750667572023,151.53327037096025,59.03000068664551,105.91000032424927,78.58999841380864,154.49499620776623,74.06409856304526,166.3989942073822,79.23750667572023,151.53327037096025,59.03000068664551,105.91000032424927,78.58999841380864,154.49499620776623,74.06409856304526,166.3989942073822
2717510,Monterey,5.236566591404907,-121.614225,36.587638,dry,0.0,79.23750667572023,151.53327037096025,59.03000068664551,105.91000032424927,78.58999841380864,154.49499620776623,74.06409856304526,166.3989942073822,79.23750667572023,151.53327037096025,59.03000068664551,105.91000032424927,78.58999841380864,154.49499620776623,74.06409856304526,166.3989942073822
2722224,Monterey,18.3248593319979,-121.622936,36.583575,dry,0.0,79.23750667572023,151.53327037096025,63.88157927864476,126.76442061097998,78.58999841380864,154.49499620776623,74.06409856304526,166.3989942073822,79.23750667572023,151.53327037096025,67.92999982833862,142.93000042438507,78.58999841380864,154.49499620776623,74.06409856304526,166.3989942073822
2702910,Monterey,1.7497028972600788,-121.716482,36.80148,dry,0.0,79.23750667572023,151.53327037096025,84.36000108718872,150.33999872207642,65.42499778792262,177.3949949434027,67.2044968008995,147.39299750328064,79.23750667572023,151.53327037096025,84.36000108718872,150.33999872207642,65.42499778792262,177.3949949434027,67.2044968008995,147.39299750328064
2701547,Monterey,0.858299155455523,-121.716658,36.876239,dry,0.0,79.23750667572023,151.53327037096025,111.60999917984009,189.07000255584717,65.42499778792262,177.3949949434027,96.03489470481873,189.3929944038391,79.23750667572023,151.53327037096025,111.60999917984009,189.07000255584717,65.42499778792262,177.3949949434027,96.03489470481873,189.3929944038391
2700609,Monterey,2.0782964812269524,-121.728235,36.818608,dry,0.0,79.23750667572023,151.53327037096025,85.6100025177002,152.71000003814697,65.42499778792262,177.3949949434027,84.8016973733902,168.91129660606384,79.23750667572023,151.53327037096025,85.6100025177002,152.71000003814697,65.42499778792262,177.3949949434027,84.8016973733902,168.91129660606384
2722263,Monterey,4.57124107653444,-121.703011,36.857694,dry,0.0,79.23750667572023,151.53327037096025,99.17315627399243,168.74578767701198,65.42499778792262,177.3949949434027,96.03489470481873,189.3929944038391,79.23750667572023,151.53327037096025,99.1599977016449,168.37999820709229,65.42499778792262,177.3949949434027,96.03489470481873,189.3929944038391
2700262,Monterey,0.910081369364022,-121.721372,36.872034,dry,0.0,79.23750667572023,151.53327037096025,103.25000143051147,176.77999866008759,65.42499778792262,177.3949949434027,96.03489470481873,189.3929944038391,79.23750667572023,151.53327037096025,103.25000143051147,176.77999866008759,65.42499778792262,177.3949949434027,96.03489470481873,189.3929944038391
2715149,Monterey,11.985923669649075,-121.669691,36.895052,dry,0.0,79.23750667572023,151.53327037096025,104.56000077724457,181.639998793602,68.78499916661531,163.3999965954572,107.02599740028381,207.34269618988037,79.23750667572023,151.53327037096025,104.56000077724457,181.639998793602,68.78499916661531,163.3999965954572,107.02599740028381,207.34269618988037
2712897,Monterey,9.153888865917894,-121.70834,36.912809,dry,0.0064770677933095,79.23750667572023,151.53327037096025,109.3814297744206,190.3185694728579,69.51999836880714,182.43499598558992,104.31609773635864,198.88559532165527,79.23750667572023,151.53327037096025,109.24000072479248,190.33999955654144,69.51999836880714,182.43499598558992,104.31609773635864,198.88559532165527
2712848,Monterey,26.61444739713056,-121.672716,36.89593,dry,0.0,79.23750667572023,151.53327037096025,104.56000077724457,181.639998793602,68.78499916661531,163.3999965954572,107.02599740028381,207.34269618988037,79.23750667572023,151.53327037096025,104.56000077724457,181.639998793602,68.78499916661531,163.3999965954572,107.02599740028381,207.34269618988037
2712565,Monterey,2.4874567353444883,-121.693633,36.781759,dry,0.0,79.23750667572023,151.53327037096025,71.61000084877014,136.96999979019165,64.07499833405018,159.3199963029474,67.2044968008995,147.39299750328064,79.23750667572023,151.53327037096025,71.61000084877014,136.96999979019165,64.07499833405018,159.3199963029474,67.2044968008995,147.39299750328064
2712316,Monterey,12.929972579041412,-121.706815,36.761735,dry,0.0,79.23750667572023,151.53327037096025,63.55000138282776,122.88000130653381,68.87999911978841,172.6099964324385,62.81339757144451,129.51649737358093,79.23750667572023,151.53327037096025,63.55000138282776,122.88000130653381,68.87999911978841,172.6099964324385,62.81339757144451,129.51649737358093
2712271,Monterey,4.994474139255338,-121.72431,36.818775,dry,0.0,79.23750667572023,151.53327037096025,85.6100025177002,152.71000003814697,65.42499778792262,177.3949949434027,84.8016973733902,168.91129660606384,79.23750667572023,151.53327037096025,85.6100025177002,152.71000003814697,65.42499778792262,177.3949949434027,84.8016973733902,168.91129660606384
2712127,Monterey,0.4776706950289649,-121.703126,36.87558,dry,0.0,79.23750667572023,151.53327037096025,109.09999966621399,184.22000432014465,65.42499778792262,177.3949949434027,96.03489470481873,189.3929944038391,79.23750667572023,151.53327037096025,109.09999966621399,184.22000432014465,65.42499778792262,177.3949949434027,96.03489470481873,189.3929944038391
2712071,Monterey,2.835930758492633,-121.722426,36.818827,dry,0.0,79.23750667572023,151.53327037096025,86.3750022479466,153.91857174464636,65.42499778792262,177.3949949434027,84.8016973733902,168.91129660606384,79.23750667572023,151.53327037096025,85.6100025177002,152.71000003814697,65.42499778792262,177.3949949434027,84.8016973733902,168.91129660606384
2711934,Monterey,1.0789736907747691,-121.713344,36.800261,dry,0.0,79.23750667572023,151.53327037096025,84.36000108718872,150.33999872207642,65.42499778792262,177.3949949434027,67.2044968008995,147.39299750328064,79.23750667572023,151.53327037096025,84.36000108718872,150.33999872207642,65.42499778792262,177.3949949434027,67.2044968008995,147.39299750328064
2725545,Monterey,5.352412506072407,-121.716313,36.865391,dry,0.0,79.23750667572023,151.53327037096025,99.10000038146973,170.55999755859375,65.42499778792262,177.3949949434027,96.03489470481873,189.3929944038391,79.23750667572023,151.53327037096025,99.10000038146973,170.55999755859375,65.42499778792262,177.3949949434027,96.03489470481873,189.3929944038391
2711369,Monterey,4.089743050252847,-121.67303,36.690723,dry,0.0,79.23750667572023,151.53327037096025,55.89000082015991,97.60000044107437,69.01499871443957,159.37999580148607,67.50299942493439,118.26299607753754,79.23750667572023,151.53327037096025,55.89000082015991,97.60000044107437,69.01499871443957,159.37999580148607,67.50299942493439,118.26299607753754
2711353,Monterey,1.3112872138109553,-121.73156,36.791407,dry,0.0,79.23750667572023,151.53327037096025,75.49999809265137,139.49000000953674,68.87999911978841,172.6099964324385,61.84649868309498,132.33949756622314,79.23750667572023,151.53327037096025,75.49999809265137,139.49000000953674,68.87999911978841,172.6099964324385,61.84649868309498,132.33949756622314
2719003,Monterey,10.922485760816588,-121.691473,36.900969,dry,0.0,79.23750667572023,151.53327037096025,108.0483907376017,186.11589241666454,66.27499858662486,167.63999602384865,104.31609773635864,198.88559532165527,79.23750667572023,151.53327037096025,108.31999778747559,186.0299996137619,66.27499858662486,167.63999602384865,104.31609773635864,198.88559532165527
2710752,Monterey,9.09439671497452,-121.716621,36.907066,dry,0.0,79.23750667572023,151.53327037096025,108.31055586867863,189.95888769626617,69.51999836880714,182.43499598558992,104.31609773635864,198.88559532165527,79.23750667572023,151.53327037096025,109.24000072479248,190.33999955654144,69.51999836880714,182.43499598558992,104.31609773635864,198.88559532165527
2709714,Monterey,5.930803812957799,-121.69591,36.737847,dry,0.0,79.23750667572023,151.53327037096025,59.84792960923293,113.25137886507758,64.07499833405018,159.3199963029474,62.81339757144451,129.51649737358093,79.23750667572023,151.53327037096025,59.81999850273132,113.22999954223633,64.07499833405018,159.3199963029474,62.81339757144451,129.51649737358093
2708599,Monterey,0.9299777190692587,-121.675787,36.728485,dry,0.0,79.23750667572023,151.53327037096025,59.94000029563904,110.16000032424927,64.07499833405018,159.3199963029474,69.93129867315292,132.36049795150757,79.23750667572023,151.53327037096025,59.94000029563904,110.16000032424927,64.07499833405018,159.3199963029474,69.93129867315292,132.36049795150757
2709697,Monterey,0.6628081727590917,-121.69179,36.735887,dry,0.0,79.23750667572023,151.53327037096025,60.630000591278076,113.84999990463257,64.07499833405018,159.3199963029474,62.81339757144451,129.51649737358093,79.23750667572023,151.53327037096025,60.630000591278076,113.84999990463257,64.07499833405018,159.3199963029474,62.81339757144451,129.51649737358093
2718734,Monterey,4.839863407673088,-121.708938,36.913594,dry,0.0,79.23750667572023,151.53327037096025,109.35000109672546,190.32333171367645,69.51999836880714,182.43499598558992,104.31609773635864,198.88559532165527,79.23750667572023,151.53327037096025,109.24000072479248,190.33999955654144,69.51999836880714,182.43499598558992,104.31609773635864,198.88559532165527
2718735,Monterey,4.236827477034816,-121.710037,36.912349,dry,0.0,79.23750667572023,151.53327037096025,109.24000072479248,190.33999955654144,69.51999836880714,182.43499598558992,104.31609773635864,198.88559532165527,79.23750667572023,151.53327037096025,109.24000072479248,190.33999955654144,69.51999836880714,182.43499598558992,104.31609773635864,198.88559532165527
2719062,Monterey,3.500765919080781,-121.718187,36.908574,dry,0.0366598778004073,79.23750667572023,151.53327037096025,106.84999966621399,189.35999763011932,69.51999836880714,182.43499598558992,104.31609773635864,198.88559532165527,79.23750667572023,151.53327037096025,106.84999966621399,189.35999763011932,69.51999836880714,182.43499598558992,104.31609773635864,198.88559532165527
2719004,Monterey,4.290382159866916,-121.693056,36.905293,dry,0.0,79.23750667572023,151.53327037096025,108.31999778747559,186.0299996137619,66.27499858662486,167.63999602384865,104.31609773635864,198.88559532165527,79.23750667572023,151.53327037096025,108.31999778747559,186.0299996137619,66.27499858662486,167.63999602384865,104.31609773635864,198.88559532165527
2719005,Monterey,10.607235266705226,-121.691578,36.903823,dry,0.0,79.23750667572023,151.53327037096025,108.08166453573438,186.10536993653687,66.27499858662486,167.63999602384865,104.31609773635864,198.88559532165527,79.23750667572023,151.53327037096025,108.31999778747559,186.0299996137619,66.27499858662486,167.63999602384865,104.31609773635864,198.88559532165527
2711040,Monterey,11.914264395254364,-121.691391,36.90281,dry,0.0,79.23750667572023,151.53327037096025,107.96304875713282,186.14288089841097,66.27499858662486,167.63999602384865,104.31609773635864,198.88559532165527,79.23750667572023,151.53327037096025,108.31999778747559,186.0299996137619,66.27499858662486,167.63999602384865,104.31609773635864,198.88559532165527
2719006,Monterey,10.685250411797968,-121.691445,36.90188,dry,0.0,79.23750667572023,151.53327037096025,108.00090698762374,186.13090864094826,66.27499858662486,167.63999602384865,104.31609773635864,198.88559532165527,79.23750667572023,151.53327037096025,108.31999778747559,186.0299996137619,66.27499858662486,167.63999602384865,104.31609773635864,198.88559532165527
2718008,Monterey,3.458324235480032,-121.662924,36.860224,dry,0.0,79.23750667572023,151.53327037096025,95.79476328123184,166.88190569196428,68.78499916661531,163.3999965954572,91.63209509849548,192.11849355697632,79.23750667572023,151.53327037096025,95.77000117301941,166.80000114440918,68.78499916661531,163.3999965954572,91.63209509849548,192.11849355697632
2722877,Monterey,9.673570675968964,-121.702074,36.745403,dry,0.0020485053943975,79.23750667572023,151.53327037096025,60.690000772476196,115.73000049591064,68.87999911978841,172.6099964324385,62.81339757144451,129.51649737358093,79.23750667572023,151.53327037096025,60.690000772476196,115.73000049591064,68.87999911978841,172.6099964324385,62.81339757144451,129.51649737358093
2723964,Monterey,0.7486106676131731,-121.693136,36.782178,dry,0.0,79.23750667572023,151.53327037096025,71.61000084877014,136.96999979019165,64.07499833405018,159.3199963029474,67.2044968008995,147.39299750328064,79.23750667572023,151.53327037096025,71.61000084877014,136.96999979019165,64.07499833405018,159.3199963029474,67.2044968008995,147.39299750328064
2715780,Monterey,20.62735105813422,-121.704199,36.916619,dry,0.0103966634661545,79.23750667572023,151.53327037096025,109.20923134111442,192.56413200726877,69.51999836880714,182.43499598558992,104.31609773635864,198.88559532165527,79.23750667572023,151.53327037096025,109.00999987125397,193.81999814510345,69.51999836880714,182.43499598558992,104.31609773635864,198.88559532165527
2715782,Monterey,19.541182619798636,-121.736447,36.742945,dry,0.0,79.23750667572023,151.53327037096025,60.411616412076086,119.39404088800605,68.87999911978841,172.6099964324385,60.21640041237697,124.70359752327204,79.23750667572023,151.53327037096025,60.40000009536743,119.71000051498413,68.87999911978841,172.6099964324385,60.21640041237697,124.70359752327204
2715784,Monterey,24.369177660409044,-121.739813,36.893976,dry,0.0,79.23750667572023,151.53327037096025,104.70000076293945,186.07000267505646,65.42499778792262,177.3949949434027,96.75734770298006,187.16164481639862,79.23750667572023,151.53327037096025,104.70000076293945,186.07000267505646,65.42499778792262,177.3949949434027,101.1646978855133,198.14249396324158
2722227,Monterey,9.637662444586358,-121.673274,36.731368,dry,0.0,79.23750667572023,151.53327037096025,59.94000029563904,110.16000032424927,64.07499833405018,159.3199963029474,69.93129867315292,132.36049795150757,79.23750667572023,151.53327037096025,59.94000029563904,110.16000032424927,64.07499833405018,159.3199963029474,69.93129867315292,132.36049795150757
2725551,Monterey,35.6506592233233,-121.789806,36.872416,partial,0.082448245996757,79.23750667572023,151.53327037096025,102.58639016416339,186.72922225197158,65.42499778792262,177.3949949434027,97.86939859390259,183.5908932685852,79.23750667572023,151.53327037096025,102.16000175476074,187.08000064827502,65.42499778792262,177.3949949434027,97.86939859390259,183.5908932685852
2718007,Monterey,4.12290959363588,-121.663014,36.860869,dry,0.0,79.23750667572023,151.53327037096025,95.81727428869767,166.95636437155983,68.78499916661531,163.3999965954572,91.63209509849548,192.11849355697632,79.23750667572023,151.53327037096025,95.77000117301941,166.80000114440918,68.78499916661531,163.3999965954572,91.63209509849548,192.11849355697632
2701086,Monterey,35.56877453114786,-121.769159,36.735193,partial,0.1692259847811006,79.23750667572023,151.53327037096025,60.614945071084165,124.89966916251971,68.87999911978841,172.6099964324385,60.21728589505491,124.45445440709594,79.23750667572023,151.53327037096025,60.28999996185303,124.31999826431274,68.87999911978841,172.6099964324385,60.21640041237697,124.70359752327204
2701104,Monterey,3.36462436471706,-121.732239,36.757463,dry,0.0,79.23750667572023,151.53327037096025,64.1599988937378,127.5000011920929,68.87999911978841,172.6099964324385,60.21640041237697,124.70359752327204,79.23750667572023,151.53327037096025,64.1599988937378,127.5000011920929,68.87999911978841,172.6099964324385,60.21640041237697,124.70359752327204
2717201,Monterey,1.6618043031243863,-121.710022,36.862462,dry,0.0,79.23750667572023,151.53327037096025,99.21000027656555,169.76999819278717,65.42499778792262,177.3949949434027,96.03489470481873,189.3929944038391,79.23750667572023,151.53327037096025,99.21000027656555,169.76999819278717,65.42499778792262,177.3949949434027,96.03489470481873,189.3929944038391
2701124,Monterey,2.078952236804518,-121.712573,36.87758,dry,0.0,79.23750667572023,151.53327037096025,111.60999917984009,189.07000255584717,65.42499778792262,177.3949949434027,96.03489470481873,189.3929944038391,79.23750667572023,151.53327037096025,111.60999917984009,189.07000255584717,65.42499778792262,177.3949949434027,96.03489470481873,189.3929944038391
2716272,Monterey,15.94560485089796,-121.802704,36.846735,dry,0.0,79.23750667572023,151.53327037096025,96.29358084407855,177.43604929096722,67.69999848026782,191.6849961988628,85.13939964771271,163.0049946308136,79.23750667572023,151.53327037096025,98.02000141143799,180.33999897912145,67.69999848026782,191.6849961988628,85.13939964771271,163.0049946308136
2701149,Monterey,11.903876349239086,-121.766325,36.864975,dry,0.0,79.23750667572023,151.53327037096025,106.87000274658203,187.42000102996826,65.42499778792262,177.3949949434027,92.34999752044678,176.18079566955566,79.23750667572023,151.53327037096025,106.87000274658203,187.42000102996826,65.42499778792262,177.3949949434027,92.34999752044678,176.18079566955566
2722234,Monterey,4.587100305309295,-121.703761,36.866763,dry,0.0,79.23750667572023,151.53327037096025,103.25450011491775,175.67300068736077,65.42499778792262,177.3949949434027,96.03489470481873,189.3929944038391,79.23750667572023,151.53327037096025,99.21000027656555,169.76999819278717,65.42499778792262,177.3949949434027,96.03489470481873,189.3929944038391
2701287,Monterey,1.5495468202883562,-121.720919,36.800855,dry,0.0,79.23750667572023,151.53327037096025,80.08999872207642,143.81000018119812,65.42499778792262,177.3949949434027,67.2044968008995,147.39299750328064,79.23750667572023,151.53327037096025,80.08999872207642,143.81000018119812,65.42499778792262,177.3949949434027,67.2044968008995,147.39299750328064
2701294,Monterey,24.904857854255347,-121.746574,36.843575,dry,0.0,79.23750667572023,151.53327037096025,95.77400088310242,167.2510015964508,65.42499778792262,177.3949949434027,76.29919791221619,151.43509650230408,79.23750667572023,151.53327037096025,95.08000087738037,166.38000178337097,65.42499778792262,177.3949949434027,76.29919791221619,151.43509650230408
2725556,Monterey,53.59399565771184,-121.700248,36.6373,dry,0.0,79.23750667572023,151.53327037096025,53.93101456372634,93.34757237071577,72.80883917564094,166.22365521613267,68.59399959445,131.02819800376892,79.23750667572023,151.53327037096025,53.72000074386597,93.42999982833862,74.6749985376373,169.58999579306692,68.59399959445,131.02819800376892
2701328,Monterey,1.2729467066613105,-121.702876,36.875302,dry,0.0,79.23750667572023,151.53327037096025,109.09999966621399,184.22000432014465,65.42499778792262,177.3949949434027,96.03489470481873,189.3929944038391,79.23750667572023,151.53327037096025,109.09999966621399,184.22000432014465,65.42499778792262,177.3949949434027,96.03489470481873,189.3929944038391
2701346,Monterey,22.18678520879115,-121.777221,36.861443,dry,0.0,79.23750667572023,151.53327037096025,104.01064548377067,184.46757911578302,65.42499778792262,177.3949949434027,97.86939859390259,183.5908932685852,79.23750667572023,151.53327037096025,103.82000064849854,183.97999787330627,65.42499778792262,177.3949949434027,97.86939859390259,183.5908932685852
2701352,Monterey,1.1539309854181647,-121.70262,36.866048,dry,0.0,79.23750667572023,151.53327037096025,100.98000192642212,172.22999906539917,65.42499778792262,177.3949949434027,96.03489470481873,189.3929944038391,79.23750667572023,151.53327037096025,100.98000192642212,172.22999906539917,65.42499778792262,177.3949949434027,96.03489470481873,189.3929944038391
2701409,Monterey,24.91293824023788,-121.764104,36.867497,dry,0.0,79.23750667572023,151.53327037096025,106.87000274658203,187.42000102996826,65.42499778792262,177.3949949434027,92.34999752044678,176.18079566955566,79.23750667572023,151.53327037096025,106.87000274658203,187.42000102996826,65.42499778792262,177.3949949434027,92.34999752044678,176.18079566955566
2701414,Monterey,0.9361348823573574,-121.706679,36.875316,dry,0.0,79.23750667572023,151.53327037096025,107.91000032424927,183.08999955654144,65.42499778792262,177.3949949434027,96.03489470481873,189.3929944038391,79.23750667572023,151.53327037096025,107.91000032424927,183.08999955654144,65.42499778792262,177.3949949434027,96.03489470481873,189.3929944038391
2722241,Monterey,14.404646674263486,-121.727866,36.90827,dry,0.0,79.23750667572023,151.53327037096025,106.57253121424324,189.53012489518034,69.51999836880714,182.43499598558992,104.31609773635864,198.88559532165527,79.23750667572023,151.53327037096025,106.84999966621399,189.35999763011932,69.51999836880714,182.43499598558992,104.31609773635864,198.88559532165527
2701472,Monterey,0.5692940052090641,-121.719301,36.855705,dry,0.0,79.23750667572023,151.53327037096025,99.10000038146973,170.55999755859375,65.42499778792262,177.3949949434027,96.03489470481873,189.3929944038391,79.23750667572023,151.53327037096025,99.10000038146973,170.55999755859375,65.42499778792262,177.3949949434027,96.03489470481873,189.3929944038391
2716307,Monterey,8.653755970533727,-121.736527,36.894202,dry,0.0,79.23750667572023,151.53327037096025,104.70000076293945,186.07000267505646,65.42499778792262,177.3949949434027,98.22646443049112,190.82192786534628,79.23750667572023,151.53327037096025,104.70000076293945,186.07000267505646,65.42499778792262,177.3949949434027,101.1646978855133,198.14249396324158
2722246,Monterey,14.256334866896356,-121.653532,36.907859,dry,0.0,79.23750667572023,151.53327037096025,110.58123344917821,193.95972530155967,66.27499858662486,167.63999602384865,107.02599740028381,207.34269618988037,79.23750667572023,151.53327037096025,113.25000023841858,198.72999787330627,66.27499858662486,167.63999602384865,107.02599740028381,207.34269618988037
2716310,Monterey,12.709159613253927,-121.759575,36.831962,dry,0.0,79.23750667572023,151.53327037096025,94.5499997138977,167.00999772548676,65.42499778792262,177.3949949434027,76.29919791221619,151.43509650230408,79.23750667572023,151.53327037096025,94.5499997138977,167.00999772548676,65.42499778792262,177.3949949434027,76.29919791221619,151.43509650230408
2701600,Monterey,2.172854459602779,-121.740338,36.845088,dry,0.0,79.23750667572023,151.53327037096025,102.02000093460083,175.0899999141693,65.42499778792262,177.3949949434027,76.29919791221619,151.43509650230408,79.23750667572023,151.53327037096025,102.02000093460083,175.0899999141693,65.42499778792262,177.3949949434027,76.29919791221619,151.43509650230408
2724741,Monterey,28.650629102726043,-121.680956,36.755138,dry,0.0,79.23750667572023,151.53327037096025,62.322726639834315,116.61727246371183,64.07499833405018,159.3199963029474,69.93129867315292,132.36049795150757,79.23750667572023,151.53327037096025,62.31999897956848,116.50000023841858,64.07499833405018,159.3199963029474,69.93129867315292,132.36049795150757
2702897,Monterey,13.112880227688642,-121.672125,36.749002,dry,0.0,79.23750667572023,151.53327037096025,62.608570337295525,116.61142798832483,64.07499833405018,159.3199963029474,69.93129867315292,132.36049795150757,79.23750667572023,151.53327037096025,62.059999227523804,115.05999946594238,64.07499833405018,159.3199963029474,69.93129867315292,132.36049795150757
2723972,Monterey,12.141041215028611,-121.692977,36.861496,dry,0.0,79.23750667572023,151.53327037096025,96.70676912894616,166.77522963743942,68.78499916661531,163.3999965954572,96.03489470481873,189.3929944038391,79.23750667572023,151.53327037096025,96.6399998664856,166.68999886512756,68.78499916661531,163.3999965954572,96.03489470481873,189.3929944038391
2701017,Monterey,1.7184147757722152,-121.675778,36.867753,dry,0.0,79.23750667572023,151.53327037096025,100.97000026702881,174.8200011253357,68.78499916661531,163.3999965954572,91.63209509849548,192.11849355697632,79.23750667572023,151.53327037096025,100.97000026702881,174.8200011253357,68.78499916661531,163.3999965954572,91.63209509849548,192.11849355697632
2701002,Monterey,1.26377018499995,-121.666185,36.768964,dry,0.0,79.23750667572023,151.53327037096025,65.94000053405762,122.19000005722046,64.07499833405018,159.3199963029474,69.93129867315292,132.36049795150757,79.23750667572023,151.53327037096025,65.94000053405762,122.19000005722046,64.07499833405018,159.3199963029474,69.93129867315292,132.36049795150757
2716328,Monterey,13.961904466522949,-121.780322,36.740196,dry,0.0,79.23750667572023,151.53327037096025,62.173857137135094,129.5785704238074,68.87999911978841,172.6099964324385,60.22259879112244,122.95959571003914,79.23750667572023,151.53327037096025,62.32000017166138,130.41999745368958,68.87999911978841,172.6099964324385,60.22259879112244,122.95959571003914
2700976,Monterey,65.04031214850211,-121.66404,36.896663,dry,0.0,79.23750667572023,151.53327037096025,104.42923047603705,181.44820514397742,68.78499916661531,163.3999965954572,107.02599740028381,207.34269618988037,79.23750667572023,151.53327037096025,104.56000077724457,181.639998793602,68.78499916661531,163.3999965954572,107.02599740028381,207.34269618988037
2700952,Monterey,1.8901226046999928,-121.714539,36.876853,dry,0.0,79.23750667572023,151.53327037096025,111.60999917984009,189.07000255584717,65.42499778792262,177.3949949434027,96.03489470481873,189.3929944038391,79.23750667572023,151.53327037096025,111.60999917984009,189.07000255584717,65.42499778792262,177.3949949434027,96.03489470481873,189.3929944038391
2723974,Monterey,70.69565303190622,-121.686096,36.906022,dry,0.0,79.23750667572023,151.53327037096025,107.15956221744216,186.3969748588609,66.27499858662486,167.63999602384865,105.60828422460635,202.91827284737568,79.23750667572023,151.53327037096025,107.1499981880188,186.3999993801117,66.27499858662486,167.63999602384865,104.31609773635864,198.88559532165527
2723975,Monterey,1.589571230480894,-121.687734,36.857302,dry,0.0,79.23750667572023,151.53327037096025,96.6399998664856,166.68999886512756,68.78499916661531,163.3999965954572,96.03489470481873,189.3929944038391,79.23750667572023,151.53327037096025,96.6399998664856,166.68999886512756,68.78499916661531,163.3999965954572,96.03489470481873,189.3929944038391
2700900,Monterey,1.0809243524299148,-121.781357,36.840251,dry,0.0,79.23750667572023,151.53327037096025,96.91000127792358,175.61999958753586,65.42499778792262,177.3949949434027,85.13939964771271,163.0049946308136,79.23750667572023,151.53327037096025,96.91000127792358,175.61999958753586,65.42499778792262,177.3949949434027,85.13939964771271,163.0049946308136
2700874,Monterey,0.8805207707424596,-121.706226,36.875973,dry,0.0,79.23750667572023,151.53327037096025,114.69999885559082,192.58999967575073,65.42499778792262,177.3949949434027,96.03489470481873,189.3929944038391,79.23750667572023,151.53327037096025,114.69999885559082,192.58999967575073,65.42499778792262,177.3949949434027,96.03489470481873,189.3929944038391
2723976,Monterey,9.37754247248914,-121.718108,36.800514,dry,0.0,79.23750667572023,151.53327037096025,81.30999939782279,145.67571405002047,65.42499778792262,177.3949949434027,67.2044968008995,147.39299750328064,79.23750667572023,151.53327037096025,80.08999872207642,143.81000018119812,65.42499778792262,177.3949949434027,67.2044968008995,147.39299750328064
2700836,Monterey,1.5123618912532593,-121.692978,36.770066,dry,0.0,79.23750667572023,151.53327037096025,66.60999965667725,127.9299988746643,64.07499833405018,159.3199963029474,62.81339757144451,129.51649737358093,79.23750667572023,151.53327037096025,66.60999965667725,127.9299988746643,64.07499833405018,159.3199963029474,62.81339757144451,129.51649737358093
2725563,Monterey,20.76176065433671,-121.736425,36.680701,dry,0.001654979695678,79.23750667572023,151.53327037096025,55.43000030517578,103.42000004649162,74.6749985376373,169.58999579306692,58.28349870443344,115.29659640789032,79.23750667572023,151.53327037096025,55.43000030517578,103.42000004649162,74.6749985376373,169.58999579306692,58.28349870443344,115.29659640789032
2700765,Monterey,17.105498913033156,-121.740908,36.727865,dry,0.0,79.23750667572023,151.53327037096025,59.127326585525694,116.73976709537729,68.87999911978841,172.6099964324385,59.13522780681745,121.12497795052656,79.23750667572023,151.53327037096025,59.03000092506409,115.989999294281,68.87999911978841,172.6099964324385,60.21640041237697,124.70359752327204
2700722,Monterey,1.2402487975082424,-121.733112,36.848174,dry,0.0,79.23750667572023,151.53327037096025,102.02000093460083,175.0899999141693,65.42499778792262,177.3949949434027,76.29919791221619,151.43509650230408,79.23750667572023,151.53327037096025,102.02000093460083,175.0899999141693,65.42499778792262,177.3949949434027,76.29919791221619,151.43509650230408
2700683,Monterey,28.509437595563732,-121.763633,36.840064,dry,0.0,79.23750667572023,151.53327037096025,96.53000068664551,170.6199996471405,65.42499778792262,177.3949949434027,76.29919791221619,151.43509650230408,79.23750667572023,151.53327037096025,96.53000068664551,170.6199996471405,65.42499778792262,177.3949949434027,76.29919791221619,151.43509650230408
2700680,Monterey,20.92762444651693,-121.73884,36.680645,dry,0.0007043454406607,79.23750667572023,151.53327037096025,55.40486985911494,103.53973919930665,74.6749985376373,169.58999579306692,58.28349870443344,115.29659640789032,79.23750667572023,151.53327037096025,55.43000030517578,103.42000004649162,74.6749985376373,169.58999579306692,58.28349870443344,115.29659640789032
2723977,Monterey,5.113914081958959,-121.703781,36.77825,dry,0.0,79.23750667572023,151.53327037096025,67.62000036239624,131.54000043869019,68.87999911978841,172.6099964324385,67.2044968008995,147.39299750328064,79.23750667572023,151.53327037096025,67.62000036239624,131.54000043869019,68.87999911978841,172.6099964324385,67.2044968008995,147.39299750328064
2700648,Monterey,12.601023339018536,-121.751271,36.697266,dry,0.0,79.23750667572023,151.53327037096025,56.969998836517334,111.16999995708466,74.6749985376373,169.58999579306692,57.39879907667637,115.37749803066254,79.23750667572023,151.53327037096025,56.969998836517334,111.16999995708466,74.6749985376373,169.58999579306692,57.39879907667637,115.37749803066254
2700635,Monterey,13.522841832291332,-121.676197,36.74812,dry,0.0,79.23750667572023,151.53327037096025,63.08394263160061,118.23633713789387,64.07499833405018,159.3199963029474,69.93129867315292,132.36049795150757,79.23750667572023,151.53327037096025,63.33999848365784,118.67999935150146,64.07499833405018,159.3199963029474,69.93129867315292,132.36049795150757
2716358,Monterey,19.692453985756,-121.7033,36.772768,dry,0.0,79.23750667572023,151.53327037096025,67.08873798546281,130.24320419552257,68.87999911978841,172.6099964324385,65.66974367215796,141.14490037057007,79.23750667572023,151.53327037096025,67.62000036239624,131.54000043869019,68.87999911978841,172.6099964324385,67.2044968008995,147.39299750328064
2700556,Monterey,25.605224126382016,-121.749168,36.684329,dry,0.0,79.23750667572023,151.53327037096025,55.97000074386597,107.3200011253357,74.6749985376373,169.58999579306692,58.28349870443344,115.29659640789032,79.23750667572023,151.53327037096025,55.97000074386597,107.3200011253357,74.6749985376373,169.58999579306692,58.28349870443344,115.29659640789032
2700521,Monterey,11.088618070583369,-121.778257,36.697671,dry,0.0,79.23750667572023,151.53327037096025,59.45000076293945,122.15000081062317,74.6749985376373,169.58999579306692,52.11849948763847,110.21159622073174,79.23750667572023,151.53327037096025,59.45000076293945,122.15000081062317,74.6749985376373,169.58999579306692,52.11849948763847,110.21159622073174
2700501,Monterey,6.930083889658118,-121.718495,36.727328,dry,0.0,79.23750667572023,151.53327037096025,58.48162258637918,112.36567547514633,68.87999911978841,172.6099964324385,63.43900834990515,122.97009816483872,79.23750667572023,151.53327037096025,58.26000165939331,111.79999995231628,68.87999911978841,172.6099964324385,63.64009752869606,120.86589841917157
2700478,Monterey,6.652752771130407,-121.725301,36.867795,dry,0.0,79.23750667572023,151.53327037096025,103.25000143051147,176.77999866008759,65.42499778792262,177.3949949434027,96.03489470481873,189.3929944038391,79.23750667572023,151.53327037096025,103.25000143051147,176.77999866008759,65.42499778792262,177.3949949434027,96.03489470481873,189.3929944038391
2700468,Monterey,10.512393664169087,-121.702872,36.759839,dry,0.0,79.23750667572023,151.53327037096025,64.59428505508266,124.31040810565558,68.87999911978841,172.6099964324385,62.81339757144451,129.51649737358093,79.23750667572023,151.53327037096025,64.73999905586243,124.50999975204468,68.87999911978841,172.6099964324385,62.81339757144451,129.51649737358093
2700454,Monterey,27.339691298855005,-121.722633,36.648784,reference (flooded),0.9484570454409634,79.23750667572023,151.53327037096025,54.339998722076416,98.13000011444092,74.6749985376373,169.58999579306692,66.03359851241112,122.27209771797061,79.23750667572023,151.53327037096025,54.339998722076416,98.13000011444092,74.6749985376373,169.58999579306692,66.03359851241112,122.27209771797061
2722266,Monterey,4.990203458662356,-121.707398,36.879374,dry,0.0,79.23750667572023,151.53327037096025,114.69999885559082,192.58999967575073,65.42499778792262,177.3949949434027,96.03489470481873,189.3929944038391,79.23750667572023,151.53327037096025,114.69999885559082,192.58999967575073,65.42499778792262,177.3949949434027,96.03489470481873,189.3929944038391
2700372,Monterey,11.290975287092968,-121.730762,36.674189,partial,0.1181229995741582,79.23750667572023,151.53327037096025,54.72000026702881,100.40000049769878,74.6749985376373,169.58999579306692,61.89130378745752,118.54381253499665,79.23750667572023,151.53327037096025,54.72000026702881,100.40000049769878,74.6749985376373,169.58999579306692,58.28349870443344,115.29659640789032
2700351,Monterey,15.04778188454245,-121.680248,36.746858,dry,0.0,79.23750667572023,151.53327037096025,62.33000040054321,116.92999839782715,64.07499833405018,159.3199963029474,69.93129867315292,132.36049795150757,79.23750667572023,151.53327037096025,62.33000040054321,116.92999839782715,64.07499833405018,159.3199963029474,69.93129867315292,132.36049795150757
2725568,Monterey,17.668111170254637,-121.670712,36.742962,dry,0.0,79.23750667572023,151.53327037096025,62.059999227523804,115.05999946594238,64.07499833405018,159.3199963029474,69.93129867315292,132.36049795150757,79.23750667572023,151.53327037096025,62.059999227523804,115.05999946594238,64.07499833405018,159.3199963029474,69.93129867315292,132.36049795150757
2700319,Monterey,2.304293563634888,-121.718406,36.879436,dry,0.0,79.23750667572023,151.53327037096025,110.33000159263611,188.50999748706818,65.42499778792262,177.3949949434027,96.03489470481873,189.3929944038391,79.23750667572023,151.53327037096025,110.33000159263611,188.50999748706818,65.42499778792262,177.3949949434027,96.03489470481873,189.3929944038391
2700296,Monterey,3.444035111548968,-121.691922,36.856348,dry,0.0,79.23750667572023,151.53327037096025,96.6399998664856,166.68999886512756,68.78499916661531,163.3999965954572,96.03489470481873,189.3929944038391,79.23750667572023,151.53327037096025,96.6399998664856,166.68999886512756,68.78499916661531,163.3999965954572,96.03489470481873,189.3929944038391
2700270,Monterey,9.97270305707759,-121.69782,36.763375,dry,0.0,79.23750667572023,151.53327037096025,63.25653840028322,120.65634652284474,64.07499833405018,159.3199963029474,62.81339757144451,129.51649737358093,79.23750667572023,151.53327037096025,62.08000063896179,117.60000085830688,64.07499833405018,159.3199963029474,62.81339757144451,129.51649737358093
2700267,Monterey,2.1785673554509906,-121.659599,36.85247,dry,0.0,79.23750667572023,151.53327037096025,99.08000016212463,171.910001039505,68.78499916661531,163.3999965954572,92.7891993522644,183.41999793052673,79.23750667572023,151.53327037096025,99.08000016212463,171.910001039505,68.78499916661531,163.3999965954572,92.7891993522644,183.41999793052673
2700264,Monterey,7.767405610870673,-121.73689,36.685191,dry,0.0,79.23750667572023,151.53327037096025,55.43000030517578,103.42000004649162,74.6749985376373,169.58999579306692,58.28349870443344,115.29659640789032,79.23750667572023,151.53327037096025,55.43000030517578,103.42000004649162,74.6749985376373,169.58999579306692,58.28349870443344,115.29659640789032
2700251,Monterey,46.45103575512607,-121.730361,36.891824,partial,0.1299274692514594,79.23750667572023,151.53327037096025,105.94459038875141,185.99680250736532,65.42499778792262,177.3949949434027,95.26722937431491,185.00726789920054,79.23750667572023,151.53327037096025,105.84000015258789,185.93999934196472,65.42499778792262,177.3949949434027,96.03489470481873,189.3929944038391
2700190,Monterey,19.5321749621938,-121.709158,36.776929,dry,0.0,79.23750667572023,151.53327037096025,68.97990226044374,132.51970628897348,68.87999911978841,172.6099964324385,67.2044968008995,147.39299750328064,79.23750667572023,151.53327037096025,67.13000082969666,131.63000082969666,68.87999911978841,172.6099964324385,67.2044968008995,147.39299750328064
2725572,Monterey,26.08166884557892,-121.708008,36.696422,dry,0.0,79.23750667572023,151.53327037096025,56.1343065770003,103.21941582521382,74.6749985376373,169.58999579306692,63.64009752869606,120.86589841917157,79.23750667572023,151.53327037096025,56.19999837875366,102.3799996972084,74.6749985376373,169.58999579306692,63.64009752869606,120.86589841917157
2700136,Monterey,12.1204982935525,-121.673961,36.751689,dry,0.0,79.23750667572023,151.53327037096025,63.33999848365784,118.67999935150146,64.07499833405018,159.3199963029474,69.93129867315292,132.36049795150757,79.23750667572023,151.53327037096025,63.33999848365784,118.67999935150146,64.07499833405018,159.3199963029474,69.93129867315292,132.36049795150757
2700129,Monterey,20.850581587811384,-121.704628,36.694271,dry,0.0,79.23750667572023,151.53327037096025,56.13083342711131,103.26379606679633,74.6749985376373,169.58999579306692,63.64009752869606,120.86589841917157,79.23750667572023,151.53327037096025,56.11000061035156,103.52999979257584,74.6749985376373,169.58999579306692,63.64009752869606,120.86589841917157
2700111,Monterey,1.6324552883701942,-121.717792,36.879319,dry,0.0,79.23750667572023,151.53327037096025,110.33000159263611,188.50999748706818,65.42499778792262,177.3949949434027,96.03489470481873,189.3929944038391,79.23750667572023,151.53327037096025,110.33000159263611,188.50999748706818,65.42499778792262,177.3949949434027,96.03489470481873,189.3929944038391
2723981,Monterey,26.265407029547383,-121.710905,36.766962,dry,0.0,79.23750667572023,151.53327037096025,64.51179227900148,125.23074744708501,68.87999911978841,172.6099964324385,62.81339757144451,129.51649737358093,79.23750667572023,151.53327037096025,63.55000138282776,122.88000130653381,68.87999911978841,172.6099964324385,62.81339757144451,129.51649737358093
2700039,Monterey,8.638795926629024,-121.73524,36.790261,dry,0.0,79.23750667572023,151.53327037096025,74.60499930381773,138.90999948978424,68.87999911978841,172.6099964324385,61.84649868309498,132.33949756622314,79.23750667572023,151.53327037096025,73.71000051498413,138.32999897003174,68.87999911978841,172.6099964324385,61.84649868309498,132.33949756622314
2700030,Monterey,1.546631155687942,-121.674817,36.847337,dry,0.0,79.23750667572023,151.53327037096025,97.32000231742859,168.8300006389618,68.78499916661531,163.3999965954572,92.7891993522644,183.41999793052673,79.23750667572023,151.53327037096025,97.32000231742859,168.8300006389618,68.78499916661531,163.3999965954572,92.7891993522644,183.41999793052673
2723982,Monterey,11.618142175238251,-121.660855,36.725333,dry,0.0,79.23750667572023,151.53327037096025,59.639999866485596,107.30999946594238,64.07499833405018,159.3199963029474,67.50299942493439,118.26299607753754,79.23750667572023,151.53327037096025,59.639999866485596,107.30999946594238,64.07499833405018,159.3199963029474,67.50299942493439,118.26299607753754
2700016,Monterey,15.374217770397888,-121.67968,36.748744,dry,0.0,79.23750667572023,151.53327037096025,62.33000040054321,116.92999839782715,64.07499833405018,159.3199963029474,69.93129867315292,132.36049795150757,79.23750667572023,151.53327037096025,62.33000040054321,116.92999839782715,64.07499833405018,159.3199963029474,69.93129867315292,132.36049795150757
2715753,Monterey,1.651956323083395,-121.715672,36.805095,dry,0.0,79.23750667572023,151.53327037096025,84.36000108718872,150.33999872207642,65.42499778792262,177.3949949434027,67.2044968008995,147.39299750328064,79.23750667572023,151.53327037096025,84.36000108718872,150.33999872207642,65.42499778792262,177.3949949434027,67.2044968008995,147.39299750328064
2716388,Monterey,6.281701883335282,-121.70086,36.735878,dry,0.0,79.23750667572023,151.53327037096025,59.81999850273132,113.22999954223633,68.87999911978841,172.6099964324385,62.81339757144451,129.51649737358093,79.23750667572023,151.53327037096025,59.81999850273132,113.22999954223633,68.87999911978841,172.6099964324385,62.81339757144451,129.51649737358093
2715710,Monterey,6.547749650016301,-121.723668,36.908257,dry,0.0,79.23750667572023,151.53327037096025,106.84999966621399,189.35999763011932,69.51999836880714,182.43499598558992,104.31609773635864,198.88559532165527,79.23750667572023,151.53327037096025,106.84999966621399,189.35999763011932,69.51999836880714,182.43499598558992,104.31609773635864,198.88559532165527
2722277,Monterey,18.010306233496216,-121.700515,36.7375,dry,0.0,79.23750667572023,151.53327037096025,59.81999850273132,113.22999954223633,68.42478851903427,171.35094378859196,62.81339757144451,129.51649737358093,79.23750667572023,151.53327037096025,59.81999850273132,113.22999954223633,68.87999911978841,172.6099964324385,62.81339757144451,129.51649737358093
2717257,Monterey,17.0539367803025,-121.790854,36.827447,dry,0.0,79.23750667572023,151.53327037096025,87.9800009727478,165.24000042676926,65.42499778792262,177.3949949434027,85.13939964771271,163.0049946308136,79.23750667572023,151.53327037096025,87.9800009727478,165.24000042676926,65.42499778792262,177.3949949434027,85.13939964771271,163.0049946308136
2715693,Monterey,4.025619861903629,-121.782252,36.840989,dry,0.0,79.23750667572023,151.53327037096025,96.91000127792358,175.61999958753586,65.42499778792262,177.3949949434027,85.13939964771271,163.0049946308136,79.23750667572023,151.53327037096025,96.91000127792358,175.61999958753586,65.42499778792262,177.3949949434027,85.13939964771271,163.0049946308136
2715585,Monterey,2.3576024521557595,-121.719068,36.879706,dry,0.0,79.23750667572023,151.53327037096025,110.33000159263611,188.50999748706818,65.42499778792262,177.3949949434027,96.03489470481873,189.3929944038391,79.23750667572023,151.53327037096025,110.33000159263611,188.50999748706818,65.42499778792262,177.3949949434027,96.03489470481873,189.3929944038391
2723986,Monterey,26.30782314415272,-121.793434,36.876083,dry,0.0,79.23750667572023,151.53327037096025,103.27792647856255,190.2398523370701,65.42499778792262,177.3949949434027,97.86939859390259,183.5908932685852,79.23750667572023,151.53327037096025,104.1199996471405,192.62000036239624,65.42499778792262,177.3949949434027,97.86939859390259,183.5908932685852
2715571,Monterey,13.40634532477016,-121.692499,36.77066,dry,0.0,79.23750667572023,151.53327037096025,66.5832853623799,127.88114174434118,64.07499833405018,159.3199963029474,62.81339757144451,129.51649737358093,79.23750667572023,151.53327037096025,66.60999965667725,127.9299988746643,64.07499833405018,159.3199963029474,62.81339757144451,129.51649737358093
2715564,Monterey,10.161838365094669,-121.797098,36.838915,dry,0.0,79.23750667572023,151.53327037096025,91.18959221547964,169.49898148252038,65.70356930127102,179.14479101549986,85.13939964771271,163.0049946308136,79.23750667572023,151.53327037096025,90.75000047683716,168.85000202059746,65.42499778792262,177.3949949434027,85.13939964771271,163.0049946308136
2717261,Monterey,7.983079725251736,-121.672905,36.887746,dry,0.0,79.23750667572023,151.53327037096025,103.50799964155469,177.44857122557502,68.78499916661531,163.3999965954572,91.63209509849548,192.11849355697632,79.23750667572023,151.53327037096025,103.75999915599823,177.41000032424927,68.78499916661531,163.3999965954572,91.63209509849548,192.11849355697632
2725578,Monterey,40.28834669989179,-121.685596,36.671992,dry,0.0,79.23750667572023,151.53327037096025,54.23912208719951,93.27443867543849,69.01499871443957,159.37999580148607,67.99867207000895,122.19207250670324,79.23750667572023,151.53327037096025,54.40000009536743,93.00000047683716,69.01499871443957,159.37999580148607,69.76359924674034,122.12019801139832
2715507,Monterey,1.9706154427810332,-121.679947,36.853771,dry,0.0,79.23750667572023,151.53327037096025,95.73000025749207,166.5400013923645,68.78499916661531,163.3999965954572,91.63209509849548,192.11849355697632,79.23750667572023,151.53327037096025,95.73000025749207,166.5400013923645,68.78499916661531,163.3999965954572,91.63209509849548,192.11849355697632
2723988,Monterey,31.200516748411093,-121.653353,36.88909,dry,0.0,79.23750667572023,151.53327037096025,106.29291109495526,183.74531655522844,68.78499916661531,163.3999965954572,91.63209509849548,192.11849355697632,79.23750667572023,151.53327037096025,107.91000080108643,185.7699989080429,68.78499916661531,163.3999965954572,91.63209509849548,192.11849355697632
2715469,Monterey,9.419266993760491,-121.667778,36.88796,dry,0.0,79.23750667572023,151.53327037096025,102.78000104427338,177.5599982738495,68.78499916661531,163.3999965954572,91.63209509849548,192.11849355697632,79.23750667572023,151.53327037096025,102.78000104427338,177.5599982738495,68.78499916661531,163.3999965954572,91.63209509849548,192.11849355697632
2715458,Monterey,2.3509006187874317,-121.673968,36.867565,dry,0.0,79.23750667572023,151.53327037096025,100.97000026702881,174.8200011253357,68.78499916661531,163.3999965954572,91.63209509849548,192.11849355697632,79.23750667572023,151.53327037096025,100.97000026702881,174.8200011253357,68.78499916661531,163.3999965954572,91.63209509849548,192.11849355697632
2715441,Monterey,35.45324980141896,-121.786625,36.825298,dry,0.0,79.23750667572023,151.53327037096025,88.1596872494483,164.95822010396037,65.42499778792262,177.3949949434027,85.13939964771271,163.0049946308136,79.23750667572023,151.53327037096025,87.9800009727478,165.24000042676926,65.42499778792262,177.3949949434027,85.13939964771271,163.0049946308136
2715440,Monterey,1.1963909816014635,-121.71006,36.877985,dry,0.0,79.23750667572023,151.53327037096025,111.60999917984009,189.07000255584717,65.42499778792262,177.3949949434027,96.03489470481873,189.3929944038391,79.23750667572023,151.53327037096025,111.60999917984009,189.07000255584717,65.42499778792262,177.3949949434027,96.03489470481873,189.3929944038391
2723989,Monterey,1.336719921635225,-121.692508,36.857765,dry,0.0,79.23750667572023,151.53327037096025,96.6399998664856,166.68999886512756,68.78499916661531,163.3999965954572,96.03489470481873,189.3929944038391,79.23750667572023,151.53327037096025,96.6399998664856,166.68999886512756,68.78499916661531,163.3999965954572,96.03489470481873,189.3929944038391
2715431,Monterey,2.028853915622384,-121.717478,36.875594,dry,0.0,79.23750667572023,151.53327037096025,104.80333439509074,178.88333229223886,65.42499778792262,177.3949949434027,96.03489470481873,189.3929944038391,79.23750667572023,151.53327037096025,103.25000143051147,176.77999866008759,65.42499778792262,177.3949949434027,96.03489470481873,189.3929944038391
2715422,Monterey,16.311144256134334,-121.713503,36.773511,dry,0.0,79.23750667572023,151.53327037096025,67.13000082969666,131.63000082969666,68.87999911978841,172.6099964324385,66.24059697004354,143.46888771871244,79.23750667572023,151.53327037096025,67.13000082969666,131.63000082969666,68.87999911978841,172.6099964324385,67.2044968008995,147.39299750328064
2715419,Monterey,14.600570541420463,-121.671231,36.750603,dry,0.0,79.23750667572023,151.53327037096025,63.09783646222707,117.99513450828758,64.07499833405018,159.3199963029474,69.93129867315292,132.36049795150757,79.23750667572023,151.53327037096025,63.33999848365784,118.67999935150146,64.07499833405018,159.3199963029474,69.93129867315292,132.36049795150757
2715395,Monterey,16.66986797554874,-121.69789,36.687231,dry,0.0,79.23750667572023,151.53327037096025,55.559998750686646,99.6499993801117,69.41928441609654,160.1092815151704,64.7798599018937,121.53551713288542,79.23750667572023,151.53327037096025,55.559998750686646,99.6499993801117,69.01499871443957,159.37999580148607,63.64009752869606,120.86589841917157
2723990,Monterey,20.504966017043127,-121.671523,36.764922,dry,0.0,79.23750667572023,151.53327037096025,63.12000119686127,117.75999999046326,64.07499833405018,159.3199963029474,69.93129867315292,132.36049795150757,79.23750667572023,151.53327037096025,63.12000119686127,117.75999999046326,64.07499833405018,159.3199963029474,69.93129867315292,132.36049795150757
2722287,Monterey,17.405579967794196,-121.69505,36.768337,dry,0.0,79.23750667572023,151.53327037096025,65.2183713025825,125.38488324852878,64.07499833405018,159.3199963029474,62.81339757144451,129.51649737358093,79.23750667572023,151.53327037096025,64.73999905586243,124.50999975204468,64.07499833405018,159.3199963029474,62.81339757144451,129.51649737358093
2715341,Monterey,1.6703979691727997,-121.720257,36.815831,dry,0.0,79.23750667572023,151.53327037096025,86.9600019454956,155.6200020313263,65.42499778792262,177.3949949434027,84.8016973733902,168.91129660606384,79.23750667572023,151.53327037096025,86.9600019454956,155.6200020313263,65.42499778792262,177.3949949434027,84.8016973733902,168.91129660606384
2715333,Monterey,3.694968796130196,-121.708142,36.870039,dry,0.0,79.23750667572023,151.53327037096025,107.91000032424927,183.08999955654144,65.42499778792262,177.3949949434027,96.03489470481873,189.3929944038391,79.23750667572023,151.53327037096025,107.91000032424927,183.08999955654144,65.42499778792262,177.3949949434027,96.03489470481873,189.3929944038391
2715317,Monterey,1.0559093923608591,-121.703001,36.864322,dry,0.0,79.23750667572023,151.53327037096025,100.98000192642212,172.22999906539917,65.42499778792262,177.3949949434027,96.03489470481873,189.3929944038391,79.23750667572023,151.53327037096025,100.98000192642212,172.22999906539917,65.42499778792262,177.3949949434027,96.03489470481873,189.3929944038391
2715295,Monterey,14.798281789703353,-121.763955,36.858566,dry,0.0,79.23750667572023,151.53327037096025,103.5246056631992,181.82368573075848,65.42499778792262,177.3949949434027,92.34999752044678,176.18079566955566,79.23750667572023,151.53327037096025,103.57000041007996,181.9000015258789,65.42499778792262,177.3949949434027,92.34999752044678,176.18079566955566
2715284,Monterey,1.542333437870841,-121.6629,36.858764,dry,0.0,79.23750667572023,151.53327037096025,95.77000117301941,166.80000114440918,68.78499916661531,163.3999965954572,91.63209509849548,192.11849355697632,79.23750667572023,151.53327037096025,95.77000117301941,166.80000114440918,68.78499916661531,163.3999965954572,91.63209509849548,192.11849355697632
2715225,Monterey,17.32807612633386,-121.769436,36.845634,dry,0.0,79.23750667572023,151.53327037096025,100.70197667354759,178.84825838339881,65.42499778792262,177.3949949434027,76.29919791221619,151.43509650230408,79.23750667572023,151.53327037096025,100.85999989509583,179.09000274538994,65.42499778792262,177.3949949434027,76.29919791221619,151.43509650230408
2716418,Monterey,12.232428710263912,-121.746309,36.695086,dry,0.0,79.23750667572023,151.53327037096025,56.930734262746924,110.95294111704126,74.6749985376373,169.58999579306692,57.39879907667637,115.37749803066254,79.23750667572023,151.53327037096025,56.969998836517334,111.16999995708466,74.6749985376373,169.58999579306692,57.39879907667637,115.37749803066254
2717273,Monterey,23.62724344954196,-121.765719,36.862075,dry,0.0,79.23750667572023,151.53327037096025,104.73470711708069,183.84823664496923,65.42499778792262,177.3949949434027,92.34999752044678,176.18079566955566,79.23750667572023,151.53327037096025,103.57000041007996,181.9000015258789,65.42499778792262,177.3949949434027,92.34999752044678,176.18079566955566
2715157,Monterey,1.128810569789318,-121.715118,36.878962,dry,0.0,79.23750667572023,151.53327037096025,111.60999917984009,189.07000255584717,65.42499778792262,177.3949949434027,96.03489470481873,189.3929944038391,79.23750667572023,151.53327037096025,111.60999917984009,189.07000255584717,65.42499778792262,177.3949949434027,96.03489470481873,189.3929944038391
2715155,Monterey,37.923009187220025,-121.775058,36.704419,dry,0.0,79.23750667572023,151.53327037096025,59.52694341679312,122.58134771628701,68.87999911978841,172.6099964324385,52.11849948763847,110.21159622073174,79.23750667572023,151.53327037096025,59.45000076293945,122.15000081062317,68.87999911978841,172.6099964324385,52.11849948763847,110.21159622073174
2715150,Monterey,0.9219144402891626,-121.782077,36.840089,dry,0.0,79.23750667572023,151.53327037096025,96.91000127792358,175.61999958753586,65.42499778792262,177.3949949434027,85.13939964771271,163.0049946308136,79.23750667572023,151.53327037096025,96.91000127792358,175.61999958753586,65.42499778792262,177.3949949434027,85.13939964771271,163.0049946308136
2722289,Monterey,3.286768745187727,-121.705289,36.879027,dry,0.0,79.23750667572023,151.53327037096025,114.69999885559082,192.58999967575073,65.42499778792262,177.3949949434027,96.03489470481873,189.3929944038391,79.23750667572023,151.53327037096025,114.69999885559082,192.58999967575073,65.42499778792262,177.3949949434027,96.03489470481873,189.3929944038391
2715127,Monterey,4.261925090956636,-121.735853,36.846475,dry,0.0,79.23750667572023,151.53327037096025,102.02000093460083,175.0899999141693,65.42499778792262,177.3949949434027,76.29919791221619,151.43509650230408,79.23750667572023,151.53327037096025,102.02000093460083,175.0899999141693,65.42499778792262,177.3949949434027,76.29919791221619,151.43509650230408
2715110,Monterey,1.92709714877272,-121.71137,36.876773,dry,0.0,79.23750667572023,151.53327037096025,111.60999917984009,189.07000255584717,65.42499778792262,177.3949949434027,96.03489470481873,189.3929944038391,79.23750667572023,151.53327037096025,111.60999917984009,189.07000255584717,65.42499778792262,177.3949949434027,96.03489470481873,189.3929944038391
2715106,Monterey,12.104318368935152,-121.699046,36.770951,dry,0.0,79.23750667572023,151.53327037096025,64.73999905586243,124.50999975204468,66.39741538049032,165.74349636553475,62.81339757144451,129.51649737358093,79.23750667572023,151.53327037096025,64.73999905586243,124.50999975204468,64.07499833405018,159.3199963029474,62.81339757144451,129.51649737358093
2723993,Monterey,27.66225060665386,-121.697111,36.767843,dry,0.0,79.23750667572023,151.53327037096025,64.73999905586243,124.50999975204468,64.07499833405018,159.3199963029474,62.81339757144451,129.51649737358093,79.23750667572023,151.53327037096025,64.73999905586243,124.50999975204468,64.07499833405018,159.3199963029474,62.81339757144451,129.51649737358093
2715086,Monterey,0.6971699263532076,-121.667902,36.768357,dry,0.0,79.23750667572023,151.53327037096025,65.94000053405762,122.19000005722046,64.07499833405018,159.3199963029474,69.93129867315292,132.36049795150757,79.23750667572023,151.53327037096025,65.94000053405762,122.19000005722046,64.07499833405018,159.3199963029474,69.93129867315292,132.36049795150757
2715063,Monterey,11.831920938256223,-121.775781,36.837086,dry,0.0,79.23750667572023,151.53327037096025,94.2616397709143,170.3813094042364,65.42499778792262,177.3949949434027,85.13939964771271,163.0049946308136,79.23750667572023,151.53327037096025,92.25999999046326,168.65999814867973,65.42499778792262,177.3949949434027,85.13939964771271,163.0049946308136
2715049,Monterey,10.72954535422983,-121.706531,36.760519,dry,0.0,79.23750667572023,151.53327037096025,63.55000138282776,122.88000130653381,68.87999911978841,172.6099964324385,62.81339757144451,129.51649737358093,79.23750667572023,151.53327037096025,63.55000138282776,122.88000130653381,68.87999911978841,172.6099964324385,62.81339757144451,129.51649737358093
2725587,Monterey,19.957496644504648,-121.730939,36.705609,dry,0.0,79.23750667572023,151.53327037096025,56.986841461114714,108.76228058338164,68.87999911978841,172.6099964324385,60.026714214368866,117.68840345740318,79.23750667572023,151.53327037096025,57.24999952316284,109.84999978542328,68.87999911978841,172.6099964324385,57.39879907667637,115.37749803066254
2715026,Monterey,4.120199261415109,-121.703012,36.870076,dry,0.0,79.23750667572023,151.53327037096025,109.09999966621399,184.22000432014465,65.42499778792262,177.3949949434027,96.03489470481873,189.3929944038391,79.23750667572023,151.53327037096025,109.09999966621399,184.22000432014465,65.42499778792262,177.3949949434027,96.03489470481873,189.3929944038391
2715023,Monterey,4.316076643736701,-121.683211,36.881817,dry,0.0,79.23750667572023,151.53327037096025,103.75999915599823,177.41000032424927,68.78499916661531,163.3999965954572,91.63209509849548,192.11849355697632,79.23750667572023,151.53327037096025,103.75999915599823,177.41000032424927,68.78499916661531,163.3999965954572,91.63209509849548,192.11849355697632
2715012,Monterey,10.27948966711602,-121.780864,36.692563,dry,0.0,79.23750667572023,151.53327037096025,58.58882409451056,119.74666649687524,74.6749985376373,169.58999579306692,52.11849948763847,110.21159622073174,79.23750667572023,151.53327037096025,58.55000019073486,119.9300000667572,74.6749985376373,169.58999579306692,52.11849948763847,110.21159622073174
2715005,Monterey,0.8562643978780619,-121.737053,36.847532,dry,0.0,79.23750667572023,151.53327037096025,102.02000093460083,175.0899999141693,65.42499778792262,177.3949949434027,76.29919791221619,151.43509650230408,79.23750667572023,151.53327037096025,102.02000093460083,175.0899999141693,65.42499778792262,177.3949949434027,76.29919791221619,151.43509650230408
2714926,Monterey,8.722394796754497,-121.709248,36.799187,dry,0.0,79.23750667572023,151.53327037096025,80.85333522160848,143.69333283106485,67.72833200916646,174.2049959360932,67.2044968008995,147.39299750328064,79.23750667572023,151.53327037096025,79.10000228881836,140.36999988555908,68.87999911978841,172.6099964324385,67.2044968008995,147.39299750328064
2714906,Monterey,0.6456307423089156,-121.684913,36.850301,dry,0.0,79.23750667572023,151.53327037096025,97.32000231742859,168.8300006389618,68.78499916661531,163.3999965954572,92.7891993522644,183.41999793052673,79.23750667572023,151.53327037096025,97.32000231742859,168.8300006389618,68.78499916661531,163.3999965954572,92.7891993522644,183.41999793052673
2714899,Monterey,14.559166201139703,-121.694923,36.763043,dry,0.0,79.23750667572023,151.53327037096025,63.3462340522122,120.55324706164272,64.07499833405018,159.3199963029474,62.81339757144451,129.51649737358093,79.23750667572023,151.53327037096025,62.08000063896179,117.60000085830688,64.07499833405018,159.3199963029474,62.81339757144451,129.51649737358093
2714887,Monterey,25.503117834073976,-121.746029,36.684484,dry,0.0,79.23750667572023,151.53327037096025,55.97000074386597,107.3200011253357,74.6749985376373,169.58999579306692,58.28349870443344,115.29659640789032,79.23750667572023,151.53327037096025,55.97000074386597,107.3200011253357,74.6749985376373,169.58999579306692,58.28349870443344,115.29659640789032
2723995,Monterey,1.9298597154896304,-121.704002,36.783964,dry,0.0,79.23750667572023,151.53327037096025,76.30000019073486,137.60000014305115,68.87999911978841,172.6099964324385,67.2044968008995,147.39299750328064,79.23750667572023,151.53327037096025,76.30000019073486,137.60000014305115,68.87999911978841,172.6099964324385,67.2044968008995,147.39299750328064
2714865,Monterey,12.41324786859918,-121.763252,36.741897,dry,0.0,79.23750667572023,151.53327037096025,61.59000015258789,126.42999982833862,68.87999911978841,172.6099964324385,60.21640041237697,124.70359752327204,79.23750667572023,151.53327037096025,61.59000015258789,126.42999982833862,68.87999911978841,172.6099964324385,60.21640041237697,124.70359752327204
2714864,Monterey,2.661946690152036,-121.67507,36.847785,dry,0.0,79.23750667572023,151.53327037096025,97.32000231742859,168.8300006389618,68.78499916661531,163.3999965954572,92.7891993522644,183.41999793052673,79.23750667572023,151.53327037096025,97.32000231742859,168.8300006389618,68.78499916661531,163.3999965954572,92.7891993522644,183.41999793052673
2714862,Monterey,36.08067955263768,-121.780216,36.870735,dry,0.0,79.23750667572023,151.53327037096025,104.24249899387361,186.08500012755394,65.42499778792262,177.3949949434027,97.86939859390259,183.5908932685852,79.23750667572023,151.53327037096025,104.44999861717224,186.16000068187714,65.42499778792262,177.3949949434027,97.86939859390259,183.5908932685852
2714764,Monterey,8.563455788873819,-121.724139,36.869199,dry,0.0,79.23750667572023,151.53327037096025,103.25000143051147,176.77999866008759,65.42499778792262,177.3949949434027,96.03489470481873,189.3929944038391,79.23750667572023,151.53327037096025,103.25000143051147,176.77999866008759,65.42499778792262,177.3949949434027,96.03489470481873,189.3929944038391
2714743,Monterey,0.8794633118257403,-121.72834,36.886724,dry,0.0,79.23750667572023,151.53327037096025,108.16000175476074,187.1999968290329,65.42499778792262,177.3949949434027,96.03489470481873,189.3929944038391,79.23750667572023,151.53327037096025,108.16000175476074,187.1999968290329,65.42499778792262,177.3949949434027,96.03489470481873,189.3929944038391
2725589,Monterey,27.0354238863502,-121.789084,36.877622,dry,0.0,79.23750667572023,151.53327037096025,103.86460420725156,189.16704975272253,65.42499778792262,177.3949949434027,97.86939859390259,183.5908932685852,79.23750667572023,151.53327037096025,103.62000012397766,185.85999846458435,65.42499778792262,177.3949949434027,97.86939859390259,183.5908932685852
2714720,Monterey,4.390474287473329,-121.754153,36.692504,dry,0.0,79.23750667572023,151.53327037096025,59.04636274684559,118.45908973433754,74.6749985376373,169.58999579306692,57.39879907667637,115.37749803066254,79.23750667572023,151.53327037096025,59.209999084472656,119.01999866962433,74.6749985376373,169.58999579306692,57.39879907667637,115.37749803066254
2714709,Monterey,7.236498727493718,-121.707593,36.765074,dry,0.0,79.23750667572023,151.53327037096025,63.55000138282776,122.88000130653381,68.87999911978841,172.6099964324385,62.81339757144451,129.51649737358093,79.23750667572023,151.53327037096025,63.55000138282776,122.88000130653381,68.87999911978841,172.6099964324385,62.81339757144451,129.51649737358093
2714679,Monterey,14.137124535075811,-121.721277,36.654515,dry,0.0045364674868189,79.23750667572023,151.53327037096025,53.03999996185303,95.3199999332428,74.6749985376373,169.58999579306692,66.03359851241112,122.27209771797061,79.23750667572023,151.53327037096025,53.03999996185303,95.3199999332428,74.6749985376373,169.58999579306692,66.03359851241112,122.27209771797061
2714648,Monterey,1.209871674266297,-121.680041,36.854243,dry,0.0,79.23750667572023,151.53327037096025,95.73000025749207,166.5400013923645,68.78499916661531,163.3999965954572,91.63209509849548,192.11849355697632,79.23750667572023,151.53327037096025,95.73000025749207,166.5400013923645,68.78499916661531,163.3999965954572,91.63209509849548,192.11849355697632
2723997,Monterey,17.953291971443115,-121.785826,36.843736,dry,0.0,79.23750667572023,151.53327037096025,96.91000127792358,175.61999958753586,65.42499778792262,177.3949949434027,85.13939964771271,163.0049946308136,79.23750667572023,151.53327037096025,96.91000127792358,175.61999958753586,65.42499778792262,177.3949949434027,85.13939964771271,163.0049946308136
2714625,Monterey,2.980292727359026,-121.726409,36.868032,dry,0.0,79.23750667572023,151.53327037096025,101.99823595495785,175.7670591368395,65.42499778792262,177.3949949434027,96.03489470481873,189.3929944038391,79.23750667572023,151.53327037096025,101.73000049591064,175.55000066757202,65.42499778792262,177.3949949434027,96.03489470481873,189.3929944038391
2714567,Monterey,4.4158504514370165,-121.691029,36.858202,dry,0.0,79.23750667572023,151.53327037096025,96.55727262930438,166.67636273124,68.78499916661531,163.3999965954572,96.03489470481873,189.3929944038391,79.23750667572023,151.53327037096025,96.6399998664856,166.68999886512756,68.78499916661531,163.3999965954572,96.03489470481873,189.3929944038391
2714566,Monterey,1.7414057444598017,-121.77874,36.863144,dry,0.0,79.23750667572023,151.53327037096025,104.44999861717224,186.16000068187714,65.42499778792262,177.3949949434027,97.86939859390259,183.5908932685852,79.23750667572023,151.53327037096025,104.44999861717224,186.16000068187714,65.42499778792262,177.3949949434027,97.86939859390259,183.5908932685852
2714503,Monterey,1.9976531847639456,-121.70398,36.875112,dry,0.0,79.23750667572023,151.53327037096025,108.26700012683867,183.42900098562242,65.42499778792262,177.3949949434027,96.03489470481873,189.3929944038391,79.23750667572023,151.53327037096025,107.91000032424927,183.08999955654144,65.42499778792262,177.3949949434027,96.03489470481873,189.3929944038391
2714500,Monterey,3.7269160189747694,-121.708987,36.864487,dry,0.0,79.23750667572023,151.53327037096025,99.21000027656555,169.76999819278717,65.42499778792262,177.3949949434027,96.03489470481873,189.3929944038391,79.23750667572023,151.53327037096025,99.21000027656555,169.76999819278717,65.42499778792262,177.3949949434027,96.03489470481873,189.3929944038391
2714484,Monterey,9.987277287620966,-121.752901,36.712696,dry,0.0,79.23750667572023,151.53327037096025,58.359999656677246,116.56999933719635,68.87999911978841,172.6099964324385,57.39879907667637,115.37749803066254,79.23750667572023,151.53327037096025,58.359999656677246,116.56999933719635,68.87999911978841,172.6099964324385,57.39879907667637,115.37749803066254
2714473,Monterey,1.595897270517689,-121.661582,36.856347,dry,0.0,79.23750667572023,151.53327037096025,99.08000016212463,171.910001039505,68.78499916661531,163.3999965954572,91.63209509849548,192.11849355697632,79.23750667572023,151.53327037096025,99.08000016212463,171.910001039505,68.78499916661531,163.3999965954572,91.63209509849548,192.11849355697632
2725591,Monterey,32.54794475221489,-121.744182,36.70732,dry,0.0042268991858334,79.23750667572023,151.53327037096025,57.24969916171339,111.37120478914446,68.87999911978841,172.6099964324385,57.39879907667637,115.37749803066254,79.23750667572023,151.53327037096025,57.27000045776367,111.39999997615814,68.87999911978841,172.6099964324385,57.39879907667637,115.37749803066254
2714442,Monterey,5.06306467336807,-121.784484,36.841538,dry,0.0,79.23750667572023,151.53327037096025,96.91000127792358,175.61999958753586,65.42499778792262,177.3949949434027,85.13939964771271,163.0049946308136,79.23750667572023,151.53327037096025,96.91000127792358,175.61999958753586,65.42499778792262,177.3949949434027,85.13939964771271,163.0049946308136
2717293,Monterey,17.0674294039297,-121.675851,36.763082,dry,0.0,79.23750667572023,151.53327037096025,63.12000119686127,117.75999999046326,64.07499833405018,159.3199963029474,69.93129867315292,132.36049795150757,79.23750667572023,151.53327037096025,63.12000119686127,117.75999999046326,64.07499833405018,159.3199963029474,69.93129867315292,132.36049795150757
2714411,Monterey,2.5154154191457447,-121.703489,36.874482,dry,0.0,79.23750667572023,151.53327037096025,108.60416660706201,183.74916900197664,65.42499778792262,177.3949949434027,96.03489470481873,189.3929944038391,79.23750667572023,151.53327037096025,109.09999966621399,184.22000432014465,65.42499778792262,177.3949949434027,96.03489470481873,189.3929944038391
2714388,Monterey,5.210174924131218,-121.710941,36.785017,dry,0.0,79.23750667572023,151.53327037096025,76.30000019073486,137.60000014305115,68.87999911978841,172.6099964324385,67.2044968008995,147.39299750328064,79.23750667572023,151.53327037096025,76.30000019073486,137.60000014305115,68.87999911978841,172.6099964324385,67.2044968008995,147.39299750328064
2714378,Monterey,2.5266392273195457,-121.704966,36.874706,dry,0.0,79.23750667572023,151.53327037096025,107.91000032424927,183.08999955654144,65.42499778792262,177.3949949434027,96.03489470481873,189.3929944038391,79.23750667572023,151.53327037096025,107.91000032424927,183.08999955654144,65.42499778792262,177.3949949434027,96.03489470481873,189.3929944038391
2724000,Monterey,61.555669343968695,-121.708743,36.787469,dry,0.0,79.23750667572023,151.53327037096025,76.30765448676215,137.6523457662559,68.87999911978841,172.6099964324385,67.2044968008995,147.39299750328064,79.23750667572023,151.53327037096025,76.30000019073486,137.60000014305115,68.87999911978841,172.6099964324385,67.2044968008995,147.39299750328064
2722305,Monterey,8.390280727125779,-121.696991,36.847711,dry,0.0,79.23750667572023,151.53327037096025,103.35999870300293,175.58000135421753,68.78499916661531,163.3999965954572,84.8016973733902,168.91129660606384,79.23750667572023,151.53327037096025,103.35999870300293,175.58000135421753,68.78499916661531,163.3999965954572,84.8016973733902,168.91129660606384
2718539,Monterey,2.1571539588136845,-121.7276,36.885486,dry,0.0,79.23750667572023,151.53327037096025,108.16000175476074,187.1999968290329,65.42499778792262,177.3949949434027,96.03489470481873,189.3929944038391,79.23750667572023,151.53327037096025,108.16000175476074,187.1999968290329,65.42499778792262,177.3949949434027,96.03489470481873,189.3929944038391
2714284,Monterey,1.5299101885359372,-121.708654,36.865684,dry,0.0,79.23750667572023,151.53327037096025,99.21000027656555,169.76999819278717,65.42499778792262,177.3949949434027,96.03489470481873,189.3929944038391,79.23750667572023,151.53327037096025,99.21000027656555,169.76999819278717,65.42499778792262,177.3949949434027,96.03489470481873,189.3929944038391
2714265,Monterey,11.177793173945236,-121.792478,36.829729,dry,0.0,79.23750667572023,151.53327037096025,87.9800009727478,165.24000042676926,65.42499778792262,177.3949949434027,85.13939964771271,163.0049946308136,79.23750667572023,151.53327037096025,87.9800009727478,165.24000042676926,65.42499778792262,177.3949949434027,85.13939964771271,163.0049946308136
2714252,Monterey,17.086061985570968,-121.750589,36.746208,dry,0.0,79.23750667572023,151.53327037096025,61.96966230735351,124.99842670526398,68.87999911978841,172.6099964324385,60.21640041237697,124.70359752327204,79.23750667572023,151.53327037096025,61.96999931335449,125.0499997138977,68.87999911978841,172.6099964324385,60.21640041237697,124.70359752327204
2714245,Monterey,1.074316731524941,-121.717871,36.860567,dry,0.0,79.23750667572023,151.53327037096025,99.10000038146973,170.55999755859375,65.42499778792262,177.3949949434027,96.03489470481873,189.3929944038391,79.23750667572023,151.53327037096025,99.10000038146973,170.55999755859375,65.42499778792262,177.3949949434027,96.03489470481873,189.3929944038391
2714235,Monterey,14.014779633188674,-121.71548,36.77309,dry,0.0,79.23750667572023,151.53327037096025,67.13000082969666,131.63000082969666,68.87999911978841,172.6099964324385,66.13639158292398,143.04465963389424,79.23750667572023,151.53327037096025,67.13000082969666,131.63000082969666,68.87999911978841,172.6099964324385,67.2044968008995,147.39299750328064
2714220,Monterey,39.86976580668789,-121.777938,36.828766,dry,0.0,79.23750667572023,151.53327037096025,88.86000299453735,163.85999935865402,65.42499778792262,177.3949949434027,85.13939964771271,163.0049946308136,79.23750667572023,151.53327037096025,88.86000299453735,163.85999935865402,65.42499778792262,177.3949949434027,85.13939964771271,163.0049946308136
2714197,Monterey,24.02410503607948,-121.778814,36.694085,dry,0.0,79.23750667572023,151.53327037096025,58.681041454315185,119.31119926834104,74.6749985376373,169.58999579306692,52.11849948763847,110.21159622073174,79.23750667572023,151.53327037096025,58.73000192642212,119.07999897003174,74.6749985376373,169.58999579306692,52.11849948763847,110.21159622073174
2714154,Monterey,20.931529335550948,-121.69825,36.778031,dry,0.0,79.23750667572023,151.53327037096025,68.48201895197597,132.84046021732715,65.3093104624967,162.7339412903396,67.2044968008995,147.39299750328064,79.23750667572023,151.53327037096025,68.78000068664551,133.29000186920166,64.07499833405018,159.3199963029474,67.2044968008995,147.39299750328064
2714138,Monterey,22.43537802299509,-121.716978,36.769912,dry,0.0,79.23750667572023,151.53327037096025,66.37910719854492,130.24384038363183,68.87999911978841,172.6099964324385,62.81339757144451,129.51649737358093,79.23750667572023,151.53327037096025,67.13000082969666,131.63000082969666,68.87999911978841,172.6099964324385,62.81339757144451,129.51649737358093
2714135,Monterey,5.0555964357180745,-121.792029,36.824995,dry,0.0,79.23750667572023,151.53327037096025,87.9800009727478,165.24000042676926,65.42499778792262,177.3949949434027,85.13939964771271,163.0049946308136,79.23750667572023,151.53327037096025,87.9800009727478,165.24000042676926,65.42499778792262,177.3949949434027,85.13939964771271,163.0049946308136
2714134,Monterey,2.409927450432156,-121.689671,36.856946,dry,0.0,79.23750667572023,151.53327037096025,96.6399998664856,166.68999886512756,68.78499916661531,163.3999965954572,96.03489470481873,189.3929944038391,79.23750667572023,151.53327037096025,96.6399998664856,166.68999886512756,68.78499916661531,163.3999965954572,96.03489470481873,189.3929944038391
2714112,Monterey,2.842593195332075,-121.715372,36.80313,dry,0.0,79.23750667572023,151.53327037096025,84.36000108718872,150.33999872207642,65.42499778792262,177.3949949434027,67.2044968008995,147.39299750328064,79.23750667572023,151.53327037096025,84.36000108718872,150.33999872207642,65.42499778792262,177.3949949434027,67.2044968008995,147.39299750328064
2714081,Monterey,1.31637179178896,-121.724152,36.852672,dry,0.0,79.23750667572023,151.53327037096025,105.48999977111816,178.8699986934662,65.42499778792262,177.3949949434027,84.8016973733902,168.91129660606384,79.23750667572023,151.53327037096025,105.48999977111816,178.8699986934662,65.42499778792262,177.3949949434027,84.8016973733902,168.91129660606384
2714066,Monterey,5.216390395581523,-121.78954,36.824947,dry,0.0,79.23750667572023,151.53327037096025,87.9800009727478,165.24000042676926,65.42499778792262,177.3949949434027,85.13939964771271,163.0049946308136,79.23750667572023,151.53327037096025,87.9800009727478,165.24000042676926,65.42499778792262,177.3949949434027,85.13939964771271,163.0049946308136
2716489,Monterey,28.730370850068727,-121.705943,36.915364,partial,0.0651935218226736,79.23750667572023,151.53327037096025,109.47933038289116,190.76617097454584,69.51999836880714,182.43499598558992,104.31609773635864,198.88559532165527,79.23750667572023,151.53327037096025,109.57000184059143,190.28999602794647,69.51999836880714,182.43499598558992,104.31609773635864,198.88559532165527
2714050,Monterey,6.844252974853038,-121.725413,36.869923,dry,0.0,79.23750667572023,151.53327037096025,103.25000143051147,176.77999866008759,65.42499778792262,177.3949949434027,96.03489470481873,189.3929944038391,79.23750667572023,151.53327037096025,103.25000143051147,176.77999866008759,65.42499778792262,177.3949949434027,96.03489470481873,189.3929944038391
2714040,Monterey,7.75603473567838,-121.695488,36.744832,dry,0.0,79.23750667572023,151.53327037096025,61.055349882258916,115.00348923927129,64.07499833405018,159.3199963029474,62.81339757144451,129.51649737358093,79.23750667572023,151.53327037096025,61.220001220703125,115.45000123977661,64.07499833405018,159.3199963029474,62.81339757144451,129.51649737358093
2714010,Monterey,4.559422291844676,-121.791249,36.825011,dry,0.0,79.23750667572023,151.53327037096025,87.9800009727478,165.24000042676926,65.42499778792262,177.3949949434027,85.13939964771271,163.0049946308136,79.23750667572023,151.53327037096025,87.9800009727478,165.24000042676926,65.42499778792262,177.3949949434027,85.13939964771271,163.0049946308136
2713971,Monterey,10.826309211343908,-121.670657,36.766956,dry,0.0,79.23750667572023,151.53327037096025,63.12000119686127,117.75999999046326,64.07499833405018,159.3199963029474,69.93129867315292,132.36049795150757,79.23750667572023,151.53327037096025,63.12000119686127,117.75999999046326,64.07499833405018,159.3199963029474,69.93129867315292,132.36049795150757
2713942,Monterey,14.428588513338008,-121.752191,36.748829,dry,0.0,79.23750667572023,151.53327037096025,61.96999931335449,125.0499997138977,68.87999911978841,172.6099964324385,60.21640041237697,124.70359752327204,79.23750667572023,151.53327037096025,61.96999931335449,125.0499997138977,68.87999911978841,172.6099964324385,60.21640041237697,124.70359752327204
2713915,Monterey,1.6504422673494323,-121.674918,36.867487,dry,0.0,79.23750667572023,151.53327037096025,100.97000026702881,174.8200011253357,68.78499916661531,163.3999965954572,91.63209509849548,192.11849355697632,79.23750667572023,151.53327037096025,100.97000026702881,174.8200011253357,68.78499916661531,163.3999965954572,91.63209509849548,192.11849355697632
2713867,Monterey,2.674332911931871,-121.715269,36.878298,dry,0.0,79.23750667572023,151.53327037096025,111.60999917984009,189.07000255584717,65.42499778792262,177.3949949434027,96.03489470481873,189.3929944038391,79.23750667572023,151.53327037096025,111.60999917984009,189.07000255584717,65.42499778792262,177.3949949434027,96.03489470481873,189.3929944038391
2713864,Monterey,3.492858007620439,-121.672348,36.847452,dry,0.0,79.23750667572023,151.53327037096025,98.78666656812031,171.19266759554546,68.78499916661531,163.3999965954572,92.7891993522644,183.41999793052673,79.23750667572023,151.53327037096025,97.32000231742859,168.8300006389618,68.78499916661531,163.3999965954572,92.7891993522644,183.41999793052673
2713852,Monterey,55.24526888696137,-121.727704,36.730983,dry,0.0,79.23750667572023,151.53327037096025,59.099260714692136,114.66415407288243,68.87999911978841,172.6099964324385,62.785964502862825,129.46565688220446,79.23750667572023,151.53327037096025,59.10000014305115,114.64999914169312,68.87999911978841,172.6099964324385,62.81339757144451,129.51649737358093
2724007,Monterey,4.362952412438688,-121.71759,36.804173,dry,0.0,79.23750667572023,151.53327037096025,83.05374905467032,148.46999952197075,65.42499778792262,177.3949949434027,67.2044968008995,147.39299750328064,79.23750667572023,151.53327037096025,82.45999813079834,147.61999988555908,65.42499778792262,177.3949949434027,67.2044968008995,147.39299750328064
2713835,Monterey,0.9227841120841578,-121.787301,36.841964,dry,0.0,79.23750667572023,151.53327037096025,96.91000127792358,175.61999958753586,65.42499778792262,177.3949949434027,85.13939964771271,163.0049946308136,79.23750667572023,151.53327037096025,96.91000127792358,175.61999958753586,65.42499778792262,177.3949949434027,85.13939964771271,163.0049946308136
2724008,Monterey,9.77693897180986,-121.787972,36.843272,dry,0.0,79.23750667572023,151.53327037096025,96.91000127792358,175.61999958753586,65.42499778792262,177.3949949434027,85.13939964771271,163.0049946308136,79.23750667572023,151.53327037096025,96.91000127792358,175.61999958753586,65.42499778792262,177.3949949434027,85.13939964771271,163.0049946308136
2713815,Monterey,12.351429757857115,-121.773663,36.702679,dry,0.0,79.23750667572023,151.53327037096025,59.45000076293945,122.15000081062317,68.87999911978841,172.6099964324385,52.11849948763847,110.21159622073174,79.23750667572023,151.53327037096025,59.45000076293945,122.15000081062317,68.87999911978841,172.6099964324385,52.11849948763847,110.21159622073174
2713805,Monterey,1.7384242414803528,-121.696885,36.813754,dry,0.0,79.23750667572023,151.53327037096025,89.99999809265137,162.97999954223633,68.78499916661531,163.3999965954572,84.8016973733902,168.91129660606384,79.23750667572023,151.53327037096025,89.99999809265137,162.97999954223633,68.78499916661531,163.3999965954572,84.8016973733902,168.91129660606384
2713777,Monterey,3.066452357450156,-121.675366,36.848369,dry,0.0,79.23750667572023,151.53327037096025,97.32000231742859,168.8300006389618,68.78499916661531,163.3999965954572,92.7891993522644,183.41999793052673,79.23750667572023,151.53327037096025,97.32000231742859,168.8300006389618,68.78499916661531,163.3999965954572,92.7891993522644,183.41999793052673
2713773,Monterey,1.7560348753909043,-121.662321,36.858775,dry,0.0,79.23750667572023,151.53327037096025,95.77000117301941,166.80000114440918,68.78499916661531,163.3999965954572,91.63209509849548,192.11849355697632,79.23750667572023,151.53327037096025,95.77000117301941,166.80000114440918,68.78499916661531,163.3999965954572,91.63209509849548,192.11849355697632
2713753,Monterey,14.4401720866976,-121.785471,36.834818,dry,0.0,79.23750667572023,151.53327037096025,92.25999999046326,168.65999814867973,65.42499778792262,177.3949949434027,85.13939964771271,163.0049946308136,79.23750667572023,151.53327037096025,92.25999999046326,168.65999814867973,65.42499778792262,177.3949949434027,85.13939964771271,163.0049946308136
2713734,Monterey,3.544804814621435,-121.708816,36.870095,dry,0.0,79.23750667572023,151.53327037096025,107.91000032424927,183.08999955654144,65.42499778792262,177.3949949434027,96.03489470481873,189.3929944038391,79.23750667572023,151.53327037096025,107.91000032424927,183.08999955654144,65.42499778792262,177.3949949434027,96.03489470481873,189.3929944038391
2725599,Monterey,11.510821088622809,-121.711473,36.763572,dry,0.0,79.23750667572023,151.53327037096025,63.55000138282776,122.88000130653381,68.87999911978841,172.6099964324385,62.81339757144451,129.51649737358093,79.23750667572023,151.53327037096025,63.55000138282776,122.88000130653381,68.87999911978841,172.6099964324385,62.81339757144451,129.51649737358093
2725600,Monterey,18.0893935020978,-121.738501,36.732147,dry,0.0,79.23750667572023,151.53327037096025,59.737097271027096,117.90999992432133,68.87999911978841,172.6099964324385,60.21640041237697,124.70359752327204,79.23750667572023,151.53327037096025,60.40000009536743,119.71000051498413,68.87999911978841,172.6099964324385,60.21640041237697,124.70359752327204
2713688,Monterey,9.559376504384575,-121.694705,36.778296,dry,0.0,79.23750667572023,151.53327037096025,68.78000068664551,133.29000186920166,64.07499833405018,159.3199963029474,67.2044968008995,147.39299750328064,79.23750667572023,151.53327037096025,68.78000068664551,133.29000186920166,64.07499833405018,159.3199963029474,67.2044968008995,147.39299750328064
2713677,Monterey,2.0880371670361284,-121.779555,36.837214,dry,0.0,79.23750667572023,151.53327037096025,92.25999999046326,168.65999814867973,65.42499778792262,177.3949949434027,85.13939964771271,163.0049946308136,79.23750667572023,151.53327037096025,92.25999999046326,168.65999814867973,65.42499778792262,177.3949949434027,85.13939964771271,163.0049946308136
2713673,Monterey,19.050123270979576,-121.790649,36.879508,dry,0.0041439662632393,79.23750667572023,151.53327037096025,104.13581614105068,191.84806129518822,65.42499778792262,177.3949949434027,97.86939859390259,183.5908932685852,79.23750667572023,151.53327037096025,104.1199996471405,192.62000036239624,65.42499778792262,177.3949949434027,97.86939859390259,183.5908932685852
2713667,Monterey,5.614215129213023,-121.675545,36.889158,dry,0.0,79.23750667572023,151.53327037096025,103.4099998303822,177.46357102053506,68.78499916661531,163.3999965954572,91.63209509849548,192.11849355697632,79.23750667572023,151.53327037096025,103.75999915599823,177.41000032424927,68.78499916661531,163.3999965954572,91.63209509849548,192.11849355697632
2713554,Monterey,1.5443258299934552,-121.715771,36.877132,dry,0.0,79.23750667572023,151.53327037096025,111.60999917984009,189.07000255584717,65.42499778792262,177.3949949434027,96.03489470481873,189.3929944038391,79.23750667572023,151.53327037096025,111.60999917984009,189.07000255584717,65.42499778792262,177.3949949434027,96.03489470481873,189.3929944038391
2713545,Monterey,1.941503570501359,-121.659913,36.853077,dry,0.0,79.23750667572023,151.53327037096025,99.08000016212463,171.910001039505,68.78499916661531,163.3999965954572,92.7891993522644,183.41999793052673,79.23750667572023,151.53327037096025,99.08000016212463,171.910001039505,68.78499916661531,163.3999965954572,92.7891993522644,183.41999793052673
2713532,Monterey,5.489118821250783,-121.675844,36.765319,dry,0.0,79.23750667572023,151.53327037096025,63.12000119686127,117.75999999046326,64.07499833405018,159.3199963029474,69.93129867315292,132.36049795150757,79.23750667572023,151.53327037096025,63.12000119686127,117.75999999046326,64.07499833405018,159.3199963029474,69.93129867315292,132.36049795150757
2722318,Monterey,18.97129221048544,-121.654124,36.911189,dry,0.0,79.23750667572023,151.53327037096025,112.77000027455782,197.9005243778229,66.27499858662486,167.63999602384865,107.02599740028381,207.34269618988037,79.23750667572023,151.53327037096025,113.25000023841858,198.72999787330627,66.27499858662486,167.63999602384865,107.02599740028381,207.34269618988037
2713519,Monterey,4.400443210868064,-121.713117,36.863017,dry,0.0,79.23750667572023,151.53327037096025,99.10956558973893,170.49130196156707,65.42499778792262,177.3949949434027,96.03489470481873,189.3929944038391,79.23750667572023,151.53327037096025,99.10000038146973,170.55999755859375,65.42499778792262,177.3949949434027,96.03489470481873,189.3929944038391
2725602,Monterey,30.045014243263477,-121.735744,36.713389,dry,0.0,79.23750667572023,151.53327037096025,57.46577934785322,111.44266197588536,68.87999911978841,172.6099964324385,57.39879907667637,115.37749803066254,79.23750667572023,151.53327037096025,57.27000045776367,111.39999997615814,68.87999911978841,172.6099964324385,57.39879907667637,115.37749803066254
2713487,Monterey,3.899706941682133,-121.700879,36.870137,dry,0.0,79.23750667572023,151.53327037096025,109.09999966621399,184.22000432014465,65.42499778792262,177.3949949434027,96.03489470481873,189.3929944038391,79.23750667572023,151.53327037096025,109.09999966621399,184.22000432014465,65.42499778792262,177.3949949434027,96.03489470481873,189.3929944038391
2713452,Monterey,1.2401923896817864,-121.663528,36.858786,dry,0.0,79.23750667572023,151.53327037096025,95.90000224113464,167.2300000190735,68.78499916661531,163.3999965954572,91.63209509849548,192.11849355697632,79.23750667572023,151.53327037096025,95.90000224113464,167.2300000190735,68.78499916661531,163.3999965954572,91.63209509849548,192.11849355697632
2713396,Monterey,1.3340025539585525,-121.714572,36.879188,dry,0.0,79.23750667572023,151.53327037096025,111.60999917984009,189.07000255584717,65.42499778792262,177.3949949434027,96.03489470481873,189.3929944038391,79.23750667572023,151.53327037096025,111.60999917984009,189.07000255584717,65.42499778792262,177.3949949434027,96.03489470481873,189.3929944038391
2713392,Monterey,4.229957424646846,-121.739424,36.845364,dry,0.0,79.23750667572023,151.53327037096025,102.02000093460083,175.0899999141693,65.42499778792262,177.3949949434027,76.29919791221619,151.43509650230408,79.23750667572023,151.53327037096025,102.02000093460083,175.0899999141693,65.42499778792262,177.3949949434027,76.29919791221619,151.43509650230408
2716523,Monterey,19.70603473127825,-121.8039,36.848821,dry,0.0,79.23750667572023,151.53327037096025,97.87708872267343,180.09961070652002,67.69999848026782,191.6849961988628,85.13939964771271,163.0049946308136,79.23750667572023,151.53327037096025,98.02000141143799,180.33999897912145,67.69999848026782,191.6849961988628,85.13939964771271,163.0049946308136
2713355,Monterey,12.290364299543285,-121.702406,36.775606,dry,0.0,79.23750667572023,151.53327037096025,67.62000036239624,131.54000043869019,68.87999911978841,172.6099964324385,67.2044968008995,147.39299750328064,79.23750667572023,151.53327037096025,67.62000036239624,131.54000043869019,68.87999911978841,172.6099964324385,67.2044968008995,147.39299750328064
2713333,Monterey,20.847467786681296,-121.766298,36.846578,dry,0.0,79.23750667572023,151.53327037096025,99.44285670007979,176.1140021871953,65.42499778792262,177.3949949434027,76.29919791221619,151.43509650230408,79.23750667572023,151.53327037096025,98.45999932289124,174.05000180006027,65.42499778792262,177.3949949434027,76.29919791221619,151.43509650230408
2713316,Monterey,14.661163709809486,-121.687982,36.677605,dry,0.0,79.23750667572023,151.53327037096025,54.222105509356446,93.93920952748311,69.01499871443957,159.37999580148607,66.03359851241112,122.27209771797061,79.23750667572023,151.53327037096025,54.06000018119812,93.57999873161316,69.01499871443957,159.37999580148607,66.03359851241112,122.27209771797061
2722325,Monterey,15.07908908602355,-121.676907,36.75186,dry,0.0,79.23750667572023,151.53327037096025,62.775973580100306,117.70272609165735,64.07499833405018,159.3199963029474,69.93129867315292,132.36049795150757,79.23750667572023,151.53327037096025,62.33000040054321,116.92999839782715,64.07499833405018,159.3199963029474,69.93129867315292,132.36049795150757
2722327,Monterey,5.0507948044934095,-121.786294,36.839318,dry,0.0,79.23750667572023,151.53327037096025,93.12111133999294,169.94888730402346,65.42499778792262,177.3949949434027,85.13939964771271,163.0049946308136,79.23750667572023,151.53327037096025,92.25999999046326,168.65999814867973,65.42499778792262,177.3949949434027,85.13939964771271,163.0049946308136
2717320,Monterey,11.858142132629665,-121.740628,36.694451,dry,0.0,79.23750667572023,151.53327037096025,56.08000183105469,106.24999958276749,74.6749985376373,169.58999579306692,57.39879907667637,115.37749803066254,79.23750667572023,151.53327037096025,56.08000183105469,106.24999958276749,74.6749985376373,169.58999579306692,57.39879907667637,115.37749803066254
2713248,Monterey,16.62860899967305,-121.689079,36.676318,dry,0.0,79.23750667572023,151.53327037096025,54.17761922734124,94.04737978020594,69.01499871443957,159.37999580148607,66.03359851241112,122.27209771797061,79.23750667572023,151.53327037096025,54.06000018119812,93.57999873161316,69.01499871443957,159.37999580148607,66.03359851241112,122.27209771797061
2713236,Monterey,3.4247281012549875,-121.77788,36.83698,dry,0.0,79.23750667572023,151.53327037096025,92.25999999046326,168.65999814867973,65.42499778792262,177.3949949434027,85.13939964771271,163.0049946308136,79.23750667572023,151.53327037096025,92.25999999046326,168.65999814867973,65.42499778792262,177.3949949434027,85.13939964771271,163.0049946308136
2713191,Monterey,2.295644956935474,-121.690443,36.857523,dry,0.0,79.23750667572023,151.53327037096025,96.6399998664856,166.68999886512756,68.78499916661531,163.3999965954572,96.03489470481873,189.3929944038391,79.23750667572023,151.53327037096025,96.6399998664856,166.68999886512756,68.78499916661531,163.3999965954572,96.03489470481873,189.3929944038391
2713181,Monterey,1.8634545338978252,-121.660824,36.854911,dry,0.0,79.23750667572023,151.53327037096025,99.08000016212463,171.910001039505,68.78499916661531,163.3999965954572,91.63209509849548,192.11849355697632,79.23750667572023,151.53327037096025,99.08000016212463,171.910001039505,68.78499916661531,163.3999965954572,91.63209509849548,192.11849355697632
2713154,Monterey,2.975232629484946,-121.737901,36.84598,dry,0.0,79.23750667572023,151.53327037096025,102.02000093460083,175.0899999141693,65.42499778792262,177.3949949434027,76.29919791221619,151.43509650230408,79.23750667572023,151.53327037096025,102.02000093460083,175.0899999141693,65.42499778792262,177.3949949434027,76.29919791221619,151.43509650230408
2713135,Monterey,0.3660728996189559,-121.703679,36.865213,dry,0.0,,,,,,,,,79.23750667572023,151.53327037096025,100.98000192642212,172.22999906539917,65.42499778792262,177.3949949434027,96.03489470481873,189.3929944038391
2713124,Monterey,0.8522057010149132,-121.719488,36.856344,dry,0.0,79.23750667572023,151.53327037096025,99.10000038146973,170.55999755859375,65.42499778792262,177.3949949434027,96.03489470481873,189.3929944038391,79.23750667572023,151.53327037096025,99.10000038146973,170.55999755859375,65.42499778792262,177.3949949434027,96.03489470481873,189.3929944038391
2722332,Monterey,27.182875265837293,-121.783267,36.839376,dry,0.0,79.23750667572023,151.53327037096025,93.06287791060026,169.86172501582035,65.42499778792262,177.3949949434027,85.13939964771271,163.0049946308136,79.23750667572023,151.53327037096025,92.25999999046326,168.65999814867973,65.42499778792262,177.3949949434027,85.13939964771271,163.0049946308136
2725607,Monterey,23.11889751081006,-121.679121,36.90305,dry,0.0,79.23750667572023,151.53327037096025,105.97872955819307,184.53017036187444,66.27499858662486,167.63999602384865,107.02599740028381,207.34269618988037,79.23750667572023,151.53327037096025,106.34000015258789,186.54000043869019,66.27499858662486,167.63999602384865,107.02599740028381,207.34269618988037
2713115,Monterey,4.4701880245872285,-121.672817,36.848105,dry,0.0,79.23750667572023,151.53327037096025,98.36761963935126,170.5176198936644,68.78499916661531,163.3999965954572,92.7891993522644,183.41999793052673,79.23750667572023,151.53327037096025,97.32000231742859,168.8300006389618,68.78499916661531,163.3999965954572,92.7891993522644,183.41999793052673
2716542,Monterey,12.323968324438784,-121.738446,36.694445,dry,0.0,79.23750667572023,151.53327037096025,56.08000183105469,106.24999958276749,74.6749985376373,169.58999579306692,57.39879907667637,115.37749803066254,79.23750667572023,151.53327037096025,56.08000183105469,106.24999958276749,74.6749985376373,169.58999579306692,57.39879907667637,115.37749803066254
2713046,Monterey,1.2771066013296135,-121.713055,36.864488,dry,0.0,79.23750667572023,151.53327037096025,99.11571465219771,170.44714050633567,65.42499778792262,177.3949949434027,96.03489470481873,189.3929944038391,79.23750667572023,151.53327037096025,99.10000038146973,170.55999755859375,65.42499778792262,177.3949949434027,96.03489470481873,189.3929944038391
2717325,Monterey,14.853530998894016,-121.667431,36.725324,dry,0.0,79.23750667572023,151.53327037096025,59.4055264058866,107.21763151413516,64.07499833405018,159.3199963029474,67.50299942493439,118.26299607753754,79.23750667572023,151.53327037096025,59.639999866485596,107.30999946594238,64.07499833405018,159.3199963029474,67.50299942493439,118.26299607753754
2725609,Monterey,23.3455073434258,-121.779373,36.868286,dry,0.0,79.23750667572023,151.53327037096025,104.44999861717224,186.16000068187714,65.42499778792262,177.3949949434027,97.86939859390259,183.5908932685852,79.23750667572023,151.53327037096025,104.44999861717224,186.16000068187714,65.42499778792262,177.3949949434027,97.86939859390259,183.5908932685852
2713004,Monterey,3.974694783629749,-121.679364,36.853167,dry,0.0,79.23750667572023,151.53327037096025,97.03091103380378,168.41363713958046,68.78499916661531,163.3999965954572,92.57881676067005,185.0015425898812,79.23750667572023,151.53327037096025,97.32000231742859,168.8300006389618,68.78499916661531,163.3999965954572,92.7891993522644,183.41999793052673
2713001,Monterey,2.4055213923999865,-121.682452,36.850475,dry,0.0,79.23750667572023,151.53327037096025,97.32000231742859,168.8300006389618,68.78499916661531,163.3999965954572,92.7891993522644,183.41999793052673,79.23750667572023,151.53327037096025,97.32000231742859,168.8300006389618,68.78499916661531,163.3999965954572,92.7891993522644,183.41999793052673
2717328,Monterey,42.33440191930982,-121.750736,36.883882,reference (flooded),1.0,79.23750667572023,151.53327037096025,105.72272610664368,185.31581795865839,65.42499778792262,177.3949949434027,92.34999752044678,176.18079566955566,79.23750667572023,151.53327037096025,105.83999872207642,185.26999974250793,65.42499778792262,177.3949949434027,92.34999752044678,176.18079566955566
2712972,Monterey,2.29270923328753,-121.772674,36.835619,dry,0.0,79.23750667572023,151.53327037096025,96.33000087738037,172.1599977016449,65.42499778792262,177.3949949434027,85.13939964771271,163.0049946308136,79.23750667572023,151.53327037096025,96.33000087738037,172.1599977016449,65.42499778792262,177.3949949434027,85.13939964771271,163.0049946308136
2712956,Monterey,6.760855225720822,-121.716443,36.772294,dry,0.0,79.23750667572023,151.53327037096025,67.0629417966394,131.5770597037147,68.87999911978841,172.6099964324385,64.23404732215053,135.3000709449544,79.23750667572023,151.53327037096025,67.13000082969666,131.63000082969666,68.87999911978841,172.6099964324385,62.81339757144451,129.51649737358093
2712929,Monterey,2.2671748245765864,-121.710394,36.877442,dry,0.0,79.23750667572023,151.53327037096025,111.60999917984009,189.07000255584717,65.42499778792262,177.3949949434027,96.03489470481873,189.3929944038391,79.23750667572023,151.53327037096025,111.60999917984009,189.07000255584717,65.42499778792262,177.3949949434027,96.03489470481873,189.3929944038391
2712896,Monterey,2.926989315888292,-121.72001,36.872477,dry,0.0,79.23750667572023,151.53327037096025,103.25000143051147,176.77999866008759,65.42499778792262,177.3949949434027,96.03489470481873,189.3929944038391,79.23750667572023,151.53327037096025,103.25000143051147,176.77999866008759,65.42499778792262,177.3949949434027,96.03489470481873,189.3929944038391
2712891,Monterey,2.895330728471517,-121.720582,36.800078,dry,0.0,79.23750667572023,151.53327037096025,80.08999872207642,143.81000018119812,65.42499778792262,177.3949949434027,67.2044968008995,147.39299750328064,79.23750667572023,151.53327037096025,80.08999872207642,143.81000018119812,65.42499778792262,177.3949949434027,67.2044968008995,147.39299750328064
2716554,Monterey,28.24071957070933,-121.672314,36.746999,dry,0.0,79.23750667572023,151.53327037096025,62.69999885559081,116.86999940872192,64.07499833405018,159.3199963029474,69.93129867315292,132.36049795150757,79.23750667572023,151.53327037096025,63.33999848365784,118.67999935150146,64.07499833405018,159.3199963029474,69.93129867315292,132.36049795150757
2712875,Monterey,15.784610280881438,-121.706843,36.759503,dry,0.0,79.23750667572023,151.53327037096025,63.101830101594686,121.79414734026281,68.87999911978841,172.6099964324385,62.81339757144451,129.51649737358093,79.23750667572023,151.53327037096025,63.55000138282776,122.88000130653381,68.87999911978841,172.6099964324385,62.81339757144451,129.51649737358093
2716556,Monterey,35.72301746718195,-121.707707,36.908452,partial,0.1448958782103045,79.23750667572023,151.53327037096025,109.29786891985665,190.23197990686157,69.51999836880714,182.43499598558992,104.31609773635864,198.88559532165527,79.23750667572023,151.53327037096025,109.24000072479248,190.33999955654144,69.51999836880714,182.43499598558992,104.31609773635864,198.88559532165527
2717335,Monterey,15.2396831089787,-121.664748,36.723944,dry,0.0,79.23750667572023,151.53327037096025,59.639999866485596,107.30999946594238,64.07499833405018,159.3199963029474,67.50299942493439,118.26299607753754,79.23750667572023,151.53327037096025,59.639999866485596,107.30999946594238,64.07499833405018,159.3199963029474,67.50299942493439,118.26299607753754
2725613,Monterey,31.985198058615463,-121.755104,36.832582,dry,0.0,79.23750667572023,151.53327037096025,94.37269442952322,166.61335112092027,65.42499778792262,177.3949949434027,76.29919791221619,151.43509650230408,79.23750667572023,151.53327037096025,94.5499997138977,167.00999772548676,65.42499778792262,177.3949949434027,76.29919791221619,151.43509650230408
2724013,Monterey,14.089895839457814,-121.677533,36.766122,dry,0.0,79.23750667572023,151.53327037096025,63.12000119686127,117.75999999046326,64.07499833405018,159.3199963029474,69.93129867315292,132.36049795150757,79.23750667572023,151.53327037096025,63.12000119686127,117.75999999046326,64.07499833405018,159.3199963029474,69.93129867315292,132.36049795150757
2712736,Monterey,3.0003032516365065,-121.706556,36.766008,dry,0.0,79.23750667572023,151.53327037096025,63.55000138282776,122.88000130653381,68.87999911978841,172.6099964324385,62.81339757144451,129.51649737358093,79.23750667572023,151.53327037096025,63.55000138282776,122.88000130653381,68.87999911978841,172.6099964324385,62.81339757144451,129.51649737358093
2712684,Monterey,2.099074633226522,-121.688662,36.858961,dry,0.0,79.23750667572023,151.53327037096025,95.73000025749207,166.5400013923645,68.78499916661531,163.3999965954572,96.03489470481873,189.3929944038391,79.23750667572023,151.53327037096025,95.73000025749207,166.5400013923645,68.78499916661531,163.3999965954572,96.03489470481873,189.3929944038391
2712672,Monterey,8.814354667461652,-121.70432,36.73337,dry,0.0,79.23750667572023,151.53327037096025,59.81999850273132,113.22999954223633,68.87999911978841,172.6099964324385,62.81339757144451,129.51649737358093,79.23750667572023,151.53327037096025,59.81999850273132,113.22999954223633,68.87999911978841,172.6099964324385,62.81339757144451,129.51649737358093
2722342,Monterey,3.795166714744018,-121.685199,36.856186,dry,0.0,79.23750667572023,151.53327037096025,95.73000025749207,166.5400013923645,68.78499916661531,163.3999965954572,91.63209509849548,192.11849355697632,79.23750667572023,151.53327037096025,95.73000025749207,166.5400013923645,68.78499916661531,163.3999965954572,91.63209509849548,192.11849355697632
2724014,Monterey,14.108860420720177,-121.718539,36.798492,dry,0.0,79.23750667572023,151.53327037096025,80.46676363664514,144.38617652304032,68.87999911978841,172.6099964324385,67.2044968008995,147.39299750328064,79.23750667572023,151.53327037096025,80.08999872207642,143.81000018119812,68.87999911978841,172.6099964324385,67.2044968008995,147.39299750328064
2712586,Monterey,17.292024478383603,-121.794466,36.836771,dry,0.0,79.23750667572023,151.53327037096025,90.75000047683716,168.85000202059746,65.42499778792262,177.3949949434027,85.13939964771271,163.0049946308136,79.23750667572023,151.53327037096025,90.75000047683716,168.85000202059746,65.42499778792262,177.3949949434027,85.13939964771271,163.0049946308136
2712561,Monterey,3.14069215108232,-121.715161,36.798865,dry,0.0,79.23750667572023,151.53327037096025,84.36000108718872,150.33999872207642,68.27029300240032,173.45440793437334,67.2044968008995,147.39299750328064,79.23750667572023,151.53327037096025,84.36000108718872,150.33999872207642,68.87999911978841,172.6099964324385,67.2044968008995,147.39299750328064
2712558,Monterey,1.5416270342159777,-121.707792,36.798773,dry,0.0,79.23750667572023,151.53327037096025,79.10000228881836,140.36999988555908,68.87999911978841,172.6099964324385,67.2044968008995,147.39299750328064,79.23750667572023,151.53327037096025,79.10000228881836,140.36999988555908,68.87999911978841,172.6099964324385,67.2044968008995,147.39299750328064
2725615,Monterey,102.51092851369746,-121.780181,36.704108,dry,0.0,79.23750667572023,151.53327037096025,59.21792792639353,122.33648313179671,69.51899145103411,172.2769925596561,52.11849948763847,110.21159622073174,79.23750667572023,151.53327037096025,58.61000061035156,121.03000032901764,68.87999911978841,172.6099964324385,52.11849948763847,110.21159622073174
2725616,Monterey,29.95681311845118,-121.766089,36.885087,reference (flooded),0.9505918589357648,79.23750667572023,151.53327037096025,105.12784230319504,186.42568694298566,65.42499778792262,177.3949949434027,92.34999752044678,176.18079566955566,79.23750667572023,151.53327037096025,104.87999892234802,187.33000147342682,65.42499778792262,177.3949949434027,92.34999752044678,176.18079566955566
2712541,Monterey,8.045775351918703,-121.703597,36.642949,dry,0.0,79.23750667572023,151.53327037096025,53.45263206331354,91.99315759382749,74.6749985376373,169.58999579306692,68.59399959445,131.02819800376892,79.23750667572023,151.53327037096025,53.480000734329224,90.54999995231628,74.6749985376373,169.58999579306692,68.59399959445,131.02819800376892
2725617,Monterey,2.8208228945635785,-121.715263,36.875505,dry,0.0,79.23750667572023,151.53327037096025,108.83500003814697,184.58500030636785,65.42499778792262,177.3949949434027,96.03489470481873,189.3929944038391,79.23750667572023,151.53327037096025,107.91000032424927,183.08999955654144,65.42499778792262,177.3949949434027,96.03489470481873,189.3929944038391
2712509,Monterey,0.8275788735112276,-121.664236,36.858747,dry,0.0,79.23750667572023,151.53327037096025,95.90000224113464,167.2300000190735,68.78499916661531,163.3999965954572,91.63209509849548,192.11849355697632,79.23750667572023,151.53327037096025,95.90000224113464,167.2300000190735,68.78499916661531,163.3999965954572,91.63209509849548,192.11849355697632
2712502,Monterey,10.974046281273054,-121.703507,36.734855,dry,0.0,79.23750667572023,151.53327037096025,59.81999850273132,113.22999954223633,68.87999911978841,172.6099964324385,62.81339757144451,129.51649737358093,79.23750667572023,151.53327037096025,59.81999850273132,113.22999954223633,68.87999911978841,172.6099964324385,62.81339757144451,129.51649737358093
2712488,Monterey,1.0740833494356776,-121.722052,36.866463,dry,0.0,79.23750667572023,151.53327037096025,103.25000143051147,176.77999866008759,65.42499778792262,177.3949949434027,96.03489470481873,189.3929944038391,79.23750667572023,151.53327037096025,103.25000143051147,176.77999866008759,65.42499778792262,177.3949949434027,96.03489470481873,189.3929944038391
2712404,Monterey,19.54634721483874,-121.674284,36.729656,dry,0.0,79.23750667572023,151.53327037096025,59.94000029563904,110.16000032424927,64.07499833405018,159.3199963029474,69.93129867315292,132.36049795150757,79.23750667572023,151.53327037096025,59.94000029563904,110.16000032424927,64.07499833405018,159.3199963029474,69.93129867315292,132.36049795150757
2712399,Monterey,5.029417650268381,-121.78482,36.840956,dry,0.0,79.23750667572023,151.53327037096025,96.91000127792358,175.61999958753586,65.42499778792262,177.3949949434027,85.13939964771271,163.0049946308136,79.23750667572023,151.53327037096025,96.91000127792358,175.61999958753586,65.42499778792262,177.3949949434027,85.13939964771271,163.0049946308136
2722349,Monterey,30.735420089280467,-121.699798,36.765747,dry,0.0,79.23750667572023,151.53327037096025,64.73999905586243,124.50999975204468,67.16611348920661,167.86961422064547,62.81339757144451,129.51649737358093,79.23750667572023,151.53327037096025,64.73999905586243,124.50999975204468,68.87999911978841,172.6099964324385,62.81339757144451,129.51649737358093
2712356,Monterey,21.399299688927133,-121.723607,36.647308,partial,0.1921468615864977,79.23750667572023,151.53327037096025,54.35615944862365,98.20419654622673,74.6749985376373,169.58999579306692,66.6051166110805,124.22658438890772,79.23750667572023,151.53327037096025,54.339998722076416,98.13000011444092,74.6749985376373,169.58999579306692,66.03359851241112,122.27209771797061
2712332,Monterey,5.839075313833259,-121.662288,36.728059,dry,0.0,79.23750667572023,151.53327037096025,59.639999866485596,107.30999946594238,64.07499833405018,159.3199963029474,69.66148764557309,130.79410885439978,79.23750667572023,151.53327037096025,59.639999866485596,107.30999946594238,64.07499833405018,159.3199963029474,69.93129867315292,132.36049795150757
2712313,Monterey,25.57105926486737,-121.777888,36.741553,dry,0.0,79.23750667572023,151.53327037096025,61.989999771118164,128.52000093460083,68.87999911978841,172.6099964324385,60.22259879112244,122.95959571003914,79.23750667572023,151.53327037096025,61.989999771118164,128.52000093460083,68.87999911978841,172.6099964324385,60.22259879112244,122.95959571003914
2712306,Monterey,22.501097789027952,-121.745846,36.885815,reference (flooded),0.9240537248938648,79.23750667572023,151.53327037096025,105.83999872207642,185.26999974250793,65.42499778792262,177.3949949434027,92.34999752044678,176.18079566955566,79.23750667572023,151.53327037096025,105.83999872207642,185.26999974250793,65.42499778792262,177.3949949434027,92.34999752044678,176.18079566955566
2712297,Monterey,5.12736300699204,-121.70652,36.691887,dry,0.0,79.23750667572023,151.53327037096025,55.90142904009138,102.67571432249888,74.6749985376373,169.58999579306692,63.64009752869606,120.86589841917157,79.23750667572023,151.53327037096025,56.11000061035156,103.52999979257584,74.6749985376373,169.58999579306692,63.64009752869606,120.86589841917157
2724017,Monterey,27.513125919977767,-121.793495,36.857322,dry,0.0,79.23750667572023,151.53327037096025,99.98162048467448,182.1410555504,65.42499778792262,177.3949949434027,97.86939859390259,183.5908932685852,79.23750667572023,151.53327037096025,101.1399998664856,182.22999954223633,65.42499778792262,177.3949949434027,97.86939859390259,183.5908932685852
2712266,Monterey,4.843456724642977,-121.669554,36.76287,dry,0.0,79.23750667572023,151.53327037096025,63.12000119686127,117.75999999046326,64.07499833405018,159.3199963029474,69.93129867315292,132.36049795150757,79.23750667572023,151.53327037096025,63.12000119686127,117.75999999046326,64.07499833405018,159.3199963029474,69.93129867315292,132.36049795150757
2712246,Monterey,13.671311044589093,-121.79703,36.833943,dry,0.0,79.23750667572023,151.53327037096025,90.75000047683716,168.85000202059746,65.42499778792262,177.3949949434027,85.13939964771271,163.0049946308136,79.23750667572023,151.53327037096025,90.75000047683716,168.85000202059746,65.42499778792262,177.3949949434027,85.13939964771271,163.0049946308136
2725620,Monterey,14.012197633261554,-121.723324,36.730568,dry,0.0,79.23750667572023,151.53327037096025,59.10000014305115,114.64999914169312,68.87999911978841,172.6099964324385,62.81339757144451,129.51649737358093,79.23750667572023,151.53327037096025,59.10000014305115,114.64999914169312,68.87999911978841,172.6099964324385,62.81339757144451,129.51649737358093
2712211,Monterey,6.337236717853068,-121.703064,36.692895,dry,0.0,79.23750667572023,151.53327037096025,56.17599897384644,102.6866663893064,74.6749985376373,169.58999579306692,63.64009752869606,120.86589841917157,79.23750667572023,151.53327037096025,56.19999837875366,102.3799996972084,74.6749985376373,169.58999579306692,63.64009752869606,120.86589841917157
2712207,Monterey,0.8130196118724586,-121.673662,36.848585,dry,0.0,79.23750667572023,151.53327037096025,97.32000231742859,168.8300006389618,68.78499916661531,163.3999965954572,92.7891993522644,183.41999793052673,79.23750667572023,151.53327037096025,97.32000231742859,168.8300006389618,68.78499916661531,163.3999965954572,92.7891993522644,183.41999793052673
2712197,Monterey,28.121334308618483,-121.769787,36.84151,dry,0.0,79.23750667572023,151.53327037096025,96.33000087738037,172.1599977016449,65.42499778792262,177.3949949434027,76.29919791221619,151.43509650230408,79.23750667572023,151.53327037096025,96.33000087738037,172.1599977016449,65.42499778792262,177.3949949434027,76.29919791221619,151.43509650230408
2712088,Monterey,2.639627489061376,-121.7805,36.841329,dry,0.0,79.23750667572023,151.53327037096025,96.91000127792358,175.61999958753586,65.42499778792262,177.3949949434027,85.13939964771271,163.0049946308136,79.23750667572023,151.53327037096025,96.91000127792358,175.61999958753586,65.42499778792262,177.3949949434027,85.13939964771271,163.0049946308136
2712084,Monterey,16.008254195976274,-121.731424,36.703466,dry,0.0,79.23750667572023,151.53327037096025,56.649999141693115,107.37000000476837,68.87999911978841,172.6099964324385,59.51123855274457,117.23511046985023,79.23750667572023,151.53327037096025,56.649999141693115,107.37000000476837,68.87999911978841,172.6099964324385,57.39879907667637,115.37749803066254
2712068,Monterey,35.166599501722125,-121.70715,36.905541,dry,0.0,79.23750667572023,151.53327037096025,109.54000163078308,189.780002951622,69.51999836880714,182.43499598558992,104.31609773635864,198.88559532165527,79.23750667572023,151.53327037096025,109.54000163078308,189.780002951622,69.51999836880714,182.43499598558992,104.31609773635864,198.88559532165527
2712051,Monterey,0.9830837118871244,-121.71621,36.876697,dry,0.0,79.23750667572023,151.53327037096025,111.60999917984009,189.07000255584717,65.42499778792262,177.3949949434027,96.03489470481873,189.3929944038391,79.23750667572023,151.53327037096025,111.60999917984009,189.07000255584717,65.42499778792262,177.3949949434027,96.03489470481873,189.3929944038391
2712044,Monterey,12.786673307798504,-121.791339,36.831533,dry,0.0,79.23750667572023,151.53327037096025,90.75000047683716,168.85000202059746,65.42499778792262,177.3949949434027,85.13939964771271,163.0049946308136,79.23750667572023,151.53327037096025,90.75000047683716,168.85000202059746,65.42499778792262,177.3949949434027,85.13939964771271,163.0049946308136
2712035,Monterey,19.328029514458414,-121.764138,36.843493,dry,0.0,79.23750667572023,151.53327037096025,96.97266092431656,171.40669738863588,65.42499778792262,177.3949949434027,76.29919791221619,151.43509650230408,79.23750667572023,151.53327037096025,96.53000068664551,170.6199996471405,65.42499778792262,177.3949949434027,76.29919791221619,151.43509650230408
2712028,Monterey,12.452429311744352,-121.684917,36.675343,dry,0.0,79.23750667572023,151.53327037096025,54.320312615484,93.13593756780028,69.01499871443957,159.37999580148607,68.88938032463194,122.15579950512621,79.23750667572023,151.53327037096025,54.40000009536743,93.00000047683716,69.01499871443957,159.37999580148607,69.76359924674034,122.12019801139832
2712009,Monterey,1.0068047342679542,-121.666504,36.76945,dry,0.0,79.23750667572023,151.53327037096025,65.94000053405762,122.19000005722046,64.07499833405018,159.3199963029474,69.93129867315292,132.36049795150757,79.23750667572023,151.53327037096025,65.94000053405762,122.19000005722046,64.07499833405018,159.3199963029474,69.93129867315292,132.36049795150757
2711997,Monterey,1.765202133910241,-121.711197,36.863031,dry,0.0,79.23750667572023,151.53327037096025,99.21000027656555,169.76999819278717,65.42499778792262,177.3949949434027,96.03489470481873,189.3929944038391,79.23750667572023,151.53327037096025,99.21000027656555,169.76999819278717,65.42499778792262,177.3949949434027,96.03489470481873,189.3929944038391
2711935,Monterey,2.6524994691645083,-121.773854,36.836907,dry,0.0,79.23750667572023,151.53327037096025,96.33000087738037,172.1599977016449,65.42499778792262,177.3949949434027,85.13939964771271,163.0049946308136,79.23750667572023,151.53327037096025,96.33000087738037,172.1599977016449,65.42499778792262,177.3949949434027,85.13939964771271,163.0049946308136
2711856,Monterey,9.30085710484508,-121.738495,36.789413,dry,0.0,79.23750667572023,151.53327037096025,73.71000051498413,138.32999897003174,68.87999911978841,172.6099964324385,61.84649868309498,132.33949756622314,79.23750667572023,151.53327037096025,73.71000051498413,138.32999897003174,68.87999911978841,172.6099964324385,61.84649868309498,132.33949756622314
2725626,Monterey,20.03978048694164,-121.749513,36.715662,dry,0.0,79.23750667572023,151.53327037096025,58.29378638221222,116.12359174131188,68.87999911978841,172.6099964324385,57.39879907667637,115.37749803066254,79.23750667572023,151.53327037096025,58.359999656677246,116.56999933719635,68.87999911978841,172.6099964324385,57.39879907667637,115.37749803066254
2716618,Monterey,15.527534632735414,-121.707378,36.693678,dry,0.0,79.23750667572023,151.53327037096025,56.11000061035156,103.52999979257584,74.6749985376373,169.58999579306692,63.64009752869606,120.86589841917157,79.23750667572023,151.53327037096025,56.11000061035156,103.52999979257584,74.6749985376373,169.58999579306692,63.64009752869606,120.86589841917157
2711817,Monterey,15.04733424958454,-121.67743,36.746014,dry,0.0,79.23750667572023,151.53327037096025,62.21605248827682,116.44486740702077,64.07499833405018,159.3199963029474,69.93129867315292,132.36049795150757,79.23750667572023,151.53327037096025,62.33000040054321,116.92999839782715,64.07499833405018,159.3199963029474,69.93129867315292,132.36049795150757
2711771,Monterey,0.6094358487819813,-121.649841,36.856177,dry,0.0,79.23750667572023,151.53327037096025,95.37333289782207,165.86333219210306,68.78499916661531,163.3999965954572,91.63209509849548,192.11849355697632,79.23750667572023,151.53327037096025,93.51999926567078,162.8399977684021,68.78499916661531,163.3999965954572,91.63209509849548,192.11849355697632
2711735,Monterey,7.715813104233132,-121.723144,36.869235,dry,0.0,79.23750667572023,151.53327037096025,103.25000143051147,176.77999866008759,65.42499778792262,177.3949949434027,96.03489470481873,189.3929944038391,79.23750667572023,151.53327037096025,103.25000143051147,176.77999866008759,65.42499778792262,177.3949949434027,96.03489470481873,189.3929944038391
2725629,Monterey,22.639155330123828,-121.670854,36.73982,dry,0.0,79.23750667572023,151.53327037096025,61.922521027274755,114.85895607367806,64.07499833405018,159.3199963029474,69.93129867315292,132.36049795150757,79.23750667572023,151.53327037096025,62.059999227523804,115.05999946594238,64.07499833405018,159.3199963029474,69.93129867315292,132.36049795150757
2722365,Monterey,7.946419300497416,-121.765113,36.83357,dry,0.0,79.23750667572023,151.53327037096025,91.54000115394592,165.06999844312668,65.42499778792262,177.3949949434027,76.29919791221619,151.43509650230408,79.23750667572023,151.53327037096025,91.54000115394592,165.06999844312668,65.42499778792262,177.3949949434027,76.29919791221619,151.43509650230408
2725631,Monterey,43.90095419225089,-121.776393,36.700673,dry,0.0,79.23750667572023,151.53327037096025,59.45000076293945,122.15000081062317,71.69988722936667,171.14044254988715,52.11849948763847,110.21159622073174,79.23750667572023,151.53327037096025,59.45000076293945,122.15000081062317,68.87999911978841,172.6099964324385,52.11849948763847,110.21159622073174
2724019,Monterey,1.8220556645071588,-121.678095,36.853825,dry,0.0,79.23750667572023,151.53327037096025,95.73000025749207,166.5400013923645,68.78499916661531,163.3999965954572,91.63209509849548,192.11849355697632,79.23750667572023,151.53327037096025,95.73000025749207,166.5400013923645,68.78499916661531,163.3999965954572,91.63209509849548,192.11849355697632
2711685,Monterey,6.096253372339048,-121.726426,36.818383,dry,0.0,79.23750667572023,151.53327037096025,85.6100025177002,152.71000003814697,65.42499778792262,177.3949949434027,84.8016973733902,168.91129660606384,79.23750667572023,151.53327037096025,85.6100025177002,152.71000003814697,65.42499778792262,177.3949949434027,84.8016973733902,168.91129660606384
2725632,Monterey,18.05113017483404,-121.744467,36.717302,reference (flooded),0.5998005450622006,79.23750667572023,151.53327037096025,58.05000114440918,114.48000013828278,68.87999911978841,172.6099964324385,57.39879907667637,115.37749803066254,79.23750667572023,151.53327037096025,58.05000114440918,114.48000013828278,68.87999911978841,172.6099964324385,57.39879907667637,115.37749803066254
2711678,Monterey,1.88336439478075,-121.741007,36.844757,dry,0.0,79.23750667572023,151.53327037096025,102.02000093460083,175.0899999141693,65.42499778792262,177.3949949434027,76.29919791221619,151.43509650230408,79.23750667572023,151.53327037096025,102.02000093460083,175.0899999141693,65.42499778792262,177.3949949434027,76.29919791221619,151.43509650230408
2722366,Monterey,35.60927960312849,-121.667615,36.734554,dry,0.0,79.23750667572023,151.53327037096025,60.954534387327946,111.68038293703007,64.07499833405018,159.3199963029474,69.93129867315292,132.36049795150757,79.23750667572023,151.53327037096025,60.999998807907104,111.78000044822693,64.07499833405018,159.3199963029474,69.93129867315292,132.36049795150757
2725633,Monterey,26.163773284060102,-121.778005,36.695836,dry,0.0,79.23750667572023,151.53327037096025,58.94203154126505,120.12526277940076,74.6749985376373,169.58999579306692,52.11849948763847,110.21159622073174,79.23750667572023,151.53327037096025,58.73000192642212,119.07999897003174,74.6749985376373,169.58999579306692,52.11849948763847,110.21159622073174
2711635,Monterey,2.657063374349028,-121.715506,36.784813,dry,0.0,79.23750667572023,151.53327037096025,74.39999914169312,135.51999950408936,68.87999911978841,172.6099964324385,67.2044968008995,147.39299750328064,79.23750667572023,151.53327037096025,74.39999914169312,135.51999950408936,68.87999911978841,172.6099964324385,67.2044968008995,147.39299750328064
2711632,Monterey,1.9599238895909277,-121.738361,36.845261,dry,0.0,79.23750667572023,151.53327037096025,102.02000093460083,175.0899999141693,65.42499778792262,177.3949949434027,76.29919791221619,151.43509650230408,79.23750667572023,151.53327037096025,102.02000093460083,175.0899999141693,65.42499778792262,177.3949949434027,76.29919791221619,151.43509650230408
2725634,Monterey,34.86869942160124,-121.681149,36.634755,dry,0.0017038279334237,79.23750667572023,151.53327037096025,53.81999921798706,89.26999926567078,69.01499871443957,159.37999580148607,71.37129786610603,131.64919638633728,79.23750667572023,151.53327037096025,53.81999921798706,89.26999926567078,69.01499871443957,159.37999580148607,71.37129786610603,131.64919638633728
2717367,Monterey,3.630475800127893,-121.705849,36.644614,dry,0.0,79.23750667572023,151.53327037096025,53.32000017166138,92.58999943733215,74.6749985376373,169.58999579306692,68.59399959445,131.02819800376892,79.23750667572023,151.53327037096025,53.32000017166138,92.58999943733215,74.6749985376373,169.58999579306692,68.59399959445,131.02819800376892
2711589,Monterey,6.381021513661621,-121.707593,36.772949,dry,0.0,79.23750667572023,151.53327037096025,67.56060647964478,131.55090957699403,68.87999911978841,172.6099964324385,66.40611512281679,144.14272475242615,79.23750667572023,151.53327037096025,67.62000036239624,131.54000043869019,68.87999911978841,172.6099964324385,67.2044968008995,147.39299750328064
2722373,Monterey,10.422754812499472,-121.787107,36.871071,partial,0.2275094538673561,79.23750667572023,151.53327037096025,104.19345362836664,186.06727272380482,65.42499778792262,177.3949949434027,97.86939859390259,183.5908932685852,79.23750667572023,151.53327037096025,104.44999861717224,186.16000068187714,65.42499778792262,177.3949949434027,97.86939859390259,183.5908932685852
2711518,Monterey,12.376548256879415,-121.753176,36.700933,dry,0.0,79.23750667572023,151.53327037096025,57.319252619102826,112.66373051636258,71.56126750715134,171.21268270377405,57.39879907667637,115.37749803066254,79.23750667572023,151.53327037096025,57.619998931884766,113.94999849796295,68.87999911978841,172.6099964324385,57.39879907667637,115.37749803066254
2711515,Monterey,16.869856433635086,-121.75434,36.745768,dry,0.0,79.23750667572023,151.53327037096025,61.96999931335449,125.0499997138977,68.87999911978841,172.6099964324385,60.21640041237697,124.70359752327204,79.23750667572023,151.53327037096025,61.96999931335449,125.0499997138977,68.87999911978841,172.6099964324385,60.21640041237697,124.70359752327204
2711508,Monterey,24.91191956753202,-121.681789,36.744148,dry,0.0,79.23750667572023,151.53327037096025,61.24428542455038,114.00761893817356,64.07499833405018,159.3199963029474,69.93129867315292,132.36049795150757,79.23750667572023,151.53327037096025,61.12999963760376,113.70000004768372,64.07499833405018,159.3199963029474,69.93129867315292,132.36049795150757
2711439,Monterey,1.921739527284276,-121.661088,36.855422,dry,0.0,79.23750667572023,151.53327037096025,99.08000016212463,171.910001039505,68.78499916661531,163.3999965954572,91.63209509849548,192.11849355697632,79.23750667572023,151.53327037096025,99.08000016212463,171.910001039505,68.78499916661531,163.3999965954572,91.63209509849548,192.11849355697632
2717370,Monterey,2.827205779821485,-121.683267,36.849794,dry,0.0,79.23750667572023,151.53327037096025,97.32000231742859,168.8300006389618,68.78499916661531,163.3999965954572,92.7891993522644,183.41999793052673,79.23750667572023,151.53327037096025,97.32000231742859,168.8300006389618,68.78499916661531,163.3999965954572,92.7891993522644,183.41999793052673
2711428,Monterey,10.960907937028606,-121.709757,36.77319,dry,0.0,79.23750667572023,151.53327037096025,67.13000082969666,131.63000082969666,68.87999911978841,172.6099964324385,66.56579145843332,144.79277930259704,79.23750667572023,151.53327037096025,67.13000082969666,131.63000082969666,68.87999911978841,172.6099964324385,67.2044968008995,147.39299750328064
2711415,Monterey,3.877177071235118,-121.734842,36.847143,dry,0.0,79.23750667572023,151.53327037096025,102.02000093460083,175.0899999141693,65.42499778792262,177.3949949434027,76.29919791221619,151.43509650230408,79.23750667572023,151.53327037096025,102.02000093460083,175.0899999141693,65.42499778792262,177.3949949434027,76.29919791221619,151.43509650230408
2711357,Monterey,25.44485523830774,-121.776343,36.743618,dry,0.0,79.23750667572023,151.53327037096025,61.989999771118164,128.52000093460083,68.87999911978841,172.6099964324385,60.22259879112244,122.95959571003914,79.23750667572023,151.53327037096025,61.989999771118164,128.52000093460083,68.87999911978841,172.6099964324385,60.22259879112244,122.95959571003914
2711346,Monterey,2.04188399784352,-121.733987,36.847826,dry,0.0,79.23750667572023,151.53327037096025,102.02000093460083,175.0899999141693,65.42499778792262,177.3949949434027,76.29919791221619,151.43509650230408,79.23750667572023,151.53327037096025,102.02000093460083,175.0899999141693,65.42499778792262,177.3949949434027,76.29919791221619,151.43509650230408
2722377,Monterey,7.922980132111333,-121.707892,36.877882,dry,0.0,79.23750667572023,151.53327037096025,113.64808407235651,191.39170278386868,65.42499778792262,177.3949949434027,96.03489470481873,189.3929944038391,79.23750667572023,151.53327037096025,114.69999885559082,192.58999967575073,65.42499778792262,177.3949949434027,96.03489470481873,189.3929944038391
2711325,Monterey,0.8229619940585153,-121.708906,36.861866,dry,0.0,79.23750667572023,151.53327037096025,99.21000027656555,169.76999819278717,65.42499778792262,177.3949949434027,96.03489470481873,189.3929944038391,79.23750667572023,151.53327037096025,99.21000027656555,169.76999819278717,65.42499778792262,177.3949949434027,96.03489470481873,189.3929944038391
2711313,Monterey,2.197143631597433,-121.741747,36.844497,dry,0.0,79.23750667572023,151.53327037096025,102.02000093460083,175.0899999141693,65.42499778792262,177.3949949434027,76.29919791221619,151.43509650230408,79.23750667572023,151.53327037096025,102.02000093460083,175.0899999141693,65.42499778792262,177.3949949434027,76.29919791221619,151.43509650230408
2722378,Monterey,14.932608840824882,-121.766682,36.868401,dry,0.0,79.23750667572023,151.53327037096025,106.87000274658203,187.42000102996826,65.42499778792262,177.3949949434027,92.34999752044678,176.18079566955566,79.23750667572023,151.53327037096025,106.87000274658203,187.42000102996826,65.42499778792262,177.3949949434027,92.34999752044678,176.18079566955566
2711307,Monterey,5.263433733625414,-121.790428,36.824949,dry,0.0,79.23750667572023,151.53327037096025,87.9800009727478,165.24000042676926,65.42499778792262,177.3949949434027,85.13939964771271,163.0049946308136,79.23750667572023,151.53327037096025,87.9800009727478,165.24000042676926,65.42499778792262,177.3949949434027,85.13939964771271,163.0049946308136
2722379,Monterey,22.200284529200736,-121.659098,36.912608,dry,0.0,79.23750667572023,151.53327037096025,110.05243950355344,193.2043893744306,66.27499858662486,167.63999602384865,107.02599740028381,207.34269618988037,79.23750667572023,151.53327037096025,107.55000066757202,188.88000011444092,66.27499858662486,167.63999602384865,107.02599740028381,207.34269618988037
2717371,Monterey,2.017837326612885,-121.703976,36.865775,dry,0.0,79.23750667572023,151.53327037096025,99.21000027656555,169.76999819278717,65.42499778792262,177.3949949434027,96.03489470481873,189.3929944038391,79.23750667572023,151.53327037096025,99.21000027656555,169.76999819278717,65.42499778792262,177.3949949434027,96.03489470481873,189.3929944038391
2711280,Monterey,4.369738833262457,-121.706241,36.76668,dry,0.0,79.23750667572023,151.53327037096025,63.55000138282776,122.88000130653381,68.87999911978841,172.6099964324385,62.81339757144451,129.51649737358093,79.23750667572023,151.53327037096025,63.55000138282776,122.88000130653381,68.87999911978841,172.6099964324385,62.81339757144451,129.51649737358093
2711279,Monterey,11.18211232115896,-121.708618,36.767498,dry,0.0,79.23750667572023,151.53327037096025,64.34339409640857,124.75017975483621,68.87999911978841,172.6099964324385,62.81339757144451,129.51649737358093,79.23750667572023,151.53327037096025,63.55000138282776,122.88000130653381,68.87999911978841,172.6099964324385,62.81339757144451,129.51649737358093
2711266,Monterey,5.142042571055012,-121.782882,36.842099,dry,0.0,79.23750667572023,151.53327037096025,96.91000127792358,175.61999958753586,65.42499778792262,177.3949949434027,85.13939964771271,163.0049946308136,79.23750667572023,151.53327037096025,96.91000127792358,175.61999958753586,65.42499778792262,177.3949949434027,85.13939964771271,163.0049946308136
2711257,Monterey,10.873635983133992,-121.753196,36.694205,dry,0.0,79.23750667572023,151.53327037096025,58.16724034835552,115.36568892413172,74.6749985376373,169.58999579306692,57.39879907667637,115.37749803066254,79.23750667572023,151.53327037096025,59.209999084472656,119.01999866962433,74.6749985376373,169.58999579306692,57.39879907667637,115.37749803066254
2711249,Monterey,2.5840113023004454,-121.660229,36.85378,dry,0.0,79.23750667572023,151.53327037096025,99.08000016212463,171.910001039505,68.78499916661531,163.3999965954572,91.63209509849548,192.11849355697632,79.23750667572023,151.53327037096025,99.08000016212463,171.910001039505,68.78499916661531,163.3999965954572,91.63209509849548,192.11849355697632
2711220,Monterey,1.1119111141920877,-121.697491,36.814204,dry,0.0,79.23750667572023,151.53327037096025,89.99999809265137,162.97999954223633,68.78499916661531,163.3999965954572,84.8016973733902,168.91129660606384,79.23750667572023,151.53327037096025,89.99999809265137,162.97999954223633,68.78499916661531,163.3999965954572,84.8016973733902,168.91129660606384
2711217,Monterey,2.926813566998513,-121.712158,36.862992,dry,0.0,79.23750667572023,151.53327037096025,99.21000027656555,169.76999819278717,65.42499778792262,177.3949949434027,96.03489470481873,189.3929944038391,79.23750667572023,151.53327037096025,99.21000027656555,169.76999819278717,65.42499778792262,177.3949949434027,96.03489470481873,189.3929944038391
2711170,Monterey,1.090110721423271,-121.661561,36.855839,dry,0.0,79.23750667572023,151.53327037096025,99.08000016212463,171.910001039505,68.78499916661531,163.3999965954572,91.63209509849548,192.11849355697632,79.23750667572023,151.53327037096025,99.08000016212463,171.910001039505,68.78499916661531,163.3999965954572,91.63209509849548,192.11849355697632
2711157,Monterey,17.602956581433006,-121.683819,36.7403,dry,0.0,79.23750667572023,151.53327037096025,61.12999963760376,113.70000004768372,64.07499833405018,159.3199963029474,69.93129867315292,132.36049795150757,79.23750667572023,151.53327037096025,61.12999963760376,113.70000004768372,64.07499833405018,159.3199963029474,69.93129867315292,132.36049795150757
2711142,Monterey,21.715202163085344,-121.76318,36.862511,dry,0.0,79.23750667572023,151.53327037096025,105.30727439793672,184.80545579303393,65.42499778792262,177.3949949434027,92.34999752044678,176.18079566955566,79.23750667572023,151.53327037096025,106.87000274658203,187.42000102996826,65.42499778792262,177.3949949434027,92.34999752044678,176.18079566955566
2711125,Monterey,9.115429530410072,-121.713146,36.770828,dry,0.0,79.23750667572023,151.53327037096025,67.13000082969666,131.63000082969666,68.87999911978841,172.6099964324385,62.81339757144451,129.51649737358093,79.23750667572023,151.53327037096025,67.13000082969666,131.63000082969666,68.87999911978841,172.6099964324385,62.81339757144451,129.51649737358093
2724023,Monterey,31.63939497191216,-121.707656,36.783642,dry,0.0,79.23750667572023,151.53327037096025,76.26545471711593,137.56218194961548,68.87999911978841,172.6099964324385,67.2044968008995,147.39299750328064,79.23750667572023,151.53327037096025,76.30000019073486,137.60000014305115,68.87999911978841,172.6099964324385,67.2044968008995,147.39299750328064
2711008,Monterey,20.216153418578447,-121.774311,36.82949,dry,0.0,79.23750667572023,151.53327037096025,91.38685840197974,165.0008556382997,65.42499778792262,177.3949949434027,85.13939964771271,163.0049946308136,79.23750667572023,151.53327037096025,91.54000115394592,165.06999844312668,65.42499778792262,177.3949949434027,85.13939964771271,163.0049946308136
2711004,Monterey,1.8911157919369737,-121.660596,36.854396,dry,0.0,79.23750667572023,151.53327037096025,99.08000016212463,171.910001039505,68.78499916661531,163.3999965954572,91.63209509849548,192.11849355697632,79.23750667572023,151.53327037096025,99.08000016212463,171.910001039505,68.78499916661531,163.3999965954572,91.63209509849548,192.11849355697632
2710952,Monterey,4.526566665606102,-121.711179,36.769717,dry,0.0,79.23750667572023,151.53327037096025,67.13000082969666,131.63000082969666,68.87999911978841,172.6099964324385,62.81339757144451,129.51649737358093,79.23750667572023,151.53327037096025,67.13000082969666,131.63000082969666,68.87999911978841,172.6099964324385,62.81339757144451,129.51649737358093
2710874,Monterey,2.058315704718784,-121.718559,36.805091,dry,0.0,79.23750667572023,151.53327037096025,82.45999813079834,147.61999988555908,65.42499778792262,177.3949949434027,67.2044968008995,147.39299750328064,79.23750667572023,151.53327037096025,82.45999813079834,147.61999988555908,65.42499778792262,177.3949949434027,67.2044968008995,147.39299750328064
2710871,Monterey,1.901714328605502,-121.661614,36.858939,dry,0.0,79.23750667572023,151.53327037096025,95.77000117301941,166.80000114440918,68.78499916661531,163.3999965954572,91.63209509849548,192.11849355697632,79.23750667572023,151.53327037096025,95.77000117301941,166.80000114440918,68.78499916661531,163.3999965954572,91.63209509849548,192.11849355697632
2716684,Monterey,19.571029208234854,-121.782435,36.835137,dry,0.0,79.23750667572023,151.53327037096025,92.25999999046326,168.65999814867973,65.42499778792262,177.3949949434027,85.13939964771271,163.0049946308136,79.23750667572023,151.53327037096025,92.25999999046326,168.65999814867973,65.42499778792262,177.3949949434027,85.13939964771271,163.0049946308136
2710817,Monterey,3.954807793615979,-121.673082,36.867382,dry,0.0,79.23750667572023,151.53327037096025,100.97000026702881,174.8200011253357,68.78499916661531,163.3999965954572,91.63209509849548,192.11849355697632,79.23750667572023,151.53327037096025,100.97000026702881,174.8200011253357,68.78499916661531,163.3999965954572,91.63209509849548,192.11849355697632
2716688,Monterey,10.653481193647396,-121.752924,36.750613,dry,0.0,79.23750667572023,151.53327037096025,62.848180094632234,127.8350903597745,68.87999911978841,172.6099964324385,60.21640041237697,124.70359752327204,79.23750667572023,151.53327037096025,63.01999807357788,128.37999939918518,68.87999911978841,172.6099964324385,60.21640041237697,124.70359752327204
2710778,Monterey,12.698248647252012,-121.675091,36.749982,dry,0.0,79.23750667572023,151.53327037096025,63.33999848365784,118.67999935150146,64.07499833405018,159.3199963029474,69.93129867315292,132.36049795150757,79.23750667572023,151.53327037096025,63.33999848365784,118.67999935150146,64.07499833405018,159.3199963029474,69.93129867315292,132.36049795150757
2710777,Monterey,3.3306001488517354,-121.708682,36.764335,dry,0.0,79.23750667572023,151.53327037096025,63.55000138282776,122.88000130653381,68.87999911978841,172.6099964324385,62.81339757144451,129.51649737358093,79.23750667572023,151.53327037096025,63.55000138282776,122.88000130653381,68.87999911978841,172.6099964324385,62.81339757144451,129.51649737358093
2725641,Monterey,9.612064079184949,-121.714518,36.764463,dry,0.0,79.23750667572023,151.53327037096025,63.55000138282776,122.88000130653381,68.87999911978841,172.6099964324385,62.81339757144451,129.51649737358093,79.23750667572023,151.53327037096025,63.55000138282776,122.88000130653381,68.87999911978841,172.6099964324385,62.81339757144451,129.51649737358093
2710745,Monterey,1.0516886647587858,-121.718972,36.815972,dry,0.0,79.23750667572023,151.53327037096025,86.9600019454956,155.6200020313263,65.42499778792262,177.3949949434027,84.8016973733902,168.91129660606384,79.23750667572023,151.53327037096025,86.9600019454956,155.6200020313263,65.42499778792262,177.3949949434027,84.8016973733902,168.91129660606384
2710727,Monterey,1.711032040439928,-121.703115,36.863502,dry,0.0,79.23750667572023,151.53327037096025,100.98000192642212,172.22999906539917,65.42499778792262,177.3949949434027,96.03489470481873,189.3929944038391,79.23750667572023,151.53327037096025,100.98000192642212,172.22999906539917,65.42499778792262,177.3949949434027,96.03489470481873,189.3929944038391
2710718,Monterey,2.261281522764656,-121.78131,36.841281,dry,0.0,79.23750667572023,151.53327037096025,96.91000127792358,175.61999958753586,65.42499778792262,177.3949949434027,85.13939964771271,163.0049946308136,79.23750667572023,151.53327037096025,96.91000127792358,175.61999958753586,65.42499778792262,177.3949949434027,85.13939964771271,163.0049946308136
2725642,Monterey,17.725078748336983,-121.668958,36.742454,dry,0.0,79.23750667572023,151.53327037096025,62.059999227523804,115.05999946594238,64.07499833405018,159.3199963029474,69.93129867315292,132.36049795150757,79.23750667572023,151.53327037096025,62.059999227523804,115.05999946594238,64.07499833405018,159.3199963029474,69.93129867315292,132.36049795150757
2710671,Monterey,11.0154350615286,-121.733251,36.790912,dry,0.0,79.23750667572023,151.53327037096025,75.49999809265137,139.49000000953674,68.87999911978841,172.6099964324385,61.84649868309498,132.33949756622314,79.23750667572023,151.53327037096025,75.49999809265137,139.49000000953674,68.87999911978841,172.6099964324385,61.84649868309498,132.33949756622314
2710556,Monterey,2.0433331165097965,-121.71258,36.876622,dry,0.0,79.23750667572023,151.53327037096025,111.60999917984009,189.07000255584717,65.42499778792262,177.3949949434027,96.03489470481873,189.3929944038391,79.23750667572023,151.53327037096025,111.60999917984009,189.07000255584717,65.42499778792262,177.3949949434027,96.03489470481873,189.3929944038391
2716709,Monterey,10.71836516696555,-121.701598,36.733571,dry,0.0,79.23750667572023,151.53327037096025,59.81999850273132,113.22999954223633,68.87999911978841,172.6099964324385,62.81339757144451,129.51649737358093,79.23750667572023,151.53327037096025,59.81999850273132,113.22999954223633,68.87999911978841,172.6099964324385,62.81339757144451,129.51649737358093
2710541,Monterey,2.511397992744971,-121.705887,36.874665,dry,0.0,79.23750667572023,151.53327037096025,107.91000032424927,183.08999955654144,65.42499778792262,177.3949949434027,96.03489470481873,189.3929944038391,79.23750667572023,151.53327037096025,107.91000032424927,183.08999955654144,65.42499778792262,177.3949949434027,96.03489470481873,189.3929944038391
2710474,Monterey,2.128825027602002,-121.692394,36.856993,dry,0.0,79.23750667572023,151.53327037096025,96.6399998664856,166.68999886512756,68.78499916661531,163.3999965954572,96.03489470481873,189.3929944038391,79.23750667572023,151.53327037096025,96.6399998664856,166.68999886512756,68.78499916661531,163.3999965954572,96.03489470481873,189.3929944038391
2710447,Monterey,1.2532109934438456,-121.716329,36.878842,dry,0.0,79.23750667572023,151.53327037096025,111.60999917984009,189.07000255584717,65.42499778792262,177.3949949434027,96.03489470481873,189.3929944038391,79.23750667572023,151.53327037096025,111.60999917984009,189.07000255584717,65.42499778792262,177.3949949434027,96.03489470481873,189.3929944038391
2710380,Monterey,2.629401030257703,-121.736646,36.846652,dry,0.0,79.23750667572023,151.53327037096025,102.02000093460083,175.0899999141693,65.42499778792262,177.3949949434027,76.29919791221619,151.43509650230408,79.23750667572023,151.53327037096025,102.02000093460083,175.0899999141693,65.42499778792262,177.3949949434027,76.29919791221619,151.43509650230408
2722398,Monterey,16.12268072725675,-121.72543,36.908257,dry,0.0,79.23750667572023,151.53327037096025,106.80275827029656,189.38896326361032,69.51999836880714,182.43499598558992,104.31609773635864,198.88559532165527,79.23750667572023,151.53327037096025,106.84999966621399,189.35999763011932,69.51999836880714,182.43499598558992,104.31609773635864,198.88559532165527
2722399,Monterey,14.706905707924028,-121.7279,36.90561,dry,0.0178306639043422,79.23750667572023,151.53327037096025,105.47999918460846,190.20000100135803,69.51999836880714,182.43499598558992,104.31609773635864,198.88559532165527,79.23750667572023,151.53327037096025,105.47999918460846,190.20000100135803,69.51999836880714,182.43499598558992,104.31609773635864,198.88559532165527
2717393,Monterey,5.821294684155544,-121.675613,36.888223,dry,0.0,79.23750667572023,151.53327037096025,103.75999915599823,177.41000032424927,68.78499916661531,163.3999965954572,91.63209509849548,192.11849355697632,79.23750667572023,151.53327037096025,103.75999915599823,177.41000032424927,68.78499916661531,163.3999965954572,91.63209509849548,192.11849355697632
2710197,Monterey,4.261715624174822,-121.711092,36.864969,dry,0.0,79.23750667572023,151.53327037096025,99.21000027656555,169.76999819278717,65.42499778792262,177.3949949434027,96.03489470481873,189.3929944038391,79.23750667572023,151.53327037096025,99.21000027656555,169.76999819278717,65.42499778792262,177.3949949434027,96.03489470481873,189.3929944038391
2710196,Monterey,2.7345459652768813,-121.709937,36.864969,dry,0.0,79.23750667572023,151.53327037096025,99.21000027656555,169.76999819278717,65.42499778792262,177.3949949434027,96.03489470481873,189.3929944038391,79.23750667572023,151.53327037096025,99.21000027656555,169.76999819278717,65.42499778792262,177.3949949434027,96.03489470481873,189.3929944038391
2710195,Monterey,0.6868459026286733,-121.712034,36.864185,dry,0.0,79.23750667572023,151.53327037096025,99.21000027656555,169.76999819278717,65.42499778792262,177.3949949434027,96.03489470481873,189.3929944038391,79.23750667572023,151.53327037096025,99.21000027656555,169.76999819278717,65.42499778792262,177.3949949434027,96.03489470481873,189.3929944038391
2710144,Monterey,0.2844940145426679,-121.787931,36.853086,dry,0.0,79.23750667572023,151.53327037096025,101.1399998664856,182.22999954223633,65.42499778792262,177.3949949434027,85.13939964771271,163.0049946308136,79.23750667572023,151.53327037096025,101.1399998664856,182.22999954223633,65.42499778792262,177.3949949434027,85.13939964771271,163.0049946308136
2716721,Monterey,137.86475955195763,-121.776141,36.84208,dry,0.0,79.23750667572023,151.53327037096025,98.06882710097224,175.1513270582567,65.42499778792262,177.3949949434027,85.13939964771271,163.0049946308136,79.23750667572023,151.53327037096025,100.85999989509583,179.09000274538994,65.42499778792262,177.3949949434027,85.13939964771271,163.0049946308136
2724028,Monterey,4.1780900766337385,-121.717063,36.80226,dry,0.0,79.23750667572023,151.53327037096025,82.6520001411438,147.72799930572512,65.42499778792262,177.3949949434027,67.2044968008995,147.39299750328064,79.23750667572023,151.53327037096025,84.36000108718872,150.33999872207642,65.42499778792262,177.3949949434027,67.2044968008995,147.39299750328064
2722409,Monterey,6.040775765229514,-121.698044,36.776638,dry,0.0,79.23750667572023,151.53327037096025,67.62000036239624,131.54000043869019,64.2351650269081,159.7629963072638,67.2044968008995,147.39299750328064,79.23750667572023,151.53327037096025,67.62000036239624,131.54000043869019,64.07499833405018,159.3199963029474,67.2044968008995,147.39299750328064
2709934,Monterey,9.599373821295927,-121.712848,36.764964,dry,0.0,79.23750667572023,151.53327037096025,63.55000138282776,122.88000130653381,68.87999911978841,172.6099964324385,62.81339757144451,129.51649737358093,79.23750667572023,151.53327037096025,63.55000138282776,122.88000130653381,68.87999911978841,172.6099964324385,62.81339757144451,129.51649737358093
2709896,Monterey,10.77164048572766,-121.703033,36.757654,dry,0.0,79.23750667572023,151.53327037096025,62.0220693144305,117.81517311622358,68.87999911978841,172.6099964324385,62.81339757144451,129.51649737358093,79.23750667572023,151.53327037096025,62.08000063896179,117.60000085830688,68.87999911978841,172.6099964324385,62.81339757144451,129.51649737358093
2724031,Monterey,20.503003065456976,-121.731692,36.740379,dry,0.0,79.23750667572023,151.53327037096025,60.420755089453934,119.14547215767627,68.87999911978841,172.6099964324385,60.63289995675572,125.47547768794422,79.23750667572023,151.53327037096025,60.40000009536743,119.71000051498413,68.87999911978841,172.6099964324385,60.21640041237697,124.70359752327204
2716727,Monterey,70.38549377904137,-121.78968,36.714725,dry,0.0,79.23750667572023,151.53327037096025,59.89869384898079,125.31219338609112,68.87999911978841,172.6099964324385,52.11849948763847,110.21159622073174,79.23750667572023,151.53327037096025,60.219998836517334,126.24999761581421,68.87999911978841,172.6099964324385,52.11849948763847,110.21159622073174
2717405,Monterey,12.119185054859525,-121.742783,36.69445,dry,0.0,79.23750667572023,151.53327037096025,56.08000183105469,106.24999958276749,74.6749985376373,169.58999579306692,57.39879907667637,115.37749803066254,79.23750667572023,151.53327037096025,56.08000183105469,106.24999958276749,74.6749985376373,169.58999579306692,57.39879907667637,115.37749803066254
2722429,Monterey,25.995723880290065,-121.7453,36.688447,dry,0.0,79.23750667572023,151.53327037096025,55.97000074386597,107.3200011253357,74.6749985376373,169.58999579306692,57.635169206229776,115.35588309328062,79.23750667572023,151.53327037096025,55.97000074386597,107.3200011253357,74.6749985376373,169.58999579306692,57.39879907667637,115.37749803066254
2725644,Monterey,31.56257191973589,-121.725941,36.65785,dry,0.0,79.23750667572023,151.53327037096025,53.03999996185303,95.3199999332428,74.6749985376373,169.58999579306692,66.03359851241112,122.27209771797061,79.23750667572023,151.53327037096025,53.03999996185303,95.3199999332428,74.6749985376373,169.58999579306692,66.03359851241112,122.27209771797061
2725645,Monterey,24.049434339294702,-121.723783,36.65635,dry,0.0,79.23750667572023,151.53327037096025,53.03999996185303,95.3199999332428,74.6749985376373,169.58999579306692,66.03359851241112,122.27209771797061,79.23750667572023,151.53327037096025,53.03999996185303,95.3199999332428,74.6749985376373,169.58999579306692,66.03359851241112,122.27209771797061
2722433,Monterey,5.650025344744787,-121.705188,36.646167,dry,0.0,79.23750667572023,151.53327037096025,53.32000017166138,92.58999943733215,74.6749985376373,169.58999579306692,68.04534221972737,129.15189079966927,79.23750667572023,151.53327037096025,53.32000017166138,92.58999943733215,74.6749985376373,169.58999579306692,68.59399959445,131.02819800376892
2716751,Monterey,31.365778870105363,-121.762718,36.886405,reference (flooded),0.5203633528726787,79.23750667572023,151.53327037096025,104.93818084687898,187.11763763499982,65.42499778792262,177.3949949434027,92.34999752044678,176.18079566955566,79.23750667572023,151.53327037096025,104.87999892234802,187.33000147342682,65.42499778792262,177.3949949434027,92.34999752044678,176.18079566955566
2717419,Monterey,16.72623353452814,-121.758942,36.743643,dry,0.0,79.23750667572023,151.53327037096025,61.633678217043816,126.27137912552931,68.87999911978841,172.6099964324385,60.21640041237697,124.70359752327204,79.23750667572023,151.53327037096025,61.59000015258789,126.42999982833862,68.87999911978841,172.6099964324385,60.21640041237697,124.70359752327204
2715561,Monterey,3.251090437067629,-121.673066,36.889848,dry,0.0,79.23750667572023,151.53327037096025,102.78000104427338,177.5599982738495,68.78499916661531,163.3999965954572,91.63209509849548,192.11849355697632,79.23750667572023,151.53327037096025,102.78000104427338,177.5599982738495,68.78499916661531,163.3999965954572,91.63209509849548,192.11849355697632
2725649,Monterey,52.22916001403509,-121.687364,36.669913,dry,0.0,79.23750667572023,151.53327037096025,54.095019038218375,93.11173496426275,69.01499871443957,159.37999580148607,66.9344288784378,122.2354125058173,79.23750667572023,151.53327037096025,54.06000018119812,93.57999873161316,69.01499871443957,159.37999580148607,66.03359851241112,122.27209771797061
2716834,Monterey,8.650024999720848,-121.711118,36.87842,dry,0.0,79.23750667572023,151.53327037096025,111.60999917984009,189.07000255584717,65.42499778792262,177.3949949434027,96.03489470481873,189.3929944038391,79.23750667572023,151.53327037096025,111.60999917984009,189.07000255584717,65.42499778792262,177.3949949434027,96.03489470481873,189.3929944038391
2716851,Monterey,5.696582023049518,-121.792679,36.713322,dry,0.0,79.23750667572023,151.53327037096025,59.39741920655773,124.01451645358917,68.87999911978841,172.6099964324385,52.11849948763847,110.21159622073174,79.23750667572023,151.53327037096025,59.36999988555908,123.94000041484833,68.87999911978841,172.6099964324385,52.11849948763847,110.21159622073174
2716852,Monterey,61.48503983946724,-121.791384,36.707249,dry,0.0,79.23750667572023,151.53327037096025,59.1525158162387,123.10726454123012,68.87999911978841,172.6099964324385,52.11849948763847,110.21159622073174,79.23750667572023,151.53327037096025,59.36999988555908,123.94000041484833,68.87999911978841,172.6099964324385,52.11849948763847,110.21159622073174
2722459,Monterey,20.91244610727785,-121.763604,36.831929,dry,0.0,79.23750667572023,151.53327037096025,92.16471783620007,165.47263980361652,65.42499778792262,177.3949949434027,76.29919791221619,151.43509650230408,79.23750667572023,151.53327037096025,91.54000115394592,165.06999844312668,65.42499778792262,177.3949949434027,76.29919791221619,151.43509650230408
2724038,Monterey,29.610131730592567,-121.677283,36.639841,dry,0.0260730044123545,79.23750667572023,151.53327037096025,54.01529402514688,89.53529433954776,69.01499871443957,159.37999580148607,71.37129786610603,131.64919638633728,79.23750667572023,151.53327037096025,53.9399995803833,90.10000038146973,69.01499871443957,159.37999580148607,71.37129786610603,131.64919638633728
2701237,Monterey,4.029437680099382,-121.706672,36.869978,dry,0.0,79.23750667572023,151.53327037096025,107.91000032424927,183.08999955654144,65.42499778792262,177.3949949434027,96.03489470481873,189.3929944038391,79.23750667572023,151.53327037096025,107.91000032424927,183.08999955654144,65.42499778792262,177.3949949434027,96.03489470481873,189.3929944038391
2701238,Monterey,1.5171427263034514,-121.712401,36.850114,dry,0.0,79.23750667572023,151.53327037096025,103.60999822616577,175.35000038146973,65.42499778792262,177.3949949434027,84.8016973733902,168.91129660606384,79.23750667572023,151.53327037096025,103.60999822616577,175.35000038146973,65.42499778792262,177.3949949434027,84.8016973733902,168.91129660606384
2701322,Monterey,12.596537504841695,-121.736586,36.683444,dry,0.0,79.23750667572023,151.53327037096025,55.43000030517578,103.42000004649162,74.6749985376373,169.58999579306692,58.28349870443344,115.29659640789032,79.23750667572023,151.53327037096025,55.43000030517578,103.42000004649162,74.6749985376373,169.58999579306692,58.28349870443344,115.29659640789032
2701363,Monterey,0.962427850517218,-121.721421,36.866519,dry,0.0,79.23750667572023,151.53327037096025,103.25000143051147,176.77999866008759,65.42499778792262,177.3949949434027,96.03489470481873,189.3929944038391,79.23750667572023,151.53327037096025,103.25000143051147,176.77999866008759,65.42499778792262,177.3949949434027,96.03489470481873,189.3929944038391
2701386,Monterey,1.0430166346941248,-121.718616,36.816151,dry,0.0,79.23750667572023,151.53327037096025,86.9600019454956,155.6200020313263,65.42499778792262,177.3949949434027,84.8016973733902,168.91129660606384,79.23750667572023,151.53327037096025,86.9600019454956,155.6200020313263,65.42499778792262,177.3949949434027,84.8016973733902,168.91129660606384
2701410,Monterey,8.8333524820074,-121.754785,36.695315,dry,0.0,79.23750667572023,151.53327037096025,58.6256511937017,116.97217291852702,74.6749985376373,169.58999579306692,57.39879907667637,115.37749803066254,79.23750667572023,151.53327037096025,59.209999084472656,119.01999866962433,74.6749985376373,169.58999579306692,57.39879907667637,115.37749803066254
2725653,Monterey,14.44543214451881,-121.704242,36.738362,dry,0.0,79.23750667572023,151.53327037096025,59.81999850273132,113.22999954223633,68.87999911978841,172.6099964324385,62.81339757144451,129.51649737358093,79.23750667572023,151.53327037096025,59.81999850273132,113.22999954223633,68.87999911978841,172.6099964324385,62.81339757144451,129.51649737358093
2701444,Monterey,0.620234636702974,-121.720768,36.815876,dry,0.0,79.23750667572023,151.53327037096025,86.9600019454956,155.6200020313263,65.42499778792262,177.3949949434027,84.8016973733902,168.91129660606384,79.23750667572023,151.53327037096025,86.9600019454956,155.6200020313263,65.42499778792262,177.3949949434027,84.8016973733902,168.91129660606384
2724039,Monterey,0.7587704939773615,-121.780294,36.840307,dry,0.0,79.23750667572023,151.53327037096025,96.91000127792358,175.61999958753586,65.42499778792262,177.3949949434027,85.13939964771271,163.0049946308136,79.23750667572023,151.53327037096025,96.91000127792358,175.61999958753586,65.42499778792262,177.3949949434027,85.13939964771271,163.0049946308136
2701609,Monterey,12.646125859389564,-121.669337,36.748661,dry,0.0,79.23750667572023,151.53327037096025,62.059999227523804,115.05999946594238,64.07499833405018,159.3199963029474,69.93129867315292,132.36049795150757,79.23750667572023,151.53327037096025,62.059999227523804,115.05999946594238,64.07499833405018,159.3199963029474,69.93129867315292,132.36049795150757
2701670,Monterey,80.044900558171,-121.768823,36.778349,dry,0.0,79.23750667572023,151.53327037096025,72.46971009372221,140.61273519352042,68.87999911978841,172.6099964324385,63.07164141373398,133.6102150115782,79.23750667572023,151.53327037096025,73.06000018119812,141.3699986934662,68.87999911978841,172.6099964324385,61.84649868309498,132.33949756622314
2724040,Monterey,3.145679804084608,-121.717322,36.803355,dry,0.0,79.23750667572023,151.53327037096025,81.91999973569597,146.60857098443168,65.42499778792262,177.3949949434027,67.2044968008995,147.39299750328064,79.23750667572023,151.53327037096025,80.08999872207642,143.81000018119812,65.42499778792262,177.3949949434027,67.2044968008995,147.39299750328064
2724041,Monterey,3.476031851216971,-121.719936,36.857976,dry,0.0,79.23750667572023,151.53327037096025,99.10000038146973,170.55999755859375,65.42499778792262,177.3949949434027,96.03489470481873,189.3929944038391,79.23750667572023,151.53327037096025,99.10000038146973,170.55999755859375,65.42499778792262,177.3949949434027,96.03489470481873,189.3929944038391
2700794,Monterey,9.950837544561177,-121.713184,36.859484,dry,0.0,79.23750667572023,151.53327037096025,99.13055590788522,170.34055329031415,65.42499778792262,177.3949949434027,96.03489470481873,189.3929944038391,79.23750667572023,151.53327037096025,99.10000038146973,170.55999755859375,65.42499778792262,177.3949949434027,96.03489470481873,189.3929944038391
2717065,Monterey,11.19051590231386,-121.750683,36.751573,dry,0.0,79.23750667572023,151.53327037096025,63.01999807357788,128.37999939918518,68.87999911978841,172.6099964324385,60.21640041237697,124.70359752327204,79.23750667572023,151.53327037096025,63.01999807357788,128.37999939918518,68.87999911978841,172.6099964324385,60.21640041237697,124.70359752327204
2725654,Monterey,53.43644554735408,-121.729089,36.67679,dry,0.0,79.23750667572023,151.53327037096025,54.81950685852452,100.78348726068477,74.6749985376373,169.58999579306692,64.19804855789009,120.62000530242528,79.23750667572023,151.53327037096025,54.72000026702881,100.40000049769878,74.6749985376373,169.58999579306692,66.03359851241112,122.27209771797061
2700381,Monterey,3.847826389837165,-121.70742,36.870095,dry,0.0,79.23750667572023,151.53327037096025,107.91000032424927,183.08999955654144,65.42499778792262,177.3949949434027,96.03489470481873,189.3929944038391,79.23750667572023,151.53327037096025,107.91000032424927,183.08999955654144,65.42499778792262,177.3949949434027,96.03489470481873,189.3929944038391
2725655,Monterey,43.691069343851005,-121.782502,36.824745,dry,0.0,79.23750667572023,151.53327037096025,88.86000299453735,163.85999935865402,65.42499778792262,177.3949949434027,85.13939964771271,163.0049946308136,79.23750667572023,151.53327037096025,88.86000299453735,163.85999935865402,65.42499778792262,177.3949949434027,85.13939964771271,163.0049946308136
2700333,Monterey,3.8721070760678273,-121.717493,36.878461,dry,0.0,79.23750667572023,151.53327037096025,110.71400086879731,188.67799900770189,65.42499778792262,177.3949949434027,96.03489470481873,189.3929944038391,79.23750667572023,151.53327037096025,110.33000159263611,188.50999748706818,65.42499778792262,177.3949949434027,96.03489470481873,189.3929944038391
2717075,Monterey,5.613240067188873,-121.738902,36.895714,dry,0.0,79.23750667572023,151.53327037096025,104.70000076293945,186.07000267505646,65.42499778792262,177.3949949434027,101.1646978855133,198.14249396324158,79.23750667572023,151.53327037096025,104.70000076293945,186.07000267505646,65.42499778792262,177.3949949434027,101.1646978855133,198.14249396324158
2700174,Monterey,6.42463421155437,-121.77731,36.698468,dry,0.0,79.23750667572023,151.53327037096025,59.45000076293945,122.15000081062317,74.6749985376373,169.58999579306692,52.11849948763847,110.21159622073174,79.23750667572023,151.53327037096025,59.45000076293945,122.15000081062317,74.6749985376373,169.58999579306692,52.11849948763847,110.21159622073174
2700134,Monterey,13.408162247270182,-121.704881,36.870227,dry,0.0,79.23750667572023,151.53327037096025,108.01200026784623,183.1868571077074,65.42499778792262,177.3949949434027,96.03489470481873,189.3929944038391,79.23750667572023,151.53327037096025,107.91000032424927,183.08999955654144,65.42499778792262,177.3949949434027,96.03489470481873,189.3929944038391
2700019,Monterey,1.1306564569040782,-121.732767,36.847878,dry,0.0,79.23750667572023,151.53327037096025,102.02000093460083,175.0899999141693,65.42499778792262,177.3949949434027,76.29919791221619,151.43509650230408,79.23750667572023,151.53327037096025,102.02000093460083,175.0899999141693,65.42499778792262,177.3949949434027,76.29919791221619,151.43509650230408
2715699,Monterey,33.226251063354376,-121.723542,36.817178,dry,0.0,79.23750667572023,151.53327037096025,86.26488462896906,153.83147103225485,65.42499778792262,177.3949949434027,84.8016973733902,168.91129660606384,79.23750667572023,151.53327037096025,85.6100025177002,152.71000003814697,65.42499778792262,177.3949949434027,84.8016973733902,168.91129660606384
2715487,Monterey,0.6039514593404626,-121.721275,36.815692,dry,0.0,79.23750667572023,151.53327037096025,86.9600019454956,155.6200020313263,65.42499778792262,177.3949949434027,84.8016973733902,168.91129660606384,79.23750667572023,151.53327037096025,86.9600019454956,155.6200020313263,65.42499778792262,177.3949949434027,84.8016973733902,168.91129660606384
2715349,Monterey,15.037825857555694,-121.68839,36.72975,dry,0.0,79.23750667572023,151.53327037096025,59.459999799728394,110.32000172138214,64.07499833405018,159.3199963029474,62.81339757144451,129.51649737358093,79.23750667572023,151.53327037096025,59.459999799728394,110.32000172138214,64.07499833405018,159.3199963029474,62.81339757144451,129.51649737358093
2715312,Monterey,1.9687597735437972,-121.798613,36.861955,dry,0.0097568652136281,79.23750667572023,151.53327037096025,99.63700053691863,184.65700111538172,67.47249841103331,190.25599607331677,97.86939859390259,183.5908932685852,79.23750667572023,151.53327037096025,99.50000047683716,184.72000133991241,67.69999848026782,191.6849961988628,97.86939859390259,183.5908932685852
2715289,Monterey,3.733115131130278,-121.667927,36.761944,dry,0.0,79.23750667572023,151.53327037096025,64.00421074817055,120.07368383909528,64.07499833405018,159.3199963029474,69.93129867315292,132.36049795150757,79.23750667572023,151.53327037096025,63.12000119686127,117.75999999046326,64.07499833405018,159.3199963029474,69.93129867315292,132.36049795150757
2715279,Monterey,7.448526753282135,-121.718293,36.78482,dry,0.0,79.23750667572023,151.53327037096025,74.39999914169312,135.51999950408936,68.87999911978841,172.6099964324385,67.2044968008995,147.39299750328064,79.23750667572023,151.53327037096025,74.39999914169312,135.51999950408936,68.87999911978841,172.6099964324385,67.2044968008995,147.39299750328064
2724859,Monterey,12.77079384326816,-121.78662,36.881433,partial,0.1993154882910874,79.23750667572023,151.53327037096025,104.3550005609339,189.64954451539302,65.42499778792262,177.3949949434027,97.86939859390259,183.5908932685852,79.23750667572023,151.53327037096025,104.39000058174133,189.82999908924103,65.42499778792262,177.3949949434027,97.86939859390259,183.5908932685852
2715138,Monterey,1.305051003444871,-121.684071,36.850268,dry,0.0,79.23750667572023,151.53327037096025,97.32000231742859,168.8300006389618,68.78499916661531,163.3999965954572,92.7891993522644,183.41999793052673,79.23750667572023,151.53327037096025,97.32000231742859,168.8300006389618,68.78499916661531,163.3999965954572,92.7891993522644,183.41999793052673
2722472,Monterey,23.4687306080105,-121.747656,36.688525,dry,0.0,79.23750667572023,151.53327037096025,55.97000074386597,107.3200011253357,74.6749985376373,169.58999579306692,57.612601486717665,115.35794680515926,79.23750667572023,151.53327037096025,55.97000074386597,107.3200011253357,74.6749985376373,169.58999579306692,57.39879907667637,115.37749803066254
2724045,Monterey,63.32719221253867,-121.671035,36.735035,dry,0.0,79.23750667572023,151.53327037096025,61.01950843933902,112.2069940508509,64.07499833405018,159.3199963029474,69.93129867315292,132.36049795150757,79.23750667572023,151.53327037096025,60.999998807907104,111.78000044822693,64.07499833405018,159.3199963029474,69.93129867315292,132.36049795150757
2725660,Monterey,29.848963364144925,-121.677478,36.712962,dry,0.0,79.23750667572023,151.53327037096025,57.91142899959117,104.49311570378092,64.07499833405018,159.3199963029474,67.50299942493439,118.26299607753754,79.23750667572023,151.53327037096025,57.74000096321106,104.48999834060669,64.07499833405018,159.3199963029474,67.50299942493439,118.26299607753754
2714721,Monterey,2.692169030950903,-121.715878,36.877827,dry,0.0,79.23750667572023,151.53327037096025,111.60999917984009,189.07000255584717,65.42499778792262,177.3949949434027,96.03489470481873,189.3929944038391,79.23750667572023,151.53327037096025,111.60999917984009,189.07000255584717,65.42499778792262,177.3949949434027,96.03489470481873,189.3929944038391
2714686,Monterey,0.9698275132499312,-121.780748,36.840172,dry,0.0,79.23750667572023,151.53327037096025,96.91000127792358,175.61999958753586,65.42499778792262,177.3949949434027,85.13939964771271,163.0049946308136,79.23750667572023,151.53327037096025,96.91000127792358,175.61999958753586,65.42499778792262,177.3949949434027,85.13939964771271,163.0049946308136
2714658,Monterey,2.9189429871873185,-121.683494,36.851117,dry,0.0,79.23750667572023,151.53327037096025,97.32000231742859,168.8300006389618,68.78499916661531,163.3999965954572,92.7891993522644,183.41999793052673,79.23750667572023,151.53327037096025,97.32000231742859,168.8300006389618,68.78499916661531,163.3999965954572,92.7891993522644,183.41999793052673
2714640,Monterey,3.78084850889169,-121.713633,36.876242,dry,0.0,79.23750667572023,151.53327037096025,110.55285664967128,187.36143027033125,65.42499778792262,177.3949949434027,96.03489470481873,189.3929944038391,79.23750667572023,151.53327037096025,111.60999917984009,189.07000255584717,65.42499778792262,177.3949949434027,96.03489470481873,189.3929944038391
2714595,Monterey,2.85702786172935,-121.718823,36.872288,dry,0.0,79.23750667572023,151.53327037096025,103.25000143051147,176.77999866008759,65.42499778792262,177.3949949434027,96.03489470481873,189.3929944038391,79.23750667572023,151.53327037096025,103.25000143051147,176.77999866008759,65.42499778792262,177.3949949434027,96.03489470481873,189.3929944038391
2714538,Monterey,8.647725683319548,-121.754179,36.698189,dry,0.0,79.23750667572023,151.53327037096025,56.969998836517334,111.16999995708466,74.6749985376373,169.58999579306692,57.39879907667637,115.37749803066254,79.23750667572023,151.53327037096025,56.969998836517334,111.16999995708466,74.6749985376373,169.58999579306692,57.39879907667637,115.37749803066254
2714408,Monterey,18.808880112125586,-121.675884,36.771122,dry,0.0,79.23750667572023,151.53327037096025,67.40999913215637,129.47000074386597,64.07499833405018,159.3199963029474,69.93129867315292,132.36049795150757,79.23750667572023,151.53327037096025,67.40999913215637,129.47000074386597,64.07499833405018,159.3199963029474,69.93129867315292,132.36049795150757
2714288,Monterey,2.2558547317644844,-121.700304,36.855363,dry,0.0,79.23750667572023,151.53327037096025,99.1599977016449,168.37999820709229,65.42499778792262,177.3949949434027,96.03489470481873,189.3929944038391,79.23750667572023,151.53327037096025,99.1599977016449,168.37999820709229,65.42499778792262,177.3949949434027,96.03489470481873,189.3929944038391
2717450,Monterey,15.541406083725327,-121.759486,36.739353,dry,0.0,79.23750667572023,151.53327037096025,60.33000087738037,122.63000011444092,68.87999911978841,172.6099964324385,60.21640041237697,124.70359752327204,79.23750667572023,151.53327037096025,60.33000087738037,122.63000011444092,68.87999911978841,172.6099964324385,60.21640041237697,124.70359752327204
2714086,Monterey,4.157388903209059,-121.713423,36.878448,dry,0.0,79.23750667572023,151.53327037096025,111.60999917984009,189.07000255584717,65.42499778792262,177.3949949434027,96.03489470481873,189.3929944038391,79.23750667572023,151.53327037096025,111.60999917984009,189.07000255584717,65.42499778792262,177.3949949434027,96.03489470481873,189.3929944038391
2724046,Monterey,3.273545341913416,-121.729646,36.886841,dry,0.0,79.23750667572023,151.53327037096025,108.16000175476074,187.1999968290329,65.42499778792262,177.3949949434027,96.03489470481873,189.3929944038391,79.23750667572023,151.53327037096025,108.16000175476074,187.1999968290329,65.42499778792262,177.3949949434027,96.03489470481873,189.3929944038391
2714002,Monterey,2.54143738222006,-121.719556,36.815923,dry,0.0,79.23750667572023,151.53327037096025,86.9600019454956,155.6200020313263,65.42499778792262,177.3949949434027,84.8016973733902,168.91129660606384,79.23750667572023,151.53327037096025,86.9600019454956,155.6200020313263,65.42499778792262,177.3949949434027,84.8016973733902,168.91129660606384
2713964,Monterey,16.974361283299793,-121.767131,36.839277,dry,0.0,79.23750667572023,151.53327037096025,96.40142938068935,171.6099983964648,65.42499778792262,177.3949949434027,76.29919791221619,151.43509650230408,79.23750667572023,151.53327037096025,96.33000087738037,172.1599977016449,65.42499778792262,177.3949949434027,76.29919791221619,151.43509650230408
2713953,Monterey,26.73742582203284,-121.721413,36.650262,partial,0.1837767378126669,79.23750667572023,151.53327037096025,54.339998722076416,98.13000011444092,74.6749985376373,169.58999579306692,66.03359851241112,122.27209771797061,79.23750667572023,151.53327037096025,54.339998722076416,98.13000011444092,74.6749985376373,169.58999579306692,66.03359851241112,122.27209771797061
2713846,Monterey,12.729567800155404,-121.797013,36.8367,dry,0.0,79.23750667572023,151.53327037096025,90.75000047683716,168.85000202059746,65.42499778792262,177.3949949434027,85.13939964771271,163.0049946308136,79.23750667572023,151.53327037096025,90.75000047683716,168.85000202059746,65.42499778792262,177.3949949434027,85.13939964771271,163.0049946308136
2713826,Monterey,1.844301485091946,-121.714095,36.877487,dry,0.0,79.23750667572023,151.53327037096025,111.60999917984009,189.07000255584717,65.42499778792262,177.3949949434027,96.03489470481873,189.3929944038391,79.23750667572023,151.53327037096025,111.60999917984009,189.07000255584717,65.42499778792262,177.3949949434027,96.03489470481873,189.3929944038391
2725663,Monterey,22.86126871450137,-121.719655,36.65574,dry,0.0,79.23750667572023,151.53327037096025,53.04203387034141,95.29271181963257,74.6749985376373,169.58999579306692,66.03359851241112,122.27209771797061,79.23750667572023,151.53327037096025,53.03999996185303,95.3199999332428,74.6749985376373,169.58999579306692,66.03359851241112,122.27209771797061
2713762,Monterey,16.044430943222615,-121.694895,36.685838,dry,0.0,79.23750667572023,151.53327037096025,55.21707257991884,98.23658473353561,69.01499871443957,159.37999580148607,66.03359851241112,122.27209771797061,79.23750667572023,151.53327037096025,55.559998750686646,99.6499993801117,69.01499871443957,159.37999580148607,66.03359851241112,122.27209771797061
2724047,Monterey,13.55477924110539,-121.793886,36.82754,dry,0.0,79.23750667572023,151.53327037096025,89.69302698185571,167.4725014124262,65.42499778792262,177.3949949434027,85.13939964771271,163.0049946308136,79.23750667572023,151.53327037096025,90.75000047683716,168.85000202059746,65.42499778792262,177.3949949434027,85.13939964771271,163.0049946308136
2713681,Monterey,1.001483626873233,-121.706921,36.87471,dry,0.0,79.23750667572023,151.53327037096025,107.91000032424927,183.08999955654144,65.42499778792262,177.3949949434027,96.03489470481873,189.3929944038391,79.23750667572023,151.53327037096025,107.91000032424927,183.08999955654144,65.42499778792262,177.3949949434027,96.03489470481873,189.3929944038391
2713672,Monterey,19.732780916874653,-121.714992,36.852367,dry,0.0,79.23750667572023,151.53327037096025,102.70799865722657,174.39199981689453,65.42499778792262,177.3949949434027,87.04833683967591,173.00763616561892,79.23750667572023,151.53327037096025,103.60999822616577,175.35000038146973,65.42499778792262,177.3949949434027,84.8016973733902,168.91129660606384
2713656,Monterey,1.5586865068872455,-121.71696,36.860338,dry,0.0,79.23750667572023,151.53327037096025,99.10000038146973,170.55999755859375,65.42499778792262,177.3949949434027,96.03489470481873,189.3929944038391,79.23750667572023,151.53327037096025,99.10000038146973,170.55999755859375,65.42499778792262,177.3949949434027,96.03489470481873,189.3929944038391
2713559,Monterey,15.988253304756048,-121.672127,36.769375,dry,0.0,79.23750667572023,151.53327037096025,66.5895347983338,125.40674454666845,64.07499833405018,159.3199963029474,69.93129867315292,132.36049795150757,79.23750667572023,151.53327037096025,65.94000053405762,122.19000005722046,64.07499833405018,159.3199963029474,69.93129867315292,132.36049795150757
2724048,Monterey,1.8064076476723283,-121.69318,36.858329,dry,0.0,79.23750667572023,151.53327037096025,96.6399998664856,166.68999886512756,68.78499916661531,163.3999965954572,96.03489470481873,189.3929944038391,79.23750667572023,151.53327037096025,96.6399998664856,166.68999886512756,68.78499916661531,163.3999965954572,96.03489470481873,189.3929944038391
2713393,Monterey,0.95587889225328,-121.711559,36.862229,dry,0.0,79.23750667572023,151.53327037096025,99.21000027656555,169.76999819278717,65.42499778792262,177.3949949434027,96.03489470481873,189.3929944038391,79.23750667572023,151.53327037096025,99.21000027656555,169.76999819278717,65.42499778792262,177.3949949434027,96.03489470481873,189.3929944038391
2717458,Monterey,13.214692672549434,-121.670204,36.726618,dry,0.0,79.23750667572023,151.53327037096025,59.00865720635031,107.14283659386992,64.07499833405018,159.3199963029474,67.57548596965734,118.68381702899934,79.23750667572023,151.53327037096025,58.980000495910645,107.05000078678131,64.07499833405018,159.3199963029474,67.50299942493439,118.26299607753754
2712708,Monterey,3.5458754508097723,-121.737311,36.846333,dry,0.0,79.23750667572023,151.53327037096025,102.02000093460083,175.0899999141693,65.42499778792262,177.3949949434027,76.29919791221619,151.43509650230408,79.23750667572023,151.53327037096025,102.02000093460083,175.0899999141693,65.42499778792262,177.3949949434027,76.29919791221619,151.43509650230408
2712616,Monterey,3.3734705333392845,-121.719047,36.799492,dry,0.0,79.23750667572023,151.53327037096025,80.08999872207642,143.81000018119812,67.1524984538555,175.0024956879206,67.2044968008995,147.39299750328064,79.23750667572023,151.53327037096025,80.08999872207642,143.81000018119812,65.42499778792262,177.3949949434027,67.2044968008995,147.39299750328064
2712604,Monterey,2.6994899536564647,-121.721381,36.865792,dry,0.0,79.23750667572023,151.53327037096025,103.25000143051147,176.77999866008759,65.42499778792262,177.3949949434027,96.03489470481873,189.3929944038391,79.23750667572023,151.53327037096025,103.25000143051147,176.77999866008759,65.42499778792262,177.3949949434027,96.03489470481873,189.3929944038391
2712552,Monterey,11.087110147155498,-121.755914,36.69066,dry,0.0,79.23750667572023,151.53327037096025,57.782413104484824,114.12655175143276,74.6749985376373,169.58999579306692,57.39879907667637,115.37749803066254,79.23750667572023,151.53327037096025,57.40999937057495,112.85000038146973,74.6749985376373,169.58999579306692,57.39879907667637,115.37749803066254
2712444,Monterey,0.6251648329789894,-121.728761,36.887431,dry,0.0,79.23750667572023,151.53327037096025,108.16000175476074,187.1999968290329,65.42499778792262,177.3949949434027,96.03489470481873,189.3929944038391,79.23750667572023,151.53327037096025,108.16000175476074,187.1999968290329,65.42499778792262,177.3949949434027,96.03489470481873,189.3929944038391
2717466,Monterey,24.289476382522537,-121.675042,36.761728,dry,0.0,79.23750667572023,151.53327037096025,63.12000119686127,117.75999999046326,64.07499833405018,159.3199963029474,69.93129867315292,132.36049795150757,79.23750667572023,151.53327037096025,63.12000119686127,117.75999999046326,64.07499833405018,159.3199963029474,69.93129867315292,132.36049795150757
2717115,Monterey,15.211138213275513,-121.733765,36.674683,dry,0.0,79.23750667572023,151.53327037096025,54.76628597804478,100.72828618628638,74.6749985376373,169.58999579306692,58.28349870443344,115.29659640789032,79.23750667572023,151.53327037096025,54.72000026702881,100.40000049769878,74.6749985376373,169.58999579306692,58.28349870443344,115.29659640789032
2712154,Monterey,14.406888240507705,-121.752405,36.695858,dry,0.0,79.23750667572023,151.53327037096025,57.18479338084182,111.92273955965696,74.6749985376373,169.58999579306692,57.39879907667637,115.37749803066254,79.23750667572023,151.53327037096025,56.969998836517334,111.16999995708466,74.6749985376373,169.58999579306692,57.39879907667637,115.37749803066254
2725670,Monterey,17.8194310836221,-121.745874,36.725914,dry,0.0,79.23750667572023,151.53327037096025,59.30000114440918,118.07000029087067,68.87999911978841,172.6099964324385,57.39879907667637,115.37749803066254,79.23750667572023,151.53327037096025,59.30000114440918,118.07000029087067,68.87999911978841,172.6099964324385,57.39879907667637,115.37749803066254
2717120,Monterey,30.647878347830986,-121.697261,36.735983,dry,0.0,79.23750667572023,151.53327037096025,59.81999850273132,113.22999954223633,64.16860224546066,159.57889240936603,62.81339757144451,129.51649737358093,79.23750667572023,151.53327037096025,59.81999850273132,113.22999954223633,64.07499833405018,159.3199963029474,62.81339757144451,129.51649737358093
2725671,Monterey,12.634713038322069,-121.703523,36.739577,dry,0.0,79.23750667572023,151.53327037096025,59.81999850273132,113.22999954223633,68.87999911978841,172.6099964324385,62.81339757144451,129.51649737358093,79.23750667572023,151.53327037096025,59.81999850273132,113.22999954223633,68.87999911978841,172.6099964324385,62.81339757144451,129.51649737358093
2722493,Monterey,12.851293447933651,-121.692218,36.678065,dry,0.0,79.23750667572023,151.53327037096025,54.82000017166138,96.5999993532896,69.01499871443957,159.37999580148607,66.03359851241112,122.27209771797061,79.23750667572023,151.53327037096025,54.82000017166138,96.5999993532896,69.01499871443957,159.37999580148607,66.03359851241112,122.27209771797061
2711481,Monterey,12.919465013038376,-121.751839,36.753326,dry,0.0,79.23750667572023,151.53327037096025,63.01999807357788,128.37999939918518,68.87999911978841,172.6099964324385,60.21640041237697,124.70359752327204,79.23750667572023,151.53327037096025,63.01999807357788,128.37999939918518,68.87999911978841,172.6099964324385,60.21640041237697,124.70359752327204
2711345,Monterey,2.443415559198721,-121.679077,36.852487,dry,0.0,79.23750667572023,151.53327037096025,97.32000231742859,168.8300006389618,68.78499916661531,163.3999965954572,92.7891993522644,183.41999793052673,79.23750667572023,151.53327037096025,97.32000231742859,168.8300006389618,68.78499916661531,163.3999965954572,92.7891993522644,183.41999793052673
2711255,Monterey,7.265849441612169,-121.74993,36.698965,dry,0.0,79.23750667572023,151.53327037096025,56.969998836517334,111.16999995708466,74.6749985376373,169.58999579306692,57.39879907667637,115.37749803066254,79.23750667572023,151.53327037096025,56.969998836517334,111.16999995708466,74.6749985376373,169.58999579306692,57.39879907667637,115.37749803066254
2711119,Monterey,20.68830077044077,-121.753389,36.703869,dry,0.0,79.23750667572023,151.53327037096025,57.619998931884766,113.94999849796295,68.87999911978841,172.6099964324385,57.39879907667637,115.37749803066254,79.23750667572023,151.53327037096025,57.619998931884766,113.94999849796295,68.87999911978841,172.6099964324385,57.39879907667637,115.37749803066254
2710878,Monterey,1.2137513085415077,-121.709326,36.851304,dry,0.0,79.23750667572023,151.53327037096025,103.60999822616577,175.35000038146973,65.42499778792262,177.3949949434027,84.8016973733902,168.91129660606384,79.23750667572023,151.53327037096025,103.60999822616577,175.35000038146973,65.42499778792262,177.3949949434027,84.8016973733902,168.91129660606384
2710838,Monterey,1.7237420146376887,-121.709693,36.878636,dry,0.0,79.23750667572023,151.53327037096025,111.60999917984009,189.07000255584717,65.42499778792262,177.3949949434027,96.03489470481873,189.3929944038391,79.23750667572023,151.53327037096025,111.60999917984009,189.07000255584717,65.42499778792262,177.3949949434027,96.03489470481873,189.3929944038391
2710792,Monterey,5.569982680352663,-121.796569,36.863239,dry,0.0,79.23750667572023,151.53327037096025,100.82275967762388,184.11172330996087,65.50344608765866,177.8877536073841,97.86939859390259,183.5908932685852,79.23750667572023,151.53327037096025,100.87000107765198,184.08999909460545,65.42499778792262,177.3949949434027,97.86939859390259,183.5908932685852
2710733,Monterey,5.0939201623464605,-121.701995,36.870106,dry,0.0,79.23750667572023,151.53327037096025,109.09999966621399,184.22000432014465,65.42499778792262,177.3949949434027,96.03489470481873,189.3929944038391,79.23750667572023,151.53327037096025,109.09999966621399,184.22000432014465,65.42499778792262,177.3949949434027,96.03489470481873,189.3929944038391
2724052,Monterey,10.904523350460568,-121.710668,36.911371,reference (flooded),0.4877996909160512,79.23750667572023,151.53327037096025,109.24000072479248,190.33999955654144,69.51999836880714,182.43499598558992,104.31609773635864,198.88559532165527,79.23750667572023,151.53327037096025,109.24000072479248,190.33999955654144,69.51999836880714,182.43499598558992,104.31609773635864,198.88559532165527
2710215,Monterey,1.990298519518919,-121.79943,36.861239,partial,0.1249269148314168,79.23750667572023,151.53327037096025,99.50000047683716,184.72000133991241,67.69999848026782,191.6849961988628,97.86939859390259,183.5908932685852,79.23750667572023,151.53327037096025,99.50000047683716,184.72000133991241,67.69999848026782,191.6849961988628,97.86939859390259,183.5908932685852
2710214,Monterey,2.906130956178791,-121.796727,36.863993,dry,0.0010697475395806,79.23750667572023,151.53327037096025,100.87000107765198,184.08999909460545,65.42499778792262,177.3949949434027,97.86939859390259,183.5908932685852,79.23750667572023,151.53327037096025,100.87000107765198,184.08999909460545,65.42499778792262,177.3949949434027,97.86939859390259,183.5908932685852
2710213,Monterey,6.034919743719923,-121.796998,36.862631,dry,1.2819526703074124e-05,79.23750667572023,151.53327037096025,100.57031344622374,184.22781208576637,65.92265418937313,180.52093271803463,97.86939859390259,183.5908932685852,79.23750667572023,151.53327037096025,100.87000107765198,184.08999909460545,65.42499778792262,177.3949949434027,97.86939859390259,183.5908932685852
2710199,Monterey,0.6672516617014916,-121.796781,36.86206,dry,0.0,79.23750667572023,151.53327037096025,100.87000107765198,184.08999909460545,65.42499778792262,177.3949949434027,97.86939859390259,183.5908932685852,79.23750667572023,151.53327037096025,100.87000107765198,184.08999909460545,65.42499778792262,177.3949949434027,97.86939859390259,183.5908932685852
2722504,Monterey,5.0127356721985885,-121.704869,36.799815,dry,0.0,79.23750667572023,151.53327037096025,83.3484628567329,148.42269125351538,66.08942112097373,176.47480292206345,67.2044968008995,147.39299750328064,79.23750667572023,151.53327037096025,84.36000108718872,150.33999872207642,65.42499778792262,177.3949949434027,67.2044968008995,147.39299750328064
2717163,Monterey,12.010757324318508,-121.736304,36.694513,dry,0.0,79.23750667572023,151.53327037096025,56.08000183105469,106.24999958276749,74.6749985376373,169.58999579306692,57.39879907667637,115.37749803066254,79.23750667572023,151.53327037096025,56.08000183105469,106.24999958276749,74.6749985376373,169.58999579306692,57.39879907667637,115.37749803066254
2722516,Monterey,19.381246972450203,-121.685685,36.711349,dry,0.0,79.23750667572023,151.53327037096025,57.57858640979035,104.7416155073378,64.07499833405018,159.3199963029474,65.66909650449801,119.49871739124258,79.23750667572023,151.53327037096025,57.74000096321106,104.48999834060669,64.07499833405018,159.3199963029474,67.50299942493439,118.26299607753754
2725676,Monterey,34.35562322823219,-121.725192,36.911279,dry,0.0157450716462659,79.23750667572023,151.53327037096025,106.98475921727756,190.97711091755542,69.51999836880714,182.43499598558992,104.31609773635864,198.88559532165527,79.23750667572023,151.53327037096025,106.84999966621399,189.35999763011932,69.51999836880714,182.43499598558992,104.31609773635864,198.88559532165527
2725677,Monterey,45.47184468940493,-121.73077,36.907109,dry,0.0,79.23750667572023,151.53327037096025,105.80879930019377,189.99840019226073,69.51999836880714,182.43499598558992,102.67736981391906,198.49918261528015,79.23750667572023,151.53327037096025,105.47999918460846,190.20000100135803,69.51999836880714,182.43499598558992,101.1646978855133,198.14249396324158
2722520,Monterey,16.682470951734025,-121.725485,36.905574,dry,0.0256579099909573,79.23750667572023,151.53327037096025,106.54972558805389,189.54410795806209,69.51999836880714,182.43499598558992,104.31609773635864,198.88559532165527,79.23750667572023,151.53327037096025,106.84999966621399,189.35999763011932,69.51999836880714,182.43499598558992,104.31609773635864,198.88559532165527
2718169,Monterey,2.8664172255414746,-121.685165,36.88189,dry,0.0,79.23750667572023,151.53327037096025,104.63999916613102,178.6162504255772,68.78499916661531,163.3999965954572,92.18244504928589,191.77780616283417,79.23750667572023,151.53327037096025,103.75999915599823,177.41000032424927,68.78499916661531,163.3999965954572,91.63209509849548,192.11849355697632
2718452,Monterey,1.779600911449991,-121.682579,36.882502,dry,0.0,79.23750667572023,151.53327037096025,103.75999915599823,177.41000032424927,68.78499916661531,163.3999965954572,91.63209509849548,192.11849355697632,79.23750667572023,151.53327037096025,103.75999915599823,177.41000032424927,68.78499916661531,163.3999965954572,91.63209509849548,192.11849355697632
2718453,Monterey,1.298174222463374,-121.683936,36.88111,dry,0.0,79.23750667572023,151.53327037096025,103.75999915599823,177.41000032424927,68.78499916661531,163.3999965954572,91.63209509849548,192.11849355697632,79.23750667572023,151.53327037096025,103.75999915599823,177.41000032424927,68.78499916661531,163.3999965954572,91.63209509849548,192.11849355697632
2718960,Monterey,0.4159466552427966,-121.742086,36.843912,dry,0.0,79.23750667572023,151.53327037096025,102.02000093460083,175.0899999141693,65.42499778792262,177.3949949434027,76.29919791221619,151.43509650230408,79.23750667572023,151.53327037096025,102.02000093460083,175.0899999141693,65.42499778792262,177.3949949434027,76.29919791221619,151.43509650230408
2718667,Monterey,1.670150470474471,-121.78849,36.840989,dry,0.0,79.23750667572023,151.53327037096025,96.91000127792358,175.61999958753586,65.42499778792262,177.3949949434027,85.13939964771271,163.0049946308136,79.23750667572023,151.53327037096025,96.91000127792358,175.61999958753586,65.42499778792262,177.3949949434027,85.13939964771271,163.0049946308136
2718668,Monterey,1.319548939007201,-121.788263,36.84035,dry,0.0,79.23750667572023,151.53327037096025,96.91000127792358,175.61999958753586,65.42499778792262,177.3949949434027,85.13939964771271,163.0049946308136,79.23750667572023,151.53327037096025,96.91000127792358,175.61999958753586,65.42499778792262,177.3949949434027,85.13939964771271,163.0049946308136
2718669,Monterey,1.0359155312211243,-121.787736,36.841184,dry,0.0,79.23750667572023,151.53327037096025,96.91000127792358,175.61999958753586,65.42499778792262,177.3949949434027,85.13939964771271,163.0049946308136,79.23750667572023,151.53327037096025,96.91000127792358,175.61999958753586,65.42499778792262,177.3949949434027,85.13939964771271,163.0049946308136
2718670,Monterey,0.8363637915358383,-121.787139,36.841288,dry,0.0,79.23750667572023,151.53327037096025,96.91000127792358,175.61999958753586,65.42499778792262,177.3949949434027,85.13939964771271,163.0049946308136,79.23750667572023,151.53327037096025,96.91000127792358,175.61999958753586,65.42499778792262,177.3949949434027,85.13939964771271,163.0049946308136
2718671,Monterey,1.6532409279677702,-121.787218,36.840566,dry,0.0,79.23750667572023,151.53327037096025,96.91000127792358,175.61999958753586,65.42499778792262,177.3949949434027,85.13939964771271,163.0049946308136,79.23750667572023,151.53327037096025,96.91000127792358,175.61999958753586,65.42499778792262,177.3949949434027,85.13939964771271,163.0049946308136
2722534,Monterey,27.10492977250176,-121.75996,36.839687,dry,0.0,79.23750667572023,151.53327037096025,96.53000068664551,170.6199996471405,65.42499778792262,177.3949949434027,76.29919791221619,151.43509650230408,79.23750667572023,151.53327037096025,96.53000068664551,170.6199996471405,65.42499778792262,177.3949949434027,76.29919791221619,151.43509650230408
2718602,Monterey,0.719041063595839,-121.787942,36.841918,dry,0.0,79.23750667572023,151.53327037096025,96.91000127792358,175.61999958753586,65.42499778792262,177.3949949434027,85.13939964771271,163.0049946308136,79.23750667572023,151.53327037096025,96.91000127792358,175.61999958753586,65.42499778792262,177.3949949434027,85.13939964771271,163.0049946308136
2724057,Monterey,5.9235565785365285,-121.787947,36.844836,dry,0.0,79.23750667572023,151.53327037096025,96.91000127792358,175.61999958753586,65.42499778792262,177.3949949434027,85.13939964771271,163.0049946308136,79.23750667572023,151.53327037096025,96.91000127792358,175.61999958753586,65.42499778792262,177.3949949434027,85.13939964771271,163.0049946308136
2722535,Monterey,4.4221542251318775,-121.805522,36.850282,dry,0.0,79.23750667572023,151.53327037096025,98.02000141143799,180.33999897912145,67.69999848026782,191.6849961988628,85.13939964771271,163.0049946308136,79.23750667572023,151.53327037096025,98.02000141143799,180.33999897912145,67.69999848026782,191.6849961988628,85.13939964771271,163.0049946308136
2722536,Monterey,6.52834015705244,-121.80546,36.852107,dry,0.0,79.23750667572023,151.53327037096025,98.02000141143799,180.33999897912145,67.69999848026782,191.6849961988628,85.13939964771271,163.0049946308136,79.23750667572023,151.53327037096025,98.02000141143799,180.33999897912145,67.69999848026782,191.6849961988628,85.13939964771271,163.0049946308136
2722537,Monterey,47.09352259397229,-121.799477,36.850584,dry,0.0,79.23750667572023,151.53327037096025,97.65504256161776,179.72611487801535,67.18295286837119,188.43726864080367,85.13939964771271,163.0049946308136,79.23750667572023,151.53327037096025,98.02000141143799,180.33999897912145,67.69999848026782,191.6849961988628,85.13939964771271,163.0049946308136
2722538,Monterey,24.349272307763137,-121.802012,36.852082,dry,0.0,79.23750667572023,151.53327037096025,98.02000141143799,180.33999897912145,67.69999848026782,191.6849961988628,85.13939964771271,163.0049946308136,79.23750667572023,151.53327037096025,98.02000141143799,180.33999897912145,67.69999848026782,191.6849961988628,85.13939964771271,163.0049946308136
2722542,Monterey,13.201093033972771,-121.69721,36.858027,dry,0.0,79.23750667572023,151.53327037096025,99.0134384930134,169.7196864746511,68.78499916661531,163.3999965954572,96.03489470481873,189.3929944038391,79.23750667572023,151.53327037096025,100.98000192642212,172.22999906539917,68.78499916661531,163.3999965954572,96.03489470481873,189.3929944038391
2722548,Monterey,5.784371723940602,-121.779944,36.863451,dry,0.0,79.23750667572023,151.53327037096025,104.44999861717224,186.16000068187714,65.42499778792262,177.3949949434027,97.86939859390259,183.5908932685852,79.23750667572023,151.53327037096025,104.44999861717224,186.16000068187714,65.42499778792262,177.3949949434027,97.86939859390259,183.5908932685852
2722549,Monterey,26.8347791915202,-121.781704,36.86535,dry,0.0,79.23750667572023,151.53327037096025,104.44999861717224,186.16000068187714,65.42499778792262,177.3949949434027,97.86939859390259,183.5908932685852,79.23750667572023,151.53327037096025,104.44999861717224,186.16000068187714,65.42499778792262,177.3949949434027,97.86939859390259,183.5908932685852
2722550,Monterey,5.128723560295987,-121.779378,36.865262,dry,0.0,79.23750667572023,151.53327037096025,104.44999861717224,186.16000068187714,65.42499778792262,177.3949949434027,97.86939859390259,183.5908932685852,79.23750667572023,151.53327037096025,104.44999861717224,186.16000068187714,65.42499778792262,177.3949949434027,97.86939859390259,183.5908932685852
2725678,Monterey,38.57892031588629,-121.721317,36.902367,partial,0.2434636560234577,79.23750667572023,151.53327037096025,107.77139100094432,188.8187628763238,69.51999836880714,182.43499598558992,104.31609773635864,198.88559532165527,79.23750667572023,151.53327037096025,108.27999901771545,188.5200012922287,69.51999836880714,182.43499598558992,104.31609773635864,198.88559532165527
2716470,Monterey,3.112267761610908,-121.729363,36.885205,dry,0.0,79.23750667572023,151.53327037096025,108.16000175476074,187.1999968290329,65.42499778792262,177.3949949434027,96.03489470481873,189.3929944038391,79.23750667572023,151.53327037096025,108.16000175476074,187.1999968290329,65.42499778792262,177.3949949434027,96.03489470481873,189.3929944038391
2718540,Monterey,1.5325835484599393,-121.728397,36.885253,dry,0.0,79.23750667572023,151.53327037096025,108.16000175476074,187.1999968290329,65.42499778792262,177.3949949434027,96.03489470481873,189.3929944038391,79.23750667572023,151.53327037096025,108.16000175476074,187.1999968290329,65.42499778792262,177.3949949434027,96.03489470481873,189.3929944038391
2722564,Monterey,22.113074524733825,-121.791889,36.87432,dry,0.0,79.23750667572023,151.53327037096025,102.26500164185254,187.3767863472458,65.42499778792262,177.3949949434027,97.86939859390259,183.5908932685852,79.23750667572023,151.53327037096025,102.16000175476074,187.08000064827502,65.42499778792262,177.3949949434027,97.86939859390259,183.5908932685852
2718454,Monterey,1.1910724198744118,-121.684529,36.880913,dry,0.0,79.23750667572023,151.53327037096025,103.75999915599823,177.41000032424927,68.78499916661531,163.3999965954572,91.63209509849548,192.11849355697632,79.23750667572023,151.53327037096025,103.75999915599823,177.41000032424927,68.78499916661531,163.3999965954572,91.63209509849548,192.11849355697632
2722574,Monterey,4.044418464622983,-121.703391,36.879904,dry,0.0,79.23750667572023,151.53327037096025,114.69999885559082,192.58999967575073,65.42499778792262,177.3949949434027,96.03489470481873,189.3929944038391,79.23750667572023,151.53327037096025,114.69999885559082,192.58999967575073,65.42499778792262,177.3949949434027,96.03489470481873,189.3929944038391
2722575,Monterey,13.275278279158863,-121.70482,36.877746,dry,0.0,79.23750667572023,151.53327037096025,114.69999885559082,192.58999967575073,65.42499778792262,177.3949949434027,96.03489470481873,189.3929944038391,79.23750667572023,151.53327037096025,114.69999885559082,192.58999967575073,65.42499778792262,177.3949949434027,96.03489470481873,189.3929944038391
2725683,Monterey,37.74648732226658,-121.69762,36.657766,dry,0.0,79.23750667572023,151.53327037096025,53.53708468874296,92.77999931573866,70.28260284150988,161.66661038293384,66.03359851241112,122.27209771797061,79.23750667572023,151.53327037096025,53.52000141143799,92.85999917984009,69.01499871443957,159.37999580148607,66.03359851241112,122.27209771797061
2722605,Monterey,36.845558992546565,-121.710139,36.649537,dry,0.0,79.23750667572023,151.53327037096025,53.278298145913055,92.88191479824957,74.6749985376373,169.58999579306692,66.26512414216995,123.06387274381406,79.23750667572023,151.53327037096025,53.32000017166138,92.58999943733215,74.6749985376373,169.58999579306692,66.03359851241112,122.27209771797061
2722611,Monterey,31.38358181747721,-121.720118,36.652784,dry,0.0,79.23750667572023,151.53327037096025,53.05349115366061,95.13899416189928,74.6749985376373,169.58999579306692,66.03359851241112,122.27209771797061,79.23750667572023,151.53327037096025,53.03999996185303,95.3199999332428,74.6749985376373,169.58999579306692,66.03359851241112,122.27209771797061
2722612,Monterey,29.68117070106241,-121.717325,36.651463,dry,0.0,79.23750667572023,151.53327037096025,53.50222205180747,95.30790891055189,74.6749985376373,169.58999579306692,66.03359851241112,122.27209771797061,79.23750667572023,151.53327037096025,53.03999996185303,95.3199999332428,74.6749985376373,169.58999579306692,66.03359851241112,122.27209771797061
2725685,Monterey,19.124623230082005,-121.75034,36.68943,partial,0.2019930697006338,79.23750667572023,151.53327037096025,55.97000074386597,107.3200011253357,74.6749985376373,169.58999579306692,57.39879907667637,115.37749803066254,79.23750667572023,151.53327037096025,55.97000074386597,107.3200011253357,74.6749985376373,169.58999579306692,57.39879907667637,115.37749803066254
2722660,Monterey,43.78261983932676,-121.733937,36.733858,dry,0.0,79.23750667572023,151.53327037096025,59.283018789849834,116.6770265467532,68.87999911978841,172.6099964324385,60.21640041237697,124.70359752327204,79.23750667572023,151.53327037096025,59.03000092506409,115.989999294281,68.87999911978841,172.6099964324385,60.21640041237697,124.70359752327204
2724063,Monterey,14.021144322704824,-121.674634,36.74087,dry,0.0,79.23750667572023,151.53327037096025,61.12999963760376,113.70000004768372,64.07499833405018,159.3199963029474,69.93129867315292,132.36049795150757,79.23750667572023,151.53327037096025,61.12999963760376,113.70000004768372,64.07499833405018,159.3199963029474,69.93129867315292,132.36049795150757
2724064,Monterey,3.380236272389565,-121.662191,36.724462,dry,0.0,79.23750667572023,151.53327037096025,59.639999866485596,107.30999946594238,64.07499833405018,159.3199963029474,67.50299942493439,118.26299607753754,79.23750667572023,151.53327037096025,59.639999866485596,107.30999946594238,64.07499833405018,159.3199963029474,67.50299942493439,118.26299607753754
2724065,Monterey,31.33244339617005,-121.664859,36.726451,dry,0.0,79.23750667572023,151.53327037096025,59.639999866485596,107.30999946594238,64.07499833405018,159.3199963029474,67.71547560915351,119.49652749150991,79.23750667572023,151.53327037096025,59.639999866485596,107.30999946594238,64.07499833405018,159.3199963029474,67.50299942493439,118.26299607753754
2724066,Monterey,12.14479166532105,-121.669012,36.728021,dry,0.0,79.23750667572023,151.53327037096025,59.69508227363963,109.21262331087082,64.07499833405018,159.3199963029474,69.37398409159458,129.1250057181374,79.23750667572023,151.53327037096025,59.94000029563904,110.16000032424927,64.07499833405018,159.3199963029474,69.93129867315292,132.36049795150757
2712658,Monterey,10.283628997210332,-121.748209,36.713423,dry,0.0,79.23750667572023,151.53327037096025,57.638461846571715,113.08807674279582,68.87999911978841,172.6099964324385,57.39879907667637,115.37749803066254,79.23750667572023,151.53327037096025,57.27000045776367,111.39999997615814,68.87999911978841,172.6099964324385,57.39879907667637,115.37749803066254
2722727,Monterey,42.645565538982346,-121.769231,36.726819,dry,0.0,79.23750667572023,151.53327037096025,59.617014328279105,122.44570088440479,68.87999911978841,172.6099964324385,58.44432805705504,118.81418650556878,79.23750667572023,151.53327037096025,59.220001220703125,121.34000027179718,68.87999911978841,172.6099964324385,57.39879907667637,115.37749803066254
2722728,Monterey,10.22438699393677,-121.771407,36.725379,dry,0.0,79.23750667572023,151.53327037096025,59.220001220703125,121.34000027179718,68.87999911978841,172.6099964324385,53.982134636710676,112.03485568306024,79.23750667572023,151.53327037096025,59.220001220703125,121.34000027179718,68.87999911978841,172.6099964324385,52.11849948763847,110.21159622073174
2722729,Monterey,17.2148357430346,-121.771304,36.723291,dry,0.0,79.23750667572023,151.53327037096025,59.220001220703125,121.34000027179718,68.87999911978841,172.6099964324385,54.39862885563211,112.4423265477473,79.23750667572023,151.53327037096025,59.220001220703125,121.34000027179718,68.87999911978841,172.6099964324385,52.11849948763847,110.21159622073174
2725688,Monterey,40.30303140758898,-121.771876,36.693911,dry,0.0,79.23750667572023,151.53327037096025,58.7404873463714,119.12470773470055,74.6749985376373,169.58999579306692,54.220366314342876,112.26792606740322,79.23750667572023,151.53327037096025,58.73000192642212,119.07999897003174,74.6749985376373,169.58999579306692,52.11849948763847,110.21159622073174
2718033,Monterey,1.9930747853534168,-121.771222,36.702696,dry,0.0,79.23750667572023,151.53327037096025,59.601111094156906,121.901111152437,68.87999911978841,172.6099964324385,54.465299304988655,112.50755258070097,79.23750667572023,151.53327037096025,59.45000076293945,122.15000081062317,68.87999911978841,172.6099964324385,52.11849948763847,110.21159622073174
2722741,Monterey,17.82409664075524,-121.707254,36.726173,dry,0.0,79.23750667572023,151.53327037096025,58.41999864578247,110.62000036239624,68.87999911978841,172.6099964324385,63.64009752869606,120.86589841917157,79.23750667572023,151.53327037096025,58.41999864578247,110.62000036239624,68.87999911978841,172.6099964324385,63.64009752869606,120.86589841917157
2700652,Monterey,2.7599715256020554,-121.700373,36.726845,dry,0.0,79.23750667572023,151.53327037096025,58.77000021934509,109.9400007724762,68.87999911978841,172.6099964324385,63.64009752869606,120.86589841917157,79.23750667572023,151.53327037096025,58.77000021934509,109.9400007724762,68.87999911978841,172.6099964324385,63.64009752869606,120.86589841917157
2722746,Monterey,37.87760759324328,-121.705938,36.730257,dry,0.0,79.23750667572023,151.53327037096025,58.42549605269706,110.60931974056504,68.87999911978841,172.6099964324385,62.81339757144451,129.51649737358093,79.23750667572023,151.53327037096025,58.41999864578247,110.62000036239624,68.87999911978841,172.6099964324385,62.81339757144451,129.51649737358093
2722767,Monterey,16.196042163986696,-121.747337,36.74336,dry,0.0,79.23750667572023,151.53327037096025,61.96073301827035,123.63195162284664,68.87999911978841,172.6099964324385,60.21640041237697,124.70359752327204,79.23750667572023,151.53327037096025,61.96000146865845,123.52000045776367,68.87999911978841,172.6099964324385,60.21640041237697,124.70359752327204
2722769,Monterey,14.062668557671255,-121.677215,36.741594,dry,0.0,79.23750667572023,151.53327037096025,61.12999963760376,113.70000004768372,64.07499833405018,159.3199963029474,69.93129867315292,132.36049795150757,79.23750667572023,151.53327037096025,61.12999963760376,113.70000004768372,64.07499833405018,159.3199963029474,69.93129867315292,132.36049795150757
2724068,Monterey,26.598826744086196,-121.672798,36.743753,dry,0.0,79.23750667572023,151.53327037096025,61.44713184938711,114.17661750141312,64.07499833405018,159.3199963029474,69.93129867315292,132.36049795150757,79.23750667572023,151.53327037096025,61.12999963760376,113.70000004768372,64.07499833405018,159.3199963029474,69.93129867315292,132.36049795150757
2719058,Monterey,12.63212139511037,-121.755232,36.749564,dry,0.0,79.23750667572023,151.53327037096025,62.186665724194235,125.73714250609989,68.87999911978841,172.6099964324385,60.21640041237697,124.70359752327204,79.23750667572023,151.53327037096025,61.96999931335449,125.0499997138977,68.87999911978841,172.6099964324385,60.21640041237697,124.70359752327204
2722778,Monterey,14.04255729089942,-121.74292,36.795737,dry,0.0,79.23750667572023,151.53327037096025,77.34999942779541,144.69000053405762,68.87999911978841,172.6099964324385,61.84649868309498,132.33949756622314,79.23750667572023,151.53327037096025,77.34999942779541,144.69000053405762,68.87999911978841,172.6099964324385,61.84649868309498,132.33949756622314
2718185,Monterey,6.255243000769396,-121.719086,36.801467,dry,0.0,79.23750667572023,151.53327037096025,80.08999872207642,143.81000018119812,65.42499778792262,177.3949949434027,67.2044968008995,147.39299750328064,79.23750667572023,151.53327037096025,80.08999872207642,143.81000018119812,65.42499778792262,177.3949949434027,67.2044968008995,147.39299750328064
2722779,Monterey,22.781393592548795,-121.716449,36.788071,dry,0.0,79.23750667572023,151.53327037096025,76.60999917984009,139.71999788284302,68.87999911978841,172.6099964324385,67.2044968008995,147.39299750328064,79.23750667572023,151.53327037096025,76.60999917984009,139.71999788284302,68.87999911978841,172.6099964324385,67.2044968008995,147.39299750328064
2722780,Monterey,3.0524216493249186,-121.703334,36.800192,dry,0.0,79.23750667572023,151.53327037096025,83.46733175913492,149.3606673558553,65.42499778792262,177.3949949434027,67.2044968008995,147.39299750328064,79.23750667572023,151.53327037096025,83.32999801635742,149.2100009918213,65.42499778792262,177.3949949434027,67.2044968008995,147.39299750328064
2722795,Monterey,28.410749267180968,-121.670791,36.75512,dry,0.0,79.23750667572023,151.53327037096025,63.33999848365784,118.67999935150146,64.07499833405018,159.3199963029474,69.93129867315292,132.36049795150757,79.23750667572023,151.53327037096025,63.33999848365784,118.67999935150146,64.07499833405018,159.3199963029474,69.93129867315292,132.36049795150757
2722799,Monterey,10.778582402298406,-121.677591,36.758385,dry,0.0,79.23750667572023,151.53327037096025,62.83999913826324,117.54035073414184,64.07499833405018,159.3199963029474,69.93129867315292,132.36049795150757,79.23750667572023,151.53327037096025,62.31999897956848,116.50000023841858,64.07499833405018,159.3199963029474,69.93129867315292,132.36049795150757
2724070,Monterey,21.21954165462285,-121.673135,36.758228,dry,0.0,79.23750667572023,151.53327037096025,63.27481410238478,118.40740694823086,64.07499833405018,159.3199963029474,69.93129867315292,132.36049795150757,79.23750667572023,151.53327037096025,63.33999848365784,118.67999935150146,64.07499833405018,159.3199963029474,69.93129867315292,132.36049795150757
2724071,Monterey,24.974424209917355,-121.669409,36.757939,dry,0.0,79.23750667572023,151.53327037096025,63.33422130213843,118.4431108845605,64.07499833405018,159.3199963029474,69.93129867315292,132.36049795150757,79.23750667572023,151.53327037096025,63.33999848365784,118.67999935150146,64.07499833405018,159.3199963029474,69.93129867315292,132.36049795150757
2722802,Monterey,12.597007356085571,-121.669986,36.76019,dry,0.0,79.23750667572023,151.53327037096025,63.174194587815194,117.89516127878619,64.07499833405018,159.3199963029474,69.93129867315292,132.36049795150757,79.23750667572023,151.53327037096025,63.12000119686127,117.75999999046326,64.07499833405018,159.3199963029474,69.93129867315292,132.36049795150757
2718218,Monterey,2.9311195783155988,-121.703044,36.778833,dry,0.0,79.23750667572023,151.53327037096025,67.62000036239624,131.54000043869019,68.87999911978841,172.6099964324385,67.2044968008995,147.39299750328064,79.23750667572023,151.53327037096025,67.62000036239624,131.54000043869019,68.87999911978841,172.6099964324385,67.2044968008995,147.39299750328064
2724073,Monterey,9.363615862969915,-121.692758,36.778988,dry,0.0,79.23750667572023,151.53327037096025,68.78000068664551,133.29000186920166,64.07499833405018,159.3199963029474,67.2044968008995,147.39299750328064,79.23750667572023,151.53327037096025,68.78000068664551,133.29000186920166,64.07499833405018,159.3199963029474,67.2044968008995,147.39299750328064
2701084,Monterey,3.7108342449205822,-121.662865,36.86146,dry,0.0,79.23750667572023,151.53327037096025,95.82055714395311,166.96722292900088,68.78499916661531,163.3999965954572,91.63209509849548,192.11849355697632,79.23750667572023,151.53327037096025,95.77000117301941,166.80000114440918,68.78499916661531,163.3999965954572,91.63209509849548,192.11849355697632
2722848,Monterey,32.24213131156644,-121.742284,36.704185,dry,2.4050949531487504e-05,79.23750667572023,151.53327037096025,56.74867914307793,109.38415027564429,68.87999911978841,172.6099964324385,57.39879907667637,115.37749803066254,79.23750667572023,151.53327037096025,56.59999990463257,108.68999910354614,68.87999911978841,172.6099964324385,57.39879907667637,115.37749803066254
2722849,Monterey,51.28987594892178,-121.778462,36.689751,dry,0.0,79.23750667572023,151.53327037096025,58.59159150087472,119.73359829819564,74.6749985376373,169.58999579306692,52.11849948763847,110.21159622073174,79.23750667572023,151.53327037096025,58.55000019073486,119.9300000667572,74.6749985376373,169.58999579306692,52.11849948763847,110.21159622073174
2723663,Monterey,0.9855646928646477,-121.696691,36.814375,dry,0.0,79.23750667572023,151.53327037096025,89.99999809265137,162.97999954223633,68.78499916661531,163.3999965954572,84.8016973733902,168.91129660606384,79.23750667572023,151.53327037096025,89.99999809265137,162.97999954223633,68.78499916661531,163.3999965954572,84.8016973733902,168.91129660606384
2722874,Monterey,3.442727509509315,-121.670093,36.768364,dry,0.0,79.23750667572023,151.53327037096025,65.58750061690807,121.6362500488758,64.07499833405018,159.3199963029474,69.93129867315292,132.36049795150757,79.23750667572023,151.53327037096025,65.94000053405762,122.19000005722046,64.07499833405018,159.3199963029474,69.93129867315292,132.36049795150757
2722875,Monterey,5.695484905860211,-121.695995,36.764293,dry,0.0,79.23750667572023,151.53327037096025,64.03066614468892,122.66733338038127,64.07499833405018,159.3199963029474,62.81339757144451,129.51649737358093,79.23750667572023,151.53327037096025,64.73999905586243,124.50999975204468,64.07499833405018,159.3199963029474,62.81339757144451,129.51649737358093
2711919,Monterey,9.636571452745237,-121.788943,36.86978,reference (flooded),0.656885780960553,79.23750667572023,151.53327037096025,103.49583325783411,186.5433340012096,65.42499778792262,177.3949949434027,97.86939859390259,183.5908932685852,79.23750667572023,151.53327037096025,104.44999861717224,186.16000068187714,65.42499778792262,177.3949949434027,97.86939859390259,183.5908932685852
2714436,Monterey,4.544229285768636,-121.705583,36.773826,dry,0.0,79.23750667572023,151.53327037096025,67.62000036239624,131.54000043869019,68.87999911978841,172.6099964324385,67.2044968008995,147.39299750328064,79.23750667572023,151.53327037096025,67.62000036239624,131.54000043869019,68.87999911978841,172.6099964324385,67.2044968008995,147.39299750328064
2722918,Monterey,29.56504087588606,-121.678563,36.638185,dry,0.0448518196686452,79.23750667572023,151.53327037096025,53.95439967155456,89.68060010433196,69.01499871443957,159.37999580148607,71.37129786610603,131.64919638633728,79.23750667572023,151.53327037096025,53.9399995803833,90.10000038146973,69.01499871443957,159.37999580148607,71.37129786610603,131.64919638633728
2722919,Monterey,33.56293212151577,-121.679899,36.636538,dry,0.0247639219023131,79.23750667572023,151.53327037096025,53.833332594375165,89.33187071064062,69.01499871443957,159.37999580148607,71.37129786610603,131.64919638633728,79.23750667572023,151.53327037096025,53.81999921798706,89.26999926567078,69.01499871443957,159.37999580148607,71.37129786610603,131.64919638633728
2724916,Monterey,41.677258014689,-121.778615,36.691614,dry,0.0,79.23750667572023,151.53327037096025,58.63623358038969,119.5227902390236,74.6749985376373,169.58999579306692,52.11849948763847,110.21159622073174,79.23750667572023,151.53327037096025,58.55000019073486,119.9300000667572,74.6749985376373,169.58999579306692,52.11849948763847,110.21159622073174
2724788,Monterey,7.341163181047932,-121.679808,36.750932,dry,0.0,79.23750667572023,151.53327037096025,62.33000040054321,116.92999839782715,64.07499833405018,159.3199963029474,69.93129867315292,132.36049795150757,79.23750667572023,151.53327037096025,62.33000040054321,116.92999839782715,64.07499833405018,159.3199963029474,69.93129867315292,132.36049795150757
2724789,Monterey,8.407904356995306,-121.67889,36.752757,dry,0.0,79.23750667572023,151.53327037096025,62.33000040054321,116.92999839782715,64.07499833405018,159.3199963029474,69.93129867315292,132.36049795150757,79.23750667572023,151.53327037096025,62.33000040054321,116.92999839782715,64.07499833405018,159.3199963029474,69.93129867315292,132.36049795150757
2724790,Monterey,10.661748745518569,-121.678054,36.750064,dry,0.0,79.23750667572023,151.53327037096025,62.38315819439136,117.02210371117845,64.07499833405018,159.3199963029474,69.93129867315292,132.36049795150757,79.23750667572023,151.53327037096025,62.33000040054321,116.92999839782715,64.07499833405018,159.3199963029474,69.93129867315292,132.36049795150757
2701607,Monterey,29.35115112078249,-121.676281,36.754313,dry,0.0,79.23750667572023,151.53327037096025,62.95269631241498,117.93019670718594,64.07499833405018,159.3199963029474,69.93129867315292,132.36049795150757,79.23750667572023,151.53327037096025,63.33999848365784,118.67999935150146,64.07499833405018,159.3199963029474,69.93129867315292,132.36049795150757
2724742,Monterey,5.20254013353353,-121.680336,36.756863,dry,0.0,79.23750667572023,151.53327037096025,62.31999897956848,116.50000023841858,64.07499833405018,159.3199963029474,69.93129867315292,132.36049795150757,79.23750667572023,151.53327037096025,62.31999897956848,116.50000023841858,64.07499833405018,159.3199963029474,69.93129867315292,132.36049795150757
2724084,Monterey,6.472775549289613,-121.67762,36.764165,dry,0.0,79.23750667572023,151.53327037096025,63.12000119686127,117.75999999046326,64.07499833405018,159.3199963029474,69.93129867315292,132.36049795150757,79.23750667572023,151.53327037096025,63.12000119686127,117.75999999046326,64.07499833405018,159.3199963029474,69.93129867315292,132.36049795150757
2724786,Monterey,9.1814248437708,-121.704588,36.775133,dry,0.0,79.23750667572023,151.53327037096025,67.62000036239624,131.54000043869019,68.87999911978841,172.6099964324385,67.2044968008995,147.39299750328064,79.23750667572023,151.53327037096025,67.62000036239624,131.54000043869019,68.87999911978841,172.6099964324385,67.2044968008995,147.39299750328064
2724825,Monterey,1.5978470981901989,-121.712818,36.769679,dry,0.0,79.23750667572023,151.53327037096025,67.13000082969666,131.63000082969666,68.87999911978841,172.6099964324385,62.81339757144451,129.51649737358093,79.23750667572023,151.53327037096025,67.13000082969666,131.63000082969666,68.87999911978841,172.6099964324385,62.81339757144451,129.51649737358093
2724822,Monterey,3.701356736237209,-121.708177,36.769336,dry,0.0,79.23750667572023,151.53327037096025,67.34000062942505,131.59142923355103,68.87999911978841,172.6099964324385,62.81339757144451,129.51649737358093,79.23750667572023,151.53327037096025,67.62000036239624,131.54000043869019,68.87999911978841,172.6099964324385,62.81339757144451,129.51649737358093
2724827,Monterey,4.456533502287824,-121.709028,36.77007,dry,0.0,79.23750667572023,151.53327037096025,67.27000069618225,131.60428643226624,68.87999911978841,172.6099964324385,62.81339757144451,129.51649737358093,79.23750667572023,151.53327037096025,67.13000082969666,131.63000082969666,68.87999911978841,172.6099964324385,62.81339757144451,129.51649737358093
2724772,Monterey,4.15247073226409,-121.706617,36.764866,dry,0.0,79.23750667572023,151.53327037096025,63.55000138282776,122.88000130653381,68.87999911978841,172.6099964324385,62.81339757144451,129.51649737358093,79.23750667572023,151.53327037096025,63.55000138282776,122.88000130653381,68.87999911978841,172.6099964324385,62.81339757144451,129.51649737358093
2724800,Monterey,1.2348279683929522,-121.70554,36.765238,dry,0.0,79.23750667572023,151.53327037096025,63.55000138282776,122.88000130653381,68.87999911978841,172.6099964324385,62.81339757144451,129.51649737358093,79.23750667572023,151.53327037096025,63.55000138282776,122.88000130653381,68.87999911978841,172.6099964324385,62.81339757144451,129.51649737358093
2724820,Monterey,0.5650027296029471,-121.704692,36.765667,dry,0.0,79.23750667572023,151.53327037096025,63.55000138282776,122.88000130653381,68.87999911978841,172.6099964324385,62.81339757144451,129.51649737358093,79.23750667572023,151.53327037096025,63.55000138282776,122.88000130653381,68.87999911978841,172.6099964324385,62.81339757144451,129.51649737358093
2724821,Monterey,1.0582126135213037,-121.705087,36.765966,dry,0.0,79.23750667572023,151.53327037096025,63.55000138282776,122.88000130653381,68.87999911978841,172.6099964324385,62.81339757144451,129.51649737358093,79.23750667572023,151.53327037096025,63.55000138282776,122.88000130653381,68.87999911978841,172.6099964324385,62.81339757144451,129.51649737358093
2724914,Monterey,7.336734899898557,-121.744586,36.797037,dry,0.0,79.23750667572023,151.53327037096025,77.34999942779541,144.69000053405762,68.87999911978841,172.6099964324385,61.84649868309498,132.33949756622314,79.23750667572023,151.53327037096025,77.34999942779541,144.69000053405762,68.87999911978841,172.6099964324385,61.84649868309498,132.33949756622314
2724087,Monterey,29.39766390104861,-121.694195,36.843958,dry,0.0,79.23750667572023,151.53327037096025,100.55731609203671,172.2638938218955,68.78499916661531,163.3999965954572,84.8016973733902,168.91129660606384,79.23750667572023,151.53327037096025,98.72000193595886,170.0900011062622,68.78499916661531,163.3999965954572,84.8016973733902,168.91129660606384
2724815,Monterey,0.962237628951918,-121.738597,36.846155,dry,0.0,79.23750667572023,151.53327037096025,102.02000093460083,175.0899999141693,65.42499778792262,177.3949949434027,76.29919791221619,151.43509650230408,79.23750667572023,151.53327037096025,102.02000093460083,175.0899999141693,65.42499778792262,177.3949949434027,76.29919791221619,151.43509650230408
2724872,Monterey,6.612453617086797,-121.78772,36.835394,dry,0.0,79.23750667572023,151.53327037096025,92.25999999046326,168.65999814867973,65.42499778792262,177.3949949434027,85.13939964771271,163.0049946308136,79.23750667572023,151.53327037096025,92.25999999046326,168.65999814867973,65.42499778792262,177.3949949434027,85.13939964771271,163.0049946308136
2724756,Monterey,5.43195047375508,-121.723742,36.905689,dry,0.0,79.23750667572023,151.53327037096025,106.84999966621399,189.35999763011932,69.51999836880714,182.43499598558992,104.31609773635864,198.88559532165527,79.23750667572023,151.53327037096025,106.84999966621399,189.35999763011932,69.51999836880714,182.43499598558992,104.31609773635864,198.88559532165527
2724774,Monterey,10.164128217792088,-121.674349,36.765257,dry,0.0,79.23750667572023,151.53327037096025,63.12000119686127,117.75999999046326,64.07499833405018,159.3199963029474,69.93129867315292,132.36049795150757,79.23750667572023,151.53327037096025,63.12000119686127,117.75999999046326,64.07499833405018,159.3199963029474,69.93129867315292,132.36049795150757
2724823,Monterey,2.214685759315256,-121.707455,36.768512,dry,0.0,79.23750667572023,151.53327037096025,67.62000036239624,131.54000043869019,68.87999911978841,172.6099964324385,62.81339757144451,129.51649737358093,79.23750667572023,151.53327037096025,67.62000036239624,131.54000043869019,68.87999911978841,172.6099964324385,62.81339757144451,129.51649737358093
2724830,Monterey,8.57785835482313,-121.753808,36.752109,dry,0.0,79.23750667572023,151.53327037096025,63.01999807357788,128.37999939918518,68.87999911978841,172.6099964324385,60.21640041237697,124.70359752327204,79.23750667572023,151.53327037096025,63.01999807357788,128.37999939918518,68.87999911978841,172.6099964324385,60.21640041237697,124.70359752327204
2724911,Monterey,4.872969423444962,-121.755647,36.75095,dry,0.0,79.23750667572023,151.53327037096025,63.01999807357788,128.37999939918518,68.87999911978841,172.6099964324385,60.21640041237697,124.70359752327204,79.23750667572023,151.53327037096025,63.01999807357788,128.37999939918518,68.87999911978841,172.6099964324385,60.21640041237697,124.70359752327204
2724889,Monterey,19.580624546076727,-121.697605,36.653945,dry,0.0,79.23750667572023,151.53327037096025,53.63999962806702,91.96000075340271,69.12707791885933,159.58217401914112,66.03359851241112,122.27209771797061,79.23750667572023,151.53327037096025,53.63999962806702,91.96000075340271,69.01499871443957,159.37999580148607,66.03359851241112,122.27209771797061
2724777,Monterey,1.6527140195828056,-121.715223,36.802511,dry,0.0,79.23750667572023,151.53327037096025,84.36000108718872,150.33999872207642,65.42499778792262,177.3949949434027,67.2044968008995,147.39299750328064,79.23750667572023,151.53327037096025,84.36000108718872,150.33999872207642,65.42499778792262,177.3949949434027,67.2044968008995,147.39299750328064
2724099,Monterey,10.978978663677392,-121.693196,36.860251,dry,0.0,79.23750667572023,151.53327037096025,97.0418519090723,167.20296184663417,68.78499916661531,163.3999965954572,96.03489470481873,189.3929944038391,79.23750667572023,151.53327037096025,96.6399998664856,166.68999886512756,68.78499916661531,163.3999965954572,96.03489470481873,189.3929944038391
2724812,Monterey,0.8971110859546187,-121.723065,36.866852,dry,0.0,79.23750667572023,151.53327037096025,103.25000143051147,176.77999866008759,65.42499778792262,177.3949949434027,96.03489470481873,189.3929944038391,79.23750667572023,151.53327037096025,103.25000143051147,176.77999866008759,65.42499778792262,177.3949949434027,96.03489470481873,189.3929944038391
2724100,Monterey,0.8279213803245985,-121.726729,36.887628,dry,0.0,79.23750667572023,151.53327037096025,108.16000175476074,187.1999968290329,65.42499778792262,177.3949949434027,96.03489470481873,189.3929944038391,79.23750667572023,151.53327037096025,108.16000175476074,187.1999968290329,65.42499778792262,177.3949949434027,96.03489470481873,189.3929944038391
2724101,Monterey,1.0203209411321956,-121.727222,36.887486,dry,0.0,79.23750667572023,151.53327037096025,108.16000175476074,187.1999968290329,65.42499778792262,177.3949949434027,96.03489470481873,189.3929944038391,79.23750667572023,151.53327037096025,108.16000175476074,187.1999968290329,65.42499778792262,177.3949949434027,96.03489470481873,189.3929944038391
2724102,Monterey,0.8116530245595415,-121.726102,36.887206,dry,0.0,79.23750667572023,151.53327037096025,108.16000175476074,187.1999968290329,65.42499778792262,177.3949949434027,96.03489470481873,189.3929944038391,79.23750667572023,151.53327037096025,108.16000175476074,187.1999968290329,65.42499778792262,177.3949949434027,96.03489470481873,189.3929944038391
2724862,Monterey,12.97245783625232,-121.767058,36.841014,dry,0.0,79.23750667572023,151.53327037096025,96.40600080490114,171.5747984409332,65.42499778792262,177.3949949434027,76.29919791221619,151.43509650230408,79.23750667572023,151.53327037096025,96.33000087738037,172.1599977016449,65.42499778792262,177.3949949434027,76.29919791221619,151.43509650230408
2724105,Monterey,1.1726151682332635,-121.720555,36.784829,dry,0.0,79.23750667572023,151.53327037096025,74.39999914169312,135.51999950408936,68.87999911978841,172.6099964324385,67.2044968008995,147.39299750328064,79.23750667572023,151.53327037096025,74.39999914169312,135.51999950408936,68.87999911978841,172.6099964324385,67.2044968008995,147.39299750328064
2724106,Monterey,0.8810571391859913,-121.720452,36.784196,dry,0.0,79.23750667572023,151.53327037096025,74.39999914169312,135.51999950408936,68.87999911978841,172.6099964324385,67.2044968008995,147.39299750328064,79.23750667572023,151.53327037096025,74.39999914169312,135.51999950408936,68.87999911978841,172.6099964324385,67.2044968008995,147.39299750328064
2724107,Monterey,0.7628173965708593,-121.720574,36.783672,dry,0.0,79.23750667572023,151.53327037096025,74.39999914169312,135.51999950408936,68.87999911978841,172.6099964324385,67.2044968008995,147.39299750328064,79.23750667572023,151.53327037096025,74.39999914169312,135.51999950408936,68.87999911978841,172.6099964324385,67.2044968008995,147.39299750328064
2724108,Monterey,0.7734942243787742,-121.721579,36.78412,dry,0.0,79.23750667572023,151.53327037096025,74.39999914169312,135.51999950408936,68.87999911978841,172.6099964324385,67.2044968008995,147.39299750328064,79.23750667572023,151.53327037096025,74.39999914169312,135.51999950408936,68.87999911978841,172.6099964324385,67.2044968008995,147.39299750328064
2724109,Monterey,0.4223296477675171,-121.722126,36.784486,dry,0.0,79.23750667572023,151.53327037096025,72.30000162124634,133.2099997997284,68.87999911978841,172.6099964324385,67.2044968008995,147.39299750328064,79.23750667572023,151.53327037096025,72.30000162124634,133.2099997997284,68.87999911978841,172.6099964324385,67.2044968008995,147.39299750328064
2724110,Monterey,0.2160097252263234,-121.721503,36.784827,dry,0.0,,,,,,,,,79.23750667572023,151.53327037096025,74.39999914169312,135.51999950408936,68.87999911978841,172.6099964324385,67.2044968008995,147.39299750328064
2706910,Monterey,22.572793988214123,-121.238793,36.348356,dry,0.0,81.81465446949005,298.9440101146698,79.85000002384186,232.6100034713745,60.79499866068363,146.92499730549753,62.8003990650177,141.65129828453064,81.81465446949005,298.9440101146698,79.85000002384186,232.6100034713745,60.79499866068363,146.92499730549753,62.8003990650177,141.65129828453064
2724418,Monterey,1.8300241609391408,-121.687268,36.856659,dry,0.0,79.23750667572023,151.53327037096025,96.6399998664856,166.68999886512756,68.78499916661531,163.3999965954572,96.03489470481873,189.3929944038391,79.23750667572023,151.53327037096025,96.6399998664856,166.68999886512756,68.78499916661531,163.3999965954572,96.03489470481873,189.3929944038391
2724419,Monterey,1.5894800949623171,-121.688147,36.85789,dry,0.0,79.23750667572023,151.53327037096025,96.18500006198884,166.61500012874606,68.78499916661531,163.3999965954572,96.03489470481873,189.3929944038391,79.23750667572023,151.53327037096025,95.73000025749207,166.5400013923645,68.78499916661531,163.3999965954572,96.03489470481873,189.3929944038391
2725948,Monterey,14.771063213061876,-121.706384,36.746225,dry,0.0,79.23750667572023,151.53327037096025,60.690000772476196,115.73000049591064,68.87999911978841,172.6099964324385,62.81339757144451,129.51649737358093,79.23750667572023,151.53327037096025,60.690000772476196,115.73000049591064,68.87999911978841,172.6099964324385,62.81339757144451,129.51649737358093
2725949,Monterey,0.83604401392056,-121.705866,36.743943,dry,0.0,79.23750667572023,151.53327037096025,60.690000772476196,115.73000049591064,68.87999911978841,172.6099964324385,62.81339757144451,129.51649737358093,79.23750667572023,151.53327037096025,60.690000772476196,115.73000049591064,68.87999911978841,172.6099964324385,62.81339757144451,129.51649737358093
2725950,Monterey,0.1530359914697565,-121.705694,36.744603,dry,0.0,,,,,,,,,79.23750667572023,151.53327037096025,60.690000772476196,115.73000049591064,68.87999911978841,172.6099964324385,62.81339757144451,129.51649737358093
2726554,Monterey,6.060109856071165,-121.687164,36.903269,dry,0.0,79.23750667572023,151.53327037096025,106.88749871775508,185.66562470793727,66.27499858662486,167.63999602384865,104.73951955884695,200.20701733231544,79.23750667572023,151.53327037096025,107.1499981880188,186.3999993801117,66.27499858662486,167.63999602384865,104.31609773635864,198.88559532165527
2726556,Monterey,2.59472337242424,-121.774053,36.882505,reference (flooded),0.986936681678547,79.23750667572023,151.53327037096025,105.5799994468689,188.13999593257904,65.42499778792262,177.3949949434027,97.86939859390259,183.5908932685852,79.23750667572023,151.53327037096025,105.5799994468689,188.13999593257904,65.42499778792262,177.3949949434027,97.86939859390259,183.5908932685852
2726568,Monterey,3.397740234195094,-121.77307,36.882263,reference (flooded),0.884420620437956,79.23750667572023,151.53327037096025,105.5799994468689,188.13999593257904,65.42499778792262,177.3949949434027,97.86939859390259,183.5908932685852,79.23750667572023,151.53327037096025,105.5799994468689,188.13999593257904,65.42499778792262,177.3949949434027,97.86939859390259,183.5908932685852
2726604,Monterey,12.786007509614343,-121.763004,36.883809,reference (flooded),1.0,79.23750667572023,151.53327037096025,105.46153844686656,185.20738406914933,65.42499778792262,177.3949949434027,92.34999752044678,176.18079566955566,79.23750667572023,151.53327037096025,105.48000001907349,185.13999938964844,65.42499778792262,177.3949949434027,92.34999752044678,176.18079566955566
2726547,Monterey,23.594859618117244,-121.752847,36.887581,reference (flooded),0.6949303222758765,79.23750667572023,151.53327037096025,103.6900007724762,186.11000037193298,65.42499778792262,177.3949949434027,92.34999752044678,176.18079566955566,79.23750667572023,151.53327037096025,103.6900007724762,186.11000037193298,65.42499778792262,177.3949949434027,92.34999752044678,176.18079566955566
2726581,Monterey,9.509533318953126,-121.756181,36.88345,reference (flooded),0.9759856776661108,79.23750667572023,151.53327037096025,105.83999872207642,185.26999974250793,65.42499778792262,177.3949949434027,92.34999752044678,176.18079566955566,79.23750667572023,151.53327037096025,105.83999872207642,185.26999974250793,65.42499778792262,177.3949949434027,92.34999752044678,176.18079566955566
2726550,Monterey,14.249639977309704,-121.751794,36.885112,reference (flooded),1.0,79.23750667572023,151.53327037096025,104.66466650962828,185.7292000865936,65.42499778792262,177.3949949434027,92.34999752044678,176.18079566955566,79.23750667572023,151.53327037096025,103.6900007724762,186.11000037193298,65.42499778792262,177.3949949434027,92.34999752044678,176.18079566955566
2727142,Monterey,2.6233783388098577,-121.739143,36.885991,dry,0.0,79.23750667572023,151.53327037096025,106.46000075340271,185.6899995803833,65.42499778792262,177.3949949434027,92.34999752044678,176.18079566955566,79.23750667572023,151.53327037096025,106.46000075340271,185.6899995803833,65.42499778792262,177.3949949434027,92.34999752044678,176.18079566955566
2726570,Monterey,4.884537565446844,-121.749073,36.88201,reference (flooded),0.894953525564898,79.23750667572023,151.53327037096025,105.83999872207642,185.26999974250793,65.42499778792262,177.3949949434027,92.34999752044678,176.18079566955566,79.23750667572023,151.53327037096025,105.83999872207642,185.26999974250793,65.42499778792262,177.3949949434027,92.34999752044678,176.18079566955566
2725965,Monterey,1.289428463365199,-121.666459,36.877471,dry,0.0,79.23750667572023,151.53327037096025,106.95999908447266,183.24999964237213,68.78499916661531,163.3999965954572,91.63209509849548,192.11849355697632,79.23750667572023,151.53327037096025,106.95999908447266,183.24999964237213,68.78499916661531,163.3999965954572,91.63209509849548,192.11849355697632
2725966,Monterey,0.2998202507983356,-121.665634,36.877504,dry,0.0,,,,,,,,,79.23750667572023,151.53327037096025,106.95999908447266,183.24999964237213,68.78499916661531,163.3999965954572,91.63209509849548,192.11849355697632
2725967,Monterey,0.1656770985151769,-121.665529,36.877178,dry,0.0,79.23750667572023,151.53327037096025,106.95999908447266,183.24999964237213,68.78499916661531,163.3999965954572,91.63209509849548,192.11849355697632,79.23750667572023,151.53327037096025,106.95999908447266,183.24999964237213,68.78499916661531,163.3999965954572,91.63209509849548,192.11849355697632
2726539,Monterey,1.7137543728353273,-121.793505,36.862915,reference (flooded),0.7078727723889012,79.23750667572023,151.53327037096025,100.87000107765198,184.08999909460545,65.42499778792262,177.3949949434027,97.86939859390259,183.5908932685852,79.23750667572023,151.53327037096025,100.87000107765198,184.08999909460545,65.42499778792262,177.3949949434027,97.86939859390259,183.5908932685852
2726589,Monterey,2.066884493950889,-121.794034,36.86219,reference (flooded),0.907636990149444,79.23750667572023,151.53327037096025,100.87000107765198,184.08999909460545,65.42499778792262,177.3949949434027,97.86939859390259,183.5908932685852,79.23750667572023,151.53327037096025,100.87000107765198,184.08999909460545,65.42499778792262,177.3949949434027,97.86939859390259,183.5908932685852
2725976,Monterey,0.3233868892751399,-121.718799,36.858023,dry,0.0,79.23750667572023,151.53327037096025,99.10000038146973,170.55999755859375,65.42499778792262,177.3949949434027,96.03489470481873,189.3929944038391,79.23750667572023,151.53327037096025,99.10000038146973,170.55999755859375,65.42499778792262,177.3949949434027,96.03489470481873,189.3929944038391
2726486,Monterey,0.3928743429809,-121.719058,36.855873,dry,0.0,79.23750667572023,151.53327037096025,99.10000038146973,170.55999755859375,65.42499778792262,177.3949949434027,96.03489470481873,189.3929944038391,79.23750667572023,151.53327037096025,99.10000038146973,170.55999755859375,65.42499778792262,177.3949949434027,96.03489470481873,189.3929944038391
2726482,Monterey,0.1755594109468256,-121.703382,36.866347,dry,0.0,,,,,,,,,79.23750667572023,151.53327037096025,100.98000192642212,172.22999906539917,65.42499778792262,177.3949949434027,96.03489470481873,189.3929944038391
2726442,Monterey,3.430157398511535,-121.704895,36.858301,dry,0.0,79.23750667572023,151.53327037096025,99.19529363688301,169.3611746675828,65.42499778792262,177.3949949434027,96.03489470481873,189.3929944038391,79.23750667572023,151.53327037096025,99.21000027656555,169.76999819278717,65.42499778792262,177.3949949434027,96.03489470481873,189.3929944038391
2726443,Monterey,3.1972397070606307,-121.70334,36.858779,dry,0.0,79.23750667572023,151.53327037096025,99.21000027656555,169.76999819278717,65.42499778792262,177.3949949434027,96.03489470481873,189.3929944038391,79.23750667572023,151.53327037096025,99.21000027656555,169.76999819278717,65.42499778792262,177.3949949434027,96.03489470481873,189.3929944038391
2725982,Monterey,13.915307516933698,-121.796044,36.846526,dry,0.0,79.23750667572023,151.53327037096025,94.33999967575073,174.15000095963478,65.42499778792262,177.3949949434027,85.13939964771271,163.0049946308136,79.23750667572023,151.53327037096025,94.33999967575073,174.15000095963478,65.42499778792262,177.3949949434027,85.13939964771271,163.0049946308136
2726590,Monterey,6.926150473388751,-121.751869,36.847796,dry,0.0,79.23750667572023,151.53327037096025,95.08000087738037,166.38000178337097,65.42499778792262,177.3949949434027,76.29919791221619,151.43509650230408,79.23750667572023,151.53327037096025,95.08000087738037,166.38000178337097,65.42499778792262,177.3949949434027,76.29919791221619,151.43509650230408
2726623,Monterey,0.6577638377849763,-121.708823,36.851381,dry,0.0,79.23750667572023,151.53327037096025,103.60999822616577,175.35000038146973,65.42499778792262,177.3949949434027,84.8016973733902,168.91129660606384,79.23750667572023,151.53327037096025,103.60999822616577,175.35000038146973,65.42499778792262,177.3949949434027,84.8016973733902,168.91129660606384
2726559,Monterey,0.1095623210076874,-121.67048,36.849979,dry,0.0,,,,,,,,,79.23750667572023,151.53327037096025,100.06999778747559,173.26000118255615,68.78499916661531,163.3999965954572,92.7891993522644,183.41999793052673
2726576,Monterey,0.2539227071474774,-121.790454,36.826297,dry,0.0,,,,,,,,,79.23750667572023,151.53327037096025,87.9800009727478,165.24000042676926,65.42499778792262,177.3949949434027,85.13939964771271,163.0049946308136
2726532,Monterey,0.2246724248581074,-121.78956,36.826296,dry,0.0,,,,,,,,,79.23750667572023,151.53327037096025,87.9800009727478,165.24000042676926,65.42499778792262,177.3949949434027,85.13939964771271,163.0049946308136
2726665,Monterey,9.41257250768291,-121.09542,36.098016,dry,0.0,81.81465446949005,298.9440101146698,103.5290905399756,235.13136439973658,64.84636230605909,142.44090581566772,84.75189727335237,201.62229204177856,81.81465446949005,298.9440101146698,104.27999925613403,237.260000705719,63.95999876316637,142.79999660886824,84.75189727335237,201.62229204177856
2726514,Monterey,1.1135835660813982,-121.696077,36.81357,dry,0.0,79.23750667572023,151.53327037096025,89.99999809265137,162.97999954223633,68.78499916661531,163.3999965954572,84.8016973733902,168.91129660606384,79.23750667572023,151.53327037096025,89.99999809265137,162.97999954223633,68.78499916661531,163.3999965954572,84.8016973733902,168.91129660606384
2726507,Monterey,1.0609643621329017,-121.720289,36.80323,dry,0.0,79.23750667572023,151.53327037096025,80.08999872207642,143.81000018119812,65.42499778792262,177.3949949434027,67.2044968008995,147.39299750328064,79.23750667572023,151.53327037096025,80.08999872207642,143.81000018119812,65.42499778792262,177.3949949434027,67.2044968008995,147.39299750328064
2726035,Monterey,0.5723537464534156,-121.705767,36.799272,dry,0.0,79.23750667572023,151.53327037096025,79.10000228881836,140.36999988555908,68.87999911978841,172.6099964324385,67.2044968008995,147.39299750328064,79.23750667572023,151.53327037096025,79.10000228881836,140.36999988555908,68.87999911978841,172.6099964324385,67.2044968008995,147.39299750328064
2726619,Monterey,5.720010108530923,-121.76474,36.790489,dry,0.0,79.23750667572023,151.53327037096025,75.66000008583069,145.83000111579895,68.87999911978841,172.6099964324385,61.84649868309498,132.33949756622314,79.23750667572023,151.53327037096025,75.66000008583069,145.83000111579895,68.87999911978841,172.6099964324385,61.84649868309498,132.33949756622314
2726039,Monterey,0.1425062490994678,-121.716571,36.78579,dry,0.0,79.23750667572023,151.53327037096025,74.39999914169312,135.51999950408936,68.87999911978841,172.6099964324385,67.2044968008995,147.39299750328064,79.23750667572023,151.53327037096025,74.39999914169312,135.51999950408936,68.87999911978841,172.6099964324385,67.2044968008995,147.39299750328064
2726040,Monterey,0.1027460789865298,-121.71614,36.785362,dry,0.0,,,,,,,,,79.23750667572023,151.53327037096025,74.39999914169312,135.51999950408936,68.87999911978841,172.6099964324385,67.2044968008995,147.39299750328064
2726645,Monterey,3.123466986677738,-121.695245,36.77987,dry,0.0,79.23750667572023,151.53327037096025,68.78000068664551,133.29000186920166,64.07499833405018,159.3199963029474,67.2044968008995,147.39299750328064,79.23750667572023,151.53327037096025,68.78000068664551,133.29000186920166,64.07499833405018,159.3199963029474,67.2044968008995,147.39299750328064
2726045,Monterey,1.114424194233843,-121.670162,36.769993,dry,0.0,79.23750667572023,151.53327037096025,65.94000053405762,122.19000005722046,64.07499833405018,159.3199963029474,69.93129867315292,132.36049795150757,79.23750667572023,151.53327037096025,65.94000053405762,122.19000005722046,64.07499833405018,159.3199963029474,69.93129867315292,132.36049795150757
2726592,Monterey,4.343516347707152,-121.704051,36.758181,dry,0.0,79.23750667572023,151.53327037096025,61.8783996295929,118.34880031585693,68.87999911978841,172.6099964324385,62.81339757144451,129.51649737358093,79.23750667572023,151.53327037096025,61.79999923706055,118.64000010490417,68.87999911978841,172.6099964324385,62.81339757144451,129.51649737358093
2726555,Monterey,2.274624940657674,-121.705868,36.758188,dry,0.0,79.23750667572023,151.53327037096025,61.79999923706055,118.64000010490417,68.87999911978841,172.6099964324385,62.81339757144451,129.51649737358093,79.23750667572023,151.53327037096025,61.79999923706055,118.64000010490417,68.87999911978841,172.6099964324385,62.81339757144451,129.51649737358093
2726046,Monterey,9.972233780814529,-121.63886,36.759225,dry,0.0,79.23750667572023,151.53327037096025,65.23000073432922,119.18000078201294,64.07499833405018,159.3199963029474,75.66589742898941,145.40639805793762,79.23750667572023,151.53327037096025,65.23000073432922,119.18000078201294,64.07499833405018,159.3199963029474,75.66589742898941,145.40639805793762
2726047,Monterey,7.755213764884565,-121.639548,36.756107,dry,0.0,79.23750667572023,151.53327037096025,65.03941188139073,119.16058869922863,64.07499833405018,159.3199963029474,75.66589742898941,145.40639805793762,79.23750667572023,151.53327037096025,65.23000073432922,119.18000078201294,64.07499833405018,159.3199963029474,75.66589742898941,145.40639805793762
2726048,Monterey,2.010212910122964,-121.638491,36.751333,dry,0.0,79.23750667572023,151.53327037096025,64.54999899864197,117.36999893188477,64.07499833405018,159.3199963029474,75.66589742898941,145.40639805793762,79.23750667572023,151.53327037096025,64.54999899864197,117.36999893188477,64.07499833405018,159.3199963029474,75.66589742898941,145.40639805793762
2726049,Monterey,7.115395254502699,-121.637414,36.752118,dry,0.0,79.23750667572023,151.53327037096025,64.54999899864197,117.36999893188477,64.07499833405018,159.3199963029474,75.66589742898941,145.40639805793762,79.23750667572023,151.53327037096025,64.54999899864197,117.36999893188477,64.07499833405018,159.3199963029474,75.66589742898941,145.40639805793762
2726566,Monterey,1.4996605113406147,-121.661462,36.72911,dry,0.0,79.23750667572023,151.53327037096025,59.639999866485596,107.30999946594238,64.07499833405018,159.3199963029474,69.93129867315292,132.36049795150757,79.23750667572023,151.53327037096025,59.639999866485596,107.30999946594238,64.07499833405018,159.3199963029474,69.93129867315292,132.36049795150757
2700801,Monterey,34.689461740358,-121.776597,36.718467,dry,0.0,79.23750667572023,151.53327037096025,60.27309074026813,125.1818543110001,68.87999911978841,172.6099964324385,52.11849948763847,110.21159622073174,79.23750667572023,151.53327037096025,60.43000078201294,125.99000036716461,68.87999911978841,172.6099964324385,52.11849948763847,110.21159622073174
2726662,Monterey,3.491117875379804,-121.727676,36.674697,reference (flooded),0.3148123354308921,79.23750667572023,151.53327037096025,54.71952408836001,100.33238142303058,74.6749985376373,169.58999579306692,66.03359851241112,122.27209771797061,79.23750667572023,151.53327037096025,54.72000026702881,100.40000049769878,74.6749985376373,169.58999579306692,66.03359851241112,122.27209771797061
2726253,Monterey,12.682193212174525,-121.582782,36.675239,dry,0.0,79.23750667572023,151.53327037096025,58.27999925613403,88.69999980926514,64.07999862823635,150.48499644175172,71.53239694237709,128.10999476909637,79.23750667572023,151.53327037096025,58.27999925613403,88.69999980926514,64.07999862823635,150.48499644175172,71.53239694237709,128.10999476909637
2726269,Monterey,2.2334280499839307,-121.55282,36.667517,dry,0.0,79.23750667572023,151.53327037096025,58.58000028133392,83.10999965667725,64.07999862823635,150.48499644175172,76.20259749889374,152.93039798736572,79.23750667572023,151.53327037096025,58.58000028133392,83.10999965667725,64.07999862823635,150.48499644175172,76.20259749889374,152.93039798736572
2726573,Monterey,1.686332708274059,-121.705993,36.645829,dry,0.0,79.23750667572023,151.53327037096025,53.32000017166138,92.58999943733215,74.6749985376373,169.58999579306692,68.59399959445,131.02819800376892,79.23750667572023,151.53327037096025,53.32000017166138,92.58999943733215,74.6749985376373,169.58999579306692,68.59399959445,131.02819800376892
2726265,Monterey,1.3218112683285903,-121.668743,36.635322,dry,0.0,79.23750667572023,151.53327037096025,54.12000036239624,88.75,69.01499871443957,159.37999580148607,71.37129786610603,131.64919638633728,79.23750667572023,151.53327037096025,54.12000036239624,88.75,69.01499871443957,159.37999580148607,71.37129786610603,131.64919638633728
2726503,Monterey,10.081440763675213,-121.665206,36.828604,dry,0.0,79.23750667572023,151.53327037096025,93.46999835968018,170.98000049591064,68.78499916661531,163.3999965954572,92.7891993522644,183.41999793052673,79.23750667572023,151.53327037096025,93.46999835968018,170.98000049591064,68.78499916661531,163.3999965954572,92.7891993522644,183.41999793052673
2726120,Monterey,0.3457781492311228,-121.700769,36.868637,dry,0.0,79.23750667572023,151.53327037096025,109.09999966621399,184.22000432014465,65.42499778792262,177.3949949434027,96.03489470481873,189.3929944038391,79.23750667572023,151.53327037096025,109.09999966621399,184.22000432014465,65.42499778792262,177.3949949434027,96.03489470481873,189.3929944038391
2727190,Monterey,1.1964571820740455,-121.711174,36.775066,dry,0.0,79.23750667572023,151.53327037096025,67.13000082969666,131.63000082969666,68.87999911978841,172.6099964324385,67.2044968008995,147.39299750328064,79.23750667572023,151.53327037096025,67.13000082969666,131.63000082969666,68.87999911978841,172.6099964324385,67.2044968008995,147.39299750328064
2714782,Monterey,54.71164351805384,-121.767953,36.857979,dry,0.0,79.23750667572023,151.53327037096025,103.57000041007996,181.9000015258789,65.42499778792262,177.3949949434027,92.34999752044678,176.18079566955566,79.23750667572023,151.53327037096025,103.57000041007996,181.9000015258789,65.42499778792262,177.3949949434027,92.34999752044678,176.18079566955566
2726144,Monterey,115.69689453799748,-121.770829,36.697504,dry,0.0,79.23750667572023,151.53327037096025,59.26218952875747,121.22865339943053,74.15793630001778,169.8594571295765,55.016441686336044,113.04675445311801,79.23750667572023,151.53327037096025,59.45000076293945,122.15000081062317,74.6749985376373,169.58999579306692,57.39879907667637,115.37749803066254
