unit_id,is_unit,sequence,COUNTY,ACRES,lon,lat,elev_m,km_to_river,t20_peak_date,crop_sequence,truth,opt15,clear15,s1_vv,s1_vh,s1_both,pre_vv,post_vv,d_vv,d_vv_31,base_vv,base_vh,pre_ndvi,post_ndvi,d_ndvi,pre_n,post_n,image_trigger,cpc_event,prism_event,daymet_event,imerg_event,cpc_jan,prism_jan,daymet_jan,imerg_jan,rain_spread_mm
4400056,True,A,Santa Cruz,1.1747717001291642,-121.825596,36.882558,39.09754941182148,2.0927315471939445,,T20,unknown,0.0,0.0,0.0266974291364535,0.0226104152933421,0.0,-16.163312914315696,-16.236866573623516,-0.0735536593078194,0.5440785485340918,0.8748187211601847,0.9186552406064604,0.3809101536565497,0.4132116863836799,0.0323015327271302,6.0,14.0,False,79.23750667572023,109.97149848937988,112.0700011253357,67.69999848026782,151.53327037096025,193.0911934375763,209.69000244140625,191.6849961988628,44.37000264506787
4400044,False,B,Santa Cruz,2.709339461780984,-121.819046,36.909184,,,2022-10-27,T20 > G6,not a unit (sequence B/C),,,,,,,,,,,,,,,,,False,,,,,,,,,
4400039,True,A,Santa Cruz,1.9784949112048005,-121.70246,36.950744,76.75423317427216,2.774527976248533,,T20,unknown,0.0,0.0,0.0,0.0074495885174928,0.0,-11.678465484317533,-10.781956994881645,0.8965084894358881,1.359149870391171,0.0,0.0099457857170716,0.3978427521972493,0.3856409746437058,-0.0122017775535435,4.3617925816139484,10.367721049962949,False,79.23750667572023,153.09749460220337,121.9400029182434,69.51999836880714,151.53327037096025,282.29499101638794,218.49999928474423,182.43499598558992,83.57749623339623
4400035,True,A,Santa Cruz,0.8260566718763551,-121.789214,37.007027,164.73126882112336,0.4031027018174234,,T20,not_flooded,0.0,1.0,0.0,0.0,0.0,-6.4749282219711,-6.038332173141665,0.4365960488294345,1.794158990327257,0.0,0.0,0.2470691320292576,0.2581450007984795,0.0110758687692218,10.99990648087534,25.87533900682689,False,93.41878204345704,176.05749702453613,143.0500030517578,76.09999848809093,265.14551376700405,337.0701928138733,286.07000279426575,179.06999479606748,99.9574985364452
4400034,False,B,Santa Cruz,2.62193173949802,-121.75989,36.978506,,,2023-02-23,T20 > X,not a unit (sequence B/C),,,,,,,,,,,,,,,,,False,,,,,,,,,
4400031,True,A,Santa Cruz,2.096335212996828,-121.813282,36.886611,42.48050622582428,0.996631576199074,,T20,not_flooded,0.0,1.0,0.0,0.0024312974287187,0.0,-16.110467475554564,-14.489474602169429,1.6209928733851378,0.7838656990835027,0.8389449642672953,0.9959846754586312,0.4231709306333004,0.4229663614849786,-0.0002045691483217,6.212554335813747,14.0,False,79.23750667572023,109.97149848937988,110.84999990463255,67.69999848026782,151.53327037096025,193.0911934375763,204.6899991035461,191.6849961988628,43.15000142436473
4400011,True,A,Santa Cruz,2.0745258346942586,-121.810757,36.884994,31.758190729294,0.7719143504420471,,T20,unknown,0.0,0.0,0.0,0.0178644840602459,0.0,-16.03842556501163,-14.444467774369716,1.5939577906419142,1.7285243866414053,0.7759091078969991,0.6645363830025788,0.4925652060508905,0.4851444723450664,-0.0074207337058241,6.833800500803528,14.0,False,79.23750667572023,97.8693985939026,110.84999990463255,67.69999848026782,151.53327037096025,183.5908932685852,204.6899991035461,191.6849961988628,43.15000142436473
4400006,True,A,Santa Cruz,3.733910958486627,-121.808163,36.953073,72.33688950006096,0.3534609464413662,,T20,not_flooded,0.0,1.0,0.0,0.0,0.0,-9.364836125088276,-8.965364455990661,0.3994716690976148,0.5618822531601531,0.0,0.0052836600223778,0.4423225843320015,0.3863778953442379,-0.0559446889877636,12.0,28.0,False,79.23750667572023,138.15709829330444,128.98000240325928,76.7449983721599,151.53327037096025,250.71009016036987,243.3299998044968,187.7149960519746,61.412099921144545
4400005,True,A,Santa Cruz,2.4051222358338857,-121.810058,36.887064,29.30135864622708,0.7096802755103228,,T20,unknown,0.0,0.0,0.0,0.0004181274323759,0.0,-15.472422758381777,-13.820172999092506,1.652249759289269,1.2465158847022728,0.6179280177543341,0.8832459554211831,0.3849940199608289,0.3896244547086701,0.0046304347478411,6.851146634074172,14.0,False,79.23750667572023,97.8693985939026,110.84999990463255,67.69999848026782,151.53327037096025,183.5908932685852,204.6899991035461,191.6849961988628,43.15000142436473
4400004,True,A,Santa Cruz,2.213606540389561,-121.817612,36.880117,34.46059975744677,1.3878655354326792,,T20,unknown,0.0,0.0434888919938521,0.0,0.0208537096548833,0.0,-15.17338000687721,-13.538342675978845,1.6350373308983652,1.120124176026298,0.5423711052116809,0.939569652088864,0.4810310395004294,0.4646507702373302,-0.0163802692630992,6.0,14.0,False,79.23750667572023,109.97149848937988,107.05999946594238,67.69999848026782,151.53327037096025,193.0911934375763,202.0200023651123,191.6849961988628,42.27150000911206
4404583,False,B,Santa Cruz,5.365063792687872,-121.81658,36.908992,,,2022-10-19,T20 > G6,not a unit (sequence B/C),,,,,,,,,,,,,,,,,False,,,,,,,,,
4404078,True,A,Santa Cruz,1.143365312959088,-121.803784,36.890408,14.210814661773709,0.151269407276131,,T20,unknown,0.0,0.0069274653626731,0.0,0.2553653898397174,0.0,-13.955560162220989,-12.652489102004363,1.3030710602166238,1.0004395734313736,0.1731866340668296,0.5011545775604456,0.3904003657398585,0.4451588232680463,0.0547584575281878,6.710065199674004,14.0,False,79.23750667572023,97.8693985939026,106.75000071525574,67.69999848026782,151.53327037096025,183.5908932685852,197.81000089645383,191.6849961988628,39.050002234987915
4404056,False,B,Santa Cruz,0.9439343763757224,-121.817448,36.909305,,,2022-10-26,T20 > G6,not a unit (sequence B/C),,,,,,,,,,,,,,,,,False,,,,,,,,,
4404045,True,A,Santa Cruz,1.8058301089394413,-121.81142,36.886309,35.592567730590325,0.8309104905560569,,T20,unknown,0.0,0.0281425088747273,0.0,0.0,0.0,-15.45496529658428,-13.937687942537702,1.5172773540465787,1.7981973740216546,0.6384671314315042,0.7732774475001069,0.4123209830830642,0.3803061172088908,-0.0320148658741734,6.923484880886191,14.0,False,79.23750667572023,97.8693985939026,110.84999990463255,67.69999848026782,151.53327037096025,183.5908932685852,204.6899991035461,191.6849961988628,43.15000142436473
4405090,False,B,Santa Cruz,7.247370836678657,-121.781338,36.886436,,,2022-10-19,T20 > X,not a unit (sequence B/C),,,,,,,,,,,,,,,,,False,,,,,,,,,
4405091,True,A,Santa Cruz,6.045885519061699,-121.818781,36.922842,70.41693630897274,1.4853522358652789,,T20,unknown,0.0,0.0,0.0012664057103384,0.0107580525494409,0.0001407117455931,-10.879627784771078,-10.444524484190069,0.4351033005810105,0.0637519170442235,0.0780950188042059,0.4119784071430396,0.3042450993738496,0.4103092756663218,0.1060641762924721,6.638051014403762,14.0,False,79.23750667572023,134.08640003204346,125.01999759674072,76.7449983721599,151.53327037096025,240.0761926174164,229.32999597489837,187.7149960519746,57.34140165988356
4405093,False,B,Santa Cruz,28.306909023465963,-121.825588,36.897488,,,2022-11-03,T20 > X,not a unit (sequence B/C),,,,,,,,,,,,,,,,,False,,,,,,,,,
4403743,True,A,Santa Cruz,8.604928773349535,-121.797137,36.919001,35.053853937800106,0.4401409791050245,,T20,unknown,0.0,0.2018543592686579,0.0,0.0,0.0,-5.9263313123928105,-5.468895196389283,0.4574361160035272,0.8963235157726892,0.0,0.0,0.4607008180993184,0.4470824381859631,-0.0136183799133552,6.0,14.0,False,79.23750667572023,120.51449966430664,115.53000116348268,69.51999836880714,151.53327037096025,212.02269220352173,212.82999968528748,182.43499598558992,50.994501295499504
4403738,True,A,Santa Cruz,1.065323431843525,-121.821895,36.883378,32.71341641367198,1.763293220391838,,T20,not_flooded,0.0,1.0,0.0,0.2093210418495757,0.0,-16.091436338457132,-14.100899632018448,1.9905367064386856,4.598018572175221,0.7601697395376061,0.8030436055019022,0.3468341439207955,0.4684663327715536,0.1216321888507581,6.0,14.0,False,79.23750667572023,109.97149848937988,112.0700011253357,67.69999848026782,151.53327037096025,193.0911934375763,209.69000244140625,191.6849961988628,44.37000264506787
4403731,True,A,Santa Cruz,0.841192333768267,-121.826998,36.914312,84.59478371326973,2.0521673350789893,,T20,unknown,0.0,0.0,0.0,0.0,0.0,-14.36787770189395,-13.183142488724258,1.1847352131696915,1.7253453527059437,0.2034333975947856,0.9831084182502524,0.4094745908546389,0.382684921932146,-0.0267896689224929,8.0,14.0,False,79.23750667572023,134.08640003204346,122.6900029182434,76.7449983721599,151.53327037096025,240.0761926174164,223.79000115394592,187.7149960519746,57.34140165988356
4403728,True,A,Santa Cruz,1.0258012467241109,-121.82917,36.916867,65.3190032301814,2.3562298221821365,,T20,unknown,0.0,0.0,0.0,0.0,0.0,-13.017854238110225,-12.00022282642691,1.017631411683313,0.7805259886426654,0.2696485141046915,0.3097752300497813,0.5378680513048625,0.4716715155741733,-0.0661965357306891,8.0,14.0,False,79.23750667572023,134.08640003204346,122.6900029182434,76.7449983721599,151.53327037096025,240.0761926174164,223.79000115394592,187.7149960519746,57.34140165988356
4403726,True,A,Santa Cruz,0.8082009305459148,-121.701971,36.951819,85.79710237647795,2.882864182661372,,T20,unknown,0.0,0.0,0.0,0.0,0.0,-10.98134461206622,-9.961074435391266,1.0202701766749538,1.66892516732816,0.0,0.0,0.6016068236886252,0.4523154438801617,-0.1492913798084634,6.0,14.0,False,79.23750667572023,153.09749460220337,121.9400029182434,69.51999836880714,151.53327037096025,282.29499101638794,218.49999928474423,182.43499598558992,83.57749623339623
4403725,True,A,Santa Cruz,4.45275772278153,-121.684327,36.925496,19.393998936406213,1.7398512631920275,,T20,unknown,0.0,0.0,0.0,0.0144972828445926,0.0,-12.914074477400018,-11.873043446210042,1.0410310311899753,0.821736150303094,0.0386652082573745,0.6169418546104831,0.085705454978624,0.1863859766104641,0.10068052163184,3.0,8.0,False,79.23750667572023,107.0259974002838,109.92000138759612,66.27499858662486,151.53327037096025,207.3426961898804,196.69000148773196,167.63999602384865,43.645002800971255
4403724,False,B,Santa Cruz,6.453554185767045,-121.820402,36.906387,,,2022-10-25,T20 > G6,not a unit (sequence B/C),,,,,,,,,,,,,,,,,False,,,,,,,,,
4404030,True,A,Santa Cruz,10.332055546948308,-121.852279,36.930425,33.748852820242824,3.600898463136688,,T20,unknown,0.0,0.0,0.0,0.0150880134115674,0.0,-10.835012858010703,-10.773893340071362,0.0611195179393426,0.4421585647017956,0.0,0.022901448928272,0.5192371001802791,0.470233901494289,-0.0490031986859901,8.0,15.73440306550114,False,79.23750667572023,127.87199854850768,124.39999747276306,76.7449983721599,151.53327037096025,235.97699284553528,242.3099989891052,187.7149960519746,51.12700017634778
4405096,True,A,Santa Cruz,1.6257873710425554,-121.826923,36.90692,65.37693797594183,1.8410717590835275,,T20,unknown,0.0,0.0,0.0,0.0365538990825688,0.0,-11.006200833699442,-10.52407004968282,0.4821307840166202,0.4744173558903437,0.0,0.4867163608562692,0.3708716737446788,0.367139829897296,-0.0037318438473828,8.0,14.0,False,79.23750667572023,134.08640003204346,117.87000274658205,76.7449983721599,151.53327037096025,240.0761926174164,220.7500021457672,187.7149960519746,57.34140165988356
4403991,True,A,Santa Cruz,1.4359245503271898,-121.812029,36.889392,27.02489206977688,0.8850778523779932,,T20,not_flooded,0.0,1.0,0.0,0.0002680821403678,0.0,-14.637199165597412,-13.54062076281352,1.0965784027838923,0.1659076714893004,0.4018015119832718,0.9262237949707792,0.4423467087161478,0.3998299844223058,-0.042516724293842,7.210927028041393,14.0,False,79.23750667572023,109.97149848937988,110.84999990463255,67.69999848026782,151.53327037096025,193.0911934375763,204.6899991035461,191.6849961988628,43.15000142436473
4403956,True,A,Santa Cruz,2.8003072492588,-121.824164,36.880757,41.15862160654286,1.966080706992568,,T20,not_flooded,0.0,0.8807331863285555,0.0,0.0140573318632855,0.0,-16.312910053301128,-15.564536451273533,0.7483736020275948,2.0039196357740394,0.681532524807056,0.9971058434399118,0.3701335870082742,0.3862898360268347,0.0161562490185604,6.0,14.0,False,79.23750667572023,109.97149848937988,112.0700011253357,67.69999848026782,151.53327037096025,193.0911934375763,209.69000244140625,191.6849961988628,44.37000264506787
4403933,True,A,Santa Cruz,1.3861742328281037,-121.815846,36.925862,60.21147146381137,1.2242031072289543,,T20,unknown,0.0,0.0,0.0,0.014139607667803,0.0,-14.350016952116013,-12.992297520325527,1.3577194317904837,1.5250160436706164,0.4006594757726483,0.7493433186162185,0.0839524325550697,0.1251945084451509,0.0412420758900811,6.0,14.0,False,79.23750667572023,134.08640003204346,123.62000155448914,76.7449983721599,151.53327037096025,240.0761926174164,225.92999809980392,187.7149960519746,57.34140165988356
4405099,False,B,Santa Cruz,29.493454290510144,-121.785687,36.889489,,,2022-10-19,T20 > T30,not a unit (sequence B/C),,,,,,,,,,,,,,,,,False,,,,,,,,,
4403904,True,A,Santa Cruz,1.410063610428233,-121.818033,36.88056,36.6672506305637,1.4216731506806055,,T20,unknown,0.0,0.0,0.0,0.0582668500687757,0.0,-16.965152407058202,-15.763740298212538,1.2014121088456644,0.901619523674043,0.8372489683631361,0.8272902338376892,0.5968774783004593,0.5457879000434851,-0.0510895782569742,6.0,14.0,False,79.23750667572023,109.97149848937988,112.0700011253357,67.69999848026782,151.53327037096025,193.0911934375763,209.69000244140625,191.6849961988628,44.37000264506787
4403896,True,A,Santa Cruz,1.897697305439742,-121.822784,36.878298,37.15175350771954,1.871526129743524,,T20,unknown,0.0,0.1978380583316336,0.0322659596165612,0.0102386294105649,0.0,-14.519922930929503,-13.686908119746413,0.8330148111830926,1.2768378509866949,0.2854170915765857,0.8773811951866205,0.3757701465433383,0.339551010785627,-0.0362191357577112,6.0,14.0,False,79.23750667572023,109.97149848937988,107.05999946594238,67.69999848026782,151.53327037096025,193.0911934375763,202.0200023651123,191.6849961988628,42.27150000911206
4403892,True,A,Santa Cruz,2.4777365070234416,-121.821795,36.879693,39.51918634082437,1.7629915093798223,,T20,unknown,0.0,0.0882793484366223,0.0636584909193035,0.0122948261873556,0.0,-16.81609795038912,-16.03475667821539,0.7813412721737301,0.5384738683928134,0.9771578356113088,1.0,0.3392879559804881,0.2441155711437799,-0.0951723848367082,6.0,14.0,False,79.23750667572023,109.97149848937988,107.05999946594238,67.69999848026782,151.53327037096025,193.0911934375763,202.0200023651123,191.6849961988628,42.27150000911206
4403887,True,A,Santa Cruz,1.747129976571347,-121.820387,36.877822,36.29525461657271,1.6731556456927408,,T20,unknown,0.0,0.0,0.0,0.0,0.0,-16.60882380680163,-16.402419447433243,0.2064043593683884,0.9583646806967554,0.8843033822421205,1.0,0.4396910454143715,0.3912082057302739,-0.0484828396840976,6.0,14.0,False,79.23750667572023,109.97149848937988,107.05999946594238,67.69999848026782,151.53327037096025,193.0911934375763,202.0200023651123,191.6849961988628,42.27150000911206
4403881,True,A,Santa Cruz,1.3448818716762896,-121.822857,36.883659,38.378482101242255,1.848911323816702,,T20,not_flooded,0.0,0.6653391053391052,0.0,0.0,0.0,-15.69150526651398,-15.824890423135116,-0.1333851566211361,1.483420114028991,0.8190476190476189,0.958037518037518,0.6485105045120438,0.5482696490869204,-0.1002408554251234,6.0,14.0,False,79.23750667572023,109.97149848937988,112.0700011253357,67.69999848026782,151.53327037096025,193.0911934375763,209.69000244140625,191.6849961988628,44.37000264506787
4404594,True,A,Santa Cruz,13.292854499047692,-121.820907,36.894608,33.22248919846789,1.3552423979878687,,T20,unknown,0.0,0.0,0.0010009136246457,0.0302950949413127,0.0,-10.571065706212831,-10.265161436476935,0.3059042697358958,0.7001197163387793,0.0218455217844194,0.817496202929418,0.1077064018758481,0.1681015322865823,0.0603951304107342,8.0,14.0,False,79.23750667572023,134.08640003204346,114.90999984741212,67.69999848026782,151.53327037096025,240.0761926174164,215.13999795913696,191.6849961988628,66.38640155177563
4403875,False,B,Santa Cruz,0.8122591925043945,-121.816721,36.892831,,,2022-11-04,T20 > X,not a unit (sequence B/C),,,,,,,,,,,,,,,,,False,,,,,,,,,
4404595,True,A,Santa Cruz,3.980121662745784,-121.845378,36.935135,88.97343234803142,2.8169544993523457,,T20,unknown,0.0,0.0,0.0231791290854427,0.0132285908253321,0.0083406071186111,-12.041975909490777,-11.93287448369972,0.1091014257910547,0.3077986531889163,0.0,0.0002327611288914,0.5746200602173216,0.4800773371833682,-0.0945427230339533,8.0,16.0,False,79.23750667572023,134.08640003204346,134.21000146865845,76.7449983721599,151.53327037096025,240.0761926174164,249.2599979639053,187.7149960519746,57.46500309649855
4403864,True,A,Santa Cruz,0.9462928866129624,-121.824874,36.882878,30.34141893923069,2.0284590902350867,,T20,unknown,0.0,0.0,0.0,0.0138117031709709,0.0,-16.197027375779818,-15.188935836674217,1.0080915391056031,1.4688190423163423,0.8680941484145144,1.0,0.4379029416690156,0.4278251634348682,-0.0100777782341474,6.0,14.0,False,79.23750667572023,109.97149848937988,112.0700011253357,67.69999848026782,151.53327037096025,193.0911934375763,209.69000244140625,191.6849961988628,44.37000264506787
4403853,True,A,Santa Cruz,1.5763704911080176,-121.647339,36.906441,44.83848073430912,0.3429545167282105,,T20,unknown,0.0,0.0,0.0,0.0058270492606013,0.0,-11.192600770272753,-10.661867523267311,0.5307332470054398,1.120578758559624,0.0,0.0,0.5709420955504508,0.5067640595738585,-0.0641780359765923,2.0,7.002252472823426,False,79.23750667572023,107.0259974002838,105.69000124931335,66.27499858662486,151.53327037096025,207.3426961898804,185.1400020122528,167.63999602384865,40.75099881365894
4403852,True,A,Santa Cruz,1.0178563214580614,-121.816386,36.925571,57.16662830025939,1.2722449905441122,,T20,unknown,0.0,0.0,0.0,0.0,0.0,-8.325775992078377,-7.649892705058974,0.6758832870194027,0.7751902770214292,0.0,0.2175295186194368,0.2275313014232801,0.2951183225311025,0.0675870211078223,6.0,14.0,False,79.23750667572023,134.08640003204346,123.62000155448914,76.7449983721599,151.53327037096025,240.0761926174164,225.92999809980392,187.7149960519746,57.34140165988356
4403848,True,A,Santa Cruz,2.671325406970798,-121.819352,36.87665,21.310647358011643,1.5921236530800065,,T20,unknown,0.0,0.0622659583732474,0.0,0.0,0.0,-16.160977461256337,-14.596343610013284,1.5646338512430518,1.5477080294973575,0.8921303956573486,0.9712328369473716,0.4843802470514337,0.4647149342109566,-0.019665312840477,6.0,14.0,False,79.23750667572023,109.97149848937988,107.05999946594238,67.69999848026782,151.53327037096025,193.0911934375763,202.0200023651123,191.6849961988628,42.27150000911206
4403840,True,A,Santa Cruz,1.1510541969604722,-121.811889,36.888385,30.613121550364998,0.8726294034447283,,T20,not_flooded,0.0,1.0,0.0,0.0,0.0,-14.513327835650584,-12.637362224742263,1.875965610908322,1.0663409432152555,0.3007143819921822,0.7176843240328885,0.5007300686574733,0.4888583583713847,-0.0118717102860885,8.0,14.0,False,79.23750667572023,109.97149848937988,110.84999990463255,67.69999848026782,151.53327037096025,193.0911934375763,204.6899991035461,191.6849961988628,43.15000142436473
4403838,True,A,Santa Cruz,1.285922836429835,-121.821959,36.88294,31.55609772976718,1.7689998881173197,,T20,not_flooded,0.0,1.0,0.0,0.0,0.0,-16.187783899971098,-14.779886256157422,1.4078976438136763,5.026692800623193,0.8592253478706101,1.0,0.3645948863607178,0.4650480233280495,0.1004531369673317,6.0,14.0,False,79.23750667572023,109.97149848937988,112.0700011253357,67.69999848026782,151.53327037096025,193.0911934375763,209.69000244140625,191.6849961988628,44.37000264506787
4403837,True,A,Santa Cruz,1.6837984120050418,-121.810588,36.882941,13.119408791690027,0.7568929171947464,,T20,unknown,0.0,0.0,0.0,0.0,0.0,-14.4623627184902,-14.54116826770077,-0.0788055492105712,0.5822118826819889,0.4881089286535719,0.7213763282579696,0.2621499929808282,0.2391203922531499,-0.0230296007276782,6.0,14.0,False,79.23750667572023,97.8693985939026,104.64000082015993,67.69999848026782,151.53327037096025,183.5908932685852,195.6199975013733,191.6849961988628,36.940002339892104
4403812,True,A,Santa Cruz,2.311280146770014,-121.82485,36.881725,43.8468868582487,2.026353676085717,,T20,unknown,0.0,0.0407157937066452,0.0008042625917362,0.0417211219463154,0.0008042625917362,-15.997764542305932,-15.347324249503895,0.6504402928020365,0.3012129015335389,0.8518816393552495,1.0,0.3408750155460961,0.3831539683265919,0.0422789527804957,6.0,14.0,False,79.23750667572023,109.97149848937988,112.0700011253357,67.69999848026782,151.53327037096025,193.0911934375763,209.69000244140625,191.6849961988628,44.37000264506787
4404222,True,A,Santa Cruz,6.479674483069837,-121.814891,36.886017,33.03326545344736,1.1398470168849977,,T20,unknown,0.0,0.4806989465637916,0.0,0.0007882855982609,0.0,-12.175409105890813,-10.775165239668498,1.400243866222315,1.0714165469021977,0.346929269283138,0.9487136612282924,0.2837966502882454,0.3285085932276389,0.0447119429393935,6.189224374746199,14.0,False,79.23750667572023,109.97149848937988,110.84999990463255,67.69999848026782,151.53327037096025,193.0911934375763,204.6899991035461,191.6849961988628,43.15000142436473
4403806,True,A,Santa Cruz,1.0065655145087038,-121.825185,36.884355,31.04710540225401,2.056100517347044,,T20,unknown,0.0,0.0,0.0,0.0,0.0,-14.06027289607325,-12.967063441519608,1.0932094545536426,1.476200241862058,0.2513205236163209,1.0,0.377596333860201,0.4101264781153128,0.0325301442551117,6.0,14.0,False,79.23750667572023,109.97149848937988,112.0700011253357,67.69999848026782,151.53327037096025,193.0911934375763,209.69000244140625,191.6849961988628,44.37000264506787
4403769,True,A,Santa Cruz,3.241280571872397,-121.711084,36.936912,33.41845435587686,1.4326485210641589,,T20,unknown,0.0,0.0,0.0,0.0,0.0,-9.692518069440332,-8.967429336137716,0.7250887333026164,0.74437084840336,0.0,0.0158533682456557,0.3120895802495848,0.3810801704028225,0.0689905901532377,2.7407283980004755,7.768912163770532,False,79.23750667572023,104.31609773635864,113.59000205993652,69.51999836880714,151.53327037096025,198.88559532165527,207.2199993133545,182.43499598558992,44.070003691129386
4403720,False,B,Santa Cruz,1.2944574452620037,-121.787741,36.985458,,,2022-11-02,T20 > T18,not a unit (sequence B/C),,,,,,,,,,,,,,,,,False,,,,,,,,,
4405386,False,B,Santa Cruz,15.19401228531815,-121.757357,36.946751,,,2022-11-11,T20 > X,not a unit (sequence B/C),,,,,,,,,,,,,,,,,False,,,,,,,,,
4403708,True,A,Santa Cruz,1.1326447355472629,-121.812975,36.888747,27.243600411350545,0.9692802503265412,,T20,not_flooded,0.0,1.0,0.0174394747640541,0.05279715497196,0.0,-12.948001767720378,-12.556996575121026,0.3910051925993514,1.3489945210737222,0.0742716454657365,0.6914238818219124,0.2729349564748184,0.3132179156037496,0.0402829591289311,8.0,14.0,False,79.23750667572023,109.97149848937988,110.84999990463255,67.69999848026782,151.53327037096025,193.0911934375763,204.6899991035461,191.6849961988628,43.15000142436473
4403688,True,A,Santa Cruz,1.56087666210703,-121.828629,36.898041,35.40386527629233,1.991585818341374,,T20,unknown,0.0,0.0,0.0,0.0478485541091125,0.0,-11.527668022012984,-10.749038788130475,0.7786292338825085,2.550315522664409,0.0,0.442959356056842,0.1505059495906635,0.2017819445991533,0.0512759950084897,7.993987876378813,14.0,False,79.23750667572023,134.08640003204346,114.90999984741212,67.69999848026782,151.53327037096025,240.0761926174164,215.13999795913696,191.6849961988628,66.38640155177563
4403677,True,A,Santa Cruz,1.818149337405408,-121.820519,36.881393,32.98994180364283,1.640862184059807,,T20,unknown,0.0,0.0,0.0025634452704434,0.0,0.0,-14.256968170959604,-13.3409814968113,0.9159866741483054,2.520389407865688,0.3224814150217894,0.926172776211228,0.2885893663425054,0.3581494425508514,0.069560076208346,6.0,14.0,False,79.23750667572023,109.97149848937988,112.0700011253357,67.69999848026782,151.53327037096025,193.0911934375763,209.69000244140625,191.6849961988628,44.37000264506787
4403659,True,A,Santa Cruz,0.3714478710729144,-121.826939,36.910284,79.03527364877067,1.8947812250128977,,T20,unknown,0.0,0.0,0.0,0.0196850393700787,0.0,-11.763504609389877,-12.33645230824338,-0.572947698853504,-0.5071201763238928,0.0,0.8928719436386241,0.3493719417810242,0.3423958897985861,-0.0069760519824381,8.0,14.0,False,79.23750667572023,134.08640003204346,122.74000096321106,76.7449983721599,151.53327037096025,240.0761926174164,228.060004234314,187.7149960519746,57.34140165988356
4403658,True,A,Santa Cruz,1.3609875585206883,-121.809288,36.88589,27.44456791491693,0.6411579562125493,,T20,unknown,0.0,0.0,0.0,0.0097721720356797,0.0,-16.764541585661373,-15.585867379694998,1.1786742059663755,1.2931812969486387,0.8700642008976761,0.9446622351002782,0.6358840578330878,0.5476625977966313,-0.0882214600364564,6.6644508834725285,14.0,False,79.23750667572023,97.8693985939026,110.84999990463255,67.69999848026782,151.53327037096025,183.5908932685852,204.6899991035461,191.6849961988628,43.15000142436473
4403654,False,B,Santa Cruz,14.06778780983011,-121.823165,36.911364,,,2022-11-18,T20 > X,not a unit (sequence B/C),,,,,,,,,,,,,,,,,False,,,,,,,,,
4403643,True,A,Santa Cruz,0.5958893423041488,-121.825661,36.883605,29.587813210755115,2.09848813941842,,T20,unknown,0.0,0.0,0.0,0.0,0.0,-16.996516068429848,-14.199577236778342,2.796938831651506,2.0920551415061635,0.8779054583442153,0.9149908592321756,0.4287717499366221,0.4079762162000028,-0.0207955337366193,6.0,14.0,False,79.23750667572023,109.97149848937988,112.0700011253357,67.69999848026782,151.53327037096025,193.0911934375763,209.69000244140625,191.6849961988628,44.37000264506787
4403635,True,A,Santa Cruz,11.232482152539427,-121.754823,36.937287,25.59397370326204,0.2852448428165133,,T20,not_flooded,0.0,0.7930991778182943,0.0,0.0495373077849255,0.0,-10.191892223064777,-10.082331757535616,0.1095604655291602,0.0867546561980887,0.0,0.1951494719460594,0.1664736075628024,0.2525372579252434,0.086063650362441,3.0,7.296817915992982,False,79.23750667572023,101.1646978855133,114.88000011444092,69.51999836880714,151.53327037096025,198.1424939632416,213.82999992370603,182.43499598558992,45.36000174563378
4403617,True,A,Santa Cruz,0.6788358407477599,-121.827799,36.914219,87.22712533791207,2.1121556582934025,,T20,unknown,0.0,0.0,0.0,0.0,0.0,-14.456621307608296,-13.419651514980776,1.03696979262752,0.2422131053420599,0.4272976680384088,0.9890260631001372,0.4432475851532743,0.3672929605052632,-0.0759546246480111,8.0,14.0,False,79.23750667572023,134.08640003204346,122.6900029182434,76.7449983721599,151.53327037096025,240.0761926174164,223.79000115394592,187.7149960519746,57.34140165988356
4403599,True,A,Santa Cruz,3.8935299598729576,-121.818563,36.878156,25.44023341648244,1.5066072115823728,,T20,unknown,0.0,0.348828879027283,0.0,0.0717597659748064,0.0,-16.5541489505849,-14.953830444722223,1.600318505862676,2.39830019920648,0.9497920439394242,0.9876619370758792,0.4520888532164778,0.365816173072535,-0.0862726801439427,6.0,14.0,False,79.23750667572023,109.97149848937988,107.05999946594238,67.69999848026782,151.53327037096025,193.0911934375763,202.0200023651123,191.6849961988628,42.27150000911206
4405110,True,A,Santa Cruz,3.0196428508822915,-121.825896,36.908123,77.09200028644989,1.76052739256463,,T20,unknown,0.0,0.0,0.032701531201108,0.03390699941009,0.0,-13.20716111670459,-12.565153631448291,0.6420074852562987,0.7616600168943375,0.0263407627792454,0.7746800379594245,0.3939004713938051,0.3918343395359344,-0.0020661318578706,8.0,14.0,False,79.23750667572023,134.08640003204346,122.74000096321106,76.7449983721599,151.53327037096025,240.0761926174164,228.060004234314,187.7149960519746,57.34140165988356
4403572,True,A,Santa Cruz,1.2308739131965556,-121.824141,36.883732,31.23807996402813,1.9631942847021089,,T20,unknown,0.0,0.0,0.0403027436140018,0.1280353200883001,0.0,-13.79269093901122,-13.65892461811594,0.1337663208952779,2.4315732257142635,0.1130873541469567,0.8921475875118258,0.6257583204220989,0.5764373925122427,-0.0493209279098562,6.0,14.0,False,79.23750667572023,109.97149848937988,112.0700011253357,67.69999848026782,151.53327037096025,193.0911934375763,209.69000244140625,191.6849961988628,44.37000264506787
4403554,False,B,Santa Cruz,1.1189112285747385,-121.677599,36.915144,,,2022-10-26,T20 > G6,not a unit (sequence B/C),,,,,,,,,,,,,,,,,False,,,,,,,,,
4404294,False,B,Santa Cruz,10.461702440779163,-121.678458,36.917328,,,2022-10-26,T20 > G6,not a unit (sequence B/C),,,,,,,,,,,,,,,,,False,,,,,,,,,
4403543,False,B,Santa Cruz,2.5293446149454644,-121.819557,36.908939,,,2022-10-27,T20 > G6,not a unit (sequence B/C),,,,,,,,,,,,,,,,,False,,,,,,,,,
4405111,True,A,Santa Cruz,13.440922778363854,-121.753892,36.962834,50.06284089109728,0.5314247561665048,,T20,not_flooded,0.0,0.997163667326368,0.0,0.0548223408662033,0.0,-13.58793003758787,-12.909540819894042,0.6783892176938284,1.244664300500114,0.152206931467759,0.6970762185299397,0.2514808573528836,0.3535544853127676,0.1020736279598839,6.0,16.0,False,79.23750667572023,129.63119411468506,118.52999758720398,69.51999836880714,151.53327037096025,222.34979557991028,225.2600009441376,182.43499598558992,60.11119574587792
4403523,True,A,Santa Cruz,0.7432244695713895,-121.831403,36.916999,77.48574226785128,2.537023815307426,,T20,unknown,0.0,0.0,0.0,0.0,0.0,-7.217235079315395,-6.372394191164639,0.8448408881507561,2.413273671028647,0.0,0.0066736183524504,0.5232365582670485,0.4773282063175166,-0.0459083519495319,8.0,14.0,False,79.23750667572023,134.08640003204346,125.30999660491943,76.7449983721599,151.53327037096025,240.0761926174164,233.42999815940857,187.7149960519746,57.34140165988356
4403518,True,A,Santa Cruz,3.050741565801012,-121.757674,36.934627,26.740360781859422,0.5511577324304159,,T20,not_flooded,0.0,1.0,0.0,0.0062948955504226,0.0,-10.6191794867873,-9.681707048426112,0.937472438361187,0.9897072850760972,0.0,0.0968347843744447,0.1862244368197848,0.2834797793596074,0.0972553425398225,3.0,8.285275528593548,False,79.23750667572023,101.1646978855133,114.88000011444092,69.51999836880714,151.53327037096025,198.1424939632416,213.82999992370603,182.43499598558992,45.36000174563378
4403506,True,A,Santa Cruz,1.3493903807407774,-121.811542,36.900912,32.35474688709795,0.4709953332047029,,T20,unknown,0.0,0.0,0.0,0.0,0.0,-13.274358825916543,-11.41801238615978,1.8563464397567648,1.4483163624684483,0.0392575085029111,0.8702369285755465,0.2642771877915796,0.3269192139389549,0.0626420261473753,6.0,14.0,False,79.23750667572023,120.51449966430664,109.72000193595886,76.7449983721599,151.53327037096025,212.02269220352173,203.37999987602237,187.7149960519746,43.76950129214674
4405114,False,B,Santa Cruz,12.461153553158487,-121.74459,36.972797,,,2022-10-19,T20 > X,not a unit (sequence B/C),,,,,,,,,,,,,,,,,False,,,,,,,,,
4403504,False,B,Santa Cruz,8.0114781526562,-121.79136,36.909714,,,2023-01-07,T20 > X,not a unit (sequence B/C),,,,,,,,,,,,,,,,,False,,,,,,,,,
4403500,True,A,Santa Cruz,26.376894288535517,-121.738156,36.91584,11.3126207483745,0.6025937834059042,,T20,unknown,0.0,0.0291886693426612,0.0004046244469399,0.0166071946917963,0.0,-8.431394618403377,-7.669069115705921,0.7623255026974567,0.3953851534891406,0.0,0.1933753009027816,0.1604954375603229,0.2326376412122045,0.0721422036518816,3.0,7.509137768760061,False,79.23750667572023,101.1646978855133,106.90000188350676,69.51999836880714,151.53327037096025,198.1424939632416,195.38000321388245,182.43499598558992,37.380003514699624
4404225,False,B,Santa Cruz,18.311701109541165,-121.810263,36.927119,,,2022-10-27,T20 > G6,not a unit (sequence B/C),,,,,,,,,,,,,,,,,False,,,,,,,,,
4403485,True,A,Santa Cruz,3.677692054857796,-121.829715,36.915104,73.94837203629952,2.308228991522273,,T20,unknown,0.0,0.0,0.0,0.0,0.0,-13.351339859683948,-12.71692894427786,0.6344109154060877,1.443306956910762,0.1148741033677612,0.5794610740655044,0.5231674971943407,0.4838246086150355,-0.0393428885793051,8.0,14.0,False,79.23750667572023,134.08640003204346,122.74000096321106,76.7449983721599,151.53327037096025,240.0761926174164,228.060004234314,187.7149960519746,57.34140165988356
4404600,False,B,Santa Cruz,16.69110033833476,-121.816346,36.897823,,,2022-10-27,T20 > G6,not a unit (sequence B/C),,,,,,,,,,,,,,,,,False,,,,,,,,,
4403476,True,A,Santa Cruz,1.799234535686774,-121.804342,36.889496,17.621705563751046,0.2009332527725512,,T20,not_flooded,0.0,1.0,0.0,0.087715526508148,0.0,-16.15413407615448,-14.79648293903027,1.3576511371242113,1.3557523440594217,0.8464118329965173,0.9452207937395196,0.3065950838035959,0.3346307656823881,0.0280356818787921,6.0,15.758266328417257,False,79.23750667572023,97.8693985939026,106.75000071525574,67.69999848026782,151.53327037096025,183.5908932685852,197.81000089645383,191.6849961988628,39.050002234987915
4403474,False,B,Santa Cruz,11.624814302488456,-121.824385,36.894404,,,2022-10-27,T20 > G6,not a unit (sequence B/C),,,,,,,,,,,,,,,,,False,,,,,,,,,
4403465,True,A,Santa Cruz,1.3648328009668087,-121.820855,36.910169,78.29912055955364,1.3706880607200658,,T20,unknown,0.0,0.0,0.0,0.0006248579868211,0.0,-12.840935719300708,-12.16596727284166,0.6749684464590491,0.2863824364238994,0.0,0.0620313565098841,0.3799240799640638,0.4682836462793309,0.0883595663152671,7.9026925698704815,14.0,False,79.23750667572023,134.08640003204346,120.10999941825868,76.7449983721599,151.53327037096025,240.0761926174164,218.81000065803528,187.7149960519746,57.34140165988356
4403459,True,A,Santa Cruz,2.300313863246748,-121.822496,36.919603,53.29814936355932,1.815919693230308,,T20,unknown,0.0,0.0,0.0,0.0473450434080355,0.0,-14.797062400002224,-13.807655145386985,0.9894072546152408,1.5028401055469605,0.4023487448684299,0.627834982165691,0.3349189459229592,0.4289719722189777,0.0940530262960185,8.0,14.0,False,79.23750667572023,134.08640003204346,122.6900029182434,76.7449983721599,151.53327037096025,240.0761926174164,223.79000115394592,187.7149960519746,57.34140165988356
4403454,True,A,Santa Cruz,0.9987655915767888,-121.810414,36.887753,26.50633338902175,0.7413585800323597,,T20,unknown,0.0,0.013112973308504,0.0,0.0,0.0,-11.228927802880964,-10.782967967066469,0.4459598358144969,1.4868428307618355,0.0,0.0196306641837368,0.3041289182614551,0.3338149969646976,0.0296860787032425,7.296554934823091,14.0,False,79.23750667572023,97.8693985939026,110.84999990463255,67.69999848026782,151.53327037096025,183.5908932685852,204.6899991035461,191.6849961988628,43.15000142436473
4405116,False,B,Santa Cruz,50.972528916293285,-121.7989,36.886519,,,2022-11-20,T20 > T30,not a unit (sequence B/C),,,,,,,,,,,,,,,,,False,,,,,,,,,
4403435,True,A,Santa Cruz,1.048334391523445,-121.82374,36.882978,32.1045115430342,1.9275216984409949,,T20,unknown,0.0,0.1675415896487985,0.0,0.0,0.0,-13.685544653581582,-11.466946039690798,2.218598613890784,1.8729350065584267,0.1835859519408503,0.9722735674676524,0.6055339627984272,0.5397714042839855,-0.0657625585144416,6.0,14.0,False,79.23750667572023,109.97149848937988,112.0700011253357,67.69999848026782,151.53327037096025,193.0911934375763,209.69000244140625,191.6849961988628,44.37000264506787
4404601,False,B,Santa Cruz,20.482674990037097,-121.786644,36.893743,,,2022-10-17,T20 > T30 > T30,not a unit (sequence B/C),,,,,,,,,,,,,,,,,False,,,,,,,,,
4404226,True,A,Santa Cruz,8.44005928920985,-121.810839,36.929495,70.2004647937288,0.7300332851129289,,T20,unknown,0.0,0.0427755087089507,0.0023352076045348,0.0070056228136046,0.0,-15.110002856135608,-13.893977283441131,1.216025572694475,0.7333044672262723,0.569973809044122,0.7414513086320265,0.529496874299385,0.4735723522664598,-0.0559245220329251,6.0,14.0,False,79.23750667572023,120.51449966430664,123.62000155448914,76.7449983721599,151.53327037096025,212.02269220352173,225.92999809980392,187.7149960519746,46.87500318232924
4405118,False,B,Santa Cruz,2.043921603855011,-121.757576,36.975595,,,2022-12-21,T20 > X,not a unit (sequence B/C),,,,,,,,,,,,,,,,,False,,,,,,,,,
4403380,False,B,Santa Cruz,39.67041977422429,-121.690941,36.917523,,,2022-10-27,T20 > T30 > T30,not a unit (sequence B/C),,,,,,,,,,,,,,,,,False,,,,,,,,,
4403375,True,A,Santa Cruz,2.2638900525443044,-121.816948,36.877706,16.73032244467019,1.3804885026343228,,T20,not_flooded,0.0,1.0,0.0,0.1056137339055794,0.0,-15.656801516169478,-14.485122079623071,1.1716794365464054,1.910567681337442,0.801545064377682,0.7918969957081542,0.4692690274735887,0.4345041588529496,-0.0347648686206391,6.0,14.0,False,79.23750667572023,109.97149848937988,107.05999946594238,67.69999848026782,151.53327037096025,193.0911934375763,202.0200023651123,191.6849961988628,42.27150000911206
4403364,True,A,Santa Cruz,1.001825381435059,-121.823602,36.884321,38.9063181464471,1.9152047579487792,,T20,unknown,0.0,0.0,0.0,0.0,0.0,-15.772612729696208,-14.69870315409576,1.0739095756004478,1.115756510887966,0.8053769272487797,0.9989153172696986,0.6457510724706452,0.5527330106022542,-0.093018061868391,6.0,14.0,False,79.23750667572023,109.97149848937988,112.0700011253357,67.69999848026782,151.53327037096025,193.0911934375763,209.69000244140625,191.6849961988628,44.37000264506787
4403363,True,A,Santa Cruz,0.7622791117644698,-121.810631,36.888214,26.80417384599385,0.7606674152080396,,T20,not_flooded,0.0,0.5695344129554659,0.0258097165991902,0.0,0.0,-11.176691773747311,-11.030667399112248,0.1460243746350649,1.2382094071906522,0.0,0.0678137651821862,0.2946531286817573,0.3048109378017154,0.010157809119958,7.489979757085023,14.0,False,79.23750667572023,97.8693985939026,110.84999990463255,67.69999848026782,151.53327037096025,183.5908932685852,204.6899991035461,191.6849961988628,43.15000142436473
4403362,True,A,Santa Cruz,1.0810172682298984,-121.814921,36.926221,58.91142039251631,1.1419120954743518,,T20,unknown,0.0,0.0,0.0,0.0848523840160125,0.0,-14.411240628002286,-14.093809465794804,0.3174311622074821,0.9881475484430258,0.312602759310887,0.3068839802702123,0.1285123249992703,0.1613597648592561,0.0328474398599857,6.0,14.0,False,79.23750667572023,134.08640003204346,123.62000155448914,76.7449983721599,151.53327037096025,240.0761926174164,225.92999809980392,187.7149960519746,57.34140165988356
4403359,True,A,Santa Cruz,3.6983208273485593,-121.82712,36.908834,70.82621935900946,1.879158560904621,,T20,unknown,0.0,0.0,0.0,0.0213443175435311,0.0,-11.155918910446593,-11.246885810864768,-0.0909669004181754,0.7477586425510161,0.0,0.3653082027918202,0.451278075296213,0.4396473260428186,-0.0116307492533943,8.0,14.0,False,79.23750667572023,134.08640003204346,122.74000096321106,76.7449983721599,151.53327037096025,240.0761926174164,228.060004234314,187.7149960519746,57.34140165988356
4403340,True,A,Santa Cruz,0.7587795191718646,-121.813214,36.888116,33.6952264037412,0.9905597054672848,,T20,not_flooded,0.0,1.0,0.0,0.0606215497853199,0.0,-16.825917247954592,-15.26941345386951,1.5565037940850832,1.3434832004969408,0.9875281128603556,0.9943774279288488,0.3749359237592637,0.3720162634870509,-0.0029196602722127,8.0,14.0,False,79.23750667572023,109.97149848937988,110.84999990463255,67.69999848026782,151.53327037096025,193.0911934375763,204.6899991035461,191.6849961988628,43.15000142436473
4403328,True,A,Santa Cruz,1.2403422836819011,-121.822238,36.877441,35.87480330377838,1.843239573910881,,T20,unknown,0.0,0.0,0.0348662834291427,0.0,0.0,-14.769077233157097,-15.133940717640456,-0.364863484483358,1.301863380194897,0.4849412646838288,0.495001249687578,0.4340274864190876,0.4077956771044634,-0.0262318093146241,6.0,14.597225693576604,False,79.23750667572023,109.97149848937988,107.05999946594238,67.69999848026782,151.53327037096025,193.0911934375763,202.0200023651123,191.6849961988628,42.27150000911206
4404602,False,B,Santa Cruz,7.267838198927413,-121.816608,36.88684,,,2022-10-27,T20 > T30,not a unit (sequence B/C),,,,,,,,,,,,,,,,,False,,,,,,,,,
4403308,True,A,Santa Cruz,0.7176369864406582,-121.818684,36.881758,32.230156397732216,1.4775225589216,,T20,unknown,0.0,0.0,0.1766099504630627,0.3494507861296576,0.0,-13.523869401386948,-14.715721189422558,-1.19185178803561,1.7095006450018246,0.3079905233685117,0.0130303682963601,0.4011768106208288,0.4093608936146881,0.0081840829938592,6.0,14.0,False,79.23750667572023,109.97149848937988,112.0700011253357,67.69999848026782,151.53327037096025,193.0911934375763,209.69000244140625,191.6849961988628,44.37000264506787
4404603,True,A,Santa Cruz,8.633057445756137,-121.730097,36.957123,44.43558906813168,1.5844048445239678,,T20,unknown,0.0,0.1816261501557409,0.0,0.070754716981132,0.0,-10.46413885261962,-10.452866752500157,0.0112721001194646,0.5774848159658035,0.0,0.0068472306755934,0.1963448717050906,0.2531867015889842,0.0568418298838936,6.0,14.0,False,79.23750667572023,153.09749460220337,117.759996175766,69.51999836880714,151.53327037096025,282.29499101638794,218.7999997138977,182.43499598558992,83.57749623339623
4403299,True,A,Santa Cruz,1.3899807420075247,-121.831058,36.915757,73.85638801283432,2.4472995640620137,,T20,unknown,0.0,0.0,0.0,0.0142330877427997,0.0,-13.63452255343118,-12.97094824564947,0.66357430778171,0.906385050729316,0.1893279749944184,0.3821165438713998,0.5355762109197019,0.4753264586929231,-0.0602497522267787,8.0,14.0,False,79.23750667572023,134.08640003204346,122.74000096321106,76.7449983721599,151.53327037096025,240.0761926174164,228.060004234314,187.7149960519746,57.34140165988356
4400069,True,A,Santa Cruz,6.712496476962307,-121.752544,36.948388,25.21339063542319,0.41164698484594,,T20,not_flooded,0.0,0.7712455204360293,0.0,0.0002178069262602,0.0,-10.593686292317903,-10.205899470635831,0.3877868216820719,0.2228538987088395,0.0,0.0,0.6421380526039385,0.6785721127594885,0.0364340601555499,3.0,7.0009909774955865,False,79.23750667572023,129.63119411468506,115.47999691963196,69.51999836880714,151.53327037096025,222.34979557991028,217.9299988746643,182.43499598558992,60.11119574587792
4404604,False,B,Santa Cruz,24.10045377833985,-121.84718,36.930637,,,2022-11-20,T20 > X,not a unit (sequence B/C),,,,,,,,,,,,,,,,,False,,,,,,,,,
4400093,True,A,Santa Cruz,2.168564553297572,-121.823455,36.884884,39.46240830711661,1.9021067534554208,,T20,unknown,0.0,0.0,0.0,0.0,0.0,-15.019264623207256,-14.398954606492737,0.6203100167145212,1.5946677056696164,0.6954389230989546,0.9908706859515968,0.6499964912923072,0.5731216487998216,-0.0768748424924855,6.0,14.0,False,79.23750667572023,109.97149848937988,112.0700011253357,67.69999848026782,151.53327037096025,193.0911934375763,209.69000244140625,191.6849961988628,44.37000264506787
4405124,True,A,Santa Cruz,7.410775804211669,-121.815023,36.923484,48.96375050381492,1.151027226567999,,T20,unknown,0.0,0.0,0.0,0.0,0.0,-14.191144659648376,-13.18617296401599,1.0049716956323866,1.946342128131313,0.2972557789574885,0.5458345525226768,0.0772761621183747,0.1738488927694714,0.0965727306510966,6.0,14.0,False,79.23750667572023,134.08640003204346,123.62000155448914,76.7449983721599,151.53327037096025,240.0761926174164,225.92999809980392,187.7149960519746,57.34140165988356
4400140,True,A,Santa Cruz,3.4367676155069757,-121.845296,36.933205,82.97272052689297,2.9076435114756163,,T20,unknown,0.0,0.0,0.0,0.0,0.0,-12.949813887665258,-12.04625205205074,0.903561835614516,1.6718832400242682,0.005742208611061,0.0111691587101423,0.4012145935140859,0.3249106168954318,-0.0763039766186541,8.0,15.99984237074401,False,79.23750667572023,134.08640003204346,127.95000171661376,76.7449983721599,151.53327037096025,240.0761926174164,239.2799981124699,187.7149960519746,57.34140165988356
4400153,True,A,Santa Cruz,2.1126414692553195,-121.811224,36.883952,25.879903981619403,0.8134910037738242,,T20,unknown,0.0,0.0,0.0,0.0,0.0,-15.14001785516419,-14.6497880300789,0.4902298250852901,0.2530074135423188,0.5578858753339923,0.8744921488964534,0.2559020577380993,0.2820156925518741,0.0261136348137747,6.0,14.0,False,79.23750667572023,97.8693985939026,104.64000082015993,67.69999848026782,151.53327037096025,183.5908932685852,195.6199975013733,191.6849961988628,36.940002339892104
4400234,True,A,Santa Cruz,0.7006732189515611,-121.813285,36.889516,23.2284764630982,0.9968604400488884,,T20,not_flooded,0.0,1.0,0.0,0.033001107419712,0.0,-15.715030948616835,-13.389966344685748,2.3250646039310894,1.6832785726658042,0.7805094130675526,0.893687707641196,0.3731299653451308,0.3743723224926892,0.0012423571475584,8.0,14.0,False,79.23750667572023,109.97149848937988,110.84999990463255,67.69999848026782,151.53327037096025,193.0911934375763,204.6899991035461,191.6849961988628,43.15000142436473
4400235,True,A,Santa Cruz,2.321457786872349,-121.826716,36.908416,73.06506033338437,1.83698020822702,,T20,unknown,0.0,0.0,0.0,0.0,0.0,-11.738503650067244,-10.932054561755807,0.806449088311437,1.0376367697578477,0.0198598130841121,0.5052069425901201,0.4028466595707333,0.4041968754379547,0.0013502158672214,8.0,14.0,False,79.23750667572023,134.08640003204346,122.74000096321106,76.7449983721599,151.53327037096025,240.0761926174164,228.060004234314,187.7149960519746,57.34140165988356
4404235,True,A,Santa Cruz,23.429488538764627,-121.725741,36.919839,12.366768681766546,0.1204835440594114,,T20,unknown,0.0,0.0073854902659304,0.0,0.0050468066578265,0.0,0.6392657874092075,0.916075616628953,0.2768098292197455,-0.3475345483371849,0.0,0.1948430212229766,0.1516442670517103,0.2896904862251795,0.1380462191734691,3.0,8.0,False,79.23750667572023,104.31609773635864,107.25000023841858,69.51999836880714,151.53327037096025,198.88559532165527,194.16000056266785,182.43499598558992,37.73000186961144
4400280,True,A,Santa Cruz,15.62876578359617,-121.833226,36.897733,27.96848269995517,2.4007653129019646,,T20,unknown,0.0,0.0,0.0,0.0402759972479471,0.0,-12.170525923537154,-12.043822586907124,0.1267033366300296,0.6307031881176979,0.0086026401888819,0.754240685835342,0.1483706522492582,0.1851970300412289,0.0368263777919706,8.0,14.0,False,79.23750667572023,134.08640003204346,114.90999984741212,67.69999848026782,151.53327037096025,240.0761926174164,215.13999795913696,191.6849961988628,66.38640155177563
4400290,True,A,Santa Cruz,1.394006697557764,-121.817388,36.878008,18.82099425821003,1.4091057807038676,,T20,not_flooded,0.0,1.0,0.0,0.0250731761197327,0.0,-15.056303592005747,-13.666027183461756,1.3902764085439898,2.12247536586138,0.6227978130004969,0.8297343568785551,0.4507855559112009,0.4250536357677704,-0.0257319201434304,6.0,14.0,False,79.23750667572023,109.97149848937988,107.05999946594238,67.69999848026782,151.53327037096025,193.0911934375763,202.0200023651123,191.6849961988628,42.27150000911206
4400301,True,A,Santa Cruz,4.813957954523472,-121.828674,36.912935,76.86794197049534,2.1291789363703217,,T20,unknown,0.0,0.0,0.0,0.0048858102569871,0.0,-12.899850977976463,-12.136508842548428,0.7633421354280365,1.4163487092211238,0.0,0.6286944922132399,0.4663135121117405,0.443798991647839,-0.0225145204639015,8.0,14.0,False,79.23750667572023,134.08640003204346,122.6900029182434,76.7449983721599,151.53327037096025,240.0761926174164,223.79000115394592,187.7149960519746,57.34140165988356
4400302,True,A,Santa Cruz,1.45415020244702,-121.812564,36.889093,26.32372626270492,0.932696617909064,,T20,not_flooded,0.0,1.0,0.0,0.0357926274677652,0.0,-12.773996856228631,-12.71293164948518,0.0610652067434518,-0.126263792033745,0.0545717190091487,0.2916911882724305,0.250224970951202,0.2917066604324727,0.0414816894812706,8.0,14.0,False,79.23750667572023,109.97149848937988,110.84999990463255,67.69999848026782,151.53327037096025,193.0911934375763,204.6899991035461,191.6849961988628,43.15000142436473
4400325,False,B,Santa Cruz,3.238986339804209,-121.799791,36.913154,,,2023-01-07,T20 > X,not a unit (sequence B/C),,,,,,,,,,,,,,,,,False,,,,,,,,,
4400334,True,A,Santa Cruz,1.0066055095787825,-121.825459,36.884046,30.206718510957305,2.0804966496398443,,T20,unknown,0.0,0.0,0.0,0.0,0.0,-14.785673478185585,-13.727588561511975,1.0580849166736073,1.0588242490292572,0.4129353233830845,1.0,0.4402805907113588,0.4054728723728833,-0.0348077183384755,6.0,14.0,False,79.23750667572023,109.97149848937988,112.0700011253357,67.69999848026782,151.53327037096025,193.0911934375763,209.69000244140625,191.6849961988628,44.37000264506787
4400344,True,A,Santa Cruz,3.231226507736898,-121.806045,36.890386,16.448672728092596,0.3524962062015584,,T20,unknown,0.0,0.1195509375373223,0.0,0.0,0.0,-14.57852318723778,-14.303541343754986,0.2749818434827951,1.0003460613020358,0.33801504836976,0.9046936581870296,0.3192836168240038,0.376917770882953,0.0576341540589492,6.204586169831602,14.0,False,79.23750667572023,97.8693985939026,106.75000071525574,67.69999848026782,151.53327037096025,183.5908932685852,197.81000089645383,191.6849961988628,39.050002234987915
4400345,True,A,Santa Cruz,2.494855400505596,-122.221138,37.03234,31.69258694351318,1.2064397991983389,,T20,not_flooded,0.0,1.0,0.0,0.0236571110492624,0.0,-12.387882091717335,-12.127236464968668,0.2606456267486674,0.3346632929939996,0.0,0.1019575099730958,0.4360106304879128,0.4862064618670175,0.0501958313791046,8.0,14.0,False,143.29941444396974,177.3479986190796,171.839994430542,88.85499844513834,387.2854312002659,354.27118991315365,473.21999740600586,219.4699958842248,88.49300017394125
4405129,True,A,Santa Cruz,5.45057058280318,-121.75789,36.931118,26.03371782446852,0.9411906338668452,,T20,not_flooded,0.0,1.0,0.0,0.0131849436449989,0.0,-9.251125437574748,-8.782691309722704,0.4684341278520438,0.5225919428239276,7.08867937903169e-05,0.5173034663642165,0.1110727149668635,0.1731277100787813,0.0620549951119177,3.0,7.849294676401788,False,79.23750667572023,101.1646978855133,112.1899995803833,69.51999836880714,151.53327037096025,198.1424939632416,207.6599969863892,182.43499598558992,42.670001211576164
4400365,True,A,Santa Cruz,0.9940127118662888,-121.810933,36.889047,30.23777651137095,0.787537242804937,,T20,not_flooded,0.0,1.0,0.0,0.0,0.0,-15.730912017834267,-14.96273925037688,0.7681727674573864,0.7062929332413095,0.6259857890216286,0.980557507613024,0.4159834868487478,0.3895216592117542,-0.0264618276369936,6.482236277035993,14.0,False,79.23750667572023,97.8693985939026,110.84999990463255,67.69999848026782,151.53327037096025,183.5908932685852,204.6899991035461,191.6849961988628,43.15000142436473
4400366,False,B,Santa Cruz,1.2915456981786668,-121.818457,36.90927,,,2022-10-27,T20 > G6,not a unit (sequence B/C),,,,,,,,,,,,,,,,,False,,,,,,,,,
4404105,True,A,Santa Cruz,3.899389017897336,-121.844358,36.933529,84.6689609874103,2.817204930462898,,T20,unknown,0.0,0.0,0.0139581058274595,0.0009530427876501,0.0,-13.790412115272328,-13.350424744924757,0.4399873703475698,1.823469616634501,0.0458850392137397,0.345616995929713,0.2355489726991695,0.3447337202074675,0.109184747508298,8.0,16.0,False,79.23750667572023,134.08640003204346,127.95000171661376,76.7449983721599,151.53327037096025,240.0761926174164,239.2799981124699,187.7149960519746,57.34140165988356
4404610,False,B,Santa Cruz,39.51824673492744,-121.812255,36.867414,,,2022-10-19,T20 > G6 > T30,not a unit (sequence B/C),,,,,,,,,,,,,,,,,False,,,,,,,,,
4400385,True,A,Santa Cruz,0.9481436342485424,-121.827312,36.913343,84.23647664863955,2.033205869657776,,T20,unknown,0.0,0.0,0.0,0.0151850939834195,0.0,-13.29616492678419,-12.514494073667665,0.7816708531165268,1.6298294661835904,0.0,0.3467126323565624,0.4556173634731661,0.4278288056827341,-0.0277885577904319,8.0,14.0,False,79.23750667572023,134.08640003204346,122.6900029182434,76.7449983721599,151.53327037096025,240.0761926174164,223.79000115394592,187.7149960519746,57.34140165988356
4400387,True,A,Santa Cruz,3.465526964261729,-121.818334,36.907824,70.80034226604872,1.0894580301058716,,T20,unknown,0.0,0.0,0.0,0.0551339285714285,0.0,-14.73471971234508,-14.517421194243289,0.2172985181017921,0.5425084741836486,0.4512276785714284,0.868638392857143,0.3199388822420899,0.2800760614848696,-0.0398628207572203,6.911897321428569,14.0,False,79.23750667572023,134.08640003204346,120.10999941825868,76.7449983721599,151.53327037096025,240.0761926174164,218.81000065803528,187.7149960519746,57.34140165988356
4400392,True,A,Santa Cruz,10.745099221224114,-121.811055,36.901867,35.137439322782335,0.4276534458084482,,T20,unknown,0.0,0.0,0.0098330896071806,0.1335283142554586,0.0025933423139817,-13.578979721424451,-13.150294976742906,0.4286847446815454,1.1238267031194358,0.1905026041479069,0.915896468011843,0.3272888454532386,0.3316649263632975,0.0043760809100589,6.0,14.0,False,79.23750667572023,120.51449966430664,109.72000193595886,76.7449983721599,151.53327037096025,212.02269220352173,203.37999987602237,187.7149960519746,43.76950129214674
4400396,True,A,Santa Cruz,10.971899471365557,-121.815008,36.908203,72.12107161379394,0.8090466936239739,,T20,unknown,0.0,0.0,0.0082697066474905,0.0181609244023321,0.0,-14.619432020751162,-13.933688357056132,0.68574366369503,1.110454720038259,0.4153958954618839,0.6573747030167157,0.2738203331918989,0.3192057673284855,0.0453854341365865,6.0,14.0,False,79.23750667572023,134.08640003204346,120.10999941825868,76.7449983721599,151.53327037096025,240.0761926174164,218.81000065803528,187.7149960519746,57.34140165988356
4400414,True,A,Santa Cruz,5.688987718799765,-121.644735,36.895826,24.356361134116792,0.0876075411316593,,T20,unknown,0.0,0.0,0.0,0.0,0.0,-10.245718725182458,-9.385364610531802,0.8603541146506561,1.192034168992958,0.0,0.0312312884437428,0.1762880142626073,0.287086269844963,0.1107982555823557,3.0,7.058625006804204,False,79.23750667572023,107.36499500274658,102.2400003671646,68.78499916661531,151.53327037096025,222.33139514923096,178.12000024318695,163.3999965954572,38.579995836131275
4404238,False,B,Santa Cruz,31.965684503363835,-121.800552,36.874459,,,2022-10-25,T20 > T30 > T30,not a unit (sequence B/C),,,,,,,,,,,,,,,,,False,,,,,,,,,
4400426,True,A,Santa Cruz,1.935887048457352,-121.824641,36.885168,39.42218153858912,2.007659712952946,,T20,unknown,0.0,0.0,0.0,0.0,0.0,-15.193743094067385,-13.90040590184516,1.2933371922222214,2.3181980549736902,0.5382884692647649,0.9018481317798314,0.6071713088769516,0.5627954975578764,-0.0443758113190752,6.0,14.0,False,79.23750667572023,109.97149848937988,112.0700011253357,67.69999848026782,151.53327037096025,193.0911934375763,209.69000244140625,191.6849961988628,44.37000264506787
4404612,False,B,Santa Cruz,21.368436802630196,-121.755937,36.941287,,,2022-11-04,T20 > X,not a unit (sequence B/C),,,,,,,,,,,,,,,,,False,,,,,,,,,
4400462,True,A,Santa Cruz,3.337588123148163,-121.821971,36.88129,38.914257138777465,1.77010644977159,,T20,unknown,0.0,0.3564156675401776,0.0,0.0,0.0,-15.767631970240586,-15.297535926620624,0.4700960436199608,1.553290097857083,0.7217596994503839,0.9344402959115048,0.3464810422719658,0.3392241272066894,-0.0072569150652764,6.0,14.0,False,79.23750667572023,109.97149848937988,112.0700011253357,67.69999848026782,151.53327037096025,193.0911934375763,209.69000244140625,191.6849961988628,44.37000264506787
4400469,True,A,Santa Cruz,1.9242272208803792,-121.71983,36.94264,39.726438920037424,1.005284875484874,,T20,unknown,0.0,0.0,0.0,0.0,0.0,-10.903676499841668,-11.55303864982258,-0.649362149980913,0.3429986291011282,0.0,0.0,0.4252196676387134,0.4031901670057163,-0.0220295006329971,2.874013540039258,8.0,False,79.23750667572023,153.09749460220337,112.34999799728394,69.51999836880714,151.53327037096025,282.29499101638794,205.8599989414215,182.43499598558992,83.57749623339623
4400475,True,A,Santa Cruz,3.160736955040021,-121.843355,36.933713,82.8492361139005,2.7294007544203085,,T20,unknown,0.0,0.0,0.0408862773901334,0.0249724568490635,0.0,-13.483546689767376,-13.837886690761549,-0.3543400009941724,1.7083972940168408,0.0506793977230995,0.2140531276778063,0.2495607370801415,0.3474157870600194,0.0978550499798779,8.0,16.0,False,79.23750667572023,134.08640003204346,127.95000171661376,76.7449983721599,151.53327037096025,240.0761926174164,239.2799981124699,187.7149960519746,57.34140165988356
4400484,True,A,Santa Cruz,1.9117175644625364,-121.828882,36.898402,33.96130960987584,2.0140907171518623,,T20,unknown,0.0,0.0,0.0008909768346023,0.0,0.0,-10.888364189135258,-10.401213375464286,0.4871508136709721,0.7034965011965699,0.0,0.4401020573465088,0.1408695750579384,0.1944968795686568,0.0536273045107183,8.0,14.0,False,79.23750667572023,134.08640003204346,117.87000274658205,76.7449983721599,151.53327037096025,240.0761926174164,220.7500021457672,187.7149960519746,57.34140165988356
4400496,True,A,Santa Cruz,1.4221665880218664,-121.821648,36.878626,39.4779221071608,1.765671510876985,,T20,unknown,0.0,0.0,0.0,0.0,0.0,-17.246890640021014,-15.599164891567964,1.64772574845305,1.428929588133366,0.9031712242781508,1.0,0.4022853602223908,0.3685463189332092,-0.0337390412891815,6.0,14.0,False,79.23750667572023,109.97149848937988,107.05999946594238,67.69999848026782,151.53327037096025,193.0911934375763,202.0200023651123,191.6849961988628,42.27150000911206
4400497,True,A,Santa Cruz,17.868091473883382,-121.704434,36.91988,14.385404605327768,1.0515530818165424,,T20,unknown,0.0,0.4127578763404811,0.0022061972513377,0.0681671691893739,0.0,-12.057062399527275,-11.346395409185332,0.7106669903419451,1.0088661215507546,0.0119480721729312,0.596819615256503,0.6588936481138442,0.6105523093794675,-0.0483413387343767,2.8613469915688663,8.0,False,79.23750667572023,104.31609773635864,109.00999987125395,69.51999836880714,151.53327037096025,198.88559532165527,193.81999814510343,182.43499598558992,39.490001502446816
4400548,True,A,Santa Cruz,2.740258310160893,-121.818093,36.878779,29.16336366780239,1.4512113898029315,,T20,not_flooded,0.0,0.5936350777934936,0.0072135785007072,0.0478642149929278,0.0072135785007072,-16.376618104913103,-15.82594379782896,0.550674307084142,1.7151957256271722,0.9835926449787836,1.0,0.4687060987713312,0.3996105614890471,-0.069095537282284,6.0,14.0,False,79.23750667572023,109.97149848937988,107.05999946594238,67.69999848026782,151.53327037096025,193.0911934375763,202.0200023651123,191.6849961988628,42.27150000911206
4400549,True,A,Santa Cruz,2.8364892732614253,-121.814575,36.924273,51.94364498873247,1.1111615015987562,,T20,unknown,0.0,0.0,0.0,0.0184286571070279,0.0,-15.297145300878372,-13.754385878888971,1.5427594219893983,1.931541983638864,0.6705741235483342,0.7006706286462024,0.0929781038559464,0.120262968435426,0.0272848645794796,6.0,14.0,False,79.23750667572023,134.08640003204346,123.62000155448914,76.7449983721599,151.53327037096025,240.0761926174164,225.92999809980392,187.7149960519746,57.34140165988356
4404613,False,B,Santa Cruz,7.845086735008644,-121.801918,36.880669,,,2022-10-11,T20 > T30,not a unit (sequence B/C),,,,,,,,,,,,,,,,,False,,,,,,,,,
4400557,True,A,Santa Cruz,1.555683957416875,-121.820899,36.878643,38.17238158583849,1.6996311879941552,,T20,unknown,0.0,0.0,0.0025369347858528,0.1040640700392976,0.0,-16.7787069531582,-15.87127281464133,0.9074341385168694,2.4677705513587918,0.8980749141919119,1.0,0.3920975763207852,0.3620666500957595,-0.0300309262250256,6.0,14.0,False,79.23750667572023,109.97149848937988,107.05999946594238,67.69999848026782,151.53327037096025,193.0911934375763,202.0200023651123,191.6849961988628,42.27150000911206
4400564,True,A,Santa Cruz,1.475149587562957,-121.809678,36.885457,27.40318355178773,0.675873479388759,,T20,unknown,0.0,0.0,0.013387935107891,0.0,0.0,-16.05756173514073,-14.806379118596974,1.2511826165437565,1.3062630636445878,0.782012915419751,0.7902031816034022,0.6587725802270291,0.5885535870808442,-0.0702189931461849,6.63416811046359,14.0,False,79.23750667572023,97.8693985939026,110.84999990463255,67.69999848026782,151.53327037096025,183.5908932685852,204.6899991035461,191.6849961988628,43.15000142436473
4400570,False,B,Santa Cruz,3.7846196873623215,-121.731204,36.928477,,,2022-10-18,T20 > G6 > T30,not a unit (sequence B/C),,,,,,,,,,,,,,,,,False,,,,,,,,,
4400579,True,A,Santa Cruz,0.8150608519474478,-121.850195,36.93465,47.13688914958133,3.230801396409196,,T20,unknown,0.0,0.0,0.0,0.0,0.0,-8.55514223439594,-7.764667524312846,0.7904747100830933,1.1467834713594742,0.0,0.7320242838171123,0.6435343605266353,0.6002568006600313,-0.0432775598666039,8.0,15.93710870802504,False,79.23750667572023,134.08640003204346,127.6300003528595,76.7449983721599,151.53327037096025,240.0761926174164,249.25000524520877,187.7149960519746,57.34140165988356
4400581,True,A,Santa Cruz,12.66246438966601,-121.754191,36.937991,25.19645237569346,0.2548026217145719,,T20,not_flooded,0.0,0.7841197284232784,0.0,0.0404798425783899,0.0,-9.860347932403544,-9.187405693382836,0.672942239020708,0.4842880520677468,3.055543672885716e-05,0.2014825497900841,0.1574249668903785,0.2328726699618136,0.0754477030714351,3.0,7.598721560527262,False,79.23750667572023,101.1646978855133,114.88000011444092,69.51999836880714,151.53327037096025,198.1424939632416,213.82999992370603,182.43499598558992,45.36000174563378
4404616,True,A,Santa Cruz,3.0788563952704564,-121.850196,36.925718,45.03136175297875,3.727386587442565,,T20,unknown,0.0,0.0,0.044863900268932,0.0512730288787794,0.0,-13.519474150849389,-14.108977642107682,-0.5895034912582933,0.9807530481721348,0.0576821574886269,0.2565913489330685,0.3329305905595659,0.4195870550107647,0.0866564644511987,8.0,14.483750973936214,False,79.23750667572023,134.08640003204346,124.39999747276306,76.7449983721599,151.53327037096025,240.0761926174164,242.3099989891052,187.7149960519746,57.34140165988356
4400601,False,B,Santa Cruz,1.0366377437106182,-121.825745,36.900917,,,2023-01-07,T20 > X,not a unit (sequence B/C),,,,,,,,,,,,,,,,,False,,,,,,,,,
4400603,True,A,Santa Cruz,1.0316387945570955,-121.823751,36.882126,33.77679926097026,1.9285224249018893,,T20,not_flooded,0.0,0.6594083195675028,0.0075837212794713,0.2715873254242379,0.0075837212794713,-14.317269389436282,-13.798741950655476,0.5185274387808061,1.968812765414801,0.1898933773839916,0.9808529809280672,0.6235351810129148,0.5441735111963535,-0.0793616698165613,6.0,14.0,False,79.23750667572023,109.97149848937988,112.0700011253357,67.69999848026782,151.53327037096025,193.0911934375763,209.69000244140625,191.6849961988628,44.37000264506787
4400604,False,B,Santa Cruz,23.887233397435928,-121.721475,36.917431,,,2022-10-26,T20 > X,not a unit (sequence B/C),,,,,,,,,,,,,,,,,False,,,,,,,,,
4400607,True,A,Santa Cruz,0.8815815224866284,-121.815379,36.926054,60.79107412766825,1.182657001785615,,T20,unknown,0.0,0.0,0.0222338477635364,0.0108117534222687,0.0,-14.129677807827845,-14.312545680739758,-0.182867872911915,0.7558332114078894,0.0972185892405615,0.4173859970354868,0.0730988609854075,0.1160565454898389,0.0429576845044313,6.0,14.0,False,79.23750667572023,134.08640003204346,123.62000155448914,76.7449983721599,151.53327037096025,240.0761926174164,225.92999809980392,187.7149960519746,57.34140165988356
4400617,True,A,Santa Cruz,2.6537830929378448,-121.85029,36.935268,48.8606728249072,3.212852778867628,,T20,unknown,0.0,0.0,0.0,0.0,0.0,-7.00802861162063,-7.314537179720523,-0.3065085680998933,1.2813963448955183,0.0,0.5893460776314257,0.6632831938037618,0.6393870197237408,-0.0238961740800209,8.0,15.23936356218674,False,79.23750667572023,134.08640003204346,127.6300003528595,76.7449983721599,151.53327037096025,240.0761926174164,249.25000524520877,187.7149960519746,57.34140165988356
4404617,False,B,Santa Cruz,19.579127222685138,-121.811976,36.896254,,,2022-11-02,T20 > G6,not a unit (sequence B/C),,,,,,,,,,,,,,,,,False,,,,,,,,,
4400642,True,A,Santa Cruz,25.39363398647975,-121.79569,36.881647,3.733914147193223,0.1781614836693097,,T20,unknown,0.0,0.0,0.0,0.0303058011698045,0.0,-9.155511430651265,-8.584706130067639,0.5708053005836256,0.36031702997664,0.0,0.3776322887996854,0.1685593410887171,0.2287094246870049,0.0601500835982877,6.0,14.000118870184622,False,79.23750667572023,97.8693985939026,104.1199996471405,65.42499778792262,151.53327037096025,183.5908932685852,192.62000036239624,177.3949949434027,38.69500185921788
4400644,True,A,Santa Cruz,5.941775522987922,-121.729542,36.962114,50.36684306705461,1.633648359942245,,T20,unknown,0.0,0.0,0.0,0.0074576447354744,0.0,-10.580565604285717,-9.437306356617958,1.1432592476677588,0.4509537204081173,0.0,0.0035339361812701,0.1917610027112059,0.3282344075224355,0.1364734048112295,6.0,14.0,False,79.23750667572023,153.09749460220337,119.29000306129456,69.51999836880714,151.53327037096025,282.29499101638794,224.909996509552,182.43499598558992,83.57749623339623
4405302,True,A,Santa Cruz,9.785825577643308,-121.866361,36.944278,43.45293950368024,4.020688333000184,,T20,unknown,0.0,0.0,0.0020171975983482,0.003955289408526,0.0,-13.964417040249891,-12.821543719453594,1.1428733207962996,1.83229784041896,0.2644981133269521,0.4071574917136688,0.3507928335964556,0.4238982151894643,0.0731053815930087,8.0,14.0,False,79.23750667572023,146.06649541854858,127.91999912261964,76.7449983721599,151.53327037096025,284.6426968574524,259.00999784469604,187.7149960519746,69.32149704638869
4405406,True,A,Santa Cruz,22.93598466102173,-121.797738,36.914461,21.143244628251317,0.3866958716047493,,T20,unknown,0.0,0.0833560990087656,0.0,0.0058313856033241,0.0,-9.858707086663095,-9.61313529935359,0.2455717873095046,0.539383737792285,0.0,0.025268213383519,0.284803639025061,0.283393952615005,-0.001409686410056,6.0,14.326203461057204,False,79.23750667572023,120.51449966430664,112.35999989509584,69.51999836880714,151.53327037096025,212.02269220352173,206.8700001239777,182.43499598558992,50.994501295499504
4400664,False,B,Santa Cruz,4.489861313060637,-121.785204,36.948481,,,2023-02-06,T20 > X,not a unit (sequence B/C),,,,,,,,,,,,,,,,,False,,,,,,,,,
4400668,True,A,Santa Cruz,1.4933403787584676,-121.742931,36.961192,32.91274924195933,0.4431719652492303,,T20,unknown,0.0,0.0,0.0,0.0,0.0,-10.84881426269769,-11.363095562178431,-0.5142812994807429,0.6969958561925029,0.0,0.0,0.5976898974632348,0.6197334433356603,0.0220435458724255,6.0,14.0,False,79.23750667572023,129.63119411468506,117.91000294685364,69.51999836880714,151.53327037096025,222.34979557991028,223.89000153541565,182.43499598558992,60.11119574587792
4400683,False,B,Santa Cruz,5.699159377951274,-121.807278,36.926843,,,2022-10-27,T20 > X,not a unit (sequence B/C),,,,,,,,,,,,,,,,,False,,,,,,,,,
4400685,True,A,Santa Cruz,2.3303595538807,-121.821022,36.880007,39.9795600213852,1.6913176525122933,,T20,unknown,0.0,0.0,0.0,0.0618166107215261,0.0,-15.951095346209192,-15.886274501128325,0.0648208450808685,0.6891345013542978,0.8508757353185548,1.0,0.2652300388242942,0.3247076911571521,0.0594776523328578,6.0,14.0,False,79.23750667572023,109.97149848937988,107.05999946594238,67.69999848026782,151.53327037096025,193.0911934375763,202.0200023651123,191.6849961988628,42.27150000911206
4400688,False,B,Santa Cruz,3.139981731809278,-121.675466,36.919423,,,2022-10-26,T20 > G6,not a unit (sequence B/C),,,,,,,,,,,,,,,,,False,,,,,,,,,
4400692,True,A,Santa Cruz,1.567302269239325,-121.644304,36.898265,24.427556394179398,0.0141523272980748,,T20,unknown,0.0,0.0,0.0,0.0,0.0,-7.3854900596400945,-7.626527999447624,-0.2410379398075299,0.1056271471508507,0.0,0.0,0.1693305277358786,0.2137066907281062,0.0443761629922275,3.0,7.0,False,79.23750667572023,107.36499500274658,102.2400003671646,68.78499916661531,151.53327037096025,222.33139514923096,178.12000024318695,163.3999965954572,38.579995836131275
4400698,True,A,Santa Cruz,0.7418783796614773,-121.830035,36.91663,75.439345720264,2.410431929714662,,T20,unknown,0.0,0.0,0.0,0.0236686390532544,0.0,-15.86123590460044,-13.816684108082717,2.044551796517723,1.6937515712561757,0.8129347036229626,0.9104121249870236,0.4888304148329931,0.4521349926059469,-0.0366954222270461,8.0,14.0,False,79.23750667572023,134.08640003204346,125.30999660491943,76.7449983721599,151.53327037096025,240.0761926174164,233.42999815940857,187.7149960519746,57.34140165988356
4400699,True,A,Santa Cruz,1.142811966045548,-121.810985,36.887418,29.9539709341354,0.7921822711772721,,T20,unknown,0.0,0.3468447095505999,0.0,0.0,0.0,-15.85152082256958,-14.747335140058013,1.1041856825115683,0.863056952150961,0.837931268216634,0.908967667593032,0.4097105130994634,0.3766414885679552,-0.0330690245315081,7.305564969836643,14.0,False,79.23750667572023,97.8693985939026,110.84999990463255,67.69999848026782,151.53327037096025,183.5908932685852,204.6899991035461,191.6849961988628,43.15000142436473
4400713,True,A,Santa Cruz,1.2955242800685849,-121.81927,36.879446,39.16305325409488,1.5428187659026185,,T20,unknown,0.0,0.0,0.0,0.0412000718605904,0.0,-12.733798654580578,-11.821917970699436,0.911880683881142,0.8360309248222961,0.0441942631295287,0.908916701598898,0.4438020448333753,0.4220281671343382,-0.0217738776990371,6.0,14.0,False,79.23750667572023,109.97149848937988,107.05999946594238,67.69999848026782,151.53327037096025,193.0911934375763,202.0200023651123,191.6849961988628,42.27150000911206
4404622,False,B,Santa Cruz,6.049771846639097,-121.761059,36.932495,,,2023-01-06,T20 > X,not a unit (sequence B/C),,,,,,,,,,,,,,,,,False,,,,,,,,,
4400719,True,A,Santa Cruz,1.1043711168045698,-121.812237,36.886803,34.6752090024235,0.9036207041545052,,T20,not_flooded,0.0,0.6891104402162463,0.0,0.0354560134803061,0.0,-16.127673276496125,-14.592351015179087,1.5353222613170363,1.6744494980979248,0.8265814786210769,1.0,0.4024679676919208,0.3861012779799251,-0.0163666897119956,6.664396545671555,14.0,False,79.23750667572023,109.97149848937988,110.84999990463255,67.69999848026782,151.53327037096025,193.0911934375763,204.6899991035461,191.6849961988628,43.15000142436473
4400738,True,A,Santa Cruz,5.375826556944864,-121.870654,36.943939,39.43876391879975,3.9108005813294193,,T20,unknown,0.0,0.0,0.0,0.0514112903225806,0.0,-13.492242342026625,-12.712241313327358,0.7800010286992674,-0.1744155133804348,0.1075172811059907,0.2956221198156681,0.2997885399193327,0.2948418180320909,-0.0049467218872417,8.0,14.0,False,79.23750667572023,146.06649541854858,127.91999912261964,76.7449983721599,151.53327037096025,284.6426968574524,259.00999784469604,187.7149960519746,69.32149704638869
4400746,False,B,Santa Cruz,4.454642912509787,-121.762024,36.97742,,,2023-01-22,T20 > X,not a unit (sequence B/C),,,,,,,,,,,,,,,,,False,,,,,,,,,
4405137,True,A,Santa Cruz,25.41879945043488,-121.686244,36.927548,20.45916274250337,1.926972544381296,,T20,unknown,0.0,0.0,0.0,0.0405255360766097,0.0,-12.757864011125276,-12.426194847135784,0.331669163989492,0.4830865646375955,0.0255558496156431,0.4475817613793649,0.1527556636922549,0.2488506895487093,0.0960950258564544,3.0,7.952973707986166,False,79.23750667572023,104.31609773635864,108.60000157356262,66.27499858662486,151.53327037096025,198.88559532165527,194.209997177124,167.63999602384865,42.32500298693776
4400759,True,A,Santa Cruz,10.290124372270547,-121.776719,36.896165,5.330755683277142,1.2417010257411003,,T20,unknown,0.0,0.4657920457108483,0.0,0.0024509435380798,0.0,-8.987672733845416,-8.22535810718082,0.7623146266645957,1.10985272156291,0.0,0.0651830689421847,0.4131837858532022,0.4759459227308406,0.0627621368776383,6.0,14.0,False,79.23750667572023,120.51449966430664,106.76000165939332,65.42499778792262,151.53327037096025,212.02269220352173,192.6499992609024,177.3949949434027,55.08950187638402
4400762,True,A,Santa Cruz,1.4526421932010742,-121.821532,36.882411,27.08470678760788,1.7310056464904535,,T20,not_flooded,0.0,0.7098542087900396,0.0,0.0407044801532403,0.0,-16.006049835116634,-14.165729575824267,1.840320259292365,4.84181828056831,0.8109503032882837,1.0,0.3190802670234288,0.395281026375932,0.0762007593525032,6.0,14.0,False,79.23750667572023,109.97149848937988,112.0700011253357,67.69999848026782,151.53327037096025,193.0911934375763,209.69000244140625,191.6849961988628,44.37000264506787
4400773,True,A,Santa Cruz,4.68539577849929,-121.757066,36.936082,26.85130274869625,0.3894287077540299,,T20,not_flooded,0.0,1.0,0.0,0.0,0.0,-10.324021451897943,-9.995069442794083,0.32895200910386,0.0614755186144773,0.0,0.3388488495107114,0.1808189237849918,0.2701325549011771,0.0893136311161852,3.0,8.0,False,79.23750667572023,101.1646978855133,114.88000011444092,69.51999836880714,151.53327037096025,198.1424939632416,213.82999992370603,182.43499598558992,45.36000174563378
4400774,True,A,Santa Cruz,1.6071931643726476,-121.820984,36.877564,38.53154473920688,1.731506557167753,,T20,unknown,0.0,0.0,0.0109647013561604,0.0102914302202558,0.0,-16.249280511015975,-16.011751635260623,0.2375288757553519,1.7322103114052307,0.924256997210734,0.98821775512167,0.4203334831771249,0.3824137678937613,-0.0379197152833635,6.0,14.0,False,79.23750667572023,109.97149848937988,107.05999946594238,67.69999848026782,151.53327037096025,193.0911934375763,202.0200023651123,191.6849961988628,42.27150000911206
4400785,False,B,Santa Cruz,8.417185461745689,-121.781594,36.896329,,,2022-10-19,T20 > T30 > T30,not a unit (sequence B/C),,,,,,,,,,,,,,,,,False,,,,,,,,,
4400793,True,A,Santa Cruz,1.0548364482097798,-121.820272,36.882983,27.792780156189885,1.618842922625881,,T20,unknown,0.0,0.0,0.0,0.0,0.0,-11.28311818394686,-10.529425290632132,0.753692893314728,3.263649100054685,0.0140389562660786,0.2842337375964719,0.4021190126934109,0.4663900052195566,0.0642709925261457,6.0,14.0,False,79.23750667572023,109.97149848937988,112.0700011253357,67.69999848026782,151.53327037096025,193.0911934375763,209.69000244140625,191.6849961988628,44.37000264506787
4404623,False,B,Santa Cruz,6.8316010250818175,-121.816302,36.896624,,,2022-11-02,T20 > G6,not a unit (sequence B/C),,,,,,,,,,,,,,,,,False,,,,,,,,,
4404240,True,A,Santa Cruz,37.529668224397874,-121.733504,36.911828,10.48627841494812,0.1566439825882558,,T20,unknown,0.0,0.0,0.0,0.0169868445730514,0.0,-9.213425209944864,-8.40015839234901,0.8132668175958546,0.7240339119572816,0.0,0.5472228920504781,0.5056327617304552,0.5078950668393524,0.0022623051088971,3.0,7.326235214829378,False,79.23750667572023,101.1646978855133,106.90000188350676,69.51999836880714,151.53327037096025,198.1424939632416,195.38000321388245,182.43499598558992,37.380003514699624
4400796,True,A,Santa Cruz,1.8720697962347428,-121.849317,36.934836,50.77586987967576,3.1507839922002896,,T20,unknown,0.0,0.0,0.0,0.0,0.0,-10.40925362265924,-10.27340992933787,0.1358436933213695,1.13509512542951,0.0,0.0282660724601799,0.6464689033507335,0.6154438004597407,-0.0310251028909928,8.0,16.0,False,79.23750667572023,134.08640003204346,127.6300003528595,76.7449983721599,151.53327037096025,240.0761926174164,249.25000524520877,187.7149960519746,57.34140165988356
4400820,True,A,Santa Cruz,3.2152420008311595,-121.830674,36.898728,29.989231792629152,2.1735507573465527,,T20,unknown,0.0,0.0,0.0198406009968457,0.0444968818472947,0.0,-15.164991225144083,-15.401260937543736,-0.2362697123996504,0.4650735760722,0.5951457947075679,0.9399725506248344,0.0476005088440787,0.0609500458805914,0.0133495370365126,8.0,14.0,False,79.23750667572023,134.08640003204346,117.87000274658205,76.7449983721599,151.53327037096025,240.0761926174164,220.7500021457672,187.7149960519746,57.34140165988356
4400821,True,A,Santa Cruz,0.9393606664494653,-121.822254,36.878672,38.328370276804186,1.818078432290096,,T20,unknown,0.0,0.0163043478260869,0.0,0.0,0.0,-16.423988820169644,-15.42319773038246,1.0007910897871837,1.8610671256248352,0.8180994729907773,1.0,0.3886058190677986,0.3243553268015187,-0.0642504922662798,6.0,14.0,False,79.23750667572023,109.97149848937988,107.05999946594238,67.69999848026782,151.53327037096025,193.0911934375763,202.0200023651123,191.6849961988628,42.27150000911206
4400825,True,A,Santa Cruz,0.7684373761010191,-121.829384,36.91563,73.64405525646201,2.3074407398605103,,T20,unknown,0.0,0.0,0.0,0.0,0.0,-15.047898978656807,-13.91915945208602,1.1287395265707882,0.9509946319817466,0.5363892239646161,0.8463007639726579,0.4849748152881489,0.4053648244612036,-0.0796099908269453,8.0,14.0,False,79.23750667572023,134.08640003204346,122.6900029182434,76.7449983721599,151.53327037096025,240.0761926174164,223.79000115394592,187.7149960519746,57.34140165988356
4400838,True,A,Santa Cruz,0.5237659633051445,-121.827474,36.915985,82.2210054731193,2.176548479966465,,T20,unknown,0.0,0.0,0.0,0.044280442804428,0.0,-13.111771787511763,-12.376643382009895,0.7351284055018681,-0.313754695865617,0.1375645756457564,0.8185977859778597,0.4681369196268906,0.3966737522322313,-0.0714631673946592,8.0,14.0,False,79.23750667572023,134.08640003204346,122.6900029182434,76.7449983721599,151.53327037096025,240.0761926174164,223.79000115394592,187.7149960519746,57.34140165988356
4400843,True,A,Santa Cruz,0.8121013395708824,-121.818651,36.881332,31.02039479461672,1.4745935317828147,,T20,unknown,0.0,0.0,0.0,0.0067471253444835,0.0,-15.500171249711386,-13.963521220542251,1.5366500291691343,4.394894287272212,0.7184263042858497,0.76774684025468,0.4018308816980887,0.4572600852731718,0.055429203575083,6.0,14.0,False,79.23750667572023,109.97149848937988,112.0700011253357,67.69999848026782,151.53327037096025,193.0911934375763,209.69000244140625,191.6849961988628,44.37000264506787
4400844,False,B,Santa Cruz,1.7048632875974612,-121.815787,36.892325,,,2022-11-04,T20 > G6,not a unit (sequence B/C),,,,,,,,,,,,,,,,,False,,,,,,,,,
4400856,True,A,Santa Cruz,1.2807766358239816,-121.820339,36.880233,41.7561554635348,1.62879379380341,,T20,unknown,0.0,0.0,0.0,0.0,0.0,-15.24823970854178,-14.574506410994909,0.6737332975468728,1.4610872076164725,0.6107935743938392,1.0,0.4041026528866653,0.3837094506440801,-0.0203932022425852,6.0,14.0,False,79.23750667572023,109.97149848937988,107.05999946594238,67.69999848026782,151.53327037096025,193.0911934375763,202.0200023651123,191.6849961988628,42.27150000911206
4404131,True,A,Santa Cruz,3.1369929239854013,-121.814555,36.887891,41.01700050612867,1.1099142314584054,,T20,unknown,0.0,0.3355953115360888,0.0001233806292412,0.062553979025293,0.0,-13.58956903542608,-12.842653439889975,0.7469155955361018,0.1103338081657643,0.1121283158544108,0.9274275138803206,0.381367890036893,0.377314786271943,-0.0040531037649499,8.0,14.0,False,79.23750667572023,109.97149848937988,110.84999990463255,67.69999848026782,151.53327037096025,193.0911934375763,204.6899991035461,191.6849961988628,43.15000142436473
4400862,True,A,Santa Cruz,1.1371155936477937,-121.743493,36.961225,32.53197256002298,0.3932010046932099,,T20,unknown,0.0,0.0,0.0,0.0,0.0,-11.283231269008924,-9.809593964192564,1.473637304816359,0.6921701873984567,0.0,0.0,0.5950710370312718,0.670851910606828,0.0757808735755561,6.0,14.0,False,79.23750667572023,129.63119411468506,117.91000294685364,69.51999836880714,151.53327037096025,222.34979557991028,223.89000153541565,182.43499598558992,60.11119574587792
4400865,True,A,Santa Cruz,2.2704417475730096,-121.818661,36.876272,14.364363043040315,1.5219910483067254,,T20,unknown,0.0,0.4074490178054675,0.0,0.0,0.0,-14.959283696730797,-13.549070225941726,1.4102134707890706,2.350968500135915,0.4961699519967316,0.8936438225581316,0.4736133181117987,0.4868316049844353,0.0132182868726365,6.0,14.0,False,79.23750667572023,109.97149848937988,107.05999946594238,67.69999848026782,151.53327037096025,193.0911934375763,202.0200023651123,191.6849961988628,42.27150000911206
4400880,True,A,Santa Cruz,1.6950301918248836,-121.804566,36.890422,14.6179877844704,0.220866569953554,,T20,unknown,0.0,0.2475070899277285,0.0,0.0211783002470039,0.0,-14.909182808583587,-13.947351426647344,0.9618313819362464,0.7567732080710794,0.5510474796450464,0.849419083340957,0.3457641688187174,0.3771778813367925,0.0314137125180751,6.837526301344802,14.003430610191206,False,79.23750667572023,97.8693985939026,106.75000071525574,67.69999848026782,151.53327037096025,183.5908932685852,197.81000089645383,191.6849961988628,39.050002234987915
4405407,True,A,Santa Cruz,14.346041959017642,-121.725497,36.931484,20.52059754897294,0.1410088117778596,,T20,unknown,0.0,0.0,0.0,0.0282758620689655,0.0,-7.927386943554109,-7.024375188043052,0.9030117555110566,1.0061115667231997,0.0,0.4333189655172413,0.2633519122025985,0.3689415988988437,0.1055896866962451,3.0,8.932737068965519,False,79.23750667572023,104.31609773635864,112.34999799728394,69.51999836880714,151.53327037096025,198.88559532165527,205.8599989414215,182.43499598558992,42.8299996284768
4400892,False,B,Santa Cruz,1.898293067844484,-121.82196,36.921472,,,2022-10-27,T20 > G6,not a unit (sequence B/C),,,,,,,,,,,,,,,,,False,,,,,,,,,
4400894,True,A,Santa Cruz,3.64672332872667,-121.827538,36.909411,71.06531844129285,1.926576572995964,,T20,unknown,0.0,0.0,0.0,0.0389764698393838,0.0,-13.018037309128072,-12.598120393129769,0.4199169159983054,0.1270207969112142,0.1010375336827141,0.7351849101440667,0.4633978505343352,0.4429681328345052,-0.0204297176998299,8.0,14.0,False,79.23750667572023,134.08640003204346,122.74000096321106,76.7449983721599,151.53327037096025,240.0761926174164,228.060004234314,187.7149960519746,57.34140165988356
4400917,True,A,Santa Cruz,2.008416703318698,-121.812549,36.886004,38.17404060852535,0.931399507291626,,T20,unknown,0.0,0.2171244437624674,0.0,0.0,0.0,-16.464128899719118,-16.09879441291298,0.3653344868061374,1.3284181449150996,0.9989258861439312,0.9622142089918676,0.4725450655322271,0.3853358728675383,-0.0872091926646887,6.0,14.0,False,79.23750667572023,109.97149848937988,110.84999990463255,67.69999848026782,151.53327037096025,193.0911934375763,204.6899991035461,191.6849961988628,43.15000142436473
4405143,True,A,Santa Cruz,5.902426139133166,-121.813319,36.882308,26.88730883397241,0.9999813786615704,,T20,unknown,0.0,0.0,0.01001885902876,0.0026847922887526,0.0,-15.361780759834014,-14.89085285937963,0.4709279004543845,0.9617827830184584,0.6722588925559222,0.9468542092304468,0.290057160362677,0.323090044823426,0.033032884460749,6.0,14.0,False,79.23750667572023,109.97149848937988,104.64000082015993,67.69999848026782,151.53327037096025,193.0911934375763,195.6199975013733,191.6849961988628,42.27150000911206
4400934,True,A,Santa Cruz,1.1524815311159675,-121.827471,36.914779,87.37691634056604,2.112880377853146,,T20,unknown,0.0,0.0,0.0,0.0109808676906494,0.0,-15.652720921796853,-14.01093826622458,1.641782655572273,1.3272882059429492,0.7423874966316355,1.0,0.4594475524974331,0.4180006676347742,-0.0414468848626589,8.0,14.0,False,79.23750667572023,134.08640003204346,122.6900029182434,76.7449983721599,151.53327037096025,240.0761926174164,223.79000115394592,187.7149960519746,57.34140165988356
4400967,True,A,Santa Cruz,0.3331060094608837,-121.829541,36.916379,73.12445690856347,2.3584922317002976,,T20,unknown,0.0,0.0,0.0,0.0,0.0,-11.804584298100773,-10.372756356455351,1.4318279416454214,1.347855314480192,0.065743132190655,0.6644752289269781,0.4895686267630878,0.444460109348559,-0.0451085174145287,8.0,14.0,False,79.23750667572023,134.08640003204346,125.30999660491943,76.7449983721599,151.53327037096025,240.0761926174164,233.42999815940857,187.7149960519746,57.34140165988356
4400977,True,A,Santa Cruz,1.6251476209469935,-121.828454,36.897689,35.52838969525894,1.9761787806176505,,T20,unknown,0.0,0.0,0.0,0.0464850447704324,0.0,-12.018487257798844,-12.218498226243316,-0.2000109684444719,0.6481503928348964,0.0089064583730234,0.717136597447133,0.140870358935451,0.1821853408168034,0.0413149818813523,7.027671937511908,14.0,False,79.23750667572023,134.08640003204346,114.90999984741212,67.69999848026782,151.53327037096025,240.0761926174164,215.13999795913696,191.6849961988628,66.38640155177563
4400996,False,B,Santa Cruz,2.0712328012933288,-121.806353,36.886845,,,2022-10-25,T20 > G6,not a unit (sequence B/C),,,,,,,,,,,,,,,,,False,,,,,,,,,
4401004,False,B,Santa Cruz,21.433566111308675,-121.774351,36.886568,,,2022-10-17,T20 > T30 > T4,not a unit (sequence B/C),,,,,,,,,,,,,,,,,False,,,,,,,,,
4404463,True,A,Santa Cruz,1.0173679163470672,-121.759011,36.977315,46.77611223779569,0.4888048864165389,,T20,unknown,0.0,0.0,0.0,0.0184792487125113,0.0,-9.554949985942166,-9.65124806907915,-0.0962980831369844,0.0497333930634145,0.0,0.0,0.3590598904539855,0.3884315904364175,0.029371699982432,6.0,16.0,False,79.23750667572023,129.63119411468506,122.37999749183656,69.51999836880714,151.53327037096025,222.34979557991028,239.3499998152256,182.43499598558992,60.11119574587792
4404313,True,A,Santa Cruz,14.92737526539832,-121.759517,36.930081,24.444234194757414,1.0564608515185057,,T20,not_flooded,0.0,1.0,0.0,0.0187666449052341,0.0,-9.21411290187088,-8.261167936182414,0.9529449656884664,1.0548173273099462,0.0,0.6123615299323328,0.1829024261795884,0.2853353928437086,0.1024329666641202,3.0,7.013953223282663,False,79.23750667572023,101.1646978855133,112.1899995803833,69.51999836880714,151.53327037096025,198.1424939632416,207.6599969863892,182.43499598558992,42.670001211576164
4401013,True,A,Santa Cruz,1.9512490428192824,-121.824452,36.884363,34.72278680646015,1.9908588544815096,,T20,unknown,0.0,0.0,0.0001186333438785,0.0,0.0,-14.177009859160645,-13.686092690577953,0.4909171685826905,0.8742694627740555,0.1828930718127175,0.7920357481809555,0.6168232969409378,0.5684555536692878,-0.04836774327165,6.0,14.0,False,79.23750667572023,109.97149848937988,112.0700011253357,67.69999848026782,151.53327037096025,193.0911934375763,209.69000244140625,191.6849961988628,44.37000264506787
4401027,True,A,Santa Cruz,23.9600406082283,-121.728361,36.961058,52.14816783953992,1.738681081006103,,T20,unknown,0.0,0.0,0.0,0.0032565930678785,0.0,-10.445885972995969,-9.503148722501304,0.9427372504946624,1.292779992596616,0.0,0.0018913414645954,0.2613941257445294,0.4283778341620601,0.1669837084175307,5.998353951967672,14.01329103097475,False,79.23750667572023,153.09749460220337,117.759996175766,69.51999836880714,151.53327037096025,282.29499101638794,218.7999997138977,182.43499598558992,83.57749623339623
4401034,True,A,Santa Cruz,3.287351204876996,-121.683646,36.926177,19.341398756848488,1.8294347021728965,,T20,unknown,0.0,0.0,0.0,0.1169047842842372,0.0,-13.950478110018596,-12.846468340909624,1.1040097691089734,1.5282680683179564,0.2652739919165335,0.6064479744336874,0.1160880751982758,0.2087248678070809,0.0926367926088051,3.0,8.0,False,79.23750667572023,107.0259974002838,109.92000138759612,66.27499858662486,151.53327037096025,207.3426961898804,196.69000148773196,167.63999602384865,43.645002800971255
4401046,True,A,Santa Cruz,1.9646792157749264,-121.848708,36.934173,52.01021358436913,3.1307245573802858,,T20,unknown,0.0,0.0,0.0,0.0,0.0,-11.439799587479095,-10.88012441408593,0.5596751733931651,0.6035256465718195,0.0,0.1897047810492294,0.6470035286556021,0.612658793070334,-0.034344735585268,8.0,16.0,False,79.23750667572023,134.08640003204346,124.39999747276306,76.7449983721599,151.53327037096025,240.0761926174164,242.3099989891052,187.7149960519746,57.34140165988356
4401049,True,A,Santa Cruz,1.4080152315261918,-121.819591,36.881693,33.32856328599237,1.5582551656489794,,T20,unknown,0.0,0.0,0.0,0.0040004384042086,0.0,-13.974928168978847,-12.219374174351511,1.755553994627336,5.717901873816601,0.2608505041648399,0.6480162209557212,0.3548965358756342,0.4508958885896133,0.0959993527139791,6.0,14.0,False,79.23750667572023,109.97149848937988,112.0700011253357,67.69999848026782,151.53327037096025,193.0911934375763,209.69000244140625,191.6849961988628,44.37000264506787
4401053,True,A,Santa Cruz,0.922942478203584,-121.820234,36.878762,36.8760760872125,1.6390513529238184,,T20,unknown,0.0,0.0,0.0,0.006402695871946,0.0,-16.325443045997012,-14.78093404997281,1.5445089960242022,1.864353303239897,0.720050547598989,1.0,0.349660625192631,0.3076808724505317,-0.0419797527420993,6.0,14.0,False,79.23750667572023,109.97149848937988,107.05999946594238,67.69999848026782,151.53327037096025,193.0911934375763,202.0200023651123,191.6849961988628,42.27150000911206
4401074,True,A,Santa Cruz,1.3902410060203738,-121.830512,36.915995,76.74930356900138,2.41531870942893,,T20,unknown,0.0,0.0,0.0283995990644838,0.0885399264951553,0.0,-12.744725231279713,-14.008918995469664,-1.2641937641899528,-0.4502680417586227,0.0055128633478115,0.6281879942087093,0.5410037749341237,0.4662532739035071,-0.0747505010306165,8.0,14.0,False,79.23750667572023,134.08640003204346,122.74000096321106,76.7449983721599,151.53327037096025,240.0761926174164,228.060004234314,187.7149960519746,57.34140165988356
4401107,True,A,Santa Cruz,2.1056296911255905,-121.829207,36.899314,35.62601680249737,2.0429877927693965,,T20,unknown,0.0,0.0,0.0126157364712826,0.0188129403519126,0.0,-13.97914161188414,-14.363218808158704,-0.3840771962745641,-0.4905521340028578,0.1637463572983142,0.9361097790401712,0.040598645676486,0.0811342197026538,0.0405355740261677,8.0,14.0,False,79.23750667572023,134.08640003204346,117.87000274658205,76.7449983721599,151.53327037096025,240.0761926174164,220.7500021457672,187.7149960519746,57.34140165988356
4405149,False,B,Santa Cruz,10.4424376557963,-121.731686,36.930928,,,2022-10-18,T20 > G6 > T30,not a unit (sequence B/C),,,,,,,,,,,,,,,,,False,,,,,,,,,
4401123,True,A,Santa Cruz,41.12472450917273,-121.819502,36.901892,53.01206657566885,1.1793139707095486,,T20,unknown,0.0,0.0,0.0081967059018162,0.0429857065240891,0.0,-13.932089647038346,-13.37707649048641,0.5550131565519365,1.4442606295738614,0.3084950584767288,0.8867839397203721,0.3004893709447748,0.3518726645020505,0.0513832935572757,7.827228103421372,14.0,False,79.23750667572023,134.08640003204346,114.02999806404114,76.7449983721599,151.53327037096025,240.0761926174164,210.3900022506714,187.7149960519746,57.34140165988356
4401139,False,B,Santa Cruz,14.002235502690167,-121.808334,36.872674,,,2022-10-17,T20 > T30 > T30,not a unit (sequence B/C),,,,,,,,,,,,,,,,,False,,,,,,,,,
4401154,True,A,Santa Cruz,3.056176903818478,-121.818667,36.88083,36.2095538856773,1.4767669237809804,,T20,unknown,0.0,0.0,0.0,0.0313576494427558,0.0,-16.954027261067235,-15.918117302776611,1.035909958290624,1.5159431666754593,0.8624113475177306,0.8874620060790275,0.6255292877260493,0.5498785163871303,-0.075650771338919,6.0,14.0,False,79.23750667572023,109.97149848937988,112.0700011253357,67.69999848026782,151.53327037096025,193.0911934375763,209.69000244140625,191.6849961988628,44.37000264506787
4401201,True,A,Santa Cruz,2.435387088435565,-121.811731,36.885489,35.18070998716003,0.8585999418849833,,T20,unknown,0.0,0.0,0.0,0.016089108910891,0.0,-14.56310964225199,-13.879210499418791,0.6838991428331962,1.0468168668957567,0.4351675552170602,0.7340695608022344,0.4969163421427016,0.4685190261662474,-0.0283973159764541,6.329683929931454,14.0,False,79.23750667572023,109.97149848937988,110.84999990463255,67.69999848026782,151.53327037096025,193.0911934375763,204.6899991035461,191.6849961988628,43.15000142436473
4401203,True,A,Santa Cruz,6.28264893599416,-121.753429,36.947962,28.836641602941192,0.4831679248245561,,T20,unknown,0.0,0.423404438857875,0.0,0.0,0.0,-10.063526066303924,-9.558626796497007,0.5048992698069181,0.0119827043465239,0.0,0.0,0.6736404916378601,0.6900891161563456,0.0164486245184855,3.0,7.0,False,79.23750667572023,129.63119411468506,117.44999551773073,69.51999836880714,151.53327037096025,222.34979557991028,220.51999807357788,182.43499598558992,60.11119574587792
4401213,False,B,Santa Cruz,3.8557191271130784,-121.807173,36.88723,,,2022-10-25,T20 > G6,not a unit (sequence B/C),,,,,,,,,,,,,,,,,False,,,,,,,,,
4401228,True,A,Santa Cruz,0.5326837267342522,-121.811447,36.887937,29.32982101262017,0.8332957230616082,,T20,not_flooded,0.0,1.0,0.0,0.0,0.0,-15.261735844698372,-12.975321611863407,2.286414232834966,2.68635515562638,0.6021631102016957,0.9973691902952352,0.3869196601175002,0.4434726511358834,0.0565529910183832,8.0,14.0,False,79.23750667572023,97.8693985939026,110.84999990463255,67.69999848026782,151.53327037096025,183.5908932685852,204.6899991035461,191.6849961988628,43.15000142436473
4401249,False,B,Santa Cruz,3.995473996053931,-121.822139,36.89192,,,2022-10-17,T20 > G6 > T30,not a unit (sequence B/C),,,,,,,,,,,,,,,,,False,,,,,,,,,
4405152,True,A,Santa Cruz,12.538948070888022,-121.832415,36.912331,65.95207816944668,2.424309453349238,,T20,unknown,0.0,0.0,0.0125760574060032,0.0143145124003624,0.0015720071757504,-12.999609652972772,-12.294430681762467,0.7051789712103034,1.2958633012860314,0.1313828114885983,0.4275427986659516,0.0892650837734863,0.1757274666571337,0.0864623828836473,8.0,14.0,False,79.23750667572023,134.08640003204346,122.74000096321106,76.7449983721599,151.53327037096025,240.0761926174164,228.060004234314,187.7149960519746,57.34140165988356
4401269,True,A,Santa Cruz,1.1453136996093527,-121.824758,36.885775,41.53072123528814,2.0180571770448683,,T20,unknown,0.0,0.0,0.0,0.0123348611485575,0.0,-14.404137264323433,-13.511846448991562,0.8922908153318705,1.3694156412683949,0.3050013480722566,0.7640873550822325,0.5759213059401377,0.5416457941768209,-0.0342755117633167,6.0,14.0,False,79.23750667572023,109.97149848937988,112.0700011253357,67.69999848026782,151.53327037096025,193.0911934375763,209.69000244140625,191.6849961988628,44.37000264506787
4404634,False,B,Santa Cruz,7.922919626571019,-121.815803,36.90688,,,2022-10-19,T20 > G6,not a unit (sequence B/C),,,,,,,,,,,,,,,,,False,,,,,,,,,
4405153,True,A,Santa Cruz,2.693713397150378,-121.811762,36.887432,29.656018772268265,0.8613370442041388,,T20,not_flooded,0.0,0.5677306288964864,0.0,0.0039072600339012,0.0,-13.393965220898757,-12.898466528534104,0.4954986923646522,1.5515668912065106,0.0697848133996035,0.1405464418076824,0.2033154737785149,0.246293867290573,0.0429783935120581,7.604677220099405,14.0,False,79.23750667572023,109.97149848937988,110.84999990463255,67.69999848026782,151.53327037096025,193.0911934375763,204.6899991035461,191.6849961988628,43.15000142436473
4401286,True,A,Santa Cruz,1.300559830971015,-121.816618,36.880127,28.122870287797223,1.2996726264439824,,T20,unknown,0.0,0.3577028150611711,0.0757215821356455,0.0461456229956051,0.0,-13.327134611988551,-13.064649574743402,0.262485037245149,0.4075583477623894,0.0692481292315001,0.3426772775864116,0.4845993815905647,0.4052654643840525,-0.0793339172065122,6.0,14.0,False,79.23750667572023,109.97149848937988,107.05999946594238,67.69999848026782,151.53327037096025,193.0911934375763,202.0200023651123,191.6849961988628,42.27150000911206
4401304,True,A,Santa Cruz,0.6467809112580003,-121.810613,36.888571,27.4775664892267,0.7590618177003879,,T20,not_flooded,0.0,0.9342638988308276,0.0,0.0,0.0,-13.062768629183614,-12.889532717076955,0.1732359121066586,0.5429705929821225,0.0,0.7701026008112619,0.3711933742784649,0.3645486000030199,-0.0066447742754449,6.755070388928655,14.0,False,79.23750667572023,97.8693985939026,110.84999990463255,67.69999848026782,151.53327037096025,183.5908932685852,204.6899991035461,191.6849961988628,43.15000142436473
4401306,True,A,Santa Cruz,3.836667010427874,-121.778639,36.978671,61.96952540726465,0.3281300880421743,,T20,not_flooded,0.0,0.5170572470630906,0.0,0.0,0.0,-11.181578682658277,-10.684899747081008,0.4966789355772665,1.499342092547037,0.0,0.0,0.5596935502748063,0.5783019768358694,0.018608426561063,12.0,29.86328006931711,False,79.23750667572023,138.15709829330444,126.2999985218048,69.51999836880714,151.53327037096025,250.71009016036987,245.07999914884567,182.43499598558992,68.6370999244973
4401313,True,A,Santa Cruz,2.586698266047749,-121.805261,36.889074,17.917542627222772,0.2827258708335154,,T20,unknown,0.0,0.3921791383897874,0.0,0.0098956620526772,0.0,-16.309797937992602,-15.44441450519275,0.8653834327998524,0.4989528040379269,0.892194086519776,0.944602230260994,0.3247781187512421,0.2862727832367767,-0.0385053355144653,6.0,15.754163054201918,False,79.23750667572023,97.8693985939026,106.75000071525574,67.69999848026782,151.53327037096025,183.5908932685852,197.81000089645383,191.6849961988628,39.050002234987915
4401325,True,A,Santa Cruz,0.6091627232746106,-121.759577,36.949859,33.08580334249295,0.951333550705951,,T20,not_flooded,0.0,1.0,0.0,0.0,0.0,-10.691942395974351,-10.317204059364723,0.3747383366096262,2.5090161998807865,0.0,0.0,0.3696782219974014,0.4729054450747454,0.103227223077344,3.0,7.0,False,79.23750667572023,129.63119411468506,117.44999551773073,69.51999836880714,151.53327037096025,222.34979557991028,220.51999807357788,182.43499598558992,60.11119574587792
4401331,False,B,Santa Cruz,6.381909864116548,-121.826866,36.89464,,,2022-10-27,T20 > G6 > T30,not a unit (sequence B/C),,,,,,,,,,,,,,,,,False,,,,,,,,,
4401334,True,A,Santa Cruz,0.6065465140819777,-121.827146,36.915945,81.90104506814136,2.1490436470909056,,T20,unknown,0.0,0.0,0.0,0.0077283669073862,0.0,-15.75975636920244,-14.726566097549336,1.0331902716531047,1.3791806497003414,0.6963131889015585,0.5604966425947042,0.4397668341191477,0.400881286778937,-0.0388855473402107,8.0,14.0,False,79.23750667572023,134.08640003204346,122.6900029182434,76.7449983721599,151.53327037096025,240.0761926174164,223.79000115394592,187.7149960519746,57.34140165988356
4401363,True,A,Santa Cruz,1.5259609984988871,-121.744863,36.960096,22.526430467610897,0.2713901837571293,,T20,unknown,0.0,0.0,0.0,0.0,0.0,-10.1731536428567,-9.65871438929695,0.5144392535597504,1.0675608413588955,0.0,0.0010614101592115,0.3559531383029974,0.3691308800796683,0.0131777417766709,6.0,14.0,False,79.23750667572023,129.63119411468506,118.52999758720398,69.51999836880714,151.53327037096025,222.34979557991028,225.2600009441376,182.43499598558992,60.11119574587792
4401369,True,A,Santa Cruz,2.469510956276219,-121.819849,36.882314,31.203407800433805,1.581206605102112,,T20,unknown,0.0,0.0,0.0239841986455981,0.0,0.0,-11.754895350173344,-11.6132429282882,0.1416524218851442,4.383322108991044,0.0226674191121143,0.2912277401555054,0.3694761284111487,0.4655125802889715,0.0960364518778227,6.0,14.0,False,79.23750667572023,109.97149848937988,112.0700011253357,67.69999848026782,151.53327037096025,193.0911934375763,209.69000244140625,191.6849961988628,44.37000264506787
4401370,True,A,Santa Cruz,1.2075701485166717,-121.820878,36.883211,24.75062863020836,1.6727765558914225,,T20,not_flooded,0.0,0.8072173523577965,0.0,0.0101733956107236,0.0,-14.141448121943023,-13.312436009445593,0.8290121124974323,4.741067405502772,0.2608612195278008,0.91285430929682,0.3417175139353975,0.4173720374725336,0.075654523537136,6.0,14.0,False,79.23750667572023,109.97149848937988,112.0700011253357,67.69999848026782,151.53327037096025,193.0911934375763,209.69000244140625,191.6849961988628,44.37000264506787
4401378,True,A,Santa Cruz,3.1885267269674613,-121.756315,36.977107,44.81010843636656,0.4656972337065306,,T20,unknown,0.0,0.1225347323423686,0.0,0.0,0.0,-7.063245116660439,-6.830541156894161,0.2327039597662779,0.4882045418696492,0.0,0.5935101525308462,0.1898596469728395,0.3776413123183517,0.1877816653455121,6.0,14.0,False,79.23750667572023,129.63119411468506,122.37999749183656,69.51999836880714,151.53327037096025,222.34979557991028,239.3499998152256,182.43499598558992,60.11119574587792
4401385,True,A,Santa Cruz,2.339079875167529,-121.823282,36.880742,38.53116561121274,1.8876553270396628,,T20,not_flooded,0.0,1.0,0.0,0.0071558721219148,0.0,-14.883175489894152,-14.271157574586438,0.6120179153077157,1.0357570325501817,0.5305615371873448,1.0,0.420610649340473,0.3818160107283082,-0.0387946386121648,6.0,14.0,False,79.23750667572023,109.97149848937988,112.0700011253357,67.69999848026782,151.53327037096025,193.0911934375763,209.69000244140625,191.6849961988628,44.37000264506787
4401387,True,A,Santa Cruz,2.050684256722676,-121.801185,36.945711,63.29480155486392,0.7129175095620784,,T20,not_flooded,0.0,1.0,0.0,0.0377714113389626,0.0,-11.995966910870118,-11.680972029781556,0.3149948810885608,0.6413542227438747,0.0,0.0,0.4050964438710338,0.5425750966587154,0.1374786527876815,6.0,14.0,False,79.23750667572023,138.15709829330444,123.52000331878662,76.7449983721599,151.53327037096025,250.71009016036987,232.5700005590916,187.7149960519746,61.412099921144545
4401388,True,A,Santa Cruz,1.610709319332422,-121.819936,36.879831,38.66831493483511,1.5968131918639712,,T20,unknown,0.0,0.0,0.0,0.0153423071356202,0.0,-15.146626717149168,-14.619108087711592,0.5275186294375747,1.1614059201303952,0.4547691416992329,1.0,0.4307855714283086,0.4133465000285238,-0.0174390713997847,6.0,14.0,False,79.23750667572023,109.97149848937988,107.05999946594238,67.69999848026782,151.53327037096025,193.0911934375763,202.0200023651123,191.6849961988628,42.27150000911206
4405154,True,A,Santa Cruz,2.017736413323321,-121.814245,36.924973,51.30564754272286,1.081794959950463,,T20,unknown,0.0,0.0,0.0,0.0391014337192363,0.0,-11.278766192476668,-10.303909338039322,0.9748568544373448,0.9595225551661368,0.0003066779115234,0.3902859771524955,0.2000582113697522,0.2177200212476032,0.017661809877851,6.0,14.0,False,79.23750667572023,134.08640003204346,123.62000155448914,76.7449983721599,151.53327037096025,240.0761926174164,225.92999809980392,187.7149960519746,57.34140165988356
4401405,True,A,Santa Cruz,13.37179802851817,-121.72651,36.959219,53.56497404151632,1.9033110259574628,,T20,unknown,0.0,0.0,0.0,0.0235902239336698,0.0,-11.65032266087493,-10.733511496601553,0.916811164273378,1.1359232662126786,0.0,0.1247506548021716,0.1315006907106851,0.3081897395583897,0.1766890488477045,6.0,14.51238775852398,False,79.23750667572023,153.09749460220337,117.759996175766,69.51999836880714,151.53327037096025,282.29499101638794,218.7999997138977,182.43499598558992,83.57749623339623
4405155,True,A,Santa Cruz,9.522273509247809,-121.821651,36.918717,50.25825780989383,1.7407648022646658,,T20,unknown,0.0,0.0,0.0082825149613076,0.0001218016906074,0.0,-13.750049607552883,-13.547961034127749,0.2020885734251365,1.315892742788515,0.1389188881941681,0.7332380573442359,0.2783178763847795,0.3702909244576641,0.0919730480728845,8.0,14.0,False,79.23750667572023,134.08640003204346,122.6900029182434,76.7449983721599,151.53327037096025,240.0761926174164,223.79000115394592,187.7149960519746,57.34140165988356
4405156,True,A,Santa Cruz,3.175932972755429,-121.760444,36.949358,30.82364630399946,0.9701639976741504,,T20,not_flooded,0.0,0.9921684988812142,0.0,0.0248078606868372,0.0,-10.88531585704336,-10.734230728417668,0.1510851286256915,-0.543607067410333,0.0,0.0,0.347842790125519,0.4175093468774793,0.0696665567519603,3.0,7.0,False,79.23750667572023,129.63119411468506,117.44999551773073,69.51999836880714,151.53327037096025,222.34979557991028,220.51999807357788,182.43499598558992,60.11119574587792
4404637,True,A,Santa Cruz,21.06130926340225,-121.821646,36.907313,78.83918336936854,1.3751029786551008,,T20,unknown,0.0,0.0,0.0037483325432436,0.0548212008628514,0.0,-15.15175949344884,-14.72652924077561,0.425230252673229,0.8523004297392749,0.5519052186343574,0.8849666141165143,0.4003758663791804,0.3865020459149447,-0.0138738204642356,7.949529804755972,14.0,False,79.23750667572023,134.08640003204346,120.10999941825868,76.7449983721599,151.53327037096025,240.0761926174164,218.81000065803528,187.7149960519746,57.34140165988356
4401419,False,B,Santa Cruz,0.8385767983536423,-121.81813,36.909503,,,2022-10-09,T20 > G6,not a unit (sequence B/C),,,,,,,,,,,,,,,,,False,,,,,,,,,
4405422,False,B,Santa Cruz,30.11537694572552,-121.803508,36.876397,,,2022-10-19,T20 > T30 > T30,not a unit (sequence B/C),,,,,,,,,,,,,,,,,False,,,,,,,,,
4404639,True,A,Santa Cruz,22.280767299687724,-121.827557,36.911714,81.90959898940515,1.990839003188868,,T20,unknown,0.0,0.0,0.0026553740953504,0.0261406827608948,0.0,-13.282523433562982,-12.723717357041034,0.5588060765219485,0.4790201653677535,0.2592304621739357,0.8118467866502368,0.4168644314835317,0.3767405092195882,-0.0401239222639435,8.0,14.0,False,79.23750667572023,134.08640003204346,122.74000096321106,76.7449983721599,151.53327037096025,240.0761926174164,228.060004234314,187.7149960519746,57.34140165988356
4404317,False,B,Santa Cruz,3.972939158108128,-121.81793,36.890658,,,2022-11-04,T20 > G6,not a unit (sequence B/C),,,,,,,,,,,,,,,,,False,,,,,,,,,
4401459,False,B,Santa Cruz,13.143427198135894,-121.774708,36.891178,,,2022-10-11,T20 > T30,not a unit (sequence B/C),,,,,,,,,,,,,,,,,False,,,,,,,,,
4401460,True,A,Santa Cruz,0.8157843823903395,-121.812688,36.887493,33.17469367268133,0.9437525729437272,,T20,not_flooded,0.0,1.0,0.0,0.0,0.0,-16.2345615531207,-15.415575308511068,0.818986244609631,0.897514576010126,0.9996186481075412,0.9999046620268852,0.3751676319915876,0.3666539239606681,-0.0085137080309194,7.35704070931452,14.0,False,79.23750667572023,109.97149848937988,110.84999990463255,67.69999848026782,151.53327037096025,193.0911934375763,204.6899991035461,191.6849961988628,43.15000142436473
4401473,True,A,Santa Cruz,2.2867667020567786,-121.754523,36.965092,54.90561030802364,0.4606002607974162,,T20,not_flooded,0.0,1.0,0.0,0.0074039331300881,0.0,-9.951781863148774,-8.130814571598739,1.8209672915500352,2.5456080217143877,0.0,0.6258166102717011,0.2532348760402662,0.3512539948213877,0.0980191187811215,6.0,16.0,False,79.23750667572023,129.63119411468506,118.52999758720398,69.51999836880714,151.53327037096025,222.34979557991028,225.2600009441376,182.43499598558992,60.11119574587792
4401475,True,A,Santa Cruz,0.4150728717423172,-121.778953,36.978077,61.49389566449977,0.3716353860780971,,T20,not_flooded,0.0,0.771641791044776,0.0,0.0,0.0,-12.364178465082189,-10.25216881247978,2.112009652602408,1.5491041012880888,0.0,0.0,0.5614539319009924,0.5419587868196307,-0.0194951450813616,12.0,31.911194029850744,False,79.23750667572023,138.15709829330444,126.2999985218048,69.51999836880714,151.53327037096025,250.71009016036987,245.07999914884567,182.43499598558992,68.6370999244973
4401478,True,A,Santa Cruz,9.19975444955856,-121.756785,36.932363,26.626895642217352,0.8028012377918182,,T20,not_flooded,0.0,1.0,0.0,0.0426974589641166,0.0,-11.018138149338204,-10.506430762154231,0.5117073871839732,0.5210868765306103,0.0,0.3153049578731832,0.1720944271774587,0.2067071356325476,0.0346127084550888,3.0,7.452645094155954,False,79.23750667572023,101.1646978855133,112.1899995803833,69.51999836880714,151.53327037096025,198.1424939632416,207.6599969863892,182.43499598558992,42.670001211576164
4401490,True,A,Santa Cruz,3.1605094580491766,-121.8227,36.88103,38.06985894509413,1.8351633682046664,,T20,not_flooded,0.0,0.9295902140672784,0.0,0.0095412844036697,0.0,-14.672466335627186,-14.521921431698605,0.1505449039285817,0.163051388746938,0.4241467889908256,0.9742629969418962,0.304629966186821,0.3349433748361167,0.0303134086492957,6.0,14.0,False,79.23750667572023,109.97149848937988,112.0700011253357,67.69999848026782,151.53327037096025,193.0911934375763,209.69000244140625,191.6849961988628,44.37000264506787
4401494,True,A,Santa Cruz,1.925393333884219,-121.82152,36.877442,37.130961235881855,1.7810732253525394,,T20,unknown,0.0,0.0,0.0148469162553669,0.0,0.0,-15.379405689313757,-15.31906439724044,0.0603412920733159,0.91012961958646,0.684723726977248,0.7891737891737892,0.4431718497676732,0.3980243130343419,-0.0451475367333313,6.0,14.0,False,79.23750667572023,109.97149848937988,107.05999946594238,67.69999848026782,151.53327037096025,193.0911934375763,202.0200023651123,191.6849961988628,42.27150000911206
4401498,False,B,Santa Cruz,0.991924402009842,-121.815446,36.892811,,,2022-11-04,T20 > G6,not a unit (sequence B/C),,,,,,,,,,,,,,,,,False,,,,,,,,,
4401501,True,A,Santa Cruz,3.550969246127514,-121.806548,36.891048,15.442137441895724,0.3972592424666297,,T20,unknown,0.0,0.3202288747715603,0.0,0.0,0.0,-14.410605886604014,-13.821007121857988,0.5895987647460252,1.9193856214999343,0.357910538682447,0.7992994517448437,0.3223229000444885,0.3864791292624895,0.064156229218001,6.044795927247411,14.0,False,79.23750667572023,97.8693985939026,106.75000071525574,67.69999848026782,151.53327037096025,183.5908932685852,197.81000089645383,191.6849961988628,39.050002234987915
4401540,True,A,Santa Cruz,2.3566910945575748,-121.82152,36.920538,58.609226883569086,1.7290687904358673,,T20,unknown,0.0,0.0,0.0,0.0609496346298784,0.0,-13.718640455754768,-12.889076430953986,0.8295640248007814,2.275204136399364,0.1550611134777337,0.5658157748140381,0.3030801225307983,0.4033297898099092,0.1002496672791108,8.0,14.0,False,79.23750667572023,134.08640003204346,122.6900029182434,76.7449983721599,151.53327037096025,240.0761926174164,223.79000115394592,187.7149960519746,57.34140165988356
4401548,True,A,Santa Cruz,4.110305843221832,-121.846429,36.922977,64.19151535506911,3.654381668935716,,T20,unknown,0.0,0.0,0.0,0.0,0.0,-12.409894802409406,-11.284887084153238,1.1250077182561675,1.2552191892179003,0.0730738083130873,0.3516959526903591,0.2144886472649708,0.2941723810122089,0.0796837337472381,8.0,14.0,False,79.23750667572023,134.08640003204346,122.28000092506409,76.7449983721599,151.53327037096025,240.0761926174164,236.46000218391416,187.7149960519746,57.34140165988356
4404642,True,A,Santa Cruz,7.1276201023729495,-121.825818,36.906329,71.73519027833451,1.7412681642776775,,T20,unknown,0.0,0.0,0.0,0.0,0.0,-12.441921326329384,-11.261464998749302,1.1804563275800817,1.3891946773926431,0.033294278461238,0.1920631821041897,0.1860301288820332,0.2258717193328233,0.0398415904507901,8.0,14.0,False,79.23750667572023,134.08640003204346,117.87000274658205,76.7449983721599,151.53327037096025,240.0761926174164,220.7500021457672,187.7149960519746,57.34140165988356
4405162,False,B,Santa Cruz,8.789355269694985,-121.785784,36.947116,,,2023-02-06,T20 > X,not a unit (sequence B/C),,,,,,,,,,,,,,,,,False,,,,,,,,,
4401564,True,A,Santa Cruz,0.831398426757793,-121.818962,36.879857,42.25355103805874,1.5102665323651463,,T20,unknown,0.0,0.0,0.0,0.0,0.0,-15.933268259623436,-14.296187379348538,1.6370808802748993,2.5053821233678075,0.7240089753178757,1.0,0.4216231311613619,0.4120489183504052,-0.0095742128109567,6.0,14.0,False,79.23750667572023,109.97149848937988,107.05999946594238,67.69999848026782,151.53327037096025,193.0911934375763,202.0200023651123,191.6849961988628,42.27150000911206
4405163,False,B,Santa Cruz,10.7078027175201,-121.808586,36.893974,,,2022-11-11,T20 > T30,not a unit (sequence B/C),,,,,,,,,,,,,,,,,False,,,,,,,,,
4405165,True,A,Santa Cruz,14.399610710018242,-121.851913,36.926038,44.50797264664643,3.830124112853327,,T20,unknown,0.0,0.0,0.0,0.0100638720412216,0.0,-11.370370409015877,-10.53963203055656,0.8307383784593139,1.5145369242216944,0.1203639096130106,0.6119424614889165,0.3532974385051015,0.4664004275451012,0.1131029890399996,8.0,14.03866137083356,False,79.23750667572023,134.08640003204346,124.39999747276306,76.7449983721599,151.53327037096025,240.0761926174164,242.3099989891052,187.7149960519746,57.34140165988356
4401582,True,A,Santa Cruz,1.3198019257629998,-121.824745,36.881138,44.15101257171586,2.017061313777003,,T20,unknown,0.0,0.0879082082965578,0.0,0.2541335686966754,0.0,-10.970344091073068,-9.568442741478536,1.4019013495945334,0.1465051468245839,0.0034127684613121,1.0,0.3366496344810725,0.3852329877991297,0.0485833533180572,6.0,14.0,False,79.23750667572023,109.97149848937988,112.0700011253357,67.69999848026782,151.53327037096025,193.0911934375763,209.69000244140625,191.6849961988628,44.37000264506787
4401592,True,A,Santa Cruz,1.9402510420112975,-121.822679,36.879497,40.898753195383925,1.843491914626768,,T20,not_flooded,0.0,0.9535969357219806,0.0,0.0508718030562981,0.0,-16.62400949381803,-15.494122706219509,1.1298867875985206,2.228687893956103,0.9298567609623748,0.9389538363324422,0.412447914337877,0.3746623864414276,-0.0377855278964493,6.0,14.0,False,79.23750667572023,109.97149848937988,107.05999946594238,67.69999848026782,151.53327037096025,193.0911934375763,202.0200023651123,191.6849961988628,42.27150000911206
4404645,False,B,Santa Cruz,18.920944691646227,-121.812033,36.903061,,,2022-10-27,T20 > G6,not a unit (sequence B/C),,,,,,,,,,,,,,,,,False,,,,,,,,,
4404646,True,A,Santa Cruz,48.71069477952239,-121.791145,36.891276,3.754394376661111,0.665926577110995,,T20,not_flooded,0.0033535723250057,0.5128122031270353,0.0,0.0393373557137819,0.0,-8.63045138616434,-7.715050760011346,0.9154006261529944,0.4778966641332189,0.0008276699106243,0.5614874546846752,0.3470003825069257,0.4095002141991506,0.0624998316922248,6.0,14.0,False,79.23750667572023,97.8693985939026,106.36999917030334,65.42499778792262,151.53327037096025,183.5908932685852,194.82999527454376,177.3949949434027,40.945001382380724
4401617,True,A,Santa Cruz,3.4727211247691536,-121.829228,36.914046,76.5798718504006,2.220644902737756,,T20,unknown,0.0,0.0,0.0,0.0950440822869356,0.0,-10.210324084962494,-8.97974170004981,1.2305823849126831,1.5293930480229907,0.0,0.4680514738623207,0.4752858938802403,0.4545071299716741,-0.0207787639085662,8.0,14.0,False,79.23750667572023,134.08640003204346,122.6900029182434,76.7449983721599,151.53327037096025,240.0761926174164,223.79000115394592,187.7149960519746,57.34140165988356
4401618,True,A,Santa Cruz,10.730434788304088,-121.802176,36.884935,3.0342830987781446,0.0081596334738478,,T20,unknown,0.0,0.0,0.0,0.0330844193287971,0.0,-11.150877466437118,-10.513982088060995,0.6368953783761206,0.5097199093870941,0.0,0.2720058240110714,0.1140650020214791,0.200915927092371,0.0868509250708918,6.969539268827124,14.0,False,79.23750667572023,97.8693985939026,106.75000071525574,67.69999848026782,151.53327037096025,183.5908932685852,197.81000089645383,191.6849961988628,39.050002234987915
4401622,False,B,Santa Cruz,1.167092229345388,-121.757724,36.977221,,,2023-02-16,T20 > X,not a unit (sequence B/C),,,,,,,,,,,,,,,,,False,,,,,,,,,
4405166,False,B,Santa Cruz,8.739009844368855,-121.730207,36.930311,,,2022-10-11,T20 > G6 > T30,not a unit (sequence B/C),,,,,,,,,,,,,,,,,False,,,,,,,,,
4401639,True,A,Santa Cruz,6.435918901544119,-121.823167,36.904487,68.1637143782985,1.5053944201725893,,T20,unknown,0.0,0.0,0.0061240663800763,0.0001681116261197,0.0,-11.963646716471551,-11.206536288790554,0.757110427680999,1.3857232786136429,0.0,0.191311030524268,0.1239226639949653,0.1819501374365179,0.0580274734415526,8.0,14.0,False,79.23750667572023,134.08640003204346,120.10999941825868,76.7449983721599,151.53327037096025,240.0761926174164,218.81000065803528,187.7149960519746,57.34140165988356
4401642,True,A,Santa Cruz,1.3585495333358202,-121.81703,36.879448,28.007105656898503,1.3453455413229851,,T20,not_flooded,0.0,0.8631566938565969,0.0,0.0,0.0,-16.646096008556277,-15.254914578906988,1.39118142964929,1.581317218205685,0.9293822371798528,0.9947521533283896,0.4812373003110822,0.4462410473997283,-0.0349962529113538,6.0,14.0,False,79.23750667572023,109.97149848937988,107.05999946594238,67.69999848026782,151.53327037096025,193.0911934375763,202.0200023651123,191.6849961988628,42.27150000911206
4401652,True,A,Santa Cruz,3.012014634896332,-121.810304,36.900077,27.822521849812556,0.3608338092942316,,T20,unknown,0.0,0.0,0.0,0.0,0.0,-12.693193979557972,-12.17620206125125,0.516991918306724,0.8780872288304824,0.0,0.9558172276974272,0.2698253520926882,0.3312466395308657,0.0614212874381775,6.0,14.0,False,79.23750667572023,120.51449966430664,109.72000193595886,76.7449983721599,151.53327037096025,212.02269220352173,203.37999987602237,187.7149960519746,43.76950129214674
4401656,True,A,Santa Cruz,1.7189209959037666,-121.828426,36.91549,80.26723740286377,2.2245078959029057,,T20,unknown,0.0,0.0,0.0,0.0,0.0,-13.463375542749496,-12.445287603506507,1.018087939242989,1.1939531600442717,0.1938040345821326,0.4535752881844381,0.5443010482982727,0.4521754134408808,-0.0921256348573918,8.0,14.0,False,79.23750667572023,134.08640003204346,122.6900029182434,76.7449983721599,151.53327037096025,240.0761926174164,223.79000115394592,187.7149960519746,57.34140165988356
4401659,True,A,Santa Cruz,4.476324275725187,-121.74419,36.958642,21.65659123111752,0.3312378636518769,,T20,unknown,0.0,0.0,0.0,0.0153548543102406,0.0,-9.427609347281498,-8.18003658110912,1.2475727661723788,1.4752687033891174,0.0,0.1585056220529561,0.3479380279638908,0.4689100360066122,0.1209720080427214,6.0,14.46971345665579,False,79.23750667572023,129.63119411468506,118.52999758720398,69.51999836880714,151.53327037096025,222.34979557991028,225.2600009441376,182.43499598558992,60.11119574587792
4401672,True,A,Santa Cruz,15.37565480068167,-121.770883,36.886372,6.322848952463271,0.1062167909661711,,T20,not_flooded,0.0,1.0,0.0,0.0179626256629064,0.0,-13.795643802849773,-12.505012571675037,1.2906312311747357,1.31851387663734,0.2488402282310084,0.544755617723124,0.126965458968516,0.1858875553135358,0.0589220963450198,6.0,14.0,False,79.23750667572023,92.34999752044678,104.87999892234802,65.42499778792262,151.53327037096025,176.18079566955566,187.3300014734268,177.3949949434027,39.4550011344254
4401674,True,A,Santa Cruz,6.729979362541832,-121.726861,36.941896,33.37968414645525,0.4653476421659183,,T20,unknown,0.0,0.0,0.0,0.0,0.0,-10.703596419629232,-10.640011588144674,0.0635848314845581,0.1490338148236407,0.0,0.1261288138704976,0.1277978634287889,0.2081166688062961,0.0803188053775071,2.3939001021239483,8.0,False,79.23750667572023,153.09749460220337,114.0499985218048,69.51999836880714,151.53327037096025,282.29499101638794,211.8200006484985,182.43499598558992,83.57749623339623
4401684,True,A,Santa Cruz,0.1910871605534086,-121.849982,36.934283,44.70118523111148,3.22932869010567,,T20,unknown,0.0,0.0,0.0,0.0,0.0,-10.274276201595468,-9.28328868327837,0.9909875183170982,0.2294871601961556,0.0,0.0,0.6175665305098709,0.5554907147373472,-0.0620758157725236,8.0,16.0,False,79.23750667572023,134.08640003204346,127.6300003528595,76.7449983721599,151.53327037096025,240.0761926174164,249.25000524520877,187.7149960519746,57.34140165988356
4401692,True,A,Santa Cruz,1.2634136282048007,-121.822662,36.882604,35.000592714874514,1.831580431373302,,T20,not_flooded,0.0,1.0,0.0,0.0,0.0,-16.85625047954846,-14.472835175828406,2.3834153037200547,2.7364311858645305,0.9706261114858648,1.0,0.5704208434783115,0.5018829761301784,-0.068537867348133,6.0,14.0,False,79.23750667572023,109.97149848937988,112.0700011253357,67.69999848026782,151.53327037096025,193.0911934375763,209.69000244140625,191.6849961988628,44.37000264506787
4401698,True,A,Santa Cruz,15.663914689099798,-121.72602,36.944442,36.33026954606397,0.7126565943938379,,T20,unknown,0.0,0.0,0.0012588924708356,0.0574746123351714,0.0,-12.311337117177816,-11.921784187467305,0.3895529297105113,0.9156087330223794,0.0269156147097882,0.2503566862000701,0.0930086173349459,0.1568775641083901,0.0638689467734442,2.0,8.0,False,79.23750667572023,153.09749460220337,115.09000015258788,69.51999836880714,151.53327037096025,282.29499101638794,212.41999912261963,182.43499598558992,83.57749623339623
4401713,True,A,Santa Cruz,25.54561327843415,-121.798337,36.876854,3.7183630371236167,0.0375585076522086,,T20,not_flooded,0.0,0.5425510649124082,0.0015446681689321,0.022591529160912,0.0,-11.736149870037943,-11.196839764204457,0.5393101058334882,0.8498988290159595,0.0115850112669913,0.8024399699546897,0.117212712467726,0.1804168613536433,0.0632041488859173,6.0,14.0,False,79.23750667572023,97.8693985939026,104.1199996471405,67.69999848026782,151.53327037096025,183.5908932685852,192.62000036239624,191.6849961988628,36.42000116687268
4401727,True,A,Santa Cruz,2.0529329898219024,-121.821339,36.909685,78.16175653838249,1.395924491648416,,T20,unknown,0.0,0.0,0.0,0.0244058845718596,0.0,-13.293852741837316,-13.23835053824627,0.0555022035910468,0.0607025431409322,0.0051678611844586,0.3514900037721615,0.4130658573916119,0.523730790862966,0.1106649334713541,8.0,14.0,False,79.23750667572023,134.08640003204346,120.10999941825868,76.7449983721599,151.53327037096025,240.0761926174164,218.81000065803528,187.7149960519746,57.34140165988356
4401734,True,A,Santa Cruz,1.5408404212402926,-121.783284,36.955233,52.13014071725987,0.6561489530493181,,T20,unknown,0.0,0.3228508375965492,0.0,0.0,0.0,-7.899460744113568,-7.867281545802987,0.0321791983105814,-1.068381791534338,0.0,0.2164710602868893,0.355963721915471,0.4480445504185548,0.0920808285030837,12.0,28.78056976627545,False,79.23750667572023,138.15709829330444,122.0,69.51999836880714,151.53327037096025,250.71009016036987,230.5499987900257,182.43499598558992,68.6370999244973
4401740,True,A,Santa Cruz,21.435131429177044,-121.800621,36.878942,3.443630420676082,0.0588012349592601,,T20,unknown,0.0,0.0016970388477467,0.0,0.0114134889313349,0.0,-11.202986400859096,-10.597235331294003,0.6057510695650912,0.541975264325993,0.0009207338429264,0.4526760858340585,0.14933699749402,0.1939260132659975,0.0445890157719774,6.000028885767622,14.0,False,79.23750667572023,97.8693985939026,104.1199996471405,67.69999848026782,151.53327037096025,183.5908932685852,192.62000036239624,191.6849961988628,36.42000116687268
4404250,True,A,Santa Cruz,8.637985310268077,-121.714803,36.911067,12.122360389302802,0.0720295456056824,,T20,not_flooded,0.0,0.983353619245364,0.0,0.0091286604138326,0.0,-12.909953772528098,-11.437644182206665,1.4723095903214354,1.1118387167965658,0.0639006228968282,0.2158033221164172,0.5614797106261953,0.5373500931903741,-0.0241296174358212,2.0,7.573852652681322,False,79.23750667572023,104.31609773635864,109.24000072479248,69.51999836880714,151.53327037096025,198.88559532165527,190.33999955654144,182.43499598558992,39.72000235598534
4401784,True,A,Santa Cruz,0.6736083504828787,-121.831068,36.916548,79.48490662647514,2.487310038261686,,T20,unknown,0.0,0.0,0.0,0.0,0.0,-6.235650195776237,-6.52739997664674,-0.2917497808705036,-0.0138748963920356,0.0,0.6514100785945445,0.492172491320349,0.4614487801382676,-0.0307237111820814,8.0,14.0,False,79.23750667572023,134.08640003204346,125.30999660491943,76.7449983721599,151.53327037096025,240.0761926174164,233.42999815940857,187.7149960519746,57.34140165988356
4401802,True,A,Santa Cruz,3.870432220606752,-121.808424,36.900159,24.25013076376985,0.1935368263506523,,T20,unknown,0.0,0.0,0.0,0.0982121430285577,0.0,-14.56324575972116,-14.025519981658254,0.5377257780629066,1.0044036580816176,0.4502639788816893,0.9014878809695224,0.2884248441530578,0.3206241666801607,0.0321993225271028,6.0,14.0,False,79.23750667572023,120.51449966430664,109.72000193595886,76.7449983721599,151.53327037096025,212.02269220352173,203.37999987602237,187.7149960519746,43.76950129214674
4404251,True,A,Santa Cruz,16.924228128897976,-121.779079,36.891634,5.306110292985049,0.7176292742485133,,T20,not_flooded,0.0,0.6096975186649098,0.0,0.0347633948177426,0.0,-8.055116720656091,-5.5594847748585545,2.4956319457975367,2.409377118835952,0.0,0.9148642219294392,0.1902284420424569,0.227343068578151,0.037114626535694,6.0,14.0,False,79.23750667572023,97.8693985939026,106.76000165939332,65.42499778792262,151.53327037096025,183.5908932685852,192.6499992609024,177.3949949434027,41.335003871470704
4404650,True,A,Santa Cruz,15.019738345214195,-121.823211,36.908602,82.6298694009491,1.531739157366719,,T20,unknown,0.0,0.0,0.0001596358243387,0.026036087995386,0.0,-15.502946085543767,-14.592400949309075,0.91054513623469,0.9924635874374754,0.6576635494768064,0.9167936887204418,0.418270536930215,0.3969952552680248,-0.0212752816621901,8.0,14.0,False,79.23750667572023,134.08640003204346,120.10999941825868,76.7449983721599,151.53327037096025,240.0761926174164,218.81000065803528,187.7149960519746,57.34140165988356
4401828,False,B,Santa Cruz,2.4173526361777142,-121.819825,36.920679,,,2022-10-27,T20 > G6,not a unit (sequence B/C),,,,,,,,,,,,,,,,,False,,,,,,,,,
4404326,False,B,Santa Cruz,14.299220990510312,-121.726427,36.927588,,,2022-10-18,T20 > G6 > T30,not a unit (sequence B/C),,,,,,,,,,,,,,,,,False,,,,,,,,,
4401843,False,B,Santa Cruz,1.445647004957918,-121.814212,36.89363,,,2022-11-04,T20 > G6,not a unit (sequence B/C),,,,,,,,,,,,,,,,,False,,,,,,,,,
4401844,True,A,Santa Cruz,1.2588341719551372,-121.818762,36.877199,18.001326451570687,1.551348915436588,,T20,unknown,0.0,0.2461576294110414,0.0,0.0,0.0,-15.291497827929597,-14.27100205501171,1.0204957729178863,1.9072314873836491,0.6433665314152219,1.0,0.4604627229653498,0.457755359651659,-0.0027073633136908,6.0,14.0,False,79.23750667572023,109.97149848937988,107.05999946594238,67.69999848026782,151.53327037096025,193.0911934375763,202.0200023651123,191.6849961988628,42.27150000911206
4404651,False,C,Santa Cruz,4.825250232261245,-121.74206,36.930825,,,2023-08-10,T30 > T20,not a unit (sequence B/C),,,,,,,,,,,,,,,,,False,,,,,,,,,
4401855,True,A,Santa Cruz,4.15596206473015,-121.85251,36.940951,69.63131259177493,3.2337397507697228,,T20,unknown,0.0,0.0,0.0,0.0,0.0,-11.609089427302676,-11.328733269481788,0.2803561578208882,0.5389546869614552,0.0,0.0094956152600122,0.1973290775531611,0.2119562573706392,0.0146271798174781,8.0,16.0,False,79.23750667572023,146.06649541854858,127.6300003528595,76.7449983721599,151.53327037096025,284.6426968574524,249.25000524520877,187.7149960519746,69.32149704638869
4404252,False,B,Santa Cruz,31.779487058890844,-121.717579,36.914467,,,2022-10-26,T20 > T30,not a unit (sequence B/C),,,,,,,,,,,,,,,,,False,,,,,,,,,
4401861,True,A,Santa Cruz,1.5777848876924725,-121.821514,36.883868,31.7931789681962,1.7293703075577953,,T20,not_flooded,0.0,0.9596430147599668,0.0,0.0310890992007061,0.0,-15.28265419013788,-14.066129768636532,1.216524421501347,3.878200070530269,0.635463149119796,0.9155592605305742,0.3940421420698488,0.449997798512982,0.0559556564431331,6.0,14.0,False,79.23750667572023,109.97149848937988,112.0700011253357,67.69999848026782,151.53327037096025,193.0911934375763,209.69000244140625,191.6849961988628,44.37000264506787
4401875,True,A,Santa Cruz,1.3973233487837444,-121.826635,36.913798,86.41488967430418,1.9985157935605975,,T20,unknown,0.0,0.0,0.0140550074408862,0.0122912418012456,0.0,-15.18298801326316,-14.665359528239314,0.5176284850238453,-0.7477447502021519,0.5763104227525767,0.954086975693105,0.4461160279329548,0.4090981222329827,-0.0370179056999721,8.0,14.0,False,79.23750667572023,134.08640003204346,122.6900029182434,76.7449983721599,151.53327037096025,240.0761926174164,223.79000115394592,187.7149960519746,57.34140165988356
4401878,True,A,Santa Cruz,1.7344939662555483,-121.823441,36.885494,40.30580138771126,1.9008454039942293,,T20,unknown,0.0,0.0,0.0,0.0,0.0,-16.3993167880612,-15.381249213940714,1.0180675741204848,1.5360921031431332,0.8871990422560191,1.0,0.6269368508678949,0.5318166239024666,-0.0951202269654282,6.0,14.0,False,79.23750667572023,109.97149848937988,112.0700011253357,67.69999848026782,151.53327037096025,193.0911934375763,209.69000244140625,191.6849961988628,44.37000264506787
4404253,True,A,Santa Cruz,28.928191950785006,-121.734635,36.914466,11.144569690314867,0.4498617567947517,,T20,unknown,0.0,0.0,0.0,0.0288712788752865,0.0,-9.403783421009658,-8.690566483821636,0.7132169371880224,0.5088757699560276,7.213812045463045e-05,0.4377287713542195,0.503192690708073,0.5138548041246338,0.0106621134165607,3.0,7.799744577617946,False,79.23750667572023,101.1646978855133,106.90000188350676,69.51999836880714,151.53327037096025,198.1424939632416,195.38000321388245,182.43499598558992,37.380003514699624
4401898,True,A,Santa Cruz,2.689409943221712,-121.82017,36.910495,78.35809549248333,1.3255034546333877,,T20,unknown,0.0,0.0,0.014649699824778,0.0,0.0,-13.208382523976825,-12.68622381277864,0.5221587111981822,1.144304833804599,0.0168327923476862,0.1202998879728837,0.3875301853128348,0.4500426043745152,0.0625124190616804,7.389940539453657,14.0,False,79.23750667572023,134.08640003204346,120.10999941825868,76.7449983721599,151.53327037096025,240.0761926174164,218.81000065803528,187.7149960519746,57.34140165988356
4401905,True,A,Santa Cruz,1.2260295706480693,-121.82132,36.881846,29.8344549994791,1.7121486166948936,,T20,unknown,0.0,0.0,0.0,0.0,0.0,-15.748379735445988,-14.238153391106136,1.510226344339852,4.8224986805434185,0.742703727100442,1.0,0.2630698825314461,0.3342587615501557,0.0711888790187095,6.0,14.0,False,79.23750667572023,109.97149848937988,112.0700011253357,67.69999848026782,151.53327037096025,193.0911934375763,209.69000244140625,191.6849961988628,44.37000264506787
4401909,True,A,Santa Cruz,4.598457231228968,-121.842345,36.921894,60.89173778863232,3.44603193843276,,T20,unknown,0.0,0.0,0.0,0.0,0.0,-11.29768960300396,-10.524760482623709,0.7729291203802529,1.0964417590066553,0.0,0.0471912380760107,0.3300485419098714,0.3809208220263609,0.0508722801164895,8.0,15.829472232036206,False,79.23750667572023,134.08640003204346,125.30999660491943,76.7449983721599,151.53327037096025,240.0761926174164,233.42999815940857,187.7149960519746,57.34140165988356
4405432,False,B,Santa Cruz,55.01103508064013,-121.763496,36.937858,,,2022-10-18,T20 > G6 > T4,not a unit (sequence B/C),,,,,,,,,,,,,,,,,False,,,,,,,,,
4401950,True,A,Santa Cruz,10.829018989127857,-121.804951,36.883856,2.820429636577879,0.2551532384356852,,T20,unknown,0.0,0.0,0.0,0.0346341079840733,0.0,-11.006097255413977,-10.846655877423297,0.1594413779906798,-0.2820552622239276,0.0,0.205774495857489,0.1190655042665225,0.1719874840070049,0.0529219797404823,6.590695613012991,14.0,False,79.23750667572023,97.8693985939026,104.64000082015993,67.69999848026782,151.53327037096025,183.5908932685852,195.6199975013733,191.6849961988628,36.940002339892104
4401952,True,A,Santa Cruz,3.468613932920055,-121.81773,36.906489,69.21713376224562,1.0219187773485898,,T20,unknown,0.0,0.0,0.0,0.0284579157645693,0.0,-15.402949995960514,-14.252022300492053,1.1509276954684609,0.5439961226433407,0.6079950003347991,0.9989956029730152,0.2825534299338281,0.301153252446763,0.0185998225129349,7.941343213624089,14.0,False,79.23750667572023,134.08640003204346,120.10999941825868,76.7449983721599,151.53327037096025,240.0761926174164,218.81000065803528,187.7149960519746,57.34140165988356
4401954,True,A,Santa Cruz,5.336490007018698,-121.643386,36.897462,30.05258902678562,0.0324428167870087,,T20,unknown,0.0,0.0,0.0147924703425472,0.0616062882501377,0.0,-12.329542467626853,-11.973428506105789,0.3561139615210624,0.8043082060406483,5.800968761783217e-05,0.0256402819270818,0.2122020030656059,0.2323152224375531,0.0201132193719472,3.0,7.0,False,79.23750667572023,107.36499500274658,102.2400003671646,68.78499916661531,151.53327037096025,222.33139514923096,178.12000024318695,163.3999965954572,38.579995836131275
4405170,True,A,Santa Cruz,9.979960708555506,-121.83525,36.913602,58.93341533824265,2.706714463484085,,T20,unknown,0.0,0.0,0.0019759629913755,0.016249389776135,0.0,-10.444153297011445,-10.116159617649052,0.3279936793623914,0.5495843819907247,0.0,0.4781210529170638,0.1782586569954806,0.2689853349379124,0.0907266779424318,8.0,14.0,False,79.23750667572023,134.08640003204346,122.74000096321106,76.7449983721599,151.53327037096025,240.0761926174164,228.060004234314,187.7149960519746,57.34140165988356
4401961,False,B,Santa Cruz,1.7288996475810186,-121.819294,36.91275,,,2022-10-25,T20 > G6,not a unit (sequence B/C),,,,,,,,,,,,,,,,,False,,,,,,,,,
4404214,True,A,Santa Cruz,5.907429088726388,-121.808454,36.928707,57.47593155258383,0.5666086464133662,,T20,unknown,0.0,0.3741435221507398,0.0,0.1324467806893665,0.0,-7.348384528071521,-7.184816824182802,0.1635677038887193,0.7329370893939311,0.0,0.8291359380720745,0.592553491652482,0.5253548150282674,-0.0671986766242145,6.0,14.0,False,79.23750667572023,120.51449966430664,123.62000155448914,76.7449983721599,151.53327037096025,212.02269220352173,225.92999809980392,187.7149960519746,46.87500318232924
4401966,True,A,Santa Cruz,3.061662734818513,-121.818448,36.87576,14.175070068960707,1.490528302410269,,T20,not_flooded,0.0,0.6948899191811708,0.0,0.0,0.0,-14.679649974536378,-13.61768532424233,1.0619646502940476,1.705134275934178,0.5069798079602748,0.7127511337437613,0.4808262771677447,0.4840488421938406,0.0032225650260959,6.0,14.0,False,79.23750667572023,109.97149848937988,107.05999946594238,67.69999848026782,151.53327037096025,193.0911934375763,202.0200023651123,191.6849961988628,42.27150000911206
4401981,True,A,Santa Cruz,26.111515857431726,-121.695288,36.929449,18.20740987134397,2.115199846545937,,T20,not_flooded,0.0,0.9602487414865264,0.0064613562333431,0.0393396505774355,0.0,-13.708339532611738,-12.857661650351623,0.8506778822601131,0.8654603766050109,0.1632899022801303,0.8420136215575954,0.6694832868379429,0.6474855357567376,-0.0219977510812052,2.3339680189517336,8.0,False,79.23750667572023,104.31609773635864,110.77000033855438,66.27499858662486,151.53327037096025,198.88559532165527,200.6399984359741,167.63999602384865,44.49500175192952
4401983,True,A,Santa Cruz,0.8780255640567569,-121.754823,36.935792,25.77139702232995,0.440326619043657,,T20,not_flooded,0.0,0.864717280253655,0.0,0.0,0.0,-10.481174943592851,-10.21880988830101,0.262365055291843,0.7420996756270544,0.0,0.0015853443720274,0.2804154239375762,0.2502429385774357,-0.0301724853601405,3.0,7.998238506253302,False,79.23750667572023,101.1646978855133,114.88000011444092,69.51999836880714,151.53327037096025,198.1424939632416,213.82999992370603,182.43499598558992,45.36000174563378
4401991,True,A,Santa Cruz,1.4458362375368332,-121.851208,36.942447,75.52249866000572,3.0950284558819443,,T20,unknown,0.0,0.0,0.0,0.0,0.0,-10.790022269971407,-9.89165625422256,0.8983660157488469,1.052480430671796,0.0,0.0,0.1716919294441745,0.2305855902729044,0.0588936608287299,8.0,16.0,False,79.23750667572023,154.18179321289062,127.6300003528595,76.7449983721599,151.53327037096025,290.0741934254765,249.25000524520877,187.7149960519746,77.43679484073073
4402014,True,A,Santa Cruz,3.684334357515096,-121.850905,36.935964,49.017680829582105,3.236785577328288,,T20,unknown,0.0,0.0,0.0,0.0106985525487728,0.0,-6.383758505926138,-5.229872404777878,1.1538861011482595,1.4674944619750132,0.0,0.3061674008810572,0.6664535602565228,0.6430150996358334,-0.0234384606206894,8.0,15.779022445982797,False,79.23750667572023,134.08640003204346,127.6300003528595,76.7449983721599,151.53327037096025,240.0761926174164,249.25000524520877,187.7149960519746,57.34140165988356
4404652,True,A,Santa Cruz,3.873590110429828,-121.847483,36.936315,89.04394173293912,2.937967499555366,,T20,unknown,0.0,0.0,0.0050950068932446,0.0,0.0,-10.157663696541674,-9.603780239632384,0.5538834569092899,0.6495063985863343,0.0,0.0,0.6955140085978382,0.5213540914058731,-0.1741599171919651,8.0,16.0,True,79.23750667572023,134.08640003204346,134.21000146865845,76.7449983721599,151.53327037096025,240.0761926174164,249.2599979639053,187.7149960519746,57.46500309649855
4402038,False,B,Santa Cruz,9.732069287738453,-121.759629,36.932991,,,2023-01-06,T20 > X,not a unit (sequence B/C),,,,,,,,,,,,,,,,,False,,,,,,,,,
4402041,False,B,Santa Cruz,1.829487712598724,-121.816039,36.89338,,,2022-11-04,T20 > X,not a unit (sequence B/C),,,,,,,,,,,,,,,,,False,,,,,,,,,
4402056,True,A,Santa Cruz,0.7546971031524898,-121.811487,36.888739,31.922419445463788,0.8368469574165226,,T20,not_flooded,0.0,1.0,0.0,0.0,0.0,-15.922214461624648,-14.35790138348657,1.5643130781380776,1.209847802209122,0.715004105090312,1.0,0.416555169052238,0.4404638112233631,0.0239086421711251,7.272167487684728,14.0,False,79.23750667572023,97.8693985939026,110.84999990463255,67.69999848026782,151.53327037096025,183.5908932685852,204.6899991035461,191.6849961988628,43.15000142436473
4402077,True,A,Santa Cruz,1.6401374558812618,-121.756111,36.975789,43.1919597851356,0.3194341042425271,,T20,not_flooded,0.0,1.0,0.0,0.0,0.0,-5.823071998796515,-5.37730339956634,0.4457685992301758,0.5723869648890361,0.0,0.5181878306878307,0.1850799797680045,0.3729287629013631,0.1878487831333585,6.0,14.084608843537412,False,79.23750667572023,129.63119411468506,122.37999749183656,69.51999836880714,151.53327037096025,222.34979557991028,239.3499998152256,182.43499598558992,60.11119574587792
4402103,True,A,Santa Cruz,0.9817636149201858,-121.819762,36.877272,28.00906432542088,1.634515170732559,,T20,unknown,0.0,0.0,0.0,0.0,0.0,-10.428889117695178,-9.85085377138767,0.5780353463075087,0.4294199375457559,0.0,1.0,0.4468709087788009,0.4485508992919233,0.0016799905131223,6.0,14.0,False,79.23750667572023,109.97149848937988,107.05999946594238,67.69999848026782,151.53327037096025,193.0911934375763,202.0200023651123,191.6849961988628,42.27150000911206
4402138,True,A,Santa Cruz,1.964111795582637,-121.756123,36.976326,43.63597481399059,0.3790530726149341,,T20,not_flooded,0.0,0.999174333569238,0.0,0.0701816466147676,0.0,-6.353053176455024,-5.561208730733996,0.7918444457210283,1.1263797162662188,0.0,0.6807029959896203,0.1667183595084446,0.3559957328295335,0.1892773733210888,6.0,14.083313674608796,False,79.23750667572023,129.63119411468506,122.37999749183656,69.51999836880714,151.53327037096025,222.34979557991028,239.3499998152256,182.43499598558992,60.11119574587792
4405174,True,A,Santa Cruz,15.01792815659109,-121.757481,36.962951,50.645480775981326,0.8033792670608298,,T20,not_flooded,0.0,0.9902557981602288,0.0147552116559998,0.0137262568682732,0.0,-13.869209152107702,-13.172763642129985,0.6964455099777194,1.4270500662744414,0.1592153190788796,0.5451916942769535,0.3003343832031194,0.3524913027374453,0.0521569195343259,6.0,15.308809910892505,False,79.23750667572023,129.63119411468506,118.52999758720398,69.51999836880714,151.53327037096025,222.34979557991028,225.2600009441376,182.43499598558992,60.11119574587792
4402146,True,A,Santa Cruz,0.9445081992291564,-121.830593,36.917011,80.20017372513757,2.474325155393047,,T20,unknown,0.0,0.0,0.0,0.0,0.0,-12.745221168627571,-12.116185325033497,0.6290358435940764,0.9957795687521872,0.2160230073952341,0.5474116680361544,0.5162139928257651,0.4672430954218496,-0.0489708974039154,8.0,14.0,False,79.23750667572023,134.08640003204346,125.30999660491943,76.7449983721599,151.53327037096025,240.0761926174164,233.42999815940857,187.7149960519746,57.34140165988356
4402151,True,A,Santa Cruz,1.7562364724212165,-121.781455,36.95365,48.34596310934214,0.6732365015254617,,T20,unknown,0.0,0.0,0.0,0.0,0.0,-10.06613171945369,-8.682650313687525,1.3834814057661653,0.327269960431181,0.0,0.0,0.3932237578343393,0.230838936756151,-0.1623848210781882,12.0,28.0,True,79.23750667572023,138.15709829330444,122.0,69.51999836880714,151.53327037096025,250.71009016036987,230.5499987900257,182.43499598558992,68.6370999244973
4402160,True,A,Santa Cruz,13.938813759859295,-121.701947,36.922794,15.791835399704,1.3754508600667616,,T20,unknown,0.0,0.0,0.0014146547132966,0.0214361796556009,0.0,-13.442618098254156,-12.8335510496786,0.6090670485755556,0.978916821399162,0.08284328954376,0.763258920646192,0.6734893025888091,0.6574237291715523,-0.0160655734172567,2.4228874489614767,8.0,False,79.23750667572023,104.31609773635864,109.00999987125395,69.51999836880714,151.53327037096025,198.88559532165527,193.81999814510343,182.43499598558992,39.490001502446816
4402161,True,A,Santa Cruz,1.7464029599603543,-121.81142,36.882058,10.42477609280297,0.8309570170231486,,T20,unknown,0.0,0.0,0.0,0.1598276934008348,0.0,-13.441787539818844,-13.811129339052552,-0.3693417992337071,-0.7248480376936932,0.1566302513544719,0.4894750865973886,0.3075650594589213,0.2441007737356525,-0.0634642857232687,6.0,14.0,False,79.23750667572023,97.8693985939026,104.64000082015993,67.69999848026782,151.53327037096025,183.5908932685852,195.6199975013733,191.6849961988628,36.940002339892104
4402163,True,A,Santa Cruz,1.3423268991927464,-121.812384,36.890136,24.1881905290898,0.9166639296254468,,T20,not_flooded,0.0,1.0,0.0,0.0661252232014285,0.0,-10.188415387121124,-8.216620478198005,1.971794908923119,1.4676365243380936,0.0,0.4496284776222568,0.4249086139231094,0.4254612102611061,0.0005525963379967,7.200679684349981,14.0,False,79.23750667572023,109.97149848937988,110.84999990463255,67.69999848026782,151.53327037096025,193.0911934375763,204.6899991035461,191.6849961988628,43.15000142436473
4402191,True,A,Santa Cruz,0.7526630153868654,-121.79047,37.006521,149.10442890697155,0.2914936509912522,,T20,unknown,0.0,0.3306559571619812,0.0,0.0,0.0,-6.02839104175886,-5.163265022025131,0.8651260197337285,3.2344509699888078,0.0,0.2206775821233652,0.1991041643684476,0.1925667962564792,-0.0065373681119684,11.0,28.857069302852437,False,93.41878204345704,176.05749702453613,143.0500030517578,76.09999848809093,265.14551376700405,337.0701928138733,286.07000279426575,179.06999479606748,99.9574985364452
4404659,False,B,Santa Cruz,15.458388143376908,-121.854025,36.926799,,,2022-10-27,T20 > G6,not a unit (sequence B/C),,,,,,,,,,,,,,,,,False,,,,,,,,,
4402210,False,B,Santa Cruz,22.808330815728223,-121.809868,36.859743,,,2022-10-18,T20 > G6 > T4,not a unit (sequence B/C),,,,,,,,,,,,,,,,,False,,,,,,,,,
4402215,False,B,Santa Cruz,5.16680651009924,-121.827392,36.90027,,,2022-10-19,T20 > X,not a unit (sequence B/C),,,,,,,,,,,,,,,,,False,,,,,,,,,
4402216,True,A,Santa Cruz,23.593499350915597,-121.857441,36.935844,37.13511342898587,3.792707551328814,,T20,unknown,0.0,0.0,0.0033447996563382,0.0389800328577378,0.0,-13.47751011892216,-12.75121464538894,0.7262954735332201,0.9801083236723612,0.1664300166256218,0.4551059022597072,0.3329818905971634,0.4334059526025941,0.1004240620054306,8.0,14.0,False,79.23750667572023,127.87199854850768,127.6300003528595,76.7449983721599,151.53327037096025,235.97699284553528,249.25000524520877,187.7149960519746,51.12700017634778
4402221,False,B,Santa Cruz,1.5614785925020984,-121.818114,36.891695,,,2022-11-04,T20 > G6,not a unit (sequence B/C),,,,,,,,,,,,,,,,,False,,,,,,,,,
4402234,True,A,Santa Cruz,7.772483954719818,-121.796861,36.920311,36.6766035133735,0.4646874238843287,,T20,not_flooded,0.0,0.5279864501345024,0.0,0.0406495964929759,0.0,-7.348286245146253,-6.827023895741238,0.5212623494050153,0.4457068393795218,0.0,0.0233037760286938,0.4792281291533408,0.3997616654808475,-0.0794664636724932,6.0,14.0,False,79.23750667572023,120.51449966430664,115.53000116348268,69.51999836880714,151.53327037096025,212.02269220352173,212.82999968528748,182.43499598558992,50.994501295499504
4402242,False,B,Santa Cruz,1.7068678019449082,-121.818972,36.890973,,,2022-11-04,T20 > G6,not a unit (sequence B/C),,,,,,,,,,,,,,,,,False,,,,,,,,,
4402243,True,A,Santa Cruz,2.429876307468653,-121.829886,36.899047,32.429425905866765,2.1034184086578853,,T20,unknown,0.0,0.0,0.0,0.0722379153838829,0.0,-15.118357002625558,-14.004906262896062,1.1134507397294957,1.8596682693468,0.5607007966483639,0.8942457231726285,0.0431431306511994,0.0784363831167086,0.0352932524655091,8.0,14.0,False,79.23750667572023,134.08640003204346,117.87000274658205,76.7449983721599,151.53327037096025,240.0761926174164,220.7500021457672,187.7149960519746,57.34140165988356
4402256,True,A,Santa Cruz,0.4021596293001594,-121.849596,36.934157,45.43742590802845,3.203506289033582,,T20,unknown,0.0,0.0,0.0,0.0,0.0,-8.236603572160002,-10.512378571623724,-2.275774999463722,-0.9656619788949818,0.0,0.0,0.6594831859592482,0.5798766004217242,-0.0796065855375239,8.0,16.0,False,79.23750667572023,134.08640003204346,124.39999747276306,76.7449983721599,151.53327037096025,240.0761926174164,242.3099989891052,187.7149960519746,57.34140165988356
4402282,True,A,Santa Cruz,5.217263350413397,-121.744798,36.959192,21.949650513024267,0.2771731106914937,,T20,unknown,0.0,0.0,0.0,0.0,0.0,-10.425431440716906,-9.28733189064373,1.1380995500731768,1.1901100600372825,0.0,0.2784317209316099,0.3166774848076739,0.4575439650711499,0.1408664802634759,6.0,14.733798249900058,False,79.23750667572023,129.63119411468506,118.52999758720398,69.51999836880714,151.53327037096025,222.34979557991028,225.2600009441376,182.43499598558992,60.11119574587792
4402285,True,A,Santa Cruz,0.8842582573353153,-121.811701,36.889756,28.61470599539228,0.8558816921199814,,T20,not_flooded,0.0,1.0,0.0,0.0,0.0,-11.956062097822963,-9.431512753951123,2.5245493438718416,1.3491193949840348,0.0640641522735283,1.0,0.4079740462160925,0.4206832605724314,0.0127092143563389,6.2994360239689815,14.0,False,79.23750667572023,109.97149848937988,110.84999990463255,67.69999848026782,151.53327037096025,193.0911934375763,204.6899991035461,191.6849961988628,43.15000142436473
4402286,True,A,Santa Cruz,0.9887217922983536,-121.82425,36.882727,32.01929426104219,1.9729221427301724,,T20,unknown,0.0,0.0,0.0,0.1740043559427505,0.0,-15.991368340319994,-15.485807106903508,0.5055612334164863,1.660336822081776,0.8000155569383943,1.0,0.6418933383355467,0.5459188837175531,-0.0959744546179935,6.0,14.0,False,79.23750667572023,109.97149848937988,112.0700011253357,67.69999848026782,151.53327037096025,193.0911934375763,209.69000244140625,191.6849961988628,44.37000264506787
4402289,True,A,Santa Cruz,22.1006467894441,-121.808597,36.866484,2.9805127356112338,0.5798041692959939,,T20,unknown,0.0008934045721292,0.3014627310151528,0.0,0.0125076640098099,0.0,-8.668768455096423,-8.101878235392132,0.5668902197042911,0.1831096314119324,0.0,0.2166173250416046,0.0874026919570052,0.1509364971483277,0.0635338051913224,6.0,14.000241744766576,False,79.23750667572023,97.8693985939026,101.8300004005432,67.69999848026782,151.53327037096025,183.5908932685852,190.31000185012817,191.6849961988628,34.130001920275376
4402296,True,A,Santa Cruz,1.183639670674294,-121.816156,36.924846,56.53033493913413,1.2517966672056509,,T20,unknown,0.0,0.0,0.0,0.0,0.0,-10.78196672056681,-9.29151584679845,1.49045087376836,1.760883236774971,0.0,0.1545466371796539,0.2145281743810221,0.3171240955598955,0.1025959211788734,6.0,14.0,False,79.23750667572023,134.08640003204346,125.01999759674072,76.7449983721599,151.53327037096025,240.0761926174164,229.32999597489837,187.7149960519746,57.34140165988356
4405440,True,A,Santa Cruz,28.052851426931515,-121.776812,36.88887,5.649231142864477,0.5172177180467983,,T20,not_flooded,0.0,1.0,0.0,0.0156640256711381,0.0,-8.084801749929852,-7.31213745914449,0.7726642907853618,0.5690954929024858,0.0,0.3205198184935849,0.6379253896638222,0.6170422497896302,-0.0208831398741919,6.0,14.0,False,79.23750667572023,97.8693985939026,105.5799994468689,65.42499778792262,151.53327037096025,183.5908932685852,188.13999593257904,177.3949949434027,40.155001658946276
4402320,True,A,Santa Cruz,6.178788732443238,-121.724349,36.930197,19.92096657858516,0.243128482784535,,T20,unknown,0.0,0.0,0.0,0.0415647921760391,0.0,-7.970130714337269,-7.1203818632353215,0.8497488511019471,0.2447322571842107,0.0,0.2432825528180051,0.6570394051997208,0.643088018210747,-0.0139513869889738,3.0,8.43759011974171,False,79.23750667572023,104.31609773635864,112.34999799728394,69.51999836880714,151.53327037096025,198.88559532165527,205.8599989414215,182.43499598558992,42.8299996284768
4402323,True,A,Santa Cruz,2.081230311607168,-121.808608,36.886299,28.110201168198422,0.580631919160321,,T20,unknown,0.0,0.0,0.0,0.0094700486500538,0.0,-16.679814776019445,-15.361092080851115,1.3187226951683293,1.78364030271306,0.9624911798566494,0.925762246072715,0.6395113742154082,0.5781592114297236,-0.0613521627856845,6.037063170795111,14.205889998885874,False,79.23750667572023,97.8693985939026,110.84999990463255,67.69999848026782,151.53327037096025,183.5908932685852,204.6899991035461,191.6849961988628,43.15000142436473
4402327,True,A,Santa Cruz,6.0998383019302285,-121.757004,36.935219,26.59250886329965,0.4853525379884798,,T20,not_flooded,0.0,1.0,0.0,0.0376016903047862,0.0,-10.523109746371205,-9.59365901901571,0.9294507273554942,0.6410956518310105,0.0,0.1676767165576487,0.2004914500796708,0.2682775570971593,0.0677861070174885,3.0,7.912081377547792,False,79.23750667572023,101.1646978855133,114.88000011444092,69.51999836880714,151.53327037096025,198.1424939632416,213.82999992370603,182.43499598558992,45.36000174563378
4402329,False,B,Santa Cruz,1.73252448011783,-121.813655,36.894099,,,2022-11-10,T20 > G6,not a unit (sequence B/C),,,,,,,,,,,,,,,,,False,,,,,,,,,
4402336,True,A,Santa Cruz,7.548689713418106,-121.814301,36.92042,37.88018521797112,1.0868418442682124,,T20,unknown,0.0,0.3440333528439255,4.1074930942772354e-05,0.0225706745530534,0.0,-12.632649208724366,-12.44984883100549,0.1828003777188769,0.8798861870230965,0.0645081790456239,0.2235400429233028,0.2606146679173316,0.3350994462219676,0.0744847783046359,6.233202920427594,14.0,False,79.23750667572023,134.08640003204346,116.74999833106996,76.7449983721599,151.53327037096025,240.0761926174164,215.67000150680545,187.7149960519746,57.34140165988356
4402340,True,A,Santa Cruz,0.7953241065275259,-121.823198,36.882356,33.21898416612368,1.8792949269071115,,T20,not_flooded,0.0,0.9267025779145828,0.0,0.0,0.0,-16.20692883057653,-14.415742046700874,1.7911867838756557,1.4000731821371186,0.936225471335129,1.0,0.5440527957051752,0.3965449252335347,-0.1475078704716404,6.0,14.0,False,79.23750667572023,109.97149848937988,112.0700011253357,67.69999848026782,151.53327037096025,193.0911934375763,209.69000244140625,191.6849961988628,44.37000264506787
4402341,True,A,Santa Cruz,0.8389026452269122,-121.80966,36.886561,30.828468883470133,0.674261588106219,,T20,unknown,0.0,0.0,0.0,0.0043286056363971,0.0,-14.258189964363542,-13.100532534243886,1.1576574301196558,1.1303972521769925,0.5952293240007366,0.6068336710259715,0.4018716447523317,0.4014469371958647,-0.000424707556467,6.664118622214033,14.0,False,79.23750667572023,97.8693985939026,110.84999990463255,67.69999848026782,151.53327037096025,183.5908932685852,204.6899991035461,191.6849961988628,43.15000142436473
4405441,False,B,Santa Cruz,7.535860019086139,-121.768615,36.887784,,,2022-10-27,T20 > T30,not a unit (sequence B/C),,,,,,,,,,,,,,,,,False,,,,,,,,,
4402376,True,A,Santa Cruz,1.3967910347024262,-121.823934,36.879975,45.321287645419055,1.950018880025252,,T20,not_flooded,0.0,1.0,0.0,0.0,0.0,-16.692921919158,-15.513024679198711,1.1798972399592866,0.9689634209702316,0.8300066533599465,0.9817032601463735,0.3076318003952727,0.3493384360411155,0.0417066356458428,6.0,14.0,False,79.23750667572023,109.97149848937988,107.05999946594238,67.69999848026782,151.53327037096025,193.0911934375763,202.0200023651123,191.6849961988628,42.27150000911206
4405442,False,B,Santa Cruz,24.81044861946201,-121.78823,36.89623,,,2022-10-18,T20 > X,not a unit (sequence B/C),,,,,,,,,,,,,,,,,False,,,,,,,,,
4402430,True,A,Santa Cruz,1.9584189292296847,-121.801697,36.94615,63.86213717807103,0.6605201270348267,,T20,not_flooded,0.0,1.0,0.0,0.0,0.0,-11.724157917022143,-10.776123424789333,0.9480344922328126,0.7869533853677915,0.0,0.0,0.4734307902303055,0.4943074574291543,0.0208766671988487,6.0,14.0,False,79.23750667572023,138.15709829330444,123.52000331878662,76.7449983721599,151.53327037096025,250.71009016036987,232.5700005590916,187.7149960519746,61.412099921144545
4402435,True,A,Santa Cruz,3.296065258889177,-121.63679,36.904367,30.08671363140712,0.1222172487568523,,T20,unknown,0.0,0.0,0.0,0.0667479999061539,0.0,-12.406467616687666,-11.56776982934887,0.8386977873387949,0.4871020494529343,0.0102996035004575,0.0724726086854515,0.2490413064510348,0.3273011854032184,0.0782598789521836,2.6045796870234383,7.988105013724984,False,79.23750667572023,107.36499500274658,108.4799976348877,66.27499858662486,151.53327037096025,222.33139514923096,190.43999791145325,167.63999602384865,42.204999048262835
4404663,False,B,Santa Cruz,4.8986180297457045,-121.81362,36.906621,,,2022-10-19,T20 > G6,not a unit (sequence B/C),,,,,,,,,,,,,,,,,False,,,,,,,,,
4402467,True,A,Santa Cruz,0.8568518879359314,-121.760351,36.950657,34.076838264985746,1.0629307056604849,,T20,not_flooded,0.0,1.0,0.0,0.0,0.0,-8.130361279657595,-8.044850014503504,0.085511265154091,1.436763408699779,0.0,0.0,0.6128266372322888,0.5043532061212539,-0.1084734311110349,3.0,6.273290253096395,False,79.23750667572023,129.63119411468506,117.44999551773073,69.51999836880714,151.53327037096025,222.34979557991028,220.51999807357788,182.43499598558992,60.11119574587792
4402481,True,A,Santa Cruz,3.2290093251144905,-121.829099,36.913449,75.74527282700201,2.184922083545067,,T20,unknown,0.0,0.0,0.0,0.0,0.0,-11.249235868975584,-10.866898942696988,0.3823369262785974,1.2937007946140149,0.0,0.4991724038669129,0.4806113284438941,0.4524640399955245,-0.0281472884483696,8.0,14.0,False,79.23750667572023,134.08640003204346,122.6900029182434,76.7449983721599,151.53327037096025,240.0761926174164,223.79000115394592,187.7149960519746,57.34140165988356
4405181,False,B,Santa Cruz,8.336137272205127,-121.732579,36.928427,,,2022-10-18,T20 > G6 > T30,not a unit (sequence B/C),,,,,,,,,,,,,,,,,False,,,,,,,,,
4402485,True,A,Santa Cruz,1.107069528699904,-121.821108,36.881239,38.35096569612426,1.6932926873173666,,T20,unknown,0.0,0.0,0.0,0.0,0.0,-15.897877438291248,-14.86993830566496,1.0279391326262886,4.559703796174151,0.8759994389114883,0.964230607378314,0.2804346212233863,0.3439924180735493,0.063557796850163,6.0,14.0,False,79.23750667572023,109.97149848937988,112.0700011253357,67.69999848026782,151.53327037096025,193.0911934375763,209.69000244140625,191.6849961988628,44.37000264506787
4402488,True,A,Santa Cruz,0.697916413306769,-121.847376,36.933272,52.81060943185911,3.0675605215356496,,T20,unknown,0.0,0.0,0.0,0.0,0.0,-10.375793499870246,-10.92153958319431,-0.5457460833240635,0.4771187470916267,0.0,0.0,0.5916057091882125,0.5281209927701439,-0.0634847164180686,8.0,16.0,False,79.23750667572023,134.08640003204346,127.95000171661376,76.7449983721599,151.53327037096025,240.0761926174164,239.2799981124699,187.7149960519746,57.34140165988356
4402522,True,A,Santa Cruz,7.694210807538454,-121.833489,36.914597,69.0200293529491,2.5952176034189947,,T20,unknown,0.0,0.0,0.0,0.0025607808875365,0.0,-10.88347331100424,-10.735229768632149,0.1482435423720929,0.957312272148318,0.0,0.1866457787284468,0.2853825069046406,0.3625387246275824,0.0771562177229417,8.0,14.0,False,79.23750667572023,134.08640003204346,122.74000096321106,76.7449983721599,151.53327037096025,240.0761926174164,228.060004234314,187.7149960519746,57.34140165988356
4402531,True,A,Santa Cruz,10.356147560240103,-121.800968,36.883681,3.141346492106809,0.0993605281456015,,T20,unknown,0.0,0.0,0.0,0.0,0.0,-11.300812085945116,-10.821642329558104,0.4791697563870105,0.4422458557285207,0.0,0.4840580576690236,0.1276343104356498,0.1967513219979801,0.0691170115623303,6.994999925260473,14.0,False,79.23750667572023,97.8693985939026,104.1199996471405,67.69999848026782,151.53327037096025,183.5908932685852,192.62000036239624,191.6849961988628,36.42000116687268
4402533,True,A,Santa Cruz,1.181226088433051,-121.819729,36.879045,37.19802170650573,1.5896049845436548,,T20,unknown,0.0,0.0,0.0167267956707117,0.0,0.0,-16.441522636515025,-15.36137369462788,1.0801489418871435,0.957371715708863,0.7670711708756971,1.0,0.4214658125399294,0.3390184169403644,-0.0824473955995649,6.0,14.0,False,79.23750667572023,109.97149848937988,107.05999946594238,67.69999848026782,151.53327037096025,193.0911934375763,202.0200023651123,191.6849961988628,42.27150000911206
4402540,False,B,Santa Cruz,22.87933122937211,-121.776715,36.885153,,,2022-10-19,T20 > T30 > T4,not a unit (sequence B/C),,,,,,,,,,,,,,,,,False,,,,,,,,,
4402547,True,A,Santa Cruz,4.009051043590183,-121.642543,36.899024,32.4257398131305,0.1609093712945968,,T20,unknown,0.0,0.0,0.0,0.0049174637457574,0.0,-9.45012943836309,-9.40455056265806,0.045578875705031,1.1093879058581173,0.0,0.0,0.506243339306334,0.4371238625546604,-0.0691194767516735,3.0,7.0,False,79.23750667572023,107.36499500274658,105.69000124931335,66.27499858662486,151.53327037096025,222.33139514923096,185.1400020122528,167.63999602384865,41.08999641612172
4405444,True,A,Santa Cruz,13.780172023564589,-121.774128,36.965183,57.739274039810056,0.9837941775762464,,T20,not_flooded,0.0,0.9824132439040802,0.0,0.0192074743713407,0.0,-7.960652068657636,-7.320310839568552,0.640341229089084,0.4074460956122552,0.0,0.1297640144462639,0.220889579455863,0.2692682755683042,0.0483786961124411,12.0,28.81834496063169,False,79.23750667572023,138.15709829330444,123.10999822616576,69.51999836880714,151.53327037096025,250.71009016036987,236.22999688982964,182.43499598558992,68.6370999244973
4402556,False,B,Santa Cruz,1.2645357260084829,-121.817324,36.892336,,,2022-11-10,T20 > G6,not a unit (sequence B/C),,,,,,,,,,,,,,,,,False,,,,,,,,,
4402560,True,A,Santa Cruz,1.0341867450385849,-121.790098,37.006996,156.5022920254611,0.3245485979600707,,T20,not_flooded,0.0,0.9270786684579788,0.0,0.0,0.0,-6.92981861462917,-5.665293666935388,1.264524947693782,2.9410865084593008,0.0,0.0,0.1711681231896384,0.1796769166209836,0.0085087934313451,10.696372592924316,28.656665173906543,False,93.41878204345704,176.05749702453613,143.0500030517578,76.09999848809093,265.14551376700405,337.0701928138733,286.07000279426575,179.06999479606748,99.9574985364452
4402570,True,A,Santa Cruz,1.5657761258982437,-121.80063,36.946808,58.3346419760644,0.6005742882391205,,T20,not_flooded,0.0,1.0,0.0,0.0,0.0,-11.018294701280643,-10.256444196978558,0.7618505043020853,1.4921410741770913,0.0,0.0,0.484485585350802,0.5015913553464727,0.0171057699956706,6.0,14.0,False,79.23750667572023,138.15709829330444,123.52000331878662,76.7449983721599,151.53327037096025,250.71009016036987,232.5700005590916,187.7149960519746,61.412099921144545
4402571,True,A,Santa Cruz,1.463848947306607,-121.819842,36.881059,38.6619057995031,1.580752590396059,,T20,unknown,0.0,0.0,0.0020641473483645,0.0,0.0,-14.829530382743483,-13.998049402637786,0.8314809801056988,3.8954866788627136,0.3609082248332804,0.9950778024769767,0.3463176827705435,0.4125342053421669,0.0662165225716234,6.0,14.0,False,79.23750667572023,109.97149848937988,112.0700011253357,67.69999848026782,151.53327037096025,193.0911934375763,209.69000244140625,191.6849961988628,44.37000264506787
4402576,True,A,Santa Cruz,9.142222235687251,-121.728753,36.942311,27.262418336793164,0.3757046325700464,,T20,unknown,0.0,0.0,0.0193682678557829,0.0798338170464449,0.0,-11.818217066838034,-11.790157535559176,0.028059531278858,-0.0101521259687071,0.0043153414619699,0.1573068884695769,0.1653549566596847,0.2318033122865458,0.0664483556268611,2.763163906822471,8.0,False,79.23750667572023,153.09749460220337,114.0499985218048,69.51999836880714,151.53327037096025,282.29499101638794,211.8200006484985,182.43499598558992,83.57749623339623
4405184,False,B,Santa Cruz,2.941197417595581,-121.816725,36.891649,,,2022-11-04,T20 > G6,not a unit (sequence B/C),,,,,,,,,,,,,,,,,False,,,,,,,,,
4402591,False,B,Santa Cruz,1.7043562260346492,-121.814804,36.89317,,,2022-11-04,T20 > G6,not a unit (sequence B/C),,,,,,,,,,,,,,,,,False,,,,,,,,,
4405185,False,B,Santa Cruz,4.462688401760081,-121.762165,36.976036,,,2023-01-22,T20 > X,not a unit (sequence B/C),,,,,,,,,,,,,,,,,False,,,,,,,,,
4402608,True,A,Santa Cruz,1.471954451516967,-121.817852,36.87947,34.76574272192278,1.417393587145332,,T20,unknown,0.0,0.4702045968547836,0.0268237521695681,0.0402882238468416,0.0,-15.673234191788888,-16.186934358074254,-0.513700166285366,-0.1736248322592928,0.903487087782044,1.0,0.4494773802044126,0.4049626889101793,-0.0445146912942332,6.0,14.0,False,79.23750667572023,109.97149848937988,107.05999946594238,67.69999848026782,151.53327037096025,193.0911934375763,202.0200023651123,191.6849961988628,42.27150000911206
4404667,True,A,Santa Cruz,15.037899579110563,-121.817952,36.895505,33.130274221865896,1.0753619919393074,,T20,unknown,0.0,0.0,0.0157379882119382,0.0333275044488103,0.0,-14.609271347910605,-13.986995431247008,0.6222759166635967,1.1965885880907496,0.4136570764372486,0.7442165464887829,0.0972166035975917,0.1501404961310392,0.0529238925334474,7.7667486139255475,14.0,False,79.23750667572023,134.08640003204346,114.02999806404114,67.69999848026782,151.53327037096025,240.0761926174164,210.3900022506714,191.6849961988628,66.38640155177563
4402616,True,A,Santa Cruz,3.1675691299734328,-121.829805,36.914477,73.48970862185071,2.286729961843621,,T20,unknown,0.0,0.0,0.0,0.0236461651555991,0.0,-11.644182779935203,-10.189505155500672,1.454677624434531,1.6550574490678986,0.032663562852242,0.6282038716000979,0.4845219428739806,0.4693924608950051,-0.0151294819789755,8.0,14.0,False,79.23750667572023,134.08640003204346,122.74000096321106,76.7449983721599,151.53327037096025,240.0761926174164,228.060004234314,187.7149960519746,57.34140165988356
4402621,False,B,Santa Cruz,2.087347838744303,-121.820598,36.920464,,,2022-10-27,T20 > G6,not a unit (sequence B/C),,,,,,,,,,,,,,,,,False,,,,,,,,,
4402643,False,B,Santa Cruz,5.642139080300783,-121.675132,36.918534,,,2022-10-26,T20 > G6,not a unit (sequence B/C),,,,,,,,,,,,,,,,,False,,,,,,,,,
4402645,True,A,Santa Cruz,1.2494277056052745,-121.82508,36.882325,38.89345811407768,2.046809606926343,,T20,unknown,0.0,0.0,0.0117078609923805,0.0151149104875178,0.0,-17.54825465494224,-17.12397931074928,0.4242753441929601,0.6852087400889175,0.9933717400730968,0.9850709285758532,0.3697896487191655,0.389059539273024,0.0192698905538585,6.0,14.0,False,79.23750667572023,109.97149848937988,112.0700011253357,67.69999848026782,151.53327037096025,193.0911934375763,209.69000244140625,191.6849961988628,44.37000264506787
4402646,True,A,Santa Cruz,1.4246230006364011,-121.828649,36.899508,37.85075631396362,1.9933270941081864,,T20,unknown,0.0,0.0,0.0,0.0372314252911267,0.0,-15.406315880336017,-15.11438701477326,0.2919288655627561,0.9336988073766044,0.5875567218850801,0.9779673063255152,0.0720369536520275,0.1135601789534391,0.0415232253014115,8.0,14.0,False,79.23750667572023,134.08640003204346,117.87000274658205,76.7449983721599,151.53327037096025,240.0761926174164,220.7500021457672,187.7149960519746,57.34140165988356
4404668,False,B,Santa Cruz,9.593992007667287,-121.794088,36.884265,,,2022-10-25,T20 > T30,not a unit (sequence B/C),,,,,,,,,,,,,,,,,False,,,,,,,,,
4402662,True,A,Santa Cruz,1.460303872759841,-121.809202,36.88724,27.347690421446405,0.6334923232060057,,T20,unknown,0.0,0.0,0.0,0.0531852717708942,0.0,-14.821066483888597,-14.793011156977816,0.0280553269107777,1.1008774184089931,0.3772381913819669,0.9777376334945008,0.4206256041764757,0.3722235368850043,-0.0484020672914713,6.048456511343711,14.0,False,79.23750667572023,97.8693985939026,110.84999990463255,67.69999848026782,151.53327037096025,183.5908932685852,204.6899991035461,191.6849961988628,43.15000142436473
4404670,True,A,Santa Cruz,2.1508129091089305,-121.805565,36.88983,18.167261605443176,0.3097789516318411,,T20,unknown,0.0,0.1723963963963963,0.0,0.0,0.0,-15.17708508226503,-14.986175007238549,0.1909100750264816,0.9578614234387484,0.6048288288288287,0.971063063063063,0.3150566387439634,0.3706078180246523,0.0555511792806889,6.2254414414414425,14.000252252252254,False,79.23750667572023,97.8693985939026,106.75000071525574,67.69999848026782,151.53327037096025,183.5908932685852,197.81000089645383,191.6849961988628,39.050002234987915
4404671,True,A,Santa Cruz,25.00079072181193,-121.806064,36.882028,2.70824489980864,0.3542261827516244,,T20,unknown,0.0,0.0,0.119622187686296,0.1510560067816,0.0762034066513437,-11.910554041043266,-13.772479339430388,-1.8619252983871208,-0.7122612692369277,0.0101466346376798,0.5787817236912476,0.128195708610318,0.1393725361944512,0.0111768275841332,6.3325140590557645,14.0,False,79.23750667572023,97.8693985939026,104.64000082015993,67.69999848026782,151.53327037096025,183.5908932685852,195.6199975013733,191.6849961988628,36.940002339892104
4402696,True,A,Santa Cruz,13.203415778709696,-121.825053,36.888949,45.31105055660664,1.9477371980287483,,T20,unknown,0.0,0.0,0.0104666299210751,0.0137620058402035,0.0,-14.64939221322953,-13.950288146062643,0.6991040671668856,0.9572101156831554,0.4619096762087932,0.9623084049676912,0.2713475023579246,0.3083983089456932,0.0370508065877686,6.0,14.0,False,79.23750667572023,109.97149848937988,112.0700011253357,67.69999848026782,151.53327037096025,193.0911934375763,209.69000244140625,191.6849961988628,44.37000264506787
4402698,True,A,Santa Cruz,0.7715721728738176,-121.829836,36.916065,75.27429375839962,2.365292190558838,,T20,unknown,0.0,0.0,0.0,0.006608591168519,0.0,-13.77762911906159,-13.817539034945286,-0.0399099158836957,1.563076543313228,0.2801642134775208,0.7430659857815162,0.5082606878428173,0.4364512452309801,-0.0718094426118371,8.0,14.0,False,79.23750667572023,134.08640003204346,122.74000096321106,76.7449983721599,151.53327037096025,240.0761926174164,228.060004234314,187.7149960519746,57.34140165988356
4402700,True,A,Santa Cruz,1.360376062759661,-121.82352,36.88335,34.21869881670367,1.907930658167686,,T20,unknown,0.0,0.1219122596839522,0.0,0.0,0.0,-12.02959630121017,-10.838205653695152,1.1913906475150178,2.359847659922929,0.0245307775686006,0.6629585258714131,0.5740507565784309,0.5335029359194752,-0.0405478206589556,6.0,14.0,False,79.23750667572023,109.97149848937988,112.0700011253357,67.69999848026782,151.53327037096025,193.0911934375763,209.69000244140625,191.6849961988628,44.37000264506787
4402702,True,A,Santa Cruz,2.9980694350219994,-121.813885,36.887268,41.97656637661747,1.0502915563964326,,T20,not_flooded,0.0,0.8031481816537003,0.0293365039158416,0.0052469694228333,0.0,-15.59942580465818,-14.621772220369804,0.977653584288376,1.279999753395792,0.6757993228049317,0.9536302308149606,0.4025858114691253,0.3957190721835781,-0.0068667392855472,7.352218976970199,14.0,False,79.23750667572023,109.97149848937988,110.84999990463255,67.69999848026782,151.53327037096025,193.0911934375763,204.6899991035461,191.6849961988628,43.15000142436473
4402716,False,B,Santa Cruz,7.097187918205747,-121.823508,36.893038,,,2022-10-10,T20 > G6 > T18,not a unit (sequence B/C),,,,,,,,,,,,,,,,,False,,,,,,,,,
4402725,True,A,Santa Cruz,2.307329661083029,-121.819398,36.877932,28.53301077333091,1.5846725488286342,,T20,unknown,0.0,0.0233988905698436,0.0,0.0462262565136997,0.0,-17.00768900644526,-15.994429721838792,1.0132592846064696,3.373108914615381,0.9799630189947888,1.0,0.4457935356346372,0.3699867342330561,-0.075806801401581,6.0,14.0,False,79.23750667572023,109.97149848937988,107.05999946594238,67.69999848026782,151.53327037096025,193.0911934375763,202.0200023651123,191.6849961988628,42.27150000911206
4402736,False,B,Santa Cruz,9.38304657246604,-121.799859,36.882342,,,2022-10-19,T20 > T4,not a unit (sequence B/C),,,,,,,,,,,,,,,,,False,,,,,,,,,
4402769,True,A,Santa Cruz,2.449598757914876,-121.823501,36.879173,39.08801600328474,1.9202671236157565,,T20,not_flooded,0.0,1.0,0.0,0.0,0.0,-16.19043845194629,-16.0476907942163,0.1427476577299877,0.730908535497429,0.8446105801078829,0.9203179710419228,0.2933361961587303,0.3326161396008576,0.0392799434421272,6.0,14.0,False,79.23750667572023,109.97149848937988,107.05999946594238,67.69999848026782,151.53327037096025,193.0911934375763,202.0200023651123,191.6849961988628,42.27150000911206
4402771,True,A,Santa Cruz,2.441122023175694,-121.754476,36.96436,53.32224411732875,0.5320789393690133,,T20,not_flooded,0.0,1.0,0.0,0.0150696616434461,0.0,-9.639670165559153,-9.349771671809242,0.2898984937499094,0.838831108124305,0.0,0.6164028686064511,0.2204354461838584,0.308754353302578,0.0883189071187196,6.0,16.0,False,79.23750667572023,129.63119411468506,118.52999758720398,69.51999836880714,151.53327037096025,222.34979557991028,225.2600009441376,182.43499598558992,60.11119574587792
4402775,True,A,Santa Cruz,22.052358770503584,-121.852559,36.933018,38.18224639107172,3.495766108502506,,T20,unknown,0.0,0.0,0.0008944073236176,0.0072219007032496,0.0,-13.445769586461008,-12.561438623636285,0.8843309628247233,1.4555200616377777,0.1647778888479682,0.776387646656495,0.6182465521358865,0.6067466354869149,-0.0114999166489716,8.0,15.805566370284634,False,79.23750667572023,127.87199854850768,124.39999747276306,76.7449983721599,151.53327037096025,235.97699284553528,242.3099989891052,187.7149960519746,51.12700017634778
4402780,True,A,Santa Cruz,9.050354105568426,-121.755668,36.936613,26.088361881623637,0.3344223302809259,,T20,not_flooded,0.0,0.8500516709796987,0.0,0.0110943144841015,0.0,-9.343610419885737,-9.645002166032114,-0.3013917461463791,-0.2458662129575266,0.0,0.1558328422455096,0.2126478449568892,0.2805691136995484,0.0679212687426591,3.0,7.618616925875631,False,79.23750667572023,101.1646978855133,114.88000011444092,69.51999836880714,151.53327037096025,198.1424939632416,213.82999992370603,182.43499598558992,45.36000174563378
4402789,True,A,Santa Cruz,9.338087877166856,-121.727445,36.938813,26.833419248734184,0.2106930673680529,,T20,unknown,0.0,0.0,0.0,0.0251313760920378,0.0,-11.194731033660958,-10.872692945236436,0.322038088424522,0.2229697151139849,0.0,0.0908774430979891,0.1580492600967446,0.2253370827311157,0.067287822634371,3.0,8.0814863319132,False,79.23750667572023,153.09749460220337,114.0499985218048,69.51999836880714,151.53327037096025,282.29499101638794,211.8200006484985,182.43499598558992,83.57749623339623
4402795,True,A,Santa Cruz,4.046308315625354,-121.849566,36.943338,79.57206318741646,2.93912378043292,,T20,unknown,0.0,0.0,0.0,0.0,0.0,-10.83641227710124,-10.099829842436288,0.7365824346649514,0.7449514637534254,0.0,0.0,0.3132300310668196,0.4310164073176865,0.1177863762508669,8.0,16.0,False,79.23750667572023,154.18179321289062,137.0099983215332,76.7449983721599,151.53327037096025,290.0741934254765,256.020000398159,187.7149960519746,77.43679484073073
4404144,True,A,Santa Cruz,6.473664774664077,-121.841798,36.932485,74.87945504634455,2.682875282842029,,T20,unknown,0.0,0.0,0.0,0.009143717728055,0.0,-11.649248896797893,-11.212660675301091,0.4365882214968017,1.0874200774415606,0.0115700898833428,0.1135374832663989,0.5012111881401244,0.4531718577226407,-0.0480393304174837,8.0,14.987796423790405,False,79.23750667572023,134.08640003204346,127.95000171661376,76.7449983721599,151.53327037096025,240.0761926174164,239.2799981124699,187.7149960519746,57.34140165988356
4402802,True,A,Santa Cruz,3.025543095257428,-122.221803,37.03447,36.05350202197877,1.0105234863053385,,T20,not_flooded,0.0,1.0,0.0,0.0098136677627386,0.0,-11.601690120589886,-11.116007355496125,0.4856827650937632,1.1510714019451562,0.0,0.0,0.5384847251683893,0.5700107852201605,0.0315260600517711,8.0,14.0,False,143.29941444396974,177.3479986190796,171.839994430542,88.85499844513834,387.2854312002659,354.27118991315365,473.21999740600586,219.4699958842248,88.49300017394125
4402855,False,B,Santa Cruz,1.1186268087393365,-121.758755,36.977798,,,2023-01-23,T20 > X,not a unit (sequence B/C),,,,,,,,,,,,,,,,,False,,,,,,,,,
4402870,True,A,Santa Cruz,0.9388318651691204,-121.784455,36.962157,66.6698093081666,1.0556210154013492,,T20,not_flooded,0.0,0.7171767028627839,0.0,0.0,0.0,-12.36840828665134,-11.31768702925167,1.0507212573996707,-0.3618980271062355,0.0,0.0,0.4682625041181771,0.5418701350576159,0.0736076309394388,12.0,28.0,False,79.23750667572023,138.15709829330444,123.10999822616576,69.51999836880714,151.53327037096025,250.71009016036987,236.22999688982964,182.43499598558992,68.6370999244973
4405454,False,B,Santa Cruz,18.46569216925568,-121.755686,36.944229,,,2022-10-26,T20 > X,not a unit (sequence B/C),,,,,,,,,,,,,,,,,False,,,,,,,,,
4404676,True,A,Santa Cruz,5.828563095076391,-121.852968,36.938276,51.01134094305933,3.336148122192508,,T20,unknown,0.0,0.0,0.0,0.0033849257971168,0.0,-10.646125264250092,-9.90630884449854,0.739816419751552,0.4445218672150961,0.0,0.0270794063769347,0.1713358807854787,0.2873782385836422,0.1160423577981634,8.0,15.674834735975788,False,79.23750667572023,127.87199854850768,127.6300003528595,76.7449983721599,151.53327037096025,235.97699284553528,249.25000524520877,187.7149960519746,51.12700017634778
4404677,True,A,Santa Cruz,3.2747591476493056,-121.844555,36.931808,69.96786868423159,2.929711691737674,,T20,unknown,0.0,0.0,0.0,0.0,0.0,-10.083143792125478,-8.78498156593969,1.298162226185788,1.29201324238171,0.0,0.071917323392006,0.2970329140132823,0.4281954839421301,0.1311625699288477,8.0,16.0,False,79.23750667572023,134.08640003204346,127.95000171661376,76.7449983721599,151.53327037096025,240.0761926174164,239.2799981124699,187.7149960519746,57.34140165988356
4404678,True,A,Santa Cruz,6.002502876088894,-121.84304,36.931739,77.23447735091214,2.8207885620292465,,T20,unknown,0.0,0.0,0.0,0.0032901952182496,0.0,-10.46220303376794,-8.790503328949953,1.6716997048179874,1.1011011789434324,0.0,0.0087480484626401,0.2987408557016291,0.41435372312262,0.1156128674209908,8.0,15.678502767634798,False,79.23750667572023,134.08640003204346,127.95000171661376,76.7449983721599,151.53327037096025,240.0761926174164,239.2799981124699,187.7149960519746,57.34140165988356
4403000,True,A,Santa Cruz,0.3794931844348556,-121.831688,36.916708,72.45088803209025,2.5444856230578377,,T20,unknown,0.0,0.0,0.0,0.2789847715736041,0.0,-10.594489338601727,-10.53691295331943,0.0575763852822976,1.395609287591558,0.0,0.0,0.540301827646149,0.4965582210521407,-0.0437436065940082,8.0,14.0,False,79.23750667572023,134.08640003204346,125.30999660491943,76.7449983721599,151.53327037096025,240.0761926174164,233.42999815940857,187.7149960519746,57.34140165988356
4404259,False,B,Santa Cruz,32.289068669796904,-121.716359,36.918128,,,2022-10-26,T20 > T30,not a unit (sequence B/C),,,,,,,,,,,,,,,,,False,,,,,,,,,
4403012,True,A,Santa Cruz,2.649354162132463,-121.813078,36.907621,65.35240026287568,0.6264672648717411,,T20,unknown,0.0,0.0,0.0119954469836266,0.0879957972156553,0.0,-13.300340614586576,-13.473350959963112,-0.1730103453765359,-0.059399113247224,0.1215888859702886,0.43525085369057,0.3090799513505043,0.3457635144540517,0.0366835631035473,6.0,14.0,False,79.23750667572023,134.08640003204346,120.10999941825868,76.7449983721599,151.53327037096025,240.0761926174164,218.81000065803528,187.7149960519746,57.34140165988356
4404261,True,A,Santa Cruz,15.678356141956206,-121.717544,36.911921,11.820608568718685,0.1669835550891855,,T20,unknown,0.0,0.2257477050636659,0.0,0.0050340538939887,0.0,-12.323229378878684,-11.524450281128514,0.7987790977501685,0.6471494508053173,0.0201362155759549,0.0750172737143421,0.5678446642163888,0.5309618885608196,-0.0368827756555691,2.404086467278649,7.302823018458198,False,79.23750667572023,104.31609773635864,107.25000023841858,69.51999836880714,151.53327037096025,198.88559532165527,194.16000056266785,182.43499598558992,37.73000186961144
4404262,True,A,Santa Cruz,12.376471425308145,-121.714504,36.9131,12.558685321279514,0.2979970173753239,,T20,unknown,0.0,0.2494860435035273,0.0047802640705354,0.0,0.0,-13.393370301566696,-12.70717134034087,0.6861989612258252,0.7563549717128808,0.0844513319127929,0.5037523510775902,0.2766630270174723,0.3979459871706209,0.1212829601531486,2.003305568226553,8.0,False,79.23750667572023,104.31609773635864,108.74000132083891,69.51999836880714,151.53327037096025,198.88559532165527,193.1199984550476,182.43499598558992,39.22000295203178
4404682,False,B,Santa Cruz,26.65633940989224,-121.702191,36.909487,,,2022-10-26,T20 > G6,not a unit (sequence B/C),,,,,,,,,,,,,,,,,False,,,,,,,,,
4404683,False,B,Santa Cruz,23.409013203729756,-121.698329,36.911655,,,2022-10-26,T20 > X,not a unit (sequence B/C),,,,,,,,,,,,,,,,,False,,,,,,,,,
4403072,True,A,Santa Cruz,2.1632725468086966,-121.817064,36.905981,69.69599317356807,0.9623154352027528,,T20,unknown,0.0,0.0,0.0,0.0,0.0,-13.4944107995418,-12.053035500576897,1.4413752989649051,0.8282797220958997,0.1031980363558748,0.9907153783216534,0.2605985791139924,0.3063825223410566,0.0457839432270641,8.0,14.0,False,79.23750667572023,134.08640003204346,120.10999941825868,76.7449983721599,151.53327037096025,240.0761926174164,218.81000065803528,187.7149960519746,57.34140165988356
4403073,True,A,Santa Cruz,1.3410208976196851,-121.817549,36.907214,66.07625492276343,1.0111627516177042,,T20,unknown,0.0,0.0,0.0,0.0147058823529411,0.0,-15.508028777433651,-15.54123112703667,-0.0332023496030196,-0.4710493719866804,0.6264705882352941,0.9783160322952708,0.2866426898301886,0.2950924786609074,0.0084497888307188,6.764129181084199,14.0,False,79.23750667572023,134.08640003204346,120.10999941825868,76.7449983721599,151.53327037096025,240.0761926174164,218.81000065803528,187.7149960519746,57.34140165988356
4404345,True,A,Santa Cruz,36.49720424927402,-121.8179,36.899813,46.70522979501175,1.0367875697081372,,T20,unknown,0.0,0.0,0.0022261043597723,0.0362833809648996,0.0,-13.664137252841911,-12.94968240310529,0.7144548497366205,1.2617392023029534,0.2577192818799345,0.8559540871276046,0.2835496760856958,0.3598570060988441,0.0763073300131482,7.972640117368701,14.0,False,79.23750667572023,134.08640003204346,114.02999806404114,76.7449983721599,151.53327037096025,240.0761926174164,210.3900022506714,187.7149960519746,57.34140165988356
4403095,True,A,Santa Cruz,3.2715651295069743,-121.811979,36.899932,31.381905063963487,0.5098890897189127,,T20,unknown,0.0,0.0,0.0,0.0362233060277475,0.0,-9.484587895470336,-8.415256451984318,1.0693314434860175,2.9657566385727696,0.0,0.8193569771295991,0.2959549216529489,0.3415447366411777,0.0455898149882287,6.0,14.0,False,79.23750667572023,134.08640003204346,114.02999806404114,76.7449983721599,151.53327037096025,240.0761926174164,210.3900022506714,187.7149960519746,57.34140165988356
4403096,True,A,Santa Cruz,3.721867151566512,-121.810125,36.900775,27.202162757744876,0.3449018490337193,,T20,unknown,0.0,0.0,0.0,0.0,0.0,-13.243482544293206,-11.78625554119405,1.457227003099156,1.3971141771165456,0.0371155885471898,0.9582683550620672,0.2509186243462136,0.3194811158787723,0.0685624915325587,6.0,14.0,False,79.23750667572023,120.51449966430664,109.72000193595886,76.7449983721599,151.53327037096025,212.02269220352173,203.37999987602237,187.7149960519746,43.76950129214674
4403097,True,A,Santa Cruz,3.4167447296608398,-121.810282,36.899513,26.876535857529344,0.358878747696946,,T20,unknown,0.0,0.0,0.0,0.0057573773452845,0.0,-12.948767443240666,-11.895596374829838,1.053171068410828,1.377114277449877,0.027364475852882,0.8455216635433834,0.2754675880862102,0.3285992612143745,0.0531316731281643,6.0,14.0,False,79.23750667572023,120.51449966430664,109.72000193595886,76.7449983721599,151.53327037096025,212.02269220352173,203.37999987602237,187.7149960519746,43.76950129214674
4403098,True,A,Santa Cruz,2.0646471974413902,-121.808635,36.901294,19.47259215857617,0.2123100245617296,,T20,unknown,0.0,0.0,0.0,0.0639144304747607,0.0,-11.807786516701931,-11.694014030969813,0.1137724857321185,1.4458903372151148,0.0240195158566335,0.918971664477388,0.295464825199567,0.3371309512807764,0.0416661260812094,6.0,14.0,False,79.23750667572023,120.51449966430664,109.72000193595886,76.7449983721599,151.53327037096025,212.02269220352173,203.37999987602237,187.7149960519746,43.76950129214674
4403099,True,A,Santa Cruz,0.9264766148840622,-121.808858,36.902567,26.221682600678268,0.2321500578154739,,T20,unknown,0.0,0.0,0.0,0.0493205837946653,0.0,-13.198241654577426,-12.3950663638456,0.8031752907318275,0.9949786381011964,0.0,0.6831068612648885,0.2661839001464415,0.3032451913603159,0.0370612912138743,6.0,14.0,False,79.23750667572023,120.51449966430664,109.72000193595886,76.7449983721599,151.53327037096025,212.02269220352173,203.37999987602237,187.7149960519746,43.76950129214674
4404686,True,A,Santa Cruz,12.322986648490373,-121.81908,36.893182,36.07322255545557,1.2572276484411566,,T20,unknown,0.0,0.0,0.0315718735868964,0.0174031553032206,0.0,-15.887334573352652,-15.498068357378193,0.3892662159744624,1.2624967110708043,0.7856667336582426,0.9566899462392604,0.0942426811496287,0.1525200175117496,0.0582773363621208,7.53843013616038,14.0,False,79.23750667572023,109.97149848937988,110.84999990463255,67.69999848026782,151.53327037096025,193.0911934375763,204.6899991035461,191.6849961988628,43.15000142436473
4405204,True,A,Santa Cruz,4.813367213026112,-121.820921,36.892605,40.54016223569343,1.4329083666710412,,T20,unknown,0.0,0.0,0.0070421402961557,0.0118494461147643,0.0,-16.501934709066926,-15.430101571979629,1.0718331370872978,1.7941248068504605,0.8491406337926265,0.9977330096306896,0.1042504249444317,0.157370041007862,0.0531196160634302,7.580944418541083,14.0,False,79.23750667572023,109.97149848937988,114.90999984741212,67.69999848026782,151.53327037096025,193.0911934375763,215.13999795913696,191.6849961988628,47.2100013671443
4404687,True,A,Santa Cruz,5.050951620162451,-121.819976,36.89142,41.0486231483704,1.4189924347737273,,T20,unknown,0.0,0.0,0.0351584043139898,0.0664103192597585,0.0,-15.796132435348015,-15.169272170218155,0.6268602651298618,1.8668998124276364,0.6870212635578161,0.8047521294196949,0.1155013495427174,0.1679831581524999,0.0524818086097824,7.021018444757641,14.0,False,79.23750667572023,109.97149848937988,110.84999990463255,67.69999848026782,151.53327037096025,193.0911934375763,204.6899991035461,191.6849961988628,43.15000142436473
4404346,True,A,Santa Cruz,7.901196671449344,-121.816503,36.894216,31.48363792344417,1.0008738658392036,,T20,unknown,0.0,0.0,0.0,0.0193710765735327,0.0,-15.035135287923554,-14.117030940242314,0.9181043476812398,0.5938718652038979,0.5655805936676752,0.8506527210584559,0.0727451479111616,0.1070830032112022,0.0343378553000405,8.0,14.0,False,79.23750667572023,134.08640003204346,114.02999806404114,67.69999848026782,151.53327037096025,240.0761926174164,210.3900022506714,191.6849961988628,66.38640155177563
4403122,False,B,Santa Cruz,2.044760890292241,-121.808365,36.895795,,,2022-11-12,T20 > G6 > T30,not a unit (sequence B/C),,,,,,,,,,,,,,,,,False,,,,,,,,,
4404263,False,B,Santa Cruz,21.657512298858855,-121.767445,36.893943,,,2022-10-26,T20 > T30,not a unit (sequence B/C),,,,,,,,,,,,,,,,,False,,,,,,,,,
4404347,True,A,Santa Cruz,16.819414044434648,-121.827664,36.888761,44.584066740187474,2.160436171756046,,T20,unknown,0.0,0.0,0.003518988739236,0.0269789136674762,0.0,-15.017561010084274,-13.741631555739785,1.2759294543444888,1.32314474124626,0.5162425480238463,0.9372470008095976,0.5823262047001743,0.5304662363314862,-0.0518599683686881,6.0,14.0,False,79.23750667572023,109.97149848937988,112.0700011253357,67.69999848026782,151.53327037096025,193.0911934375763,209.69000244140625,191.6849961988628,44.37000264506787
4405205,False,B,Santa Cruz,23.61081529438298,-121.80955,36.889476,,,2022-10-25,T20 > G6,not a unit (sequence B/C),,,,,,,,,,,,,,,,,False,,,,,,,,,
4404348,True,A,Santa Cruz,19.87674986530402,-121.78856,36.892623,3.9257846515625454,0.801016915842456,,T20,unknown,0.0,0.0664533931121982,0.0,0.0426313597745838,0.0,-10.011289045230592,-9.216584157366093,0.7947048878644996,0.8585805668156787,0.0,0.755198542890168,0.1021112088392056,0.1818931651241576,0.0797819562849519,6.0,14.0,False,79.23750667572023,97.8693985939026,106.36999917030334,65.42499778792262,151.53327037096025,183.5908932685852,194.82999527454376,177.3949949434027,40.945001382380724
4404266,False,B,Santa Cruz,19.45152753752078,-121.765523,36.892392,,,2022-11-03,T20 > T30 > T30,not a unit (sequence B/C),,,,,,,,,,,,,,,,,False,,,,,,,,,
4404349,True,A,Santa Cruz,16.737652904214315,-121.826175,36.886347,44.27277626957038,2.144160271293562,,T20,unknown,0.0,0.0023994341218949,0.0023578254377002,0.0185251108409115,0.0,-16.414468282891647,-15.444310100825312,0.970158182066335,1.888022373489747,0.8648966024197761,0.9899815534833404,0.3864650530613907,0.380580881289404,-0.0058841717719866,6.0,14.0,False,79.23750667572023,109.97149848937988,112.0700011253357,67.69999848026782,151.53327037096025,193.0911934375763,209.69000244140625,191.6849961988628,44.37000264506787
4404350,True,A,Santa Cruz,33.07724781783626,-121.806422,36.879009,2.971839788948269,0.4595708802471731,,T20,unknown,0.0,0.0953659797552571,0.0017896034566249,0.0192037317325934,0.0,-11.719032167190836,-11.600074602506366,0.1189575646844698,-0.1153024975965557,0.0033920588393544,0.1100266919940393,-0.0084387003115703,0.0230984262741828,0.0315371265857531,6.0881771543667496,14.0,False,79.23750667572023,97.8693985939026,104.64000082015993,67.69999848026782,151.53327037096025,183.5908932685852,195.6199975013733,191.6849961988628,36.940002339892104
4403165,True,A,Santa Cruz,2.1483580269950733,-121.822328,36.884312,35.84353518162549,1.8018111805201824,,T20,not_flooded,0.0,0.5838341670565375,0.0,0.0002519163637672,0.0,-15.550220933750404,-14.165430826295404,1.3847901074550002,1.1866748883824805,0.7210566092057439,0.963292186993918,0.6174135838347059,0.5577220821995603,-0.0596915016351455,6.0,14.0,False,79.23750667572023,109.97149848937988,112.0700011253357,67.69999848026782,151.53327037096025,193.0911934375763,209.69000244140625,191.6849961988628,44.37000264506787
4405457,False,B,Santa Cruz,12.326562651636944,-121.811666,36.874381,,,2022-10-19,T20 > T18,not a unit (sequence B/C),,,,,,,,,,,,,,,,,False,,,,,,,,,
4404352,False,B,Santa Cruz,11.659597969449347,-121.677481,36.916807,,,2022-10-26,T20 > G6,not a unit (sequence B/C),,,,,,,,,,,,,,,,,False,,,,,,,,,
4403200,True,A,Santa Cruz,1.2508305335776058,-121.82787,36.91573,82.58095353456581,2.193434386377121,,T20,unknown,0.0,0.0,0.0032096784149126,0.0,0.0,-12.856051428937848,-13.273453542942232,-0.4174021140043837,0.4208700046089095,0.0937596444663909,0.3781248071106721,0.5539262916661215,0.4518844472553309,-0.1020418444107906,8.0,14.0,False,79.23750667572023,134.08640003204346,122.6900029182434,76.7449983721599,151.53327037096025,240.0761926174164,223.79000115394592,187.7149960519746,57.34140165988356
4403237,True,A,Santa Cruz,13.686289284601555,-121.812729,36.89802,27.218149144523625,0.5766444764857884,,T20,unknown,0.0,0.0,0.0028289581415834,0.0382897508145253,0.0,-15.44525763940869,-14.414595807610429,1.0306618317982623,1.688687644091722,0.6844779979333359,0.9433079047075894,0.3071868114799297,0.3596126035459891,0.0524257920660594,7.566085252714612,14.0,False,79.23750667572023,134.08640003204346,114.02999806404114,67.69999848026782,151.53327037096025,240.0761926174164,210.3900022506714,191.6849961988628,66.38640155177563
4403242,True,A,Santa Cruz,2.3484559543177896,-121.810414,36.898899,24.88394785465048,0.3706282022277308,,T20,unknown,0.0,0.0,0.0012528849324101,0.0222881635344543,0.0,-14.302389777718606,-13.323293402363747,0.9790963753548568,1.955276082003282,0.3182657434882953,0.8620178041543026,0.3349880532643755,0.3639981227314317,0.0290100694670562,6.021661721068248,14.0,False,79.23750667572023,120.51449966430664,109.72000193595886,76.7449983721599,151.53327037096025,212.02269220352173,203.37999987602237,187.7149960519746,43.76950129214674
4403249,False,B,Santa Cruz,2.3174757017584207,-121.817794,36.920876,,,2022-10-27,T20 > G6,not a unit (sequence B/C),,,,,,,,,,,,,,,,,False,,,,,,,,,
4403273,True,A,Santa Cruz,4.153301475497409,-121.808507,36.898859,24.30775333336563,0.2009262341529319,,T20,unknown,0.0,0.0,0.0,0.0843900713181759,0.0,-6.458214901106451,-6.7216953225454015,-0.2634804214389508,0.6133115567783252,0.0,0.3390499599649927,0.3000521669182509,0.3735393129406107,0.0734871460223598,6.351991508854254,14.0,False,79.23750667572023,120.51449966430664,109.72000193595886,76.7449983721599,151.53327037096025,212.02269220352173,203.37999987602237,187.7149960519746,43.76950129214674
4405577,False,C,Santa Cruz,6.267281386069686,-121.797441,36.903288,,,2023-09-28,G6 > T20,not a unit (sequence B/C),,,,,,,,,,,,,,,,,False,,,,,,,,,
4404269,True,A,Santa Cruz,7.672247748907445,-121.837232,36.913115,49.70171289750986,2.860421064083556,,T20,unknown,0.0,0.0,0.0,0.0270139553629905,0.0,-12.173180134098128,-11.238494495271697,0.93468563882643,1.7401577977697489,0.0629653886845685,0.415224948360119,0.2471417815243906,0.3203078378513481,0.0731660563269575,8.0,14.0,False,79.23750667572023,134.08640003204346,122.74000096321106,76.7449983721599,151.53327037096025,240.0761926174164,228.060004234314,187.7149960519746,57.34140165988356
4404365,True,A,Santa Cruz,50.67612809393972,-121.815568,36.883322,30.078439002744613,1.2001454138303849,,T20,unknown,0.0,0.0017878927142226,0.0029070433201366,0.031621730148818,0.0,-15.593035386512213,-14.09388297969399,1.4991524068182205,1.8596438390248744,0.7178213664630411,0.9820981707307762,0.263937660908108,0.3003036000296853,0.0363659391215772,5.9848158898010695,13.947828954701118,False,79.23750667572023,109.97149848937988,104.64000082015993,67.69999848026782,151.53327037096025,193.0911934375763,195.6199975013733,191.6849961988628,42.27150000911206
4404479,True,A,Santa Cruz,5.469609269925701,-121.756623,36.933476,26.302657199619222,0.6790883134468377,,T20,not_flooded,0.0,1.0,0.0,0.0116415588089681,0.0,-9.036951065920988,-8.595173129053702,0.441777936867286,0.936459793905648,0.0,0.0182615460782233,0.1937004927208799,0.270196927370719,0.0764964346498391,3.0,7.933941580026875,False,79.23750667572023,101.1646978855133,112.1899995803833,69.51999836880714,151.53327037096025,198.1424939632416,207.6599969863892,182.43499598558992,42.670001211576164
4404523,True,A,Santa Cruz,0.5687031765334128,-121.821043,36.920056,54.65219436986428,1.6866438398464847,,T20,unknown,0.0,0.0,0.0,0.0,0.0,-14.184476620350765,-14.04393768568358,0.1405389346671839,1.4405988597938766,0.1517941773865944,0.8180094786729857,0.327150165136795,0.4305565718508444,0.1034064067140493,8.0,14.0,False,79.23750667572023,134.08640003204346,122.6900029182434,76.7449983721599,151.53327037096025,240.0761926174164,223.79000115394592,187.7149960519746,57.34140165988356
4405212,True,A,Santa Cruz,17.005330073081005,-121.825078,36.910369,91.1788005036945,1.7368069142793192,,T20,unknown,0.0,0.0,0.0,0.0389994314951677,0.0,-12.30019399220502,-11.508385589776804,0.7918084024282148,0.407684704021948,0.0732552586696986,0.6113246162592386,0.4178320137259635,0.3842738083394297,-0.0335582053865338,8.0,14.0,False,79.23750667572023,134.08640003204346,122.74000096321106,76.7449983721599,151.53327037096025,240.0761926174164,228.060004234314,187.7149960519746,57.34140165988356
4405213,False,C,Santa Cruz,13.926516657167731,-121.697364,36.922082,,,2023-09-27,T30 > T20,not a unit (sequence B/C),,,,,,,,,,,,,,,,,False,,,,,,,,,
4405464,False,B,Santa Cruz,29.98704772637386,-121.819017,36.885084,,,2022-10-27,T20 > T30,not a unit (sequence B/C),,,,,,,,,,,,,,,,,False,,,,,,,,,
4404694,False,B,Santa Cruz,6.001284637851189,-121.819469,36.889049,,,2022-10-25,T20 > T30,not a unit (sequence B/C),,,,,,,,,,,,,,,,,False,,,,,,,,,
4404695,False,B,Santa Cruz,26.96142765101633,-121.831217,36.896177,,,2022-10-26,T20 > T18,not a unit (sequence B/C),,,,,,,,,,,,,,,,,False,,,,,,,,,
4404486,False,B,Santa Cruz,2.053357445486437,-121.807495,36.894819,,,2022-11-12,T20 > T30,not a unit (sequence B/C),,,,,,,,,,,,,,,,,False,,,,,,,,,
4405215,False,B,Santa Cruz,8.387246821696548,-121.809382,36.892201,,,2022-11-11,T20 > T4,not a unit (sequence B/C),,,,,,,,,,,,,,,,,False,,,,,,,,,
4403121,False,B,Santa Cruz,2.759849770695141,-121.812148,36.894857,,,2022-11-12,T20 > G6 > T30,not a unit (sequence B/C),,,,,,,,,,,,,,,,,False,,,,,,,,,
4404566,False,B,Santa Cruz,2.05201194673052,-121.811178,36.895477,,,2022-11-11,T20 > G6 > T30,not a unit (sequence B/C),,,,,,,,,,,,,,,,,False,,,,,,,,,
4404567,False,B,Santa Cruz,2.5969151998223623,-121.810183,36.895558,,,2022-11-12,T20 > G6 > T30,not a unit (sequence B/C),,,,,,,,,,,,,,,,,False,,,,,,,,,
4404568,False,B,Santa Cruz,1.4863280661121838,-121.80937,36.895736,,,2022-11-11,T20 > G6 > T30,not a unit (sequence B/C),,,,,,,,,,,,,,,,,False,,,,,,,,,
4404569,False,B,Santa Cruz,2.7386522249044565,-121.810444,36.894055,,,2022-11-11,T20 > G6 > T30,not a unit (sequence B/C),,,,,,,,,,,,,,,,,False,,,,,,,,,
4404570,False,B,Santa Cruz,1.6402212906430542,-121.81078,36.893217,,,2022-11-11,T20 > G6 > T30,not a unit (sequence B/C),,,,,,,,,,,,,,,,,False,,,,,,,,,
4404571,False,B,Santa Cruz,1.0074414038129922,-121.811286,36.893532,,,2022-11-11,T20 > G6 > T30,not a unit (sequence B/C),,,,,,,,,,,,,,,,,False,,,,,,,,,
4404572,False,B,Santa Cruz,1.04791476238743,-121.811835,36.893858,,,2022-11-12,T20 > G6 > T30,not a unit (sequence B/C),,,,,,,,,,,,,,,,,False,,,,,,,,,
4404573,False,B,Santa Cruz,0.3986598484265536,-121.811397,36.894196,,,2022-11-12,T20 > G6 > T30,not a unit (sequence B/C),,,,,,,,,,,,,,,,,False,,,,,,,,,
4404574,False,B,Santa Cruz,0.829531579690987,-121.811529,36.894702,,,2022-11-11,T20 > G6 > T30,not a unit (sequence B/C),,,,,,,,,,,,,,,,,False,,,,,,,,,
4404575,False,B,Santa Cruz,0.626409886139173,-121.81015,36.894843,,,2022-11-12,T20 > G6 > T30,not a unit (sequence B/C),,,,,,,,,,,,,,,,,False,,,,,,,,,
4404699,True,A,Santa Cruz,29.452647347162884,-121.805523,36.866061,3.220995365906319,0.3061367878014302,,T20,not_flooded,0.0040201269098887,0.6388402065241667,0.0,0.0062272554094354,0.0,-8.20147329875009,-7.749131467685379,0.4523418310647109,0.4306696832824892,0.0,0.1036982540037048,0.0877249426005781,0.1287698104207462,0.041044867820168,6.0,14.001566010221108,False,79.23750667572023,97.8693985939026,99.50000047683716,67.69999848026782,151.53327037096025,183.5908932685852,184.7200013399124,191.6849961988628,31.800001996569335
4404700,True,A,Santa Cruz,12.71728832424241,-121.815996,36.919677,40.43267386928969,1.2376475953582442,,T20,unknown,0.0,0.4750056273079567,0.0031026238464018,0.0567719328129847,0.0,-13.153830189048854,-12.355052818542102,0.7987773705067518,0.9451813737353448,0.1506597638355731,0.4352007884314716,0.198331155312464,0.2846917862082865,0.0863606308958225,6.505581681135439,14.0,False,79.23750667572023,134.08640003204346,116.74999833106996,76.7449983721599,151.53327037096025,240.0761926174164,215.67000150680545,187.7149960519746,57.34140165988356
4404702,True,A,Santa Cruz,24.119652929887398,-121.867545,36.945873,45.42637182505179,3.815596207265924,,T20,unknown,0.0,0.0,0.0049849809416645,0.0090595216341761,0.0,-13.685768991553518,-12.731920296465503,0.9538486950880128,1.9504851066514064,0.1167254926475538,0.5725162452674737,0.3259465463395171,0.3766991097065166,0.0507525633669995,8.0,14.0,False,79.23750667572023,146.06649541854858,127.91999912261964,76.7449983721599,151.53327037096025,284.6426968574524,259.00999784469604,187.7149960519746,69.32149704638869
4404777,True,A,Santa Cruz,1.609541067569105,-121.802142,36.946519,64.67030094157553,0.618627464753863,,T20,not_flooded,0.0,1.0,0.0,0.0,0.0,-10.634836676348804,-10.527937239802933,0.1068994365458717,0.5759210641198962,0.0,0.0,0.4413637842963122,0.4300193568818904,-0.0113444274144218,6.0,14.0,False,79.23750667572023,138.15709829330444,123.52000331878662,76.7449983721599,151.53327037096025,250.71009016036987,232.5700005590916,187.7149960519746,61.412099921144545
4404760,True,A,Santa Cruz,1.2971119330659375,-121.800814,36.945309,62.87052700121081,0.7615265687470677,,T20,not_flooded,0.0,1.0,0.0,0.0,0.0,-11.771408980093009,-11.331622412642188,0.4397865674508221,0.4190403900410331,0.0,0.0,0.4934091117023115,0.4807736479159538,-0.0126354637863577,6.0,14.0,False,79.23750667572023,138.15709829330444,123.52000331878662,76.7449983721599,151.53327037096025,250.71009016036987,232.5700005590916,187.7149960519746,61.412099921144545
4404703,True,A,Santa Cruz,0.7702295891915397,-121.848091,36.936771,87.97717375249248,2.970906615047654,,T20,unknown,0.0,0.0,0.0,0.0,0.0,-10.452112633659222,-8.967706454824286,1.484406178834936,1.4759683525652,0.0,0.0,0.6207253318909216,0.5490295487639317,-0.0716957831269898,8.0,16.0,False,79.23750667572023,134.08640003204346,127.6300003528595,76.7449983721599,151.53327037096025,240.0761926174164,249.25000524520877,187.7149960519746,57.34140165988356
4404746,True,A,Santa Cruz,1.6033048993805148,-121.813507,36.923217,45.848436531155365,1.0161671341177436,,T20,unknown,0.0,0.0621661935235529,0.0,0.0,0.0,-12.345144493231016,-11.745439296055435,0.5997051971755774,0.7117455414932703,0.0,0.1132656498099408,0.1211710114109823,0.1433120958906064,0.0221410844796241,6.0,14.0,False,79.23750667572023,134.08640003204346,123.62000155448914,76.7449983721599,151.53327037096025,240.0761926174164,225.92999809980392,187.7149960519746,57.34140165988356
4404728,True,A,Santa Cruz,10.81300691972286,-121.812803,36.927563,66.61157249478889,0.9534843171961644,,T20,unknown,0.0,0.0,0.0,0.0274040321540643,0.0,-15.117863728358016,-13.997734743418924,1.1201289849390914,1.4680311091591245,0.5690509965753917,0.775938901546089,0.5694688531356632,0.4741439172685883,-0.0953249358670749,6.0,14.0,False,79.23750667572023,134.08640003204346,123.62000155448914,76.7449983721599,151.53327037096025,240.0761926174164,225.92999809980392,187.7149960519746,57.34140165988356
4404715,True,A,Santa Cruz,5.1638605919968885,-121.641483,36.901624,33.00295169029918,0.4151467030603557,,T20,unknown,0.0,0.0,0.0,0.0,0.0,-9.42098034028618,-9.378566132429455,0.0424142078567228,0.5181019104441607,0.0,0.0,0.653222486328129,0.5992793849359791,-0.0539431013921498,2.934710681937271,7.140354816977316,False,79.23750667572023,107.36499500274658,105.69000124931335,66.27499858662486,151.53327037096025,222.33139514923096,185.1400020122528,167.63999602384865,41.08999641612172
4404737,True,A,Santa Cruz,4.872975308524496,-121.79981,36.912282,19.499453743305786,0.2023542208151197,,T20,unknown,0.0,0.4544026903126537,0.0,0.0,0.0,-6.106101450801117,-6.231186106377111,-0.1250846555759937,0.8974603669697405,0.0,0.0118177059374058,0.3410766382948157,0.4249032967053656,0.0838266584105498,6.0,14.002760108500818,False,79.23750667572023,120.51449966430664,112.35999989509584,76.7449983721599,151.53327037096025,212.02269220352173,206.8700001239777,187.7149960519746,43.76950129214674
4404745,True,A,Santa Cruz,12.425013000431068,-121.702531,36.919753,14.9217935460553,1.03743806424302,,T20,unknown,0.0,0.0670992304677536,0.0031726875151635,0.0598020491828774,0.0015863437575817,-12.452536798402225,-12.120082212483783,0.3324545859184393,0.7592879029193771,0.036037997598711,0.6568396299775425,0.6575242607414234,0.6045177762921553,-0.0530064844492681,2.9789296223257677,8.0,False,79.23750667572023,104.31609773635864,109.00999987125395,69.51999836880714,151.53327037096025,198.88559532165527,193.81999814510343,182.43499598558992,39.490001502446816
4403473,False,B,Santa Cruz,23.517181815648478,-121.680428,36.921101,,,2022-10-18,T20 > T30,not a unit (sequence B/C),,,,,,,,,,,,,,,,,False,,,,,,,,,
4405225,False,B,Santa Cruz,31.966524119568103,-121.779643,36.887243,,,2022-10-19,T20 > T30,not a unit (sequence B/C),,,,,,,,,,,,,,,,,False,,,,,,,,,
4405475,True,A,Santa Cruz,10.100941740011798,-121.775208,36.966613,61.03348346012292,0.9060296295302208,,T20,not_flooded,0.0,1.0,0.0,0.0214838813446382,0.0,-6.245600487503557,-5.898131453626384,0.3474690338771733,0.1424529254571647,0.0,0.0597336151896019,0.1127211451304194,0.1841586241627912,0.0714374790323718,12.0,28.00061273101874,False,79.23750667572023,138.15709829330444,123.10999822616576,69.51999836880714,151.53327037096025,250.71009016036987,236.22999688982964,182.43499598558992,68.6370999244973
4405476,True,A,Santa Cruz,19.83186014878222,-121.638415,36.901532,29.496878659944635,0.2668239661425641,,T20,unknown,0.0,0.0,0.0019890795631825,0.0276716068642745,0.0,-13.590652772571673,-13.15650875044039,0.4341440221312815,1.2071996021250566,0.2069734789391575,0.599368174726989,0.1678200564649705,0.2642378202465459,0.0964177637815753,3.0,7.026446957878314,False,79.23750667572023,107.36499500274658,103.85000014305116,66.27499858662486,151.53327037096025,222.33139514923096,181.00999927520752,167.63999602384865,41.08999641612172
4405234,False,B,Santa Cruz,11.967954273149276,-121.815586,36.867658,,,2022-10-19,T20 > T30,not a unit (sequence B/C),,,,,,,,,,,,,,,,,False,,,,,,,,,
4405322,True,A,Santa Cruz,6.2654914592188256,-121.727596,36.957838,49.65220971202823,1.8067786432100168,,T20,unknown,0.0,0.0,0.0031453910769572,0.0,0.0,-9.942452590333698,-8.94892039910767,0.9935321912260272,0.810271909640413,0.0,0.0,0.3445605936711857,0.4434882384513869,0.0989276447802012,6.0,14.147364655672185,False,79.23750667572023,153.09749460220337,117.759996175766,69.51999836880714,151.53327037096025,282.29499101638794,218.7999997138977,182.43499598558992,83.57749623339623
4404618,True,A,Santa Cruz,11.19460368784552,-121.867959,36.943291,39.01358432860664,4.064080598275871,,T20,unknown,0.0,0.0,0.0,0.0581986430690706,0.0,-12.614783358485417,-12.374774989752614,0.240008368732802,0.8444278589807563,0.0235906799178372,0.216721649341937,0.2709699647352825,0.366474186448413,0.0955042217131304,8.0,14.0,False,79.23750667572023,146.06649541854858,127.91999912261964,76.7449983721599,151.53327037096025,284.6426968574524,259.00999784469604,187.7149960519746,69.32149704638869
4405303,True,A,Santa Cruz,5.037714512884435,-121.865103,36.945235,46.16493866807841,3.974045090777422,,T20,unknown,0.0,0.0,0.0154308218023567,0.0039075070105272,0.0,-14.455441473602423,-13.764228117599632,0.6912133560027911,2.383621269856377,0.3916547909100658,0.5265020916655172,0.3389992438652107,0.4432385923652968,0.1042393485000861,8.0,14.0,False,79.23750667572023,146.06649541854858,127.91999912261964,76.7449983721599,151.53327037096025,284.6426968574524,259.00999784469604,187.7149960519746,69.32149704638869
4405283,True,A,Santa Cruz,1.2421052044338696,-121.753654,36.949712,24.01219009425656,0.5103514942781948,,T20,not_flooded,0.0,1.0,0.0190104494523479,0.0,0.0,-11.775831750252758,-11.69961384534565,0.0762179049071072,0.8626436355638543,0.0,0.0,0.5629978855877292,0.675914693391999,0.1129168078042698,3.0,7.870293933708568,False,79.23750667572023,129.63119411468506,117.44999551773073,69.51999836880714,151.53327037096025,222.34979557991028,220.51999807357788,182.43499598558992,60.11119574587792
4405371,False,B,Santa Cruz,7.5805807772656735,-121.817583,36.923303,,,2022-10-18,T20 > G6,not a unit (sequence B/C),,,,,,,,,,,,,,,,,False,,,,,,,,,
4405292,True,A,Santa Cruz,4.005814423288171,-121.799957,36.914124,24.64971234654756,0.1892705463000357,,T20,not_flooded,0.0,0.5221949759610741,0.0,0.0,0.0,-7.332262481187252,-6.902491961523388,0.4297705196638635,0.6894917628506994,0.0,0.0,0.2490019442532322,0.2280053981615966,-0.0209965460916355,6.0,14.0,False,79.23750667572023,120.51449966430664,112.35999989509584,76.7449983721599,151.53327037096025,212.02269220352173,206.8700001239777,187.7149960519746,43.76950129214674
4405479,True,A,Santa Cruz,8.151469447671928,-121.79604,36.913829,12.352718759116437,0.537772738202576,,T20,unknown,0.0,0.0,0.0,0.0,0.0,-8.318620152488197,-8.289581361653042,0.0290387908351554,0.4958844794262669,0.0,0.0,0.3534353741755029,0.4052624983787828,0.0518271242032799,6.0,14.99161913078142,False,79.23750667572023,120.51449966430664,112.35999989509584,69.51999836880714,151.53327037096025,212.02269220352173,206.8700001239777,182.43499598558992,50.994501295499504
4405270,True,A,Santa Cruz,1.8256558284101208,-121.797273,36.917591,30.36503994294963,0.4280496299739467,,T20,unknown,0.0,0.0,0.0,0.0,0.0,-9.759750886648249,-9.436439705881234,0.3233111807670124,0.9136585321733895,0.0,0.0,0.5609455097243952,0.5255881847082146,-0.0353573250161806,6.0,14.0,False,79.23750667572023,120.51449966430664,115.53000116348268,69.51999836880714,151.53327037096025,212.02269220352173,212.82999968528748,182.43499598558992,50.994501295499504
4405305,True,A,Santa Cruz,1.1504151893108765,-121.644596,36.897501,24.584776255224416,0.0752359054371974,,T20,unknown,0.0,0.0,0.0,0.0,0.0,-9.015243477594964,-8.88029987892175,0.1349435986732121,-0.4085664550157553,0.0,0.0,0.1532750676006821,0.2105115342221543,0.0572364666214721,3.0,7.0,False,79.23750667572023,107.36499500274658,102.2400003671646,68.78499916661531,151.53327037096025,222.33139514923096,178.12000024318695,163.3999965954572,38.579995836131275
4405238,True,A,Santa Cruz,20.25472898625388,-121.781393,36.89069,4.906909935350515,0.5861658872313964,,T20,not_flooded,0.0,0.7780584557530916,0.0,0.0189858905177553,0.0,-11.392092034539829,-10.267375983675173,1.124716050864656,0.9022833805445424,0.0,0.1163497256064937,0.1997134550116389,0.2378829297375567,0.0381694747259178,6.0,14.0,False,79.23750667572023,97.8693985939026,106.76000165939332,65.42499778792262,151.53327037096025,183.5908932685852,192.6499992609024,177.3949949434027,41.335003871470704
4401813,True,A,Santa Cruz,9.939797582302454,-121.784938,36.894468,4.192833419479366,1.006085261252842,,T20,unknown,0.0,0.0,0.0,0.0143716395496315,0.0,-7.295527025089879,-5.607910422731978,1.6876166023579016,1.365512464982389,0.0,0.5531174864025771,0.1152885237830533,0.2030707448688467,0.0877822210857934,6.0,14.0,False,79.23750667572023,120.51449966430664,106.36999917030334,65.42499778792262,151.53327037096025,212.02269220352173,194.82999527454376,177.3949949434027,55.08950187638402
4405299,True,A,Santa Cruz,2.5200871737682458,-121.850481,36.924736,52.75486662131003,3.8138387763269206,,T20,unknown,0.0,0.0,0.0,0.0,0.0,-13.283986252635511,-12.712382821495238,0.5716034311402751,1.4448543257360935,0.1139271578043018,0.4747629713724647,0.2855788380829358,0.3587718593755478,0.073193021292612,8.0,15.638611886717191,False,79.23750667572023,134.08640003204346,122.28000092506409,76.7449983721599,151.53327037096025,240.0761926174164,236.46000218391416,187.7149960519746,57.34140165988356
4405529,True,A,Santa Cruz,1.1469104656458846,-121.758703,36.975685,40.45113768856634,0.3076261694456599,,T20,not_flooded,0.0,0.9891822885171,0.0,0.0,0.0,-11.856793164409936,-9.96883784812771,1.887955316282227,2.0143470345630465,0.0,0.0,0.133557881934924,0.317411240752703,0.1838533588177789,6.0,16.0,False,79.23750667572023,129.63119411468506,122.37999749183656,69.51999836880714,151.53327037096025,222.34979557991028,239.3499998152256,182.43499598558992,60.11119574587792
4405549,True,A,Santa Cruz,0.930225983003696,-121.745513,36.959535,22.030103183795124,0.2135955313601315,,T20,unknown,0.0,0.0,0.0,0.0816684778065702,0.0,-10.063350245980097,-8.840094316118142,1.2232559298619543,0.2823094294708372,0.0,0.0,0.3628191175077069,0.1883988352293933,-0.1744202822783135,6.0,14.70985538744462,True,79.23750667572023,129.63119411468506,118.52999758720398,69.51999836880714,151.53327037096025,222.34979557991028,225.2600009441376,182.43499598558992,60.11119574587792
4405566,True,A,Santa Cruz,1.3238421933649898,-121.801115,36.947209,60.65898798183717,0.5487242920379409,,T20,not_flooded,0.0,1.0,0.0,0.0,0.0,-10.632103725975693,-10.471364134361192,0.1607395916145009,0.196297036875741,0.0,0.0,0.4629523032449129,0.397695847338677,-0.0652564559062358,6.0,14.0,False,79.23750667572023,138.15709829330444,123.52000331878662,76.7449983721599,151.53327037096025,250.71009016036987,232.5700005590916,187.7149960519746,61.412099921144545
4405543,False,B,Santa Cruz,2.710789044378392,-121.757403,36.929909,,,2023-01-06,T20 > X,not a unit (sequence B/C),,,,,,,,,,,,,,,,,False,,,,,,,,,
4405569,True,A,Santa Cruz,19.7443427093805,-121.696855,36.92751,17.643507960376706,1.8996647243455844,,T20,unknown,0.0,0.4125439307921059,0.0009990949375271,0.0478860326527733,0.0,-13.243965358692703,-12.502647352439665,0.7413180062530405,0.8638945347002984,0.0490261762873632,0.6495723481865447,0.6834386461058933,0.6564010082385118,-0.0270376378673815,2.3180530578182115,8.0,False,79.23750667572023,104.31609773635864,110.77000033855438,66.27499858662486,151.53327037096025,198.88559532165527,200.6399984359741,167.63999602384865,44.49500175192952
4405574,True,A,Santa Cruz,0.8202415569724261,-121.825186,36.907637,78.30170639270716,1.6920406601075637,,T20,unknown,0.0,0.0,0.0239977413890457,0.0,0.0,-12.809523972596738,-12.696825632782613,0.1126983398141252,0.3392044120777679,0.0,0.1365518539431582,0.214936611318844,0.2641346554410181,0.0491980441221741,8.0,14.0,False,79.23750667572023,134.08640003204346,122.74000096321106,76.7449983721599,151.53327037096025,240.0761926174164,228.060004234314,187.7149960519746,57.34140165988356
4405555,True,A,Santa Cruz,1.3541918264294732,-121.821535,36.90448,76.26899035367573,1.360175147599809,,T20,unknown,0.0,0.0,0.0096910272488883,0.0,0.0,-13.106610456694437,-13.36032098834264,-0.2537105316482044,1.16879339486068,0.0336905712005472,0.8021890320373963,0.1055712290045556,0.1479056790358948,0.0423344500313391,8.0,14.0,False,79.23750667572023,134.08640003204346,120.10999941825868,76.7449983721599,151.53327037096025,240.0761926174164,218.81000065803528,187.7149960519746,57.34140165988356
4405525,True,A,Santa Cruz,2.3457741163150265,-121.772758,36.891812,6.008529018482925,0.710877027763755,,T20,unknown,0.0,0.0613240188486505,0.0,0.0016805615052558,0.0,-8.649512247704008,-7.628216377871582,1.021295869832426,1.1021981165659422,0.0,0.089465186015092,0.1384953185667978,0.1935753569811711,0.0550800384143733,6.0,14.0,False,79.23750667572023,97.8693985939026,105.5799994468689,65.42499778792262,151.53327037096025,183.5908932685852,188.13999593257904,177.3949949434027,40.155001658946276
4405528,False,B,Santa Cruz,0.3292303406462079,-121.809918,36.88798,,,2022-12-22,T20 > X,not a unit (sequence B/C),,,,,,,,,,,,,,,,,False,,,,,,,,,
4405530,False,B,Santa Cruz,0.0882192301667872,-121.810069,36.888253,,,2022-12-22,T20 > X,not a unit (sequence B/C),,,,,,,,,,,,,,,,,False,,,,,,,,,
4405505,False,B,Santa Cruz,15.819692004074495,-121.813976,36.875575,,,2022-10-18,T20 > X,not a unit (sequence B/C),,,,,,,,,,,,,,,,,False,,,,,,,,,
4405506,True,A,Santa Cruz,17.85067869515812,-121.812187,36.876826,2.4726286226566447,0.9987443331764208,,T20,not_flooded,0.0,0.8270265112082726,0.0116971336548068,0.0049544021642434,0.0,-12.758004447570151,-12.26241805984961,0.4955863877205431,0.710915956258436,0.0453492608786175,0.4794833090429594,0.2095076235540451,0.3973190492915607,0.1878114257375156,6.760462211118053,14.0,False,79.23750667572023,109.97149848937988,104.64000082015993,67.69999848026782,151.53327037096025,193.0911934375763,195.6199975013733,191.6849961988628,42.27150000911206
4405582,True,A,Santa Cruz,3.607538537407288,-121.642656,36.902807,33.81799840479906,0.4158311553627171,,T20,unknown,0.0,0.0,0.0,0.0,0.0,-9.334208559337627,-9.683028772972756,-0.3488202136351273,0.7914623402604839,0.0,0.0,0.5440350440732277,0.5419880585933129,-0.0020469854799147,2.008604371020478,7.114868353123382,False,79.23750667572023,107.36499500274658,105.69000124931335,66.27499858662486,151.53327037096025,222.33139514923096,185.1400020122528,167.63999602384865,41.08999641612172
4405583,True,A,Santa Cruz,2.372150975698368,-121.641399,36.900715,32.97330875707777,0.3578429259967087,,T20,unknown,0.0,0.0,0.0,0.0,0.0,-9.551503524058932,-8.731129974493145,0.8203735495657867,1.091742638874834,0.0,0.0,0.6752324330830063,0.625162720877558,-0.0500697122054483,3.0,7.811611219830397,False,79.23750667572023,107.36499500274658,105.69000124931335,66.27499858662486,151.53327037096025,222.33139514923096,185.1400020122528,167.63999602384865,41.08999641612172
4405567,False,B,Santa Cruz,9.158137182920743,-121.792294,36.885633,,,2022-10-17,T20 > T30,not a unit (sequence B/C),,,,,,,,,,,,,,,,,False,,,,,,,,,
4405552,True,A,Santa Cruz,14.31354578424247,-121.771916,36.888941,6.354018931923091,0.3917627480338567,,T20,not_flooded,0.0,0.5560566521932152,0.0,0.0407079358548179,0.0,-14.437484864853053,-13.509474854076595,0.928010010776454,0.2801386846409972,0.4039554751875954,0.8218195402423311,0.0667212943727296,0.1231090785792544,0.0563877842065247,6.0,14.0,False,79.23750667572023,97.8693985939026,105.5799994468689,65.42499778792262,151.53327037096025,183.5908932685852,188.13999593257904,177.3949949434027,40.155001658946276
4405531,True,A,Santa Cruz,0.269864282030318,-121.811074,36.888305,30.58870241557413,0.8000941441899335,,T20,not_flooded,0.0,1.0,0.0,0.0,0.0,-13.616358171463792,-13.548889704037991,0.0674684674257992,1.0439613748861944,0.0605710989327949,0.9281799826939716,0.5072783892165695,0.4617246851767728,-0.0455537040397967,7.99221228728007,14.0,False,79.23750667572023,97.8693985939026,110.84999990463255,67.69999848026782,151.53327037096025,183.5908932685852,204.6899991035461,191.6849961988628,43.15000142436473
4405534,True,A,Santa Cruz,20.506207551608316,-121.849872,36.930688,37.40123659783215,3.399519999778416,,T20,unknown,0.0,0.0,0.0028852028693625,0.0153877486366001,0.0,-10.882627861284032,-10.30532081492026,0.5773070463637726,0.5374481266384432,0.0,0.0002112043930513,0.5261295774410468,0.4915168342816218,-0.034612743159425,8.0,15.53736054852798,False,79.23750667572023,134.08640003204346,124.39999747276306,76.7449983721599,151.53327037096025,240.0761926174164,242.3099989891052,187.7149960519746,57.34140165988356
4405535,False,B,Santa Cruz,5.546954360196172,-121.845162,36.9297,,,2023-02-16,T20 > X,not a unit (sequence B/C),,,,,,,,,,,,,,,,,False,,,,,,,,,
4405536,False,B,Santa Cruz,5.796196854566242,-121.847761,36.932406,,,2023-02-16,T20 > X,not a unit (sequence B/C),,,,,,,,,,,,,,,,,False,,,,,,,,,
4405542,True,A,Santa Cruz,1.1666607711822714,-121.800652,36.913298,22.91044548651478,0.1274369650695292,,T20,not_flooded,0.0,0.9568729554709928,0.0,0.0,0.0,-6.713566373101468,-6.100180286627906,0.6133860864735619,1.2309527237094482,0.0,0.0,0.241296412850148,0.2423495359858569,0.0010531231357088,6.0,14.0,False,79.23750667572023,120.51449966430664,112.35999989509584,76.7449983721599,151.53327037096025,212.02269220352173,206.8700001239777,187.7149960519746,43.76950129214674
4405512,True,A,Santa Cruz,4.498426875641692,-121.798181,36.917585,33.166459585607576,0.3472675191387099,,T20,not_flooded,0.0,0.5380353424987526,0.0,0.0,0.0,-7.903275729686839,-7.936293050618115,-0.0330173209312762,0.6828789689055048,0.0,0.0271349174940206,0.3393971875484552,0.446393082439074,0.1069958948906187,6.0,14.0,False,79.23750667572023,120.51449966430664,115.53000116348268,76.7449983721599,151.53327037096025,212.02269220352173,212.82999968528748,187.7149960519746,43.76950129214674
4404614,False,B,Santa Cruz,25.964915148198987,-121.825282,36.899736,,,2022-10-19,T20 > X,not a unit (sequence B/C),,,,,,,,,,,,,,,,,False,,,,,,,,,
4400729,True,A,Santa Cruz,48.07761539619631,-121.855302,36.93418,38.53531593208267,3.67234853639166,,T20,unknown,0.0,0.0,0.0057404819753689,0.0476411764611295,0.0,-13.778988187882415,-13.242958817708129,0.5360293701742869,1.3663565553527075,0.1676317215496406,0.5926235610605579,0.3718711572841883,0.4531168446077214,0.0812456873235331,8.0,14.495487209337844,False,79.23750667572023,127.87199854850768,124.39999747276306,76.7449983721599,151.53327037096025,235.97699284553528,242.3099989891052,187.7149960519746,51.12700017634778
4404324,False,B,Santa Cruz,12.868702580447613,-121.726447,36.925991,,,2022-10-18,T20 > G6 > T30,not a unit (sequence B/C),,,,,,,,,,,,,,,,,False,,,,,,,,,
4404693,False,B,Santa Cruz,35.975335172472256,-121.821431,36.887171,,,2022-10-27,T20 > T30,not a unit (sequence B/C),,,,,,,,,,,,,,,,,False,,,,,,,,,
2700305,False,B,Monterey,2.2578091450741926,-121.546369,36.6254,,,2023-02-07,T20 > X,not a unit (sequence B/C),,,,,,,,,,,,,,,,,False,,,,,,,,,
2723788,True,A,Monterey,52.52761496303827,-121.608912,36.764152,71.37036420772141,0.4447486230814022,,T20,not_flooded,0.0,0.9580428450278382,0.0,0.0288809409682533,0.0,-12.94479617814173,-12.17646008609065,0.7683360920510793,0.9911796838902074,0.071507687769625,0.5650352125659085,0.2927659978415185,0.3900905683804462,0.0973245705389276,4.0,7.0,False,79.23750667572023,75.66589742898941,68.67999792098999,64.07499833405018,151.53327037096025,145.40639805793762,126.27999687194824,159.3199963029474,15.162508341670048
2723789,True,A,Monterey,18.59490155440471,-121.605612,36.77416,90.37891360396505,0.6215571510006358,,T20,unknown,0.0,0.032358885670827,0.0,0.0298918592294709,0.0,-12.657733277494044,-11.869903260423763,0.787830017070279,1.1408489625317966,0.0414352093013564,0.3615693955368492,0.158714863444399,0.2033152633683631,0.044600399923964,4.0,7.0,False,79.23750667572023,88.0411993265152,71.13000178337097,64.07499833405018,151.53327037096025,177.53199672698975,134.32999849319458,159.3199963029474,23.96620099246502
2716605,True,A,Monterey,10.31749207831361,-121.574266,36.69264,61.03761857251876,0.5963532408331741,,T20,not_flooded,0.0,0.8378626252602935,0.0186659449869571,0.0301451628665719,0.0033302511595739,-15.426021661252918,-14.821654362101787,0.6043672991511286,1.5285760892788236,0.663261240537351,0.9545792832818386,0.1614847582655235,0.3048051881561461,0.1433204298906225,3.0,7.0,False,79.23750667572023,73.9185996055603,60.17999970912933,64.07999862823635,151.53327037096025,145.1719937324524,96.47999954223631,150.48499644175172,19.057506966590893
2714956,True,A,Monterey,1.0060730338456063,-121.569613,36.648603,25.319869933637143,0.6879026529169164,,T20,not_flooded,0.0,1.0,0.0,0.0666205092699438,0.0,-14.11866944730575,-12.814145947055616,1.3045235002501343,1.3885012819285212,0.2500961612431726,0.3907223632587122,0.1419484272653098,0.2155699185583992,0.0736214912930894,3.9789983844911143,7.0,False,79.23750667572023,71.53239694237709,56.74000024795532,64.07999862823635,151.53327037096025,128.10999476909635,83.29999995231628,150.48499644175172,22.497506427764904
2722509,True,A,Monterey,13.955142315125682,-121.619097,36.721481,41.96200589108006,0.7740710378061193,,T20,not_flooded,0.0,1.0,0.0,0.0403055672758766,0.0,-12.012196210037272,-11.487213810747235,0.5249823992900353,0.8195595737846499,0.0009271390819657,0.4780429037773979,0.1997985978799038,0.3278146115482874,0.1280160136683835,2.0,7.062112766760673,False,79.23750667572023,68.79999887943268,61.14999997615814,64.07499833405018,151.53327037096025,115.69179797172546,105.53000164031982,159.3199963029474,18.087506699562084
2723792,True,A,Monterey,14.848797086649553,-121.61848,36.722859,43.09286596537186,0.7190234538477674,,T20,not_flooded,0.0,1.0,0.0053299054725588,0.0233784285139491,0.0,-11.591700410407656,-11.502795393932832,0.0889050164748237,0.7108421443599475,0.0013324763681397,0.5056930706003456,0.192698286894118,0.3212433616989771,0.128545074804859,2.0,7.0,False,79.23750667572023,68.79999887943268,61.14999997615814,64.07499833405018,151.53327037096025,115.69179797172546,105.53000164031982,159.3199963029474,18.087506699562084
2722698,True,A,Monterey,7.367147785676845,-121.617207,36.72405,43.39355381514596,0.6054682254293238,,T20,not_flooded,0.0,1.0,0.0070295810664337,0.023593294537342,0.0,-12.992753735017311,-12.497773105616394,0.4949806294009189,0.1648650427346307,0.0483862481189556,0.3453334315510328,0.1715876538072553,0.3044401445017292,0.1328524906944738,2.0,7.0,False,79.23750667572023,68.79999887943268,61.65000224113464,64.07499833405018,151.53327037096025,115.69179797172546,105.50000047683716,159.3199963029474,17.58750443458559
2722699,True,A,Monterey,7.880567189479526,-121.618814,36.724718,44.05622453149696,0.7487964232842741,,T20,not_flooded,0.0,1.0,0.0787174593179984,0.0903957025639007,0.0121308120658782,-14.19056947959181,-14.414706962585528,-0.2241374829937168,0.9098949604127746,0.2463843686664961,0.7454300387635033,0.2831592087419993,0.3583644289474323,0.075205220205433,2.0,7.0,False,79.23750667572023,68.79999887943268,61.14999997615814,64.07499833405018,151.53327037096025,115.69179797172546,105.53000164031982,159.3199963029474,18.087506699562084
2722700,True,A,Monterey,8.157877477398145,-121.616893,36.726421,45.76346157716589,0.5774433113206656,,T20,not_flooded,0.0,1.0,0.0,0.0813689009012438,0.0,-13.951237508780338,-13.958384450218134,-0.0071469414377958,0.930450209872749,0.1776601920496398,0.770073374763269,0.2764604930466199,0.3391604992145826,0.0627000061679626,2.0,7.0,False,79.23750667572023,68.79999887943268,61.65000224113464,64.07499833405018,151.53327037096025,115.69179797172546,105.50000047683716,159.3199963029474,17.58750443458559
2722702,True,A,Monterey,10.798782558048163,-121.614772,36.727274,46.89888522445428,0.3882643606330052,,T20,not_flooded,0.0,1.0,0.0073237980354988,0.0562496409902923,0.0036618990177494,-13.092038151684092,-12.48131784264138,0.610720309042712,0.4027049208043234,0.046412775001436,0.4886337526566722,0.2347572617327168,0.3290929219777135,0.0943356602449966,2.0,7.0,False,79.23750667572023,68.79999887943268,61.65000224113464,64.07499833405018,151.53327037096025,115.69179797172546,105.50000047683716,159.3199963029474,17.58750443458559
2725352,True,A,Monterey,68.43760414154099,-121.610817,36.724065,38.28304925870846,0.0355185008555873,,T20,not_flooded,0.0,1.0,0.0008666296602585,0.0391761920406013,0.0,-10.990359224122548,-10.244030185786078,0.7463290383364694,0.8951633119702098,0.0002888765534195,0.4733678474731796,0.3171440117299915,0.467718784082554,0.1505747723525624,2.038709458158214,6.912199653348133,False,79.23750667572023,68.79999887943268,61.65000224113464,64.07499833405018,151.53327037096025,115.69179797172546,105.50000047683716,159.3199963029474,17.58750443458559
2723730,True,A,Monterey,6.378588952142464,-121.610371,36.715953,40.59342190486978,0.1977555655931499,,T20,not_flooded,0.0,1.0,0.0,0.0,0.0,-11.761324987574454,-11.494317072173914,0.2670079154005407,0.7459831825048138,0.0031001531840396,0.3948257835485203,0.1416113581852149,0.1724021698055174,0.0307908116203024,2.0,9.0,False,79.23750667572023,68.79999887943268,60.4399995803833,64.07499833405018,151.53327037096025,115.69179797172546,101.09000015258788,159.3199963029474,18.797507095336925
2724430,True,A,Monterey,11.35481996460918,-121.576781,36.691261,57.65823843527191,0.6753935353589938,,T20,not_flooded,0.0,1.0,0.0207554775194539,0.0072077119101461,0.0,-14.56710026085544,-13.97660903686296,0.590491223992478,0.9619252351560874,0.385178758087326,0.8546706656373189,0.1446671959603795,0.2465668924149237,0.1018996964545441,3.0,7.013527269746056,False,79.23750667572023,73.9185996055603,59.56000077724457,64.07999862823635,151.53327037096025,145.1719937324524,93.0600004196167,150.48499644175172,19.67750589847566
2725354,True,A,Monterey,48.78148811305451,-121.616452,36.616475,20.750497829278256,0.5520048298379606,,T20,not_flooded,0.0,1.0,0.0,0.0145656328722129,0.0,-11.158027742846464,-10.987271561101585,0.1707561817448795,0.1713348419576075,0.0,0.1146393124091935,0.0797872675424817,0.1868910565262954,0.1071037889838136,3.07516744987643,8.0,False,79.23750667572023,70.22369799017906,55.2400004863739,69.01499871443957,151.53327037096025,129.16409540176392,85.99000000953674,159.37999580148607,23.997506189346325
2701235,False,B,Monterey,12.501299284500856,-121.601878,36.600522,,,2022-10-18,T20 > G6 > T30 > T4,not a unit (sequence B/C),,,,,,,,,,,,,,,,,False,,,,,,,,,
2701301,True,A,Monterey,14.215357471060246,-121.5619,36.635977,27.562924039029948,0.7276745321000956,,T20,not_flooded,0.0,1.0,0.0141610712588165,0.0946202133994766,0.0055726437824046,-13.60537604695518,-13.769287545143236,-0.1639114981880585,0.7147352898188402,0.2080672213814693,0.6034626878718514,0.139479532562537,0.2223362304405857,0.0828566978780487,4.0,7.0,False,79.23750667572023,73.45779949426651,57.49999928474426,64.07999862823635,151.53327037096025,149.02059602737427,82.84000062942505,150.48499644175172,21.737507390975964
2725357,True,A,Monterey,53.41656239714164,-121.540393,36.633398,44.91847272008773,1.6297389203027532,,T20,not_flooded,0.0,1.0,0.0202939565588167,0.0503680631322339,0.0010561748456052,-15.523201978996154,-15.400468290301474,0.1227336886946801,0.7906874007743241,0.6840439147912419,0.9446837504521792,0.1235203867279405,0.1992609779062474,0.0757405911783069,4.068151606853078,8.87841640601279,False,79.23750667572023,73.45779949426651,61.70000004768372,64.07999862823635,151.53327037096025,149.02059602737427,103.01999950408936,150.48499644175172,17.537506628036503
2701531,True,A,Monterey,22.13205286457732,-121.570667,36.624402,24.230483837044037,0.0532519247779595,,T20,not_flooded,0.0,1.0,0.011435141852549,0.0595349522016679,0.0,-11.84282474909938,-12.144256789803334,-0.3014320407039541,-0.0783009253100175,0.0008834015165059,0.4632284118754404,0.117707618516624,0.1770441732473854,0.0593365547307613,4.0,7.0,False,79.23750667572023,72.10789903998375,57.50000095367432,64.07999862823635,151.53327037096025,133.1843979358673,91.26000118255617,150.48499644175172,21.737505722045903
2701578,True,A,Monterey,8.764594230133667,-121.570874,36.642747,25.508866107991413,0.3517926834926482,,T20,not_flooded,0.0,1.0,0.0265641879327749,0.079887367843165,0.0003276249845042,-13.24323090262744,-13.048132824755154,0.1950980778722861,0.9304935824070206,0.089441620769653,0.4328457329059452,0.0834962523637164,0.1677986953032074,0.084302442939491,3.0778330706430306,8.290753891653535,False,79.23750667572023,72.10789903998375,56.74000024795532,64.07999862823635,151.53327037096025,133.1843979358673,83.29999995231628,150.48499644175172,22.497506427764904
2721817,False,B,Monterey,14.909703074187563,-121.536407,36.624882,,,2022-10-18,T20 > T30 > T30,not a unit (sequence B/C),,,,,,,,,,,,,,,,,False,,,,,,,,,
2700885,True,A,Monterey,25.025493996405192,-121.536605,36.633501,47.926871311055294,1.6395637670841074,,T20,not_flooded,0.0,1.0,0.0039547408775551,0.0285337348088593,0.0,-16.241882998873976,-15.41617237231189,0.8257106265620866,1.4703086954535447,0.8517561967437024,0.9803908177994382,0.2714170245541515,0.4229016819371163,0.1514846573829647,4.026736407518354,9.0,False,79.23750667572023,73.45779949426651,61.70000004768372,64.07999862823635,151.53327037096025,149.02059602737427,103.01999950408936,150.48499644175172,17.537506628036503
2721818,False,B,Monterey,5.327039408819175,-121.490423,36.61033,,,2022-11-20,T20 > X,not a unit (sequence B/C),,,,,,,,,,,,,,,,,False,,,,,,,,,
2716341,True,A,Monterey,19.72448774752044,-121.480014,36.612769,93.08856944189694,1.6624193467499842,,T20,not_flooded,0.0,1.0,0.012614868536061,0.0327025899065302,0.0004527808619372,-15.642637031494806,-15.436112250939267,0.2065247805555365,0.8212543753190342,0.6608631971840961,0.9784476309717856,0.0524637696507423,0.1165502021050929,0.0640864324543505,4.0,8.774322206735809,False,67.2694429397583,73.37579786777496,72.94000101089478,63.6199984382838,130.8699892103672,157.26659512519836,161.6699981689453,143.3249965114519,9.755799429491162
2700807,False,B,Monterey,13.312994015516136,-121.629794,36.614533,,,2022-10-03,T20 > T30,not a unit (sequence B/C),,,,,,,,,,,,,,,,,False,,,,,,,,,
2700718,True,A,Monterey,18.70830797808416,-121.585647,36.624443,22.408851788847628,0.1998221779294055,,T20,not_flooded,0.0,1.0,0.0042369889132123,0.1181455281074367,0.0031777416849092,-12.838604051040122,-13.023346514286684,-0.184742463246561,0.7676195486514654,0.0264811807075771,0.6592173201460515,0.5430190624717469,0.5569201108111821,0.0139010483394351,3.992431574706007,7.0,False,79.23750667572023,72.10789903998375,56.949999928474426,64.07999862823635,151.53327037096025,133.1843979358673,88.60999917984009,150.48499644175172,22.2875067472458
2700554,False,B,Monterey,11.91838542082607,-121.557694,36.63464,,,2022-10-11,T20 > T4 > T30,not a unit (sequence B/C),,,,,,,,,,,,,,,,,False,,,,,,,,,
2700533,True,A,Monterey,5.20918731216585,-121.536296,36.627941,48.5652584250003,1.02162034753938,,T20,not_flooded,0.0,1.0,0.0072899118949298,0.0348246097884583,0.0,-13.331071113888632,-13.137995089615131,0.1930760242735019,0.9028552148133536,0.0676217594179996,0.238226568672759,0.3605486295170863,0.3795603184256685,0.0190116889085821,4.396860418312736,8.0,False,79.23750667572023,73.45779949426651,63.13999938964844,64.07999862823635,151.53327037096025,149.02059602737427,112.42000102996826,150.48499644175172,16.09750728607179
2700486,False,B,Monterey,9.407719945995204,-121.537608,36.627929,,,2023-01-06,T20 > X,not a unit (sequence B/C),,,,,,,,,,,,,,,,,False,,,,,,,,,
2700107,True,A,Monterey,14.346757199198969,-121.559728,36.635114,28.86710299692187,0.9263149442205948,,T20,not_flooded,0.0,1.0,0.0121387439509043,0.0587634161507475,0.0,-14.14987939733596,-13.901334142664291,0.2485452546716668,0.9683191613832154,0.2664738165400524,0.6320798075103409,0.136506813670546,0.2375647770323639,0.1010579633618179,4.0,7.0,False,79.23750667572023,73.45779949426651,58.72000074386597,64.07999862823635,151.53327037096025,149.02059602737427,98.2000012397766,150.48499644175172,20.51750593185426
2715691,False,B,Monterey,8.044524644531826,-121.538918,36.628049,,,2022-10-26,T20 > X,not a unit (sequence B/C),,,,,,,,,,,,,,,,,False,,,,,,,,,
2715531,True,A,Monterey,5.208466822843537,-121.54349,36.623163,41.6989944427666,0.6021225726556718,,T20,not_flooded,0.0,1.0,0.0,0.0666547507335746,0.0,-15.213281541945806,-14.774969349099369,0.4383121928464373,1.441959948277196,0.5535546717905179,0.8193246644920087,0.1390561252572285,0.1928470481800746,0.053790922922846,4.0,7.0,False,79.23750667572023,73.45779949426651,61.53999853134155,64.07999862823635,151.53327037096025,149.02059602737427,105.86999893188477,150.48499644175172,17.697508144378673
2715519,True,A,Monterey,21.95826835470403,-121.60826,36.62116,17.197367284548847,0.3225861435366113,,T20,not_flooded,0.0,1.0,1.4144221555086437e-05,0.0053288354708788,1.4144221555086437e-05,-12.259017768822366,-10.6936383561474,1.5653794126749665,2.1483759022374063,0.0009016941241367,0.5452455967270271,0.1132320468361133,0.1589727293850004,0.045740682548887,4.0,7.000739035576253,False,79.23750667572023,70.22369799017906,55.47000074386597,69.01499871443957,151.53327037096025,129.16409540176392,84.91000032424927,159.37999580148607,23.76750593185426
2725362,True,A,Monterey,33.286025226099355,-121.612811,36.607577,16.0296123783795,0.0741653429484269,,T20,unknown,0.1688478041246013,1.0,0.5074930179491784,0.4678359025569356,0.3669863905422083,-12.54382750936191,-16.90815126345964,-4.364323754097731,-0.0414642013845067,0.0068992228166654,0.1934792195035453,0.3906182891726927,0.2399613032188399,-0.1506569859538528,3.189676130835582,7.630778419921653,True,79.23750667572023,70.22369799017906,55.44999980926514,69.01499871443957,151.53327037096025,129.16409540176392,86.16999959945679,159.37999580148607,23.78750686645509
2725363,True,A,Monterey,23.566064051707603,-121.618351,36.61429,20.689293112415363,0.5321128507155596,,T20,not_flooded,0.0,1.0,0.0016798916963941,0.0336439486019019,0.0,-11.55309989009299,-11.715099933767409,-0.162000043674416,-0.1176870126373135,0.0044632416639491,0.2293118043683773,0.0814405658593872,0.136426828435031,0.0549862625756437,3.0,8.0,False,79.23750667572023,70.22369799017906,55.44999980926514,69.01499871443957,151.53327037096025,129.16409540176392,86.16999959945679,159.37999580148607,23.78750686645509
2715257,True,A,Monterey,1.584494515469967,-121.535088,36.627856,49.52088761174674,1.012171889463328,,T20,not_flooded,0.0,1.0,0.0,0.0489223400615805,0.0,-14.008449697564414,-12.428815132202493,1.579634565361923,0.8838015185523123,0.2178779140804456,0.1369923268657445,0.2876383529150423,0.3196344109707538,0.0319960580557115,5.0,8.0,False,79.23750667572023,73.45779949426651,63.13999938964844,64.07999862823635,151.53327037096025,149.02059602737427,112.42000102996826,150.48499644175172,16.09750728607179
2714822,False,B,Monterey,4.338953542374274,-121.545231,36.622209,,,2023-01-06,T20 > X,not a unit (sequence B/C),,,,,,,,,,,,,,,,,False,,,,,,,,,
2725365,True,A,Monterey,44.046592310960136,-121.532175,36.636981,51.075462069481766,2.026334314402562,,T20,not_flooded,0.0,1.0,0.0086149324320752,0.0387275485768357,1.0572631334107485e-05,-16.573562140143686,-15.642623170543288,0.9309389696003976,1.3554903068757866,0.9033626253958132,0.991319869674698,0.2821078216014375,0.3939982901166977,0.1118904685152601,4.0,9.0,False,79.23750667572023,73.45779949426651,61.70000004768372,64.07999862823635,151.53327037096025,149.02059602737427,103.01999950408936,150.48499644175172,17.537506628036503
2714323,False,B,Monterey,10.691622834863194,-121.630447,36.612064,,,2022-10-18,T20 > T30,not a unit (sequence B/C),,,,,,,,,,,,,,,,,False,,,,,,,,,
2723810,False,B,Monterey,22.572332204382963,-121.625355,36.616239,,,2022-10-18,T20 > T30 > T30,not a unit (sequence B/C),,,,,,,,,,,,,,,,,False,,,,,,,,,
2716527,True,A,Monterey,14.983628790326062,-121.559124,36.64551,30.562721839291303,0.2575586665953563,,T20,not_flooded,0.0,0.9629921423092074,0.0079302552194555,0.0105114755457881,0.0,-13.814111378633877,-13.674391181478438,0.1397201971554373,1.192280490835305,0.1839922874380612,0.8632575207845253,0.1199804297611394,0.1859052021869238,0.0659247724257843,3.119860883627394,7.0,False,79.23750667572023,73.45779949426651,57.49999928474426,64.07999862823635,151.53327037096025,149.02059602737427,82.84000062942505,150.48499644175172,21.737507390975964
2713245,True,A,Monterey,5.9883457924854335,-121.547025,36.621,37.88778312179375,0.6748375320096416,,T20,not_flooded,0.0,1.0,0.0,0.0655205422746559,0.0,-14.167431151022656,-13.38005035829126,0.7873807927313958,0.6744656693058122,0.2910586774293698,0.8503182241539896,0.1453051257612147,0.192447141282053,0.0471420155208383,4.0,7.179033426472111,False,79.23750667572023,73.45779949426651,61.53999853134155,64.07999862823635,151.53327037096025,149.02059602737427,105.86999893188477,150.48499644175172,17.697508144378673
2713144,False,B,Monterey,5.113193173646741,-121.544284,36.622625,,,2023-01-06,T20 > X,not a unit (sequence B/C),,,,,,,,,,,,,,,,,False,,,,,,,,,
2723811,True,A,Monterey,21.05014393263398,-121.485614,36.609873,83.7895587019714,1.4766469089346477,,T20,not_flooded,0.0,1.0,0.0164223414652136,0.4298095185410559,0.0107576847190721,-10.92189136090693,-11.493227148062816,-0.5713357871558848,-0.3434282168444138,0.0,0.1223469971049768,0.1853932267324019,0.1926042791620227,0.0072110524296208,4.0,8.867459571094024,False,67.2694429397583,73.37579786777496,71.41000032424927,63.6199984382838,130.8699892103672,157.26659512519836,156.5299997329712,143.3249965114519,9.755799429491162
2713020,True,A,Monterey,10.91225032333853,-121.540616,36.625066,44.389192574886266,0.7081554526318328,,T20,not_flooded,0.0,1.0,0.0034974748374137,0.0350673495409119,0.0,-14.032735420040424,-13.731052065816897,0.3016833542235275,0.5867091233126356,0.2673894306452876,0.8076460071089203,0.0979729414764131,0.1640123632867546,0.0660394218103414,4.416171012985534,7.374023235769692,False,79.23750667572023,73.45779949426651,61.53999853134155,64.07999862823635,151.53327037096025,149.02059602737427,105.86999893188477,150.48499644175172,17.697508144378673
2712849,True,A,Monterey,4.145708591559472,-121.601801,36.596976,19.4983983673356,0.0457402227188139,,T20,not_flooded,0.0,1.0,0.0115761520047875,0.0156530520646319,0.0,-12.31344939905896,-12.13003122112293,0.1834181779360282,0.1778408085553522,0.0,0.0962559844404548,0.0873259376827989,0.1452489304268495,0.0579229927440506,4.0,8.0,False,79.23750667572023,67.11589819192886,58.60999870300293,78.58999841380864,151.53327037096025,150.39239692687988,106.14999985694884,154.49499620776623,20.627507972717297
2712741,True,A,Monterey,14.880713688985448,-121.53825,36.620073,44.66657093238999,0.1471721231155449,,T20,not_flooded,0.0,1.0,0.0,0.0514376663361686,0.0,-12.8368081268229,-12.276820809216575,0.559987317606323,0.7685064726132556,0.069576788603037,0.6921202316964984,0.1521724245709429,0.2827572470187847,0.1305848224478417,4.0,7.612597192506394,False,79.23750667572023,73.45779949426651,61.53999853134155,64.07999862823635,151.53327037096025,149.02059602737427,105.86999893188477,150.48499644175172,17.697508144378673
2725373,True,A,Monterey,40.39101273431281,-121.621637,36.610954,20.0530383051418,0.5227900087977295,,T20,not_flooded,0.0,1.0,0.0031516018559646,0.0718119114782531,1.922880937135254e-06,-11.80851179630779,-11.871827196605956,-0.0633154002981655,0.055481352260033,0.0020978631024145,0.3246822919971619,0.078799676121896,0.1536897097668527,0.0748900336449567,3.010212420657125,7.5749202485131315,False,79.23750667572023,70.22369799017906,54.95999932289124,69.01499871443957,151.53327037096025,129.16409540176392,86.64999961853027,159.37999580148607,24.277507352828984
2712255,True,A,Monterey,15.147698806533782,-121.540343,36.622005,43.761879224934354,0.3682366015990009,,T20,not_flooded,0.0,1.0,0.0172259244272111,0.0309994929032059,0.0003585532887019,-12.382747387339071,-12.582871358870856,-0.2001239715317844,0.4657278981974677,0.0069610559906571,0.6621762135748275,0.293344702923286,0.3840029214354571,0.090658218512171,4.0,7.0,False,79.23750667572023,73.45779949426651,61.53999853134155,64.07999862823635,151.53327037096025,149.02059602737427,105.86999893188477,150.48499644175172,17.697508144378673
2712160,False,B,Monterey,6.745330890776858,-121.553696,36.633766,,,2022-10-10,T20 > T30,not a unit (sequence B/C),,,,,,,,,,,,,,,,,False,,,,,,,,,
2712120,False,B,Monterey,5.3250458243452,-121.541843,36.624227,,,2022-12-22,T20 > X,not a unit (sequence B/C),,,,,,,,,,,,,,,,,False,,,,,,,,,
2725376,True,A,Monterey,20.36883443920953,-121.556013,36.616318,28.577415128066328,0.6560940651656594,,T20,not_flooded,0.0,1.0,0.0177690593635134,0.0360675719427886,0.0003199573390214,-14.22141468800384,-14.005142504236977,0.2162721837668648,0.4810978109729618,0.3270649627668691,0.8752166377816292,0.0734668077337284,0.1571054925707572,0.0836386848370288,4.0,7.250275201401715,False,79.23750667572023,73.45779949426651,60.00999903678894,64.07999862823635,151.53327037096025,149.02059602737427,109.8899998664856,150.48499644175172,19.227507638931286
2723813,False,B,Monterey,19.13284303298316,-121.60425,36.612363,,,2022-10-10,T20 > G6 > T30,not a unit (sequence B/C),,,,,,,,,,,,,,,,,False,,,,,,,,,
2725377,True,A,Monterey,45.69057442692821,-121.607417,36.610522,16.750626327312865,0.4748003185920584,,T20,not_flooded,0.0004335024276135,1.0,0.1292823239810142,0.1011454664146118,0.0602568374382896,-13.153230911382671,-12.980203742685545,0.1730271686971267,0.7742214268402119,0.058102925376382,0.3501084606073792,0.4606064045300055,0.3758788695799939,-0.0847275349500115,3.992423057569122,8.0,False,79.23750667572023,70.22369799017906,55.44999980926514,69.01499871443957,151.53327037096025,129.16409540176392,86.16999959945679,159.37999580148607,23.78750686645509
2725378,True,A,Monterey,6.402311325601845,-121.540055,36.626555,45.14537729675669,0.8686204920623226,,T20,not_flooded,0.0,1.0,0.0278598411468423,0.1093447307245253,0.0175682874854707,-13.904261027520446,-14.097351430157172,-0.1930904026367255,0.771341895609222,0.2311725106547851,0.9024239635800078,0.1034421740142727,0.1800953245390509,0.0766531505247781,4.51214403332042,8.0,False,79.23750667572023,73.45779949426651,61.53999853134155,64.07999862823635,151.53327037096025,149.02059602737427,105.86999893188477,150.48499644175172,17.697508144378673
2725380,True,A,Monterey,17.633327237758106,-121.557421,36.646998,30.90222387098602,0.2864379410722941,,T20,not_flooded,0.0,1.0,0.0033689309699438,0.0610018716283166,0.0,-15.73607652171506,-15.364923801467995,0.3711527202470659,0.6735890409514358,0.7660156336012329,0.9966310690300562,0.1088910485627229,0.1848980327882549,0.076006984225532,3.713099196300781,7.0,False,79.23750667572023,76.20259749889374,57.86999934911728,64.07999862823635,151.53327037096025,152.93039798736572,81.25,150.48499644175172,21.367507326602947
2711350,True,A,Monterey,13.88493805739681,-121.561113,36.632478,28.231430793637823,0.6123088196987738,,T20,not_flooded,0.0,1.0,0.0164814918206688,0.0932555412874769,0.0,-16.2331357359014,-15.766911234552826,0.4662245013485737,1.1418805371849832,0.8300429903411316,0.9886103511808386,0.1377774963129286,0.2240156388120211,0.0862381424990924,4.0,7.008542236614373,False,79.23750667572023,73.45779949426651,58.72000074386597,64.07999862823635,151.53327037096025,149.02059602737427,98.2000012397766,150.48499644175172,20.51750593185426
2710853,True,A,Monterey,15.431180584395124,-121.536243,36.621425,46.72952916784537,0.2974284807572194,,T20,not_flooded,0.0,1.0,0.0051324628273831,0.0382066571061967,0.0,-12.389230023246718,-12.484762476228475,-0.0955324529817591,0.3699814035137212,0.0098070294613429,0.6029234910810878,0.1381687545734678,0.2557635960902653,0.1175948415167974,4.490819432913175,7.974941505019245,False,79.23750667572023,73.45779949426651,63.13999938964844,64.07999862823635,151.53327037096025,149.02059602737427,112.42000102996826,150.48499644175172,16.09750728607179
2723814,False,B,Monterey,12.256548177344552,-121.587326,36.623497,,,2022-10-27,T20 > T30,not a unit (sequence B/C),,,,,,,,,,,,,,,,,False,,,,,,,,,
2725384,True,A,Monterey,23.11902295283169,-121.619835,36.612897,20.418095242620225,0.5384601652164706,,T20,not_flooded,0.0,1.0,0.0025703831382866,0.1221083189694275,0.0,-11.544061502651006,-11.89781540662636,-0.3537539039753525,-0.0861938497640295,0.0054095645132567,0.2568232752393145,0.0786727538126496,0.1352706994773508,0.0565979456647012,3.0,8.0,False,79.23750667572023,70.22369799017906,54.95999932289124,69.01499871443957,151.53327037096025,129.16409540176392,86.64999961853027,159.37999580148607,24.277507352828984
2710485,True,A,Monterey,4.092072747181563,-121.545049,36.624745,40.918712842779584,0.8261861172205173,,T20,not_flooded,0.0,1.0,0.0145180574269827,0.0433454158996451,0.0,-15.24164479808938,-15.254158486439684,-0.0125136883503067,1.2730465994588318,0.5963220921184978,0.994382555557664,0.1205355624610486,0.2007438001802048,0.0802082377191562,4.006015979352096,7.0,False,79.23750667572023,73.45779949426651,61.53999853134155,64.07999862823635,151.53327037096025,149.02059602737427,105.86999893188477,150.48499644175172,17.697508144378673
2721845,False,B,Monterey,16.196410229729654,-121.563267,36.633178,,,2022-10-18,T20 > T30,not a unit (sequence B/C),,,,,,,,,,,,,,,,,False,,,,,,,,,
2721846,True,A,Monterey,12.388411645300213,-121.572123,36.625892,24.08793736023221,0.1518665360817639,,T20,not_flooded,0.0,1.0,0.0034636318654131,0.0692914273545493,0.0,-12.078753951198298,-11.954962627847856,0.1237913233504421,0.4331887994811065,0.0079857696716126,0.4909651194107441,0.1266481615383876,0.1983877654429056,0.071739603904518,4.0,7.0,False,79.23750667572023,72.10789903998375,57.50000095367432,64.07999862823635,151.53327037096025,133.1843979358673,91.26000118255617,150.48499644175172,21.737505722045903
2708952,True,A,Monterey,4.079950704691218,-121.546042,36.621663,39.09806688213112,0.6526156371604867,,T20,not_flooded,0.0,1.0,0.0,0.2289117591004384,0.0,-14.82676393010631,-14.33274234263644,0.4940215874698701,1.0423044129214052,0.4457785401181627,0.9431865828092242,0.1476496665247035,0.215128892287257,0.0674792257625534,4.0,7.0,False,79.23750667572023,73.45779949426651,61.53999853134155,64.07999862823635,151.53327037096025,149.02059602737427,105.86999893188477,150.48499644175172,17.697508144378673
2723815,False,B,Monterey,25.019012660504632,-121.629857,36.609712,,,2022-10-11,T20 > T30 > T30,not a unit (sequence B/C),,,,,,,,,,,,,,,,,False,,,,,,,,,
2717411,False,B,Monterey,6.896622383420614,-121.622492,36.614029,,,2022-10-11,T20 > T30 > T30,not a unit (sequence B/C),,,,,,,,,,,,,,,,,False,,,,,,,,,
2717412,False,B,Monterey,5.082589717133994,-121.621311,36.615783,,,2022-10-11,T20 > T30 > T30,not a unit (sequence B/C),,,,,,,,,,,,,,,,,False,,,,,,,,,
2716794,True,A,Monterey,5.395015405461483,-121.491978,36.609627,78.54200459102053,1.1441438681197675,,T20,not_flooded,0.0,1.0,0.0,0.0052994628533575,0.0,-9.609843215708848,-9.522691574011736,0.0871516416971118,0.4513680844460204,0.0,0.0566956121023603,0.204751706464031,0.2725973633730876,0.0678456569090566,4.0,8.0,False,67.2694429397583,73.37579786777496,71.41000032424927,63.6199984382838,130.8699892103672,157.26659512519836,156.5299997329712,143.3249965114519,9.755799429491162
2701089,True,A,Monterey,22.889554214125425,-121.604446,36.624827,21.85959637072044,0.6206424070012811,,T20,not_flooded,0.0,1.0,0.0017288721651581,0.0568426048340621,0.0,-13.574112609929042,-12.851974227985332,0.7221383819437097,1.0113721865432357,0.1274924573714363,0.5063086884301164,0.1191480158133977,0.2795963230018976,0.1604483071884999,4.0,7.0,False,79.23750667572023,72.10789903998375,55.47000074386597,69.01499871443957,151.53327037096025,133.1843979358673,84.91000032424927,159.37999580148607,23.76750593185426
2717046,True,A,Monterey,8.83775229184493,-121.478313,36.61117,94.60665338007072,1.8789259457253071,,T20,not_flooded,0.0,1.0,0.0,0.0889033380488362,0.0,-13.387483216010054,-13.417244889458953,-0.029761673448899,0.3779300569694985,0.1384424781871381,0.7136693934574595,0.0555371390940657,0.1061099837109953,0.0505728446169295,4.0,8.653498405222786,False,67.2694429397583,75.53979963064194,72.94000101089478,63.6199984382838,130.8699892103672,161.07969284057617,161.6699981689453,143.3249965114519,11.919801192358136
2701260,False,B,Monterey,4.730072789222773,-121.547624,36.623928,,,2023-02-23,T20 > T4,not a unit (sequence B/C),,,,,,,,,,,,,,,,,False,,,,,,,,,
2701633,True,A,Monterey,2.41762292348018,-121.599903,36.596488,19.27929668172476,0.0523627574724573,,T20,not_flooded,0.0,1.0,0.0080681308830121,0.0,0.0,-11.113710617946294,-11.477762437089318,-0.3640518191430235,0.0925514384542367,0.0,0.1898572068899275,0.1180574839516425,0.1921278993344652,0.0740704153828227,4.0,8.0,False,79.23750667572023,67.11589819192886,58.85999917984009,66.52499847486615,151.53327037096025,150.39239692687988,111.33999991416933,151.56499641668051,20.37750749588014
2721870,True,A,Monterey,10.992647827074634,-121.557976,36.62983,30.73252900776806,0.5065063095848916,,T20,not_flooded,0.0,1.0,0.0126111868645834,0.0377629096869458,0.0,-14.19225905388879,-13.735221666750654,0.4570373871381363,1.2112682746542145,0.2549649924756784,0.9881801032916256,0.1311348975645402,0.2576735167320517,0.1265386191675115,4.0,7.0,False,79.23750667572023,73.45779949426651,58.72000074386597,64.07999862823635,151.53327037096025,149.02059602737427,98.2000012397766,150.48499644175172,20.51750593185426
2715205,False,B,Monterey,4.284299140310866,-121.54587,36.624216,,,2022-12-22,T20 > X,not a unit (sequence B/C),,,,,,,,,,,,,,,,,False,,,,,,,,,
2714531,True,A,Monterey,3.797792228930242,-121.600381,36.59573,21.66246492689224,0.0337247545837097,,T20,not_flooded,0.0,1.0,0.0041467500102136,0.0023899987743596,0.0,-13.397331031195977,-12.318484260401332,1.0788467707946428,0.7204978088382177,0.0294153695305797,0.6904645177105038,0.1117548405333915,0.1984489716008977,0.0866941310675061,4.0,8.0,False,79.23750667572023,67.11589819192886,58.85999917984009,66.52499847486615,151.53327037096025,150.39239692687988,111.33999991416933,151.56499641668051,20.37750749588014
2714517,True,A,Monterey,18.22002509721355,-121.606503,36.626067,21.59449757330395,0.8136688257187267,,T20,not_flooded,0.0,1.0,0.0054319346634117,0.0104378352355755,0.0,-13.406001808826971,-13.023371902082522,0.3826299067444516,0.81456157335192,0.0880356846154829,0.7423303212723084,0.1246690411846482,0.2542862601651782,0.12961721898053,4.0,7.0,False,79.23750667572023,70.22369799017906,55.63999938964844,69.01499871443957,151.53327037096025,129.16409540176392,85.37999987602234,159.37999580148607,23.59750728607179
2717160,False,B,Monterey,9.957227197266706,-121.481755,36.610839,,,2022-10-11,T20 > T30 > T30,not a unit (sequence B/C),,,,,,,,,,,,,,,,,False,,,,,,,,,
2721888,True,A,Monterey,13.261559298622863,-121.583503,36.632605,20.414722361924127,0.1503640764913181,,T20,not_flooded,0.0,1.0,0.0074688067482865,0.0596860172221896,0.0,-12.192412849062933,-12.370115302000835,-0.1777024529379041,0.9245998396087014,0.0009841251244801,0.1366938082127584,0.0910501207052791,0.2102717001233116,0.1192215794180324,3.633612559311113,7.0,False,79.23750667572023,72.10789903998375,56.23999857902527,64.07999862823635,151.53327037096025,133.1843979358673,83.27999925613403,150.48499644175172,22.997508096694958
2721889,True,A,Monterey,18.759384769524026,-121.58497,36.630669,21.24751441259945,0.0398832993841891,,T20,not_flooded,0.0,1.0,0.0031687253025821,0.0733445999121869,0.0,-11.63224031861275,-11.842324487333793,-0.2100841687210426,1.2558770573497746,0.0,0.1143019277447788,0.1550669714702856,0.2642548517598888,0.1091878802896031,3.1211861387943096,7.0,False,79.23750667572023,72.10789903998375,56.23999857902527,64.07999862823635,151.53327037096025,133.1843979358673,83.27999925613403,150.48499644175172,22.997508096694958
2725392,True,A,Monterey,25.41117454501396,-121.556425,36.628605,31.623057695336463,0.5684133490204559,,T20,not_flooded,0.0,1.0,0.0091089653486524,0.0508892012467151,0.000779196968771,-16.49984899305498,-15.979444058659992,0.5204049343949855,0.9555354089030352,0.9240909368697672,0.9738648169651042,0.0988737857068385,0.1775029864348665,0.078629200728028,4.0,7.0,False,79.23750667572023,73.45779949426651,60.00999903678894,64.07999862823635,151.53327037096025,149.02059602737427,109.8899998664856,150.48499644175172,19.227507638931286
2723821,True,A,Monterey,12.135535049185982,-121.620172,36.593633,49.17727448297083,1.4022475408063946,,T20,not_flooded,0.0,1.0,0.0032636449154332,0.0266019057126584,0.0,-12.481678655460678,-11.755993577150257,0.7256850783104234,0.8092954777206227,0.0191403175334523,0.0917596165537189,0.3016023509920471,0.4287753078297677,0.1271729568377205,4.0,7.031030223911638,False,79.23750667572023,74.06409856304526,56.10999941825867,78.58999841380864,151.53327037096025,166.3989942073822,90.0700011253357,154.49499620776623,23.12750725746156
2724509,True,A,Monterey,11.283636264747567,-121.600792,36.598463,18.904075070413757,0.1154935402169168,,T20,not_flooded,0.0,1.0,0.0262910023444643,0.0652118612022083,0.0014988071420222,-13.470931670300931,-13.236990832592396,0.2339408377085359,0.433536571828057,0.1019601372302318,0.597061512970182,0.1189122115168233,0.1968501383012042,0.0779379267843809,4.0,8.0,False,79.23750667572023,67.11589819192886,56.53000020980835,78.58999841380864,151.53327037096025,150.39239692687988,91.989999294281,154.49499620776623,22.707506465911877
2721920,True,A,Monterey,16.578985355467292,-121.55447,36.625945,32.40635138701721,0.7283228602629166,,T20,not_flooded,0.0,1.0,0.0023860542148945,0.0756847039889212,0.0,-14.3132848603268,-13.811767160216313,0.5015177001104885,1.3039066296709017,0.3075483526868841,0.8795837972883194,0.1304342447449193,0.203868003557997,0.0734337588130776,4.0,7.0,False,79.23750667572023,73.45779949426651,60.00999903678894,64.07999862823635,151.53327037096025,149.02059602737427,109.8899998664856,150.48499644175172,19.227507638931286
2721921,False,B,Monterey,15.42885341203064,-121.533935,36.626442,,,2022-10-10,T20 > T30 > T30,not a unit (sequence B/C),,,,,,,,,,,,,,,,,False,,,,,,,,,
2723822,False,B,Monterey,9.573629561578336,-121.538134,36.651992,,,2022-10-11,T20 > T18,not a unit (sequence B/C),,,,,,,,,,,,,,,,,False,,,,,,,,,
2721926,False,B,Monterey,35.987983449427425,-121.540323,36.637954,,,2022-10-03,T20 > T30 > T30,not a unit (sequence B/C),,,,,,,,,,,,,,,,,False,,,,,,,,,
2721927,False,B,Monterey,9.431325306931887,-121.536199,36.635381,,,2022-11-12,T20 > T30 > T30,not a unit (sequence B/C),,,,,,,,,,,,,,,,,False,,,,,,,,,
2721928,False,B,Monterey,36.336039145866536,-121.536188,36.637741,,,2022-11-12,T20 > T30 > T30,not a unit (sequence B/C),,,,,,,,,,,,,,,,,False,,,,,,,,,
2721930,False,B,Monterey,13.757633966014351,-121.529757,36.648271,,,2022-11-20,T20 > T18,not a unit (sequence B/C),,,,,,,,,,,,,,,,,False,,,,,,,,,
2713637,True,A,Monterey,9.991305835215153,-121.563051,36.639557,27.693618163338076,0.3984140583897725,,T20,not_flooded,0.0,0.9749542748180724,0.0030665058177997,0.0236914814958944,0.0004124995135618,-15.014513143577998,-14.179577103358367,0.8349360402196311,1.5931027291055688,0.5486321360470094,0.8765848153480952,0.1289844779486822,0.2516520664163724,0.1226675884676901,4.0,7.0,False,79.23750667572023,73.45779949426651,57.49999928474426,64.07999862823635,151.53327037096025,149.02059602737427,82.84000062942505,150.48499644175172,21.737507390975964
2722153,True,A,Monterey,9.463377416631472,-121.556998,36.631808,31.37564803189895,0.7192617828304112,,T20,not_flooded,0.0,1.0,0.0011579301792738,0.0447076020990564,0.0004845239757245,-14.881590272826807,-14.755407117207517,0.1261831556192927,0.7529387477704912,0.4524961197020588,0.9645476270643596,0.0963584465646915,0.1891378378373278,0.0927793912726362,4.0,7.110988839524016,False,79.23750667572023,73.45779949426651,58.72000074386597,64.07999862823635,151.53327037096025,149.02059602737427,98.2000012397766,150.48499644175172,20.51750593185426
2722154,True,A,Monterey,10.391334341460118,-121.559055,36.627777,29.553641192147797,0.3173011420403335,,T20,not_flooded,0.0,1.0,0.0009868716169741,0.0500986871616974,0.0,-15.332448078717768,-14.457813169859492,0.8746349088582761,1.9557471109519309,0.6241514399354047,0.9792532671431562,0.1229220640696118,0.2272187768698884,0.1042967128002766,4.0,7.0,False,79.23750667572023,73.45779949426651,60.00999903678894,64.07999862823635,151.53327037096025,149.02059602737427,109.8899998664856,150.48499644175172,19.227507638931286
2725394,True,A,Monterey,13.925847830976863,-121.619054,36.591292,59.59327870496725,1.3953575625039194,,T20,not_flooded,0.0,1.0,0.0014224830417707,0.0303630399857193,0.0,-13.632749368023095,-12.447754110481906,1.1849952575411908,1.8695340701804903,0.1715960817565155,0.4679522938236346,0.3130098790739474,0.4631403148857068,0.1501304358117594,4.0,7.0,False,79.23750667572023,74.06409856304526,59.03000068664551,78.58999841380864,151.53327037096025,166.3989942073822,105.91000032424928,154.49499620776623,20.20750598907472
2723564,True,A,Monterey,8.86323660145384,-121.564513,36.639998,27.365383861171345,0.2659345470388402,,T20,not_flooded,0.0,0.9994755565655948,0.0104014614490372,0.0273759472759533,0.0,-14.79713415199453,-14.46869158562725,0.328442566367281,1.2345221456834885,0.4522537956593565,0.8575349410438172,0.1203487706046377,0.2241296834619623,0.1037809128573246,4.0,7.1464333476098485,False,79.23750667572023,73.45779949426651,57.49999928474426,64.07999862823635,151.53327037096025,149.02059602737427,82.84000062942505,150.48499644175172,21.737507390975964
2716268,True,A,Monterey,34.49150217759315,-121.589577,36.657038,28.0745750775128,1.3957771158789998,,T20,not_flooded,0.0,1.0,0.0057674067347846,0.0834273589952215,0.002865722364322,-14.566027346090422,-14.143113228730702,0.4229141173597206,1.0157996979241286,0.3551113248852586,0.9376126622223618,0.1382824357252726,0.2185803446412071,0.0802979089159345,2.0,7.0,False,79.23750667572023,71.53239694237709,56.720001339912415,64.07999862823635,151.53327037096025,128.10999476909635,84.60999941825867,150.48499644175172,22.51750533580781
2701233,True,A,Monterey,12.66044268863347,-121.613227,36.769234,80.00866358859645,0.9947023151909228,,T20,unknown,0.0,0.0,0.0,0.0157132530415711,0.0,-11.8996659695061,-11.115665816162451,0.7840001533436478,0.9677878930832904,0.0050110881044854,0.2841188938850021,0.2588392491060955,0.3843912245471417,0.1255519754410462,4.0,6.719360688075078,False,79.23750667572023,75.66589742898941,68.02000212669373,64.07499833405018,151.53327037096025,145.40639805793762,126.1800012588501,159.3199963029474,15.162508341670048
2716288,True,A,Monterey,28.464973810921528,-121.595245,36.717081,40.45033471367259,0.5116977829348645,,T20,unknown,0.0,0.0526796075248021,0.0,0.0360822214837131,0.0,-8.999540444114789,-8.824214532708893,0.1753259114058956,0.2601279392356286,0.0,0.5528811841811357,0.3305085287124632,0.3992715045775609,0.0687629758650976,2.0,7.0,False,79.23750667572023,73.9185996055603,61.21999979019165,67.56999816000462,151.53327037096025,145.1719937324524,102.13999915122986,152.74999651312828,18.017506885528576
2725397,True,A,Monterey,30.23050194350646,-121.590192,36.671508,34.19278276680661,0.1567016400601745,,T20,not_flooded,0.0,1.0,0.0067118744994969,0.0741360547011355,0.0,-14.846684891549453,-14.519631513470705,0.3270533780787481,0.9352343164728564,0.4422830126691444,0.9678497361450484,0.0618178581982098,0.1365535134390778,0.074735655240868,3.0,7.0,False,79.23750667572023,71.53239694237709,58.27999925613403,64.07999862823635,151.53327037096025,128.10999476909635,88.69999980926514,150.48499644175172,20.957507419586193
2716297,True,A,Monterey,35.305520794843176,-121.584458,36.688755,49.49461360115068,1.0352367898518475,,T20,unknown,0.0,0.2936295456144053,0.0128345466694802,0.0798010304564957,0.0,-13.9704070582953,-13.560159968759711,0.4102470895355861,0.9745193122845012,0.1669414257578954,0.8698367271576283,0.107698249531738,0.231245351924768,0.1235471023930299,3.0,7.0,False,79.23750667572023,73.9185996055603,59.260000586509705,64.07999862823635,151.53327037096025,145.1719937324524,94.6699995994568,150.48499644175172,19.97750608921052
2716298,True,A,Monterey,4.641248227179473,-121.627858,36.768748,97.96063726927449,2.081930387081032,,T20,not_flooded,0.0,1.0,0.0,0.0255575043848659,0.0,-11.190772715862082,-9.770129414729366,1.4206433011327153,2.104156060340838,0.0438820679863024,0.0864946128789776,0.3273481737317311,0.4467559090458059,0.1194077353140748,3.9627996325064734,7.0,False,79.23750667572023,75.66589742898941,70.0699987411499,64.07499833405018,151.53327037096025,145.40639805793762,133.8099970817566,159.3199963029474,15.162508341670048
2725398,True,A,Monterey,80.1682204102463,-121.628743,36.756028,68.69452585144607,1.6337233630553996,,T20,not_flooded,0.0,0.9996083853874568,0.0067232009901564,0.0321897542013962,0.0,-12.881118041283113,-12.08966553314227,0.7914525081408428,1.098249322732897,0.1370979906786052,0.5301349861726197,0.1382220804522788,0.1975878448990927,0.0593657644468139,3.0,6.979226053491655,False,79.23750667572023,75.66589742898941,65.32999992370605,64.07499833405018,151.53327037096025,145.40639805793762,118.55999994277954,159.3199963029474,15.162508341670048
2722242,False,B,Monterey,20.73117619554929,-121.5667,36.69581,,,2023-01-06,T20 > X,not a unit (sequence B/C),,,,,,,,,,,,,,,,,False,,,,,,,,,
2725400,True,A,Monterey,1.803768609104312,-121.616714,36.776403,120.80682201620408,1.557005268601767,,T20,unknown,0.0,0.0,0.0328283911942668,0.0,0.0,-12.538554703507945,-12.152468737103256,0.3860859664046874,0.0323986738381201,0.0,0.1277517916148135,0.1409703561725142,0.1850273224274927,0.0440569662549785,4.0,7.0,False,79.23750667572023,88.0411993265152,70.77000164985657,64.07499833405018,151.53327037096025,177.53199672698975,136.0199999809265,159.3199963029474,23.96620099246502
2718116,False,B,Monterey,3.766931169754163,-121.611845,36.766545,,,2023-03-03,T20 > X,not a unit (sequence B/C),,,,,,,,,,,,,,,,,False,,,,,,,,,
2701624,True,A,Monterey,22.145866868231398,-121.651951,36.740131,40.636680187143895,1.4636662384414822,,T20,not_flooded,0.0,1.0,0.0017865462557843,0.0104635562078979,0.0,-12.084773636501728,-11.096652583612766,0.988121052888962,0.98026805509099,0.0548960124988177,0.741003338389376,0.1114513565716943,0.1824597127050055,0.0710083561333111,3.0,6.0,False,79.23750667572023,69.93129867315292,61.89999866485596,64.07499833405018,151.53327037096025,132.36049795150757,112.84000039100648,159.3199963029474,17.33750801086427
2701640,True,A,Monterey,63.71861004767903,-121.592246,36.775342,81.19558067518233,0.225698637823629,,T20,not_flooded,0.0,1.0,0.0072933687363834,0.0226703528633675,0.0,-12.938636169528628,-12.403529149718016,0.5351070198106136,0.6325196983713646,0.0601341230936819,0.3859406609866168,0.1050294709435036,0.1955147769504199,0.0904853060069162,4.0,7.0,False,79.23750667572023,92.65779983997344,72.06999945640564,67.56999816000462,151.53327037096025,195.52149724960327,133.6099991798401,152.74999651312828,25.08780167996882
2722251,True,A,Monterey,4.834705283677381,-121.616822,36.719866,38.08271506140908,0.523242680165137,,T20,not_flooded,0.0,1.0,0.0,0.0158414252467699,0.0,-11.390581520165853,-11.394117370698709,-0.0035358505328559,0.2379065781449743,0.0060348286654361,0.3492496589358799,0.1929762960856679,0.2712183860633377,0.0782420899776698,2.0,6.386726586951287,False,79.23750667572023,68.79999887943268,60.4399995803833,64.07499833405018,151.53327037096025,115.69179797172546,101.09000015258788,159.3199963029474,18.797507095336925
2722255,False,B,Monterey,5.663620521815754,-121.600851,36.702733,,,2022-10-18,T20 > G6,not a unit (sequence B/C),,,,,,,,,,,,,,,,,False,,,,,,,,,
2716346,True,A,Monterey,8.08753412801238,-121.60612,36.720748,42.99176355655034,0.3834423930842023,,T20,not_flooded,0.0,1.0,0.0024473813020068,0.0854951868167726,0.0,-14.02625841490926,-13.858769011507412,0.1674894034018468,0.8737773806243201,0.2377702916702657,0.4482642787903219,0.1164678260828458,0.2344082237959247,0.1179403977130789,2.0,7.024416227577671,False,79.23750667572023,68.79999887943268,60.4399995803833,64.07499833405018,151.53327037096025,115.69179797172546,101.09000015258788,159.3199963029474,18.797507095336925
2700772,True,A,Monterey,3.065789550500418,-121.630024,36.734075,46.26601643970347,1.7471189678824233,,T20,not_flooded,0.0,1.0,0.0,0.0188101265822784,0.0,-10.885971008671175,-11.35506570174221,-0.4690946930710336,0.5638007573335599,0.0,0.0,0.1888981314695712,0.2618964596115337,0.0729983281419625,3.0,7.0,False,79.23750667572023,75.66589742898941,62.13999974727631,64.07499833405018,151.53327037096025,145.40639805793762,109.0400004386902,159.3199963029474,17.097506928443913
2700643,False,B,Monterey,24.79844944529687,-121.574435,36.694681,,,2022-10-27,T20 > G6,not a unit (sequence B/C),,,,,,,,,,,,,,,,,False,,,,,,,,,
2723829,False,B,Monterey,14.939893824827914,-121.570841,36.688563,,,2022-10-19,T20 > G6,not a unit (sequence B/C),,,,,,,,,,,,,,,,,False,,,,,,,,,
2717233,True,A,Monterey,8.384756839202147,-121.591977,36.710261,31.45284055432501,0.4246578113486021,,T20,unknown,0.0,0.0,0.0,0.0047182466625343,0.0,-11.503264432230274,-10.6290128978163,0.8742515344139754,1.068262139143462,0.0048200127670203,0.2489476459649739,0.22668505490001,0.2526933185326021,0.0260082636325921,2.0252379939125364,7.0,False,79.23750667572023,73.9185996055603,60.01999914646149,67.56999816000462,151.53327037096025,145.1719937324524,97.70000004768372,152.74999651312828,19.21750752925874
2722261,False,B,Monterey,39.26543428301811,-121.619084,36.757827,,,2022-11-12,T20 > T30,not a unit (sequence B/C),,,,,,,,,,,,,,,,,False,,,,,,,,,
2716357,True,A,Monterey,19.8494358668128,-121.620974,36.7684,79.91880426884549,1.578972745734124,,T20,not_flooded,0.0,0.9243955821021296,0.0029845389179973,0.0111617854175038,0.0,-12.81288986109386,-12.023483981414174,0.7894058796796859,0.7206599978377,0.0446978593248309,0.2931636502666578,0.3848646185752475,0.4396974411384493,0.0548328225632017,4.0,7.0,False,79.23750667572023,75.66589742898941,70.77000164985657,64.07499833405018,151.53327037096025,145.40639805793762,136.0199999809265,159.3199963029474,15.162508341670048
2700543,True,A,Monterey,17.36353051741745,-121.579679,36.684205,49.75892808662884,0.3860965041396223,,T20,unknown,0.0,0.0555694495306317,0.0198688805723523,0.0315651265195294,0.0,-14.901309728911638,-14.36630049470395,0.5350092342076884,1.1514840855718198,0.4990844862851579,0.9316758813494226,0.1449766025615103,0.2525576436937486,0.1075810411322383,3.0,7.0,False,79.23750667572023,71.53239694237709,59.56000077724457,64.07999862823635,151.53327037096025,128.10999476909635,93.0600004196167,150.48499644175172,19.67750589847566
2717237,False,B,Monterey,11.528803428932962,-121.633076,36.761683,,,2023-01-22,T20 > X,not a unit (sequence B/C),,,,,,,,,,,,,,,,,False,,,,,,,,,
2700464,True,A,Monterey,10.18598060130572,-121.567248,36.649167,24.574191666033087,0.5624958935961616,,T20,not_flooded,0.0,1.0,0.0013790791408565,0.0324959808605149,0.0001676228789991,-13.506533257923694,-12.864531469318296,0.6420017886053966,0.456269018621052,0.1413060869962742,0.61698934070874,0.1519520807908914,0.2670453671191615,0.1150932863282701,4.0,7.0,False,79.23750667572023,71.53239694237709,57.11999976634979,64.07999862823635,151.53327037096025,128.10999476909635,80.00999975204468,150.48499644175172,22.117506909370434
2700459,True,A,Monterey,12.354494542926682,-121.612526,36.752114,55.9284461469235,0.1878817425243899,,T20,unknown,0.0,0.1074435646794574,0.0031997791524977,0.0481221688228577,0.0,-12.57277561689389,-12.32867725646005,0.2440983604338402,0.6631111677048427,0.0021896527925915,0.3748760869838004,0.0744853687329355,0.1871852627946086,0.112699894061673,3.001694000727792,7.0,False,79.23750667572023,75.66589742898941,66.13000011444092,64.07499833405018,151.53327037096025,145.40639805793762,119.739999294281,159.3199963029474,15.162508341670048
2716366,True,A,Monterey,34.739109679336025,-121.623296,36.74144,53.04036679387509,0.8182557988132175,,T20,not_flooded,0.0,0.7718077647878393,0.0017080925629873,0.050472460635723,0.0,-12.570225801412208,-12.0134465432603,0.5567792581519093,0.8975303203804117,0.0073794064322523,0.7506363482097401,0.4376505031056568,0.4619357173694244,0.0242852142637676,3.0,6.98085373368939,False,79.23750667572023,75.66589742898941,64.09000062942505,64.07499833405018,151.53327037096025,145.40639805793762,114.23000001907349,159.3199963029474,15.162508341670048
2700356,True,A,Monterey,7.84572784832107,-121.58766,36.680278,41.16966705967828,0.4076844672334537,,T20,not_flooded,0.0,1.0,0.0182772527776679,0.0245443042979715,0.0006326361156142,-14.654459450058816,-14.162470476093034,0.4919889739657819,0.8534303320932928,0.3723162389782927,0.8234945237436243,0.068805647038585,0.1720644005976296,0.1032587535590446,3.0,7.0,False,79.23750667572023,71.53239694237709,58.60000026226044,64.07999862823635,151.53327037096025,128.10999476909635,91.23999905586244,150.48499644175172,20.63750641345979
2725401,False,B,Monterey,13.017766373951009,-121.657892,36.751087,,,2022-11-28,T20 > T18,not a unit (sequence B/C),,,,,,,,,,,,,,,,,False,,,,,,,,,
2700201,True,A,Monterey,18.0603528678205,-121.587671,36.779785,87.28784365200926,0.1630283317564956,,T20,not_flooded,0.0,0.9907532953453247,0.0182531237127557,0.0142240491555677,0.0,-13.490535165702653,-13.208726364014504,0.2818088016881503,0.1640592576085442,0.1464025813538377,0.6492945901414252,0.1113892460329381,0.1983119460451541,0.086922700012216,4.0,7.0,False,79.23750667572023,92.65779983997344,76.43000030517578,67.56999816000462,151.53327037096025,195.52149724960327,133.25999975204468,152.74999651312828,25.08780167996882
2723831,True,A,Monterey,10.233746109336394,-121.615406,36.776341,114.3622510428092,1.4567460672679011,,T20,not_flooded,0.0,0.5749404153898535,0.0239246396549767,0.0854083910263685,0.0019294064237884,-12.05888965257532,-11.877211666544312,0.1816779860310067,1.2696689690022165,0.0038588128475768,0.2060757386600083,0.1619302012244192,0.200892342141054,0.0389621409166347,4.0,7.0,False,79.23750667572023,88.0411993265152,70.77000164985657,64.07499833405018,151.53327037096025,177.53199672698975,136.0199999809265,159.3199963029474,23.96620099246502
2717244,True,A,Monterey,6.344110962890723,-121.593709,36.710389,34.35170054997747,0.2947404750418433,,T20,unknown,0.0,0.0,0.0155969026386289,0.0187162831663547,0.0,-13.529667135563594,-12.229923768300145,1.299743367263451,1.326763663733214,0.0842477399782255,0.5699291717127235,0.1931306248154124,0.2518735996737096,0.0587429748582971,2.0373958677382658,7.0,False,79.23750667572023,73.9185996055603,60.01999914646149,67.56999816000462,151.53327037096025,145.1719937324524,97.70000004768372,152.74999651312828,19.21750752925874
2700094,True,A,Monterey,17.498171107762992,-121.617249,36.768466,81.97468637945877,1.3245101469767662,,T20,not_flooded,0.0,0.5219478707620081,0.0112939300662134,0.0313882675997076,0.0,-11.80796974076707,-11.325540809530596,0.4824289312364733,0.1325534081881674,0.0090351440529707,0.1524104789955045,0.2786794029635081,0.3412223264146353,0.0625429234511271,4.0,7.0,False,79.23750667572023,75.66589742898941,70.77000164985657,64.07499833405018,151.53327037096025,145.40639805793762,136.0199999809265,159.3199963029474,15.162508341670048
2700053,True,A,Monterey,10.834356519398998,-121.572356,36.645873,22.50494490128682,0.6889267672645589,,T20,not_flooded,0.0,1.0,0.0383791336748952,0.0746444054315503,0.0154777686216903,-13.260103276755666,-13.000911882296492,0.2591913944591741,0.7646453670866968,0.2739063451685715,0.7363691734441619,0.1244734012397442,0.2217110226523218,0.0972376214125776,3.0,7.711819712658088,False,79.23750667572023,72.10789903998375,56.74000024795532,64.07999862823635,151.53327037096025,133.1843979358673,83.29999995231628,150.48499644175172,22.497506427764904
2715758,False,B,Monterey,2.8241822589222485,-121.665131,36.622384,,,2022-11-04,T20 > T30 > T30,not a unit (sequence B/C),,,,,,,,,,,,,,,,,False,,,,,,,,,
2722276,True,A,Monterey,16.564592975838917,-121.621088,36.716456,38.57990653078917,0.5829434664401001,,T20,not_flooded,0.0,1.0,0.0076703707345855,0.035823160024163,0.0011941053341387,-13.583701429994749,-13.31101977416247,0.2726816558322795,0.7829842255954151,0.1025244791593498,0.732286266852104,0.142204326944167,0.1875194034604288,0.0453150765162618,2.0,7.896384436358864,False,79.23750667572023,68.79999887943268,59.989999890327454,64.07499833405018,151.53327037096025,115.69179797172546,101.24000072479248,159.3199963029474,19.247506785392773
2715707,False,B,Monterey,13.276799021403846,-121.586023,36.67857,,,2022-10-10,T20 > T30 > T30,not a unit (sequence B/C),,,,,,,,,,,,,,,,,False,,,,,,,,,
2715626,True,A,Monterey,4.243218924018026,-121.594995,36.684618,38.69091249251567,1.1967097011050265,,T20,not_flooded,0.0,1.0,0.0213240265316936,0.0555667220932994,0.0,-13.80091438464265,-14.321151890705396,-0.5202375060627453,0.0497422020314601,0.1039706177937763,0.6477607031264273,0.1084729540131072,0.2187747000163469,0.1103017460032397,3.0,7.0,False,79.23750667572023,71.53239694237709,58.60000026226044,64.07999862823635,151.53327037096025,128.10999476909635,91.23999905586244,150.48499644175172,20.63750641345979
2722280,False,B,Monterey,13.435605058778297,-121.597708,36.707623,,,2022-10-18,T20 > G6,not a unit (sequence B/C),,,,,,,,,,,,,,,,,False,,,,,,,,,
2722285,True,A,Monterey,12.441728555639498,-121.595869,36.736447,59.16912139083848,1.2975420814795704,,T20,not_flooded,0.0,1.0,0.0074093939639634,0.0047712006586127,0.0,-13.773856500195569,-13.059028201762544,0.7148282984330248,0.9125717250716204,0.1811621771643475,0.4155123271609172,0.1464013539966233,0.2201026439107456,0.0737012899141223,3.389772791058832,7.0,False,79.23750667572023,87.01379537582397,63.82999897003174,67.56999816000462,151.53327037096025,197.11109232902527,109.88999938964844,152.74999651312828,23.183796405792236
2715449,True,A,Monterey,10.039228814566169,-121.572071,36.69017,63.18870280332818,0.2717517863980818,,T20,not_flooded,0.0,0.9230656245893148,0.0,0.0273893179340893,0.0,-11.904594923695347,-11.543984030030275,0.3606108936650702,0.1109838741356838,0.0217692123348562,0.3037176186831792,0.1126856515731145,0.1651202795841789,0.0524346280110643,3.0,9.0,False,79.23750667572023,73.9185996055603,61.51999855041504,64.07999862823635,151.53327037096025,145.1719937324524,93.80000019073486,150.48499644175172,17.717508125305187
2722288,True,A,Monterey,43.32772614020355,-121.623402,36.753918,56.5241462907718,1.157570506604448,,T20,not_flooded,0.0,0.9297332116592408,0.0009125556927371,0.0060139209476264,0.0,-13.640832802112724,-12.314520770964148,1.326312031148575,1.8112896378981045,0.1282910157997387,0.4970279313614972,0.24224317646509,0.4239463132657558,0.1817031368006657,3.0344856585610245,7.0,False,79.23750667572023,75.66589742898941,65.32999992370605,64.07499833405018,151.53327037096025,145.40639805793762,118.55999994277954,159.3199963029474,15.162508341670048
2725404,True,A,Monterey,19.847209201568507,-121.57194,36.664211,35.39695838971486,1.6459453317270367,,T20,not_flooded,0.0,0.6925655064528745,0.0019945248337895,0.0221431364880719,0.0,-14.18844091432405,-13.598141384798575,0.590299529525474,1.2725504189622328,0.2333554947203753,0.9534141572154868,0.5710935528728472,0.5644428543654976,-0.0066506985073496,3.151830269847477,7.317559640203361,False,79.23750667572023,71.53239694237709,57.64999878406525,64.07999862823635,151.53327037096025,128.10999476909635,81.36999893188477,150.48499644175172,21.58750789165498
2725405,True,A,Monterey,28.089892259776203,-121.589916,36.712574,38.412521324349406,0.5279082912871208,,T20,unknown,0.0,0.0,0.0,0.0523910577833215,0.0,-11.366557151945011,-11.055117767439471,0.3114393845055403,0.7877612857672798,1.1038410910365345e-05,0.377477778299036,0.154710962967987,0.241073130896965,0.086362167928978,2.0,7.0,False,79.23750667572023,73.9185996055603,61.1299991607666,67.56999816000462,151.53327037096025,145.1719937324524,100.0299994945526,152.74999651312828,18.107507514953625
2716423,True,A,Monterey,39.39659356993111,-121.592063,36.655235,25.972736177485302,1.3482583891472466,,T20,not_flooded,0.0,1.0,0.015543847555271,0.0734255748682849,0.0014377862031611,-15.021122413150202,-14.727772447635456,0.2933499655147464,0.7412238408260468,0.5158461765719631,0.973410803092225,0.2760063426215137,0.2907761949965372,0.0147698523750234,2.0,7.660260968043723,False,79.23750667572023,71.53239694237709,56.720001339912415,64.07999862823635,151.53327037096025,128.10999476909635,84.60999941825867,150.48499644175172,22.51750533580781
2715084,True,A,Monterey,34.70325184420596,-121.582464,36.690043,51.97818662075026,0.986092468510903,,T20,unknown,0.0,0.4339501905164641,0.003311384225729,0.0706756790015729,0.000570542552406,-14.412100173179498,-13.740786433705033,0.6713137394744653,1.0355541124610586,0.2939233862036098,0.9001080674716914,0.1085308633024868,0.2287799176052199,0.1202490543027331,3.0,7.028605437382398,False,79.23750667572023,73.9185996055603,59.56000077724457,64.07999862823635,151.53327037096025,145.1719937324524,93.0600004196167,150.48499644175172,19.67750589847566
2715035,True,A,Monterey,16.897065263716183,-121.591299,36.684466,41.53341038785238,0.9741565514278988,,T20,unknown,0.0,0.4209595472377646,0.0223211414606359,0.0258950966070394,0.0011714120338469,-14.573089377937208,-14.277014424503964,0.2960749534332443,1.320795926886012,0.3506013248440413,0.8740433468390251,0.088155474750324,0.2185721050656262,0.1304166303153022,3.0,7.0,False,79.23750667572023,71.53239694237709,58.60000026226044,64.07999862823635,151.53327037096025,128.10999476909635,91.23999905586244,150.48499644175172,20.63750641345979
2714955,False,B,Monterey,11.925830373391433,-121.590971,36.675666,,,2022-10-19,T20 > T4,not a unit (sequence B/C),,,,,,,,,,,,,,,,,False,,,,,,,,,
2716438,True,A,Monterey,20.081528545626973,-121.602576,36.720547,42.114338076667096,0.6995615272991754,,T20,not_flooded,0.0,1.0,0.0,0.02751460892873,0.0,-6.012066364154666,-6.010392309835354,0.0016740543193121,0.7527562162227728,0.0,0.772166369917773,0.1527689309761515,0.1959749730831022,0.0432060421069507,2.0,7.0,False,79.23750667572023,73.9185996055603,61.21999979019165,64.07499833405018,151.53327037096025,145.1719937324524,102.13999915122986,159.3199963029474,18.017506885528576
2723834,True,A,Monterey,31.433828478764426,-121.605775,36.71589,40.32004966955371,0.522044552455446,,T20,not_flooded,0.0,1.0,0.0,0.0271891627996429,0.0,-10.31561365224824,-10.09101293543293,0.2246007168153099,0.6888147315478683,0.0,0.4259208119023782,0.155565160920602,0.200679518522667,0.0451143576020649,2.0058634106409308,7.520129892545228,False,79.23750667572023,68.79999887943268,60.4399995803833,64.07499833405018,151.53327037096025,115.69179797172546,101.09000015258788,159.3199963029474,18.797507095336925
2723835,True,A,Monterey,19.522057206759094,-121.609038,36.77603,114.57643217830876,0.9898223319106274,,T20,not_flooded,0.0,0.7594828236022232,0.0040466395039296,0.0146551826740352,0.0,-10.578279928056354,-10.402655024718127,0.1756249033382246,1.2661574411059533,0.0233673594883778,0.3725963159711339,0.2323262428455014,0.3547374072202952,0.1224111643747938,4.0,7.0,False,79.23750667572023,88.0411993265152,71.13000178337097,64.07499833405018,151.53327037096025,177.53199672698975,134.32999849319458,159.3199963029474,23.96620099246502
2723836,False,B,Monterey,56.90394610209261,-121.636826,36.755068,,,2022-10-27,T20 > G6,not a unit (sequence B/C),,,,,,,,,,,,,,,,,False,,,,,,,,,
2714657,False,B,Monterey,12.595563071420864,-121.589294,36.676664,,,2022-10-10,T20 > T30 > T4,not a unit (sequence B/C),,,,,,,,,,,,,,,,,False,,,,,,,,,
2716456,True,A,Monterey,10.237856164124192,-121.615488,36.750457,59.87261866931345,0.4519867953341105,,T20,not_flooded,0.0,0.967659071448598,0.0151702293720495,0.0745553880077897,0.0019322719729633,-12.794241175128985,-13.167242124730834,-0.3730009496018489,0.5962139000315752,0.0504739749486621,0.7123566898286718,0.3636554925166516,0.369167719296015,0.0055122267793634,3.0,6.992270912108148,False,79.23750667572023,75.66589742898941,66.13000011444092,64.07499833405018,151.53327037096025,145.40639805793762,119.739999294281,159.3199963029474,15.162508341670048
2714591,True,A,Monterey,0.6136737424991773,-121.617281,36.776357,123.26554659002616,1.596859065255778,,T20,unknown,0.0,0.0,0.0,0.0,0.0,-12.956531845098842,-12.77332741501664,0.1832044300822026,1.2151526661298655,0.0,0.4007034292174349,0.1424152185596902,0.2014964131078982,0.0590811945482079,4.0,7.0,False,79.23750667572023,88.0411993265152,70.77000164985657,64.07499833405018,151.53327037096025,177.53199672698975,136.0199999809265,159.3199963029474,23.96620099246502
2717290,True,A,Monterey,20.407554504963723,-121.627122,36.761099,77.20405081354161,1.583690841331043,,T20,not_flooded,0.0,1.0,0.0,0.0327220260470061,0.0,-10.808410812026532,-10.466655497116244,0.3417553149102872,0.8055952613172028,0.0069521965295971,0.165569351103011,0.0932843141650985,0.1462465361541759,0.0529622219890774,3.0,7.0,False,79.23750667572023,75.66589742898941,67.19000053405762,64.07499833405018,151.53327037096025,145.40639805793762,125.0199990272522,159.3199963029474,15.162508341670048
2714524,True,A,Monterey,17.057215862068233,-121.577579,36.685368,52.03698858928534,0.3208811290913405,,T20,unknown,0.0,0.3253341475307489,0.0002962098806502,0.0294478192117171,0.0002962098806502,-15.356261350996627,-14.427233395298463,0.9290279556981657,1.4335118568439231,0.6447623257488415,0.9616567702186029,0.1402480958525603,0.2586723068654117,0.1184242110128514,3.0,7.0,False,79.23750667572023,71.53239694237709,59.56000077724457,64.07999862823635,151.53327037096025,128.10999476909635,93.0600004196167,150.48499644175172,19.67750589847566
2714441,False,B,Monterey,30.9133407372684,-121.633597,36.759811,,,2022-11-04,T20 > X,not a unit (sequence B/C),,,,,,,,,,,,,,,,,False,,,,,,,,,
2714354,True,A,Monterey,6.549428506312388,-121.641361,36.76231,67.96110953631037,2.190371936502087,,T20,not_flooded,0.0,1.0,0.0,0.0661949164576134,0.0,-14.935245271968464,-13.647281201994462,1.2879640699740025,2.1889825863378807,0.4935864060207318,0.8852416339281489,0.0866379543295441,0.225926292638494,0.1392883383089498,3.0,6.996296208642971,False,79.23750667572023,75.66589742898941,65.23000073432922,64.07499833405018,151.53327037096025,145.40639805793762,119.18000078201294,159.3199963029474,15.162508341670048
2714246,True,A,Monterey,26.488712774982645,-121.610632,36.733741,45.260933476262046,0.0190151938630397,,T20,not_flooded,0.0,1.0,0.0016104191188957,0.0347499165510092,0.0,-14.352588129017702,-12.766963907627504,1.5856242213901997,1.5108567485716975,0.3235976177509179,0.7694553269736417,0.0864441379158044,0.1820996931347514,0.095655555218947,2.898660716900032,7.0,False,79.23750667572023,75.66589742898941,62.89999878406525,64.07499833405018,151.53327037096025,145.40639805793762,110.00999975204468,159.3199963029474,16.33750789165498
2714178,False,B,Monterey,14.87187902204474,-121.591714,36.659239,,,2022-10-10,T20 > T30 > T30,not a unit (sequence B/C),,,,,,,,,,,,,,,,,False,,,,,,,,,
2723838,True,A,Monterey,12.249954984047967,-121.567678,36.650318,25.00300026127304,0.6480971379833036,,T20,not_flooded,0.0,1.0,0.0167691235186006,0.0596869256606882,0.0025603650421446,-14.728970941162697,-14.18718287780768,0.5417880633550158,0.9444560024924372,0.4669814310159072,0.8235756385068761,0.1469239153482373,0.2443756982586864,0.097451782910449,4.0,7.0,False,79.23750667572023,71.53239694237709,57.11999976634979,64.07999862823635,151.53327037096025,128.10999476909635,80.00999975204468,150.48499644175172,22.117506909370434
2716486,True,A,Monterey,16.5260467132702,-121.610283,36.738405,49.195456435585946,0.0121088079622582,,T20,not_flooded,0.0,1.0,0.0035919202922367,0.0183915709603808,0.0,-15.25013286315068,-13.563407589122734,1.6867252740279444,2.39041873932117,0.6608992478096329,0.7924715228802975,0.4382905374434167,0.4801815252790885,0.0418909878356718,2.6677356346664918,7.0,False,79.23750667572023,75.66589742898941,63.58000099658966,64.07499833405018,151.53327037096025,145.40639805793762,110.67000007629396,159.3199963029474,15.657505679130566
2717296,True,A,Monterey,23.53986225808262,-121.553475,36.654976,34.08398510762708,0.2818711349872847,,T20,not_flooded,0.0,1.0,0.0126064960532603,0.0547797570983636,0.0,-15.002329735211443,-14.697441652633598,0.304888082577845,0.8436096296840905,0.4834434685167184,0.9776411845162564,0.1228800252159771,0.22066631737366,0.0977862921576829,4.0,7.0,False,79.23750667572023,76.20259749889374,57.86999934911728,64.07999862823635,151.53327037096025,152.93039798736572,81.25,150.48499644175172,21.367507326602947
2714048,True,A,Monterey,14.267035033209748,-121.616651,36.748352,56.149544684251474,0.4638097981448605,,T20,not_flooded,0.0,1.0,0.0080497005141807,0.0513800263069213,0.0063430118163733,-12.355066648130304,-12.252000247607905,0.1030664005223993,0.3951520343581798,0.0073268037090584,0.5206433238034154,0.2948329598928069,0.3247740434903064,0.0299410835974994,3.0,7.0,False,79.23750667572023,75.66589742898941,64.09000062942505,64.07499833405018,151.53327037096025,145.40639805793762,114.23000001907349,159.3199963029474,15.162508341670048
2723839,True,A,Monterey,18.28053865858136,-121.608433,36.770293,76.66527440410512,0.591356285141379,,T20,not_flooded,0.0,0.622526242602045,0.0046931438552459,0.0143041258966575,0.0,-13.26452159824936,-12.279163995690164,0.985357602559196,1.4667889262452594,0.1187233970391222,0.4306415235123538,0.1374867126194902,0.2169459737108227,0.0794592610913325,4.0,7.0,False,79.23750667572023,75.66589742898941,68.67999792098999,64.07499833405018,151.53327037096025,145.40639805793762,126.27999687194824,159.3199963029474,15.162508341670048
2723840,False,B,Monterey,47.74398620717959,-121.633065,36.612748,,,2022-10-11,T20 > T30,not a unit (sequence B/C),,,,,,,,,,,,,,,,,False,,,,,,,,,
2713811,True,A,Monterey,15.635844414404758,-121.614628,36.766847,74.21355961788498,1.029660690164771,,T20,unknown,0.0,0.0426336983257954,0.0,0.0238385701817027,0.0,-10.78296254229678,-9.895097724643753,0.8878648176530302,0.712808231535595,0.0030697056256446,0.0478705466952312,0.2542513816604203,0.3584429776507513,0.104191595990331,4.0,6.897886415932714,False,79.23750667572023,75.66589742898941,68.02000212669373,64.07499833405018,151.53327037096025,145.40639805793762,126.1800012588501,159.3199963029474,15.162508341670048
2713782,True,A,Monterey,3.6420244969342006,-121.675604,36.630852,12.41878055313095,0.0444761950961661,,T20,not_flooded,0.0,1.0,0.2343231515357781,0.0884455032757594,0.0325448821577469,-14.123331913162067,-15.558665896092762,-1.4353339829306933,2.1471860194333345,0.3205564536714029,0.348762018208117,0.1917698239158156,0.134225864565916,-0.0575439593498995,2.0,7.0,False,79.23750667572023,71.37129786610603,53.81999921798706,69.01499871443957,151.53327037096025,131.64919638633728,89.26999926567078,159.37999580148607,25.417507457733166
2725412,True,A,Monterey,17.302461441048234,-121.647424,36.745935,48.26812668091723,2.179930642508467,,T20,not_flooded,0.0,1.0,0.0011154064962349,0.0165967111186765,0.0,-12.26610927750696,-11.558614888250878,0.7074943892560821,1.1395587634121291,0.0091382700896356,0.3933308546522306,0.2416848252013742,0.2588290874112587,0.0171442622098845,3.0,6.0,False,79.23750667572023,69.93129867315292,63.56000113487244,64.07499833405018,151.53327037096025,132.36049795150757,117.18999886512756,159.3199963029474,15.67750554084779
2713736,True,A,Monterey,16.367029697881453,-121.647095,36.743382,44.91611223624245,1.918240626660696,,T20,not_flooded,0.0,1.0,0.0012063239760438,0.0565600370885489,0.0,-12.303152596471556,-11.689868344593796,0.6132842518777615,0.8530232067997954,0.0277832969070799,0.5799154154012093,0.4144723927764041,0.418525893615166,0.0040535008387618,3.0,6.0,False,79.23750667572023,69.93129867315292,62.43000054359436,64.07499833405018,151.53327037096025,132.36049795150757,113.80999970436096,159.3199963029474,16.807506132125866
2713586,True,A,Monterey,2.290159087219585,-121.55391,36.667511,39.37598277296901,1.0204109965100765,,T20,not_flooded,0.0,0.9802158273381292,0.0,0.0702456902402605,0.0,-11.493907216549667,-10.69336820912974,0.8005390074199283,0.9593441031937272,0.0,0.0,0.6261171752303024,0.6468317619915147,0.0207145867612122,4.0,9.0,False,79.23750667572023,76.20259749889374,58.58000028133392,64.07999862823635,151.53327037096025,152.93039798736572,83.10999965667725,150.48499644175172,20.657506394386303
2713585,True,A,Monterey,14.421424546270366,-121.589919,36.683435,41.72805481553928,0.8123484859010599,,T20,unknown,0.0,0.3383142895550478,0.0023874176636644,0.0333969619572523,0.0015916117757763,-14.829637940657712,-14.045502746972671,0.7841351936850387,1.3966111357519235,0.4271649415243985,0.840118295469821,0.1065461478161305,0.2681021674596941,0.1615560196435636,3.0,7.0,False,79.23750667572023,71.53239694237709,58.60000026226044,64.07999862823635,151.53327037096025,128.10999476909635,91.23999905586244,150.48499644175172,20.63750641345979
2713574,True,A,Monterey,9.160688489192175,-121.571371,36.692474,64.72509326864179,0.3833730238537938,,T20,not_flooded,0.0,0.9913560054575808,0.0064829959068143,0.0122795569529071,0.0,-14.427768091367678,-13.851280002635765,0.5764880887319137,0.923372636796195,0.3240057287650106,0.7598325437920018,0.1189523794330525,0.2035320184192865,0.084579638986234,3.0,8.811323632850566,False,79.23750667572023,73.9185996055603,61.49999821186066,64.07999862823635,151.53327037096025,145.1719937324524,94.97000074386597,150.48499644175172,17.73750846385957
2725414,True,A,Monterey,19.15272054769483,-121.573653,36.666184,37.13378825581359,1.3882624075246797,,T20,not_flooded,0.0,1.0,0.0020870819757169,0.0307023942680218,0.0,-12.870668254876527,-12.356551530810306,0.5141167240662234,1.4162492897850854,0.0727641881048485,0.6971785893757396,0.5925989255778203,0.5993521141424918,0.0067531885646714,3.0,7.0,False,79.23750667572023,71.53239694237709,58.4200005531311,64.07999862823635,151.53327037096025,128.10999476909635,83.59999990463257,150.48499644175172,20.817506122589123
2717321,True,A,Monterey,35.39763995895179,-121.591453,36.705859,42.00325648574024,0.7669034150232241,,T20,not_flooded,0.0,0.5193582447239637,6.790829313600497e-05,0.0273232303317867,0.0,-10.892516300212934,-10.339185624423662,0.5533306757892724,0.6789933198090203,0.0012420645873585,0.1387782640887802,0.2694377596163518,0.4053693062087363,0.1359315465923845,3.0,7.070434043522646,False,79.23750667572023,73.9185996055603,60.57000160217285,67.56999816000462,151.53327037096025,145.1719937324524,98.02999925613403,152.74999651312828,18.667505073547375
2716539,True,A,Monterey,35.123062391055434,-121.580341,36.691139,54.53700129220585,0.9146198919866232,,T20,not_flooded,0.0,0.7819396840339699,0.0065456104411546,0.0405001359064963,0.0,-14.623200996776696,-14.04390697963892,0.5792940171377747,1.188550526514092,0.3846463226795899,0.9232736007707998,0.1139762412359049,0.233727962102206,0.119751720866301,3.0,7.0,False,79.23750667572023,73.9185996055603,59.56000077724457,64.07999862823635,151.53327037096025,145.1719937324524,93.0600004196167,150.48499644175172,19.67750589847566
2713148,True,A,Monterey,9.813197952130242,-121.550262,36.654912,35.51301706588169,0.509884872983736,,T20,not_flooded,0.0,1.0,0.0372267164817072,0.0750945905298653,0.004329792454921,-15.617380263651215,-15.218548948761518,0.3988313148896978,1.8655239896545552,0.7376240758623963,0.952459353776497,0.1336996042060187,0.2485140422905366,0.1148144380845179,4.0,7.0,False,79.23750667572023,76.20259749889374,57.86999934911728,64.07999862823635,151.53327037096025,152.93039798736572,81.25,150.48499644175172,21.367507326602947
2713116,True,A,Monterey,13.712503193073148,-121.610232,36.751467,56.41702419108911,0.0166539839987815,,T20,unknown,0.0,0.1850827169555642,0.0095646773191801,0.0685844955112641,0.0002936028456891,-13.90268883812851,-13.438089281220826,0.4645995569076842,1.3820310142317709,0.1660041781943424,0.6818022697758452,0.0883604034385179,0.211248009283009,0.122887605844491,3.226384732652024,7.0,False,79.23750667572023,75.66589742898941,66.13000011444092,64.07499833405018,151.53327037096025,145.40639805793762,119.739999294281,159.3199963029474,15.162508341670048
2723842,True,A,Monterey,13.517308007243551,-121.605016,36.765079,65.98452117062573,0.23828573363215,,T20,not_flooded,0.0,1.0,0.0,0.0258871670258126,0.0,-13.47528898119788,-12.593166969968111,0.8821220112297681,1.4558716164250534,0.0593909036724588,0.5557631470358994,0.1708607244350616,0.3049849901168331,0.1341242656817714,4.0,7.0,False,79.23750667572023,75.66589742898941,68.67999792098999,64.07499833405018,151.53327037096025,145.40639805793762,126.27999687194824,159.3199963029474,15.162508341670048
2725415,True,A,Monterey,85.08178613300538,-121.653194,36.737015,38.67874098868224,1.1073397184563882,,T20,not_flooded,0.0,1.0,0.000929187698648,0.0447522302782188,0.000696890773986,-10.03577800039888,-9.39256609407978,0.6432119063191006,0.8606316746758083,0.0243647590078826,0.726758692687566,0.1873577133511529,0.2478991613023826,0.0605414479512297,3.0,6.0,False,79.23750667572023,69.93129867315292,61.89999866485596,64.07499833405018,151.53327037096025,132.36049795150757,112.84000039100648,159.3199963029474,17.33750801086427
2712783,True,A,Monterey,2.401807259127682,-121.595908,36.773069,83.57216907874543,0.1291180434989993,,T20,not_flooded,0.0,1.0,0.0,0.0,0.0,-14.112415163940698,-13.728885589171965,0.3835295747687333,-0.4114268238740095,0.2492463288923466,0.7960711854517163,0.0790382664664686,0.1654883534449932,0.0864500869785245,4.0,7.0,False,79.23750667572023,92.65779983997344,72.06999945640564,67.56999816000462,151.53327037096025,195.52149724960327,133.6099991798401,152.74999651312828,25.08780167996882
2716563,True,A,Monterey,30.90929238829117,-121.622664,36.743372,54.0064846830251,0.7217683714389376,,T20,not_flooded,0.0,0.6235861543398042,0.0084279239531525,0.0388456601957324,0.0,-12.522318600080933,-11.883932775032491,0.6383858250484398,1.2913753158836023,0.0095885809401572,0.7032478341087759,0.4510433980187266,0.4920708471014899,0.0410274490827632,3.0,6.9143996670944965,False,79.23750667572023,75.66589742898941,64.09000062942505,64.07499833405018,151.53327037096025,145.40639805793762,114.23000001907349,159.3199963029474,15.162508341670048
2712749,True,A,Monterey,22.52217150603559,-121.612321,36.736768,47.19370923529993,0.169637936593531,,T20,not_flooded,0.0,1.0,0.0105386779813954,0.0324425969231193,0.0008782231651162,-13.86216920199962,-12.820125450954627,1.042043751044993,1.3479751599862606,0.2200723931409049,0.6494821927338227,0.094490239588762,0.2028083115378051,0.108318071949043,3.016338394883575,7.0,False,79.23750667572023,75.66589742898941,63.58000099658966,64.07499833405018,151.53327037096025,145.40639805793762,110.67000007629396,159.3199963029474,15.657505679130566
2712710,False,B,Monterey,15.24855606383653,-121.62971,36.761284,,,2023-01-22,T20 > X,not a unit (sequence B/C),,,,,,,,,,,,,,,,,False,,,,,,,,,
2717341,False,B,Monterey,16.74699629085119,-121.585624,36.686437,,,2022-10-02,T20 > T30 > T30,not a unit (sequence B/C),,,,,,,,,,,,,,,,,False,,,,,,,,,
2712663,True,A,Monterey,22.77520825519454,-121.555283,36.649382,33.03541258789706,0.4585396045010777,,T20,not_flooded,0.0,1.0,0.0062773483826115,0.0265202633623686,0.0,-15.304059353775909,-15.017682072341984,0.2863772814339214,1.1664611086655017,0.5756826019983914,0.9831820226557068,0.1281050094624797,0.2099990097939389,0.0818940003314591,4.0,7.0,False,79.23750667572023,76.20259749889374,57.86999934911728,64.07999862823635,151.53327037096025,152.93039798736572,81.25,150.48499644175172,21.367507326602947
2718782,True,A,Monterey,12.867805516412808,-121.575373,36.67786,47.42087298801637,0.3550533018058822,,T20,unknown,0.0,0.0,0.0219926510451177,0.0182398650683693,0.0,-14.74774170229842,-14.257893300966757,0.4898484013316633,0.9737324108283244,0.4083549183784107,0.9845310523462442,0.0666944692596998,0.1381516893791201,0.0714572201194202,3.0,7.0,False,79.23750667572023,71.53239694237709,59.09000086784363,64.07999862823635,151.53327037096025,128.10999476909635,85.97000169754028,150.48499644175172,20.1475058078766
2712311,True,A,Monterey,9.017124381365466,-121.611136,36.767299,76.50263509578804,0.806860694809908,,T20,unknown,0.0,0.0311973308568087,0.0043855123310287,0.0219275616551439,0.0,-13.337030752395671,-12.498348571024303,0.8386821813713681,1.1849526714458989,0.0960685171808894,0.4567296116671823,0.2726829871587834,0.4240909137272032,0.1514079265684198,4.0,6.309230213600242,False,79.23750667572023,75.66589742898941,68.02000212669373,64.07499833405018,151.53327037096025,145.40639805793762,126.1800012588501,159.3199963029474,15.162508341670048
2717353,True,A,Monterey,24.508184313174453,-121.643853,36.761026,36.831278194679776,2.0376393784398417,,T20,not_flooded,0.0,1.0,0.0111206997379459,0.0042674657891492,0.0008060768712837,-14.616180656884696,-13.68537734923292,0.9308033076517752,1.9075553701074932,0.4498446326344171,0.760212677850588,0.0940849824623923,0.2400506614951298,0.1459656790327375,3.0,6.514558380512536,False,79.23750667572023,75.66589742898941,65.23000073432922,64.07499833405018,151.53327037096025,145.40639805793762,119.18000078201294,159.3199963029474,15.162508341670048
2712282,True,A,Monterey,15.388896005700662,-121.603991,36.711017,37.81343305773974,0.4642187903922393,,T20,not_flooded,0.0,0.7729448637971521,0.0,0.0868211273141383,0.0,-11.598564570322818,-10.940490187120671,0.6580743832021465,0.996481783546134,0.0107128100214659,0.7310711802231249,0.1552466276354273,0.205373327407047,0.0501266997716197,2.0049230552168265,6.821167625747026,False,79.23750667572023,73.9185996055603,60.01999914646149,64.07499833405018,151.53327037096025,145.1719937324524,97.70000004768372,159.3199963029474,19.21750752925874
2712026,True,A,Monterey,22.02534843399636,-121.626304,36.745648,53.20277258890447,1.0661690231582468,,T20,unknown,0.0,5.28169014084507e-05,0.0015915492957746,0.0191971830985915,0.0,-13.583375365646672,-12.74369329092809,0.8396820747185831,1.1269575597814183,0.1282852112676056,0.6233239436619719,0.3870670704601306,0.4375101736637594,0.0504431032036287,3.0,6.684225352112676,False,79.23750667572023,75.66589742898941,64.09000062942505,64.07499833405018,151.53327037096025,145.40639805793762,114.23000001907349,159.3199963029474,15.162508341670048
2722355,True,A,Monterey,8.65809038246627,-121.622751,36.768983,86.37219797142559,1.7430909024287504,,T20,not_flooded,0.0,0.8749664441541243,0.0,0.0002594985414392,0.0,-10.291318881721844,-9.182765145909077,1.1085537358127695,1.4359876336166693,0.0232743346994291,0.1617928664745781,0.1873218940900398,0.3339506150315235,0.1466287209414837,4.0,7.0,False,79.23750667572023,75.66589742898941,70.77000164985657,64.07499833405018,151.53327037096025,145.40639805793762,136.0199999809265,159.3199963029474,15.162508341670048
2722358,False,B,Monterey,36.51978829722809,-121.639314,36.757226,,,2023-01-22,T20 > X,not a unit (sequence B/C),,,,,,,,,,,,,,,,,False,,,,,,,,,
2716617,False,B,Monterey,28.03246869107517,-121.578685,36.693406,,,2022-10-27,T20 > G6,not a unit (sequence B/C),,,,,,,,,,,,,,,,,False,,,,,,,,,
2711800,True,A,Monterey,5.210270875095283,-121.553191,36.664337,39.315700440892655,0.6730526632328604,,T20,not_flooded,0.0,1.0,0.005570532775287,0.0,0.0,-11.284999292413206,-10.481186357922455,0.8038129344907485,0.127426516726322,0.0,0.0009532462503165,0.6146100220668302,0.455324166841516,-0.1592858552253142,4.0,8.95062482312814,True,79.23750667572023,76.20259749889374,58.0600004196167,64.07999862823635,151.53327037096025,152.93039798736572,81.42999935150146,150.48499644175172,21.177506256103527
2723845,True,A,Monterey,5.179986221931061,-121.612117,36.755256,62.90421772430011,0.1514085935587856,,T20,not_flooded,0.0,0.8844547563805103,0.0,0.0250130978220193,0.0,-13.384197360634673,-12.595815298963483,0.7883820616711894,0.2982055498253881,0.0754135169523239,0.5009954344734676,0.1017275660574864,0.1325799193738749,0.0308523533163884,3.677613951051568,7.0,False,79.23750667572023,75.66589742898941,66.13000011444092,64.07499833405018,151.53327037096025,145.40639805793762,119.739999294281,159.3199963029474,15.162508341670048
2725417,True,A,Monterey,42.93547183215965,-121.571432,36.660709,32.47683191364772,1.3667926133201125,,T20,not_flooded,0.0,0.6728325433925154,0.019385183819409,0.0417258670368723,0.001446115913421,-13.360841082449388,-12.958002071855784,0.4028390105936044,0.903630833956342,0.1254794778075435,0.8183172272173476,0.1756170622453783,0.2261721366690513,0.050555074423673,3.0,8.094876049789766,False,79.23750667572023,71.53239694237709,57.64999878406525,64.07999862823635,151.53327037096025,128.10999476909635,81.36999893188477,150.48499644175172,21.58750789165498
2711691,True,A,Monterey,28.047889718594607,-121.650635,36.744516,43.11042446998383,1.9630697431005029,,T20,not_flooded,0.0,1.0,0.0066790834429473,0.0278548453061269,0.0,-12.229497324862669,-11.957866046096456,0.2716312787662129,0.2478400894633008,0.0255115011771988,0.4792553250284627,0.4121540575260286,0.395908143819726,-0.0162459137063025,3.0,6.0,False,79.23750667572023,69.93129867315292,62.92999839782715,64.07499833405018,151.53327037096025,132.36049795150757,116.32999873161316,159.3199963029474,16.307508277893078
2711665,True,A,Monterey,27.724296265392933,-121.608344,36.735907,47.20331329230764,0.1850294370050179,,T20,not_flooded,0.0,1.0,0.0028520219997147,0.0195363506980463,0.0,-14.520545079193267,-13.355640028931363,1.1649050502619025,1.974945896238033,0.3395304229660471,0.7619456382238055,0.4114891905144194,0.4687652885588025,0.0572760980443831,2.334064047466594,7.0,False,79.23750667572023,75.66589742898941,63.58000099658966,64.07499833405018,151.53327037096025,145.40639805793762,110.67000007629396,159.3199963029474,15.657505679130566
2717366,True,A,Monterey,13.177270955251334,-121.613675,36.716358,32.90400870885634,0.0603058087904359,,T20,not_flooded,0.0,1.0,0.0030007943279103,0.0301373893089347,0.0,-10.572506255069552,-9.076852894252896,1.4956533608166556,1.6730441669815104,0.0015003971639551,0.3042275896560854,0.1590867836146373,0.240585662381471,0.0814988787668337,2.0,7.03318525492042,False,79.23750667572023,68.79999887943268,60.4399995803833,64.07499833405018,151.53327037096025,115.69179797172546,101.09000015258788,159.3199963029474,18.797507095336925
2711595,True,A,Monterey,17.666037470509835,-121.575516,36.686553,54.46859201220982,0.2597783249557899,,T20,unknown,0.0,0.3412025260942021,0.0059819314095254,0.029887729146566,0.0,-15.231659697144469,-14.75570947037359,0.4759502267708768,1.573018707293512,0.6035479343917199,0.9473642662924304,0.1421943051003212,0.2519812958815434,0.1097869907812221,3.0,7.297570388562404,False,79.23750667572023,71.53239694237709,59.56000077724457,64.07999862823635,151.53327037096025,128.10999476909635,93.0600004196167,150.48499644175172,19.67750589847566
2716639,False,B,Monterey,7.410317376310019,-121.678106,36.628199,,,2022-11-03,T20 > T30,not a unit (sequence B/C),,,,,,,,,,,,,,,,,False,,,,,,,,,
2711524,True,A,Monterey,15.05504276287906,-121.590935,36.669294,32.66053559357797,0.4027717301589439,,T20,not_flooded,0.0,1.0,0.0114487282628875,0.1046424077397528,0.0,-14.845416093102555,-14.29227913362218,0.5531369594803763,0.5232187639575976,0.4208954762052107,0.8858994987313571,0.0630455412669765,0.1388238198356429,0.0757782785686663,3.0,7.0,False,79.23750667572023,71.53239694237709,58.27999925613403,64.07999862823635,151.53327037096025,128.10999476909635,88.69999980926514,150.48499644175172,20.957507419586193
2711478,False,B,Monterey,6.496743564709731,-121.557502,36.650683,,,2022-10-18,T20 > T30 > T4,not a unit (sequence B/C),,,,,,,,,,,,,,,,,False,,,,,,,,,
2711438,True,A,Monterey,3.148853347574614,-121.629043,36.733525,46.54435956231478,1.6609616363185844,,T20,not_flooded,0.0,1.0,0.0,0.0,0.0,-11.413980153417542,-10.716786126191604,0.6971940272259385,1.220613580068278,0.0,0.1334729064039408,0.1290941595996322,0.2234258877463967,0.0943317281467645,3.0,7.0,False,79.23750667572023,75.66589742898941,62.13999974727631,64.07499833405018,151.53327037096025,145.40639805793762,109.0400004386902,159.3199963029474,17.097506928443913
2722380,False,B,Monterey,19.046496078788167,-121.600581,36.712284,,,2022-12-13,T20 > X,not a unit (sequence B/C),,,,,,,,,,,,,,,,,False,,,,,,,,,
2716656,True,A,Monterey,38.82583669054589,-121.611979,36.718904,34.56180551602892,0.1193677626867679,,T20,not_flooded,0.0,1.0,0.0035646743764815,0.0182727005853255,0.0,-11.62248681923477,-10.216258754340194,1.4062280648945755,1.924552569095022,0.0437027081540179,0.4807757210727175,0.145180342581578,0.2268597531534397,0.0816794105718617,2.0,6.692056068234061,False,79.23750667572023,68.79999887943268,60.4399995803833,64.07499833405018,151.53327037096025,115.69179797172546,101.09000015258788,159.3199963029474,18.797507095336925
2722383,False,B,Monterey,3.083595642760939,-121.599445,36.705566,,,2022-10-11,T20 > G6,not a unit (sequence B/C),,,,,,,,,,,,,,,,,False,,,,,,,,,
2711060,True,A,Monterey,11.578624624499776,-121.58893,36.681764,41.41192714661512,0.607471830241863,,T20,not_flooded,0.0,0.8972729040520872,0.0340836702808902,0.0542267640294234,0.0,-15.290926018430469,-14.575066400150064,0.7158596182804047,0.984080507751928,0.6586469795417504,0.9633012143522892,0.0829625086560598,0.2167352027057761,0.1337726940497162,3.0,7.0,False,79.23750667572023,71.53239694237709,58.60000026226044,64.07999862823635,151.53327037096025,128.10999476909635,91.23999905586244,150.48499644175172,20.63750641345979
2725421,False,B,Monterey,24.84909870561308,-121.660018,36.732478,,,2022-10-02,T20 > T30,not a unit (sequence B/C),,,,,,,,,,,,,,,,,False,,,,,,,,,
2722386,True,A,Monterey,22.530673288165083,-121.602328,36.724188,44.67704310909198,0.7216481255217693,,T20,not_flooded,0.0,0.9947323119297642,0.0,0.039194353589258,0.0,-6.477483845359134,-6.811010458127516,-0.3335266127683818,0.5285751057921777,0.0,0.8569392322258564,0.1646209399668921,0.202665151874279,0.0380442119073869,2.0,7.0,False,79.23750667572023,73.9185996055603,62.29999840259552,64.07499833405018,151.53327037096025,145.1719937324524,105.98999977111816,159.3199963029474,16.937508273124706
2710942,False,B,Monterey,5.885855382506604,-121.568538,36.68906,,,2022-10-18,T20 > G6,not a unit (sequence B/C),,,,,,,,,,,,,,,,,False,,,,,,,,,
2716677,False,B,Monterey,17.343160861339374,-121.573202,36.687135,,,2022-10-19,T20 > G6,not a unit (sequence B/C),,,,,,,,,,,,,,,,,False,,,,,,,,,
2717377,True,A,Monterey,14.649474757831408,-121.603257,36.712644,38.73482857335432,0.526358657394773,,T20,not_flooded,0.0,0.9922827335425852,0.0,0.0378029609320001,0.0,-11.059978221784029,-10.847332844009122,0.2126453777749049,0.1660828113924903,8.468879514309756e-05,0.7773690367178855,0.1618071739870902,0.2106132401167237,0.0488060661296334,2.0,6.221736437883412,False,79.23750667572023,73.9185996055603,60.01999914646149,64.07499833405018,151.53327037096025,145.1719937324524,97.70000004768372,159.3199963029474,19.21750752925874
2716683,True,A,Monterey,10.933061410719192,-121.57197,36.693854,64.44677123770053,0.5210786068126535,,T20,not_flooded,0.0,1.0,0.0036043819086937,0.0036114632091037,0.0,-15.721090083441387,-15.027588763913482,0.6935013195279058,1.1171057547083674,0.811339994476586,0.996473512395816,0.1357379787322741,0.2892153881312376,0.1534774093989635,3.0,7.333366379401913,False,79.23750667572023,73.9185996055603,61.49999821186066,64.07999862823635,151.53327037096025,145.1719937324524,94.97000074386597,150.48499644175172,17.73750846385957
2710825,True,A,Monterey,3.961290453571468,-121.593411,36.682776,38.58168618111658,0.9536399990705656,,T20,not_flooded,0.0,1.0,0.0,0.0499627728359261,0.0,-14.025123567818014,-13.057224553580904,0.9678990142371084,1.500032347991768,0.2274187860025863,0.4827187585720444,0.1283365185627816,0.2776429146233945,0.1493063960606129,3.0,7.0,False,79.23750667572023,71.53239694237709,58.60000026226044,64.07999862823635,151.53327037096025,128.10999476909635,91.23999905586244,150.48499644175172,20.63750641345979
2710761,True,A,Monterey,12.739715687137505,-121.611376,36.754114,57.46458371365748,0.0853442224571197,,T20,unknown,0.0,0.4040128567254311,0.004742134995617,0.0215739748709457,0.0,-11.488102988834294,-11.661942839756032,-0.1738398509217393,0.3084910699837895,0.0031046069932794,0.3752130612642448,0.083656672599965,0.1993394066128176,0.1156827340128525,3.534911610012663,7.0,False,79.23750667572023,75.66589742898941,66.13000011444092,64.07499833405018,151.53327037096025,145.40639805793762,119.739999294281,159.3199963029474,15.162508341670048
2722389,True,A,Monterey,4.078113293240101,-121.626576,36.772235,93.97235285572904,2.217267986300341,,T20,not_flooded,0.0,1.0,0.0194191409078781,0.0097190989823531,0.0,-11.111008940085831,-10.716355022261656,0.3946539178241774,0.9666547304319232,0.0,0.028833326980981,0.2586469077916753,0.3316798735362126,0.0730329657445373,4.0,7.0,False,79.23750667572023,75.66589742898941,70.0699987411499,64.07499833405018,151.53327037096025,145.40639805793762,133.8099970817566,159.3199963029474,15.162508341670048
2716695,True,A,Monterey,8.247389890139171,-121.619011,36.774565,91.13465044368483,1.641449867104605,,T20,not_flooded,0.0,0.9428321875352192,0.0,0.0071847176828581,0.0,-11.598617845605656,-11.0049408817847,0.5936769638209558,0.5537932456670198,0.0,0.0417652804387843,0.1525127854733311,0.2353091904812136,0.0827964050078825,4.0,6.996769224989669,False,79.23750667572023,88.0411993265152,70.77000164985657,64.07499833405018,151.53327037096025,177.53199672698975,136.0199999809265,159.3199963029474,23.96620099246502
2710593,True,A,Monterey,10.401586583705296,-121.644385,36.74482,50.430367020147145,2.155810890636901,,T20,not_flooded,0.0,1.0,0.0,0.0252994814947255,0.0,-12.18230297427639,-11.587711940474252,0.5945910338021374,0.3927846339463645,0.0109213898325287,0.1492416115382323,0.2371807468206826,0.2355840826058835,-0.001596664214799,3.0,6.077254305977713,False,79.23750667572023,75.66589742898941,62.43000054359436,64.07499833405018,151.53327037096025,145.40639805793762,113.80999970436096,159.3199963029474,16.807506132125866
2710539,True,A,Monterey,7.007761135792172,-121.67107,36.626312,14.092899757454804,0.2152934633077463,,T20,not_flooded,0.0,1.0,0.0,0.0623795494318056,0.0,-13.12295023652285,-12.376895484319112,0.7460547522037384,1.326637576506604,0.0141217907538267,0.5835345457767537,0.579954224279897,0.5297326758035847,-0.0502215484763122,2.0,7.0,False,79.23750667572023,71.37129786610603,54.12999987602234,69.01499871443957,151.53327037096025,131.64919638633728,88.56999897956848,159.37999580148607,25.107506799697887
2710464,True,A,Monterey,11.37305055777757,-121.555298,36.652399,32.04806146147263,0.3344711805627223,,T20,not_flooded,0.0,1.0,0.008038070045065,0.03714283766371,0.0017930554892723,-14.226243969998364,-13.724170983978222,0.502072986020142,1.174950460801993,0.2700150671202712,0.7978483334128736,0.1632294224818309,0.27540558310241,0.112176160620579,4.0,7.0,False,79.23750667572023,76.20259749889374,57.86999934911728,64.07999862823635,151.53327037096025,152.93039798736572,81.25,150.48499644175172,21.367507326602947
2709995,True,A,Monterey,0.441280531174219,-121.617728,36.776125,121.14483427867464,1.6175744825206204,,T20,unknown,0.0,0.0,0.0,0.0,0.0,-12.12595808313258,-12.195755481813311,-0.069797398680734,-0.6505399053793841,0.0,0.0,0.1792831255287832,0.2303904086728109,0.0511072831440277,4.0,7.0,False,79.23750667572023,88.0411993265152,70.77000164985657,64.07499833405018,151.53327037096025,177.53199672698975,136.0199999809265,159.3199963029474,23.96620099246502
2722411,True,A,Monterey,8.025400716547923,-121.583208,36.779979,93.03341290816088,0.0650583707833376,,T20,not_flooded,0.0,0.7939529675251957,0.0049233501950032,0.0,0.0,-13.668040251535926,-12.992326388364964,0.6757138631709605,0.9348865206356988,0.1442831215970961,0.4991890952619993,0.0799277489995824,0.2299379613972621,0.1500102123976796,4.0,7.0,False,79.23750667572023,92.65779983997344,76.43000030517578,67.56999816000462,151.53327037096025,195.52149724960327,133.25999975204468,152.74999651312828,25.08780167996882
2717400,False,B,Monterey,4.159808092731156,-121.619602,36.767476,,,2023-01-06,T20 > X,not a unit (sequence B/C),,,,,,,,,,,,,,,,,False,,,,,,,,,
2709503,True,A,Monterey,16.31424908765158,-121.597818,36.720368,38.249259998590006,0.8920815216979163,,T20,not_flooded,0.0,0.6873998564113294,0.0,0.0298540815792851,0.0,-9.201577340672957,-8.868825191885403,0.332752148787554,0.50219323334656,0.0,0.506920308287729,0.5102997135617366,0.4952605454051545,-0.0150391681565821,2.0,7.0,False,79.23750667572023,73.9185996055603,61.21999979019165,67.56999816000462,151.53327037096025,145.1719937324524,102.13999915122986,152.74999651312828,18.017506885528576
2709445,True,A,Monterey,2.165263433811911,-121.604564,36.709922,37.17501627407087,0.4278952553937819,,T20,not_flooded,0.0,1.0,0.0,0.0023678828974276,0.0,-9.476642285791048,-9.342795733401868,0.1338465523891798,1.2719285277295214,0.0,0.8141570695655292,0.52819171239741,0.5223006203070836,-0.0058910920903264,2.116385032109928,7.0,False,79.23750667572023,73.9185996055603,60.01999914646149,64.07499833405018,151.53327037096025,145.1719937324524,97.70000004768372,159.3199963029474,19.21750752925874
2725422,True,A,Monterey,33.24579013450068,-121.602139,36.707081,28.99209101946365,0.0615217206573697,,T20,unknown,0.0,0.3978463790820418,0.0,0.0275671870046065,0.0,-8.392087971702443,-8.047681829838403,0.3444061418640398,0.7959485440538892,0.0,0.5069331766724483,0.4879800954808579,0.4970711019028681,0.0090910064220101,2.879420074973424,6.941809339972771,False,79.23750667572023,73.9185996055603,59.58000016212464,64.07499833405018,151.53327037096025,145.1719937324524,97.88000059127808,159.3199963029474,19.657506513595585
2722427,False,B,Monterey,23.383913151884204,-121.588289,36.696522,,,2022-10-26,T20 > X,not a unit (sequence B/C),,,,,,,,,,,,,,,,,False,,,,,,,,,
2725423,False,B,Monterey,32.43588561380068,-121.570751,36.697592,,,2022-10-11,T20 > G6,not a unit (sequence B/C),,,,,,,,,,,,,,,,,False,,,,,,,,,
2709266,True,A,Monterey,17.228643907408678,-121.580724,36.683625,48.67014484931805,0.4184632643352406,,T20,unknown,0.0,0.0729553400857874,0.0295299715243484,0.0313187110262048,0.0007389251342681,-14.702271269630115,-14.157225349594704,0.5450459200354114,1.0458857134257291,0.4207547849908086,0.9094681541289696,0.1433384990537745,0.2541463974889744,0.1108078984351998,3.0,7.0,False,79.23750667572023,71.53239694237709,59.56000077724457,64.07999862823635,151.53327037096025,128.10999476909635,93.0600004196167,150.48499644175172,19.67750589847566
2709265,True,A,Monterey,16.052487125484454,-121.578529,36.684701,50.85308104701562,0.3405799877939189,,T20,unknown,0.0,0.2388865506581716,0.0190122345906564,0.0349089783221823,0.0037347188559762,-15.172826659111688,-14.250732110850596,0.9220945482610928,1.4501183644942568,0.5895776187780888,0.9584536715866264,0.1439434999883636,0.2553040389680386,0.1113605389796749,3.0,7.0,False,79.23750667572023,71.53239694237709,59.56000077724457,64.07999862823635,151.53327037096025,128.10999476909635,93.0600004196167,150.48499644175172,19.67750589847566
2709264,True,A,Monterey,17.06395457349719,-121.576577,36.685996,53.22332754338647,0.2948517964185228,,T20,unknown,0.0,0.3381620086561173,0.0156374443063956,0.0144268621802311,0.0,-15.27518413364446,-14.366393060356437,0.9087910732880252,1.4826614717612756,0.5840330589043776,0.9779091517278102,0.1410356948567652,0.2627243808738239,0.1216886860170587,3.0,7.0,False,79.23750667572023,71.53239694237709,59.56000077724457,64.07999862823635,151.53327037096025,128.10999476909635,93.0600004196167,150.48499644175172,19.67750589847566
2709232,True,A,Monterey,19.664208444239307,-121.559214,36.680455,50.45000055017589,1.2989282116640304,,T20,unknown,0.0,0.376145521165243,0.0030205038911197,0.0207289482723902,0.0,-13.676434127512175,-13.395671614409313,0.2807625131028644,0.856140487610384,0.1289103680276701,0.8876609454769435,0.1770854882997701,0.2296260149159347,0.0525405266161645,3.0,9.0,False,79.23750667572023,76.20259749889374,59.5,64.07999862823635,151.53327037096025,152.93039798736572,86.0799994468689,150.48499644175172,19.737506675720226
2709218,False,B,Monterey,12.90040919182745,-121.587695,36.677662,,,2022-10-03,T20 > T30 > T30,not a unit (sequence B/C),,,,,,,,,,,,,,,,,False,,,,,,,,,
2723851,True,A,Monterey,11.657205085074054,-121.557411,36.658781,32.370063368332126,0.2569472989175438,,T20,not_flooded,0.0,1.0,3.3282743563117386e-05,0.0,0.0,-10.767648999729778,-10.663923978587585,0.1037250211421945,0.0671978285163543,0.0,0.0152767792954708,0.3728694757287694,0.2922986565532661,-0.0805708191755033,4.0,7.171426098996188,False,79.23750667572023,76.20259749889374,58.0600004196167,64.07999862823635,151.53327037096025,152.93039798736572,81.42999935150146,150.48499644175172,21.177506256103527
2725425,False,B,Monterey,34.76568036433595,-121.685303,36.618174,,,2022-11-04,T20 > T4,not a unit (sequence B/C),,,,,,,,,,,,,,,,,False,,,,,,,,,
2722443,True,A,Monterey,25.667821555499703,-121.588343,36.673201,36.77700039064051,0.0664843233486632,,T20,not_flooded,0.0,1.0,0.0267827170425299,0.0376095154856484,0.0011008253165628,-15.017963202721928,-14.71146775045842,0.3064954522635084,1.2219386910536765,0.5028533755114752,0.8828800493556843,0.1000627950296346,0.2037994624521545,0.1037366674225198,3.0,7.0,False,79.23750667572023,71.53239694237709,58.27999925613403,64.07999862823635,151.53327037096025,128.10999476909635,88.69999980926514,150.48499644175172,20.957507419586193
2722446,True,A,Monterey,18.89319320689746,-121.61371,36.747416,52.71343742040256,0.1941604621468216,,T20,not_flooded,0.0,1.0,0.0,0.0628186983365126,0.0,-11.36724500807454,-10.84394909990358,0.5232959081709598,0.632397444894071,0.0,0.1781839066313867,0.0856947201269542,0.1944804038118062,0.1087856836848519,3.0,7.0,False,79.23750667572023,75.66589742898941,64.80999994277954,64.07499833405018,151.53327037096025,145.40639805793762,115.00999975204468,159.3199963029474,15.162508341670048
2701313,True,A,Monterey,23.038395789009915,-121.597831,36.717239,36.44767296316887,0.5559068156258998,,T20,not_flooded,0.0,0.7881649714928074,0.0025747346172227,0.0708876607947011,0.0,-10.266314176439408,-10.173996150054812,0.0923180263845946,0.4659224742053567,0.0077242038516683,0.4794828990502089,0.2340546034050097,0.3182198529992155,0.0841652495942058,2.0,7.0,False,79.23750667572023,73.9185996055603,61.21999979019165,67.56999816000462,151.53327037096025,145.1719937324524,102.13999915122986,152.74999651312828,18.017506885528576
2719232,True,A,Monterey,4.020014066116352,-121.610235,36.772663,89.60089838447796,0.8468284115771418,,T20,not_flooded,0.0,1.0,0.0,0.0,0.0,-11.275928034750052,-10.67306633475891,0.6028616999911414,1.1787451729758835,0.0,0.243656486194663,0.279847610173263,0.3335516827033591,0.0537040725300961,4.0,7.0,False,79.23750667572023,88.0411993265152,71.13000178337097,64.07499833405018,151.53327037096025,177.53199672698975,134.32999849319458,159.3199963029474,23.96620099246502
2722450,True,A,Monterey,23.15384293655372,-121.6024,36.722245,43.24371961036337,0.7152444336310124,,T20,not_flooded,0.0,1.0,0.0,0.0557756914182741,0.0,-5.757158114045016,-6.027996162263038,-0.2708380482180219,0.4235785345605061,0.0,0.6489367047056971,0.1676393974971049,0.2120451562359584,0.0444057587388535,2.0,6.97266816947075,False,79.23750667572023,73.9185996055603,61.21999979019165,64.07499833405018,151.53327037096025,145.1719937324524,102.13999915122986,159.3199963029474,18.017506885528576
2725427,True,A,Monterey,17.892731890630667,-121.575317,36.668045,38.097961079751215,1.1355864853391542,,T20,not_flooded,0.0,1.0,0.0,0.0244600200257473,0.0,-12.49661256595299,-11.90219366376556,0.5944189021874298,0.8953370183236959,0.0132161263615991,0.822399361950213,0.5793134081426229,0.5958996289536721,0.0165862208110492,3.0,6.988946827739564,False,79.23750667572023,71.53239694237709,58.4200005531311,64.07999862823635,151.53327037096025,128.10999476909635,83.59999990463257,150.48499644175172,20.817506122589123
2717049,False,B,Monterey,27.88034949882657,-121.619678,36.624439,,,2022-10-10,T20 > T30 > T30,not a unit (sequence B/C),,,,,,,,,,,,,,,,,False,,,,,,,,,
2701450,True,A,Monterey,9.246900042105729,-121.655931,36.746896,40.78355591118239,2.1865058622860216,,T20,not_flooded,0.0,1.0,0.0,0.0161826664544715,0.0,-5.680603744006157,-5.100413322434128,0.5801904215720288,0.8599812599141625,0.0,0.7238895357115936,0.2067647199394011,0.2164073618108006,0.0096426418713994,3.0,6.0,False,79.23750667572023,69.93129867315292,62.92999839782715,64.07499833405018,151.53327037096025,132.36049795150757,116.32999873161316,159.3199963029474,16.307508277893078
2717058,True,A,Monterey,24.14101763366336,-121.62213,36.745262,55.15401079269757,0.6935615460007029,,T20,not_flooded,0.0,0.6991493174308038,0.0055267070652575,0.0234523775116651,0.0,-12.399655719481158,-11.442364035579065,0.9572916839020936,1.3337899281718784,0.0100900137123992,0.6670873515159107,0.4371302137838853,0.4764518244928245,0.0393216107089392,3.0,6.999958252648552,False,79.23750667572023,75.66589742898941,64.09000062942505,64.07499833405018,151.53327037096025,145.40639805793762,114.23000001907349,159.3199963029474,15.162508341670048
2717069,False,B,Monterey,21.42936654065409,-121.621802,36.622967,,,2022-10-18,T20 > T30,not a unit (sequence B/C),,,,,,,,,,,,,,,,,False,,,,,,,,,
2717084,True,A,Monterey,36.5271677997698,-121.55553,36.656805,33.68950722212354,0.0115243280964492,,T20,not_flooded,0.0,0.9983665128767216,0.0021666539216435,0.0352591063189824,0.0,-15.068163659409487,-14.034138565718232,1.0340250936912572,1.430749868381449,0.5197059298343998,0.8500866661568659,0.1777237325676607,0.3147795171256622,0.1370557845580014,4.0,7.071939282710103,False,79.23750667572023,76.20259749889374,58.0600004196167,64.07999862823635,151.53327037096025,152.93039798736572,81.42999935150146,150.48499644175172,21.177506256103527
2717088,False,B,Monterey,26.896968628426546,-121.559767,36.648244,,,2022-10-18,T20 > T30 > T4,not a unit (sequence B/C),,,,,,,,,,,,,,,,,False,,,,,,,,,
2717448,False,B,Monterey,11.548990649921016,-121.553193,36.651531,,,2022-10-18,T20 > X,not a unit (sequence B/C),,,,,,,,,,,,,,,,,False,,,,,,,,,
2725430,False,B,Monterey,48.60431004212703,-121.63644,36.743926,,,2022-12-06,T20 > T30,not a unit (sequence B/C),,,,,,,,,,,,,,,,,False,,,,,,,,,
2722478,True,A,Monterey,17.061098819044773,-121.558118,36.653441,31.502079782673373,0.0656888740128333,,T20,not_flooded,0.0,1.0,0.0104450168849728,0.0294872611754853,0.0,-13.81609376449692,-13.107491164546966,0.7086025999499537,0.66392464759649,0.1162650986246256,0.7578349004651334,0.1485906723752821,0.2474106556160944,0.0988199832408123,3.846983916039357,7.0,False,79.23750667572023,76.20259749889374,57.86999934911728,64.07999862823635,151.53327037096025,152.93039798736572,81.25,150.48499644175172,21.367507326602947
2723855,True,A,Monterey,7.30447026726625,-121.571175,36.648179,25.01974537427329,0.7671494339927387,,T20,not_flooded,0.0,1.0,0.0397959183673469,0.0383078231292517,0.0048788265306122,-11.135479071995508,-11.720053797404008,-0.5845747254085012,0.0563732807097387,0.0,0.0066539115646258,0.5334885707424422,0.5365885867292164,0.0031000159867742,3.506717687074832,7.147852891156462,False,79.23750667572023,71.53239694237709,56.74000024795532,64.07999862823635,151.53327037096025,128.10999476909635,83.29999995231628,150.48499644175172,22.497506427764904
2722482,True,A,Monterey,27.295529432607637,-121.585908,36.674571,39.02933461444757,0.1405997635390338,,T20,not_flooded,0.0,1.0,0.0239688910760968,0.027880263640734,0.0007680513399651,-15.341571128860007,-14.811880483350793,0.5296906455092145,1.3529914999114734,0.5901336693794996,0.964760666668563,0.0842670203687445,0.198149158808489,0.1138821384397444,3.0,6.992746181789217,False,79.23750667572023,71.53239694237709,58.27999925613403,64.07999862823635,151.53327037096025,128.10999476909635,88.69999980926514,150.48499644175172,20.957507419586193
2713002,True,A,Monterey,16.5251025937266,-121.654915,36.745159,40.67895096579883,2.009089860900879,,T20,not_flooded,0.0,1.0,0.0092457580630793,0.0197808586552391,0.0,-14.481179492978706,-13.966879084432357,0.5143004085463492,0.5699555300246022,0.3809843075292915,0.8184746374603235,0.4403085389972377,0.3997013900060425,-0.0406071489911951,3.0,6.0,False,79.23750667572023,69.93129867315292,62.92999839782715,64.07499833405018,151.53327037096025,132.36049795150757,116.32999873161316,159.3199963029474,16.307508277893078
2722487,True,A,Monterey,22.253393564227835,-121.612455,36.7496,54.356920761509045,0.1815573049033695,,T20,not_flooded,0.0,1.0,0.0002123948036392,0.0551704207158053,1.7409410134365823e-05,-11.845467097414666,-11.553605954660574,0.291861142754092,0.5223188406993291,0.0072040139136005,0.3405002071719807,0.088339723212345,0.1902832480555492,0.1019435248432042,3.0,7.0,False,79.23750667572023,75.66589742898941,64.80999994277954,64.07499833405018,151.53327037096025,145.40639805793762,115.00999975204468,159.3199963029474,15.162508341670048
2712505,True,A,Monterey,2.895159841046956,-121.62811,36.732973,46.96741593488708,1.5777654390078029,,T20,not_flooded,0.0,1.0,0.0,0.0,0.0,-10.940039123021403,-10.899009304719836,0.0410298183015687,0.080181676607248,0.0,0.0068252991086962,0.3986251854190752,0.2858287285529667,-0.1127964568661084,3.0,7.0,False,79.23750667572023,75.66589742898941,62.13999974727631,64.07499833405018,151.53327037096025,145.40639805793762,109.0400004386902,159.3199963029474,17.097506928443913
2712382,True,A,Monterey,22.209591679433792,-121.597613,36.664004,27.202387303803917,0.351651602557123,,T20,not_flooded,0.0,1.0,0.0010947922168318,0.0419378871559536,0.0,-15.3202195954935,-14.052135025622322,1.2680845698711778,1.3946276023091055,0.6200406437238327,0.933042787837663,0.1252373255548953,0.2154620002157536,0.0902246746608583,2.6447031993816,7.0,False,79.23750667572023,71.53239694237709,56.97000169754028,64.07999862823635,151.53327037096025,128.10999476909635,85.4500002861023,150.48499644175172,22.267504978179943
2712364,True,A,Monterey,11.05188754996759,-121.590772,36.680654,39.19332710458124,0.6212785639565831,,T20,not_flooded,0.0,1.0,0.0035803292498859,0.0500122854435045,0.0017901646249429,-15.646347204282174,-14.763030905842855,0.8833162984393166,1.0529008614650357,0.7403278458352347,0.9379690406823686,0.0796123628373779,0.1986894134547016,0.1190770506173237,3.0,7.0,False,79.23750667572023,71.53239694237709,58.60000026226044,64.07999862823635,151.53327037096025,128.10999476909635,91.23999905586244,150.48499644175172,20.63750641345979
2723856,False,B,Monterey,5.974115995326799,-121.619027,36.770605,,,2022-10-27,T20 > X,not a unit (sequence B/C),,,,,,,,,,,,,,,,,False,,,,,,,,,
2722494,True,A,Monterey,27.258584477956123,-121.555602,36.674114,44.2983029763392,1.758695481565857,,T20,unknown,0.0,0.197192832764505,0.0036262798634812,0.0381513083048919,0.0,-12.41177288626984,-12.058979757308014,0.3527931289618244,0.8665351253739324,0.0076109215017064,0.74896188850967,0.157706855141046,0.2085796881286137,0.0508728329875676,3.0,9.0,False,79.23750667572023,76.20259749889374,59.5,64.07999862823635,151.53327037096025,152.93039798736572,86.0799994468689,150.48499644175172,19.737506675720226
2725432,False,B,Monterey,10.534087336790211,-121.640807,36.74481,,,2022-12-13,T20 > T4,not a unit (sequence B/C),,,,,,,,,,,,,,,,,False,,,,,,,,,
2710844,False,B,Monterey,1.7529066087868528,-121.617773,36.772228,,,2022-10-27,T20 > X,not a unit (sequence B/C),,,,,,,,,,,,,,,,,False,,,,,,,,,
2710819,False,B,Monterey,1.9326423189084645,-121.618387,36.771501,,,2022-11-03,T20 > X,not a unit (sequence B/C),,,,,,,,,,,,,,,,,False,,,,,,,,,
2723858,True,A,Monterey,8.133776065301593,-121.607035,36.775,101.60459134703584,0.7789180861623162,,T20,unknown,0.0,0.1879433637082107,0.0,0.032212605098028,0.0,-11.577353119617335,-11.160940577291182,0.4164125423261531,0.7129503855894637,0.0,0.1038554193923119,0.2861916675776745,0.3389046814995471,0.0527130139218726,4.0,7.0,False,79.23750667572023,88.0411993265152,71.13000178337097,64.07499833405018,151.53327037096025,177.53199672698975,134.32999849319458,159.3199963029474,23.96620099246502
2709954,False,B,Monterey,1.3512312711950425,-121.61808,36.771859,,,2022-11-03,T20 > X,not a unit (sequence B/C),,,,,,,,,,,,,,,,,False,,,,,,,,,
2709913,False,B,Monterey,3.533337342815541,-121.618795,36.767222,,,2023-01-06,T20 > X,not a unit (sequence B/C),,,,,,,,,,,,,,,,,False,,,,,,,,,
2722506,False,B,Monterey,7.500392071236844,-121.617117,36.765744,,,2022-12-22,T20 > X,not a unit (sequence B/C),,,,,,,,,,,,,,,,,False,,,,,,,,,
2722507,False,B,Monterey,3.5788502820034007,-121.632215,36.741263,,,2022-12-13,T20 > T30,not a unit (sequence B/C),,,,,,,,,,,,,,,,,False,,,,,,,,,
2709641,True,A,Monterey,0.9956461982675542,-121.629212,36.731215,45.92206767371378,1.6760844390244811,,T20,not_flooded,0.0,1.0,0.0,0.059598005609224,0.0,-10.921834976453002,-10.19972965415892,0.7221053222940839,0.8235301225712401,0.0,0.0179962605172951,0.3000978223884281,0.3858844705759532,0.0857866481875251,3.0,7.0,False,79.23750667572023,75.66589742898941,62.13999974727631,64.07499833405018,151.53327037096025,145.40639805793762,109.0400004386902,159.3199963029474,17.097506928443913
2709639,True,A,Monterey,2.1955645949669784,-121.628714,36.7321,46.49464510506779,1.6316510251791585,,T20,not_flooded,0.0,1.0,0.0,0.0,0.0,-11.11130704838251,-11.392477264757812,-0.2811702163753029,0.6621570545667996,0.0,0.0308779367602897,0.3255540168394872,0.3807494857989948,0.0551954689595076,3.0,7.0,False,79.23750667572023,75.66589742898941,62.13999974727631,64.07499833405018,151.53327037096025,145.40639805793762,109.0400004386902,159.3199963029474,17.097506928443913
2722510,True,A,Monterey,32.05832119778528,-121.605548,36.718326,41.70970645852461,0.4370070606061815,,T20,not_flooded,0.0,1.0,0.0,0.0241319205208355,0.0,-10.540514796564969,-10.430558609896195,0.1099561866687715,0.6864529027201893,4.8350872612373496e-05,0.3855426055801745,0.1420294015140171,0.191327062924335,0.0492976614103179,2.0,7.073222561484183,False,79.23750667572023,68.79999887943268,60.4399995803833,64.07499833405018,151.53327037096025,115.69179797172546,101.09000015258788,159.3199963029474,18.797507095336925
2717145,True,A,Monterey,7.82087958135266,-121.589636,36.679259,39.00423245356937,0.4450673553787877,,T20,not_flooded,0.0,1.0,0.0582621449666025,0.0703327849681881,0.0,-14.913943208603236,-14.95021757590414,-0.0362743673009049,0.5915481746827194,0.4643727825897369,0.9425504925376093,0.0590096690843908,0.1720934499362235,0.1130837808518326,3.0,6.926704061205479,False,79.23750667572023,71.53239694237709,58.60000026226044,64.07999862823635,151.53327037096025,128.10999476909635,91.23999905586244,150.48499644175172,20.63750641345979
2722576,True,A,Monterey,12.442454697170415,-121.673323,36.625016,14.365851773706249,0.4623659082070462,,T20,not_flooded,0.0,1.0,0.0370569146280579,0.0933100349475786,0.0079568147778332,-12.985357845345334,-13.410572583608603,-0.4252147382632696,1.02536629215896,0.0546555167249126,0.340664003994009,0.5517237055135396,0.5187246857306774,-0.0329990197828621,2.0,6.720837493759362,False,79.23750667572023,71.37129786610603,54.32000017166138,69.01499871443957,151.53327037096025,131.64919638633728,91.1000006198883,159.37999580148607,24.91750650405885
2726299,False,B,Monterey,12.153864401509711,-121.668703,36.62434,,,2022-11-04,T20 > T30,not a unit (sequence B/C),,,,,,,,,,,,,,,,,False,,,,,,,,,
2722579,True,A,Monterey,23.671902190440782,-121.617948,36.621381,20.29307239175202,0.9977045947173876,,T20,not_flooded,0.0,1.0,0.0008358929139226,0.0509730776921488,0.0,-12.80568861005556,-12.43436832859985,0.3713202814557093,0.4523883117464109,0.0280532217935311,0.3517765182929427,0.0886098002043316,0.1728419409654417,0.08423214076111,3.679315420093554,7.998259375932185,False,79.23750667572023,70.22369799017906,55.2400004863739,69.01499871443957,151.53327037096025,129.16409540176392,85.99000000953674,159.37999580148607,23.997506189346325
2725434,True,A,Monterey,6.436438737869787,-121.571902,36.647215,21.781014493535388,0.7506912704164207,,T20,not_flooded,0.0,1.0,0.2650484462071384,0.531628093779808,0.1791756614287862,-11.69084181365946,-13.367425158202208,-1.6765833445427472,-0.2820823642118757,0.0,0.0505749894635438,0.3606781538536636,0.2211266729171231,-0.1395514809365405,3.000445541573846,7.785983502920098,False,79.23750667572023,71.53239694237709,56.74000024795532,64.07999862823635,151.53327037096025,128.10999476909635,83.29999995231628,150.48499644175172,22.497506427764904
2723862,True,A,Monterey,5.288955222396686,-121.573602,36.648135,23.456951888280795,0.9330624710582356,,T20,not_flooded,0.0,1.0,0.0147468002225932,0.0213660193890402,0.003397475324371,-12.141242596992177,-11.745016922865972,0.3962256741262031,0.9342913294825,0.0,0.2134405295375332,0.6155896389360108,0.6002926023578409,-0.0152970365781699,3.2843188940632047,8.955803532202792,False,79.23750667572023,71.53239694237709,56.74000024795532,64.07999862823635,151.53327037096025,128.10999476909635,83.29999995231628,150.48499644175172,22.497506427764904
2725435,True,A,Monterey,36.79630720713228,-121.571081,36.68341,54.88401115747013,0.2675373288283603,,T20,unknown,0.0,0.0344645846245957,0.0059134548490329,0.0091642738783409,0.0,-15.544136770978303,-13.722444199009209,1.8216925719690968,2.2942558293112505,0.7215131698226174,0.917392935898571,0.1048273938094794,0.2159530907483192,0.1111256969388398,3.0,7.900765692264231,False,79.23750667572023,71.53239694237709,59.56000077724457,64.07999862823635,151.53327037096025,128.10999476909635,93.0600004196167,150.48499644175172,19.67750589847566
2722624,False,B,Monterey,10.2943417306066,-121.599718,36.666467,,,2022-10-03,T20 > T30 > T30,not a unit (sequence B/C),,,,,,,,,,,,,,,,,False,,,,,,,,,
2722625,False,B,Monterey,11.553491188103797,-121.59781,36.667461,,,2022-10-03,T20 > T30 > T30,not a unit (sequence B/C),,,,,,,,,,,,,,,,,False,,,,,,,,,
2722626,False,B,Monterey,20.547678101686603,-121.600093,36.669509,,,2022-10-27,T20 > T30 > T30,not a unit (sequence B/C),,,,,,,,,,,,,,,,,False,,,,,,,,,
2722628,True,A,Monterey,19.77345612525683,-121.595659,36.664983,28.603226234732205,0.4194969323813086,,T20,not_flooded,0.0,1.0,0.0140212242846033,0.0814095061544141,0.0,-15.451789830497852,-15.135512897753443,0.3162769327444081,0.7546868569851632,0.6702263033454561,0.9828289096436172,0.0781946857767499,0.1525746870513549,0.0743800012746049,2.6289599157941037,7.0,False,79.23750667572023,71.53239694237709,56.97000169754028,64.07999862823635,151.53327037096025,128.10999476909635,85.4500002861023,150.48499644175172,22.267504978179943
2722629,True,A,Monterey,14.755394172478532,-121.562966,36.652823,29.436202236996493,0.2417421954928219,,T20,not_flooded,0.0,1.0,0.0586566449283372,0.0512561385779026,0.0172853932111144,-13.047593368296493,-13.722080042347924,-0.6744866740514315,-0.3832172607526107,0.0523614773642407,0.4810644938864237,0.2321891968856571,0.3207282561905314,0.0885390593048743,3.0936379857569194,7.0,False,79.23750667572023,76.20259749889374,57.11999976634979,64.07999862823635,151.53327037096025,152.93039798736572,80.00999975204468,150.48499644175172,22.117506909370434
2722630,False,B,Monterey,27.352862262908168,-121.548348,36.657501,,,2023-01-23,T20 > X,not a unit (sequence B/C),,,,,,,,,,,,,,,,,False,,,,,,,,,
2722631,False,B,Monterey,21.644644929912918,-121.55133,36.657733,,,2023-01-07,T20 > X,not a unit (sequence B/C),,,,,,,,,,,,,,,,,False,,,,,,,,,
2722632,False,B,Monterey,23.737827664382195,-121.552228,36.660544,,,2023-01-07,T20 > X,not a unit (sequence B/C),,,,,,,,,,,,,,,,,False,,,,,,,,,
2722635,False,B,Monterey,20.46839216415481,-121.550316,36.662945,,,2023-01-07,T20 > X,not a unit (sequence B/C),,,,,,,,,,,,,,,,,False,,,,,,,,,
2717540,False,B,Monterey,9.325586565538464,-121.587142,36.684835,,,2022-10-18,T20 > T4,not a unit (sequence B/C),,,,,,,,,,,,,,,,,False,,,,,,,,,
2717542,False,B,Monterey,6.919282213768766,-121.588186,36.686005,,,2022-10-18,T20 > T18,not a unit (sequence B/C),,,,,,,,,,,,,,,,,False,,,,,,,,,
2718783,True,A,Monterey,12.190300524582314,-121.576958,36.676983,45.63523118136085,0.3057698288943754,,T20,unknown,0.0,0.0424373627073318,0.034522937824329,0.0301295724427748,0.0016236350323135,-14.039536931097077,-13.75307030055284,0.2864666305442362,0.1996527119568867,0.2056286014453534,0.9350354971188438,0.0724655994893596,0.1501000424666202,0.0776344429772606,3.0,7.0,False,79.23750667572023,71.53239694237709,59.09000086784363,64.07999862823635,151.53327037096025,128.10999476909635,85.97000169754028,150.48499644175172,20.1475058078766
2718971,True,A,Monterey,10.047494844202577,-121.577205,36.679857,48.01589896302993,0.0886047556366101,,T20,unknown,0.0,0.2845970758245496,0.0147754319804642,0.0826095020246669,0.0014373589688108,-14.46386597237948,-13.948060349238382,0.5158056231410981,1.328566781564945,0.2881827455101852,0.8578173781335973,0.0954314880796802,0.187522780390613,0.0920912923109327,3.0,7.0,False,79.23750667572023,71.53239694237709,59.09000086784363,64.07999862823635,151.53327037096025,128.10999476909635,85.97000169754028,150.48499644175172,20.1475058078766
2722636,True,A,Monterey,9.724432343746392,-121.573091,36.683088,53.690532854352405,0.1500753256998632,,T20,unknown,0.0,7.17863637813866e-05,0.0,0.0277573939954694,0.0,-15.000543903582372,-13.942492710242158,1.058051193340214,1.6559051395394615,0.4484733433302493,0.8235411415627093,0.1121190231904298,0.2273104863652376,0.1151914631748078,3.0,7.0,False,79.23750667572023,71.53239694237709,59.56000077724457,64.07999862823635,151.53327037096025,128.10999476909635,93.0600004196167,150.48499644175172,19.67750589847566
2722637,True,A,Monterey,13.779611354977655,-121.575874,36.681775,50.62147181269879,0.0477734547328242,,T20,unknown,0.0,0.4613988717503645,0.0217252864300085,0.0735391083333802,0.0,-15.114979900538197,-14.733499196790897,0.3814807037472985,0.7049381281139855,0.5809752991101363,0.8968682900987922,0.0826222976801628,0.1714663357493207,0.0888440380691579,3.0,7.0,False,79.23750667572023,71.53239694237709,59.09000086784363,64.07999862823635,151.53327037096025,128.10999476909635,85.97000169754028,150.48499644175172,20.1475058078766
2716573,True,A,Monterey,18.056525236488746,-121.574252,36.679242,49.3938009587721,0.3369025726444294,,T20,unknown,0.0,0.0,0.0144351536423385,0.0746189050617666,0.0,-14.703555552918129,-14.287204395460964,0.4163511574571643,0.8911393717886149,0.4341987543443102,0.8545860431506143,0.0866459862773944,0.1650818302366765,0.0784358439592821,3.0,7.0,False,79.23750667572023,71.53239694237709,59.09000086784363,64.07999862823635,151.53327037096025,128.10999476909635,85.97000169754028,150.48499644175172,20.1475058078766
2722638,False,B,Monterey,25.088013977831896,-121.575755,36.696238,,,2022-10-27,T20 > G6,not a unit (sequence B/C),,,,,,,,,,,,,,,,,False,,,,,,,,,
2722640,False,B,Monterey,3.4668181500954627,-121.587993,36.694913,,,2022-11-04,T20 > X,not a unit (sequence B/C),,,,,,,,,,,,,,,,,False,,,,,,,,,
2722679,False,C,Monterey,21.83744791179123,-121.662049,36.738202,,,2023-07-01,T4 > T20,not a unit (sequence B/C),,,,,,,,,,,,,,,,,False,,,,,,,,,
2723866,True,A,Monterey,1.6291202029042515,-121.630585,36.733328,45.49811988593778,1.798486324805194,,T20,not_flooded,0.0,1.0,0.0,0.0,0.0,-10.850355275455405,-11.10540641500054,-0.2550511395451362,-1.3635079335793332,0.0,0.0279992406985573,0.1455563790039014,0.2409003954486824,0.0953440164447809,3.0,7.0,False,79.23750667572023,75.66589742898941,62.13999974727631,64.07499833405018,151.53327037096025,145.40639805793762,109.0400004386902,159.3199963029474,17.097506928443913
2718953,True,A,Monterey,1.897573389250322,-121.62978,36.732775,45.80051017821648,1.7267064563845094,,T20,not_flooded,0.0,1.0,0.0,0.0,0.0,-11.043001485309004,-9.955860409986396,1.0871410753226094,0.8047526714325279,0.0,0.1103763572536533,0.1461408439403538,0.2551916820861696,0.1090508381458157,3.0,7.0,False,79.23750667572023,75.66589742898941,62.13999974727631,64.07499833405018,151.53327037096025,145.40639805793762,109.0400004386902,159.3199963029474,17.097506928443913
2722684,False,B,Monterey,40.892978591911415,-121.595775,36.704553,,,2022-10-18,T20 > G6,not a unit (sequence B/C),,,,,,,,,,,,,,,,,False,,,,,,,,,
2722685,False,B,Monterey,11.03105258319392,-121.600818,36.705136,,,2022-10-18,T20 > G6,not a unit (sequence B/C),,,,,,,,,,,,,,,,,False,,,,,,,,,
2722686,False,B,Monterey,14.209747181427277,-121.595916,36.710782,,,2023-01-30,T20 > X,not a unit (sequence B/C),,,,,,,,,,,,,,,,,False,,,,,,,,,
2722687,False,B,Monterey,10.299804335243364,-121.597359,36.711427,,,2022-12-06,T20 > X,not a unit (sequence B/C),,,,,,,,,,,,,,,,,False,,,,,,,,,
2722688,True,A,Monterey,7.900988759908848,-121.5991,36.712711,29.844980404314786,0.2418425934530487,,T20,not_flooded,0.0,1.0,0.0,0.056876594074946,0.0,-6.231883509151646,-5.691059039219214,0.5408244699324323,1.096576634203159,0.0025014714537963,0.1403472630959388,0.3160791606510565,0.3703399422175981,0.0542607815665415,2.0,6.871336080047085,False,79.23750667572023,73.9185996055603,60.01999914646149,67.56999816000462,151.53327037096025,145.1719937324524,97.70000004768372,152.74999651312828,19.21750752925874
2722689,False,B,Monterey,28.683407521457696,-121.596559,36.713749,,,2022-12-06,T20 > X,not a unit (sequence B/C),,,,,,,,,,,,,,,,,False,,,,,,,,,
2722690,True,A,Monterey,2.632537073399416,-121.593555,36.714277,31.067143113387505,0.283277181123082,,T20,unknown,0.0,0.0,0.0,0.0491900026557289,0.0,-12.362940799484637,-12.792141842786192,-0.4292010433015552,0.2998758488171731,0.0,0.4865885685620701,0.0606641310778224,0.1010580332396553,0.0403939021618328,2.0,7.0,False,79.23750667572023,73.9185996055603,61.21999979019165,67.56999816000462,151.53327037096025,145.1719937324524,102.13999915122986,152.74999651312828,18.017506885528576
2722691,False,B,Monterey,14.276236819931755,-121.591393,36.715249,,,2023-03-11,T20 > X,not a unit (sequence B/C),,,,,,,,,,,,,,,,,False,,,,,,,,,
2725437,True,A,Monterey,13.616853795279368,-121.593109,36.716682,36.127986433793055,0.524360204839344,,T20,unknown,0.0,0.0465023507622168,0.0,0.0377831599943011,0.0,-10.085372880863597,-9.62669592484021,0.4586769560233872,0.5573097097123121,0.0,0.1705314147314433,0.1098715933072743,0.1654058884247481,0.0555342951174737,2.0,7.0,False,79.23750667572023,73.9185996055603,61.21999979019165,67.56999816000462,151.53327037096025,145.1719937324524,102.13999915122986,152.74999651312828,18.017506885528576
2722693,True,A,Monterey,7.716795065667997,-121.616336,36.717954,33.78471246013965,0.356457256585343,,T20,not_flooded,0.0,1.0,0.0004727989699018,0.0082790117495573,0.0,-13.64770055352402,-12.782745086862183,0.8649554666618364,1.4651788324104,0.0925680025752454,0.8894455174633835,0.1689628452224796,0.2385239766102116,0.0695611313877319,2.0,6.337799774666019,False,79.23750667572023,68.79999887943268,60.4399995803833,64.07499833405018,151.53327037096025,115.69179797172546,101.09000015258788,159.3199963029474,18.797507095336925
2722694,True,A,Monterey,11.306197470357704,-121.61759,36.716536,32.649024148581965,0.3451000499393192,,T20,not_flooded,0.0,1.0,0.0039976685980731,0.0070696334899029,7.542770939760687e-05,-13.306013298623249,-11.65564482492083,1.650368473702418,1.5518700429990204,0.1554222237460144,0.7197517742654371,0.1699863057701459,0.2498433872604205,0.0798570814902746,2.0,6.969924915143826,False,79.23750667572023,68.79999887943268,60.4399995803833,64.07499833405018,151.53327037096025,115.69179797172546,101.09000015258788,159.3199963029474,18.797507095336925
2722695,True,A,Monterey,15.099401974669547,-121.619826,36.719894,40.958439175234425,0.7342107967685207,,T20,not_flooded,0.0,1.0,0.0013095390935935,0.0413044036461676,0.0,-13.541174756853042,-13.062265103094918,0.4789096537581248,1.416509001628507,0.1146437283348311,0.8212915650276031,0.247724976519333,0.3462409363625245,0.0985159598431915,2.0,7.205037873924765,False,79.23750667572023,68.79999887943268,61.14999997615814,64.07499833405018,151.53327037096025,115.69179797172546,105.53000164031982,159.3199963029474,18.087506699562084
2718568,False,B,Monterey,10.42136359252816,-121.608436,36.721219,,,2022-10-18,T20 > T30,not a unit (sequence B/C),,,,,,,,,,,,,,,,,False,,,,,,,,,
2722701,True,A,Monterey,16.117056551011682,-121.615164,36.725171,44.820570212593736,0.4232386292520623,,T20,not_flooded,0.0,1.0,0.0036801847308413,0.0369269254822725,0.0,-13.083382996289693,-12.537874987443706,0.5455080088459852,0.9215925491958306,0.0372155674219464,0.5376292875354791,0.1761885863285495,0.2738703699911256,0.0976817836625761,2.0,7.0,False,79.23750667572023,68.79999887943268,61.65000224113464,64.07499833405018,151.53327037096025,115.69179797172546,105.50000047683716,159.3199963029474,17.58750443458559
2722771,True,A,Monterey,21.646570685993492,-121.654784,36.742983,39.77196512363832,1.7672395243775578,,T20,not_flooded,0.0,1.0,0.0194916469491646,0.0132645013264501,0.0,-13.958796790392704,-13.724200992295044,0.2345957980976614,0.8511220831383692,0.2717932171793217,0.7050369255036925,0.447202455349314,0.4105995127939917,-0.0366029425553222,3.0,6.0,False,79.23750667572023,69.93129867315292,62.92999839782715,64.07499833405018,151.53327037096025,132.36049795150757,116.32999873161316,159.3199963029474,16.307508277893078
2723870,True,A,Monterey,3.5171946533205625,-121.596868,36.77366,79.81090991405344,0.0212664803463089,,T20,not_flooded,0.0,1.0,0.0,0.0550464778184061,0.0,-9.35195249955588,-9.441644140954,-0.0896916413981188,0.1747461436417463,0.0,0.4132340631745891,0.1658835017885349,0.2333242470653993,0.0674407452768644,4.0,6.981761311070971,False,79.23750667572023,92.65779983997344,72.06999945640564,67.56999816000462,151.53327037096025,195.52149724960327,133.6099991798401,152.74999651312828,25.08780167996882
2723871,True,A,Monterey,6.893563691978013,-121.598347,36.773515,73.94323367581056,0.0714980659516193,,T20,not_flooded,0.0,1.0,0.0032249727506657,0.0057307878147719,0.0,-14.083915502660352,-12.48097436497764,1.6029411376827127,1.342861707690968,0.2621329767509802,0.64694976009349,0.0741888233339874,0.1656117997765097,0.0914229764425222,4.0,6.536244423718713,False,79.23750667572023,92.65779983997344,72.06999945640564,67.56999816000462,151.53327037096025,195.52149724960327,133.6099991798401,152.74999651312828,25.08780167996882
2722818,False,B,Monterey,15.786428373692113,-121.608743,36.757521,,,2022-10-26,T20 > T18,not a unit (sequence B/C),,,,,,,,,,,,,,,,,False,,,,,,,,,
2722822,False,B,Monterey,8.534470953884854,-121.613651,36.764594,,,2022-11-20,T20 > X,not a unit (sequence B/C),,,,,,,,,,,,,,,,,False,,,,,,,,,
2722823,False,B,Monterey,7.297587783930692,-121.615339,36.763481,,,2022-11-19,T20 > X,not a unit (sequence B/C),,,,,,,,,,,,,,,,,False,,,,,,,,,
2716312,False,B,Monterey,3.99760253385206,-121.612751,36.765265,,,2023-01-06,T20 > X,not a unit (sequence B/C),,,,,,,,,,,,,,,,,False,,,,,,,,,
2718117,False,B,Monterey,2.917174009987281,-121.612549,36.765774,,,2023-01-06,T20 > X,not a unit (sequence B/C),,,,,,,,,,,,,,,,,False,,,,,,,,,
2718118,False,B,Monterey,3.1194267059790204,-121.612102,36.766061,,,2023-01-06,T20 > X,not a unit (sequence B/C),,,,,,,,,,,,,,,,,False,,,,,,,,,
2713418,True,A,Monterey,9.57795145337216,-121.611108,36.770404,82.93143052165898,0.8251199212533179,,T20,unknown,0.0,0.2879306577318085,0.0020637579818874,0.020678045661657,0.0,-11.756884540070642,-10.998631110451266,0.7582534296193764,1.3695180040043995,6.474534845137219e-05,0.1699403533477391,0.2400936505818905,0.365234978225985,0.1251413276440945,4.0,7.0,False,79.23750667572023,75.66589742898941,68.02000212669373,64.07499833405018,151.53327037096025,145.40639805793762,126.1800012588501,159.3199963029474,15.162508341670048
2716839,True,A,Monterey,4.51684210473033,-121.609456,36.77221,85.99968890567081,0.7614250162058803,,T20,not_flooded,0.0,1.0,0.0,0.0012005419589414,0.0,-11.130671306441638,-11.05995844102972,0.0707128654119166,0.1754577874454543,0.0,0.0566312792632102,0.2863397708555178,0.3941841524528227,0.1078443815973048,4.0,7.0,False,79.23750667572023,75.66589742898941,68.02000212669373,64.07499833405018,151.53327037096025,145.40639805793762,126.1800012588501,159.3199963029474,15.162508341670048
2722825,False,B,Monterey,8.533790876096036,-121.617539,36.76353,,,2022-11-20,T20 > X,not a unit (sequence B/C),,,,,,,,,,,,,,,,,False,,,,,,,,,
2722826,False,B,Monterey,5.494281007025323,-121.616435,36.764633,,,2022-11-20,T20 > X,not a unit (sequence B/C),,,,,,,,,,,,,,,,,False,,,,,,,,,
2723873,True,A,Monterey,4.906957642272972,-121.62022,36.765722,69.5643516413989,1.3403311739689447,,T20,unknown,0.0,0.4146888019189497,0.0080482262340613,0.0230873627067289,0.0,-12.681798120711232,-11.924219863454873,0.7575782572563607,0.817594877511187,0.0690411564196439,0.5410143921222068,0.1629276543973478,0.2639768476962569,0.101049193298909,4.0,7.0,False,79.23750667572023,75.66589742898941,68.02000212669373,64.07499833405018,151.53327037096025,145.40639805793762,126.1800012588501,159.3199963029474,15.162508341670048
2722827,True,A,Monterey,25.647940896665016,-121.622274,36.764802,79.90549155485002,1.4192154349853536,,T20,not_flooded,0.0,1.0,0.007706302244196,0.048628278200533,0.0,-12.570744429127169,-11.736528559440588,0.8342158696865809,0.978926682425417,0.0359959866786744,0.3587842779345904,0.1331945026567319,0.2221004663788319,0.0889059637221,3.727051840748509,7.0,False,79.23750667572023,75.66589742898941,68.02000212669373,64.07499833405018,151.53327037096025,145.40639805793762,126.1800012588501,159.3199963029474,15.162508341670048
2711466,True,A,Monterey,4.851688675743119,-121.616519,36.7696,85.25207764915004,1.290163730477652,,T20,unknown,0.0,0.0926996805111821,0.0,0.0081629392971246,0.0,-12.384628271551524,-11.505942418537886,0.8786858530136392,0.671474940483396,0.0202396166134185,0.1567571884984026,0.3129209396881036,0.3988634568557572,0.0859425171676536,4.0,7.0,False,79.23750667572023,75.66589742898941,70.77000164985657,64.07499833405018,151.53327037096025,145.40639805793762,136.0199999809265,159.3199963029474,15.162508341670048
2723874,False,B,Monterey,8.332179528202012,-121.625856,36.768467,,,2022-12-05,T20 > X,not a unit (sequence B/C),,,,,,,,,,,,,,,,,False,,,,,,,,,
2723875,True,A,Monterey,16.473125065243064,-121.625081,36.771631,81.95918347153165,2.074772246848773,,T20,not_flooded,0.0,1.0,0.0002021930896984,0.0074717399890909,0.0,-12.50340421983034,-11.6588647504594,0.8445394693709396,0.857177156307241,0.0339778433991009,0.2856753249195929,0.1838855451807912,0.2415927852556279,0.0577072400748366,4.0,7.0,False,79.23750667572023,75.66589742898941,70.0699987411499,64.07499833405018,151.53327037096025,145.40639805793762,133.8099970817566,159.3199963029474,15.162508341670048
2723876,True,A,Monterey,64.25377177861496,-121.634044,36.763731,46.90053768658363,2.264432381967733,,T20,not_flooded,0.0,1.0,0.0043997379700885,0.0245586690038641,0.0,-13.860971795069844,-12.842428057309242,1.018543737760602,1.4296536986750272,0.1870715020756099,0.6586384819637288,0.1365990340334376,0.2836939407114022,0.1470949066779645,3.0,6.999001101442493,False,79.23750667572023,75.66589742898941,65.23000073432922,64.07499833405018,151.53327037096025,145.40639805793762,119.18000078201294,159.3199963029474,15.162508341670048
2722842,True,A,Monterey,22.559504879318037,-121.651493,36.741955,41.37458686581654,1.670104657947547,,T20,not_flooded,0.0,1.0,0.0,0.0634385029310499,0.0,-12.50447901955902,-12.08815664263525,0.4163223769237696,0.5196255981108227,0.0179436606167231,0.5645346399928524,0.378688990918796,0.3722806769386693,-0.0064083139801266,3.0,6.0,False,79.23750667572023,69.93129867315292,62.92999839782715,64.07499833405018,151.53327037096025,132.36049795150757,116.32999873161316,159.3199963029474,16.307508277893078
2722843,True,A,Monterey,35.81141247332543,-121.624149,36.739629,51.96546771343862,0.9682147977046712,,T20,not_flooded,0.0,0.9168961824298744,0.0034162330567605,0.0854902045629103,3.461667441935937e-05,-12.577062020683725,-12.33904025594338,0.2380217647403437,0.933677689610521,0.0248872253653681,0.7273331097673111,0.4367408352551051,0.4175022000000302,-0.0192386352550749,3.0,6.454648911197413,False,79.23750667572023,75.66589742898941,63.20999932289124,64.07499833405018,151.53327037096025,145.40639805793762,112.6700005531311,159.3199963029474,16.027507352828984
2722844,True,A,Monterey,35.50715473501947,-121.625138,36.737898,50.62226680461795,1.144106250624202,,T20,not_flooded,0.0,0.642000795179986,0.0138697739853809,0.0994499276910507,0.0021976677633159,-12.91245312801368,-12.899790496830349,0.0126626311833337,0.625408566873757,0.0541858361841846,0.7290249433106576,0.4353082138297415,0.4090051053425863,-0.0263031084871551,3.0,6.647331122558208,False,79.23750667572023,75.66589742898941,63.20999932289124,64.07499833405018,151.53327037096025,145.40639805793762,112.6700005531311,159.3199963029474,16.027507352828984
2722850,False,B,Monterey,21.8795924727774,-121.575122,36.689359,,,2022-10-19,T20 > G6,not a unit (sequence B/C),,,,,,,,,,,,,,,,,False,,,,,,,,,
2722853,True,A,Monterey,17.45561877763174,-121.648219,36.741225,43.286450083698746,1.6589496266047832,,T20,not_flooded,0.0,1.0,0.0101861468402971,0.0837527629091102,0.0,-12.261053033818673,-12.138605190800222,0.122447843018449,0.5810383061125464,0.0079225586535644,0.5337896016972474,0.3859298294873486,0.3861280698617404,0.0001982403743917,3.0,6.0,False,79.23750667572023,69.93129867315292,62.43000054359436,64.07499833405018,151.53327037096025,132.36049795150757,113.80999970436096,159.3199963029474,16.807506132125866
2723658,True,A,Monterey,13.770660781900077,-121.609903,36.768511,74.94081913888908,0.6969358882334658,,T20,unknown,0.0,0.0699200720477316,0.0011426319936958,0.0087189012720927,0.0,-12.319866158640032,-11.440486005657885,0.879380152982149,0.6643230739134687,0.0103456039626252,0.2714229426995386,0.2890120113373548,0.3955371465062598,0.106525135168905,4.0,6.999375211077341,False,79.23750667572023,75.66589742898941,68.02000212669373,64.07499833405018,151.53327037096025,145.40639805793762,126.1800012588501,159.3199963029474,15.162508341670048
2723659,True,A,Monterey,5.609948396310327,-121.606904,36.771676,77.57473209918537,0.5389097756847591,,T20,not_flooded,0.0,0.915471573106599,0.0,0.0716227967259727,0.0,-11.882632467649511,-10.83053833926268,1.052094128386834,1.2321903108370105,0.0146861930461427,0.3016190699664591,0.2621839809403573,0.3878382186393702,0.1256542376990129,4.0,7.0,False,79.23750667572023,75.66589742898941,68.67999792098999,64.07499833405018,151.53327037096025,145.40639805793762,126.27999687194824,159.3199963029474,15.162508341670048
2725438,True,A,Monterey,57.611118766416496,-121.624101,36.760227,68.04900484529928,1.2974580415164227,,T20,not_flooded,0.0,1.0,0.0046684147435802,0.031478838089421,0.0003417225777721,-13.710867917651749,-12.753540212332489,0.95732770531926,1.163606413070868,0.1864850065855591,0.6994294309242791,0.1749802482412318,0.2392406060600879,0.064260357818856,3.0960078999802225,7.0,False,79.23750667572023,75.66589742898941,67.19000053405762,64.07499833405018,151.53327037096025,145.40639805793762,125.0199990272522,159.3199963029474,15.162508341670048
2723618,True,A,Monterey,20.894424078170964,-121.600281,36.71718,37.36830773787207,0.654092805632121,,T20,not_flooded,0.0,1.0,0.0,0.0460954527811782,0.0,-10.253220799728082,-10.27055208089794,-0.0173312811698576,0.2610063767692665,0.0,0.5877597680970073,0.2148701945865803,0.3046813443492978,0.0898111497627175,2.0,7.0,False,79.23750667572023,73.9185996055603,61.21999979019165,67.56999816000462,151.53327037096025,145.1719937324524,102.13999915122986,152.74999651312828,18.017506885528576
2723705,True,A,Monterey,9.465577856482954,-121.676829,36.62581,14.00508733268419,0.6048509810124619,,T20,not_flooded,0.0,1.0,0.0104475655123813,0.0942575263442534,0.0,-14.466255755766406,-13.93972498078072,0.5265307749856873,1.845899646866984,0.3577328373129681,0.8519969189924451,0.5455302398922113,0.5126570989146185,-0.0328731409775927,2.0,6.559579803012177,False,79.23750667572023,71.37129786610603,54.32000017166138,69.01499871443957,151.53327037096025,131.64919638633728,91.1000006198883,159.37999580148607,24.91750650405885
2723877,False,B,Monterey,19.53122399253965,-121.620341,36.760229,,,2022-10-26,T20 > T30,not a unit (sequence B/C),,,,,,,,,,,,,,,,,False,,,,,,,,,
2716739,True,A,Monterey,29.64329504776501,-121.557411,36.677659,47.5268106812242,1.6189807964221372,,T20,unknown,0.0,0.0922092201366528,0.0093327050446346,0.0292442210529071,0.0002853477839734,-12.801957934350714,-12.415559157595744,0.3863987767549712,1.0770491457705145,0.0064687557265897,0.9418728238959134,0.1655245068954555,0.2075294199571559,0.0420049130617004,3.0,9.0,False,79.23750667572023,76.20259749889374,59.5,64.07999862823635,151.53327037096025,152.93039798736572,86.0799994468689,150.48499644175172,19.737506675720226
2723750,True,A,Monterey,10.42145586084436,-121.551741,36.65308,33.00232255557757,0.5345525821288118,,T20,not_flooded,0.0,1.0,0.0228393498309023,0.0636164538668971,0.0005139971096974,-15.184466221809362,-14.469031223475062,0.7154349983343007,0.6442352511322778,0.6011233444078603,0.9363984446000506,0.1793151534442756,0.2693784319147291,0.0900632784704534,4.0,7.0,False,79.23750667572023,76.20259749889374,57.86999934911728,64.07999862823635,151.53327037096025,152.93039798736572,81.25,150.48499644175172,21.367507326602947
2725439,False,B,Monterey,49.04339139209563,-121.597774,36.700994,,,2022-10-18,T20 > G6,not a unit (sequence B/C),,,,,,,,,,,,,,,,,False,,,,,,,,,
2722916,True,A,Monterey,22.44683459066948,-121.678674,36.624287,14.117345441434304,0.6021706002191586,,T20,not_flooded,0.0,1.0,0.001765359492961,0.0355183407005361,0.0,-13.036636943050002,-13.126445279869944,-0.0898083368199422,0.6367686638091463,0.0462212653127628,0.70172693696282,0.6089478856864614,0.5726307916912772,-0.0363170939951842,2.0,6.958801355519169,False,79.23750667572023,71.37129786610603,54.32000017166138,69.01499871443957,151.53327037096025,131.64919638633728,91.1000006198883,159.37999580148607,24.91750650405885
2725441,True,A,Monterey,21.930924201953747,-121.602261,36.717444,40.45679026486971,0.7419869453878173,,T20,not_flooded,0.0,1.0,0.0,0.0830040786242527,0.0,-10.132826555172846,-10.543802402599644,-0.4109758474267977,0.2878301303621349,0.0,0.8043296928568902,0.2335593059669537,0.3077143591944479,0.0741550532274941,2.0,7.0,False,79.23750667572023,73.9185996055603,61.21999979019165,64.07499833405018,151.53327037096025,145.1719937324524,102.13999915122986,159.3199963029474,18.017506885528576
2724566,True,A,Monterey,14.361318132831713,-121.62046,36.718371,39.892134530035946,0.672414772114168,,T20,not_flooded,0.0,1.0,0.0027539581398362,0.030293539538199,0.0,-13.259920798331924,-12.697644346030176,0.5622764523017469,1.084964879927078,0.0837689267123139,0.5329286994837678,0.1554624906479751,0.2104129564832731,0.0549504658352979,2.0,7.086285288463615,False,79.23750667572023,68.79999887943268,59.989999890327454,64.07499833405018,151.53327037096025,115.69179797172546,101.24000072479248,159.3199963029474,19.247506785392773
2724535,True,A,Monterey,4.594895466267587,-121.609557,36.753063,57.42332384928269,0.0768366323808593,,T20,unknown,0.0,0.0,0.0212665166562336,0.0819699866344087,0.0,-12.932006262161549,-12.683803632670337,0.248202629491212,1.3796411105798896,0.1259918452975112,0.6397550205559409,0.1083102519643079,0.2042288463427535,0.0959185943784456,4.0,7.0,False,79.23750667572023,75.66589742898941,66.13000011444092,64.07499833405018,151.53327037096025,145.40639805793762,119.739999294281,159.3199963029474,15.162508341670048
2724522,True,A,Monterey,13.377667001254949,-121.589188,36.777636,84.29081621559786,0.2787998644597822,,T20,not_flooded,0.0,1.0,0.0060846759953453,0.0105772626484261,0.0,-13.805387031585257,-13.95549979977621,-0.1501127681909526,0.6236329886893053,0.1542589837259521,0.7732285835036387,0.0863070793653731,0.1538560675886557,0.0675489882232825,4.0,7.0,False,79.23750667572023,92.65779983997344,76.43000030517578,67.56999816000462,151.53327037096025,195.52149724960327,133.25999975204468,152.74999651312828,25.08780167996882
2724545,True,A,Monterey,1.960729945624284,-121.61686,36.77531,103.3619998507492,1.5054730017620732,,T20,not_flooded,0.0,0.8511228167452177,0.0,0.0,0.0,-12.218284769651644,-11.955838752689658,0.2624460169619862,0.7187588127568141,0.0020594875044556,0.3755396253316962,0.1235578621757318,0.1929630995182722,0.0694052373425403,4.0,7.0,False,79.23750667572023,88.0411993265152,70.77000164985657,64.07499833405018,151.53327037096025,177.53199672698975,136.0199999809265,159.3199963029474,23.96620099246502
2723883,True,A,Monterey,8.916374563094704,-121.627614,36.765461,78.50174112878597,1.843415569422435,,T20,not_flooded,0.0,1.0,0.0,0.0198873483535528,0.0,-11.20600006711371,-10.20923721510808,0.9967628520056292,1.4329466326166802,0.0016551126516464,0.2149653379549393,0.1969687483225992,0.2899362651660935,0.0929675168434942,3.0,7.0,False,79.23750667572023,75.66589742898941,67.19000053405762,64.07499833405018,151.53327037096025,145.40639805793762,125.0199990272522,159.3199963029474,15.162508341670048
2722264,True,A,Monterey,36.9051010172328,-121.59126,36.73761,70.10463752662162,1.7085441587546966,,T20,not_flooded,0.0,1.0,0.0015873882424084,0.0328795138728493,0.0,-13.514946913286405,-12.643108638344062,0.871838274942343,0.9094421163685348,0.121191633036153,0.4144343144624509,0.1401816051214592,0.2691168754100747,0.1289352702886154,3.281725717789247,7.0,False,79.23750667572023,87.01379537582397,66.5000011920929,67.56999816000462,151.53327037096025,197.11109232902527,119.34000062942503,152.74999651312828,20.51379418373108
2725442,True,A,Monterey,74.90701646967979,-121.567729,36.684652,56.190895417036735,0.4143547313695794,,T20,unknown,0.0,0.0149352048256661,0.0051392847673339,0.0114054421317778,0.0002641107649476,-15.804293554113228,-14.478890277144313,1.325403276968915,1.7074539580442476,0.749337133766406,0.973003736908392,0.0860676670436485,0.157347832508533,0.0712801654648844,3.0,8.577873317976934,False,79.23750667572023,71.53239694237709,61.51999855041504,64.07999862823635,151.53327037096025,128.10999476909635,93.80000019073486,150.48499644175172,17.717508125305187
2711876,True,A,Monterey,7.0025868211354325,-121.539141,36.626921,46.03066735696084,0.9082658424444168,,T20,not_flooded,0.0,1.0,0.0010660862419349,0.030605559195549,0.0,-15.61208883568706,-14.80378680734652,0.80830202834054,1.35847182781497,0.6871036879920932,0.960399338138125,0.112112452620608,0.1777071963508072,0.0655947437301991,4.680429543914981,8.0,False,79.23750667572023,73.45779949426651,61.53999853134155,64.07999862823635,151.53327037096025,149.02059602737427,105.86999893188477,150.48499644175172,17.697508144378673
2724499,True,A,Monterey,11.10340207142775,-121.558748,36.616411,26.811639177246317,0.7028029059216956,,T20,not_flooded,0.0,1.0,0.0,0.0053486778627662,0.0,-11.278855729749438,-10.994671868223916,0.2841838615255216,0.691934991782901,0.0,0.384839120159971,0.1731719593739982,0.2527395405729908,0.0795675811989925,4.0,7.014626711227335,False,79.23750667572023,73.45779949426651,60.00999903678894,64.07999862823635,151.53327037096025,149.02059602737427,109.8899998664856,150.48499644175172,19.227507638931286
2711922,False,B,Monterey,30.868778401325105,-121.60355,36.608939,,,2022-10-10,T20 > G6 > T30,not a unit (sequence B/C),,,,,,,,,,,,,,,,,False,,,,,,,,,
2723887,True,A,Monterey,0.3093564386744006,-121.629873,36.731183,45.499008090309886,1.735036855515227,,T20,not_flooded,0.0,1.0,0.0,0.0,0.0,-12.37043623826957,-10.48133392611426,1.889102312155309,0.9750330684074252,0.0,0.0,0.3009710713207572,0.3406866393401581,0.0397155680194009,3.0,7.0,False,79.23750667572023,75.66589742898941,62.13999974727631,64.07499833405018,151.53327037096025,145.40639805793762,109.0400004386902,159.3199963029474,17.097506928443913
2700165,True,A,Monterey,1.6853013605466478,-121.616252,36.776693,122.5191968026083,1.540920985730616,,T20,unknown,0.0,0.0,0.0,0.0802013112937482,0.0,-10.985031411575235,-10.773408475411127,0.2116229361641064,0.2037432103882857,0.0,0.0046172315079878,0.2090381955840942,0.1850351072962743,-0.0240030882878199,4.0,7.0,False,79.23750667572023,88.0411993265152,70.77000164985657,64.07499833405018,151.53327037096025,177.53199672698975,136.0199999809265,159.3199963029474,23.96620099246502
2725450,True,A,Monterey,2.270141176026332,-121.617492,36.775142,101.58499002166567,1.5463280241587185,,T20,not_flooded,0.0,0.9552942784879348,0.0,0.0087155649736824,0.0,-11.795713557058834,-11.337166881087196,0.4585466759716379,0.219918528184376,0.0,0.6490190717068836,0.1096820660921992,0.1895375196592229,0.0798554535670236,4.0,7.0,False,79.23750667572023,88.0411993265152,70.77000164985657,64.07499833405018,151.53327037096025,177.53199672698975,136.0199999809265,159.3199963029474,23.96620099246502
2723888,False,B,Monterey,9.328299804607523,-121.621947,36.757708,,,2022-11-19,T20 > T30,not a unit (sequence B/C),,,,,,,,,,,,,,,,,False,,,,,,,,,
2724533,True,A,Monterey,2.20402624625054,-121.552229,36.668026,41.53287815658025,1.0911946761645694,,T20,not_flooded,0.0,1.0,0.0,0.0,0.0,-13.53403802561656,-12.499661957860608,1.0343760677559537,1.1467823011514238,0.0165887604119073,0.2676694900362,0.7081690063058597,0.6861398008938469,-0.0220292054120128,4.0,9.0,False,79.23750667572023,76.20259749889374,58.58000028133392,64.07999862823635,151.53327037096025,152.93039798736572,83.10999965667725,150.48499644175172,20.657506394386303
2716276,True,A,Monterey,11.00079153352502,-121.614402,36.583946,87.97066625995613,0.9961727171188915,,T20,not_flooded,0.0,1.0,0.0059887851523326,0.0001129959462704,0.0,-14.42116743335382,-13.532002964086052,0.8891644692677687,1.866899733612728,0.3393338888967359,0.5530939702538171,0.1564886208654849,0.2750633982672499,0.1185747774017649,3.9930436870577264,7.357681605672398,False,79.23750667572023,74.06409856304526,59.03000068664551,78.58999841380864,151.53327037096025,166.3989942073822,105.91000032424928,154.49499620776623,20.20750598907472
2716314,True,A,Monterey,16.57895515667521,-121.6229,36.580981,119.46041063386906,1.823968787980145,,T20,not_flooded,0.0,1.0,0.0,0.0125052105043768,0.0,-13.253642246935186,-11.793324131611817,1.4603181153233695,1.1808822555842422,0.04196036738154,0.174581169120092,0.3307827409737036,0.4523479727982313,0.1215652318245277,3.03041529476233,7.182496452173422,False,79.23750667572023,74.06409856304526,65.23000049591064,78.58999841380864,151.53327037096025,166.3989942073822,134.67999863624573,154.49499620776623,14.007506179809582
2700433,False,B,Monterey,38.07649800291844,-121.572024,36.576468,,,2022-10-10,T20 > T4,not a unit (sequence B/C),,,,,,,,,,,,,,,,,False,,,,,,,,,
2715387,True,A,Monterey,5.928900124406265,-121.605144,36.587273,45.41511005247755,0.0908412381449562,,T20,not_flooded,0.0,1.0,0.0,0.0240375168655601,0.0,-17.011821899403536,-15.433127513093345,1.5786943863101932,2.6817448086254263,0.9275468633332902,0.9563132867865708,0.1181994689194827,0.2482691123021887,0.130069643382706,4.924494688167253,7.999724911251128,False,79.23750667572023,74.06409856304526,63.12000131607056,78.58999841380864,151.53327037096025,166.3989942073822,130.70999884605408,154.49499620776623,16.11750535964967
2714663,False,B,Monterey,3.754812603107304,-121.625682,36.590223,,,2022-12-13,T20 > T4,not a unit (sequence B/C),,,,,,,,,,,,,,,,,False,,,,,,,,,
2721829,False,B,Monterey,11.223314644733463,-121.62021,36.588389,,,2023-01-22,T20 > T30,not a unit (sequence B/C),,,,,,,,,,,,,,,,,False,,,,,,,,,
2713417,False,B,Monterey,4.797924855355247,-121.624524,36.589395,,,2022-12-14,T20 > G6 > T4,not a unit (sequence B/C),,,,,,,,,,,,,,,,,False,,,,,,,,,
2721833,True,A,Monterey,12.30535776563927,-121.605197,36.591598,35.961991992135665,0.3571210220256627,,T20,not_flooded,0.0,1.0,0.0064358184846802,0.00160895462117,0.0,-14.970638867319332,-13.294568031626204,1.6760708356931282,1.7428177428425844,0.5182852960476504,0.8525755893190652,0.1224336754324292,0.2731866900861339,0.1507530146537046,4.188544243097268,8.0,False,79.23750667572023,74.06409856304526,58.60999870300293,78.58999841380864,151.53327037096025,166.3989942073822,106.14999985694884,154.49499620776623,20.627507972717297
2713102,True,A,Monterey,4.590621355675118,-121.588432,36.575171,30.004586992646388,1.2136322615635848,,T20,not_flooded,0.0,1.0,0.0,0.0049956816988704,0.0,-13.032684960627364,-11.410835833819316,1.6218491268080495,1.5445128701640378,0.0522260418959882,0.2401483463446852,0.4870584834265408,0.6133501665093788,0.126291683082838,5.0,8.0,False,79.23750667572023,67.11589819192886,67.89999914169312,66.52499847486615,151.53327037096025,150.39239692687988,157.76000118255615,151.56499641668051,12.712508200854074
2716585,True,A,Monterey,8.16767299701615,-121.619135,36.581892,107.52614740100876,1.4755518606587998,,T20,not_flooded,0.0,1.0,0.0,0.0142601306940501,0.0,-11.641933769267428,-9.846578884698552,1.7953548845688747,1.6662796103010802,0.0,0.0,0.5035761485992357,0.3258498945269751,-0.1777262540722606,3.9301472689515897,7.0,True,79.23750667572023,74.06409856304526,65.23000049591064,78.58999841380864,151.53327037096025,166.3989942073822,134.67999863624573,154.49499620776623,14.007506179809582
2721838,False,B,Monterey,7.995037427778653,-121.594999,36.591713,,,2022-10-18,T20 > T30 > T4,not a unit (sequence B/C),,,,,,,,,,,,,,,,,False,,,,,,,,,
2711496,True,A,Monterey,4.09711467184544,-121.587586,36.574704,31.44258327789582,1.1872432424142507,,T20,not_flooded,0.0,1.0,0.0273855775608831,0.0500710698379607,0.0,-13.306464458406651,-12.662503287573657,0.6439611708329949,1.3808073434285042,0.0595091443191509,0.3700180043589501,0.3333023755063574,0.5098823504767962,0.1765799749704387,5.0,8.0,False,79.23750667572023,67.11589819192886,67.89999914169312,66.52499847486615,151.53327037096025,150.39239692687988,157.76000118255615,151.56499641668051,12.712508200854074
2711495,True,A,Monterey,21.539623332374315,-121.575838,36.577702,21.123938038496423,0.1602733575517558,,T20,not_flooded,0.0,1.0,0.7748777038629707,0.1318741973188646,0.1074762983592837,-16.001206547910286,-20.996787753691866,-4.99558120578158,-2.7911826803099906,0.7169908656690573,0.9715508160290912,0.1039883661584338,0.0642889397658271,-0.0396994263926067,5.0,8.0,True,79.23750667572023,67.11589819192886,66.79000043869019,66.52499847486615,151.53327037096025,150.39239692687988,159.4899983406067,151.56499641668051,12.712508200854074
2716747,True,A,Monterey,9.127258796446382,-121.61337,36.585843,77.85240741772942,0.8426766355632711,,T20,not_flooded,0.0,1.0,0.0140849868006471,0.0024610406199437,0.0,-14.787982678160114,-13.320108817513752,1.4678738606463622,2.0030054327265567,0.4713786936898578,0.5921314825853701,0.1481097433307777,0.2644849081176423,0.1163751647868646,3.937145533509325,7.230605467086777,False,79.23750667572023,74.06409856304526,59.03000068664551,78.58999841380864,151.53327037096025,166.3989942073822,105.91000032424928,154.49499620776623,20.20750598907472
2725487,True,A,Monterey,27.86074454964981,-121.608293,36.587324,61.869302555228025,0.3691791266714521,,T20,not_flooded,0.0,1.0,0.0007641486018032,0.0877488014859064,0.0,-13.857204946504108,-13.164356576044831,0.6928483704592772,0.613088789789817,0.1780605685377152,0.6917469162141736,0.1337518180390182,0.2110096536648496,0.0772578356258314,4.209566359612795,7.223611076250318,False,79.23750667572023,74.06409856304526,63.12000131607056,78.58999841380864,151.53327037096025,166.3989942073822,130.70999884605408,154.49499620776623,16.11750535964967
2725491,True,A,Monterey,32.97113058259024,-121.610497,36.588255,62.450937359278605,0.5717981914229049,,T20,not_flooded,0.0,1.0,0.0090610893558102,0.0335858413414556,2.1192776559847225e-05,-13.746916452129144,-13.037198956616123,0.7097174955130203,1.0943321659282417,0.138005006204774,0.4743579177390606,0.1472899018101814,0.286712437698816,0.1394225358886345,4.0408549637014834,7.176507571708116,False,79.23750667572023,74.06409856304526,59.03000068664551,78.58999841380864,151.53327037096025,166.3989942073822,105.91000032424928,154.49499620776623,20.20750598907472
2711967,True,A,Monterey,6.063554974102309,-121.603993,36.586992,45.94461475416414,0.0584954259638619,,T20,not_flooded,0.0,1.0,0.0,0.0392068903642562,0.0,-14.380733103415922,-13.11605688693854,1.2646762164773833,1.588570691594672,0.2858168208966701,0.8183717413037347,0.134022345520482,0.2456564895226378,0.1116341440021558,4.757017251544436,8.0,False,79.23750667572023,67.11589819192886,63.12000131607056,78.58999841380864,151.53327037096025,150.39239692687988,130.70999884605408,154.49499620776623,16.11750535964967
2721900,True,A,Monterey,29.37130427491084,-121.611318,36.581231,91.28996865812252,0.9453238743095764,,T20,not_flooded,0.0,1.0,0.0085357308124545,0.0177245984002115,0.0,-14.156510661728916,-13.09503657814619,1.0614740835827252,1.6298266610371144,0.2267389436107623,0.5989951741918428,0.1687136876390814,0.2874162584253224,0.1187025707862409,4.758654062272759,7.978425332187482,False,79.23750667572023,74.06409856304526,65.23000049591064,78.58999841380864,151.53327037096025,166.3989942073822,134.67999863624573,154.49499620776623,14.007506179809582
2715362,True,A,Monterey,10.114389043145565,-121.603725,36.584036,63.9988486657844,0.3869369261499661,,T20,not_flooded,0.0,1.0,0.0078326575746406,0.0160876643322275,0.0,-14.49655919257562,-13.591905183738604,0.9046540088370154,1.3505007685106492,0.3208701928983905,0.6035369824302739,0.1802123553400633,0.2629974191474689,0.0827850638074055,5.0,7.809958225826269,False,79.23750667572023,67.11589819192886,63.12000131607056,78.58999841380864,151.53327037096025,150.39239692687988,130.70999884605408,154.49499620776623,16.11750535964967
2721901,True,A,Monterey,9.657931999645797,-121.605652,36.583653,63.48970223861784,0.4475989217771364,,T20,not_flooded,0.0,1.0,0.0,0.0450504806725393,0.0,-13.231920573207006,-12.582002946258305,0.6499176269487013,1.2143613119529704,0.1183299143236394,0.4521620208358473,0.2010685676529528,0.2949849401474152,0.0939163724944623,5.0,7.956574554523149,False,79.23750667572023,74.06409856304526,63.12000131607056,78.58999841380864,151.53327037096025,166.3989942073822,130.70999884605408,154.49499620776623,16.11750535964967
2717509,False,B,Monterey,5.071723622689714,-121.624429,36.587186,,,2022-12-14,T20 > G6 > T4,not a unit (sequence B/C),,,,,,,,,,,,,,,,,False,,,,,,,,,
2725500,True,A,Monterey,6.292872107276397,-121.618706,36.584418,93.5076068311671,1.3435134501585515,,T20,not_flooded,0.0,1.0,0.006655389136528,0.0254732240976946,0.0,-12.735330290177664,-12.123252026514574,0.6120782636630899,1.0363805699897863,0.0022596219146282,0.0503784558015483,0.2903083434376803,0.3636251013910312,0.0733167579533509,3.81385901440972,7.0,False,79.23750667572023,74.06409856304526,59.03000068664551,78.58999841380864,151.53327037096025,166.3989942073822,105.91000032424928,154.49499620776623,20.20750598907472
2721903,True,A,Monterey,7.756022939216538,-121.618173,36.587064,79.0711432875596,1.2524208257340648,,T20,not_flooded,0.0,1.0,0.0,0.0102174718769095,0.0,-12.098877573667414,-11.2126326496977,0.8862449239697128,1.0210183301615476,0.0154464133668573,0.0330364924020074,0.3144790378857136,0.426080302616494,0.1116012647307804,3.711897344459024,7.0,False,79.23750667572023,74.06409856304526,59.03000068664551,78.58999841380864,151.53327037096025,166.3989942073822,105.91000032424928,154.49499620776623,20.20750598907472
2721904,True,A,Monterey,6.295518711667221,-121.617055,36.585804,83.3402461611297,1.1669098584498907,,T20,not_flooded,0.0,1.0,0.0125893286925611,0.0188839930388417,0.0,-11.80079703835976,-11.528009962892256,0.2727870754675052,0.2535879399627898,0.0,0.0282395922044902,0.3781198274997895,0.4217274376933064,0.0436076101935168,3.003270756964247,7.121894323693862,False,79.23750667572023,74.06409856304526,59.03000068664551,78.58999841380864,151.53327037096025,166.3989942073822,105.91000032424928,154.49499620776623,20.20750598907472
2717510,True,A,Monterey,5.236566591404907,-121.614225,36.587638,70.61785758323599,0.8988435412836709,,T20,not_flooded,0.0,1.0,0.0004304650506909,0.0882898662589618,0.0004304650506909,-13.135936636784484,-12.793829489336368,0.3421071474481163,0.4327678464302753,0.0689931570900562,0.2142380026421647,0.1820439691065389,0.2792110662955416,0.0971670971890026,3.9912867936291176,7.985037628582879,False,79.23750667572023,74.06409856304526,59.03000068664551,78.58999841380864,151.53327037096025,166.3989942073822,105.91000032424928,154.49499620776623,20.20750598907472
2721907,False,B,Monterey,12.476237517267627,-121.597834,36.585402,,,2022-10-18,T20 > T18,not a unit (sequence B/C),,,,,,,,,,,,,,,,,False,,,,,,,,,
2723915,False,B,Monterey,13.334376773091986,-121.62751,36.590546,,,2022-12-14,T20 > T4,not a unit (sequence B/C),,,,,,,,,,,,,,,,,False,,,,,,,,,
2706339,False,B,Monterey,17.963032035908757,-121.520205,36.52541,,,2022-10-11,T20 > X,not a unit (sequence B/C),,,,,,,,,,,,,,,,,False,,,,,,,,,
2701482,False,B,Monterey,6.625436580475179,-121.760067,36.87837,,,2022-12-22,T20 > X,not a unit (sequence B/C),,,,,,,,,,,,,,,,,False,,,,,,,,,
2711770,False,B,Monterey,9.03796566125067,-121.766107,36.878748,,,2022-12-22,T20 > X,not a unit (sequence B/C),,,,,,,,,,,,,,,,,False,,,,,,,,,
2722739,False,B,Monterey,10.369887418663616,-121.725615,36.724092,,,2022-10-19,T20 > T4 > T30,not a unit (sequence B/C),,,,,,,,,,,,,,,,,False,,,,,,,,,
2723933,False,B,Monterey,30.67457308235187,-121.523678,36.525499,,,2022-10-11,T20 > T4,not a unit (sequence B/C),,,,,,,,,,,,,,,,,False,,,,,,,,,
2722224,True,A,Monterey,18.3248593319979,-121.622936,36.583575,103.5193180609716,1.7329034701811257,,T20,not_flooded,0.0,1.0,0.0032397133806515,0.0060728744939271,0.0,-13.366502451200882,-12.295981472342358,1.0705209788585233,1.5618381219900694,0.0805608727322006,0.2482128639913268,0.293023296282317,0.3838015330191083,0.0907782367367913,3.574831026713872,7.0035912116951495,False,79.23750667572023,74.06409856304526,67.92999982833862,78.58999841380864,151.53327037096025,166.3989942073822,142.93000042438507,154.49499620776623,11.307506847381603
2722225,False,B,Monterey,6.988134179076819,-121.622112,36.587038,,,2023-01-22,T20 > T30,not a unit (sequence B/C),,,,,,,,,,,,,,,,,False,,,,,,,,,
2724724,False,B,Monterey,16.756363431440334,-121.62259,36.585412,,,2023-01-07,T20 > T30,not a unit (sequence B/C),,,,,,,,,,,,,,,,,False,,,,,,,,,
2702910,True,A,Monterey,1.7497028972600788,-121.716482,36.80148,73.74325845469895,1.1463598634428358,,T20,unknown,0.0,0.0071665560716655,0.0,0.0,0.0,-12.135361051032378,-11.830866003778713,0.3044950472536651,0.5777491771839145,0.0789648307896483,0.6258792302587923,0.1042135596100642,0.1938613981044786,0.0896478384944143,3.0,7.0,False,79.23750667572023,67.2044968008995,84.36000108718872,65.42499778792262,151.53327037096025,147.39299750328064,150.33999872207642,177.3949949434027,18.9350032992661
2701547,True,A,Monterey,0.858299155455523,-121.716658,36.876239,54.54347163152506,1.4102692533323349,,T20,not_flooded,0.0,1.0,0.0,0.0381906825568797,0.0,-14.159117824735398,-13.29915872565572,0.8599590990796795,2.370617213940548,0.2890935355724088,0.3509389671361502,0.1802988002704354,0.1498349063345976,-0.0304638939358378,2.0,8.0,False,79.23750667572023,96.03489470481873,111.60999917984007,65.42499778792262,151.53327037096025,189.3929944038391,189.0700025558472,177.3949949434027,46.18500139191745
2700609,True,A,Monterey,2.0782964812269524,-121.728235,36.818608,39.07416841562219,1.462770292012115,,T20,unknown,0.0,0.0,0.0156810035842293,0.0190412186379928,0.0,-13.630469585737368,-13.643178607985211,-0.0127090222478436,0.9028989193325004,0.2001568100358423,0.5224761051373954,0.1786455766216094,0.2048830266601295,0.0262374500385201,3.0,7.0,False,79.23750667572023,84.8016973733902,85.6100025177002,65.42499778792262,151.53327037096025,168.91129660606384,152.71000003814697,177.3949949434027,20.185004729777575
2722263,True,A,Monterey,4.57124107653444,-121.703011,36.857694,13.772744850875682,0.2537216274066192,,T20,not_flooded,0.0,0.980586142639336,0.0,0.0,0.0,-9.915360953539237,-8.860274277860205,1.0550866756790305,1.0102007481141833,0.0,0.4164323225478569,0.2098537307752,0.3124922167885289,0.1026384860133289,3.0,7.0,False,79.23750667572023,96.03489470481873,99.1599977016449,65.42499778792262,151.53327037096025,189.3929944038391,168.37999820709229,177.3949949434027,33.73499991372228
2700262,True,A,Monterey,0.910081369364022,-121.721372,36.872034,36.4517956972224,0.839478152565644,,T20,unknown,0.0,0.0,0.0,0.0,0.0,-10.200807624128633,-10.022504586094168,0.1783030380344659,0.3700791880006164,0.0,0.0,0.6431198273360136,0.6140798728484536,-0.02903995448756,2.0,8.0,False,79.23750667572023,96.03489470481873,103.25000143051147,65.42499778792262,151.53327037096025,189.3929944038391,176.7799986600876,177.3949949434027,37.825003642588854
2715149,True,A,Monterey,11.985923669649075,-121.669691,36.895052,20.659446857684348,1.2772773302330367,,T20,unknown,0.0,0.0051400784232793,0.0032891342482715,0.019773501186668,0.0,-12.245471631073332,-11.135336109866476,1.110135521206855,1.177262493151073,0.0,0.3052639046538025,0.1040114662163121,0.2347676579759469,0.1307561917596347,2.0,8.0,False,79.23750667572023,107.0259974002838,104.56000077724455,68.78499916661531,151.53327037096025,207.3426961898804,181.639998793602,163.3999965954572,38.24099823366849
2712897,True,A,Monterey,9.153888865917894,-121.70834,36.912809,13.4108780808812,0.2656100258531887,,T20,not_flooded,0.0064770677933095,0.9902886316876784,0.0181019228001252,0.0206080823645954,0.0002201356374196,-11.369072290535986,-9.61104374853016,1.7580285420058264,1.730311760358818,0.0,0.5067437705847984,0.0906974387432605,0.1193187125504395,0.0286212738071789,2.0,8.0,False,79.23750667572023,104.31609773635864,109.24000072479248,69.51999836880714,151.53327037096025,198.88559532165527,190.33999955654144,182.43499598558992,39.72000235598534
2712848,True,A,Monterey,26.61444739713056,-121.672716,36.89593,20.451719758046057,1.1471379057889124,,T20,unknown,0.0,0.0,0.0012959540662738,0.0257302090960865,0.0,-12.28023948682857,-11.245184575553422,1.0350549112751484,1.2681257774612469,0.0010431558515522,0.3973145274707393,0.1025173279613005,0.2580120098816333,0.1554946819203328,2.19800492811232,8.0,False,79.23750667572023,107.0259974002838,104.56000077724455,68.78499916661531,151.53327037096025,207.3426961898804,181.639998793602,163.3999965954572,38.24099823366849
2712565,True,A,Monterey,2.4874567353444883,-121.693633,36.781759,53.32856127571496,1.9181176386108365,,T20,unknown,0.0,0.0,0.0,0.0043586550435865,0.0,-7.940630848921241,-7.365220460811637,0.5754103881096047,0.6814124304930145,0.0,0.7544831880448318,0.3205721325434716,0.4701885468821746,0.1496164143387029,3.0,7.83085305105853,False,79.23750667572023,67.2044968008995,71.61000084877014,64.07499833405018,151.53327037096025,147.39299750328064,136.96999979019165,159.3199963029474,15.162508341670048
2712316,True,A,Monterey,12.929972579041412,-121.706815,36.761735,-1.1284840546594406,0.3421338416093165,,T20,not_flooded,0.0,0.9078076224827892,0.0375603681317012,0.0263341736779758,0.0,-12.84715582886996,-12.31222893447485,0.5349268943951095,0.3485813244480678,0.0432891354755214,0.1903523645754069,0.574368270925041,0.408826127178733,-0.1655421437463079,3.0,7.0,True,79.23750667572023,62.81339757144451,63.55000138282776,68.87999911978841,151.53327037096025,129.51649737358093,122.8800013065338,172.6099964324385,16.424109104275715
2712271,True,A,Monterey,4.994474139255338,-121.72431,36.818775,52.302408381205154,1.7919245436825066,,T20,unknown,0.0,0.0,0.0039528142487327,0.0039528142487327,0.0,-13.575210088084775,-11.9635654282637,1.611644659821078,1.6868258218891672,0.0968827021748228,0.6552990962781541,0.1410953524511208,0.2193143431976922,0.0782189907465714,3.0,7.0,False,79.23750667572023,84.8016973733902,85.6100025177002,65.42499778792262,151.53327037096025,168.91129660606384,152.71000003814697,177.3949949434027,20.185004729777575
2712127,True,A,Monterey,0.4776706950289649,-121.703126,36.87558,103.35424506730396,1.6851729224108172,,T20,unknown,0.0,0.0,0.0,0.0,0.0,-13.22904920474805,-10.529119719172966,2.6999294855750837,0.3685720696573487,0.0,0.0058727569331158,0.5139202858942759,0.4866095402841661,-0.0273107456101097,2.2083197389885814,6.994127243066885,False,79.23750667572023,96.03489470481873,109.099999666214,65.42499778792262,151.53327037096025,189.3929944038391,184.22000432014465,177.3949949434027,43.67500187829138
2712071,True,A,Monterey,2.835930758492633,-121.722426,36.818827,57.66165424600067,1.926060572682735,,T20,unknown,0.0,0.0,0.0,0.0280966437083196,0.0,-12.012286256962769,-11.28725217704366,0.7250340799191068,0.5216704139121777,0.0397124740352028,0.5909587843008636,0.1356495953933664,0.2195099233649162,0.0838603279715498,3.0,7.0,False,79.23750667572023,84.8016973733902,85.6100025177002,65.42499778792262,151.53327037096025,168.91129660606384,152.71000003814697,177.3949949434027,20.185004729777575
2711934,True,A,Monterey,1.0789736907747691,-121.713344,36.800261,58.396504324421386,1.2658488703688149,,T20,unknown,0.0,0.0,0.0,0.0,0.0,-10.58710289200656,-9.77599476494125,0.8111081270653084,0.6765882818613171,0.0,0.0,0.3595704800469627,0.3172334031507706,-0.042337076896192,3.0,7.0,False,79.23750667572023,67.2044968008995,84.36000108718872,65.42499778792262,151.53327037096025,147.39299750328064,150.33999872207642,177.3949949434027,18.9350032992661
2725545,True,A,Monterey,5.352412506072407,-121.716313,36.865391,16.635196570299524,0.5148774040106611,,T20,unknown,0.0,0.0,0.0,0.0369035731341987,0.0,-10.209013766157351,-9.447073016938056,0.7619407492192956,0.8815948391296438,0.0,0.1549950071636347,0.2059873986686433,0.2354153411323511,0.0294279424637078,3.0,6.486577229771774,False,79.23750667572023,96.03489470481873,99.10000038146973,65.42499778792262,151.53327037096025,189.3929944038391,170.55999755859375,177.3949949434027,33.675002593547106
2711369,True,A,Monterey,4.089743050252847,-121.67303,36.690723,10.361127896545348,0.1268622056366019,,T20,not_flooded,0.0,0.9232744355897065,0.0,0.0151777393156703,0.0,-11.48621999840426,-11.164558328965024,0.3216616694392353,-0.1772407588274358,0.0,0.0319911748483177,0.4467411905062209,0.3779215203755137,-0.0688196701307071,3.0,6.0,False,79.23750667572023,67.50299942493439,55.89000082015991,69.01499871443957,151.53327037096025,118.26299607753754,97.60000044107436,159.37999580148607,23.347505855560314
2711353,True,A,Monterey,1.3112872138109553,-121.73156,36.791407,17.67032153276297,0.260499321265385,,T20,unknown,0.0,0.3872781065088757,0.0,0.0,0.0,-11.433612958457063,-11.08861965693148,0.3449933015255837,0.9912433713159068,0.0,0.0,0.644363179843454,0.6271442496547331,-0.0172189301887208,3.0,7.0,False,79.23750667572023,61.84649868309498,75.49999809265137,68.87999911978841,151.53327037096025,132.33949756622314,139.49000000953674,172.6099964324385,17.391007992625248
2719003,True,A,Monterey,10.922485760816588,-121.691473,36.900969,18.42382206382521,0.7968157610368921,,T20,unknown,0.0,0.000148633632252,0.0,0.0148562854331962,0.0,-7.852342342002517,-6.989862487986169,0.8624798540163479,0.6605418175730842,0.0,0.3267462682341617,0.1469383277896787,0.2979593073697717,0.151020979580093,2.034546702810591,7.996588504250214,False,79.23750667572023,104.31609773635864,108.3199977874756,66.27499858662486,151.53327037096025,198.88559532165527,186.0299996137619,167.63999602384865,42.04499920085074
2710752,True,A,Monterey,9.09439671497452,-121.716621,36.907066,12.56022118343992,0.3726663611562102,,T20,not_flooded,0.0,1.0,0.0,0.004340462472021,0.0,-8.516361173122641,-6.299756721080795,2.216604452041846,1.914458226763263,0.0,0.0326045328045345,0.2402137797083783,0.1861320702400028,-0.0540817094683754,2.0,6.9074715529493815,False,79.23750667572023,104.31609773635864,109.24000072479248,69.51999836880714,151.53327037096025,198.88559532165527,190.33999955654144,182.43499598558992,39.72000235598534
2709714,True,A,Monterey,5.930803812957799,-121.69591,36.737847,14.254583718795454,1.1963836648983794,,T20,not_flooded,0.0,1.0,0.0,0.0,0.0,-12.445765388799362,-12.112828764882774,0.3329366239165878,0.3322636423477654,0.0066711140760507,0.4535965153239416,0.6318297712650449,0.596524175238997,-0.0353055960260478,3.0,6.939554474224647,False,79.23750667572023,62.81339757144451,59.81999850273132,64.07499833405018,151.53327037096025,129.51649737358093,113.22999954223631,159.3199963029474,19.417508172988903
2708599,True,A,Monterey,0.9299777190692587,-121.675787,36.728485,13.965524642182162,0.1557705046419568,,T20,not_flooded,0.0,1.0,0.0,0.0,0.0,-11.34776157066494,-10.982671525387088,0.3650900452778529,1.201502686801227,0.0,0.0,0.2717150911860426,0.4304573420983009,0.1587422509122583,3.0,6.0,False,79.23750667572023,69.93129867315292,59.94000029563904,64.07499833405018,151.53327037096025,132.36049795150757,110.16000032424928,159.3199963029474,19.297506380081188
2709697,True,A,Monterey,0.6628081727590917,-121.69179,36.735887,15.461172094283707,0.994060064721558,,T20,not_flooded,0.0,1.0,0.0,0.2841427735517847,0.0,-12.763776661056456,-12.682285609174722,0.0814910518817342,0.9575622193134236,0.0,0.0060854300760678,0.455731361412109,0.3832323806075899,-0.0724989808045191,3.0,6.759742539496783,False,79.23750667572023,62.81339757144451,60.63000059127808,64.07499833405018,151.53327037096025,129.51649737358093,113.84999990463255,159.3199963029474,18.607506084442143
2718734,True,A,Monterey,4.839863407673088,-121.708938,36.913594,13.509875987403056,0.3528662674205495,,T20,not_flooded,0.0,0.9609907517040546,0.0155364971679093,0.0816186117955774,0.0155364971679093,-10.982291356994304,-9.966782331907082,1.0155090250872227,1.5274938892832155,0.0,0.4456942622163908,0.1049089938357589,0.109372580385624,0.004463586549865,2.5171045473455145,8.0,False,79.23750667572023,104.31609773635864,109.24000072479248,69.51999836880714,151.53327037096025,198.88559532165527,190.33999955654144,182.43499598558992,39.72000235598534
2718735,True,A,Monterey,4.236827477034816,-121.710037,36.912349,12.999640336030676,0.2144884611469365,,T20,not_flooded,0.0,1.0,0.0076525487187916,0.0673022482786331,0.0027213120742242,-11.907497372607123,-10.359200191533954,1.5482971810731687,1.8795468893729392,0.0,0.7365623801435538,0.1255583606399508,0.1259001970041846,0.0003418363642338,2.0,8.0,False,79.23750667572023,104.31609773635864,109.24000072479248,69.51999836880714,151.53327037096025,198.88559532165527,190.33999955654144,182.43499598558992,39.72000235598534
2719062,True,A,Monterey,3.500765919080781,-121.718187,36.908574,12.57388230731001,0.2050310843606955,,T20,not_flooded,0.0366598778004073,1.0,0.0,0.0,0.0,-7.900546072253318,-5.403258084975309,2.4972879872780096,2.1859142464435357,0.0,0.0,0.1651474034412376,0.1457847080574549,-0.0193626953837826,2.0,7.0,False,79.23750667572023,104.31609773635864,106.849999666214,69.51999836880714,151.53327037096025,198.88559532165527,189.35999763011927,182.43499598558992,37.33000129740687
2719004,True,A,Monterey,4.290382159866916,-121.693056,36.905293,17.855396122197487,0.5697520223930698,,T20,unknown,0.0,0.0,0.0,0.0185475585356621,0.0,-8.647088646917956,-7.866301080642368,0.7807875662755874,1.5544027090639227,0.0,0.6693343427242744,0.1461134190094531,0.2165914736104623,0.0704780546010091,2.0,8.0,False,79.23750667572023,104.31609773635864,108.3199977874756,66.27499858662486,151.53327037096025,198.88559532165527,186.0299996137619,167.63999602384865,42.04499920085074
2719005,True,A,Monterey,10.607235266705226,-121.691578,36.903823,18.242232083805597,0.596623607643226,,T20,unknown,0.0,0.0,0.0,0.0527585123254233,0.0,-8.149689401530868,-7.335815874903617,0.8138735266272503,0.9030606496876068,0.0,0.6893540206532146,0.1208322123324693,0.2344229563898309,0.1135907440573615,2.263580621350425,8.0,False,79.23750667572023,104.31609773635864,108.3199977874756,66.27499858662486,151.53327037096025,198.88559532165527,186.0299996137619,167.63999602384865,42.04499920085074
2711040,True,A,Monterey,11.914264395254364,-121.691391,36.90281,18.338509900750783,0.6539516565395334,,T20,unknown,0.0,0.0,0.0,0.0300879894984468,0.0,-8.429757068908973,-7.924223468175552,0.505533600733421,0.8971096010711825,0.0,0.6553138118818311,0.1359416996293658,0.2714637429082976,0.1355220432789317,2.3035182802407035,8.0,False,79.23750667572023,104.31609773635864,108.3199977874756,66.27499858662486,151.53327037096025,198.88559532165527,186.0299996137619,167.63999602384865,42.04499920085074
2719006,True,A,Monterey,10.685250411797968,-121.691445,36.90188,18.376670127794064,0.7236206491870292,,T20,unknown,0.0,0.0,0.0,0.0091444636866245,0.0,-8.08610858270325,-7.296472892864848,0.789635689838402,0.778878587952482,0.0,0.3768576956241345,0.1258583202855207,0.2790894244517745,0.1532311041662537,2.259914352170542,8.0,False,79.23750667572023,104.31609773635864,108.3199977874756,66.27499858662486,151.53327037096025,198.88559532165527,186.0299996137619,167.63999602384865,42.04499920085074
2718493,False,B,Monterey,1.05871921166316,-121.679327,36.857909,,,2023-03-04,T20 > X,not a unit (sequence B/C),,,,,,,,,,,,,,,,,False,,,,,,,,,
2712624,False,B,Monterey,1.2181023548997574,-121.67898,36.858948,,,2023-03-04,T20 > X,not a unit (sequence B/C),,,,,,,,,,,,,,,,,False,,,,,,,,,
2718008,True,A,Monterey,3.458324235480032,-121.662924,36.860224,27.907133352707,0.0216434206534333,,T20,not_flooded,0.0,0.7020944045014066,0.0,0.0,0.0,-11.040856030480906,-9.48049305032458,1.5603629801563257,1.0765599398700765,0.0,0.1754566159067565,0.2987039034374086,0.4651516847655485,0.1664477813281398,3.0,7.0437860045549945,False,79.23750667572023,91.63209509849548,95.7700011730194,68.78499916661531,151.53327037096025,192.11849355697632,166.80000114440918,163.3999965954572,26.985002006404088
2717617,False,B,Monterey,1.2281198019524755,-121.66958,36.731255,,,2022-11-03,T20 > X,not a unit (sequence B/C),,,,,,,,,,,,,,,,,False,,,,,,,,,
2722877,True,A,Monterey,9.673570675968964,-121.702074,36.745403,8.360018410819695,1.2055664065020388,,T20,not_flooded,0.0020485053943975,1.0,0.0063945501723154,0.020115519637535,0.0,-7.804530590042379,-8.010517644348266,-0.2059870543058863,-0.2244021769695354,0.0,0.1752074613796482,0.3047669649563108,0.3459341259374914,0.0411671609811806,3.0,7.0,False,79.23750667572023,62.81339757144451,60.6900007724762,68.87999911978841,151.53327037096025,129.51649737358093,115.73000049591064,172.6099964324385,18.547505903244023
2723964,True,A,Monterey,0.7486106676131731,-121.693136,36.782178,50.88308006450297,1.888948058718528,,T20,unknown,0.0,0.0,0.079282827235983,0.0,0.0,-10.940839747970411,-11.398393698322584,-0.4575539503521728,0.2835855946403427,0.0,0.1368017411130687,0.4115564473408074,0.4805704730726275,0.06901402573182,3.0,7.7570732718416435,False,79.23750667572023,67.2044968008995,71.61000084877014,64.07499833405018,151.53327037096025,147.39299750328064,136.96999979019165,159.3199963029474,15.162508341670048
2722226,False,B,Monterey,10.35888349580908,-121.769408,36.847442,,,2022-10-27,T20 > G6 > T30 > T20,not a unit (sequence B/C),,,,,,,,,,,,,,,,,False,,,,,,,,,
2715780,True,A,Monterey,20.62735105813422,-121.704199,36.916619,13.303833146168673,0.6890882927147326,,T20,not_flooded,0.0103966634661545,0.5765835033605378,0.0029592234757561,0.0609697551608257,0.0,-11.710704599255097,-11.6487364478913,0.0619681513637981,-0.2489530152097909,0.0128308029284685,0.2081395523283725,0.0742550963747917,0.1262804753048646,0.0520253789300729,2.59696051368219,7.73200087013922,False,79.23750667572023,104.31609773635864,109.00999987125395,69.51999836880714,151.53327037096025,198.88559532165527,193.81999814510343,182.43499598558992,39.490001502446816
2715782,True,A,Monterey,19.541182619798636,-121.736447,36.742945,9.3572367178566,0.1622397200522767,,T20,not_flooded,0.0,1.0,0.0242643529043034,0.0565348314071817,0.0,-12.987226270564294,-12.917557449060832,0.0696688215034608,0.571787202340742,0.0742014703023522,0.3957914281293519,0.388685191912847,0.434483069028125,0.045797877115278,3.0,9.0,False,79.23750667572023,60.21640041237697,60.40000009536743,68.87999911978841,151.53327037096025,124.70359752327204,119.71000051498412,172.6099964324385,19.021106263343256
2715784,True,A,Monterey,24.369177660409044,-121.739813,36.893976,7.98924775193137,1.4084627859853258,,T20,not_flooded,0.0,1.0,0.0,0.0048591173556238,0.0,-7.799902552898401,-2.293048617420937,5.506853935477464,4.572882577130947,0.0,0.465967123148454,0.1108614199788274,0.0849048246107795,-0.0259565953680479,3.0,8.0,False,79.23750667572023,101.1646978855133,104.70000076293944,65.42499778792262,151.53327037096025,198.1424939632416,186.0700026750565,177.3949949434027,39.27500297501682
2722227,True,A,Monterey,9.637662444586358,-121.673274,36.731368,26.989109960437677,0.4761896556924995,,T20,unknown,0.0,0.0,0.0143693196912005,0.0673144264749684,0.0,-13.504789701354408,-13.520074348612606,-0.0152846472581984,1.3100262466368804,0.098991330107951,0.8376870627822548,0.2547204439348031,0.3209808138144909,0.0662603698796877,3.0,6.0325624079276805,False,79.23750667572023,69.93129867315292,59.94000029563904,64.07499833405018,151.53327037096025,132.36049795150757,110.16000032424928,159.3199963029474,19.297506380081188
2715786,False,B,Monterey,7.9061581679603,-121.7876,36.849836,,,2022-11-03,T20 > X,not a unit (sequence B/C),,,,,,,,,,,,,,,,,False,,,,,,,,,
2725551,True,A,Monterey,35.6506592233233,-121.789806,36.872416,3.9352592367285104,0.5982802529989931,,T20,unknown,0.082448245996757,0.0339404674303054,0.0305151631577919,0.1118390063578683,0.0222123818888664,-11.985890262112742,-10.600463477932768,1.385426784179975,1.509300921035182,0.0125507663521377,0.5066411396842555,0.0841895142954574,0.1010937328728189,0.0169042185773614,6.0,14.0,False,79.23750667572023,97.8693985939026,102.16000175476074,65.42499778792262,151.53327037096025,183.5908932685852,187.08000064827505,177.3949949434027,36.73500396683812
2725552,False,B,Monterey,74.38758689422997,-121.768036,36.853244,,,2022-10-18,T20 > G6,not a unit (sequence B/C),,,,,,,,,,,,,,,,,False,,,,,,,,,
2701054,False,B,Monterey,1.077518601628071,-121.666002,36.768322,,,2022-11-27,T20 > T4,not a unit (sequence B/C),,,,,,,,,,,,,,,,,False,,,,,,,,,
2723968,False,B,Monterey,2.2044328836587948,-121.705526,36.86376,,,2023-03-03,T20 > T4,not a unit (sequence B/C),,,,,,,,,,,,,,,,,False,,,,,,,,,
2718007,True,A,Monterey,4.12290959363588,-121.663014,36.860869,27.43445803581455,0.0500483978968261,,T20,not_flooded,0.0,0.7765397767840362,0.0,0.0040208936154221,0.0,-10.454003377700612,-9.939348737182522,0.5146546405180903,0.4207118663341624,0.0,0.1783472999887264,0.3043861856513229,0.4476136057627656,0.1432274201114426,3.0,7.0,False,79.23750667572023,91.63209509849548,95.7700011730194,68.78499916661531,151.53327037096025,192.11849355697632,166.80000114440918,163.3999965954572,26.985002006404088
2701086,True,A,Monterey,35.56877453114786,-121.769159,36.735193,4.91867661845878,0.5515639226066021,,T20,unknown,0.1692259847811006,1.0,0.1538787750938948,0.1390208841228037,0.1277513304032203,-12.109220921984084,-11.85274914307751,0.2564717789065742,2.333392257541769,0.0063219978122016,0.329513747681173,0.1898392060417987,0.549596520998015,0.3597573149562163,3.813815315893289,11.441445947679872,False,79.23750667572023,60.21640041237697,60.28999996185303,68.87999911978841,151.53327037096025,124.70359752327204,124.31999826431274,172.6099964324385,19.021106263343256
2701104,True,A,Monterey,3.36462436471706,-121.732239,36.757463,17.412763124068736,0.1610587349859185,,T20,not_flooded,0.0,1.0,0.0,0.0166582068201744,0.0,-7.674650778257955,-7.721984967854443,-0.047334189596488,0.4837190558123794,0.0,0.0,0.6438699859272629,0.6414474647643961,-0.0024225211628667,3.0,9.0,False,79.23750667572023,60.21640041237697,64.1599988937378,68.87999911978841,151.53327037096025,124.70359752327204,127.5000011920929,172.6099964324385,19.021106263343256
2701110,False,B,Monterey,1.8797791737999676,-121.716029,36.804098,,,2022-12-21,T20 > X,not a unit (sequence B/C),,,,,,,,,,,,,,,,,False,,,,,,,,,
2717201,True,A,Monterey,1.6618043031243863,-121.710022,36.862462,15.085640281116696,0.2270851424545246,,T20,unknown,0.0,0.0864237793514721,0.0,0.059401789042117,0.0,-12.719743387465774,-11.688315202226146,1.031428185239628,0.807208549456238,0.0,0.0,0.1365710374480234,0.2174208782390425,0.0808498407910191,2.9948285501304497,7.0,False,79.23750667572023,96.03489470481873,99.21000027656557,65.42499778792262,151.53327037096025,189.3929944038391,169.76999819278717,177.3949949434027,33.785002488642945
2701124,True,A,Monterey,2.078952236804518,-121.712573,36.87758,83.67075957050874,1.713121873788643,,T20,unknown,0.0,0.0,0.046003044592136,0.0,0.0,-15.441208459307513,-14.261305786805272,1.179902672502239,2.089574798524257,0.7512345449819925,0.7635243010433298,0.1198708211628065,0.2105070352504527,0.0906362140876461,2.0,8.0,False,79.23750667572023,96.03489470481873,111.60999917984007,65.42499778792262,151.53327037096025,189.3929944038391,189.0700025558472,177.3949949434027,46.18500139191745
2716272,True,A,Monterey,15.94560485089796,-121.802704,36.846735,7.043602704174511,0.9085385656178468,,T20,not_flooded,0.0,1.0,0.0114147051686483,0.0492695947585537,7.765105556903663e-05,-13.975767437282938,-13.546422811541769,0.4293446257411695,1.2371456826128693,0.210104343605921,0.860883280757098,0.4643933525773341,0.4199774301875076,-0.0444159223898264,6.0,14.006415918466397,False,79.23750667572023,85.13939964771271,98.020001411438,67.69999848026782,151.53327037096025,163.0049946308136,180.33999897912145,191.6849961988628,30.32000293117018
2701149,True,A,Monterey,11.903876349239086,-121.766325,36.864975,44.346535565557055,1.595876307958973,,T20,unknown,0.0,0.1084030935144171,0.0182449704372938,0.0120202158175112,0.0,-13.072360791319143,-13.58407536057348,-0.5117145692543357,-0.088692610997084,0.0656883980200467,0.8058553020989846,0.635973531946551,0.5475441562002569,-0.0884293757462941,3.0,7.0,False,79.23750667572023,92.34999752044678,106.87000274658205,65.42499778792262,151.53327037096025,176.18079566955566,187.42000102996823,177.3949949434027,41.445004958659425
2722234,True,A,Monterey,4.587100305309295,-121.703761,36.866763,53.70263129754547,0.7051604563786356,,T20,unknown,0.0,0.0155970124032579,0.0,0.0,0.0,-8.067661537999332,-7.899459024087304,0.1682025139120275,-0.3470938712195615,0.0,0.0,0.4054967754845396,0.5379087327359724,0.1324119572514327,2.8595592956842064,7.0,False,79.23750667572023,96.03489470481873,99.21000027656557,65.42499778792262,151.53327037096025,189.3929944038391,169.76999819278717,177.3949949434027,33.785002488642945
2701273,False,B,Monterey,11.020270049153572,-121.715924,36.680639,,,2022-10-10,T20 > T30 > T30,not a unit (sequence B/C),,,,,,,,,,,,,,,,,False,,,,,,,,,
2701287,True,A,Monterey,1.5495468202883562,-121.720919,36.800855,43.737218796442704,0.8693385778492453,,T20,not_flooded,0.0,0.8150040064102564,0.0,0.0,0.0,-9.485948977339076,-8.22690350994956,1.259045467389516,2.7878268618651703,0.0,0.5706630608974359,0.2074377583615924,0.3183403856595619,0.1109026272979695,3.0,7.0,False,79.23750667572023,67.2044968008995,80.08999872207642,65.42499778792262,151.53327037096025,147.39299750328064,143.81000018119812,177.3949949434027,14.665000934153795
2701294,True,A,Monterey,24.904857854255347,-121.746574,36.843575,10.574704735798475,0.0810541162516987,,T20,not_flooded,0.0,0.8594125035754705,0.0071291770821674,0.021443495131142,0.0,-12.138099207814092,-11.744943177806896,0.3931560300071961,0.8947205057391958,0.0212911490007337,0.206152296384733,0.2965274622973358,0.4044122825899156,0.1078848202925797,2.126189232548596,7.0,False,79.23750667572023,76.29919791221619,95.08000087738036,65.42499778792262,151.53327037096025,151.43509650230408,166.38000178337097,177.3949949434027,29.655003089457736
2701298,False,B,Monterey,10.691204947256892,-121.736209,36.689509,,,2022-10-03,T20 > T4 > T30,not a unit (sequence B/C),,,,,,,,,,,,,,,,,False,,,,,,,,,
2725556,True,A,Monterey,53.59399565771184,-121.700248,36.6373,13.21670501126591,0.2866729285743697,,T20,not_flooded,0.0,1.0,0.0099066806032897,0.043454468067857,0.0,-14.506667935233224,-13.75107410386977,0.7555938313634538,1.066336496682192,0.328084418874666,0.7528020430085736,0.0898836964528142,0.1698861533822775,0.0800024569294633,2.0,6.960159016483629,False,79.23750667572023,68.59399959445,53.72000074386597,74.6749985376373,151.53327037096025,131.02819800376892,93.42999982833862,169.58999579306692,25.51750593185426
2701326,False,B,Monterey,9.221207820267756,-121.705811,36.770753,,,2023-02-23,T20 > X,not a unit (sequence B/C),,,,,,,,,,,,,,,,,False,,,,,,,,,
2701327,False,B,Monterey,2.037352285700992,-121.694602,36.744208,,,2022-12-22,T20 > T30,not a unit (sequence B/C),,,,,,,,,,,,,,,,,False,,,,,,,,,
2701328,True,A,Monterey,1.2729467066613105,-121.702876,36.875302,99.71260178500609,1.6542749621369706,,T20,unknown,0.0,0.0,0.0,0.0,0.0,-12.119715300673318,-10.873533368744694,1.246181931928625,0.8415257597114785,0.0,0.051592124453087,0.1880868661584578,0.2270307773719671,0.0389439112135092,2.0,7.044299951385514,False,79.23750667572023,96.03489470481873,109.099999666214,65.42499778792262,151.53327037096025,189.3929944038391,184.22000432014465,177.3949949434027,43.67500187829138
2701346,True,A,Monterey,22.18678520879115,-121.777221,36.861443,50.53725472899195,2.137466749830561,,T20,unknown,0.0,0.4674891723565557,0.0015378392138538,0.0231652287928136,0.0,-10.424343257253742,-10.133724406010932,0.2906188512428098,0.3357128358637453,0.0001848196787624,0.5476067595182135,0.3401068895682649,0.4064034264648691,0.0662965368966042,6.0,14.0,False,79.23750667572023,97.8693985939026,103.82000064849854,65.42499778792262,151.53327037096025,183.5908932685852,183.97999787330627,177.3949949434027,38.395002860575914
2701352,True,A,Monterey,1.1539309854181647,-121.70262,36.866048,37.70201064969488,0.6256961642367462,,T20,not_flooded,0.0,1.0,0.0340117836100696,0.0,0.0,-10.520232207845693,-10.250336853073357,0.2698953547723359,2.1655281531499586,0.0,0.0,0.4070659239218236,0.5120984763545534,0.1050325524327297,3.0,7.008502945902519,False,79.23750667572023,96.03489470481873,100.98000192642212,65.42499778792262,151.53327037096025,189.3929944038391,172.22999906539917,177.3949949434027,35.5550041384995
2701355,False,B,Monterey,15.144661722296505,-121.729211,36.682677,,,2022-10-19,T20 > T30,not a unit (sequence B/C),,,,,,,,,,,,,,,,,False,,,,,,,,,
2722238,False,B,Monterey,3.2271773024200665,-121.786696,36.822951,,,2022-11-10,T20 > T30,not a unit (sequence B/C),,,,,,,,,,,,,,,,,False,,,,,,,,,
2723971,False,B,Monterey,4.517164788861887,-121.697579,36.86146,,,2022-11-20,T20 > T4,not a unit (sequence B/C),,,,,,,,,,,,,,,,,False,,,,,,,,,
2701400,False,B,Monterey,0.8175537770218763,-121.785457,36.856251,,,2022-11-03,T20 > X,not a unit (sequence B/C),,,,,,,,,,,,,,,,,False,,,,,,,,,
2701409,True,A,Monterey,24.91293824023788,-121.764104,36.867497,43.4132425213452,1.616766595955261,,T20,unknown,0.0,0.0966803123388765,0.0015840575478789,0.0101286503208493,0.0,-13.068754978445686,-12.19594475390904,0.8728102245366465,0.778968879485717,0.0531963796520043,0.3775958354816467,0.6995708081366533,0.5991598427933837,-0.1004109653432695,3.0,7.0,False,79.23750667572023,92.34999752044678,106.87000274658205,65.42499778792262,151.53327037096025,176.18079566955566,187.42000102996823,177.3949949434027,41.445004958659425
2701414,True,A,Monterey,0.9361348823573574,-121.706679,36.875316,53.78153862269169,1.6558109276040032,,T20,unknown,0.0,0.0,0.0,0.0,0.0,-12.252833646535814,-10.305208458423488,1.947625188112326,2.0213998401128404,0.0,0.267941395579836,0.1870126706352149,0.2479131862196776,0.0609005155844627,2.0,7.0,False,79.23750667572023,96.03489470481873,107.91000032424928,65.42499778792262,151.53327037096025,189.3929944038391,183.08999955654144,177.3949949434027,42.48500253632666
2701419,False,B,Monterey,0.9428244887484778,-121.695135,36.813932,,,2022-11-04,T20 > G6,not a unit (sequence B/C),,,,,,,,,,,,,,,,,False,,,,,,,,,
2722241,True,A,Monterey,14.404646674263486,-121.727866,36.90827,11.35405743448668,0.2388177945559164,,T20,unknown,0.0,0.0393412871425349,0.0,0.0196948056829286,0.0,-7.45435739337772,-6.697662153428635,0.7566952399490852,0.8479647428439021,0.0,0.323332008891657,0.1258910408592799,0.290507026223777,0.1646159853644971,3.0,7.0,False,79.23750667572023,104.31609773635864,106.849999666214,69.51999836880714,151.53327037096025,198.88559532165527,189.35999763011927,182.43499598558992,37.33000129740687
2701472,True,A,Monterey,0.5692940052090641,-121.719301,36.855705,41.7320254539468,0.5262261792702432,,T20,not_flooded,0.0,1.0,0.0,0.0,0.0,-12.61807185777747,-11.659543511276768,0.9585283465007032,1.4526649510687353,0.0,0.0,0.5990897706441103,0.5897265563163098,-0.0093632143278005,3.0,7.0,False,79.23750667572023,96.03489470481873,99.10000038146973,65.42499778792262,151.53327037096025,189.3929944038391,170.55999755859375,177.3949949434027,33.675002593547106
2701484,False,B,Monterey,1.1557291455053598,-121.782626,36.842632,,,2022-10-27,T20 > G6,not a unit (sequence B/C),,,,,,,,,,,,,,,,,False,,,,,,,,,
2716307,True,A,Monterey,8.653755970533727,-121.736527,36.894202,8.308851313252907,1.4853536422667677,,T20,not_flooded,0.0,1.0,0.0,0.0142701310777704,0.0,-8.261517837105576,-4.632041377274582,3.629476459830993,3.2498625169184674,0.0,0.4663453800897694,0.1485340948221629,0.1657267727953855,0.0171926779732225,3.0,8.0,False,79.23750667572023,101.1646978855133,104.70000076293944,65.42499778792262,151.53327037096025,198.1424939632416,186.0700026750565,177.3949949434027,39.27500297501682
2722246,True,A,Monterey,14.256334866896356,-121.653532,36.907859,23.87334838213452,0.1287853823265781,,T20,unknown,0.0,0.0,0.0013833509642769,0.0498820083001057,0.0,-10.122706611585777,-9.507760519155092,0.6149460924306833,0.677586754748333,0.0,0.030911112919413,0.1370090388241969,0.2112064857606284,0.0741974469364315,2.0,8.0,False,79.23750667572023,107.0259974002838,113.25000023841858,66.27499858662486,151.53327037096025,207.3426961898804,198.72999787330627,167.63999602384865,46.97500165179372
2701504,False,B,Monterey,31.361184257018685,-121.711386,36.644769,,,2022-10-10,T20 > T30 > T30,not a unit (sequence B/C),,,,,,,,,,,,,,,,,False,,,,,,,,,
2716310,True,A,Monterey,12.709159613253927,-121.759575,36.831962,35.05400523460418,1.4094607489555058,,T20,not_flooded,0.0,0.9953302607626224,0.0,0.0531814501153736,0.0,-11.040324038545878,-9.785953711734091,1.2543703268117865,1.524947579992169,0.0,0.2930794099203039,0.225925197177221,0.2700968884149235,0.0441716912377025,3.0,7.0,False,79.23750667572023,76.29919791221619,94.5499997138977,65.42499778792262,151.53327037096025,151.43509650230408,167.00999772548676,177.3949949434027,29.125001925975084
2722249,False,B,Monterey,4.099052595156053,-121.693316,36.785643,,,2022-10-26,T20 > X,not a unit (sequence B/C),,,,,,,,,,,,,,,,,False,,,,,,,,,
2701567,False,B,Monterey,1.431348525452978,-121.700971,36.864304,,,2023-01-23,T20 > X,not a unit (sequence B/C),,,,,,,,,,,,,,,,,False,,,,,,,,,
2701600,True,A,Monterey,2.172854459602779,-121.740338,36.845088,45.9061237155014,0.619707410780577,,T20,unknown,0.0,0.0,0.0,0.0293311501085679,0.0,-12.063158244834352,-10.985823877633134,1.0773343672012174,1.4327789334973655,0.0,0.2321218808955966,0.2700392894031262,0.4406148088545701,0.1705755194514439,2.924073612643719,7.0,False,79.23750667572023,76.29919791221619,102.02000093460084,65.42499778792262,151.53327037096025,151.43509650230408,175.0899999141693,177.3949949434027,36.59500314667822
2724741,True,A,Monterey,28.650629102726043,-121.680956,36.755138,27.947720664435323,0.58694464497136,,T20,not_flooded,0.0,1.0,0.0006896887475252,0.0314308742548656,0.0,-11.104806488403026,-10.529553094765,0.5752533936380253,0.8026389583226621,0.0594728073307152,0.4622997197970424,0.2187470931049228,0.261033137304993,0.0422860442000702,3.0,7.0,False,79.23750667572023,69.93129867315292,62.31999897956848,64.07499833405018,151.53327037096025,132.36049795150757,116.50000023841858,159.3199963029474,16.917507696151745
2701641,False,B,Monterey,3.359809393130229,-121.670015,36.88962,,,2022-10-18,T20 > G6,not a unit (sequence B/C),,,,,,,,,,,,,,,,,False,,,,,,,,,
2702897,True,A,Monterey,13.112880227688642,-121.672125,36.749002,30.945770657853203,1.343705719504923,,T20,not_flooded,0.0,1.0,0.0105537621057859,0.0332162663923279,0.0015076803008265,-13.726248703455225,-13.36089581001863,0.3653528934365955,0.7585205371836352,0.1529674695803328,0.888685894024856,0.2321411227630735,0.285450028392163,0.0533089056290895,3.0,6.394645665566949,False,79.23750667572023,69.93129867315292,62.05999922752381,64.07499833405018,151.53327037096025,132.36049795150757,115.05999946594238,159.3199963029474,17.177507448196415
2723972,True,A,Monterey,12.141041215028611,-121.692977,36.861496,11.40289652663226,0.1381364346892938,,T20,unknown,0.0,5.739795918367347e-05,0.0,0.0124362244897959,0.0,-10.683630170250396,-10.099644909108518,0.5839852611418781,0.9057610327970558,0.0649426020408163,0.2558227040816326,0.1516811786954794,0.2630101006334571,0.1113289219379776,3.0,6.773252551020408,False,79.23750667572023,96.03489470481873,96.6399998664856,68.78499916661531,151.53327037096025,189.3929944038391,166.68999886512756,163.3999965954572,27.85500069987029
2723973,False,B,Monterey,1.804284984451157,-121.704337,36.863018,,,2023-02-23,T20 > X,not a unit (sequence B/C),,,,,,,,,,,,,,,,,False,,,,,,,,,
2701017,True,A,Monterey,1.7184147757722152,-121.675778,36.867753,22.28182886106993,0.129526323507498,,T20,unknown,0.0,0.0,0.0,0.0,0.0,-8.016718910333024,-5.9561955973511775,2.0605233129818465,1.336258412955278,0.0,0.0254435738088804,0.1984722261756353,0.3160483946655178,0.1175761684898824,2.0,7.0,False,79.23750667572023,91.63209509849548,100.9700002670288,68.78499916661531,151.53327037096025,192.11849355697632,174.8200011253357,163.3999965954572,32.18500110041349
2701007,False,B,Monterey,1.0707269592591135,-121.726078,36.873628,,,2023-01-07,T20 > X,not a unit (sequence B/C),,,,,,,,,,,,,,,,,False,,,,,,,,,
2701002,True,A,Monterey,1.26377018499995,-121.666185,36.768964,17.585504034692477,0.0239558543132549,,T20,not_flooded,0.0,1.0,0.0,0.1160254839500122,0.0,-12.249034084998431,-12.0351796908595,0.2138543941389308,1.1692949521502063,0.1783876500857632,0.2120803724577309,0.3633058164547149,0.4728380776275405,0.1095322611728256,3.0,7.0175202156334215,False,79.23750667572023,69.93129867315292,65.94000053405762,64.07499833405018,151.53327037096025,132.36049795150757,122.19000005722046,159.3199963029474,15.162508341670048
2716328,True,A,Monterey,13.961904466522949,-121.780322,36.740196,4.718778452612457,0.6989651878919075,,T20,not_flooded,0.0,1.0,0.0070724496191971,0.0537173349900431,0.0,-12.400756581373887,-12.037792995923006,0.362963585450883,0.5328281439379747,0.0311187783244673,0.1961814319075644,0.0960686359882687,0.1600806221677215,0.0640119861794527,6.0,18.0,False,79.23750667572023,60.22259879112244,62.32000017166138,68.87999911978841,151.53327037096025,122.95959571003914,130.41999745368958,172.6099964324385,19.01490788459779
2700976,True,A,Monterey,65.04031214850211,-121.66404,36.896663,22.027842606278025,1.326426092771261,,T20,unknown,0.0,0.0107517038787687,0.000303149545454,0.1015360765791416,0.0,-10.584484469815084,-10.409187933313952,0.1752965365011292,0.5282896468326062,0.0,0.3988389966819987,0.1602149529423107,0.2306125795574687,0.070397626615158,2.734131904528103,7.997724595176473,False,79.23750667572023,107.0259974002838,104.56000077724455,68.78499916661531,151.53327037096025,207.3426961898804,181.639998793602,163.3999965954572,38.24099823366849
2717220,False,B,Monterey,9.49306209481641,-121.777912,36.865554,,,2022-10-27,T20 > G6 > T18,not a unit (sequence B/C),,,,,,,,,,,,,,,,,False,,,,,,,,,
2700952,True,A,Monterey,1.8901226046999928,-121.714539,36.876853,65.85955314614372,1.5543985180354611,,T20,unknown,0.0,0.0,0.0,0.0107236411263916,0.0,-9.715794371429356,-9.054639260382377,0.6611551110469787,1.6938697662780893,0.0,0.0006958087753765,0.1893249184189615,0.2486207772381164,0.0592958588191548,2.0,8.0,False,79.23750667572023,96.03489470481873,111.60999917984007,65.42499778792262,151.53327037096025,189.3929944038391,189.0700025558472,177.3949949434027,46.18500139191745
2716331,False,B,Monterey,17.440486820325095,-121.685158,36.664928,,,2022-10-10,T20 > T30 > T30,not a unit (sequence B/C),,,,,,,,,,,,,,,,,False,,,,,,,,,
2723974,True,A,Monterey,70.69565303190622,-121.686096,36.906022,15.65119504509432,0.0630057210305682,,T20,unknown,0.0,0.0,0.0011156112291738,0.1288279410301029,0.0002789028072934,-11.879905010937616,-11.335913585407583,0.5439914255300309,0.7762995900382705,0.0055780561458694,0.6243037000012032,0.1686994061353919,0.1702996367924253,0.0016002306570334,2.9880071792863805,7.934279561236666,False,79.23750667572023,104.31609773635864,107.1499981880188,66.27499858662486,151.53327037096025,198.88559532165527,186.3999993801117,167.63999602384865,40.87499960139394
2723975,True,A,Monterey,1.589571230480894,-121.687734,36.857302,14.720857907100353,0.0553227860071952,,T20,unknown,0.0,0.0,0.0,0.051765961575781,0.0,-16.583019262408307,-14.293037407310733,2.289981855097576,3.143620898526901,0.9172326799922376,1.0,0.2110329839732956,0.281308528557839,0.0702755445845434,3.0,7.599214050067918,False,79.23750667572023,96.03489470481873,96.6399998664856,68.78499916661531,151.53327037096025,189.3929944038391,166.68999886512756,163.3999965954572,27.85500069987029
2700900,True,A,Monterey,1.0809243524299148,-121.781357,36.840251,23.832510789133,2.3927151549122683,,T20,not_flooded,0.0,0.9999283924095956,0.0,0.0,0.0,-14.796761021142643,-12.590747993402251,2.206013027740393,2.9736138864833137,0.4701754385964912,0.9485857500895096,0.3709969522276106,0.3787534766883522,0.0077565244607415,6.0,14.0,False,79.23750667572023,85.13939964771271,96.91000127792358,65.42499778792262,151.53327037096025,163.0049946308136,175.61999958753586,177.3949949434027,31.485003490000963
2700887,False,B,Monterey,3.73616734408001,-121.666042,36.911136,,,2022-10-27,T20 > X,not a unit (sequence B/C),,,,,,,,,,,,,,,,,False,,,,,,,,,
2700874,True,A,Monterey,0.8805207707424596,-121.706226,36.875973,56.2981880751862,1.7288381702134488,,T20,unknown,0.0,0.0,0.0,0.0425344933649705,0.0,-11.824095837413727,-11.126456785973648,0.6976390514400794,0.187692657411981,0.0,0.1254064504789524,0.1711944554229277,0.2155697200703006,0.0443752646473728,2.0,7.048422532735739,False,79.23750667572023,96.03489470481873,114.69999885559082,65.42499778792262,151.53327037096025,189.3929944038391,192.58999967575076,177.3949949434027,49.2750010676682
2723976,True,A,Monterey,9.37754247248914,-121.718108,36.800514,57.95483920570395,0.9706919494818128,,T20,unknown,0.0,0.3540616985659742,0.0,0.0117921610990624,0.0,-8.686046552568602,-7.699688289256986,0.986358263311616,1.1603083508405785,0.0,0.3182646556771422,0.5096933645331249,0.5178466530043615,0.0081532884712366,3.0,7.0,False,79.23750667572023,67.2044968008995,80.08999872207642,65.42499778792262,151.53327037096025,147.39299750328064,143.81000018119812,177.3949949434027,14.665000934153795
2700857,False,B,Monterey,10.056831867539374,-121.705083,36.767246,,,2022-12-05,T20 > X,not a unit (sequence B/C),,,,,,,,,,,,,,,,,False,,,,,,,,,
2700844,False,B,Monterey,7.180969094546509,-121.69601,36.796953,,,2022-11-19,T20 > X,not a unit (sequence B/C),,,,,,,,,,,,,,,,,False,,,,,,,,,
2700836,True,A,Monterey,1.5123618912532593,-121.692978,36.770066,44.41757610762853,0.9086597113662398,,T20,not_flooded,0.0,1.0,0.0,0.0,0.0,-12.191713068914588,-10.61058057785217,1.5811324910624176,0.3563358965878986,0.0279824022917945,0.5268569674647025,0.3150822513685139,0.379392512051184,0.0643102606826701,3.0,7.0,False,79.23750667572023,62.81339757144451,66.60999965667725,64.07499833405018,151.53327037096025,129.51649737358093,127.9299988746643,159.3199963029474,16.424109104275715
2725563,True,A,Monterey,20.76176065433671,-121.736425,36.680701,8.967502896399367,0.7612522786760244,,T20,not_flooded,0.001654979695678,1.0,0.0019052813652274,0.0483306372979374,0.0,-13.413991168820404,-12.966394567825848,0.4475966009945562,0.5502446345905696,0.0775300081815023,0.2605192078512536,0.1006595856358312,0.2238889272946393,0.1232293416588081,3.0,6.001236564964494,False,79.23750667572023,58.28349870443344,55.43000030517578,74.6749985376373,151.53327037096025,115.29659640789032,103.42000004649162,169.58999579306692,23.807506370544445
2700765,True,A,Monterey,17.105498913033156,-121.740908,36.727865,6.65984160992094,1.3912802830183428,,T20,not_flooded,0.0,1.0,0.0,0.0305544222312888,0.0,-12.39918848587708,-11.642378930153075,0.756809555724006,0.3452634561947398,0.0115599075207398,0.4034861054444897,0.5984342170166155,0.547976187054289,-0.0504580299623265,3.0,9.0,False,79.23750667572023,60.21640041237697,59.03000092506409,68.87999911978841,151.53327037096025,124.70359752327204,115.989999294281,172.6099964324385,20.20750575065614
2700722,True,A,Monterey,1.2402487975082424,-121.733112,36.848174,92.64019582634003,1.336435117904361,,T20,unknown,0.0,0.0,0.0,0.0,0.0,-12.660850276076877,-11.508249623977834,1.1526006520990428,0.970731078748635,0.0,0.2916822546452175,0.2406722923980223,0.3631613185736791,0.1224890261756568,2.0,7.0,False,79.23750667572023,76.29919791221619,102.02000093460084,65.42499778792262,151.53327037096025,151.43509650230408,175.0899999141693,177.3949949434027,36.59500314667822
2700683,True,A,Monterey,28.509437595563732,-121.763633,36.840064,43.57454646042235,1.0588232240103388,,T20,not_flooded,0.0,1.0,0.0,0.026230789692255,0.0,-12.959055730832548,-11.471937380632196,1.4871183502003529,1.9895691683865309,0.0918457638251787,0.8811390199282346,0.5284158812662189,0.52712628387424,-0.0012895973919788,3.0,7.0,False,79.23750667572023,76.29919791221619,96.53000068664552,65.42499778792262,151.53327037096025,151.43509650230408,170.6199996471405,177.3949949434027,31.1050028987229
2700680,True,A,Monterey,20.92762444651693,-121.73884,36.680645,8.845979609846829,0.5893040950887422,,T20,not_flooded,0.0007043454406607,1.0,0.0066171400609444,0.028366585852295,0.0,-13.770448232495973,-12.839624067436418,0.930824165059553,0.7782525707380543,0.1887386285282146,0.303383823780185,0.0903228304761949,0.1881999482292384,0.0978771177530435,3.0,6.038572180579345,False,79.23750667572023,58.28349870443344,55.43000030517578,74.6749985376373,151.53327037096025,115.29659640789032,103.42000004649162,169.58999579306692,23.807506370544445
2723977,True,A,Monterey,5.113914081958959,-121.703781,36.77825,38.85771446644363,2.068303064006715,,T20,not_flooded,0.0,0.994769779605164,0.0,0.0038546421985065,0.0,-12.197731211156418,-10.549294619295887,1.6484365918605288,1.4369207640346977,0.0,0.02612086948635,0.3914064519603117,0.4094099291136359,0.0180034771533241,3.0,8.892447924539715,False,79.23750667572023,67.2044968008995,67.62000036239624,68.87999911978841,151.53327037096025,147.39299750328064,131.5400004386902,172.6099964324385,12.03300987482072
2700664,False,B,Monterey,2.3733962632784085,-121.703788,36.764793,,,2023-02-23,T20 > X,not a unit (sequence B/C),,,,,,,,,,,,,,,,,False,,,,,,,,,
2700648,True,A,Monterey,12.601023339018536,-121.751271,36.697266,5.328732597844131,0.0725781036611912,,T20,not_flooded,0.0,1.0,0.0,0.0318205047687656,0.0,-11.915147293675911,-11.42686093117307,0.4882863625028424,0.7215452656492758,0.0047102720874817,0.4400132995917762,0.104455391501275,0.1353572544301498,0.0309018629288747,3.0,9.0,False,79.23750667572023,57.39879907667637,56.96999883651733,74.6749985376373,151.53327037096025,115.37749803066254,111.16999995708466,169.58999579306692,22.2675078392029
2700635,True,A,Monterey,13.522841832291332,-121.676197,36.74812,27.446761516463248,1.3692410575804168,,T20,not_flooded,0.0,1.0,0.0060231979165471,0.0204157727476107,0.0,-13.603523773630137,-13.396855562291057,0.2066682113390801,0.6205809302799175,0.1317933067930199,0.8448424216697451,0.2681503344261435,0.3402463587791066,0.072096024352963,3.0,6.383172905934859,False,79.23750667572023,69.93129867315292,63.33999848365784,64.07499833405018,151.53327037096025,132.36049795150757,118.67999935150146,159.3199963029474,15.89750819206239
2700603,False,B,Monterey,16.55390391939642,-121.693456,36.762008,,,2023-03-03,T20 > T4,not a unit (sequence B/C),,,,,,,,,,,,,,,,,False,,,,,,,,,
2716358,True,A,Monterey,19.692453985756,-121.7033,36.772768,25.61913947464129,1.512155694826999,,T20,unknown,0.0,0.0,0.0152282265493972,0.05715309328273,0.0,-13.93670145521544,-13.282056403669433,0.6546450515460087,0.8146673202466683,0.2485767828599775,0.7222226596640972,0.1441579507237715,0.2111453425290165,0.0669873918052449,3.0,7.0,False,79.23750667572023,67.2044968008995,67.62000036239624,68.87999911978841,151.53327037096025,147.39299750328064,131.5400004386902,172.6099964324385,12.03300987482072
2716359,False,B,Monterey,61.31083124634106,-121.687851,36.641181,,,2022-10-18,T20 > T30 > T30,not a unit (sequence B/C),,,,,,,,,,,,,,,,,False,,,,,,,,,
2700559,False,B,Monterey,0.6743621534278925,-121.72372,36.871593,,,2022-11-12,T20 > X,not a unit (sequence B/C),,,,,,,,,,,,,,,,,False,,,,,,,,,
2700556,True,A,Monterey,25.605224126382016,-121.749168,36.684329,7.178780468186623,0.1270591177974059,,T20,not_flooded,0.0,1.0,0.0099360109989612,0.006498835600052,0.0022773179735504,-14.215200488981983,-12.031051109433278,2.184149379548705,1.615257257826185,0.2399663247661361,0.4526411740300964,0.0684072527391738,0.1388849809378681,0.0704777281986943,3.0,8.654168672947467,False,79.23750667572023,58.28349870443344,55.97000074386597,74.6749985376373,151.53327037096025,115.29659640789032,107.3200011253357,169.58999579306692,23.26750593185426
2700521,True,A,Monterey,11.088618070583369,-121.778257,36.697671,24.51149509870265,1.8967158416823515,,T20,not_flooded,0.0,1.0,0.0,0.0185278371842719,0.0,-16.286132425538195,-15.246298710221753,1.0398337153164423,1.4987136423926817,0.8637564473518684,0.9371758851567632,0.1874288361066496,0.2452009370531585,0.0577721009465088,6.0,18.0,False,79.23750667572023,52.11849948763847,59.45000076293945,74.6749985376373,151.53327037096025,110.21159622073174,122.15000081062315,169.58999579306692,27.119007188081753
2700501,True,A,Monterey,6.930083889658118,-121.718495,36.727328,9.982162196349188,0.0272710814342786,,T20,not_flooded,0.0,1.0,0.0057064214024369,0.0071274322222595,0.0,-13.612177789168063,-12.772603345538675,0.8395744436293899,0.5006846083417695,0.0788045606614973,0.7579470309825114,0.4274783048937958,0.4794446321287731,0.0519663272349772,3.0,6.0,False,79.23750667572023,63.64009752869606,58.26000165939331,68.87999911978841,151.53327037096025,120.86589841917156,111.79999995231628,172.6099964324385,20.977505016326916
2717238,False,B,Monterey,4.914225288594461,-121.677653,36.859657,,,2023-01-22,T20 > X,not a unit (sequence B/C),,,,,,,,,,,,,,,,,False,,,,,,,,,
2700478,True,A,Monterey,6.652752771130407,-121.725301,36.867795,23.94682714402832,0.3569610279153459,,T20,unknown,0.0,0.0,0.0018875618992135,0.0003612001165161,0.0,-14.748585877162151,-13.331998612091724,1.4165872650704276,1.5297966655901014,0.4887853189630063,0.8025633556655988,0.1795915063417864,0.2636898698504312,0.0840983635086447,2.472379842703175,6.306577337605596,False,79.23750667572023,96.03489470481873,103.25000143051147,65.42499778792262,151.53327037096025,189.3929944038391,176.7799986600876,177.3949949434027,37.825003642588854
2700468,True,A,Monterey,10.512393664169087,-121.702872,36.759839,13.050513646364935,0.3989337115539155,,T20,not_flooded,0.0,1.0,0.0,0.0037585119240633,0.0,-11.400470972594588,-10.622107472008802,0.778363500585785,0.69474651140386,0.0,0.0357648203283907,0.2853838830020708,0.3098357240034005,0.0244518410013296,3.0,7.0,False,79.23750667572023,62.81339757144451,64.73999905586243,68.87999911978841,151.53327037096025,129.51649737358093,124.50999975204468,172.6099964324385,16.424109104275715
2700454,True,A,Monterey,27.339691298855005,-121.722633,36.648784,10.106548917555685,1.0977083209997418,,T20,flooded,0.9484570454409634,1.0,0.6241959682822263,0.4259535934123656,0.3864384815477669,-14.38647675574417,-19.924604179242696,-5.538127423498526,1.699225747306761,0.3086320581999018,0.8479348742417747,0.0711148696288116,0.0451573586628808,-0.0259575109659307,2.972960775241766,7.653846263017915,True,79.23750667572023,66.03359851241112,54.339998722076416,74.6749985376373,151.53327037096025,122.2720977179706,98.13000011444092,169.58999579306692,24.89750795364381
2700430,False,B,Monterey,6.618727881485799,-121.676756,36.858749,,,2023-01-22,T20 > X,not a unit (sequence B/C),,,,,,,,,,,,,,,,,False,,,,,,,,,
2722266,True,A,Monterey,4.990203458662356,-121.707398,36.879374,101.79365755777306,2.106855620404337,,T20,unknown,0.0,0.0,0.0,0.002481312614373,0.0,-13.421958030221722,-12.738798475695026,0.6831595545266964,0.4748596152303133,0.2915852485965077,0.6375732762631433,0.1574730974972202,0.2476314253779716,0.0901583278807514,2.0,8.307543190347694,False,79.23750667572023,96.03489470481873,114.69999885559082,65.42499778792262,151.53327037096025,189.3929944038391,192.58999967575076,177.3949949434027,49.2750010676682
2722267,False,B,Monterey,4.147921801497302,-121.67586,36.685746,,,2022-10-19,T20 > T4,not a unit (sequence B/C),,,,,,,,,,,,,,,,,False,,,,,,,,,
2700372,True,A,Monterey,11.290975287092968,-121.730762,36.674189,9.621096352649092,0.4124322446370282,,T20,unknown,0.1181229995741582,1.0,0.0254680824759262,0.0387790705660947,0.0254680824759262,-14.289567365421606,-11.432291992365244,2.8572753730563623,2.309075194071037,0.3796791076555353,0.8354396472382104,0.6187980953182668,0.5224764545930166,-0.0963216407252501,3.0,6.739494759399418,False,79.23750667572023,58.28349870443344,54.72000026702881,74.6749985376373,151.53327037096025,115.29659640789032,100.40000049769878,169.58999579306692,24.517506408691418
2700351,True,A,Monterey,15.04778188454245,-121.680248,36.746858,23.993136102561103,1.5072308821641718,,T20,not_flooded,0.0,1.0,0.0065733847518096,0.0683322678435173,0.0,-13.47249001201268,-12.655187175418185,0.8173028365944965,1.4820734229292931,0.1446144645398114,0.5037584293992697,0.3302626769403328,0.3848756441020973,0.0546129671617645,3.0,7.0,False,79.23750667572023,69.93129867315292,62.33000040054321,64.07499833405018,151.53327037096025,132.36049795150757,116.92999839782716,159.3199963029474,16.907506275177013
2725568,True,A,Monterey,17.668111170254637,-121.670712,36.742962,29.72860079817781,1.7647999518417918,,T20,not_flooded,0.0,0.9130768791785742,0.0091703651025684,0.0235119557153455,0.0,-15.37133977725204,-14.902951847077114,0.4683879301749272,1.293168170061696,0.6398842839520806,0.9890956501125991,0.6619731533903714,0.5828631244616926,-0.0791100289286788,3.0,6.0,False,79.23750667572023,69.93129867315292,62.05999922752381,64.07499833405018,151.53327037096025,132.36049795150757,115.05999946594238,159.3199963029474,17.177507448196415
2722268,False,B,Monterey,16.76802860911541,-121.69454,36.775536,,,2023-01-31,T20 > X,not a unit (sequence B/C),,,,,,,,,,,,,,,,,False,,,,,,,,,
2700319,True,A,Monterey,2.304293563634888,-121.718406,36.879436,85.19385877494831,1.6990081403266142,,T20,unknown,0.0,0.0,0.0171204135754808,0.0085602067877404,0.0,-12.497137689413597,-12.083024784918951,0.4141129044946456,-0.3470041968253152,0.1059115780992984,0.8699519957031119,0.2098198654212326,0.3227440744819524,0.1129242090607198,2.0491120883547618,8.0,False,79.23750667572023,96.03489470481873,110.33000159263612,65.42499778792262,151.53327037096025,189.3929944038391,188.50999748706815,177.3949949434027,44.9050038047135
2700309,False,B,Monterey,1.5845598169218351,-121.780388,36.84305,,,2022-10-27,T20 > G6,not a unit (sequence B/C),,,,,,,,,,,,,,,,,False,,,,,,,,,
2700297,False,B,Monterey,2.0568987471845883,-121.781026,36.844471,,,2022-10-27,T20 > G6,not a unit (sequence B/C),,,,,,,,,,,,,,,,,False,,,,,,,,,
2700296,True,A,Monterey,3.444035111548968,-121.691922,36.856348,12.323826656397728,0.1558154293364448,,T20,unknown,0.0,0.0,0.0,0.005732527032799,0.0,-10.856639044181607,-9.681782861717728,1.1748561824638823,0.977952552265501,0.0,0.1687161387496347,0.2193864493372282,0.333400038978641,0.1140135896414127,3.0,6.999865117010998,False,79.23750667572023,96.03489470481873,96.6399998664856,68.78499916661531,151.53327037096025,189.3929944038391,166.68999886512756,163.3999965954572,27.85500069987029
2700270,True,A,Monterey,9.97270305707759,-121.69782,36.763375,6.096391628666902,0.7785164186242824,,T20,not_flooded,0.0,1.0,0.0,0.0043946146559622,0.0,-9.38928877059815,-9.23165242478239,0.1576363458157601,-0.0422813628569951,0.0,0.0012811155799183,0.3589108873843103,0.4424195299316535,0.0835086425473431,3.0,7.0,False,79.23750667572023,62.81339757144451,62.08000063896179,64.07499833405018,151.53327037096025,129.51649737358093,117.60000085830688,159.3199963029474,17.157506036758434
2700267,True,A,Monterey,2.1785673554509906,-121.659599,36.85247,77.37438147346487,0.8835046637872627,,T20,not_flooded,0.0,1.0,0.0,0.0608209221121641,0.0,-10.769039719809232,-9.77179440213828,0.997245317670952,1.1094597610292585,0.0,0.3887978336777596,0.1284865981840865,0.2837848904803645,0.1552982922962779,3.0,7.0,False,79.23750667572023,92.7891993522644,99.08000016212463,68.78499916661531,151.53327037096025,183.41999793052676,171.910001039505,163.3999965954572,30.295000995509326
2700264,True,A,Monterey,7.767405610870673,-121.73689,36.685191,8.971069361398644,1.041346318261921,,T20,not_flooded,0.0,1.0,0.0,0.0127251858875193,0.0,-6.673239653848594,-6.008014798696156,0.665224855152438,0.6236152996475886,0.0,0.0273865961375318,0.1328622915954598,0.2033076982424494,0.0704454066469895,3.0,7.055681421228615,False,79.23750667572023,58.28349870443344,55.43000030517578,74.6749985376373,151.53327037096025,115.29659640789032,103.42000004649162,169.58999579306692,23.807506370544445
2700251,True,A,Monterey,46.45103575512607,-121.730361,36.891824,10.300932730241197,1.9976278037030883,,T20,unknown,0.1299274692514594,1.0,0.0,0.0244289556738031,0.0,-5.992810141908273,-4.954895454022355,1.0379146878859178,1.0451853131422322,0.0,0.5341960412034609,0.0937334472663028,0.1772934230290455,0.0835599757627426,3.0,7.698193809488124,False,79.23750667572023,96.03489470481873,105.84000015258788,65.42499778792262,151.53327037096025,189.3929944038391,185.93999934196472,177.3949949434027,40.415002364665256
2700210,False,B,Monterey,15.785149040303466,-121.781546,36.738053,,,2022-10-19,T20 > T18 > T30,not a unit (sequence B/C),,,,,,,,,,,,,,,,,False,,,,,,,,,
2700190,True,A,Monterey,19.5321749621938,-121.709158,36.776929,20.54209059275195,1.838478513634269,,T20,unknown,0.0,0.3031253967246416,0.0010116478354703,0.0312103275358639,0.0,-13.289975104551582,-12.448003584087504,0.8419715204640763,0.8436971149017172,0.1932009330963565,0.7792703440396094,0.1138186669865959,0.1658394365447649,0.052020769558169,3.0,7.695105211374893,False,79.23750667572023,67.2044968008995,67.13000082969666,68.87999911978841,151.53327037096025,147.39299750328064,131.63000082969666,172.6099964324385,12.107505846023571
2725572,True,A,Monterey,26.08166884557892,-121.708008,36.696422,10.89861865469814,0.821863626200241,,T20,not_flooded,0.0,0.9959257286219796,0.0,0.0212850174547857,0.0,-9.417215200355615,-8.69882613684709,0.7183890635085248,0.705286271009328,0.0,0.1706878643853921,0.0997835765550776,0.1461579721836437,0.046374395628566,3.0,6.050641199246459,False,79.23750667572023,63.64009752869606,56.19999837875366,74.6749985376373,151.53327037096025,120.86589841917156,102.3799996972084,169.58999579306692,23.037508296966564
2700136,True,A,Monterey,12.1204982935525,-121.673961,36.751689,31.56079690099835,1.0094048646202816,,T20,not_flooded,0.0,1.0,0.0088226268412438,0.0531787029459901,0.0,-13.79027259050878,-13.14420520931585,0.6460673811929318,1.024212590473594,0.2239860372340425,0.7195747238134207,0.6223512210287022,0.5600914272799614,-0.0622597937487408,3.0,6.092624795417346,False,79.23750667572023,69.93129867315292,63.33999848365784,64.07499833405018,151.53327037096025,132.36049795150757,118.67999935150146,159.3199963029474,15.89750819206239
2700129,True,A,Monterey,20.850581587811384,-121.704628,36.694271,11.49543337995086,0.8976244984516886,,T20,not_flooded,0.0,0.8351990952078009,0.0,0.0276385742082138,0.0,-8.823270093400117,-8.277186847639946,0.5460832457601708,0.2643753212109487,0.0,0.5777165158059608,0.1100522232099942,0.1745218698178063,0.0644696466078121,3.0,6.000840801961376,False,79.23750667572023,63.64009752869606,56.11000061035156,74.6749985376373,151.53327037096025,120.86589841917156,103.52999979257584,169.58999579306692,23.127506065368664
2700128,False,B,Monterey,11.07135571759587,-121.740718,36.687289,,,2022-10-11,T20 > T30,not a unit (sequence B/C),,,,,,,,,,,,,,,,,False,,,,,,,,,
2700111,True,A,Monterey,1.6324552883701942,-121.717792,36.879319,87.79462947739349,1.7002209486029942,,T20,unknown,0.0,0.0,0.0,0.0,0.0,-11.97097290361417,-10.97292030700866,0.9980525966055094,1.0364732170789654,0.0,0.2781608102325139,0.2321118982957369,0.3183913932060425,0.0862794949103055,2.0,8.0,False,79.23750667572023,96.03489470481873,110.33000159263612,65.42499778792262,151.53327037096025,189.3929944038391,188.50999748706815,177.3949949434027,44.9050038047135
2722272,False,B,Monterey,22.383714396588385,-121.724748,36.873001,,,2023-01-07,T20 > X,not a unit (sequence B/C),,,,,,,,,,,,,,,,,False,,,,,,,,,
2700090,False,B,Monterey,1.21911731025537,-121.703901,36.863352,,,2023-02-23,T20 > X,not a unit (sequence B/C),,,,,,,,,,,,,,,,,False,,,,,,,,,
2723981,True,A,Monterey,26.265407029547383,-121.710905,36.766962,21.534652579946165,0.727244678223309,,T20,unknown,0.0,0.1548437546106406,0.0010917996990173,0.0369057806367848,0.0,-12.216577295120915,-11.5533763817726,0.6632009133483159,0.8311666719773516,0.0358169317477647,0.4783351529994984,0.1395387415135742,0.2191479659447834,0.0796092244312092,3.0,7.0,False,79.23750667572023,62.81339757144451,63.55000138282776,68.87999911978841,151.53327037096025,129.51649737358093,122.8800013065338,172.6099964324385,16.424109104275715
2700039,True,A,Monterey,8.638795926629024,-121.73524,36.790261,11.127817118925186,0.2547340786939706,,T20,not_flooded,0.0,1.0,0.0068661592589933,0.0342141164644216,0.0,-11.85322659122252,-11.280393829394177,0.5728327618283426,0.5852868545616889,0.0068661592589933,0.2746912472176347,0.1379846283747228,0.1542738283909266,0.0162892000162038,3.0,7.0,False,79.23750667572023,61.84649868309498,73.71000051498413,68.87999911978841,151.53327037096025,132.33949756622314,138.32999897003174,172.6099964324385,17.391007992625248
2700030,True,A,Monterey,1.546631155687942,-121.674817,36.847337,76.96943958447369,1.562828078348444,,T20,not_flooded,0.0,1.0,0.0,0.1982788638511665,0.0,-9.661243975364934,-8.852328682937156,0.8089152924277787,0.5023984917714461,0.0,0.1508232602099188,0.2112396641596925,0.2780825471525813,0.0668428829928887,3.0,6.783713873551211,False,79.23750667572023,92.7891993522644,97.3200023174286,68.78499916661531,151.53327037096025,183.41999793052676,168.8300006389618,163.3999965954572,28.535003150813296
2723982,True,A,Monterey,11.618142175238251,-121.660855,36.725333,20.70516467527482,0.1945367645949051,,T20,not_flooded,0.0,1.0,0.0024423120554124,0.030628995449025,0.0,-14.552065975126512,-13.629070953549729,0.9229950215767831,1.610905742227274,0.4321824660678775,0.7016976070680243,0.2296685365720784,0.3654731827276324,0.1358046461555539,3.0,6.0,False,79.23750667572023,67.50299942493439,59.6399998664856,64.07499833405018,151.53327037096025,118.26299607753754,107.30999946594238,159.3199963029474,19.597506809234623
2700022,False,B,Monterey,2.9266612262925187,-121.694919,36.84845,,,2022-11-04,T20 > T18,not a unit (sequence B/C),,,,,,,,,,,,,,,,,False,,,,,,,,,
2700016,True,A,Monterey,15.374217770397888,-121.67968,36.748744,25.639412209946546,1.2976109990059783,,T20,not_flooded,0.0,1.0,0.0064296196186605,0.0307260175188223,0.0,-12.228711099234816,-11.591181428903472,0.6375296703313413,1.0019329618446733,0.0496215349393094,0.4281269383412087,0.2881458645377749,0.3467566797876034,0.0586108152498285,3.0,7.0,False,79.23750667572023,69.93129867315292,62.33000040054321,64.07499833405018,151.53327037096025,132.36049795150757,116.92999839782716,159.3199963029474,16.907506275177013
2722273,False,B,Monterey,42.00962907255221,-121.759979,36.836536,,,2022-11-04,T20 > T30 > T30,not a unit (sequence B/C),,,,,,,,,,,,,,,,,False,,,,,,,,,
2715771,False,B,Monterey,12.328434525176917,-121.742789,36.68734,,,2022-10-11,T20 > T30,not a unit (sequence B/C),,,,,,,,,,,,,,,,,False,,,,,,,,,
2715753,True,A,Monterey,1.651956323083395,-121.715672,36.805095,88.02384535237667,1.5101967009579491,,T20,unknown,0.0,0.0258261073353644,0.0,0.0,0.0,-6.21116484580487,-5.209522968389004,1.0016418774158655,1.051962963908089,0.0,0.1967658776658073,0.259672550197393,0.2679168881068386,0.0082443379094456,3.0,7.0,False,79.23750667572023,67.2044968008995,84.36000108718872,65.42499778792262,151.53327037096025,147.39299750328064,150.33999872207642,177.3949949434027,18.9350032992661
2716388,True,A,Monterey,6.281701883335282,-121.70086,36.735878,11.982433532062103,0.9775024861286286,,T20,not_flooded,0.0,1.0,0.0,0.0193215229906357,0.0,-1.9218949343928264,-1.9845166827871248,-0.062621748394299,0.5339691656076491,0.0,0.3997232723049936,0.5904114414385235,0.5766511229104234,-0.0137603185281001,3.0,7.0,False,79.23750667572023,62.81339757144451,59.81999850273132,68.87999911978841,151.53327037096025,129.51649737358093,113.22999954223631,172.6099964324385,19.417508172988903
2715739,False,B,Monterey,1.2055384606043908,-121.786235,36.856575,,,2022-10-26,T20 > X,not a unit (sequence B/C),,,,,,,,,,,,,,,,,False,,,,,,,,,
2715728,False,B,Monterey,15.296456959154796,-121.715522,36.684119,,,2022-11-11,T20 > T30,not a unit (sequence B/C),,,,,,,,,,,,,,,,,False,,,,,,,,,
2715710,True,A,Monterey,6.547749650016301,-121.723668,36.908257,11.553674664803106,0.3873066165201139,,T20,not_flooded,0.0,0.7039910260951706,0.0,0.0034596764671153,0.0,-8.841053438760085,-3.983387963865419,4.857665474894666,4.867477085509225,0.0,0.465178887708112,0.1402642655110807,0.1780210971775092,0.0377568316664284,2.7272641398039905,7.38434289762664,False,79.23750667572023,104.31609773635864,106.849999666214,69.51999836880714,151.53327037096025,198.88559532165527,189.35999763011927,182.43499598558992,37.33000129740687
2722277,True,A,Monterey,18.010306233496216,-121.700515,36.7375,17.19467231535788,1.157781517494603,,T20,not_flooded,0.0,1.0,0.0032906197979172,0.0465461396513233,0.0,-10.761419961347425,-10.775686640188638,-0.0142666788412153,0.2760275154313127,0.0032906197979172,0.1161739339897367,0.3498415604205348,0.4096363636161259,0.0597948031955911,3.0,6.964594651559926,False,79.23750667572023,62.81339757144451,59.81999850273132,68.87999911978841,151.53327037096025,129.51649737358093,113.22999954223631,172.6099964324385,19.417508172988903
2717257,True,A,Monterey,17.0539367803025,-121.790854,36.827447,10.052827075782291,1.56196605001003,,T20,not_flooded,0.0,1.0,0.0313544076072988,0.0349891691449131,0.0,-16.063203244782102,-15.434624904040556,0.6285783407415444,1.4456785242608865,0.7755308759737457,0.9716381640208036,0.5036117024885713,0.4486721395461413,-0.05493956294243,6.0,14.0,False,79.23750667572023,85.13939964771271,87.9800009727478,65.42499778792262,151.53327037096025,163.0049946308136,165.24000042676926,177.3949949434027,22.555003184825182
2715693,True,A,Monterey,4.025619861903629,-121.782252,36.840989,24.06756778495431,2.4402413936856693,,T20,not_flooded,0.0,0.6372248859106926,0.0,0.0049101727225463,0.0,-15.00641048916098,-13.052918816752635,1.953491672408344,2.037549731569115,0.5577378545433541,0.9076694972368244,0.4116495243581355,0.4327179781514836,0.021068453793348,6.0,14.0,False,79.23750667572023,85.13939964771271,96.91000127792358,65.42499778792262,151.53327037096025,163.0049946308136,175.61999958753586,177.3949949434027,31.485003490000963
2715659,False,B,Monterey,6.506560513191913,-121.710912,36.692283,,,2022-10-18,T20 > T4 > T30,not a unit (sequence B/C),,,,,,,,,,,,,,,,,False,,,,,,,,,
2715637,False,B,Monterey,14.640584136105169,-121.736224,36.691902,,,2022-10-03,T20 > T30 > T4,not a unit (sequence B/C),,,,,,,,,,,,,,,,,False,,,,,,,,,
2715622,False,B,Monterey,1.3748116362162817,-121.69593,36.814235,,,2022-11-04,T20 > G6,not a unit (sequence B/C),,,,,,,,,,,,,,,,,False,,,,,,,,,
2715590,False,B,Monterey,5.69202004525746,-121.716305,36.775307,,,2023-01-06,T20 > X,not a unit (sequence B/C),,,,,,,,,,,,,,,,,False,,,,,,,,,
2715585,True,A,Monterey,2.3576024521557595,-121.719068,36.879706,90.26368989402732,1.7154454185603565,,T20,unknown,0.0,0.0,0.0,0.0,0.0,-14.201681123668155,-13.18167488066499,1.020006243003165,0.5421169722103603,0.4161370634868637,0.9193146825656818,0.1616397761069626,0.2489903379845048,0.0873505618775422,2.8099325165432747,8.0,False,79.23750667572023,96.03489470481873,110.33000159263612,65.42499778792262,151.53327037096025,189.3929944038391,188.50999748706815,177.3949949434027,44.9050038047135
2723986,True,A,Monterey,26.30782314415272,-121.793434,36.876083,4.285235220194354,0.0914085457029605,,T20,unknown,0.0,0.1092950339423745,0.0,0.0650728849253503,0.0,-12.210323468522413,-11.48537877387234,0.7249446946500733,1.0136706523082175,0.0236243632128192,0.53121874889702,0.1007139589170635,0.1224439228328123,0.0217299639157487,6.0,14.0,False,79.23750667572023,97.8693985939026,104.1199996471405,65.42499778792262,151.53327037096025,183.5908932685852,192.62000036239624,177.3949949434027,38.69500185921788
2715571,True,A,Monterey,13.40634532477016,-121.692499,36.77066,45.58030729380758,0.9245189893178188,,T20,not_flooded,0.0,0.7243764749433159,0.0068367960760723,0.0252649113877192,0.0,-13.834074751279411,-12.9035832048995,0.930491546379912,1.1140252066423706,0.1811519596501782,0.6431042061912915,0.3655693584979911,0.4350658819344173,0.0694965234364262,3.0,7.057065846096895,False,79.23750667572023,62.81339757144451,66.60999965667725,64.07499833405018,151.53327037096025,129.51649737358093,127.9299988746643,159.3199963029474,16.424109104275715
2715566,False,B,Monterey,1.930916490515955,-121.667983,36.767573,,,2023-02-23,T20 > X,not a unit (sequence B/C),,,,,,,,,,,,,,,,,False,,,,,,,,,
2715564,True,A,Monterey,10.161838365094669,-121.797098,36.838915,4.449996328378597,1.8840767505438727,,T20,not_flooded,0.0,1.0,0.0209464512143577,0.0538901713431088,0.0,-14.043468033050797,-14.074646405051505,-0.0311783720007063,0.2023062569949001,0.2828821000640263,0.7821122595201074,0.3857004606991878,0.3639496384742969,-0.0217508222248908,6.0,14.0,False,79.23750667572023,85.13939964771271,90.75000047683716,65.42499778792262,151.53327037096025,163.0049946308136,168.85000202059746,177.3949949434027,25.325002688914537
2717261,True,A,Monterey,7.983079725251736,-121.672905,36.887746,19.222063330082054,2.0566541043408044,,T20,unknown,0.0,0.0,0.0,0.024033143810762,0.0,-11.764391791417747,-10.322609223401264,1.4417825680164815,0.8913653463023348,0.0197931422583587,0.3028059689907437,0.2614274585053072,0.5088867741770975,0.2474593156717902,2.0,7.299313061533384,False,79.23750667572023,91.63209509849548,103.75999915599824,68.78499916661531,151.53327037096025,192.11849355697632,177.41000032424927,163.3999965954572,34.97499998938294
2725578,True,A,Monterey,40.28834669989179,-121.685596,36.671992,10.927170156373052,1.850852524516144,,T20,not_flooded,0.0,1.0,2.119803590561864e-05,0.0650721889477295,0.0,-13.293089213428196,-12.61683978448774,0.6762494289404568,0.5498855713288187,0.0705412822113791,0.7332574058229077,0.6585303049231807,0.6356659785441954,-0.0228643263789852,2.0453657239321976,6.682453422133833,False,79.23750667572023,69.76359924674034,54.40000009536743,69.01499871443957,151.53327037096025,122.12019801139832,93.00000047683716,159.37999580148607,24.837506580352795
2715507,True,A,Monterey,1.9706154427810332,-121.679947,36.853771,39.07295698997303,0.747956867576806,,T20,not_flooded,0.0,1.0,0.0,0.0,0.0,-8.546411150706598,-7.7016353785443314,0.8447757721622668,1.451867115969411,0.0,0.0,0.5975236209487857,0.5533419705919778,-0.0441816503568079,3.0,5.412844036697249,False,79.23750667572023,91.63209509849548,95.73000025749208,68.78499916661531,151.53327037096025,192.11849355697632,166.5400013923645,163.3999965954572,26.945001090876772
2723988,True,A,Monterey,31.200516748411093,-121.653353,36.88909,31.000992076454423,0.9993333084938856,,T20,unknown,0.0,0.0451735757269204,0.0180555452244049,0.0346358021477222,0.0006322664147518,-13.551704803741732,-13.072572896468436,0.4791319072732953,0.7082198389524859,0.2106290183010133,0.6475499056559331,0.1025124317027518,0.1742705662522668,0.0717581345495149,2.278011261780611,8.31567698376687,False,79.23750667572023,91.63209509849548,107.91000080108644,68.78499916661531,151.53327037096025,192.11849355697632,185.7699989080429,163.3999965954572,39.12500163447113
2715469,True,A,Monterey,9.419266993760491,-121.667778,36.88796,19.797347962460037,2.083684609243941,,T20,unknown,0.0,0.0,0.0,0.0272420225660916,0.0,-13.524275844015474,-12.721402183332094,0.80287366068338,1.2103446582245052,0.067920155809577,0.2947069119955295,0.0701482241883827,0.1161365616823304,0.0459883374939476,2.0,8.0,False,79.23750667572023,91.63209509849548,102.78000104427338,68.78499916661531,151.53327037096025,192.11849355697632,177.5599982738495,163.3999965954572,33.99500187765807
2715458,True,A,Monterey,2.3509006187874317,-121.673968,36.867565,22.25697273034618,0.0092790978987314,,T20,unknown,0.0,0.0,0.0,0.0419753086419753,0.0,-13.615070932532724,-11.63082618764482,1.9842447448879028,2.669478596097017,0.2170864197530864,0.568329218106996,0.2233360576796433,0.3424005709283146,0.1190645132486713,3.0,6.0,False,79.23750667572023,91.63209509849548,100.9700002670288,68.78499916661531,151.53327037096025,192.11849355697632,174.8200011253357,163.3999965954572,32.18500110041349
2715441,True,A,Monterey,35.45324980141896,-121.786625,36.825298,10.802978522955687,1.119185206683486,,T20,not_flooded,0.0,1.0,6.9889748921077e-05,0.0326734576206035,0.0,-10.110981716553244,-9.57023678134087,0.5407449352123734,0.8213973568932342,0.0907037897716352,0.6189086715705975,0.4265776630887904,0.4185968156060059,-0.0079808474827845,6.0,14.0,False,79.23750667572023,85.13939964771271,87.9800009727478,65.42499778792262,151.53327037096025,163.0049946308136,165.24000042676926,177.3949949434027,22.555003184825182
2715440,True,A,Monterey,1.1963909816014635,-121.71006,36.877985,94.4099436582055,1.8785450731078237,,T20,unknown,0.0,0.0,0.0,0.1977127350261678,0.0,-11.73790191753238,-10.515096234545531,1.2228056829868468,1.963361154555363,0.0,0.0871615946242811,0.1429687265383494,0.2348805371268263,0.0919118105884769,2.0,8.116043160819281,False,79.23750667572023,96.03489470481873,111.60999917984007,65.42499778792262,151.53327037096025,189.3929944038391,189.0700025558472,177.3949949434027,46.18500139191745
2723989,True,A,Monterey,1.336719921635225,-121.692508,36.857765,11.423751755502424,0.0980689114746477,,T20,unknown,0.0,0.0,0.0,0.0,0.0,-7.90830142512922,-6.771848915638422,1.1364525094907982,1.8952305627463453,0.0,0.0005803830528148,0.1820927451437666,0.2441144534411017,0.062021708297335,3.0,7.1790481717933785,False,79.23750667572023,96.03489470481873,96.6399998664856,68.78499916661531,151.53327037096025,189.3929944038391,166.68999886512756,163.3999965954572,27.85500069987029
2715431,True,A,Monterey,2.028853915622384,-121.717478,36.875594,40.48336290806595,1.316138573001289,,T20,unknown,0.0,0.2997901964524128,0.0,0.0,0.0,-11.344883718636051,-11.113626181952403,0.2312575366836462,0.1557211286478352,0.0100324241846271,0.0269692923898531,0.2403011555301536,0.2198081252875843,-0.0204930302425693,2.0,8.0,False,79.23750667572023,96.03489470481873,103.25000143051147,65.42499778792262,151.53327037096025,189.3929944038391,176.7799986600876,177.3949949434027,37.825003642588854
2715422,True,A,Monterey,16.311144256134334,-121.713503,36.773511,32.31253650103687,1.455140971673048,,T20,unknown,0.0,0.0559864932347276,0.0109147979930088,0.0379711316671818,0.0,-12.163977340020198,-11.686323977969767,0.4776533620504288,0.50720748126637,0.0324114807504815,0.2942191995814806,0.1964271216736314,0.2674082742026112,0.0709811525289798,3.0,7.745882576748387,False,79.23750667572023,67.2044968008995,67.13000082969666,68.87999911978841,151.53327037096025,147.39299750328064,131.63000082969666,172.6099964324385,12.107505846023571
2715419,True,A,Monterey,14.600570541420463,-121.671231,36.750603,34.47838569396533,1.209304638493955,,T20,not_flooded,0.0,1.0,0.0013545456959974,0.0645188706807255,0.0,-12.505775944015864,-11.517099488147592,0.9886764558682728,1.4011045005715808,0.0378210406098111,0.4742556638601896,0.6397616547370336,0.5339249724377826,-0.105836682299251,3.0,6.944283020371305,False,79.23750667572023,69.93129867315292,63.33999848365784,64.07499833405018,151.53327037096025,132.36049795150757,118.67999935150146,159.3199963029474,15.89750819206239
2715395,True,A,Monterey,16.66986797554874,-121.69789,36.687231,10.950214215404593,1.2436449929489009,,T20,not_flooded,0.0,1.0,0.007115650244862,0.0698589426980871,0.0,-13.388225907867664,-13.097623731573556,0.290602176294108,0.4409474496562406,0.0667429389960887,0.6490914756370365,0.6745373460222591,0.6471971770862903,-0.0273401689359688,3.0,6.0,False,79.23750667572023,63.64009752869606,55.559998750686646,69.01499871443957,151.53327037096025,120.86589841917156,99.6499993801117,159.37999580148607,23.67750792503358
2715390,False,B,Monterey,11.684866798305194,-121.729192,36.680075,,,2022-10-18,T20 > T30 > T30,not a unit (sequence B/C),,,,,,,,,,,,,,,,,False,,,,,,,,,
2723990,True,A,Monterey,20.504966017043127,-121.671523,36.764922,4.839200587457772,0.0376033482531415,,T20,not_flooded,0.0,1.0,0.001699658935107,0.0368561597528318,0.0,-13.68038507637743,-12.709779362539182,0.970605713838248,0.8356556208141175,0.2116793007980843,0.6060492750010388,0.3203184575877366,0.4024997519701561,0.0821812943824195,3.0,6.971729006379388,False,79.23750667572023,69.93129867315292,63.12000119686127,64.07499833405018,151.53327037096025,132.36049795150757,117.75999999046326,159.3199963029474,16.11750547885896
2715367,False,B,Monterey,3.672412332994518,-121.664391,36.911991,,,2022-10-27,T20 > X,not a unit (sequence B/C),,,,,,,,,,,,,,,,,False,,,,,,,,,
2722287,True,A,Monterey,17.405579967794196,-121.69505,36.768337,34.03875011894649,0.930928700433154,,T20,not_flooded,0.0,1.0,0.0141266456228768,0.010222117349551,0.0,-11.306931799560957,-11.437534342275198,-0.1306025427142412,0.2325870882427718,0.0668756205172498,0.6659558080414585,0.3098626875811994,0.3654764368817995,0.0556137493006,3.0,7.0,False,79.23750667572023,62.81339757144451,64.73999905586243,64.07499833405018,151.53327037096025,129.51649737358093,124.50999975204468,159.3199963029474,16.424109104275715
2715341,True,A,Monterey,1.6703979691727997,-121.720257,36.815831,36.54793851569719,2.2361574101670163,,T20,unknown,0.0,0.0,0.0,0.0353332409588471,0.0,-13.479580308411377,-12.328571849941294,1.1510084584700824,1.112832883388883,0.0787030622142164,0.1954182254861207,0.3777874473642902,0.4706754411091666,0.0928879937448763,3.0,7.0,False,79.23750667572023,84.8016973733902,86.9600019454956,65.42499778792262,151.53327037096025,168.91129660606384,155.6200020313263,177.3949949434027,21.535004157572985
2715333,True,A,Monterey,3.694968796130196,-121.708142,36.870039,66.61563129128342,1.0692687218427657,,T20,unknown,0.0,0.0,0.0320331637459958,0.0160165818729979,0.0,-13.029348683015956,-12.753213689924966,0.2761349930909897,0.4438612486631061,0.2091577162238553,0.860247471892469,0.3174084636090256,0.3866576042594946,0.069249140650469,2.0,7.201494880974816,False,79.23750667572023,96.03489470481873,107.91000032424928,65.42499778792262,151.53327037096025,189.3929944038391,183.08999955654144,177.3949949434027,42.48500253632666
2715317,True,A,Monterey,1.0559093923608591,-121.703001,36.864322,24.14491915559552,0.4338491358507189,,T20,not_flooded,0.0,0.5618496262641067,0.0,0.0,0.0,-9.710380948838822,-9.386374031336828,0.3240069175019933,0.1736189534604406,0.0,0.0560603839953099,0.5169253554945902,0.4913339814416615,-0.0255913740529286,3.0,7.0,False,79.23750667572023,96.03489470481873,100.98000192642212,65.42499778792262,151.53327037096025,189.3929944038391,172.22999906539917,177.3949949434027,35.5550041384995
2715295,True,A,Monterey,14.798281789703353,-121.763955,36.858566,53.93038345854893,0.9858815919964534,,T20,not_flooded,0.0,0.5221591652064755,0.0128566571645265,0.1201035646101943,0.0,-14.49419023299805,-14.166485166330784,0.3277050666672654,0.6307052253725409,0.3986086774590057,0.7273478567879281,0.6404103534205501,0.536836755112518,-0.103573598308032,3.0,7.0,False,79.23750667572023,92.34999752044678,103.57000041007996,65.42499778792262,151.53327037096025,176.18079566955566,181.9000015258789,177.3949949434027,38.145002622157335
2723991,False,B,Monterey,1.4224619808676746,-121.705277,36.86456,,,2022-12-05,T20 > T4,not a unit (sequence B/C),,,,,,,,,,,,,,,,,False,,,,,,,,,
2715284,True,A,Monterey,1.542333437870841,-121.6629,36.858764,43.718940416204894,0.1839217398459366,,T20,unknown,0.0,0.2870426216324888,0.0,0.012816646562123,0.0,-14.17970991026416,-13.951436584647356,0.2282733256168043,1.2559402057172342,0.3088057901085644,0.6684760755930838,0.2684528230137861,0.4145035439713512,0.1460507209575651,3.0,7.0,False,79.23750667572023,91.63209509849548,95.7700011730194,68.78499916661531,151.53327037096025,192.11849355697632,166.80000114440918,163.3999965954572,26.985002006404088
2715225,True,A,Monterey,17.32807612633386,-121.769436,36.845634,52.06060027473348,1.201349101667217,,T20,not_flooded,0.0,1.0,0.0125216506258593,0.0163071621163152,0.0,-14.967876542383015,-14.239274404343584,0.7286021380394345,1.190727799373667,0.5454127457457637,0.946065389354142,0.6736564229672737,0.570549964231209,-0.1031064587360647,5.22014892059354,12.180347481384926,False,79.23750667572023,76.29919791221619,100.85999989509584,65.42499778792262,151.53327037096025,151.43509650230408,179.09000274538994,177.3949949434027,35.43500210717322
2723992,False,B,Monterey,31.984060180656325,-121.758632,36.751887,,,2022-10-19,T20 > T30 > T30,not a unit (sequence B/C),,,,,,,,,,,,,,,,,False,,,,,,,,,
2716418,True,A,Monterey,12.232428710263912,-121.746309,36.695086,7.575617371999204,0.515329337355232,,T20,not_flooded,0.0,1.0,0.0032321439888459,0.0337347106914253,0.0,-12.961790823361405,-12.47490334972526,0.486887473636143,0.7467618890974919,0.0242410799163445,0.3023195386272895,0.0684698183492149,0.129279488696019,0.0608096703468041,3.0,9.0,False,79.23750667572023,57.39879907667637,56.96999883651733,74.6749985376373,151.53327037096025,115.37749803066254,111.16999995708466,169.58999579306692,22.2675078392029
2716420,False,B,Monterey,6.516440034242822,-121.668683,36.730126,,,2022-11-03,T20 > X,not a unit (sequence B/C),,,,,,,,,,,,,,,,,False,,,,,,,,,
2717273,True,A,Monterey,23.62724344954196,-121.765719,36.862075,49.19673331980585,1.352275338869469,,T20,not_flooded,0.0,0.7904311389007105,0.0058434543490359,0.0490948374635806,0.0,-14.990229904954392,-14.431100781290713,0.5591291236636806,0.7196287688353493,0.5495466003208173,0.883346973516221,0.6621675247021673,0.5661713813272569,-0.0959961433749104,3.0,7.0,False,79.23750667572023,92.34999752044678,103.57000041007996,65.42499778792262,151.53327037096025,176.18079566955566,181.9000015258789,177.3949949434027,38.145002622157335
2715162,False,B,Monterey,9.382511946604415,-121.792009,36.838946,,,2022-11-10,T20 > G6 > T18,not a unit (sequence B/C),,,,,,,,,,,,,,,,,False,,,,,,,,,
2715157,True,A,Monterey,1.128810569789318,-121.715118,36.878962,84.09856651350243,1.7424786121082971,,T20,unknown,0.0,0.0,0.0,0.0730599889928453,0.0,-15.73831812888991,-14.41757437515981,1.320743753730099,3.1888692306271267,0.6968216840946616,0.927146395156852,0.1559223304530856,0.201441225902796,0.0455188954497103,2.0,7.976678591084205,False,79.23750667572023,96.03489470481873,111.60999917984007,65.42499778792262,151.53327037096025,189.3929944038391,189.0700025558472,177.3949949434027,46.18500139191745
2715155,True,A,Monterey,37.923009187220025,-121.775058,36.704419,35.5477906361558,1.7268438793111518,,T20,not_flooded,0.0,1.0,0.0110494978244512,0.0255790558445382,0.0,-16.16703191179719,-15.169840232389875,0.9971916794073136,0.632123400265483,0.8311945889357802,0.9583394673994832,0.0910767914334625,0.1163913627765799,0.0253145713431174,6.0,18.0,False,79.23750667572023,52.11849948763847,59.45000076293945,68.87999911978841,151.53327037096025,110.21159622073174,122.15000081062315,172.6099964324385,27.119007188081753
2715150,True,A,Monterey,0.9219144402891626,-121.782077,36.840089,21.4002296195252,2.4133418214038005,,T20,not_flooded,0.0,1.0,0.0,0.0,0.0,-14.019503069752597,-12.31940589425371,1.700097175498886,2.1743744499011832,0.2358609132802681,0.7478843736908253,0.3553623188700596,0.3963992621167516,0.0410369432466919,6.0,14.0,False,79.23750667572023,85.13939964771271,96.91000127792358,65.42499778792262,151.53327037096025,163.0049946308136,175.61999958753586,177.3949949434027,31.485003490000963
2722289,True,A,Monterey,3.286768745187727,-121.705289,36.879027,97.53077545578124,2.068294589973593,,T20,unknown,0.0,0.0,0.0041099107562235,0.083842179426961,0.0,-13.71856441278887,-13.481384530098692,0.2371798826901781,-0.1273695337409854,0.2541568811648661,0.54466885861907,0.1203487987320794,0.1920791047182985,0.071730305986219,2.0,8.073203381869423,False,79.23750667572023,96.03489470481873,114.69999885559082,65.42499778792262,151.53327037096025,189.3929944038391,192.58999967575076,177.3949949434027,49.2750010676682
2715127,True,A,Monterey,4.261925090956636,-121.735853,36.846475,71.61428171513926,1.027868771588429,,T20,unknown,0.0,0.4297582257771314,0.0,0.0139065624431921,0.0,-13.017818034082104,-11.56253456966397,1.4552834644181338,1.5082502989891804,0.1000545355389928,0.2907289583712051,0.1534202392768521,0.2563976993370876,0.1029774600602354,2.0,7.0,False,79.23750667572023,76.29919791221619,102.02000093460084,65.42499778792262,151.53327037096025,151.43509650230408,175.0899999141693,177.3949949434027,36.59500314667822
2715111,False,B,Monterey,28.403918170117745,-121.695103,36.759042,,,2022-11-03,T20 > G6,not a unit (sequence B/C),,,,,,,,,,,,,,,,,False,,,,,,,,,
2715110,True,A,Monterey,1.92709714877272,-121.71137,36.876773,77.97335682695261,1.7007064783336368,,T20,unknown,0.0,0.0,0.0,0.071704025066281,0.0,-11.955617581734153,-11.533606695417324,0.4220108863168281,2.467166898268649,0.0886960713424921,0.4986342090463564,0.122850229251644,0.1857818856777302,0.0629316564260862,2.0,8.0,False,79.23750667572023,96.03489470481873,111.60999917984007,65.42499778792262,151.53327037096025,189.3929944038391,189.0700025558472,177.3949949434027,46.18500139191745
2715106,True,A,Monterey,12.104318368935152,-121.699046,36.770951,34.5347674874605,1.3905801240416145,,T20,unknown,0.0,0.3474204276752128,0.006170980372053,0.0380319506834216,0.0,-12.491392622471253,-11.941913579077308,0.549479043393946,1.084772214724877,0.0335975598034001,0.3270747758774262,0.3166602076213906,0.3616859432516046,0.045025735630214,3.0,7.0,False,79.23750667572023,62.81339757144451,64.73999905586243,64.07499833405018,151.53327037096025,129.51649737358093,124.50999975204468,159.3199963029474,16.424109104275715
2723993,True,A,Monterey,27.66225060665386,-121.697111,36.767843,29.46900121626044,1.0399001820403813,,T20,not_flooded,0.0,1.0,0.003213731346629,0.0308288456904619,0.0,-7.902756450018922,-6.986240121425213,0.9165163285937084,1.230123116756653,0.0273433340991745,0.3344185864065047,0.2972527583806397,0.3591519706453266,0.0618992122646869,3.0,7.0,False,79.23750667572023,62.81339757144451,64.73999905586243,64.07499833405018,151.53327037096025,129.51649737358093,124.50999975204468,159.3199963029474,16.424109104275715
2715086,True,A,Monterey,0.6971699263532076,-121.667902,36.768357,18.77284998596768,0.0435092954687232,,T20,not_flooded,0.0,1.0,0.0,0.0,0.0,-9.158493023630738,-8.152541171217186,1.005951852413553,1.9083568738776693,0.0,0.0,0.3737920097868509,0.4258849359061502,0.0520929261192993,3.0,7.0,False,79.23750667572023,69.93129867315292,65.94000053405762,64.07499833405018,151.53327037096025,132.36049795150757,122.19000005722046,159.3199963029474,15.162508341670048
2715075,False,B,Monterey,17.262194445006045,-121.750454,36.68707,,,2022-10-11,T20 > G6 > T30,not a unit (sequence B/C),,,,,,,,,,,,,,,,,False,,,,,,,,,
2715063,True,A,Monterey,11.831920938256223,-121.775781,36.837086,20.055023610645243,2.04149244433552,,T20,not_flooded,0.0,0.5427217774873387,0.0,0.0204018951151772,0.0,-13.168664224477032,-12.18878466101321,0.9798795634638218,1.0964856429975356,0.2181538964221531,0.6662832870446004,0.3288629881570957,0.3880563697395144,0.0591933815824187,6.0,14.0,False,79.23750667572023,85.13939964771271,92.25999999046326,65.42499778792262,151.53327037096025,163.0049946308136,168.65999814867973,177.3949949434027,26.835002202540636
2715049,True,A,Monterey,10.72954535422983,-121.706531,36.760519,10.85220891372152,0.2773192266882001,,T20,not_flooded,0.0,1.0,0.0,0.0174576565119371,0.0,-11.536704425375913,-12.069156318329142,-0.5324518929532296,-0.2855767476088697,0.0,0.102578183710041,0.3427109441220506,0.3266021479062229,-0.0161087962158277,3.0,7.0,False,79.23750667572023,62.81339757144451,63.55000138282776,68.87999911978841,151.53327037096025,129.51649737358093,122.8800013065338,172.6099964324385,16.424109104275715
2725587,True,A,Monterey,19.957496644504648,-121.730939,36.705609,8.313517183095511,1.0342500655034563,,T20,not_flooded,0.0,1.0,0.0010643752816321,0.0443230728592072,0.0,-12.516240744667623,-12.092221994967424,0.4240187497002008,0.5182510725784919,0.0144545270910701,0.5854918656867162,0.0621598385880275,0.0978211296438599,0.0356612910558323,3.0,7.535089423061983,False,79.23750667572023,57.39879907667637,57.24999952316284,68.87999911978841,151.53327037096025,115.37749803066254,109.84999978542328,172.6099964324385,21.987507152557384
2715026,True,A,Monterey,4.120199261415109,-121.703012,36.870076,72.6790948956206,1.0734045761390028,,T20,unknown,0.0,0.0,0.0,0.0199560703625133,0.0,-13.84726171659048,-12.893920826780288,0.9533408898101924,1.7297690533275976,0.3154861358815026,0.7434809544370812,0.3209275732886107,0.4307487351858303,0.1098211618972195,2.0,6.844650534101789,False,79.23750667572023,96.03489470481873,109.099999666214,65.42499778792262,151.53327037096025,189.3929944038391,184.22000432014465,177.3949949434027,43.67500187829138
2715023,True,A,Monterey,4.316076643736701,-121.683211,36.881817,37.78497871871564,1.7174426851502858,,T20,unknown,0.0,0.0,0.0,0.0182995748039971,0.0,-15.708104656050478,-14.3280750119252,1.3800296441252795,1.9936677001259595,0.740738082850428,0.7961929708103843,0.1260128607151559,0.1652443920835749,0.0392315313684189,2.8081415167118187,8.119144584581715,False,79.23750667572023,91.63209509849548,103.75999915599824,68.78499916661531,151.53327037096025,192.11849355697632,177.41000032424927,163.3999965954572,34.97499998938294
2715012,True,A,Monterey,10.27948966711602,-121.780864,36.692563,31.12386285687339,1.9944895263925173,,T20,not_flooded,0.0,1.0,0.0594422719018664,0.0539945899922391,0.001921381586383,-16.367377903950693,-16.49264925684158,-0.1252713528908877,0.6134636034995733,0.8659026349299638,0.9980786184136168,0.1520537439961189,0.209976193628193,0.057922449632074,6.0,18.0,False,79.23750667572023,52.11849948763847,58.55000019073486,74.6749985376373,151.53327037096025,110.21159622073174,119.9300000667572,169.58999579306692,27.119007188081753
2715005,True,A,Monterey,0.8562643978780619,-121.737053,36.847532,81.6646280190663,1.0178379147188357,,T20,not_flooded,0.0,1.0,0.0,0.0,0.0,-12.14589195797884,-11.39704443739038,0.7488475205884608,1.3117969380918293,0.0,0.0689810640216411,0.2623631954166242,0.3623651714046544,0.1000019759880302,2.296844003606853,7.0,False,79.23750667572023,76.29919791221619,102.02000093460084,65.42499778792262,151.53327037096025,151.43509650230408,175.0899999141693,177.3949949434027,36.59500314667822
2714997,False,B,Monterey,8.73576633391172,-121.780192,36.724413,,,2022-10-19,T20 > T4,not a unit (sequence B/C),,,,,,,,,,,,,,,,,False,,,,,,,,,
2714946,False,B,Monterey,2.380477708329997,-121.69965,36.762019,,,2022-11-03,T20 > G6,not a unit (sequence B/C),,,,,,,,,,,,,,,,,False,,,,,,,,,
2714926,True,A,Monterey,8.722394796754497,-121.709248,36.799187,74.01307273775518,1.5281650772677469,,T20,unknown,0.0,0.0,0.0,0.0092353322499578,0.0,-12.903242112541031,-11.493481068064089,1.4097610444769444,1.1488559750393872,0.0452886485334469,0.5734342115779097,0.605611805162839,0.542373752575945,-0.0632380525868939,3.0,7.0,False,79.23750667572023,67.2044968008995,79.10000228881836,68.87999911978841,151.53327037096025,147.39299750328064,140.36999988555908,172.6099964324385,12.03300987482072
2714906,True,A,Monterey,0.6456307423089156,-121.684913,36.850301,96.26174256087208,0.7809683147318744,,T20,unknown,0.0,0.0,0.0,0.0306859205776173,0.0,-13.25761392311713,-13.145660159171925,0.1119537639452072,0.0051674491221884,0.1079422382671479,0.0006016847172081,0.2466281083310481,0.2673633572857301,0.0207352489546819,3.0,6.0,False,79.23750667572023,92.7891993522644,97.3200023174286,68.78499916661531,151.53327037096025,183.41999793052676,168.8300006389618,163.3999965954572,28.535003150813296
2714899,True,A,Monterey,14.559166201139703,-121.694923,36.763043,17.3977214117895,0.5539571802221319,,T20,not_flooded,0.0,1.0,0.0,0.0038100103232123,0.0,-9.703525353379138,-9.191535361925803,0.5119899914533352,0.4480000376787991,0.0,0.0,0.2587091085008777,0.3107889976266461,0.0520798891257683,3.0,7.0,False,79.23750667572023,62.81339757144451,62.08000063896179,64.07499833405018,151.53327037096025,129.51649737358093,117.60000085830688,159.3199963029474,17.157506036758434
2714887,True,A,Monterey,25.503117834073976,-121.746029,36.684484,8.611567924462179,0.3562494580442199,,T20,not_flooded,0.0,1.0,0.0093041074898065,0.0339083028517393,0.0,-12.38149555749463,-12.276072204612626,0.1054233528820027,0.2629138840558394,0.0104656006470307,0.1048293182764901,0.0800401139723317,0.170244687419303,0.0902045734469712,3.0,7.012898047049593,False,79.23750667572023,58.28349870443344,55.97000074386597,74.6749985376373,151.53327037096025,115.29659640789032,107.3200011253357,169.58999579306692,23.26750593185426
2723995,True,A,Monterey,1.9298597154896304,-121.704002,36.783964,54.27323361780087,2.16446814416875,,T20,unknown,0.0,0.0,0.0,0.0086666934157204,0.0,-14.633998224372188,-13.463983354621517,1.1700148697506716,0.7878558297939264,0.484091000280865,0.902740440556915,0.3903167191881653,0.3791366474220832,-0.0111800717660821,3.0,7.111062071179231,False,79.23750667572023,67.2044968008995,76.30000019073486,68.87999911978841,151.53327037096025,147.39299750328064,137.60000014305115,172.6099964324385,12.03300987482072
2714865,True,A,Monterey,12.41324786859918,-121.763252,36.741897,5.313703669953662,1.463833329168039,,T20,not_flooded,0.0,1.0,0.0156756655441498,0.0103962963194361,0.0,-11.932105273972468,-11.972505499859176,-0.0404002258867084,0.3161625831643952,0.0067226050719431,0.5355654548067253,0.151892001517924,0.2140621798650995,0.0621701783471755,3.0,9.0,False,79.23750667572023,60.21640041237697,61.59000015258789,68.87999911978841,151.53327037096025,124.70359752327204,126.42999982833862,172.6099964324385,19.021106263343256
2714864,True,A,Monterey,2.661946690152036,-121.67507,36.847785,76.0526448627444,1.508243273342646,,T20,not_flooded,0.0,1.0,0.0,0.0411639873252129,0.0,-10.643379777336737,-9.60632540777067,1.0370543695660643,1.036806568233116,0.0,0.1611093345736794,0.2173319236498876,0.3101936509462527,0.0928617272963651,3.0,7.232710253205035,False,79.23750667572023,92.7891993522644,97.3200023174286,68.78499916661531,151.53327037096025,183.41999793052676,168.8300006389618,163.3999965954572,28.535003150813296
2714862,True,A,Monterey,36.08067955263768,-121.780216,36.870735,48.72529572848231,1.201743152221317,,T20,not_flooded,0.0,0.9999892822310108,0.0054660621844956,0.0473146629797541,0.0010932124368991,-11.64639165572907,-11.117117822036334,0.5292738336927361,0.4294248680511874,0.0097960408561353,0.3359227463211258,0.3183989117414179,0.3798024298730706,0.0614035181316527,6.0,14.0,False,79.23750667572023,97.8693985939026,104.44999861717224,65.42499778792262,151.53327037096025,183.5908932685852,186.16000068187716,177.3949949434027,39.02500082924962
2725588,False,B,Monterey,32.104157298429925,-121.718646,36.728681,,,2022-12-13,T20 > T4,not a unit (sequence B/C),,,,,,,,,,,,,,,,,False,,,,,,,,,
2714764,True,A,Monterey,8.563455788873819,-121.724139,36.869199,18.637151372177,0.5130156092141134,,T20,unknown,0.0,0.0,0.0,0.0064784863653613,0.0,-11.91697999928316,-10.803848465904048,1.1131315333791107,0.9970239090469732,0.0435513309359018,0.6416231454542167,0.2145395294252036,0.2857556511072462,0.0712161216820425,2.0990205468312344,6.643050761696513,False,79.23750667572023,96.03489470481873,103.25000143051147,65.42499778792262,151.53327037096025,189.3929944038391,176.7799986600876,177.3949949434027,37.825003642588854
2714743,True,A,Monterey,0.8794633118257403,-121.72834,36.886724,74.067568228198,2.4634681163802963,,T20,not_flooded,0.0,1.0,0.0196181930148676,0.0,0.0,-12.697856983444009,-13.206974657510573,-0.5091176740665624,1.337685431587996,0.0,0.0,0.5638142802254489,0.5372544979188124,-0.0265597823066364,3.0,8.0,False,79.23750667572023,96.03489470481873,108.16000175476074,65.42499778792262,151.53327037096025,189.3929944038391,187.1999968290329,177.3949949434027,42.73500396683812
2725589,True,A,Monterey,27.0354238863502,-121.789084,36.877622,4.389536684907803,0.4153627263504149,,T20,unknown,0.0,0.0,0.0020575366221487,0.0198284718426542,0.0,-12.355907804070473,-10.43622393765818,1.919683866412292,1.5613898129801882,0.0094864171104631,0.7398747163375275,0.0648734341693999,0.0766300193581133,0.0117565851887133,6.0,14.0,False,79.23750667572023,97.8693985939026,103.62000012397766,65.42499778792262,151.53327037096025,183.5908932685852,185.85999846458435,177.3949949434027,38.19500233605504
2714726,False,B,Monterey,1.7250068311373632,-121.67821,36.857738,,,2023-03-04,T20 > X,not a unit (sequence B/C),,,,,,,,,,,,,,,,,False,,,,,,,,,
2714720,True,A,Monterey,4.390474287473329,-121.754153,36.692504,5.74342971266829,0.0572899513406934,,T20,not_flooded,0.0,1.0,0.0,0.0239871314431167,0.0,-14.101583162830726,-12.40682592708024,1.694757235750485,2.0336536231473747,0.1805486813264512,0.778883546630842,0.1648869569545262,0.2475165096852083,0.0826295527306821,3.0,9.0,False,79.23750667572023,57.39879907667637,59.209999084472656,74.6749985376373,151.53327037096025,115.37749803066254,119.01999866962431,169.58999579306692,21.838707599043857
2714709,True,A,Monterey,7.236498727493718,-121.707593,36.765074,12.315963200744264,0.5754620176820276,,T20,not_flooded,0.0,0.9406638115631692,0.0,0.0139186295503211,0.0,-10.999061675541478,-10.45862994593112,0.5404317296103578,0.5518965763203756,0.0164775160599571,0.3665524625267666,0.0810479688740403,0.1149386791499607,0.0338907102759203,3.0,7.0,False,79.23750667572023,62.81339757144451,63.55000138282776,68.87999911978841,151.53327037096025,129.51649737358093,122.8800013065338,172.6099964324385,16.424109104275715
2714692,False,B,Monterey,3.3235519161563896,-121.709297,36.875896,,,2023-02-08,T20 > X,not a unit (sequence B/C),,,,,,,,,,,,,,,,,False,,,,,,,,,
2714679,True,A,Monterey,14.137124535075811,-121.721277,36.654515,9.21743054476899,0.5866287293956104,,T20,not_flooded,0.0045364674868189,1.0,0.0,0.0042014499121265,0.0,-10.841458443471884,-8.877450992592811,1.9640074508790728,1.546517558128354,0.0017629613356766,0.3012247363796134,0.1221266871524045,0.2136277932616817,0.0915011061092771,2.85759556239016,7.370282293497363,False,79.23750667572023,66.03359851241112,53.03999996185303,74.6749985376373,151.53327037096025,122.2720977179706,95.3199999332428,169.58999579306692,26.1975067138672
2714677,False,B,Monterey,1.3702673018633538,-121.711474,36.875616,,,2023-02-07,T20 > X,not a unit (sequence B/C),,,,,,,,,,,,,,,,,False,,,,,,,,,
2714648,True,A,Monterey,1.209871674266297,-121.680041,36.854243,34.78902334466442,0.6948310811842375,,T20,not_flooded,0.0,1.0,0.0,0.0,0.0,-8.360124658270776,-8.57309953235579,-0.212974874085015,0.4734624032710757,0.0,0.0,0.5759143198111336,0.5845835773762509,0.0086692575651172,3.0,6.410346367289661,False,79.23750667572023,91.63209509849548,95.73000025749208,68.78499916661531,151.53327037096025,192.11849355697632,166.5400013923645,163.3999965954572,26.945001090876772
2723997,True,A,Monterey,17.953291971443115,-121.785826,36.843736,20.14497696575137,2.28924263447645,,T20,unknown,0.0,0.2246114972662516,0.0061789613480743,0.0112195795029234,0.0021990720778212,-14.707043929942856,-13.990909179460088,0.7161347504827678,0.975804988021487,0.4582219424274307,0.9731368254023008,0.4543013783136209,0.4020618219064469,-0.0522395564071739,6.0,14.0,False,79.23750667572023,85.13939964771271,96.91000127792358,65.42499778792262,151.53327037096025,163.0049946308136,175.61999958753586,177.3949949434027,31.485003490000963
2714625,True,A,Monterey,2.980292727359026,-121.726409,36.868032,24.73782045752318,0.3833044082485392,,T20,unknown,0.0,0.0,0.0,0.0132612200322429,0.0,-13.930857737117297,-12.465563059706025,1.465294677411272,-0.3652124208176026,0.1922096832908627,0.5743928441416609,0.1919321585286766,0.2811353701695748,0.0892032116408982,2.8220136252535237,6.017655624317438,False,79.23750667572023,96.03489470481873,101.73000049591064,65.42499778792262,151.53327037096025,189.3929944038391,175.55000066757202,177.3949949434027,36.305002707988024
2717288,False,B,Monterey,13.106190823257515,-121.753768,36.737986,,,2022-10-18,T20 > T18,not a unit (sequence B/C),,,,,,,,,,,,,,,,,False,,,,,,,,,
2722301,False,B,Monterey,11.357836339730854,-121.79045,36.822952,,,2022-10-25,T20 > T30,not a unit (sequence B/C),,,,,,,,,,,,,,,,,False,,,,,,,,,
2714567,True,A,Monterey,4.4158504514370165,-121.691029,36.858202,13.40512034863758,0.0350746986357747,,T20,unknown,0.0,0.0,0.0,0.0795312801953584,0.0,-14.07145233821064,-12.49093875790879,1.580513580301849,2.2886306859071723,0.2394546828059942,0.6331406686460181,0.1714383195449877,0.2527322959216953,0.0812939763767076,3.0,7.39630364891692,False,79.23750667572023,96.03489470481873,96.6399998664856,68.78499916661531,151.53327037096025,189.3929944038391,166.68999886512756,163.3999965954572,27.85500069987029
2714566,True,A,Monterey,1.7414057444598017,-121.77874,36.863144,51.15259105095418,2.011480104693915,,T20,not_flooded,0.0,0.8970236513420142,0.0,0.0,0.0,-12.300406281058642,-11.55330087811416,0.7471054029444826,1.6610530178606862,0.0,0.2098502967490477,0.3238682611814497,0.7171584858939966,0.3932902247125469,6.0,14.0,False,79.23750667572023,97.8693985939026,104.44999861717224,65.42499778792262,151.53327037096025,183.5908932685852,186.16000068187716,177.3949949434027,39.02500082924962
2714503,True,A,Monterey,1.9976531847639456,-121.70398,36.875112,92.14158745703976,1.6331492192052943,,T20,unknown,0.0,0.0,0.0,0.0180222170434242,0.0,-13.237303931243192,-12.271348017397424,0.9659559138457698,0.8661985801975636,0.1682979880369766,0.5015147984152878,0.1314958534674087,0.2227389869096904,0.0912431334422817,2.7586032781791343,6.210828866620054,False,79.23750667572023,96.03489470481873,107.91000032424928,65.42499778792262,151.53327037096025,189.3929944038391,183.08999955654144,177.3949949434027,42.48500253632666
2714500,True,A,Monterey,3.7269160189747694,-121.708987,36.864487,34.21068688161257,0.4521639662427426,,T20,unknown,0.0,0.3254111449843423,0.0,0.0052261556647794,0.0,-11.528185715999468,-10.001146240257176,1.5270394757422905,1.4729116175412464,0.0,0.0906074369024658,0.1788631340267795,0.2930751262076717,0.114211992180892,2.0,7.0,False,79.23750667572023,96.03489470481873,99.21000027656557,65.42499778792262,151.53327037096025,189.3929944038391,169.76999819278717,177.3949949434027,33.785002488642945
2714484,True,A,Monterey,9.987277287620966,-121.752901,36.712696,7.36903091394105,0.1017835163377383,,T20,not_flooded,0.0,1.0,0.0019788150389942,0.0804174911729329,0.0,-11.76328617725487,-11.80353649398097,-0.0402503167260999,0.373615347614793,0.0,0.3168509680673572,0.1492492435125154,0.2326668733632549,0.0834176298507395,3.0,9.0,False,79.23750667572023,57.39879907667637,58.359999656677246,68.87999911978841,151.53327037096025,115.37749803066254,116.56999933719636,172.6099964324385,21.838707599043857
2723998,False,B,Monterey,31.87236832254422,-121.744118,36.698888,,,2022-11-11,T20 > T30,not a unit (sequence B/C),,,,,,,,,,,,,,,,,False,,,,,,,,,
2717291,False,B,Monterey,18.152323751021527,-121.716598,36.648684,,,2022-10-18,T20 > T4,not a unit (sequence B/C),,,,,,,,,,,,,,,,,False,,,,,,,,,
2714473,True,A,Monterey,1.595897270517689,-121.661582,36.856347,58.95759230876047,0.4525746678294959,,T20,not_flooded,0.0,0.5457666457134567,0.0,0.0,0.0,-7.573101230260025,-7.598645594027261,-0.0255443637672359,0.6649691092267496,0.0,0.1629998549393162,0.1535184038167568,0.2811172898347392,0.1275988860179824,3.0,7.158889802233933,False,79.23750667572023,91.63209509849548,99.08000016212463,68.78499916661531,151.53327037096025,192.11849355697632,171.910001039505,163.3999965954572,30.295000995509326
2714465,False,B,Monterey,3.64318680773637,-121.668902,36.909134,,,2022-10-27,T20 > X,not a unit (sequence B/C),,,,,,,,,,,,,,,,,False,,,,,,,,,
2725591,True,A,Monterey,32.54794475221489,-121.744182,36.70732,6.971344701375654,0.5818458205324628,,T20,not_flooded,0.0042268991858334,1.0,0.0055207020369651,0.0459883772185859,0.0022516458458921,-12.623015769314296,-12.355344286873684,0.2676714824406119,0.5372904256887328,0.0072529205871911,0.3348137805491153,0.0348063284794055,0.0844369312819681,0.0496306028025626,3.0,9.0,False,79.23750667572023,57.39879907667637,57.27000045776367,68.87999911978841,151.53327037096025,115.37749803066254,111.39999997615814,172.6099964324385,21.967506217956554
2714442,True,A,Monterey,5.06306467336807,-121.784484,36.841538,17.443779872171962,2.535283789905564,,T20,unknown,0.0,0.0,0.0,0.0116023356335785,0.0,-10.663760067201416,-9.826285280839418,0.837474786361998,1.0125682882002742,0.0,0.3038446955334798,0.6081041856862329,0.556521214353918,-0.0515829713323149,6.0,14.0,False,79.23750667572023,85.13939964771271,96.91000127792358,65.42499778792262,151.53327037096025,163.0049946308136,175.61999958753586,177.3949949434027,31.485003490000963
2723649,False,B,Monterey,3.594353271665204,-121.707995,36.774272,,,2022-10-27,T20 > X,not a unit (sequence B/C),,,,,,,,,,,,,,,,,False,,,,,,,,,
2717293,True,A,Monterey,17.0674294039297,-121.675851,36.763082,2.786777939675863,0.0995663031405942,,T20,not_flooded,0.0,1.0,0.0,0.059070675872093,0.0,-10.726030336331622,-10.372826502661097,0.353203833670527,0.2954334817725321,0.009265988372093,0.5130904796511627,0.4528122944382377,0.4995370253406161,0.0467247309023784,3.0,6.945989280523255,False,79.23750667572023,69.93129867315292,63.12000119686127,64.07499833405018,151.53327037096025,132.36049795150757,117.75999999046326,159.3199963029474,16.11750547885896
2714411,True,A,Monterey,2.5154154191457447,-121.703489,36.874482,87.91589306596687,1.5631278112486569,,T20,unknown,0.0,0.0,0.0,0.0,0.0,-11.3449299379452,-10.970274599023709,0.3746553389214906,1.5493784363189338,0.0,0.08014891391299,0.1375242473920813,0.2014344075652157,0.0639101601731343,2.249646175619962,6.048920066457451,False,79.23750667572023,96.03489470481873,109.099999666214,65.42499778792262,151.53327037096025,189.3929944038391,184.22000432014465,177.3949949434027,43.67500187829138
2716467,False,B,Monterey,28.890467330603848,-121.72576,36.892861,,,2022-10-19,T20 > T4 > T4,not a unit (sequence B/C),,,,,,,,,,,,,,,,,False,,,,,,,,,
2714388,True,A,Monterey,5.210174924131218,-121.710941,36.785017,35.08955405995147,1.5849348367727565,,T20,unknown,0.0,0.0987141709081167,0.0037949816947941,0.0098371878441527,0.0,-14.859185221683536,-14.206984826302763,0.6522003953807722,0.332565520519207,0.472973777420603,0.7956067506027322,0.3592085199091896,0.355545116351242,-0.0036634035579475,3.0,8.550138405214748,False,79.23750667572023,67.2044968008995,76.30000019073486,68.87999911978841,151.53327037096025,147.39299750328064,137.60000014305115,172.6099964324385,12.03300987482072
2714378,True,A,Monterey,2.5266392273195457,-121.704966,36.874706,78.22850357240743,1.5880168229786784,,T20,unknown,0.0,0.0,0.0,0.0,0.0,-12.78119990041616,-10.792395744078387,1.9888041563377712,1.5428137568197346,0.0781034641183497,0.3060430641060983,0.1970762963286622,0.2971881554705936,0.1001118591419314,3.0,6.0,False,79.23750667572023,96.03489470481873,107.91000032424928,65.42499778792262,151.53327037096025,189.3929944038391,183.08999955654144,177.3949949434027,42.48500253632666
2724000,True,A,Monterey,61.555669343968695,-121.708743,36.787469,38.57195114669764,1.6082046636979896,,T20,unknown,0.0,0.1740313063267177,0.0023487297223816,0.0458833036280699,0.0,-13.96099973068532,-12.830466471565764,1.1305332591195576,1.1624398446360278,0.2427448670311857,0.7955132465335473,0.3832515580892213,0.4171506877341159,0.0338991296448946,3.0,7.3195002467047345,False,79.23750667572023,67.2044968008995,76.30000019073486,68.87999911978841,151.53327037096025,147.39299750328064,137.60000014305115,172.6099964324385,12.03300987482072
2722305,True,A,Monterey,8.390280727125779,-121.696991,36.847711,86.57323698633414,0.9525969001754162,,T20,not_flooded,0.0,1.0,0.0024993313596915,0.0367060472751754,0.0,-13.131851366758957,-12.255289464988651,0.8765619017703017,0.8605501413656249,0.086000977598244,0.6211806804452683,0.2329142022402809,0.2991242546825485,0.0662100524422676,2.70447020631012,5.5096422543784405,False,79.23750667572023,84.8016973733902,103.35999870300292,68.78499916661531,151.53327037096025,168.91129660606384,175.58000135421753,163.3999965954572,34.57499953638761
2718539,True,A,Monterey,2.1571539588136845,-121.7276,36.885486,32.898726482819725,2.323775540182837,,T20,unknown,0.0,0.4732008323168546,0.0189423835832675,0.0,0.0,-13.91450125603626,-13.751434606302803,0.1630666497334552,0.5856233727722291,0.1991461577096936,0.2223218770180096,0.3775320046284563,0.3413035527241617,-0.0362284519042945,3.0,8.0,False,79.23750667572023,96.03489470481873,108.16000175476074,65.42499778792262,151.53327037096025,189.3929944038391,187.1999968290329,177.3949949434027,42.73500396683812
2724001,False,B,Monterey,26.91651115830477,-121.791661,36.833662,,,2022-11-04,T20 > G6 > T4,not a unit (sequence B/C),,,,,,,,,,,,,,,,,False,,,,,,,,,
2716471,False,B,Monterey,29.580824365863457,-121.781385,36.789793,,,2022-10-27,T20 > T4,not a unit (sequence B/C),,,,,,,,,,,,,,,,,False,,,,,,,,,
2714284,True,A,Monterey,1.5299101885359372,-121.708654,36.865684,47.03852164172436,0.585210600532077,,T20,not_flooded,0.0,0.719096571631134,0.0,0.0,0.0,-11.277428934509022,-10.409823200099076,0.8676057344099455,1.0581645679918503,0.0,0.0675039246467818,0.170753784515441,0.2716225216966669,0.1008687371812259,2.0,7.0,False,79.23750667572023,96.03489470481873,99.21000027656557,65.42499778792262,151.53327037096025,189.3929944038391,169.76999819278717,177.3949949434027,33.785002488642945
2714265,True,A,Monterey,11.177793173945236,-121.792478,36.829729,10.641224657066942,1.8358476007994189,,T20,not_flooded,0.0,1.0,0.0052892859118314,0.0158816859339565,0.0,-12.312774410011883,-12.148949366965567,0.1638250430463177,0.1239417228670269,0.0228234415620332,0.8831655511919906,0.3921311322787779,0.3793044468886926,-0.0128266853900853,6.0,14.0,False,79.23750667572023,85.13939964771271,87.9800009727478,65.42499778792262,151.53327037096025,163.0049946308136,165.24000042676926,177.3949949434027,22.555003184825182
2716479,False,B,Monterey,18.602222020204863,-121.717621,36.646479,,,2022-10-10,T20 > T30 > T30,not a unit (sequence B/C),,,,,,,,,,,,,,,,,False,,,,,,,,,
2714252,True,A,Monterey,17.086061985570968,-121.750589,36.746208,4.525773251399194,0.5944301704843714,,T20,not_flooded,0.0,1.0,0.0066481642722391,0.0432176026701494,0.0,-13.638421726775432,-13.082446780181044,0.5559749465943877,0.4736284765290399,0.1543725511536786,0.4540251777681031,0.0149256287124349,0.0704877484795108,0.0555621197670759,3.0,9.0,False,79.23750667572023,60.21640041237697,61.96999931335449,68.87999911978841,151.53327037096025,124.70359752327204,125.0499997138977,172.6099964324385,19.021106263343256
2714247,False,B,Monterey,0.8380884543837317,-121.78038,36.845164,,,2022-10-26,T20 > G6,not a unit (sequence B/C),,,,,,,,,,,,,,,,,False,,,,,,,,,
2714245,True,A,Monterey,1.074316731524941,-121.717871,36.860567,6.691836828718428,0.0164827996624959,,T20,unknown,0.0,0.0,0.0,0.0,0.0,-11.262483960293048,-10.903986708304709,0.3584972519883393,-0.5992722654959923,0.0,0.0,0.6393623736914925,0.6746945697787318,0.0353321960872392,3.0,7.0,False,79.23750667572023,96.03489470481873,99.10000038146973,65.42499778792262,151.53327037096025,189.3929944038391,170.55999755859375,177.3949949434027,33.675002593547106
2714235,True,A,Monterey,14.014779633188674,-121.71548,36.77309,28.266194394931777,1.4106161481022428,,T20,unknown,0.0,0.1131982641864065,0.0,0.0447663008927831,0.0,-11.510331824896696,-10.811416792614764,0.6989150322819331,1.6195543362732554,0.0239641781143757,0.333563669532049,0.1749252293188166,0.2571235294907658,0.0821983001719491,3.0,8.35984410846071,False,79.23750667572023,67.2044968008995,67.13000082969666,68.87999911978841,151.53327037096025,147.39299750328064,131.63000082969666,172.6099964324385,12.107505846023571
2714223,False,B,Monterey,1.085802307909567,-121.687314,36.782099,,,2022-11-27,T20 > X,not a unit (sequence B/C),,,,,,,,,,,,,,,,,False,,,,,,,,,
2714220,True,A,Monterey,39.86976580668789,-121.777938,36.828766,5.392181392874436,1.1160510987695915,,T20,not_flooded,0.0,0.8372492903481518,0.0,0.0447318672052443,0.0,-9.003731978160221,-8.744224487257817,0.2595074909024042,0.6187456102922919,0.0,0.5242952540271892,0.4303452934315902,0.4402519007555874,0.0099066073239971,6.0,14.0,False,79.23750667572023,85.13939964771271,88.86000299453735,65.42499778792262,151.53327037096025,163.0049946308136,163.85999935865402,177.3949949434027,23.435005206614733
2714197,True,A,Monterey,24.02410503607948,-121.778814,36.694085,33.42429044257552,2.039656871180436,,T20,not_flooded,0.0,1.0,0.0074146731800494,0.0192497563934616,0.0,-17.21927471396364,-16.336800996387044,0.8824737175765947,1.0297542446914392,0.9423862470396156,0.9992675670966616,0.1261008734140283,0.1853149910131362,0.0592141175991079,6.0,18.0,False,79.23750667572023,52.11849948763847,58.73000192642212,74.6749985376373,151.53327037096025,110.21159622073174,119.07999897003174,169.58999579306692,27.119007188081753
2714154,True,A,Monterey,20.931529335550948,-121.69825,36.778031,45.97540242507058,1.8821702868659496,,T20,not_flooded,0.0,0.9299253366517044,0.002596180910478,0.0335873961157281,0.0,-13.26138448963219,-12.254904496776271,1.006479992855919,1.2729273242248862,0.0944920966475564,0.4737122794542464,0.2250953542685887,0.3530351832285974,0.1279398289600086,3.0,7.246996429788306,False,79.23750667572023,67.2044968008995,68.78000068664551,64.07499833405018,151.53327037096025,147.39299750328064,133.29000186920166,159.3199963029474,15.162508341670048
2714138,True,A,Monterey,22.43537802299509,-121.716978,36.769912,24.79397435131012,1.0765045829105029,,T20,unknown,0.0,0.046586628270335,0.0,0.0516244203431499,0.0,-7.740041773445671,-6.897487765963056,0.8425540074826152,0.8478855834540502,0.0,0.0,0.3718994298468816,0.4279464307098616,0.0560470008629799,3.0,8.22629320018922,False,79.23750667572023,62.81339757144451,67.13000082969666,68.87999911978841,151.53327037096025,129.51649737358093,131.63000082969666,172.6099964324385,16.424109104275715
2714136,False,B,Monterey,3.770077643401466,-121.794667,36.864636,,,2023-01-30,T20 > X,not a unit (sequence B/C),,,,,,,,,,,,,,,,,False,,,,,,,,,
2714135,True,A,Monterey,5.0555964357180745,-121.792029,36.824995,8.188630925384166,1.5016099725330037,,T20,not_flooded,0.0,1.0,0.0,0.0643755161971184,0.0,-15.715070400043665,-14.632521729983624,1.0825486700600404,1.382393117561385,0.7660518185433302,0.9781591263650544,0.417975458054153,0.4014400267810417,-0.0165354312731113,6.0,14.0,False,79.23750667572023,85.13939964771271,87.9800009727478,65.42499778792262,151.53327037096025,163.0049946308136,165.24000042676926,177.3949949434027,22.555003184825182
2714134,True,A,Monterey,2.409927450432156,-121.689671,36.856946,13.512865810947687,0.0421662232042308,,T20,unknown,0.0,0.0,0.0,0.014780066188992,0.0,-12.891143760803915,-11.610216048037737,1.2809277127661804,1.186096244348759,0.0684381325707675,0.6838993670276001,0.1625817434860639,0.2501614021699747,0.0875796586839107,3.0,7.633711403142369,False,79.23750667572023,96.03489470481873,96.6399998664856,68.78499916661531,151.53327037096025,189.3929944038391,166.68999886512756,163.3999965954572,27.85500069987029
2714112,True,A,Monterey,2.842593195332075,-121.715372,36.80313,76.35327513398379,1.3501085538286763,,T20,not_flooded,0.0,1.0,0.0,0.0161777923032927,0.0,-11.535172184370088,-10.811983686649729,0.7231884977203578,0.6779419858417519,0.0,0.6933573004330421,0.1819034871193345,0.265992894675372,0.0840894075560375,3.0,7.0,False,79.23750667572023,67.2044968008995,84.36000108718872,65.42499778792262,151.53327037096025,147.39299750328064,150.33999872207642,177.3949949434027,18.9350032992661
2714091,False,B,Monterey,11.11195955012911,-121.742795,36.68965,,,2022-10-03,T20 > G6 > T30,not a unit (sequence B/C),,,,,,,,,,,,,,,,,False,,,,,,,,,
2714081,True,A,Monterey,1.31637179178896,-121.724152,36.852672,50.16915052564298,0.9863493886962598,,T20,not_flooded,0.0,1.0,0.0,0.0,0.0,-8.83107863131714,-7.951370201124346,0.8797084301927942,0.2028532321046015,0.0,0.3462651313847063,0.5580211851267396,0.6231044013485432,0.0650832162218035,3.0,7.0,False,79.23750667572023,84.8016973733902,105.48999977111816,65.42499778792262,151.53327037096025,168.91129660606384,178.8699986934662,177.3949949434027,40.06500198319554
2714066,True,A,Monterey,5.216390395581523,-121.78954,36.824947,10.259471150593148,1.306214290904727,,T20,not_flooded,0.0,1.0,0.0060380932648621,0.0324251528022376,0.0,-16.04812887985307,-14.968078416418566,1.080050463434505,1.2999439291259698,0.7700492814965,0.9715854434594722,0.4523771650246452,0.4072118837879961,-0.045165281236649,6.0,14.0,False,79.23750667572023,85.13939964771271,87.9800009727478,65.42499778792262,151.53327037096025,163.0049946308136,165.24000042676926,177.3949949434027,22.555003184825182
2716489,True,A,Monterey,28.730370850068727,-121.705943,36.915364,13.154922828138025,0.5495948448471359,,T20,unknown,0.0651935218226736,0.8150226327149035,0.0027449903925336,0.0157325625830897,0.0,-11.726215677857486,-11.337553331814744,0.3886623460427412,0.3152105134219916,0.0089212187757342,0.2074001711582245,0.0625753503117203,0.1111287304447553,0.0485533801330349,2.4130753042364352,7.763694003541577,False,79.23750667572023,104.31609773635864,109.57000184059144,69.51999836880714,151.53327037096025,198.88559532165527,190.28999602794647,182.43499598558992,40.05000347178431
2722310,False,B,Monterey,21.66389080738136,-121.692547,36.784482,,,2022-10-26,T20 > X,not a unit (sequence B/C),,,,,,,,,,,,,,,,,False,,,,,,,,,
2714050,True,A,Monterey,6.844252974853038,-121.725413,36.869923,30.36389191725683,0.5934878003879313,,T20,unknown,0.0,0.0,6.775985905949315e-05,0.0122419478700817,0.0,-15.056163445447472,-13.916144989581872,1.1400184558656008,1.5728182286334622,0.5721642498983602,0.9269209920043366,0.117741033606601,0.1970051091551234,0.0792640755485223,2.0,6.493867732755116,False,79.23750667572023,96.03489470481873,103.25000143051147,65.42499778792262,151.53327037096025,189.3929944038391,176.7799986600876,177.3949949434027,37.825003642588854
2714040,True,A,Monterey,7.75603473567838,-121.695488,36.744832,15.103301751710127,1.2690228473008256,,T20,not_flooded,0.0,1.0,0.0,0.0121139430284857,0.0,-11.059852138616016,-10.03932940965859,1.0205227289574257,0.9924914480718244,0.0,0.0,0.4648005594166439,0.4992397956002776,0.0344392361836336,3.0,7.0,False,79.23750667572023,62.81339757144451,61.220001220703125,64.07499833405018,151.53327037096025,129.51649737358093,115.4500012397766,159.3199963029474,18.0175054550171
2714035,False,B,Monterey,3.5425973333281786,-121.663583,36.912315,,,2022-10-27,T20 > X,not a unit (sequence B/C),,,,,,,,,,,,,,,,,False,,,,,,,,,
2714017,False,B,Monterey,28.023549337456373,-121.731456,36.681472,,,2022-10-03,T20 > T30 > T4,not a unit (sequence B/C),,,,,,,,,,,,,,,,,False,,,,,,,,,
2714010,True,A,Monterey,4.559422291844676,-121.791249,36.825011,9.187727972071473,1.441217687858606,,T20,not_flooded,0.0,1.0,0.0085826718230544,0.0340253748558246,0.0,-16.723827557109228,-15.445278479510412,1.2785490775988162,1.4152842889172843,0.8754834113576228,0.995674740484429,0.4430570371438379,0.4049653725229611,-0.0380916646208767,6.0,14.0,False,79.23750667572023,85.13939964771271,87.9800009727478,65.42499778792262,151.53327037096025,163.0049946308136,165.24000042676926,177.3949949434027,22.555003184825182
2713971,True,A,Monterey,10.826309211343908,-121.670657,36.766956,5.158758667439728,0.0079432517310235,,T20,not_flooded,0.0,1.0,0.0346784814475492,0.0315792487402657,0.003650366468163,-13.927986630128188,-13.550410769146527,0.3775758609816613,0.2722716218291321,0.2020656779661017,0.5905720338983053,0.4109519630008426,0.4181260886442974,0.0071741256434547,3.0,7.0,False,79.23750667572023,69.93129867315292,63.12000119686127,64.07499833405018,151.53327037096025,132.36049795150757,117.75999999046326,159.3199963029474,16.11750547885896
2716494,False,B,Monterey,24.63789837873998,-121.678641,36.654991,,,2022-12-21,T20 > T30,not a unit (sequence B/C),,,,,,,,,,,,,,,,,False,,,,,,,,,
2724003,False,B,Monterey,31.92083854039175,-121.674496,36.772453,,,2022-11-27,T20 > X,not a unit (sequence B/C),,,,,,,,,,,,,,,,,False,,,,,,,,,
2716496,False,B,Monterey,11.460633618116727,-121.729219,36.738041,,,2022-11-11,T20 > T30,not a unit (sequence B/C),,,,,,,,,,,,,,,,,False,,,,,,,,,
2713942,True,A,Monterey,14.428588513338008,-121.752191,36.748829,4.454212781256513,0.5235896012778578,,T20,not_flooded,0.0,1.0,0.0,0.0233091592801504,0.0,-10.19850350961461,-9.462524017868445,0.735979491746166,0.9681886836547378,0.0,0.3396454472199838,0.1846381731968939,0.2556858438876184,0.0710476706907244,3.0,9.0,False,79.23750667572023,60.21640041237697,61.96999931335449,68.87999911978841,151.53327037096025,124.70359752327204,125.0499997138977,172.6099964324385,19.021106263343256
2713915,True,A,Monterey,1.6504422673494323,-121.674918,36.867487,21.47452543456233,0.0512935459944382,,T20,unknown,0.0,0.0,0.0,0.0,0.0,-7.987526057242964,-5.072875361804527,2.914650695438437,2.958378771105907,0.0,0.1794715351762331,0.1897111178121434,0.3045595909793638,0.1148484731672204,2.439433050171305,6.74083634486319,False,79.23750667572023,91.63209509849548,100.9700002670288,68.78499916661531,151.53327037096025,192.11849355697632,174.8200011253357,163.3999965954572,32.18500110041349
2713883,False,B,Monterey,15.049179544153914,-121.738628,36.691922,,,2022-10-03,T20 > T30,not a unit (sequence B/C),,,,,,,,,,,,,,,,,False,,,,,,,,,
2713867,True,A,Monterey,2.674332911931871,-121.715269,36.878298,73.91186970682435,1.6695194089679484,,T20,unknown,0.0,0.0,0.0073797534294148,0.0026335590669676,0.0,-14.864753671878754,-14.364971065772568,0.4997826061061854,1.5707436701763573,0.449759796260925,0.8682931064420905,0.1357966218536779,0.1627706741173386,0.0269740522636606,2.0,7.851247323030618,False,79.23750667572023,96.03489470481873,111.60999917984007,65.42499778792262,151.53327037096025,189.3929944038391,189.0700025558472,177.3949949434027,46.18500139191745
2713864,True,A,Monterey,3.492858007620439,-121.672348,36.847452,104.74496358791993,1.5984807719184138,,T20,not_flooded,0.0,1.0,0.0,0.0317034210409548,0.0,-11.14618124569525,-10.14724671954488,0.998934526150368,1.2186409086258934,0.0,0.0074544083063406,0.1722381583734366,0.283079539381165,0.1108413810077283,3.0,6.088876070461905,False,79.23750667572023,92.7891993522644,97.3200023174286,68.78499916661531,151.53327037096025,183.41999793052676,168.8300006389618,163.3999965954572,28.535003150813296
2713852,True,A,Monterey,55.24526888696137,-121.727704,36.730983,7.4188737718037885,0.4279371053133021,,T20,not_flooded,0.0,1.0,0.0082603809007982,0.1086113102813468,0.0,-12.272312337397675,-12.083631973935324,0.1886803634623532,0.1648613525357269,0.0181287788752018,0.5630739786074794,0.3704670616380077,0.4314404874170043,0.0609734257789966,3.0,6.909941221784281,False,79.23750667572023,62.81339757144451,59.10000014305115,68.87999911978841,151.53327037096025,129.51649737358093,114.64999914169312,172.6099964324385,20.13750653266908
2724007,True,A,Monterey,4.362952412438688,-121.71759,36.804173,79.87507079013236,1.333372267377396,,T20,unknown,0.0,0.2793489246263232,0.0,0.0045213567616447,0.0,-12.15882001026208,-10.69662354153574,1.4621964687263382,0.9479724433916276,0.0,0.0173939254242096,0.1592598272654204,0.2281657366244263,0.0689059093590059,3.0,7.0,False,79.23750667572023,67.2044968008995,82.45999813079834,65.42499778792262,151.53327037096025,147.39299750328064,147.61999988555908,177.3949949434027,17.03500034287572
2713835,True,A,Monterey,0.9227841120841578,-121.787301,36.841964,10.474079831929318,2.3099119335363727,,T20,not_flooded,0.0,0.6229964568921883,0.0,0.0,0.0,-15.10234837487976,-12.91372139317019,2.18862698170957,2.2820358685360684,0.685000843597098,1.0,0.3883672646055621,0.3608256743308543,-0.0275415902747077,6.0,14.0,False,79.23750667572023,85.13939964771271,96.91000127792358,65.42499778792262,151.53327037096025,163.0049946308136,175.61999958753586,177.3949949434027,31.485003490000963
2724008,True,A,Monterey,9.77693897180986,-121.787972,36.843272,15.647181961411384,2.1723656765517463,,T20,not_flooded,0.0,0.9326229326229326,0.0020217877360734,0.0130900845186559,0.0,-14.386966697166285,-13.957526884278158,0.4294398128881251,1.2356115835094403,0.4186131328988473,0.8884766027623172,0.4600805467608378,0.4134094290130617,-0.0466711177477761,6.0,14.0,False,79.23750667572023,85.13939964771271,96.91000127792358,65.42499778792262,151.53327037096025,163.0049946308136,175.61999958753586,177.3949949434027,31.485003490000963
2713815,True,A,Monterey,12.351429757857115,-121.773663,36.702679,38.45830926627231,1.7739251944014602,,T20,not_flooded,0.0,1.0,0.0169720081034125,0.023413343034013,0.0005770231875513,-16.30537596904364,-16.207361042513845,0.098014926529796,0.5040618453331529,0.8603854765772491,0.9446371339509156,0.1386788704499797,0.1808920496251773,0.0422131791751975,6.0,18.0,False,79.23750667572023,52.11849948763847,59.45000076293945,68.87999911978841,151.53327037096025,110.21159622073174,122.15000081062315,172.6099964324385,27.119007188081753
2713808,False,B,Monterey,30.390636148422026,-121.783055,36.735439,,,2022-10-17,T20 > G6 > T30,not a unit (sequence B/C),,,,,,,,,,,,,,,,,False,,,,,,,,,
2713805,True,A,Monterey,1.7384242414803528,-121.696885,36.813754,70.09166610522969,3.068819724710824,,T20,not_flooded,0.0,1.0,0.0341487367199357,0.0,0.0,-13.940902206110495,-12.77268899144154,1.168213214668956,0.6830563680240065,0.1998482278368002,0.3833586286938665,0.2502985828887958,0.3251157199888929,0.0748171371000971,3.0,6.0,False,79.23750667572023,84.8016973733902,89.99999809265137,68.78499916661531,151.53327037096025,168.91129660606384,162.97999954223633,163.3999965954572,21.21499892603606
2713797,False,B,Monterey,7.130118757988656,-121.699244,36.729308,,,2022-11-20,T20 > X,not a unit (sequence B/C),,,,,,,,,,,,,,,,,False,,,,,,,,,
2713777,True,A,Monterey,3.066452357450156,-121.675366,36.848369,79.49977274729154,1.4381901129847727,,T20,not_flooded,0.0,1.0,0.0,0.0192860384208137,0.0,-11.897199935122243,-10.35976519117815,1.5374347439440932,1.7702124334778515,0.0,0.0257147178944183,0.2625115802091295,0.3326371532439379,0.0701255730348084,3.0,7.577976100438662,False,79.23750667572023,92.7891993522644,97.3200023174286,68.78499916661531,151.53327037096025,183.41999793052676,168.8300006389618,163.3999965954572,28.535003150813296
2713773,True,A,Monterey,1.7560348753909043,-121.662321,36.858775,43.13380012779181,0.1827014213329744,,T20,unknown,0.0,0.0194550816497204,0.0,0.0336722567014393,0.0,-14.754424159122427,-14.011127012706703,0.7432971464157223,1.106217794736633,0.4523086403450856,0.5928958140763239,0.2996729256471197,0.3992486776988782,0.0995757520517585,3.0,7.735111580615345,False,79.23750667572023,91.63209509849548,95.7700011730194,68.78499916661531,151.53327037096025,192.11849355697632,166.80000114440918,163.3999965954572,26.985002006404088
2713753,True,A,Monterey,14.4401720866976,-121.785471,36.834818,6.475539284227628,1.9361178232846703,,T20,not_flooded,0.0,1.0,0.0041030867011719,0.0510177264072514,0.0,-12.948005436288064,-12.736727949826989,0.2112774864610767,0.2110353737365073,0.0287216069082034,0.3687682694628442,0.4091508744693364,0.4267868224006219,0.0176359479312855,6.0,14.0,False,79.23750667572023,85.13939964771271,92.25999999046326,65.42499778792262,151.53327037096025,163.0049946308136,168.65999814867973,177.3949949434027,26.835002202540636
2713738,False,B,Monterey,0.7309577888467802,-121.783273,36.842578,,,2022-10-27,T20 > G6,not a unit (sequence B/C),,,,,,,,,,,,,,,,,False,,,,,,,,,
2713734,True,A,Monterey,3.544804814621435,-121.708816,36.870095,67.24223605583192,1.075491885798147,,T20,unknown,0.0,0.0,0.0055574928079504,0.0277874640397524,0.0,-12.598341147525195,-12.6221429404699,-0.0238017929447025,0.536645849748572,0.1170342603086043,0.5665155609798623,0.3289097801455566,0.3515695081459475,0.0226597280003909,2.0,7.0935184377996725,False,79.23750667572023,96.03489470481873,107.91000032424928,65.42499778792262,151.53327037096025,189.3929944038391,183.08999955654144,177.3949949434027,42.48500253632666
2725599,True,A,Monterey,11.510821088622809,-121.711473,36.763572,12.112494582371626,0.3504586979821358,,T20,not_flooded,0.0,0.7885822423360809,0.0,0.0347166100964387,0.0,-10.27474993211682,-10.00840552162628,0.2663444104905377,-0.0202425772913912,0.0058455902160443,0.1342398038898766,0.0378788217379764,0.0840573808767617,0.0461785591387853,3.0,7.0,False,79.23750667572023,62.81339757144451,63.55000138282776,68.87999911978841,151.53327037096025,129.51649737358093,122.8800013065338,172.6099964324385,16.424109104275715
2725600,True,A,Monterey,18.0893935020978,-121.738501,36.732147,5.12218768331515,0.870893006791929,,T20,not_flooded,0.0,1.0,0.0,0.0635771291976712,0.0,-11.860581707394235,-11.80838196908146,0.0521997383127761,-0.1220293815571373,0.0,0.1228875094780943,0.0251021568850644,0.0571558555320785,0.032053698647014,3.0,9.0,False,79.23750667572023,60.21640041237697,60.40000009536743,68.87999911978841,151.53327037096025,124.70359752327204,119.71000051498412,172.6099964324385,19.021106263343256
2713688,True,A,Monterey,9.559376504384575,-121.694705,36.778296,38.65542131371672,1.734459182904009,,T20,not_flooded,0.0,0.7561298281781362,0.0090740124503891,0.0387796346046149,0.0,-12.320454055851943,-11.772415501336551,0.5480385545153919,0.7736822952275588,0.014422647696191,0.6375508282674154,0.1621175740275161,0.1859536430593238,0.0238360690318077,3.0,6.677004114959134,False,79.23750667572023,67.2044968008995,68.78000068664551,64.07499833405018,151.53327037096025,147.39299750328064,133.29000186920166,159.3199963029474,15.162508341670048
2713677,True,A,Monterey,2.0880371670361284,-121.779555,36.837214,18.41419020655704,2.0642123529937613,,T20,not_flooded,0.0,1.0,0.0,0.032719457516582,0.0,-11.771225589506924,-11.693635331750755,0.0775902577561691,0.9499090845506988,0.0546930003334939,0.0944899396005484,0.1565493667001908,0.2007026907741112,0.0441533240739204,6.0,14.0,False,79.23750667572023,85.13939964771271,92.25999999046326,65.42499778792262,151.53327037096025,163.0049946308136,168.65999814867973,177.3949949434027,26.835002202540636
2713673,True,A,Monterey,19.050123270979576,-121.790649,36.879508,4.527488846292833,0.2760490043444829,,T20,unknown,0.0041439662632393,0.3341174367537304,0.0001137559366379,0.0193100702442908,0.0,-10.983611180935258,-9.38891579031851,1.5946953906167476,1.028808463224669,0.0020719831316196,0.3361284792050085,0.1109213721751421,0.1392055062825104,0.0282841341073683,6.0,14.002112610251846,False,79.23750667572023,97.8693985939026,104.1199996471405,65.42499778792262,151.53327037096025,183.5908932685852,192.62000036239624,177.3949949434027,38.69500185921788
2713667,True,A,Monterey,5.614215129213023,-121.675545,36.889158,19.38530198720862,1.8997215526333184,,T20,unknown,0.0,0.0,0.0,0.0,0.0,-11.092748507196935,-10.926373472450912,0.1663750347460251,0.6821936903691057,0.0,0.0866079914053138,0.4047177575547402,0.802673646483635,0.3979558889288948,2.0,7.973623679462281,False,79.23750667572023,91.63209509849548,103.75999915599824,68.78499916661531,151.53327037096025,192.11849355697632,177.41000032424927,163.3999965954572,34.97499998938294
2716512,False,B,Monterey,23.82078031741945,-121.800815,36.84509,,,2022-10-27,T20 > T4,not a unit (sequence B/C),,,,,,,,,,,,,,,,,False,,,,,,,,,
2713627,False,B,Monterey,7.1915685802515465,-121.729219,36.8897,,,2022-10-26,T20 > T4,not a unit (sequence B/C),,,,,,,,,,,,,,,,,False,,,,,,,,,
2713584,False,B,Monterey,2.5386533310154444,-121.783442,36.844735,,,2022-10-27,T20 > G6,not a unit (sequence B/C),,,,,,,,,,,,,,,,,False,,,,,,,,,
2713554,True,A,Monterey,1.5443258299934552,-121.715771,36.877132,62.0112451162388,1.533010175507739,,T20,unknown,0.0,0.055004011231448,0.0,0.0027075812274368,0.0,-14.097592539322536,-13.031447541750277,1.066144997572259,2.060332732068052,0.2100381066987565,0.9018752507019656,0.1364309428471921,0.1572118665054709,0.0207809236582788,2.0,8.0,False,79.23750667572023,96.03489470481873,111.60999917984007,65.42499778792262,151.53327037096025,189.3929944038391,189.0700025558472,177.3949949434027,46.18500139191745
2713547,False,B,Monterey,3.891176474212694,-121.668167,36.90951,,,2022-10-27,T20 > X,not a unit (sequence B/C),,,,,,,,,,,,,,,,,False,,,,,,,,,
2713545,True,A,Monterey,1.941503570501359,-121.659913,36.853077,74.67298682389014,0.8160366600436748,,T20,not_flooded,0.0,1.0,0.0,0.0075560708431615,0.0,-8.742509770762723,-8.061822665653228,0.6806871051094951,0.6745147002475793,0.0,0.4352936473034022,0.1216033722044981,0.2688987212554879,0.1472953490509898,3.0,6.889817295006596,False,79.23750667572023,92.7891993522644,99.08000016212463,68.78499916661531,151.53327037096025,183.41999793052676,171.910001039505,163.3999965954572,30.295000995509326
2713532,True,A,Monterey,5.489118821250783,-121.675844,36.765319,11.60981018802084,0.2546449166816781,,T20,not_flooded,0.0,1.0,0.0,0.0359722378963999,0.0,-13.36050541089509,-12.72757307732022,0.6329323335748693,0.545872721008763,0.2459936801715382,0.6984115788285744,0.4663379648514325,0.4739356678508531,0.0075977029994206,3.0,7.0,False,79.23750667572023,69.93129867315292,63.12000119686127,64.07499833405018,151.53327037096025,132.36049795150757,117.75999999046326,159.3199963029474,16.11750547885896
2722318,True,A,Monterey,18.97129221048544,-121.654124,36.911189,21.98269583710888,0.0881451861842027,,T20,unknown,0.0,0.0,0.0,0.0083140425809396,0.0,-10.45265543663358,-9.85692635766267,0.5957290789709102,1.1404982930232688,0.0,0.0807032701900818,0.1310386880261799,0.2178784647957644,0.0868397767695844,2.2775137752274133,7.602947409605164,False,79.23750667572023,107.0259974002838,113.25000023841858,66.27499858662486,151.53327037096025,207.3426961898804,198.72999787330627,167.63999602384865,46.97500165179372
2722319,False,B,Monterey,11.20714503381809,-121.702178,36.729883,,,2022-11-20,T20 > X,not a unit (sequence B/C),,,,,,,,,,,,,,,,,False,,,,,,,,,
2713519,True,A,Monterey,4.400443210868064,-121.713117,36.863017,15.099576905994164,0.2887765074042492,,T20,unknown,0.0,0.0,0.0,0.0044933920704845,0.0,-14.931996783124005,-13.468382543785314,1.463614239338689,1.3608644472313145,0.5159295154185021,0.7293215859030838,0.1053239668522374,0.1742785749808281,0.0689546081285906,2.633004405286344,7.0,False,79.23750667572023,96.03489470481873,99.10000038146973,65.42499778792262,151.53327037096025,189.3929944038391,170.55999755859375,177.3949949434027,33.675002593547106
2725602,True,A,Monterey,30.045014243263477,-121.735744,36.713389,7.58246432649043,1.3630136287281291,,T20,not_flooded,0.0,1.0,0.0,0.076423657594775,0.0,-6.418667256769122,-6.019261138130805,0.3994061186383169,0.2236804165911241,0.0,0.922590996205643,0.0967558177899688,0.1274086853927596,0.0306528676027908,3.0,8.978791841746178,False,79.23750667572023,57.39879907667637,57.27000045776367,68.87999911978841,151.53327037096025,115.37749803066254,111.39999997615814,172.6099964324385,21.967506217956554
2713487,True,A,Monterey,3.899706941682133,-121.700879,36.870137,72.53579658165127,1.085510334694971,,T20,unknown,0.0,0.3943600436898025,0.0,0.0448019064641048,0.0,-13.947008893274916,-12.43962488080376,1.5073840124711566,1.4559777911025351,0.3392910336610069,0.4963955913017576,0.3352790484467704,0.4109260667135055,0.0756470182667351,2.0,7.094250819183796,False,79.23750667572023,96.03489470481873,109.099999666214,65.42499778792262,151.53327037096025,189.3929944038391,184.22000432014465,177.3949949434027,43.67500187829138
2713452,True,A,Monterey,1.2401923896817864,-121.663528,36.858786,41.95187263774694,0.1814735741827553,,T20,not_flooded,0.0,1.0,0.0,0.0,0.0,-13.799121834093654,-13.068640936915482,0.7304808971781718,1.2348909825263945,0.2505309181761399,0.7825109306683323,0.3015106459508308,0.4193800530829777,0.1178694071321469,3.0,7.0,False,79.23750667572023,91.63209509849548,95.90000224113464,68.78499916661531,151.53327037096025,192.11849355697632,167.2300000190735,163.3999965954572,27.115003074519336
2713426,False,B,Monterey,1.1145947701558188,-121.700437,36.864814,,,2023-01-23,T20 > X,not a unit (sequence B/C),,,,,,,,,,,,,,,,,False,,,,,,,,,
2713396,True,A,Monterey,1.3340025539585525,-121.714572,36.879188,81.47702218987878,1.7852199570299951,,T20,unknown,0.0,0.0,0.0,0.0,0.0,-12.471523855801925,-11.223250929802662,1.248272925999263,2.268591219403408,0.1238222635803186,0.2875421658718157,0.2101695562977284,0.2145796048174254,0.004410048519697,2.0,8.0,False,79.23750667572023,96.03489470481873,111.60999917984007,65.42499778792262,151.53327037096025,189.3929944038391,189.0700025558472,177.3949949434027,46.18500139191745
2713392,True,A,Monterey,4.229957424646846,-121.739424,36.845364,53.16271360054679,0.7024244077043705,,T20,unknown,0.0,0.0,0.0070574468863129,0.0186492119793761,0.0,-12.674079883712606,-11.678560126129373,0.9955197575832352,-0.112463933316782,0.0,0.3689252934508357,0.2253404565197192,0.3639515821317999,0.1386111256120807,3.0,7.0,False,79.23750667572023,76.29919791221619,102.02000093460084,65.42499778792262,151.53327037096025,151.43509650230408,175.0899999141693,177.3949949434027,36.59500314667822
2716523,True,A,Monterey,19.70603473127825,-121.8039,36.848821,9.047798767809388,0.6797971191496799,,T20,not_flooded,0.0,1.0,0.0010020630710285,0.0233500343845171,0.0,-13.566934553823971,-12.903081193899578,0.6638533599243956,0.77751714162582,0.1993633952254642,0.8634561351802732,0.6168263051106755,0.5628317904972422,-0.0539945146134333,6.0,14.656917182434425,False,79.23750667572023,85.13939964771271,98.020001411438,67.69999848026782,151.53327037096025,163.0049946308136,180.33999897912145,191.6849961988628,30.32000293117018
2713356,False,B,Monterey,11.932053845743994,-121.740814,36.691949,,,2022-10-03,T20 > G6 > T30,not a unit (sequence B/C),,,,,,,,,,,,,,,,,False,,,,,,,,,
2713355,True,A,Monterey,12.290364299543285,-121.702406,36.775606,20.94828292787171,1.832892365887328,,T20,unknown,0.0,0.0695175701323514,0.0080394468860542,0.0280844677886161,0.0,-14.279726887184347,-13.044606589379557,1.2351202978047908,1.2065885260509166,0.2966650482682085,0.7747567673226435,0.1476617480625309,0.2277553947447188,0.0800936466821879,3.0,7.0,False,79.23750667572023,67.2044968008995,67.62000036239624,68.87999911978841,151.53327037096025,147.39299750328064,131.5400004386902,172.6099964324385,12.03300987482072
2713333,True,A,Monterey,20.847467786681296,-121.766298,36.846578,49.721454250316505,0.9071008510931232,,T20,not_flooded,0.0,1.0,0.0028422706956318,0.0411813443011543,0.0,-14.782934250329063,-14.119269000041887,0.6636652502871776,1.112775499434651,0.4969626715115307,0.8916258902994973,0.6621817085195779,0.5633910735011048,-0.098790635018473,3.0,7.0,False,79.23750667572023,76.29919791221619,98.45999932289124,65.42499778792262,151.53327037096025,151.43509650230408,174.05000180006027,177.3949949434027,33.035001534968615
2722324,False,B,Monterey,3.605178811810781,-121.787927,36.823045,,,2022-11-10,T20 > T30,not a unit (sequence B/C),,,,,,,,,,,,,,,,,False,,,,,,,,,
2713316,True,A,Monterey,14.661163709809486,-121.687982,36.677605,11.02163664928088,1.648636953056573,,T20,not_flooded,0.0,1.0,0.0084736355226642,0.1043213955332364,0.0,-12.886925467527467,-12.99384854729592,-0.1069230797684497,0.1094442022309731,0.0435364080877494,0.5824606845513417,0.0672965062707978,0.1567730073922847,0.0894765011214868,3.0,6.967638430025115,False,79.23750667572023,66.03359851241112,54.06000018119812,69.01499871443957,151.53327037096025,122.2720977179706,93.57999873161316,159.37999580148607,25.177506494522106
2722325,True,A,Monterey,15.07908908602355,-121.676907,36.75186,33.54195337960864,0.9514080255112134,,T20,not_flooded,0.0,1.0,0.006584057322449,0.0304821278850259,0.0,-11.866906640445436,-11.510314587329937,0.3565920531155004,0.4940030906039467,0.0002057517913265,0.4067044221203751,0.2631466567013666,0.327125993409472,0.0639793367081053,3.0,6.600121393556881,False,79.23750667572023,69.93129867315292,62.33000040054321,64.07499833405018,151.53327037096025,132.36049795150757,116.92999839782716,159.3199963029474,16.907506275177013
2722327,True,A,Monterey,5.0507948044934095,-121.786294,36.839318,9.933322845789826,2.4290592808427878,,T20,not_flooded,0.0,0.9415874961691694,0.0,0.0039074471345387,0.0,-12.10256599623289,-10.323839590311934,1.7787264059209562,2.1587810023967986,0.0713760343242414,0.6393196444989274,0.3847624653003312,0.4052746090335856,0.0205121437332543,6.0,14.0,False,79.23750667572023,85.13939964771271,92.25999999046326,65.42499778792262,151.53327037096025,163.0049946308136,168.65999814867973,177.3949949434027,26.835002202540636
2717320,True,A,Monterey,11.858142132629665,-121.740628,36.694451,8.480765808245906,0.8535160241664682,,T20,not_flooded,0.0,1.0,6.532233305244728e-05,0.0326872954594446,0.0,-12.714351668266938,-12.077476977303938,0.6368746909629994,0.5845563587672071,0.0366458288424229,0.1258565390921502,0.0679281137595689,0.1544447923764938,0.0865166786169249,3.0,7.0,False,79.23750667572023,57.39879907667637,56.08000183105469,74.6749985376373,151.53327037096025,115.37749803066254,106.24999958276749,169.58999579306692,23.15750484466554
2713248,True,A,Monterey,16.62860899967305,-121.689079,36.676318,11.00275999987985,1.8219013171877028,,T20,not_flooded,0.0,1.0,0.007244213492056,0.1149231730867905,0.0,-13.388669273554196,-13.45008374368852,-0.0614144701343235,0.178926268572269,0.0613915607011913,0.7785640317569898,0.038399651619779,0.1016477515098898,0.0632480998901107,3.0,6.851136777094665,False,79.23750667572023,66.03359851241112,54.06000018119812,69.01499871443957,151.53327037096025,122.2720977179706,93.57999873161316,159.37999580148607,25.177506494522106
2713236,True,A,Monterey,3.4247281012549875,-121.77788,36.83698,17.2290662290465,2.027664093564596,,T20,not_flooded,0.0,0.9458867123071016,0.0345692401545448,0.1678302718091235,0.0115230800515149,-12.874096968841888,-12.661510499509683,0.212586469332205,0.7679693075669078,0.0288077001287873,0.1382769606181793,0.410736363418098,0.3998859463201795,-0.0108504170979184,6.0,14.0,False,79.23750667572023,85.13939964771271,92.25999999046326,65.42499778792262,151.53327037096025,163.0049946308136,168.65999814867973,177.3949949434027,26.835002202540636
2713203,False,B,Monterey,4.016271092266185,-121.666768,36.910522,,,2022-10-27,T20 > X,not a unit (sequence B/C),,,,,,,,,,,,,,,,,False,,,,,,,,,
2713191,True,A,Monterey,2.295644956935474,-121.690443,36.857523,13.75655121173407,0.0286132690356118,,T20,unknown,0.0,0.0,0.0,0.003485971503029,0.0,-14.220033842697722,-13.418939780178937,0.8010940625187875,1.580712527319184,0.2666598977899617,0.9568484110061934,0.178075446286641,0.2590541781678387,0.0809787318811976,3.0,7.11919991877348,False,79.23750667572023,96.03489470481873,96.6399998664856,68.78499916661531,151.53327037096025,189.3929944038391,166.68999886512756,163.3999965954572,27.85500069987029
2713187,False,B,Monterey,22.133113643483625,-121.712869,36.680341,,,2022-11-11,T20 > T30,not a unit (sequence B/C),,,,,,,,,,,,,,,,,False,,,,,,,,,
2713181,True,A,Monterey,1.8634545338978252,-121.660824,36.854911,68.40653717354229,0.6121871493369352,,T20,not_flooded,0.0,1.0,0.0,0.0529131246112378,0.0,-9.120467443501958,-7.397309653679324,1.7231577898226345,2.4906914927170405,0.0,0.1900891561268919,0.1237819308602362,0.2530181367745074,0.1292362059142711,3.0,7.984325108853412,False,79.23750667572023,91.63209509849548,99.08000016212463,68.78499916661531,151.53327037096025,192.11849355697632,171.910001039505,163.3999965954572,30.295000995509326
2713177,False,B,Monterey,1.8838716428231592,-121.701963,36.867192,,,2023-03-03,T20 > X,not a unit (sequence B/C),,,,,,,,,,,,,,,,,False,,,,,,,,,
2713154,True,A,Monterey,2.975232629484946,-121.737901,36.84598,60.600334962990544,0.8510966704577303,,T20,unknown,0.0,0.0,0.0,0.0,0.0,-13.896792093681045,-12.66282952228385,1.233962571397193,1.3792228214853992,0.079606649496605,0.7097739275215273,0.195233345751618,0.3191015963447978,0.1238682505931798,3.0,7.0,False,79.23750667572023,76.29919791221619,102.02000093460084,65.42499778792262,151.53327037096025,151.43509650230408,175.0899999141693,177.3949949434027,36.59500314667822
2713143,False,B,Monterey,15.728716605825882,-121.723743,36.732762,,,2022-12-14,T20 > T4,not a unit (sequence B/C),,,,,,,,,,,,,,,,,False,,,,,,,,,
2713135,True,A,Monterey,0.3660728996189559,-121.703679,36.865213,47.93961789141893,0.5328789619622815,,T20,unknown,0.0,0.0,0.0,0.0,0.0,-11.649396584066332,-10.308783078594727,1.3406135054716053,1.6421815414223957,0.0,0.0,0.4359718972875975,0.4852904442692229,0.0493185469816254,3.0,7.0,False,79.23750667572023,96.03489470481873,100.98000192642212,65.42499778792262,151.53327037096025,189.3929944038391,172.22999906539917,177.3949949434027,35.5550041384995
2713124,True,A,Monterey,0.8522057010149132,-121.719488,36.856344,39.80092710768216,0.4576598863950259,,T20,not_flooded,0.0,1.0,0.0,0.0,0.0,-10.6787833077155,-10.47842363602913,0.2003596716863711,0.3730918074831439,0.0,0.0,0.5318835514265723,0.5970445437569505,0.0651609923303782,3.0,7.0,False,79.23750667572023,96.03489470481873,99.10000038146973,65.42499778792262,151.53327037096025,189.3929944038391,170.55999755859375,177.3949949434027,33.675002593547106
2722332,True,A,Monterey,27.182875265837293,-121.783267,36.839376,18.014584470009137,2.357985240142593,,T20,not_flooded,0.0,0.6292603036258508,0.0,0.013959383633826,0.0,-13.07445215110856,-11.588804145390998,1.485648005717561,2.2491260596706866,0.2068956677774929,0.7996040901193426,0.4062411925731168,0.4184294867409541,0.0121882941678372,6.0,14.0,False,79.23750667572023,85.13939964771271,92.25999999046326,65.42499778792262,151.53327037096025,163.0049946308136,168.65999814867973,177.3949949434027,26.835002202540636
2725607,True,A,Monterey,23.11889751081006,-121.679121,36.90305,17.050476342059277,0.3556223129895119,,T20,unknown,0.0,0.0,0.0,0.1396657394669103,0.0,-4.074631313541151,-3.970191138493572,0.1044401750475789,-0.2203371506910993,0.0,0.2474050122343506,0.0850017661215851,0.1086301144148303,0.0236283482932451,2.9377571138313443,8.0,False,79.23750667572023,107.0259974002838,106.34000015258788,66.27499858662486,151.53327037096025,207.3426961898804,186.54000043869016,167.63999602384865,40.75099881365894
2713115,True,A,Monterey,4.4701880245872285,-121.672817,36.848105,103.33990132182753,1.5526368784149462,,T20,not_flooded,0.0,1.0,0.0,0.0088349935036812,0.0,-10.665134061158266,-9.095178611262243,1.5699554498960229,1.81747916320446,0.0,0.260303161541793,0.1830647361810303,0.2779992290984092,0.0949344929173788,3.0,6.690861844954527,False,79.23750667572023,92.7891993522644,97.3200023174286,68.78499916661531,151.53327037096025,183.41999793052676,168.8300006389618,163.3999965954572,28.535003150813296
2716542,True,A,Monterey,12.323968324438784,-121.738446,36.694445,8.423701738218844,0.8964679918648629,,T20,not_flooded,0.0,1.0,0.0209314626835596,0.0563776731064708,0.0,-12.875378437853527,-12.5312181105976,0.3441603272559259,-0.0281133015487231,0.0128460240296214,0.2042769703533916,0.0759579309407589,0.1657125038957126,0.0897545729549536,3.0,7.0,False,79.23750667572023,57.39879907667637,56.08000183105469,74.6749985376373,151.53327037096025,115.37749803066254,106.24999958276749,169.58999579306692,23.15750484466554
2713079,False,B,Monterey,33.44443392497601,-121.712395,36.646384,,,2022-10-10,T20 > T30 > T30,not a unit (sequence B/C),,,,,,,,,,,,,,,,,False,,,,,,,,,
2713046,True,A,Monterey,1.2771066013296135,-121.713055,36.864488,16.46902463630813,0.4522774256365405,,T20,unknown,0.0,0.0,0.0,0.0388296583474678,0.0,-13.974842205938511,-11.955163822578193,2.0196783833603185,2.122190758391387,0.2732008723043372,0.6984492367337047,0.1814031104541645,0.3064265317415133,0.1250234212873488,2.0,7.0,False,79.23750667572023,96.03489470481873,99.10000038146973,65.42499778792262,151.53327037096025,189.3929944038391,170.55999755859375,177.3949949434027,33.675002593547106
2717325,True,A,Monterey,14.853530998894016,-121.667431,36.725324,26.53652695601031,0.1955720114634463,,T20,not_flooded,0.0,1.0,0.008403668383938,0.08437596237662,0.0012057437246519,-13.182052615620352,-12.658599460939197,0.5234531546811585,0.8678159123936933,0.0705490570666499,0.6585709588011462,0.3452782302328426,0.4361901605018576,0.090911930269015,3.0,6.0,False,79.23750667572023,67.50299942493439,59.6399998664856,64.07499833405018,151.53327037096025,118.26299607753754,107.30999946594238,159.3199963029474,19.597506809234623
2725609,True,A,Monterey,23.3455073434258,-121.779373,36.868286,46.295423063216745,1.4554793224770082,,T20,not_flooded,0.0,1.0,0.0033814583367866,0.0251089857282567,0.0,-13.28037573916334,-12.602076987827864,0.6782987513354772,1.0143745424809705,0.0693994596296971,0.3927928525253192,0.3217399328567181,0.4026642708561096,0.0809243379993914,6.0,14.0,False,79.23750667572023,97.8693985939026,104.44999861717224,65.42499778792262,151.53327037096025,183.5908932685852,186.16000068187716,177.3949949434027,39.02500082924962
2713004,True,A,Monterey,3.974694783629749,-121.679364,36.853167,46.60212742069666,0.8233523857588989,,T20,not_flooded,0.0,1.0,0.0,0.0347452018530774,0.0,-8.622042434777763,-7.553847014374208,1.0681954204035549,0.2907566661687557,0.0,0.0,0.5676531375989455,0.533786071851857,-0.0338670657470885,3.0,5.1272628177677415,False,79.23750667572023,92.7891993522644,97.3200023174286,68.78499916661531,151.53327037096025,183.41999793052676,168.8300006389618,163.3999965954572,28.535003150813296
2713001,True,A,Monterey,2.4055213923999865,-121.682452,36.850475,66.52740900963711,0.9027206531641836,,T20,unknown,0.0,0.093447109966189,0.0082112381259056,0.0707454516180969,0.0,-12.28815021386934,-11.984748186047453,0.3034020278218872,0.9798318773458644,0.0,0.1870874255353405,0.1247324369922747,0.1487130429839822,0.0239806059917074,3.0,6.0,False,79.23750667572023,92.7891993522644,97.3200023174286,68.78499916661531,151.53327037096025,183.41999793052676,168.8300006389618,163.3999965954572,28.535003150813296
2717327,False,B,Monterey,6.472936618743487,-121.695366,36.63311,,,2022-10-03,T20 > T30 > T4,not a unit (sequence B/C),,,,,,,,,,,,,,,,,False,,,,,,,,,
2717328,True,A,Monterey,42.33440191930982,-121.750736,36.883882,6.84645722102013,1.3582147040022443,,T20,flooded,1.0,1.0,0.0,0.0241101719700514,0.0,-8.256262910435817,-4.156841636297259,4.099421274138558,4.376248800336125,0.0,0.9808690629386992,0.0841479210327277,0.068791785297024,-0.0153561357357037,3.0,7.0,False,79.23750667572023,92.34999752044678,105.83999872207642,65.42499778792262,151.53327037096025,176.18079566955566,185.26999974250796,177.3949949434027,40.415000934153795
2712972,True,A,Monterey,2.29270923328753,-121.772674,36.835619,14.24092968263924,1.915813267560849,,T20,not_flooded,0.0,1.0,0.0,0.0,0.0,-8.884869271008787,-8.348933267845805,0.5359360031629823,1.302221700963405,0.0,0.0,0.5754908723457822,0.5900845963174919,0.0145937239717096,6.0,14.0,False,79.23750667572023,85.13939964771271,96.33000087738036,65.42499778792262,151.53327037096025,163.0049946308136,172.1599977016449,177.3949949434027,30.905003089457736
2712960,False,B,Monterey,6.153666444136245,-121.678518,36.652799,,,2022-10-10,T20 > T4 > T30,not a unit (sequence B/C),,,,,,,,,,,,,,,,,False,,,,,,,,,
2712956,True,A,Monterey,6.760855225720822,-121.716443,36.772294,20.1958507873988,1.3302471418065824,,T20,unknown,0.0,0.3589608425105716,0.0101990534361642,0.0195844745195558,0.0,-14.323020651339302,-13.873892069864787,0.4491285814745147,0.6683967703605109,0.3335548858049804,0.5871102299943849,0.1975505578327924,0.2959824427278404,0.0984318848950479,3.0,8.805553327297941,False,79.23750667572023,62.81339757144451,67.13000082969666,68.87999911978841,151.53327037096025,129.51649737358093,131.63000082969666,172.6099964324385,16.424109104275715
2712929,True,A,Monterey,2.2671748245765864,-121.710394,36.877442,90.60283173151728,1.812621593366789,,T20,unknown,0.0,0.0,0.0,0.0,0.0,-11.230025828656675,-10.27243014182218,0.9575956868344964,1.6312243318497917,0.0220384733659069,0.4071138141934601,0.1441430486179894,0.2328557920025399,0.0887127433845504,2.0,8.034236512112619,False,79.23750667572023,96.03489470481873,111.60999917984007,65.42499778792262,151.53327037096025,189.3929944038391,189.0700025558472,177.3949949434027,46.18500139191745
2712900,False,B,Monterey,12.560351822514871,-121.742839,36.691965,,,2022-10-03,T20 > G6 > T30,not a unit (sequence B/C),,,,,,,,,,,,,,,,,False,,,,,,,,,
2712896,True,A,Monterey,2.926989315888292,-121.72001,36.872477,56.96764881647176,0.9147497411196764,,T20,not_flooded,0.0,0.7841176004856035,0.0,0.0,0.0,-11.066388353044102,-9.792450763981345,1.2739375890627578,0.1257944880642405,0.0,0.0,0.5961796409827487,0.6378082258403198,0.0416285848575711,2.0,8.0,False,79.23750667572023,96.03489470481873,103.25000143051147,65.42499778792262,151.53327037096025,189.3929944038391,176.7799986600876,177.3949949434027,37.825003642588854
2712891,True,A,Monterey,2.895330728471517,-121.720582,36.800078,42.41550561333207,0.805954864932444,,T20,not_flooded,0.0,1.0,0.0,0.0153299682183585,0.0,-10.425529184296984,-9.534769175207709,0.8907600090892753,2.341502114729284,0.0,0.6132254359960475,0.2082636055329848,0.315711332213416,0.1074477266804311,3.0,7.0,False,79.23750667572023,67.2044968008995,80.08999872207642,65.42499778792262,151.53327037096025,147.39299750328064,143.81000018119812,177.3949949434027,14.665000934153795
2716554,True,A,Monterey,28.24071957070933,-121.672314,36.746999,29.61283179146824,1.5509644145235604,,T20,not_flooded,0.0,1.0,0.0017207641619988,0.0743276807008203,0.0,-13.260833022003313,-12.941163278768734,0.3196697432345772,0.7578627369418633,0.0954571277235141,0.7567849429019163,0.2785781364880765,0.3282554838390434,0.0496773473509669,3.0,6.0,False,79.23750667572023,69.93129867315292,63.33999848365784,64.07499833405018,151.53327037096025,132.36049795150757,118.67999935150146,159.3199963029474,15.89750819206239
2712876,False,B,Monterey,22.18514364313545,-121.741654,36.701394,,,2022-10-19,T20 > T30,not a unit (sequence B/C),,,,,,,,,,,,,,,,,False,,,,,,,,,
2712875,True,A,Monterey,15.784610280881438,-121.706843,36.759503,13.22658771948558,0.1849651407337463,,T20,not_flooded,0.0,1.0,0.0,0.0296281381369583,0.0,-10.38158042857012,-9.804756230910725,0.5768241976593966,-0.1125011547007499,0.0,0.1145297214473736,0.2044474922102056,0.2181426240656324,0.0136951318554267,3.0,7.0,False,79.23750667572023,62.81339757144451,63.55000138282776,68.87999911978841,151.53327037096025,129.51649737358093,122.8800013065338,172.6099964324385,16.424109104275715
2716556,True,A,Monterey,35.72301746718195,-121.707707,36.908452,13.661223990108011,0.2186778962781672,,T20,unknown,0.1448958782103045,0.8528655953203107,0.0,0.0108051118072529,0.0,-9.874697020558605,-6.069050282914484,3.80564673764412,3.344917262610036,0.0,0.8683187886844002,0.1124317463863769,0.1142121480504171,0.0017804016640401,2.588680503387017,6.968279603646588,False,79.23750667572023,104.31609773635864,109.24000072479248,69.51999836880714,151.53327037096025,198.88559532165527,190.33999955654144,182.43499598558992,39.72000235598534
2712823,False,B,Monterey,2.8794757462007103,-121.786918,36.853813,,,2022-10-25,T20 > T4,not a unit (sequence B/C),,,,,,,,,,,,,,,,,False,,,,,,,,,
2717335,True,A,Monterey,15.2396831089787,-121.664748,36.723944,28.08818937975243,0.3489421595687957,,T20,not_flooded,0.0,1.0,0.0183269768624459,0.0762979913551996,0.0012967200610221,-12.949059700541998,-12.199584176218645,0.7494755243233548,0.5411820331008386,0.0259293160437325,0.5594050343249425,0.3526425824064864,0.4369482528650363,0.0843056704585498,3.0,6.0,False,79.23750667572023,67.50299942493439,59.6399998664856,64.07499833405018,151.53327037096025,118.26299607753754,107.30999946594238,159.3199963029474,19.597506809234623
2725613,True,A,Monterey,31.985198058615463,-121.755104,36.832582,35.490674489446505,1.0112317037163745,,T20,not_flooded,0.0,0.8974973749534266,0.0003411350846547,0.0209568234275124,0.0,-11.713617643366128,-10.851834973723378,0.86178266964275,1.2515274106825096,0.0123389285938944,0.2599739672800646,0.220195747884783,0.2610855793783267,0.0408898314935436,3.0,7.0,False,79.23750667572023,76.29919791221619,94.5499997138977,65.42499778792262,151.53327037096025,151.43509650230408,167.00999772548676,177.3949949434027,29.125001925975084
2724013,True,A,Monterey,14.089895839457814,-121.677533,36.766122,30.07871378728141,0.4279408846450705,,T20,not_flooded,0.0,1.0,0.0050073459415736,0.0767829728227675,0.0,-13.362567606649758,-13.118000223940934,0.2445673827088246,0.9302339005612374,0.1260035326550489,0.748537689907722,0.5638417696011426,0.4221399068993273,-0.1417018627018153,3.0,7.0,False,79.23750667572023,69.93129867315292,63.12000119686127,64.07499833405018,151.53327037096025,132.36049795150757,117.75999999046326,159.3199963029474,16.11750547885896
2712756,False,B,Monterey,17.718310137614264,-121.713801,36.683784,,,2022-11-11,T20 > T30 > T30,not a unit (sequence B/C),,,,,,,,,,,,,,,,,False,,,,,,,,,
2712736,True,A,Monterey,3.0003032516365065,-121.706556,36.766008,17.309437800596054,0.7102646600940216,,T20,not_flooded,0.0,1.0,0.0,0.0396336730998085,0.0,-14.496372003456196,-14.182082937487737,0.3142890659684614,1.1156245482309457,0.2610337869302012,0.8947844983701558,0.0913663676039229,0.1356023654026357,0.0442359977987128,3.0,7.0,False,79.23750667572023,62.81339757144451,63.55000138282776,68.87999911978841,151.53327037096025,129.51649737358093,122.8800013065338,172.6099964324385,16.424109104275715
2722339,False,B,Monterey,2.0131496136805205,-121.753502,36.850924,,,2022-11-04,T20 > X,not a unit (sequence B/C),,,,,,,,,,,,,,,,,False,,,,,,,,,
2712713,False,B,Monterey,7.1041755710331325,-121.70662,36.771769,,,2023-03-03,T20 > X,not a unit (sequence B/C),,,,,,,,,,,,,,,,,False,,,,,,,,,
2712690,False,B,Monterey,13.172420666927106,-121.792279,36.865368,,,2023-01-23,T20 > X,not a unit (sequence B/C),,,,,,,,,,,,,,,,,False,,,,,,,,,
2712684,True,A,Monterey,2.099074633226522,-121.688662,36.858961,19.54956738397758,0.1243996052765113,,T20,not_flooded,0.0,1.0,0.0,0.0,0.0,-13.260148708031654,-12.161778062547432,1.0983706454842217,2.8078290925728933,0.0619482102619038,0.4460862177237635,0.2828588894468994,0.3752597132984278,0.0924008238515283,3.0,8.040486129068006,False,79.23750667572023,96.03489470481873,95.73000025749208,68.78499916661531,151.53327037096025,189.3929944038391,166.5400013923645,163.3999965954572,27.24989553820342
2712672,True,A,Monterey,8.814354667461652,-121.70432,36.73337,18.937402549948217,0.6987390575919398,,T20,not_flooded,0.0,1.0,0.0,0.002243217565713,0.0,-10.395595958882945,-9.763361170010148,0.632234788872795,1.2252504368817192,0.0,0.0207871494422745,0.1098773708138901,0.183057085301665,0.0731797144877748,3.0,7.0,False,79.23750667572023,62.81339757144451,59.81999850273132,68.87999911978841,151.53327037096025,129.51649737358093,113.22999954223631,172.6099964324385,19.417508172988903
2722342,True,A,Monterey,3.795166714744018,-121.685199,36.856186,13.734440466736531,0.3090577020821556,,T20,unknown,0.0,0.2158339456282145,0.0,0.0,0.0,-10.739480283335984,-10.483532621293383,0.2559476620425993,-0.3062999291097323,0.0208180259613029,0.1249081557678177,0.3077548542979571,0.3362542610352115,0.0284994067372543,3.0,6.672177320597601,False,79.23750667572023,91.63209509849548,95.73000025749208,68.78499916661531,151.53327037096025,192.11849355697632,166.5400013923645,163.3999965954572,26.945001090876772
2710183,False,B,Monterey,2.3539049144653235,-121.678791,36.8584,,,2023-03-04,T20 > X,not a unit (sequence B/C),,,,,,,,,,,,,,,,,False,,,,,,,,,
2724014,True,A,Monterey,14.108860420720177,-121.718539,36.798492,44.48428364612738,0.7804969959574048,,T20,unknown,0.0,0.0010708343172195,0.0,0.0413891192250454,0.0,-13.533753543219296,-12.21479876533994,1.318954777879357,1.844838985563085,0.1497246033794433,0.851165012822555,0.1345444384380167,0.2305749889040069,0.0960305504659902,3.0,7.0,False,79.23750667572023,67.2044968008995,80.08999872207642,68.87999911978841,151.53327037096025,147.39299750328064,143.81000018119812,172.6099964324385,12.88550192117691
2722344,False,B,Monterey,18.471298814192444,-121.686037,36.74105,,,2022-10-27,T20 > T30,not a unit (sequence B/C),,,,,,,,,,,,,,,,,False,,,,,,,,,
2712586,True,A,Monterey,17.292024478383603,-121.794466,36.836771,7.874263774099769,2.2170314195613754,,T20,not_flooded,0.0,1.0,0.0,0.0132460107632225,0.0,-10.504330763435329,-9.831594245550528,0.6727365178848004,0.7687729822794065,0.0,0.7011528189711861,0.3641430510146508,0.3704881252438288,0.0063450742291779,6.0,14.0,False,79.23750667572023,85.13939964771271,90.75000047683716,65.42499778792262,151.53327037096025,163.0049946308136,168.85000202059746,177.3949949434027,25.325002688914537
2722345,False,B,Monterey,18.619592005359497,-121.716276,36.783651,,,2022-10-27,T20 > X,not a unit (sequence B/C),,,,,,,,,,,,,,,,,False,,,,,,,,,
2722346,False,B,Monterey,1.0971429796193226,-121.670144,36.850656,,,2022-10-18,T20 > G6,not a unit (sequence B/C),,,,,,,,,,,,,,,,,False,,,,,,,,,
2712561,True,A,Monterey,3.14069215108232,-121.715161,36.798865,48.80270123184378,1.0448892193265555,,T20,unknown,0.0,0.0,0.0,0.0,0.0,-11.89316080679262,-11.764637343258178,0.1285234635344423,0.5522435148372562,0.0295486042367848,0.0032419322906355,0.4304996063697505,0.429832301510436,-0.0006673048593144,3.0,7.0,False,79.23750667572023,67.2044968008995,84.36000108718872,68.87999911978841,151.53327037096025,147.39299750328064,150.33999872207642,172.6099964324385,17.155504286289215
2712558,True,A,Monterey,1.5416270342159777,-121.707792,36.798773,73.29385089418425,1.6318292169179858,,T20,unknown,0.0,0.0,0.0,0.0319496855345912,0.0,-13.927312166750893,-12.382189282236196,1.5451228845146971,0.807457209071412,0.3197987421383648,0.6664654088050315,0.6209550452397304,0.5720591948962062,-0.0488958503435242,3.0,7.0,False,79.23750667572023,67.2044968008995,79.10000228881836,68.87999911978841,151.53327037096025,147.39299750328064,140.36999988555908,172.6099964324385,12.03300987482072
2725615,True,A,Monterey,102.51092851369746,-121.780181,36.704108,25.8593828189672,1.5822000275768098,,T20,not_flooded,0.0,1.0,0.031049469184247,0.0478361959162433,0.0007752723664186,-15.851112287791722,-15.453659242425134,0.3974530453665874,0.6431149205467772,0.7368513806655389,0.9853333595539272,0.1362115000276489,0.1535730208923599,0.0173615208647109,6.0,17.99845701890001,False,79.23750667572023,52.11849948763847,58.61000061035156,68.87999911978841,151.53327037096025,110.21159622073174,121.03000032901764,172.6099964324385,27.119007188081753
2712553,False,B,Monterey,11.741938766842347,-121.738517,36.689531,,,2022-10-03,T20 > T30 > T30,not a unit (sequence B/C),,,,,,,,,,,,,,,,,False,,,,,,,,,
2725616,True,A,Monterey,29.95681311845118,-121.766089,36.885087,6.680050239541154,0.2076620706808798,,T20,flooded,0.9505918589357648,0.9553179449148708,0.0,0.0038268634964767,0.0,-8.450357125841471,-2.319664270532648,6.130692855308823,5.226135130532645,0.0,0.533533505081382,0.1273371010667902,0.0844075282437174,-0.0429295728230727,3.184146810990153,7.429675892310352,False,79.23750667572023,92.34999752044678,104.87999892234802,65.42499778792262,151.53327037096025,176.18079566955566,187.3300014734268,177.3949949434027,39.4550011344254
2712541,True,A,Monterey,8.045775351918703,-121.703597,36.642949,10.725653956786578,0.1350475894746365,,T20,not_flooded,0.0,1.0,0.9111310592459604,0.9118742881411556,0.8725989845755873,-9.99930814409199,-20.79803910639815,-10.79873096230616,-3.1814389196173245,0.0001737418196559,0.0032142236636358,0.0990567999563804,0.077760272623026,-0.0212965273333544,2.0,7.0,True,79.23750667572023,68.59399959445,53.48000073432922,74.6749985376373,151.53327037096025,131.02819800376892,90.54999995231628,169.58999579306692,25.75750594139101
2725617,True,A,Monterey,2.8208228945635785,-121.715263,36.875505,44.16171559527392,1.3921050310181542,,T20,unknown,0.0,0.0274383531483927,0.0,0.0269429766622633,0.0,-11.215586622453529,-10.18117542126069,1.0344112011928388,0.6024443431878908,0.0,0.0356120651695288,0.212923981011068,0.2134311735723947,0.0005071925613266,2.0,8.0,False,79.23750667572023,96.03489470481873,107.91000032424928,65.42499778792262,151.53327037096025,189.3929944038391,183.08999955654144,177.3949949434027,42.48500253632666
2712509,True,A,Monterey,0.8275788735112276,-121.664236,36.858747,38.80684034686221,0.1858047134819057,,T20,not_flooded,0.0,1.0,0.0,0.0,0.0,-13.303778621630077,-12.6301005248831,0.6736780967469755,0.96463376586264,0.0476635514018691,0.5171962616822429,0.3222553897252149,0.4395950424866141,0.1173396527613991,3.0,7.0,False,79.23750667572023,91.63209509849548,95.90000224113464,68.78499916661531,151.53327037096025,192.11849355697632,167.2300000190735,163.3999965954572,27.115003074519336
2712502,True,A,Monterey,10.974046281273054,-121.703507,36.734855,18.723421091950325,0.8637910563291725,,T20,not_flooded,0.0,1.0,0.0,0.0,0.0,-10.01849484441295,-9.72788688587278,0.2906079585401695,0.7341818772839286,0.0,0.0320508285103793,0.1548914778938359,0.2364083080077413,0.0815168301139054,3.0,7.0,False,79.23750667572023,62.81339757144451,59.81999850273132,68.87999911978841,151.53327037096025,129.51649737358093,113.22999954223631,172.6099964324385,19.417508172988903
2712488,True,A,Monterey,1.0740833494356776,-121.722052,36.866463,15.66918100484295,0.2226669834121043,,T20,unknown,0.0,0.0,0.0,0.0,0.0,-12.690392625570302,-11.742846520200384,0.947546105369918,0.4544657088126271,0.0296328418618097,0.0160450997398091,0.3918796537062205,0.3903053784627175,-0.0015742752435029,3.0,8.0,False,79.23750667572023,96.03489470481873,103.25000143051147,65.42499778792262,151.53327037096025,189.3929944038391,176.7799986600876,177.3949949434027,37.825003642588854
2712426,False,B,Monterey,3.6132406668508943,-121.781986,36.844351,,,2022-10-27,T20 > G6,not a unit (sequence B/C),,,,,,,,,,,,,,,,,False,,,,,,,,,
2712404,True,A,Monterey,19.54634721483874,-121.674284,36.729656,16.36244185468756,0.2859135701396572,,T20,unknown,0.0,0.2692420588328627,0.0098054771046869,0.1460468695459016,0.0,-10.486148382153129,-11.053263581117989,-0.5671151989648617,-0.0339161616082872,0.0,0.0455129629041982,0.2059476752298973,0.2332545887050019,0.0273069134751046,3.0,6.176411322311426,False,79.23750667572023,69.93129867315292,59.94000029563904,64.07499833405018,151.53327037096025,132.36049795150757,110.16000032424928,159.3199963029474,19.297506380081188
2712399,True,A,Monterey,5.029417650268381,-121.78482,36.840956,16.09712916256774,2.552389618121894,,T20,unknown,0.0,0.0506550754911146,0.0,0.0114580613451702,0.0,-11.767861495293742,-10.54307194038128,1.224789554912462,1.4600396209908355,0.0025803677023975,0.4378791834979341,0.5964140194772923,0.5594507143054077,-0.0369633051718846,6.0,14.0,False,79.23750667572023,85.13939964771271,96.91000127792358,65.42499778792262,151.53327037096025,163.0049946308136,175.61999958753586,177.3949949434027,31.485003490000963
2726564,False,B,Monterey,3.425950275093282,-121.706643,36.643376,,,2022-10-03,T20 > T30 > T4,not a unit (sequence B/C),,,,,,,,,,,,,,,,,False,,,,,,,,,
2722349,True,A,Monterey,30.735420089280467,-121.699798,36.765747,18.28204290512156,1.0555804670699855,,T20,not_flooded,0.0,0.6043401762487651,0.0004007945310451,0.0576564359031236,0.0,-7.548754877856816,-6.815826990028152,0.732927887828664,0.9725210780173708,0.0044994857730545,0.4620883663715744,0.2825170216956862,0.3461105055819247,0.0635934838862384,3.0,7.0,False,79.23750667572023,62.81339757144451,64.73999905586243,68.87999911978841,151.53327037096025,129.51649737358093,124.50999975204468,172.6099964324385,16.424109104275715
2712356,True,A,Monterey,21.399299688927133,-121.723607,36.647308,10.86533540639369,1.2793230103147473,,T20,unknown,0.1921468615864977,1.0,0.103646811761623,0.1216354369272446,0.0435321776422869,-14.174452655387576,-13.967481557681111,0.2069710977064645,1.1035253163448218,0.2255016810349517,0.6903087518995512,0.1016540359054389,0.1740104265132849,0.072356390607846,2.808521595949557,7.623484439092857,False,79.23750667572023,66.03359851241112,54.339998722076416,74.6749985376373,151.53327037096025,122.2720977179706,98.13000011444092,169.58999579306692,24.89750795364381
2712332,True,A,Monterey,5.839075313833259,-121.662288,36.728059,25.060157421651954,0.108432440146465,,T20,not_flooded,0.0,1.0,0.0,0.0088189980343197,0.0,-9.115029359749142,-9.178143987808616,-0.0631146280594734,0.4793556350027312,0.0,0.008765871540137,0.3301359337164227,0.4878451914255828,0.1577092577091601,3.0,6.0,False,79.23750667572023,69.93129867315292,59.6399998664856,64.07499833405018,151.53327037096025,132.36049795150757,107.30999946594238,159.3199963029474,19.597506809234623
2712313,True,A,Monterey,25.57105926486737,-121.777888,36.741553,4.447662599319758,0.9570044708437276,,T20,not_flooded,0.0,1.0,0.0,0.019241895956839,0.0,-12.215055559454782,-11.84337444281904,0.3716811166357416,0.1700997277441072,0.003420041016258,0.2016430737353572,0.075096023269322,0.1022408528501438,0.0271448295808217,6.0,18.0,False,79.23750667572023,60.22259879112244,61.98999977111816,68.87999911978841,151.53327037096025,122.95959571003914,128.52000093460083,172.6099964324385,19.01490788459779
2712312,False,B,Monterey,2.475588397583919,-121.69392,36.848707,,,2022-11-03,T20 > T18,not a unit (sequence B/C),,,,,,,,,,,,,,,,,False,,,,,,,,,
2712306,True,A,Monterey,22.501097789027952,-121.745846,36.885815,7.495003786715545,1.5684521957921356,,T20,flooded,0.9240537248938648,1.0,0.0,0.1575450861125828,0.0,-7.9340542455703,-2.925426203045053,5.008628042525247,5.357694712094425,0.0,0.3293298837841372,0.1137637754071331,0.0505261371503123,-0.0632376382568208,2.7491416264716206,7.0,False,79.23750667572023,92.34999752044678,105.83999872207642,65.42499778792262,151.53327037096025,176.18079566955566,185.26999974250796,177.3949949434027,40.415000934153795
2712297,True,A,Monterey,5.12736300699204,-121.70652,36.691887,11.859074873064111,1.200535500867893,,T20,not_flooded,0.0,1.0,0.0038579663222233,0.1189615262417356,0.0,-12.298449064885563,-12.65279588204496,-0.3543468171593957,-0.1260853268358452,0.0,0.2392392998169357,0.0377723758504863,0.1178032846096912,0.0800309087592049,3.0,6.739277123016176,False,79.23750667572023,63.64009752869606,56.11000061035156,74.6749985376373,151.53327037096025,120.86589841917156,103.52999979257584,169.58999579306692,23.127506065368664
2712290,False,B,Monterey,9.03528990278095,-121.709776,36.770893,,,2022-11-28,T20 > T4,not a unit (sequence B/C),,,,,,,,,,,,,,,,,False,,,,,,,,,
2724017,True,A,Monterey,27.513125919977767,-121.793495,36.857322,33.09007405293193,0.8386435796805627,,T20,unknown,0.0,0.0810161683601868,0.0014511869640662,0.0139747054737309,0.0,-14.237478327539494,-13.060189566454737,1.1772887610847569,0.8848175465652215,0.2809031107711259,0.581762854676,0.1493357895397465,0.1834862638903578,0.0341504743506113,6.0,14.0,False,79.23750667572023,97.8693985939026,101.1399998664856,65.42499778792262,151.53327037096025,183.5908932685852,182.22999954223636,177.3949949434027,35.715002078562975
2712274,False,B,Monterey,13.3114002306212,-121.747701,36.796335,,,2022-10-27,T20 > T4,not a unit (sequence B/C),,,,,,,,,,,,,,,,,False,,,,,,,,,
2712270,False,B,Monterey,3.0448147989178547,-121.669472,36.889984,,,2022-10-18,T20 > G6,not a unit (sequence B/C),,,,,,,,,,,,,,,,,False,,,,,,,,,
2712266,True,A,Monterey,4.843456724642977,-121.669554,36.76287,3.912803422051321,0.1904697271036641,,T20,unknown,0.0,0.4539883190655253,0.0036642931434514,0.0380350428034242,0.0,-13.635917972262687,-13.518088063261969,0.1178299090007204,0.3343736686321321,0.1911192895431634,0.6357468597487798,0.1461204344000933,0.1770836444195628,0.0309632100194695,3.0,6.591759340747258,False,79.23750667572023,69.93129867315292,63.12000119686127,64.07499833405018,151.53327037096025,132.36049795150757,117.75999999046326,159.3199963029474,16.11750547885896
2712246,True,A,Monterey,13.671311044589093,-121.79703,36.833943,8.749148174806702,2.3425435042173026,,T20,not_flooded,0.0,1.0,0.0093712641008062,0.0370601200020396,0.0,-13.286790837391512,-12.765729043833772,0.52106179355774,1.2630903006651266,0.3265834546762833,0.7330946135061783,0.4524825072552871,0.4344385662370951,-0.018043941018192,6.0,14.0,False,79.23750667572023,85.13939964771271,90.75000047683716,65.42499778792262,151.53327037096025,163.0049946308136,168.85000202059746,177.3949949434027,25.325002688914537
2712234,False,B,Monterey,0.3413677674155522,-121.727711,36.872329,,,2023-01-22,T20 > X,not a unit (sequence B/C),,,,,,,,,,,,,,,,,False,,,,,,,,,
2722354,False,B,Monterey,16.776073889448465,-121.728164,36.873755,,,2023-01-22,T20 > X,not a unit (sequence B/C),,,,,,,,,,,,,,,,,False,,,,,,,,,
2725620,True,A,Monterey,14.012197633261554,-121.723324,36.730568,8.436789706471878,0.0758511321474228,,T20,not_flooded,0.0,1.0,0.013079173037293,0.0272995191561966,0.0001772696049103,-12.237985164953338,-11.881113462373191,0.3568717025801469,0.5793716679073775,0.1770480179042301,0.9371690044095816,0.359705133056899,0.3563828161759982,-0.0033223168809008,3.0,6.186493164040862,False,79.23750667572023,62.81339757144451,59.10000014305115,68.87999911978841,151.53327037096025,129.51649737358093,114.64999914169312,172.6099964324385,20.13750653266908
2712211,True,A,Monterey,6.337236717853068,-121.703064,36.692895,12.160759849465666,0.9974070775630398,,T20,not_flooded,0.0,0.9730513994661704,0.0031221686215931,0.0569091755026079,0.0,-12.338732768481725,-12.39570737484352,-0.0569746063617966,0.4017236680528881,0.0198227097974875,0.2635722506550431,0.0553989238470493,0.1433783967888918,0.0879794729418424,3.0,6.050983177020838,False,79.23750667572023,63.64009752869606,56.19999837875366,74.6749985376373,151.53327037096025,120.86589841917156,102.3799996972084,169.58999579306692,23.037508296966564
2712207,True,A,Monterey,0.8130196118724586,-121.673662,36.848585,100.195983445971,1.4787513498534974,,T20,not_flooded,0.0,1.0,0.0,0.2121095995401418,0.0,-10.789182089812002,-8.312862468845953,2.4763196209660485,1.2203749727960265,0.0,0.0171488790956121,0.2071372914611779,0.2753584304659228,0.0682211390047448,3.0,7.726001149645526,False,79.23750667572023,92.7891993522644,97.3200023174286,68.78499916661531,151.53327037096025,183.41999793052676,168.8300006389618,163.3999965954572,28.535003150813296
2712197,True,A,Monterey,28.121334308618483,-121.769787,36.84151,46.06031350387043,1.4000977853057337,,T20,not_flooded,0.0,0.9293559344428356,0.0014038526119916,0.0264805139752151,0.0,-15.062350403600586,-13.9123129304734,1.1500374731271847,1.3757005616126143,0.612233887350462,0.9287833827893176,0.5967607917426995,0.5755700565999312,-0.0211907351427682,5.987390100361698,13.97057690084396,False,79.23750667572023,76.29919791221619,96.33000087738036,65.42499778792262,151.53327037096025,151.43509650230408,172.1599977016449,177.3949949434027,30.905003089457736
2712153,False,B,Monterey,1.924622707569072,-121.780683,36.844811,,,2022-10-27,T20 > G6,not a unit (sequence B/C),,,,,,,,,,,,,,,,,False,,,,,,,,,
2712139,False,B,Monterey,18.567592870923885,-121.699888,36.75828,,,2023-01-23,T20 > X,not a unit (sequence B/C),,,,,,,,,,,,,,,,,False,,,,,,,,,
2716601,False,B,Monterey,48.94492032407376,-121.728228,36.695652,,,2022-11-12,T20 > T30 > T30,not a unit (sequence B/C),,,,,,,,,,,,,,,,,False,,,,,,,,,
2712088,True,A,Monterey,2.639627489061376,-121.7805,36.841329,27.559197737257573,2.280300839211214,,T20,unknown,0.0,0.2494275817530675,0.0,0.0,0.0,-14.082321520825255,-14.575442332252887,-0.4931208114276337,1.3135610657503474,0.2395350202547995,0.832707097986262,0.3743132689786988,0.4019699829249396,0.0276567139462408,6.0,14.0,False,79.23750667572023,85.13939964771271,96.91000127792358,65.42499778792262,151.53327037096025,163.0049946308136,175.61999958753586,177.3949949434027,31.485003490000963
2712084,True,A,Monterey,16.008254195976274,-121.731424,36.703466,8.405319748191069,0.9267566598176288,,T20,not_flooded,0.0,1.0,0.0024729430932154,0.0840897629853756,0.0012364715466077,-12.13543942192999,-12.01439824676062,0.1210411751693705,0.5747974132747782,0.0012364715466077,0.3608460374723611,0.0355299945188001,0.0795228443418253,0.0439928498230251,3.0,7.189146204274798,False,79.23750667572023,57.39879907667637,56.64999914169312,68.87999911978841,151.53327037096025,115.37749803066254,107.37000000476836,172.6099964324385,22.587507534027104
2712068,True,A,Monterey,35.166599501722125,-121.70715,36.905541,14.248052823367509,0.542240302488299,,T20,unknown,0.0,0.3595666632232994,0.0,0.05749251067627,0.0,-10.09840884098105,-9.365121927770604,0.7332869132104456,0.6297887052354767,0.0,0.9519452460652204,0.0847029184001527,0.1447167055322735,0.0600137871321207,2.9593895129686727,7.0,False,79.23750667572023,104.31609773635864,109.54000163078308,69.51999836880714,151.53327037096025,198.88559532165527,189.780002951622,182.43499598558992,40.020003261975944
2712053,False,B,Monterey,8.73512260138885,-121.700364,36.760283,,,2023-01-30,T20 > X,not a unit (sequence B/C),,,,,,,,,,,,,,,,,False,,,,,,,,,
2712051,True,A,Monterey,0.9830837118871244,-121.71621,36.876697,58.58532710611535,1.4728838718087305,,T20,not_flooded,0.0,0.6113777637894406,0.0,0.0,0.0,-14.319894588527976,-13.503733364312165,0.8161612242158114,1.839073712335221,0.3383429066016209,0.5725863561255802,0.1583333725635997,0.1598967010748453,0.0015633285112455,2.0,8.0,False,79.23750667572023,96.03489470481873,111.60999917984007,65.42499778792262,151.53327037096025,189.3929944038391,189.0700025558472,177.3949949434027,46.18500139191745
2712044,True,A,Monterey,12.786673307798504,-121.791339,36.831533,14.155828006706864,1.905769334750507,,T20,not_flooded,0.0,1.0,0.0352193645990922,0.0266202723146747,0.0,-15.62535235662357,-15.570028186143777,0.0553241704797944,0.2598973287158852,0.7364357034795763,0.9560242057488654,0.4115453547631558,0.3598228771979617,-0.0517224775651941,6.0,14.0,False,79.23750667572023,85.13939964771271,90.75000047683716,65.42499778792262,151.53327037096025,163.0049946308136,168.85000202059746,177.3949949434027,25.325002688914537
2712035,True,A,Monterey,19.328029514458414,-121.764138,36.843493,47.08157657057262,0.8573938394735537,,T20,not_flooded,0.0,1.0,0.0,0.0128003206091574,0.0,-13.850860575027909,-12.373349991752574,1.4775105832753344,2.0283063089578803,0.2162588918945998,0.8817593427512276,0.2917506250397212,0.3501801019511667,0.0584294769114455,3.0,7.0,False,79.23750667572023,76.29919791221619,96.53000068664552,65.42499778792262,151.53327037096025,151.43509650230408,170.6199996471405,177.3949949434027,31.1050028987229
2712028,True,A,Monterey,12.452429311744352,-121.684917,36.675343,11.343180473774174,1.7300918280810835,,T20,not_flooded,0.0,1.0,0.0260101025829476,0.073502207993622,0.0,-13.221796080508971,-13.212762973728978,0.0090331067799933,0.0425475849397436,0.0635304229755906,0.620424408139368,0.0663129866920589,0.1839895544212546,0.1176765677291957,3.0,6.681893206604672,False,79.23750667572023,69.76359924674034,54.40000009536743,69.01499871443957,151.53327037096025,122.12019801139832,93.00000047683716,159.37999580148607,24.837506580352795
2712009,True,A,Monterey,1.0068047342679542,-121.666504,36.76945,18.120504632552024,0.0779728337913823,,T20,not_flooded,0.0,1.0,0.0014639032282918,0.0707296401879959,0.0,-14.631161200497075,-13.140190018714666,1.4909711817824114,1.5009684774585796,0.4251483165112875,0.4098929039217198,0.3939975023623265,0.4931503901777194,0.0991528878153928,3.0,7.228831188843517,False,79.23750667572023,69.93129867315292,65.94000053405762,64.07499833405018,151.53327037096025,132.36049795150757,122.19000005722046,159.3199963029474,15.162508341670048
2712005,False,B,Monterey,3.917658849691149,-121.667421,36.90995,,,2022-10-27,T20 > X,not a unit (sequence B/C),,,,,,,,,,,,,,,,,False,,,,,,,,,
2711997,True,A,Monterey,1.765202133910241,-121.711197,36.863031,19.642476694870563,0.2903294631868889,,T20,unknown,0.0,0.0,0.0224294133169144,0.013677544199138,0.0,-13.619066403961028,-12.384686046983443,1.2343803569775833,0.9577445728320022,0.0798663031049344,0.7405224733925588,0.1162773089820717,0.2241798676127692,0.1079025586306974,2.249714134928314,7.0,False,79.23750667572023,96.03489470481873,99.21000027656557,65.42499778792262,151.53327037096025,189.3929944038391,169.76999819278717,177.3949949434027,33.785002488642945
2711948,False,B,Monterey,9.638979932028674,-121.698834,36.760664,,,2022-10-27,T20 > G6,not a unit (sequence B/C),,,,,,,,,,,,,,,,,False,,,,,,,,,
2722356,False,B,Monterey,10.431615996611534,-121.785674,36.837113,,,2022-12-06,T20 > T4,not a unit (sequence B/C),,,,,,,,,,,,,,,,,False,,,,,,,,,
2711935,True,A,Monterey,2.6524994691645083,-121.773854,36.836907,17.83342777503348,1.9887424974546304,,T20,not_flooded,0.0,1.0,0.0,0.0,0.0,-12.551576164909305,-11.124511018801604,1.4270651461077009,0.8351032072160081,0.0671543525969275,0.5378200438917338,0.3513703406511124,0.4061754880225302,0.0548051473714177,6.0,14.0,False,79.23750667572023,85.13939964771271,96.33000087738036,65.42499778792262,151.53327037096025,163.0049946308136,172.1599977016449,177.3949949434027,30.905003089457736
2722357,False,B,Monterey,23.336404339602925,-121.766975,36.843145,,,2022-10-11,T20 > G6,not a unit (sequence B/C),,,,,,,,,,,,,,,,,False,,,,,,,,,
2711908,False,B,Monterey,2.415579813789674,-121.691847,36.849516,,,2022-11-03,T20 > G6,not a unit (sequence B/C),,,,,,,,,,,,,,,,,False,,,,,,,,,
2711896,False,B,Monterey,5.15886696084359,-121.784217,36.844144,,,2022-10-27,T20 > G6,not a unit (sequence B/C),,,,,,,,,,,,,,,,,False,,,,,,,,,
2711866,False,B,Monterey,3.701125287945872,-121.671975,36.730416,,,2022-11-03,T20 > X,not a unit (sequence B/C),,,,,,,,,,,,,,,,,False,,,,,,,,,
2711856,True,A,Monterey,9.30085710484508,-121.738495,36.789413,15.85059524507638,0.0872462954085502,,T20,not_flooded,0.0,1.0,0.0,0.04675584448056,0.0,-11.814399753484713,-11.488042926811683,0.3263568266730257,0.0882999923223835,0.0352960786765012,0.3478934866858357,0.0663696470376668,0.0984838650471791,0.0321142180095122,3.0,7.0,False,79.23750667572023,61.84649868309498,73.71000051498413,68.87999911978841,151.53327037096025,132.33949756622314,138.32999897003174,172.6099964324385,17.391007992625248
2711855,False,B,Monterey,8.947716634598317,-121.704769,36.763743,,,2023-01-22,T20 > X,not a unit (sequence B/C),,,,,,,,,,,,,,,,,False,,,,,,,,,
2725626,True,A,Monterey,20.03978048694164,-121.749513,36.715662,7.209513095824022,0.5437889405796509,,T20,not_flooded,0.0,1.0,0.0,0.0588940866018951,0.0,-12.891099471481864,-12.534983030717722,0.3561164407641417,0.5999579021203072,0.0263613042519356,0.6201735752397977,0.0986917410561095,0.2018154611593755,0.103123720103266,3.0,9.0,False,79.23750667572023,57.39879907667637,58.359999656677246,68.87999911978841,151.53327037096025,115.37749803066254,116.56999933719636,172.6099964324385,21.838707599043857
2716616,False,B,Monterey,24.865149019254076,-121.777528,36.79025,,,2022-11-04,T20 > T4,not a unit (sequence B/C),,,,,,,,,,,,,,,,,False,,,,,,,,,
2722360,False,B,Monterey,14.969953418619404,-121.737063,36.899791,,,2023-01-31,T20 > G6,not a unit (sequence B/C),,,,,,,,,,,,,,,,,False,,,,,,,,,
2716618,True,A,Monterey,15.527534632735414,-121.707378,36.693678,11.442820892119515,1.046959761487021,,T20,not_flooded,0.0,1.0,0.0,0.0714292853573213,0.0,-8.853823157161806,-8.42621924341661,0.4276039137451963,0.3493576428204381,0.0,0.5907446276861569,0.1319558825721403,0.2225849893937136,0.0906291068215733,3.0,6.0,False,79.23750667572023,63.64009752869606,56.11000061035156,74.6749985376373,151.53327037096025,120.86589841917156,103.52999979257584,169.58999579306692,23.127506065368664
2711817,True,A,Monterey,15.04733424958454,-121.67743,36.746014,26.579729397850897,1.601036724753965,,T20,not_flooded,0.0,1.0,0.0145176163907907,0.099778990155016,0.001313694882772,-13.445754503739254,-12.682429926417356,0.7633245773218977,1.2548964918453738,0.1768748486675012,0.7759815361472162,0.6679752131998201,0.5621587436863801,-0.10581646951344,3.0,6.70970949311985,False,79.23750667572023,69.93129867315292,62.33000040054321,64.07499833405018,151.53327037096025,132.36049795150757,116.92999839782716,159.3199963029474,16.907506275177013
2711771,True,A,Monterey,0.6094358487819813,-121.649841,36.856177,35.748787901180016,0.1388655217318048,,T20,not_flooded,0.0,1.0,0.090094701817251,0.0,0.0,-12.242555238720836,-13.09092163933174,-0.8483664006109048,-1.1030432979783331,0.0,0.0,0.5277825072617491,0.55400608031073,0.0262235730489808,3.0,6.152546711031483,False,79.23750667572023,91.63209509849548,93.51999926567078,68.78499916661531,151.53327037096025,192.11849355697632,162.8399977684021,163.3999965954572,24.73500009905547
2722362,False,B,Monterey,3.608169390112531,-121.668884,36.850707,,,2023-01-22,T20 > X,not a unit (sequence B/C),,,,,,,,,,,,,,,,,False,,,,,,,,,
2716623,False,B,Monterey,20.769230072917185,-121.737089,36.741364,,,2022-11-04,T20 > T4,not a unit (sequence B/C),,,,,,,,,,,,,,,,,False,,,,,,,,,
2711735,True,A,Monterey,7.715813104233132,-121.723144,36.869235,20.21595658449099,0.517018270866457,,T20,unknown,0.0,0.0051113471907634,0.0014231594138988,0.0254865802080618,0.0,-8.019083339733616,-6.744312155646072,1.2747711840875438,1.3850817202122556,0.0,0.0895487983322977,0.229117011447282,0.3037211169432183,0.0746041054959363,2.0916835374531457,7.270009420914429,False,79.23750667572023,96.03489470481873,103.25000143051147,65.42499778792262,151.53327037096025,189.3929944038391,176.7799986600876,177.3949949434027,37.825003642588854
2725629,True,A,Monterey,22.639155330123828,-121.670854,36.73982,29.92256679918038,1.4155818602414325,,T20,unknown,0.0,0.0270449813719044,0.0083689458689458,0.079169406092483,0.0008731919789612,-15.381818279276498,-14.495776301277877,0.8860419779986213,1.543466169203164,0.6447683815472276,0.9214298433048432,0.664116478783956,0.5662261242199107,-0.0978903545640452,3.0,6.13609467455621,False,79.23750667572023,69.93129867315292,62.05999922752381,64.07499833405018,151.53327037096025,132.36049795150757,115.05999946594238,159.3199963029474,17.177507448196415
2717364,False,B,Monterey,2.124214928468356,-121.704287,36.864601,,,2022-11-28,T20 > T4,not a unit (sequence B/C),,,,,,,,,,,,,,,,,False,,,,,,,,,
2722365,True,A,Monterey,7.946419300497416,-121.765113,36.83357,36.77798362216773,1.6207267834957837,,T20,not_flooded,0.0,1.0,0.0,0.0,0.0,-12.336976920969551,-9.56673904674033,2.770237874229222,3.4307734301718096,0.0203280158258378,0.0650477016478751,0.4500266538886143,0.4371734051281457,-0.0128532487604685,3.0,7.0,False,79.23750667572023,76.29919791221619,91.54000115394592,65.42499778792262,151.53327037096025,151.43509650230408,165.06999844312668,177.3949949434027,26.115003366023302
2725631,True,A,Monterey,43.90095419225089,-121.776393,36.700673,26.168399921084475,1.9590661126008664,,T20,not_flooded,0.0,1.0,0.0099317797516083,0.0351738017283876,4.7706467406764775e-05,-16.045283927054562,-14.916867327442526,1.128416599612036,0.9734410334860328,0.8336051424038051,0.9706163498898336,0.180787690114094,0.2235738976290497,0.0427862075149557,6.0,18.0,False,79.23750667572023,52.11849948763847,59.45000076293945,68.87999911978841,151.53327037096025,110.21159622073174,122.15000081062315,172.6099964324385,27.119007188081753
2711697,False,B,Monterey,2.077092493730444,-121.783372,36.84353,,,2022-10-27,T20 > G6,not a unit (sequence B/C),,,,,,,,,,,,,,,,,False,,,,,,,,,
2724019,True,A,Monterey,1.8220556645071588,-121.678095,36.853825,68.52054570187607,0.7849243993555526,,T20,not_flooded,0.0,1.0,0.0,0.0,0.0,-9.894603408321336,-10.453123316046478,-0.5585199077251417,-0.3449397696151841,0.0,0.0,0.4802412505913516,0.5403700992281489,0.0601288486367973,3.0,5.461224836490274,False,79.23750667572023,91.63209509849548,95.73000025749208,68.78499916661531,151.53327037096025,192.11849355697632,166.5400013923645,163.3999965954572,26.945001090876772
2711685,True,A,Monterey,6.096253372339048,-121.726426,36.818383,44.67280589687646,1.6234851376007722,,T20,unknown,0.0,0.0,0.0011429442243218,0.0213730569948186,0.0,-13.773656842287624,-12.791386320119836,0.982270522167786,1.223533906980899,0.2394595143756984,0.6562404754647972,0.1532528991291052,0.2252485001472775,0.0719956010181722,3.0,7.0,False,79.23750667572023,84.8016973733902,85.6100025177002,65.42499778792262,151.53327037096025,168.91129660606384,152.71000003814697,177.3949949434027,20.185004729777575
2725632,True,A,Monterey,18.05113017483404,-121.744467,36.717302,5.513269415089649,1.0089995451061755,,T20,flooded,0.5998005450622006,1.0,0.5158919160569823,0.5492447363669971,0.4891245475725818,-11.298559860768496,-17.09910936628673,-5.800549505518234,-0.6146409906168717,0.0008339279726953,0.1222650171514052,0.0676691422379672,0.067170758472156,-0.0004983837658111,3.0,9.0,True,79.23750667572023,57.39879907667637,58.05000114440918,68.87999911978841,151.53327037096025,115.37749803066254,114.48000013828278,172.6099964324385,21.838707599043857
2711678,True,A,Monterey,1.88336439478075,-121.741007,36.844757,40.166500065159966,0.5502051387389073,,T20,unknown,0.0,0.271888641792274,0.0,0.0062185981385388,0.0,-13.812135761385049,-11.660290961991793,2.1518447993932543,2.3059446605246894,0.1575240919199406,0.4043736100815417,0.2015435655630701,0.3726686314374304,0.1711250658743602,3.0,7.0,False,79.23750667572023,76.29919791221619,102.02000093460084,65.42499778792262,151.53327037096025,151.43509650230408,175.0899999141693,177.3949949434027,36.59500314667822
2716632,False,B,Monterey,51.425439996631695,-121.784854,36.846756,,,2022-11-11,T20 > T4,not a unit (sequence B/C),,,,,,,,,,,,,,,,,False,,,,,,,,,
2722366,True,A,Monterey,35.60927960312849,-121.667615,36.734554,30.9859475541518,0.8302937686789429,,T20,unknown,0.0,0.4879693373177987,0.0139710219370509,0.0382021151330609,0.0005550102187175,-15.024446953005098,-14.371422535958969,0.6530244170461312,1.590825860939388,0.5009086932012334,0.9432322489231711,0.249198344905145,0.3619950189759525,0.1127966740708074,3.0,6.351230055000424,False,79.23750667572023,69.93129867315292,60.999998807907104,64.07499833405018,151.53327037096025,132.36049795150757,111.78000044822691,159.3199963029474,18.23750786781312
2725633,True,A,Monterey,26.163773284060102,-121.778005,36.695836,28.64372021912465,2.0032689335117206,,T20,not_flooded,0.0,1.0,0.0022209373007753,0.0597399516671855,0.0,-17.037843760592313,-16.112446550624234,0.9253972099680788,0.795061088648211,0.9333155421133006,0.9940725585257008,0.1417433082735958,0.198432395739092,0.0566890874654962,6.0,18.0,False,79.23750667572023,52.11849948763847,58.73000192642212,74.6749985376373,151.53327037096025,110.21159622073174,119.07999897003174,169.58999579306692,27.119007188081753
2711635,True,A,Monterey,2.657063374349028,-121.715506,36.784813,20.883512649052552,1.3048584302144552,,T20,not_flooded,0.0,0.5703628150954392,0.0,0.0,0.0,-13.940346315173125,-13.499110410955394,0.4412359042177289,-0.6428808554228045,0.3228908640536208,0.5879644470348243,0.1100392542916301,0.1389277469601824,0.0288884926685523,3.0,7.865306717179077,False,79.23750667572023,67.2044968008995,74.39999914169312,68.87999911978841,151.53327037096025,147.39299750328064,135.51999950408936,172.6099964324385,12.03300987482072
2711632,True,A,Monterey,1.9599238895909277,-121.738361,36.845261,51.113978950375504,0.7691807531357447,,T20,unknown,0.0,0.0,0.0,0.0,0.0,-13.623709409197536,-11.143105506562986,2.4806039026345506,2.757307610074532,0.0641010459838168,0.7888691533451746,0.2235629290683465,0.3642170546051074,0.1406541255367608,3.0,7.0,False,79.23750667572023,76.29919791221619,102.02000093460084,65.42499778792262,151.53327037096025,151.43509650230408,175.0899999141693,177.3949949434027,36.59500314667822
2722368,False,B,Monterey,3.60982037276592,-121.725737,36.871637,,,2023-01-22,T20 > X,not a unit (sequence B/C),,,,,,,,,,,,,,,,,False,,,,,,,,,
2725634,True,A,Monterey,34.86869942160124,-121.681149,36.634755,13.729228001897834,0.3893025336588253,,T20,not_flooded,0.0017038279334237,1.0,0.0108154097316415,0.0456091351903944,0.0005835332268719,-13.426033688827143,-12.926297967814776,0.4997357210123674,0.994843218925725,0.0742512622803676,0.4937114272287293,0.10644322540281,0.1739783976080144,0.0675351722052044,2.0,6.975850187866513,False,79.23750667572023,71.37129786610603,53.81999921798706,69.01499871443957,151.53327037096025,131.64919638633728,89.26999926567078,159.37999580148607,25.417507457733166
2716637,False,B,Monterey,15.115164998045367,-121.710041,36.874561,,,2022-11-04,T20 > X,not a unit (sequence B/C),,,,,,,,,,,,,,,,,False,,,,,,,,,
2717367,True,A,Monterey,3.630475800127893,-121.705849,36.644614,10.940708650902168,0.3361192563464982,,T20,not_flooded,0.0,1.0,0.0,0.0155979942387709,0.0,-13.219713519853466,-10.044027275361731,3.1756862444917324,2.8988508282265784,0.0010242184999466,0.6963618905366481,0.1905349312263709,0.1723324441388655,-0.0182024870875054,2.0,7.0,False,79.23750667572023,68.59399959445,53.32000017166138,74.6749985376373,151.53327037096025,131.02819800376892,92.58999943733215,169.58999579306692,25.91750650405885
2711589,True,A,Monterey,6.381021513661621,-121.707593,36.772949,29.492901623523743,1.4152732116844884,,T20,unknown,0.0,0.0,0.0,0.0183258138068209,0.0,-13.819093373478498,-12.590187997004476,1.2289053764740228,1.7369805913683989,0.2809149565807984,0.7546087420559837,0.1146715774568135,0.2040507400713179,0.0893791626145044,3.0,7.0,False,79.23750667572023,67.2044968008995,67.62000036239624,68.87999911978841,151.53327037096025,147.39299750328064,131.5400004386902,172.6099964324385,12.03300987482072
2711564,False,B,Monterey,2.832494151433163,-121.710476,36.875785,,,2023-02-07,T20 > X,not a unit (sequence B/C),,,,,,,,,,,,,,,,,False,,,,,,,,,
2722373,True,A,Monterey,10.422754812499472,-121.787107,36.871071,3.776723961324575,0.8792668783311463,,T20,unknown,0.2275094538673561,0.3132666176328555,0.4347961753627387,0.4198185748991464,0.3488978536563621,-12.219949672614094,-14.385772946932752,-2.165823274318658,2.614417375054934,0.0,0.4237041329559216,0.0867830261387939,0.0825991501272917,-0.0041838760115022,6.0,14.0,True,79.23750667572023,97.8693985939026,104.44999861717224,65.42499778792262,151.53327037096025,183.5908932685852,186.16000068187716,177.3949949434027,39.02500082924962
2711518,True,A,Monterey,12.376548256879415,-121.753176,36.700933,7.730658633910839,0.2858827862448063,,T20,not_flooded,0.0,1.0,0.0207788788807611,0.0446479500053279,0.0,-14.86967641781474,-14.362436869339476,0.5072395484752636,0.359961480543939,0.4277377661608279,0.7768605401881693,0.1391787307652895,0.2104543936134571,0.0712756628481676,3.0,9.0,False,79.23750667572023,57.39879907667637,57.619998931884766,68.87999911978841,151.53327037096025,115.37749803066254,113.94999849796297,172.6099964324385,21.838707599043857
2711515,True,A,Monterey,16.869856433635086,-121.75434,36.745768,4.440694906829315,0.885938532497879,,T20,not_flooded,0.0,1.0,0.0,0.0888668101782855,0.0,-10.251193721043888,-9.909672931714734,0.3415207893291523,0.1983715716051204,0.0,0.4407278614928888,0.1391865912067204,0.2416716166340566,0.1024850254273362,3.0,9.0,False,79.23750667572023,60.21640041237697,61.96999931335449,68.87999911978841,151.53327037096025,124.70359752327204,125.0499997138977,172.6099964324385,19.021106263343256
2711508,True,A,Monterey,24.91191956753202,-121.681789,36.744148,23.67937097371176,1.7165662739545533,,T20,not_flooded,0.0,1.0,0.0031755519856539,0.0341029376969153,0.0,-13.051294713253196,-12.169218164708534,0.8820765485446636,1.0556081567768842,0.0539843837561176,0.4869366508511724,0.3365626294289762,0.3837127308004769,0.0471501013715007,3.0,6.315422597476992,False,79.23750667572023,69.93129867315292,61.12999963760376,64.07499833405018,151.53327037096025,132.36049795150757,113.70000004768372,159.3199963029474,18.107507038116466
2711498,False,B,Monterey,4.042944250669408,-121.675249,36.851733,,,2022-10-26,T20 > G6,not a unit (sequence B/C),,,,,,,,,,,,,,,,,False,,,,,,,,,
2711479,False,B,Monterey,3.4494937025490877,-121.782657,36.844325,,,2022-10-27,T20 > G6,not a unit (sequence B/C),,,,,,,,,,,,,,,,,False,,,,,,,,,
2711467,False,B,Monterey,0.7887947535822275,-121.781485,36.842777,,,2022-10-27,T20 > G6,not a unit (sequence B/C),,,,,,,,,,,,,,,,,False,,,,,,,,,
2711443,False,B,Monterey,5.226167825389636,-121.703288,36.765286,,,2023-01-23,T20 > X,not a unit (sequence B/C),,,,,,,,,,,,,,,,,False,,,,,,,,,
2711439,True,A,Monterey,1.921739527284276,-121.661088,36.855422,66.24504294930486,0.5553891992657173,,T20,not_flooded,0.0,1.0,0.0,0.0824080429603908,0.0,-8.788284720940363,-7.516152675377631,1.2721320455627314,1.9424522276999372,0.0,0.0604029555456857,0.1607830721666716,0.2825794824085329,0.1217964102418613,3.0,7.722089877659789,False,79.23750667572023,91.63209509849548,99.08000016212463,68.78499916661531,151.53327037096025,192.11849355697632,171.910001039505,163.3999965954572,30.295000995509326
2717370,True,A,Monterey,2.827205779821485,-121.683267,36.849794,70.63197980691938,0.911553842984203,,T20,unknown,0.0,0.0,0.0,0.0177954483136824,0.0,-13.90888792708269,-12.8705992064839,1.038288720598791,0.8358624966668291,0.1680559363860706,0.7418426103646829,0.121025749216684,0.1870797918962882,0.0660540426796042,3.0,6.0,False,79.23750667572023,92.7891993522644,97.3200023174286,68.78499916661531,151.53327037096025,183.41999793052676,168.8300006389618,163.3999965954572,28.535003150813296
2711428,True,A,Monterey,10.960907937028606,-121.709757,36.77319,28.1297021444543,1.4206891918011093,,T20,unknown,0.0,0.0,0.0,0.0564628398193754,0.0,-13.147600498043786,-12.44092585979329,0.7066746382504956,0.7597427922157145,0.1033220501876205,0.6246881823770927,0.1933651324412766,0.2730281241711711,0.0796629917298945,3.0,7.0,False,79.23750667572023,67.2044968008995,67.13000082969666,68.87999911978841,151.53327037096025,147.39299750328064,131.63000082969666,172.6099964324385,12.107505846023571
2711415,True,A,Monterey,3.877177071235118,-121.734842,36.847143,79.82932743009076,1.1445523964168522,,T20,unknown,0.0,0.0,0.024644096183754,0.0152530206962555,0.0,-14.21380681871756,-13.131408706307557,1.0823981124100044,1.428465752329231,0.2888503409498744,0.5330382422139809,0.1172752805587051,0.2515605891144731,0.134285308555768,2.0,7.0,False,79.23750667572023,76.29919791221619,102.02000093460084,65.42499778792262,151.53327037096025,151.43509650230408,175.0899999141693,177.3949949434027,36.59500314667822
2711408,False,B,Monterey,0.9988032496000894,-121.780994,36.842877,,,2022-10-27,T20 > G6,not a unit (sequence B/C),,,,,,,,,,,,,,,,,False,,,,,,,,,
2711400,False,B,Monterey,9.305463397774512,-121.680776,36.653978,,,2022-10-10,T20 > T30 > T30,not a unit (sequence B/C),,,,,,,,,,,,,,,,,False,,,,,,,,,
2711383,False,B,Monterey,1.8151481257110575,-121.719605,36.802637,,,2023-01-30,T20 > X,not a unit (sequence B/C),,,,,,,,,,,,,,,,,False,,,,,,,,,
2711357,True,A,Monterey,25.44485523830774,-121.776343,36.743618,4.104100730891929,1.218836474856904,,T20,not_flooded,0.0,1.0,0.0007767286018885,0.027243374961925,0.0,-11.55890846485514,-10.763969999863413,0.7949384649917288,0.658932523088172,0.0,0.1371915930551324,0.0707230838263158,0.1023267196794671,0.0316036358531513,6.0,18.0,False,79.23750667572023,60.22259879112244,61.98999977111816,68.87999911978841,151.53327037096025,122.95959571003914,128.52000093460083,172.6099964324385,19.01490788459779
2711346,True,A,Monterey,2.04188399784352,-121.733987,36.847826,86.4829925694787,1.2514304004889647,,T20,unknown,0.0,0.0,0.0,0.0,0.0,-13.62146583303331,-12.079287901734688,1.5421779312986228,0.8280966384361417,0.1072486893093229,0.4421396550414102,0.2284800369488089,0.3541602473911222,0.1256802104423133,2.0,7.0,False,79.23750667572023,76.29919791221619,102.02000093460084,65.42499778792262,151.53327037096025,151.43509650230408,175.0899999141693,177.3949949434027,36.59500314667822
2722377,True,A,Monterey,7.922980132111333,-121.707892,36.877882,87.05612700933995,1.9410183704016477,,T20,unknown,0.0,0.0,0.0,0.0121317496288192,0.0,-13.771405511194368,-12.738860731298868,1.032544779895499,0.9753988075107998,0.3642552942095802,0.6965206689067748,0.1024479998713438,0.1587748262151411,0.0563268263437972,2.0,8.91494100179729,False,79.23750667572023,96.03489470481873,114.69999885559082,65.42499778792262,151.53327037096025,189.3929944038391,192.58999967575076,177.3949949434027,49.2750010676682
2711325,True,A,Monterey,0.8229619940585153,-121.708906,36.861866,7.576595583786048,0.160841006229864,,T20,not_flooded,0.0,1.0,0.0,0.0,0.0,-11.368092490903516,-9.93848631906279,1.4296061718407262,1.1264116610044113,0.0,0.023845146811296,0.1199410488490765,0.2070218356431077,0.0870807867940311,3.0,7.0,False,79.23750667572023,96.03489470481873,99.21000027656557,65.42499778792262,151.53327037096025,189.3929944038391,169.76999819278717,177.3949949434027,33.785002488642945
2711313,True,A,Monterey,2.197143631597433,-121.741747,36.844497,39.45909552558304,0.4806971930791348,,T20,not_flooded,0.0,0.5827261795288958,0.0,0.0,0.0,-13.91358650167884,-12.035667173626996,1.877919328051842,1.5133723081254438,0.0810285067553228,0.4600339534554714,0.1930730814909891,0.3747792543087498,0.1817061728177607,3.0,7.0,False,79.23750667572023,76.29919791221619,102.02000093460084,65.42499778792262,151.53327037096025,151.43509650230408,175.0899999141693,177.3949949434027,36.59500314667822
2722378,True,A,Monterey,14.932608840824882,-121.766682,36.868401,48.62980941940333,1.7021302912611211,,T20,unknown,0.0,0.3405708772712419,0.0190620931475016,0.0768137516792796,0.0,-14.18927499976404,-13.768414895528338,0.4208601042357021,1.4626176162516948,0.2401616258020343,0.7250182840485291,0.5955676090724366,0.5292369033782188,-0.0663307056942177,3.0,7.0,False,79.23750667572023,92.34999752044678,106.87000274658205,65.42499778792262,151.53327037096025,176.18079566955566,187.42000102996823,177.3949949434027,41.445004958659425
2711307,True,A,Monterey,5.263433733625414,-121.790428,36.824949,10.010660320920296,1.3741634884813057,,T20,not_flooded,0.0,1.0,0.0037600636999026,0.0601167831549146,0.0,-16.33646047478448,-15.022890223897104,1.313570250887377,1.778504795825599,0.8843374915214249,0.9661741720487186,0.4200673006109573,0.3946294760657634,-0.0254378245451938,6.0,14.0,False,79.23750667572023,85.13939964771271,87.9800009727478,65.42499778792262,151.53327037096025,163.0049946308136,165.24000042676926,177.3949949434027,22.555003184825182
2722379,True,A,Monterey,22.200284529200736,-121.659098,36.912608,21.71540318042172,0.2195697586146299,,T20,unknown,0.0,0.0,0.0071102684126325,0.0088878355157907,0.0,-12.655423799847874,-12.382371646974732,0.2730521528731415,0.6531183202803668,0.013331753273686,0.3661474544193456,0.0588970509283942,0.1721624357339598,0.1132653848055655,2.966226225039996,8.0,False,79.23750667572023,107.0259974002838,107.55000066757202,66.27499858662486,151.53327037096025,207.3426961898804,188.8800001144409,167.63999602384865,41.27500208094716
2717371,True,A,Monterey,2.017837326612885,-121.703976,36.865775,52.621722327240754,0.5953432373146234,,T20,unknown,0.0,0.1397490503050535,0.0,0.0,0.0,-8.225375865922928,-7.182230339625487,1.0431455262974412,1.5815964421120148,0.0,0.0080963892406277,0.3610422896680635,0.4997610869306015,0.138718797262538,3.0,7.0,False,79.23750667572023,96.03489470481873,99.21000027656557,65.42499778792262,151.53327037096025,189.3929944038391,169.76999819278717,177.3949949434027,33.785002488642945
2711280,True,A,Monterey,4.369738833262457,-121.706241,36.76668,21.16943268306525,0.7892896621941786,,T20,not_flooded,0.0,0.923066001739223,0.0226276465472873,0.1052052460645642,0.0090510586189149,-12.668941837702173,-12.104389784048577,0.564552053653598,1.081538207459788,0.0696044154968321,0.4847995456723518,0.1025392512568569,0.1399561875950893,0.0374169363382323,3.0,7.0,False,79.23750667572023,62.81339757144451,63.55000138282776,68.87999911978841,151.53327037096025,129.51649737358093,122.8800013065338,172.6099964324385,16.424109104275715
2711279,True,A,Monterey,11.18211232115896,-121.708618,36.767498,17.04571979481355,0.8030262955825421,,T20,not_flooded,0.0,0.5596095086987549,0.0176330795186065,0.0459568630439753,0.0,-10.813219348782525,-10.62148164423615,0.1917377045463748,0.9012229031562332,0.0404279053010094,0.4048818341174108,0.0864759502897481,0.1206648079967432,0.034188857706995,3.0,7.0,False,79.23750667572023,62.81339757144451,63.55000138282776,68.87999911978841,151.53327037096025,129.51649737358093,122.8800013065338,172.6099964324385,16.424109104275715
2711266,True,A,Monterey,5.142042571055012,-121.782882,36.842099,23.54474352085477,2.458237391418714,,T20,unknown,0.0,0.0,0.0007811443765115,0.035707311210924,0.0,-11.082862967509442,-9.91121864862958,1.1716443188798618,1.277226050878891,0.0,0.5163814988958825,0.3524698177483357,0.3783451372629375,0.0258753195146017,6.0,14.0,False,79.23750667572023,85.13939964771271,96.91000127792358,65.42499778792262,151.53327037096025,163.0049946308136,175.61999958753586,177.3949949434027,31.485003490000963
2711257,True,A,Monterey,10.873635983133992,-121.753196,36.694205,5.247797396522468,0.0991847954419452,,T20,not_flooded,0.0,1.0,0.0,0.0561986890063409,0.0,-14.196855819749532,-13.81844474596392,0.3784110737856121,0.3550204340845209,0.2361286457107397,0.7617957332077976,0.0828828729199622,0.1279906433708784,0.0451077704509162,3.0,9.0,False,79.23750667572023,57.39879907667637,59.209999084472656,74.6749985376373,151.53327037096025,115.37749803066254,119.01999866962431,169.58999579306692,21.838707599043857
2711249,True,A,Monterey,2.5840113023004454,-121.660229,36.85378,73.45394203149401,0.7378982179815817,,T20,not_flooded,0.0,1.0,0.0,0.0,0.0,-10.691601026196224,-9.49877681370217,1.1928242124940542,0.9856179146291276,0.0,0.6143935100957377,0.1084808657361529,0.2280220212653461,0.1195411555291931,3.0,7.76465149572012,False,79.23750667572023,91.63209509849548,99.08000016212463,68.78499916661531,151.53327037096025,192.11849355697632,171.910001039505,163.3999965954572,30.295000995509326
2711220,True,A,Monterey,1.1119111141920877,-121.697491,36.814204,75.84376536351144,3.1369369169792725,,T20,not_flooded,0.0,0.9111265164644714,0.0,0.0,0.0,-14.874652210695574,-14.054487011272109,0.8201651994234673,0.0227087390414748,0.4672443674176775,0.3065511265164644,0.324810888627786,0.3380155267707188,0.0132046381429327,3.0,6.0,False,79.23750667572023,84.8016973733902,89.99999809265137,68.78499916661531,151.53327037096025,168.91129660606384,162.97999954223633,163.3999965954572,21.21499892603606
2711217,True,A,Monterey,2.926813566998513,-121.712158,36.862992,17.13077816909024,0.2859957675538195,,T20,unknown,0.0,0.0,0.0,0.0591017173051519,0.0,-14.30925152295603,-12.9982597262789,1.310991796677131,1.5714418122142746,0.4281638044914135,0.6316512549537648,0.085667599346907,0.156134676295511,0.070467076948604,2.5094848084544257,7.0,False,79.23750667572023,96.03489470481873,99.21000027656557,65.42499778792262,151.53327037096025,189.3929944038391,169.76999819278717,177.3949949434027,33.785002488642945
2711170,True,A,Monterey,1.090110721423271,-121.661561,36.855839,59.30597135981254,0.5090385998461577,,T20,not_flooded,0.0,1.0,0.0,0.0,0.0,-8.9010178605914,-7.786611070111044,1.1144067904803563,1.4087952884915378,0.0,0.2462226005533092,0.1607668477165333,0.3056623125220897,0.1448954648055564,3.0,7.085550117046181,False,79.23750667572023,91.63209509849548,99.08000016212463,68.78499916661531,151.53327037096025,192.11849355697632,171.910001039505,163.3999965954572,30.295000995509326
2711160,False,B,Monterey,0.7407400379530158,-121.783843,36.842465,,,2022-10-27,T20 > G6,not a unit (sequence B/C),,,,,,,,,,,,,,,,,False,,,,,,,,,
2711157,True,A,Monterey,17.602956581433006,-121.683819,36.7403,22.91398896493033,1.469023538541464,,T20,not_flooded,0.0,1.0,0.0033675221199982,0.0244310428313597,0.0011225073733327,-14.679228362873094,-13.49216461479871,1.187063748074383,2.339429090698765,0.4316547079279834,0.6946295725668004,0.1656818241021011,0.3025173685002003,0.1368355443980991,3.0,6.002790861469384,False,79.23750667572023,69.93129867315292,61.12999963760376,64.07499833405018,151.53327037096025,132.36049795150757,113.70000004768372,159.3199963029474,18.107507038116466
2711156,False,B,Monterey,4.06237526828862,-121.665217,36.911609,,,2022-10-27,T20 > X,not a unit (sequence B/C),,,,,,,,,,,,,,,,,False,,,,,,,,,
2711142,True,A,Monterey,21.715202163085344,-121.76318,36.862511,47.91414531856955,1.2061258068186718,,T20,not_flooded,0.0,0.866184519294797,0.0053021967260982,0.0610696264960277,0.0005270148525604,-13.54435569206935,-13.36541856243248,0.1789371296368713,0.608481105578706,0.2222756358897115,0.7032621507191261,0.6615238143976643,0.5651058757781258,-0.0964179386195385,3.0,7.0,False,79.23750667572023,92.34999752044678,106.87000274658205,65.42499778792262,151.53327037096025,176.18079566955566,187.42000102996823,177.3949949434027,41.445004958659425
2711125,True,A,Monterey,9.115429530410072,-121.713146,36.770828,24.577203600558832,1.1569350209980025,,T20,unknown,0.0,0.2062171144904499,0.0,0.0,0.0,-10.000337271521277,-9.416290935523538,0.5840463359977388,0.6652169240351462,0.0,0.0003740129034451,0.3700564512922561,0.454687245632265,0.0846307943400088,3.0,7.293889139175303,False,79.23750667572023,62.81339757144451,67.13000082969666,68.87999911978841,151.53327037096025,129.51649737358093,131.63000082969666,172.6099964324385,16.424109104275715
2722384,False,B,Monterey,7.913426804453087,-121.786425,36.855291,,,2022-10-25,T20 > T18,not a unit (sequence B/C),,,,,,,,,,,,,,,,,False,,,,,,,,,
2724023,True,A,Monterey,31.63939497191216,-121.707656,36.783642,40.72306495642825,1.9108614287201977,,T20,unknown,0.0,0.0025113266707298,0.007646573605614,0.0209717806187262,0.0,-13.746743743491455,-12.8631893837869,0.8835543597045561,0.9400862654110202,0.2099846040499426,0.6995146237048677,0.3667522953922798,0.3935213149489105,0.0267690195566306,3.0,8.209659061703737,False,79.23750667572023,67.2044968008995,76.30000019073486,68.87999911978841,151.53327037096025,147.39299750328064,137.60000014305115,172.6099964324385,12.03300987482072
2711041,False,B,Monterey,2.0745542195259348,-121.718411,36.803142,,,2022-10-18,T20 > G6,not a unit (sequence B/C),,,,,,,,,,,,,,,,,False,,,,,,,,,
2711008,True,A,Monterey,20.216153418578447,-121.774311,36.82949,4.80094578495674,1.219166398912481,,T20,not_flooded,0.0,0.9619813506423882,0.0,0.0474888467650832,0.0,-8.454860753732541,-8.04643911499938,0.4084216387331612,-0.1073369613764949,0.0,0.4984548222183927,0.4728263284429794,0.4828015450421646,0.0099752165991852,6.0,14.0,False,79.23750667572023,85.13939964771271,91.54000115394592,65.42499778792262,151.53327037096025,163.0049946308136,165.06999844312668,177.3949949434027,26.115003366023302
2711004,True,A,Monterey,1.8911157919369737,-121.660596,36.854396,71.41123054637303,0.6694295462976979,,T20,not_flooded,0.0,1.0,0.0,0.0,0.0,-9.399819582719102,-8.471434429008404,0.928385153710698,2.3002026546040737,0.0,0.1560889833973992,0.1295850580570215,0.2448375096164234,0.1152524515594018,3.0,8.0,False,79.23750667572023,91.63209509849548,99.08000016212463,68.78499916661531,151.53327037096025,192.11849355697632,171.910001039505,163.3999965954572,30.295000995509326
2710952,True,A,Monterey,4.526566665606102,-121.711179,36.769717,34.36539509206908,1.0334521230751557,,T20,unknown,0.0,0.0,0.0,0.1034358789995378,0.0,-13.189699596793307,-12.764223851766468,0.4254757450268389,0.5325827707505155,0.0174618663653638,0.570643521133994,0.100574610416808,0.1361902224143676,0.0356156119975596,3.0,7.0,False,79.23750667572023,62.81339757144451,67.13000082969666,68.87999911978841,151.53327037096025,129.51649737358093,131.63000082969666,172.6099964324385,16.424109104275715
2710934,False,B,Monterey,0.2401849105157564,-121.780852,36.843757,,,2022-10-27,T20 > G6,not a unit (sequence B/C),,,,,,,,,,,,,,,,,False,,,,,,,,,
2722387,False,B,Monterey,12.919438836517596,-121.672062,36.851383,,,2023-01-22,T20 > X,not a unit (sequence B/C),,,,,,,,,,,,,,,,,False,,,,,,,,,
2710912,False,B,Monterey,3.5628273009950706,-121.662718,36.912568,,,2022-10-27,T20 > X,not a unit (sequence B/C),,,,,,,,,,,,,,,,,False,,,,,,,,,
2710874,True,A,Monterey,2.058315704718784,-121.718559,36.805091,79.28947835706299,1.3849618400588752,,T20,not_flooded,0.0,1.0,0.0,0.0095850248082995,0.0,-6.359149656221245,-5.2593705815331,1.0997790746881453,1.2720344894689752,0.0,0.076680198466396,0.3009629371788712,0.3902539705678119,0.0892910333889406,3.0,7.0,False,79.23750667572023,67.2044968008995,82.45999813079834,65.42499778792262,151.53327037096025,147.39299750328064,147.61999988555908,177.3949949434027,17.03500034287572
2710871,True,A,Monterey,1.901714328605502,-121.661614,36.858939,41.24023468680355,0.164475325391245,,T20,unknown,0.0,0.0,0.002607774427512,0.0,0.0,-14.172189249760876,-13.186321105760548,0.9858681440003264,0.5475265134064209,0.3221008882731643,0.4632874256376824,0.3648105959423392,0.4339276507767632,0.0691170548344239,3.0,8.0,False,79.23750667572023,91.63209509849548,95.7700011730194,68.78499916661531,151.53327037096025,192.11849355697632,166.80000114440918,163.3999965954572,26.985002006404088
2716684,True,A,Monterey,19.571029208234854,-121.782435,36.835137,7.738235915788365,1.8829385249886688,,T20,not_flooded,0.0,1.0,0.0070673756478427,0.1138936290677002,0.0010096250925489,-13.781398074630786,-13.356728050820871,0.4246700238099148,1.3802832289175306,0.2453230602330452,0.7487617245188444,0.4303202104284629,0.4030257416791024,-0.0272944687493604,6.0,14.0,False,79.23750667572023,85.13939964771271,92.25999999046326,65.42499778792262,151.53327037096025,163.0049946308136,168.65999814867973,177.3949949434027,26.835002202540636
2710817,True,A,Monterey,3.954807793615979,-121.673082,36.867382,21.68957657542776,0.0835481113875125,,T20,unknown,0.0,0.0686370202631476,0.0149338226681763,0.0,0.0,-13.55126567777303,-12.318057510982902,1.2332081667901278,1.5720409003397275,0.2947526646624761,0.5725803303010191,0.2025419238535754,0.324685819180003,0.1221438953264275,3.0,6.126303049232814,False,79.23750667572023,91.63209509849548,100.9700002670288,68.78499916661531,151.53327037096025,192.11849355697632,174.8200011253357,163.3999965954572,32.18500110041349
2710801,False,B,Monterey,0.6864939811472851,-121.784537,36.84235,,,2022-10-27,T20 > G6,not a unit (sequence B/C),,,,,,,,,,,,,,,,,False,,,,,,,,,
2716688,True,A,Monterey,10.653481193647396,-121.752924,36.750613,4.386788118956373,0.4505072633439416,,T20,not_flooded,0.0,1.0,0.0,0.0229072645217644,0.0,-8.753913597003589,-8.161813821232723,0.5920997757708655,0.6455133451854778,0.0,0.0854200029116319,0.22695572190567,0.3086615354389989,0.0817058135333289,3.0,9.0,False,79.23750667572023,60.21640041237697,63.01999807357788,68.87999911978841,151.53327037096025,124.70359752327204,128.37999939918518,172.6099964324385,19.021106263343256
2710778,True,A,Monterey,12.698248647252012,-121.675091,36.749982,28.99120502273515,1.1735190705445429,,T20,not_flooded,0.0,1.0,0.0126033511377771,0.1006499841467281,0.0,-13.19273317153448,-13.335438711562707,-0.1427055400282277,0.535510015384423,0.1142289212458232,0.7287749079290747,0.2841473480046946,0.3297954744483482,0.0456481264436536,3.0,6.02423721372649,False,79.23750667572023,69.93129867315292,63.33999848365784,64.07499833405018,151.53327037096025,132.36049795150757,118.67999935150146,159.3199963029474,15.89750819206239
2710777,True,A,Monterey,3.3306001488517354,-121.708682,36.764335,0.7033984289897575,0.4619772491718923,,T20,not_flooded,0.0,1.0,0.0,0.0557996791518448,0.0,-3.708025548526952,-3.313753247954924,0.3942723005720276,0.0952422665699406,0.0,0.2014600916044734,0.1340239747642615,0.1758599842300207,0.0418360094657591,3.0,7.0,False,79.23750667572023,62.81339757144451,63.55000138282776,68.87999911978841,151.53327037096025,129.51649737358093,122.8800013065338,172.6099964324385,16.424109104275715
2710775,False,B,Monterey,2.2853352848227537,-121.703758,36.906373,,,2022-10-26,T20 > T4,not a unit (sequence B/C),,,,,,,,,,,,,,,,,False,,,,,,,,,
2710770,False,B,Monterey,0.6126772765936722,-121.78194,36.842655,,,2022-10-27,T20 > G6,not a unit (sequence B/C),,,,,,,,,,,,,,,,,False,,,,,,,,,
2725641,True,A,Monterey,9.612064079184949,-121.714518,36.764463,14.426960433652615,0.4494912476401903,,T20,not_flooded,0.0,0.722968066738741,0.0,0.0006131702515611,0.0,-7.903194052740404,-7.603790296618424,0.29940375612198,0.0851960936346074,0.0020573475545802,0.0124005615348619,0.2956698735126618,0.3384164984313353,0.0427466249186735,3.0,7.327158601326381,False,79.23750667572023,62.81339757144451,63.55000138282776,68.87999911978841,151.53327037096025,129.51649737358093,122.8800013065338,172.6099964324385,16.424109104275715
2710745,True,A,Monterey,1.0516886647587858,-121.718972,36.815972,32.39854380340273,2.3384161211623167,,T20,unknown,0.0,0.0,0.0,0.0375524629997791,0.0,-14.527621251781422,-12.67606710440721,1.8515541473742123,1.693722084561358,0.4482733230248141,0.7103306089389589,0.2184820852174726,0.2915595653347902,0.0730774801173176,3.0,7.0,False,79.23750667572023,84.8016973733902,86.9600019454956,65.42499778792262,151.53327037096025,168.91129660606384,155.6200020313263,177.3949949434027,21.535004157572985
2710727,True,A,Monterey,1.711032040439928,-121.703115,36.863502,23.022579390656198,0.3427056651875496,,T20,not_flooded,0.0,1.0,0.0,0.0,0.0,-10.522404365275664,-10.514751686976728,0.0076526782989354,1.1598136920684343,0.0,0.0115327212699561,0.4839208459041101,0.4896214331330192,0.005700587228909,3.0,7.0,False,79.23750667572023,96.03489470481873,100.98000192642212,65.42499778792262,151.53327037096025,189.3929944038391,172.22999906539917,177.3949949434027,35.5550041384995
2722390,False,B,Monterey,9.889397688489122,-121.703144,36.786735,,,2023-01-07,T20 > X,not a unit (sequence B/C),,,,,,,,,,,,,,,,,False,,,,,,,,,
2710718,True,A,Monterey,2.261281522764656,-121.78131,36.841281,26.599331070224164,2.3503984252509538,,T20,unknown,0.0,0.3364597952966145,0.0,0.0,0.0,-14.319332486133764,-13.06414494839509,1.2551875377386743,1.675546611547066,0.1796118166569678,0.813233834251874,0.3934910751712672,0.4216646654827528,0.0281735903114855,6.0,14.0,False,79.23750667572023,85.13939964771271,96.91000127792358,65.42499778792262,151.53327037096025,163.0049946308136,175.61999958753586,177.3949949434027,31.485003490000963
2710679,False,B,Monterey,21.161626215180117,-121.753306,36.687624,,,2022-10-11,T20 > T4 > T30,not a unit (sequence B/C),,,,,,,,,,,,,,,,,False,,,,,,,,,
2725642,True,A,Monterey,17.725078748336983,-121.668958,36.742454,30.881872074751865,1.7083380924960962,,T20,not_flooded,0.0,0.6245856039467126,0.0272998434260822,0.0629663322341086,0.0053138913429493,-15.422919550487396,-15.003473189461369,0.4194463610260275,1.07387495275729,0.6379687376993255,0.9495289661747852,0.6640844715650371,0.5750945347171935,-0.0889899368478436,3.0,6.090874102324116,False,79.23750667572023,69.93129867315292,62.05999922752381,64.07499833405018,151.53327037096025,132.36049795150757,115.05999946594238,159.3199963029474,17.177507448196415
2710671,True,A,Monterey,11.0154350615286,-121.733251,36.790912,16.97238334838016,0.3155136199399146,,T20,not_flooded,0.0,0.9758606404864384,0.0,0.0268355532463155,0.0,-12.123496046755998,-11.141712269022191,0.9817837777338044,1.018172960227634,0.0264844863540299,0.1966395877070417,0.0448192696492828,0.0882271300205576,0.0434078603712748,3.0,7.0,False,79.23750667572023,61.84649868309498,75.49999809265137,68.87999911978841,151.53327037096025,132.33949756622314,139.49000000953674,172.6099964324385,17.391007992625248
2710619,False,B,Monterey,1.2427251647094746,-121.78135,36.843929,,,2022-10-27,T20 > G6,not a unit (sequence B/C),,,,,,,,,,,,,,,,,False,,,,,,,,,
2710556,True,A,Monterey,2.0433331165097965,-121.71258,36.876622,68.21974169302273,1.6239915893181225,,T20,unknown,0.0,0.0,0.0,0.0168121198383014,0.0,-13.675864889908649,-13.067972808391628,0.6078920815170221,1.0306499026677989,0.0945256715402923,0.7512184064377195,0.1440697199263508,0.2630711209348864,0.1190014010085356,2.0,8.0,False,79.23750667572023,96.03489470481873,111.60999917984007,65.42499778792262,151.53327037096025,189.3929944038391,189.0700025558472,177.3949949434027,46.18500139191745
2724026,False,B,Monterey,15.98801154009008,-121.670341,36.908021,,,2022-10-27,T20 > X,not a unit (sequence B/C),,,,,,,,,,,,,,,,,False,,,,,,,,,
2716709,True,A,Monterey,10.71836516696555,-121.701598,36.733571,14.308433037965244,0.7210876072365436,,T20,not_flooded,0.0,1.0,0.0,0.0055338541666666,0.0,-9.79645910095823,-9.819814381531762,-0.023355280573531,0.8002894935757183,0.0,0.0263671874999999,0.1317280807553928,0.2123878911652286,0.0806598104098358,3.0,7.0,False,79.23750667572023,62.81339757144451,59.81999850273132,68.87999911978841,151.53327037096025,129.51649737358093,113.22999954223631,172.6099964324385,19.417508172988903
2710541,True,A,Monterey,2.511397992744971,-121.705887,36.874665,65.94127734055084,1.5834553589458933,,T20,unknown,0.0,0.0,0.0,0.0542499383172958,0.0,-11.538242085159396,-10.30182213004072,1.2364199551186754,1.4680568127874185,0.0,0.3112817665926474,0.2217207157565246,0.3110572364435883,0.0893365206870637,2.8239884036516165,6.581051073279052,False,79.23750667572023,96.03489470481873,107.91000032424928,65.42499778792262,151.53327037096025,189.3929944038391,183.08999955654144,177.3949949434027,42.48500253632666
2710540,False,B,Monterey,0.928619166769317,-121.701844,36.863876,,,2023-01-23,T20 > X,not a unit (sequence B/C),,,,,,,,,,,,,,,,,False,,,,,,,,,
2710511,False,B,Monterey,9.367899956913446,-121.689002,36.647429,,,2022-10-11,T20 > T4 > T30 > T30,not a unit (sequence B/C),,,,,,,,,,,,,,,,,False,,,,,,,,,
2710474,True,A,Monterey,2.128825027602002,-121.692394,36.856993,11.87115911771283,0.1437939424965857,,T20,unknown,0.0,0.0,0.0,0.0,0.0,-8.949732564040392,-6.788390823739629,2.161341740300763,1.0593309195473246,0.0,0.1135199912844535,0.2156067535204881,0.3457448224782917,0.1301380689578036,3.0,6.715510041035697,False,79.23750667572023,96.03489470481873,96.6399998664856,68.78499916661531,151.53327037096025,189.3929944038391,166.68999886512756,163.3999965954572,27.85500069987029
2710447,True,A,Monterey,1.2532109934438456,-121.716329,36.878842,89.92071670745418,1.689881422818274,,T20,unknown,0.0,0.0,0.0,0.0733058410783529,0.0,-14.81562835850089,-13.74176847659752,1.073859881903369,2.917505124951475,0.4707330584107835,0.6609835661968363,0.1931070231271316,0.2347032299687504,0.0415962068416187,2.0,8.0,False,79.23750667572023,96.03489470481873,111.60999917984007,65.42499778792262,151.53327037096025,189.3929944038391,189.0700025558472,177.3949949434027,46.18500139191745
2710412,False,B,Monterey,4.022472012768922,-121.793064,36.861077,,,2023-01-30,T20 > X,not a unit (sequence B/C),,,,,,,,,,,,,,,,,False,,,,,,,,,
2710403,False,B,Monterey,4.006916736414303,-121.726601,36.890836,,,2022-10-03,T20 > G6 > T18,not a unit (sequence B/C),,,,,,,,,,,,,,,,,False,,,,,,,,,
2710380,True,A,Monterey,2.629401030257703,-121.736646,36.846652,71.98450641001781,0.9850236798462128,,T20,not_flooded,0.0,0.9322063743616836,0.0,0.0914773727768973,0.0,-10.758264305350604,-9.824003302611304,0.9342610027393016,1.3780897526245184,0.0,0.0987849973586899,0.2321606423350933,0.3508368711010066,0.1186762287659133,2.1473851030110938,7.0,False,79.23750667572023,76.29919791221619,102.02000093460084,65.42499778792262,151.53327037096025,151.43509650230408,175.0899999141693,177.3949949434027,36.59500314667822
2722397,False,B,Monterey,10.326241988060348,-121.70507,36.909055,,,2022-12-21,T20 > X,not a unit (sequence B/C),,,,,,,,,,,,,,,,,False,,,,,,,,,
2722398,True,A,Monterey,16.12268072725675,-121.72543,36.908257,11.461341717116014,0.2816673204542156,,T20,unknown,0.0,0.4644739241867205,0.0,0.042624571642493,0.0,-8.090685435601559,-5.767758642751833,2.322926792849726,2.196313182869078,0.0,0.3251245476448735,0.1500896713152745,0.2680893572241006,0.1179996859088261,2.9239323459112856,7.286497979400442,False,79.23750667572023,104.31609773635864,106.849999666214,69.51999836880714,151.53327037096025,198.88559532165527,189.35999763011927,182.43499598558992,37.33000129740687
2722399,True,A,Monterey,14.706905707924028,-121.7279,36.90561,10.835195543864083,0.5344797502647525,,T20,not_flooded,0.0178306639043422,0.8701427084100158,0.0,0.0053633963970595,0.0,-7.145208325827156,-3.200825381248368,3.944382944578788,3.3923036980044285,0.0,0.296112063435308,0.103304784635263,0.147076146311812,0.0437713616765489,3.0,7.105159377004705,False,79.23750667572023,104.31609773635864,105.47999918460846,69.51999836880714,151.53327037096025,198.88559532165527,190.20000100135803,182.43499598558992,35.96000081580132
2717393,True,A,Monterey,5.821294684155544,-121.675613,36.888223,19.51942684512581,2.003647448565247,,T20,unknown,0.0,0.0,0.0,0.0135470760894107,0.0,-12.51040641649743,-11.620732268106496,0.8896741483909327,1.4461814499102417,0.0160174252586561,0.299456788811709,0.2971965087650655,0.5516109030711632,0.2544143943060977,2.0,7.819053564076343,False,79.23750667572023,91.63209509849548,103.75999915599824,68.78499916661531,151.53327037096025,192.11849355697632,177.41000032424927,163.3999965954572,34.97499998938294
2722404,False,B,Monterey,22.26041017583931,-121.800172,36.865463,,,2022-11-28,T20 > X,not a unit (sequence B/C),,,,,,,,,,,,,,,,,False,,,,,,,,,
2710197,True,A,Monterey,4.261715624174822,-121.711092,36.864969,28.375879113496424,0.5057373484688623,,T20,unknown,0.0,0.0,0.0,0.0112749192054903,0.0,-12.069454715625382,-11.521887799185864,0.547566916439516,0.7500206955539888,0.0092595954827698,0.0707542031301063,0.1716831755502471,0.2741934032951454,0.1025102277448983,2.0,7.0,False,79.23750667572023,96.03489470481873,99.21000027656557,65.42499778792262,151.53327037096025,189.3929944038391,169.76999819278717,177.3949949434027,33.785002488642945
2710196,True,A,Monterey,2.7345459652768813,-121.709937,36.864969,32.86796372980659,0.5057372420208223,,T20,unknown,0.0,0.0152496817088697,0.0,0.0441363700664874,0.0,-11.7544400661701,-11.5142968667651,0.2401431994050025,1.36506951261671,0.0,0.1408968736737869,0.1557738816652546,0.2510251127298322,0.0952512310645775,2.0,7.0,False,79.23750667572023,96.03489470481873,99.21000027656557,65.42499778792262,151.53327037096025,189.3929944038391,169.76999819278717,177.3949949434027,33.785002488642945
2710195,True,A,Monterey,0.6868459026286733,-121.712034,36.864185,20.206067440316485,0.4185970479377479,,T20,unknown,0.0,0.0,0.0,0.0,0.0,-10.793355634380104,-11.492310678231783,-0.6989550438516812,-0.2628621282494965,0.0009009009009009,0.0231981981981981,0.1662164672605088,0.2829960586284999,0.1167795913679911,2.0,7.0,False,79.23750667572023,96.03489470481873,99.21000027656557,65.42499778792262,151.53327037096025,189.3929944038391,169.76999819278717,177.3949949434027,33.785002488642945
2710193,False,B,Monterey,1.7656646641457232,-121.70207,36.861344,,,2023-03-03,T20 > X,not a unit (sequence B/C),,,,,,,,,,,,,,,,,False,,,,,,,,,
2710182,False,B,Monterey,1.207646591391342,-121.679379,36.859418,,,2023-02-23,T20 > X,not a unit (sequence B/C),,,,,,,,,,,,,,,,,False,,,,,,,,,
2710144,True,A,Monterey,0.2844940145426679,-121.787931,36.853086,39.125363805997246,1.500778050925902,,T20,not_flooded,0.0,1.0,0.0,0.0,0.0,-13.39344839072341,-11.276658409599357,2.116789981124054,3.1777471232148784,0.0,0.0200054068667207,0.3566000087578963,0.3942041643876326,0.0376041556297362,6.0,14.0,False,79.23750667572023,85.13939964771271,101.1399998664856,65.42499778792262,151.53327037096025,163.0049946308136,182.22999954223636,177.3949949434027,35.715002078562975
2710141,False,B,Monterey,0.5991862225682025,-121.787178,36.852896,,,2022-10-25,T20 > T30,not a unit (sequence B/C),,,,,,,,,,,,,,,,,False,,,,,,,,,
2722405,False,B,Monterey,12.63616438443989,-121.786991,36.851829,,,2022-10-25,T20 > T4,not a unit (sequence B/C),,,,,,,,,,,,,,,,,False,,,,,,,,,
2722406,False,B,Monterey,16.37532862939248,-121.755347,36.851806,,,2023-01-22,T20 > X,not a unit (sequence B/C),,,,,,,,,,,,,,,,,False,,,,,,,,,
2722407,False,B,Monterey,9.029541648226823,-121.751917,36.8464,,,2022-12-21,T20 > X,not a unit (sequence B/C),,,,,,,,,,,,,,,,,False,,,,,,,,,
2716720,False,B,Monterey,11.604148912869064,-121.79199,36.836659,,,2022-11-02,T20 > G6 > T4,not a unit (sequence B/C),,,,,,,,,,,,,,,,,False,,,,,,,,,
2716721,True,A,Monterey,137.86475955195763,-121.776141,36.84208,39.336462406080216,1.8864123847881915,,T20,not_flooded,0.0,0.6470237998277825,0.0111104433111817,0.0161494618624765,0.0001466039284235,-10.731042643162375,-10.341269704824407,0.3897729383379662,0.7668649462823094,0.0343367745001283,0.5068451677154556,0.4030391171947384,0.4102572663856346,0.0072181491908961,6.0,14.0,False,79.23750667572023,85.13939964771271,100.85999989509584,65.42499778792262,151.53327037096025,163.0049946308136,179.09000274538994,177.3949949434027,35.43500210717322
2724028,True,A,Monterey,4.1780900766337385,-121.717063,36.80226,66.05672359121769,1.1809747375741195,,T20,not_flooded,0.0,0.5762649016445112,0.0,0.0347998590948699,0.0,-9.31775129048612,-8.019975317129353,1.2977759733567673,1.2387502605344185,0.0086582494391605,0.4081428333055231,0.1437813650264415,0.2225168825001464,0.0787355174737049,3.0,7.0,False,79.23750667572023,67.2044968008995,84.36000108718872,65.42499778792262,151.53327037096025,147.39299750328064,150.33999872207642,177.3949949434027,18.9350032992661
2722408,False,B,Monterey,36.962503240422855,-121.692556,36.796694,,,2022-11-27,T20 > X,not a unit (sequence B/C),,,,,,,,,,,,,,,,,False,,,,,,,,,
2722409,True,A,Monterey,6.040775765229514,-121.698044,36.776638,32.32126596067572,1.7498765099721194,,T20,not_flooded,0.0,0.863176802668719,0.0,0.0153707980497818,0.0,-12.53523205355304,-11.4450522020433,1.09017985150974,0.9623018183906282,0.0,0.0255324608673338,0.3848998882708134,0.4175180634612268,0.0326181751904133,3.0,7.0,False,79.23750667572023,67.2044968008995,67.62000036239624,64.07499833405018,151.53327037096025,147.39299750328064,131.5400004386902,159.3199963029474,15.162508341670048
2709934,True,A,Monterey,9.599373821295927,-121.712848,36.764964,18.484045519849605,0.5051735774207069,,T20,unknown,0.0,0.1916100872938894,0.0,0.096209182023925,0.0,-12.135377920973015,-12.02979898074049,0.1055789402325277,0.3422307517342275,0.0045990947300355,0.2741836404784998,0.2672161129814329,0.2756187619941325,0.0084026490126996,3.0,7.069940187520207,False,79.23750667572023,62.81339757144451,63.55000138282776,68.87999911978841,151.53327037096025,129.51649737358093,122.8800013065338,172.6099964324385,16.424109104275715
2709927,False,B,Monterey,2.8563898448813214,-121.666955,36.767872,,,2023-02-23,T20 > X,not a unit (sequence B/C),,,,,,,,,,,,,,,,,False,,,,,,,,,
2709926,False,B,Monterey,1.8044443632337552,-121.66804,36.769002,,,2023-02-23,T20 > X,not a unit (sequence B/C),,,,,,,,,,,,,,,,,False,,,,,,,,,
2709896,True,A,Monterey,10.77164048572766,-121.703033,36.757654,15.835398491406256,0.1560804618211848,,T20,not_flooded,0.0,1.0,0.0,0.0,0.0,-11.083121439324607,-10.543870474788246,0.539250964536361,0.4993554243692824,0.0,0.0055084715251625,0.589279127325309,0.6036142616921351,0.014335134366826,3.0,7.0,False,79.23750667572023,62.81339757144451,62.08000063896179,68.87999911978841,151.53327037096025,129.51649737358093,117.60000085830688,172.6099964324385,17.157506036758434
2724030,False,B,Monterey,26.79622667011597,-121.734511,36.738925,,,2022-11-04,T20 > T4,not a unit (sequence B/C),,,,,,,,,,,,,,,,,False,,,,,,,,,
2724031,True,A,Monterey,20.503003065456976,-121.731692,36.740379,6.485267271756256,0.0886410309271494,,T20,not_flooded,0.0,1.0,0.0115769641114112,0.039444911054109,0.0019294940185685,-11.00774795285346,-11.289997074190822,-0.2822491213373634,-0.1980233814494205,0.0569200735477719,0.5717204276666744,0.3059251684231537,0.3890795076198577,0.083154339196704,3.0,9.0,False,79.23750667572023,60.21640041237697,60.40000009536743,68.87999911978841,151.53327037096025,124.70359752327204,119.71000051498412,172.6099964324385,19.021106263343256
2722415,False,B,Monterey,10.331944627427424,-121.722983,36.737127,,,2022-12-21,T20 > X,not a unit (sequence B/C),,,,,,,,,,,,,,,,,False,,,,,,,,,
2722416,False,B,Monterey,4.984140495656536,-121.670268,36.729948,,,2022-11-03,T20 > X,not a unit (sequence B/C),,,,,,,,,,,,,,,,,False,,,,,,,,,
2716727,True,A,Monterey,70.38549377904137,-121.78968,36.714725,19.236848920221835,0.7346084672040776,,T20,not_flooded,0.0,1.0,0.0250928221910001,0.0368007505054019,0.0,-15.754808524796896,-15.390101084347972,0.3647074404489245,0.9453824796798624,0.7331532678256045,0.9865413328517884,0.1392121884054493,0.1849924031074536,0.0457802147020042,6.0,17.838271371125803,False,79.23750667572023,52.11849948763847,60.21999883651733,68.87999911978841,151.53327037096025,110.21159622073174,126.2499976158142,172.6099964324385,27.119007188081753
2724033,False,B,Monterey,13.506654651864038,-121.735744,36.706345,,,2022-10-03,T20 > T4 > T30,not a unit (sequence B/C),,,,,,,,,,,,,,,,,False,,,,,,,,,
2717405,True,A,Monterey,12.119185054859525,-121.742783,36.69445,8.156259442834962,0.8299540708248484,,T20,not_flooded,0.0,1.0,0.0032705725425815,0.0812512825774676,0.0,-13.201744448377235,-13.095827780018546,0.1059166683586898,0.2845088820608836,0.0637761645803406,0.2121383131541145,0.0619635402539157,0.1337245765240855,0.0717610362701697,3.0,7.7205969115534545,False,79.23750667572023,57.39879907667637,56.08000183105469,74.6749985376373,151.53327037096025,115.37749803066254,106.24999958276749,169.58999579306692,23.15750484466554
2722429,True,A,Monterey,25.995723880290065,-121.7453,36.688447,8.314693952907552,0.6827816624052696,,T20,not_flooded,0.0,1.0,0.0038029278070081,0.0241478459023825,0.0,-13.624238321840531,-13.102832270477398,0.5214060513631331,0.8182984611172603,0.1412571435389003,0.3935448656000577,0.054604445242749,0.1338561593151583,0.0792517140724092,3.0,6.964529868642415,False,79.23750667572023,57.39879907667637,55.97000074386597,74.6749985376373,151.53327037096025,115.37749803066254,107.3200011253357,169.58999579306692,23.26750593185426
2725644,True,A,Monterey,31.56257191973589,-121.725941,36.65785,10.896452530210684,0.6791149983447824,,T20,not_flooded,0.0,1.0,0.0098170547361021,0.0726176928200805,1.7205654269583117e-05,-13.165495702839722,-12.91833979607303,0.247155906766693,0.9803736760596866,0.0776810710765578,0.4478877601433477,0.0591381401066615,0.1312878357207864,0.0721496956141248,3.0,7.887150571596416,False,79.23750667572023,66.03359851241112,53.03999996185303,74.6749985376373,151.53327037096025,122.2720977179706,95.3199999332428,169.58999579306692,26.1975067138672
2725645,True,A,Monterey,24.049434339294702,-121.723783,36.65635,11.405177568431036,0.6333183616723326,,T20,not_flooded,0.0,1.0,0.0457053255125152,0.2047641171574035,0.0073820263146007,-13.838623526634516,-14.08124381484469,-0.2426202882101744,0.9797151899131116,0.1595814700814992,0.5796600654315972,0.04891000806426,0.1126299797422263,0.0637199716779663,2.95077466106562,7.699217918191146,False,79.23750667572023,66.03359851241112,53.03999996185303,74.6749985376373,151.53327037096025,122.2720977179706,95.3199999332428,169.58999579306692,26.1975067138672
2722433,True,A,Monterey,5.650025344744787,-121.705188,36.646167,10.587451570033169,0.2770948127846988,,T20,not_flooded,0.0,1.0,0.3271255394595783,0.3248027708293245,0.2898375436378129,-11.57169541738753,-13.3513096734904,-1.7796142561028692,1.2531436446467623,0.0350476923499821,0.3871464306330573,0.1608360943915755,0.1159926333690914,-0.0448434610224841,2.0,7.0,True,79.23750667572023,68.59399959445,53.32000017166138,74.6749985376373,151.53327037096025,131.02819800376892,92.58999943733215,169.58999579306692,25.91750650405885
2716751,True,A,Monterey,31.365778870105363,-121.762718,36.886405,6.778066155813652,0.3503803640518798,,T20,flooded,0.5203633528726787,0.5203633528726787,0.0,0.0111907158505536,0.0,-7.15907298586707,-3.240155801846893,3.918917184020176,2.8974232644739217,0.0,0.5647857579884343,0.1954211034722388,0.1406568207842445,-0.0547642826879942,2.5682594193459254,7.0,False,79.23750667572023,92.34999752044678,104.87999892234802,65.42499778792262,151.53327037096025,176.18079566955566,187.3300014734268,177.3949949434027,39.4550011344254
2717419,True,A,Monterey,16.72623353452814,-121.758942,36.743643,5.117315176574159,1.353822486442854,,T20,not_flooded,0.0,1.0,0.0074342895016152,0.057768693483873,0.0,-11.79688700188562,-11.881200398648952,-0.0843133967633331,0.3888736645786146,0.0028828728615989,0.517155874432811,0.1058924483007737,0.1952713747449355,0.0893789264441617,3.0,9.0,False,79.23750667572023,60.21640041237697,61.59000015258789,68.87999911978841,151.53327037096025,124.70359752327204,126.42999982833862,172.6099964324385,19.021106263343256
2715561,True,A,Monterey,3.251090437067629,-121.673066,36.889848,19.455494701643367,1.823016413194298,,T20,unknown,0.0,0.0,0.0,0.1308143695434377,0.0,-11.65170702747032,-10.934926192686596,0.7167808347837266,0.8017580312382151,0.0179857831210343,0.2874624302275654,0.3113618992959677,0.3910241243495017,0.079662225053534,2.0,8.0,False,79.23750667572023,91.63209509849548,102.78000104427338,68.78499916661531,151.53327037096025,192.11849355697632,177.5599982738495,163.3999965954572,33.99500187765807
2725649,True,A,Monterey,52.22916001403509,-121.687364,36.669913,10.522212495375769,1.6125537621623844,,T20,not_flooded,0.0,1.0,0.0127946748013966,0.0625966283841283,0.0001529717358727,-13.88891523355366,-13.511078077649106,0.3778371559045546,0.1120671006889271,0.1298670631060391,0.8300647382326866,0.6633518928870141,0.6434547906233218,-0.0198971022636923,2.0171759041297914,6.217421847037176,False,79.23750667572023,66.03359851241112,54.06000018119812,69.01499871443957,151.53327037096025,122.2720977179706,93.57999873161316,159.37999580148607,25.177506494522106
2716834,True,A,Monterey,8.650024999720848,-121.711118,36.87842,93.8235349747622,1.8624102459838627,,T20,unknown,0.0,0.0,0.0022809402840888,0.0636784858134459,0.0,-13.99771238736704,-12.84984553838276,1.1478668489842807,1.3149385395015702,0.1927528713012988,0.8674639521986477,0.1482598110107082,0.2550483962123823,0.106788585201674,2.0,8.062578267558772,False,79.23750667572023,96.03489470481873,111.60999917984007,65.42499778792262,151.53327037096025,189.3929944038391,189.0700025558472,177.3949949434027,46.18500139191745
2716838,False,B,Monterey,14.676891335153815,-121.694767,36.773636,,,2022-11-20,T20 > X,not a unit (sequence B/C),,,,,,,,,,,,,,,,,False,,,,,,,,,
2700667,False,B,Monterey,8.578265646639275,-121.696994,36.760829,,,2022-10-27,T20 > G6,not a unit (sequence B/C),,,,,,,,,,,,,,,,,False,,,,,,,,,
2716851,True,A,Monterey,5.696582023049518,-121.792679,36.713322,17.963067076713063,0.4670914623305948,,T20,not_flooded,0.0,1.0,0.0150905295329576,0.1155257807916388,0.0,-16.74056542907159,-16.11422547219884,0.6263399568727515,2.0244577599483904,0.7985291509189395,0.9225143605626884,0.123711656654622,0.1681892066016587,0.0444775499470366,6.0,18.0,False,79.23750667572023,52.11849948763847,59.36999988555908,68.87999911978841,151.53327037096025,110.21159622073174,123.94000041484831,172.6099964324385,27.119007188081753
2716852,True,A,Monterey,61.48503983946724,-121.791384,36.707249,14.445783422698474,0.5826604875110759,,T20,not_flooded,0.0,1.0,0.0010600211751849,0.0334916214159611,0.0,-16.085508960925534,-15.140523559404528,0.9449854015210056,1.2137282109691476,0.7750900071551431,0.9827014639649588,0.1638817321121404,0.2164943164029066,0.0526125842907662,6.0,18.0,False,79.23750667572023,52.11849948763847,59.36999988555908,68.87999911978841,151.53327037096025,110.21159622073174,123.94000041484831,172.6099964324385,27.119007188081753
2722459,True,A,Monterey,20.91244610727785,-121.763604,36.831929,35.86210853370822,1.6670369497622846,,T20,not_flooded,0.0,1.0,0.0,0.0262126354165122,0.0,-10.216946134354735,-9.36093070759908,0.8560154267556577,1.0124851903342122,0.0,0.3145701498288305,0.233791016482353,0.2773306818538275,0.0435396653714744,3.0,7.0,False,79.23750667572023,76.29919791221619,91.54000115394592,65.42499778792262,151.53327037096025,151.43509650230408,165.06999844312668,177.3949949434027,26.115003366023302
2701103,False,B,Monterey,15.221314654789165,-121.660059,36.727905,,,2022-11-27,T20 > T4,not a unit (sequence B/C),,,,,,,,,,,,,,,,,False,,,,,,,,,
2724038,True,A,Monterey,29.610131730592567,-121.677283,36.639841,14.142993721129974,0.9545658228431202,,T20,not_flooded,0.0260730044123545,1.0,0.0006685385746757,0.0384239268645016,0.0,-13.594446245728646,-12.170617930822988,1.4238283149056592,0.8461928997329426,0.1295313151333537,0.542929352513836,0.1060047849163547,0.2052391479737319,0.0992343630573771,2.0,7.0,False,79.23750667572023,71.37129786610603,53.9399995803833,69.01499871443957,151.53327037096025,131.64919638633728,90.10000038146973,159.37999580148607,25.297507095336925
2701237,True,A,Monterey,4.029437680099382,-121.706672,36.869978,69.69487521549878,1.062492736598347,,T20,unknown,0.0,0.0,0.0097804199827404,0.0341931153514239,0.0,-14.10461436232034,-13.822032159132489,0.2825822031878537,1.3890879269432244,0.2946207690094928,0.7208553073161379,0.3041910946360598,0.3827112701034852,0.0785201754674254,2.0,7.249343177677634,False,79.23750667572023,96.03489470481873,107.91000032424928,65.42499778792262,151.53327037096025,189.3929944038391,183.08999955654144,177.3949949434027,42.48500253632666
2701238,True,A,Monterey,1.5171427263034514,-121.712401,36.850114,103.7000056161523,1.145385295619047,,T20,unknown,0.0,0.0,0.0,0.0130002549069589,0.0,-10.52851174904933,-9.288118679287034,1.240393069762295,1.927732178901524,0.0,0.0564364007137394,0.3821076388037572,0.5043667462295699,0.1222591074258127,3.0,8.244353810859034,False,79.23750667572023,84.8016973733902,103.60999822616576,65.42499778792262,151.53327037096025,168.91129660606384,175.35000038146973,177.3949949434027,38.18500043824314
2701322,True,A,Monterey,12.596537504841695,-121.736586,36.683444,9.18407388835434,0.94092896019985,,T20,not_flooded,0.0,1.0,0.0,0.0125604935535113,0.0,-7.606279218410261,-7.303661061607606,0.3026181568026551,0.2096029362196088,0.0,0.2395298434863989,0.1384895757716532,0.1945931836620939,0.0561036078904407,3.0,6.110741684830126,False,79.23750667572023,58.28349870443344,55.43000030517578,74.6749985376373,151.53327037096025,115.29659640789032,103.42000004649162,169.58999579306692,23.807506370544445
2701363,True,A,Monterey,0.962427850517218,-121.721421,36.866519,12.963647708146503,0.2530465411266568,,T20,unknown,0.0,0.0,0.0,0.0,0.0,-12.593100146998683,-10.737651074714517,1.855449072284168,1.2924672152522394,0.0,0.026784993949173,0.3895679155993529,0.4571537997271563,0.0675858841278033,3.0,8.0,False,79.23750667572023,96.03489470481873,103.25000143051147,65.42499778792262,151.53327037096025,189.3929944038391,176.7799986600876,177.3949949434027,37.825003642588854
2701386,True,A,Monterey,1.0430166346941248,-121.718616,36.816151,29.63082128556318,2.36196177951187,,T20,unknown,0.0,0.0,0.0,0.0464769849545657,0.0,-14.19050477300508,-13.646995731394222,0.543509041610859,0.3130145142158174,0.3574407865335914,0.6303441084462981,0.1641819254523921,0.251828080649465,0.0876461551970728,3.0,7.0,False,79.23750667572023,84.8016973733902,86.9600019454956,65.42499778792262,151.53327037096025,168.91129660606384,155.6200020313263,177.3949949434027,21.535004157572985
2701410,True,A,Monterey,8.8333524820074,-121.754785,36.695315,7.782980661400745,0.2409661565127978,,T20,not_flooded,0.0,1.0,0.0082385765424299,0.1007756018810977,0.0022197655646802,-14.785857875349848,-14.403307672691431,0.3825502026584164,1.1492347575983644,0.452375938794132,0.8982505088790622,0.0699961390155409,0.1489282832718585,0.0789321442563176,3.0,9.0,False,79.23750667572023,57.39879907667637,59.209999084472656,74.6749985376373,151.53327037096025,115.37749803066254,119.01999866962431,169.58999579306692,21.838707599043857
2725653,True,A,Monterey,14.44543214451881,-121.704242,36.738362,10.013963314071502,1.253574998034126,,T20,not_flooded,0.0,1.0,0.0120808969475886,0.1082774529263451,0.0060458129928651,-13.067930165291692,-12.932099024226057,0.1358311410656369,0.2853880770347601,0.0738694276058151,0.3766697065608065,0.3305290099623683,0.365287284886697,0.0347582749243287,3.0,7.0,False,79.23750667572023,62.81339757144451,59.81999850273132,68.87999911978841,151.53327037096025,129.51649737358093,113.22999954223631,172.6099964324385,19.417508172988903
2701444,True,A,Monterey,0.620234636702974,-121.720768,36.815876,36.896764607216,2.191820879527076,,T20,unknown,0.0,0.0,0.0,0.0,0.0,-14.4040343508438,-13.311099036641943,1.0929353142018563,0.3700355537118547,0.3347014925373134,0.2687810945273631,0.3999569703597778,0.4693836794786192,0.0694267091188413,3.0,7.0,False,79.23750667572023,84.8016973733902,86.9600019454956,65.42499778792262,151.53327037096025,168.91129660606384,155.6200020313263,177.3949949434027,21.535004157572985
2724039,True,A,Monterey,0.7587704939773615,-121.780294,36.840307,25.190711785140508,2.3022065518939407,,T20,not_flooded,0.0,0.6660550458715596,0.0259938837920489,0.0,0.0,-10.90778075013285,-10.064300452368098,0.8434802977647529,2.5818543519493566,0.0,0.9097859327217126,0.3297571385657143,0.3820703536575844,0.0523132150918701,6.0,14.0,False,79.23750667572023,85.13939964771271,96.91000127792358,65.42499778792262,151.53327037096025,163.0049946308136,175.61999958753586,177.3949949434027,31.485003490000963
2701609,True,A,Monterey,12.646125859389564,-121.669337,36.748661,31.46294385070413,1.4780699092117326,,T20,not_flooded,0.0,1.0,0.0087264961461043,0.0601281358927782,0.0,-12.998831334874948,-12.808250430703412,0.1905809041715365,0.6015463105478727,0.0268361235210368,0.707594874564289,0.2531169612262235,0.3148541332457673,0.0617371720195437,3.0,6.135727085276645,False,79.23750667572023,69.93129867315292,62.05999922752381,64.07499833405018,151.53327037096025,132.36049795150757,115.05999946594238,159.3199963029474,17.177507448196415
2701670,True,A,Monterey,80.044900558171,-121.768823,36.778349,3.925774645897184,0.7054076913847149,,T20,not_flooded,0.0,1.0,0.004055092727938,0.0234467416957238,0.0,-14.209500416885833,-13.326513835788734,0.8829865810970965,1.311157127517788,0.2860073301206778,0.6838987103556834,0.6168212594920621,0.5522527381479999,-0.0645685213440622,4.0646245200861975,10.832468213878442,False,79.23750667572023,61.84649868309498,73.06000018119812,68.87999911978841,151.53327037096025,132.33949756622314,141.3699986934662,172.6099964324385,17.391007992625248
2724040,True,A,Monterey,3.145679804084608,-121.717322,36.803355,69.32290344883438,1.2679172245838066,,T20,not_flooded,0.0,0.7830481731670037,0.0,0.0,0.0,-12.8366721604845,-11.329955158695295,1.5067170017892035,2.231699661553394,0.0125733445096395,0.219762339135151,0.1766556075095283,0.2693520369370316,0.0926964294275033,3.0,7.0,False,79.23750667572023,67.2044968008995,80.08999872207642,65.42499778792262,151.53327037096025,147.39299750328064,143.81000018119812,177.3949949434027,14.665000934153795
2700958,False,B,Monterey,18.38930664758848,-121.765121,36.731039,,,2022-10-11,T20 > T18,not a unit (sequence B/C),,,,,,,,,,,,,,,,,False,,,,,,,,,
2724041,True,A,Monterey,3.476031851216971,-121.719936,36.857976,34.38860971857457,0.2913698480730848,,T20,not_flooded,0.0,1.0,0.0,0.0625557537912578,0.0,-12.402404092585613,-11.78652927534196,0.6158748172436521,1.077164664588704,0.1261819803746654,0.2502899197145406,0.4766406765102968,0.4941037437168218,0.017463067206525,3.0,7.0,False,79.23750667572023,96.03489470481873,99.10000038146973,65.42499778792262,151.53327037096025,189.3929944038391,170.55999755859375,177.3949949434027,33.675002593547106
2700794,True,A,Monterey,9.950837544561177,-121.713184,36.859484,4.314408151257456,0.1039145853649954,,T20,unknown,0.0,0.016402367416141,0.0,0.0151346642919916,0.0,-10.928906028473005,-10.26825898568361,0.6606470427893942,0.3898247504587893,0.0,0.0,0.4218191025251391,0.4035493778436929,-0.0182697246814461,3.0,7.0,False,79.23750667572023,96.03489470481873,99.10000038146973,65.42499778792262,151.53327037096025,189.3929944038391,170.55999755859375,177.3949949434027,33.675002593547106
2700754,False,B,Monterey,3.339908830942992,-121.700711,36.860629,,,2023-02-15,T20 > X,not a unit (sequence B/C),,,,,,,,,,,,,,,,,False,,,,,,,,,
2717064,False,B,Monterey,11.636943679227338,-121.686868,36.662717,,,2022-10-10,T20 > T30 > T30,not a unit (sequence B/C),,,,,,,,,,,,,,,,,False,,,,,,,,,
2717065,True,A,Monterey,11.19051590231386,-121.750683,36.751573,3.882421213617952,0.2278780197224434,,T20,not_flooded,0.0,1.0,0.0,0.0387542150488495,0.0,-9.669802097615348,-9.322895140003034,0.3469069576123136,0.4941387921762796,0.0,0.2732597993394405,0.1460842997081065,0.2072213300311063,0.0611370303229997,3.0,9.0,False,79.23750667572023,60.21640041237697,63.01999807357788,68.87999911978841,151.53327037096025,124.70359752327204,128.37999939918518,172.6099964324385,19.021106263343256
2725654,True,A,Monterey,53.43644554735408,-121.729089,36.67679,9.78567867372867,0.7097914307480789,,T20,not_flooded,0.0,1.0,0.0,0.0084230025492575,0.0,-10.705204621828054,-4.9675821819143575,5.737622439913697,5.426601218234102,0.0019424297502424,0.6754443779869583,0.2005581414887194,0.2757986315858138,0.0752404900970944,3.0,6.15113787476701,False,79.23750667572023,66.03359851241112,54.72000026702881,74.6749985376373,151.53327037096025,122.2720977179706,100.40000049769878,169.58999579306692,24.517506408691418
2700381,True,A,Monterey,3.847826389837165,-121.70742,36.870095,70.06956594396384,1.0754948985015351,,T20,unknown,0.0,0.0,0.0,0.0326362867158225,0.0,-14.127789357737797,-13.219381257749196,0.9084080999886002,1.6687830218708657,0.2691889278375438,0.7727547443490874,0.3371842522871326,0.4057167594505431,0.0685325071634104,2.0,7.222853459043476,False,79.23750667572023,96.03489470481873,107.91000032424928,65.42499778792262,151.53327037096025,189.3929944038391,183.08999955654144,177.3949949434027,42.48500253632666
2725655,True,A,Monterey,43.691069343851005,-121.782502,36.824745,9.390611460709838,0.823005699282452,,T20,not_flooded,0.0,1.0,0.0002144834847716,0.0228699662853233,0.0,-10.583074247374215,-9.74329917442477,0.8397750729494451,1.0865958261266115,0.0750709922608686,0.6776029609356443,0.4438629945218362,0.4495432394776636,0.0056802449558274,6.0,14.0,False,79.23750667572023,85.13939964771271,88.86000299453735,65.42499778792262,151.53327037096025,163.0049946308136,163.85999935865402,177.3949949434027,23.435005206614733
2700333,True,A,Monterey,3.8721070760678273,-121.717493,36.878461,77.86954180590024,1.6163082857680824,,T20,unknown,0.0,0.0,0.0,0.0458303378864126,0.0,-13.082496735076358,-11.901880310579577,1.1806164244967832,1.9632076232354048,0.0356458183560987,0.3662233405224059,0.2286842094475573,0.330424007501479,0.1017397980539216,2.0,8.0,False,79.23750667572023,96.03489470481873,110.33000159263612,65.42499778792262,151.53327037096025,189.3929944038391,188.50999748706815,177.3949949434027,44.9050038047135
2724044,False,B,Monterey,36.76785244720635,-121.744515,36.696746,,,2022-11-11,T20 > T30,not a unit (sequence B/C),,,,,,,,,,,,,,,,,False,,,,,,,,,
2700257,False,B,Monterey,11.96963909779775,-121.76615,36.729776,,,2022-10-10,T20 > T4 > T30,not a unit (sequence B/C),,,,,,,,,,,,,,,,,False,,,,,,,,,
2717075,True,A,Monterey,5.613240067188873,-121.738902,36.895714,8.275204785427333,1.247956557389086,,T20,not_flooded,0.0,1.0,0.0,0.0175782057821956,0.0,-8.287065177665465,-3.981882391136649,4.305182786528816,3.868735228464206,0.0,0.3642617842912879,0.1649359466840509,0.1325001629076919,-0.0324357837763589,3.0,7.956612852081121,False,79.23750667572023,101.1646978855133,104.70000076293944,65.42499778792262,151.53327037096025,198.1424939632416,186.0700026750565,177.3949949434027,39.27500297501682
2700174,True,A,Monterey,6.42463421155437,-121.77731,36.698468,25.275447538787343,1.944466741706056,,T20,not_flooded,0.0,1.0,0.014264870796204,0.0115035390867106,0.0,-16.07132546107584,-15.164165001913291,0.9071604591625472,1.1856590288917683,0.8180535626002339,0.98266028385043,0.1848389244328556,0.2317988076406349,0.0469598832077792,6.0,18.0,False,79.23750667572023,52.11849948763847,59.45000076293945,74.6749985376373,151.53327037096025,110.21159622073174,122.15000081062315,169.58999579306692,27.119007188081753
2700134,True,A,Monterey,13.408162247270182,-121.704881,36.870227,72.89861948810693,1.0901768454779992,,T20,unknown,0.0,0.0,0.0096381506762297,0.028619936939122,0.0029451508956723,-14.059839784297177,-12.995215189043227,1.0646245952539497,1.368190737513837,0.2812619105367104,0.7952080662485707,0.2946700946253122,0.3836524275731527,0.0889823329478404,2.0,7.0,False,79.23750667572023,96.03489470481873,107.91000032424928,65.42499778792262,151.53327037096025,189.3929944038391,183.08999955654144,177.3949949434027,42.48500253632666
2700019,True,A,Monterey,1.1306564569040782,-121.732767,36.847878,91.66453237038114,1.3398680749951664,,T20,unknown,0.0,0.0,0.0,0.0,0.0,-11.407378786197183,-10.525203504945024,0.8821752812521613,-0.30221830929354,0.0,0.0,0.2657803557708345,0.380675478165155,0.1148951223943205,2.0,7.0,False,79.23750667572023,76.29919791221619,102.02000093460084,65.42499778792262,151.53327037096025,151.43509650230408,175.0899999141693,177.3949949434027,36.59500314667822
2715699,True,A,Monterey,33.226251063354376,-121.723542,36.817178,55.46416307102709,1.9098854523616728,,T20,unknown,0.0,0.0,0.0035670405453608,0.0219967500297253,0.0,-8.523906748576218,-8.396618869488295,0.1272878790879232,0.4291617137820953,0.0386429392414093,0.6559904132871096,0.1949451608082889,0.2811190058925492,0.0861738450842602,3.0,7.0,False,79.23750667572023,84.8016973733902,85.6100025177002,65.42499778792262,151.53327037096025,168.91129660606384,152.71000003814697,177.3949949434027,20.185004729777575
2715487,True,A,Monterey,0.6039514593404626,-121.721275,36.815692,32.5499344441868,2.15722649436851,,T20,unknown,0.0,0.0,0.0,0.0,0.0,-14.88564648961457,-12.772280206361012,2.1133662832535585,1.227863792034638,0.3873293844965233,0.3421323718774143,0.5078701030769024,0.5054272397635003,-0.002442863313402,3.0,7.0,False,79.23750667572023,84.8016973733902,86.9600019454956,65.42499778792262,151.53327037096025,168.91129660606384,155.6200020313263,177.3949949434027,21.535004157572985
2715349,True,A,Monterey,15.037825857555694,-121.68839,36.72975,21.45329399272139,0.3977808959497727,,T20,not_flooded,0.0,1.0,0.0,0.0039444172316893,0.0,-10.77626012150028,-9.64412054704374,1.1321395744565397,1.025382186432367,0.0,0.0227074686122354,0.4451696248828541,0.4924605539579943,0.0472909290751402,3.0,5.579654025625823,False,79.23750667572023,62.81339757144451,59.4599997997284,64.07499833405018,151.53327037096025,129.51649737358093,110.32000172138214,159.3199963029474,19.777506875991826
2715312,True,A,Monterey,1.9687597735437972,-121.798613,36.861955,3.033642545289685,0.309060119117056,,T20,not_flooded,0.0097568652136281,1.0,0.0,0.0200645212054449,0.0,-11.563615722435191,-10.594093490734585,0.9695222317006084,0.3220915021781927,0.0,0.1600834054606972,0.3248781258733813,0.3314496575332156,0.0065715316598342,6.0,14.0,False,79.23750667572023,97.8693985939026,99.50000047683716,67.69999848026782,151.53327037096025,183.5908932685852,184.7200013399124,191.6849961988628,31.800001996569335
2715289,True,A,Monterey,3.733115131130278,-121.667927,36.761944,5.297667307816513,0.2933893088963579,,T20,unknown,0.0,0.2700875264446012,0.0052889202306384,0.1098021321607831,0.0,-13.157680066047831,-13.007838498253792,0.1498415677940414,0.5878510408161546,0.124880740034015,0.5874642220102045,0.1443732262212329,0.173091361972528,0.0287181357512952,3.0,6.769714190898909,False,79.23750667572023,69.93129867315292,63.12000119686127,64.07499833405018,151.53327037096025,132.36049795150757,117.75999999046326,159.3199963029474,16.11750547885896
2715279,True,A,Monterey,7.448526753282135,-121.718293,36.78482,32.875310194271535,1.1586722859837155,,T20,unknown,0.0,0.0312278876170655,0.0,0.0026534859521331,0.0,-12.85605318428434,-12.073142642070074,0.7829105422142657,1.3532616327880316,0.0523100936524453,0.7937044745057233,0.1217698842746425,0.1552965833709559,0.0335266990963133,3.0,9.0,False,79.23750667572023,67.2044968008995,74.39999914169312,68.87999911978841,151.53327037096025,147.39299750328064,135.51999950408936,172.6099964324385,12.03300987482072
2711295,False,B,Monterey,2.2139844374437723,-121.787005,36.857488,,,2022-11-20,T20 > X,not a unit (sequence B/C),,,,,,,,,,,,,,,,,False,,,,,,,,,
2724859,True,A,Monterey,12.77079384326816,-121.78662,36.881433,4.758050540460769,0.4427599091392277,,T20,unknown,0.1993154882910874,0.9848230160993756,0.0,0.0041446941240009,0.0,-8.7275306568323,-7.122279020400763,1.6052516364315377,1.232149107164373,0.0,0.4162777855318014,0.1202217367389092,0.1440117986214348,0.0237900618825255,6.0,14.0,False,79.23750667572023,97.8693985939026,104.39000058174132,65.42499778792262,151.53327037096025,183.5908932685852,189.82999908924103,177.3949949434027,38.9650027938187
2715138,True,A,Monterey,1.305051003444871,-121.684071,36.850268,88.84904341757947,0.8262716348076649,,T20,unknown,0.0,0.0,5.932253663166637e-05,0.0,0.0,-13.435276568955288,-12.916746036174455,0.5185305327808329,0.9980410174823168,0.198255917423029,0.5012754345375809,0.1597115089726253,0.1873879185510062,0.0276764095783809,3.0,6.0,False,79.23750667572023,92.7891993522644,97.3200023174286,68.78499916661531,151.53327037096025,183.41999793052676,168.8300006389618,163.3999965954572,28.535003150813296
2722472,True,A,Monterey,23.4687306080105,-121.747656,36.688525,8.24622256615314,0.5242937617519733,,T20,not_flooded,0.0,1.0,0.0113666376145577,0.0609103874494889,0.0,-13.321283730652514,-12.960509763169236,0.3607739674832793,0.6539542128034945,0.1034156036235903,0.558919657713335,0.0566397966405068,0.1384037954411438,0.081763998800637,3.0,7.524998019174396,False,79.23750667572023,57.39879907667637,55.97000074386597,74.6749985376373,151.53327037096025,115.37749803066254,107.3200011253357,169.58999579306692,23.26750593185426
2722473,False,B,Monterey,20.55223656936685,-121.782306,36.837141,,,2022-11-10,T20 > T30 > T30,not a unit (sequence B/C),,,,,,,,,,,,,,,,,False,,,,,,,,,
2724045,True,A,Monterey,63.32719221253867,-121.671035,36.735035,29.279206215807527,0.8837529883369388,,T20,unknown,0.0,0.0350737379709846,0.0085606313786986,0.0541634685185933,0.0,-15.45146694743202,-14.675066560807805,0.7764003866242142,1.1413235262611412,0.6739908848189263,0.86047994868273,0.2298505794532652,0.303062780715198,0.0732122012619328,3.0,6.32067907242076,False,79.23750667572023,69.93129867315292,60.999998807907104,64.07499833405018,151.53327037096025,132.36049795150757,111.78000044822691,159.3199963029474,18.23750786781312
2725660,True,A,Monterey,29.848963364144925,-121.677478,36.712962,22.157770073342565,1.5459595290786314,,T20,unknown,0.0,0.2527936951586341,0.0,0.0426885971520154,0.0,-12.106250181787727,-11.773810713536314,0.3324394682514136,0.5269170301260981,0.0084473237153677,0.421628473611205,0.6446147903845996,0.6194350321391786,-0.0251797582454209,3.0,6.0,False,79.23750667572023,67.50299942493439,57.74000096321106,64.07499833405018,151.53327037096025,118.26299607753754,104.48999834060668,159.3199963029474,21.497505712509167
2714721,True,A,Monterey,2.692169030950903,-121.715878,36.877827,73.09468787468897,1.599857772869539,,T20,unknown,0.0,0.0,0.0,0.0,0.0,-15.332229394331875,-14.326086447902336,1.0061429464295415,1.492259840462287,0.6704692393896727,0.8392574926007873,0.1455176728684591,0.1822958130085763,0.0367781401401171,2.0,8.0,False,79.23750667572023,96.03489470481873,111.60999917984007,65.42499778792262,151.53327037096025,189.3929944038391,189.0700025558472,177.3949949434027,46.18500139191745
2714713,False,B,Monterey,2.3954459954014204,-121.698971,36.860536,,,2023-03-03,T20 > X,not a unit (sequence B/C),,,,,,,,,,,,,,,,,False,,,,,,,,,
2714686,True,A,Monterey,0.9698275132499312,-121.780748,36.840172,24.93793848587551,2.345324082282091,,T20,not_flooded,0.0,0.6386481113320077,0.0,0.0,0.0,-10.867689181805384,-9.255955726276651,1.6117334555287304,2.087819579496438,0.0,0.7402783300198805,0.350527840454583,0.404597877173964,0.0540700367193809,6.0,14.0,False,79.23750667572023,85.13939964771271,96.91000127792358,65.42499778792262,151.53327037096025,163.0049946308136,175.61999958753586,177.3949949434027,31.485003490000963
2714658,True,A,Monterey,2.9189429871873185,-121.683494,36.851117,75.07539064361416,0.7868980031572408,,T20,unknown,0.0,0.4314021563485126,0.0,0.0,0.0,-13.32159144856178,-12.996271957806377,0.3253194907554046,0.2365908885875498,0.0716840181196852,0.0025166229568995,0.7024102142368484,0.7498494262897295,0.0474392120528811,3.0,6.0,False,79.23750667572023,92.7891993522644,97.3200023174286,68.78499916661531,151.53327037096025,183.41999793052676,168.8300006389618,163.3999965954572,28.535003150813296
2714640,True,A,Monterey,3.78084850889169,-121.713633,36.876242,64.5515554990399,1.536996628105633,,T20,unknown,0.0,0.0,0.0046862849424958,0.0592845741415298,0.0,-13.98606568133014,-12.554997014142211,1.4310686671879296,1.1423211562602305,0.3011500839029182,0.614619571890476,0.1455900862382116,0.2351494922527137,0.0895594060145021,2.0,8.0,False,79.23750667572023,96.03489470481873,111.60999917984007,65.42499778792262,151.53327037096025,189.3929944038391,189.0700025558472,177.3949949434027,46.18500139191745
2714595,True,A,Monterey,2.85702786172935,-121.718823,36.872288,62.27706810828551,0.9307073958616476,,T20,not_flooded,0.0,1.0,0.0,0.0,0.0,-11.120850101070392,-10.857362274700542,0.2634878263698503,0.1411931040277476,0.0,0.0,0.5687481345673969,0.6694871350571082,0.1007390004897113,2.0,8.0,False,79.23750667572023,96.03489470481873,103.25000143051147,65.42499778792262,151.53327037096025,189.3929944038391,176.7799986600876,177.3949949434027,37.825003642588854
2714538,True,A,Monterey,8.647725683319548,-121.754179,36.698189,7.936246931522392,0.1893411721517068,,T20,not_flooded,0.0,1.0,0.0,0.056184414861626,0.0,-11.32411298345392,-10.93652634843768,0.3875866350162411,0.937752100785449,0.0211039398210069,0.5735855153903469,0.1276383842399495,0.1749489135096056,0.047310529269656,3.0,9.0,False,79.23750667572023,57.39879907667637,56.96999883651733,74.6749985376373,151.53327037096025,115.37749803066254,111.16999995708466,169.58999579306692,22.2675078392029
2714480,False,B,Monterey,11.594898099166558,-121.697021,36.860239,,,2023-02-23,T20 > X,not a unit (sequence B/C),,,,,,,,,,,,,,,,,False,,,,,,,,,
2714479,False,B,Monterey,21.929481785462663,-121.777935,36.724694,,,2022-10-25,T20 > T4,not a unit (sequence B/C),,,,,,,,,,,,,,,,,False,,,,,,,,,
2714408,True,A,Monterey,18.808880112125586,-121.675884,36.771122,59.06512580403478,0.6209431960465294,,T20,not_flooded,0.0,0.7844445725200896,0.000197602423923,0.0054711171123699,0.0,-11.714013491299951,-10.613526920785947,1.100486570514004,1.426689305981176,0.0001893689895929,0.039886872612304,0.5418566734325879,0.5654624878025112,0.0236058143699232,3.0,7.062491766565673,False,79.23750667572023,69.93129867315292,67.40999913215637,64.07499833405018,151.53327037096025,132.36049795150757,129.47000074386597,159.3199963029474,15.162508341670048
2722477,False,B,Monterey,3.972770604996476,-121.695771,36.798435,,,2022-11-20,T20 > X,not a unit (sequence B/C),,,,,,,,,,,,,,,,,False,,,,,,,,,
2714288,True,A,Monterey,2.2558547317644844,-121.700304,36.855363,20.778830506003278,0.2275949272893475,,T20,not_flooded,0.0,1.0,0.0,0.0262156882903258,0.0,-11.655759735467475,-10.728970982020185,0.9267887534472924,-0.4433119897324946,0.0,0.1504746238991124,0.2085949813713524,0.2481674375247093,0.0395724561533568,2.732223021829272,6.0,False,79.23750667572023,96.03489470481873,99.1599977016449,65.42499778792262,151.53327037096025,189.3929944038391,168.37999820709229,177.3949949434027,33.73499991372228
2717450,True,A,Monterey,15.541406083725327,-121.759486,36.739353,5.117301649159512,1.4977476934285627,,T20,not_flooded,0.0,1.0,0.0152637485970819,0.1148821548821548,0.0,-13.291213938095217,-13.340447603054908,-0.0492336649596936,0.1656801310644482,0.0114478114478114,0.3514203766055617,0.0427174009783528,0.111610214448708,0.0688928134703552,3.0,9.0,False,79.23750667572023,60.21640041237697,60.33000087738037,68.87999911978841,151.53327037096025,124.70359752327204,122.63000011444092,172.6099964324385,19.021106263343256
2722479,False,B,Monterey,15.232762077963194,-121.788494,36.855881,,,2022-11-20,T20 > X,not a unit (sequence B/C),,,,,,,,,,,,,,,,,False,,,,,,,,,
2725662,False,B,Monterey,23.34533573288995,-121.725381,36.726627,,,2022-10-27,T20 > T4 > T30,not a unit (sequence B/C),,,,,,,,,,,,,,,,,False,,,,,,,,,
2714086,True,A,Monterey,4.157388903209059,-121.713423,36.878448,83.99157739897845,1.757608459034656,,T20,unknown,0.0,0.0,0.0,0.0015633142261594,0.0,-8.606776672767216,-7.061149532629775,1.5456271401374408,1.9771604618633027,1.861088364475545e-05,0.3654060894811285,0.2162322539399106,0.2747986365903105,0.0585663826503998,2.0,8.0,False,79.23750667572023,96.03489470481873,111.60999917984007,65.42499778792262,151.53327037096025,189.3929944038391,189.0700025558472,177.3949949434027,46.18500139191745
2724046,True,A,Monterey,3.273545341913416,-121.729646,36.886841,54.48352184230713,2.4844311478973253,,T20,not_flooded,0.0,0.9659510072827012,0.0,0.0,0.0,-8.805177669187477,-8.774873999037295,0.0303036701501824,1.102640318216995,0.0,0.0,0.556888377964271,0.4523046974585645,-0.1045836805057065,3.0,8.0,False,79.23750667572023,96.03489470481873,108.16000175476074,65.42499778792262,151.53327037096025,189.3929944038391,187.1999968290329,177.3949949434027,42.73500396683812
2714007,False,B,Monterey,14.824672999263187,-121.75004,36.691986,,,2022-10-10,T20 > X,not a unit (sequence B/C),,,,,,,,,,,,,,,,,False,,,,,,,,,
2714002,True,A,Monterey,2.54143738222006,-121.719556,36.815923,36.01880123636351,2.291216229446011,,T20,unknown,0.0,0.0,0.0,0.0233302836230558,0.0,-13.31628647904376,-12.125236339385998,1.1910501396577615,0.9425408417166228,0.2133272339127782,0.4341567551082647,0.295527736058265,0.3598799050817695,0.0643521690235045,3.0,7.0,False,79.23750667572023,84.8016973733902,86.9600019454956,65.42499778792262,151.53327037096025,168.91129660606384,155.6200020313263,177.3949949434027,21.535004157572985
2713964,True,A,Monterey,16.974361283299793,-121.767131,36.839277,44.280330292126486,1.3566227012226868,,T20,not_flooded,0.0,0.906236017131012,0.0009679569715731,0.0,0.0,-11.855318172708213,-9.390668502454677,2.4646496702535376,3.204956576352167,0.0105425124875581,0.7152334511318705,0.641749734131486,0.6082222324799281,-0.0335275016515578,3.104909185546395,7.244788099608252,False,79.23750667572023,76.29919791221619,96.33000087738036,65.42499778792262,151.53327037096025,151.43509650230408,172.1599977016449,177.3949949434027,30.905003089457736
2713963,False,B,Monterey,3.111453484763197,-121.700131,36.852692,,,2023-01-22,T20 > T4,not a unit (sequence B/C),,,,,,,,,,,,,,,,,False,,,,,,,,,
2713953,True,A,Monterey,26.73742582203284,-121.721413,36.650262,10.47144613884616,0.902578932978187,,T20,unknown,0.1837767378126669,1.0,0.0328343823303992,0.0471497085259075,0.0165913788698701,-14.359115050547423,-12.465342251009613,1.893772799537812,2.200200937127093,0.3107276401049771,0.8580021831525653,0.0653363873667884,0.1249863692953681,0.0596499819285796,2.5973651206540174,7.634144854495206,False,79.23750667572023,66.03359851241112,54.339998722076416,74.6749985376373,151.53327037096025,122.2720977179706,98.13000011444092,169.58999579306692,24.89750795364381
2713846,True,A,Monterey,12.729567800155404,-121.797013,36.8367,6.602395558552835,2.0854652602989296,,T20,not_flooded,0.0,1.0,0.0036907785350167,0.0268708166608807,0.0,-10.358796711926509,-9.997803758693571,0.3609929532329357,0.6709417077200932,0.0,0.5681301882540671,0.3046241844924425,0.3312315775148413,0.0266073930223987,6.0,14.0,False,79.23750667572023,85.13939964771271,90.75000047683716,65.42499778792262,151.53327037096025,163.0049946308136,168.85000202059746,177.3949949434027,25.325002688914537
2713826,True,A,Monterey,1.844301485091946,-121.714095,36.877487,73.77504751070217,1.635189754940417,,T20,unknown,0.0,0.0,0.0,0.0,0.0,-9.691247701848232,-9.2230142939657,0.4682334078825327,0.7975378954426695,0.0,0.0107106854838709,0.2255046644425822,0.2918774205571671,0.0663727561145849,2.0,8.0,False,79.23750667572023,96.03489470481873,111.60999917984007,65.42499778792262,151.53327037096025,189.3929944038391,189.0700025558472,177.3949949434027,46.18500139191745
2725663,True,A,Monterey,22.86126871450137,-121.719655,36.65574,9.762566942796989,0.3884732955594308,,T20,not_flooded,0.0,1.0,0.0,0.0025994916398855,0.0,-11.983665142938415,-10.100701170261614,1.8829639726768037,1.5227790188511694,0.0156308857615051,0.2652737101804372,0.1217975013994905,0.2134852366728772,0.0916877352733867,2.684307690219327,7.369762414608736,False,79.23750667572023,66.03359851241112,53.03999996185303,74.6749985376373,151.53327037096025,122.2720977179706,95.3199999332428,169.58999579306692,26.1975067138672
2713762,True,A,Monterey,16.044430943222615,-121.694895,36.685838,11.066366007197168,1.3462266585345009,,T20,not_flooded,0.0,1.0,2.902659319713412e-05,0.1104123227563653,0.0,-13.69115785150173,-13.11252044355209,0.5786374079496408,-0.3123044540986637,0.0982501802067661,0.6553237190806315,0.6736439628564154,0.6350897504545842,-0.0385542124018312,3.0,6.0,False,79.23750667572023,66.03359851241112,55.559998750686646,69.01499871443957,151.53327037096025,122.2720977179706,99.6499993801117,159.37999580148607,23.67750792503358
2724047,True,A,Monterey,13.55477924110539,-121.793886,36.82754,8.984413201486987,1.7875784483863784,,T20,not_flooded,0.0,1.0,0.003994179909275,0.0261904082622464,0.0,-15.52606186786542,-14.896923838005916,0.6291380298595044,1.5668783136871802,0.6856409232261561,0.945245499415138,0.4502434187875162,0.4101457419882576,-0.0400976767992586,6.0,14.0,False,79.23750667572023,85.13939964771271,90.75000047683716,65.42499778792262,151.53327037096025,163.0049946308136,168.85000202059746,177.3949949434027,25.325002688914537
2713681,True,A,Monterey,1.001483626873233,-121.706921,36.87471,53.05875625167125,1.5884532125995636,,T20,unknown,0.0,0.0,0.0790859798605732,0.1580170410534469,0.0,-11.436797877167772,-13.10929355944913,-1.672495682281358,0.4905257460424828,0.0,0.2512006196746708,0.1714211877126688,0.2456691334856563,0.0742479457729874,2.0,7.0,False,79.23750667572023,96.03489470481873,107.91000032424928,65.42499778792262,151.53327037096025,189.3929944038391,183.08999955654144,177.3949949434027,42.48500253632666
2713675,False,B,Monterey,1.6095176994036178,-121.690549,36.849865,,,2022-11-03,T20 > G6,not a unit (sequence B/C),,,,,,,,,,,,,,,,,False,,,,,,,,,
2713672,True,A,Monterey,19.732780916874653,-121.714992,36.852367,72.53720350713824,0.8949582105295676,,T20,not_flooded,0.0,0.7635756941258581,0.0,0.0,0.0,-11.61449722380709,-9.478045045957508,2.1364521778495824,2.804274408374811,0.0150294275642759,0.2178384758050919,0.3177721207133079,0.4233798738718964,0.1056077531585884,3.0,7.088494430132571,False,79.23750667572023,84.8016973733902,103.60999822616576,65.42499778792262,151.53327037096025,168.91129660606384,175.35000038146973,177.3949949434027,38.18500043824314
2713656,True,A,Monterey,1.5586865068872455,-121.71696,36.860338,7.501693898563936,0.0089764226884897,,T20,unknown,0.0,0.0,0.0,0.023175028534564,0.0,-12.893185694668,-11.571064369776796,1.3221213248912012,0.6665812107984532,0.0,0.0,0.7112852261709011,0.7289234991700922,0.0176382729991911,3.0,7.0,False,79.23750667572023,96.03489470481873,99.10000038146973,65.42499778792262,151.53327037096025,189.3929944038391,170.55999755859375,177.3949949434027,33.675002593547106
2713571,False,B,Monterey,15.52385307793617,-121.77613,36.726626,,,2022-10-25,T20 > T4,not a unit (sequence B/C),,,,,,,,,,,,,,,,,False,,,,,,,,,
2713559,True,A,Monterey,15.988253304756048,-121.672127,36.769375,45.4546764300544,0.2784500082388569,,T20,not_flooded,0.0,1.0,0.0206723984928497,0.0574346440885087,0.0005528157232429,-13.918899095150634,-13.78020697128283,0.1386921238678038,0.6987776266819186,0.2648278269977743,0.7629729847684723,0.2780759881251558,0.3169360422814267,0.0388600541562709,3.0,7.834780837661299,False,79.23750667572023,69.93129867315292,65.94000053405762,64.07499833405018,151.53327037096025,132.36049795150757,122.19000005722046,159.3199963029474,15.162508341670048
2724048,True,A,Monterey,1.8064076476723283,-121.69318,36.858329,11.579189663923293,0.1055729581152058,,T20,unknown,0.0,0.0,0.0,0.1201181911613566,0.0,-8.705969504113884,-8.063784619352012,0.642184884761873,0.7828788551741095,0.0,0.0873586844809866,0.193645333506246,0.2857519810640902,0.0921066475578442,3.0,7.0,False,79.23750667572023,96.03489470481873,96.6399998664856,68.78499916661531,151.53327037096025,189.3929944038391,166.68999886512756,163.3999965954572,27.85500069987029
2713393,True,A,Monterey,0.95587889225328,-121.711559,36.862229,10.03973509457662,0.2011878349095581,,T20,unknown,0.0,0.0,0.0,0.0,0.0,-12.608907853275737,-10.935391035983075,1.6735168172926578,-0.2808455122337037,0.0324500611496127,0.2460660415817365,0.093089196361416,0.1932569484837289,0.1001677521223128,3.0,7.0,False,79.23750667572023,96.03489470481873,99.21000027656557,65.42499778792262,151.53327037096025,189.3929944038391,169.76999819278717,177.3949949434027,33.785002488642945
2717458,True,A,Monterey,13.214692672549434,-121.670204,36.726618,24.608603118527395,0.0517534254449571,,T20,not_flooded,0.0,0.8058122468150063,0.0044912816297774,0.0622262666588387,0.0029941877531849,-12.137781433775482,-11.884383956319647,0.2533974774558327,0.2318383580084138,0.0103152703575412,0.3263312393588916,0.3097646964944122,0.4262967455372594,0.1165320490428472,3.0,5.93719837961604,False,79.23750667572023,67.50299942493439,58.980000495910645,64.07499833405018,151.53327037096025,118.26299607753754,107.05000078678133,159.3199963029474,20.25750617980958
2712708,True,A,Monterey,3.5458754508097723,-121.737311,36.846333,63.76522076555336,0.9166334959157452,,T20,unknown,0.0,0.2484975633208768,0.0,0.0163465110688607,0.0,-13.091045132689349,-11.852032433254154,1.239012699435193,1.26253994166016,0.033392338119277,0.3049891824559104,0.1818247248679897,0.3231493047291188,0.141324579861129,2.881706330994996,7.0,False,79.23750667572023,76.29919791221619,102.02000093460084,65.42499778792262,151.53327037096025,151.43509650230408,175.0899999141693,177.3949949434027,36.59500314667822
2712616,True,A,Monterey,3.3734705333392845,-121.719047,36.799492,47.53473013386312,0.8298184727898522,,T20,unknown,0.0,0.3483990740528523,0.0,0.0751988265224267,0.0,-7.541172285720317,-5.460640888600307,2.0805313971200103,1.9007494732106087,0.0,0.4163095047099539,0.5070775109405454,0.4764843439399296,-0.0305931670006157,3.0,7.0,False,79.23750667572023,67.2044968008995,80.08999872207642,65.42499778792262,151.53327037096025,147.39299750328064,143.81000018119812,177.3949949434027,14.665000934153795
2712604,True,A,Monterey,2.6994899536564647,-121.721381,36.865792,7.672316773764494,0.1917169283505191,,T20,unknown,0.0,0.0,0.0,0.0146635997699827,0.0,-9.70965393578482,-9.834218577508992,-0.1245646417241701,-0.3295009122879087,0.0,0.1211615871190339,0.407036131609696,0.3202046237011932,-0.0868315079085028,3.0,8.0,False,79.23750667572023,96.03489470481873,103.25000143051147,65.42499778792262,151.53327037096025,189.3929944038391,176.7799986600876,177.3949949434027,37.825003642588854
2712552,True,A,Monterey,11.087110147155498,-121.755914,36.69066,7.975354541065435,0.0516520557458702,,T20,not_flooded,0.0,1.0,0.0032417293891125,0.0082408541921932,0.0,-11.811208273694213,-11.317468474292,0.4937397994022117,0.8185375613165,0.0384596534220199,0.3203430771923683,0.2007672753912877,0.2781159705894958,0.0773486951982081,3.0,9.0,False,79.23750667572023,57.39879907667637,57.40999937057495,74.6749985376373,151.53327037096025,115.37749803066254,112.85000038146973,169.58999579306692,21.838707599043857
2722488,False,B,Monterey,16.23780947769665,-121.76914,36.86499,,,2022-10-26,T20 > G6 > T30 > T20,not a unit (sequence B/C),,,,,,,,,,,,,,,,,False,,,,,,,,,
2712444,True,A,Monterey,0.6251648329789894,-121.728761,36.887431,79.39799247406694,2.4808110788540363,,T20,not_flooded,0.0,1.0,0.0,0.0,0.0,-7.77604959018886,-4.908420753683102,2.867628836505758,1.4168885540984473,0.0,0.0,0.6427966302158638,0.5727874060047972,-0.0700092242110665,3.0,8.0,False,79.23750667572023,96.03489470481873,108.16000175476074,65.42499778792262,151.53327037096025,189.3929944038391,187.1999968290329,177.3949949434027,42.73500396683812
2717466,True,A,Monterey,24.289476382522537,-121.675042,36.761728,1.8217514749789347,0.050854314116824,,T20,not_flooded,0.0,1.0,0.0016269291871096,0.0201165008900259,0.0,-13.097671710115508,-12.442999143357053,0.6546725667584568,0.477266039516536,0.0746632894594128,0.3659984560123006,0.1587147887621493,0.2230095271720921,0.0642947384099428,3.0,6.542029004000329,False,79.23750667572023,69.93129867315292,63.12000119686127,64.07499833405018,151.53327037096025,132.36049795150757,117.75999999046326,159.3199963029474,16.11750547885896
2717115,True,A,Monterey,15.211138213275513,-121.733765,36.674683,9.916060246735707,0.2453718540833977,,T20,not_flooded,0.0,1.0,0.0013010801516396,0.0236286360087963,0.0,-12.8034126700154,-11.175597491960502,1.627815178054897,1.358973500529693,0.0085310039746723,0.2517768673051314,0.2535927943408734,0.3162255415592385,0.062632747218365,3.0,6.1544560719624855,False,79.23750667572023,58.28349870443344,54.72000026702881,74.6749985376373,151.53327037096025,115.29659640789032,100.40000049769878,169.58999579306692,24.517506408691418
2712154,True,A,Monterey,14.406888240507705,-121.752405,36.695858,5.427748074358708,0.0286040381128706,,T20,not_flooded,0.0,1.0,0.0096213448322328,0.058250909580919,0.0,-13.322612658214272,-13.152697869994604,0.1699147882196676,0.7005789497754922,0.0632259803261015,0.6037407357498988,0.0851162940530406,0.1205885132892227,0.035472219236182,3.0,9.0,False,79.23750667572023,57.39879907667637,56.96999883651733,74.6749985376373,151.53327037096025,115.37749803066254,111.16999995708466,169.58999579306692,22.2675078392029
2725670,True,A,Monterey,17.8194310836221,-121.745874,36.725914,6.68740657278929,1.562781710275663,,T20,not_flooded,0.0,1.0,0.0,0.0493447824137946,0.0,-11.420022444933457,-10.880529727866474,0.5394927170669828,0.4164599465811438,0.0066239864908974,0.5056556310413409,0.1178567524753898,0.1762967501208638,0.0584399976454739,3.0,9.0,False,79.23750667572023,57.39879907667637,59.30000114440918,68.87999911978841,151.53327037096025,115.37749803066254,118.07000029087068,172.6099964324385,21.838707599043857
2717120,True,A,Monterey,30.647878347830986,-121.697261,36.735983,19.283484919026485,0.9891970470467372,,T20,not_flooded,0.0,1.0,0.0032245990116287,0.0644717474544636,0.0,-11.75750517440438,-11.554937739606714,0.2025674347976647,-0.1651616167214626,0.009074400983313,0.4507433016858961,0.2816505625592859,0.3798343146741891,0.0981837521149032,3.0,6.879546684606397,False,79.23750667572023,62.81339757144451,59.81999850273132,64.07499833405018,151.53327037096025,129.51649737358093,113.22999954223631,159.3199963029474,19.417508172988903
2725671,True,A,Monterey,12.634713038322069,-121.703523,36.739577,15.67805057800002,1.3886179068568647,,T20,not_flooded,0.0,1.0,0.0158411710932371,0.0899057014718423,0.0046934530930776,-12.89142914476075,-13.309316617358208,-0.4178874725974584,-0.7860938277859582,0.025448945660243,0.5587847330866968,0.3198120081167745,0.3451632646443009,0.0253512565275264,3.0,7.0,False,79.23750667572023,62.81339757144451,59.81999850273132,68.87999911978841,151.53327037096025,129.51649737358093,113.22999954223631,172.6099964324385,19.417508172988903
2722491,False,B,Monterey,9.81494935912288,-121.793472,36.825379,,,2022-10-19,T20 > G6,not a unit (sequence B/C),,,,,,,,,,,,,,,,,False,,,,,,,,,
2722493,True,A,Monterey,12.851293447933651,-121.692218,36.678065,10.251870829042089,1.8391394194315576,,T20,not_flooded,0.0,1.0,0.0072791527958701,0.115706566314469,0.001537849182226,-13.638026058110066,-13.570283050286273,0.067743007823795,0.1936548838880387,0.1115513581319053,0.7463031311815513,0.0196070360187121,0.0809913898169185,0.0613843537982064,3.0,6.763436580305885,False,79.23750667572023,66.03359851241112,54.82000017166138,69.01499871443957,151.53327037096025,122.2720977179706,96.5999993532896,159.37999580148607,24.41750650405885
2711481,True,A,Monterey,12.919465013038376,-121.751839,36.753326,3.494482602541777,0.1863727523001793,,T20,not_flooded,0.0,1.0,0.0,0.0755125544345405,0.0,-10.629982780218514,-10.074125761218534,0.5558570189999799,0.1672003648855433,0.0,0.4122569190349939,0.348932085200799,0.3359074864061862,-0.0130245987946127,3.0,9.0,False,79.23750667572023,60.21640041237697,63.01999807357788,68.87999911978841,151.53327037096025,124.70359752327204,128.37999939918518,172.6099964324385,19.021106263343256
2711345,True,A,Monterey,2.443415559198721,-121.679077,36.852487,48.342847700995314,0.902609835545745,,T20,not_flooded,0.0,1.0,0.0,0.0402589201136722,0.0,-6.941598954724784,-6.069662745426352,0.8719362092984317,0.5136270613536329,0.0,0.0,0.5180874649530561,0.5309137526185572,0.012826287665501,3.0,5.307988632775498,False,79.23750667572023,92.7891993522644,97.3200023174286,68.78499916661531,151.53327037096025,183.41999793052676,168.8300006389618,163.3999965954572,28.535003150813296
2711255,True,A,Monterey,7.265849441612169,-121.74993,36.698965,5.460150554026878,0.0768914395791307,,T20,not_flooded,0.0,1.0,0.00272537807941,0.0807566932079303,0.0,-13.838092156051111,-13.10730207998833,0.7307900760627817,0.5702863700971594,0.2361246192486508,0.5789451183669111,0.0847122888976066,0.1316703803957143,0.0469580914981077,3.0,9.0,False,79.23750667572023,57.39879907667637,56.96999883651733,74.6749985376373,151.53327037096025,115.37749803066254,111.16999995708466,169.58999579306692,22.2675078392029
2711119,True,A,Monterey,20.68830077044077,-121.753389,36.703869,7.295100924365392,0.2564733245202377,,T20,not_flooded,0.0,1.0,0.0019110571518503,0.0652682224920185,0.0,-14.60097102961178,-14.039595662202732,0.5613753674090489,1.098195739137049,0.3711722649399703,0.8561273738327562,0.080620166800238,0.1139082899542867,0.0332881231540486,3.0,9.0,False,79.23750667572023,57.39879907667637,57.619998931884766,68.87999911978841,151.53327037096025,115.37749803066254,113.94999849796297,172.6099964324385,21.838707599043857
2710878,True,A,Monterey,1.2137513085415077,-121.709326,36.851304,48.75960361503548,1.0131190843161362,,T20,unknown,0.0,0.0,0.0252197172334734,0.0,0.0,-8.459497272873683,-9.581084796414414,-1.1215875235407309,-0.9976217814601718,0.0,0.0,0.526747649349296,0.5457738882594771,0.0190262389101811,3.0,6.288561966628456,False,79.23750667572023,84.8016973733902,103.60999822616576,65.42499778792262,151.53327037096025,168.91129660606384,175.35000038146973,177.3949949434027,38.18500043824314
2710838,True,A,Monterey,1.7237420146376887,-121.709693,36.878636,100.93772565468586,1.955909118455964,,T20,unknown,0.0,0.0,0.0,0.0124131749943983,0.0,-10.267850194237694,-9.790444830896496,0.4774053633411963,1.484506325772907,0.0,0.5616849652699978,0.183932698165959,0.2919311740841535,0.1079984759181944,2.0,8.395115393233251,False,79.23750667572023,96.03489470481873,111.60999917984007,65.42499778792262,151.53327037096025,189.3929944038391,189.0700025558472,177.3949949434027,46.18500139191745
2710795,False,B,Monterey,18.21777388530037,-121.664622,36.735103,,,2022-10-19,T20 > T30,not a unit (sequence B/C),,,,,,,,,,,,,,,,,False,,,,,,,,,
2710792,True,A,Monterey,5.569982680352663,-121.796569,36.863239,3.344426557055534,0.4910339167737942,,T20,not_flooded,0.0,1.0,0.0,0.0134371468039683,0.0,-11.684703407941592,-9.396642585455032,2.2880608224865604,2.0795867612296206,0.0,0.1929758466239692,0.3188794074235417,0.3808477078319962,0.0619683004084544,6.0,14.0,False,79.23750667572023,97.8693985939026,100.87000107765198,65.42499778792262,151.53327037096025,183.5908932685852,184.08999909460545,177.3949949434027,35.44500328972936
2710733,True,A,Monterey,5.0939201623464605,-121.701995,36.870106,73.82389104528747,1.0767754248091337,,T20,unknown,0.0,0.0,0.0,0.0641142371543901,0.0,-13.920275653912965,-12.772052419265489,1.1482232346474746,1.611185074997996,0.2631339342620413,0.8371726000789097,0.3202647665700002,0.4199614283919077,0.0996966618219074,2.0,6.681765759203617,False,79.23750667572023,96.03489470481873,109.099999666214,65.42499778792262,151.53327037096025,189.3929944038391,184.22000432014465,177.3949949434027,43.67500187829138
2722497,False,B,Monterey,10.251762288266844,-121.787941,36.837095,,,2022-11-20,T20 > T30,not a unit (sequence B/C),,,,,,,,,,,,,,,,,False,,,,,,,,,
2710571,False,B,Monterey,18.021289265739057,-121.712031,36.68377,,,2022-10-10,T20 > T30,not a unit (sequence B/C),,,,,,,,,,,,,,,,,False,,,,,,,,,
2724052,True,A,Monterey,10.904523350460568,-121.710668,36.911371,12.81935212498269,0.1057862462339526,,T20,flooded,0.4877996909160512,1.0,0.0,0.1838057024570756,0.0,-10.949742936657604,-10.634572873485476,0.3151700631721272,0.3506674075686113,0.0,0.325785824672839,0.1008587435134123,0.1072488717691081,0.0063901282556957,2.0,7.780748890558762,False,79.23750667572023,104.31609773635864,109.24000072479248,69.51999836880714,151.53327037096025,198.88559532165527,190.33999955654144,182.43499598558992,39.72000235598534
2724053,False,B,Monterey,19.821424455958677,-121.798198,36.869256,,,2022-12-04,T20 > X,not a unit (sequence B/C),,,,,,,,,,,,,,,,,False,,,,,,,,,
2722503,False,B,Monterey,7.544148626784332,-121.763403,36.871251,,,2022-11-03,T20 > T30 > T20,not a unit (sequence B/C),,,,,,,,,,,,,,,,,False,,,,,,,,,
2710215,True,A,Monterey,1.990298519518919,-121.79943,36.861239,2.6478026629191254,0.2363229265692842,,T20,unknown,0.1249269148314168,1.0,0.0,0.0,0.0,-10.987343733336484,-10.297898628261104,0.6894451050753805,0.2432485143668952,0.0,0.0175014617033716,0.268724145212152,0.2151160179703259,-0.053608127241826,6.0,14.0,False,79.23750667572023,97.8693985939026,99.50000047683716,67.69999848026782,151.53327037096025,183.5908932685852,184.7200013399124,191.6849961988628,31.800001996569335
2710214,True,A,Monterey,2.906130956178791,-121.796727,36.863993,3.50697934511486,0.4769623094810226,,T20,not_flooded,0.0010697475395806,1.0,0.0,0.0,0.0,-11.429465299753597,-9.608217191579794,1.8212481081738008,1.8225656103907328,0.0025673940949935,0.18362216516902,0.3133771618091726,0.3696061967990441,0.0562290349898714,6.0,14.0,False,79.23750667572023,97.8693985939026,100.87000107765198,65.42499778792262,151.53327037096025,183.5908932685852,184.08999909460545,177.3949949434027,35.44500328972936
2710213,True,A,Monterey,6.034919743719923,-121.796998,36.862631,3.2146312800064534,0.4528433148470654,,T20,not_flooded,1.2819526703074124e-05,1.0,0.0,0.0032689793092839,0.0,-11.832691002220162,-10.498704192362096,1.3339868098580665,1.419182329170642,0.0,0.2732866702561341,0.280367173939795,0.3147426069263619,0.0343754329865669,6.0,14.0,False,79.23750667572023,97.8693985939026,100.87000107765198,65.42499778792262,151.53327037096025,183.5908932685852,184.08999909460545,177.3949949434027,35.44500328972936
2710199,True,A,Monterey,0.6672516617014916,-121.796781,36.86206,3.2778312828658653,0.4721667104544145,,T20,not_flooded,0.0,1.0,0.0,0.0,0.0,-14.463198158553343,-13.357809260402965,1.105388898150382,1.0259227457808464,0.3133107397452378,0.1578824354329788,0.3186756565938754,0.319425345080136,0.0007496884862606,6.0,14.0,False,79.23750667572023,97.8693985939026,100.87000107765198,65.42499778792262,151.53327037096025,183.5908932685852,184.08999909460545,177.3949949434027,35.44500328972936
2722504,True,A,Monterey,5.0127356721985885,-121.704869,36.799815,72.69787361588727,1.9162904141153771,,T20,unknown,0.0,0.0,0.0,0.0157307876189448,0.0,-8.664672215136495,-7.1221569705667545,1.5425152445697403,1.2008807664146983,0.0,0.2297466109406085,0.3929265094371315,0.5328621135876108,0.1399356041504793,3.0,7.0,False,79.23750667572023,67.2044968008995,84.36000108718872,65.42499778792262,151.53327037096025,147.39299750328064,150.33999872207642,177.3949949434027,18.9350032992661
2710060,False,B,Monterey,1.2465956338036537,-121.694407,36.798651,,,2022-11-20,T20 > X,not a unit (sequence B/C),,,,,,,,,,,,,,,,,False,,,,,,,,,
2710027,False,B,Monterey,4.064734737768487,-121.718293,36.785559,,,2023-03-04,T20 > T30,not a unit (sequence B/C),,,,,,,,,,,,,,,,,False,,,,,,,,,
2722508,False,B,Monterey,8.120652473327048,-121.721342,36.734218,,,2022-11-28,T20 > T4,not a unit (sequence B/C),,,,,,,,,,,,,,,,,False,,,,,,,,,
2717483,False,B,Monterey,21.26489705713632,-121.689569,36.786718,,,2022-10-26,T20 > X,not a unit (sequence B/C),,,,,,,,,,,,,,,,,False,,,,,,,,,
2717144,False,B,Monterey,10.048265877111232,-121.740703,36.689603,,,2022-10-03,T20 > T4 > T30,not a unit (sequence B/C),,,,,,,,,,,,,,,,,False,,,,,,,,,
2717163,True,A,Monterey,12.010757324318508,-121.736304,36.694513,8.008529102670828,0.96813604480941,,T20,not_flooded,0.0,1.0,0.0107819317251735,0.0528140648462624,0.0,-12.562390127042589,-12.615830574151143,-0.0534404471085565,-0.4812938391139667,0.0016433906694077,0.2828436458783118,0.6347043429749344,0.5806555629862301,-0.0540487799887042,3.0,7.0,False,79.23750667572023,57.39879907667637,56.08000183105469,74.6749985376373,151.53327037096025,115.37749803066254,106.24999958276749,169.58999579306692,23.15750484466554
2722516,True,A,Monterey,19.381246972450203,-121.685685,36.711349,19.29891827899272,1.331949532476798,,T20,not_flooded,0.0,1.0,0.0020556957570279,0.0452892971840167,0.0,-12.312807796831564,-11.892783232444469,0.4200245643870968,0.4532654502172679,0.0101984906233877,0.5665041573847069,0.6274060758145725,0.5749675732372975,-0.052438502577275,3.0,5.635110003719453,False,79.23750667572023,67.50299942493439,57.74000096321106,64.07499833405018,151.53327037096025,118.26299607753754,104.48999834060668,159.3199963029474,21.497505712509167
2725676,True,A,Monterey,34.35562322823219,-121.725192,36.911279,11.097625005414416,0.0715348418473876,,T20,unknown,0.0157450716462659,0.0157450716462659,0.0,0.0300990847825401,0.0,-7.676579617154941,-4.576601498792223,3.099978118362718,2.648999466203798,0.0,0.3879410083148383,0.1094822736245907,0.0909526071589112,-0.0185296664656795,3.0,7.107791278198196,False,79.23750667572023,104.31609773635864,106.849999666214,69.51999836880714,151.53327037096025,198.88559532165527,189.35999763011927,182.43499598558992,37.33000129740687
2725677,True,A,Monterey,45.47184468940493,-121.73077,36.907109,10.860298841215748,0.3678751261626146,,T20,unknown,0.0,0.4011851892169554,0.0,0.0159901891914417,0.0,-6.73404690386108,-4.418033845805111,2.316013058055969,2.0430267442229413,0.0,0.3860964786204998,0.1219778734047785,0.1770044805544421,0.0550266071496635,3.0,7.094990330366392,False,79.23750667572023,101.1646978855133,105.47999918460846,69.51999836880714,151.53327037096025,198.1424939632416,190.20000100135803,182.43499598558992,35.96000081580132
2722520,True,A,Monterey,16.682470951734025,-121.725485,36.905574,11.00601277379572,0.5569158950627006,,T20,not_flooded,0.0256579099909573,1.0,0.0,0.0035474970437524,0.0,-7.625666482271029,-3.2352533904134213,4.390413091857608,4.139646802649482,0.0,0.4563796981149575,0.1135654031251569,0.1444891378473958,0.0309237347222388,2.996897679055855,7.158779475526907,False,79.23750667572023,104.31609773635864,106.849999666214,69.51999836880714,151.53327037096025,198.88559532165527,189.35999763011927,182.43499598558992,37.33000129740687
2722521,False,B,Monterey,6.967333297987734,-121.737305,36.90207,,,2022-11-28,T20 > X,not a unit (sequence B/C),,,,,,,,,,,,,,,,,False,,,,,,,,,
2722522,False,B,Monterey,26.870005550982427,-121.734827,36.901435,,,2023-01-30,T20 > X,not a unit (sequence B/C),,,,,,,,,,,,,,,,,False,,,,,,,,,
2722523,False,B,Monterey,42.33576602032115,-121.730907,36.90171,,,2022-11-28,T20 > G6,not a unit (sequence B/C),,,,,,,,,,,,,,,,,False,,,,,,,,,
2718169,True,A,Monterey,2.8664172255414746,-121.685165,36.88189,51.85566265520065,1.8227061362170145,,T20,unknown,0.0,0.0,0.0,0.0,0.0,-14.0075092244944,-13.237696305597613,0.7698129188967879,0.502295375998516,0.300197355970694,0.5429992700532592,0.1723595403271592,0.2121277734648943,0.0397682331377351,2.5892292303117146,8.0,False,79.23750667572023,91.63209509849548,103.75999915599824,68.78499916661531,151.53327037096025,192.11849355697632,177.41000032424927,163.3999965954572,34.97499998938294
2718452,True,A,Monterey,1.779600911449991,-121.682579,36.882502,41.1446649685436,1.754041339835534,,T20,unknown,0.0,0.0,0.0070103631455194,0.0111033701994252,0.0,-15.227384311628436,-14.46477137630506,0.762612935323375,0.3671309510275709,0.6611948097187148,0.6667247235043108,0.1593192017436946,0.194625466832633,0.0353062650889384,2.64020726291039,8.007358704171384,False,79.23750667572023,91.63209509849548,103.75999915599824,68.78499916661531,151.53327037096025,192.11849355697632,177.41000032424927,163.3999965954572,34.97499998938294
2718453,True,A,Monterey,1.298174222463374,-121.683936,36.88111,33.49093346973667,1.6881734141804683,,T20,unknown,0.0,0.0,0.0,0.0883348174532502,0.0,-14.535578640171096,-13.398871541666194,1.1367070985049017,1.4421904736902995,0.4460077174235679,0.6110418521816564,0.0856189728313965,0.1695659853046957,0.0839470124732991,3.0,7.954170376966461,False,79.23750667572023,91.63209509849548,103.75999915599824,68.78499916661531,151.53327037096025,192.11849355697632,177.41000032424927,163.3999965954572,34.97499998938294
2722526,False,B,Monterey,12.62812935629215,-121.789434,36.821451,,,2022-11-12,T20 > T30,not a unit (sequence B/C),,,,,,,,,,,,,,,,,False,,,,,,,,,
2724056,False,B,Monterey,32.048411285315304,-121.785069,36.827942,,,2022-11-10,T20 > T4 > T30,not a unit (sequence B/C),,,,,,,,,,,,,,,,,False,,,,,,,,,
2718960,True,A,Monterey,0.4159466552427966,-121.742086,36.843912,26.88473284527573,0.4164985321633516,,T20,unknown,0.0,0.2918302486446064,0.0,0.0,0.0,-12.46786577228502,-11.774332149493366,0.6935336227916533,2.212738006033973,0.0,0.0,0.2850856163313866,0.4856629652784436,0.2005773489470569,3.0,7.0,False,79.23750667572023,76.29919791221619,102.02000093460084,65.42499778792262,151.53327037096025,151.43509650230408,175.0899999141693,177.3949949434027,36.59500314667822
2722529,False,B,Monterey,28.88892528084156,-121.768168,36.849387,,,2022-10-18,T20 > G6 > T30 > T20,not a unit (sequence B/C),,,,,,,,,,,,,,,,,False,,,,,,,,,
2722530,False,B,Monterey,50.03849201303741,-121.765473,36.836404,,,2022-11-04,T20 > T30,not a unit (sequence B/C),,,,,,,,,,,,,,,,,False,,,,,,,,,
2722531,False,B,Monterey,19.29477138898135,-121.786606,36.83171,,,2022-11-04,T20 > X,not a unit (sequence B/C),,,,,,,,,,,,,,,,,False,,,,,,,,,
2722532,False,B,Monterey,18.510677669342613,-121.795839,36.831687,,,2022-11-11,T20 > T30,not a unit (sequence B/C),,,,,,,,,,,,,,,,,False,,,,,,,,,
2718667,True,A,Monterey,1.670150470474471,-121.78849,36.840989,7.726929722522162,2.295053598488543,,T20,not_flooded,0.0,0.9996290285184326,0.0,0.0118247159749594,0.0,-15.12251559461122,-13.21648666345208,1.9060289311591416,0.5671587910453244,0.6510085787155114,0.8057964293994899,0.3988844523870998,0.4016224799729985,0.0027380275858986,6.0,14.0,False,79.23750667572023,85.13939964771271,96.91000127792358,65.42499778792262,151.53327037096025,163.0049946308136,175.61999958753586,177.3949949434027,31.485003490000963
2718668,True,A,Monterey,1.319548939007201,-121.788263,36.84035,7.213460764923976,2.3552441738360472,,T20,not_flooded,0.0,0.9993522934699404,0.0,0.0,0.0,-15.089299976382526,-14.765888630766412,0.3234113456161136,1.345167909435018,0.5289407054112936,0.6234469763881527,0.4400371173849124,0.4302914739760635,-0.0097456434088489,6.0,14.0,False,79.23750667572023,85.13939964771271,96.91000127792358,65.42499778792262,151.53327037096025,163.0049946308136,175.61999958753586,177.3949949434027,31.485003490000963
2718669,True,A,Monterey,1.0359155312211243,-121.787736,36.841184,8.73659718335297,2.333898506078397,,T20,not_flooded,0.0,0.5262451535937965,0.0,0.0,0.0,-15.257809931151671,-12.54260184714946,2.715208084002212,2.713011876904261,0.7095138681777512,0.997241276468834,0.3424924568181745,0.3764238360032656,0.0339313791850911,6.0,14.0,False,79.23750667572023,85.13939964771271,96.91000127792358,65.42499778792262,151.53327037096025,163.0049946308136,175.61999958753586,177.3949949434027,31.485003490000963
2718670,True,A,Monterey,0.8363637915358383,-121.787139,36.841288,9.683022222198506,2.3681575776062336,,T20,unknown,0.0,0.0058150267675835,0.0,0.0,0.0,-14.328989737486186,-13.300141191982098,1.028848545504088,0.6386869604293359,0.3301642975816872,0.9187742292781982,0.4109877546843797,0.3693127044388372,-0.0416750502455425,6.0,14.0,False,79.23750667572023,85.13939964771271,96.91000127792358,65.42499778792262,151.53327037096025,163.0049946308136,175.61999958753586,177.3949949434027,31.485003490000963
2718671,True,A,Monterey,1.6532409279677702,-121.787218,36.840566,9.722951708672252,2.412852636548957,,T20,unknown,0.0,0.2206796615715421,0.0,0.0,0.0,-13.330814891181866,-11.901915704160231,1.4288991870216332,2.1441687884638423,0.1719253961576216,0.8801944561305101,0.3619105821104564,0.4091373231755296,0.0472267410650731,6.0,14.0,False,79.23750667572023,85.13939964771271,96.91000127792358,65.42499778792262,151.53327037096025,163.0049946308136,175.61999958753586,177.3949949434027,31.485003490000963
2722534,True,A,Monterey,27.10492977250176,-121.75996,36.839687,37.08503247268132,0.8297599939493754,,T20,not_flooded,0.0,0.8802081696891451,0.0065552886469255,0.0017195136232894,0.0,-12.481356266562711,-11.783328566000383,0.6980277005623279,0.8497366072624146,0.0247672801121968,0.0259326647605391,0.6597636138410776,0.2194028472967145,-0.440360766544363,3.0,7.0,True,79.23750667572023,76.29919791221619,96.53000068664552,65.42499778792262,151.53327037096025,151.43509650230408,170.6199996471405,177.3949949434027,31.1050028987229
2718602,True,A,Monterey,0.719041063595839,-121.787942,36.841918,9.47291623349067,2.2685639861555917,,T20,not_flooded,0.0,1.0,0.0,0.0,0.0,-13.795150722976382,-12.716174567036,1.0789761559403832,0.6861181412506028,0.4989203195854026,0.7746706974735478,0.3856957081686828,0.3505953986948238,-0.035100309473859,6.0,14.0,False,79.23750667572023,85.13939964771271,96.91000127792358,65.42499778792262,151.53327037096025,163.0049946308136,175.61999958753586,177.3949949434027,31.485003490000963
2724057,True,A,Monterey,5.9235565785365285,-121.787947,36.844836,19.329897233261065,2.065392775629224,,T20,not_flooded,0.0,0.6695828164784227,0.0,0.0180322517464255,0.0,-13.689519587557614,-12.727250463285484,0.9622691242721296,1.4533929187773786,0.2440033949206763,0.8529607625514134,0.4237408876074678,0.4048330658048503,-0.0189078218026174,6.0,14.0,False,79.23750667572023,85.13939964771271,96.91000127792358,65.42499778792262,151.53327037096025,163.0049946308136,175.61999958753586,177.3949949434027,31.485003490000963
2722535,True,A,Monterey,4.4221542251318775,-121.805522,36.850282,2.7802635313617428,0.4655450408399494,,T20,not_flooded,0.0,1.0,0.0,0.0,0.0,-8.287009102650366,-7.521481292540217,0.7655278101101493,0.8198496363069658,0.0,0.1103061134988159,0.6712961035489555,0.6068838732282946,-0.0644122303206609,6.0,17.81447241470046,False,79.23750667572023,85.13939964771271,98.020001411438,67.69999848026782,151.53327037096025,163.0049946308136,180.33999897912145,191.6849961988628,30.32000293117018
2722536,True,A,Monterey,6.52834015705244,-121.80546,36.852107,2.8543399441064,0.3430310235113721,,T20,not_flooded,0.0,1.0,0.0,0.0060463076029354,0.0,-8.9185144854077,-8.066609848463015,0.8519046369446848,0.6322719299729993,0.0,0.1662260370603089,0.6646877506475762,0.6056602241865781,-0.0590275264609981,6.0,16.950242445079372,False,79.23750667572023,85.13939964771271,98.020001411438,67.69999848026782,151.53327037096025,163.0049946308136,180.33999897912145,191.6849961988628,30.32000293117018
2722537,True,A,Monterey,47.09352259397229,-121.799477,36.850584,11.708612889006082,0.8646515822165716,,T20,unknown,0.0,0.3558024488454269,0.0004337649436275,0.0323418544046703,0.0,-13.609233392842487,-12.67039115114697,0.938842241695518,1.240811522669798,0.164642945188594,0.7510674665132716,0.4762385662947865,0.4413106429976556,-0.0349279232971309,6.0,14.0,False,79.23750667572023,85.13939964771271,98.020001411438,67.69999848026782,151.53327037096025,163.0049946308136,180.33999897912145,191.6849961988628,30.32000293117018
2722538,True,A,Monterey,24.349272307763137,-121.802012,36.852082,12.08321984230786,0.5843824704643729,,T20,not_flooded,0.0,0.8554932763923843,0.0016205292457866,0.0375962785022496,0.0,-13.090384073369489,-12.153562598073316,0.9368214752961704,1.0986367345299648,0.0488255929230534,0.7112629960090494,0.6314572910242595,0.5711567080043592,-0.0603005830199002,6.0,14.106621291847786,False,79.23750667572023,85.13939964771271,98.020001411438,67.69999848026782,151.53327037096025,163.0049946308136,180.33999897912145,191.6849961988628,30.32000293117018
2722539,False,B,Monterey,17.46535508578957,-121.790583,36.856368,,,2022-10-19,T20 > G6,not a unit (sequence B/C),,,,,,,,,,,,,,,,,False,,,,,,,,,
2722542,True,A,Monterey,13.201093033972771,-121.69721,36.858027,12.311305567856408,0.0744122506768125,,T20,unknown,0.0,0.0,0.0014944967355502,0.0194284575621534,0.0,-14.892879202039095,-13.719877458652377,1.1730017433867186,0.4180553444202388,0.4915077420791673,0.7884202876466657,0.1341368265102374,0.2226638174035313,0.0885269908932939,2.982066039173396,5.390573535100159,False,79.23750667572023,96.03489470481873,100.98000192642212,68.78499916661531,151.53327037096025,189.3929944038391,172.22999906539917,163.3999965954572,32.19500275980681
2722543,False,B,Monterey,9.318904784708277,-121.768427,36.860679,,,2022-10-27,T20 > G6 > T30 > T20,not a unit (sequence B/C),,,,,,,,,,,,,,,,,False,,,,,,,,,
2722544,False,B,Monterey,17.51817766255594,-121.769235,36.862611,,,2022-11-11,T20 > G6 > T30 > T20,not a unit (sequence B/C),,,,,,,,,,,,,,,,,False,,,,,,,,,
2722545,False,B,Monterey,23.82927236477349,-121.773383,36.861568,,,2022-10-18,T20 > G6,not a unit (sequence B/C),,,,,,,,,,,,,,,,,False,,,,,,,,,
2722546,False,B,Monterey,22.8751647393608,-121.781738,36.861336,,,2022-11-18,T20 > X,not a unit (sequence B/C),,,,,,,,,,,,,,,,,False,,,,,,,,,
2722547,False,B,Monterey,2.815309565627948,-121.780434,36.860381,,,2022-11-27,T20 > X,not a unit (sequence B/C),,,,,,,,,,,,,,,,,False,,,,,,,,,
2722548,True,A,Monterey,5.784371723940602,-121.779944,36.863451,47.30756638924704,1.90648847625968,,T20,not_flooded,0.0,0.5742209479917472,0.0,0.062016023150505,0.0,-9.638992841916012,-8.909478421283605,0.7295144206324071,1.7529214999916976,0.0,0.0249457410037244,0.2097693111000169,0.1714191840916807,-0.0383501270083362,6.0,14.0,False,79.23750667572023,97.8693985939026,104.44999861717224,65.42499778792262,151.53327037096025,183.5908932685852,186.16000068187716,177.3949949434027,39.02500082924962
2722549,True,A,Monterey,26.8347791915202,-121.781704,36.86535,46.74766196545738,1.6522301730294866,,T20,not_flooded,0.0,0.7119849041796261,0.0,0.0435649449198755,0.0,-11.122443675415276,-8.756207662097268,2.3662360133180087,2.555038301030665,0.0,0.0683697552699762,0.2192217081463262,0.1721444536669543,-0.0470772544793719,6.0,14.0,False,79.23750667572023,97.8693985939026,104.44999861717224,65.42499778792262,151.53327037096025,183.5908932685852,186.16000068187716,177.3949949434027,39.02500082924962
2722550,True,A,Monterey,5.128723560295987,-121.779378,36.865262,46.76906769482989,1.788951848553783,,T20,unknown,0.0,0.1991545893719807,0.0,0.1161080917874396,0.0,-10.439221869571334,-9.479046595000668,0.9601752745706662,1.420201868273283,0.0,0.011141304347826,0.2046259472133134,0.1723493587160439,-0.0322765884972695,6.0,14.0,False,79.23750667572023,97.8693985939026,104.44999861717224,65.42499778792262,151.53327037096025,183.5908932685852,186.16000068187716,177.3949949434027,39.02500082924962
2725678,True,A,Monterey,38.57892031588629,-121.721317,36.902367,11.412658089220637,0.923666415913316,,T20,unknown,0.2434636560234577,1.0,0.0,0.0218482746456995,0.0,-8.117627093390722,-7.325084349624899,0.7925427437658223,-0.0015504786103051,0.0,0.9213434053324944,0.1001915233522253,0.1382480956782115,0.0380565723259861,2.5995879272298725,7.014885527547346,False,79.23750667572023,104.31609773635864,108.27999901771544,69.51999836880714,151.53327037096025,198.88559532165527,188.5200012922287,182.43499598558992,38.7600006489083
2722556,False,B,Monterey,34.05598841343333,-121.739905,36.899765,,,2023-02-07,T20 > X,not a unit (sequence B/C),,,,,,,,,,,,,,,,,False,,,,,,,,,
2716470,True,A,Monterey,3.112267761610908,-121.729363,36.885205,29.58189429644005,2.301059375349628,,T20,unknown,0.0,0.0,0.0,0.0825571549534293,0.0,-12.811790598410717,-11.29553235278745,1.5162582456232665,1.594869311967166,0.0381033022861981,0.0881854858793644,0.4856247076908598,0.4192638149574148,-0.0663608927334449,3.0,8.0,False,79.23750667572023,96.03489470481873,108.16000175476074,65.42499778792262,151.53327037096025,189.3929944038391,187.1999968290329,177.3949949434027,42.73500396683812
2718540,True,A,Monterey,1.5325835484599393,-121.728397,36.885253,31.242739952978027,2.3003995105290027,,T20,unknown,0.0,0.0,0.0,0.0,0.0,-14.008021620589185,-13.283035507276832,0.7249861133123527,1.6124315551826491,0.2457837427196757,0.531223094454292,0.3629683648122657,0.3437028649019935,-0.0192654999102722,3.0,8.0,False,79.23750667572023,96.03489470481873,108.16000175476074,65.42499778792262,151.53327037096025,189.3929944038391,187.1999968290329,177.3949949434027,42.73500396683812
2722469,False,B,Monterey,18.15085526569901,-121.787057,36.882655,,,2022-10-19,T20 > X,not a unit (sequence B/C),,,,,,,,,,,,,,,,,False,,,,,,,,,
2722564,True,A,Monterey,22.113074524733825,-121.791889,36.87432,4.105871637309878,0.3212537534278186,,T20,unknown,0.0,0.0026620771197794,0.0,0.0397387596329761,0.0,-12.072821748860546,-10.415905403013866,1.65691634584668,1.477852595977346,0.0066114661713314,0.6723476301916625,0.0603247825972693,0.0906972930238072,0.0303725104265379,6.0,14.0,False,79.23750667572023,97.8693985939026,102.16000175476074,65.42499778792262,151.53327037096025,183.5908932685852,187.08000064827505,177.3949949434027,36.73500396683812
2722565,False,B,Monterey,13.12958758789512,-121.764642,36.870003,,,2022-10-27,T20 > G6,not a unit (sequence B/C),,,,,,,,,,,,,,,,,False,,,,,,,,,
2722566,False,B,Monterey,6.355148913771318,-121.768244,36.868528,,,2022-10-18,T20 > G6 > T30,not a unit (sequence B/C),,,,,,,,,,,,,,,,,False,,,,,,,,,
2722567,False,B,Monterey,9.139875015658207,-121.768881,36.86707,,,2022-10-18,T20 > G6 > T30,not a unit (sequence B/C),,,,,,,,,,,,,,,,,False,,,,,,,,,
2722568,False,B,Monterey,17.78218345118117,-121.775529,36.870929,,,2022-10-25,T20 > G6 > T18,not a unit (sequence B/C),,,,,,,,,,,,,,,,,False,,,,,,,,,
2722569,False,B,Monterey,8.036717191533644,-121.772628,36.870618,,,2022-10-19,T20 > G6 > T18,not a unit (sequence B/C),,,,,,,,,,,,,,,,,False,,,,,,,,,
2722570,False,B,Monterey,8.136123664699179,-121.772445,36.872169,,,2022-10-19,T20 > G6 > T18,not a unit (sequence B/C),,,,,,,,,,,,,,,,,False,,,,,,,,,
2722571,False,B,Monterey,8.281133952739557,-121.774686,36.872613,,,2022-10-25,T20 > G6 > T18,not a unit (sequence B/C),,,,,,,,,,,,,,,,,False,,,,,,,,,
2718454,True,A,Monterey,1.1910724198744118,-121.684529,36.880913,34.23364545752126,1.701933191525892,,T20,unknown,0.0,0.0,0.0,0.0958734704504035,0.0,-16.069536821551647,-14.692625723215636,1.3769110983360129,1.5487067639624428,0.8285602707628222,0.8997656860192658,0.1262373882356766,0.1708407706472672,0.0446033824115906,3.0,7.683350689924498,False,79.23750667572023,91.63209509849548,103.75999915599824,68.78499916661531,151.53327037096025,192.11849355697632,177.41000032424927,163.3999965954572,34.97499998938294
2722574,True,A,Monterey,4.044418464622983,-121.703391,36.879904,95.50186493681574,2.165784088975821,,T20,unknown,0.0,0.0,0.0,0.004888053979451,0.0,-12.944984780576386,-11.787706991246887,1.1572777893294963,0.3300264721332961,0.2149401932218984,0.4191650053672749,0.1582549654339819,0.2585075424872411,0.1002525770532592,2.0,8.0,False,79.23750667572023,96.03489470481873,114.69999885559082,65.42499778792262,151.53327037096025,189.3929944038391,192.58999967575076,177.3949949434027,49.2750010676682
2722575,True,A,Monterey,13.275278279158863,-121.70482,36.877746,71.49090786957346,1.925913670135544,,T20,unknown,0.0,0.0,0.0330552981155391,0.0766840948700462,0.0005129370894317,-13.993464861100572,-14.033224500154782,-0.0397596390542105,0.0915135100115964,0.2431263515600863,0.7903661088475816,0.0992985011115021,0.1563243871105651,0.057025885999063,2.0,7.471668969054737,False,79.23750667572023,96.03489470481873,114.69999885559082,65.42499778792262,151.53327037096025,189.3929944038391,192.58999967575076,177.3949949434027,49.2750010676682
2718958,False,B,Monterey,1.4504460421887728,-121.719036,36.802785,,,2022-10-19,T20 > G6,not a unit (sequence B/C),,,,,,,,,,,,,,,,,False,,,,,,,,,
2716555,False,B,Monterey,8.998651580592584,-121.666743,36.653065,,,2022-11-11,T20 > T4 > T30,not a unit (sequence B/C),,,,,,,,,,,,,,,,,False,,,,,,,,,
2725683,True,A,Monterey,37.74648732226658,-121.69762,36.657766,10.904758255702818,0.9569438715650688,,T20,not_flooded,0.0,1.0,0.0070125622048991,0.0662669663733978,0.0005239388696892,-13.39158483979702,-13.340456780395977,0.0511280594010425,-0.1169383133383323,0.0621247673095019,0.8222573341168447,0.0509777298329839,0.1134584306917549,0.0624807008587709,2.0,7.0,False,79.23750667572023,66.03359851241112,53.52000141143799,69.01499871443957,151.53327037096025,122.2720977179706,92.85999917984007,159.37999580148607,25.717505264282238
2722604,False,B,Monterey,58.02449067348594,-121.686935,36.643222,,,2022-10-18,T20 > T4,not a unit (sequence B/C),,,,,,,,,,,,,,,,,False,,,,,,,,,
2717530,False,B,Monterey,17.127179049730046,-121.714679,36.647326,,,2022-10-18,T20 > T30,not a unit (sequence B/C),,,,,,,,,,,,,,,,,False,,,,,,,,,
2722605,True,A,Monterey,36.845558992546565,-121.710139,36.649537,9.63466319661949,0.4477962816273588,,T20,not_flooded,0.0,1.0,0.8325707553631606,0.8351314156130729,0.7925085408030146,-10.373484336986325,-20.579331171637524,-10.2058468346512,-1.3873640990630882,0.0010748450431729,0.068577221293734,0.0965243617334668,0.0614299196251649,-0.0350944421083019,2.0422645931290004,7.0,True,79.23750667572023,66.03359851241112,53.32000017166138,74.6749985376373,151.53327037096025,122.2720977179706,92.58999943733215,169.58999579306692,25.91750650405885
2722611,True,A,Monterey,31.38358181747721,-121.720118,36.652784,10.9344953439664,0.6264436875941474,,T20,not_flooded,0.0,1.0,0.0,0.0011277972339288,0.0,-13.823660781937004,-8.63706590291467,5.186594879022332,4.586307201345717,0.2048015472586612,0.7479496844146335,0.1404756963053013,0.1846609343642954,0.0441852380589941,2.19290526503235,7.361221582477591,False,79.23750667572023,66.03359851241112,53.03999996185303,74.6749985376373,151.53327037096025,122.2720977179706,95.3199999332428,169.58999579306692,26.1975067138672
2722612,True,A,Monterey,29.68117070106241,-121.717325,36.651463,11.450497156344785,0.5856148904653568,,T20,not_flooded,0.0,1.0,0.0008544909115614,0.0345898966248915,0.0,-13.601034843660628,-11.185022862019467,2.4160119816411605,2.347309127507192,0.112620334270573,0.7323300686728474,0.1461040553684753,0.2517530613923626,0.1056490060238873,2.022642702595353,7.045314149533299,False,79.23750667572023,66.03359851241112,53.03999996185303,74.6749985376373,151.53327037096025,122.2720977179706,95.3199999332428,169.58999579306692,26.1975067138672
2725685,True,A,Monterey,19.124623230082005,-121.75034,36.68943,6.721651611065998,0.4005498365897463,,T20,unknown,0.2019930697006338,1.0,0.3690059808321229,0.3316278088405949,0.289335940986959,-13.720570319029802,-15.468187326924893,-1.7476170078950908,2.5941436093607173,0.1469239695845877,0.5025806032768791,0.107645279950158,0.1435804580806027,0.0359351781304446,3.0,8.845151630730264,True,79.23750667572023,57.39879907667637,55.97000074386597,74.6749985376373,151.53327037096025,115.37749803066254,107.3200011253357,169.58999579306692,23.26750593185426
2722648,False,B,Monterey,8.317148296306492,-121.756881,36.698587,,,2022-10-18,T20 > G6,not a unit (sequence B/C),,,,,,,,,,,,,,,,,False,,,,,,,,,
2718168,False,B,Monterey,13.66532162609334,-121.778637,36.738846,,,2022-10-17,T20 > T18 > T30,not a unit (sequence B/C),,,,,,,,,,,,,,,,,False,,,,,,,,,
2722660,True,A,Monterey,43.78261983932676,-121.733937,36.733858,5.447638598704664,0.5850923395671962,,T20,not_flooded,0.0,1.0,0.0027082569976581,0.062739517009801,0.0,-11.828872811578083,-11.547263610668884,0.2816092009091999,-0.053275555805806,0.0,0.5885520383616639,0.3217744736785106,0.4557272189023542,0.1339527452238436,3.0,8.946217202211214,False,79.23750667572023,60.21640041237697,59.03000092506409,68.87999911978841,151.53327037096025,124.70359752327204,115.989999294281,172.6099964324385,20.20750575065614
2724063,True,A,Monterey,14.021144322704824,-121.674634,36.74087,27.47934380548835,1.5322947767967194,,T20,not_flooded,0.0,0.9806218493904902,0.0198097599034965,0.0759466353842152,0.0,-15.37023853787162,-14.934055939488434,0.4361825983831853,1.119968362112127,0.6538714800325363,0.9405043188596662,0.6974325074969929,0.617165082005558,-0.0802674254914349,3.0,6.0,False,79.23750667572023,69.93129867315292,61.12999963760376,64.07499833405018,151.53327037096025,132.36049795150757,113.70000004768372,159.3199963029474,18.107507038116466
2722666,False,B,Monterey,19.8277095287153,-121.684594,36.731872,,,2022-11-28,T20 > X,not a unit (sequence B/C),,,,,,,,,,,,,,,,,False,,,,,,,,,
2722667,False,B,Monterey,18.860475794126387,-121.682256,36.731273,,,2022-11-28,T20 > X,not a unit (sequence B/C),,,,,,,,,,,,,,,,,False,,,,,,,,,
2722669,False,B,Monterey,20.44000612364557,-121.686089,36.728649,,,2022-11-20,T20 > X,not a unit (sequence B/C),,,,,,,,,,,,,,,,,False,,,,,,,,,
2722670,False,B,Monterey,9.598403495516566,-121.683392,36.72885,,,2022-11-20,T20 > X,not a unit (sequence B/C),,,,,,,,,,,,,,,,,False,,,,,,,,,
2724064,True,A,Monterey,3.380236272389565,-121.662191,36.724462,23.22487615884854,0.2913540776361261,,T20,not_flooded,0.0,1.0,0.0028723746495702,0.0292982214256169,0.0,-11.466283544581612,-12.04654269571973,-0.580259151138117,0.2932386342505726,0.0,0.721678385955237,0.2440265931674946,0.3605081124326326,0.116481519265138,3.0,6.0,False,79.23750667572023,67.50299942493439,59.6399998664856,64.07499833405018,151.53327037096025,118.26299607753754,107.30999946594238,159.3199963029474,19.597506809234623
2724065,True,A,Monterey,31.33244339617005,-121.664859,36.726451,22.16563032237845,0.070303214149434,,T20,not_flooded,0.0,1.0,0.0,0.0668503063962064,0.0,-13.289007991632396,-12.50542918623916,0.7835788053932369,0.6707843312966002,0.1121019076752497,0.5372600556364033,0.2902090218903831,0.359051162812563,0.0688421409221799,3.0,5.975864492689057,False,79.23750667572023,67.50299942493439,59.6399998664856,64.07499833405018,151.53327037096025,118.26299607753754,107.30999946594238,159.3199963029474,19.597506809234623
2724066,True,A,Monterey,12.14479166532105,-121.669012,36.728021,17.908786110161724,0.1041827435709603,,T20,not_flooded,0.0,0.9071433135262924,0.0064852086128681,0.0363746725448853,0.0,-12.817541355494985,-12.390794392964697,0.4267469625302897,0.9499239239014052,0.0515558111302792,0.4192511660596767,0.2710860616282512,0.3633000515006721,0.0922139898724209,3.0,6.348373905820713,False,79.23750667572023,69.93129867315292,59.94000029563904,64.07499833405018,151.53327037096025,132.36049795150757,110.16000032424928,159.3199963029474,19.297506380081188
2722675,False,B,Monterey,12.449028768305986,-121.751659,36.699549,,,2022-10-18,T20 > G6,not a unit (sequence B/C),,,,,,,,,,,,,,,,,False,,,,,,,,,
2722676,False,B,Monterey,15.397997504009933,-121.750454,36.701484,,,2022-10-18,T20 > G6,not a unit (sequence B/C),,,,,,,,,,,,,,,,,False,,,,,,,,,
2722677,False,B,Monterey,15.675598943541823,-121.750017,36.703412,,,2022-10-18,T20 > G6,not a unit (sequence B/C),,,,,,,,,,,,,,,,,False,,,,,,,,,
2724067,False,B,Monterey,20.86010436514373,-121.750107,36.70561,,,2022-10-18,T20 > G6,not a unit (sequence B/C),,,,,,,,,,,,,,,,,False,,,,,,,,,
2722680,False,B,Monterey,19.38463492970775,-121.664586,36.738446,,,2022-10-26,T20 > T30 > T4,not a unit (sequence B/C),,,,,,,,,,,,,,,,,False,,,,,,,,,
2712658,True,A,Monterey,10.283628997210332,-121.748209,36.713423,7.5047031039243,0.4788927288463929,,T20,not_flooded,0.0,1.0,0.0039556663979325,0.0601788714672131,4.5207615976371495e-05,-13.09616786836161,-12.6281803820262,0.4679874863354101,0.6622009337727093,0.0323083762177801,0.683147354224275,0.0806931941364882,0.1763883522419844,0.0956951581054961,3.0,9.0,False,79.23750667572023,57.39879907667637,57.27000045776367,68.87999911978841,151.53327037096025,115.37749803066254,111.39999997615814,172.6099964324385,21.967506217956554
2722727,True,A,Monterey,42.645565538982346,-121.769231,36.726819,3.45822063561589,0.0430715742985934,,T20,not_flooded,0.0,1.0,0.012053863487679,0.0384731409464272,0.0004634004506796,-12.781336641712477,-12.225727034491625,0.5556096072208501,0.0039268694569685,0.0989223667950861,0.8990641128152945,0.0969415337174812,0.1437104893623881,0.0467689556449069,3.202833103147489,9.602386058006836,False,79.23750667572023,57.39879907667637,59.220001220703125,68.87999911978841,151.53327037096025,115.37749803066254,121.34000027179718,172.6099964324385,21.838707599043857
2722728,True,A,Monterey,10.22438699393677,-121.771407,36.725379,3.9661500898277136,0.2371551630731283,,T20,not_flooded,0.0,1.0,0.0157230797222306,0.0607923704400036,0.0,-13.714505363668025,-13.35914704550754,0.3553583181604836,0.8202820028318278,0.1712481426448737,0.9172301907389998,0.1265583109884074,0.171569632244183,0.0450113212557756,5.667791187797556,16.802415319768322,False,79.23750667572023,52.11849948763847,59.220001220703125,68.87999911978841,151.53327037096025,110.21159622073174,121.34000027179718,172.6099964324385,27.119007188081753
2722729,True,A,Monterey,17.2148357430346,-121.771304,36.723291,4.927334989090066,0.2279745969154221,,T20,not_flooded,0.0,1.0,0.0036666831832575,0.0217253230870409,0.0,-11.827915357937208,-11.25561691122869,0.5722984467085173,1.515345356622534,0.0009324366325974,0.5967459312879785,0.1669079750111171,0.2277346356660591,0.0608266606549419,5.186320659102068,15.51665998495488,False,79.23750667572023,52.11849948763847,59.220001220703125,68.87999911978841,151.53327037096025,110.21159622073174,121.34000027179718,172.6099964324385,27.119007188081753
2725688,True,A,Monterey,40.30303140758898,-121.771876,36.693911,36.16789690342518,1.4750968566164009,,T20,not_flooded,0.0,1.0,0.0078945292432373,0.0328210772193863,7.31153086139454e-05,-16.404492693766905,-15.901906349270744,0.5025863444961605,1.1873404733505062,0.8207501245846378,0.9793410771424232,0.1162355517018915,0.1662821516065585,0.0500465999046668,4.804137556832721,14.388861844776208,False,79.23750667572023,52.11849948763847,58.73000192642212,74.6749985376373,151.53327037096025,110.21159622073174,119.07999897003174,169.58999579306692,27.119007188081753
2718033,True,A,Monterey,1.9930747853534168,-121.771222,36.702696,41.89930674376868,1.6354273825825685,,T20,not_flooded,0.0,1.0,0.0,0.0,0.0,-15.085876476505709,-14.184945106154307,0.9009313703513993,0.7709469571039662,0.5087951948203907,0.8802215375014625,0.1941161071015313,0.2239376998023479,0.0298215927008165,5.388860719996878,16.16658215999064,False,79.23750667572023,52.11849948763847,59.45000076293945,68.87999911978841,151.53327037096025,110.21159622073174,122.15000081062315,172.6099964324385,27.119007188081753
2722741,True,A,Monterey,17.82409664075524,-121.707254,36.726173,7.03221770585425,0.1011710399882881,,T20,not_flooded,0.0,1.0,0.0,0.0370803668894852,0.0,-6.166644137812895,-5.909385940232435,0.2572581975804597,0.3088811982956381,0.0,0.0731952351337128,0.6041274955447463,0.6396271938990984,0.035499698354352,3.0,6.627043530071801,False,79.23750667572023,63.64009752869606,58.41999864578247,68.87999911978841,151.53327037096025,120.86589841917156,110.62000036239624,172.6099964324385,20.817508029937756
2700652,True,A,Monterey,2.7599715256020554,-121.700373,36.726845,2.266954889731523,0.0264660792762286,,T20,not_flooded,0.0,1.0,0.4987613049577649,0.1353610124466465,0.1137510073724741,-16.824191222951264,-19.600458119783816,-2.776266896832553,-2.8454248874724257,0.7765416491080209,0.8815002107037508,0.1380965828288554,-0.0844913892770032,-0.2225879721058587,3.0,6.999887624666387,True,79.23750667572023,63.64009752869606,58.77000021934509,68.87999911978841,151.53327037096025,120.86589841917156,109.9400007724762,172.6099964324385,20.467506456375133
2722743,False,B,Monterey,15.591188738159694,-121.689387,36.727656,,,2022-12-14,T20 > T4,not a unit (sequence B/C),,,,,,,,,,,,,,,,,False,,,,,,,,,
2722744,False,B,Monterey,6.06156260327122,-121.698663,36.730321,,,2022-11-27,T20 > T4,not a unit (sequence B/C),,,,,,,,,,,,,,,,,False,,,,,,,,,
2722745,False,B,Monterey,15.687369815494112,-121.701719,36.731413,,,2022-11-27,T20 > T4,not a unit (sequence B/C),,,,,,,,,,,,,,,,,False,,,,,,,,,
2722746,True,A,Monterey,37.87760759324328,-121.705938,36.730257,7.512688217734863,0.3527434774767153,,T20,not_flooded,0.0,1.0,0.0,0.0441834623578019,0.0,-2.62182703785001,-2.662581390290623,-0.0407543524406128,0.7842171637717963,0.0,0.0729678901992563,0.1065622381849245,0.2038523876151158,0.0972901494301913,3.0,6.018834912118071,False,79.23750667572023,62.81339757144451,58.41999864578247,68.87999911978841,151.53327037096025,129.51649737358093,110.62000036239624,172.6099964324385,20.817508029937756
2722748,False,B,Monterey,10.02823021056982,-121.699263,36.731992,,,2022-11-27,T20 > T4,not a unit (sequence B/C),,,,,,,,,,,,,,,,,False,,,,,,,,,
2722750,False,B,Monterey,22.07011777359183,-121.729575,36.733679,,,2022-11-27,T20 > T4,not a unit (sequence B/C),,,,,,,,,,,,,,,,,False,,,,,,,,,
2722751,False,B,Monterey,23.6134160359502,-121.730811,36.735501,,,2022-12-22,T20 > T4,not a unit (sequence B/C),,,,,,,,,,,,,,,,,False,,,,,,,,,
2722752,False,B,Monterey,16.506172288261798,-121.726802,36.73574,,,2022-12-14,T20 > T4,not a unit (sequence B/C),,,,,,,,,,,,,,,,,False,,,,,,,,,
2722754,False,B,Monterey,10.439078522994516,-121.717899,36.734401,,,2022-11-28,T20 > T30,not a unit (sequence B/C),,,,,,,,,,,,,,,,,False,,,,,,,,,
2722756,False,B,Monterey,6.082785478064982,-121.697467,36.732093,,,2022-11-27,T20 > T4,not a unit (sequence B/C),,,,,,,,,,,,,,,,,False,,,,,,,,,
2722757,False,B,Monterey,2.4361432554510176,-121.70063,36.734503,,,2022-11-27,T20 > T4,not a unit (sequence B/C),,,,,,,,,,,,,,,,,False,,,,,,,,,
2722758,False,B,Monterey,9.752814817978418,-121.698736,36.733749,,,2022-11-27,T20 > T4,not a unit (sequence B/C),,,,,,,,,,,,,,,,,False,,,,,,,,,
2718977,False,B,Monterey,1.21892452843462,-121.715216,36.737594,,,2022-12-05,T20 > T4,not a unit (sequence B/C),,,,,,,,,,,,,,,,,False,,,,,,,,,
2722763,False,B,Monterey,20.760629198091724,-121.717837,36.736095,,,2022-12-22,T20 > T4,not a unit (sequence B/C),,,,,,,,,,,,,,,,,False,,,,,,,,,
2722764,False,B,Monterey,7.692145385694445,-121.721031,36.736687,,,2023-02-07,T20 > X,not a unit (sequence B/C),,,,,,,,,,,,,,,,,False,,,,,,,,,
2722765,False,B,Monterey,32.351120445350524,-121.718903,36.738198,,,2022-12-05,T20 > T4,not a unit (sequence B/C),,,,,,,,,,,,,,,,,False,,,,,,,,,
2722766,False,B,Monterey,21.87148306162293,-121.717636,36.739695,,,2022-12-05,T20 > T4,not a unit (sequence B/C),,,,,,,,,,,,,,,,,False,,,,,,,,,
2722767,True,A,Monterey,16.196042163986696,-121.747337,36.74336,4.73469070431448,0.5663179558609879,,T20,not_flooded,0.0,1.0,1.9145992982993578e-05,0.0329885459096979,0.0,-12.161644197916894,-11.921664176246814,0.23998002167008,0.0210237628756146,0.0118800886459475,0.1593425266009639,0.0147178888272712,0.0827208516426808,0.0680029628154096,3.0,9.0,False,79.23750667572023,60.21640041237697,61.96000146865845,68.87999911978841,151.53327037096025,124.70359752327204,123.52000045776369,172.6099964324385,19.021106263343256
2722769,True,A,Monterey,14.062668557671255,-121.677215,36.741594,26.19868648398432,1.612778786333106,,T20,not_flooded,0.0,1.0,0.0143672147758185,0.0619128385299073,0.0076544379219577,-15.269156909626656,-14.583454757922908,0.6857021517037492,1.329961414848281,0.6038966045133647,0.9118803484696628,0.6991874117117473,0.6204138344830591,-0.0787735772286881,3.0,6.0,False,79.23750667572023,69.93129867315292,61.12999963760376,64.07499833405018,151.53327037096025,132.36049795150757,113.70000004768372,159.3199963029474,18.107507038116466
2724068,True,A,Monterey,26.598826744086196,-121.672798,36.743753,28.420450344056206,1.8527197174325705,,T20,not_flooded,0.0,0.7661261629093878,0.0170783633235148,0.0673014669427513,7.582606666861091e-05,-15.57416052172074,-14.919755030359765,0.6544054913609738,1.43491992463062,0.6967657266178657,0.9443903292601126,0.6969942504767968,0.6368618938389502,-0.0601323566378465,3.0,6.0,False,79.23750667572023,69.93129867315292,61.12999963760376,64.07499833405018,151.53327037096025,132.36049795150757,113.70000004768372,159.3199963029474,18.107507038116466
2719058,True,A,Monterey,12.63212139511037,-121.755232,36.749564,4.197614604446891,0.6839870435951916,,T20,not_flooded,0.0,1.0,0.0,0.0284372698256813,0.0,-9.84609027600994,-9.12303829827867,0.7230519777312701,0.7365646718037802,0.0,0.2742941320893691,0.1513987520983566,0.2398366310263066,0.08843787892795,3.0,9.0,False,79.23750667572023,60.21640041237697,61.96999931335449,68.87999911978841,151.53327037096025,124.70359752327204,125.0499997138977,172.6099964324385,19.021106263343256
2722778,True,A,Monterey,14.04255729089942,-121.74292,36.795737,11.20759297395692,0.6599252333059485,,T20,not_flooded,0.0,1.0,3.858641427476835e-05,0.0098395356400659,0.0,-12.213864386230512,-11.584583068458102,0.6292813177724099,0.8412597284257828,0.0078385544426743,0.225245437156512,0.3143375973133399,0.4377505193344528,0.1234129220211129,3.0,7.0,False,79.23750667572023,61.84649868309498,77.34999942779541,68.87999911978841,151.53327037096025,132.33949756622314,144.69000053405762,172.6099964324385,17.391007992625248
2718185,True,A,Monterey,6.255243000769396,-121.719086,36.801467,53.91974280694833,1.006611639124907,,T20,unknown,0.0,0.0759211292741266,0.0,0.0013384724063998,0.0,-4.322413948147244,-2.786345438049349,1.5360685100978948,1.0189228552327565,0.0,0.538450098526441,0.2217973580359297,0.3124048280254848,0.0906074699895551,3.0,7.0,False,79.23750667572023,67.2044968008995,80.08999872207642,65.42499778792262,151.53327037096025,147.39299750328064,143.81000018119812,177.3949949434027,14.665000934153795
2722779,True,A,Monterey,22.781393592548795,-121.716449,36.788071,34.14215547005219,0.9895310834225984,,T20,unknown,0.0,0.0,0.0,0.0052048782976986,0.0,-13.096183360126954,-11.098232886524048,1.9979504736029057,2.2962289650230936,0.1040873603102516,0.0847918899151231,0.6715519393910373,0.6022857688780381,-0.0692661705129992,3.0,8.866200608936746,False,79.23750667572023,67.2044968008995,76.60999917984009,68.87999911978841,151.53327037096025,147.39299750328064,139.71999788284302,172.6099964324385,12.03300987482072
2722780,True,A,Monterey,3.0524216493249186,-121.703334,36.800192,70.76181385012536,2.0590851428778603,,T20,unknown,0.0,0.0,0.0,0.0,0.0,-10.0799961644004,-9.23511016651352,0.8448859978868803,0.9916407865049184,0.0,0.1249651537038445,0.3664462690806983,0.474355463453738,0.1079091943730397,3.0,7.0,False,79.23750667572023,67.2044968008995,83.32999801635742,65.42499778792262,151.53327037096025,147.39299750328064,149.2100009918213,177.3949949434027,17.9050002284348
2722795,True,A,Monterey,28.410749267180968,-121.670791,36.75512,35.673632385137175,0.8133058656823647,,T20,not_flooded,0.0,0.8646704364342946,0.0013918302294609,0.0271297731589633,0.0,-12.870858311000015,-12.238569111672332,0.6322891993276851,0.71483688141622,0.0816594982861384,0.3167123332532803,0.2625312313410296,0.3676331074198299,0.1051018760788002,3.0,7.0,False,79.23750667572023,69.93129867315292,63.33999848365784,64.07499833405018,151.53327037096025,132.36049795150757,118.67999935150146,159.3199963029474,15.89750819206239
2722799,True,A,Monterey,10.778582402298406,-121.677591,36.758385,29.66822254189989,0.2260546270594856,,T20,not_flooded,0.0,1.0,0.0010857607155954,0.0506640397489088,0.0,-12.73807907188629,-11.124665326555066,1.6134137453312238,2.171790712806104,0.0849769545490498,0.4969045033903059,0.2050130106824546,0.2577696206073189,0.0527566099248643,3.0,7.0,False,79.23750667572023,69.93129867315292,62.31999897956848,64.07499833405018,151.53327037096025,132.36049795150757,116.50000023841858,159.3199963029474,16.917507696151745
2724070,True,A,Monterey,21.21954165462285,-121.673135,36.758228,45.61590549665456,0.4268778549934688,,T20,not_flooded,0.0,0.9606883826296656,0.0004786524654255,0.0528344629775106,0.0,-11.669211788827448,-11.26413789955556,0.4050738892718861,0.702387161126504,0.0039534501342784,0.3008750936295375,0.1986873789471032,0.2433690143371565,0.0446816353900532,3.0,6.645771598735773,False,79.23750667572023,69.93129867315292,63.33999848365784,64.07499833405018,151.53327037096025,132.36049795150757,118.67999935150146,159.3199963029474,15.89750819206239
2724071,True,A,Monterey,24.974424209917355,-121.669409,36.757939,43.45709479061871,0.7060996855437239,,T20,not_flooded,0.0,1.0,0.0041735061485519,0.0343716933884836,0.0,-13.272447482088316,-12.534984462206475,0.7374630198818384,1.151608759499636,0.1029630342165444,0.7404885950023428,0.1690639172406082,0.219674764085398,0.0506108468447898,3.0,6.746018102776856,False,79.23750667572023,69.93129867315292,63.33999848365784,64.07499833405018,151.53327037096025,132.36049795150757,118.67999935150146,159.3199963029474,15.89750819206239
2722802,True,A,Monterey,12.597007356085571,-121.669986,36.76019,50.68028620539817,0.4883409108587567,,T20,not_flooded,0.0,0.9930560685528552,0.0078488586836078,0.0600083721159291,0.0,-13.0574479804564,-12.750941933602832,0.3065060468535687,0.5389342335623297,0.129293787397503,0.5537970008125875,0.2091008947776422,0.2230251115492906,0.0139242167716484,3.0,6.229008150501094,False,79.23750667572023,69.93129867315292,63.12000119686127,64.07499833405018,151.53327037096025,132.36049795150757,117.75999999046326,159.3199963029474,16.11750547885896
2722804,False,B,Monterey,2.4149566293607303,-121.691023,36.771747,,,2022-11-20,T20 > X,not a unit (sequence B/C),,,,,,,,,,,,,,,,,False,,,,,,,,,
2722805,False,B,Monterey,10.457029217608236,-121.6919,36.773666,,,2022-11-19,T20 > X,not a unit (sequence B/C),,,,,,,,,,,,,,,,,False,,,,,,,,,
2722806,False,B,Monterey,17.680825699167567,-121.698938,36.77364,,,2022-11-20,T20 > X,not a unit (sequence B/C),,,,,,,,,,,,,,,,,False,,,,,,,,,
2722807,False,B,Monterey,7.4188995328506335,-121.699198,36.774711,,,2022-11-27,T20 > X,not a unit (sequence B/C),,,,,,,,,,,,,,,,,False,,,,,,,,,
2718218,True,A,Monterey,2.9311195783155988,-121.703044,36.778833,44.45941798259612,2.149645542863959,,T20,not_flooded,0.0,0.7937048176877209,0.0,0.0112131285947971,0.0,-12.08257106524221,-10.99623591410338,1.0863351511388295,0.6896714895376093,0.0,0.0751411535011345,0.3895155041088915,0.3943630564564903,0.0048475523475988,3.0,8.948551527623874,False,79.23750667572023,67.2044968008995,67.62000036239624,68.87999911978841,151.53327037096025,147.39299750328064,131.5400004386902,172.6099964324385,12.03300987482072
2722808,False,B,Monterey,5.596454100414986,-121.702324,36.778554,,,2023-01-06,T20 > X,not a unit (sequence B/C),,,,,,,,,,,,,,,,,False,,,,,,,,,
2722809,False,B,Monterey,5.152611336288164,-121.701345,36.777388,,,2022-11-28,T20 > X,not a unit (sequence B/C),,,,,,,,,,,,,,,,,False,,,,,,,,,
2724073,True,A,Monterey,9.363615862969915,-121.692758,36.778988,38.89652108059627,1.7295756836924563,,T20,unknown,0.0,0.4419862543523747,0.0,0.011893045297781,0.0,-12.02052382721394,-11.152429102867607,0.8680947243463315,1.6400341353224093,0.0040277559527255,0.082316745374697,0.3945474477979773,0.5141021154729165,0.1195546676749392,3.0,6.219756680533615,False,79.23750667572023,67.2044968008995,68.78000068664551,64.07499833405018,151.53327037096025,147.39299750328064,133.29000186920166,159.3199963029474,15.162508341670048
2724074,False,B,Monterey,11.905380309097904,-121.697251,36.780388,,,2023-01-07,T20 > X,not a unit (sequence B/C),,,,,,,,,,,,,,,,,False,,,,,,,,,
2722811,False,B,Monterey,7.048354221949929,-121.69972,36.779714,,,2023-01-06,T20 > X,not a unit (sequence B/C),,,,,,,,,,,,,,,,,False,,,,,,,,,
2722812,False,B,Monterey,19.85438731195298,-121.689221,36.782776,,,2022-11-11,T20 > X,not a unit (sequence B/C),,,,,,,,,,,,,,,,,False,,,,,,,,,
2722834,False,B,Monterey,74.07017385496749,-121.760283,36.891632,,,2022-10-18,T20 > T30,not a unit (sequence B/C),,,,,,,,,,,,,,,,,False,,,,,,,,,
2701084,True,A,Monterey,3.7108342449205822,-121.662865,36.86146,27.28063848349776,0.1157371198141719,,T20,not_flooded,0.0,0.7477897376946389,0.0,0.0030724213606437,0.0,-11.20719636237856,-10.085060901983049,1.1221354603955105,1.742274872963348,0.0,0.3434005643222907,0.2769242752154601,0.3969134852559554,0.1199892100404953,3.0,7.0,False,79.23750667572023,91.63209509849548,95.7700011730194,68.78499916661531,151.53327037096025,192.11849355697632,166.80000114440918,163.3999965954572,26.985002006404088
2722840,False,B,Monterey,7.744801031903094,-121.745153,36.795707,,,2022-11-04,T20 > T30 > T4,not a unit (sequence B/C),,,,,,,,,,,,,,,,,False,,,,,,,,,
2722848,True,A,Monterey,32.24213131156644,-121.742284,36.704185,6.767730578103826,0.2334127094390238,,T20,not_flooded,2.4050949531487504e-05,1.0,0.0011496353876051,0.0651540222807996,0.0,-8.930632809514409,-8.698526075085221,0.2321067344291876,0.3855893964181138,0.0,0.3014233351932735,0.0461143899279981,0.0654760617596915,0.0193616718316933,3.0,9.0,False,79.23750667572023,57.39879907667637,56.59999990463257,68.87999911978841,151.53327037096025,115.37749803066254,108.68999910354614,172.6099964324385,22.637506771087658
2722849,True,A,Monterey,51.28987594892178,-121.778462,36.689751,34.481251152028456,1.982231292517585,,T20,not_flooded,0.0,1.0,0.0044987263189103,0.0202609079742722,0.0011572043153888,-16.40576868287308,-15.33138105378624,1.074387629086841,1.501887043510889,0.8027639787255928,0.9808660426335248,0.1542036811284968,0.2032653127528527,0.0490616316243558,6.0,18.0,False,79.23750667572023,52.11849948763847,58.55000019073486,74.6749985376373,151.53327037096025,110.21159622073174,119.9300000667572,169.58999579306692,27.119007188081753
2724077,False,B,Monterey,53.253777577353645,-121.67869,36.771114,,,2022-11-19,T20 > X,not a unit (sequence B/C),,,,,,,,,,,,,,,,,False,,,,,,,,,
2713172,False,B,Monterey,7.764639406355327,-121.766216,36.877784,,,2022-10-26,T20 > X,not a unit (sequence B/C),,,,,,,,,,,,,,,,,False,,,,,,,,,
2715711,False,B,Monterey,1.022024996574562,-121.789421,36.859776,,,2022-12-22,T20 > X,not a unit (sequence B/C),,,,,,,,,,,,,,,,,False,,,,,,,,,
2710827,False,B,Monterey,5.8085561392195615,-121.789734,36.859231,,,2022-11-03,T20 > X,not a unit (sequence B/C),,,,,,,,,,,,,,,,,False,,,,,,,,,
2700159,False,B,Monterey,7.201720173079727,-121.790405,36.858663,,,2023-01-07,T20 > X,not a unit (sequence B/C),,,,,,,,,,,,,,,,,False,,,,,,,,,
2701205,False,B,Monterey,2.2438003676085705,-121.787831,36.857904,,,2022-11-20,T20 > X,not a unit (sequence B/C),,,,,,,,,,,,,,,,,False,,,,,,,,,
2710577,False,B,Monterey,2.4358861596764045,-121.787613,36.858786,,,2022-11-20,T20 > X,not a unit (sequence B/C),,,,,,,,,,,,,,,,,False,,,,,,,,,
2715217,False,B,Monterey,0.3363817272471817,-121.788072,36.859311,,,2022-11-03,T20 > X,not a unit (sequence B/C),,,,,,,,,,,,,,,,,False,,,,,,,,,
2723663,True,A,Monterey,0.9855646928646477,-121.696691,36.814375,82.83852745050766,3.0773791220726223,,T20,not_flooded,0.0,0.9867419785047464,0.0,0.0,0.0,-11.77401572585006,-10.721624522331798,1.0523912035182637,0.1039665850697471,0.0,0.2120498940927276,0.2883369707741849,0.3768145534827061,0.0884775827085212,3.0,6.0,False,79.23750667572023,84.8016973733902,89.99999809265137,68.78499916661531,151.53327037096025,168.91129660606384,162.97999954223633,163.3999965954572,21.21499892603606
2722873,False,B,Monterey,7.497931638930032,-121.703428,36.78827,,,2022-10-27,T20 > X,not a unit (sequence B/C),,,,,,,,,,,,,,,,,False,,,,,,,,,
2722874,True,A,Monterey,3.442727509509315,-121.670093,36.768364,22.4309008974538,0.0667168554918588,,T20,not_flooded,0.0,1.0,0.0241305571187394,0.0432864378165447,0.005740011254924,-13.734378825727015,-13.233371788763376,0.5010070369636406,0.8951626669310411,0.294001125492403,0.4542487338210469,0.3553475245687488,0.3515086066159359,-0.0038389179528128,3.0,7.628835115362972,False,79.23750667572023,69.93129867315292,65.94000053405762,64.07499833405018,151.53327037096025,132.36049795150757,122.19000005722046,159.3199963029474,15.162508341670048
2722875,True,A,Monterey,5.695484905860211,-121.695995,36.764293,13.343200784100262,0.7154319070452975,,T20,not_flooded,0.0,1.0,0.0,0.0155404392218874,0.0,-11.911156740742094,-11.194155307087469,0.7170014336546249,0.7583602474583291,0.0,0.1521872486606595,0.3460995053315707,0.4061942956068539,0.0600947902752831,3.0,7.0,False,79.23750667572023,62.81339757144451,64.73999905586243,64.07499833405018,151.53327037096025,129.51649737358093,124.50999975204468,159.3199963029474,16.424109104275715
2711919,True,A,Monterey,9.636571452745237,-121.788943,36.86978,3.707385216276729,0.8414095453763989,,T20,flooded,0.656885780960553,0.9658297179608496,0.3715266361398246,0.4304204524494983,0.2932581656629162,-12.276301994597384,-14.2837540807219,-2.007452086124516,1.708857136946726,0.0,0.5755539338727655,0.0916999609089599,0.0821219042539481,-0.0095780566550117,6.0,14.0,True,79.23750667572023,97.8693985939026,104.44999861717224,65.42499778792262,151.53327037096025,183.5908932685852,186.16000068187716,177.3949949434027,39.02500082924962
2714436,True,A,Monterey,4.544229285768636,-121.705583,36.773826,33.99988093003093,1.551248356559035,,T20,unknown,0.0,0.0,0.0043493834109399,0.0098244895870644,0.0,-12.420920886424,-11.911645398153135,0.5092754882708626,0.7546956609576991,0.009244571798939,0.3101877910249194,0.2399042422190261,0.3053043844497385,0.0654001422307124,3.0,7.0,False,79.23750667572023,67.2044968008995,67.62000036239624,68.87999911978841,151.53327037096025,147.39299750328064,131.5400004386902,172.6099964324385,12.03300987482072
2722918,True,A,Monterey,29.56504087588606,-121.678563,36.638185,13.95024744599162,0.7705145983004449,,T20,not_flooded,0.0448518196686452,1.0,0.0009162004720138,0.02850984849877,0.0,-13.3678721693544,-12.30309979725564,1.0647723720987583,1.0022023240981852,0.0598418044686431,0.6354572207885627,0.0867098408792198,0.1787657066879443,0.0920558658087244,2.0,7.0,False,79.23750667572023,71.37129786610603,53.9399995803833,69.01499871443957,151.53327037096025,131.64919638633728,90.10000038146973,159.37999580148607,25.297507095336925
2722919,True,A,Monterey,33.56293212151577,-121.679899,36.636538,13.621791981895282,0.5874653367913588,,T20,not_flooded,0.0247639219023131,1.0,0.0129715781393068,0.0622358283774659,0.0,-13.546168696142106,-13.190540111081702,0.355628585060403,0.5698778256373593,0.0896195003745803,0.684462315368892,0.0819295046208042,0.1622465788767358,0.0803170742559315,2.0,7.0,False,79.23750667572023,71.37129786610603,53.81999921798706,69.01499871443957,151.53327037096025,131.64919638633728,89.26999926567078,159.37999580148607,25.417507457733166
2722924,False,B,Monterey,26.890123282867503,-121.774111,36.868615,,,2022-11-10,T20 > G6 > T18,not a unit (sequence B/C),,,,,,,,,,,,,,,,,False,,,,,,,,,
2724916,True,A,Monterey,41.677258014689,-121.778615,36.691614,34.65571760306794,2.008513315101984,,T20,not_flooded,0.0,1.0,0.01746387810068,0.0363451036412065,0.0,-17.003875422780506,-16.824461257888984,0.1794141648915221,0.4270513817094539,0.9317515587101766,0.9938265404818236,0.1368444670275856,0.178477451802299,0.0416329847747133,6.0,18.0,False,79.23750667572023,52.11849948763847,58.55000019073486,74.6749985376373,151.53327037096025,110.21159622073174,119.9300000667572,169.58999579306692,27.119007188081753
2724083,False,B,Monterey,4.275452452207108,-121.75518,36.699389,,,2022-10-18,T20 > G6,not a unit (sequence B/C),,,,,,,,,,,,,,,,,False,,,,,,,,,
2724788,True,A,Monterey,7.341163181047932,-121.679808,36.750932,30.5244009493422,1.0544245279299946,,T20,not_flooded,0.0,1.0,0.0096724461996578,0.0,0.0,-12.076017688001162,-11.393950176840926,0.6820675111602359,1.404096928580458,0.0178665709277523,0.3883867288969609,0.2937296600503525,0.3333705071225259,0.0396408470721734,3.0,7.0,False,79.23750667572023,69.93129867315292,62.33000040054321,64.07499833405018,151.53327037096025,132.36049795150757,116.92999839782716,159.3199963029474,16.907506275177013
2724789,True,A,Monterey,8.407904356995306,-121.67889,36.752757,29.633127851421552,0.8515839697671629,,T20,not_flooded,0.0,1.0,0.0203403902034038,0.0352843503528434,0.0023522900235228,-12.379859197129456,-11.784795794471986,0.5950634026574697,1.3900170578949371,0.0639177159725105,0.3955998339559983,0.2717991282498559,0.3273857628098879,0.0555866345600319,3.0,7.0,False,79.23750667572023,69.93129867315292,62.33000040054321,64.07499833405018,151.53327037096025,132.36049795150757,116.92999839782716,159.3199963029474,16.907506275177013
2724790,True,A,Monterey,10.661748745518569,-121.678054,36.750064,28.297907256700785,1.1508984731842278,,T20,not_flooded,0.0,1.0,0.0,0.0,0.0,-11.87061489338785,-11.535301815269731,0.3353130781181193,0.6457901068506846,0.0049571061531985,0.2070372036985963,0.3387309458377727,0.3660891885965987,0.027358242758826,3.0,6.96522767850663,False,79.23750667572023,69.93129867315292,62.33000040054321,64.07499833405018,151.53327037096025,132.36049795150757,116.92999839782716,159.3199963029474,16.907506275177013
2701607,True,A,Monterey,29.35115112078249,-121.676281,36.754313,38.36309138940067,0.6823895799985514,,T20,not_flooded,0.0,1.0,0.0081076514475497,0.0457154322584733,0.0013464351150277,-13.008113634611432,-12.480152464335152,0.5279611702762814,0.8902921748291135,0.1850186652867906,0.5529650613287993,0.470758045150163,0.447349630555639,-0.023408414594524,3.0,7.04336577097931,False,79.23750667572023,69.93129867315292,63.33999848365784,64.07499833405018,151.53327037096025,132.36049795150757,118.67999935150146,159.3199963029474,15.89750819206239
2724742,True,A,Monterey,5.20254013353353,-121.680336,36.756863,40.03699701044489,0.3952190821413688,,T20,not_flooded,0.0,1.0,0.0234021925572376,0.0010739055858005,0.0,-13.77929991017788,-13.689963842678123,0.0893360674997545,1.0391624501882717,0.1048251174584234,0.7174882541576554,0.2036660998239552,0.2364334548497166,0.0327673550257614,3.0,7.0,False,79.23750667572023,69.93129867315292,62.31999897956848,64.07499833405018,151.53327037096025,132.36049795150757,116.50000023841858,159.3199963029474,16.917507696151745
2724084,True,A,Monterey,6.472775549289613,-121.67762,36.764165,15.15970834326836,0.2979004224858436,,T20,not_flooded,0.0,1.0,0.0,0.0462341268416454,0.0,-12.370439556386764,-11.81348555744656,0.5569539989402053,0.9199259693764752,0.027778775148708,0.3650377604634184,0.4631752818944132,0.3569756932846883,-0.1061995886097248,3.0,7.0,False,79.23750667572023,69.93129867315292,63.12000119686127,64.07499833405018,151.53327037096025,132.36049795150757,117.75999999046326,159.3199963029474,16.11750547885896
2723787,False,B,Monterey,2.487180650362603,-121.713695,36.775954,,,2023-01-06,T20 > X,not a unit (sequence B/C),,,,,,,,,,,,,,,,,False,,,,,,,,,
2724786,True,A,Monterey,9.1814248437708,-121.704588,36.775133,30.323927142655204,1.7160273345524368,,T20,unknown,0.0,0.1012194298067828,0.0,0.0016636265369544,0.0,-13.70383058055202,-12.66403734130162,1.0397932392503986,1.28880409802197,0.1666666666666666,0.6880404675043914,0.1903831116343489,0.2490602148471027,0.0586771032127537,3.0,7.0,False,79.23750667572023,67.2044968008995,67.62000036239624,68.87999911978841,151.53327037096025,147.39299750328064,131.5400004386902,172.6099964324385,12.03300987482072
2724825,True,A,Monterey,1.5978470981901989,-121.712818,36.769679,26.5619076018449,1.0292277906705136,,T20,unknown,0.0,0.2245629328296769,0.0,0.0,0.0,-11.609330198414002,-10.51756701201576,1.0917631863982429,1.2628942833252133,0.0,0.061746331541479,0.5013970944634811,0.6106954434589529,0.1092983489954717,3.0,7.0,False,79.23750667572023,62.81339757144451,67.13000082969666,68.87999911978841,151.53327037096025,129.51649737358093,131.63000082969666,172.6099964324385,16.424109104275715
2724822,True,A,Monterey,3.701356736237209,-121.708177,36.769336,25.73348751393594,1.0110508300616885,,T20,unknown,0.0,0.4246440536013399,0.0,0.0520519262981574,0.0,-11.731234848172024,-11.879201358100474,-0.1479665099284499,0.5464987733525231,0.0033919597989949,0.3720477386934673,0.0224824048027448,0.0622084891848294,0.0397260843820845,3.0,7.0,False,79.23750667572023,62.81339757144451,67.62000036239624,68.87999911978841,151.53327037096025,129.51649737358093,131.5400004386902,172.6099964324385,16.424109104275715
2724827,True,A,Monterey,4.456533502287824,-121.709028,36.77007,28.99887601362032,1.07982716786015,,T20,unknown,0.0,0.0,0.0,0.0265878877400295,0.0,-10.784655679764429,-10.297524742293662,0.4871309374707646,0.1682243483350181,0.0,0.4991919367451558,0.0703360762183639,0.0928877906507895,0.0225517144324256,3.0,7.0,False,79.23750667572023,62.81339757144451,67.13000082969666,68.87999911978841,151.53327037096025,129.51649737358093,131.63000082969666,172.6099964324385,16.424109104275715
2724772,True,A,Monterey,4.15247073226409,-121.706617,36.764866,16.361939921679667,0.5993108982419737,,T20,not_flooded,0.0,0.957203461100002,0.0,0.1017772711132706,0.0,-11.553549171599531,-11.07588102130703,0.4776681502925033,0.3830806298601388,0.015492720850698,0.3179465136705974,0.0841391743737846,0.1105538916407597,0.0264147172669751,3.0,7.0,False,79.23750667572023,62.81339757144451,63.55000138282776,68.87999911978841,151.53327037096025,129.51649737358093,122.8800013065338,172.6099964324385,16.424109104275715
2724800,True,A,Monterey,1.2348279683929522,-121.70554,36.765238,14.457044737919684,0.6899661673821821,,T20,not_flooded,0.0,1.0,0.0599118942731277,0.0,0.0,-14.258639637496866,-13.35431544187434,0.9043241956225252,1.1997587083839072,0.2843926998112019,0.7385147891755821,0.1196015022240246,0.1649340863190145,0.0453325840949899,3.0,7.0,False,79.23750667572023,62.81339757144451,63.55000138282776,68.87999911978841,151.53327037096025,129.51649737358093,122.8800013065338,172.6099964324385,16.424109104275715
2724820,True,A,Monterey,0.5650027296029471,-121.704692,36.765667,14.48335208845753,0.7751630873634939,,T20,not_flooded,0.0,1.0,0.0,0.0,0.0,-12.15048958002276,-11.691197057241014,0.4592925227817446,0.7099641833468127,0.0,0.6187277214148615,0.1294071676757586,0.1846700555185014,0.0552628878427427,3.0,7.0,False,79.23750667572023,62.81339757144451,63.55000138282776,68.87999911978841,151.53327037096025,129.51649737358093,122.8800013065338,172.6099964324385,16.424109104275715
2724821,True,A,Monterey,1.0582126135213037,-121.705087,36.765966,17.048449799339892,0.7784839133460304,,T20,not_flooded,0.0,1.0,0.0044669009958992,0.0274604569420035,0.0,-12.115404171807864,-13.00846859410274,-0.8930644222948754,0.985327004421432,0.0,0.5629759812536616,0.0635144872789767,0.106852192236367,0.0433377049573903,3.0,7.0,False,79.23750667572023,62.81339757144451,63.55000138282776,68.87999911978841,151.53327037096025,129.51649737358093,122.8800013065338,172.6099964324385,16.424109104275715
2724914,True,A,Monterey,7.336734899898557,-121.744586,36.797037,18.45294286736196,0.8286446522626119,,T20,not_flooded,0.0,1.0,0.0059290205511246,0.0403532092669958,0.0,-13.327935125713608,-12.016162199929996,1.311772925783611,1.844617312954126,0.0432649702493986,0.2646748533569651,0.304721914017821,0.4680790788059261,0.163357164788105,3.0,7.0111828501498055,False,79.23750667572023,61.84649868309498,77.34999942779541,68.87999911978841,151.53327037096025,132.33949756622314,144.69000053405762,172.6099964324385,17.391007992625248
2724087,True,A,Monterey,29.39766390104861,-121.694195,36.843958,89.41284263567798,1.4057680065142917,,T20,not_flooded,0.0,0.8555384647801263,0.0,0.0125160664995048,0.0,-15.342805134726367,-13.759423365483912,1.583381769242454,2.089585230048307,0.6374660233043259,0.7710787205798689,0.0983029358008287,0.2272377996645325,0.1289348638637038,2.5505409932784096,6.0,False,79.23750667572023,84.8016973733902,98.72000193595886,68.78499916661531,151.53327037096025,168.91129660606384,170.0900011062622,163.3999965954572,29.935002769343555
2724815,True,A,Monterey,0.962237628951918,-121.738597,36.846155,68.91027039889991,0.814857872039517,,T20,unknown,0.0,0.0,0.0,0.0,0.0,-13.355755707892037,-12.204061198715427,1.151694509176609,1.1901004974012466,0.0745341614906832,0.2934580947003307,0.1363417415449126,0.2341737545052488,0.0978320129603362,3.0,7.0,False,79.23750667572023,76.29919791221619,102.02000093460084,65.42499778792262,151.53327037096025,151.43509650230408,175.0899999141693,177.3949949434027,36.59500314667822
2724872,True,A,Monterey,6.612453617086797,-121.78772,36.835394,5.763526513751162,2.0786661042921257,,T20,not_flooded,0.0,1.0,0.0029712314880626,0.0368432704519767,0.0,-12.27623190586102,-12.482909946427702,-0.2066780405666808,-0.1897266280775849,0.032683546368689,0.2923109189844213,0.3862787557087462,0.3908007656694306,0.0045220099606844,6.0,14.0,False,79.23750667572023,85.13939964771271,92.25999999046326,65.42499778792262,151.53327037096025,163.0049946308136,168.65999814867973,177.3949949434027,26.835002202540636
2724756,True,A,Monterey,5.43195047375508,-121.723742,36.905689,11.16009227915885,0.6038939348044943,,T20,not_flooded,0.0,1.0,0.0,0.0290432801822323,0.0,-7.911686322886467,-3.706692779577647,4.20499354330882,3.547266947762328,0.0,0.34626993166287,0.1314388742924991,0.1802151867483395,0.0487763124558404,3.0,7.024174259681087,False,79.23750667572023,104.31609773635864,106.849999666214,69.51999836880714,151.53327037096025,198.88559532165527,189.35999763011927,182.43499598558992,37.33000129740687
2724831,False,B,Monterey,0.954084056065825,-121.676619,36.852335,,,2022-10-19,T20 > G6,not a unit (sequence B/C),,,,,,,,,,,,,,,,,False,,,,,,,,,
2724832,False,B,Monterey,0.6899494333638656,-121.676241,36.851179,,,2022-10-18,T20 > G6,not a unit (sequence B/C),,,,,,,,,,,,,,,,,False,,,,,,,,,
2724089,False,B,Monterey,0.8561199388326772,-121.701281,36.861469,,,2023-02-23,T20 > X,not a unit (sequence B/C),,,,,,,,,,,,,,,,,False,,,,,,,,,
2724774,True,A,Monterey,10.164128217792088,-121.674349,36.765257,3.677912684784901,0.1463706381409581,,T20,not_flooded,0.0,1.0,0.0,0.0427094523042229,0.0,-10.448227742073838,-10.164773638075289,0.283454103998551,0.1310671059680963,0.0025293503683556,0.7652580013560977,0.4617878598250505,0.4855149795875532,0.0237271197625026,3.0,6.957618144279632,False,79.23750667572023,69.93129867315292,63.12000119686127,64.07499833405018,151.53327037096025,132.36049795150757,117.75999999046326,159.3199963029474,16.11750547885896
2724823,True,A,Monterey,2.214685759315256,-121.707455,36.768512,20.631363057754697,0.937517068923368,,T20,not_flooded,0.0,0.999789967444954,0.026779150768369,0.1147827913326565,0.0,-13.52216223940267,-13.655280157757469,-0.1331179183547988,0.7359040990992227,0.0698708299786466,0.8046347183813489,0.0182599627734052,0.0619369195477851,0.0436769567743799,3.0,7.0,False,79.23750667572023,62.81339757144451,67.62000036239624,68.87999911978841,151.53327037096025,129.51649737358093,131.5400004386902,172.6099964324385,16.424109104275715
2724830,True,A,Monterey,8.57785835482313,-121.753808,36.752109,4.06033773826834,0.4079531180026667,,T20,not_flooded,0.0,1.0,0.0,0.0230323175027548,0.0,-9.224422397722368,-8.788272537150402,0.436149860571966,-0.0492266695779406,0.0,0.2884188088227325,0.1345936013532526,0.1871734280455834,0.0525798266923308,3.0,9.0,False,79.23750667572023,60.21640041237697,63.01999807357788,68.87999911978841,151.53327037096025,124.70359752327204,128.37999939918518,172.6099964324385,19.021106263343256
2724911,True,A,Monterey,4.872969423444962,-121.755647,36.75095,4.110031826607039,0.6164602563206596,,T20,not_flooded,0.0,1.0,0.0,0.0208667992047713,0.0,-8.923735718567071,-8.501631256155273,0.4221044624117986,0.3123025110251856,0.0,0.1504731610337971,0.1285838154812693,0.164380707646696,0.0357968921654267,3.0,9.0,False,79.23750667572023,60.21640041237697,63.01999807357788,68.87999911978841,151.53327037096025,124.70359752327204,128.37999939918518,172.6099964324385,19.021106263343256
2724889,True,A,Monterey,19.580624546076727,-121.697605,36.653945,11.310930076550305,0.7314303823097662,,T20,not_flooded,0.0,1.0,0.0045103016239461,0.0883171704292112,0.0,-13.163588840673937,-13.053767239324516,0.1098216013494202,-0.248338421923993,0.0373258148440006,0.690531534492522,0.0618368197600215,0.1346032029231123,0.0727663831630908,2.0,7.0,False,79.23750667572023,66.03359851241112,53.63999962806702,69.01499871443957,151.53327037096025,122.2720977179706,91.96000075340272,159.37999580148607,25.59750704765321
2724805,False,B,Monterey,2.070434936076909,-121.72826,36.871847,,,2023-01-22,T20 > X,not a unit (sequence B/C),,,,,,,,,,,,,,,,,False,,,,,,,,,
2724777,True,A,Monterey,1.6527140195828056,-121.715223,36.802511,76.19992727681161,1.3065382634881946,,T20,not_flooded,0.0,1.0,0.0,0.0087201125175808,0.0,-11.558715347164233,-11.102376510628014,0.4563388365362186,0.8591745410105265,0.0,0.4579465541490856,0.1176380020803372,0.2136774434968723,0.0960394414165351,3.0,7.0,False,79.23750667572023,67.2044968008995,84.36000108718872,65.42499778792262,151.53327037096025,147.39299750328064,150.33999872207642,177.3949949434027,18.9350032992661
2724836,False,B,Monterey,0.6484433273190388,-121.70134,36.863764,,,2022-10-26,T20 > X,not a unit (sequence B/C),,,,,,,,,,,,,,,,,False,,,,,,,,,
2724098,False,B,Monterey,0.5185921365025667,-121.702225,36.864511,,,2022-10-26,T20 > X,not a unit (sequence B/C),,,,,,,,,,,,,,,,,False,,,,,,,,,
2724099,True,A,Monterey,10.978978663677392,-121.693196,36.860251,10.228031531614244,0.0268780716539082,,T20,unknown,0.0,0.0,0.0,0.0812838594686749,0.0,-9.11050132543998,-8.619400298620143,0.4911010268198374,0.569844732801366,0.0,0.3717373385841194,0.1399314950580036,0.2398994916503296,0.099967996592326,3.0,6.874791295342625,False,79.23750667572023,96.03489470481873,96.6399998664856,68.78499916661531,151.53327037096025,189.3929944038391,166.68999886512756,163.3999965954572,27.85500069987029
2724860,False,B,Monterey,2.320060360239653,-121.699672,36.860609,,,2022-11-20,T20 > T4,not a unit (sequence B/C),,,,,,,,,,,,,,,,,False,,,,,,,,,
2724812,True,A,Monterey,0.8971110859546187,-121.723065,36.866852,19.64087941351763,0.2521485481135493,,T20,unknown,0.0,0.0,0.0,0.0,0.0,-5.898156900157411,-5.304661836364654,0.5934950637927567,0.3749009574986042,0.0,0.0,0.2304078531491248,0.2777201837915021,0.0473123306423772,3.0,7.999655320982336,False,79.23750667572023,96.03489470481873,103.25000143051147,65.42499778792262,151.53327037096025,189.3929944038391,176.7799986600876,177.3949949434027,37.825003642588854
2724828,False,B,Monterey,6.382142373709893,-121.673763,36.852558,,,2023-01-22,T20 > X,not a unit (sequence B/C),,,,,,,,,,,,,,,,,False,,,,,,,,,
2724833,False,B,Monterey,1.5546309207831202,-121.705129,36.785833,,,2023-01-07,T20 > X,not a unit (sequence B/C),,,,,,,,,,,,,,,,,False,,,,,,,,,
2724100,True,A,Monterey,0.8279213803245985,-121.726729,36.887628,51.95110675474114,2.5333823251426835,,T20,not_flooded,0.0,1.0,0.0,0.0096492855817405,0.0,-11.631949972836887,-11.104036520243898,0.5279134525929905,0.9805892627616456,0.0,0.0032473557246242,0.4914790056376272,0.4722314353560136,-0.0192475702816136,2.2436444609389485,7.17424383002412,False,79.23750667572023,96.03489470481873,108.16000175476074,65.42499778792262,151.53327037096025,189.3929944038391,187.1999968290329,177.3949949434027,42.73500396683812
2724101,True,A,Monterey,1.0203209411321956,-121.727222,36.887486,52.07758355726784,2.54564958095143,,T20,not_flooded,0.0,1.0,0.0,0.0630500758725341,0.0,-13.015468378361026,-13.106616199313816,-0.0911478209527896,0.6834610329097615,0.1425644916540212,0.5027314112291352,0.529947054169066,0.5152811706179191,-0.0146658835511468,2.717071320182094,7.838088012139607,False,79.23750667572023,96.03489470481873,108.16000175476074,65.42499778792262,151.53327037096025,189.3929944038391,187.1999968290329,177.3949949434027,42.73500396683812
2724102,True,A,Monterey,0.8116530245595415,-121.726102,36.887206,43.72567214463647,2.514495604669816,,T20,not_flooded,0.0,1.0,0.0,0.0,0.0,-11.629316706218978,-11.923509230552272,-0.2941925243332957,1.764595201912778,0.0,0.0,0.4761692542622904,0.458251863007303,-0.0179173912549874,2.0,7.6530573309167185,False,79.23750667572023,96.03489470481873,108.16000175476074,65.42499778792262,151.53327037096025,189.3929944038391,187.1999968290329,177.3949949434027,42.73500396683812
2724862,True,A,Monterey,12.97245783625232,-121.767058,36.841014,46.88590363335567,1.2308173348994,,T20,not_flooded,0.0,1.0,0.0,0.0727643415381497,0.0,-12.777235966880706,-11.691905661183018,1.0853303056976884,1.8732156576602657,0.0918526113730796,0.7488896969841489,0.5010275322077666,0.5013448765843196,0.0003173443765529,3.0297233333532043,7.069354444490808,False,79.23750667572023,76.29919791221619,96.33000087738036,65.42499778792262,151.53327037096025,151.43509650230408,172.1599977016449,177.3949949434027,30.905003089457736
2724105,True,A,Monterey,1.1726151682332635,-121.720555,36.784829,30.39514317493958,1.0678016357969404,,T20,not_flooded,0.0,0.9884587482688122,0.0,0.0168172525225878,0.0,-6.117997220831022,-4.863774193647228,1.2542230271837935,0.78441820918919,0.0,0.0,0.38137870554004,0.3532114656729174,-0.0281672398671226,3.0,9.0,False,79.23750667572023,67.2044968008995,74.39999914169312,68.87999911978841,151.53327037096025,147.39299750328064,135.51999950408936,172.6099964324385,12.03300987482072
2724106,True,A,Monterey,0.8810571391859913,-121.720452,36.784196,29.62619573039823,1.1366791209599123,,T20,not_flooded,0.0,0.6350569675723048,0.0,0.0,0.0,-6.107527501046705,-5.096998690101159,1.010528810945546,0.5157001026790953,0.0,0.0,0.3142356062436917,0.3229878805114133,0.0087522742677216,3.0,9.0,False,79.23750667572023,67.2044968008995,74.39999914169312,68.87999911978841,151.53327037096025,147.39299750328064,135.51999950408936,172.6099964324385,12.03300987482072
2724107,True,A,Monterey,0.7628173965708593,-121.720574,36.783672,25.96705560183492,1.1876184803173435,,T20,not_flooded,0.0,0.9083721873099532,0.0,0.0,0.0,-6.2381542660569504,-7.575775507252655,-1.3376212411957047,-0.7514933791479264,0.0,0.0,0.4896453861203804,0.5859597883008447,0.0963144021804643,3.0,9.0,False,79.23750667572023,67.2044968008995,74.39999914169312,68.87999911978841,151.53327037096025,147.39299750328064,135.51999950408936,172.6099964324385,12.03300987482072
2724108,True,A,Monterey,0.7734942243787742,-121.721579,36.78412,14.381215296419745,1.1129812560396732,,T20,unknown,0.0,0.2383107088989442,0.0,0.0,0.0,-6.175735239593798,-4.802528466653895,1.373206772939903,0.6053350673081104,0.0,0.0,0.4967458149037091,0.5861539040935166,0.0894080891898075,3.0,9.0,False,79.23750667572023,67.2044968008995,74.39999914169312,68.87999911978841,151.53327037096025,147.39299750328064,135.51999950408936,172.6099964324385,12.03300987482072
2724109,True,A,Monterey,0.4223296477675171,-121.722126,36.784486,13.097126346612704,1.0611067461727812,,T20,not_flooded,0.0,0.5738730450781969,0.0,0.0,0.0,-7.94807128763777,-6.866084097889533,1.0819871897482374,2.0885321468877738,0.0,0.0,0.5382430192682869,0.6195372183222012,0.0812941990539143,3.0,9.0,False,79.23750667572023,67.2044968008995,72.30000162124634,68.87999911978841,151.53327037096025,147.39299750328064,133.2099997997284,172.6099964324385,12.03300987482072
2724110,True,A,Monterey,0.2160097252263234,-121.721503,36.784827,20.49487523237865,1.039638707185898,,T20,not_flooded,0.0,0.99066091954023,0.0,0.0915948275862069,0.0,-9.241439749442677,-10.53164554177487,-1.2902057923321948,0.0122410785471878,0.0,0.0,0.4902287496831913,0.4257577565637815,-0.0644709931194098,3.0,9.0,False,79.23750667572023,67.2044968008995,74.39999914169312,68.87999911978841,151.53327037096025,147.39299750328064,135.51999950408936,172.6099964324385,12.03300987482072
2706910,True,A,Monterey,22.572793988214123,-121.238793,36.348356,70.42896138698919,1.0768514845775925,,T20,not_flooded,0.0,1.0,0.1013806597213835,0.2599201487979186,0.0455400308500322,-12.75958668928731,-13.841983977772324,-1.0823972884850122,0.1805881150645589,0.0216329812380732,0.3949080192829955,0.2083699194050051,0.2637528560743047,0.0553829366692995,9.00330240278271,14.0,False,81.81465446949005,62.8003990650177,79.85000002384186,60.79499866068363,298.9440101146698,141.65129828453064,232.6100034713745,146.92499730549753,21.01965580880642
2724418,True,A,Monterey,1.8300241609391408,-121.687268,36.856659,13.393401595039249,0.1323723658820723,,T20,unknown,0.0,0.0,0.0,0.0,0.0,-15.04253334837059,-12.951225714443748,2.091307633926842,2.0012565035818763,0.5461212378126323,0.7646460364561256,0.2132112551797947,0.2719886590485453,0.0587774038687506,3.0,7.0929207291225085,False,79.23750667572023,96.03489470481873,96.6399998664856,68.78499916661531,151.53327037096025,189.3929944038391,166.68999886512756,163.3999965954572,27.85500069987029
2724419,True,A,Monterey,1.5894800949623171,-121.688147,36.85789,15.284852386008824,0.0142223869528866,,T20,unknown,0.0,0.3557298772169167,0.0,0.0303059832391346,0.0,-14.654845984068633,-13.424812319434665,1.2300336646339662,2.614910707724009,0.4258429156109917,0.9315922822061974,0.2205914891225288,0.2893578951030858,0.0687664059805569,3.0,8.845205612940946,False,79.23750667572023,96.03489470481873,95.73000025749208,68.78499916661531,151.53327037096025,189.3929944038391,166.5400013923645,163.3999965954572,27.24989553820342
2724912,False,B,Monterey,1.7954687354637786,-121.691414,36.772397,,,2022-11-19,T20 > X,not a unit (sequence B/C),,,,,,,,,,,,,,,,,False,,,,,,,,,
2724913,False,B,Monterey,3.9725133865203457,-121.693028,36.774242,,,2022-11-20,T20 > X,not a unit (sequence B/C),,,,,,,,,,,,,,,,,False,,,,,,,,,
2724423,False,B,Monterey,35.3212864130198,-121.791238,36.846918,,,2022-11-10,T20 > G6 > T4,not a unit (sequence B/C),,,,,,,,,,,,,,,,,False,,,,,,,,,
2726511,False,B,Monterey,8.85655958777871,-121.681926,36.90064,,,2022-10-10,T20 > T30,not a unit (sequence B/C),,,,,,,,,,,,,,,,,False,,,,,,,,,
2726512,False,B,Monterey,10.207959953816408,-121.681885,36.898757,,,2022-10-10,T20 > T30 > T30,not a unit (sequence B/C),,,,,,,,,,,,,,,,,False,,,,,,,,,
2726513,False,B,Monterey,10.8539272776849,-121.679692,36.898464,,,2022-10-11,T20 > X,not a unit (sequence B/C),,,,,,,,,,,,,,,,,False,,,,,,,,,
2723983,False,B,Monterey,12.08709469071655,-121.679689,36.900622,,,2022-10-11,T20 > X,not a unit (sequence B/C),,,,,,,,,,,,,,,,,False,,,,,,,,,
2725948,True,A,Monterey,14.771063213061876,-121.706384,36.746225,15.274657788075238,1.114253277082756,,T20,not_flooded,0.0,1.0,0.0,0.0168311846342665,0.0,-8.537428824800479,-7.886799522269051,0.6506293025314278,0.697304695835582,0.0,0.1985544797490795,0.1585979024823371,0.2135518247936896,0.0549539223113524,3.0,7.0,False,79.23750667572023,62.81339757144451,60.6900007724762,68.87999911978841,151.53327037096025,129.51649737358093,115.73000049591064,172.6099964324385,18.547505903244023
2725949,True,A,Monterey,0.83604401392056,-121.705866,36.743943,5.315058818770821,1.3678244235938175,,T20,not_flooded,0.0,1.0,0.0,0.0009268699601445,0.0,-11.480359054212052,-11.432761534210464,0.0475975200015899,0.4982273258950336,0.0,0.0144591713782556,0.1592104785428844,0.144025123574303,-0.0151853549685814,3.0,7.0,False,79.23750667572023,62.81339757144451,60.6900007724762,68.87999911978841,151.53327037096025,129.51649737358093,115.73000049591064,172.6099964324385,18.547505903244023
2725950,True,A,Monterey,0.1530359914697565,-121.705694,36.744603,5.643740323706519,1.2944694533742818,,T20,not_flooded,0.0,1.0,0.0,0.1721518987341772,0.0,-9.11246834315578,-5.805726155853756,3.3067421873020253,2.137245771428094,0.0,0.0,0.2479158136965353,0.3291082949578007,0.0811924812612653,3.0,7.0,False,79.23750667572023,62.81339757144451,60.6900007724762,68.87999911978841,151.53327037096025,129.51649737358093,115.73000049591064,172.6099964324385,18.547505903244023
2726554,True,A,Monterey,6.060109856071165,-121.687164,36.903269,16.518977130943785,0.3659456546251336,,T20,unknown,0.0,0.0,0.0044147857042603,0.2585711916093552,0.0044147857042603,-10.03592741331984,-11.372351504212174,-1.3364240908923346,-2.6486220312668927,0.0,0.0211680042871907,0.214965838248157,0.1874354733622969,-0.02753036488586,3.0,8.0,False,79.23750667572023,104.31609773635864,107.1499981880188,66.27499858662486,151.53327037096025,198.88559532165527,186.3999993801117,167.63999602384865,40.87499960139394
2726556,True,A,Monterey,2.59472337242424,-121.774053,36.882505,5.766920174909264,0.1233759249571975,,T20,flooded,0.986936681678547,1.0,0.0,0.0,0.0,-13.38298083359686,-9.45977005125988,3.92321078233698,2.172251840585199,0.0903098809985385,0.9026514360702672,0.1683881074143918,0.090988563913218,-0.0773995435011737,6.0,14.0,False,79.23750667572023,97.8693985939026,105.5799994468689,65.42499778792262,151.53327037096025,183.5908932685852,188.13999593257904,177.3949949434027,40.155001658946276
2726568,True,A,Monterey,3.397740234195094,-121.77307,36.882263,5.8922973476187135,0.2084849160313548,,T20,flooded,0.884420620437956,1.0,0.0,0.2675638686131386,0.0,-10.558194761358465,-9.643931725663036,0.9142630356954288,0.0308510908926926,0.0,0.0824817518248175,0.1888476503944961,0.0991260285551292,-0.0897216218393669,6.0,14.0,False,79.23750667572023,97.8693985939026,105.5799994468689,65.42499778792262,151.53327037096025,183.5908932685852,188.13999593257904,177.3949949434027,40.155001658946276
2726604,True,A,Monterey,12.786007509614343,-121.763004,36.883809,6.3465990185820536,0.5108030319203148,,T20,flooded,1.0,1.0,0.0,0.020836736545966,0.0,-7.284584772964538,-3.1959502756915072,4.088634497273031,3.516391469388444,0.0,0.4884653779834831,0.1631177397181311,0.0583133905907341,-0.104804349127397,3.0,7.0,False,79.23750667572023,92.34999752044678,105.48000001907349,65.42499778792262,151.53327037096025,176.18079566955566,185.13999938964844,177.3949949434027,40.055002231150866
2726547,True,A,Monterey,23.594859618117244,-121.752847,36.887581,6.920870757907932,0.954595010350068,,T20,flooded,0.6949303222758765,0.6949303222758765,0.0,0.1283231419273567,0.0,-8.800587542933046,-4.536073470153839,4.264514072779208,4.303330930160855,0.0,0.6017478479949613,0.6484874392551283,0.3267199477603579,-0.3217674914947704,2.349379330254041,7.750288683602773,True,79.23750667572023,92.34999752044678,103.6900007724762,65.42499778792262,151.53327037096025,176.18079566955566,186.11000037193295,177.3949949434027,38.265002984553576
2726581,True,A,Monterey,9.509533318953126,-121.756181,36.88345,6.423505418665475,1.009867996560165,,T20,flooded,0.9759856776661108,0.9759856776661108,0.0,0.0119705415632502,0.0,-9.161297544218714,-4.322875252737608,4.8384222914811055,4.240762357065826,0.0,0.973487406925174,0.090515766530194,0.0690158945407616,-0.0214998719894323,3.0,7.0,False,79.23750667572023,92.34999752044678,105.83999872207642,65.42499778792262,151.53327037096025,176.18079566955566,185.26999974250796,177.3949949434027,40.415000934153795
2726550,True,A,Monterey,14.249639977309704,-121.751794,36.885112,6.536406278927343,1.199261420556056,,T20,flooded,1.0,1.0,0.0,0.1586236475078312,0.0,-7.934172926248014,-6.805212291230871,1.128960635017143,3.180605921575074,0.0,0.9514867234536936,0.0967635375997671,0.0520638297290953,-0.0446997078706718,3.0,7.0,False,79.23750667572023,92.34999752044678,103.6900007724762,65.42499778792262,151.53327037096025,176.18079566955566,186.11000037193295,177.3949949434027,38.265002984553576
2727142,True,A,Monterey,2.6233783388098577,-121.739143,36.885991,8.29160551983893,2.0806786937905564,,T20,not_flooded,0.0,1.0,0.0,0.0122297897542197,0.0,-6.99501419693165,-4.52882721663463,2.46618698029702,2.0192929968953592,0.0,0.7525910571513178,0.5975415379872401,0.4931490772988163,-0.1043924606884237,3.0,7.0,False,79.23750667572023,92.34999752044678,106.46000075340272,65.42499778792262,151.53327037096025,176.18079566955566,185.6899995803833,177.3949949434027,41.0350029654801
2726570,True,A,Monterey,4.884537565446844,-121.749073,36.88201,6.821064677021086,1.6038042318940664,,T20,flooded,0.894953525564898,1.0,0.0,0.0011717574778712,0.0,-9.465968319682592,-4.108590343525586,5.357377976157007,4.710306198777088,0.0,0.9325289376593354,0.1192012609749928,0.0796705348222177,-0.039530726152775,3.0,7.0,False,79.23750667572023,92.34999752044678,105.83999872207642,65.42499778792262,151.53327037096025,176.18079566955566,185.26999974250796,177.3949949434027,40.415000934153795
2725965,True,A,Monterey,1.289428463365199,-121.666459,36.877471,66.74745241386097,1.1271843977976064,,T20,not_flooded,0.0,0.9562406465130202,0.0,0.0432804549536067,0.0,-13.799310034924751,-13.504256984477248,0.2950530504475033,-0.5276103608266602,0.3341514516611792,0.4176593834181383,0.3149635945803319,0.4762882630541737,0.1613246684738418,2.0,7.280454953606706,False,79.23750667572023,91.63209509849548,106.95999908447266,68.78499916661531,151.53327037096025,192.11849355697632,183.24999964237213,163.3999965954572,38.17499991785735
2725966,True,A,Monterey,0.2998202507983356,-121.665634,36.877504,60.236186649360704,1.1694064117686578,,T20,unknown,0.0,0.0,0.0,0.0,0.0,-10.640723354378537,-9.467520929995493,1.1732024243830423,0.0535376535653622,0.0,0.0,0.361718495625669,0.5490901990214587,0.1873717033957897,2.0,8.0,False,79.23750667572023,91.63209509849548,106.95999908447266,68.78499916661531,151.53327037096025,192.11849355697632,183.24999964237213,163.3999965954572,38.17499991785735
2725967,True,A,Monterey,0.1656770985151769,-121.665529,36.877178,56.78515908392993,1.1447735906229777,,T20,unknown,0.0,0.0,0.0,0.0,0.0,-9.14612139329903,-8.441748348614142,0.7043730446848873,0.6279681616640502,0.0,0.0,0.4987320975739169,0.6597770122303205,0.1610449146564035,2.0,8.0,False,79.23750667572023,91.63209509849548,106.95999908447266,68.78499916661531,151.53327037096025,192.11849355697632,183.24999964237213,163.3999965954572,38.17499991785735
2726539,True,A,Monterey,1.7137543728353273,-121.793505,36.862915,2.543939488837123,0.7638276480656806,,T20,flooded,0.7078727723889012,1.0,0.0,0.0,0.0,-11.842970909495554,-9.318175425909624,2.5247954835859296,1.8033656634750572,0.0004511617414843,0.0,0.3354142123357237,0.223917631555862,-0.1114965807798617,6.0,14.0,False,79.23750667572023,97.8693985939026,100.87000107765198,65.42499778792262,151.53327037096025,183.5908932685852,184.08999909460545,177.3949949434027,35.44500328972936
2726589,True,A,Monterey,2.066884493950889,-121.794034,36.86219,2.441913840038383,0.716736978941674,,T20,flooded,0.907636990149444,1.0,0.0,0.0042698228398067,0.0,-10.60173177564311,-8.76626809947532,1.8354636761677887,1.0583440567949491,0.0,0.0170043821865987,0.3371115902221722,0.1835609829956246,-0.1535506072265475,6.0,14.0,True,79.23750667572023,97.8693985939026,100.87000107765198,65.42499778792262,151.53327037096025,183.5908932685852,184.08999909460545,177.3949949434027,35.44500328972936
2725976,True,A,Monterey,0.3233868892751399,-121.718799,36.858023,28.811415765924192,0.2663133498858273,,T20,not_flooded,0.0,1.0,0.0,0.0,0.0,-10.801559266344755,-9.489084299608644,1.3124749667361133,2.1706358653166298,0.0,0.0,0.726846732760598,0.6709254104790168,-0.0559213222815812,3.0,7.0,False,79.23750667572023,96.03489470481873,99.10000038146973,65.42499778792262,151.53327037096025,189.3929944038391,170.55999755859375,177.3949949434027,33.675002593547106
2726486,True,A,Monterey,0.3928743429809,-121.719058,36.855873,39.38325102492516,0.5059985428026914,,T20,not_flooded,0.0,1.0,0.0,0.0,0.0,-12.84748993489812,-9.223402122192615,3.6240878127055023,2.438753443048689,0.0509083649431024,0.0,0.5531255953574661,0.4187817360784127,-0.1343438592790533,3.0,7.0,False,79.23750667572023,96.03489470481873,99.10000038146973,65.42499778792262,151.53327037096025,189.3929944038391,170.55999755859375,177.3949949434027,33.675002593547106
2726482,True,A,Monterey,0.1755594109468256,-121.703382,36.866347,44.55992606253249,0.6589246158821858,,T20,not_flooded,0.0,0.9615384615384616,0.0048629531388152,0.0,0.0,-11.710785156590877,-10.64565659072853,1.065128565862345,0.8220906573843401,0.0,0.0,0.5459644655070404,0.5979478254347751,0.0519833599277347,3.0,7.0,False,79.23750667572023,96.03489470481873,100.98000192642212,65.42499778792262,151.53327037096025,189.3929944038391,172.22999906539917,177.3949949434027,35.5550041384995
2726442,True,A,Monterey,3.430157398511535,-121.704895,36.858301,10.385951946666731,0.2353936579766074,,T20,not_flooded,0.0,1.0,0.0,0.0,0.0,-11.854365754728152,-10.550612040799152,1.303753713929,1.8914211394299285,0.0690635791184237,0.0402870878190805,0.1841163563655553,0.2875180121629856,0.1034016557974303,3.0,7.0,False,79.23750667572023,96.03489470481873,99.21000027656557,65.42499778792262,151.53327037096025,189.3929944038391,169.76999819278717,177.3949949434027,33.785002488642945
2726443,True,A,Monterey,3.1972397070606307,-121.70334,36.858779,6.774645788996374,0.182255031892064,,T20,not_flooded,0.0,1.0,0.0185517508972742,0.0360607236395382,0.006183916965758,-12.273466358389904,-11.7740430479862,0.4994233104037047,0.3911975467160573,0.0578863129304491,0.0603113784072169,0.2263968341050364,0.2180611882028143,-0.0083356459022221,3.0,7.0,False,79.23750667572023,96.03489470481873,99.21000027656557,65.42499778792262,151.53327037096025,189.3929944038391,169.76999819278717,177.3949949434027,33.785002488642945
2725982,True,A,Monterey,13.915307516933698,-121.796044,36.846526,9.9291534832623,1.385249004965827,,T20,unknown,0.0,0.2767406350657021,0.0003455078407989,0.2517247528504396,0.0,-9.993944424803905,-10.43377624246496,-0.4398318176610551,-0.8716145519766183,0.0,0.0154809803506347,0.2168565057770703,0.1833150882966089,-0.0335414174804614,6.0,14.0,False,79.23750667572023,85.13939964771271,94.33999967575072,65.42499778792262,151.53327037096025,163.0049946308136,174.15000095963478,177.3949949434027,28.915001887828097
2726590,True,A,Monterey,6.926150473388751,-121.751869,36.847796,15.875182576275922,0.2961118752568602,,T20,not_flooded,0.0,1.0,0.0,0.0231035638476147,0.0,-9.30413720190078,-8.968971858790049,0.3351653431107309,0.7263824247859034,0.0,0.0,0.3844756922589615,0.5526429194755997,0.1681672272166382,3.0,7.0,False,79.23750667572023,76.29919791221619,95.08000087738036,65.42499778792262,151.53327037096025,151.43509650230408,166.38000178337097,177.3949949434027,29.655003089457736
2726623,True,A,Monterey,0.6577638377849763,-121.708823,36.851381,42.64511944401557,1.0045599632453122,,T20,unknown,0.0,0.0,0.0,0.0,0.0,-4.89322374717607,-7.750344328633283,-2.857120581457213,-2.4859778699918955,0.0,0.0,0.5742844912132461,0.5123509850609146,-0.0619335061523315,3.0,6.0,False,79.23750667572023,84.8016973733902,103.60999822616576,65.42499778792262,151.53327037096025,168.91129660606384,175.35000038146973,177.3949949434027,38.18500043824314
2726559,True,A,Monterey,0.1095623210076874,-121.67048,36.849979,110.43502503413993,1.2736122858008918,,T20,not_flooded,0.0,1.0,0.0,0.0,0.0,-9.54950361509901,-9.49754355477945,0.0519600603195602,0.9630103638952844,0.0,0.0,0.4114951603431202,0.3470309948068503,-0.0644641655362699,3.0,6.0,False,79.23750667572023,92.7891993522644,100.0699977874756,68.78499916661531,151.53327037096025,183.41999793052676,173.26000118255615,163.3999965954572,31.284998620860293
2726576,True,A,Monterey,0.2539227071474774,-121.790454,36.826297,10.32889144959843,1.4569765995174608,,T20,not_flooded,0.0,1.0,0.0,0.0394939833384758,0.0,-16.92508947407597,-15.734869569081482,1.190219904994489,2.217734023393332,0.8389385991977786,0.980253008330762,0.2121689396898013,0.219471280137465,0.0073023404476636,6.0,14.0,False,79.23750667572023,85.13939964771271,87.9800009727478,65.42499778792262,151.53327037096025,163.0049946308136,165.24000042676926,177.3949949434027,22.555003184825182
2726532,True,A,Monterey,0.2246724248581074,-121.78956,36.826296,10.497737032160533,1.3925586276419704,,T20,not_flooded,0.0,1.0,0.0,0.0,0.0,-14.52390010139204,-13.998718752679672,0.5251813487123673,0.3218886867757309,0.4444444444444443,0.9505398815743644,0.2121495816380418,0.2214095297797305,0.0092599481416887,6.0,14.0,False,79.23750667572023,85.13939964771271,87.9800009727478,65.42499778792262,151.53327037096025,163.0049946308136,165.24000042676926,177.3949949434027,22.555003184825182
2726665,True,A,Monterey,9.41257250768291,-121.09542,36.098016,209.80838738341865,2.077858507256289,,T20,not_flooded,0.0,1.0,0.0,0.0,0.0,-13.0961112707664,-11.42332329524252,1.67278797552388,2.6136967047899304,0.0733955620515546,0.5777886659580121,0.3117889793526102,0.5545937928066462,0.2428048134540359,17.860658052086105,27.76680839755516,False,81.81465446949005,84.75189727335237,104.27999925613403,63.95999876316637,298.9440101146698,201.62229204177856,237.260000705719,142.79999660886824,40.320000492967665
2726514,True,A,Monterey,1.1135835660813982,-121.696077,36.81357,70.49500658490713,2.9942180256067017,,T20,not_flooded,0.0,1.0,0.0,0.0,0.0,-12.705455208424448,-11.12290207975468,1.5825531286697672,1.560027901658268,0.0,0.3271626417983159,0.3170822066753923,0.345276157779579,0.0281939511041866,3.0,6.0,False,79.23750667572023,84.8016973733902,89.99999809265137,68.78499916661531,151.53327037096025,168.91129660606384,162.97999954223633,163.3999965954572,21.21499892603606
2726507,True,A,Monterey,1.0609643621329017,-121.720289,36.80323,56.747908287886624,1.1341483566137338,,T20,unknown,0.0,0.0,0.0,0.0,0.0,-3.432348701272045,-2.111389101405053,1.3209595998669923,0.7019597128621604,0.0,0.0,0.2371857866265177,0.3164208835125352,0.0792350968860175,3.0,7.0,False,79.23750667572023,67.2044968008995,80.08999872207642,65.42499778792262,151.53327037096025,147.39299750328064,143.81000018119812,177.3949949434027,14.665000934153795
2726617,False,B,Monterey,1.2994527312567046,-121.716679,36.79995,,,2022-10-18,T20 > X,not a unit (sequence B/C),,,,,,,,,,,,,,,,,False,,,,,,,,,
2726035,True,A,Monterey,0.5723537464534156,-121.705767,36.799272,72.77254462125951,1.8203821288029172,,T20,unknown,0.0,0.0,0.0,0.0,0.0,-12.537583219407972,-11.574169761544631,0.9634134578633412,0.3786221703718979,0.0,0.3678938819707634,0.2425212924609199,0.2025753986463555,-0.0399458938145643,3.0,7.0,False,79.23750667572023,67.2044968008995,79.10000228881836,68.87999911978841,151.53327037096025,147.39299750328064,140.36999988555908,172.6099964324385,12.03300987482072
2726619,True,A,Monterey,5.720010108530923,-121.76474,36.790489,2.1319897477557403,0.3625370277738792,,T20,not_flooded,0.0,1.0,0.0,0.0034571114816773,0.0,-10.838911322931516,-9.060382689418194,1.7785286335133232,0.7985250538116837,0.0,0.0004745054974851,0.5651928442217773,0.5031892939454764,-0.0620035502763008,3.0,7.0,False,79.23750667572023,61.84649868309498,75.66000008583069,68.87999911978841,151.53327037096025,132.33949756622314,145.83000111579895,172.6099964324385,17.391007992625248
2726039,True,A,Monterey,0.1425062490994678,-121.716571,36.78579,14.579969503410776,1.1606471180462226,,T20,unknown,0.0,0.0,0.0,0.0,0.0,-12.81999394474194,-12.910595607281582,-0.0906016625396421,2.7548043359136702,0.0,0.0,0.2492620135494065,0.2849420290322183,0.0356800154828118,3.0,9.0,False,79.23750667572023,67.2044968008995,74.39999914169312,68.87999911978841,151.53327037096025,147.39299750328064,135.51999950408936,172.6099964324385,12.03300987482072
2726040,True,A,Monterey,0.1027460789865298,-121.71614,36.785362,15.002978195529645,1.2217723077806362,,T20,unknown,0.0,0.0,0.0,0.0082893745290128,0.0,-9.477315050265853,-10.632633272718234,-1.155318222452383,-0.4229357031817624,0.0,0.0,0.3138722328759713,0.3467727159321891,0.0329004830562178,3.0,9.0,False,79.23750667572023,67.2044968008995,74.39999914169312,68.87999911978841,151.53327037096025,147.39299750328064,135.51999950408936,172.6099964324385,12.03300987482072
2726041,False,B,Monterey,1.2033783711774684,-121.703611,36.787436,,,2023-01-22,T20 > X,not a unit (sequence B/C),,,,,,,,,,,,,,,,,False,,,,,,,,,
2726642,False,B,Monterey,1.28006023867596,-121.70155,36.779674,,,2022-11-20,T20 > T4,not a unit (sequence B/C),,,,,,,,,,,,,,,,,False,,,,,,,,,
2726643,False,B,Monterey,4.222138331151901,-121.70106,36.77861,,,2023-02-16,T20 > X,not a unit (sequence B/C),,,,,,,,,,,,,,,,,False,,,,,,,,,
2726646,False,B,Monterey,1.585513602288944,-121.698889,36.780521,,,2022-11-20,T20 > T4,not a unit (sequence B/C),,,,,,,,,,,,,,,,,False,,,,,,,,,
2726644,False,B,Monterey,1.9228821090694044,-121.695597,36.779468,,,2023-01-07,T20 > X,not a unit (sequence B/C),,,,,,,,,,,,,,,,,False,,,,,,,,,
2726645,True,A,Monterey,3.123466986677738,-121.695245,36.77987,49.58164804607966,1.9116020987853235,,T20,not_flooded,0.0,0.8530285770888018,0.0,0.034396513298004,0.0,-13.861956056772025,-12.798971082535909,1.062984974236116,1.499314424941165,0.2816601456094299,0.6303798722202958,0.1533944128384432,0.2374170787684495,0.0840226659300062,3.0,7.074488633549599,False,79.23750667572023,67.2044968008995,68.78000068664551,64.07499833405018,151.53327037096025,147.39299750328064,133.29000186920166,159.3199963029474,15.162508341670048
2726045,True,A,Monterey,1.114424194233843,-121.670162,36.769993,35.852033465836925,0.1260188033763719,,T20,not_flooded,0.0,1.0,0.0024391943689455,0.0,0.0,-13.935504555003682,-13.09112034693038,0.8443842080733006,1.1975626441587348,0.1262805770436964,0.7972681023067811,0.3295236386790227,0.3899580241828125,0.0604343855037898,3.0,8.0,False,79.23750667572023,69.93129867315292,65.94000053405762,64.07499833405018,151.53327037096025,132.36049795150757,122.19000005722046,159.3199963029474,15.162508341670048
2726592,True,A,Monterey,4.343516347707152,-121.704051,36.758181,17.314373932606333,0.2146577027071922,,T20,not_flooded,0.0,1.0,0.0,0.0,0.0,-7.444629286828349,-6.916972949464435,0.5276563373639132,0.0819174997182408,0.0,0.0597679366384781,0.2321229328701615,0.2420596187703868,0.0099366859002252,3.0,7.0,False,79.23750667572023,62.81339757144451,61.79999923706055,68.87999911978841,151.53327037096025,129.51649737358093,118.64000010490416,172.6099964324385,17.43750743865968
2726555,True,A,Monterey,2.274624940657674,-121.705868,36.758188,10.397220240487831,0.1613228852041184,,T20,not_flooded,0.0,1.0,0.0,0.0,0.0,-10.921923670548876,-11.114949427504076,-0.1930257569551994,1.3679030686469442,0.0,0.0,0.4458831461634158,0.5342959935915508,0.0884128474281349,3.0,7.0,False,79.23750667572023,62.81339757144451,61.79999923706055,68.87999911978841,151.53327037096025,129.51649737358093,118.64000010490416,172.6099964324385,17.43750743865968
2726046,True,A,Monterey,9.972233780814529,-121.63886,36.759225,42.12636464914939,2.5256814043180045,,T20,not_flooded,0.0,1.0,0.0069117258322837,0.0178429817605075,0.0,-11.710496781950985,-11.29855513869284,0.4119416432581442,0.3793232016448975,0.0392079115547884,0.2638195643047069,0.1298399772212061,0.2306875539224567,0.1008475767012506,3.0,7.0,False,79.23750667572023,75.66589742898941,65.23000073432922,64.07499833405018,151.53327037096025,145.40639805793762,119.18000078201294,159.3199963029474,15.162508341670048
2726047,True,A,Monterey,7.755213764884565,-121.639548,36.756107,39.86600169014425,2.5946910274340533,,T20,not_flooded,0.0,1.0,0.0,0.0318435027853063,0.0,-11.728735236761192,-11.22315317247951,0.5055820642816826,0.6887110847255649,0.0031903509386032,0.0985308383922231,0.1975060465973053,0.2485053793994043,0.050999332802099,3.0,6.678824670713779,False,79.23750667572023,75.66589742898941,65.23000073432922,64.07499833405018,151.53327037096025,145.40639805793762,119.18000078201294,159.3199963029474,15.162508341670048
2726048,True,A,Monterey,2.010212910122964,-121.638491,36.751333,38.17514538931525,2.292273337349936,,T20,not_flooded,0.0,1.0,0.0,0.1035316698656429,0.0,-13.651832913483592,-12.53399863711036,1.1178342763732338,1.3398513772972451,0.1616890595009596,0.3906333973128598,0.2579380614452078,0.3737336617456516,0.1157956003004438,3.0,6.111324376199613,False,79.23750667572023,75.66589742898941,64.54999899864197,64.07499833405018,151.53327037096025,145.40639805793762,117.36999893188477,159.3199963029474,15.162508341670048
2726049,True,A,Monterey,7.115395254502699,-121.637414,36.752118,49.766211344006194,2.23806462567196,,T20,not_flooded,0.0,1.0,0.0,0.0090695294296975,0.0,-11.10221441451347,-9.6117630344084,1.4904513801050694,0.8915508488906205,0.021634039588006,0.0510855127060514,0.1659461768963845,0.2721612481448028,0.1062150712484183,3.0,6.5716525488317385,False,79.23750667572023,75.66589742898941,64.54999899864197,64.07499833405018,151.53327037096025,145.40639805793762,117.36999893188477,159.3199963029474,15.162508341670048
2726052,False,B,Monterey,8.441938181586032,-121.6606,36.752031,,,2022-11-28,T20 > T30,not a unit (sequence B/C),,,,,,,,,,,,,,,,,False,,,,,,,,,
2726053,False,B,Monterey,10.27008670644629,-121.659287,36.751718,,,2022-11-28,T20 > T30,not a unit (sequence B/C),,,,,,,,,,,,,,,,,False,,,,,,,,,
2726527,False,B,Monterey,8.685996848492001,-121.755674,36.739651,,,2022-10-03,T20 > T4,not a unit (sequence B/C),,,,,,,,,,,,,,,,,False,,,,,,,,,
2726528,False,B,Monterey,10.657520123141207,-121.754839,36.738889,,,2022-10-18,T20 > T4,not a unit (sequence B/C),,,,,,,,,,,,,,,,,False,,,,,,,,,
2726058,False,B,Monterey,14.535335658199845,-121.639535,36.746298,,,2022-12-13,T20 > X,not a unit (sequence B/C),,,,,,,,,,,,,,,,,False,,,,,,,,,
2726059,False,B,Monterey,10.487473413836604,-121.641849,36.743575,,,2022-12-13,T20 > T30,not a unit (sequence B/C),,,,,,,,,,,,,,,,,False,,,,,,,,,
2722682,False,B,Monterey,2.5190934162535585,-121.636208,36.740705,,,2022-12-13,T20 > X,not a unit (sequence B/C),,,,,,,,,,,,,,,,,False,,,,,,,,,
2719370,False,B,Monterey,16.125817532164355,-121.637944,36.741948,,,2022-12-06,T20 > T30,not a unit (sequence B/C),,,,,,,,,,,,,,,,,False,,,,,,,,,
2727165,False,B,Monterey,1.3004818561799336,-121.634699,36.740069,,,2022-12-13,T20 > X,not a unit (sequence B/C),,,,,,,,,,,,,,,,,False,,,,,,,,,
2726566,True,A,Monterey,1.4996605113406147,-121.661462,36.72911,26.521872589274736,0.2252516838905938,,T20,not_flooded,0.0,1.0,0.0,0.0659630606860158,0.0,-9.86890309488282,-10.18883640618882,-0.3199333113060021,0.8054601074026522,0.0,0.0,0.2877331383838934,0.2161135943500012,-0.0716195440338922,3.0,6.0,False,79.23750667572023,69.93129867315292,59.6399998664856,64.07499833405018,151.53327037096025,132.36049795150757,107.30999946594238,159.3199963029474,19.597506809234623
2700801,True,A,Monterey,34.689461740358,-121.776597,36.718467,22.496828262897303,0.8572401044641312,,T20,not_flooded,0.0,1.0,0.1921287398653782,0.1356184465759057,0.0255723211971144,-15.77790785611763,-17.02686740173015,-1.2489595456125215,-1.5085914520815749,0.700383931205249,0.9708967631783604,0.1981291316832531,0.1635226804443161,-0.034606451238937,6.0,18.0,False,79.23750667572023,52.11849948763847,60.43000078201294,68.87999911978841,151.53327037096025,110.21159622073174,125.9900003671646,172.6099964324385,27.119007188081753
2726545,False,B,Monterey,9.921669325512768,-121.715169,36.71454,,,2022-10-26,T20 > T4,not a unit (sequence B/C),,,,,,,,,,,,,,,,,False,,,,,,,,,
2726277,False,B,Monterey,9.297484395996005,-121.600979,36.709865,,,2023-02-23,T20 > X,not a unit (sequence B/C),,,,,,,,,,,,,,,,,False,,,,,,,,,
2726308,False,B,Monterey,7.233105334374315,-121.59303,36.713209,,,2023-01-22,T20 > X,not a unit (sequence B/C),,,,,,,,,,,,,,,,,False,,,,,,,,,
2723985,False,B,Monterey,67.09667815531162,-121.69413,36.688929,,,2022-11-12,T20 > T30 > T4,not a unit (sequence B/C),,,,,,,,,,,,,,,,,False,,,,,,,,,
2712293,False,B,Monterey,25.74755503467185,-121.688926,36.686974,,,2022-10-18,T20 > T4 > T30,not a unit (sequence B/C),,,,,,,,,,,,,,,,,False,,,,,,,,,
2726473,False,B,Monterey,16.32423427664478,-121.685614,36.684753,,,2022-10-11,T20 > T30,not a unit (sequence B/C),,,,,,,,,,,,,,,,,False,,,,,,,,,
2726662,True,A,Monterey,3.491117875379804,-121.727676,36.674697,9.129854829817743,0.6611135725603411,,T20,flooded,0.3148123354308921,1.0,0.0646896059267193,0.1265452760298121,0.0646896059267193,-11.915229634329656,-11.64227961330552,0.2729500210241351,1.7755815844330112,0.0,0.2949747846655063,0.5969917210231358,0.445144645637639,-0.1518470753854968,3.0,7.049225688400933,True,79.23750667572023,66.03359851241112,54.72000026702881,74.6749985376373,151.53327037096025,122.2720977179706,100.40000049769878,169.58999579306692,24.517506408691418
2726253,True,A,Monterey,12.682193212174525,-121.582782,36.675239,40.96236547930008,0.2049164638762125,,T20,not_flooded,0.0,1.0,0.0350064917566938,0.0587993924695621,0.0004593224075843,-14.920774153903992,-14.649271219872938,0.2715029340310533,1.3807521815926955,0.4864775483207175,0.9144802920065652,0.0838451483390382,0.1932116684965785,0.1093665201575403,3.0,7.0,False,79.23750667572023,71.53239694237709,58.27999925613403,64.07999862823635,151.53327037096025,128.10999476909635,88.69999980926514,150.48499644175172,20.957507419586193
2726269,True,A,Monterey,2.2334280499839307,-121.55282,36.667517,40.94891326903763,1.0278789236759085,,T20,not_flooded,0.0,1.0,0.0,0.0,0.0,-13.251932579258453,-11.313518772893502,1.9384138063649488,3.0766818843096466,0.1440512677626079,0.2024589022011701,0.5983428849656247,0.6652384024003388,0.0668955174347141,4.0,9.0,False,79.23750667572023,76.20259749889374,58.58000028133392,64.07999862823635,151.53327037096025,152.93039798736572,83.10999965667725,150.48499644175172,20.657506394386303
2726573,True,A,Monterey,1.686332708274059,-121.705993,36.645829,10.502961015933556,0.3489710363197334,,T20,not_flooded,0.0,1.0,0.004365407591214,0.0986582115614373,0.0,-10.304962110371418,-11.82380361774262,-1.5188415073712012,0.0456971350344712,0.0,0.2551695616211745,0.1880160950774076,0.1458951384031113,-0.0421209566742963,2.0,7.0,False,79.23750667572023,68.59399959445,53.32000017166138,74.6749985376373,151.53327037096025,131.02819800376892,92.58999943733215,169.58999579306692,25.91750650405885
2724016,False,B,Monterey,5.836121552433025,-121.707458,36.642812,,,2022-10-11,T20 > T4,not a unit (sequence B/C),,,,,,,,,,,,,,,,,False,,,,,,,,,
2726565,False,B,Monterey,2.867301853313452,-121.706186,36.643858,,,2022-10-11,T20 > T4,not a unit (sequence B/C),,,,,,,,,,,,,,,,,False,,,,,,,,,
2726234,False,B,Monterey,7.029645858130897,-121.536126,36.650622,,,2022-10-18,T20 > T4 > T4,not a unit (sequence B/C),,,,,,,,,,,,,,,,,False,,,,,,,,,
2726537,False,B,Monterey,13.75967586012255,-121.69106,36.64059,,,2022-10-26,T20 > T30,not a unit (sequence B/C),,,,,,,,,,,,,,,,,False,,,,,,,,,
2726265,True,A,Monterey,1.3218112683285903,-121.668743,36.635322,14.5865431098523,0.5861562303764654,,T20,not_flooded,0.0,1.0,0.0,0.0,0.0,-12.060882332966235,-10.16422863958284,1.896653693383396,1.2206629015573718,0.0,0.160018715639256,0.2400701283691313,0.2463318275309316,0.0062616991618003,2.0,7.0,False,79.23750667572023,71.37129786610603,54.12000036239624,69.01499871443957,151.53327037096025,131.64919638633728,88.75,159.37999580148607,25.117506313323986
2723861,False,B,Monterey,18.7588596065037,-121.66901,36.623298,,,2022-11-03,T20 > T30 > T30,not a unit (sequence B/C),,,,,,,,,,,,,,,,,False,,,,,,,,,
2726300,False,B,Monterey,10.552974722247429,-121.670068,36.625195,,,2022-11-04,T20 > T30,not a unit (sequence B/C),,,,,,,,,,,,,,,,,False,,,,,,,,,
2726207,False,B,Monterey,10.819938289884147,-121.585266,36.621897,,,2022-10-19,T20 > T30,not a unit (sequence B/C),,,,,,,,,,,,,,,,,False,,,,,,,,,
2726083,False,B,Monterey,1.5305258581118912,-121.683427,36.62199,,,2022-11-04,T20 > T4,not a unit (sequence B/C),,,,,,,,,,,,,,,,,False,,,,,,,,,
2726503,True,A,Monterey,10.081440763675213,-121.665206,36.828604,136.53541849866875,2.716679046572468,,T20,not_flooded,0.0,1.0,0.0,0.0068725091953405,0.0,-13.464030714331512,-11.839711097019157,1.6243196173123555,1.4037351002985616,0.183868416404948,0.4980841440846503,0.2927056850504064,0.3865279720538041,0.0938222870033977,3.0,7.510876993603567,False,79.23750667572023,92.7891993522644,93.46999835968018,68.78499916661531,151.53327037096025,183.41999793052676,170.98000049591064,163.3999965954572,24.68499919306487
2726120,True,A,Monterey,0.3457781492311228,-121.700769,36.868637,51.84359960186922,0.9209445544599832,,T20,unknown,0.0,0.4599459945994599,0.0,0.0,0.0,-10.799883783559755,-9.705198413889905,1.0946853696698504,1.1092318521318152,0.0,0.0,0.4999373923956972,0.5203880761908476,0.0204506837951503,2.0,7.0,False,79.23750667572023,96.03489470481873,109.099999666214,65.42499778792262,151.53327037096025,189.3929944038391,184.22000432014465,177.3949949434027,43.67500187829138
2727190,True,A,Monterey,1.1964571820740455,-121.711174,36.775066,16.129236080214625,1.6279740335154185,,T20,unknown,0.0,0.0,0.0,0.0,0.0,-11.867634466731028,-11.114475175422468,0.7531592913085596,0.6854366945303418,0.0,0.1663737551259519,0.4402394856255416,0.5026313818514457,0.0623918962259041,3.0,7.0,False,79.23750667572023,67.2044968008995,67.13000082969666,68.87999911978841,151.53327037096025,147.39299750328064,131.63000082969666,172.6099964324385,12.107505846023571
2726593,False,B,Monterey,12.053853782823218,-121.732126,36.737576,,,2022-11-11,T20 > T4,not a unit (sequence B/C),,,,,,,,,,,,,,,,,False,,,,,,,,,
2726597,False,B,Monterey,13.033776192688972,-121.736521,36.708512,,,2022-10-03,T20 > T4 > T30,not a unit (sequence B/C),,,,,,,,,,,,,,,,,False,,,,,,,,,
2724472,False,B,Monterey,0.8723602551985927,-121.538915,36.625422,,,2022-12-06,T20 > X,not a unit (sequence B/C),,,,,,,,,,,,,,,,,False,,,,,,,,,
2726123,False,B,Monterey,4.258158109290673,-121.684454,36.616879,,,2022-10-26,T20 > T4,not a unit (sequence B/C),,,,,,,,,,,,,,,,,False,,,,,,,,,
2726629,False,B,Monterey,21.14274295658966,-121.727206,36.896279,,,2022-10-27,T20 > T30 > T30,not a unit (sequence B/C),,,,,,,,,,,,,,,,,False,,,,,,,,,
2723987,False,B,Monterey,20.66060455714797,-121.711769,36.774864,,,2023-01-06,T20 > X,not a unit (sequence B/C),,,,,,,,,,,,,,,,,False,,,,,,,,,
2714782,True,A,Monterey,54.71164351805384,-121.767953,36.857979,56.29651535452484,1.230945425235226,,T20,not_flooded,0.0,0.8555782954162664,0.008153796943423,0.0653308649733491,0.0,-14.200520413489697,-13.780661958870224,0.4198584546194723,0.6059292581777722,0.3046584633326823,0.797593065946539,0.6457132542174814,0.542445629389576,-0.1032676248279054,4.223281843117606,9.85432430060775,False,79.23750667572023,92.34999752044678,103.57000041007996,65.42499778792262,151.53327037096025,176.18079566955566,181.9000015258789,177.3949949434027,38.145002622157335
2722414,False,B,Monterey,10.744836569682606,-121.633645,36.741314,,,2022-12-06,T20 > T30,not a unit (sequence B/C),,,,,,,,,,,,,,,,,False,,,,,,,,,
2722674,False,B,Monterey,8.508643588708711,-121.7568,36.701173,,,2022-10-18,T20 > G6,not a unit (sequence B/C),,,,,,,,,,,,,,,,,False,,,,,,,,,
2722813,False,B,Monterey,21.97378339678707,-121.693813,36.787378,,,2022-10-27,T20 > X,not a unit (sequence B/C),,,,,,,,,,,,,,,,,False,,,,,,,,,
2727140,False,B,Monterey,26.322709052521468,-121.790414,36.843542,,,2022-11-10,T20 > G6,not a unit (sequence B/C),,,,,,,,,,,,,,,,,False,,,,,,,,,
2726144,True,A,Monterey,115.69689453799748,-121.770829,36.697504,32.2445744198237,1.5709221327616434,,T20,not_flooded,0.0,1.0,0.0182081531184629,0.0546888038558442,0.0015382357140128,-15.153969294606531,-14.5405874994583,0.6133817951482321,1.1796248632477866,0.5605558828635179,0.9840036890846928,0.1259863328922887,0.1773044278282526,0.0513180949359639,4.395606074925149,13.146824096211114,False,79.23750667572023,57.39879907667637,59.45000076293945,74.6749985376373,151.53327037096025,115.37749803066254,122.15000081062315,169.58999579306692,21.838707599043857
